"rownum","Id","Name","GrantedEffect","GrantedEffectHardmode","GrantedEffect2","GrantedEffect2Hardmode","SupportText","SupportName","GemTags","Consumed_ModsKey","ItemColor"
0,"Fireball","",0,"","","","","","[11,25,5,4,14,0]","",3
1,"FireballAltX","[DNT] FireballAltX",1,"","","","","","[11,25,5,4,14]","",1
2,"FireballAltY","[DNT] FireballAltY",2,"","","","","","[11,25,5,4,14,0]","",2
3,"VaalFireball","",3193,"",0,"","","","[11,25,5,4,14,24,0]","",3
4,"VaalFireballAltX","Vaal Fireball",3193,"",1,"","","","[11,25,5,4,14,24,0]","",1
5,"VaalFireballAltY","Vaal Fireball",3193,"",2,"","","","[11,25,5,4,14,24,0]","",2
6,"IceNova","",60,"","","","","","[11,25,4,14,1,38]","",3
7,"IceNovaAltX","Ice Nova of Frostbolts",61,"","","","","","[11,25,4,14,1,38]","",1
8,"IceNovaAltY","Ice Nova of Deep Freeze",62,"","","","","","[11,25,4,14,1,38]","",2
9,"Icefire","",5539,"","","","","","[11,25,4,14,5]","",3
10,"VaalIceNova","",72,"",60,"","","","[11,25,4,14,24,1,38]","",3
11,"VaalIceNovaAltX","Vaal Ice Nova",72,"",61,"","","","[11,25,4,14,24,1,38]","",1
12,"VaalIceNovaAltY","Vaal Ice Nova",72,"",62,"","","","[11,25,4,14,24,1,38]","",2
13,"LeapSlam","",102,105,"","","","","[9,25,13,14,22,35,40,7]","",3
14,"LeapSlamAltX","Leap Slam of Groundbreaking",103,"","","","","","[9,25,13,14,22,35,40,7]","",1
15,"LeapSlamAltY","[DNT] LeapSlamAltY",104,"","","","","","[9,25,13,14,22,35,40,7]","",2
16,"Riptide","",5503,"","","","","","[11,25,4,14,5,1]","",3
17,"ChargedDash","",8812,"","","","","","[10,25,22,14,30,13,2,7]","",3
18,"ChargedDashAltX","[DNT] ChargedDashAltX",8813,"","","","","","[10,25,22,14,30,13,2,7]","",1
19,"ChargedDashAltY","[DNT] ChargedDashAltY",8814,"","","","","","[10,25,22,14,30,13,2,7]","",2
20,"BladeFlurry","",5521,"","","","","","[10,25,13,14,30,7]","",3
21,"BladeFlurryAltX","Blade Flurry of Incision",5522,"","","","","","[47,10,25,13,14,30,7]","",1
22,"BladeFlurryAltY","[DNT] ChargedAttackAltY",5523,"","","","","","[10,25,13,14,30,7]","",2
23,"Sweep","",109,"","","","","","[9,25,13,14,7]","",3
24,"SweepAltX","[DNT] SweepAltX",110,"","","","","","[9,25,13,14,7]","",1
25,"SweepAltY","[DNT] SweepAltY",111,"","","","","","[9,25,13,14,7]","",2
26,"DiscorectangleSlam","",8113,"","","","","","[9,25,13,14,7]","",3
27,"VaalSweep","",113,"","","","","","[9,25,13,14,24,7]","",3
28,"WandTeleport","",5603,"","","","","","[25,4,5,22]","",3
29,"GroundSlam","",8884,"","","","","","[9,25,13,14,40,7]","",3
30,"GroundSlamAltX","Ground Slam of Earthshaking",8885,"","","","","","[9,25,13,14,40,7]","",1
31,"GroundSlamAltY","[DNT] GroundSlamAltY",8886,"","","","","","[9,25,13,14,40,7]","",2
32,"VaalGroundSlam","",8892,"",8884,"","","","[9,25,13,14,24,40,7]","",3
33,"VaalGroundSlamAltX","Vaal Ground Slam",8892,"",8885,"","","","[9,25,13,14,24,40,7]","",1
34,"VaalGroundSlamAltY","Vaal Ground Slam",8892,"",8886,"","","","[9,25,13,14,24,40,7]","",2
35,"Cleave","",175,"","","","","","[9,25,13,14,7]","",3
36,"CleaveAltX","Cleave of Rage",176,"","","","","","[9,25,13,14,7]","",1
37,"CleaveAltY","[DNT] CleaveAltY",177,"","","","","","[9,25,13,14,7]","",2
38,"ShieldCharge","",198,201,"","","","","[9,25,13,14,22,35,33,7]","",3
39,"ShieldChargeAltX","[DNT] ShieldChargeAltX",199,201,"","","","","[9,25,13,14,22,35,33,7]","",1
40,"ShieldChargeAltY","[DNT] ShieldChargeAltY",200,201,"","","","","[9,25,13,14,22,35,33,7]","",2
41,"EnduringCry","",249,"","","","","","[27,9,25,14,15]","",3
42,"DoubleStrike","",261,"","","","","","[10,25,13,7,36,33]","",3
43,"DoubleStrikeAltX","Double Strike of Impaling",262,"","","","","","[10,25,13,7,36,33]","",1
44,"DoubleStrikeAltY","Double Strike of Momentum",263,"","","","","","[10,25,13,7,36]","",2
45,"VaalDoubleStrike","",8882,"",261,"","","","[10,25,13,7,36,15,24,33]","",3
46,"VaalDoubleStrikeAltX","Vaal Double Strike",8882,"",262,"","","","[10,25,13,7,36,15,24,33]","",1
47,"VaalDoubleStrikeAltY","Vaal Double Strike",8882,"",263,"","","","[10,25,13,7,36,15,24,33]","",2
48,"Lacerate","",5577,"","","","","","[10,25,13,14,33,7]","",3
49,"LacerateAltX","Lacerate of Butchering",5578,"","","","","","[10,25,13,14,7]","",1
50,"LacerateAltY","Lacerate of Haemorrhage",5579,"","","","","","[10,25,13,14,33,7]","",2
51,"ElementalHit","",271,"","","","","","[10,25,13,7,36,0,1,2,14,45]","",3
52,"ElementalHitAltX","Elemental Hit of the Spectrum",272,"","","","","","[10,25,13,5,0,1,2,14,6]","",1
53,"ElementalHitAltY","[DNT] ElementalHitAltY",273,"","","","","","[10,25,13,7,36,0,1,2,14,45]","",2
54,"ImmortalCall","",286,"","","","","","[9,25,4,15,34]","",3
55,"VaalImmortalCall","",288,"",286,"","","","[9,25,4,15,24,34]","",3
56,"DualStrike","",293,"","","","","","[47,10,25,13,7,36]","",3
57,"DualStrikeAltX","Dual Strike of Ambidexterity",294,"","","","","","[10,25,13,7,36]","",1
58,"DualStrikeAltY","[DNT] DualStrikeAltY",295,"","","","","","[47,10,25,13,7,36]","",2
59,"WhirlingBlades","",307,310,"","","","","[10,25,13,22,35,7]","",3
60,"WhirlingBladesAltX","[DNT] WhirlingBladesAltX",308,310,"","","","","[10,25,13,22,35,7]","",1
61,"WhirlingBladesAltY","[DNT] WhirlingBladesAltY",309,310,"","","","","[10,25,13,22,35,7]","",2
62,"Frenzy","",344,"","","","","","[10,25,13,5,6]","",3
63,"FrenzyAltX","Frenzy of Onslaught",345,"","","","","","[10,25,13,7,36]","",1
64,"FrenzyAltY","[DNT] FrenzyAltY",346,"","","","","","[10,25,13,5,6]","",2
65,"DetonateDead","",352,"","","","","","[10,25,4,14,0]","",3
66,"DetonateDeadAltX","Detonate Dead of Scavenging",353,"","","","","","[10,25,4,14,0]","",1
67,"DetonateDeadAltY","Detonate Dead of Chain Reaction",354,"","","","","","[10,25,4,14,0]","",2
68,"VaalDetonateDead","",8883,"",352,"","","","[10,25,4,14,24,0]","",3
69,"VaalDetonateDeadAltX","Vaal Detonate Dead",8883,"",353,"","","","[10,25,4,14,24,0]","",1
70,"VaalDetonateDeadAltY","Vaal Detonate Dead",8883,"",354,"","","","[10,25,4,14,24,0]","",2
71,"VolatileDead","",8103,"","","","","","[10,25,4,14,0]","",3
72,"VolatileDeadAltX","Volatile Dead of Confinement",8104,"","","","","","[10,25,4,14,0,15]","",1
73,"VolatileDeadAltY","Volatile Dead of Seething",8105,"","","","","","[10,25,4,14,0]","",2
74,"Unearth","",8114,"","","","","","[10,25,4,5,14,33]","",3
75,"SplitArrow","",372,"","","","","","[10,25,13,5,6]","",3
76,"SplitArrowAltX","Split Arrow of Splitting",373,"","","","","","[10,25,13,5,6]","",1
77,"SplitArrowAltY","[DNT] SplitArrowAltY",374,"","","","","","[10,25,13,5,6]","",2
78,"SupportAddedFireDamage","",584,"","","","Supports any skill that hits enemies.","","[0,33,9,16]",14046,3
79,"SupportFasterAttacks","",585,"","","","Supports attack skills.","","[13,10,16]",14141,3
80,"SupportGreaterMultipleProjectiles","",587,"","","","Supports projectile skills.","","[10,16,5]",14085,3
81,"SupportLesserMultipleProjectiles","",589,"","","","Supports projectile skills.","","[10,16,5]",14073,3
82,"SupportFasterProjectiles","",591,"","","","Supports projectile skills.","","[10,16,5]",14061,3
83,"SupportAddedColdDamage","",593,"","","","Supports any skill that hits enemies.","","[1,10,16]",14050,3
84,"SupportAdditionalAccuracy","",595,"","","","Supports attack skills.","","[13,10,16]",14052,3
85,"SupportIncreasedAreaofEffect","",596,"","","","Supports any skill with an area of effect.","","[11,16,14]",14069,3
86,"SupportAddedLightningDamage","",598,"","","","Supports any skill that hits enemies.","","[2,11,16]",14149,3
87,"ColdSnap","",8801,"","","","","","[11,25,4,14,1,15]","",3
88,"ColdSnapAltX","Cold Snap of Power",8802,"","","","","","[47,11,25,4,14,1]","",1
89,"ColdSnapAltY","[DNT] ColdSnapAltY",8803,"","","","","","[11,25,4,14,1,15]","",2
90,"VaalColdSnap","",8810,"",8801,"","","","[11,25,4,14,15,24,1]","",3
91,"VaalColdSnapAltX","Vaal Cold Snap",8810,"",8802,"","","","[47,11,25,4,14,15,24,1]","",1
92,"VaalColdSnapAltY","Vaal Cold Snap",8810,"",8803,"","","","[11,25,4,14,15,24,1]","",2
93,"RaiseZombie","",618,"","","","","","[11,25,4,8]","",3
94,"RaiseZombieAltX","Raise Zombie of Slamming",619,"","","","","","[11,25,4,8]","",1
95,"RaiseZombieAltY","Raise Zombie of Falling",620,"","","","","","[11,25,4,8]","",2
96,"CausticArrow","",633,"","","","","","[10,25,13,5,14,15,3,6]","",3
97,"CausticArrowAltX","Caustic Arrow of Poison",634,"","","","","","[10,25,13,5,14,3,6]","",1
98,"CausticArrowAltY","[DNT] PoisonArrowAltY",635,"","","","","","[10,25,13,5,14,15,3,6]","",2
99,"DamageInfusion","",648,"","","","","","[11,25,4,14]","",3
100,"BloodRage","",649,"","","","","","[10,25,4,15,33]","",3
101,"Ignite","",653,"","","","","","[11,25,4,15,0]","",3
102,"RighteousFire","",654,"","","","","","[11,25,4,14,0]","",3
103,"RighteousFireAltX","Righteous Fire of Arcane Devotion",655,"","","","","","[11,25,4,14,0]","",1
104,"RighteousFireAltY","[DNT] RighteousFireAltY",656,"","","","","","[11,25,4,14,0]","",2
105,"VaalRighteousFire","",8900,"",654,"","","","[11,25,4,14,0,24,15]","",3
106,"VaalRighteousFireAltX","Vaal Righteous Fire",8900,"",655,"","","","[11,25,4,14,0,24,15]","",1
107,"VaalRighteousFireAltY","Vaal Righteous Fire",8900,"",656,"","","","[11,25,4,14,0,24,15]","",2
108,"FireWeapon","",700,"","","","","","[11,25,4,15,0]","",3
109,"Discharge","",701,"","","","","","[11,25,4,14,0,1,2,38]","",3
110,"DischargeAltX","Discharge of Misery",702,"","","","","","[11,25,4,14,0,1,2,38]","",1
111,"DischargeAltY","[DNT] DischargeAltY",703,"","","","","","[11,25,4,14,0,1,2,38]","",2
112,"Portal","",708,"","","","","","[29,25,4]","",3
113,"VaalPortal","",709,"",708,"","","","[29,25,4,24]","",3
114,"SupportInspiration","",710,"","","","Supports any skill. Minions, Totems, Traps and Mines cannot gain Inspiration Charges.","","[47,9,16]",14051,3
115,"SupportIncreasedCriticalStrikes","",715,"","","","Supports any skill that hits enemies.","","[47,11,16]",14086,3
116,"SupportIncreasedCriticalDamage","",717,"","","","Supports any skill that hits enemies.","","[47,11,16]",14075,3
117,"SupportKnockback","",718,"","","","Supports any skill that hits enemies.","","[9,16]",14070,3
118,"SupportLifeLeech","",720,"","","","Supports any skill that hits enemies, causing those hits to leech life based on damage dealt.","","[9,16]",14058,3
119,"SupportManaLeech","",722,"","","","Supports attack skills that hit enemies, causing those hits to leech mana based on damage dealt.","","[10,16]",14049,3
120,"SupportAddedChaosDamage","",723,"","","","Supports any skill that hits enemies.","","[3,11,16]",14150,3
121,"Backstab","",724,"","","","","","[10,25,13,7,36]","",3
122,"FlickerStrike","",725,"","","","","","[10,25,13,7,36,22,15]","",3
123,"FlickerStrikeAltX","Flicker Strike of Power",726,"","","","","","[47,10,25,13,7,36,22,15]","",1
124,"FlickerStrikeAltY","[DNT] FlickerStrikeAltY",727,"","","","","","[10,25,13,7,36,22,15]","",2
125,"VaalFlickerStrike","",735,"",725,"","","","[10,25,13,7,36,22,24,15]","",3
126,"VaalFlickerStrikeAltX","Vaal Flicker Strike",735,"",726,"","","","[47,10,25,13,7,36,22,24,15]","",1
127,"VaalFlickerStrikeAltY","Vaal Flicker Strike",735,"",727,"","","","[10,25,13,7,36,22,24,15]","",2
128,"Spark","",878,"","","","","","[11,25,4,5,15,2]","",3
129,"SparkAltX","Spark of the Nova",879,"","","","","","[11,25,4,5,15,2]","",1
130,"SparkAltY","Spark of Unpredictability",880,"","","","","","[11,25,4,5,15,2]","",2
131,"VaalSpark","",3197,"",878,"","","","[11,25,4,5,15,24,2]","",3
132,"VaalSparkAltX","Vaal Spark",3197,"",879,"","","","[11,25,4,5,15,24,2]","",1
133,"VaalSparkAltY","Vaal Spark",3197,"",880,"","","","[11,25,4,5,15,24,2]","",2
134,"SupportCastLinkedCursesOnCurse","",5492,"","","","","","[16,26]","",3
135,"SupportStun","",895,"","","","Supports any skill that hits enemies, making it easier to stun enemies with those skills.","","[9,16]",14064,3
136,"IceSpear","",897,"","","","","","[47,11,25,4,5,1]","",3
137,"IceSpearAltX","Ice Spear of Splitting",898,"","","","","","[11,25,4,5,1]","",1
138,"IceSpearAltY","[DNT] IceSpearAltY",899,"","","","","","[47,11,25,4,5,1]","",2
139,"SupportPierce","",916,"","","","Supports projectile skills.","","[10,16,5]",14140,3
140,"SupportTrap","",917,"","","","Supports spells, or attacks that use bows or wands. Instead of using that skill, you will throw a trap that will use the skill for you when an enemy walks near it. Traps cannot use channelling skills.","","[10,16,20]",14079,3
141,"RaiseSpectre","",919,"","","","","","[11,25,4,8]","",3
142,"RaiseSpectreAltX","Raise Spectre of Transience",920,"","","","","","[11,25,4,8,15]","",1
143,"RaiseSpectreAltY","[DNT] RaiseSpectreAltY",921,"","","","","","[11,25,4,8]","",2
144,"InfernalBlow","",8888,"","","","","","[9,25,13,14,7,36,0,15]","",3
145,"InfernalBlowAltX","Infernal Blow of Immolation",8889,"","","","","","[9,25,13,14,7,36,0,15]","",1
146,"InfernalBlowAltY","[DNT] InfernalBlowAltY",8890,"","","","","","[9,25,13,14,7,36,0,15]","",2
147,"GlacialHammer","",930,"","","","","","[9,25,13,7,36,1]","",3
148,"GlacialHammerAltX","Glacial Hammer of Shattering",931,"","","","","","[47,9,25,13,7,36,1]","",1
149,"GlacialHammerAltY","[DNT] GlacialHammerAltY",932,"","","","","","[9,25,13,7,36,1]","",2
150,"VaalGlacialHammer","",939,"",930,"","","","[9,25,13,7,36,15,14,24,1]","",3
151,"VaalGlacialHammerAltX","Vaal Glacial Hammer",939,"",931,"","","","[9,25,13,7,36,15,14,24,1]","",1
152,"VaalGlacialHammerAltY","Vaal Glacial Hammer",939,"",932,"","","","[9,25,13,7,36,15,14,24,1]","",2
153,"FrostWall","",950,"","","","","","[11,25,4,15,1]","",3
154,"FrostWallAltX","[DNT] FrostWallAltX",951,"","","","","","[11,25,4,15,1]","",1
155,"FrostWallAltY","[DNT] FrostWallAltY",952,"","","","","","[11,25,4,15,1]","",2
156,"FreezingPulse","",962,"","","","","","[11,25,4,5,1]","",3
157,"FreezingPulseAltX","[DNT] FreezingPulseAltX",963,"","","","","","[11,25,4,5,1]","",1
158,"FreezingPulseAltY","[DNT] FreezingPulseAltY",964,"","","","","","[11,25,4,5,1]","",2
159,"ShockNova","",978,"","","","","","[11,25,4,14,2,38]","",3
160,"ShockNovaAltX","[DNT] ShockNovaAltX",979,"","","","","","[11,25,4,14,2,38]","",1
161,"ShockNovaAltY","[DNT] ShockNovaAltY",980,"","","","","","[11,25,4,14,2,38]","",2
162,"NewShockNova","",4585,"","","","","","[11,25,4,14,2,38]","",3
163,"ViperStrike","",1016,"","","","","","[10,25,13,15,7,36,3]","",3
164,"ViperStrikeAltX","Viper Strike of the Mamba",1017,"","","","","","[10,25,13,15,7,36,3]","",1
165,"ViperStrikeAltY","[DNT] ViperStrikeAltY",1018,"","","","","","[10,25,13,15,7,36,3]","",2
166,"PhaseRun","",4943,"","","","","","[10,25,4,15,22,33,35]","",3
167,"SupportMeleePhysicalDamage","",1027,"","","","Supports melee attack skills.","","[7,33,9,16,13]",14142,3
168,"SupportItemQuantity","",1028,"","","","Supports any skill that can kill enemies.","","[9,16]",14087,3
169,"SupportItemRarity","",1030,"","","","Supports any skill that can kill enemies.","","[11,16]",14088,3
170,"SupportFasterCasting","",1031,"","","","Supports non-instant spell skills.","","[11,16,4]",14081,3
171,"ExplosiveArrow","",1033,"","","","","","[10,25,13,5,14,15,0,6]","",3
172,"ExplosiveArrowAltX","[DNT] ExplosiveArrowAltX",1034,"","","","","","[10,25,13,5,14,15,0,6]","",1
173,"ExplosiveArrowAltY","[DNT] ExplosiveArrowAltY",1035,"","","","","","[10,25,13,5,14,15,0,6]","",2
174,"TemporalChains","",1067,"","","","","","[10,25,4,14,15,17,42]","",3
175,"ElementalWeakness","",1090,"","","","","","[11,25,4,14,15,17,42]","",3
176,"WarlordsMark","",1100,"","","","","","[9,25,4,17,43]","",3
177,"Punishment","",1107,"","","","","","[9,25,4,14,15,17,42]","",3
178,"NewPunishment","",4833,"","","","","","[9,25,4,14,15,17,42]","",3
179,"Enfeeble","",1112,"","","","","","[11,25,4,14,15,17,42]","",3
180,"AssassinsMark","",1126,"","","","","","[47,11,25,4,17,43]","",3
181,"SnipersMark","",1134,"","","","","","[10,25,4,17,43]","",3
182,"Despair","",8657,"","","","","","[11,25,4,14,15,3,17,42]","",3
183,"LightningWarp","",1169,1172,"","","","","[11,25,4,14,15,22,2,35]","",3
184,"LightningWarpAltX","[DNT] LightningWarpAltX",1170,1172,"","","","","[11,25,4,14,15,22,2,35]","",1
185,"LightningWarpAltY","[DNT] LightningWarpAltY",1171,1172,"","","","","[11,25,4,14,15,22,2,35]","",2
186,"VaalLightningWarp","",1174,"",1169,"","","","[11,25,4,14,15,24,2,22,35]","",3
187,"SummonSkeletons","",1206,"","","","","","[11,25,4,8,15]","",3
188,"SummonSkeletonsAltX","Summon Skeletons of Archers",1207,"","","","","","[11,25,4,8,15]","",1
189,"SummonSkeletonsAltY","Summon Skeletons of Mages",1208,"","","","","","[11,25,4,8,15,45]","",2
190,"VaalSummonSkeletons","",1210,"",1206,"","","","[11,25,4,8,15,24]","",3
191,"VaalSummonSkeletonsAltX","Vaal Summon Skeletons",1210,"",1207,"","","","[11,25,4,8,15,24]","",1
192,"VaalSummonSkeletonsAltY","Vaal Summon Skeletons",1210,"",1208,"","","","[11,25,4,8,15,24,45]","",2
193,"HeavyStrike","",1238,"","","","","","[9,25,13,7,36]","",3
194,"HeavyStrikeAltX","[DNT] Heavy Strike of Clobbering",1239,"","","","","","[9,25,13,7,36]","",1
195,"HeavyStrikeAltY","[DNT] HeavyStrikeAltY",1240,"","","","","","[9,25,13,7,36]","",2
196,"VaalHeavyStrike","",1242,"","","","","","[9,25,13,7,36,24]","",3
197,"DominatingBlow","",1253,"","","","","","[9,25,13,8,15,7,36]","",3
198,"DominatingBlowAltX","Dominating Blow of Inspiring",1254,"","","","","","[9,25,13,8,15,7,36]","",1
199,"DominatingBlowAltY","[DNT] DominatingBlowAltY",1255,"","","","","","[9,25,13,8,15,7,36]","",2
200,"RainOfArrows","",8829,"","","","","","[10,25,13,14,5,6]","",3
201,"RainOfArrowsAltX","Rain of Arrows of Artillery",8830,"","","","","","[10,25,13,14,5,6]","",1
202,"RainOfArrowsAltY","Rain of Arrows of Saturation",8832,"","","","","","[10,25,13,14,5,6]","",2
203,"VaalRainOfArrows","",8835,"",8829,"","","","[10,25,13,14,5,24,6]","",3
204,"VaalRainOfArrowsAltX","Vaal Rain of Arrows",8835,"",8830,"","","","[10,25,13,14,5,24,6]","",1
205,"VaalRainOfArrowsAltY","Vaal Rain of Arrows",8835,"",8832,"","","","[10,25,13,14,5,24,6]","",2
206,"SupportConcentratedEffect","",1268,"","","","Supports any skill with an area of effect, regardless of whether that skill deals damage.","","[11,16,14]",14147,3
207,"SupportMinionDamage","",1270,"","","","Supports skills which create Minions.","","[11,16,8]",14074,3
208,"SupportMoreDuration","",1271,"","","","Supports any skill with a duration.","","[9,16,15]",14089,3
209,"SupportColdtoFire","",1273,"","","","Supports any skill that hits enemies.","","[1,0,9,16]",14083,3
210,"SupportCombustion","",1274,"","","","Supports any skill that hits enemies.","","[0,11,16]",14090,3
211,"SupportMinionSpeed","",1276,"","","","Supports skills which create Minions.","","[22,11,16,8]",14072,3
212,"SupportMinionLife","",1277,"","","","Supports skills which create Minions.","","[11,16,8]",14071,3
213,"SupportElementalDamageWithAttacks","",1278,"","","","Supports attack skills.","","[13,9,16]",14068,3
214,"SupportBloodlust","",4524,"","","","Supports melee attack skills, causing them to deal more damage against bleeding enemies, but preventing those skills from inflicting bleeding on enemies in any way.","","[13,33,9,16,7]",14091,3
215,"SupportLifeGainOnHit","",1279,"","","","Supports attack skills.","","[13,9,16]",14092,3
216,"Firestorm","",1280,"","","","","","[11,25,4,14,15,0]","",3
217,"FirestormAltX","Firestorm of Meteors",1281,"","","","","","[11,25,4,14,0]","",1
218,"FirestormAltY","Firestorm of Pelting",1282,"","","","","","[11,25,4,14,15,0]","",2
219,"LightningStrike","",1424,"","","","","","[10,25,13,5,7,36,2]","",3
220,"LightningStrikeAltX","Lightning Strike of Arcing",1425,"","","","","","[10,25,13,5,7,36,2,18]","",1
221,"LightningStrikeAltY","[DNT] LightningStrikeAltY",1426,"","","","","","[10,25,13,5,7,36,2]","",2
222,"VaalLightningStrike","",8817,"",1424,"","","","[10,25,13,7,36,15,24,2,5]","",3
223,"VaalLightningStrikeAltX","Vaal Lightning Strike",8817,"",1425,"","","","[10,25,13,7,36,15,24,2,5,18]","",1
224,"VaalLightningStrikeAltY","Vaal Lightning Strike",8817,"",1426,"","","","[10,25,13,7,36,15,24,2,5]","",2
225,"TempestShield","",1483,"","","","","","[11,25,4,2,18]","",3
226,"MoltenShell","",1487,"","","","","","[9,25,4,14,15,0,33,34]","",3
227,"VaalMoltenShell","",1488,"",1487,"","","","[9,25,4,14,15,0,33,24,34]","",3
228,"PowerSiphon","",1500,"","","","","","[47,11,25,13,5]","",3
229,"PowerSiphonAltX","Power Siphon of the Archmage",1501,"","","","","","[11,25,13,5,2]","",1
230,"PowerSiphonAltY","[DNT] PowerSiphonAltY",1502,"","","","","","[47,11,25,13,5]","",2
231,"VaalPowerSiphon","",1503,"",1500,"","","","[47,11,25,13,5,24]","",3
232,"VaalPowerSiphonAltX","Vaal Power Siphon",1503,"",1501,"","","","[47,11,25,13,5,24,2]","",1
233,"VaalPowerSiphonAltY","Vaal Power Siphon",1503,"",1502,"","","","[47,11,25,13,5,24]","",2
234,"Puncture","",1823,"","","","","","[10,25,13,5,15,33,6]","",3
235,"PunctureAltX","Puncture of Shanking",1824,"","","","","","[10,25,13,7,36,15,33]","",1
236,"PunctureAltY","[DNT] PunctureAltY",1825,"","","","","","[10,25,13,5,15,33,6]","",2
237,"LightningArrow","",1841,"","","","","","[10,25,13,14,5,2,6]","",3
238,"LightningArrowAltX","Lightning Arrow of Electrocution",1842,"","","","","","[10,25,13,5,2,6]","",1
239,"LightningArrowAltY","[DNT] LightningArrowAltY",1843,"","","","","","[10,25,13,14,5,2,6]","",2
240,"Haste","",1852,"","","","","","[12,10,25,4,14]","",3
241,"VaalHaste","",1858,"",1852,"","","","[12,10,25,4,14,15,24]","",3
242,"PurityOfElements","",1862,"","","","","","[12,11,25,4,14]","",3
243,"Vitality","",1864,"","","","","","[12,9,25,4,14]","",3
244,"Discipline","",1871,"","","","","","[12,11,25,4,14]","",3
245,"VaalDiscipline","",1872,"",1871,"","","","[12,11,25,4,14,15,24]","",3
246,"Grace","",1877,1878,"","","","","[12,10,25,4,14]","",3
247,"VaalGrace","",1884,"",1877,1878,"","","[12,10,25,4,14,15,24]","",3
248,"Determination","",1887,1888,"","","","","[12,9,25,4,14,33]","",3
249,"Anger","",1893,"","","","","","[12,9,25,4,14,0]","",3
250,"Hatred","",1900,"","","","","","[12,10,25,4,14,1]","",3
251,"Wrath","",1909,"","","","","","[12,11,25,4,14,2]","",3
252,"BurningArrow","",1919,"","","","","","[10,25,13,5,0,6]","",3
253,"BurningArrowAltX","Burning Arrow of Vigour",1920,"","","","","","[10,25,13,5,0,6]","",1
254,"BurningArrowAltY","[DNT] BurningArrowAltY",1921,"","","","","","[10,25,13,5,0,6]","",2
255,"VaalBurningArrow","",3203,"",1919,"","","","[10,25,13,5,14,24,0,6]","",3
256,"VaalBurningArrowAltX","Vaal Burning Arrow",3203,"",1920,"","","","[10,25,13,5,14,24,0,6]","",1
257,"VaalBurningArrowAltY","Vaal Burning Arrow",3203,"",1921,"","","","[10,25,13,5,14,24,0,6]","",2
258,"SupportElementalProliferation","",1927,"","","","Supports any skill that hits enemies, or could otherwise apply elemental ailments.","","[1,0,2,11,16,14]",14145,3
259,"SupportArrogance","",1928,"","","","Supports any non-blessing skill with a reservation.","","[12,9,16]",14053,3
260,"Clarity","",1934,"","","","","","[12,11,25,4,14]","",3
261,"VaalClarity","",1937,"",1934,"","","","[12,11,25,4,14,15,24]","",3
262,"SupportCullingStrike","",1938,"","","","Supports any skill that hits enemies. If enemies are left below 10% of maximum life after being hit by these skills, they will be killed.","","[10,16]",14093,3
263,"SupportPointBlank","",1939,"","","","Supports projectile skills.","","[5,13,10,16]",14094,3
264,"SupportIronGrip","",1941,"","","","Supports attack skills that fire projectiles, making the increase to physical melee damage from strength also increase their physical projectile damage.","","[5,33,9,16]",14095,3
265,"SupportIronWill","",1942,"","","","Supports spell skills, making the increase to physical melee damage from strength also increase their spell damage.","","[4,9,16]",14080,3
266,"SupportDamageOnFullLife","",1943,"","","","Supports attack skills, providing a bonus to all damage dealt by those skills while your life is full.","","[13,9,16]",14096,3
267,"SupportSpellTotem","",1944,"","","","Supports spell skills that are not triggered. Instead of casting that spell, you will summon a totem that casts the spell for you.","","[9,16,4,19]",14084,3
268,"SupportBlastchainMine","",1954,"","","","Supports spells, or attacks that use bows or wands. Instead of using that skill, you will throw a mine that will use the skill for you when you detonate it. Mines cannot use channelling skills.","","[11,16,21]",14062,3
269,"GemDetonateMines","",1957,"","","","","","[29,21,25,4]","",3
270,"ShockwaveTotem","",1959,"","","","","","[19,9,25,4,14,33,38]","",3
271,"ShockwaveTotemAltX","[DNT] ShockwaveTotemAltX",1960,"","","","","","[19,9,25,4,14,33,38]","",1
272,"ShockwaveTotemAltY","[DNT] ShockwaveTotemAltY",1961,"","","","","","[19,9,25,4,14,33,38]","",2
273,"RejuvenationTotem","",1971,"","","","","","[19,12,9,25,4,14]","",3
274,"IcicleMine","",10026,"","","","","","[21,47,11,25,4,5,1,12,14]","",3
275,"IcicleMineAltX","Icicle Mine of Fanning",10027,"","","","","","[21,47,11,25,4,5,1,12,14]","",1
276,"IcicleMineAltY","Icicle Mine of Sabotage",10028,"","","","","","[21,47,11,25,4,5,1,12,14]","",2
277,"ConversionTrap","",1977,"","","","","","[20,11,25,4,15]","",3
278,"BearTrap","",1978,"","","","","","[20,10,25,4,15,33]","",3
279,"BearTrapAltX","Bear Trap of Skewers",1979,"","","","","","[20,10,25,4,15,33]","",1
280,"BearTrapAltY","[DNT] BearTrapAltY",1980,"","","","","","[20,10,25,4,15,33]","",2
281,"SupportChancetoFlee","",1991,"","","","Supports any skill that hits enemies.","","[10,16]",14082,3
282,"FireTrap","",1992,"","","","","","[20,10,25,4,15,14,0]","",3
283,"FireTrapAltX","Fire Trap of Blasting",1993,"","","","","","[20,10,25,4,15,14,0]","",1
284,"FireTrapAltY","[DNT] FireTrapAltY",1994,"","","","","","[20,10,25,4,15,14,0]","",2
285,"VaalFireTrap","",1996,"","","","","","[20,10,25,4,15,14,24,0]","",3
286,"DecoyTotem","",2052,"","","","","","[19,9,25,4,14]","",3
287,"DevouringTotem","",2053,"","","","","","[19,9,25,4]","",3
288,"EtherealKnives","",2100,"","","","","","[10,25,4,5,33]","",3
289,"EtherealKnivesAltX","Ethereal Knives of Lingering Blades",2101,"","","","","","[10,25,4,5,33,15]","",1
290,"EtherealKnivesAltY","Ethereal Knives of the Massacre",2102,"","","","","","[10,25,4,5,33]","",2
291,"SupportBlind","",2133,"","","","Supports any skill that hits enemies.","","[10,16]",14076,3
292,"IceShot","",2135,"","","","","","[10,25,13,5,14,1,6]","",3
293,"IceShotAltX","Ice Shot of Penetration",2136,"","","","","","[10,25,13,5,14,1,6]","",1
294,"IceShotAltY","[DNT] IceShotAltY",2137,"","","","","","[10,25,13,5,14,1,6]","",2
295,"CreepingFrost","",2149,"","","","","","[11,25,4,5,15,14,1]","",3
296,"CreepingFrostAltX","[DNT] ArcticBreathAltX",2150,"","","","","","[11,25,4,5,15,14,1]","",1
297,"CreepingFrostAltY","[DNT] ArcticBreathAltY",2151,"","","","","","[11,25,4,5,15,14,1]","",2
298,"Arc","",2175,"","","","","","[11,25,4,18,2]","",3
299,"ArcAltX","Arc of Surging",2176,"","","","","","[11,25,4,2]","",1
300,"ArcAltY","Arc of Oscillating",2177,"","","","","","[11,25,4,18,2]","",2
301,"VaalArc","",3196,"",2175,"","","","[11,25,4,18,24,2,15]","",3
302,"VaalArcAltX","Vaal Arc",3196,"",2176,"","","","[11,25,4,18,24,2,15]","",1
303,"VaalArcAltY","Vaal Arc",3196,"",2177,"","","","[11,25,4,18,24,2,15]","",2
304,"ArcticArmour","",2202,"","","","","","[10,25,4,15,1]","",3
305,"VaalArcticArmour","",11402,"",2202,"","","","[10,25,4,15,1,24]","",3
306,"HolyFlameTotem","",2214,"","","","","","[19,9,25,4,5,0,30,33]","",3
307,"HolyFlameTotemAltX","Holy Flame Totem of Ire",2215,"","","","","","[19,9,25,4,5,0,30,33]","",1
308,"HolyFlameTotemAltY","[DNT] FlameTotemAltY",2216,"","","","","","[19,9,25,4,5,0,30,33]","",2
309,"SupportBallistaTotem","",2258,"","","","Supports any bow or wand attack skill, causing it to summon a ballista totem that uses the skill for you.","","[6,5,9,16,19]",14097,3
310,"SupportFirePenetration","",2261,"","","","Supports any skill that hits enemies, making those hits penetrate enemy fire resistance.","","[0,9,16]",14098,3
311,"SupportColdPenetration","",2262,"","","","Supports any skill that hits enemies, making those hits penetrate enemy cold resistance.","","[1,10,16]",14047,3
312,"SupportLightningPenetration","",2263,"","","","Supports any skill that hits enemies, making those hits penetrate enemy lightning resistance.","","[2,11,16]",14099,3
313,"SupportElementalPenetration","",2264,"","","","Supports any skill that hits enemies, making those hits penetrate enemy elemental resistances.","","[11,16]",14221,3
314,"SupportChain","",2265,"","","","Supports projectile skills, and any other skills that chain.","","[10,16,18,5]",14100,3
315,"SupportSplitProjectiles","",2267,"","","","","","[10,16,5]","",3
316,"SupportFork","",2268,"","","","Supports projectile skills, making their projectiles fork into two projectiles the first time they hit an enemy and don't pierce it.","","[10,16,5]",14054,3
317,"SupportReturningProjectiles","",2269,"","","","Supports projectile skills.","","[10,16,5]",14237,3
318,"Flammability","",2270,"","","","","","[11,25,4,14,15,0,17,42]","",3
319,"Frostbite","",2283,"","","","","","[11,25,4,14,15,1,17,42]","",3
320,"Conductivity","",2291,"","","","","","[11,25,4,14,15,2,17,42]","",3
321,"StormBurst","",9714,"","","","","","[14,11,25,4,2,30,15,33]","",3
322,"StormBurstAltX","[DNT] StormBurstAltX",9715,"","","","","","[14,11,25,4,2,30,15,33]","",1
323,"StormBurstAltY","[DNT] StormBurstAltY",9716,"","","","","","[14,11,25,4,2,30,15,33]","",2
324,"Incinerate","",8824,"","","","","","[11,25,4,0,30,14]","",3
325,"IncinerateAltX","Incinerate of Expanse",8825,"","","","","","[11,25,4,0,30,14]","",1
326,"IncinerateAltY","Incinerate of Venting",8826,"","","","","","[11,25,4,0,30,14]","",2
327,"Cyclone","",2387,"","","","","","[10,25,13,14,22,30,7]","",3
328,"CycloneAltX","Cyclone of Tumult",2388,"","","","","","[10,25,13,14,22,30,7]","",1
329,"CycloneAltY","[DNT] CycloneAltY",2389,"","","","","","[10,25,13,14,22,30,7]","",2
330,"VaalCyclone","",2400,"",2387,"","","","[10,25,13,14,15,24,7,22,30]","",3
331,"VaalCycloneAltX","Vaal Cyclone",2400,"",2388,"","","","[10,25,13,14,15,24,7,22,30]","",1
332,"VaalCycloneAltY","Vaal Cyclone",2400,"",2389,"","","","[10,25,13,14,15,24,7,22,30]","",2
333,"SupportMultistrike","",2446,"","","","Supports melee attack skills, making them repeat twice when used, targeting a random enemy each time. Cannot support Vaal skills, channelling skills, travel skills, retaliation skills or triggered skills.","","[13,7,9,16]",14060,3
334,"SupportSpellEcho","",2448,"","","","Supports spell skills, making them repeat when cast. Cannot support Vaal skills, totem skills, channelling skills, triggered skills, instant skills, retaliation skills, blink skills, or skills with a reservation.","","[4,11,16]",14101,3
335,"SupportMeleeSplash","",2451,"","","","Supports melee strike skills, causing their melee strike to deal splash damage around each target hit.","","[9,16,7,13,36,14]",14059,3
336,"SupportPowerChargeOnCritical","",2453,"","","","Supports any skill that hits enemies.","","[47,11,16]",14102,3
337,"SearingBond","",2454,"","","","","","[9,25,4,19,0]","",3
338,"SearingBondAltX","[DNT] SearingBondAltX",2455,"","","","","","[9,25,4,19,0]","",1
339,"SearingBondAltY","[DNT] SearingBondAltY",2456,"","","","","","[9,25,4,19,0]","",2
340,"SupportBurningDamage","",2467,"","","","Supports any skill that hits enemies, or can deal burning damage directly.","","[0,9,16]",14103,3
341,"SupportElementalArmy","",2468,"","","","Supports skills which create Minions.","","[11,16,8]",14104,3
342,"SupportHextouch","",2476,"",2477,"","Must support both a skill that hits enemies, and a hex curse skill to work. The hex will be applied when enemies are hit by the other skill. Cannot support totems, traps, or mines. Minions cannot apply hexes this way.","","[11,16,42,26]",14105,3
343,"Reave","",2513,"","","","","","[10,25,13,14,7]","",3
344,"ReaveAltX","Reave of Refraction",2514,"","","","","","[10,25,13,14,7]","",1
345,"ReaveAltY","[DNT] ReaveAltY",2515,"","","","","","[10,25,13,14,7]","",2
346,"VaalReave","",2516,"",2513,"","","","[10,25,13,14,24,7]","",3
347,"VaalReaveAltX","Vaal Reave",2516,"",2514,"","","","[10,25,13,14,24,7]","",1
348,"VaalReaveAltY","Vaal Reave",2516,"",2515,"","","","[10,25,13,14,24,7]","",2
349,"SupportCastOnCriticalStrike","",2590,"",2591,"","Must support both an attack skill and a spell skill to work. The attack skill will trigger a spell when it critically strikes an enemy. Cannot support totems, traps, or mines. Vaal skills, channelling skills, and skills with a reservation cannot be triggered.","","[47,10,16,4,26]",14065,3
350,"SupportCastonMeleeKill","",2592,"",2593,"","Must support both a melee attack skill and a spell skill to work. The attack skill will trigger a spell when it kills an enemy. Cannot support totems, traps, or mines. Vaal skills, channelling skills, and skills with a reservation cannot be triggered.","","[9,16,7,13,4,26]",14106,3
351,"SupportMultipleTraps","",2594,"","","","Supports traps skills, making them throw extra traps in a line.","","[10,16,20]",14107,3
352,"SupportEmpower","",2595,"","","","Supports any skill gem. Once this gem reaches level 2 or above, will raise the level of supported gems. Cannot support skills that don't come from gems.","","[29,48,9,16]",14108,3
353,"LightningTrap","",2610,"","","","","","[20,47,11,25,4,5,2]","",3
354,"LightningTrapAltX","Lightning Trap of Sparking",2611,"","","","","","[20,47,11,25,4,5,2]","",1
355,"LightningTrapAltY","[DNT] LightningTrapAltY",2612,"","","","","","[20,47,11,25,4,5,2]","",2
356,"VaalLightningTrap","",2614,"",2610,"","","","[20,47,11,25,4,5,15,24,2]","",3
357,"VaalLightningTrapAltX","Vaal Lightning Trap",2614,"",2611,"","","","[20,47,11,25,4,5,15,24,2]","",1
358,"VaalLightningTrapAltY","Vaal Lightning Trap",2614,"",2612,"","","","[20,47,11,25,4,5,15,24,2]","",2
359,"SmokeMine","",2654,2655,"","","","","[21,10,25,4,14,15,22,35,37]","",3
360,"SupportEnduranceChargeOnMeleeStun","",2677,"","","","Supports melee attack skills.","","[9,16,7,13]",14077,3
361,"AnimateGuardian","",2705,"","","","","","[9,25,4,8]","",3
362,"AnimateGuardianAltX","Animate Guardian of Smiting",2706,"","","","","","[9,25,4,8,2]","",1
363,"AnimateGuardianAltY","[DNT] AnimateArmourAltY",2707,"","","","","","[9,25,4,8]","",2
364,"SpectralShieldThrow","",5901,"","","","","","[10,25,13,5,33]","",3
365,"SpectralShieldThrowAltX","Spectral Shield Throw of Shattering",5902,"","","","","","[10,25,13,5,1]","",1
366,"SpectralShieldThrowAltY","[DNT] ThrownShieldProjectileAltY",5903,"","","","","","[10,25,13,5,33]","",2
367,"SpectralThrow","",2709,"","","","","","[10,25,13,5]","",3
368,"SpectralThrowAltX","Spectral Throw of Materialising",2710,"","","","","","[10,25,13,5]","",1
369,"SpectralThrowAltY","[DNT] ThrownWeaponAltY",2711,"","","","","","[10,25,13,5]","",2
370,"VaalSpectralThrow","",2718,"",2709,"","","","[10,25,13,5,24]","",3
371,"VaalSpectralThrowAltX","Vaal Spectral Throw",2718,"",2710,"","","","[10,25,13,5,24]","",1
372,"VaalSpectralThrowAltY","Vaal Spectral Throw",2718,"",2711,"","","","[10,25,13,5,24]","",2
373,"SupportSlowerProjectiles","",2782,"","","","Supports projectile skills.","","[10,16,5]",14109,3
374,"SupportLessDuration","",2783,"","","","Supports any skill that has a duration.","","[9,16,15]",14110,3
375,"SupportCastOnDeath","",2786,"","","","Each supported spell skill will be triggered when you die. Cannot support skills used by totems, traps, or mines. Vaal skills, channelling skills, and skills with a reservation cannot be triggered.","","[10,16,4,26]",14148,3
376,"SupportCastWhenDamageTaken","",2788,"","","","Each supported spell skill will track damage you take, and be triggered when the total damage taken reaches a threshold. Cannot support skills used by totems, traps, or mines. Vaal skills, channelling skills, and skills with a reservation cannot be triggered.","","[9,16,4,26]",14111,3
377,"SupportCastWhenStunned","",2789,"","","","Each supported spell skill will have a chance to be triggered when you are stunned. Cannot support skills used by totems, traps, or mines. Vaal skills, channelling skills, and skills with a reservation cannot be triggered.","","[11,16,4,26]",14066,3
378,"AnimateWeapon","",2796,"","","","","","[10,25,15,8,4,33]","",3
379,"AnimateWeaponAltX","Animate Weapon of Self Reflection",2797,"","","","","","[10,25,15,8,4]","",1
380,"AnimateWeaponAltY","Animate Weapon of Ranged Arms",2798,"","","","","","[10,25,15,8,4,33]","",2
381,"SupportEnhance","",2856,"","","","Supports any skill gem. Once this gem reaches level 2 or above, will raise the quality of supported gems. Cannot support skills that don't come from gems.","","[29,48,10,16]",14112,3
382,"PurityOfFire","",2858,"","","","","","[12,9,25,4,14,0]","",3
383,"VaalImpurityOfFire","",8301,"",2858,"","","","[12,9,25,4,14,15,24,0]","",3
384,"PurityOfIce","",2862,"","","","","","[12,10,25,4,14,1]","",3
385,"VaalImpurityOfIce","",8302,"",2862,"","","","[12,10,25,4,14,15,24,1]","",3
386,"PurityOfLightning","",2866,"","","","","","[12,11,25,4,14,2]","",3
387,"VaalImpurityOfLightning","",8303,"",2866,"","","","[12,11,25,4,14,15,24,2]","",3
388,"StormCall","",2870,"","","","","","[11,25,4,14,15,2]","",3
389,"StormCallAltX","[DNT] StormCallAltX",2871,"","","","","","[11,25,4,14,15,2]","",1
390,"StormCallAltY","[DNT] StormCallAltY",2872,"","","","","","[11,25,4,14,15,2]","",2
391,"VaalStormCall","",2883,"",2870,"","","","[11,25,4,14,15,24,2]","",3
392,"VaalStormCallAltX","Vaal Storm Call",2883,"",2871,"","","","[11,25,4,14,15,24,2]","",1
393,"VaalStormCallAltY","Vaal Storm Call",2883,"",2872,"","","","[11,25,4,14,15,24,2]","",2
394,"Flameblast","",2943,"","","","","","[11,25,4,14,0,30]","",3
395,"FlameblastAltX","Flameblast of Celerity",2944,"","","","","","[11,25,4,14,0,30]","",1
396,"FlameblastAltY","Flameblast of Contraction",2945,"","","","","","[11,25,4,14,0,30]","",2
397,"VaalFlameblast","",2946,"",2943,"","","","[11,25,4,14,24,0,30]","",3
398,"VaalFlameblastAltX","Vaal Flameblast",2946,"",2944,"","","","[11,25,4,14,24,0,30]","",1
399,"VaalFlameblastAltY","Vaal Flameblast",2946,"",2945,"","","","[11,25,4,14,24,0,30]","",2
400,"Barrage","",2996,"","","","","","[10,25,13,5,6]","",3
401,"BarrageAltX","Barrage of Volley Fire",2997,"","","","","","[10,25,13,5,6]","",1
402,"BarrageAltY","[DNT] BarrageAltY",2998,"","","","","","[10,25,13,5,6]","",2
403,"BallLightning","",2317,"","","","","","[11,25,4,5,14,2]","",3
404,"BallLightningAltX","Ball Lightning of Orbiting",2318,"","","","","","[11,25,4,5,14,2]","",1
405,"BallLightningAltY","Ball Lightning of Static",2320,"","","","","","[11,25,4,14,2,44]","",2
406,"VortexOld","",3019,"","","","","","[21,10,25,4,14,15]","",3
407,"InfernalSwarm","",3020,"","","","","","[11,25,4,18,14,0]","",3
408,"SupportViciousProjectiles","",3021,"","","","Supports projectile attack skills.","","[5,13,33,3,10,16]",14113,3
409,"SummonRagingSpirit","",3022,"","","","","","[11,25,4,8,15,0]","",3
410,"SummonRagingSpiritAltX","Summon Raging Spirit of Enormity",3023,"","","","","","[11,25,4,8,15,0]","",1
411,"SummonRagingSpiritAltY","[DNT] SummonRagingSpiritAltY",3024,"","","","","","[11,25,4,8,15,0]","",2
412,"FlameSurge","",3057,"","","","","","[11,25,4,14,0,15]","",3
413,"FlameSurgeAltX","Flame Surge of Combusting",3058,"","","","","","[11,25,4,14,0,15]","",1
414,"FlameSurgeAltY","[DNT] FlameWhipAltY",3059,"","","","","","[11,25,4,14,0,15]","",2
415,"SupportEnlighten","",3079,"","","","Supports any skill gem. Once this gem reaches level 2 or above, will apply a cost & reservation multiplier to supported gems. Cannot support skills that don't come from gems.","","[29,48,11,16]",14114,3
416,"Desecrate","",3087,"","","","","","[10,25,4,14,15,3]","",3
417,"FleshOffering","",3121,"","","","","","[8,11,25,4,15]","",3
418,"BoneOffering","",3130,"","","","","","[8,11,25,4,15]","",3
419,"SpiritOffering","",5529,"","","","","","[8,11,25,4,15]","",3
420,"GlacialCascade","",3135,"","","","","","[11,25,4,14,1,33]","",3
421,"GlacialCascadeAltX","Glacial Cascade of the Fissure",3136,"","","","","","[11,25,4,14,1,33]","",1
422,"GlacialCascadeAltY","[DNT] GlacialCascadeAltY",3137,"","","","","","[11,25,4,14,1,33]","",2
423,"SupportBlockChanceReduction","",3524,"","","","Supports any skill that hits enemies.","","[10,16,15]",14151,3
424,"MoltenStrike","",3525,"","","","","","[9,25,13,5,14,7,36,0]","",3
425,"MoltenStrikeAltX","Molten Strike of the Zenith",3526,"","","","","","[9,25,13,5,14,7,36,0]","",1
426,"MoltenStrikeAltY","[DNT] MoltenStrikeAltY",3527,"","","","","","[9,25,13,5,14,7,36,0]","",2
427,"ConvocationOld","",3555,"","","","","","[8,11,25,4,15]","",3
428,"Convocation","",3556,"","","","","","[11,25,4,15,8]","",3
429,"ComboStrike","",3560,"","","","","","[9,25,13,7,36]","",3
430,"PyroclastMine","",10020,"","","","","","[21,11,25,4,5,0,14,12,38]","",3
431,"PyroclastMineAltX","Pyroclast Mine of Sabotage",10021,"","","","","","[21,11,25,4,5,0,14,12,38]","",1
432,"PyroclastMineAltY","[DNT] FireNovaMineAltY",10022,"","","","","","[21,11,25,4,5,0,14,12,38]","",2
433,"TornadoShot","",3729,"","","","","","[10,25,13,5,6]","",3
434,"TornadoShotAltX","Tornado Shot of Cloudburst",3730,"","","","","","[10,25,13,5,6]","",1
435,"TornadoShotAltY","[DNT] TornadoShotAltY",3731,"","","","","","[10,25,13,5,6]","",2
436,"SupportGenerosity","",3764,"","","","Supports aura skills that affect you and allies, increasing the aura's effect on allies, but preventing it from affecting you at all. Cannot support curse auras, or other auras that only affect enemies. Cannot support skills used by totems. Cannot modify the skills of minions.","","[9,16,12]",14143,3
437,"HeraldOfAsh","",3765,"","","","","","[9,25,4,14,0,31,15]","",3
438,"HeraldOfIce","",3766,"","","","","","[10,25,4,14,1,31]","",3
439,"HeraldOfThunder","",3767,"","","","","","[11,25,4,14,15,2,31]","",3
440,"HeraldOfAgony","",3768,"","","","","","[10,25,4,31,8,3,33]","",3
441,"HeraldOfPurity","",3769,"","","","","","[9,25,4,31,8,15,33]","",3
442,"PoachersMark","",3777,"","","","","","[33,10,25,4,17,43]","",3
443,"LightningTendrils","",3981,"","","","","","[47,11,25,4,14,2,30]","",3
444,"LightningTendrilsAltX","Lightning Tendrils of Eccentricity",3982,"","","","","","[47,11,25,4,14,2,30]","",1
445,"LightningTendrilsAltY","Lightning Tendrils of Escalation",3983,"","","","","","[11,25,4,14,2,30]","",2
446,"LightningCircle","",4032,"","","","","","[11,25,4,14,2]","",3
447,"LightningChannel","",4079,"","","","","","[11,25,4,14,2]","",3
448,"KineticBlast","",4309,"","","","","","[11,25,13,5,14]","",3
449,"KineticBlastAltX","Kinetic Blast of Clustering",4310,"","","","","","[11,25,13,5,14,33]","",1
450,"KineticBlastAltY","[DNT] KineticBlastAltY",4311,"","","","","","[11,25,13,5,14]","",2
451,"DoryanisTouch","",2536,"","","","","","[9,25,13,14,2,40,7]","",3
452,"BlinkArrow","",4322,4326,"","","","","[10,25,13,8,15,22,35,6]","",3
453,"BlinkArrowAltX","Blink Arrow of Bombarding Clones",4323,"","","","","","[10,25,13,8,15,22,35,6]","",1
454,"BlinkArrowAltY","Blink Arrow of Prismatic Clones",4324,"","","","","","[10,25,13,8,15,22,35,45,6]","",2
455,"MirrorArrow","",4328,"","","","","","[10,25,13,8,15,22,35,6]","",3
456,"MirrorArrowAltX","Mirror Arrow of Bombarding Clones",4329,"","","","","","[10,25,13,8,15,22,35,6]","",1
457,"MirrorArrowAltY","Mirror Arrow of Prismatic Clones",4330,"","","","","","[10,25,13,8,15,22,35,45,6]","",2
458,"Swordstorm","",11532,"","","","","","[9,25,13,14,52,7]","",3
459,"Eviscerate","",11533,"","","","","","[9,25,13,14,52,33,7]","",3
460,"GlacialShieldSwipe","",11528,"","","","","","[10,25,13,14,1,33,52,7]","",3
461,"StaticStrike","",4425,"","","","","","[9,25,13,7,36,14,15,2,18]","",3
462,"StaticStrikeAltX","[DNT] StaticStrikeAltX",4426,"","","","","","[9,25,13,7,36,14,15,2,18]","",1
463,"StaticStrikeAltY","[DNT] StaticStrikeAltY",4427,"","","","","","[9,25,13,7,36,14,15,2,18]","",2
464,"SupportPhysicalToLightning","",4437,"","","","Supports any skill that hits enemies.","","[2,33,11,16]",14115,3
465,"CrushingFist","",11529,"","","","","","[9,25,13,40,14,52,7]","",3
466,"DivineRetribution","",11530,"","","","","","[11,25,4,14,2,33,52]","",3
467,"VengefulCry","",11531,"","","","","","[27,9,25,14,15,52]","",3
468,"SummonChaosGolem","",4454,"","","","","","[11,25,3,8,4,28]","",3
469,"SummonChaosGolemAltX","Summon Chaos Golem of Hordes",4455,"","","","","","[11,25,3,8,4,28]","",1
470,"SummonChaosGolemAltY","Summon Chaos Golem of the Maelström",4456,"","","","","","[11,25,3,8,4,28]","",2
471,"SummonIceGolem","",4459,"","","","","","[47,10,25,1,8,4,28]","",3
472,"SummonIceGolemAltX","Summon Ice Golem of Hordes",4460,"","","","","","[10,25,1,8,4,28]","",1
473,"SummonIceGolemAltY","Summon Ice Golem of Shattering",4461,"","","","","","[10,25,1,8,4,28]","",2
474,"SummonFlameGolem","",4464,"","","","","","[9,25,0,8,4,28]","",3
475,"SummonFlameGolemAltX","Summon Flame Golem of Hordes",4465,"","","","","","[9,25,0,8,4,28]","",1
476,"SummonFlameGolemAltY","Summon Flame Golem of the Meteor",4466,"","","","","","[9,25,0,8,4,28]","",2
477,"SummonLightningGolem","",5554,"","","","","","[11,25,2,8,4,28]","",3
478,"SummonLightningGolemAltX","Summon Lightning Golem of Hordes",5555,"","","","","","[11,25,2,8,4,28]","",1
479,"SummonLightningGolemAltY","[DNT] SummonLightningGolemAltY",5556,"","","","","","[11,25,2,8,4,28]","",2
480,"SupportBlasphemy","",4506,"","","","Supports hex curse skills, turning them into auras that will apply their effect to all enemies in an area around you.","","[11,16,42,12]",14078,3
481,"IceCrash","",4508,"","","","","","[9,25,13,14,1,40,7]","",3
482,"IceCrashAltX","Ice Crash of Cadence",4509,"","","","","","[9,25,13,14,1,40,7]","",1
483,"IceCrashAltY","[DNT] IceCrashAltY",4510,"","","","","","[9,25,13,14,1,40,7]","",2
484,"RallyingCry","",4527,"","","","","","[27,9,25,14,15]","",3
485,"InfernalCry","",4578,"",10430,"","","","[27,9,25,14,15,0,13,26,7]","",3
486,"FlameDash","",4665,4668,"","","","","[11,25,4,22,15,0,35,37]","",3
487,"FlameDashAltX","[DNT] Flame Dash of Incinerating",4666,4668,"","","","","[11,25,4,22,15,0,35,37]","",1
488,"FlameDashAltY","Flame Dash of Return",4667,"","","","","","[11,25,4,22,15,0]","",2
489,"VigilantStrike","",4713,"","","","","","[13,9,25,7,36]","",3
490,"VigilantStrikeAltX","[DNT] VigilantStrikeAltX",4714,"","","","","","[13,9,25,7,36]","",1
491,"VigilantStrikeAltY","[DNT] VigilantStrikeAltY",4715,"","","","","","[13,9,25,7,36]","",2
492,"SupportFortify","",4716,"","","","Supports melee attack skills that are not triggered.","","[13,9,16,7]",14144,3
493,"FrostBlades","",4735,"","","","","","[10,25,13,5,7,36,1]","",3
494,"FrostBladesAltX","Frost Blades of Katabasis",4736,"","","","","","[10,25,13,7,36,1,14,15]","",1
495,"FrostBladesAltY","[DNT] FrostBladesAltY",4737,"","","","","","[10,25,13,5,7,36,1]","",2
496,"SupportIceBite","",4786,"","","","Supports any skill you use to hit enemies yourself. Cannot support skills used by totems, traps, or mines.","","[1,10,16]",14048,3
497,"SupportHypothermia","",4787,"","","","Supports any skill that deals damage.","","[1,10,16]",14057,3
498,"SupportInnervate","",4788,"","","","Supports any skill you use to hit enemies yourself. Cannot support skills used by totems, traps, or mines.","","[2,11,16,15]",14055,3
499,"RollingMagma","",4790,"","","","","","[11,25,4,14,0,5,18]","",3
500,"RollingMagmaAltX","[DNT] MagmaOrbAltX",4791,"","","","","","[11,25,4,14,0,5,18]","",1
501,"RollingMagmaAltY","[DNT] MagmaOrbAltY",4792,"","","","","","[11,25,4,14,0,5,18]","",2
502,"SupportTrapAndMineDamage","",4832,"","","","Supports skills which throw Traps or Mines.","","[10,16,20,21]",14116,3
503,"WildStrike","",4855,"","","","","","[10,25,13,7,36,2,1,0,5,14,18,45]","",3
504,"WildStrikeAltX","Wild Strike of Extremes",4856,"","","","","","[10,25,13,7,36,2,1,0,5,14,18,45]","",1
505,"WildStrikeAltY","[DNT] WildStrikeAltY",4857,"","","","","","[10,25,13,7,36,2,1,0,5,14,18,45]","",2
506,"IceTrap","",4864,"","","","","","[20,10,25,4,14,1]","",3
507,"IceTrapAltX","Ice Trap of Hollowness",4865,"","","","","","[20,10,25,4,14,1]","",1
508,"IceTrapAltY","[DNT] IceTrapAltY",4866,"","","","","","[20,10,25,4,14,1]","",2
509,"BlastRain","",4953,"","","","","","[0,10,25,13,14,5,6]","",3
510,"BlastRainAltX","[DNT] BlastRainAltX",4954,"","","","","","[0,10,25,13,14,5,6]","",1
511,"BlastRainAltY","[DNT] BlastRainAltY",4955,"","","","","","[0,10,25,13,14,5,6]","",2
512,"GalvanicArrow","",4975,"","","","","","[2,10,25,13,5,14,6]","",3
513,"GalvanicArrowAltX","Galvanic Arrow of Energy",4976,"","","","","","[2,10,25,13,14,6]","",1
514,"GalvanicArrowAltY","Galvanic Arrow of Surging",4977,"","","","","","[2,10,25,13,5,14,6]","",2
515,"StaticTether","",4983,"","","","","","[11,25,4,5,14,15]","",3
516,"Bladefall","",4985,"","","","","","[10,25,4,14,33,15]","",3
517,"BladefallAltX","Bladefall of Volleys",4986,"","","","","","[47,10,25,4,14,33]","",1
518,"BladefallAltY","Bladefall of Impaling",4987,"","","","","","[47,10,25,4,14,33]","",2
519,"BladeVortex","",5000,"","","","","","[10,25,4,14,15,33]","",3
520,"BladeVortexAltX","Blade Vortex of the Scythe",5001,"","","","","","[10,25,4,14,15,33]","",1
521,"BladeVortexAltY","[DNT] BladeVortexAltY",5002,"","","","","","[10,25,4,14,15,33]","",2
522,"VaalBladeVortex","",8819,"",5000,"","","","[47,10,25,4,14,15,24,33]","",3
523,"VaalBladeVortexAltX","Vaal Blade Vortex",8819,"",5001,"","","","[47,10,25,4,14,15,24,33]","",1
524,"VaalBladeVortexAltY","Vaal Blade Vortex",8819,"",5002,"","","","[47,10,25,4,14,15,24,33]","",2
525,"NewNewBladeVortex","",5900,"","","","","","[47,10,25,4,14,15,33]","",3
526,"FrostBomb","",5025,"","","","","","[11,25,4,14,15,1,44]","",3
527,"FrostBombAltX","Frost Bomb of Instability",5026,"","","","","","[11,25,4,14,15,1]","",1
528,"FrostBombAltY","Frost Bomb of Forthcoming",5027,"","","","","","[11,25,4,14,15,1]","",2
529,"SiegeBallista","",4848,"","","","","","[10,25,13,5,19,6]","",3
530,"SiegeBallistaAltX","Siege Ballista of Splintering",4849,"","","","","","[10,25,13,5,19,6]","",1
531,"SiegeBallistaAltY","[DNT] SiegeBallistaAltY",4850,"","","","","","[10,25,13,5,19,6]","",2
532,"OrbOfStorms","",5055,"","","","","","[2,11,25,4,14,18,44]","",3
533,"OrbOfStormsAltX","[DNT] OrbOfStormsAltX",5056,"","","","","","[2,11,25,4,14,18,44]","",1
534,"OrbOfStormsAltY","[DNT] OrbOfStormsAltY",5057,"","","","","","[2,11,25,4,14,18,44]","",2
535,"SummonStoneGolem","",5099,"","","","","","[9,25,8,4,28,33]","",3
536,"SummonStoneGolemAltX","Summon Stone Golem of Hordes",5100,"","","","","","[9,25,8,4,28,33]","",1
537,"SummonStoneGolemAltY","Summon Stone Golem of Safeguarding",5101,"","","","","","[9,25,8,4,28,33]","",2
538,"RighteousLightning","",5132,"","","","","","[11,25,4,14,2]","",3
539,"Earthquake","",5135,"","","","","","[9,25,13,14,15,40,7]","",3
540,"EarthquakeAltX","Earthquake of Amplification",5136,"","","","","","[9,25,13,14,15,40,7]","",1
541,"EarthquakeAltY","[DNT] EarthquakeAltY",5137,"","","","","","[9,25,13,14,15,40,7]","",2
542,"SupportCriticalStrikeAffliction","",5167,"","","","Supports any skill that hits enemies.","","[47,10,16]",14117,3
543,"Contagion","",5169,"","","","","","[11,25,4,14,15,3]","",3
544,"ContagionAltX","Contagion of Subsiding",5170,"","","","","","[11,25,4,14,15,3]","",1
545,"ContagionAltY","Contagion of Transference",5171,"","","","","","[11,25,4,14,15,3]","",2
546,"Wither","",5174,"","","","","","[11,25,4,14,15,3,30]","",3
547,"Blight","",5495,"","","","","","[11,25,4,3,14,30,15]","",3
548,"BlightAltX","Blight of Contagion",5496,"","","","","","[11,25,4,3,14,30,15]","",1
549,"BlightAltY","Blight of Atrophy",5497,"","","","","","[11,25,4,3,14,30,15]","",2
550,"EssenceDrain","",5182,"","","","","","[11,25,4,5,15,3,14]","",3
551,"EssenceDrainAltX","Essence Drain of Desperation",5183,"","","","","","[11,25,4,5,15,3,14]","",1
552,"EssenceDrainAltY","Essence Drain of Wickedness",5184,"","","","","","[11,25,4,5,15,3,14]","",2
553,"ShadowBlades","",5196,"","","","","","[10,25,4,5]","",3
554,"SupportVoidManipulation","",5205,"","","","Supports any skill that deals damage.","","[3,10,16]",14118,3
555,"SupportControlledDestruction","",5206,"","","","Supports attack skills, or spell skills that deal damage.","","[4,47,11,16]",14146,3
556,"SupportSwiftAffliction","",5207,"","","","Supports any skill that has a duration, or can hit enemies to inflict ailments on them.","","[10,16,15]",14119,3
557,"SupportClusterTraps","",5216,"","","","Supports traps skills, making them throw extra traps randomly around the targeted location.","","[20,10,16]",14120,3
558,"AncestralProtector","",5217,"","","","","","[9,25,13,19,7,36]","",3
559,"AncestralProtectorAltX","[DNT] MeleeTotemAltX",5218,"","","","","","[9,25,13,19,7,36]","",1
560,"AncestralProtectorAltY","[DNT] MeleeTotemAltY",5219,"","","","","","[9,25,13,19,7,36]","",2
561,"AncestorTotemSlash","",5571,"","","","","","[9,25,13,19,14,7]","",3
562,"AncestralWarchief","",5572,"","","","","","[9,25,13,19,14,40,7]","",3
563,"AncestralWarchiefAltX","[DNT] AncestralWarchiefAltX",5573,"","","","","","[9,25,13,19,14,40,7]","",1
564,"AncestralWarchiefAltY","[DNT] AncestralWarchiefAltY",5574,"","","","","","[9,25,13,19,14,40,7]","",2
565,"Sunder","",10446,"","","","","","[9,25,13,14,40,7]","",3
566,"SunderAltX","Sunder of Earthbreaking",10447,"","","","","","[9,25,13,14,40,7]","",1
567,"SunderAltY","[DNT] SunderAltY",10448,"","","","","","[9,25,13,14,40,7]","",2
568,"FrostBolt","",5436,"","","","","","[11,25,4,5,1]","",3
569,"FrostBoltAltX","[DNT] FrostBoltAltX",5437,"","","","","","[11,25,4,5,1]","",1
570,"FrostBoltAltY","[DNT] FrostBoltAltY",5438,"","","","","","[11,25,4,5,1]","",2
571,"Vortex","",5463,"","","","","","[11,25,4,14,1,15,38]","",3
572,"VortexAltX","Vortex of Projection",5464,"","","","","","[11,25,4,14,1,15,38]","",1
573,"VortexAltY","[DNT] FrostBoltNovaAltY",5465,"","","","","","[11,25,4,14,1,15,38]","",2
574,"SupportElementalFocus","",5493,"","","","Supports any skill that hits or burns enemies, or inflicts elemental ailments.","","[11,16]",14121,3
575,"SupportMinefield","",5494,"","","","Supports skills which throw mines.","","[11,16,21]",14122,3
576,"SupportAdvancedTraps","",5509,"","","","Supports skills which throw traps.","","[20,10,16]",14123,3
577,"DoomArrow","",5535,"","","","","","[10,25,13,14,6]","",3
578,"ElementalProjectiles","",5586,"","","","","","[11,25,4,14]","",3
579,"DarkPact","",5589,"","","","","","[8,11,25,4,14,18,3,38]","",3
580,"DarkPactAltX","[DNT] DarkPactAltX",5590,"","","","","","[8,11,25,4,14,18,3,38]","",1
581,"DarkPactAltY","[DNT] DarkPactAltY",5591,"","","","","","[8,11,25,4,14,18,3,38]","",2
582,"ScorchingRay","",5688,"","","","","","[11,25,4,0,15,30]","",3
583,"ScorchingRayAltX","Scorching Ray of Immolation",5689,"","","","","","[11,25,4,0,15,30]","",1
584,"ScorchingRayAltY","[DNT] FireBeamAltY",5690,"","","","","","[11,25,4,0,15,30]","",2
585,"SupportCastWhileChannelling","",6074,"",6076,"","Must support both a channelling skill and a non-channelling spell skill to work. The channelling skill will trigger a spell periodically while channelling. Cannot support skills used by totems, traps, or mines. Vaal skills and skills with a reservation cannot be triggered.","","[11,16,30,4,26]",14124,3
586,"SupportVaalSoulHarvesting","",6197,"","","","","",[16],"",3
587,"SummonSkeletonsChannelled","",6201,"","","","","","[11,25,4,8,15,30]","",3
588,"SupportIgniteProliferation","",6495,"","","","Supports any skill that hits enemies.","","[0,11,16,14]",14125,3
589,"SupportChancetoBleed","",6496,"","","","Supports attack skills.","","[13,33,9,16]",14126,3
590,"SupportChancetoPoison","",6498,"","","","Supports any skill that hits enemies.","","[3,10,16]",14056,3
591,"SupportDeadlyAilments","",6499,"","","","Supports any skill that hits enemies.","","[10,16]",14127,3
592,"SupportLesserReducedManaCost","",7237,"","","","","","[9,16]","",3
593,"SupportDecay","",7285,"","","","Supports any skill that hits enemies.","","[3,11,16]",14128,3
594,"SupportEfficacy","",7286,"","","","Supports any skill that deals damage or has a duration.","","[11,16,15]",14129,3
595,"SupportVileToxins","",7287,"","","","Supports any skill that hits enemies.","","[10,16]",14067,3
596,"SupportMaim","",7288,"","","","Supports attack skills, or other skills that can maim enemies.","","[13,33,9,16]",14130,3
597,"SupportImmolate","",7290,"","","","Supports any skill that hits enemies.","","[0,11,16]",14131,3
598,"SupportUnboundAilments","",7291,"","","","Supports any skill that hits enemies or inflicts ailments","","[11,16]",14132,3
599,"SupportBrutality","",7292,"","","","Supports any skill that deals damage.","","[33,9,16]",14133,3
600,"SupportRuthless","",7818,"","","","Supports melee strike or slam skills. Every third time you use a supported attack, that use of the skill will be more powerful.","","[40,9,16,7,13,36]",14134,3
601,"SupportMomentum","",7819,"","","","Supports attack skills that aren't triggered.","","[13,10,16,15]",14135,3
602,"SupportArcaneSurge","",7820,"","","","Each supported spell will track how much mana you spend on it, granting a buff when the total mana spent reaches a threshold. Cannot support skills used by totems, traps, mines or skills with a reservation.","","[46,11,16,4,15]",14136,3
603,"InfernalSweep","",8153,"","","","","","[9,25,13,14,0,7]","",3
604,"Cremation","",8155,"","","","","","[10,25,4,14,0,15,5,44]","",3
605,"CremationAltX","Cremation of Exhuming",8156,"","","","","","[10,25,4,14,0,15,5,44]","",1
606,"CremationAltY","Cremation of the Volcano",8157,"","","","","","[10,25,4,14,0,15,5,44]","",2
607,"Bodyswap","",8216,"","","","","","[11,25,22,4,14,0,35]","",3
608,"BodyswapAltX","Bodyswap of Sacrifice",8217,"","","","","","[11,25,22,4,14,0,35,8]","",1
609,"BodyswapAltY","[DNT] CorpseWarpAltY",8218,"","","","","","[11,25,22,4,14,0,35]","",2
610,"SpectralSpinningWeapon","",8254,"","","","","","[10,25,4,5,30,14]","",3
611,"TectonicSlam","",8315,"","","","","","[0,9,25,13,14,40,7]","",3
612,"TectonicSlamAltX","Tectonic Slam of Cataclysm",8316,"","","","","","[0,9,25,13,14,40,7]","",1
613,"TectonicSlamAltY","[DNT] TectonicSlamAltY",8317,"","","","","","[0,9,25,13,14,40,7]","",2
614,"SupportInfusedChannelling","",8375,"","","","Supports any channelling skill, protecting you from damage while you channel it. Cannot modify the skills of minions.","","[11,16,30]",14152,3
615,"SupportVolley","",8376,"","","","Supports skills that fire projectiles from the user. Does not affect projectiles fired from other locations as secondary effects. Does not support skills that fire projectiles in a spiral.","","[10,16,5]",14153,3
616,"SupportSpellCascade","",8378,"","","","Supports spell skills that apply an effect to an area around a targeted location. Cannot support Vaal skills or skills used by totems, traps, or mines. Cannot modify the skills of minions.","","[14,4,11,16]",14155,3
617,"SupportAncestralCall","",8380,"","","","Supports melee strike skills, causing them to also strike at extra targets simultaneously. The extra targets must be a minimum distance from the user. If supporting a minion attack skill, the minion's skills will not also strike extra targets. Cannot support Vaal skills or triggered skills.","","[9,16,7,13,36]",14156,3
618,"SupportSummonPhantasm","",8382,"","","","Supports skills that can hit enemies, or create minions. When those skills or minions kill enemies, or hit rare or unique enemies they will have a chance to summon a Phantasm minion, which uses a piercing projectile spell that deals physical damage.","","[11,16,8]",14157,3
619,"SupportMirageArcher","",8414,"","","","Supports attack skills that can be used with bows. Supported skills can only be used with bows. Cannot support Vaal skills, minion skills, movement skills, or skills used by totems, traps, or mines.","","[6,13,10,16,15]",14158,3
620,"Vulnerability","",1139,"","","","","","[9,25,4,14,15,17,33,42]","",3
621,"CaptureMonster","",8769,"","","","","","[29,25]","",3
622,"ExplosiveTrap","",8781,"","","","","","[20,10,25,4,14,0,33]","",3
623,"ExplosiveTrapAltX","Explosive Trap of Shrapnel",8782,"","","","","","[20,10,25,4,14,0,33]","",1
624,"ExplosiveTrapAltY","Explosive Trap of Magnitude",8783,"","","","","","[20,10,25,4,14,33]","",2
625,"SiphoningTrap","",8794,"","","","","","[20,11,25,4,15,14,1]","",3
626,"SiphoningTrapAltX","[DNT] IceSiphonTrapAltX",8795,"","","","","","[20,11,25,4,15,14,1]","",1
627,"SiphoningTrapAltY","[DNT] IceSiphonTrapAltY",8796,"","","","","","[20,11,25,4,15,14,1]","",2
628,"FlamethrowerTrap","",8784,"","","","","","[20,10,25,4,15,14,0]","",3
629,"FlamethrowerTrapAltX","[DNT] FlamethrowerTrapAltX",8785,"","","","","","[20,10,25,4,15,14,0]","",1
630,"FlamethrowerTrapAltY","[DNT] FlamethrowerTrapAltY",8786,"","","","","","[20,10,25,4,15,14,0]","",2
631,"LightningSpireTrap","",8789,"","","","","","[20,47,11,25,4,15,14,2]","",3
632,"LightningSpireTrapAltX","Lightning Spire Trap of Zapping",8790,"","","","","","[20,11,25,4,15,14,2]","",1
633,"LightningSpireTrapAltY","Lightning Spire Trap of Overloading",8791,"","","","","","[20,11,25,4,15,14,2]","",2
634,"SeismicTrap","",8798,"","","","","","[20,10,25,4,15,14,33]","",3
635,"SeismicTrapAltX","Seismic Trap of Swells",8799,"","","","","","[20,10,25,4,14,33]","",1
636,"SeismicTrapAltY","[DNT] PhysCascadeTrapAltY",8800,"","","","","","[20,10,25,4,15,14,33]","",2
637,"VaalFleshOffering","",8811,"",3121,"","","","[11,25,4,15,8,24]","",3
638,"VaalEarthquake","",8936,"",5135,"","","","[9,25,13,14,15,24,40,7]","",3
639,"VaalEarthquakeAltX","Vaal Earthquake",8936,"",5136,"","","","[9,25,13,14,15,24,40,7]","",1
640,"VaalEarthquakeAltY","Vaal Earthquake",8936,"",5137,"","","","[9,25,13,14,15,24,40,7]","",2
641,"VaalBlight","",8818,"",5495,"","","","[11,25,4,3,14,15,24,38,30]","",3
642,"VaalBlightAltX","Vaal Blight",8818,"",5496,"","","","[11,25,4,3,14,15,24,38,30]","",1
643,"VaalBlightAltY","Vaal Blight",8818,"",5497,"","","","[11,25,4,3,14,15,24,38,30]","",2
644,"SupportChargedTraps","",8839,"","","","Supports skills which throw traps.","","[47,10,16,20]",14159,3
645,"SupportChargedMines","",10057,"","","","Supports skills which throw mines.","","[47,11,16,21]",14177,3
646,"VaalAncestralWarchief","",8895,"",5572,"","","","[9,25,13,19,14,24,7,40]","",3
647,"VaalAncestralWarchiefAltX","Vaal Ancestral Warchief",8895,"",5573,"","","","[9,25,13,19,14,24,7,40]","",1
648,"VaalAncestralWarchiefAltY","Vaal Ancestral Warchief",8895,"",5574,"","","","[9,25,13,19,14,24,7,40]","",2
649,"ConsecratedPath","",8937,"","","","","","[0,9,25,13,14,22,15,40,7]","",3
650,"ConsecratedPathAltX","Consecrated Path of Endurance",8938,"","","","","","[0,9,25,13,14,22,15,40,7]","",1
651,"ConsecratedPathAltY","[DNT] ConsecratedPathAltY",8939,"","","","","","[0,9,25,13,14,22,15,40,7]","",2
652,"Smite","",8942,"","","","","","[2,9,25,13,14,15,7,36,12]","",3
653,"SmiteAltX","Smite of Divine Judgement",8943,"","","","","","[2,9,25,13,14,7,36]","",1
654,"SmiteAltY","[DNT] SmiteAltY",8944,"","","","","","[2,9,25,13,14,15,7,36,12]","",2
655,"ScourgeArrow","",9072,"","","","","","[10,25,13,5,30,3,6]","",3
656,"ScourgeArrowAltX","Scourge Arrow of Menace",9073,"","","","","","[10,25,13,5,3,6]","",1
657,"ScourgeArrowAltY","[DNT] ScourgeArrowAltY",9074,"","","","","","[10,25,13,5,30,3,6]","",2
658,"ToxicRain","",9081,"","","","","","[10,25,13,14,3,15,5,6]","",3
659,"ToxicRainAltX","Toxic Rain of Sporeburst",9082,"","","","","","[10,25,13,14,3,15,5,6]","",1
660,"ToxicRainAltY","Toxic Rain of Withering",9083,"","","","","","[10,25,13,14,3,15,5,6]","",2
661,"SummonHolyRelic","",9090,"","","","","","[11,25,8,4]","",3
662,"SummonHolyRelicAltX","Summon Holy Relic of Conviction",9091,"","","","","","[11,25,8,4]","",1
663,"SummonHolyRelicAltY","[DNT] SummonRelicAltY",9092,"","","","","","[11,25,8,4]","",2
664,"SupportWitheringTouch","",9220,"","","","Supports attack skills.","","[3,33,13,10,16,15]",14160,3
665,"SupportBonechill","",9250,"","","","Supports any skill that can chill enemies or create chilling areas.","","[1,11,16]",14161,3
666,"WinterOrb","",9279,"","","","","","[1,11,25,4,30,14,15,5,44]","",3
667,"WinterOrbAltX","[DNT] WinterOrbAltX",9280,"","","","","","[1,11,25,4,30,14,15,5,44]","",1
668,"WinterOrbAltY","[DNT] WinterOrbAltY",9281,"","","","","","[1,11,25,4,30,14,15,5,44]","",2
669,"RendingSteel","",9291,"","","","","","[9,25,13,14,33,7]","",3
670,"LancingSteel","",9292,"","","","","","[10,25,13,5,33]","",3
671,"LancingSteelAltX","Lancing Steel of Spraying",9293,"","","","","","[10,25,13,5]","",1
672,"LancingSteelAltY","[DNT] LancingSteelAltY",9294,"","","","","","[10,25,13,5,33]","",2
673,"StormBrand","",9295,"","","","","","[2,11,25,4,14,18,15,32]","",3
674,"StormBrandAltX","Storm Brand of Indecision",9296,"","","","","","[2,11,25,4,14,18,15,32]","",1
675,"StormBrandAltY","[DNT] StormBrandAltY",9297,"","","","","","[2,11,25,4,14,18,15,32]","",2
676,"WarBanner","",9301,"","","","","","[9,25,14,4,15,12,33,39]","",3
677,"DreadBanner","",9302,"","","","","","[9,25,14,4,15,12,39]","",3
678,"ShatteringSteel","",9313,"","","","","","[10,25,13,5,14,33]","",3
679,"ShatteringSteelAltX","Shattering Steel of Ammunition",9314,"","","","","","[10,25,13,5,14,33,15]","",1
680,"ShatteringSteelAltY","[DNT] ShatteringSteelAltY",9315,"","","","","","[10,25,13,5,14,33]","",2
681,"SupportMultipleTotems","",9317,"","","","Supports skills which summon totems.","","[19,9,16]",14162,3
682,"ArmageddonBrand","",9344,"","","","","","[11,25,4,14,0,15,32]","",3
683,"ArmageddonBrandAltX","Armageddon Brand of Volatility",9345,"","","","","","[11,25,4,14,0,15,32]","",1
684,"ArmageddonBrandAltY","Armageddon Brand of Recall",9346,"","","","","","[11,25,4,14,0,15,32]","",2
685,"BrandRecall","",9348,"","","","","","[32,11,25,4]","",3
686,"PurifyingFlame","",9641,"","","","","","[0,11,25,4,14,15,33]","",3
687,"PurifyingFlameAltX","Purifying Flame of Revelations",9642,"","","","","","[0,11,25,4,14,15,33]","",1
688,"PurifyingFlameAltY","[DNT] SanctifyAltY",9643,"","","","","","[0,11,25,4,14,15,33]","",2
689,"Soulrend","",9649,"","","","","","[3,11,25,4,14,15,5]","",3
690,"SoulrendAltX","Soulrend of Reaping",9650,"","","","","","[3,11,25,4,5]","",1
691,"SoulrendAltY","Soulrend of the Spiral",9651,"","","","","","[3,11,25,4,14,15,5]","",2
692,"Bane","",9701,"",9704,"","","","[3,26,11,25,4,14,15,42]","",3
693,"BaneAltX","Bane of Condemnation",9702,"",9705,"","","","[3,26,11,25,4,14,15,42]","",1
694,"BaneAltY","[DNT] DarkRitualAltY",9703,"",9704,"","","","[3,26,11,25,4,14,15,42]","",2
695,"SupportEnergyLeech","",9711,"","","","Supports any skill that hits enemies, causing those hits to leech energy shield based on damage dealt.","","[11,16]",14163,3
696,"WaveOfConviction","",9706,"","","","","","[0,2,11,25,4,14,15,33]","",3
697,"WaveOfConvictionAltX","[DNT] PurgeAltX",9707,"","","","","","[0,2,11,25,4,14,15,33]","",1
698,"WaveOfConvictionAltY","[DNT] PurgeAltY",9708,"","","","","","[0,2,11,25,4,14,15,33]","",2
699,"Zealotry","",9712,"","","","","","[12,47,11,25,4,14]","",3
700,"DivineIre","",9717,"","","","","","[2,11,25,4,14,30,33]","",3
701,"DivineIreAltX","Divine Ire of Holy Lightning",9718,"","","","","","[2,11,25,4,14,30,33]","",1
702,"DivineIreAltY","Divine Ire of Disintegration",9719,"","","","","","[2,11,25,4,14,30,33]","",2
703,"Malevolence","",9721,"","","","","","[12,11,25,4,14]","",3
704,"HandcastRapidFireSupport","",9723,"","","","","","[11,16]","",3
705,"SupportIntensify","",9805,"","","","Supports spell skills that you cast yourself. Cannot support triggered skills, Vaal skills, instant skills, channelling skills, skills with a reservation or which create minions, or skills used by totems, traps, or mines.","","[14,4,11,16]",14164,3
706,"SupportUnleash","",9806,"","","","Supports spell skills, making their effect reoccur when cast. Cannot support skills with cooldowns, triggered skills, Brand skills, Vaal skills, channelling skills, skills with a reservation, or skills used by totems, traps, or mines. Cannot modify the skills of minions.","","[4,11,16]",14165,3
707,"QuickGuard","",9829,"","","","","","[9,25,4,15,34]","",3
708,"BoneArmour","",10011,"","","","","","[11,25,4,15,34,8]","",3
709,"Dash","",9832,9833,"","","","","[10,25,4,22,35,37]","",3
710,"QuickBlock","",9838,"","","","","","[9,25,13,15,14,7,6]","",3
711,"Replicate","",9839,"",9840,"","","","[26,10,25,8,4,15]","",3
712,"Bladestorm","",9841,"","","","","","[9,25,13,14,15,7]","",3
713,"BladestormAltX","Bladestorm of Uncertainty",9842,"","","","","","[9,25,13,14,15,7]","",1
714,"BladestormAltY","[DNT] BladestormAltY",9843,"","","","","","[9,25,13,14,15,7]","",2
715,"BloodAndSand","",9845,"","","","","","[29,9,25,4,41]","",3
716,"Berserk","",9847,"","","","","","[9,25,4]","",3
717,"Perforate","",9848,"","","","","","[9,25,13,14,40,7]","",3
718,"PerforateAltX","Perforate of Duality",9849,"","","","","","[9,25,13,14,40,7]","",1
719,"PerforateAltY","Perforate of Bloodshed",9850,"","","","","","[33,9,25,13,14,40,7]","",2
720,"ChainHook","",9852,"","","","","","[9,25,13,14,22,7]","",3
721,"ChainHookAltX","[DNT] Chain Hook of Pulling",9853,"","","","","","[9,25,13,14,7]","",1
722,"ChainHookAltY","[DNT] ChainHookAltY",9854,"","","","","","[9,25,13,14,22,7]","",2
723,"Blitz","",9857,"","","","","","[9,25,13,7,36,33]","",3
724,"SupportCloseCombat","",9859,"","","","Supports melee attack skills. Cannot support skills which create minions.","","[10,16,7,13,15]",14169,3
725,"SupportShockwave","",9860,"",9861,"","Supports melee attack skills. Cannot support triggered attacks, attacks used by things other than you, or skills which create minions.","","[9,16,7,13,25,14]",14170,3
726,"Frostblink","",9864,9867,"","","","","[11,25,4,22,15,1,35,37,14]","",3
727,"FrostblinkAltX","Frostblink of Wintry Blast",9865,"","","","","","[11,25,4,22,1,35,14]","",1
728,"FrostblinkAltY","[DNT] FrostblinkAltY",9866,9867,"","","","","[11,25,4,22,15,1,35,37,14]","",2
729,"Precision","",9809,"","","","","","[12,47,10,25,4,14]","",3
730,"FleshAndStone","",9889,"","","","","","[9,25,4,12,14,41,33]","",3
731,"SupportImpale","",9890,"","","","Supports attack skills.","","[13,33,10,16]",14166,3
732,"SliceAndDice","",9891,"","","","","","[9,25,13,7,36,33]","",3
733,"Pride","",9892,"","","","","","[9,25,4,14,12,33]","",3
734,"SupportPulverise","",9922,"","","","Supports melee attack skills.","","[14,9,16,7,13]",14167,3
735,"SupportRage","",9957,"","","","Supports melee attack skills. Minions cannot gain rage.","","[9,16,7,13]",14168,3
736,"CobraLash","",9998,"","","","","","[10,25,13,5,3]","",3
737,"CobraLashAltX","[DNT] CobraLashAltX",9999,"","","","","","[10,25,13,5,3]","",1
738,"CobraLashAltY","[DNT] CobraLashAltY",10000,"","","","","","[10,25,13,5,3]","",2
739,"SummonCarrionGolem","",10002,"","","","","","[11,25,33,8,4,28]","",3
740,"SummonCarrionGolemAltX","Summon Carrion Golem of Hordes",10003,"","","","","","[11,25,33,8,4,28]","",1
741,"SummonCarrionGolemAltY","Summon Carrion Golem of Scavenging",10004,"","","","","","[11,25,33,8,4,28]","",2
742,"WitheringStep","",10009,"","","","","","[10,25,35,14,3,22,37,4,15]","",3
743,"PlagueBearer","",10010,"","","","","","[10,25,4,3,14]","",3
744,"SupportFeedingFrenzy","",10012,"","","","Supports skills which create Minions.","","[11,16,8,15]",14171,3
745,"SupportPredator","",10013,"",10014,"","Supports skills which create Minions.","","[11,16,8,25,4,15]",14173,3
746,"SerpentStrike","",10015,"","","","","","[10,25,13,7,36,22]","",3
747,"SupportNightblade","",10017,"","","","Supports attack skills. Cannot support skills which create minions.","","[13,47,10,16]",14174,3
748,"SupportMeatShield","",10018,"","","","Supports skills which create Minions.","","[11,16,8]",14172,3
749,"CoilingAssault","",10019,"","","","","","[10,25,13,22,5]","",3
750,"StormblastMine","",10023,"","","","","","[21,11,25,4,14,2,12,38]","",3
751,"StormblastMineAltX","[DNT] StormblastMineAltX",10024,"","","","","","[21,11,25,4,14,2,12,38]","",1
752,"StormblastMineAltY","[DNT] StormblastMineAltY",10025,"","","","","","[21,11,25,4,14,2,12,38]","",2
753,"SummonSkitterbots","",10029,"","","","","","[20,21,11,25,4,8,1,2,14,12]","",3
754,"SupportHighImpactMine","",10046,"","","","Supports spells, or attacks that use bows or wands. Instead of using that skill, you will throw a mine that will use the skill for you when you detonate it. Mines cannot use channelling skills.","","[21,11,16,14,12]",14063,3
755,"SupportInfernalLegion","",10047,"","","","Supports skills which create Minions.","","[0,14,11,16,8]",14175,3
756,"PestilentStrike","",10049,"","","","","","[10,25,13,7,36,14,15,3]","",3
757,"PestilentStrikeAltX","[DNT] PestilentStrikeAltX",10050,"","","","","","[10,25,13,7,36,14,15,3]","",1
758,"PestilentStrikeAltY","[DNT] PestilentStrikeAltY",10051,"","","","","","[10,25,13,7,36,14,15,3]","",2
759,"VenomGyre","",10052,"","","","","","[10,25,13,5,3,15]","",3
760,"VenomGyreAltX","[DNT] VenomGyreAltX",10053,"","","","","","[10,25,13,5,3,15]","",1
761,"VenomGyreAltY","[DNT] VenomGyreAltY",10054,"","","","","","[10,25,13,5,3,15]","",2
762,"SupportSwiftAssembly","",10058,"","","","Supports skills which throw Traps or Mines.","","[10,16,20,21]",14176,3
763,"ShrapnelBallista","",10067,"","","","","","[10,25,13,5,19,6]","",3
764,"ShrapnelBallistaAltX","Shrapnel Ballista of Steel",10068,"","","","","","[10,25,13,5,19,33,6]","",1
765,"ShrapnelBallistaAltY","[DNT] ShrapnelBallistaAltY",10069,"","","","","","[10,25,13,5,19,6]","",2
766,"SupportArrowNova","",10070,"","","","Supports bow attack skills that fire arrows forwards as projectiles. These skills will instead fire a payload arrow into the air to land at a targeted location. The supported skills' arrows will then fire out in a circle from where it lands. Cannot support skills that already fire arrows into the air, channelled skills, or skills that create Minions.","","[6,13,10,16,5]",14138,3
767,"SupportBarrage","",10072,"","","","Supports projectile attack skills that use bows or wands. Cannot support triggered skills, channelled skills, or skills that create Minions.","","[6,13,10,16,5]",14137,3
768,"EnsnaringArrow","",10073,"","","","","","[10,25,13,5,14,6]","",3
769,"EnsnaringArrowAltX","[DNT] EnsnaringArrowAltX",10074,"","","","","","[10,25,13,5,14,6]","",1
770,"EnsnaringArrowAltY","[DNT] EnsnaringArrowAltY",10075,"","","","","","[10,25,13,5,14,6]","",2
771,"ArtilleryBallista","",10082,"","","","","","[10,25,13,19,14,0,5,6]","",3
772,"ArtilleryBallistaAltX","Artillery Ballista of Cross Strafe",10083,"","","","","","[10,25,13,19,14,0,5,6]","",1
773,"ArtilleryBallistaAltY","Artillery Ballista of Focus Fire",10084,"","","","","","[10,25,13,19,14,0,5,6]","",2
774,"SupportGreaterVolley","",9299,"","","","Supports skills that fire projectiles from the user. Does not affect projectiles fired from other locations as secondary effects. Does not support skills that fire projectiles in a spiral.","","[10,16,5]",14154,3
775,"SupportAwakenedAddedFireDamage","",10086,"","","","Supports any skill that hits enemies.","","[0,33,51,9,16]",14178,3
776,"SupportAwakenedAncestralCall","",10087,"","","","Supports melee strike skills, causing them to also strike at extra targets simultaneously. The extra targets must be a minimum distance from the user. If supporting a minion attack skill, the minion's skills will not also strike extra targets. Cannot support Vaal skills or triggered skills.","","[51,9,16,7,13,36]",14179,3
777,"SupportAwakenedBrutality","",10088,"","","","Supports any skill that deals damage.","","[33,51,9,16]",14180,3
778,"SupportAwakenedBurningDamage","",10089,"","","","Supports any skill that hits enemies, or can deal burning damage directly.","","[0,51,9,16]",14181,3
779,"SupportAwakenedElementalDamageWithAttacks","",10090,"","","","Supports attack skills.","","[13,51,9,16]",14182,3
780,"SupportAwakenedFirePenetration","",10091,"","","","Supports any skill that hits enemies, making those hits penetrate enemy fire resistance.","","[0,51,9,16]",14183,3
781,"SupportAwakenedGenerosity","",10092,"","","","Supports aura skills that affect you and allies, increasing the aura's effect on allies, but preventing it from affecting you at all. Cannot support curse auras, or other auras that only affect enemies. Cannot support skills used by totems. Cannot modify the skills of minions.","","[51,9,16,12]",14184,3
782,"SupportAwakenedMeleePhysicalDamage","",10093,"","","","Supports melee attack skills.","","[7,33,51,9,16,13]",14185,3
783,"SupportAwakenedMeleeSplash","",10094,"","","","Supports melee strike skills, causing their melee strike to deal splash damage around each target hit.","","[51,9,16,7,13,36,14]",14186,3
784,"SupportAwakenedMultistrike","",10095,"","","","Supports melee attack skills, making them repeat three times when used, targeting a random enemy each time. Cannot support Vaal skills, channelling skills, travel skills, retaliation skills or triggered skills.","","[13,7,51,9,16]",14187,3
785,"SupportAwakenedAddedColdDamage","",10096,"","","","Supports any skill that hits enemies.","","[1,51,10,16]",14188,3
786,"SupportAwakenedArrowNova","",10097,"","","","Supports bow attack skills that fire arrows forwards as projectiles. These skills will instead fire a payload arrow into the air to land at a targeted location. The supported skills' arrows will then fire out in a circle from where it lands. Cannot support skills that already fire arrows into the air, channelled skills, or skills that create Minions.","","[6,13,51,10,16,5]",14189,3
787,"SupportAwakenedCastOnCriticalStrike","",10098,"",10099,"","Must support both an attack skill and a spell skill to work. The attack skill will trigger a spell when it critically strikes an enemy. Cannot support totems, traps, or mines. Vaal skills, channelling skills, and skills with a reservation cannot be triggered.","","[47,51,10,16,4,26]",14190,3
788,"SupportAwakenedChain","",10100,"","","","Supports projectile skills, and any other skills that chain.","","[51,10,16,18,5]",14191,3
789,"SupportAwakenedColdPenetration","",10101,"","","","Supports any skill that hits enemies, making those hits penetrate enemy cold resistance.","","[1,51,10,16]",14192,3
790,"SupportAwakenedDeadlyAilments","",10102,"","","","Supports any skill that hits enemies.","","[51,10,16]",14193,3
791,"SupportAwakenedFork","",10103,"","","","Supports projectile skills, making their projectiles fork into two projectiles the first two times they hit an enemy and don't pierce it.","","[51,10,16,5]",14194,3
792,"SupportAwakenedGreaterMultipleProjectiles","",10104,"","","","Supports projectile skills.","","[51,10,16,5]",14195,3
793,"SupportAwakenedSwiftAffliction","",10105,"","","","Supports any skill that has a duration, or can hit enemies to inflict ailments on them.","","[51,10,16,15]",14196,3
794,"SupportAwakenedVoidManipulation","",10106,"","","","Supports any skill that deals damage.","","[3,51,10,16]",14197,3
795,"SupportAwakenedViciousProjectiles","",10107,"","","","Supports projectile attack skills.","","[5,13,33,3,51,10,16]",14198,3
796,"SupportAwakenedAddedChaosDamage","",10108,"","","","Supports any skill that hits enemies.","","[3,51,11,16]",14199,3
797,"SupportAwakenedAddedLightningDamage","",10109,"","","","Supports any skill that hits enemies.","","[2,51,11,16]",14200,3
798,"SupportAwakenedBlasphemy","",10110,"","","","Supports hex curse skills, turning them into auras that will apply their effect to all enemies in an area around you.","","[51,11,16,42,12]",14201,3
799,"SupportAwakenedCastWhileChannelling","",10111,"",10112,"","Must support both a channelling skill and a non-channelling spell skill to work. The channelling skill will trigger a spell periodically while channelling. Cannot support skills used by totems, traps, or mines. Vaal skills and skills with a reservation cannot be triggered.","","[51,11,16,30,4,26]",14202,3
800,"SupportAwakenedControlledDestruction","",10113,"","","","Supports attack skills, or spell skills that deal damage.","","[4,47,51,11,16]",14203,3
801,"SupportAwakenedHextouch","",10114,"",10115,"","Must support both a skill that hits enemies, and a hex curse skill to work. The hex will be applied when enemies are hit by the other skill. Cannot support totems, traps, or mines. Minions cannot apply hexes this way.","","[51,11,16,42,26]",14204,3
802,"SupportAwakenedElementalFocus","",10116,"","","","Supports any skill that hits or burns enemies, or inflicts elemental ailments.","","[51,11,16]",14205,3
803,"SupportAwakenedIncreasedAreaofEffect","",10117,"","","","Supports any skill with an area of effect.","","[51,11,16,14]",14206,3
804,"SupportAwakenedLightningPenetration","",10118,"","","","Supports any skill that hits enemies, making those hits penetrate enemy lightning resistance.","","[2,51,11,16]",14207,3
805,"SupportAwakenedMinionDamage","",10119,"","","","Supports skills which create Minions.","","[51,11,16,8]",14208,3
806,"SupportAwakenedSpellCascade","",10120,"","","","Supports spell skills that apply an effect to an area around a targeted location. Cannot support Vaal skills or skills used by totems, traps, or mines. Cannot modify the skills of minions.","","[14,4,51,11,16]",14209,3
807,"SupportAwakenedSpellEcho","",10121,"","","","Supports spell skills, making them repeat when cast. Cannot support Vaal skills, totem skills, channelling skills, triggered skills, instant skills, retaliation skills, blink skills, or skills with a reservation.","","[4,51,11,16]",14210,3
808,"SupportAwakenedUnboundAilments","",10122,"","","","Supports any skill that hits enemies or inflicts ailments","","[51,11,16]",14211,3
809,"SupportAwakenedUnleash","",10123,"","","","Supports spell skills, making their effect reoccur when cast. Cannot support skills with cooldowns, triggered skills, Brand skills, Vaal skills, channelling skills, skills with a reservation, or skills used by totems, traps, or mines. Cannot modify the skills of minions.","","[4,51,11,16]",14212,3
810,"SupportAwakenedEmpower","",2596,"","","","Supports any skill gem. Once this gem reaches level 2 or above, will raise the level of supported gems. Cannot support skills that don't come from gems.","","[29,48,51,9,16]",14213,3
811,"SupportAwakenedEnlighten","",3080,"","","","Supports any skill gem. Once this gem reaches level 2 or above, will apply a cost & reservation multiplier to supported gems. Cannot support skills that don't come from gems.","","[29,48,51,11,16]",14214,3
812,"SupportAwakenedEnhance","",2857,"","","","Supports any skill gem. Once this gem reaches level 2 or above, will raise the quality of supported gems. Cannot support skills that don't come from gems.","","[29,48,51,10,16]",14215,3
813,"ArcaneCloak","",10191,"","","","","","[11,25,4,15,34,2,46]","",3
814,"ProjectilePortal","",10192,"","","","","","[10,25,4,15]","",3
815,"StormBind","",10193,"",10196,"","","","[11,25,4,14,30,2,15,46]","",3
816,"StormBindAltX","Stormbind of Teleportation",10194,"",10197,"","","","[11,25,4,14,30,2,15,46,22,35,37]","",1
817,"StormBindAltY","[DNT] StormBindAltY",10195,"",10196,"","","","[11,25,4,14,30,2,15,46]","",2
818,"KineticBolt","",10198,"","","","","","[11,25,13,5]","",3
819,"KineticBoltAltX","Kinetic Bolt of Fragmentation",10199,"","","","","","[11,25,13,5]","",1
820,"KineticBoltAltY","[DNT] KineticBoltAltY",10200,"","","","","","[11,25,13,5]","",2
821,"BladeBlast","",10201,"","","","","","[10,25,4,14,33]","",3
822,"BladeBlastAltX","Blade Blast of Unloading",10202,"","","","","","[10,25,4,14,33,38]","",1
823,"BladeBlastAltY","Blade Blast of Dagger Detonation",10203,"","","","","","[10,25,4,14,33,38]","",2
824,"BloodWhirl","",10205,"","","","","","[10,25,13,14,22,30,33,7]","",3
825,"Spellslinger","",10207,"",10206,"","Supports spell skills that have no reservation. Cannot support skills used by totems, traps or mines. Cannot modify the skills of minions.","Spellslinger Support","[26,11,25,4]","",3
826,"SupportArchmage","",10208,"","","","Supports spell skills that deal damage with hits and have no reservation. Cannot support arcane skills, Brand skills, Orb skills, Vaal skills, or skills used by totems, traps or mines. Cannot modify the skills of minions.","","[2,46,11,16,4]",14217,3
827,"SupportSecondWind","",10348,"","","","Supports skills with cooldowns.\nCannot support triggered skills.","","[10,16]",14216,3
828,"BrandSupport","",10426,"",10425,"","Supports spell skills that have no reservation. Cannot support skills used by totems, traps or mines. Cannot modify the skills of minions.","Arcanist Brand Support","[26,11,25,4,15,32]","",3
829,"IntimidatingCry","",8711,"","","","","","[27,9,25,14,15,33]","",3
830,"SeismicCry","",10428,"","","","","","[27,9,25,14,15]","",3
831,"AncestralCry","",10429,"","","","","","[27,9,25,14,15]","",3
832,"PenanceBrand","",10431,"","","","","","[11,25,4,14,33,2,15,32]","",3
833,"PenanceBrandAltX","Penance Brand of Dissipation",10432,"","","","","","[11,25,4,14,33,2,15,32]","",1
834,"PenanceBrandAltY","Penance Brand of Conduction",10433,"","","","","","[11,25,4,14,33,2,15,32]","",2
835,"WintertideBrand","",10434,"","","","","","[11,25,4,14,1,15,32]","",3
836,"WintertideBrandAltX","[DNT] WintertideBrandAltX",10435,"","","","","","[11,25,4,14,1,15,32]","",1
837,"WintertideBrandAltY","[DNT] WintertideBrandAltY",10436,"","","","","","[11,25,4,14,1,15,32]","",2
838,"Earthshatter","",10437,"","","","","","[9,25,13,14,40,15,7]","",3
839,"EarthshatterAltX","Earthshatter of Fragility",10438,"","","","","","[9,25,13,14,40,15,7]","",1
840,"EarthshatterAltY","Earthshatter of Prominence",10439,"","","","","","[9,25,13,14,40,15,7]","",2
841,"GeneralsCry","",10440,"",10443,"","Supports melee attack skills. Those skills will be used by Mirage Warriors summoned by General's Cry. Supported skills cannot be supported by Multistrike.","General's Cry Support","[27,9,25,14,15]","",3
842,"GeneralsCryAltX","[DNT] GeneralsCryAltX",10441,"",10443,"","Supports melee attack skills. Those skills will be used by Mirage Warriors summoned by General's Cry. Supported skills cannot be supported by Multistrike.","General's Cry Support","[27,9,25,14,15]","",1
843,"GeneralsCryAltY","[DNT] GeneralsCryAltY",10442,"",10443,"","Supports melee attack skills. Those skills will be used by Mirage Warriors summoned by General's Cry. Supported skills cannot be supported by Multistrike.","General's Cry Support","[27,9,25,14,15]","",2
844,"SupportFistofWar","",10451,"","","","Supports slam skills, providing a powerful boost when they're used, with a delay before they can be boosted again. Cannot support Vaal skills or triggered skills. Cannot modify the skills of minions. Only skills you use yourself can receive the boost.","","[40,13,7,14,9,16]",14219,3
845,"SupportSwiftbrand","",10457,"","","","Supports skills which create brands.","","[32,11,16]",14220,3
846,"SupportUrgentOrders","",10468,"","","","Supports warcry skills.","","[27,9,16]",14218,3
847,"BlazingSalvo","",10605,"","","","","","[11,25,4,14,0,5]","",3
848,"BlazingSalvoAltX","[DNT] Blazing Salvo of Wildfire",10606,"","","","","","[11,25,4,14,0,5]","",1
849,"BlazingSalvoAltY","[DNT] BlazingSalvoAltY",10607,"","","","","","[11,25,4,14,0,5]","",2
850,"VoidSphere","",10612,"","","","","","[11,25,4,14,15,33,3,44]","",3
851,"VoidSphereAltX","Void Sphere of Rending",10613,"","","","","","[11,25,4,14,15,33,3,44]","",1
852,"VoidSphereAltY","[DNT] VoidSphereAltY",10614,"","","","","","[11,25,4,14,15,33,3,44]","",2
853,"CracklingLance","",10617,"","","","","","[11,25,4,14,2]","",3
854,"CracklingLanceAltX","Crackling Lance of Branching",10618,"","","","","","[11,25,4,14,2]","",1
855,"CracklingLanceAltY","Crackling Lance of Disintegration",10619,"","","","","","[11,25,4,14,2]","",2
856,"FrostShield","",10621,"","","","","","[47,11,25,4,14,15,1]","",3
857,"SplittingSteel","",10623,"","","","","","[10,25,13,5,14,33]","",3
858,"SplittingSteelAltX","Splitting Steel of Ammunition",10624,"","","","","","[10,25,13,5,14,33]","",1
859,"SplittingSteelAltY","[DNT] SplittingSteelAltY",10625,"","","","","","[10,25,13,5,14,33]","",2
860,"SigilOfPower","",10626,"","","","","","[11,25,4,14,15,2,46]","",3
861,"FlameWall","",10627,"","","","","","[11,25,4,14,15,0]","",3
862,"FlameWallAltX","[DNT] Flame Wall of Forking",10628,"","","","","","[11,25,4,14,15,0]","",1
863,"FlameWallAltY","[DNT] Flame Wall of Surging",10629,"","","","","","[11,25,4,14,15,0]","",2
864,"SupportImpendingDoom","",10638,"",10640,"","Supports hex curse skills, causing them to trigger Doom Blast when the hex ends. Cannot support curse skills which are triggered or applied as an aura.","","[11,16,42,25,4,14,3,26]",14222,3
865,"Hexblast","",10651,"","","","","","[11,25,4,14,3,42]","",3
866,"HexblastAltX","Hexblast of Contradiction",10652,"","","","","","[11,25,4,14,3,42]","",1
867,"HexblastAltY","Hexblast of Havoc",10653,"","","","","","[11,25,4,14,3,42]","",2
868,"SupportPinpoint","",10654,"","","","Supports projectile spells you cast yourself. Cannot support triggered skills, Vaal skills, instant skills, channelling skills, skills with a reservation or which create minions, or skills used by totems, traps, or mines.","","[11,16,5,4]",24208,3
869,"OilArrow","",10843,"","","","","","[10,25,13,5,14,15,0,6]","",3
870,"Hydrosphere","",10844,"","","","","","[11,25,4,14,15,1,44,2,33]","",3
871,"HydrosphereAltX","[DNT] HydrosphereAltX",10845,"","","","","","[11,25,4,14,15,1,44,2,33]","",1
872,"HydrosphereAltY","[DNT] HydrosphereAltY",10846,"","","","","","[11,25,4,14,15,1,44,2,33]","",2
873,"SupportTrinity","",10849,"","","","Supports skills that hit enemies, causing them to gain bonuses while you have resonance of all three elements, and to grant resonance of elements other than the highest one in a hit. There is a maximum of 50 Resonance for each Element. Cannot support triggered skills, instant skills, orb skills, brands, skills with a reservation, or skills used by totems, traps, or mines. Cannot modify the skills of minions.","","[11,16]",24355,3
874,"DeathAura","",6372,"","","","","","[25,4,14,12,3,26]","",3
875,"Envy","",6018,"","","","","","[11,25,4,14,12,3]","",3
876,"GluttonyOfElements","",4701,"","","","","","[25,4,14,15,24,12]","",3
877,"BlindingAura","",8777,"","","","","","[25,4,14,12,26]","",3
878,"Exsanguinate","",10971,"","","","","","[9,25,4,18,33,15]","",3
879,"ExsanguinateAltX","Exsanguinate of Transmission",10972,"","","","","","[9,25,4,18,33,15]","",1
880,"ExsanguinateAltY","[DNT] ExsanguinateAltY",10973,"","","","","","[9,25,4,18,33,15]","",2
881,"CorruptingFever","",10979,"","","","","","[9,25,4,15,33]","",3
882,"SupportBloodthirst","",10985,"","","","Supports attack skills. Cannot support triggered skills, skills which create minions, or skills used by totems, traps or mines.","","[13,33,9,16]",14223,3
883,"Reap","",10999,"","","","","","[9,25,4,33,14,15]","",3
884,"ReapAltX","[DNT] BloodreapAltX",11000,"","","","","","[9,25,4,33,14,15]","",1
885,"ReapAltY","[DNT] BloodreapAltY",11001,"","","","","","[9,25,4,33,14,15]","",2
886,"PetrifiedBlood","",11040,"","","","","","[9,25,4]","",3
887,"SupportCruelty","",11041,"","","","Supports any skill that hits enemies. Minions cannot gain Cruelty.","","[9,16,15]",14224,3
888,"SupportLifetap","",11057,"","","","Supports any non-blessing skill. Minions cannot gain the Lifetap buff.","","[9,16,15]",14225,3
889,"BladeFlurryRoyale","",5524,"","","","","","[10,25,13,14,30,7]","",3
890,"CycloneRoyale","",2390,"","","","","","[10,25,13,14,22,30,7]","",3
891,"DualStrikeRoyale","",296,"","","","","","[47,10,25,13,7,36]","",3
892,"LacerateRoyale","",5580,"","","","","","[10,25,13,14,33,7]","",3
893,"BladestormRoyale","",9844,"","","","","","[9,25,13,14,15,7]","",3
894,"ChainHookRoyale","",9855,"","","","","","[9,25,13,14,22,7]","",3
895,"EarthquakeRoyale","",5138,"","","","","","[9,25,13,14,15,40,7]","",3
896,"AncestralProtectorRoyale","",5220,"","","","","","[9,25,13,19,7,36]","",3
897,"AncestralWarchiefRoyale","",5575,"","","","","","[9,25,13,19,14,40,7]","",3
898,"GeneralsCryRoyale","",10444,"",10445,"","Supports melee attack skills. Those skills will be used by Mirage Warriors summoned by General's Cry. Supported skills cannot be supported by Multistrike.","General's Cry Support","[27,9,25,14,15]","",3
899,"LeapSlamRoyale","",106,"","","","","","[9,25,13,14,22,35,40,7]","",3
900,"ShieldChargeRoyale","",202,"","","","","","[9,25,13,14,22,35,33,7]","",3
901,"ChargedDashRoyale","",8815,"","","","","","[10,25,22,14,30,13,2,7]","",3
902,"GlacialHammerRoyale","",933,"","","","","","[9,25,13,7,36,1]","",3
903,"IceCrashRoyale","",4511,"","","","","","[9,25,13,14,1,40,7]","",3
904,"MoltenStrikeRoyale","",3528,"","","","","","[9,25,13,5,14,7,36,0]","",3
905,"SmiteRoyale","",8945,"","","","","","[2,9,25,13,14,15,7,36,12]","",3
906,"SpectralShieldThrowRoyale","",5904,"","","","","","[10,25,13,5,33]","",3
907,"SpectralThrowRoyale","",2712,"","","","","","[10,25,13,5]","",3
908,"VenomGyreRoyale","",10055,"","","","","","[10,25,13,5,3,15]","",3
909,"WhirlingBladesRoyale","",311,"","","","","","[10,25,13,22,35,7]","",3
910,"PunctureRoyale","",1826,"","","","","","[10,25,13,5,15,33,6]","",3
911,"RainOfArrowsRoyale","",8833,"","","","","","[10,25,13,14,5,6]","",3
912,"ScourgeArrowRoyale","",9075,"","","","","","[10,25,13,5,30,3,6]","",3
913,"ToxicRainRoyale","",9084,"","","","","","[10,25,13,14,3,15,5,6]","",3
914,"BlinkArrowRoyale","",4327,"","","","","","[10,25,13,8,15,22,35,6]","",3
915,"EnsnaringArrowRoyale","",10076,"","","","","","[10,25,13,5,14,6]","",3
916,"BlastRainRoyale","",4956,"","","","","","[0,10,25,13,14,5,6]","",3
917,"ElementalHitRoyale","",274,"","","","","","[10,25,13,7,36,0,1,2,14,45]","",3
918,"BladeBlastRoyale","",10204,"","","","","","[10,25,4,14,33]","",3
919,"BladeVortexRoyale","",5003,"","","","","","[47,10,25,4,14,15,33]","",3
920,"BladefallRoyale","",4988,"","","","","","[47,10,25,4,14,33,15]","",3
921,"ReapRoyale","",11002,"","","","","","[9,25,4,33,14,15]","",3
922,"VoidSphereRoyale","",10615,"","","","","","[11,25,4,14,15,33,3,44]","",3
923,"DivineIreRoyale","",9720,"","","","","","[2,11,25,4,14,30,33]","",3
924,"FirestormRoyale","",1283,"","","","","","[11,25,4,14,15,0]","",3
925,"FrostBoltRoyale","",5439,"","","","","","[11,25,4,5,1]","",3
926,"IceNovaRoyale","",64,"","","","","","[11,25,4,14,1,38]","",3
927,"LightningTendrilsRoyale","",3984,"","","","","","[11,25,4,14,2,30]","",3
928,"PurifyingFlameRoyale","",9644,"","","","","","[0,11,25,4,14,15,33]","",3
929,"RollingMagmaRoyale","",4793,"","","","","","[11,25,4,14,0,5,18]","",3
930,"StormCallRoyale","",2873,"","","","","","[11,25,4,14,15,2]","",3
931,"CremationRoyale","",8158,"","","","","","[10,25,4,14,0,15,5,44]","",3
932,"FrostBombRoyale","",5028,"","","","","","[11,25,4,14,15,1,44]","",3
933,"HydrosphereRoyale","",10848,"","","","","","[11,25,4,14,15,1,44,2,33]","",3
934,"WaveOfConvictionRoyale","",9709,"","","","","","[0,2,11,25,4,14,15,33]","",3
935,"BlightRoyale","",5498,"","","","","","[11,25,4,3,14,30,15]","",3
936,"EssenceDrainRoyale","",5185,"","","","","","[11,25,4,5,15,3,14]","",3
937,"CreepingFrostRoyale","",2152,"","","","","","[11,25,4,5,15,14,1]","",3
938,"VortexRoyale","",5466,"","","","","","[11,25,4,14,1,15,38]","",3
939,"HolyFlameTotemRoyale","",2217,"","","","","","[19,9,25,4,5,0,30,33]","",3
940,"ArtilleryBallistaRoyale","",10085,"","","","","","[10,25,13,19,14,0,5,6]","",3
941,"SiegeBallistaRoyale","",4851,"","","","","","[10,25,13,5,19,6]","",3
942,"FireTrapRoyale","",1995,"","","","","","[20,10,25,4,15,14,0]","",3
943,"IceTrapRoyale","",4867,"","","","","","[20,10,25,4,14,1]","",3
944,"LightningTrapRoyale","",2613,"","","","","","[20,47,11,25,4,5,2]","",3
945,"SiphoningTrapRoyale","",8797,"","","","","","[20,11,25,4,15,14,1]","",3
946,"FlamethrowerTrapRoyale","",8787,"","","","","","[20,10,25,4,15,14,0]","",3
947,"LightningSpireTrapRoyale","",8792,"","","","","","[20,47,11,25,4,15,14,2]","",3
948,"PrecisionRoyale","",9810,"","","","","","[12,47,10,25,4,14]","",3
949,"VitalityRoyale","",1865,"","","","","","[12,9,25,4,14]","",3
950,"ClarityRoyale","",1935,"","","","","","[12,11,25,4,14]","",3
951,"BloodAndSandRoyale","",9846,"","","","","","[29,9,25,4,41]","",3
952,"DashRoyale","",9834,"","","","","","[10,25,4,22,35,37]","",3
953,"DesecrateRoyale","",3088,"","","","","","[10,25,4,14,15,3]","",3
954,"PhaseRunRoyale","",4944,"","","","","","[10,25,4,15,22,33,35]","",3
955,"PoachersMarkRoyale","",3778,"","","","","","[10,25,4,17,43]","",3
956,"AssassinsMarkRoyale","",1127,"","","","","","[47,11,25,4,17,43]","",3
957,"WarlordsMarkRoyale","",1101,"","","","","","[9,25,4,17,43]","",3
958,"ElementalWeaknessRoyale","",1091,"","","","","","[11,25,4,14,15,17,42]","",3
959,"VulnerabilityRoyale","",1140,"","","","","","[9,25,4,14,15,17,33,42]","",3
960,"DespairRoyale","",8658,"","","","","","[11,25,4,14,15,3,17,42]","",3
961,"EnduringCryRoyale","",250,"","","","","","[27,9,25,14,15]","",3
962,"RejuvenationTotemRoyale","",1972,"","","","","","[19,12,9,25,4,14]","",3
963,"LightningWarpRoyale","",1173,"","","","","","[11,25,4,14,15,22,2,35]","",3
964,"FlameDashRoyale","",4669,"","","","","","[11,25,4,22,15,0,35,37]","",3
965,"FrostblinkRoyale","",9868,"","","","","","[11,25,4,22,15,1,35,37,14]","",3
966,"SmokeMineRoyale","",2656,"","","","","","[21,10,25,4,14,15,22,35,37]","",3
967,"SupportMultistrikeRoyale","",2447,"","","","Supports melee attack skills, making them repeat twice when used, targeting a random enemy each time. Cannot support Vaal skills, channelling skills, travel skills, retaliation skills or triggered skills.","","[13,7,9,16]","",3
968,"SupportSpellCascadeRoyale","",8379,"","","","Supports spell skills that apply an effect to an area around a targeted location. Cannot support Vaal skills or skills used by totems, traps, or mines. Cannot modify the skills of minions.","","[14,4,11,16]","",3
969,"SupportUnleashRoyale","",9807,"","","","Supports spell skills, making their effect reoccur when cast. Cannot support skills with cooldowns, triggered skills, Brand skills, Vaal skills, channelling skills, skills with a reservation, or skills used by totems, traps, or mines. Cannot modify the skills of minions.","","[4,11,16]","",3
970,"SupportMultipleTotemsRoyale","",9318,"","","","Supports skills which summon totems.","","[19,9,16]","",3
971,"SupportAddedColdDamageRoyale","",594,"","","","Supports any skill that hits enemies.","","[1,10,16]","",3
972,"SupportAddedLightningDamageRoyale","",599,"","","","Supports any skill that hits enemies.","","[2,11,16]","",3
973,"SupportRageRoyale","",9958,"","","","Supports melee attack skills. Minions cannot gain rage.","","[9,16,7,13]","",3
974,"SupportFasterAttacksRoyale","",586,"","","","Supports attack skills.","","[13,10,16]","",3
975,"SupportFasterCastingRoyale","",1032,"","","","Supports non-instant spell skills.","","[11,16,4]","",3
976,"SupportBallistaTotemRoyale","",2259,"","","","Supports any bow or wand attack skill, causing it to summon a ballista totem that uses the skill for you.","","[6,5,9,16,19]","",3
977,"SupportSpellTotemRoyale","",1945,"","","","Supports spell skills that are not triggered. Instead of casting that spell, you will summon a totem that casts the spell for you.","","[9,16,4,19]","",3
978,"SupportTrapRoyale","",918,"","","","Supports spells, or attacks that use bows or wands. Instead of using that skill, you will throw a trap that will use the skill for you when an enemy walks near it. Traps cannot use channelling skills.","","[10,16,20]","",3
979,"SupportAdvancedTrapsRoyale","",5510,"","","","Supports skills which throw traps.","","[20,10,16]","",3
980,"SupportLesserMultipleProjectilesRoyale","",590,"","","","Supports projectile skills.","","[10,16,5]","",3
981,"SupportVolleyRoyale","",8377,"","","","Supports skills that fire projectiles from the user. Does not affect projectiles fired from other locations as secondary effects. Does not support skills that fire projectiles in a spiral.","","[10,16,5]","",3
982,"SupportIncreasedAreaofEffectRoyale","",597,"","","","Supports any skill with an area of effect.","","[11,16,14]","",3
983,"SupportBlindRoyale","",2134,"","","","Supports any skill that hits enemies.","","[10,16]","",3
984,"SupportLifetapRoyale","",11058,"","","","Supports any non-blessing skill. Minions cannot gain the Lifetap buff.","","[9,16,15]","",3
985,"SupportIncreasedDurationRoyale","",1272,"","","","Supports any skill with a duration.","","[9,16,15]","",3
986,"SupportLessDurationRoyale","",2784,"","","","Supports any skill that has a duration.","","[9,16,15]","",3
987,"SupportCastwhileChannellingRoyale","",6075,"",6077,"","Must support both a channelling skill and a non-channelling spell skill to work. The channelling skill will trigger a spell periodically while channelling. Cannot support skills used by totems, traps, or mines. Vaal skills and skills with a reservation cannot be triggered.","","[11,16,30,4,26]","",3
988,"SupportImpendingDoomRoyale","",10639,"",10641,"","Supports hex curse skills, causing them to trigger Doom Blast when the hex ends. Cannot support curse skills which are triggered or applied as an aura.","","[11,16,42,25,4,14,3,26]","",3
989,"SupportAncestralCallRoyale","",8381,"","","","Supports melee strike skills, causing them to also strike at extra targets simultaneously. The extra targets must be a minimum distance from the user. If supporting a minion attack skill, the minion's skills will not also strike extra targets. Cannot support Vaal skills or triggered skills.","","[9,16,7,13,36]","",3
990,"DefianceBanner","",11128,"","","","","","[9,25,14,4,15,12,39]","",3
991,"VoltaxicBurst","",11129,"","","","","","[11,25,4,14,3,2,38,15]","",3
992,"VoltaxicBurstAltX","[DNT] VoltaxicBurstAltX",11130,"","","","","","[11,25,4,14,3,2,38,15]","",1
993,"VoltaxicBurstAltY","[DNT] VoltaxicBurstAltY",11131,"","","","","","[11,25,4,14,3,2,38,15]","",2
994,"RageVortex","",11132,"","","","","","[9,25,13,14,15,7]","",3
995,"RageVortexAltX","Rage Vortex of Berserking",11133,"","","","","","[9,25,13,14,7]","",1
996,"RageVortexAltY","[DNT] RageVortexAltY",11134,"","","","","","[9,25,13,14,15,7]","",2
997,"SpectralHelix","",11162,"","","","","","[10,25,13,5]","",3
998,"SpectralHelixAltX","[DNT] SpectralHelixAltX",11163,"","","","","","[10,25,13,5]","",1
999,"SpectralHelixAltY","[DNT] SpectralHelixAltY",11164,"","","","","","[10,25,13,5]","",2
1000,"BattlemagesCry","",11136,"",11137,"","Supports spell skills, causing them to be triggered. Cannot support skills used by totems, traps, or mines. Vaal skills, channelling skills, and skills with a reservation cannot be triggered.","Battlemage's Cry Support","[27,47,26,9,25,14,15]","",3
1001,"SupportEarthbreaker","",11138,"","","","Supports slam skills, causing them to summon an ancestor totem that uses the skill for you while you're near it. Being near it grants you increased area of effect for melee skills.","","[13,7,40,14,9,16,19]",14227,3
1002,"Absolution","",11139,"","","","","","[9,25,4,8,15,33,2,14]","",3
1003,"AbsolutionAltX","Absolution of Inspiring",11140,"","","","","","[9,25,4,8,15,33,2,14]","",1
1004,"AbsolutionAltY","[DNT] AbsolutionAltY",11141,"","","","","","[9,25,4,8,15,33,2,14]","",2
1005,"SupportArrowNovaRoyale","",10071,"","","","Supports bow attack skills that fire arrows forwards as projectiles. These skills will instead fire a payload arrow into the air to land at a targeted location. The supported skills' arrows will then fire out in a circle from where it lands. Cannot support skills that already fire arrows into the air, channelled skills, or skills that create Minions.","","[6,13,10,16,5]","",3
1006,"SupportBlasphemyRoyale","",4507,"","","","Supports hex curse skills, turning them into auras that will apply their effect to all enemies in an area around you.","","[11,16,42,12]","",3
1007,"SupportCastOnDeathRoyale","",2787,"","","","Each supported spell skill will be triggered when you die. Cannot support skills used by totems, traps, or mines. Vaal skills, channelling skills, and skills with a reservation cannot be triggered.","","[10,16,4,26]","",3
1008,"SupportFistofWarRoyale","",10452,"","","","Supports slam skills, providing a powerful boost when they're used, with a delay before they can be boosted again. Cannot support Vaal skills or triggered skills. Cannot modify the skills of minions. Only skills you use yourself can receive the boost.","","[40,13,7,14,9,16]","",3
1009,"SupportFortifyRoyale","",4717,"","","","Supports melee attack skills that are not triggered.","","[13,9,16,7]","",3
1010,"SupportSecondWindRoyale","",10349,"","","","Supports skills with cooldowns.\nCannot support triggered skills.","","[10,16]","",3
1011,"SupportSpellEchoRoyale","",2449,"","","","Supports spell skills, making them repeat when cast. Cannot support Vaal skills, totem skills, channelling skills, triggered skills, instant skills, blink skills, or skills with a reservation.","","[4,11,16]","",3
1012,"SupportSummonPhantasmRoyale","",8383,"","","","Supports skills that can hit enemies, or create minions. When those skills or minions kill enemies, or hit rare or unique enemies they will have a chance to summon a Phantasm minion, which uses a piercing projectile spell that deals physical damage.","","[11,16,8]","",3
1013,"SearingBondRoyale","",2457,"","","","","","[9,25,4,19,0]","",3
1014,"ShockwaveTotemRoyale","",1962,"","","","","","[19,9,25,4,14,33,38]","",3
1015,"BurningArrowRoyale","",1922,"","","","","","[10,25,13,5,0,6]","",3
1016,"CausticArrowRoyale","",636,"","","","","","[10,25,13,5,14,15,3,6]","",3
1017,"GalvanicArrowRoyale","",4978,"","","","","","[2,10,25,13,5,14,6]","",3
1018,"SummonSkeletonsRoyale","",1209,"","","","","","[11,25,4,8,15]","",3
1019,"SummonRagingSpiritRoyale","",3025,"","","","","","[11,25,4,8,15,0]","",3
1020,"DetonateDeadRoyale","",355,"","","","","","[10,25,4,14,0]","",3
1021,"EtherealKnivesRoyale","",2103,"","","","","","[10,25,4,5,33]","",3
1022,"UnearthRoyale","",8115,"","","","","","[10,25,4,5,14,33]","",3
1023,"BallLightningRoyale","",2321,"","","","","","[11,25,4,5,14,2]","",3
1024,"BlazingSalvoRoyale","",10608,"","","","","","[11,25,4,14,0,5]","",3
1025,"ColdSnapRoyale","",8804,"","","","","","[11,25,4,14,1,15]","",3
1026,"DarkPactRoyale","",5592,"","","","","","[8,11,25,4,14,18,3,38]","",3
1027,"FireballRoyale","",3,"","","","","","[11,25,5,4,14,0]","",3
1028,"GlacialCascadeRoyale","",3138,"","","","","","[11,25,4,14,1,33]","",3
1029,"FrostBladesRoyale","",4738,"","","","","","[10,25,13,5,7,36,1]","",3
1030,"ShatteringSteelRoyale","",9316,"","","","","","[10,25,13,5,14,33]","",3
1031,"WildStrikeRoyale","",4858,"","","","","","[10,25,13,7,36,2,1,0,5,14,18,45]","",3
1032,"CleaveRoyale","",178,"","","","","","[9,25,13,14,7]","",3
1033,"DominatingBlowRoyale","",1256,"","","","","","[9,25,13,8,15,7,36]","",3
1034,"InfernalBlowRoyale","",8891,"","","","","","[9,25,13,14,7,36,0,15]","",3
1035,"SunderRoyale","",10449,"","","","","","[9,25,13,14,40,7]","",3
1036,"SupportFasterProjectilesRoyale","",592,"","","","Supports projectile skills.","","[10,16,5]","",3
1037,"SupportPointBlankRoyale","",1940,"","","","Supports projectile skills.","","[5,13,10,16]","",3
1038,"SupportChanceToBleedRoyale","",6497,"","","","Supports attack skills. Cannot support skills that create minions.","","[13,33,9,16]","",3
1039,"SupportKnockbackRoyale","",719,"","","","Supports any skill that hits enemies.","","[9,16]","",3
1040,"SupportMaimRoyale","",7289,"","","","Supports attack skills, or other skills that can maim enemies.","","[13,33,9,16]","",3
1041,"SupportStunRoyale","",896,"","","","Supports any skill that hits enemies, making it easier to stun enemies with those skills.","","[9,16]","",3
1042,"SupportConcentratedEffectRoyale","",1269,"","","","Supports any skill with an area of effect, regardless of whether that skill deals damage.","","[11,16,14]","",3
1043,"SupportIncreasedCriticalStrikesRoyale","",716,"","","","Supports any skill that hits enemies.","","[47,11,16]","",3
1044,"LightningArrowRoyale","",1844,"","","","","","[10,25,13,14,5,2,6]","",3
1045,"ExplosiveArrowRoyale","",1036,"","","","","","[10,25,13,5,14,15,0,6]","",3
1046,"ViperStrikeRoyale","",1019,"","","","","","[10,25,13,15,7,36,3]","",3
1047,"SweepRoyale","",112,"","","","","","[9,25,13,14,7]","",3
1048,"IncinerateRoyale","",8827,"","","","","","[11,25,4,0,30,14]","",3
1049,"ShockNovaRoyale","",981,"","","","","","[11,25,4,14,2,38]","",3
1050,"IceShotRoyale","",2138,"","","","","","[10,25,13,5,14,1,6]","",3
1051,"FreezingPulseRoyale","",965,"","","","","","[11,25,4,5,1]","",3
1052,"GroundSlamRoyale","",8887,"","","","","","[9,25,13,14,40,7]","",3
1053,"BearTrapRoyale","",1981,"","","","","","[20,10,25,4,15,33]","",3
1054,"HeavyStrikeRoyale","",1241,"","","","","","[9,25,13,7,36]","",3
1055,"CobraLashRoyale","",10001,"","","","","","[47,10,25,13,5,3]","",3
1056,"IceSpearRoyale","",900,"","","","","","[47,11,25,4,5,1]","",3
1057,"SupportMeleeSplashRoyale","",2452,"","","","Supports melee strike skills, causing their melee strike to deal splash damage around each target hit.","","[9,16,7,13,36,14]","",3
1058,"ForbiddenRite","",11147,"","","","","","[11,25,4,14,3,5]","",3
1059,"ForbiddenRiteAltX","Forbidden Rite of Soul Sacrifice",11148,"","","","","","[11,25,4,14,3,5]","",1
1060,"ForbiddenRiteAltY","[DNT] ForbiddenRiteAltY",11149,"","","","","","[11,25,4,14,3,5]","",2
1061,"Ambush","",11146,"","","","","","[47,10,25,4,22,15,35]","",3
1062,"Manabond","",11150,"","","","","","[11,25,4,14,2,46]","",3
1063,"ManabondAltX","[DNT] ManabondAltX",11151,"","","","","","[11,25,4,14,2,46]","",1
1064,"ManabondAltY","[DNT] ManabondAltY",11152,"","","","","","[11,25,4,14,2,46]","",2
1065,"BladeTrap","",11153,"","","","","","[20,10,25,13,14]","",3
1066,"BladeTrapAltX","Blade Trap of Greatswords",11154,"","","","","","[20,10,25,13,14,15]","",1
1067,"BladeTrapAltY","Blade Trap of Laceration",11155,"","","","","","[20,10,25,13,14,33]","",2
1068,"StormRain","",11156,"","","","","","[10,25,13,14,2,5,6]","",3
1069,"StormRainAltX","Storm Rain of the Conduit",11157,"","","","","","[10,25,13,14,2,5,6]","",1
1070,"StormRainAltY","Storm Rain of the Fence",11158,"","","","","","[10,25,13,14,2,5,6]","",2
1071,"ShieldCrush","",11159,"","","","","","[9,25,13,14,33,7]","",3
1072,"ShieldCrushAltX","Shield Crush of the Chieftain",11160,"","","","","","[9,25,13,14,0,7]","",1
1073,"ShieldCrushAltY","[DNT] ShieldCrushAltY",11161,"","","","","","[9,25,13,14,33,7]","",2
1074,"BloodOffering","",6305,"","","","","","[11,25,4,15,8]","",3
1075,"SupportFocusedBallista","",11165,"","","","Supports skills that summon ballista totems. Cannot modify the skills of minions.","","[5,10,16,19]",14226,3
1076,"SummonReaper","",11166,"","","","","","[11,25,33,8,4]","",3
1077,"SummonReaperAltX","Summon Reaper of Revenants",11167,"","","","","","[11,25,8,4]","",1
1078,"SummonReaperAltY","Summon Reaper of Eviscerating",11168,"","","","","","[11,25,33,8,4]","",2
1079,"SupportBehead","",11171,"","","","Supports strike skills.","","[9,16,7,13,36]",14228,3
1080,"Boneshatter","",11172,"","","","","","[9,25,13,7,36,14,15,33]","",3
1081,"BoneshatterAltX","Boneshatter of Complex Trauma",11173,"","","","","","[9,25,13,7,36,14,15,33]","",1
1082,"BoneshatterAltY","Boneshatter of Carnage",11174,"","","","","","[9,25,13,7,36,14]","",2
1083,"ExplosiveConcoction","",11186,"","","","","","[10,25,13,14,0,1,2,5]","",3
1084,"ExplosiveConcoctionAltX","Explosive Concoction of Destruction",11187,"","","","","","[47,10,25,13,14,0,1,2,5]","",1
1085,"ExplosiveConcoctionAltY","[DNT] ExplosiveConcoctionAltY",11188,"","","","","","[10,25,13,14,0,1,2,5]","",2
1086,"EyeOfWinter","",11219,"","","","","","[11,25,4,5,1]","",3
1087,"EyeOfWinterAltX","Eye of Winter of Finality",11220,"","","","","","[11,25,4,5,1]","",1
1088,"EyeOfWinterAltY","Eye of Winter of Transience",11221,"","","","","","[11,25,4,5,1]","",2
1089,"PoisonousConcoction","",11256,"","","","","","[10,25,13,14,3,5]","",3
1090,"PoisonousConcoctionAltX","Poisonous Concoction of Bouncing",11257,"","","","","","[10,25,13,14,3,5,18]","",1
1091,"PoisonousConcoctionAltY","[DNT] PoisonousConcoctionAltY",11258,"","","","","","[10,25,13,14,3,5]","",2
1092,"CallOfTheWild","",11259,"","","","","","[10,25,4,8]","",3
1093,"TemporalRift","",11260,"","","","","","[10,25,4]","",3
1094,"Tornado","",11262,"","","","","","[10,25,4,15,33,14,44]","",3
1095,"TornadoAltX","[DNT] TornadoAltX",11263,"","","","","","[10,25,4,15,33,14,44]","",1
1096,"TornadoAltY","Tornado of Elemental Turbulence",11264,"","","","","","[10,25,4,15,33,14,44,0,1,2,45]","",2
1097,"EnergyBlade","",11267,"","","","","","[11,25,4,2]","",3
1098,"SoulLink","",11269,"","","","","","[11,25,4,15,49]","",3
1099,"FlameLink","",11270,"","","","","","[9,25,4,15,49,0]","",3
1100,"VampiricLink","",11271,"","","","","","[10,25,4,15,49]","",3
1101,"ProtectiveLink","",11272,"","","","","","[9,25,4,15,49]","",3
1102,"IntuitiveLink","",11273,"",11274,"","Supports spell skills, causing them to be triggered by Intuitive Link. Cannot support skills used by totems, traps, or mines. Vaal skills, channelling skills, and skills with a reservation cannot be triggered.","Intuitive Link Support","[26,10,25,4,15,49]","",3
1103,"DestructiveLink","",11275,"","","","","","[47,11,25,4,15,49]","",3
1104,"SupportDivineBlessing","",9812,"","","","Supports aura skills that create permanent auras around you, changing their reservation to a cost and making them temporary. Cannot support banner or stance skills.","","[9,16,12,15,50]",14230,3
1105,"SupportMarkOnHit","",11276,"","","","Supports mark curse skills.","","[10,16,43,26]",14229,3
1106,"SupportEternalBlessing","",11277,"","","","Supports aura skills that reserve life or mana to create auras around you.","","[9,16,12,50]",14231,3
1107,"SupportOvercharge","",11336,"","","","Supports any skill that hits enemies.","","[2,11,16]",14232,3
1108,"LightningConduit","",11337,"","","","","","[11,25,4,14,2]","",3
1109,"LightningConduitAltX","Lightning Conduit of the Heavens",11338,"","","","","","[11,25,4,14,2]","",1
1110,"LightningConduitAltY","[DNT] LightningConduitAltY",11339,"","","","","","[11,25,4,14,2]","",2
1111,"GalvanicField","",11341,"","","","","","[11,25,4,14,15,2,18,44]","",3
1112,"GalvanicFieldAltX","Galvanic Field of Intensity",11342,"","","","","","[11,25,4,14,15,2,18,44]","",1
1113,"GalvanicFieldAltY","[DNT] GalvanicFieldAltY",11343,"","","","","","[11,25,4,14,15,2,18,44]","",2
1114,"AlchemistsMark","",11344,"","","","","","[10,25,4,17,43,14,15,0,3]","",3
1115,"VolcanicFissure","",11364,"","","","","","[7,9,25,13,5,14,40,0]","",3
1116,"VolcanicFissureAltX","Volcanic Fissure of Snaking",11365,"","","","","","[7,9,25,13,14,40,0]","",1
1117,"VolcanicFissureAltY","[DNT] VolcanicFissureAltY",11366,"","","","","","[7,9,25,13,5,14,40,0]","",2
1118,"VaalVolcanicFissure","",11368,"",11364,"","","","[7,9,25,13,5,14,40,0,24]","",3
1119,"VaalVolcanicFissureAltX","Vaal Volcanic Fissure",11368,"",11365,"","","","[7,9,25,13,5,14,40,0,24]","",1
1120,"VaalVolcanicFissureAltY","Vaal Volcanic Fissure",11368,"",11366,"","","","[7,9,25,13,5,14,40,0,24]","",2
1121,"FrozenLegion","",11359,"",11362,"","","","[9,25,4,1,13,14,7]","",3
1122,"FrozenLegionAltX","Frozen Legion of Rallying",11360,"",11363,"","","","[9,25,4,1,13,14,7]","",1
1123,"FrozenLegionAltY","[DNT] FrozenLegionAltY",11361,"",11362,"","","","[9,25,4,1,13,14,7]","",2
1124,"VaalCleave","",11358,"",175,"","","","[9,25,13,14,24,15,7]","",3
1125,"VaalCleaveAltX","Vaal Cleave",11358,"",176,"","","","[9,25,13,14,24,15,7]","",1
1126,"VaalCleaveAltY","Vaal Cleave",11358,"",177,"","","","[9,25,13,14,24,15,7]","",2
1127,"VaalCausticArrow","",11370,"",633,"","","","[10,25,13,5,14,15,3,24,6]","",3
1128,"VaalCausticArrowAltX","Vaal Caustic Arrow",11370,"",634,"","","","[10,25,13,5,14,15,3,24,6]","",1
1129,"VaalCausticArrowAltY","Vaal Caustic Arrow",11370,"",635,"","","","[10,25,13,5,14,15,3,24,6]","",2
1130,"VaalMoltenStrike","",3529,"",3525,"","","","[9,25,13,5,14,7,36,0,18,24]","",3
1131,"VaalMoltenStrikeAltX","Vaal Molten Strike",3529,"",3526,"","","","[9,25,13,5,14,7,36,0,18,24]","",1
1132,"VaalMoltenStrikeAltY","Vaal Molten Strike",3529,"",3527,"","","","[9,25,13,5,14,7,36,0,18,24]","",2
1133,"SupportCursedGround","",11372,"","","","Supports non-aura hex curse skills.","","[14,15,11,16,42]",14233,3
1134,"SupportHexBloom","",11373,"","","","Supports hex curse skills. Hexes from auras or cursed ground cannot transfer.","","[11,16,42]",14234,3
1135,"VaalVenomGyre","",11397,"",10052,"","","","[10,25,13,5,3,15,24]","",3
1136,"VaalVenomGyreAltX","Vaal Venom Gyre",11397,"",10053,"","","","[10,25,13,5,3,15,24]","",1
1137,"VaalVenomGyreAltY","Vaal Venom Gyre",11397,"",10054,"","","","[10,25,13,5,3,15,24]","",2
1138,"VaalSmite","",11398,"",8942,"","","","[2,9,25,13,14,15,7,36,12,24]","",3
1139,"VaalSmiteAltX","Vaal Smite",11398,"",8943,"","","","[2,9,25,13,14,15,7,36,12,24]","",1
1140,"VaalSmiteAltY","Vaal Smite",11398,"",8944,"","","","[2,9,25,13,14,15,7,36,12,24]","",2
1141,"VaalBladeFlurry","",11399,"",5521,"","","","[10,25,13,14,30,24,7]","",3
1142,"VaalBladeFlurryAltX","Vaal Blade Flurry",11399,"",5522,"","","","[47,10,25,13,14,30,24,7]","",1
1143,"VaalBladeFlurryAltY","Vaal Blade Flurry",11399,"",5523,"","","","[10,25,13,14,30,24,7]","",2
1144,"VaalReap","",11401,"",10999,"","","","[9,25,4,33,14,15,24]","",3
1145,"VaalReapAltX","Vaal Reap",11401,"",11000,"","","","[9,25,4,33,14,15,24]","",1
1146,"VaalReapAltY","Vaal Reap",11401,"",11001,"","","","[9,25,4,33,14,15,24]","",2
1147,"VaalAnimateWeapon","",11404,"",2796,"","","","[10,25,15,8,4,24,33]","",3
1148,"VaalAnimateWeaponAltX","Vaal Animate Weapon",11404,"",2797,"","","","[10,25,15,8,4,24]","",1
1149,"VaalAnimateWeaponAltY","Vaal Animate Weapon",11404,"",2798,"","","","[10,25,15,8,4,24,33]","",2
1150,"VaalLightningArrow","",11405,"",1841,"","","","[10,25,13,14,5,2,24,6]","",3
1151,"VaalLightningArrowAltX","Vaal Lightning Arrow",11405,"",1842,"","","","[10,25,13,14,5,2,24,6]","",1
1152,"VaalLightningArrowAltY","Vaal Lightning Arrow",11405,"",1843,"","","","[10,25,13,14,5,2,24,6]","",2
1153,"VaalAbsolution","",11406,"",11139,"","","","[9,25,4,8,15,33,2,24,14]","",3
1154,"VaalAbsolutionAltX","Vaal Absolution",11406,"",11140,"","","","[9,25,4,8,15,33,2,24,14]","",1
1155,"VaalAbsolutionAltY","Vaal Absolution",11406,"",11141,"","","","[9,25,4,8,15,33,2,24,14]","",2
1156,"VaalDomination","",11407,"",1253,"","","","[9,25,4,8,15,24,13,7,36]","",3
1157,"VaalDominationAltX","Vaal Domination",11407,"",1254,"","","","[9,25,4,8,15,24,13,7,36]","",1
1158,"VaalDominationAltY","Vaal Domination",11407,"",1255,"","","","[9,25,4,8,15,24,13,7,36]","",2
1159,"VaalIceShot","",11408,"",2135,"","","","[10,25,13,5,14,1,24,15,6]","",3
1160,"VaalIceShotAltX","Vaal Ice Shot",11408,"",2136,"","","","[10,25,13,5,14,1,24,15,6]","",1
1161,"VaalIceShotAltY","Vaal Ice Shot",11408,"",2137,"","","","[10,25,13,5,14,1,24,15,6]","",2
1162,"VaalFirestorm","",11409,"",1280,"","","","[11,25,4,14,15,0,24]","",3
1163,"VaalFirestormAltX","Vaal Firestorm",11409,"",1281,"","","","[11,25,4,14,15,0,24]","",1
1164,"VaalFirestormAltY","Vaal Firestorm",11409,"",1282,"","","","[11,25,4,14,15,0,24]","",2
1165,"VaalRejuvenationTotem","",11418,"",1971,"","","","[19,12,9,25,4,14,24]","",3
1166,"VaalSplitArrow","",11419,"",372,"","","","[10,25,13,5,24,6]","",3
1167,"VaalSplitArrowAltX","Vaal Split Arrow",11419,"",373,"","","","[10,25,13,5,24,6]","",1
1168,"VaalSplitArrowAltY","Vaal Split Arrow",11419,"",374,"","","","[10,25,13,5,24,6]","",2
1169,"SupportManaforgedArrows","",11424,"","","","Supports bow attack skills, causing them to trigger when you've spent enough mana in total on other bow attacks. Cannot modify the skills of minions. Cannot support totems, traps, mines, Vaal skills, or channelling skills","","[6,10,16,26]",14235,3
1170,"SupportPrismaticBurst","",11425,"",11426,"","Supports attacks, causing them to trigger the Prismatic Burst spell. Cannot support triggered attacks or attacks used by things other than you. Cannot modify the skills of minions.","","[11,16,25,4,14,0,1,2,45,26]",14236,3
1171,"Snipe","",10258,"",10259,"","Supports bow attack skills. Cannot support channelled skills, instant skills, Vaal skills, or skills used by totems, traps, or mines.","Snipe Support","[10,25,13,5,30,33,6]","",3
1172,"QuickstepHardMode","",11427,"","","","","","[25,4,22,35,37]","",3
1173,"SupportTrauma","",11374,"","","","Supports melee strike skills that do not inherently apply Trauma. Cannot support triggered skills, Vaal skills, or skills used by things other than you. Cannot modify the skills of minions.","","[33,9,16,7,13,36,15]",14238,3
1174,"SupportSpellblade","",11375,"","","","Supports spells that hit enemies. Cannot modify the skills of minions.","","[11,16,4]",14239,3
1175,"SupportDevour","",11376,"","","","Supports any skill that hits enemies.","","[11,16]",14240,3
1176,"SupportFreshMeat","",11377,"","","","Supports skills that create minions.","","[47,11,16,8]",14241,3
1177,"SupportFlamewood","",11378,"",11434,"","Supports skills which summon totems. Cannot modify the skills of minions.","","[9,16,19,25,4,14,0,5,26]",14242,3
1178,"SupportCorruptingCry","",11379,"","","","Supports warcry skills. Cannot modify the skills of minions.","","[14,33,9,16,27,15]",14243,3
1179,"SupportConflagration","",11380,"","","","[DNT] Supports melee attack skills.","","[47,0,9,16,7,13]","",3
1180,"SupportGuardiansBlessing","",11381,"",11382,"","Must support both a skill that creates minions which can be damaged, and\n an aura skill that creates permanent auras around you.\nCannot support triggered skills, banner skills or stance skills.","","[9,16,12,50,8]",14245,3
1181,"SupportSacrifice","",11383,"","","","Supports spell skills that hit enemies and have no reservation. Cannot support brand skills, orb skills, channelling skills, Vaal skills or skills used by traps or mines. Cannot modify the skills of minions.","","[3,11,16,4]",14246,3
1182,"SupportFrigidBond","",11384,"","","","Supports link skills.","","[1,11,16,49,15]",14247,3
1183,"SupportLocusMine","",11385,"","","","Supports attack skills that use bows or wands and fire projectiles ahead. Instead of using that skill, you will throw mines that will use the skill for you when you detonate them, targeting your location. Mines cannot use channelling skills.","","[6,13,10,16,5,21]",14248,3
1184,"SupportSadism","",11386,"","","","Supports any skill that hits enemies.","","[10,16]",14249,3
1185,"SupportControlledBlaze","",11387,"","","","Supports melee attack skills.","","[0,9,16,7,13]",14250,3
1186,"SupportVolatility","",11388,"","","","Supports attack skills.","","[13,9,16]",14244,3
1187,"Automation","",11390,"",11389,"","Supports spell skills that are instant and have no reservation. Cannot support Vaal skills or skills used by totems, traps or mines. Cannot modify the skills of minions.","Automation Support","[26,11,25,4]","",3
1188,"Autoexertion","",11392,"",11391,"","Supports warcry skills. Cannot support retaliation skills or modify the skills of minions.","Autoexertion Support","[27,26,9,25,4]","",3
1189,"SupportSacredWisps","",11393,"",11495,"","Supports attack skills that can be used with Wands. Cannot support Vaal skills, minion skills, movement skills, or skills used by totems, traps, or mines.","","[13,11,16,25,26,15,4]",14253,3
1190,"SupportOverexertion","",11394,"","","","Supports melee attack skills which can be exerted. Cannot modify the skills of minions. Vaal skills and channelling skills cannot be exerted.","","[27,9,16,7,13]",14254,3
1191,"SupportExpertRetaliation","",11395,"","","","Supports retaliation skills.","","[52,9,16]",14255,3
1192,"SupportRupture","",11396,"","","","Supports attack skills.","","[13,33,47,10,16]",14256,3
1193,"PlaytestAttack","",11435,"","","","","","[25,13,5,7,36,6]","",3
1194,"PlaytestSpell","",11436,"","","","","","[25,5,4,14]","",3
1195,"PlaytestSlam","",11437,"","","","","","[25,13,14,40,7]","",3
1196,"SummonDarkEffigy","",11472,"","","","","","[11,25,4,8]","",3
