"rownum","Room","Level","Id","Description","Description (French)","Description (German)","Description (Japanese)","Description (Korean)","Description (Portuguese)","Description (Russian)","Description (Spanish)","Description (Thai)","Description (Traditional Chinese)","Name","Name (French)","Name (German)","Name (Japanese)","Name (Korean)","Name (Portuguese)","Name (Russian)","Name (Spanish)","Name (Thai)","Name (Traditional Chinese)","Icon_DDSFile","Mod","ModValues","Description2","Description2 (French)","Description2 (German)","Description2 (Japanese)","Description2 (Korean)","Description2 (Portuguese)","Description2 (Russian)","Description2 (Spanish)","Description2 (Thai)","Description2 (Traditional Chinese)"
0,1,1,"","","","","","","","","","","","Path","Chemin","Weg","通路","길","Caminho","Коридор","Camino","เส้นทาง","路徑","",14855,[40],"","","","","","","","","",""
1,3,1,"garrison_lvl1","","","","","","","","","","","Guardhouse","Salle des gardes","Wachhaus","衛兵詰所","위병소","Caserna","Караульная","Cuartel","ป้อม​ยาม","衛兵所","Art/Textures/Interface/2D/2DArt/UIImages/InGame/Incursion2/RoomIcons/IconGarrison.dds",14756,"[8,0]","","","","","","","","","",""
2,3,2,"garrison_lvl2","","","","","","","","","","","Barracks","Caserne","Kaserne","兵舎","주둔지","Quartel","Казармы","Barracones","โรง​ทหาร","軍隊憩所","Art/Textures/Interface/2D/2DArt/UIImages/InGame/Incursion2/RoomIcons/IconGarrison.dds",14756,"[12,10]","","","","","","","","","",""
3,3,3,"garrison_lvl3","","","","","","","","","","","Hall of War","Salle de la guerre","Kriegssaal","戦争の間","전쟁의 전당","Salão da Guerra","Зал войны","Salón de la guerra","หอ​แห่ง​การ​ศึก","戰爭聖殿","Art/Textures/Interface/2D/2DArt/UIImages/InGame/Incursion2/RoomIcons/IconGarrison.dds",14756,"[16,15]","","","","","","","","","",""
4,3,4,"garrison_lvl4","","","","","","","","","","","Warrior Assembly","Warrior Assembly","Waffenkammer","戦士の詰め所","전사 집회","Conclave dos Guerreiros","Воинский пункт","Asamblea de guerreros","สภานักรบ","戰士集會","Art/Textures/Interface/2D/2DArt/UIImages/InGame/Incursion2/RoomIcons/IconGarrison.dds",14756,"[20,18]","","","","","","","","","",""
5,4,1,"commander_lvl1","","","","","","","","","","","Commander's Chamber","Chambre du commandant","Kammer des Kommandanten","司令官の間","지휘관의 방","Câmara do Comandante","Комната командира","Cámara del comandante","ห้องผู้บัญชาการ","指揮官之室","Art/Textures/Interface/2D/2DArt/UIImages/InGame/Incursion2/RoomIcons/IconCommander.dds",14757,[10],"May drop [IncursionMedallionIncreaseRoomTier|Quipolatl's Medallion] or [IncursionMedallionAddRoom|Uromoti's Medallion]","Peut céder un [IncursionMedallionIncreaseRoomTier|Médaillon de Quipolatl] ou un [IncursionMedallionAddRoom|Médaillon d'Uromoti]","Kann [IncursionMedallionIncreaseRoomTier|Quipolatls Medaillon] oder [IncursionMedallionAddRoom|Uromotis Medaillon] fallen lassen","[IncursionMedallionIncreaseRoomTier|キポラトルのメダリオン]または[IncursionMedallionAddRoom|ウロモティのメダリオン]をドロップすることがある","[IncursionMedallionIncreaseRoomTier|퀴폴라틀의 메달리온] 또는 [IncursionMedallionAddRoom|우로모티의 메달리온]이 나올 수 있음","Pode largar o [IncursionMedallionIncreaseRoomTier|Medalhão de Quipolatl] ou [IncursionMedallionAddRoom|Medalhão de Uromoti]","Можно найти [IncursionMedallionIncreaseRoomTier|Медальон Квиполатля] или [IncursionMedallionAddRoom|Медальон Уромоти]","Puede dar un [IncursionMedallionIncreaseRoomTier|Medallón de Quipolatl] o un [IncursionMedallionAddRoom|Medallón de Uromoti]","อาจดรอป[IncursionMedallionIncreaseRoomTier|เหรียญตราคุยโปลาทัล]หรือ[IncursionMedallionIncreaseRoomTier|เหรียญตราอูรูมอที]","可能掉落 [IncursionMedallionIncreaseRoomTier|克特帕托聖徽] 或 [IncursionMedallionAddRoom|烏爾摩堤聖徽]"
6,4,2,"commander_lvl2","","","","","","","","","","","Commander's Hall","Salle du commandant","Halle des Kommandanten","司令官のホール","지휘관의 전당","Salão do Comandante","Зал командира","Salón del comandante","โถงผู้บัญชาการ","中樞指揮所","Art/Textures/Interface/2D/2DArt/UIImages/InGame/Incursion2/RoomIcons/IconCommander.dds",14757,[25],"May drop [IncursionMedallionIncreaseRoomTier|Quipolatl's Medallion] or [IncursionMedallionAddRoom|Uromoti's Medallion]","Peut céder un [IncursionMedallionIncreaseRoomTier|Médaillon de Quipolatl] ou un [IncursionMedallionAddRoom|Médaillon d'Uromoti]","Kann [IncursionMedallionIncreaseRoomTier|Quipolatls Medaillon] oder [IncursionMedallionAddRoom|Uromotis Medaillon] fallen lassen","[IncursionMedallionIncreaseRoomTier|キポラトルのメダリオン]または[IncursionMedallionAddRoom|ウロモティのメダリオン]をドロップすることがある","[IncursionMedallionIncreaseRoomTier|퀴폴라틀의 메달리온] 또는 [IncursionMedallionAddRoom|우로모티의 메달리온]이 나올 수 있음","Pode largar o [IncursionMedallionIncreaseRoomTier|Medalhão de Quipolatl] ou [IncursionMedallionAddRoom|Medalhão de Uromoti]","Можно найти [IncursionMedallionIncreaseRoomTier|Медальон Квиполатля] или [IncursionMedallionAddRoom|Медальон Уромоти]","Puede dar un [IncursionMedallionIncreaseRoomTier|Medallón de Quipolatl] o un [IncursionMedallionAddRoom|Medallón de Uromoti]","อาจดรอป[IncursionMedallionIncreaseRoomTier|เหรียญตราคุยโปลาทัล]หรือ[IncursionMedallionIncreaseRoomTier|เหรียญตราอูรูมอที]","可能掉落 [IncursionMedallionIncreaseRoomTier|克特帕托聖徽] 或 [IncursionMedallionAddRoom|烏爾摩堤聖徽]"
7,4,3,"commander_lvl3","","","","","","","","","","","Commander's Headquarters","Quartier général du commandant","Hauptquartier des Kommandanten","司令官の軍団司令部","지휘관의 본부","Quartel do Comandante","Штаб командира","Cuartel general del comandante","สำนักงานผู้บัญชาการ","軍團本部","Art/Textures/Interface/2D/2DArt/UIImages/InGame/Incursion2/RoomIcons/IconCommander.dds",14757,[35],"May drop [IncursionMedallionAddRoom|Uromoti's Medallion] or [IncursionMedallionAddTempleModifier|Zantipi's Medallion]","Peut céder un [IncursionMedallionAddRoom|Médaillon d'Uromoti] ou un [IncursionMedallionAddTempleModifier|Médaillon de Zantipi]","Kann [IncursionMedallionAddRoom|Uromotis Medaillon] oder [IncursionMedallionAddTempleModifier|Zantipis Medaillon] fallen lassen","[IncursionMedallionAddRoom|ウロモティのメダリオン]または[IncursionMedallionAddTempleModifier|ザンティピのメダリオン]をドロップすることがある","[IncursionMedallionAddRoom|우로모티의 메달리온], [IncursionMedallionMaximumCrystalCapacity|조펙의 메달리온], [IncursionMedallionMaximumMedallionCapacity|아즈카파의 메달리온] 또는 [IncursionMedallionAddTempleModifier|잔티피의 메달리온]이 나올 수 있음","Pode largar o [IncursionMedallionAddRoom|Medalhão de Uromoti] ou [IncursionMedallionAddTempleModifier|Medalhão de Zantipi]","Можно найти [IncursionMedallionAddRoom|Медальон Уромоти] или [IncursionMedallionAddTempleModifier|Медальон Зантипи]","Puede dar un [IncursionMedallionAddRoom|Medallón de Uromoti] o un [IncursionMedallionAddTempleModifier|Medallón de Zantipi]","อาจดรอป[IncursionMedallionIncreaseRoomTier|เหรียญตราอูรูมอที]หรือ[IncursionMedallionAddTempleModifier|เหรียญตราซานทีพี]","可能掉落 [IncursionMedallionAddRoom|烏爾摩堤聖徽] 或 [IncursionMedallionAddTempleModifier|善堤比聖徽]"
8,4,4,"commander_lvl4","","","","","","","","","","","Commander's Station","Commander's Station","Kommandostand","司令官の駐屯所","지휘관 주둔지","Estação do Comandante","Пост командира","Estación del comandante","สถานีผู้บัญชาการ","指揮官站點","Art/Textures/Interface/2D/2DArt/UIImages/InGame/Incursion2/RoomIcons/IconCommander.dds",14757,[40],"May drop [IncursionMedallionAddRoom|Uromoti's Medallion] or [IncursionMedallionAddTempleModifier|Zantipi's Medallion]","May drop [IncursionMedallionAddRoom|Uromoti's Medallion] or [IncursionMedallionAddTempleModifier|Zantipi's Medallion]","Kann [IncursionMedallionAddRoom|Uromotis Medaillon] oder [IncursionMedallionAddTempleModifier|Zantipis Medaillon] fallen lassen","[IncursionMedallionAddRoom|ウロモティのメダリオン]または[IncursionMedallionAddTempleModifier|ザンティピのメダリオン]をドロップすることがある","[IncursionMedallionAddRoom|우로모티의 메달리온] 또는 [IncursionMedallionAddTempleModifier|잔티피의 메달리온]이 나올 수 있음","Pode largar o [IncursionMedallionAddRoom|Medalhão de Uromoti] ou [IncursionMedallionAddTempleModifier|Medalhão de Zantipi]","Можно найти [IncursionMedallionAddRoom|Медальон Уромоти] или [IncursionMedallionAddTempleModifier|Медальон Зантипи]","Puede dar un [IncursionMedallionAddRoom|Medallón de Uromoti] o un [IncursionMedallionAddTempleModifier|Medallón de Zantipi]","อาจดรอป[IncursionMedallionIncreaseRoomTier|เหรียญตราอูรูมอที]หรือ[IncursionMedallionAddTempleModifier|เหรียญตราซานทีพี]","可能掉落 [IncursionMedallionAddRoom|烏爾摩堤聖徽] 或 [IncursionMedallionAddTempleModifier|善堤比聖徽]"
9,5,1,"armoury_lvl1","Contains [Equipment]","Contient de l'[Equipment|Équipement]","Enthält [Equipment|Ausrüstung]","[Equipment|装備品]が出現する","[Equipment|장비] 포함","Contém [Equipment|equipamentos]","Содержит [Equipment|снаряжение]","Contiene [Equipment|equipamientos]","มี[Equipment|ไอเทมสวมใส่]","包含[Equipment|裝備]","Depot","Dépôt","Lagerhalle","保管場所","창고","Depósito","Склад","Depósito de armas","ที่เก็บอาวุธ","倉庫","Art/Textures/Interface/2D/2DArt/UIImages/InGame/Incursion2/RoomIcons/IconArmoury.dds",14758,[10],"","","","","","","","","",""
10,5,2,"armoury_lvl2","Contains [Equipment]","Contient de l'[Equipment|Équipement]","Enthält [Equipment|Ausrüstung]","[Equipment|装備品]が出現する","[Equipment|장비] 포함","Contém [Equipment|equipamentos]","Содержит [Equipment|снаряжение]","Contiene [Equipment|equipamientos]","มี[Equipment|ไอเทมสวมใส่]","包含[Equipment|裝備]","Arsenal","Arsenal","Arsenal","武器庫","병기창","Depósito de Armas","Арсенал","Arsenal","คลังสรรพาวุธ","軍械室","Art/Textures/Interface/2D/2DArt/UIImages/InGame/Incursion2/RoomIcons/IconArmoury.dds",14758,[25],"","","","","","","","","",""
11,5,3,"armoury_lvl3","Contains [Rarity|Rare] [Equipment]","Contient de l'[Equipment|Équipement] [Rarity|Rare]","Enthält [Rarity|seltene] [Equipment|Ausrüstung]","[Rarity|レア]の[Equipment|装備品]が出現する","[Rarity|희귀] [Equipment|장비] 포함","Contém [Equipment|equipamentos] [Rarity|raros]","Содержит [Rarity|редкое] [Equipment|снаряжение]","Contiene [Equipment|equipamientos] [Rarity|raros]","มี[Equipment|ไอเทมสวมใส่][Rarity|แรร์]","包含[Rarity|稀有][Equipment|裝備]","Gallery","Galerie","Galerie","展示室","회랑","Galeria","Галерея","Galería","หอแสดงเครื่องศึก","畫廊","Art/Textures/Interface/2D/2DArt/UIImages/InGame/Incursion2/RoomIcons/IconArmoury.dds",14758,[35],"","","","","","","","","",""
12,5,4,"armoury_lvl4","Contains [Rarity|Rare] [Equipment]","Contient de l'[Equipment|Équipement] [Rarity|Rare]","Enthält [Rarity|seltene] [Equipment|Ausrüstung]","[Rarity|レア]の[Equipment|装備品]が出現する","[Rarity|희귀] [Equipment|장비] 포함","Contém [Equipment|equipamentos] [Rarity|raros]","Содержит [Rarity|редкое] [Equipment|снаряжение]","Contiene [Equipment|equipo] [Rarity|raro]","มี[Equipment|ไอเทมสวมใส่][Rarity|แรร์]","包含[Rarity|稀有][Equipment|裝備]","Royal Reserves","Royal Reserves","Königliche Reserven","王家の備蓄庫","왕실 비축고","Reservas Régias","Царские резервы","Reservas reales","ยุทโธปกรณ์ราชสำนัก","皇家後備","Art/Textures/Interface/2D/2DArt/UIImages/InGame/Incursion2/RoomIcons/IconArmoury.dds",14758,[40],"","","","","","","","","",""
13,6,1,"smithy_lvl1","Contains the Forging Workbench which can be used to improve [Quality] of [Equipment]","Contient l'Établi de forgeage, qui peut être utilisé pour améliorer la [Quality|Qualité] de l'[Equipment|Équipement]","Enthält die Schmiedende Werkbank, die die [Quality|Qualität] von [Equipment|Ausrüstung] verbessert","[Equipment|装備品]の品質を向上させるフォージングベンチが出現する","사용 시 [Equipment|장비] [Quality|퀄리티]를 올려 주는 제련 작업대 포함","Contém a Bancada de Forja, que pode ser usada para melhorar a [Quality|qualidade] do [Equipment|equipamento]","Содержит верстак для ковки, повышающий [Quality|качество] [Equipment|снаряжения]","Contiene la Mesa de trabajo de forja que se puede usar para mejorar la [Quality|calidad] del [Equipment|equipamiento]","มีโต๊ะทำงานหลอมที่เพิ่ม[Quality|ค่าคุณภาพ]ให้กับ[Equipment|ไอเทมสวมใส่]","包含鍛造工藝台，可用於提升[Equipment|裝備]的[Quality|品質]。","Bronzeworks","Atelier de bronze","Bronzewerk","青銅工房","청동세공실","Fundição de Bronze","Бронзовая литейная","Obras de bronce","ห้องงานทองแดง","青銅工坊","Art/Textures/Interface/2D/2DArt/UIImages/InGame/Incursion2/RoomIcons/IconSmithy.dds",14759,[15],"May drop [IncursionMedallionIncreaseRoomTier|Quipolatl's Medallion] or [IncursionMedallionAddRoom|Uromoti's Medallion]","Peut céder un [IncursionMedallionIncreaseRoomTier|Médaillon de Quipolatl] ou un [IncursionMedallionAddRoom|Médaillon d'Uromoti]","Kann [IncursionMedallionIncreaseRoomTier|Quipolatls Medaillon] oder [IncursionMedallionAddRoom|Uromotis Medaillon] fallen lassen","[IncursionMedallionIncreaseRoomTier|キポラトルのメダリオン]または[IncursionMedallionAddRoom|ウロモティのメダリオン]をドロップすることがある","[IncursionMedallionIncreaseRoomTier|퀴폴라틀의 메달리온] 또는 [IncursionMedallionAddRoom|우로모티의 메달리온]이 나올 수 있음","Pode largar o [IncursionMedallionIncreaseRoomTier|Medalhão de Quipolatl] ou [IncursionMedallionAddRoom|Medalhão de Uromoti]","Можно найти [IncursionMedallionIncreaseRoomTier|Медальон Квиполатля] или [IncursionMedallionAddRoom|Медальон Уромоти]","Puede dar un [IncursionMedallionIncreaseRoomTier|Medallón de Quipolatl] o un [IncursionMedallionAddRoom|Medallón de Uromoti]","อาจดรอป[IncursionMedallionIncreaseRoomTier|เหรียญตราคุยโปลาทัล]หรือ[IncursionMedallionIncreaseRoomTier|เหรียญตราอูรูมอที]","可能掉落 [IncursionMedallionIncreaseRoomTier|克特帕托聖徽] 或 [IncursionMedallionAddRoom|烏爾摩堤聖徽]"
14,6,2,"smithy_lvl2","Contains the Forging Mechanism which can be used to add an [Augment] socket to [Equipment]","Contient le Mécanisme de forgeage, qui peut être utilisé pour ajouter une châsse d'[Augment|Augmentation] à un objet d'[Equipment|Équipement]","Enthält den Schmiedenden Mechanismus, der [Equipment|Ausrüstung] eine [Augment|Augmentations]fassung hinzufügt","[Equipment|装備品]に[Augment|オーグメント]ソケットを1個追加するフォージング装置","사용 시 [Equipment|장비]에 [Augment|증강물] 홈을 추가해 주는 제련 기계 장치 포함","Contém o Mecanismo de Forja, que pode ser usado para adicionar um encaixe de [Augment|aprimoramento] a um [Equipment|equipamento]","Содержит механизм ковки, добавляющий гнёздо для [Augment|усилителей] на [Equipment|снаряжение]","Contiene el Mecanismo de forja que se puede usar para agregar un engarce de [Augment|mejora] al [Equipment|equipamiento]","มีกลไกหลอมที่ใส่รู[Augment|วัตถุฝัง] 1 รู ให้กับ[Equipment|ไอเทมสวมใส่]","包含鍛造機關，可用於為[Equipment|裝備]增加一個[Augment|增幅]插槽。","Chamber of Iron","Chambre du fer","Eisenkammer","鉄の間","방어구의 방","Câmara de Ferro","Железный зал","Cámara de hierro","ห้องเหล็กกล้า","鋼鍛之室","Art/Textures/Interface/2D/2DArt/UIImages/InGame/Incursion2/RoomIcons/IconSmithy.dds",14759,[30],"May drop [IncursionMedallionIncreaseRoomTier|Quipolatl's Medallion] or [IncursionMedallionAddRoom|Uromoti's Medallion]","Peut céder un [IncursionMedallionIncreaseRoomTier|Médaillon de Quipolatl] ou un [IncursionMedallionAddRoom|Médaillon d'Uromoti]","Kann [IncursionMedallionIncreaseRoomTier|Quipolatls Medaillon] oder [IncursionMedallionAddRoom|Uromotis Medaillon] fallen lassen","[IncursionMedallionIncreaseRoomTier|キポラトルのメダリオン]または[IncursionMedallionAddRoom|ウロモティのメダリオン]をドロップすることがある","[IncursionMedallionIncreaseRoomTier|퀴폴라틀의 메달리온] 또는 [IncursionMedallionAddRoom|우로모티의 메달리온]이 나올 수 있음","Pode largar o [IncursionMedallionIncreaseRoomTier|Medalhão de Quipolatl] ou [IncursionMedallionAddRoom|Medalhão de Uromoti]","Можно найти [IncursionMedallionIncreaseRoomTier|Медальон Квиполатля] или [IncursionMedallionAddRoom|Медальон Уромоти]","Puede dar un [IncursionMedallionIncreaseRoomTier|Medallón de Quipolatl] o un [IncursionMedallionAddRoom|Medallón de Uromoti]","อาจดรอป[IncursionMedallionIncreaseRoomTier|เหรียญตราคุยโปลาทัล]หรือ[IncursionMedallionIncreaseRoomTier|เหรียญตราอูรูมอที]","可能掉落 [IncursionMedallionIncreaseRoomTier|克特帕托聖徽] 或 [IncursionMedallionAddRoom|烏爾摩堤聖徽]"
15,6,3,"smithy_lvl3","Contains the Masterwork Forge which can be used to increase the [Quality] of an [Equipment] item that already has 20% [Quality]","Contient la Forge magistrale, qui peut être utilisée pour augmenter la [Quality|Qualité] d'un objet d'[Equipment|Équipement] ayant déjà 20% de [Quality|Qualité]","Enthält die Meisterwerksschmiede, die die [Quality|Qualität] eines [Equipment|Ausrüstungs]gegenstands, der bereits über 20% [Quality|Qualität] verfügt, erhöht","すでに20%の[Quality|品質]を持つ[Equipment|装備品]の[Quality|品質]を20%を超えて向上させることが可能になる傑作鍛冶装置が出現する","사용 시 이미 [Quality|퀄리티]가 20%인 [Equipment|장비] 아이템의 [Quality|퀄리티]를 증가시키는 걸작 제련소 포함","Contém a Forja Obra-prima, que pode ser usada para aumentar a [Quality|qualidade] de um [Equipment|equipamento] que já tem 20% de [Quality|qualidade]","Содержит кузницу мастера, повышающую [Quality|качество] предмета [Equipment|снаряжения], уже обладающего 20% [Quality|качеством]","Contiene la Forja de obras maestras que se puede usar para aumentar la [Quality|calidad] de una pieza de [Equipment|equipamiento] que ya tenga un 20% de [Quality|calidad]","มีเตาหลอมชิ้นเอกที่เพิ่ม[Quality|ค่าคุณภาพ]ของ[Equipment|ไอเทมสวมใส่]ให้กับไอเทมที่มี[Quality|ค่าคุณภาพ] 20% ได้","包含傑作熔爐，可用於提升已達 20% [Quality|品質]的[Equipment|裝備]物品[Quality|品質]。","Golden Forge","Forge dorée","Goldene Schmiede","黄金工房","황금 대장간","Forja de Ouro","Золотая кузня","Forja de oro","โรงหลอมทองคำ","黃金熔爐","Art/Textures/Interface/2D/2DArt/UIImages/InGame/Incursion2/RoomIcons/IconSmithy.dds",14759,[45],"May drop [IncursionMedallionPreventDestabilise|Juatalotli's Medallion], [IncursionMedallionRerollRestrictedRoom|Hayoxi's Medallion], [IncursionMedallionAddRoom|Uromoti's Medallion], [IncursionMedallionAddAdditionalRestrictedRoom|Estazunti's Medallion] or [IncursionMedallionAddTempleModifier|Zantipi's Medallion]","Peut céder un [IncursionMedallionPreventDestabilise|Médaillon de Juatalotli], un [IncursionMedallionRerollRestrictedRoom|Médaillon d'Hayoxi], un [IncursionMedallionAddRoom|Médaillon d'Uromoti], un [IncursionMedallionAddAdditionalRestrictedRoom|Médaillon d'Estazunti] ou un [IncursionMedallionAddTempleModifier|Médaillon de Zantipi]","Kann [IncursionMedallionPreventDestabilise|Juatalotlis Medaillon], [IncursionMedallionRerollRestrictedRoom|Hayoxis Medaillon], [IncursionMedallionAddRoom|Uromotis Medaillon], [IncursionMedallionAddAdditionalRestrictedRoom|Estazuntis Medaillon] oder [IncursionMedallionAddTempleModifier|Zantipis Medaillon] fallen lassen","[IncursionMedallionPreventDestabilise|フアタロトリのメダリオン]、[IncursionMedallionRerollRestrictedRoom|ハヨキのメダリオン]、[IncursionMedallionAddRoom|ウロモティのメダリオン]、[IncursionMedallionAddAdditionalRestrictedRoom|エスタズンティのメダリオン]または[IncursionMedallionAddTempleModifier|ザンティピのメダリオン]をドロップすることがある","[IncursionMedallionPreventDestabilise|주앗탈로틀리의 메달리온], [IncursionMedallionRerollRestrictedRoom|하욕시의 메달리온], [IncursionMedallionAddRoom|우로모티의 메달리온], [IncursionMedallionMaximumCrystalCapacity|조펙의 메달리온], [IncursionMedallionMaximumMedallionCapacity|아즈카파의 메달리온], [IncursionMedallionAddAdditionalRestrictedRoom|에스타준티의 메달리온] 또는 [IncursionMedallionAddTempleModifier|잔티피의 메달리온]이 나올 수 있음","Pode largar o [IncursionMedallionPreventDestabilise|Medalhão de Juatalotli], [IncursionMedallionRerollRestrictedRoom|Medalhão de Hayoxi], [IncursionMedallionAddRoom|Medalhão de Uromoti], [IncursionMedallionAddAdditionalRestrictedRoom|Medalhão de Estazunti] ou [IncursionMedallionAddTempleModifier|Medalhão de Zantipi]","Можно найти [IncursionMedallionPreventDestabilise|Медальон Ваталотли], [IncursionMedallionRerollRestrictedRoom|Медальон Хайоши], [IncursionMedallionAddRoom|Медальон Уромоти], [IncursionMedallionAddAdditionalRestrictedRoom|Медальон Эстазунти] или [IncursionMedallionAddTempleModifier|Медальон Зантипи]","Puede dar un [IncursionMedallionPreventDestabilise|Medallón de Juatalotli], un [IncursionMedallionRerollRestrictedRoom|Medallón de Hayoxi], un [IncursionMedallionAddRoom|Medallón de Uromoti], un [IncursionMedallionAddAdditionalRestrictedRoom|Medallón de Estazunti] o un [IncursionMedallionAddTempleModifier|Medallón de Zantipi]","อาจดรอป[IncursionMedallionPreventDestabilise|เหรียญตราฮัวตาล็อตลี], [IncursionMedallionRerollRestrictedRoom|เหรียญตราเฮโยคี], [IncursionMedallionAddRoom|เหรียญตราอูรูมอที], [IncursionMedallionAddAdditionalRestrictedRoom|เหรียญตราเอสตาซุนที] หรือ[IncursionMedallionAddTempleModifier|เหรียญตราซานทีพี]","可能掉落 [IncursionMedallionPreventDestabilise|瓦爾羅特聖徽]、[IncursionMedallionRerollRestrictedRoom|荷霖蔡聖徽]、[IncursionMedallionAddRoom|烏爾摩堤聖徽]、[IncursionMedallionAddAdditionalRestrictedRoom|艾斯祖太聖徽] 或 [IncursionMedallionAddTempleModifier|善堤比聖徽]"
16,6,4,"smithy_lvl4","Contains the Masterwork Forge which can be used to increase the [Quality] of an [Equipment] item that already has 20% [Quality]\r\n[Rarity|Unique] Boss drops additional Infusers","Contains the Masterwork Forge which can be used to increase the [Quality] of an [Equipment] item that already has 20% [Quality]\r\n[Rarity|Unique] Boss drops additional Infusers","Enthält die Meisterwerksschmiede, die die [Quality|Qualität] eines [Equipment|Ausrüstungs]gegenstands, der bereits über 20% [Quality|Qualität] verfügt, erhöht\r\n[Rarity|Einzigartige] Bosse lassen zusätzliche Verstärker fallen","すでに20%の[Quality|品質]を持つ[Equipment|装備品]の[Quality|品質]を20%を超えて向上させることが可能になる傑作鍛冶装置が出現する\r\n[Rarity|ユニーク]ボスは追加でインフューザーをドロップする","사용 시 이미 [Quality|퀄리티]가 20%인 [Equipment|장비] 아이템의 [Quality|퀄리티]를 증가시키는 걸작 제련소 포함\r\n[Rarity|고유] 보스가 주입기를 추가로 떨어뜨림","Contém a Forja Obra-prima, que pode ser usada para aumentar a [Quality|qualidade] de um [Equipment|equipamento] que já tem 20% de [Quality|qualidade]\r\nO chefe [Rarity|único] larga infusores adicionais","Содержит кузницу мастера, повышающую [Quality|качество] предмета [Equipment|снаряжения], уже обладающего 20% [Quality|качеством]","Contiene la Forja de obras maestras, que se puede usar para aumentar la [Quality|calidad] de un [Equipment|equipo] que ya tiene 20% de [Quality|calidad]\r\nLos jefes [Rarity|únicos] arrojan infusores adicionales","มีเตาหลอมชิ้นเอกที่เพิ่ม[Quality|ค่าคุณภาพ]ของ[Equipment|ไอเทมสวมใส่]ให้กับไอเทมที่มี[Quality|ค่าคุณภาพ] 20% ได้\r\nบอส[Rarity|ยูนิค]ดรอปเครื่องถ่ายพลังเพิ่มเติม","包含傑作熔爐，可用於提升已達 20% [Quality|品質]的[Equipment|裝備]物品[Quality|品質]\r\n[Rarity|傳奇]頭目掉落額外的注入器","Immaculate Forge","Immaculate Forge","Makellose Schmiede","無垢なる鍛冶場","완전무결한 대장간","Forja Imaculada","Безупречная кузня","Forja inmaculada","โรงหลอมไร้ราคี","完美熔爐","Art/Textures/Interface/2D/2DArt/UIImages/InGame/Incursion2/RoomIcons/IconSmithy.dds",14759,[50],"May drop [IncursionMedallionPreventDestabilise|Juatalotli's Medallion], [IncursionMedallionRerollRestrictedRoom|Hayoxi's Medallion], [IncursionMedallionAddRoom|Uromoti's Medallion], [IncursionMedallionAddAdditionalRestrictedRoom|Estazunti's Medallion] or [IncursionMedallionAddTempleModifier|Zantipi's Medallion]","May drop [IncursionMedallionPreventDestabilise|Juatalotli's Medallion], [IncursionMedallionRerollRestrictedRoom|Hayoxi's Medallion], [IncursionMedallionAddRoom|Uromoti's Medallion], [IncursionMedallionAddAdditionalRestrictedRoom|Estazunti's Medallion] or [IncursionMedallionAddTempleModifier|Zantipi's Medallion]","Kann [IncursionMedallionPreventDestabilise|Juatalotlis Medaillon], [IncursionMedallionRerollRestrictedRoom|Hayoxis Medaillon], [IncursionMedallionAddRoom|Uromotis Medaillon], [IncursionMedallionAddAdditionalRestrictedRoom|Estazuntis Medaillon] oder [IncursionMedallionAddTempleModifier|Zantipis Medaillon] fallen lassen","[IncursionMedallionPreventDestabilise|フアタロトリのメダリオン]、[IncursionMedallionRerollRestrictedRoom|ハヨキのメダリオン]、[IncursionMedallionAddRoom|ウロモティのメダリオン]、[IncursionMedallionAddAdditionalRestrictedRoom|エスタズンティのメダリオン]または[IncursionMedallionAddTempleModifier|ザンティピのメダリオン]をドロップすることがある","[IncursionMedallionPreventDestabilise|주앗탈로틀리의 메달리온], [IncursionMedallionRerollRestrictedRoom|하욕시의 메달리온], [IncursionMedallionAddRoom|우로모티의 메달리온], [IncursionMedallionAddAdditionalRestrictedRoom|에스타준티의 메달리온] 또는 [IncursionMedallionAddTempleModifier|잔티피의 메달리온]이 나올 수 있음","Pode largar o [IncursionMedallionPreventDestabilise|Medalhão de Juatalotli], [IncursionMedallionRerollRestrictedRoom|Medalhão de Hayoxi], [IncursionMedallionAddRoom|Medalhão de Uromoti], [IncursionMedallionAddAdditionalRestrictedRoom|Medalhão de Estazunti] ou [IncursionMedallionAddTempleModifier|Medalhão de Zantipi]","Можно найти [IncursionMedallionPreventDestabilise|Медальон Ваталотли], [IncursionMedallionRerollRestrictedRoom|Медальон Хайоши], [IncursionMedallionAddRoom|Медальон Уромоти], [IncursionMedallionAddAdditionalRestrictedRoom|Медальон Эстазунти] или [IncursionMedallionAddTempleModifier|Медальон Зантипи]","Puede dar un [IncursionMedallionPreventDestabilise|Medallón de Juatalotli], un [IncursionMedallionRerollRestrictedRoom|Medallón de Hayoxi], un [IncursionMedallionAddRoom|Medallón de Uromoti], un [IncursionMedallionAddAdditionalRestrictedRoom|Medallón de Estazunti] o un [IncursionMedallionAddTempleModifier|Medallón de Zantipi]","อาจดรอป[IncursionMedallionPreventDestabilise|เหรียญตราฮัวตาล็อตลี], [IncursionMedallionRerollRestrictedRoom|เหรียญตราเฮโยคี], [IncursionMedallionAddRoom|เหรียญตราอูรูมอที], [IncursionMedallionAddAdditionalRestrictedRoom|เหรียญตราเอสตาซุนที] หรือ[IncursionMedallionAddTempleModifier|เหรียญตราซานทีพี]","可能掉落 [IncursionMedallionPreventDestabilise|瓦爾羅特聖徽]、[IncursionMedallionRerollRestrictedRoom|荷霖蔡聖徽]、[IncursionMedallionAddRoom|烏爾摩堤聖徽]、[IncursionMedallionAddAdditionalRestrictedRoom|艾斯祖太聖徽] 或 [IncursionMedallionAddTempleModifier|善堤比聖徽]"
17,7,1,"generator_lvl1","Provides [IncursionPower|Power] to nearby rooms, increasing in distance with Room tier","Fournit de l'[IncursionPower|Énergie] aux salles proches. Chaque Palier de Salle augmente la portée","Versorgt Räume im Umkreis mit [IncursionPower|Antriebskraft]; Reichweite steigt mit Level","近くの部屋に[IncursionPower|電力]を供給し、ティアが上がるごとに範囲が増加する","주변의 방에 [IncursionPower|동력]을 공급하며, 방 등급이 높아지면 거리가 증가함","Fornece [IncursionPower|energia] às salas próximas, aumentando a distância conforme o nível da sala","Обеспечивает соседние залы [IncursionPower|энергией], радиус растёт с уровнем","Proporciona [IncursionPower|energía] a las salas cercanas, y aumenta su alcance con cada nivel de sala.","ให้[IncursionPower|พลังงาน]กับห้องที่อยู่ใกล้ มีระยะเพิ่มขึ้นตามระดับของห้อง","提供[IncursionPower|電力]給附近的房間，範圍隨房間階級提升","Dynamo","Dynamo","Dynamo","ダイナモ","발전기","Dínamo","Динамо-машина","Dinamo","ไดนาโม","發電機房","Art/Textures/Interface/2D/2DArt/UIImages/InGame/Incursion2/RoomIcons/IconGenerator.dds",14765,"[10,0]","","","","","","","","","",""
18,7,2,"generator_lvl2","Provides [IncursionPower|Power] to nearby rooms, increasing in distance with Room tier","Fournit de l'[IncursionPower|Énergie] aux salles proches. Chaque Palier de Salle augmente la portée","Versorgt Räume im Umkreis mit [IncursionPower|Antriebskraft]; Reichweite steigt mit Level","近くの部屋に[IncursionPower|電力]供給し、ティアが上がるごとに範囲が増加する","주변의 방에 [IncursionPower|동력]을 공급하며, 방 등급이 높아지면 거리가 증가함","Fornece [IncursionPower|energia] às salas próximas, aumentando a distância conforme o nível da sala","Обеспечивает соседние залы [IncursionPower|энергией], радиус растёт с уровнем","Proporciona [IncursionPower|energía] a las salas cercanas, y aumenta su alcance con cada nivel de sala.","ให้[IncursionPower|พลังงาน]กับห้องที่อยู่ใกล้ มีระยะเพิ่มขึ้นตามระดับของห้อง","提供[IncursionPower|電力]給附近的房間，範圍隨房間階級提升","Shrine of Empowerment","Sanctuaire du pouvoir","Schrein der Ermächtigung","強化の祭壇","강화의 성소","Altar de Fortalecimento","Алтарь усиления","Santuario de potenciación","แท่นบูชา​แห่ง​การ​เพิ่มพลัง","恩賜神殿","Art/Textures/Interface/2D/2DArt/UIImages/InGame/Incursion2/RoomIcons/IconGenerator.dds",14765,"[25,0]","","","","","","","","","",""
19,7,3,"generator_lvl3","Provides [IncursionPower|Power] to nearby rooms, increasing in distance with Room tier","Fournit de l'[IncursionPower|Énergie] aux salles proches. Chaque Palier de Salle augmente la portée","Versorgt Räume im Umkreis mit [IncursionPower|Antriebskraft]; Reichweite steigt mit Level","近くの部屋に[IncursionPower|電力]供給し、ティアが上がるごとに範囲が増加する","주변의 방에 [IncursionPower|동력]을 공급하며, 방 등급이 높아지면 거리가 증가함","Fornece [IncursionPower|energia] às salas próximas, aumentando a distância conforme o nível da sala","Обеспечивает соседние залы [IncursionPower|энергией], радиус растёт с уровнем","Proporciona [IncursionPower|energía] a las salas cercanas, y aumenta su alcance con cada nivel de sala.","ให้[IncursionPower|พลังงาน]กับห้องที่อยู่ใกล้ มีระยะเพิ่มขึ้นตามระดับของห้อง","提供[IncursionPower|電力]給附近的房間，範圍隨房間階級提升","Solar Nexus","Nexus solaire","Solarnexus","太陽の中心","태양의 연결부","Nexus Solar","Ядро солнца","Nexo solar","ศูนย์กลางแสงตะวัน","日耀匯流之間","Art/Textures/Interface/2D/2DArt/UIImages/InGame/Incursion2/RoomIcons/IconGenerator.dds",14765,"[35,1]","","","","","","","","","",""
20,7,4,"generator_lvl4","Provides [IncursionPower|Power] to nearby rooms, increasing in distance with Room tier","Fournit de l'[IncursionPower|Énergie] aux salles proches. Chaque Palier de Salle augmente la portée","Versorgt Räume im Umkreis mit [IncursionPower|Antriebskraft]; Reichweite steigt mit Level","近くの部屋に[IncursionPower|電力]供給し、ティアが上がるごとに範囲が増加する","주변의 방에 [IncursionPower|동력]을 공급하며, 방 등급이 높아지면 거리가 증가함","Fornece [IncursionPower|energia] às salas próximas, aumentando a distância conforme o nível da sala","Обеспечивает соседние залы [IncursionPower|энергией], радиус растёт с уровнем","Proporciona [IncursionPower|energía] a las salas cercanas, y aumenta su alcance con cada nivel de sala","ให้[IncursionPower|พลังงาน]กับห้องที่อยู่ใกล้ มีระยะเพิ่มขึ้นตามระดับของห้อง","提供[IncursionPower|電力]給附近的房間，範圍隨房間階級提升","Infinite Horizon","Infinite Horizon","Unendlicher Horizont","無限の地平","무한한 지평선","Horizonte Infinito","Бесконечный горизонт","Horizonte infinito","ขอบฟ้าอนันต์","無限地平線","Art/Textures/Interface/2D/2DArt/UIImages/InGame/Incursion2/RoomIcons/IconGenerator.dds",14765,"[40,1]","","","","","","","","","",""
21,8,1,"viperspymaster_lvl1","Room Tier can be increased by defeating other Spymasters","Le Palier de cette Salle peut être augmenté en éliminant d'autres Maîtres-espions","Raumlevel kann durch das Töten anderer Spionagemeister erhöht werden","他の密偵長を暗殺することで部屋のティアを上げることができる","다른 첩보대장을 쓰러뜨려 방 등급을 증가시킬 수 있음","Nível da sala pode ser aumentado ao derrotar outros mestres-espião","Уровень комнаты можно повысить, убивая других соглядатаев","Puedes aumentar el nivel de la sala derrotando a otros Maestros de espionaje","สามารถเพิ่มระดับของห้องได้ด้วยการสังหารนักจารชนคนอื่น","可刺殺其他情報大師以升級房間階級","Spymaster's Study","Bureau du maître-espion","Spionagemeister-Arbeitszimmer","密偵長の書斎","첩보대장의 서재","Escritório do Mestre-espião","Кабинет соглядатая","Estudio del maestro de espionaje","ห้องศึกษานักจารชน","情報師書房","Art/Textures/Interface/2D/2DArt/UIImages/InGame/Incursion2/RoomIcons/IconViperSpymaster.dds",15001,"[8,0]","May drop [IncursionMedallionPreventDestabilise|Juatalotli's Medallion], [IncursionMedallionIncreaseRoomTier|Quipolatl's Medallion] or [IncursionMedallionAddRoom|Uromoti's Medallion]","Peut céder un [IncursionMedallionPreventDestabilise|Médaillon de Juatalotli], un [IncursionMedallionIncreaseRoomTier|Médaillon de Quipolatl] ou un [IncursionMedallionAddRoom|Médaillon d'Uromoti]","Kann [IncursionMedallionPreventDestabilise|Juatalotlis Medaillon], [IncursionMedallionIncreaseRoomTier|Quipolatls Medaillon] oder [IncursionMedallionAddRoom|Uromotis Medaillon] fallen lassen","[IncursionMedallionPreventDestabilise|フアタロトリのメダリオン]、[IncursionMedallionIncreaseRoomTier|キポラトルのメダリオン]または[IncursionMedallionAddRoom|ウロモティのメダリオン]をドロップする","[IncursionMedallionPreventDestabilise|주앗탈로틀리의 메달리온], [IncursionMedallionIncreaseRoomTier|퀴폴라틀의 메달리온] 또는 [IncursionMedallionAddRoom|우로모티의 메달리온]이 나올 수 있음","Pode largar o [IncursionMedallionPreventDestabilise|Medalhão de Juatalotli], [IncursionMedallionIncreaseRoomTier|Medalhão de Quipolatl] ou [IncursionMedallionAddRoom|Medalhão de Uromoti]","Можно найти [IncursionMedallionPreventDestabilise|Медальон Ваталотли], [IncursionMedallionIncreaseRoomTier|Медальон Квиполатля] или [IncursionMedallionAddRoom|Медальон Уромоти]","Puede dar un [IncursionMedallionPreventDestabilise|Medallón de Juatalotli], un [IncursionMedallionIncreaseRoomTier|Medallón de Quipolatl] o un [IncursionMedallionAddRoom|Medallón de Uromoti]","อาจดรอป[IncursionMedallionPreventDestabilise|เหรียญตราฮัวตาล็อตลี], [IncursionMedallionIncreaseRoomTier|เหรียญตราคุยโปลาทัล] หรือ[IncursionMedallionAddRoom|เหรียญตราอูรูมอที]","可能掉落 [IncursionMedallionPreventDestabilise|瓦爾羅特聖徽]、[IncursionMedallionIncreaseRoomTier|克特帕托聖徽] 或 [IncursionMedallionAddRoom|烏爾摩堤聖徽]"
22,8,2,"viperspymaster_lvl2","Room Tier can be increased by defeating other Spymasters","Le Palier de cette Salle peut être augmenté en éliminant d'autres Maîtres-espions","Raumlevel kann durch das Töten anderer Spionagemeister erhöht werden","他の密偵長を暗殺することで部屋のティアを上げることができる","다른 첩보대장을 쓰러뜨려 방 등급을 증가시킬 수 있음","Nível da sala pode ser aumentado ao derrotar outros mestres-espião","Уровень комнаты можно повысить, убивая других соглядатаев","Puedes aumentar el nivel de la sala derrotando a otros Maestros de espionaje","สามารถเพิ่มระดับของห้องได้ด้วยการสังหารนักจารชนคนอื่น","可刺殺其他情報大師以升級房間階級","Hall of Shadows","Salle des ombres","Halle der Schatten","影の広間","그림자의 전당","Salão das Sombras","Зал теней","Salón de las sombras","โถงแห่งเงา","暗影大廳","Art/Textures/Interface/2D/2DArt/UIImages/InGame/Incursion2/RoomIcons/IconViperSpymaster.dds",15001,"[15,0]","May drop [IncursionMedallionPreventDestabilise|Juatalotli's Medallion], [IncursionMedallionIncreaseRoomTier|Quipolatl's Medallion] or [IncursionMedallionAddRoom|Uromoti's Medallion]","Peut céder un [IncursionMedallionPreventDestabilise|Médaillon de Juatalotli], un [IncursionMedallionIncreaseRoomTier|Médaillon de Quipolatl] ou un [IncursionMedallionAddRoom|Médaillon d'Uromoti]","Kann [IncursionMedallionPreventDestabilise|Juatalotlis Medaillon], [IncursionMedallionIncreaseRoomTier|Quipolatls Medaillon] oder [IncursionMedallionAddRoom|Uromotis Medaillon] fallen lassen","[IncursionMedallionPreventDestabilise|フアタロトリのメダリオン]、[IncursionMedallionIncreaseRoomTier|キポラトルのメダリオン]または[IncursionMedallionAddRoom|ウロモティのメダリオン]をドロップする","[IncursionMedallionPreventDestabilise|주앗탈로틀리의 메달리온], [IncursionMedallionIncreaseRoomTier|퀴폴라틀의 메달리온] 또는 [IncursionMedallionAddRoom|우로모티의 메달리온]이 나올 수 있음","Pode largar o [IncursionMedallionPreventDestabilise|Medalhão de Juatalotli], [IncursionMedallionIncreaseRoomTier|Medalhão de Quipolatl] ou [IncursionMedallionAddRoom|Medalhão de Uromoti]","Можно найти [IncursionMedallionPreventDestabilise|Медальон Ваталотли], [IncursionMedallionIncreaseRoomTier|Медальон Квиполатля] или [IncursionMedallionAddRoom|Медальон Уромоти]","Puede dar un [IncursionMedallionPreventDestabilise|Medallón de Juatalotli], un [IncursionMedallionIncreaseRoomTier|Medallón de Quipolatl] o un [IncursionMedallionAddRoom|Medallón de Uromoti]","อาจดรอป[IncursionMedallionPreventDestabilise|เหรียญตราฮัวตาล็อตลี], [IncursionMedallionIncreaseRoomTier|เหรียญตราคุยโปลาทัล] หรือ[IncursionMedallionAddRoom|เหรียญตราอูรูมอที]","可能掉落 [IncursionMedallionPreventDestabilise|瓦爾羅特聖徽]、[IncursionMedallionIncreaseRoomTier|克特帕托聖徽] 或 [IncursionMedallionAddRoom|烏爾摩堤聖徽]"
23,8,3,"viperspymaster_lvl3","Room Tier can be increased by defeating other Spymasters","Le Palier de cette Salle peut être augmenté en éliminant d'autres Maîtres-espions","Raumlevel kann durch das Töten anderer Spionagemeister erhöht werden","他の密偵長を暗殺することで部屋のティアを上げることができる","다른 첩보대장을 쓰러뜨려 방 등급을 증가시킬 수 있음","Nível da sala pode ser aumentado ao derrotar outros mestres-espião","Уровень комнаты можно повысить, убивая других соглядатаев","El nivel de la sala se puede aumentar derrotando a otros Maestros de espionaje","สามารถเพิ่มระดับของห้องได้ด้วยการสังหารนักจารชนคนอื่น","可刺殺其他情報大師以升級房間階級","Omnipresent Panopticon","Panopticon omniprésent","Omnipräsentes Panoptikum","遍在するパノプティコン","편재의 원형 감옥","Panóptico Onipresente","Всеведущий паноптикум","Panóptico omnipresente","หอหยั่งรู้สรรพสิ่ง","全知監視塔","Art/Textures/Interface/2D/2DArt/UIImages/InGame/Incursion2/RoomIcons/IconViperSpymaster.dds",15001,"[22,1]","May drop [IncursionMedallionPreventDestabilise|Juatalotli's Medallion], [IncursionMedallionAddRoom|Uromoti's Medallion] or [IncursionMedallionRerollRoomCards|Puhuarte's Medallion]","Peut céder un [IncursionMedallionPreventDestabilise|Médaillon de Juatalotli], un [IncursionMedallionAddRoom|Médaillon d'Uromoti], ou un [IncursionMedallionRerollRoomCards|Médaillon de Puhuarte]","Kann [IncursionMedallionPreventDestabilise|Juatalotlis Medaillon], [IncursionMedallionAddRoom|Uromotis Medaillon] oder [IncursionMedallionRerollRoomCards|Puhuartes Medaillon] fallen lassen","[IncursionMedallionPreventDestabilise|フアタロトリのメダリオン]、[IncursionMedallionAddRoom|ウロモティのメダリオン]または[IncursionMedallionRerollRoomCards|プフアテのメダリオン]をドロップすることがある","[IncursionMedallionPreventDestabilise|주앗탈로틀리의 메달리온], [IncursionMedallionAddRoom|우로모티의 메달리온], [IncursionMedallionMaximumCrystalCapacity|조펙의 메달리온], [IncursionMedallionMaximumMedallionCapacity|아즈카파의 메달리온] 또는 [IncursionMedallionRerollRoomCards|푸후알테의 메달리온]이 나올 수 있음","Pode largar o [IncursionMedallionPreventDestabilise|Medalhão de Juatalotli], [IncursionMedallionAddRoom|Medalhão de Uromoti] ou [IncursionMedallionRerollRoomCards|Medalhão de Puhuarte]","Можно найти [IncursionMedallionPreventDestabilise|Медальон Ваталотли], [IncursionMedallionAddRoom|Медальон Уромоти] или [IncursionMedallionRerollRoomCards|Медальон Пухварте]","Puede dar un [IncursionMedallionPreventDestabilise|Medallón de Juatalotli], un [IncursionMedallionAddRoom|Medallón de Uromoti] o un [IncursionMedallionRerollRoomCards|Medallón de Puhuarte]","อาจดรอป[IncursionMedallionPreventDestabilise|เหรียญตราฮัวตาล็อตลี], [IncursionMedallionAddRoom|เหรียญตราอูรูมอที] หรือ[IncursionMedallionRerollRoomCards|เหรียญตราพูฮวาเท]","可能掉落 [IncursionMedallionPreventDestabilise|瓦爾羅特聖徽]、[IncursionMedallionAddRoom|烏爾摩堤聖徽] 或 [IncursionMedallionRerollRoomCards|普希瓦爾聖徽]"
24,8,4,"viperspymaster_lvl4","","","","","","","","","","","Espionage Core","Espionage Core","Kernbereich Spionage","諜報の中枢","첩보 중심부","Centro de Espionagem","Центр шпионажа","Núcleo de espionaje","แกนจารกรรม","諜報核心","Art/Textures/Interface/2D/2DArt/UIImages/InGame/Incursion2/RoomIcons/IconViperSpymaster.dds",15001,"[25,1]","May drop [IncursionMedallionPreventDestabilise|Juatalotli's Medallion], [IncursionMedallionAddRoom|Uromoti's Medallion] or [IncursionMedallionRerollRoomCards|Puhuarte's Medallion]","May drop [IncursionMedallionPreventDestabilise|Juatalotli's Medallion], [IncursionMedallionAddRoom|Uromoti's Medallion] or [IncursionMedallionRerollRoomCards|Puhuarte's Medallion]","Kann [IncursionMedallionPreventDestabilise|Juatalotlis Medaillon], [IncursionMedallionAddRoom|Uromotis Medaillon] oder [IncursionMedallionRerollRoomCards|Puhuartes Medaillon] fallen lassen","[IncursionMedallionPreventDestabilise|フアタロトリのメダリオン]、[IncursionMedallionAddRoom|ウロモティのメダリオン]または[IncursionMedallionRerollRoomCards|プフアテのメダリオン]をドロップすることがある","[IncursionMedallionPreventDestabilise|주앗탈로틀리의 메달리온], [IncursionMedallionAddRoom|우로모티의 메달리온] 또는 [IncursionMedallionRerollRoomCards|푸후알테의 메달리온]이 나올 수 있음","Pode largar o [IncursionMedallionPreventDestabilise|Medalhão de Juatalotli], [IncursionMedallionAddRoom|Medalhão de Uromoti] ou [IncursionMedallionRerollRoomCards|Medalhão de Puhuarte]","Можно найти [IncursionMedallionPreventDestabilise|Медальон Ваталотли], [IncursionMedallionAddRoom|Медальон Уромоти] или [IncursionMedallionRerollRoomCards|Медальон Пухварте]","Puede dar un [IncursionMedallionPreventDestabilise|Medallón de Juatalotli], un [IncursionMedallionAddRoom|Medallón de Uromoti] o un [IncursionMedallionRerollRoomCards|Medallón de Puhuarte]","อาจดรอป[IncursionMedallionPreventDestabilise|เหรียญตราฮัวตาล็อตลี], [IncursionMedallionAddRoom|เหรียญตราอูรูมอที] หรือ[IncursionMedallionRerollRoomCards|เหรียญตราพูฮวาเท]","可能掉落 [IncursionMedallionPreventDestabilise|瓦爾羅特聖徽]、[IncursionMedallionAddRoom|烏爾摩堤聖徽] 或 [IncursionMedallionRerollRoomCards|普希瓦爾聖徽]"
25,9,2,"viperlegionbarracks_lvl2","","","","","","","","","","","Viper's Loyals","Fidèles de la Vipère","Viperngetreue","ヴァイパーの側近","독사의 충신들","Leais da Víbora","Полк Гадюки","Leales a la víbora","กลุ่มผู้ภักดีแก่อสรพิษ","毒蛇營房","Art/Textures/Interface/2D/2DArt/UIImages/InGame/Incursion2/RoomIcons/IconViperLegionBarracks.dds",14760,[25],"May drop [IncursionMedallionIncreaseRoomTier|Quipolatl's Medallion] or [IncursionMedallionAddRoom|Uromoti's Medallion]","Peut céder un [IncursionMedallionIncreaseRoomTier|Médaillon de Quipolatl] ou un [IncursionMedallionAddRoom|Médaillon d'Uromoti]","Kann [IncursionMedallionIncreaseRoomTier|Quipolatls Medaillon] oder [IncursionMedallionAddRoom|Uromotis Medaillon] fallen lassen","[IncursionMedallionPreventDestabilise|フアタロトリのメダリオン]、[IncursionMedallionIncreaseRoomTier|キポラトルのメダリオン]または[IncursionMedallionAddRoom|ウロモティのメダリオン]をドロップする","[IncursionMedallionIncreaseRoomTier|퀴폴라틀의 메달리온] 또는 [IncursionMedallionAddRoom|우로모티의 메달리온]이 나올 수 있음","Pode largar o [IncursionMedallionIncreaseRoomTier|Medalhão de Quipolatl] ou [IncursionMedallionAddRoom|Medalhão de Uromoti]","Можно найти [IncursionMedallionIncreaseRoomTier|Медальон Квиполатля] или [IncursionMedallionAddRoom|Медальон Уромоти]","Puede dar un [IncursionMedallionIncreaseRoomTier|Medallón de Quipolatl] o un [IncursionMedallionAddRoom|Medallón de Uromoti]","อาจดรอป[IncursionMedallionIncreaseRoomTier|เหรียญตราคุยโปลาทัล]หรือ[IncursionMedallionIncreaseRoomTier|เหรียญตราอูรูมอที]","可能掉落 [IncursionMedallionIncreaseRoomTier|克特帕托聖徽] 或 [IncursionMedallionAddRoom|烏爾摩堤聖徽]"
26,9,3,"viperlegionbarracks_lvl3","","","","","","","","","","","Elite Legion","Légion d'élite","Elite-Legion","精鋭軍団","정예 군단","Legião de Elite","Элитный легион","Legión de élite","กองพันเอก","菁英軍團","Art/Textures/Interface/2D/2DArt/UIImages/InGame/Incursion2/RoomIcons/IconViperLegionBarracks.dds",14760,[35],"May drop [IncursionMedallionPreventDestabilise|Juatalotli's Medallion], [IncursionMedallionRerollRestrictedRoom|Hayoxi's Medallion], [IncursionMedallionAddRoom|Uromoti's Medallion], [IncursionMedallionAddAdditionalRestrictedRoom|Estazunti's Medallion] or [IncursionMedallionAddTempleModifier|Zantipi's Medallion]","Peut céder un [IncursionMedallionPreventDestabilise|Médaillon de Juatalotli], un [IncursionMedallionRerollRestrictedRoom|Médaillon d'Hayoxi], un [IncursionMedallionAddRoom|Médaillon d'Uromoti], un [IncursionMedallionAddAdditionalRestrictedRoom|Médaillon d'Estazunti] ou un [IncursionMedallionAddTempleModifier|Médaillon de Zantipi]","Kann [IncursionMedallionPreventDestabilise|Juatalotlis Medaillon], [IncursionMedallionRerollRestrictedRoom|Hayoxis Medaillon], [IncursionMedallionAddRoom|Uromotis Medaillon], [IncursionMedallionAddAdditionalRestrictedRoom|Estazuntis Medaillon] oder [IncursionMedallionAddTempleModifier|Zantipis Medaillon] fallen lassen","[IncursionMedallionPreventDestabilise|フアタロトリのメダリオン]、[IncursionMedallionRerollRestrictedRoom|ハヨキのメダリオン]、[IncursionMedallionAddRoom|ウロモティのメダリオン]、[IncursionMedallionAddAdditionalRestrictedRoom|エスタズンティのメダリオン]または[IncursionMedallionAddTempleModifier|ザンティピのメダリオン]をドロップすることがある","[IncursionMedallionPreventDestabilise|주앗탈로틀리의 메달리온], [IncursionMedallionRerollRestrictedRoom|하욕시의 메달리온], [IncursionMedallionAddRoom|우로모티의 메달리온], [IncursionMedallionMaximumCrystalCapacity|조펙의 메달리온], [IncursionMedallionMaximumMedallionCapacity|아즈카파의 메달리온], [IncursionMedallionAddAdditionalRestrictedRoom|에스타준티의 메달리온] 또는 [IncursionMedallionAddTempleModifier|잔티피의 메달리온]이 나올 수 있음","Pode largar o [IncursionMedallionPreventDestabilise|Medalhão de Juatalotli], [IncursionMedallionRerollRestrictedRoom|Medalhão de Hayoxi], [IncursionMedallionAddRoom|Medalhão de Uromoti], [IncursionMedallionAddAdditionalRestrictedRoom|Medalhão de Estazunti] ou [IncursionMedallionAddTempleModifier|Medalhão de Zantipi]","Можно найти [IncursionMedallionPreventDestabilise|Медальон Ваталотли], [IncursionMedallionRerollRestrictedRoom|Медальон Хайоши], [IncursionMedallionAddRoom|Медальон Уромоти], [IncursionMedallionAddAdditionalRestrictedRoom|Медальон Эстазунти] или [IncursionMedallionAddTempleModifier|Медальон Зантипи]","Puede dar un [IncursionMedallionPreventDestabilise|Medallón de Juatalotli], un [IncursionMedallionRerollRestrictedRoom|Medallón de Hayoxi], un [IncursionMedallionAddRoom|Medallón de Uromoti], un [IncursionMedallionAddAdditionalRestrictedRoom|Medallón de Estazunti] o un [IncursionMedallionAddTempleModifier|Medallón de Zantipi]","อาจดรอป[IncursionMedallionPreventDestabilise|เหรียญตราฮัวตาล็อตลี], [IncursionMedallionRerollRestrictedRoom|เหรียญตราเฮโยคี], [IncursionMedallionAddRoom|เหรียญตราอูรูมอที], [IncursionMedallionAddAdditionalRestrictedRoom|เหรียญตราเอสตาซุนที] หรือ[IncursionMedallionAddTempleModifier|เหรียญตราซานทีพี]","可能掉落 [IncursionMedallionPreventDestabilise|瓦爾羅特聖徽]、[IncursionMedallionRerollRestrictedRoom|荷霖蔡聖徽]、[IncursionMedallionAddRoom|烏爾摩堤聖徽]、[IncursionMedallionAddAdditionalRestrictedRoom|艾斯祖太聖徽] 或 [IncursionMedallionAddTempleModifier|善堤比聖徽]"
27,9,4,"viperlegionbarracks_lvl4","","","","","","","","","","","Unmatched Legionnaires","Unmatched Legionnaires","Unübertroffene Legionäre","比類なき軍団兵","대적할 자 없는 군단병","Legionários Imbatíveis","Несравненные легионеры","Legionarios inigualables","กองพันไร้พ่าย","無雙軍團兵","Art/Textures/Interface/2D/2DArt/UIImages/InGame/Incursion2/RoomIcons/IconViperLegionBarracks.dds",14760,[40],"May drop [IncursionMedallionPreventDestabilise|Juatalotli's Medallion], [IncursionMedallionRerollRestrictedRoom|Hayoxi's Medallion], [IncursionMedallionAddRoom|Uromoti's Medallion], [IncursionMedallionAddAdditionalRestrictedRoom|Estazunti's Medallion] or [IncursionMedallionAddTempleModifier|Zantipi's Medallion]","May drop [IncursionMedallionPreventDestabilise|Juatalotli's Medallion], [IncursionMedallionRerollRestrictedRoom|Hayoxi's Medallion], [IncursionMedallionAddRoom|Uromoti's Medallion], [IncursionMedallionAddAdditionalRestrictedRoom|Estazunti's Medallion] or [IncursionMedallionAddTempleModifier|Zantipi's Medallion]","Kann [IncursionMedallionPreventDestabilise|Juatalotlis Medaillon], [IncursionMedallionRerollRestrictedRoom|Hayoxis Medaillon], [IncursionMedallionAddRoom|Uromotis Medaillon], [IncursionMedallionAddAdditionalRestrictedRoom|Estazuntis Medaillon] oder [IncursionMedallionAddTempleModifier|Zantipis Medaillon] fallen lassen","[IncursionMedallionPreventDestabilise|フアタロトリのメダリオン]、[IncursionMedallionRerollRestrictedRoom|ハヨキのメダリオン]、[IncursionMedallionAddRoom|ウロモティのメダリオン]、[IncursionMedallionAddAdditionalRestrictedRoom|エスタズンティのメダリオン]または[IncursionMedallionAddTempleModifier|ザンティピのメダリオン]をドロップすることがある","[IncursionMedallionPreventDestabilise|주앗탈로틀리의 메달리온], [IncursionMedallionRerollRestrictedRoom|하욕시의 메달리온], [IncursionMedallionAddRoom|우로모티의 메달리온], [IncursionMedallionAddAdditionalRestrictedRoom|에스타준티의 메달리온] 또는 [IncursionMedallionAddTempleModifier|잔티피의 메달리온]이 나올 수 있음","Pode largar o [IncursionMedallionPreventDestabilise|Medalhão de Juatalotli], [IncursionMedallionRerollRestrictedRoom|Medalhão de Hayoxi], [IncursionMedallionAddRoom|Medalhão de Uromoti], [IncursionMedallionAddAdditionalRestrictedRoom|Medalhão de Estazunti] ou [IncursionMedallionAddTempleModifier|Medalhão de Zantipi]","Можно найти [IncursionMedallionPreventDestabilise|Медальон Ваталотли], [IncursionMedallionRerollRestrictedRoom|Медальон Хайоши], [IncursionMedallionAddRoom|Медальон Уромоти], [IncursionMedallionAddAdditionalRestrictedRoom|Медальон Эстазунти] или [IncursionMedallionAddTempleModifier|Медальон Зантипи]","Puede dar un [IncursionMedallionPreventDestabilise|Medallón de Juatalotli], un [IncursionMedallionRerollRestrictedRoom|Medallón de Hayoxi], un [IncursionMedallionAddRoom|Medallón de Uromoti], un [IncursionMedallionAddAdditionalRestrictedRoom|Medallón de Estazunti] o un [IncursionMedallionAddTempleModifier|Medallón de Zantipi]","อาจดรอป[IncursionMedallionPreventDestabilise|เหรียญตราฮัวตาล็อตลี], [IncursionMedallionRerollRestrictedRoom|เหรียญตราเฮโยคี], [IncursionMedallionAddRoom|เหรียญตราอูรูมอที], [IncursionMedallionAddAdditionalRestrictedRoom|เหรียญตราเอสตาซุนที] หรือ[IncursionMedallionAddTempleModifier|เหรียญตราซานทีพี]","可能掉落 [IncursionMedallionPreventDestabilise|瓦爾羅特聖徽]、[IncursionMedallionRerollRestrictedRoom|荷霖蔡聖徽]、[IncursionMedallionAddRoom|烏爾摩堤聖徽]、[IncursionMedallionAddAdditionalRestrictedRoom|艾斯祖太聖徽] 或 [IncursionMedallionAddTempleModifier|善堤比聖徽]"
28,10,1,"synthfleshlab_lvl1","","","","","","","","","","","Prosthetic Research","Laboratoire prothétique","Prothesenforschung","義肢研究","보철물 연구실","Pesquisa Protética","Лаборатория протезов","Investigación prostética","ห้องวิจัยอวัยวะเทียม","義肢研究室","Art/Textures/Interface/2D/2DArt/UIImages/InGame/Incursion2/RoomIcons/IconSynthflesh.dds",14761,[10],"","","","","","","","","",""
29,10,2,"synthfleshlab_lvl2","","","","","","","","","","","Synthflesh Sanctum","Sanctuaire synthichair","Kunstfleisch-Sanktum","合成肉の聖所","인조육체 지성소","Santuário da Carne Sintética","Святыня плотосинтеза","Santuario de carne sintética","สถานพำนักเนื้อสังเคราะห์","合膚聖所","Art/Textures/Interface/2D/2DArt/UIImages/InGame/Incursion2/RoomIcons/IconSynthflesh.dds",14761,[20],"","","","","","","","","",""
30,10,3,"synthfleshlab_lvl3","","","","","","","","","","","Crucible of Transcendence","Creuset de la transcendance","Spitze der Transendenz","超越のるつぼ","초월의 용광로","Calvário da Transcendência","Тигель превосходства","Prueba de trascendencia","บ่อหลอมเหนือมนุษย์","超越熔鑄爐","Art/Textures/Interface/2D/2DArt/UIImages/InGame/Incursion2/RoomIcons/IconSynthflesh.dds",14761,[30],"","","","","","","","","",""
31,10,4,"synthfleshlab_lvl4","","","","","","","","","","","Supremacy of Function","Supremacy of Function","Funktionsüberlegenheit","機能の至高","기능의 우월함","Primazia da Função","Превосходство функции","Supremacía de función","ความสามารถเหนืออื่นใด","職能至上","Art/Textures/Interface/2D/2DArt/UIImages/InGame/Incursion2/RoomIcons/IconSynthflesh.dds",14761,[35],"","","","","","","","","",""
32,11,1,"fleshsurgeon_lvl1","","Le Palier 3 permet la modification des Membres","Level 3 ermöglicht das Modifizieren von Gliedmaßen","ティア3になると手足の改変が可能になる","","Nível 3 permite modificar membros","Ур. 3 позволяет модифицировать конечности","El nivel 3 permite la modificación de extremidades","ห้องระดับ 3 เปิดโอกาสให้เปลี่ยนแปลงอวัยวะได้","階級 3 允許肢體改造","Surgeon's Ward","Salle du chirurgien","Station des Chirurgen","外科の病棟","의사의 병동","Salvaguarda do Cirurgião","Хирургические палаты","Sala del cirujano","วอร์ดศัลยากร","手術病房","Art/Textures/Interface/2D/2DArt/UIImages/InGame/Incursion2/RoomIcons/IconFleshSurgeon.dds",14762,[10],"May drop [IncursionMedallionIncreaseRoomTier|Quipolatl's Medallion] or [IncursionMedallionAddRoom|Uromoti's Medallion]","Peut céder un [IncursionMedallionIncreaseRoomTier|Médaillon de Quipolatl] ou un [IncursionMedallionAddRoom|Médaillon d'Uromoti]","Kann [IncursionMedallionIncreaseRoomTier|Quipolatls Medaillon] oder [IncursionMedallionAddRoom|Uromotis Medaillon] fallen lassen","[IncursionMedallionPreventDestabilise|フアタロトリのメダリオン]、[IncursionMedallionIncreaseRoomTier|キポラトルのメダリオン]または[IncursionMedallionAddRoom|ウロモティのメダリオン]をドロップする","[IncursionMedallionIncreaseRoomTier|퀴폴라틀의 메달리온] 또는 [IncursionMedallionAddRoom|우로모티의 메달리온]이 나올 수 있음","Pode largar o [IncursionMedallionIncreaseRoomTier|Medalhão de Quipolatl] ou [IncursionMedallionAddRoom|Medalhão de Uromoti]","Можно найти [IncursionMedallionIncreaseRoomTier|Медальон Квиполатля] или [IncursionMedallionAddRoom|Медальон Уромоти]","Puede dar un [IncursionMedallionIncreaseRoomTier|Medallón de Quipolatl] o un [IncursionMedallionAddRoom|Medallón de Uromoti]","อาจดรอป[IncursionMedallionIncreaseRoomTier|เหรียญตราคุยโปลาทัล]หรือ[IncursionMedallionIncreaseRoomTier|เหรียญตราอูรูมอที]","可能掉落 [IncursionMedallionIncreaseRoomTier|克特帕托聖徽] 或 [IncursionMedallionAddRoom|烏爾摩堤聖徽]"
33,11,2,"fleshsurgeon_lvl2","","Le Palier 3 permet la modification des Membres","Level 3 ermöglicht das Modifizieren von Gliedmaßen","ティア3になると手足の改変が可能になる","","Nível 3 permite modificar membros","Ур. 3 позволяет модифицировать конечности","El nivel 3 permite la modificación de extremidades","ห้องระดับ 3 เปิดโอกาสให้เปลี่ยนแปลงอวัยวะได้","階級 3 允許肢體改造","Surgeon's Theatre","Théâtre du chirurgien","Saal des Chirurgen","外科の手術室","의사의 극장","Câmara do Cirurgião","Операционная","Quirófano del cirujano","ห้องผ่าตัดศัลยากร","手術劇院","Art/Textures/Interface/2D/2DArt/UIImages/InGame/Incursion2/RoomIcons/IconFleshSurgeon.dds",14762,[20],"May drop [IncursionMedallionIncreaseRoomTier|Quipolatl's Medallion] or [IncursionMedallionAddRoom|Uromoti's Medallion]","Peut céder un [IncursionMedallionIncreaseRoomTier|Médaillon de Quipolatl] ou un [IncursionMedallionAddRoom|Médaillon d'Uromoti]","Kann [IncursionMedallionIncreaseRoomTier|Quipolatls Medaillon] oder [IncursionMedallionAddRoom|Uromotis Medaillon] fallen lassen","[IncursionMedallionPreventDestabilise|フアタロトリのメダリオン]、[IncursionMedallionIncreaseRoomTier|キポラトルのメダリオン]または[IncursionMedallionAddRoom|ウロモティのメダリオン]をドロップする","[IncursionMedallionIncreaseRoomTier|퀴폴라틀의 메달리온] 또는 [IncursionMedallionAddRoom|우로모티의 메달리온]이 나올 수 있음","Pode largar o [IncursionMedallionIncreaseRoomTier|Medalhão de Quipolatl] ou [IncursionMedallionAddRoom|Medalhão de Uromoti]","Можно найти [IncursionMedallionIncreaseRoomTier|Медальон Квиполатля] или [IncursionMedallionAddRoom|Медальон Уромоти]","Puede dar un [IncursionMedallionIncreaseRoomTier|Medallón de Quipolatl] o un [IncursionMedallionAddRoom|Medallón de Uromoti]","อาจดรอป[IncursionMedallionIncreaseRoomTier|เหรียญตราคุยโปลาทัล]หรือ[IncursionMedallionIncreaseRoomTier|เหรียญตราอูรูมอที]","可能掉落 [IncursionMedallionIncreaseRoomTier|克特帕托聖徽] 或 [IncursionMedallionAddRoom|烏爾摩堤聖徽]"
34,11,3,"fleshsurgeon_lvl3","Contains the Transcension Device, allowing for [IncursionLimbModification|Limb Modification]","Contient le Dispositif de Transcension, qui permet de [IncursionLimbModification|Modifier un Membre]","Enthält den Transzendenzapparat, der [IncursionLimbModification|Gliedmaßenmodifikation] ermöglicht","超越の装置が出現し、[IncursionLimbModification|手足の改造]が可能になる","[IncursionLimbModification|팔다리 개조]를 가능하게 하는 초월 장치 포함","Contém o Dispositivo de Transcensão, que permite a [IncursionLimbModification|modificação de membros]","Содержит устройство превосходства для [IncursionLimbModification|модификации конечностей]","Contiene el Artefacto de trascensión, que permite la [IncursionLimbModification|modificación de extremidades]","มีเครื่องจักรเหนือมนุษย์ที่เปิดโอกาสให้คุณ[IncursionLimbModification|เปลี่ยนแปลงอวัยวะ]ของตัวเอง","包含超越裝置，允許[IncursionLimbModification|肢體改造]","Surgeon's Symphony","Symphonie du chirurgien","Symphonie des Chirurgen","外科の交響曲","의사의 교향곡","Sinfonia do Cirurgião","Симфония плоти","Sinfonía del cirujano","ห้องผสานเสียงศัลยากร","手術交響殿","Art/Textures/Interface/2D/2DArt/UIImages/InGame/Incursion2/RoomIcons/IconFleshSurgeon.dds",14762,[30],"May drop [IncursionMedallionPreventDestabilise|Juatalotli's Medallion], [IncursionMedallionRerollRestrictedRoom|Hayoxi's Medallion], [IncursionMedallionAddRoom|Uromoti's Medallion], [IncursionMedallionAddAdditionalRestrictedRoom|Estazunti's Medallion] or [IncursionMedallionAddTempleModifier|Zantipi's Medallion]","Peut céder un [IncursionMedallionPreventDestabilise|Médaillon de Juatalotli], un [IncursionMedallionRerollRestrictedRoom|Médaillon d'Hayoxi], un [IncursionMedallionAddRoom|Médaillon d'Uromoti], un [IncursionMedallionAddAdditionalRestrictedRoom|Médaillon d'Estazunti] ou un [IncursionMedallionAddTempleModifier|Médaillon de Zantipi]","Kann [IncursionMedallionPreventDestabilise|Juatalotlis Medaillon], [IncursionMedallionRerollRestrictedRoom|Hayoxis Medaillon], [IncursionMedallionAddRoom|Uromotis Medaillon], [IncursionMedallionAddAdditionalRestrictedRoom|Estazuntis Medaillon] oder [IncursionMedallionAddTempleModifier|Zantipis Medaillon] fallen lassen","[IncursionMedallionPreventDestabilise|フアタロトリのメダリオン]、[IncursionMedallionRerollRestrictedRoom|ハヨキのメダリオン]、[IncursionMedallionAddRoom|ウロモティのメダリオン]、[IncursionMedallionAddAdditionalRestrictedRoom|エスタズンティのメダリオン]または[IncursionMedallionAddTempleModifier|ザンティピのメダリオン]をドロップすることがある","[IncursionMedallionPreventDestabilise|주앗탈로틀리의 메달리온], [IncursionMedallionRerollRestrictedRoom|하욕시의 메달리온], [IncursionMedallionAddRoom|우로모티의 메달리온], [IncursionMedallionMaximumCrystalCapacity|조펙의 메달리온], [IncursionMedallionMaximumMedallionCapacity|아즈카파의 메달리온], [IncursionMedallionAddAdditionalRestrictedRoom|에스타준티의 메달리온] 또는 [IncursionMedallionAddTempleModifier|잔티피의 메달리온]이 나올 수 있음","Pode largar o [IncursionMedallionPreventDestabilise|Medalhão de Juatalotli], [IncursionMedallionRerollRestrictedRoom|Medalhão de Hayoxi], [IncursionMedallionAddRoom|Medalhão de Uromoti], [IncursionMedallionAddAdditionalRestrictedRoom|Medalhão de Estazunti] ou [IncursionMedallionAddTempleModifier|Medalhão de Zantipi]","Можно найти [IncursionMedallionPreventDestabilise|Медальон Ваталотли], [IncursionMedallionRerollRestrictedRoom|Медальон Хайоши], [IncursionMedallionAddRoom|Медальон Уромоти], [IncursionMedallionAddAdditionalRestrictedRoom|Медальон Эстазунти] или [IncursionMedallionAddTempleModifier|Медальон Зантипи]","Puede dar un [IncursionMedallionPreventDestabilise|Medallón de Juatalotli], un [IncursionMedallionRerollRestrictedRoom|Medallón de Hayoxi], un [IncursionMedallionAddRoom|Medallón de Uromoti], un [IncursionMedallionAddAdditionalRestrictedRoom|Medallón de Estazunti] o un [IncursionMedallionAddTempleModifier|Medallón de Zantipi]","อาจดรอป[IncursionMedallionPreventDestabilise|เหรียญตราฮัวตาล็อตลี], [IncursionMedallionRerollRestrictedRoom|เหรียญตราเฮโยคี], [IncursionMedallionAddRoom|เหรียญตราอูรูมอที], [IncursionMedallionAddAdditionalRestrictedRoom|เหรียญตราเอสตาซุนที] หรือ[IncursionMedallionAddTempleModifier|เหรียญตราซานทีพี]","可能掉落 [IncursionMedallionPreventDestabilise|瓦爾羅特聖徽]、[IncursionMedallionRerollRestrictedRoom|荷霖蔡聖徽]、[IncursionMedallionAddRoom|烏爾摩堤聖徽]、[IncursionMedallionAddAdditionalRestrictedRoom|艾斯祖太聖徽] 或 [IncursionMedallionAddTempleModifier|善堤比聖徽]"
35,11,4,"fleshsurgeon_lvl4","Contains the Transcension Device, allowing for [IncursionLimbModification|Limb Modification], which can be used twice","Contains the Transcension Device, allowing for [IncursionLimbModification|Limb Modification], which can be used twice","Enthält den Transzendenzapparat, der [IncursionLimbModification|Gliedmaßenmodifikation] ermöglicht, die zweimal benutzbar ist","超越の装置が出現し、[IncursionLimbModification|手足の改造]が可能になる。二回使用できる","[IncursionLimbModification|팔다리 개조]를 가능하게 하는 초월 장치 포함, 두 번 사용 가능","Contém o Dispositivo de Transcensão, que permite a [IncursionLimbModification|modificação de membros]. Utilizável duas vezes.","Содержит устройство превосходства для [IncursionLimbModification|модификации конечностей], которое можно использовать дважды","Contiene el Artefacto de trascensión, que permite la [IncursionLimbModification|modificación de extremidades], que se puede usar dos veces","มีเครื่องจักรเหนือมนุษย์ที่เปิดโอกาสให้คุณ[IncursionLimbModification|เปลี่ยนแปลงอวัยวะ]ของตัวเอง ที่สามารถใช้งานได้สองครั้ง","包含超越裝置，允許[IncursionLimbModification|肢體改造]，可使用兩次","Surgical Glory","Surgical Glory","Chirurgischer Ruhm","外科的栄光","수술의 영광","Glória Cirúrgica","Венец хирургии","Gloria quirúrgica","สถานเทิดศัลยเกียรติ","精準榮耀","Art/Textures/Interface/2D/2DArt/UIImages/InGame/Incursion2/RoomIcons/IconFleshSurgeon.dds",14762,[35],"May drop [IncursionMedallionPreventDestabilise|Juatalotli's Medallion], [IncursionMedallionRerollRestrictedRoom|Hayoxi's Medallion], [IncursionMedallionAddRoom|Uromoti's Medallion], [IncursionMedallionAddAdditionalRestrictedRoom|Estazunti's Medallion] or [IncursionMedallionAddTempleModifier|Zantipi's Medallion]","May drop [IncursionMedallionPreventDestabilise|Juatalotli's Medallion], [IncursionMedallionRerollRestrictedRoom|Hayoxi's Medallion], [IncursionMedallionAddRoom|Uromoti's Medallion], [IncursionMedallionAddAdditionalRestrictedRoom|Estazunti's Medallion] or [IncursionMedallionAddTempleModifier|Zantipi's Medallion]","Kann [IncursionMedallionPreventDestabilise|Juatalotlis Medaillon], [IncursionMedallionRerollRestrictedRoom|Hayoxis Medaillon], [IncursionMedallionAddRoom|Uromotis Medaillon], [IncursionMedallionAddAdditionalRestrictedRoom|Estazuntis Medaillon] oder [IncursionMedallionAddTempleModifier|Zantipis Medaillon] fallen lassen","[IncursionMedallionPreventDestabilise|フアタロトリのメダリオン]、[IncursionMedallionRerollRestrictedRoom|ハヨキのメダリオン]、[IncursionMedallionAddRoom|ウロモティのメダリオン]、[IncursionMedallionAddAdditionalRestrictedRoom|エスタズンティのメダリオン]または[IncursionMedallionAddTempleModifier|ザンティピのメダリオン]をドロップすることがある","[IncursionMedallionPreventDestabilise|주앗탈로틀리의 메달리온], [IncursionMedallionRerollRestrictedRoom|하욕시의 메달리온], [IncursionMedallionAddRoom|우로모티의 메달리온], [IncursionMedallionAddAdditionalRestrictedRoom|에스타준티의 메달리온] 또는 [IncursionMedallionAddTempleModifier|잔티피의 메달리온]이 나올 수 있음","Pode largar o [IncursionMedallionPreventDestabilise|Medalhão de Juatalotli], [IncursionMedallionRerollRestrictedRoom|Medalhão de Hayoxi], [IncursionMedallionAddRoom|Medalhão de Uromoti], [IncursionMedallionAddAdditionalRestrictedRoom|Medalhão de Estazunti] ou [IncursionMedallionAddTempleModifier|Medalhão de Zantipi]","Можно найти [IncursionMedallionPreventDestabilise|Медальон Ваталотли], [IncursionMedallionRerollRestrictedRoom|Медальон Хайоши], [IncursionMedallionAddRoom|Медальон Уромоти], [IncursionMedallionAddAdditionalRestrictedRoom|Медальон Эстазунти] или [IncursionMedallionAddTempleModifier|Медальон Зантипи]","Puede dar un [IncursionMedallionPreventDestabilise|Medallón de Juatalotli], un [IncursionMedallionRerollRestrictedRoom|Medallón de Hayoxi], un [IncursionMedallionAddRoom|Medallón de Uromoti], un [IncursionMedallionAddAdditionalRestrictedRoom|Medallón de Estazunti] o un [IncursionMedallionAddTempleModifier|Medallón de Zantipi]","อาจดรอป[IncursionMedallionPreventDestabilise|เหรียญตราฮัวตาล็อตลี], [IncursionMedallionRerollRestrictedRoom|เหรียญตราเฮโยคี], [IncursionMedallionAddRoom|เหรียญตราอูรูมอที], [IncursionMedallionAddAdditionalRestrictedRoom|เหรียญตราเอสตาซุนที] หรือ[IncursionMedallionAddTempleModifier|เหรียญตราซานทีพี]","可能掉落 [IncursionMedallionPreventDestabilise|瓦爾羅特聖徽]、[IncursionMedallionRerollRestrictedRoom|荷霖蔡聖徽]、[IncursionMedallionAddRoom|烏爾摩堤聖徽]、[IncursionMedallionAddAdditionalRestrictedRoom|艾斯祖太聖徽] 或 [IncursionMedallionAddTempleModifier|善堤比聖徽]"
36,12,2,"transcendentbarracks_lvl2","","","","","","","","","","","Steelflesh Quarters","Quartiers de chair-acier","Stahlfleisch-Quartier","鉄肉の広間","강철살점 구역","Alojamentos dos Carnecerados","Казармы стальных тел","Cuartos de carne de acero","ห้องเนื้อเหล็ก","鋼筋血肉居所","Art/Textures/Interface/2D/2DArt/UIImages/InGame/Incursion2/RoomIcons/IconTranscendentBarracks.dds",14763,[25],"","","","","","","Высокий шанс найти редкие Медальоны","","",""
37,12,3,"transcendentbarracks_lvl3","","","","","","","","","","","Collective Legion","Légion collective","Kollektivlegion","統合の軍団","집단적 군단","Legião Coletiva","Коллективный легион","Legión colectiva","กองพันรวมจิต","集群軍團","Art/Textures/Interface/2D/2DArt/UIImages/InGame/Incursion2/RoomIcons/IconTranscendentBarracks.dds",14763,[35],"","","","","","","","","",""
38,12,4,"transcendentbarracks_lvl4","","","","","","","","","","","Chamber of the Perfected","Chamber of the Perfected","Kammer der Vollendeten","完成されしものの間","완벽자의 방","Câmara dos Aperfeiçoados","Залы совершенных","Cámara de los perfeccionados","สถานรวมผู้สมบูรณ์แบบ","完美密室","Art/Textures/Interface/2D/2DArt/UIImages/InGame/Incursion2/RoomIcons/IconTranscendentBarracks.dds",14763,[40],"","","","","","","","","",""
39,13,1,"alchemylab_lvl1","","","","","","","","","","","Chamber of Souls","Chambre des âmes","Kammer der Seelen","魂の間","영혼의 방","Câmara das Almas","Обитель душ","Cámara de las almas","ห้องวิญญาณ","靈魂密室","Art/Textures/Interface/2D/2DArt/UIImages/InGame/Incursion2/RoomIcons/IconAlchemyLab.dds",14764,[10],"May drop [IncursionMedallionIncreaseRoomTier|Quipolatl's Medallion] or [IncursionMedallionAddRoom|Uromoti's Medallion]","Peut céder un [IncursionMedallionIncreaseRoomTier|Médaillon de Quipolatl] ou un [IncursionMedallionAddRoom|Médaillon d'Uromoti]","Kann [IncursionMedallionIncreaseRoomTier|Quipolatls Medaillon] oder [IncursionMedallionAddRoom|Uromotis Medaillon] fallen lassen","[IncursionMedallionIncreaseRoomTier|キポラトルのメダリオン]または[IncursionMedallionAddRoom|ウロモティのメダリオン]をドロップすることがある","[IncursionMedallionIncreaseRoomTier|퀴폴라틀의 메달리온] 또는 [IncursionMedallionAddRoom|우로모티의 메달리온]이 나올 수 있음","Pode largar o [IncursionMedallionIncreaseRoomTier|Medalhão de Quipolatl] ou [IncursionMedallionAddRoom|Medalhão de Uromoti]","Можно найти [IncursionMedallionIncreaseRoomTier|Медальон Квиполатля] или [IncursionMedallionAddRoom|Медальон Уромоти]","Puede dar un [IncursionMedallionIncreaseRoomTier|Medallón de Quipolatl] o un [IncursionMedallionAddRoom|Medallón de Uromoti]","อาจดรอป[IncursionMedallionIncreaseRoomTier|เหรียญตราคุยโปลาทัล]หรือ[IncursionMedallionIncreaseRoomTier|เหรียญตราอูรูมอที]","可能掉落 [IncursionMedallionIncreaseRoomTier|克特帕托聖徽] 或 [IncursionMedallionAddRoom|烏爾摩堤聖徽]"
40,13,2,"alchemylab_lvl2","","","","","","","","","","","Core Machinarium","Machinarium principal","Hauptmaschinarium","中枢機構室","핵심 기계실","Maquinário Principal","Машинариум ядер","Taller de máquinas principal","สถานจักรกลแกน","核心機匠所","Art/Textures/Interface/2D/2DArt/UIImages/InGame/Incursion2/RoomIcons/IconAlchemyLab.dds",14764,[25],"May drop [IncursionMedallionIncreaseRoomTier|Quipolatl's Medallion] or [IncursionMedallionAddRoom|Uromoti's Medallion]","Peut céder un [IncursionMedallionIncreaseRoomTier|Médaillon de Quipolatl] ou un [IncursionMedallionAddRoom|Médaillon d'Uromoti]","Kann [IncursionMedallionIncreaseRoomTier|Quipolatls Medaillon] oder [IncursionMedallionAddRoom|Uromotis Medaillon] fallen lassen","[IncursionMedallionIncreaseRoomTier|キポラトルのメダリオン]または[IncursionMedallionAddRoom|ウロモティのメダリオン]をドロップすることがある","[IncursionMedallionIncreaseRoomTier|퀴폴라틀의 메달리온] 또는 [IncursionMedallionAddRoom|우로모티의 메달리온]이 나올 수 있음","Pode largar o [IncursionMedallionIncreaseRoomTier|Medalhão de Quipolatl] ou [IncursionMedallionAddRoom|Medalhão de Uromoti]","Можно найти [IncursionMedallionIncreaseRoomTier|Медальон Квиполатля] или [IncursionMedallionAddRoom|Медальон Уромоти]","Puede dar un [IncursionMedallionIncreaseRoomTier|Medallón de Quipolatl] o un [IncursionMedallionAddRoom|Medallón de Uromoti]","อาจดรอป[IncursionMedallionIncreaseRoomTier|เหรียญตราคุยโปลาทัล]หรือ[IncursionMedallionIncreaseRoomTier|เหรียญตราอูรูมอที]","可能掉落 [IncursionMedallionIncreaseRoomTier|克特帕托聖徽] 或 [IncursionMedallionAddRoom|烏爾摩堤聖徽]"
41,13,3,"alchemylab_lvl3","Contains the Soul Core Infuser which can be used to modify [SoulCore|Soul Cores]\r\nRoom [IncursionDestabilization|Destabilises] once device is used","Contient l'Infuseur de Noyau d'âme, qui peut être utilisé pour modifier les [SoulCore|Noyaux d'âme]\r\nLa Salle sera [IncursionDestabilization|Déstabilisée] une fois le dispositif utilisé","Enthält den Seelenkernverstärker, der das Verderben von [SoulCore|Seelenkernen] ermöglicht\r\nRaum wird nach dem Benutzen des Geräts [IncursionDestabilization|destabilisiert]","[SoulCore|ソウルコア]を変更するために使用できるソウルコアインフューザーが出現する\r\nこの装置を使用するとこの部屋の[IncursionDestabilization|不安定化]が起きる","사용 시 [SoulCore|영혼 핵]에 속성을 부여하는 영혼 핵 고취기 포함\r\n장치 사용 시 방이 [IncursionDestabilization|불안정해짐]","Contém o Infusor de Núcleo d'Alma, que pode ser usado para modificar [SoulCore|Núcleos d'Alma]\r\nApós utilizá-lo, a sala é [IncursionDestabilization|desestabilizada]","Содержит обогатитель Ядер душ, позволяющий изменять [SoulCore|Ядра душ]\r\nКомната [IncursionDestabilization|дестабилизируется] после использования устройства","Contiene el Infusor de núcleos de alma que se puede usar para modificar los [SoulCore|núcleos del alma]\r\nLa sala se [IncursionDestabilization|desestabiliza] tras usar el dispositivo","มีเครื่องถ่ายพลังแกนวิญญาณที่ใช้เปลี่ยนแปลง[SoulCore|แกนวิญญาณ]\r\nห้องนี้จะถูก[IncursionDestabilization|ระงับเสถียรภาพ]หลังจากที่ใช้เครื่อง","包含一個汙染靈魂核心的裝置\r\n在使用後房間會[IncursionDestabilization|不穩定]","Grand Phylactory","Grand phylactère","Große Phylaktorie","大いなる魂壺","대성구실","Filactério Maior","Главный филакторий","Gran filacteria","มหาเพชรวิญญาณ","宏大魂器庫","Art/Textures/Interface/2D/2DArt/UIImages/InGame/Incursion2/RoomIcons/IconAlchemyLab.dds",14768,"[35,50]","May drop [IncursionMedallionPreventDestabilise|Juatalotli's Medallion], [IncursionMedallionRerollRestrictedRoom|Hayoxi's Medallion], [IncursionMedallionAddRoom|Uromoti's Medallion], [IncursionMedallionAddAdditionalRestrictedRoom|Estazunti's Medallion] or [IncursionMedallionAddTempleModifier|Zantipi's Medallion]","Peut céder un [IncursionMedallionPreventDestabilise|Médaillon de Juatalotli], un [IncursionMedallionRerollRestrictedRoom|Médaillon d'Hayoxi], un [IncursionMedallionAddRoom|Médaillon d'Uromoti], un [IncursionMedallionAddAdditionalRestrictedRoom|Médaillon d'Estazunti] ou un [IncursionMedallionAddTempleModifier|Médaillon de Zantipi]","Kann [IncursionMedallionPreventDestabilise|Juatalotlis Medaillon], [IncursionMedallionRerollRestrictedRoom|Hayoxis Medaillon], [IncursionMedallionAddRoom|Uromotis Medaillon], [IncursionMedallionAddAdditionalRestrictedRoom|Estazuntis Medaillon] oder [IncursionMedallionAddTempleModifier|Zantipis Medaillon] fallen lassen","[IncursionMedallionPreventDestabilise|フアタロトリのメダリオン]、[IncursionMedallionRerollRestrictedRoom|ハヨキのメダリオン]、[IncursionMedallionAddRoom|ウロモティのメダリオン]、[IncursionMedallionAddAdditionalRestrictedRoom|エスタズンティのメダリオン]または[IncursionMedallionAddTempleModifier|ザンティピのメダリオン]をドロップすることがある","[IncursionMedallionPreventDestabilise|주앗탈로틀리의 메달리온], [IncursionMedallionRerollRestrictedRoom|하욕시의 메달리온], [IncursionMedallionAddRoom|우로모티의 메달리온], [IncursionMedallionMaximumCrystalCapacity|조펙의 메달리온], [IncursionMedallionMaximumMedallionCapacity|아즈카파의 메달리온], [IncursionMedallionAddAdditionalRestrictedRoom|에스타준티의 메달리온] 또는 [IncursionMedallionAddTempleModifier|잔티피의 메달리온]이 나올 수 있음","Pode largar o [IncursionMedallionPreventDestabilise|Medalhão de Juatalotli], [IncursionMedallionRerollRestrictedRoom|Medalhão de Hayoxi], [IncursionMedallionAddRoom|Medalhão de Uromoti], [IncursionMedallionAddAdditionalRestrictedRoom|Medalhão de Estazunti] ou [IncursionMedallionAddTempleModifier|Medalhão de Zantipi]","Можно найти [IncursionMedallionPreventDestabilise|Медальон Ваталотли], [IncursionMedallionRerollRestrictedRoom|Медальон Хайоши], [IncursionMedallionAddRoom|Медальон Уромоти], [IncursionMedallionAddAdditionalRestrictedRoom|Медальон Эстазунти] или [IncursionMedallionAddTempleModifier|Медальон Зантипи]","Puede dar un [IncursionMedallionPreventDestabilise|Medallón de Juatalotli], un [IncursionMedallionRerollRestrictedRoom|Medallón de Hayoxi], un [IncursionMedallionAddRoom|Medallón de Uromoti], un [IncursionMedallionAddAdditionalRestrictedRoom|Medallón de Estazunti] o un [IncursionMedallionAddTempleModifier|Medallón de Zantipi]","อาจดรอป[IncursionMedallionPreventDestabilise|เหรียญตราฮัวตาล็อตลี], [IncursionMedallionRerollRestrictedRoom|เหรียญตราเฮโยคี], [IncursionMedallionAddRoom|เหรียญตราอูรูมอที], [IncursionMedallionAddAdditionalRestrictedRoom|เหรียญตราเอสตาซุนที] หรือ[IncursionMedallionAddTempleModifier|เหรียญตราซานทีพี]","可能掉落 [IncursionMedallionPreventDestabilise|瓦爾羅特聖徽]、[IncursionMedallionRerollRestrictedRoom|荷霖蔡聖徽]、[IncursionMedallionAddRoom|烏爾摩堤聖徽]、[IncursionMedallionAddAdditionalRestrictedRoom|艾斯祖太聖徽] 或 [IncursionMedallionAddTempleModifier|善堤比聖徽]"
42,13,4,"alchemylab_lvl4","Contains the Soul Core Infuser which can be used to modify [SoulCore|Soul Cores]\r\nRoom [IncursionDestabilization|Destabilises] once device is used\r\n[Rarity|Unique] Boss drops additional Soul Cores","Contains the Soul Core Infuser which can be used to modify [SoulCore|Soul Cores]\r\nRoom [IncursionDestabilization|Destabilises] once device is used\r\n[Rarity|Unique] Boss drops additional Soul Cores","Enthält den Seelenkernverstärker, der das Verderben von [SoulCore|Seelenkernen] ermöglicht\r\nRaum wird nach dem Benutzen des Geräts [IncursionDestabilization|destabilisiert]\r\n[Rarity|Einzigartige] Bosse lassen zusätzliche Seelenkerne fallen","[SoulCore|ソウルコア]を変更するために使用できるソウルコアインフューザーが出現する\r\nこの装置を使用するとこの部屋の[IncursionDestabilization|不安定化]が起きる\r\n[Rarity|ユニーク]ボスが追加のソウルコアをドロップする","사용 시 [SoulCore|영혼 핵]에 속성을 부여하는 영혼 핵 고취기 포함\r\n장치 사용 시 방이 [IncursionDestabilization|불안정해짐]\r\n[Rarity|고유] 보스가 영혼 핵을 추가로 떨어뜨림","Contém o Infusor de Núcleo d'Alma, que pode ser usado para modificar [SoulCore|Núcleos d'Alma]\r\nApós utilizá-lo, a sala é [IncursionDestabilization|desestabilizada]\r\nO chefe [Rarity|único] larga Núcleos d'Alma adicionais","Содержит обогатитель Ядер душ, позволяющий изменять [SoulCore|Ядра душ]\r\nКомната [IncursionDestabilization|дестабилизируется] после использования устройства\r\nИз [Rarity|уникального] босса выпадают дополнительные Ядра душ","Contiene el Infusor de núcleos de alma que se puede usar para modificar los [SoulCore|núcleos del alma]\r\nLa sala se [IncursionDestabilization|desestabiliza] tras usar el dispositivo\r\nLos jefes [Rarity|únicos] arrojan núcleos de alma adicionales","มีเครื่องถ่ายพลังแกนวิญญาณที่ใช้เปลี่ยนแปลง[SoulCore|แกนวิญญาณ]\r\nห้องนี้จะถูก[IncursionDestabilization|ระงับเสถียรภาพ]หลังจากที่ใช้เครื่อง\r\nบอส[Rarity|ยูนิค]ดรอปแกนวิญญาณเพิ่มเติม","包含一個汙染靈魂核心的裝置\r\n在使用後房間會[IncursionDestabilization|不穩定]\r\n[Rarity|傳奇]頭目掉落額外的靈魂核心","Decorous Phylactory","Decorous Phylactory","Prachtvolle Phylaktorie","荘厳なる聖遺物箱","품위 있는 성구실","Filactério Decoroso","Благочинный филакторий","Filacteria decorosa","อภิมหาเพชรวิญญาณ","精緻護符盒","Art/Textures/Interface/2D/2DArt/UIImages/InGame/Incursion2/RoomIcons/IconAlchemyLab.dds",14768,"[40,60]","May drop [IncursionMedallionPreventDestabilise|Juatalotli's Medallion], [IncursionMedallionRerollRestrictedRoom|Hayoxi's Medallion], [IncursionMedallionAddRoom|Uromoti's Medallion], [IncursionMedallionAddAdditionalRestrictedRoom|Estazunti's Medallion] or [IncursionMedallionAddTempleModifier|Zantipi's Medallion]","May drop [IncursionMedallionPreventDestabilise|Juatalotli's Medallion], [IncursionMedallionRerollRestrictedRoom|Hayoxi's Medallion], [IncursionMedallionAddRoom|Uromoti's Medallion], [IncursionMedallionAddAdditionalRestrictedRoom|Estazunti's Medallion] or [IncursionMedallionAddTempleModifier|Zantipi's Medallion]","Kann [IncursionMedallionPreventDestabilise|Juatalotlis Medaillon], [IncursionMedallionRerollRestrictedRoom|Hayoxis Medaillon], [IncursionMedallionAddRoom|Uromotis Medaillon], [IncursionMedallionAddAdditionalRestrictedRoom|Estazuntis Medaillon] oder [IncursionMedallionAddTempleModifier|Zantipis Medaillon] fallen lassen","[IncursionMedallionPreventDestabilise|フアタロトリのメダリオン]、[IncursionMedallionRerollRestrictedRoom|ハヨキのメダリオン]、[IncursionMedallionAddRoom|ウロモティのメダリオン]、[IncursionMedallionAddAdditionalRestrictedRoom|エスタズンティのメダリオン]または[IncursionMedallionAddTempleModifier|ザンティピのメダリオン]をドロップすることがある","[IncursionMedallionPreventDestabilise|주앗탈로틀리의 메달리온], [IncursionMedallionRerollRestrictedRoom|하욕시의 메달리온], [IncursionMedallionAddRoom|우로모티의 메달리온], [IncursionMedallionAddAdditionalRestrictedRoom|에스타준티의 메달리온] 또는 [IncursionMedallionAddTempleModifier|잔티피의 메달리온]이 나올 수 있음","Pode largar o [IncursionMedallionPreventDestabilise|Medalhão de Juatalotli], [IncursionMedallionRerollRestrictedRoom|Medalhão de Hayoxi], [IncursionMedallionAddRoom|Medalhão de Uromoti], [IncursionMedallionAddAdditionalRestrictedRoom|Medalhão de Estazunti] ou [IncursionMedallionAddTempleModifier|Medalhão de Zantipi]","Можно найти [IncursionMedallionPreventDestabilise|Медальон Ваталотли], [IncursionMedallionRerollRestrictedRoom|Медальон Хайоши], [IncursionMedallionAddRoom|Медальон Уромоти], [IncursionMedallionAddAdditionalRestrictedRoom|Медальон Эстазунти] или [IncursionMedallionAddTempleModifier|Медальон Зантипи]","Puede dar un [IncursionMedallionPreventDestabilise|Medallón de Juatalotli], un [IncursionMedallionRerollRestrictedRoom|Medallón de Hayoxi], un [IncursionMedallionAddRoom|Medallón de Uromoti], un [IncursionMedallionAddAdditionalRestrictedRoom|Medallón de Estazunti] o un [IncursionMedallionAddTempleModifier|Medallón de Zantipi]","อาจดรอป[IncursionMedallionPreventDestabilise|เหรียญตราฮัวตาล็อตลี], [IncursionMedallionRerollRestrictedRoom|เหรียญตราเฮโยคี], [IncursionMedallionAddRoom|เหรียญตราอูรูมอที], [IncursionMedallionAddAdditionalRestrictedRoom|เหรียญตราเอสตาซุนที] หรือ[IncursionMedallionAddTempleModifier|เหรียญตราซานทีพี]","可能掉落 [IncursionMedallionPreventDestabilise|瓦爾羅特聖徽]、[IncursionMedallionRerollRestrictedRoom|荷霖蔡聖徽]、[IncursionMedallionAddRoom|烏爾摩堤聖徽]、[IncursionMedallionAddAdditionalRestrictedRoom|艾斯祖太聖徽] 或 [IncursionMedallionAddTempleModifier|善堤比聖徽]"
43,14,1,"thaumaturge_lvl1","","Contient l'Établi de lapidaire, qui peut être utilisé pour fixer le nombre de Châsses de Gemme de soutien d'une Gemme d'aptitude à 3","Enthält die Gemmenschneider-Werkbank, die verwendet werden kann, um eine Fertigkeitengemme mit 3 Fassungen für Unterstützungen auszustatten","ジェムを3個のサポートジェムソケットを持つよう変更する装置が出現する","사용 시 스킬 젬의 보조 젬 홈을 3개로 만드는 젬 가공 작업대 포함","Contém a Bancada de Lapidação de Gemas, que pode ser usada para modificar uma gema de habilidade para ter 3 encaixes de gema de reforço","Содержит верстак камнереза, делающий число гнёзд для камней поддержки в камне умения равным 3","Contiene la Mesa de trabajo de tallado de gemas que se puede usar para modificar una gema de habilidad para que tenga 3 engarces de gema de asistencia","มีโต๊ะทำงานเจียระไนมณีที่ทำให้หินมี รูหินเสริม 3 รู","包含一個將寶石設定為擁有 3 個輔助寶石插槽的裝置\r\n階級 3 允許進一步汙染寶石","Thaumaturge's Laboratory","Laboratoire du thaumaturge","Labor des Thaumaturgen","ソーマタジーの研究所","마석학자의 실험실","Laboratório do Taumaturgo","Лаборатория волшебства","Laboratorio del taumaturgo","ห้องทดลองนักเวทมณี","奇術師實驗室","Art/Textures/Interface/2D/2DArt/UIImages/InGame/Incursion2/RoomIcons/IconThaumaturge.dds",15003,"[8,0]","May drop [IncursionMedallionIncreaseRoomTier|Quipolatl's Medallion] or [IncursionMedallionAddRoom|Uromoti's Medallion]","Peut céder un [IncursionMedallionIncreaseRoomTier|Médaillon de Quipolatl] ou un [IncursionMedallionAddRoom|Médaillon d'Uromoti]","Kann [IncursionMedallionIncreaseRoomTier|Quipolatls Medaillon] oder [IncursionMedallionAddRoom|Uromotis Medaillon] fallen lassen","[IncursionMedallionIncreaseRoomTier|キポラトルのメダリオン]または[IncursionMedallionAddRoom|ウロモティのメダリオン]をドロップすることがある","[IncursionMedallionIncreaseRoomTier|퀴폴라틀의 메달리온] 또는 [IncursionMedallionAddRoom|우로모티의 메달리온]이 나올 수 있음","Pode largar o [IncursionMedallionIncreaseRoomTier|Medalhão de Quipolatl] ou [IncursionMedallionAddRoom|Medalhão de Uromoti]","Можно найти [IncursionMedallionIncreaseRoomTier|Медальон Квиполатля] или [IncursionMedallionAddRoom|Медальон Уромоти]","Puede dar un [IncursionMedallionIncreaseRoomTier|Medallón de Quipolatl] o un [IncursionMedallionAddRoom|Medallón de Uromoti]","อาจดรอป[IncursionMedallionIncreaseRoomTier|เหรียญตราคุยโปลาทัล]หรือ[IncursionMedallionIncreaseRoomTier|เหรียญตราอูรูมอที]","可能掉落 [IncursionMedallionIncreaseRoomTier|克特帕托聖徽] 或 [IncursionMedallionAddRoom|烏爾摩堤聖徽]"
44,14,2,"thaumaturge_lvl2","Contains the Gemcutting Mechanism which can be used to increase the [Quality] of a Skill Gem","Contient le Mécanisme de lapidaire, qui peut être utilisé pour augmenter la [Quality|Qualité] d'une Gemme d'aptitude","Enthält den Gemmenschneider-Mechanismus, der verwendet werden kann, um die [Quality|Qualität] einer Fertigkeitengemme zu verbessern","スキルジェムの[Quality|品質]を向上できる装置が出現する","사용 시 스킬 젬의 [Quality|퀄리티]를 증가시키는 젬 가공 기계 장치 포함","Contém o Mecanismo de Lapidação de Gemas, que pode ser usado para aumentar a [Quality|qualidade] de uma gema de habilidade","Содержит механизм камнереза, повышающий [Quality|качество] камня умения","Contiene el Mecanismo de tallado de gemas que se puede usar para mejorar la [Quality|calidad] de una gema de habilidad","มีกลไกเจียระไนมณีที่เพิ่ม[Quality|ค่าคุณภาพ]ให้กับหินสกิล","包含一個提升技能寶石品質的裝置\r\n階級 3 允許進一步汙染寶石","Thaumaturge's Cuttery","Taillerie du thaumaturge","Schneidewerkstatt des Thaumaturgen","ソーマタジーの加工所","마석학자의 절단실","Cutelaria do Taumaturgo","Мастерская волшебства","Cuchillería del taumaturgo","ห้องเจียระไนนักเวทมณี","奇術師切割所","Art/Textures/Interface/2D/2DArt/UIImages/InGame/Incursion2/RoomIcons/IconThaumaturge.dds",15003,"[15,0]","May drop [IncursionMedallionIncreaseRoomTier|Quipolatl's Medallion] or [IncursionMedallionAddRoom|Uromoti's Medallion]","Peut céder un [IncursionMedallionIncreaseRoomTier|Médaillon de Quipolatl] ou un [IncursionMedallionAddRoom|Médaillon d'Uromoti]","Kann [IncursionMedallionIncreaseRoomTier|Quipolatls Medaillon] oder [IncursionMedallionAddRoom|Uromotis Medaillon] fallen lassen","[IncursionMedallionIncreaseRoomTier|キポラトルのメダリオン]または[IncursionMedallionAddRoom|ウロモティのメダリオン]をドロップすることがある","[IncursionMedallionIncreaseRoomTier|퀴폴라틀의 메달리온] 또는 [IncursionMedallionAddRoom|우로모티의 메달리온]이 나올 수 있음","Pode largar o [IncursionMedallionIncreaseRoomTier|Medalhão de Quipolatl] ou [IncursionMedallionAddRoom|Medalhão de Uromoti]","Можно найти [IncursionMedallionIncreaseRoomTier|Медальон Квиполатля] или [IncursionMedallionAddRoom|Медальон Уромоти]","Puede dar un [IncursionMedallionIncreaseRoomTier|Medallón de Quipolatl] o un [IncursionMedallionAddRoom|Medallón de Uromoti]","อาจดรอป[IncursionMedallionIncreaseRoomTier|เหรียญตราคุยโปลาทัล]หรือ[IncursionMedallionIncreaseRoomTier|เหรียญตราอูรูมอที]","可能掉落 [IncursionMedallionIncreaseRoomTier|克特帕托聖徽] 或 [IncursionMedallionAddRoom|烏爾摩堤聖徽]"
45,14,3,"thaumaturge_lvl3","Contains the Gem Corrupter which can be used to modify a [Corrupted] Skill Gem unpredictably\r\nRoom [IncursionDestabilization|Destabilises] once device is used","Contient le Corrupteur de Gemme, qui peut être utilisé pour modifier une Gemme d'aptitude [Corrupted|Corrompue] de manière imprévisible\r\nLa Salle sera [IncursionDestabilization|Déstabilisée] une fois le dispositif utilisé","Enthält den Gemmenverderber, der verwendet werden kann, um eine [Corrupted|verderbte] Fertigkeitengemme auf unvorhergesehene Weise zu modifizieren\r\nRaum wird nach dem Benutzen des Geräts [IncursionDestabilization|destabilisiert]","[Corrupted|コラプト]スキルジェムを予測不能に変化させるジェムコラプターが出現する\r\nこの装置を使用するとこの部屋の[IncursionDestabilization|不安定化]が起きる","사용 시 [Corrupted|타락한] 스킬 젬을 예측 불가능하게 변경하는 젬 타락기 포함\r\n장치 사용 시 방이 [IncursionDestabilization|불안정해짐]","Contém o Corruptor de Gema, que pode ser usado para modificar uma gema de habilidade [Corrupted|corrompida] de forma imprevisível\r\nApós utilizá-lo, a sala é [IncursionDestabilization|desestabilizada]","Содержит осквернитель камней, позволяющий изменять [Corrupted|осквернённый] камень умения непредсказуемым образом\r\nКомната [IncursionDestabilization|дестабилизируется] после использования устройства","Contiene el Corruptor de gemas que se puede usar para modificar una gema de habilidad [Corrupted|corrupta] de forma impredecible\r\nLa sala se [IncursionDestabilization|desestabiliza] tras usar el dispositivo","มีเครื่องใส่มลทินมณีที่เปลี่ยนแปลงหินสกิลที่[Corrupted|มีมลทิน]อย่างไม่อาจคาดเดาได้\r\nห้องนี้จะถูก[IncursionDestabilization|ระงับเสถียรภาพ]หลังจากที่ใช้เครื่อง","包含一個進一步汙染寶石的裝置\r\n在使用後房間會[IncursionDestabilization|不穩定]","Thaumaturge's Cathedral","Cathédrale du thaumaturge","Kathedrale des Thaumaturgen","ソーマタジーの大聖堂","마석학자의 대성당","Catedral do Taumaturgo","Собор волшебства","Catedral del taumaturgo","โบสถ์นักเวทมณี","奇術師大教堂","Art/Textures/Interface/2D/2DArt/UIImages/InGame/Incursion2/RoomIcons/IconThaumaturge.dds",15003,"[22,1]","May drop [IncursionMedallionPreventDestabilise|Juatalotli's Medallion], [IncursionMedallionRerollRestrictedRoom|Hayoxi's Medallion], [IncursionMedallionAddRoom|Uromoti's Medallion], [IncursionMedallionAddAdditionalRestrictedRoom|Estazunti's Medallion] or [IncursionMedallionRerollRoomCards|Puhuarte's Medallion]","Peut céder un [IncursionMedallionPreventDestabilise|Médaillon de Juatalotli], un [IncursionMedallionRerollRestrictedRoom|Médaillon d'Hayoxi], un [IncursionMedallionAddRoom|Médaillon d'Uromoti], un [IncursionMedallionAddAdditionalRestrictedRoom|Médaillon d'Estazunti] ou un [IncursionMedallionRerollRoomCards|Médaillon de Puhuarte]","Kann [IncursionMedallionPreventDestabilise|Juatalotlis Medaillon], [IncursionMedallionRerollRestrictedRoom|Hayoxis Medaillon], [IncursionMedallionAddRoom|Uromotis Medaillon], [IncursionMedallionAddAdditionalRestrictedRoom|Estazuntis Medaillon] oder [IncursionMedallionRerollRoomCards|Puhuartes Medaillon] fallen lassen","[IncursionMedallionPreventDestabilise|フアタロトリのメダリオン]、[IncursionMedallionRerollRestrictedRoom|ハヨキのメダリオン]、[IncursionMedallionAddRoom|ウロモティのメダリオン]、[IncursionMedallionAddAdditionalRestrictedRoom|エスタズンティのメダリオン]または[IncursionMedallionRerollRoomCards|プフアテのメダリオン]をドロップすることがある","[IncursionMedallionPreventDestabilise|주앗탈로틀리의 메달리온], [IncursionMedallionRerollRestrictedRoom|하욕시의 메달리온], [IncursionMedallionAddRoom|우로모티의 메달리온], [IncursionMedallionMaximumCrystalCapacity|조펙의 메달리온], [IncursionMedallionMaximumMedallionCapacity|아즈카파의 메달리온], [IncursionMedallionAddAdditionalRestrictedRoom|에스타준티의 메달리온] 또는 [IncursionMedallionRerollRoomCards|푸후알테의 메달리온]이 나올 수 있음","Pode largar o [IncursionMedallionPreventDestabilise|Medalhão de Juatalotli], [IncursionMedallionRerollRestrictedRoom|Medalhão de Hayoxi], [IncursionMedallionAddRoom|Medalhão de Uromoti], [IncursionMedallionAddAdditionalRestrictedRoom|Medalhão de Estazunti] ou [IncursionMedallionRerollRoomCards|Medalhão de Puhuarte]","Можно найти [IncursionMedallionPreventDestabilise|Медальон Ваталотли], [IncursionMedallionRerollRestrictedRoom|Медальон Хайоши], [IncursionMedallionAddRoom|Медальон Уромоти], [IncursionMedallionAddAdditionalRestrictedRoom|Медальон Эстазунти] или [IncursionMedallionRerollRoomCards|Медальон Пухварте]","Puede dar un [IncursionMedallionPreventDestabilise|Medallón de Juatalotli], un [IncursionMedallionRerollRestrictedRoom|Medallón de Hayoxi], un [IncursionMedallionAddRoom|Medallón de Uromoti], un [IncursionMedallionAddAdditionalRestrictedRoom|Medallón de Estazunti] o un [IncursionMedallionRerollRoomCards|Medallón de Puhuarte]","อาจดรอป[IncursionMedallionPreventDestabilise|เหรียญตราฮัวตาล็อตลี], [IncursionMedallionRerollRestrictedRoom|เหรียญตราเฮโยคี], [IncursionMedallionAddRoom|เหรียญตราอูรูมอที], [IncursionMedallionAddAdditionalRestrictedRoom|เหรียญตราเอสตาซุนที] หรือ[IncursionMedallionRerollRoomCards|เหรียญตราพูฮวาเท]","可能掉落 [IncursionMedallionPreventDestabilise|瓦爾羅特聖徽]、[IncursionMedallionRerollRestrictedRoom|荷霖蔡聖徽]、[IncursionMedallionAddRoom|烏爾摩堤聖徽]、[IncursionMedallionAddAdditionalRestrictedRoom|艾斯祖太聖徽] 或 [IncursionMedallionRerollRoomCards|普希瓦爾聖徽]"
46,14,4,"thaumaturge_lvl4","Contains the Gem Corrupter which can be used to modify a [Corrupted] Skill Gem unpredictably\r\nRoom [IncursionDestabilization|Destabilises] once device is used","Contains the Gem Corrupter which can be used to modify a [Corrupted] Skill Gem unpredictably\r\nRoom [IncursionDestabilization|Destabilises] once device is used","Enthält den Gemmenverderber, der verwendet werden kann, um eine [Corrupted|verderbte] Fertigkeitengemme auf unvorhergesehene Weise zu modifizieren\r\nRaum wird nach dem Benutzen des Geräts [IncursionDestabilization|destabilisiert]","[Corrupted|コラプト]スキルジェムを予測不能に変化させるジェムコラプターが出現する\r\nこの装置を使用するとこの部屋の[IncursionDestabilization|不安定化]が起きる","사용 시 [Corrupted|타락한] 스킬 젬을 예측 불가능하게 변경하는 젬 타락기 포함\r\n장치 사용 시 방이 [IncursionDestabilization|불안정해짐]","Contém o Corruptor de Gema, que pode ser usado para modificar uma gema de habilidade [Corrupted|corrompida] de forma imprevisível\r\nApós utilizá-lo, a sala é [IncursionDestabilization|desestabilizada]","Содержит осквернитель камней, позволяющий изменять [Corrupted|осквернённый] камень умения непредсказуемым образом\r\nКомната [IncursionDestabilization|дестабилизируется] после использования устройства","Contiene el Corruptor de gemas que se puede usar para modificar una gema de habilidad [Corrupted|corrupta] de forma impredecible\r\nLa sala se [IncursionDestabilization|desestabiliza] tras usar el dispositivo","มีเครื่องใส่มลทินมณีที่เปลี่ยนแปลงหินสกิลที่[Corrupted|มีมลทิน]อย่างไม่อาจคาดเดาได้\r\nห้องนี้จะถูก[IncursionDestabilization|ระงับเสถียรภาพ]หลังจากที่ใช้เครื่อง","包含一個進一步汙染寶石的裝置\r\n在使用後房間會[IncursionDestabilization|不穩定]","Thaumaturge's Culmination","Thaumaturge's Culmination","Gipfel des Thaumaturgen","ソーマタージの到達点","마석학자의 고조","Auge do Taumaturgo","Кульминация волшебства","Culminación del taumaturgo","บทสรุปของนักเวทมณี","奇術師之巔","Art/Textures/Interface/2D/2DArt/UIImages/InGame/Incursion2/RoomIcons/IconThaumaturge.dds",15003,"[25,1]","May drop [IncursionMedallionPreventDestabilise|Juatalotli's Medallion], [IncursionMedallionRerollRestrictedRoom|Hayoxi's Medallion], [IncursionMedallionAddRoom|Uromoti's Medallion], [IncursionMedallionAddAdditionalRestrictedRoom|Estazunti's Medallion] or [IncursionMedallionRerollRoomCards|Puhuarte's Medallion]","May drop [IncursionMedallionPreventDestabilise|Juatalotli's Medallion], [IncursionMedallionRerollRestrictedRoom|Hayoxi's Medallion], [IncursionMedallionAddRoom|Uromoti's Medallion], [IncursionMedallionAddAdditionalRestrictedRoom|Estazunti's Medallion] or [IncursionMedallionRerollRoomCards|Puhuarte's Medallion]","Kann [IncursionMedallionPreventDestabilise|Juatalotlis Medaillon], [IncursionMedallionRerollRestrictedRoom|Hayoxis Medaillon], [IncursionMedallionAddRoom|Uromotis Medaillon], [IncursionMedallionAddAdditionalRestrictedRoom|Estazuntis Medaillon] oder [IncursionMedallionRerollRoomCards|Puhuartes Medaillon] fallen lassen","[IncursionMedallionPreventDestabilise|フアタロトリのメダリオン]、[IncursionMedallionRerollRestrictedRoom|ハヨキのメダリオン]、[IncursionMedallionAddRoom|ウロモティのメダリオン]、[IncursionMedallionAddAdditionalRestrictedRoom|エスタズンティのメダリオン]または[IncursionMedallionRerollRoomCards|プフアテのメダリオン]をドロップすることがある","[IncursionMedallionPreventDestabilise|주앗탈로틀리의 메달리온], [IncursionMedallionRerollRestrictedRoom|하욕시의 메달리온], [IncursionMedallionAddRoom|우로모티의 메달리온], [IncursionMedallionAddAdditionalRestrictedRoom|에스타준티의 메달리온] 또는 [IncursionMedallionRerollRoomCards|푸후알테의 메달리온]이 나올 수 있음","Pode largar o [IncursionMedallionPreventDestabilise|Medalhão de Juatalotli], [IncursionMedallionRerollRestrictedRoom|Medalhão de Hayoxi], [IncursionMedallionAddRoom|Medalhão de Uromoti], [IncursionMedallionAddAdditionalRestrictedRoom|Medalhão de Estazunti] ou [IncursionMedallionRerollRoomCards|Medalhão de Puhuarte]","Можно найти [IncursionMedallionPreventDestabilise|Медальон Ваталотли], [IncursionMedallionRerollRestrictedRoom|Медальон Хайоши], [IncursionMedallionAddRoom|Медальон Уромоти], [IncursionMedallionAddAdditionalRestrictedRoom|Медальон Эстазунти] или [IncursionMedallionRerollRoomCards|Медальон Пухварте]","Puede dar un [IncursionMedallionPreventDestabilise|Medallón de Juatalotli], un [IncursionMedallionRerollRestrictedRoom|Medallón de Hayoxi], un [IncursionMedallionAddRoom|Medallón de Uromoti], un [IncursionMedallionAddAdditionalRestrictedRoom|Medallón de Estazunti] o un [IncursionMedallionRerollRoomCards|Medallón de Puhuarte]","อาจดรอป[IncursionMedallionPreventDestabilise|เหรียญตราฮัวตาล็อตลี], [IncursionMedallionRerollRestrictedRoom|เหรียญตราเฮโยคี], [IncursionMedallionAddRoom|เหรียญตราอูรูมอที], [IncursionMedallionAddAdditionalRestrictedRoom|เหรียญตราเอสตาซุนที] หรือ[IncursionMedallionRerollRoomCards|เหรียญตราพูฮวาเท]","可能掉落 [IncursionMedallionPreventDestabilise|瓦爾羅特聖徽]、[IncursionMedallionRerollRestrictedRoom|荷霖蔡聖徽]、[IncursionMedallionAddRoom|烏爾摩堤聖徽]、[IncursionMedallionAddAdditionalRestrictedRoom|艾斯祖太聖徽] 或 [IncursionMedallionRerollRoomCards|普希瓦爾聖徽]"
47,15,1,"golemworks_lvl1","","","","","","","","","","","Workshop","Atelier","Werkstatt","作業場","작업장","Oficina","Мастерская","Taller","ห้อง​ปฏิบัติการ","工坊","Art/Textures/Interface/2D/2DArt/UIImages/InGame/Incursion2/RoomIcons/IconGolemWorks.dds",15002,"[8,0]","May drop [IncursionMedallionIncreaseRoomTier|Quipolatl's Medallion] or [IncursionMedallionAddRoom|Uromoti's Medallion]","Peut céder un [IncursionMedallionIncreaseRoomTier|Médaillon de Quipolatl] ou un [IncursionMedallionAddRoom|Médaillon d'Uromoti]","Kann [IncursionMedallionIncreaseRoomTier|Quipolatls Medaillon] oder [IncursionMedallionAddRoom|Uromotis Medaillon] fallen lassen","[IncursionMedallionIncreaseRoomTier|キポラトルのメダリオン]または[IncursionMedallionAddRoom|ウロモティのメダリオン]をドロップすることがある","[IncursionMedallionIncreaseRoomTier|퀴폴라틀의 메달리온] 또는 [IncursionMedallionAddRoom|우로모티의 메달리온]이 나올 수 있음","Pode largar o [IncursionMedallionIncreaseRoomTier|Medalhão de Quipolatl] ou [IncursionMedallionAddRoom|Medalhão de Uromoti]","Можно найти [IncursionMedallionIncreaseRoomTier|Медальон Квиполатля] или [IncursionMedallionAddRoom|Медальон Уромоти]","Puede dar un [IncursionMedallionIncreaseRoomTier|Medallón de Quipolatl] o un [IncursionMedallionAddRoom|Medallón de Uromoti]","อาจดรอป[IncursionMedallionIncreaseRoomTier|เหรียญตราคุยโปลาทัล]หรือ[IncursionMedallionIncreaseRoomTier|เหรียญตราอูรูมอที]","可能掉落 [IncursionMedallionIncreaseRoomTier|克特帕托聖徽] 或 [IncursionMedallionAddRoom|烏爾摩堤聖徽]"
48,15,2,"golemworks_lvl2","","","","","","","","","","","Automaton Lab","Labo d'automates","Automatenlabor","自動機械研究所","오토마톤 제조실","Laboratório de Autômatos","Лаборатория автоматов","Laboratorio de autómatas","ห้อง​วิจัย​หุ่นกล","自運研究所","Art/Textures/Interface/2D/2DArt/UIImages/InGame/Incursion2/RoomIcons/IconGolemWorks.dds",15002,"[15,0]","May drop [IncursionMedallionIncreaseRoomTier|Quipolatl's Medallion] or [IncursionMedallionAddRoom|Uromoti's Medallion]","Peut céder un [IncursionMedallionIncreaseRoomTier|Médaillon de Quipolatl] ou un [IncursionMedallionAddRoom|Médaillon d'Uromoti]","Kann [IncursionMedallionIncreaseRoomTier|Quipolatls Medaillon] oder [IncursionMedallionAddRoom|Uromotis Medaillon] fallen lassen","[IncursionMedallionIncreaseRoomTier|キポラトルのメダリオン]または[IncursionMedallionAddRoom|ウロモティのメダリオン]をドロップすることがある","[IncursionMedallionIncreaseRoomTier|퀴폴라틀의 메달리온] 또는 [IncursionMedallionAddRoom|우로모티의 메달리온]이 나올 수 있음","Pode largar o [IncursionMedallionIncreaseRoomTier|Medalhão de Quipolatl] ou [IncursionMedallionAddRoom|Medalhão de Uromoti]","Можно найти [IncursionMedallionIncreaseRoomTier|Медальон Квиполатля] или [IncursionMedallionAddRoom|Медальон Уромоти]","Puede dar un [IncursionMedallionIncreaseRoomTier|Medallón de Quipolatl] o un [IncursionMedallionAddRoom|Medallón de Uromoti]","อาจดรอป[IncursionMedallionIncreaseRoomTier|เหรียญตราคุยโปลาทัล]หรือ[IncursionMedallionIncreaseRoomTier|เหรียญตราอูรูมอที]","可能掉落 [IncursionMedallionIncreaseRoomTier|克特帕托聖徽] 或 [IncursionMedallionAddRoom|烏爾摩堤聖徽]"
49,15,3,"golemworks_lvl3","","","","","","","","","","","Stone Legion","Légion de pierre","Steinlegion","石の軍団","돌 군단","Legião de Pedra","Каменный легион","Legión de piedra","กองพันศิลา","石衛軍團","Art/Textures/Interface/2D/2DArt/UIImages/InGame/Incursion2/RoomIcons/IconGolemWorks.dds",15002,"[22,1]","May drop [IncursionMedallionIncreaseRoomTier|Quipolatl's Medallion], [IncursionMedallionAddRoom|Uromoti's Medallion] or [IncursionMedallionRerollRoomCards|Puhuarte's Medallion]","Peut céder un [IncursionMedallionIncreaseRoomTier|Médaillon de Quipolatl], un [IncursionMedallionAddRoom|Médaillon d'Uromoti] ou un [IncursionMedallionRerollRoomCards|Médaillon de Puhuarte]","Kann [IncursionMedallionIncreaseRoomTier|Quipolatls Medaillon], [IncursionMedallionAddRoom|Uromotis Medaillon] oder [IncursionMedallionRerollRoomCards|Puhuartes Medaillon] fallen lassen","[IncursionMedallionIncreaseRoomTier|キポラトルのメダリオン]、[IncursionMedallionAddRoom|ウロモティのメダリオン]または[IncursionMedallionRerollRoomCards|プフアテのメダリオン]をドロップすることがある","[IncursionMedallionIncreaseRoomTier|퀴폴라틀의 메달리온], [IncursionMedallionAddRoom|우로모티의 메달리온], [IncursionMedallionMaximumCrystalCapacity|조펙의 메달리온], [IncursionMedallionMaximumMedallionCapacity|아즈카파의 메달리온] 또는 [IncursionMedallionRerollRoomCards|푸후알테의 메달리온]이 나올 수 있음","Pode largar o [IncursionMedallionIncreaseRoomTier|Medalhão de Quipolatl], [IncursionMedallionAddRoom|Medalhão de Uromoti] ou [IncursionMedallionRerollRoomCards|Medalhão de Puhuarte]","Можно найти [IncursionMedallionIncreaseRoomTier|Медальон Квиполатля], [IncursionMedallionAddRoom|Медальон Уромоти] или [IncursionMedallionRerollRoomCards|Медальон Пухварте]","Puede dar un [IncursionMedallionIncreaseRoomTier|Medallón de Quipolatl], un [IncursionMedallionAddRoom|Medallón de Uromoti] o un [IncursionMedallionRerollRoomCards|Medallón de Puhuarte]","อาจดรอป[IncursionMedallionIncreaseRoomTier|เหรียญตราคุยโปลาทัล], [IncursionMedallionAddRoom|เหรียญตราอูรูมอที] หรือ[IncursionMedallionRerollRoomCards|เหรียญตราพูฮวาเท]","可能掉落 [IncursionMedallionIncreaseRoomTier|克特帕托聖徽]、[IncursionMedallionAddRoom|烏爾摩堤聖徽] 或 [IncursionMedallionRerollRoomCards|普希瓦爾聖徽]"
50,15,4,"golemworks_lvl4","","","","","","","","","","","Precision of Science","Precision of Science","Präzision der Wissenschaft","科学の精密さ","과학의 정밀함","Precisão da Ciência","Точность науки","Precisión de la ciencia","แม่นยำอย่างวิทยาศาสตร์","精準科學","Art/Textures/Interface/2D/2DArt/UIImages/InGame/Incursion2/RoomIcons/IconGolemWorks.dds",15002,"[25,1]","May drop [IncursionMedallionIncreaseRoomTier|Quipolatl's Medallion], [IncursionMedallionAddRoom|Uromoti's Medallion] or [IncursionMedallionRerollRoomCards|Puhuarte's Medallion]","May drop [IncursionMedallionIncreaseRoomTier|Quipolatl's Medallion], [IncursionMedallionAddRoom|Uromoti's Medallion] or [IncursionMedallionRerollRoomCards|Puhuarte's Medallion]","Kann [IncursionMedallionIncreaseRoomTier|Quipolatls Medaillon], [IncursionMedallionAddRoom|Uromotis Medaillon] oder [IncursionMedallionRerollRoomCards|Puhuartes Medaillon] fallen lassen","[IncursionMedallionIncreaseRoomTier|キポラトルのメダリオン]、[IncursionMedallionAddRoom|ウロモティのメダリオン]または[IncursionMedallionRerollRoomCards|プフアテのメダリオン]をドロップすることがある","[IncursionMedallionIncreaseRoomTier|퀴폴라틀의 메달리온], [IncursionMedallionAddRoom|우로모티의 메달리온], 또는 [IncursionMedallionRerollRoomCards|푸후알테의 메달리온]이 나올 수 있음","Pode largar o [IncursionMedallionIncreaseRoomTier|Medalhão de Quipolatl], [IncursionMedallionAddRoom|Medalhão de Uromoti] ou [IncursionMedallionRerollRoomCards|Medalhão de Puhuarte]","Можно найти [IncursionMedallionIncreaseRoomTier|Медальон Квиполатля], [IncursionMedallionAddRoom|Медальон Уромоти] или [IncursionMedallionRerollRoomCards|Медальон Пухварте]","Puede dar un [IncursionMedallionIncreaseRoomTier|Medallón de Quipolatl], un [IncursionMedallionAddRoom|Medallón de Uromoti] o un [IncursionMedallionRerollRoomCards|Medallón de Puhuarte]","อาจดรอป[IncursionMedallionIncreaseRoomTier|เหรียญตราคุยโปลาทัล], [IncursionMedallionAddRoom|เหรียญตราอูรูมอที] หรือ[IncursionMedallionRerollRoomCards|เหรียญตราพูฮวาเท]","可能掉落 [IncursionMedallionIncreaseRoomTier|克特帕托聖徽]、[IncursionMedallionAddRoom|烏爾摩堤聖徽] 或 [IncursionMedallionRerollRoomCards|普希瓦爾聖徽]"
51,16,1,"corruption_lvl1","Contains a Corruption Altar which can be used to [Corrupted|Corrupt] items","Contient un Autel de Corruption, qui peut etre utilisé pour [Corrupted|Corrompre] les objets","Enthält einen Altar der Verderbung, der verwendet werden kann, um Gegenstände zu [Corrupted|verderben]","アイテムを[Corrupted|コラプト]させられるコラプトの祭壇が出現する","사용 시 아이템을 [Corrupted|타락]시키는 타락의 제단 포함","Contém um Altar da Corrupção, que pode ser usado para [Corrupted|corromper] itens","Содержит алтарь осквернения, позволяющий [Corrupted|осквернять] предметы","Contiene un Altar de corrupción que se puede usar para [Corrupted|corromper] objetos","มีแท่นมลทินที่[Corrupted|ใส่มลทิน]ให้กับไอเทม","包含一個可用於[Corrupted|汙染]物品的腐化祭壇","Crimson Hall","Salle cramoisie","Blutrote Halle","深紅のホール","진홍색 전당","Salão Carmesim","Багровый зал","Salón carmesí","โถง​เลือดนก","緋紅大廳","Art/Textures/Interface/2D/2DArt/UIImages/InGame/Incursion2/RoomIcons/IconCorruption.dds",14767,"[10,0]","","","","","","","","","",""
52,16,2,"corruption_lvl2","Contains a Corruption Altar which can be used to [Corrupted|Corrupt] items","Contient un Autel de Corruption, qui peut etre utilisé pour [Corrupted|Corrompre] les objets","Enthält einen Altar der Verderbung, der verwendet werden kann, um Gegenstände zu [Corrupted|verderben]","アイテムを[Corrupted|コラプト]させられるコラプトの祭壇が出現する","사용 시 아이템을 [Corrupted|타락]시키는 타락의 제단 포함","Contém um Altar da Corrupção, que pode ser usado para [Corrupted|corromper] itens","Содержит алтарь осквернения, позволяющий [Corrupted|осквернять] предметы","Contiene un Altar de corrupción que se puede usar para [Corrupted|corromper] objetos","มีแท่นมลทินที่[Corrupted|ใส่มลทิน]ให้กับไอเทม","包含一個可用於[Corrupted|汙染]物品的腐化祭壇","Catalyst of Corruption","Catalyseur de corruption","Katalysator der Verderbtheit","穢れの触媒","타락의 기폭제","Catalisador de Corrupção","Ускоритель осквернения","Catalizador de corrupción","ห้อง​เร่ง​ปฏิกิริยา​แห่ง​มลทิน","腐敗孳生室","Art/Textures/Interface/2D/2DArt/UIImages/InGame/Incursion2/RoomIcons/IconCorruption.dds",14767,"[25,0]","","","","","","","","","",""
53,16,3,"corruption_lvl3","Contains a Corruption Altar which can be used to modify [Corrupted] [Equipment] or Jewels unpredictably\r\nRoom [IncursionDestabilization|Destabilises] once device is used","Contient un Autel de Corruption, qui peut etre utilisé pour modifier les objets d'[Equipment|Équipement] ou les Joyaux [Corrupted|Corrompus] de manière imprévisible\r\nLa Salle sera [IncursionDestabilization|Déstabilisée] une fois le dispositif utilisé","Enthält einen Altar der Verderbung, der verwendet werden kann, um [Corrupted|verderbte] [Equipment|Ausrüstung] oder Juwelen auf unvorhergesehene Weise zu modifizieren\r\nRaum wird nach dem Benutzen des Geräts [IncursionDestabilization|destabilisiert]","[Corrupted|コラプト]状態の[Equipment|装備品]またはジュエルを予測不能に変化させられるコラプトの祭壇が出現する\r\nこの装置を使用するとこの部屋の[IncursionDestabilization|不安定化]が起きる","사용 시 [Corrupted|타락한] [Equipment|장비] 또는 주얼을 예측 불가능하게 변경하는 타락의 제단 포함\r\n장치 사용 시 방이 [IncursionDestabilization|불안정해짐]","Contém um Altar da Corrupção, que pode ser usado para modificar um [Equipment|equipamento] [Corrupted|corrompido] ou joias de forma imprevisível\r\nApós utilizá-lo, a sala é [IncursionDestabilization|desestabilizada]","Содержит алтарь осквернения, позволяющий изменять [Corrupted|осквернённое] [Equipment|снаряжение] или самоцветы непредсказуемым образом\r\nКомната [IncursionDestabilization|дестабилизируется] после использования устройства","Contiene un Altar de corrupción que se puede usar para modificar [Equipment|equipamiento] [Corrupted|corrupto] o joyas [Corrupted|corruptas]\r\nLa sala se [IncursionDestabilization|desestabiliza] tras usar el dispositivo","มีแท่นมลทินที่เปลี่ยนแปลง[Equipment|ไอเทมสวมใส่]หรือจิวเวลที่[Corrupted|มีมลทิน]อย่างไม่อาจคาดเดาได้\r\nห้องนี้จะถูก[IncursionDestabilization|ระงับเสถียรภาพ]หลังจากที่ใช้เครื่อง","包含一個可用於不可預知地修改[Corrupted|汙染][Equipment|裝備]或珠寶的腐化祭壇\r\n在使用裝置後房間會[IncursionDestabilization|不穩定]","Locus of Corruption","Noyau de la corruption","Quell der Verderbtheit","穢れの中枢","타락의 현장","Núcleo da Corrupção","Очаг осквернения","Foco de corrupción","สถาน​บังเกิด​มลทิน","腐敗之地","Art/Textures/Interface/2D/2DArt/UIImages/InGame/Incursion2/RoomIcons/IconCorruption.dds",14767,"[35,1]","","","","","","","","","",""
54,16,4,"corruption_lvl4","Contains a Corruption Altar which can be used to modify [Corrupted] [Equipment] or Jewels unpredictably\r\nRoom [IncursionDestabilization|Destabilises] once device is used","Contains a Corruption Altar which can be used to modify [Corrupted] [Equipment] or Jewels unpredictably\r\nRoom [IncursionDestabilization|Destabilises] once device is used","Enthält einen Altar der Verderbung, der verwendet werden kann, um [Corrupted|verderbte] [Equipment|Ausrüstung] oder Juwelen auf unvorhergesehene Weise zu modifizieren\r\nRaum wird nach dem Benutzen des Geräts [IncursionDestabilization|destabilisiert]","[Corrupted|コラプト]状態の[Equipment|装備品]またはジュエルを予測不能に変化させられるコラプトの祭壇が出現する\r\nこの装置を使用するとこの部屋の[IncursionDestabilization|不安定化]が起きる","사용 시 [Corrupted|타락한] [Equipment|장비] 또는 주얼을 예측 불가능하게 변경하는 타락의 제단 포함\r\n장치 사용 시 방이 [IncursionDestabilization|불안정해짐]","Contém um Altar da Corrupção, que pode ser usado para modificar um [Equipment|equipamento] [Corrupted|corrompido] ou joias de forma imprevisível\r\nApós utilizá-lo, a sala é [IncursionDestabilization|desestabilizada]","Содержит алтарь осквернения, позволяющий изменять [Corrupted|осквернённое] [Equipment|снаряжение] или самоцветы непредсказуемым образом\r\nКомната [IncursionDestabilization|дестабилизируется] после использования устройства","Contiene un Altar de corrupción que se puede usar para modificar [Equipment|equipamiento] [Corrupted|corrupto] o joyas [Corrupted|corruptas]\r\nLa sala se [IncursionDestabilization|desestabiliza] tras usar el dispositivo","มีแท่นมลทินที่เปลี่ยนแปลง[Equipment|ไอเทมสวมใส่]หรือจิวเวลที่[Corrupted|มีมลทิน]อย่างไม่อาจคาดเดาได้\r\nห้องนี้จะถูก[IncursionDestabilization|ระงับเสถียรภาพ]หลังจากที่ใช้เครื่อง","包含一個可用於不可預知地修改[Corrupted|汙染][Equipment|裝備]或珠寶的腐化祭壇\r\n在使用裝置後房間會[IncursionDestabilization|不穩定]","Rapture of Corruption","Rapture of Corruption","Entrückung der Verderbtheit","穢れの歓喜","타락의 휴거","Arroubo de Corrupção","Упоение Порчи","Rapto de corrupción","สถานฉลองมลทิน","腐化狂喜","Art/Textures/Interface/2D/2DArt/UIImages/InGame/Incursion2/RoomIcons/IconCorruption.dds",14767,"[40,1]","","","","","","","","","",""
55,17,1,"vault","Contains a variety of valuable Chests based on surrounding Rooms\r\nRoom [IncursionDestabilization|Destabilises] once the central Vault is opened","Contient une variété de Coffres riches en récompenses dont le contenu dépend des Salles environnantes\r\nLa Salle sera [IncursionDestabilization|Déstabilisée] une fois la Chambre forte centrale ouverte","Enthält eine Auswahl an wertvollen Truhen basierend auf umliegenden Räumen\r\nRaum wird nach dem Öffnen des zentralen Schatzes [IncursionDestabilization|destabilisiert]","周囲の部屋に基づいて価値のあるチェストがたくさん出現する\r\nこの装置を使用するとこの部屋の[IncursionDestabilization|不安定化]が起きる","주위의 방에 따라 여러 가지 값나가는 상자 포함\r\n중앙 금고실이 열리면 방이 [IncursionDestabilization|불안정해짐]","Contém uma variedade de baús valiosos, com base nas salas ao redor\r\nApós o cofre central ser aberto, a sala é [IncursionDestabilization|desestabilizada]","Содержит различные ценные сундуки в зависимости от окружающих комнат\r\nКомната [IncursionDestabilization|дестабилизируется] после открытия центрального хранилища","Contiene una variedad de cofres valiosos que se basan en las salas circundantes\r\nLa sala se [IncursionDestabilization|desestabiliza] tras abrir el cofre central","มีหีบล้ำค่าหลายใบที่เปลี่ยนไปตามห้องข้างเคียง\r\nห้องนี้จะถูก[IncursionDestabilization|ระงับเสถียรภาพ]หลังจากที่เปิดพระคลังใจกลาง","包含各種取決於周遭房間的珍貴寶箱\r\n開啟中央寶庫後房間會[IncursionDestabilization|不穩定]","Sealed Vault","Chambre forte scellée","Versiegelte Schatzkammer","封印された宝物庫","봉인된 금고실","Cofre Selado","Запечатанное хранилище","Cámara sellada","ห้องนิรภัยปิดผนึก","密封密庫","Art/Textures/Interface/2D/2DArt/UIImages/InGame/Incursion2/RoomIcons/IconVault.dds",14764,[25],"","","","","","","","","",""
56,18,1,"sacrificechamber_lvl1","Contains a Unique Item","Contient un objet Unique","Enthält einen einzigartigen Gegenstand","ユニークアイテムが存在する","고유 아이템 포함","Contém um item único","Содержит уникальный предмет","Contiene un objeto único","มีไอเทมยูนิค 1 ชิ้น","包含一件傳奇物品","Altar of Sacrifice","Autel du sacrifice","Altar der Opfergabe","生贄の祭壇","희생의 제단","Altar Sacrificial","Алтарь жертвоприношения","Altar de sacrificios","แท่นสังเวย","獻祭祭壇","Art/Textures/Interface/2D/2DArt/UIImages/InGame/Incursion2/RoomIcons/IconSacrificialChamber.dds",14766,"[15,0]","May drop [IncursionMedallionIncreaseRoomTier|Quipolatl's Medallion] or [IncursionMedallionAddRoom|Uromoti's Medallion]","Peut céder un [IncursionMedallionIncreaseRoomTier|Médaillon de Quipolatl] ou un [IncursionMedallionAddRoom|Médaillon d'Uromoti]","Kann [IncursionMedallionIncreaseRoomTier|Quipolatls Medaillon] oder [IncursionMedallionAddRoom|Uromotis Medaillon] fallen lassen","[IncursionMedallionIncreaseRoomTier|キポラトルのメダリオン]または[IncursionMedallionAddRoom|ウロモティのメダリオン]をドロップすることがある","[IncursionMedallionIncreaseRoomTier|퀴폴라틀의 메달리온] 또는 [IncursionMedallionAddRoom|우로모티의 메달리온]이 나올 수 있음","Pode largar o [IncursionMedallionIncreaseRoomTier|Medalhão de Quipolatl] ou [IncursionMedallionAddRoom|Medalhão de Uromoti]","Можно найти [IncursionMedallionIncreaseRoomTier|Медальон Квиполатля] или [IncursionMedallionAddRoom|Медальон Уромоти]","Puede dar un [IncursionMedallionIncreaseRoomTier|Medallón de Quipolatl] o un [IncursionMedallionAddRoom|Medallón de Uromoti]","อาจดรอป[IncursionMedallionIncreaseRoomTier|เหรียญตราคุยโปลาทัล]หรือ[IncursionMedallionIncreaseRoomTier|เหรียญตราอูรูมอที]","可能掉落 [IncursionMedallionIncreaseRoomTier|克特帕托聖徽] 或 [IncursionMedallionAddRoom|烏爾摩堤聖徽]"
57,18,2,"sacrificechamber_lvl2","Contains a Unique Item","Contient un objet Unique","Enthält einen einzigartigen Gegenstand","ユニークアイテムが存在する","고유 아이템 포함","Contém um item único","Содержит уникальный предмет","Contiene un objeto único","มีไอเทมยูนิค 1 ชิ้น","包含一件傳奇物品","Hall of Offerings","Salle des offrandes","Saal der Opfergaben","供物の広間","공물의 전당","Salão das Oferendas","Зал подношений","Salón de ofrendas","โถง​แห่ง​เครื่อง​สังเวย","獻祭殿堂","Art/Textures/Interface/2D/2DArt/UIImages/InGame/Incursion2/RoomIcons/IconSacrificialChamber.dds",14766,"[30,0]","May drop [IncursionMedallionIncreaseRoomTier|Quipolatl's Medallion] or [IncursionMedallionAddRoom|Uromoti's Medallion]","Peut céder un [IncursionMedallionIncreaseRoomTier|Médaillon de Quipolatl] ou un [IncursionMedallionAddRoom|Médaillon d'Uromoti]","Kann [IncursionMedallionIncreaseRoomTier|Quipolatls Medaillon] oder [IncursionMedallionAddRoom|Uromotis Medaillon] fallen lassen","[IncursionMedallionIncreaseRoomTier|キポラトルのメダリオン]または[IncursionMedallionAddRoom|ウロモティのメダリオン]をドロップすることがある","[IncursionMedallionIncreaseRoomTier|퀴폴라틀의 메달리온] 또는 [IncursionMedallionAddRoom|우로모티의 메달리온]이 나올 수 있음","Pode largar o [IncursionMedallionIncreaseRoomTier|Medalhão de Quipolatl] ou [IncursionMedallionAddRoom|Medalhão de Uromoti]","Можно найти [IncursionMedallionIncreaseRoomTier|Медальон Квиполатля] или [IncursionMedallionAddRoom|Медальон Уромоти]","Puede dar un [IncursionMedallionIncreaseRoomTier|Medallón de Quipolatl] o un [IncursionMedallionAddRoom|Medallón de Uromoti]","อาจดรอป[IncursionMedallionIncreaseRoomTier|เหรียญตราคุยโปลาทัล]หรือ[IncursionMedallionIncreaseRoomTier|เหรียญตราอูรูมอที]","可能掉落 [IncursionMedallionIncreaseRoomTier|克特帕托聖徽] 或 [IncursionMedallionAddRoom|烏爾摩堤聖徽]"
58,18,3,"sacrificechamber_lvl3","Contains a Unique Item\r\nContains the Morphology Mechanism which can be used to modify [Corrupted] Unique Items\r\nRoom [IncursionDestabilization|Destabilises] once device is used","Contient un objet Unique\r\nContient le Mécanisme de morphologie, qui peut être utilisé pour modifier les objets Uniques [Corrupted|Corrompus]\r\nLa Salle sera [IncursionDestabilization|Déstabilisée] une fois le dispositif utilisé","Enthält einen einzigartigen Gegenstand\r\nEnthält den Morphologiemechanismus, der verwendet werden kann, um [Corrupted|verderbte] einzigartige Gegenstände zu modifizieren\r\nRaum wird nach dem Benutzen des Geräts [IncursionDestabilization|destabilisiert]","ユニークアイテムが存在する\r\n[Corrupted|コラプト]ユニークアイテムを変更できる変身の装置が出現する\r\nこの装置を使用するとこの部屋の[IncursionDestabilization|不安定化]が起きる","고유 아이템 포함\r\n사용 시 [Corrupted|타락한] 고유 아이템에 속성을 부여하는 형태학 기계 장치 포함\r\n장치 사용 시 방이 [IncursionDestabilization|불안정해짐]","Contém um item único\r\nContém um Mecanismo de Morfologia, que pode ser usado para modificar itens únicos [Corrupted|corrompidos]\r\nApós utilizá-lo, a sala é [IncursionDestabilization|desestabilizada]","Содержит уникальный предмет\r\nСодержит структурный механизм, позволяющий изменять [Corrupted|осквернённые] уникальные предметы\r\nКомната [IncursionDestabilization|дестабилизируется] после использования устройства","Contiene un objeto único\r\nContiene un Mecanismo de morfología que se puede usar para modificar los objetos únicos [Corrupted|corruptos]\r\nLa sala se [IncursionDestabilization|desestabiliza] tras usar el dispositivo","มีไอเทมยูนิค 1 ชิ้น\r\nมีกลไกสัณฐานที่เปลี่ยนแปลงไอเทมยูนิควาล์ที่[Corrupted|มีมลทิน]\r\nห้องนี้จะถูก[IncursionDestabilization|ระงับเสถียรภาพ]หลังจากที่ใช้เครื่อง","包含一件傳奇物品\r\n包含一個改造瓦爾傳奇的裝置\r\n在使用後房間會[IncursionDestabilization|不穩定]","Apex of Oblation","Apex de l'oblation","Apex der Opfergabe","供物の頂","봉헌의 정점","Ápice da Oferenda","Вершина причащения","Ápice de la oblación","ยอดแห่งการบูชายัญ","奉獻之峰","Art/Textures/Interface/2D/2DArt/UIImages/InGame/Incursion2/RoomIcons/IconSacrificialChamber.dds",14766,"[45,1]","May drop [IncursionMedallionPreventDestabilise|Juatalotli's Medallion], [IncursionMedallionRerollRestrictedRoom|Hayoxi's Medallion], [IncursionMedallionAddRoom|Uromoti's Medallion], [IncursionMedallionAddAdditionalRestrictedRoom|Estazunti's Medallion] or [IncursionMedallionAddTempleModifier|Zantipi's Medallion]","Peut céder un [IncursionMedallionPreventDestabilise|Médaillon de Juatalotli], un [IncursionMedallionRerollRestrictedRoom|Médaillon d'Hayoxi], un [IncursionMedallionAddRoom|Médaillon d'Uromoti] un [IncursionMedallionAddAdditionalRestrictedRoom|Médaillon d'Estazunti] ou un [IncursionMedallionAddTempleModifier|Médaillon de Zantipi]","Kann [IncursionMedallionPreventDestabilise|Juatalotlis Medaillon], [IncursionMedallionRerollRestrictedRoom|Hayoxis Medaillon], [IncursionMedallionAddRoom|Uromotis Medaillon], [IncursionMedallionAddAdditionalRestrictedRoom|Estazuntis Medaillon] oder [IncursionMedallionAddTempleModifier|Zantipis Medaillon] fallen lassen","[IncursionMedallionPreventDestabilise|フアタロトリのメダリオン]、[IncursionMedallionRerollRestrictedRoom|ハヨキのメダリオン]、[IncursionMedallionAddRoom|ウロモティのメダリオン]、[IncursionMedallionAddAdditionalRestrictedRoom|エスタズンティのメダリオン]または[IncursionMedallionAddTempleModifier|ザンティピのメダリオン]をドロップすることがある","[IncursionMedallionPreventDestabilise|주앗탈로틀리의 메달리온], [IncursionMedallionRerollRestrictedRoom|하욕시의 메달리온], [IncursionMedallionAddRoom|우로모티의 메달리온], [IncursionMedallionMaximumCrystalCapacity|조펙의 메달리온], [IncursionMedallionMaximumMedallionCapacity|아즈카파의 메달리온], [IncursionMedallionAddAdditionalRestrictedRoom|에스타준티의 메달리온] 또는 [IncursionMedallionAddTempleModifier|잔티피의 메달리온]이 나올 수 있음","Pode largar o [IncursionMedallionPreventDestabilise|Medalhão de Juatalotli], [IncursionMedallionRerollRestrictedRoom|Medalhão de Hayoxi], [IncursionMedallionAddRoom|Medalhão de Uromoti], [IncursionMedallionAddAdditionalRestrictedRoom|Medalhão de Estazunti] ou [IncursionMedallionAddTempleModifier|Medalhão de Zantipi]","Можно найти [IncursionMedallionPreventDestabilise|Медальон Ваталотли], [IncursionMedallionRerollRestrictedRoom|Медальон Хайоши], [IncursionMedallionAddRoom|Медальон Уромоти], [IncursionMedallionAddAdditionalRestrictedRoom|Медальон Эстазунти] или [IncursionMedallionAddTempleModifier|Медальон Зантипи]","Puede dar un [IncursionMedallionPreventDestabilise|Medallón de Juatalotli], un [IncursionMedallionRerollRestrictedRoom|Medallón de Hayoxi], un [IncursionMedallionAddRoom|Medallón de Uromoti], un [IncursionMedallionAddAdditionalRestrictedRoom|Medallón de Estazunti] o un [IncursionMedallionAddTempleModifier|Medallón de Zantipi]","อาจดรอป[IncursionMedallionPreventDestabilise|เหรียญตราฮัวตาล็อตลี], [IncursionMedallionRerollRestrictedRoom|เหรียญตราเฮโยคี], [IncursionMedallionAddRoom|เหรียญตราอูรูมอที], [IncursionMedallionAddAdditionalRestrictedRoom|เหรียญตราเอสตาซุนที] หรือ[IncursionMedallionAddTempleModifier|เหรียญตราซานทีพี]","可能掉落 [IncursionMedallionPreventDestabilise|瓦爾羅特聖徽]、[IncursionMedallionRerollRestrictedRoom|荷霖蔡聖徽]、[IncursionMedallionAddRoom|烏爾摩堤聖徽]、[IncursionMedallionAddAdditionalRestrictedRoom|艾斯祖太聖徽] 或 [IncursionMedallionAddTempleModifier|善堤比聖徽]"
59,18,4,"sacrificechamber_lvl4","Contains a Unique Item\r\nContains the Morphology Mechanism which can be used to modify [Corrupted] Unique Items\r\nRoom [IncursionDestabilization|Destabilises] once device is used","Contains a Unique Item\r\nContains the Morphology Mechanism which can be used to modify [Corrupted] Unique Items\r\nRoom [IncursionDestabilization|Destabilises] once device is used","Enthält einen einzigartigen Gegenstand\r\nEnthält den Morphologiemechanismus, der verwendet werden kann, um [Corrupted|verderbte] einzigartige Gegenstände zu modifizieren\r\nRaum wird nach dem Benutzen des Geräts [IncursionDestabilization|destabilisiert]","ユニークアイテムが存在する\r\n[Corrupted|コラプト]ユニークアイテムを変更できる変身の装置が出現する\r\nこの装置を使用するとこの部屋の[IncursionDestabilization|不安定化]が起きる","고유 아이템 포함\r\n사용 시 [Corrupted|타락한] 고유 아이템에 속성을 부여하는 형태학 기계 장치 포함\r\n장치 사용 시 방이 [IncursionDestabilization|불안정해짐]","Contém um item único\r\nContém um Mecanismo de Morfologia, que pode ser usado para modificar itens únicos [Corrupted|corrompidos]\r\nApós utilizá-lo, a sala é [IncursionDestabilization|desestabilizada]","Содержит уникальный предмет\r\nСодержит структурный механизм, позволяющий изменять [Corrupted|осквернённые] уникальные предметы\r\nКомната [IncursionDestabilization|дестабилизируется] после использования устройства","Contiene un objeto único\r\nContiene un Mecanismo de morfología que se puede usar para modificar los objetos únicos [Corrupted|corruptos]\r\nLa sala se [IncursionDestabilization|desestabiliza] tras usar el dispositivo","มีไอเทมยูนิค 1 ชิ้น\r\nมีกลไกสัณฐานที่เปลี่ยนแปลงไอเทมยูนิควาล์ที่[Corrupted|มีมลทิน]\r\nห้องนี้จะถูก[IncursionDestabilization|ระงับเสถียรภาพ]หลังจากที่ใช้เครื่อง","包含一件傳奇物品\r\n包含一個改造瓦爾傳奇的裝置\r\n在使用後房間會[IncursionDestabilization|不穩定]","Empyrean of Blood","Empyrean of Blood","Lichthimmel des Blutes","血の天空","피의 천공","Empyreano de Sangue","Кровавый рай","Empíreo de sangre","วิมานเลือด","血之星穹","Art/Textures/Interface/2D/2DArt/UIImages/InGame/Incursion2/RoomIcons/IconSacrificialChamber.dds",14766,"[50,1]","May drop [IncursionMedallionPreventDestabilise|Juatalotli's Medallion], [IncursionMedallionRerollRestrictedRoom|Hayoxi's Medallion], [IncursionMedallionAddRoom|Uromoti's Medallion], [IncursionMedallionAddAdditionalRestrictedRoom|Estazunti's Medallion] or [IncursionMedallionAddTempleModifier|Zantipi's Medallion]","May drop [IncursionMedallionPreventDestabilise|Juatalotli's Medallion], [IncursionMedallionRerollRestrictedRoom|Hayoxi's Medallion], [IncursionMedallionAddRoom|Uromoti's Medallion], [IncursionMedallionAddAdditionalRestrictedRoom|Estazunti's Medallion] or [IncursionMedallionAddTempleModifier|Zantipi's Medallion]","Kann [IncursionMedallionPreventDestabilise|Juatalotlis Medaillon], [IncursionMedallionRerollRestrictedRoom|Hayoxis Medaillon], [IncursionMedallionAddRoom|Uromotis Medaillon], [IncursionMedallionAddAdditionalRestrictedRoom|Estazuntis Medaillon] oder [IncursionMedallionAddTempleModifier|Zantipis Medaillon] fallen lassen","[IncursionMedallionPreventDestabilise|フアタロトリのメダリオン]、[IncursionMedallionRerollRestrictedRoom|ハヨキのメダリオン]、[IncursionMedallionAddRoom|ウロモティのメダリオン]、[IncursionMedallionAddAdditionalRestrictedRoom|エスタズンティのメダリオン]または[IncursionMedallionAddTempleModifier|ザンティピのメダリオン]をドロップすることがある","[IncursionMedallionPreventDestabilise|주앗탈로틀리의 메달리온], [IncursionMedallionRerollRestrictedRoom|하욕시의 메달리온], [IncursionMedallionAddRoom|우로모티의 메달리온], [IncursionMedallionAddAdditionalRestrictedRoom|에스타준티의 메달리온] 또는 [IncursionMedallionAddTempleModifier|잔티피의 메달리온]이 나올 수 있음","Pode largar o [IncursionMedallionPreventDestabilise|Medalhão de Juatalotli], [IncursionMedallionRerollRestrictedRoom|Medalhão de Hayoxi], [IncursionMedallionAddRoom|Medalhão de Uromoti], [IncursionMedallionAddAdditionalRestrictedRoom|Medalhão de Estazunti] ou [IncursionMedallionAddTempleModifier|Medalhão de Zantipi]","Можно найти [IncursionMedallionPreventDestabilise|Медальон Ваталотли], [IncursionMedallionRerollRestrictedRoom|Медальон Хайоши], [IncursionMedallionAddRoom|Медальон Уромоти], [IncursionMedallionAddAdditionalRestrictedRoom|Медальон Эстазунти] или [IncursionMedallionAddTempleModifier|Медальон Зантипи]","Puede dar un [IncursionMedallionPreventDestabilise|Medallón de Juatalotli], un [IncursionMedallionRerollRestrictedRoom|Medallón de Hayoxi], un [IncursionMedallionAddRoom|Medallón de Uromoti], un [IncursionMedallionAddAdditionalRestrictedRoom|Medallón de Estazunti] o un [IncursionMedallionAddTempleModifier|Medallón de Zantipi]","อาจดรอป[IncursionMedallionPreventDestabilise|เหรียญตราฮัวตาล็อตลี], [IncursionMedallionRerollRestrictedRoom|เหรียญตราเฮโยคี], [IncursionMedallionAddRoom|เหรียญตราอูรูมอที], [IncursionMedallionAddAdditionalRestrictedRoom|เหรียญตราเอสตาซุนที] หรือ[IncursionMedallionAddTempleModifier|เหรียญตราซานทีพี]","可能掉落 [IncursionMedallionPreventDestabilise|瓦爾羅特聖徽]、[IncursionMedallionRerollRestrictedRoom|荷霖蔡聖徽]、[IncursionMedallionAddRoom|烏爾摩堤聖徽]、[IncursionMedallionAddAdditionalRestrictedRoom|艾斯祖太聖徽] 或 [IncursionMedallionAddTempleModifier|善堤比聖徽]"
60,20,1,"architect","Defeating the Architect allows use of Xipocado's Console which can be used to place various [IncursionRestrictedRoom|Restricted Rooms]\r\nDefeating the Architect also unlocks [IncursionMedallions|Medallions]","Vaincre l'Architecte donne accès à la Console de Xipocado, qui peut être utilisée pour placer diverses [IncursionRestrictedRoom|Salles restreintes]\r\nVaincre l'Architecte débloque également les [IncursionMedallions|Médallions]","Das Töten des Architekten erlaubt die Verwendung von Xipocados Konsole, die benutzt werden kann, um verschiedene [IncursionRestrictedRoom|Eingeschränkte Räume] zu platzieren.\r\nDas Töten des Architekten schaltet auch [IncursionMedallions|Medaillons] frei.","アーキテクトを倒すとシポカドの制御盤を使用できるようになり、様々な [IncursionRestrictedRoom|立ち入り制限の部屋]を配置できるようになる\r\nアーキテクトを倒すと[IncursionMedallions|メダリオン]もアンロックされる","건축가 처치 시 지포카도의 콘솔을 사용해 다양한 [IncursionRestrictedRoom|제한된 방] 배치 가능\r\n건축가 처치 시 [IncursionMedallions|메달리온]도 해제됨","Derrotar o Arquiteto permite usar o Terminal de Xipocado, que pode ser usado para montar várias [IncursionRestrictedRoom|salas proibidas]\r\nDerrotar o Arquiteto também desbloqueia [IncursionMedallions|medalhões]","Победа над Архитектором позволяет использовать пульт Шипокадо для размещения различных [IncursionRestrictedRoom|особых комнат]\r\nПобеда над Архитектором также разблокирует [IncursionMedallions|медальоны]","Al derrotar al Arquitecto, podrás usar la Consola de Xipocado que se puede usar para colocar varias [IncursionRestrictedRoom|salas restringidas]\r\nAl derrotar al Arquitecto también se desbloquean los [IncursionMedallions|medallones]","สยบสถาปนิกเพื่อเปิดโอกาสใช้แผงควบคุมของจีโปคาโดที่ใช้วาง[IncursionRestrictedRoom|ห้องต้องห้าม]ได้\r\nการสยบสถาปนิกจะปลดล็อก[IncursionMedallions|เหรียญตรา]เช่นกัน","擊敗建築師後可使用希波卡多的控制台，可用於放置各種[IncursionRestrictedRoom|限制房間]\r\n擊敗建築師也會解鎖[IncursionMedallions|聖徽]","Architect's Chamber","Chambre de l'Architecte","Kammer des Architekten","アーキテクトの間","건축가의 방","Câmara do Arquiteto","Кабинет архитектора","Cámara del arquitecto","ห้องสถาปนิก","建築師之室","Art/Textures/Interface/2D/2DArt/UIImages/InGame/Incursion2/RoomIcons/IconArchitect.dds","",[],"May drop [IncursionMedallionAddRoom|Uromoti's Medallion], [IncursionMedallionRerollRoomCards|Puhuarte's Medallion] or [IncursionMedallionAddTempleModifier|Zantipi's Medallion]","Peut céder un [IncursionMedallionAddRoom|Médaillon d'Uromoti], un [IncursionMedallionRerollRoomCards|Médaillon de Puhuarte] ou un [IncursionMedallionAddTempleModifier|Médaillon de Zantipi]","Kann [IncursionMedallionAddRoom|Uromotis Medaillon], [IncursionMedallionRerollRoomCards|Puhuartes Medaillon] oder [IncursionMedallionAddTempleModifier|Zantipis Medaillon] fallen lassen","[IncursionMedallionAddRoom|ウロモティのメダリオン]、[IncursionMedallionRerollRoomCards|プフアテのメダリオン]または[IncursionMedallionAddTempleModifier|ザンティピのメダリオン]をドロップすることがある","[IncursionMedallionAddRoom|우로모티의 메달리온], [IncursionMedallionMaximumCrystalCapacity|조펙의 메달리온], [IncursionMedallionMaximumMedallionCapacity|아즈카파의 메달리온], [IncursionMedallionRerollRoomCards|푸후알테의 메달리온] 또는 [IncursionMedallionAddTempleModifier|잔티피의 메달리온]이 나올 수 있음","Pode largar o [IncursionMedallionAddRoom|Medalhão de Uromoti], [IncursionMedallionRerollRoomCards|Medalhão de Puhuarte] ou [IncursionMedallionAddTempleModifier|Medalhão de Zantipi]","Можно найти [IncursionMedallionAddRoom|Медальон Уромоти], [IncursionMedallionRerollRoomCards|Медальон Пухварте] или [IncursionMedallionAddTempleModifier|Медальон Зантипи]","Puede dar un [IncursionMedallionAddRoom|Medallón de Uromoti], un [IncursionMedallionRerollRoomCards|Medallón de Puhuarte] o un [IncursionMedallionAddTempleModifier|Medallón de Zantipi]","อาจดรอป[IncursionMedallionAddRoom|เหรียญตราอูรูมอที], [IncursionMedallionRerollRoomCards|เหรียญตราพูฮวาเท] หรือ[IncursionMedallionAddTempleModifier|เหรียญตราซานทีพี]","可能掉落 [IncursionMedallionAddRoom|烏爾摩堤聖徽]、[IncursionMedallionRerollRoomCards|普希瓦爾聖徽] 或 [IncursionMedallionAddTempleModifier|善堤比聖徽]"
61,21,1,"entrance","","","","","","","","","","","Foyer","Vestibule","Foyer","前室","현관","Saguão","Прихожая","Vestíbulo","โถงทางเข้า","門廳","","",[],"","","","","","","","","",""
62,22,1,"currency_reward","Contains Rare Treasury Chests containing Currency\r\nRoom [IncursionDestabilization|Destabilises] once accessible","Contient des Coffres aux trésors Rares remplis d'Objets monétaires\r\nLa Salle se [IncursionDestabilization|Déstabilise] une fois accessible","Enthält seltene Schatzkammertruhen mit Währung\r\nRaum wird nach dem Abschluss [IncursionDestabilization|destabilisiert]","カレンシーを含む財宝のレアチェストが出現する\r\nこの部屋にアクセスすると部屋の[IncursionDestabilization|不安定化]が起きる","화폐가 들어 있는 희귀 보물 창고 상자 포함\r\n방에 들어갈 수 있게 되면 방이 [IncursionDestabilization|불안정해짐]","Contém baús de tesouro raros com moedas\r\nA sala se [IncursionDestabilization|desestabilizará] assim que estiver acessível","Содержит редкие сундуки с валютой\r\nКомната [IncursionDestabilization|дестабилизируется] после получения доступа к ней","Contiene cofres raros del tesoro que contienen objetos monetarios\r\nLa sala se [IncursionDestabilization|desestabiliza] una vez que sea accesible","มีหีบท้องพระคลังแรร์ที่มีเงินตรา\r\nห้องนี้จะถูก[IncursionDestabilization|ระงับเสถียรภาพ]เมื่อเข้าถึงได้","包含裝有通貨的稀有寶庫寶箱\r\n可通行後房間會[IncursionDestabilization|不穩定]","Kishara's Vault","Chambre forte de Kishara","Kisharas Schatzkammer","キシャラの宝物庫","키샤라의 금고실","Cofre de Kishara","Хранилище Кишары","Sala de Kishara","ห้องนิรภัยคิชาร่า","奇夏拉的密庫","Art/Textures/Interface/2D/2DArt/UIImages/InGame/Incursion2/RoomIcons/IconRewardCurrency.dds","",[],"","","","","","","","","",""
63,23,1,"lineage_support_reward","Contains a Historic Chest containing a random [LineageSupports|Lineage Support Gem]\r\nRoom [IncursionDestabilization|Destabilises] once accessible","Contient un Coffre historique qui renferme une [LineageSupports|Gemme de soutien de Lignage] aléatoire\r\nLa Salle se [IncursionDestabilization|Déstabilise] une fois accessible","Enthält eine Historische Truhe mit einer zufälligen [LineageSupports|Abstammungs-Unterstützung]\r\nRaum wird nach dem Abschluss [IncursionDestabilization|destabilisiert]","ランダムな[LineageSupports|リネージュサポートジェム]を含む歴史のチェストが出現する\r\nこの部屋にアクセスするとこの部屋の[IncursionDestabilization|不安定化]が起きる","무작위 [LineageSupports|혈통 보조 젬]이 들어 있는 역사적인 상자 포함\r\n방에 들어갈 수 있게 되면 방이 [IncursionDestabilization|불안정해짐]","Contém um baú histórico com uma [LineageSupports|gema de reforço de origem] aleatória\r\nA sala se [IncursionDestabilization|desestabilizará] assim que estiver acessível","Содержит исторический сундук со случайным [LineageSupports|династическим камнем поддержки]\r\nКомната [IncursionDestabilization|дестабилизируется] после получения доступа к ней","Contiene un cofre histórico que contiene una [LineageSupports|gema de asistencia de linaje] aleatoria\r\nLa sala se [IncursionDestabilization|desestabiliza] una vez que sea accesible","มีหีบโบราณกาลที่มี[LineageSupports|หินเสริมสายสกุล]แบบสุ่ม 1 เม็ด\r\nห้องนี้จะถูก[IncursionDestabilization|ระงับเสถียรภาพ]เมื่อเข้าถึงได้","包含一個裝有隨機[LineageSupports|族裔輔助寶石]的歷史寶箱\r\n可通行後房間會[IncursionDestabilization|不穩定]","Vault of Reverence","Chambre forte de la révérence","Halle der Verehrung","畏敬の宝物庫","숭배의 금고실","Cofre da Reverência","Хранилище поклонения","Sala de reverencia","ห้องนิรภัยสักการะ","敬畏寶庫","Art/Textures/Interface/2D/2DArt/UIImages/InGame/Incursion2/RoomIcons/IconRewardGem.dds","",[],"","","","","","","","","",""
64,24,1,"socketable_reward","Contains a Rune Cache containing [Rune|Runes]\r\nRoom [IncursionDestabilization|Destabilises] once accessible","Contient une Cache de Runes remplie de [Rune|Runes]\r\nLa Salle se [IncursionDestabilization|Déstabilise] une fois accessible","Enthält eine Runen-Lagertruhe mit [Rune|Runen]\r\nRaum wird nach dem Abschluss [IncursionDestabilization|destabilisiert]","[Rune|ルーン]を含むルーンキャッシュが出現する\r\nこの部屋にアクセスするとこの部屋の[IncursionDestabilization|不安定化]が起きる","[Rune|룬]이 들어 있는 룬 은닉함 포함\r\n방에 들어갈 수 있게 되면 방이 [IncursionDestabilization|불안정해짐]","Contém um estoque de runas com [Rune|runas]\r\nA sala se [IncursionDestabilization|desestabilizará] assim que estiver acessível","Содержит рунный сундук с [Rune|рунами]\r\nКомната [IncursionDestabilization|дестабилизируется] после получения доступа к ней","Contiene un alijo de runas que contiene [Rune|runas]\r\nLa sala se [IncursionDestabilization|desestabiliza] una vez que sea accesible","มีหีบอักขระที่มี[Rune|อักขระ] 1 ชิ้น\r\nห้องนี้จะถูก[IncursionDestabilization|ระงับเสถียรภาพ]เมื่อเข้าถึงได้","包含一個裝有[Rune|符文]的符文寶箱\r\n可通行後房間會[IncursionDestabilization|不穩定]","Jiquani's Vault","Chambre forte de Jiquani","Jiquanis Schatzkammer","ジクアニの宝物庫","지콰니의 금고실","Cofre de Jiquani","Хранилище Джиквани","Sala de Jiquani","ห้องนิรภัยฮิคัวนี","吉卡尼的密庫","Art/Textures/Interface/2D/2DArt/UIImages/InGame/Incursion2/RoomIcons/IconRewardSocketable.dds","",[],"","","","","","","","","",""
65,25,1,"tablet_reward","Contains the Corrupted Precursor Machine which allows the [Corrupted|Corruption] of a [Tablet|Tablet]\r\nRoom [IncursionDestabilization|Destabilises] once accessible","Contient une Machine corrompue des Prédécesseurs, qui permet de [Corrupted|Corrompre] une [Tablet|Tablette]\r\nLa Salle se [IncursionDestabilization|Déstabilise] une fois accessible","Enthält die Verderbte Wegbereitermaschine, die die [Corrupted|Verderbung] einer [Tablet|Tafel] ermöglicht\r\nRaum wird nach dem Abschluss [IncursionDestabilization|destabilisiert]","[Tablet|石板]の[Corrupted|コラプト化]を可能にする先人のコラプト化装置が出現する\r\nこの部屋にアクセスするとこの部屋の[IncursionDestabilization|不安定化]が起きる","[Tablet|서판]을 [Corrupted|타락]시킬 수 있게 해 주는 타락한 선도자 장치 포함\r\n방에 들어갈 수 있게 되면 방이 [IncursionDestabilization|불안정해짐]","Contém uma Máquina Precursora Corrompida, que permite [Corrupted|corromper] uma [Tablet|tábua]\r\nA sala se [IncursionDestabilization|desestabilizará] assim que estiver acessível","Содержит осквернённую машину Предтеч, позволяющую [Corrupted|осквернять] [PrecursorTablet|плитки Предтеч]\r\nКомната [IncursionDestabilization|дестабилизируется] после получения доступа к ней","Contiene la Máquina precursora corrupta que permite [Corrupted|corromper] una [Tablet|tablilla]\r\nLa sala se [IncursionDestabilization|desestabiliza] una vez que sea accesible","มีเครื่องจักรกลุ่มชนก่อนกาลอาบมลทินที่[Corrupted|ใส่มลทิน]ให้กับ[Tablet|แผ่นหิน]\r\nห้องนี้จะถูก[IncursionDestabilization|ระงับเสถียรภาพ]เมื่อเข้าถึงได้","包含已汙染的先行者機器，可讓[Tablet|碑牌]進行[Corrupted|腐化]\r\n可通行後房間會[IncursionDestabilization|不穩定]","Tablet Research Vault","Chambre forte de Recherche de Tablettes","Tafelforschungs-Schatzkammer","石板研究の宝物庫","서판 연구 금고실","Cofre de Pesquisa de Tábuas","Хранилище плиток","Sala de investigación de tablillas","ห้องนิรภัยวิจัยแผ่นหิน","碑牌研究密庫","Art/Textures/Interface/2D/2DArt/UIImages/InGame/Incursion2/RoomIcons/IconRewardTablet.dds","",[],"","","","","","","","","",""
66,26,1,"unique_reward","Contains a Reliquary Display which holds a Unique item\r\nRoom [IncursionDestabilization|Destabilises] once accessible","Contient un Piédestal de reliquaire qui renferme un objet Unique\r\nLa Salle se [IncursionDestabilization|Déstabilise] une fois accessible","Enthält eine Reliquienkammer-Auslage mit einem einzigartigen Gegenstand\r\nRaum wird nach dem Abschluss [IncursionDestabilization|destabilisiert]","ユニークアイテムを展示している聖廟の展示箱が出現する\r\nこの部屋にアクセスするとこの部屋の[IncursionDestabilization|不安定化]が起きる","고유 아이템이 들어 있는 성유물 보관실 전시물 포함\r\n방에 들어갈 수 있게 되면 방이 [IncursionDestabilization|불안정해짐]","Contém um mostruário do relicário com um item único\r\nA sala se [IncursionDestabilization|desestabilizará] assim que estiver acessível","Содержит витрину реликвария с уникальным предметом\r\nКомната [IncursionDestabilization|дестабилизируется] после получения доступа к ней","Contiene un Muestrario de reliquias que contiene un objeto único\r\nLa sala se [IncursionDestabilization|desestabiliza] una vez que sea accesible","มีตู้แสดงวัตถุโบราณที่มีไอเทมยูนิค 1 ชิ้น\r\nห้องนี้จะถูก[IncursionDestabilization|ระงับเสถียรภาพ]เมื่อเข้าถึงได้","包含一個裝有傳奇物品的聖物展示台\r\n可通行後房間會[IncursionDestabilization|不穩定]","Ancient Reliquary Vault","Chambre forte du Reliquaire antique","Uralte Reliquienkammer","古代の聖廟の宝物庫","고대의 성유물 보관실 금고실","Cofre do Relicário Antigo","Древнее хранилище-реликварий","Sala del relicario antiguo","ห้องนิรภัยวัตถุโบราณ","遠古聖物密庫","Art/Textures/Interface/2D/2DArt/UIImages/InGame/Incursion2/RoomIcons/IconRewardUnique.dds","",[],"","","","","","","","","",""
67,27,1,"access_chamber","Completion unlocks access to Atziri's Chamber\r\nRoom [IncursionDestabilization|Destabilises] once accessible","Terminer cette Salle déverrouille l'accès à la Chambre d'Atziri\r\nLa Salle se [IncursionDestabilization|Déstabilise] une fois accessible","Der Abschluss erlaubt Zugang zu Atziris Kammer\r\nRaum wird nach dem Abschluss [IncursionDestabilization|destabilisiert]","アッツィリの私室へアクセスできるようになる\r\nこの部屋にアクセスするとこの部屋の[IncursionDestabilization|不安定化]が起きる","완료 시 앗지리의 석실에 갈 수 있음\r\n방에 들어갈 수 있게 되면 방이 [IncursionDestabilization|불안정해짐]","Ao concluir, permite acessar os Aposentos de Atziri\r\nA sala se [IncursionDestabilization|desestabilizará] assim que estiver acessível","Завершение даёт доступ в Покои Атзири\r\nКомната [IncursionDestabilization|дестабилизируется] после получения доступа к ней","Al completarla se desbloquea el acceso a la Cámara de Atziri\r\nLa sala se [IncursionDestabilization|desestabiliza] una vez que sea accesible","การผ่านห้องนี้จะปลดล็อกห้องอัถสิริ\r\nห้องนี้จะถูก[IncursionDestabilization|ระงับเสถียรภาพ]เมื่อเข้าถึงได้","完成後解鎖進入阿茲里密室的權限\r\n可通行後房間會[IncursionDestabilization|不穩定]","Royal Access Chamber","Chambre d'accès royale","Königliches Vorzimmer","王家の連絡通路","왕실 전실","Câmara de Acesso Real","Царская приёмная","Cámara de acceso real","ห้องราชสำนัก","皇家通道室","Art/Textures/Interface/2D/2DArt/UIImages/InGame/Incursion2/RoomIcons/IconAccessChamber.dds","",[],"","","","","","","","","",""
68,29,1,"unsocketing_reward","Contains the Extraction Workbench which can be used to destroy an [Equipment] item, returning any [Augment|Augments] socketed in it\r\nRoom [IncursionDestabilization|Destabilises] once accessible","Contient l'Établi d'extraction, qui peut être utilisé pour détruire un objet d'[Equipment|Équipement] afin d'en récupérer les [Augment|Augmentations] enchâssées\r\nLa Salle se [IncursionDestabilization|Déstabilise] une fois accessible","Enthält die Extraktionswerkbank, die verwendet werden kann, um einen [Equipment|Ausrüstungs]gegenstand zu zerstören, wodruch man alle darin eingefassten [Augment|Augmentationen] zurückerhält\r\nRaum wird nach dem Abschluss [IncursionDestabilization|destabilisiert]","[Equipment|装備]アイテムを破壊し、それにソケットされている[Augment|オーグメント]を回収する抽出の作業台が出現する\r\nこの部屋にアクセスするとこの部屋の[IncursionDestabilization|不安定化]が起きる","사용 시 [Equipment|장비] 아이템을 파괴하고 홈에 장착된 [Augment|증강물]을 돌려받을 수 있는 추출 작업대 포함\r\n방에 들어갈 수 있게 되면 방이 [IncursionDestabilization|불안정해짐]","Contém a Bancada de Extração, que pode ser usada para destruir um item de [Equipment|equipamento], restituindo os [Augment|aprimoramentos] encaixados\r\nA sala se [IncursionDestabilization|desestabilizará] assim que estiver acessível","Содержит верстак для извлечения, позволяющий извлечь любые [Augment|усилители] из предмета [Equipment|снаряжения], уничтожив этот предмет\r\nКомната [IncursionDestabilization|дестабилизируется] после получения доступа к ней","Contiene la Mesa de trabajo de extracción que se puede usar para destruir un objeto de [Equipment|equipamiento] y que te devuelva cualquier [Augment|mejora] engarzada en él\r\nLa sala se [IncursionDestabilization|desestabiliza] una vez que sea accesible","มีโต๊ะทำงานถอนวัตถุที่ทำลาย[Equipment|ไอเทมสวมใส่]เพื่อเก็บ[Augment|วัตถุฝัง]ที่อยู่ในรูของมัน\r\nห้องนี้จะถูก[IncursionDestabilization|ระงับเสถียรภาพ]เมื่อเข้าถึงได้","包含萃取工作台，可用於摧毀一件[Equipment|裝備]物品，並歸還鑲嵌在其中的任何[Augment|增幅]\r\n可通行後房間會[IncursionDestabilization|不穩定]","Extraction Chamber","Chambre d'extraction","Extraktionskammer","抽出の広間","추출실","Câmara de Extração","Зал извлечения","Cámara de extracción","ห้องถอนวัตถุ","萃取室","Art/Textures/Interface/2D/2DArt/UIImages/InGame/Incursion2/RoomIcons/IconRewardExtract.dds","",[],"","","","","","","","","",""
69,19,1,"","","","","","","","","","","","Sacrifice Room","Salle du sacrifice","Opferraum","生贄の部屋","희생실","Sala de Sacrifícios","Комната жертвоприношений","Sala de sacrificios","ห้องสังเวย","獻祭室","Art/Textures/Interface/2D/2DArt/UIImages/InGame/Incursion2/RoomIcons/SacrificeRoom.dds","",[],"","","","","","","","","",""
70,28,1,"","Complete the Royal Access Chamber to unlock","Terminez la Chambre d'accès royale pour déverrouiller l'accès","Schließt das Königliche Vorzimmer ab, um freizuschalten","王家の連絡通路を完了してアンロックする","해제하려면 왕실 전실을 완료하십시오","Conclua a Câmara de Acesso Real para desbloquear","Завершите Царскую приёмную, чтобы разблокировать","Completa la Cámara de acceso real para desbloquearla","ปลดล็อกได้ด้วยการผ่านห้องราชสำนักให้สำเร็จ","完成皇家通道室以解鎖","Atziri's Chamber","Chambre d'Atziri","Atziris Kammer","アッツィリの私室","앗지리의 석실","Aposentos de Atziri","Покои Атзири","Cámara de Atziri","ห้องอัถสิริ","阿茲里的密室","Art/Textures/Interface/2D/2DArt/UIImages/InGame/Incursion2/RoomIcons/IconAtziri.dds","",[],"","","","","","","","","",""
71,30,1,"viperspymaster_defeated_lvl1","","","","","","","","","","","Spymaster's Study","Bureau du maître-espion","Spionagemeister-Arbeitszimmer","密偵長の書斎","첩보대장의 서재","Escritório do Mestre-espião","Кабинет соглядатая","Estudio del maestro de espionaje","ห้องศึกษานักจารชน","情報大師書房","Art/Textures/Interface/2D/2DArt/UIImages/InGame/Incursion2/RoomIcons/IconViperSpymaster.dds","",[],"","A des chances plus élevées de Médaillon de Juatalotli, augmentant avec les paliers","Höhere Chance auf Juatalotlis Medaillon; Chance steigt mit Level","高確率でフアタロトリのメダリオン、ティアと共に確率が上がる","","Tem uma chance alta de largar o Medalhão de Juatalotli, que aumenta com o nível","Повышенный шанс найти Медальон Ваталотли, растёт с уровнем","Tiene una probabilidad más alta de Medallón de Juatalotli que aumenta con el nivel","มีโอกาสมีเหรียญตราฮัวตาล็อตลีสูงขึ้น โอกาสนี้เพิ่มขึ้นตามระดับของห้อง","擁有高機率獲得瓦爾羅特的聖徽，隨著階級增加"
72,30,2,"viperspymaster_defeated_lvl2","","","","","","","","","","","Hall of Shadows","Salle des ombres","Halle der Schatten","影の広間","그림자의 전당","Salão das Sombras","Зал теней","Salón de las sombras","โถงแห่งเงา","陰影之殿","Art/Textures/Interface/2D/2DArt/UIImages/InGame/Incursion2/RoomIcons/IconViperSpymaster.dds","",[],"","A des chances plus élevées de Médaillon de Juatalotli, augmentant avec les paliers","Höhere Chance auf Juatalotlis Medaillon; Chance steigt mit Level","高確率でフアタロトリのメダリオン、ティアと共に確率が上がる","","Tem uma chance alta de largar o Medalhão de Juatalotli, que aumenta com o nível","Повышенный шанс найти Медальон Ваталотли, растёт с уровнем","Tiene una probabilidad más alta de Medallón de Juatalotli que aumenta con el nivel","มีโอกาสมีเหรียญตราฮัวตาล็อตลีสูงขึ้น โอกาสนี้เพิ่มขึ้นตามระดับของห้อง","擁有高機率獲得瓦爾羅特的聖徽，隨著階級增加"
73,30,3,"viperspymaster_defeated_lvl3","","","","","","","","","","","Omnipresent Panopticon","Panopticon omniprésent","Omnipräsentes Panoptikum","遍在するパノプティコン","편재의 원형 감옥","Panóptico Onipresente","Всеведущий паноптикум","Panóptico omnipresente","หอหยั่งรู้สรรพสิ่ง","無所不在全視監","Art/Textures/Interface/2D/2DArt/UIImages/InGame/Incursion2/RoomIcons/IconViperSpymaster.dds","",[],"","A des chances élevées de Médaillon de Juatalotli","Hohe Chance auf Juatalotlis Medaillon","高確率でフアタロトリのメダリオン","","Tem uma chance alta de largar o Medalhão de Juatalotli","Высокий шанс найти Медальон Ваталотли","Tiene una probabilidad alta de Medallón de Juatalotli","มีโอกาสมีเหรียญตราฮัวตาล็อตลีสูง","擁有高機率獲得瓦爾羅特的聖徽"
74,30,4,"viperspymaster_defeated_lvl4","","","","","","","","","","","Espionage Core","Espionage Core","Kernbereich Spionage","諜報の中枢","첩보 중심부","Centro de Espionagem","Центр шпионажа","Núcleo de espionaje","แกนจารกรรม","諜報核心","Art/Textures/Interface/2D/2DArt/UIImages/InGame/Incursion2/RoomIcons/IconViperSpymaster.dds","",[],"","","","","","","","","",""
75,31,1,"biome_water","Room [IncursionDestabilization|Destabilises] once accessible","Room [IncursionDestabilization|Destabilises] once accessible","Raum wird nach dem Abschluss [IncursionDestabilization|destabilisiert]","一度アクセス可能になった後に部屋は[IncursionDestabilization|不安定化]する","방이 들어갈 수 있게 되면 [IncursionDestabilization|불안정해짐]","Ao ser acessada, a sala é [IncursionDestabilization|desestabilizada]","Комната [IncursionDestabilization|дестабилизируется] после получения доступа к ней","La sala se [IncursionDestabilization|desestabiliza] una vez que sea accesible","ห้องนี้จะถูก[IncursionDestabilization|ระงับเสถียรภาพ]เมื่อเข้าถึงได้","一旦可進入，房間便會[IncursionDestabilization|不穩定]","Terraforming Research: Water","Terraforming Research: Water","Weltenformungforschung: Wasser","テラフォーミング調査: 水","테라포밍 연구: 물","Pesquisa sobre terraformação: água","Лаборатория терраформирования: Вода","Investigación de terraformación: Agua","วิจัยแปรสภาพภูมิประเทศ: สายน้ำ","改造研究所：水域","Art/Textures/Interface/2D/2DArt/UIImages/InGame/Incursion2/RoomIcons/IconBiomeWater.dds",16552,[1],"","","","","","","","","",""
76,32,1,"biome_mountain","Room [IncursionDestabilization|Destabilises] once accessible","Room [IncursionDestabilization|Destabilises] once accessible","Raum wird nach dem Abschluss [IncursionDestabilization|destabilisiert]","一度アクセス可能になった後に部屋は[IncursionDestabilization|不安定化]する","방이 들어갈 수 있게 되면 [IncursionDestabilization|불안정해짐]","Ao ser acessada, a sala é [IncursionDestabilization|desestabilizada]","Комната [IncursionDestabilization|дестабилизируется] после получения доступа к ней","La sala se [IncursionDestabilization|desestabiliza] una vez que sea accesible","ห้องนี้จะถูก[IncursionDestabilization|ระงับเสถียรภาพ]เมื่อเข้าถึงได้","一旦可進入，房間便會[IncursionDestabilization|不穩定]","Terraforming Research: Mountain","Terraforming Research: Mountain","Weltenformungforschung: Berg","テラフォーミング調査: 山","테라포밍 연구: 산","Pesquisa sobre terraformação: montanha","Лаборатория терраформирования: Горы","Investigación de terraformación: Montaña","วิจัยแปรสภาพภูมิประเทศ: ภูเขา","改造研究所：山地","Art/Textures/Interface/2D/2DArt/UIImages/InGame/Incursion2/RoomIcons/IconBiomeMountain.dds",16553,[1],"","","","","","","","","",""
77,33,1,"biome_grass","Room [IncursionDestabilization|Destabilises] once accessible","Room [IncursionDestabilization|Destabilises] once accessible","Raum wird nach dem Abschluss [IncursionDestabilization|destabilisiert]","一度アクセス可能になった後に部屋は[IncursionDestabilization|不安定化]する","방이 들어갈 수 있게 되면 [IncursionDestabilization|불안정해짐]","Ao ser acessada, a sala é [IncursionDestabilization|desestabilizada]","Комната [IncursionDestabilization|дестабилизируется] после получения доступа к ней","La sala se [IncursionDestabilization|desestabiliza] una vez que sea accesible","ห้องนี้จะถูก[IncursionDestabilization|ระงับเสถียรภาพ]เมื่อเข้าถึงได้","一旦可進入，房間便會[IncursionDestabilization|不穩定]","Terraforming Research: Grass","Terraforming Research: Grass","Weltenformungforschung: Gras","テラフォーミング調査: 草原","테라포밍 연구: 풀","Pesquisa sobre terraformação: relva","Лаборатория терраформирования: Трава","Investigación de terraformación: Plantas","วิจัยแปรสภาพภูมิประเทศ: หญ้า","改造研究所：草原","Art/Textures/Interface/2D/2DArt/UIImages/InGame/Incursion2/RoomIcons/IconBiomeGrass.dds",16554,[1],"","","","","","","","","",""
78,34,1,"biome_forest","Room [IncursionDestabilization|Destabilises] once accessible","Room [IncursionDestabilization|Destabilises] once accessible","Raum wird nach dem Abschluss [IncursionDestabilization|destabilisiert]","一度アクセス可能になった後に部屋は[IncursionDestabilization|不安定化]する","방이 들어갈 수 있게 되면 [IncursionDestabilization|불안정해짐]","Ao ser acessada, a sala é [IncursionDestabilization|desestabilizada]","Комната [IncursionDestabilization|дестабилизируется] после получения доступа к ней","La sala se [IncursionDestabilization|desestabiliza] una vez que sea accesible","ห้องนี้จะถูก[IncursionDestabilization|ระงับเสถียรภาพ]เมื่อเข้าถึงได้","一旦可進入，房間便會[IncursionDestabilization|不穩定]","Terraforming Research: Forest","Terraforming Research: Forest","Weltenformungforschung: Wald","テラフォーミング調査: 森","테라포밍 연구: 숲","Pesquisa sobre terraformação: floresta","Лаборатория терраформирования: Лес","Investigación de terraformación: Bosque","วิจัยแปรสภาพภูมิประเทศ: ป่า","改造研究所：森林","Art/Textures/Interface/2D/2DArt/UIImages/InGame/Incursion2/RoomIcons/IconBiomeForest.dds",16555,[1],"","","","","","","","","",""
79,35,1,"biome_swamp","Room [IncursionDestabilization|Destabilises] once accessible","Room [IncursionDestabilization|Destabilises] once accessible","Raum wird nach dem Abschluss [IncursionDestabilization|destabilisiert]","一度アクセス可能になった後に部屋は[IncursionDestabilization|不安定化]する","방이 들어갈 수 있게 되면 [IncursionDestabilization|불안정해짐]","Ao ser acessada, a sala é [IncursionDestabilization|desestabilizada]","Комната [IncursionDestabilization|дестабилизируется] после получения доступа к ней","La sala se [IncursionDestabilization|desestabiliza] una vez que sea accesible","ห้องนี้จะถูก[IncursionDestabilization|ระงับเสถียรภาพ]เมื่อเข้าถึงได้","一旦可進入，房間便會[IncursionDestabilization|不穩定]","Terraforming Research: Swamp","Terraforming Research: Swamp","Weltenformungforschung: Sumpf","テラフォーミング調査: 沼","테라포밍 연구: 늪","Pesquisa sobre terraformação: pântano","Лаборатория терраформирования: Болота","Investigación de terraformación: Pantano","วิจัยแปรสภาพภูมิประเทศ: หนองน้ำ","改造研究所：沼澤","Art/Textures/Interface/2D/2DArt/UIImages/InGame/Incursion2/RoomIcons/IconBiomeSwamp.dds",16556,[1],"","","","","","","","","",""
80,36,1,"biome_desert","Room [IncursionDestabilization|Destabilises] once accessible","Room [IncursionDestabilization|Destabilises] once accessible","Raum wird nach dem Abschluss [IncursionDestabilization|destabilisiert]","一度アクセス可能になった後に部屋は[IncursionDestabilization|不安定化]する","방이 들어갈 수 있게 되면 [IncursionDestabilization|불안정해짐]","Ao ser acessada, a sala é [IncursionDestabilization|desestabilizada]","Комната [IncursionDestabilization|дестабилизируется] после получения доступа к ней","La sala se [IncursionDestabilization|desestabiliza] una vez que sea accesible","ห้องนี้จะถูก[IncursionDestabilization|ระงับเสถียรภาพ]เมื่อเข้าถึงได้","一旦可進入，房間便會[IncursionDestabilization|不穩定]","Terraforming Research: Desert","Terraforming Research: Desert","Weltenformungforschung: Wüste","テラフォーミング調査: 砂漠","테라포밍 연구: 사막","Pesquisa sobre terraformação: deserto","Лаборатория терраформирования: Пустыня","Investigación de terraformación: Desierto","วิจัยแปรสภาพภูมิประเทศ: ทะเลทราย","改造研究所：沙漠","Art/Textures/Interface/2D/2DArt/UIImages/InGame/Incursion2/RoomIcons/IconBiomeDesert.dds",16557,[1],"","","","","","","","","",""
