"rownum","Id","WorldAreas","MinCount","MaxCount","BossMonsterSpawnChance","BossCount","BossMonsters","bool_56","[i32]_57","Grounds","Tags","MinLevel","MaxLevel","WorldAreas2","PackFormation","i32_145","bool_149","[string]_150","bool_166","bool_167","string_168","bool_176","bool_177","AdditionalMonsters","AdditionalCounts","bool_210","rid_211"
0,"dev_pack",[96],2,5,33,1,[370],"",[1],[],[],0,100,[],"",0,1,[],1,"","",1,"",[370],[1],"",""
1,"expedition-fodder1",[0],3,4,0,0,[],"",[1],[],[],0,100,[],"",20,"",[],1,"","",1,"",[],[],"",""
2,"expedition-fodder2",[0],2,3,0,0,[],"",[1],[],[],0,100,[],"",20,"",[],1,"","",1,"",[],[],"",""
3,"expedition-fodder3",[0],2,3,0,0,[],"",[1],[],[],0,100,[],"",20,"",[],1,"","",1,"",[],[],"",""
4,"expedition-fodder4",[0],2,3,0,0,[],"",[1],[],[],0,100,[],"",20,"",[],1,"","",1,"",[],[],"",""
5,"expedition-fodder5",[0],2,2,0,0,[],"",[1],[],[],0,100,[],"",20,"",[],1,"","",1,"",[],[],"",""
6,"expedition-fodder6",[0],2,2,0,0,[],"",[1],[],[],0,100,[],"",20,"",[],1,"","",1,"",[],[],"",""
7,"expedition-fodder7",[0],2,2,0,0,[],"",[1],[],[],0,100,[],"",20,"",[],1,"","",1,"",[],[],"",""
8,"expedition-faction1-elite1",[0],1,1,0,0,[],"",[1],[],[],0,100,[],"",7,"",[],"","","",1,"",[515],[1],"",""
9,"expedition-faction1-elite2",[0],1,1,0,0,[],"",[1],[],[],0,100,[],"",7,"",[],"","","",1,"",[508],[1],"",""
10,"expedition-faction2-elite1",[0],1,1,0,0,[],"",[1],[],[],0,100,[],"",7,"",[],"","","",1,"",[510],[1],"",""
11,"expedition-faction2-elite2",[0],1,1,0,0,[],"",[1],[],[],0,100,[],"",7,"",[],"","","",1,"",[517],[1],"",""
12,"expedition-faction3-elite1",[0],1,1,0,0,[],"",[1],[],[],0,100,[],"",7,"",[],"","","",1,"",[514],[1],"",""
13,"expedition-faction3-elite2",[0],1,1,0,0,[],"",[1],[],[],0,100,[],"",7,"",[],"","","",1,"",[513],[1],"",""
14,"expedition-faction3-elite3",[0],1,1,0,0,[],"",[1],[],[],0,100,[],"",7,"",[],"","","",1,"",[507],[1],"",""
15,"expedition-faction4-elite1",[0],1,1,0,0,[],"",[1],[],[],0,100,[],"",7,"",[],"","","",1,"",[511],[1],"",""
16,"expedition-faction4-elite2",[0],1,1,0,0,[],"",[1],[],[],0,100,[],"",7,"",[],"","","",1,"",[518],[1],"",""
17,"expedition-faction5-elite1",[0],1,1,0,0,[],"",[1],[],[],0,100,[],"",7,"",[],"","","",1,"",[2638],[1],"",""
18,"expedition-faction5-elite2",[0],1,1,0,0,[],"",[1],[],[],0,100,[],"",7,"",[],"","","",1,"",[2635],[1],"",""
19,"expedition-subarea-fodder1",[0],4,6,0,0,[],"",[1],[],[],0,100,[],"",0,"",[],1,"","",1,"",[],[],"",""
20,"expedition-subarea-fodder2",[0],3,6,0,0,[],"",[1],[],[],0,100,[],"",0,"",[],1,"","",1,"",[],[],"",""
21,"expedition-subarea-fodder3",[0],3,6,0,0,[],"",[1],[],[],0,100,[],"",0,"",[],1,"","",1,"",[],[],"",""
22,"expedition-subarea-fodder4",[0],4,7,0,0,[],"",[1],[],[],0,100,[],"",0,"",[],1,"","",1,"",[],[],"",""
23,"expedition-subarea-faction1-elite1",[0],2,4,100,1,[515],"",[1],[],[],0,100,[],"",0,"",[],1,"","",1,"",[515],[1],"",""
24,"expedition-subarea-faction1-elite2",[0],3,6,100,1,[508],"",[1],[],[],0,100,[],"",0,"",[],1,"","",1,"",[508],[1],"",""
25,"expedition-subarea-faction2-elite1",[0],2,5,100,1,[510],"",[1],[],[],0,100,[],"",0,"",[],1,"","",1,"",[510],[1],"",""
26,"expedition-subarea-faction2-elite2",[0],2,4,100,1,[517],"",[1],[],[],0,100,[],"",0,"",[],1,"","",1,"",[517],[1],"",""
27,"expedition-subarea-faction3-elite1",[0],2,4,100,1,[514],"",[1],[],[],0,100,[],"",0,"",[],1,"","",1,"",[514],[1],"",""
28,"expedition-subarea-faction3-elite2",[0],2,5,100,1,[513],"",[1],[],[],0,100,[],"",0,"",[],1,"","",1,"",[513],[1],"",""
29,"expedition-subarea-faction3-elite3",[0],2,5,100,1,[507],"",[1],[],[],0,100,[],"",0,"",[],1,"","",1,"",[507],[1],"",""
30,"expedition-subarea-faction4-elite1",[0],3,6,100,1,[511],"",[1],[],[],0,100,[],"",0,"",[],1,"","",1,"",[511],[1],"",""
31,"expedition-subarea-faction4-elite2",[0],2,4,100,1,[518],"",[1],[],[],0,100,[],"",0,"",[],1,"","",1,"",[518],[1],"",""
32,"expedition2-subarea-medved-fodder1",[390],3,5,50,1,[515],"",[2],[],[],0,100,[],"",0,1,[],1,"","",1,"",[515],[1],"",""
33,"expedition2-subarea-medved-fodder2",[390],2,4,50,1,[508],"",[2],[],[],0,100,[],"",0,1,[],1,"","",1,"",[508],[1],"",""
34,"expedition2-subarea-vorana-fodder1",[389],2,4,50,1,[517],"",[1],[],[],0,100,[],"",0,1,[],1,"","",1,"",[517],[1],"",""
35,"expedition2-subarea-vorana-fodder2",[389],2,3,50,1,[510],"",[1],[],[],0,100,[],"",0,1,[],1,"","",1,"",[510],[1],"",""
36,"expedition2-subarea-uhtred-fodder1",[388],3,5,100,1,[513],"",[1],[],[],0,100,[],"",0,1,[],1,"","",1,"",[513],[1],"",""
37,"expedition2-subarea-uhtred-fodder2",[388],3,5,100,1,[514],"",[1],[],[],0,100,[],"",0,1,[],1,"","",1,"",[514],[1],"",""
38,"expedition2-subarea-olroth-fodder1",[387],3,5,100,1,[511],"",[1],[],[],0,100,[],"",0,1,[],1,"","",1,"",[511],[1],"",""
39,"expedition2-subarea-olroth-fodder2",[387],3,5,100,1,[518],"",[1],[],[],0,100,[],"",0,1,[],1,"","",1,"",[518],[1],"",""
40,"expedition2-faction-ant",[0],2,3,33,1,[2619],"",[1],[],[],0,100,[],"",25,1,[],1,"","",1,"",[2619],[1],"",""
41,"expedition2-faction-arachnid",[0],2,2,33,1,[2624],"",[1],[],[],0,100,[],"",25,1,[],1,"","",1,"",[2624],[1],"",""
42,"expedition2-faction-crustacean",[0],2,2,33,1,[2627],"",[1],[],[],0,100,[],"",25,1,[],1,"","",1,"",[2627],[1],"",""
43,"expedition2-faction-parasite",[0],2,2,33,1,[2641],"",[1],[],[],0,100,[],"",25,1,[],1,"","",1,"",[2641],[1],"",""
44,"expedition2-faction-ant-bigger",[0],3,7,75,1,[2619],"",[1],[],[],0,100,[],"",25,1,[],1,"","",1,"",[2619],[1],"",""
45,"expedition2-faction-arachnid-bigger",[0],2,4,75,1,[2624],"",[1],[],[],0,100,[],"",25,1,[],1,"","",1,"",[2624],[1],"",""
46,"expedition2-faction-crustacean-bigger",[0],2,4,75,1,[2627],"",[1],[],[],0,100,[],"",25,1,[],1,"","",1,"",[2627],[1],"",""
47,"expedition2-faction-parasite-bigger",[0],2,4,75,1,[2641],"",[1],[],[],0,100,[],"",25,1,[],1,"","",1,"",[2641],[1],"",""
48,"expedition2-faction-fodder-plaguemorphs",[0],1,2,0,0,[],"",[1],[],[],0,100,[],"",0,1,[],1,"","",1,"",[2643],[1],"",""
49,"expedition2-faction-fodder-plaguebringers",[0],1,2,0,0,[],"",[1],[],[],0,100,[],"",0,1,[],1,"","",1,"",[2643],[1],"",""
50,"expedition2-faction-fodder-tumourstatues",[0],1,2,0,0,[],"",[1],[],[],0,100,[],"",0,1,[],1,"","",1,"",[2651],[1],"",""
51,"expedition-kalguur-dungeon-faction1-elite1","[385,382]",2,4,100,1,[515],"",[1],[],[],0,100,[],"",0,1,"[""Trims2""]",1,"","",1,"",[515],[1],"",""
52,"expedition-kalguur-dungeon-faction1-elite2","[385,382]",3,6,100,1,[508],"",[1],[],[],0,100,[],"",0,1,"[""Trims2""]",1,"","",1,"",[508],[1],"",""
53,"expedition-kalguur-dungeon-faction2-elite1","[384,382]",2,5,100,1,[510],"",[1],[],[],0,100,[],"",0,1,"[""Trims3""]",1,"","",1,"",[510],[1],"",""
54,"expedition-kalguur-dungeon-faction2-elite2","[384,382]",2,4,100,1,[517],"",[1],[],[],0,100,[],"",0,1,"[""Trims3""]",1,"","",1,"",[517],[1],"",""
55,"expedition-kalguur-dungeon-faction3-elite1","[383,382]",1,3,100,1,[514],"",[1],[],[],0,100,[],"",0,1,"[""Trims1""]",1,"","",1,"",[514],[1],"",""
56,"expedition-kalguur-dungeon-faction3-elite2","[383,382]",1,3,100,1,[513],"",[1],[],[],0,100,[],"",0,1,"[""Trims1""]",1,"","",1,"",[513],[1],"",""
57,"expedition-kalguur-dungeon-faction3-elite3","[383,382]",1,3,100,1,[507],"",[1],[],[],0,100,[],"",0,1,"[""Trims1""]",1,"","",1,"",[507],[1],"",""
58,"expedition-kalguur-dungeon-faction4-elite1","[386,382]",3,6,100,1,[511],"",[1],[],[],0,100,[],"",0,1,"[""Trims1""]",1,"","",1,"",[511],[1],"",""
59,"expedition-kalguur-dungeon-faction4-elite2","[386,382]",2,4,100,1,[518],"",[1],[],[],0,100,[],"",0,1,"[""Trims1""]",1,"","",1,"",[518],[1],"",""
60,"G1-lumberingdrownedsmall",[109],1,2,0,0,[],"",[12],[],[],0,100,[],"",0,1,[],1,"","",1,"",[],[],"",""
61,"G1-quillcrab",[109],1,2,0,0,[],"",[5],"[""BlankGround_Flood""]",[],0,100,[],"",0,1,[],1,"","",1,"",[205],[1],"",""
62,"G1-lumberingdrownedhighrange",[109],2,5,0,0,[],"",[3],"[""BlankGround_Flood""]",[],0,100,[],"",45,1,[],1,"","",1,"",[],[],"",""
63,"G1-lumberingdrownedmedium",[110],1,4,0,0,[],"",[1],[],[],0,100,[],"",0,1,[],1,"","",1,"",[],[],"",""
64,"G1-urchinshag",[110],1,4,75,1,[229],"",[1],[],[],0,100,[],"",0,1,[],1,"","",1,"",[229],[1],"",""
65,"G1-rottenwolf",[110],1,4,0,0,[],"",[1],[],[],0,100,[],"",0,1,[],1,"","",1,"",[],[],"",""
66,"P3-wolf",[227],2,6,0,0,[],"",[1],[],[],0,100,[],"",0,1,[],1,"","",1,"",[370],[1],"",""
67,"G1-retchskeleton",[111],2,5,0,0,[],"",[4],[],[],0,100,[],"",0,1,[],1,"","",1,"",[],[],"",""
68,"G1-mudgolem",[111],0,0,0,0,[],"",[3],[],[],0,100,[],"",0,1,[],"","","",1,"",[181],[1],"",""
69,"G1-huhugrub","[111,217]",2,4,0,0,[],"","[4,1]",[],[],0,100,[],"",0,1,[],1,"","",1,"",[247],[1],"",""
70,"G1-werewolfpack","[112,210]",2,5,0,0,[],"","[15,2]",[],[],0,100,[],"",0,1,[],1,"","",1,"",[258],[1],"",""
71,"G1-werewolfprowler","[112,210]",1,1,25,1,[258],"","[10,2]",[],[],0,100,[],"",0,1,[],1,"","",1,"",[258],[1],"",""
72,"G1-slingurchin",[112],2,5,0,0,[],"",[5],[],[],0,100,[],"",0,1,[],1,"","",1,"",[229],[1],"",""
73,"G1-funguszombie","[112,224]",2,4,0,0,[],"","[5,1]",[],[],0,100,[],"",0,1,[],1,"","",1,"","[240,241,178]","[1,1,2]","",""
74,"g1_5-snakeflowermen1",[113],2,3,0,0,[],"",[0],[],[],0,100,[],"",0,1,[],1,"","",1,"",[397],[1],"",""
75,"G1-rustedsoldier",[113],4,7,0,0,[],"",[10],[],[],0,100,[],"",0,1,[],1,"","",1,"",[417],[1],"",""
76,"G1-palefrog",[113],2,5,0,0,[],"",[5],[],[],0,100,[],"",0,1,[],1,"","",1,"",[],[],"",""
77,"G1-fungalmancerzombiegroup","[114,224]",2,5,50,1,[178],"","[9,1]",[],[],0,100,[],"",0,1,[],1,"","",1,"","[176,177,178]","[1,1,4]","",""
78,"G1-fungalmancerzombiegroup-kalguur",[383],2,5,50,1,[178],"",[3],"[""Trims1""]",[],0,100,[],"",0,1,[],1,"","",1,"","[176,177,178]","[1,1,4]","",""
79,"G1-fungalmancerskeletongroup","[114,224]",2,5,100,1,[362],"","[9,1]",[],[],0,100,[],"",0,1,[],1,"","",1,"",[178],[1],"",""
80,"G1-fungalmancerskeletongroup-kalguur",[383],2,5,100,1,[362],"",[3],"[""Trims1""]",[],0,100,[],"",0,1,[],1,"","",1,"",[178],[1],"",""
81,"G1-fungalwolf","[114,224]",2,5,0,0,[],"","[3,1]",[],[],0,100,[],"",0,1,[],1,"","",1,"",[362],[1],"",""
82,"G1-fungalwolf-kalguur",[383],2,5,0,0,[],"",[3],"[""Trims1""]",[],0,100,[],"",0,1,[],1,"","",1,"",[362],[1],"",""
83,"G1-coldwraithgrave","[115,210,227]",1,1,0,0,[],"",[1],[],[],0,100,[],"",0,1,[],1,"","",1,"",[145],[1],"",""
84,"G1-stalkergrave","[115,212]",2,5,50,1,[364],"","[2,1]",[],[],0,100,[],"",0,1,[],1,"","",1,"",[365],[1],"",""
85,"G1-deathknightgrave","[115,212,213]",1,3,0,0,[],"",[1],[],[],0,100,[],"",0,1,[],1,"","",1,"",[276],[1],"",""
86,"G1-graveskeletonmixed",[115],2,6,62,1,[363],"",[3],[],[],0,100,[],"",0,1,[],1,"","",1,"",[363],[1],"",""
87,"ghoulcommander-bosspack",[0],4,8,0,0,[],"",[0],[],[],0,100,[],"",0,"",[],1,"","",1,"",[],[],"",""
88,"G1-graveskeletoncasterfire",[117],2,4,0,0,[],"",[2],[],[],0,100,[],"",0,1,[],1,"","",1,"","[723,1654]","[1,2]","",""
89,"G1-graveskeletoncasterlightning",[116],2,4,20,1,"[150,1654]","",[2],[],[],0,100,[],"",0,1,[],1,"","",1,"","[150,1654]","[1,1]","",""
90,"G1-bloodcretincourtesan","[116,214]",2,5,100,1,[267],"",[1],[],[],0,100,[],"",0,1,[],1,"","",1,"",[267],[1],"",""
91,"G1-lightningwraith","[116,210]",1,1,0,0,[],"",[1],[],[],0,100,[],"",0,1,[],1,"","",1,"",[150],[1],"",""
92,"G1-spinningwheelhag","[116,212]",2,3,0,0,[],"",[1],[],[],0,100,[],"",0,1,[],1,"","",1,"",[],[],"",""
93,"G1-skeletalknight","[116,117,212]",3,5,80,1,[1654],"","[2,2,1]",[],[],0,100,[],"",0,1,[],1,"","",1,"",[1654],[1],"",""
94,"G1-skeletalreaper","[117,210,212]",1,2,0,0,[],"",[1],[],[],0,100,[],"",0,1,[],1,"","",1,"",[1659],[1],"",""
95,"G1-graveskeletontombstalker","[117,218]",1,2,0,0,[],"",[1],[],[],0,100,[],"",0,1,[],1,"","",1,"",[367],[1],"",""
96,"G1-ghoulcommander","[116,212]",3,8,100,1,[298],"",[1],[],[],0,100,[],"",0,1,[],1,"","",1,"",[298],[1],"",""
97,"G1-graveskeleton",[117],3,5,100,1,[723],"",[2],[],[],0,100,[],"",0,1,[],1,"","",1,"",[723],[1],"",""
98,"G1-reliquarypitcrawler",[0],2,3,0,0,[],"",[1],[],[],0,100,[],"",0,1,[],1,"","",1,"",[],[],"",""
99,"G1-quillcrabpoison",[119],2,3,50,1,[208],"",[1],[],[],0,100,[],"",0,1,[],1,"","",1,"",[209],[1],"",""
100,"G1-werewolfmixed",[0],3,7,0,0,[],"",[1],[],[],0,100,[],"",0,1,[],1,"","",1,"",[],[],"",""
101,"G1-bramblemonkey","[119,225]",4,9,100,1,[297],"","[3,1]",[],[],0,100,[],"",0,1,[],1,"","",1,"",[297],[1],"",""
102,"G1-sapling","[120,210]",2,3,30,1,[620],"","[3,1]",[],[],0,100,[],"",0,1,[],1,"","",1,"",[620],[1],"",""
103,"G2-farudincrawlerfoundry","[142,143]",3,5,0,0,[],"",[1],[],[],0,100,[],"",0,1,[],1,"","",1,"",[1630],[1],"",""
104,"G2-farudincrawler",[145],3,5,0,0,[],"",[1],[],[],0,31,[],"",0,1,[],1,"","",1,"",[],[],"",""
105,"G1-werewolfmoon","[122,210]",3,5,0,0,[],"",[1],[],[],0,100,[],"",0,1,[],1,"","",1,"",[258],[1],"",""
106,"G1-infectedmercernary",[121],3,6,0,0,[],"",[2],[],[],0,100,[],"",0,1,"[""VillageWalkableGround""]",1,"","",1,"","[284,157,159]","[2,1,2]","",""
107,"G1-bloodcretinonly","[122,214]",3,6,25,1,[272],"",[1],[],[],0,100,[],"",0,1,[],1,"","",1,"",[272],[1],"",""
108,"G1-infectedmercenarymixed",[123],3,5,25,1,[284],"",[1],[],[],0,100,[],"",0,1,[],1,"","",1,"",[284],[1],"",""
109,"G1-bloodcollector",[0],3,5,0,0,[],"",[1],[],[],0,100,[],"",0,1,[],1,"","",1,"",[],[],"",""
110,"G1-deathknight",[123],1,2,0,0,[],"",[3],[],[],0,100,[],"",0,1,[],1,"","",1,"",[276],[1],"",""
111,"G1-gargoylegolemred","[123,212]",1,3,0,0,[],"","[2,1]",[],[],0,100,[],"",0,1,[],1,"","",1,"",[278],[1],"",""
112,"G1-bloodpack","[123,124,214]",3,5,66,1,[267],"","[5,4,1]",[],[],0,100,[],"",0,1,[],1,"","",1,"",[267],[1],"",""
113,"G1-tendrilprowler","[124,214]",1,3,0,0,[],"",[1],[],[],0,100,[],"",0,1,[],1,"","",1,"",[260],[1],"",""
114,"G1-tendrilsentinel","[124,214]",2,3,0,0,[],"",[1],[],[],0,100,[],"",0,1,[],1,"","",1,"",[369],[1],"",""
115,"G1-brambleburrower","[119,224,225]",0,0,0,0,[],"","[2,1,1]",[],[],0,100,[],"",0,1,[],"","","",1,"",[21],[1],"",""
116,"G1-bramblerhoa","[119,224]",2,3,0,0,[],"","[3,1]",[],[],0,100,[],"",0,1,[],1,"","",1,"",[25],[1],"",""
117,"G1-courtmagecorrupt-merc",[123],3,5,100,1,[157],"",[2],[],[],0,100,[],"",0,1,[],1,"","",1,"",[157],[1],"",""
118,"G1-courtmagecorrupt","[124,214]",2,4,80,1,[157],"",[1],[],[],0,100,[],"",0,1,[],1,"","",1,"",[157],[1],"",""
119,"G1-corruptedeliteranged","[124,214]",1,2,0,0,[],"",[1],[],[],0,100,[],"",0,1,[],1,"","",1,"",[161],[1],"",""
120,"G1-corruptedelitespear-merc",[123],3,5,100,1,[160],"",[2],[],[],0,100,[],"",0,1,[],1,"","",1,"",[160],[1],"",""
121,"G1-corruptedelitespear","[124,214]",2,4,0,0,[],"",[1],[],[],0,100,[],"",0,1,[],1,"","",1,"",[160],[1],"",""
122,"G1-corruptedelitebloater","[124,214]",1,2,0,0,[],"",[1],[],[],0,100,[],"",0,1,[],1,"","",1,"",[163],[1],"",""
123,"G1-corruptedelitetoothy-merc",[123],3,5,100,1,[159],"",[2],[],[],0,100,[],"",0,1,[],1,"","",1,"",[159],[1],"",""
124,"G1-corruptedelitetoothy","[124,214]",2,3,0,0,[],"",[1],[],[],0,100,[],"",0,1,[],1,"","",1,"",[159],[1],"",""
125,"G1-burnedlumberjackunarmed","[122,209]",2,4,0,0,[],"","[2,1]",[],[],0,100,[],"",0,1,[],1,"","",1,"",[],[],"",""
126,"G1-burnedlumberjackonehandedaxe","[122,209]",2,4,0,0,[],"","[2,1]",[],[],0,100,[],"",0,1,[],1,"","",1,"",[],[],"",""
127,"G2_1-caravanbanditpack",[126],3,5,0,0,[],"",[1],[],[],0,100,[],"",0,1,[],1,"","",1,"",[684],[1],"",""
128,"G2_1-crabpack",[126],2,5,0,0,[],"",[1],[],[],0,100,[],"",50,1,"[""HyenaCanyonGround"",""HyenaCanyonTrim""]",1,"","",1,"",[695],[1],"",""
129,"G2_1-crabpacknosand",[126],2,5,0,0,[],"",[0],"[""Shallows""]",[],0,100,[],"",20,"","[""HyenaCanyonGround"",""HyenaCanyonTrim""]",1,"","",1,"",[697],[1],"",""
130,"G2-desertleaper","[126,216]",3,9,0,0,[],"",[1],[],[],0,100,[],"",0,1,"[""HyenaCanyonGround"",""HyenaCanyonTrim"",""TitanWalkwayGround""]",1,"","",1,"",[],[],"",""
131,"G2-maggothusk","[126,217]",3,5,75,1,[652],"",[1],[],[],0,100,[],"",0,1,"[""HyenaCanyonGround"",""HyenaCanyonTrim""]",1,"","",1,"",[652],[1],"",""
132,"G2-marakethskeleton","[127,136,216,218]",2,7,0,0,[],"",[1],[],[],0,100,[],"",0,1,"[""TitanWalkwayGround""]",1,"","",1,"","[417,725]","[5,1]","",""
133,"G2-marakethskeleton-spiresinside",[140],2,7,0,0,[],"",[1],"[""PillarsGround"",""PillarsGroundUpper""]",[],0,100,[],"",0,1,[],1,"","",1,"",[],[],"",""
134,"G2-dropspider",[127],3,6,0,0,[],"",[1],[],[],0,100,[],"",0,1,[],1,"","",1,"",[],[],"",""
135,"P2-dropspider",[224],3,6,0,0,[],"",[2],[],[],0,100,[],"",0,1,"[""RedValeStream""]",1,"","",1,"",[],[],"",""
136,"G2-bugbotrocky",[127],4,7,100,1,[663],"",[1],[],[],0,100,[],"",0,1,[],1,"","",1,"",[663],[1],"",""
137,"G2-cavedweller","[127,222]",1,2,0,0,[],"",[1],[],[],0,100,[],"",0,1,[],1,"","",1,"",[819],[1],"",""
138,"G2-dropspider-kalguur",[384],3,6,0,0,[],"",[3],"[""Trims3""]",[],0,100,[],"",0,1,[],1,"","",1,"",[],[],"",""
139,"G2-bugbotrocky-kalguur",[384],4,7,100,1,[663],"",[3],"[""Trims3""]",[],0,100,[],"",0,1,[],1,"","",1,"",[663],[1],"",""
140,"G2-cavedweller-kalguur",[384],1,2,0,0,[],"",[3],"[""Trims3""]",[],0,100,[],"",0,1,[],1,"","",1,"",[819],[1],"",""
141,"G2_3-mutewindbridgeguards",[128],6,8,0,0,[],"",[0],[],[],0,100,[],"",0,1,[],1,"","",1,"","[461,455,449,464]","[3,3,3,1]","",""
142,"G2_3-mutewindpatrol1",[0],4,6,0,0,[],"",[0],[],[],0,100,[],13,15,"",[],1,"","",1,"",[],[],"",""
143,"G2_3-mutewindpatrol2",[0],4,6,0,0,[],"",[0],[],[],0,100,[],16,30,"",[],1,"","",1,"",[],[],"",""
144,"G2-mutewindsword-sandcrusted",[0],2,5,0,0,[],"",[0],[],[],0,100,[],"",0,1,[],1,"","",1,"",[],[],"",""
145,"G2-mutewindspears-sandcrusted",[0],2,5,0,0,[],"",[0],[],[],0,100,[],"",0,1,[],1,"","",1,"",[],[],"",""
146,"G2-mutewindchildren-sandcrusted",[0],2,5,100,1,[],"",[0],[],[],0,100,[],"",0,1,[],1,"","",1,"",[],[],"",""
147,"G2-mutewindsword-spires","[141,222]",3,5,10,1,[1668],"",[1],[],[],0,100,[],"",0,1,[],1,"","",1,"",[1668],[1],"",""
148,"G2-mutewindspears-spires-1","[141,222]",3,5,10,1,[1668],"",[1],[],[],0,100,[],"",0,1,[],1,"","",1,"","[453,455]","[1,1]","",""
149,"G2-mutewindspears-spires-2","[141,222]",2,6,10,1,[1668],"",[1],[],[],0,100,[],"",0,1,[],1,"","",1,"","[461,451,462]","[1,1,1]","",""
150,"G2-mutewindchildren-spires","[141,222]",2,7,10,1,[1668],"",[1],[],[],0,100,[],"",0,1,[],1,"","",1,"","[459,464,465]","[1,1,1]","",""
151,"G2-mutewindsword",[128],2,5,0,0,[],"",[2],[],[],0,100,[],"",0,1,[],1,"","",1,"","[449,457]","[1,1]","",""
152,"G2-mutewindspears",[128],2,5,0,0,[],"",[2],[],[],0,100,[],"",0,1,[],1,"","",1,"","[451,455]","[1,1]","",""
153,"G2-mutewindchildren",[128],2,6,0,0,[],"",[2],[],[],0,100,[],"",0,1,[],1,"","",1,"","[459,464,465]","[1,1,1]","",""
154,"G2-rocksliders",[128],2,4,0,0,[],"",[1],[],[],0,100,[],"",0,1,[],1,"","",1,"",[738],[1],"",""
155,"G2-etchedbeetle","[131,216]",4,7,0,0,[],"",[1],[],[],0,100,[],"",0,1,"[""TitanWalkwayGround"",""SnakeGround""]",1,"","",1,"",[641],[1],"",""
156,"G2-serpentclancaster",[131],2,4,75,1,[780],"",[1],"[""Bottom"",""Trims1"",""SlopeLowTrim"",""RuinsDefault"",""SnakeGround""]",[],0,100,[],"",0,1,[],1,"","",1,"","[780,661]","[3,1]","",""
157,"P2-serpentclancaster",[218],2,4,75,1,[780],"",[1],[],[],0,100,[],"",0,1,[],1,"","",1,"","[780,661]","[3,1]","",""
158,"G2-marakethskeletonemerge","[131,216]",4,7,0,0,[],"",[1],[],[],0,100,[],"",0,1,"[""TitanWalkwayGround"",""SnakeGround""]",1,"","",1,"",[],[],"",""
159,"G2-sandgolemhidden",[131],2,5,100,1,[725],"",[1],"[""Top"",""RuinsDefault""]",[],0,100,[],"",0,1,"[""SnakeGround""]",1,"","",1,"",[725],[1],"",""
160,"P2-sandgolemhidden",[216],2,5,100,1,[725],"",[1],[],[],0,100,[],"",0,1,"[""TitanWalkwayGround""]",1,"","",1,"",[725],[1],"",""
161,"G2_4_2-beetlepatrol1",[0],1,1,0,0,[],"",[0],[],[],0,100,[],14,0,"",[],1,"","",1,"",[],[],"",""
162,"G2_4_2-beetlebosspatrol1",[0],1,1,0,0,[],"",[0],[],[],0,100,[],15,0,"",[],1,"","",1,"",[],[],"",""
163,"G2_4_1-snakepack",[131],3,4,35,1,[780],"",[0],[],[],0,100,[],"",0,1,[],1,"","",1,"","[780,661]","[1,1]","",""
164,"G2-serpentclan",[132],2,3,0,0,[],"",[1],[],[],0,100,[],"",0,1,[],1,"","",1,"",[780],[1],"",""
165,"G2-marakethskeletonmagi",[132],3,5,80,1,[417],"",[1],[],[],0,100,[],"",0,1,[],1,"","",1,"",[417],[1],"",""
166,"G2-marakethskeletonmelee",[132],3,5,80,1,[709],"",[1],[],[],0,100,[],"",0,1,[],1,"","",1,"",[709],[1],"",""
167,"G2-tuskbeetle","[132,220]",3,5,100,1,[639],"",[1],[],[],0,100,[],"",0,1,[],1,"","",1,"",[639],[1],"",""
168,"G2-desertphantasm","[132,133,222]",2,3,0,0,[],"",[1],[],[],0,100,[],"",0,1,[],1,"","",1,"",[827],[1],"",""
169,"G2-acolytemagi","[133,221]",2,4,100,1,[734],"","[2,2]",[],[],0,100,[],"",0,1,[],1,"","",1,"",[734],[1],"",""
170,"G2-skeletonarbelest","[133,221]",3,6,40,1,[417],"","[2,2]",[],[],0,100,[],"",0,1,[],1,"","",1,"",[417],[1],"",""
171,"G2-sandgolem",[0],1,4,0,0,[],"",[1],[],[],0,100,[],"",0,1,[],1,"","",1,"",[],[],"",""
172,"G2-minebatdesert","[133,222]",3,6,0,0,[],"",[1],[],[],0,100,[],"",0,1,[],1,"","",1,"",[823],[1],"",""
173,"G2-bonezealot","[134,135,219,221]",2,4,50,1,[744],"",[1],[],[],0,100,[],"",0,1,[],1,"","",1,"",[744],[1],"",""
174,"G2-bonezealot-fire","[134,135,219,221]",2,4,50,1,[749],"",[1],[],[],0,100,[],"",0,1,[],1,"","",1,"",[749],[1],"",""
175,"G2-bonezealot-fabrication","[134,135,219,221]",2,6,50,1,[744],"",[1],[],[],0,100,[],"",0,1,[],1,"","",1,"",[744],[1],"",""
176,"P2-serpentclanfabrications",[218],2,6,50,1,[780],"",[1],[],[],0,100,[],"",0,1,[],1,"","",1,"",[780],[1],"",""
177,"P2-snakeskeletonpacks",[218],3,5,25,1,[786],"",[1],[],[],0,100,[],"",0,1,[],1,"","",1,"",[786],[1],"",""
178,"G2-bonezealot-fire-fabrication","[134,135,219,221]",2,6,50,1,[749],"",[1],[],[],0,100,[],"",0,1,[],1,"","",1,"",[749],[1],"",""
179,"G2-bonenecromancer","[134,135,219,221]",2,6,100,1,[776],"",[1],[],[],0,100,[],"",0,1,[],1,"","",1,"",[776],[1],"",""
180,"G2-boneshield","[134,135]",1,2,0,0,[],"",[3],[],[],0,100,[],"",0,1,[],1,"","",1,"",[751],[1],"",""
181,"G2-spidersabre",[134],2,4,0,0,[],"",[3],"[""Badlands""]",[],0,100,[],"",0,1,[],1,"","",1,"",[634],[1],"",""
182,"P2-spidersabre","[216,224]",2,4,0,0,[],"",[1],[],[],0,100,[],"",0,1,"[""TitanWalkwayGround""]",1,"","",1,"",[634],[1],"",""
183,"G2-hyena","[135,219,221]",2,4,50,1,[684],"","[3,1,3]",[],[],0,100,[],"",0,1,[],1,"","",1,"",[684],[1],"",""
184,"G2-hyenahighaggro",[0],6,8,0,0,[],"",[1],[],[],0,100,[],"",10,"",[],1,"","",1,"",[],[],"",""
185,"G2-bonebeast","[135,221]",1,2,100,1,[774],"","[2,1]",[],[],0,100,[],"",0,1,[],1,"","",1,"",[774],[1],"",""
186,"G2-titanwalker-golemancer",[136],1,3,100,1,[730],"",[2],[],[],0,100,[],"",0,1,[],1,"","",1,"","[730,1649]","[1,1]","",""
187,"P2-titanwalker-golemancer",[216],1,3,100,1,[731],"",[1],[],[],0,100,[],"",0,1,"[""TitanWalkwayGround""]",1,"","",1,"","[731,1649]","[1,1]","",""
188,"G2-bugbotmaster",[136],3,7,100,1,[675],"",[2],[],[],0,100,[],"",0,1,[],1,"","",1,"",[675],[1],"",""
189,"G2-dunelurker","[136,216,219]",1,2,0,0,[],"","[2,1,1]",[],[],0,100,[],"",0,1,"[""TitanWalkwayGround""]",1,"","",1,"",[869],[1],"",""
190,"G2-rocksliderslarger",[0],2,5,0,0,[],"",[1],[],[],0,100,[],"",0,1,[],1,"","",1,"",[738],[1],"",""
191,"G2-skeletontitan",[137],3,6,0,0,[],"",[2],[],[],0,100,[],"",0,1,[],1,"","",1,"","[807,809,811]","[1,1,1]","",""
192,"G2-grottowisp",[137],3,6,0,0,[],"",[2],[],[],0,100,[],"",0,1,[],1,"","",1,"",[],[],"",""
193,"G2-blackstrider","[137,224]",2,3,0,0,[],"","[2,1]",[],[],0,100,[],"",0,1,[],1,"","",1,"",[625],[1],"",""
194,"G2-wingedcreature","[137,222]",1,3,0,0,[],"",[1],[],[],0,100,[],"",0,1,[],1,"","",1,"",[872],[1],"",""
195,"G2-twoheadedtitan",[137],1,2,0,0,[],"",[2],[],[],0,100,[],"",0,1,[],"","","",1,"",[1663],[1],"",""
196,"P2-twoheadedtitan-titan",[216],1,2,0,0,[],"",[2],"[""TitanWalkwayGround""]",[],0,100,[],"",0,1,[],"","","",1,"",[1664],[1],"",""
197,"G2-terracotakamikaze",[137],2,4,0,0,[],"",[1],[],[],0,100,[],"",0,1,[],1,"","",1,"",[],[],"",""
198,"G2_8-HarpyPatrol1",[0],3,5,0,0,[],"",[1],[],[],0,100,[],17,0,"",[],1,"","",1,"",[],[],"",""
199,"G2-regurgitator","[138,216,219]",2,4,0,0,[],"","[2,1,1]",[],[],0,100,[],"",0,1,"[""PillarsGround"",""TitanWalkwayGround""]",1,"","",1,"",[716],[1],"",""
200,"G2-procupineant","[138,144,216]",3,6,100,1,[817],"","[2,2,1]",[],[],0,100,[],"",0,1,"[""PillarsGround"",""TitanWalkwayGround""]",1,"","",1,"",[817],[1],"",""
201,"G2-marakethzombie",[141],3,8,0,0,[],"",[1],[],[],0,100,[],"",0,1,[],1,"","",1,"",[],[],"",""
202,"G2-marakethzombie-spiresbase",[138],4,6,0,0,[],"",[1],[],[],0,100,[],"",65,1,"[""PillarsGround""]",1,"","",1,"",[],[],"",""
203,"G2-marakethzombie-spiresinside","[140,138]",4,6,0,0,[],"",[1],"[""PillarsGround"",""PillarsGroundUpper""]",[],0,100,[],"",0,1,[],1,"","",1,"",[],[],"",""
204,"G2-marakehzombie-priestleader","[140,220]",3,4,100,1,[1683],"",[1],[],[],0,100,[],"",0,1,"[""CanyonGround"",""MarakethSanctumSand""]",1,"","",1,"",[1683],[1],"",""
205,"G2-wingedfiend-spiresoutside",[0],1,1,0,0,[],"",[1],"[""PillarsAbyss""]",[],0,100,[],27,0,1,[],"","","",1,"",[],[],"",""
206,"G2-vulturedemon","[138,216,219]",1,2,0,0,[],"","[2,1,1]",[],[],0,100,[],"",0,1,"[""PillarsGround"",""TitanWalkwayGround""]",1,"","",1,"",[839],[1],"",""
207,"G2-spiker3","[138,216,217]",2,5,0,0,[],"","[2,1,1]",[],[],0,100,[],"",0,1,"[""PillarsGround"",""TitanWalkwayGround""]",1,"","",1,"",[],[],"",""
208,"G2-wingedfiend","[141,219,221]",3,7,0,0,[],"",[1],[],[],0,100,[],"",0,1,[],1,"","",1,"",[],[],"",""
209,"G2-twilightordersoldier",[0],4,7,0,0,[],"",[3],[],[],0,100,[],"",0,1,[],1,"","",1,"",[],[],"",""
210,"G2-twilightorderassassin",[0],4,9,0,0,[],"",[3],[],[],0,100,[],"",0,1,[],1,"","",1,"",[],[],"",""
211,"G2-spiker",[0],4,6,0,0,[],"",[1],[],[],0,100,[],"",0,1,[],1,"","",1,"",[],[],"",""
212,"G2-plaguemorph","[144,142,143,217]",3,6,0,0,[],"",[1],[],[],0,100,[],"",0,1,[],1,"","",1,"",[],[],"",""
213,"G2-plaguenymphfoundry","[143,227]",2,5,0,0,[],"",[1],[],[],0,100,[],"",0,1,[],1,"","",1,"",[854],[1],"",""
214,"G2-plaguenymph","[144,217]",3,5,0,0,[],"",[1],[],[],0,100,[],"",0,1,[],1,"","",1,"",[],[],"",""
215,"G2-plagueswarm","[144,142,217]",5,9,20,1,[855],"",[1],[],[],0,100,[],"",0,1,[],1,"","",1,"","[855,859]","[2,1]","",""
216,"P2-plagueswarm1",[0],5,9,0,0,[],"",[0],[],[],0,100,[],"",60,1,[],1,"","",1,"",[856],[1],"",""
217,"P2-plagueswarm2",[0],5,9,0,0,[],"",[0],[],[],0,100,[],"",60,1,[],1,"","",1,"",[857],[1],"",""
218,"G2-plagueswarm-vanguard",[145],5,9,100,1,[437],"",[1],[],[],0,31,[],"",0,1,[],1,"","",1,"","[437,855]","[5,1]","",""
219,"G2-plagueharvester",[145],1,3,0,0,[],"",[1],[],[],0,31,[],"",0,1,[],1,"","",1,"","[855,859]","[2,1]","",""
220,"G2-plaguecorpsewheel",[144],2,6,0,0,[],"",[1],[],[],0,100,[],"",0,1,[],1,"","",1,"",[],[],"",""
221,"G2-mutewindbanditexecutioner","[145,222]",1,2,0,0,[],"",[1],[],[],0,100,[],"",0,1,[],1,"","",1,"",[479],[1],"",""
222,"G2-mutewindswordgrim",[145],3,6,0,0,[],"",[1],[],[],0,100,[],"",0,1,[],1,"","",1,"","[469,473]","[1,1]","",""
223,"G2-mutewindspearsgrim",[145],3,6,0,0,[],"",[1],[],[],0,100,[],"",0,1,[],1,"","",1,"","[470,472]","[1,1]","",""
224,"G2-mutewindjavelinsgrim",[145],4,9,0,0,[],"",[1],[],[],0,100,[],"",0,1,[],1,"","",1,"","[470,472]","[1,1]","",""
225,"G2-mutewindchildrengrim",[145],4,9,0,0,[],"",[1],[],[],0,100,[],"",0,1,[],1,"","",1,"","[474,477,478]","[1,1,1]","",""
226,"G2-faridunlizard","[144,217]",3,5,0,0,[],"",[1],[],[],0,100,[],"",0,1,[],1,"","",1,"",[466],[1],"",""
227,"G2-faridunlizard_armoured",[142],3,5,0,0,[],"",[1],[],[],0,100,[],"",0,1,[],1,"","",1,"",[468],[1],"",""
228,"G2-ramgiant","[142,220]",1,2,0,0,[],"",[1],[],[],0,100,[],"",0,1,[],1,"","",1,"",[648],[1],"",""
229,"G2-drudgeminers","[142,143,220]",3,7,0,0,[],"",[1],[],[],0,100,[],"",0,1,[],1,"","",1,"",[1636],[1],"",""
230,"G2-sanctumgolem",[147],2,4,25,1,[667],"",[1],[],[],0,100,[],"",0,1,[],1,"","",1,"",[667],[1],"",""
231,"G2-sanctumspiders",[147],2,3,50,1,[626],"",[1],[],[],0,100,[],"",0,1,[],1,"","",1,"",[626],[1],"",""
232,"G2-sanctumsliders",[147],2,4,0,0,[],"",[1],[],[],0,100,[],"",0,1,[],1,"","",1,"",[740],[1],"",""
233,"G2-sanctumspiker",[155],1,3,0,0,[],"",[1],[],[],0,100,[],"",0,1,[],1,"","",1,"","[9,818]","[2,3]","",""
234,"G2-sanctumcavedweller",[147],1,3,0,0,[],"",[1],[],[],0,100,[],"",0,1,[],1,"","",1,"",[821],[1],"",""
235,"G2-sanctumskeletonarcher",[151],2,3,100,1,[418],"",[1],[],[],0,100,[],"",0,1,[],1,"","",1,"",[418],[1],"",""
236,"G2-sanctummundanemagi",[151],1,1,0,0,[],"",[1],[],[],0,100,[],"",0,1,[],"","","",1,"",[710],[1],"",""
237,"G2-sanctumvasemonsters","[151,155]",1,2,0,0,[],"",[1],[],[],0,100,[],"",0,1,[],1,"","",1,"",[1680],[1],"",""
238,"G2-sanctumpriestskeletons",[151],1,3,100,1,[1684],"",[1],[],[],0,100,[],"",0,1,[],1,"","",1,"",[1684],[1],"",""
239,"G2-sanctummarakethpriests",[151],2,3,50,1,[1684],"",[1],[],[],0,100,[],"",0,1,[],1,"","",1,"","[735,1684]","[1,3]","",""
240,"G2-sanctumbigscarabs","[151,155]",1,2,100,1,[643],"",[1],[],[],0,100,[],"",0,1,[],1,"","",1,"",[643],[1],"",""
241,"G2-sanctumsmallscarabs","[151,155]",4,5,50,1,[640],"",[1],[],[],0,100,[],"",0,1,[],1,"","",1,"",[640],[1],"",""
242,"G2-sanctumminebat",[155],1,3,0,0,[],"",[1],[],[],0,100,[],"",0,1,[],1,"","",1,"",[825],[1],"",""
243,"G2-sanctumdesertphantasm","[151,155]",1,3,0,50,[727],"",[1],[],[],0,100,[],"",0,1,[],1,"","",1,"",[727],[1],"",""
244,"G2-sanctumsandgolem",[155],1,2,100,1,[727],"",[1],[],[],0,100,[],"",0,1,[],1,"","",1,"",[727],[1],"",""
245,"G2-sanctumdunelurkers",[155],1,1,0,0,[],"",[1],[],[],0,100,[],"",0,1,[],1,"","",1,"",[871],[1],"",""
246,"G2-sanctumserpentclan","[147,155]",2,2,100,1,[781],"",[1],[],[],0,100,[],"",0,1,[],1,"","",1,"","[781,662]","[4,1]","",""
247,"G2-sanctumshellmonsters","[147,155]",1,2,25,1,[699],"",[1],[],[],0,100,[],"",0,1,[],1,"","",1,"",[699],[1],"",""
248,"G2-sanctumdesertphantasm-time",[159],3,4,0,0,[],"",[1],[],[],0,100,[],"",80,1,[],1,"","",1,"",[147],[1],"",""
249,"G2-sanctummundanemagi-time",[159],2,3,100,1,[711],"",[1],[],[],0,100,[],"",0,1,[],"","","",1,"",[711],[1],"",""
250,"G2-sanctumwingedcreature-time",[159],2,3,0,0,[],"",[1],[],[],0,100,[],"",0,1,[],1,"","",1,"",[873],[1],"",""
251,"G2-sanctummarakethpriests-time",[159],3,4,100,1,[1685],"",[1],[],[],0,100,[],"",0,1,[],1,"","",1,"",[1685],[1],"",""
252,"G2-sanctumsandgolem-time",[159],2,3,100,1,[728],"",[1],[],[],0,100,[],"",0,1,[],1,"","",1,"",[728],[1],"",""
253,"G2-sanctumtitan-time",[159],3,5,0,0,[],"",[1],[],[],0,100,[],"",0,1,[],1,"","",1,"",[1666],[1],"",""
254,"G2-spookyghost-time",[159],0,0,0,0,[],"",[1],[],[],0,100,[],"",0,1,[],"","","",1,"",[147],[1],"",""
255,"G3-dredgefiend",[164],3,4,50,1,[889],"",[4],"[""SandMudGround"",""SandWaterBoundary""]",[],0,100,[],"",0,1,[],1,"","",1,"",[889],[1],"",""
256,"P3-dredgefiend",[226],3,4,50,1,[890],"",[1],[],[],0,100,[],"",0,1,[],1,"","",1,"",[890],[1],"",""
257,"P3-chaosbat",[228],1,2,0,0,[],"",[1],[],[],0,100,[],"",0,1,[],1,"","",1,"",[1722],[1],"",""
258,"P3-chaosgorilla",[228],5,10,100,1,[1725],"",[1],[],[],0,100,[],"",0,1,[],1,"","",1,"",[1725],[1],"",""
259,"G3-swarmhost",[164],3,6,33,1,[919],"",[4],"[""SandMudGround"",""SandWaterBoundary""]",[],0,100,[],"",100,1,[],1,"","my_pack",1,"",[919],[1],"",""
260,"P2-swarmhost",[221],3,6,33,1,[919],"",[1],[],[],0,100,[],"",100,1,[],1,"","my_pack",1,"",[919],[1],"",""
261,"G3-marshbruiser",[164],1,1,0,0,[],"",[3],"[""SandMudGround"",""SandWaterBoundary""]",[],0,100,[],"",0,1,[],1,"","",1,"",[919],[1],"",""
262,"G3-cannibal",[164],2,4,50,1,[897],"",[3],"[""JungleTreeTrim"",""JungleWaterTrim"",""GrassMudGround"",""GrassToSandGround""]",[],0,100,[],"",0,1,[],1,"","",1,"","[897,894,895,896]","[3,1,1,1]","",""
263,"G3-cannibalsnakepit",[168],2,4,50,1,[897],"",[3],"[""SnakepitOrokGround""]",[],0,100,[],"",0,1,[],1,"","",1,"","[897,894,895,896]","[3,1,1,1]","",""
264,"G3-quadrilla","[167,227]",1,2,0,0,[],"",[1],[],[],0,100,[],"",0,1,[],"","","",1,"",[962],[1],"",""
265,"G3-bloodape",[167],4,7,50,1,[5],"",[2],[],[],0,100,[],"",0,1,[],1,"","",1,"",[5],[1],"",""
266,"G3-snakehusk",[167],2,5,0,0,[],"",[2],[],[],0,100,[],"",0,1,[],1,"","",1,"","[979,985]","[1,3]","",""
267,"G3-banesapling",[165],1,1,0,0,[],"",[2],[],[],0,100,[],"",0,1,[],1,"","",1,"",[936],[1],"",""
268,"G3-banesapling2","[167,226]",1,1,0,0,[],"",[1],[],[],0,100,[],"",0,1,[],1,"","",1,"",[936],[1],"",""
269,"P3-neetleant",[0],3,4,0,0,[],"",[0],[],[],0,100,[],"",100,1,[],1,"","",1,"",[],[],"",""
270,"G3-armadillo","[167,165]",1,2,0,0,[],"","[1,1]",[],[],0,100,[],"",0,1,[],1,"","",1,"",[937],[1],"",""
271,"G3-taniwha",[169],2,6,0,0,[],"",[2],[],[],0,100,[],"",0,1,[],1,"","",1,"",[1015],[1],"",""
272,"G3-tigerchimeral",[169],1,2,0,0,[],"",[1],[],[],0,100,[],"",0,1,[],1,"","",1,"",[1014],[1],"",""
273,"G3-illfatedexplorer",[169],3,7,0,0,[],"",[3],[],[],0,100,[],"",0,1,[],1,"","",1,"",[],[],"",""
274,"G3-illfatedexplorernospores","[169,226]",3,7,0,0,[],"","[3,1]",[],[],0,100,[],"",0,1,[],1,"","",1,"",[],[],"",""
275,"G3-illfatedexplorernosporesorange",[165],3,6,0,0,[],"",[4],[],[],0,100,[],"",0,1,[],1,"","",1,"",[],[],"",""
276,"G3-bloomserpent","[169,225]",2,5,0,0,[],"","[2,1]",[],[],0,100,[],"",0,1,[],1,"","",1,"",[396],[1],"",""
277,"G3-gorecharger","[169,165]",1,2,0,0,[],"","[2,2]",[],[],0,100,[],"",0,1,[],1,"","",1,"",[988],[1],"",""
278,"G3-whiptonguechimeral",[0],5,9,0,0,[],"",[0],[],[],0,100,[],"",0,1,[],1,"","",1,"",[],[],"",""
279,"G3-savagebrute",[172],2,4,66,1,[909],"",[1],[],[],0,100,[],"",0,1,[],1,"","",1,"",[909],[1],"",""
280,"G3-savagebrutewaterways",[166],2,4,50,1,[906],"",[1],[],[],0,100,[],"",0,1,[],1,"","",1,"","[909,902,905,900,904,901]","[2,1,2,1,1,1]","",""
281,"G3-savagedelinquent",[172],3,4,0,0,[],"",[1],[],[],0,100,[],"",0,1,[],1,"","",1,"",[900],[1],"",""
282,"G3-chawmongrel",[172],1,1,0,0,[],"",[0],[],[],0,100,[],"",0,1,[],1,"","",1,"",[],[],"",""
283,"G3-savagedagger","[172,209]",2,4,66,1,"[905,912,911,900]","",[1],[],[],0,100,[],"",0,1,[],1,"","",1,"","[905,912,911,900]","[1,1,1,1]","",""
284,"G3-savagedaggerwaterways",[166],3,5,50,1,[906],"",[1],[],[],0,100,[],"",0,1,[],1,"","",1,"","[909,902,905,900,904,901]","[1,1,2,1,2,1]","",""
285,"G3-savagespear","[172,209]",2,4,66,1,"[905,912,911,900]","",[1],[],[],0,100,[],"",0,1,[],1,"","",1,"","[905,912,911,900]","[1,1,1,1]","",""
286,"G3-savagespearwaterways",[166],3,5,50,1,[906],"",[1],[],[],0,100,[],"",0,1,[],1,"","",1,"","[909,902,905,900,904,901]","[1,2,2,1,1,2]","",""
287,"G3-savagestalker",[0],1,1,0,0,[],"",[0],[],[],0,100,[],"",0,1,[],1,"","",1,"",[900],[1],"",""
288,"G3-savagestalkerwaterways",[0],2,3,0,0,[],"",[1],[],[],0,100,[],"",0,1,[],1,"","",1,"","[909,902,905,900,904,901]","[1,1,2,2,1,1]","",""
289,"G3-savagegiant",[172],2,3,80,1,[912],"",[0],[],[],0,100,[],"",0,1,[],1,"","",1,"",[912],[1],"",""
290,"G3-bonerabblemelee","[170,228]",3,7,0,0,[],"","[2,1]",[],[],0,100,[],"",0,1,[],1,"","",1,"","[944,945]","[1,1]","",""
291,"G3-bonerabblecaster","[170,228]",3,5,80,1,[944],"","[2,1]",[],[],0,100,[],"",0,1,[],1,"","",1,"",[944],[1],"",""
292,"G3-bonerabbleranger","[170,228]",3,5,80,1,[945],"","[2,1]",[],[],0,100,[],"",0,1,[],1,"","",1,"",[945],[1],"",""
293,"G3-ratmonster",[170],4,6,0,0,[],"",[3],[],[],0,100,[],"",0,1,[],1,"","",1,"","[944,945]","[1,1]","",""
294,"G3-bladestalkerpale",[170],1,3,0,0,[],"",[3],[],[],0,100,[],"",0,1,[],1,"","",1,"",[930],[1],"",""
295,"G3-constructpyramid","[170,229]",1,2,0,0,[],"","[2,1]",[],[],0,100,[],"",0,1,[],1,"","",1,"",[1043],[1],"",""
296,"G3-constructgolemancient","[170,229]",1,2,0,0,[],"","[0,1]",[],[],0,100,[],"",0,1,[],1,"","",1,"",[1047],[1],"",""
297,"G3-constructskitterbotpatrolancient","[170,229]",0,0,0,0,[],"","[3,1]",[],[],0,100,[],8,0,1,[],"","","",1,"",[1053],[1],"",""
298,"G3-constructskitterbotpatrolmodern",[0],0,0,0,0,[],"",[1],[],[],0,100,[],8,0,1,[],"","","",1,"",[],[],"",""
299,"G3-bonerabblemelee2",[171],2,4,100,1,[945],"",[2],"[""MachinariumFactoryGround""]",[],0,100,[],"",0,1,[],1,"","",1,"",[945],[1],"",""
300,"G3-bonerabblecaster2",[171],2,4,100,1,[944],"",[2],"[""MachinariumFactoryGround""]",[],0,100,[],"",0,1,[],1,"","",1,"",[944],[1],"",""
301,"G3-bonerabbleranger2",[171],3,5,0,0,[],"",[0],"[""MachinariumFactoryGround""]",[],0,100,[],"",0,1,[],1,"","",1,"",[],[],"",""
302,"G3-bladestalkerpale2",[171],1,3,0,0,[],"",[1],"[""MachinariumFactoryGround""]",[],0,100,[],"",0,1,[],1,"","",1,"",[930],[1],"",""
303,"G3-undeadvaalguard-dagger",[171],3,5,0,0,[],"",[0],[],[],0,100,[],"",0,1,"[""MachinariumFactoryGround""]",1,"","",1,"",[1063],[1],"",""
304,"G3-undeadvaalguard-spear","[171,228]",3,4,100,1,[1065],"",[1],[],[],0,100,[],"",0,1,"[""MachinariumFactoryGround""]",1,"","",1,"",[1065],[1],"",""
305,"G3-undeadvaalguard-mortar","[171,228]",3,4,100,1,[1064],"",[1],[],[],0,100,[],"",0,1,"[""MachinariumFactoryGround""]",1,"","",1,"",[1064],[1],"",""
306,"G3-prowlingshade",[171],1,1,0,0,[],"",[1],"[""MachinariumFactoryGround""]",[],0,100,[],"",0,1,[],1,"","",1,"",[1060],[1],"",""
307,"P3-prowlingshade",[228],1,1,0,0,[],"",[1],[],[],0,100,[],"",0,1,[],1,"","",1,"",[1060],[1],"",""
308,"G3-constrictorcorpseranged","[168,225]",3,5,0,0,[],"",[1],[],[],0,100,[],"",0,1,[],1,"","",1,"",[985],[1],"",""
309,"G3-snakehulk","[168,225]",0,0,0,0,[],"",[1],[],[],0,100,[],"",0,1,[],"","","",1,"",[979],[1],"",""
310,"G3-gutviper","[168,225]",4,6,0,0,[],"",[1],[],[],0,100,[],"",0,1,[],1,"","",1,"",[985],[1],"",""
311,"G3-constrictorcorpseranged-exped-dungeon",[385],3,4,0,0,[],"",[3],"[""Trims2""]",[],0,100,[],"",0,1,[],1,"","",1,"",[985],[1],"",""
312,"G3-snakehulk-exped-dungeon",[385],0,0,0,0,[],"",[3],"[""Trims2""]",[],0,100,[],"",0,1,[],"","","",1,"",[979],[1],"",""
313,"G3-gutviper-exped-dungeon",[385],4,6,0,0,[],"",[3],"[""Trims2""]",[],0,100,[],"",0,1,[],1,"","",1,"",[1059],[1],"",""
314,"G3-riversnakehusk",[0],4,6,0,0,[],"",[1],[],[],0,100,[],"",0,1,[],1,"","",1,"",[],[],"",""
315,"G3-livingsnake","[168,225]",2,4,0,0,[],"",[1],[],[],0,100,[],"",0,1,[],1,"","",1,"",[983],[1],"",""
316,"G3-ratmonsterpoison",[168],3,8,0,0,[],"",[1],[],[],0,100,[],"",0,1,[],1,"","",1,"",[1059],[1],"",""
317,"G3-spidermonkey",[168],3,8,0,0,[],"",[1],"[""ArchivesHallGround""]",[],0,100,[],"",0,1,[],1,"","",1,"",[],[],"",""
318,"P3-spidermonkey",[227],3,8,0,0,[],"",[1],[],[],0,100,[],"",0,1,[],1,"","",1,"",[],[],"",""
319,"G4-spidermonkey","[189,390]",3,8,0,0,[],"","[1,2]","[""GrassGround"",""SettlementGround"",""SirenGround"",""TropicalTrim"",""Trims1""]",[],0,100,[],"",0,1,[],1,"","",1,"",[],[],"",""
320,"G3-livingvaalguardpatrol1",[180],0,0,0,0,[],"",[1],"[""ArchivesHallGround""]",[],0,100,[],18,0,1,[],"","","",1,"",[],[],"",""
321,"G3-livingvaalguardpatrol2",[180],0,0,0,0,[],"",[1],"[""ArchivesHallGround""]",[],0,100,[],18,0,1,[],"","","",1,"",[],[],"",""
322,"G3-livingvaalguardpatrol3",[180],0,0,0,0,[],"",[1],"[""ArchivesHallGround""]",[],0,100,[],18,0,1,[],"","","",1,"",[],[],"",""
323,"G3-livingvaalguardpatrol4",[180],0,0,0,0,[],"",[1],"[""ArchivesHallGround""]",[],0,100,[],18,0,1,[],"","","",1,"",[],[],"",""
324,"G3-livingvaalarchivist1",[180],0,0,0,0,[],"",[1],[],[],0,100,[],8,0,1,"[""ArchivesHallGround"",""OfficeGround""]","","","",1,"",[],[],"",""
325,"G3-livingvaalguardformation1",[0],4,6,0,0,[],"",[1],"[""ArchivesHallGround""]",[],0,100,[],20,0,1,[],"",1,"",1,"",[],[],"",""
326,"G3-livingvaalguardformation2",[0],4,6,0,0,[],"",[1],"[""ArchivesHallGround""]",[],0,100,[],20,0,1,[],"",1,"",1,"",[],[],"",""
327,"G3-goldenones1",[174],3,6,30,1,[1195],"",[1],[],[],0,100,[],"",0,1,[],1,"","",1,"",[1195],[1],"",""
328,"G3-goldenones2",[174],3,6,30,1,[1195],"",[1],[],[],0,100,[],"",0,1,[],1,"","",1,"",[1195],[1],"",""
329,"G3-procession1",[174],3,5,30,1,"[1182,1183]","",[1],[],[],0,100,[],"",0,1,[],1,"","",1,"",[],[],"",""
330,"G3-procession2",[174],3,5,30,1,"[1182,1183]","",[1],[],[],0,100,[],"",0,1,[],1,"","",1,"",[1182],[1],"",""
331,"G3-goldensentinel",[174],1,1,30,1,[1040],"",[1],[],[],0,100,[],"",0,1,[],1,"","",1,"",[1040],[1],"",""
332,"G3-undeadvaaleagleknights",[0],2,4,0,0,[],"",[1],[],[],0,100,[],"",0,1,[],1,"","",1,"",[],[],"",""
333,"G3-anchoritefodder",[173],3,5,25,1,[1075],"",[1],[],[],0,100,[],"",0,1,[],1,"","",1,"","[1075,1073,1074,1069,1071,1072,1244]","[5,1,1,1,1,1,2]","",""
334,"G3-anchoritefodder2",[173],3,5,25,1,[1075],"",[1],[],[],0,100,[],"",0,1,[],1,"","",1,"","[1075,1073,1074,1069,1071,1072,1244]","[5,1,1,1,1,1,2]","",""
335,"G3-parasiticfish",[0],7,12,0,0,[],"",[1],[],[],0,100,[],"",0,1,[],1,"","",1,"",[],[],"",""
336,"G3-parasiticfishland",[173],5,10,0,0,[],"",[1],[],[],0,100,[],"",0,1,[],1,"","",1,"",[1015],[1],"",""
337,"G3-taniwhasunken",[173],2,4,0,0,[],"",[0],[],[],0,100,[],"",0,1,[],1,"","",1,"",[1015],[1],"",""
338,"G3-drownedcrew","[173,226]",3,6,30,1,[237],"","[2,1]",[],[],0,100,[],"",0,1,[],1,"","",1,"",[237],[1],"",""
339,"G3-cenobitebloater","[226,173]",1,2,0,0,[],"","[1,0]",[],[],0,100,[],"",0,1,[],"","","",1,"",[1075],[1],"",""
340,"G3-drownedcrawler",[173],1,3,0,0,[],"",[1],[],[],0,100,[],"",0,1,[],1,"","",1,"",[1197],[1],"",""
341,"G3-viperlegionnaireSword",[0],3,5,0,0,[],"",[0],[],[],0,100,[],"",0,1,[],1,"","",1,"",[1084],"[1,2]","",""
342,"G3-viperlegionnaireBows",[179],2,3,0,0,[],"",[1],[],[],0,100,[],"",0,1,[],1,"","",1,"",[1084],[1],"",""
343,"G3-VaalGoliathLiving",[0],1,2,25,1,[1143],"",[1],[],[],0,100,[],"",0,1,[],1,"","",1,"",[1143],[1],"",""
344,"G3-VaalGuardsRanged","[179,230]",2,3,25,1,[1157],"",[1],[],[],0,100,[],"",0,1,[],1,"","",1,"","[1136,1135,1157]","[2,2,1]","",""
345,"G3-VaalGuardsMelee","[179,230]",2,4,25,1,[1157],"",[1],[],[],0,100,[],"",0,1,[],1,"","",1,"","[1139,1137,1157]","[2,2,1]","",""
346,"G3-VaalZealotsAtziriMelee",[0],3,7,0,0,[],"",[0],[],[],0,100,[],"",0,1,[],1,"","",1,"","[1090,1109,1122,1090]","[2,2,1,1]","",""
347,"G3-VaalZealotsAtziriCaster",[0],3,7,0,0,[],"",[0],[],[],0,100,[],"",0,1,[],1,"","",1,"","[1090,1109,1122,1090]","[1,1,2,2]","",""
348,"G3-VaalZealotsLightningMelee",[0],3,7,0,0,[],"",[0],[],[],0,100,[],"",0,1,[],1,"","",1,"","[1104,1120,1133,1104]","[2,2,1,1]","",""
349,"G3-VaalZealotsLightningCaster",[0],3,7,0,0,[],"",[0],[],[],0,100,[],"",0,1,[],1,"","",1,"","[1104,1120,1133,1104]","[1,1,2,2]","",""
350,"G3-VaalZealotsSerpentMelee","[179,230]",3,4,25,1,"[1140,1143]","","[2,1]",[],[],0,100,[],"",0,1,[],1,"","",1,"","[1111,1140,1143]","[1,1,1]","",""
351,"G3-VaalZealotsSerpentCaster","[179,230]",3,4,25,1,"[1140,1143]","",[1],[],[],0,100,[],"",0,1,[],1,"","",1,"","[1124,1140,1143]","[1,1,1]","",""
352,"G3-VaalZealotsMonkeyMelee","[179,230]",3,4,25,1,"[1140,1143]","","[2,1]",[],[],0,100,[],"",0,1,[],1,"","",1,"","[1114,1140,1143]","[1,1,1]","",""
353,"G3-VaalZealotsMonkeyCaster","[179,230]",3,4,25,1,"[1140,1143]","",[1],[],[],0,100,[],"",0,1,[],1,"","",1,"","[1127,1140,1143]","[1,1,1]","",""
354,"G3-VaalZealotsSunMelee",[0],3,7,0,0,[],"",[0],[],[],0,100,[],"",0,1,[],1,"","",1,"","[1102,1118,1131,1102]","[2,2,1,1]","",""
355,"G3-VaalZealotsSunCaster",[0],3,7,0,0,[],"",[0],[],[],0,100,[],"",0,1,[],1,"","",1,"","[1102,1118,1131,1102]","[1,1,2,2]","",""
356,"G3-shieldwall",[0],4,5,0,0,[],"",[1],[],[],0,100,[],21,0,1,[],1,"","test",1,"",[],[],"",""
357,"G3-savagebeastmaster",[166],0,0,0,0,[],"",[1],[],[],0,100,[],22,25,1,[],1,"","",1,"",[],[],"",""
358,"G3-parasiticfishwaterways",[166],5,10,0,0,[],"",[1],"[""JungleWaterway""]",[],0,100,[],"",25,1,[],1,"","",1,"",[1015],[1],"",""
359,"G3-taniwhawaterways",[166],1,3,0,0,[],"",[1],"[""JungleWaterway""]",[],0,100,[],"",15,1,[],1,"","",1,"",[1015],[1],"",""
360,"G3-tempbeastmaster",[166],2,5,100,1,[909],"",[0],[],[],0,100,[],"",0,1,[],1,"","",1,"","[909,902,905,900,904,901]","[2,1,2,1,1,1]","",""
361,"G3-bloodbatherspearshield",[178],2,5,60,1,[1220],"",[2],[],[],0,100,[],"",0,1,[],1,"","",1,"","[1220,1212,1208,1207,1210,1214,1216]","[3,2,2,1,1,1,1]","",""
362,"G3-bloodbatherdualwieldflail",[178],2,5,60,1,[1220],"",[2],[],[],0,100,[],"",0,1,[],1,"","",1,"","[1220,1212,1208,1207,1210,1214,1216]","[3,2,2,1,1,1,1]","",""
363,"G3-bloodbatherswordmace",[178],2,5,60,1,[1220],"",[2],[],[],0,100,[],"",0,1,[],1,"","",1,"","[1220,1212,1208,1207,1210,1214,1216]","[3,2,2,1,1,1,1]","",""
364,"G3-bladestalkerred",[178],1,2,0,0,[],"",[1],[],[],0,100,[],"",0,1,[],1,"","",1,"",[931],[1],"",""
365,"G3-vaalapparitionsun",[178],1,1,0,0,[],"",[1],[],[],0,100,[],"",0,1,[],"","","",1,"",[1218],[1],"",""
366,"G3-vaaltimescientist",[0],2,7,25,1,[],"",[1],[],[],0,100,[],"",0,1,[],1,"","",1,"",[],[],"",""
367,"G3-vaalstormcaller",[0],3,5,25,1,[],"",[1],[],[],0,100,[],"",0,1,[],1,"","",1,"",[],[],"",""
368,"G3-vaalcycloneconstruct",[0],1,2,0,0,[],"",[1],[],[],0,100,[],"",0,1,[],"","","",1,"",[],[],"",""
369,"G3-vaalguardclaws",[0],2,6,25,1,[],"",[1],[],[],0,100,[],"",0,1,[],1,"","",1,"",[],[],"",""
370,"G3-vaalguardspear",[0],2,6,25,1,[],"",[1],[],[],0,100,[],"",0,1,[],1,"","",1,"",[],[],"",""
371,"G3-vaalaxethrower","[181,230]",2,3,50,1,[1143],"","[2,1]",[],[],0,100,[],"",0,1,"[""AggoratMeatworksSacrifice"",""AggoratMeatworksSacrificeLower""]",1,"","",1,"",[1143],[1],"",""
372,"G3-vaalzealotcoldpatrol",[181],3,3,100,1,"[1106,1144]","",[1],[],[],0,100,[],28,0,1,"[""AggoratMeatworksSacrifice"",""AggoratMeatworksSacrificeLower""]",1,"","","","",[1144],[1],"",""
373,"G3-vaalzealotchaospatrol",[181],3,3,100,1,"[1106,1149]","",[1],[],[],0,100,[],28,0,1,"[""AggoratMeatworksSacrifice"",""AggoratMeatworksSacrificeLower""]",1,"","","","",[1149],[1],"",""
374,"G3-vaalaxethrowermeat",[181],2,3,100,1,"[1145,1148]","",[2],"[""AggoratMeatworksSacrifice"",""AggoratMeatworksSacrificeLower""]",[],0,100,[],"",0,1,[],1,"","",1,"","[1145,1148]","[1,1]","",""
375,"P3-vaalaxethrowermeat","[229,230]",2,3,100,1,"[1145,1148]","",[1],[],[],0,100,[],"",0,1,[],1,"","",1,"","[1145,1148]","[1,1]","",""
376,"G3-vaalzealotblood",[181],3,4,50,1,"[1153,1148]","",[1],"[""AggoratMeatworksSacrifice"",""AggoratMeatworksSacrificeLower""]",[],0,100,[],"",0,1,[],1,"","",1,"","[1153,1148]","[2,1]","",""
377,"P3-vaalzealotblood",[230],3,4,50,1,"[1153,1148]","",[1],[],[],0,100,[],"",0,1,[],1,"","",1,"","[1153,1148]","[2,1]","",""
378,"G3-vaalzealotbloodspear",[181],3,4,50,1,"[1151,1148]","",[1],"[""AggoratMeatworksSacrifice"",""AggoratMeatworksSacrificeLower""]",[],0,100,[],"",0,1,[],1,"","",1,"","[1151,1148]","[2,1]","",""
379,"P3-vaalzealotbloodspear",[230],3,4,50,1,"[1151,1148]","",[1],[],[],0,100,[],"",0,1,[],1,"","",1,"","[1151,1148]","[2,1]","",""
380,"G3-vaalzealotfire",[181],3,4,50,1,"[1153,1148]","",[1],"[""AggoratMeatworksSacrifice"",""AggoratMeatworksSacrificeLower""]",[],0,100,[],"",0,1,[],1,"","",1,"","[1153,1148]","[2,1]","",""
381,"G3-vaalzealotfirespear",[181],3,4,50,1,"[1151,1148]","",[1],"[""AggoratMeatworksSacrifice"",""AggoratMeatworksSacrificeLower""]",[],0,100,[],"",0,1,[],1,"","",1,"","[1151,1148]","[2,1]","",""
382,"G3-vaalshadowpriest",[0],1,2,0,0,[],"",[2],"[""AggoratMeatworksSacrifice"",""AggoratMeatworksSacrificeLower""]",[],0,100,[],"",0,1,[],1,"","",1,"",[],[],"",""
383,"G3-cenobitehighbornpack",[177],2,4,100,1,[1069],"",[1],[],[],0,100,[],"",0,1,[],1,"","",1,"",[1069],[1],"",""
384,"G3-anchoritemotherpack",[177],3,6,100,1,[934],"",[1],[],[],0,100,[],"",0,1,[],1,"","",1,"",[934],[1],"",""
385,"G3-cauldronecrone","[177,212]",1,1,0,0,[],"",[1],[],[],0,100,[],"",0,1,[],1,"","",1,"",[1244],[1],"",""
386,"G3-cenobiteleashpack",[177],3,4,100,1,[1071],"",[1],[],[],0,100,[],"",0,1,[],1,"","",1,"","[934,1075,1073,1074,1069,1071,1072,1244]","[2,1,1,1,2,10,1,1]","",""
387,"G3-cenobiteslampack",[177],2,3,100,1,[1072],"",[1],[],[],0,100,[],"",0,1,[],1,"","",1,"","[934,1075,1073,1074,1069,1071,1072,1244]","[1,2,1,1,2,1,10,1]","",""
388,"g3-vaalhumanoidpyracannons",[182],1,2,50,1,[1281],"",[1],[],[],0,100,[],"",0,1,[],1,"","",1,"","[1281,1146,1278,1288,1289]","[4,2,1,1,1]","",""
389,"g3-vaalhumanoidbowcaster",[182],1,2,50,1,[1146],"",[1],[],[],0,100,[],"",0,1,[],1,"","",1,"","[1146,1278,1288,1289,1281]","[3,2,1,1,1]","",""
390,"g3-vaalhumanoidbladehandcaster",[182],1,3,50,1,[1146],"",[1],[],[],0,100,[],"",0,1,[],1,"","",1,"","[1146,1278,1288,1289,1281]","[3,1,2,1,1]","",""
391,"g3-vaalhumanoidstalker",[182],2,3,50,1,"[1281,1280]","",[1],[],[],0,100,[],"",0,1,[],1,"","",1,"","[1146,1278,1288,1289,1281]","[2,1,1,3,2]","",""
392,"g3-vaalhumanoidmeleerocketfist",[182],2,3,50,1,[1280],"",[1],[],[],0,100,[],"",0,1,[],1,"","",1,"","[1284,1280]","[1,2]","",""
393,"g3-vaalhumanoidcannonshield",[182],2,3,100,1,[1283],"",[1],[],[],0,100,[],"",0,1,[],1,"","",1,"","[1284,1280]","[1,1]","",""
394,"g3-vaalcolossusmetal",[0],1,2,0,0,[],"",[1],[],[],0,100,[],"",0,1,[],1,"","",1,"",[],[],"",""
395,"G4-shipwheelremainsTEMPTWO",[188],3,5,0,0,[],"",[0],[],[],0,100,[],"",0,1,[],1,"","",1,"",[],[],"",""
396,"G4-shipwheelremainsTEMP",[187],2,5,0,0,[],"",[0],[],[],0,100,[],"",0,1,[],1,"","",1,"",[],[],"",""
397,"G4-kelpdregiceshotTEMP","[187,342]",2,5,50,1,[1275],"",[3],[],[],0,100,[],"",0,1,[],1,"","",1,"",[1270],[1],"",""
398,"G4-kelpdregensnarerTEMP","[187,342]",2,5,100,1,[1270],"",[0],[],[],0,100,[],"",0,1,[],1,"","",1,"","[1194,1270]","[1,1]","",""
399,"G4-kelpdregsniperTEMP","[187,342]",3,5,50,1,[1273],"",[3],[],[],0,100,[],"",0,1,[],1,"","",1,"",[1273],[1],"",""
400,"G4-drownedcrewTEMP","[187,342]",3,5,50,1,[1194],"",[6],[],[],0,100,[],"",0,1,[],1,"","",1,"",[1194],[1],"",""
401,"G4-drownedcrawlerTEMP","[187,342]",2,4,0,0,[],"",[4],[],[],0,100,[],"",0,1,[],1,"","",1,"",[1197],[1],"",""
402,"G4-gullharpy2","[187,342]",2,4,0,0,[],"",[4],[],[],0,100,[],"",0,1,[],1,"","",1,"",[1298],[1],"",""
403,"G4-manowarTEMP","[188,342]",2,3,0,0,[],"",[3],[],[],0,100,[],"",0,1,[],1,"","",1,"",[1259],[1],"",""
404,"G4-drownedcrewpirategrenade","[188,342]",3,5,50,1,[1257],"",[2],[],[],0,100,[],"",0,1,[],1,"","",1,"","[1262,1257]","[1,1]","",""
405,"G4-drownedcrewpiratebarrel","[188,342]",3,5,50,1,[1257],"",[2],[],[],0,100,[],"",0,1,[],1,"","",1,"","[1263,1257]","[1,1]","",""
406,"G4-drownedcrewpiratecannon","[188,342]",3,5,50,1,[1257],"",[2],[],[],0,100,[],"",0,1,[],1,"","",1,"","[1260,1257]","[1,1]","",""
407,"G4-gullharpy",[197],3,5,0,0,[],"",[1],[],[],0,100,[],"",0,1,"[""IslandCaveGround""]",1,"","",1,"",[1298],[1],"",""
408,"G4-crawgull","[197,388]",2,4,0,0,[],"",[1],[],[],0,100,[],"",0,1,"[""IslandCaveGround""]",1,"","",1,"",[],[],"",""
409,"G4-gullmen","[197,388]",3,4,100,1,[1290],"",[1],[],[],0,100,[],"",0,1,[],1,"","",1,"",[1290],[1],"",""
410,"G4-fleshpickedskeletons",[197],5,9,0,0,[],"",[1],[],[],0,100,[],"",0,1,"[""IslandCaveGround""]",1,"","",1,"",[],[],"",""
411,"G4-vulturedemon","[197,388]",1,1,10,1,[839],"",[1],[],[],0,100,[],"",0,1,"[""IslandCaveGround""]",1,"","",1,"",[839],[1],"",""
412,"G4-torturerzombie","[194,213]",2,3,0,0,[],"","[2,1]",[],[],0,100,[],"",0,1,[],1,"","",1,"",[1310],[2],"",""
413,"G4-necromancerskeletons","[194,213]",3,6,66,1,[1311],"","[3,1]",[],[],0,100,[],"",0,1,[],1,"","",1,"",[1311],[2],"",""
414,"G4-necromancerskeletons-landmark",[194],3,6,100,1,[1312],"",[0],[],[],0,100,[],"",0,1,[],1,"","",1,"",[1312],[1],"",""
415,"G4-ratdemon","[194,213]",3,6,100,1,[1316],"","[2,1]",[],[],0,100,[],"",0,1,[],1,"","",1,"",[1316],[1],"",""
416,"G4-cageskeleton","[194,213]",1,2,0,0,[],"",[1],[],[],0,100,[],"",0,1,[],"","","",1,"",[1309],[1],"",""
417,"G4-necromancerzombies","[194,213]",3,6,66,1,[1311],"","[3,1]",[],[],0,100,[],"",0,1,[],1,"","",1,"",[1311],[2],"",""
418,"G4-skeletonprowlers","[194,213,212]",2,3,0,0,[],"","[2,1,1]",[],[],0,100,[],"",0,1,[],1,"","",1,"",[1314],[1],"",""
419,"G4-stalkers","[194,195]",2,4,0,0,[],"",[2],[],[],0,100,[],"",0,1,[],1,"","",1,"",[1335],[1],"",""
420,"G4-stalkersLandmark",[194],2,4,0,0,[],"",[0],[],[],0,100,[],"",0,1,[],1,"","",1,"",[1336],[1],"",""
421,"G4-skeletonprowlerswet",[195],2,4,0,0,[],"",[1],[],[],0,100,[],"",0,1,[],1,"","",1,"",[1330],[1],"",""
422,"G4-necromancerdrownedskeletons",[195],4,6,0,0,[],"",[2],[],[],0,100,[],"",0,1,[],1,"","",1,"",[1311],[1],"",""
423,"G4-slimystalker",[195],1,1,0,0,[],"",[0],[],[],0,100,[],"",0,1,[],1,"","",1,"",[],[],"",""
424,"G4-palewalker","[195,226]",3,5,66,1,[1339],"",[1],[],[],0,100,[],"",0,1,[],1,"","",1,"",[1339],[1],"",""
425,"G4-palewalker2","[195,226]",3,5,66,1,[1339],"",[1],[],[],0,100,[],"",0,1,[],1,"","",1,"",[1339],[1],"",""
426,"G4-palewalker3","[195,226]",3,5,66,1,[1339],"",[1],[],[],0,100,[],"",0,1,[],1,"","",1,"",[1339],[1],"",""
427,"G4-palecrawler",[195],1,1,0,0,[],"",[0],[],[],0,100,[],"",0,1,[],1,"","",1,"",[],[],"",""
428,"G4-palefisherman",[195],2,3,0,0,[],"",[1],[],[],0,100,[],"",0,1,[],1,"","",1,"",[1343],[1],"",""
429,"G4-tropicalquillcrab","[189,226,90]",3,5,100,1,[211],"","[2,1,2]",[],[],0,100,[],"",0,1,"[""SettlementGround"",""SirenGround"",""GrassGround"",""TropicalTrim"",""SlopeFenceTrim""]",1,"","",1,"",[211],[1],"",""
430,"G4-elephantrhino","[189,90]",1,1,0,0,[],"",[1],"[""GrassGround""]",[],0,100,[],"",0,1,[],"","","",1,"",[1353],[1],"",""
431,"P3-elephantrhino",[225],1,1,0,0,[],"",[1],[],[],0,100,[],"",0,1,[],"","","",1,"",[1353],[1],"",""
432,"G4-spikeddweller","[189,90]",4,7,100,1,[1354],"",[2],[],[],0,100,[],"",0,1,"[""SettlementGround"",""SirenGround"",""GrassGround"",""TropicalTrim"",""SlopeFenceTrim""]",1,"","",1,"",[1354],[1],"",""
433,"G4-tropicalcrabpack","[189,90]",3,5,0,0,[],"",[2],[],[],0,100,[],"",0,1,"[""SettlementGround"",""SirenGround"",""GrassGround"",""IslandOcean"",""IslandWetSand"",""SlopeFenceTrim""]",1,"","",1,"",[703],[1],"",""
434,"G4-tropicalcrabpackinland","[189,90,390]",3,5,0,0,[],"",[2],"[""GrassGround"",""Trims1""]",[],0,100,[],"",0,1,[],1,"","",1,"",[705],[1],"",""
435,"G4-taniwhachameleon","[189,90]",2,4,0,0,[],"","[2,2]","[""GrassGround"",""SettlementGround"",""SirenGround"",""TropicalTrim"",""Trims1""]",[],0,100,[],"",0,1,[],1,"","",1,"",[1017],[1],"",""
436,"G4-rhoa","[189,90]",2,4,0,0,[],"",[2],"[""GrassGround""]",[],0,100,[],"",0,1,[],1,"","",1,"",[1356],[1],"",""
437,"P2-rhoa","[216,390]",2,4,0,0,[],"",[1],[],[],0,100,[],"",0,1,"[""TitanWalkwayGround""]",1,"","",1,"",[1356],[1],"",""
438,"G4-goblinfodder1",[185],4,7,66,1,"[1375,1380]","",[2],[],[],0,100,[],"",0,1,[],1,"","",1,"",[1380],[1],"",""
439,"G4-goblinfodder2",[185],4,7,66,1,"[1375,1380]","",[2],[],[],0,100,[],"",0,1,[],1,"","",1,"",[1380],[1],"",""
440,"G4-brimstonecrabgigantic",[185],1,1,0,0,[],"",[1],[],[],0,100,[],"",0,1,"[""GoblinTownGround"",""GoblinBurrowTrim""]",1,"","",1,"",[707],[1],"",""
441,"G4-goblinfodder3",[186],4,7,66,1,"[1375,1380]","",[2],[],[],0,100,[],"",0,1,[],1,"","",1,"",[1380],[1],"",""
442,"G4-goblinfodder4",[186],4,7,66,1,"[1375,1380]","",[2],[],[],0,100,[],"",0,1,[],1,"","",1,"",[1380],[1],"",""
443,"G4-goblinbeastapc",[185],1,1,0,0,[],"",[1],[],[],0,100,[],"",0,1,[],"","","",1,"",[1367],[1],"",""
444,"G4-goblinbeastnoapc",[186],1,1,0,0,[],"",[1],[],[],0,100,[],"",0,1,[],"","","",1,"",[1368],[1],"",""
445,"G4-rockslidervoltaxic",[185],2,4,0,0,[],"",[1],[],[],0,100,[],"",0,1,"[""GoblinTownGround"",""GoblinBurrowTrim""]",1,"","",1,"",[742],[1],"",""
446,"G4-volcanicgolem",[186],1,1,0,0,[],"",[1],[],[],0,100,[],"",0,1,[],1,"","",1,"",[1584],[1],"",""
447,"P2-volcanicgolem-titan",[216],1,1,0,0,[],"",[1],"[""TitanWalkwayGround""]",[],0,100,[],"",0,1,[],1,"","",1,"",[1584],[1],"",""
448,"G4-volcanicsaltgolem",[186],2,2,0,0,[],"",[1],[],[],0,100,[],"",0,1,[],1,"","",1,"",[1582],[1],"",""
449,"P2-volcanicsaltgolem-titan",[216],2,2,0,0,[],"",[1],"[""TitanWalkwayGround""]",[],0,100,[],"",0,1,[],1,"","",1,"",[1582],[1],"",""
450,"P2-volcanicgolem",[220],1,1,0,0,[],"",[1],"[""CanyonGround"",""MarakethSanctumSand""]",[],0,100,[],"",0,1,[],1,"","",1,"",[1584],[1],"",""
451,"P2-volcanicsaltgolem",[220],2,2,0,0,[],"",[1],"[""CanyonGround"",""MarakethSanctumSand""]",[],0,100,[],"",0,1,[],1,"","",1,"",[1582],[1],"",""
452,"G4-magmaharpy",[186],2,4,0,0,[],"",[1],[],[],0,100,[],"",0,1,[],1,"","",1,"",[1384],[1],"",""
453,"P2-magmaharpy",[220],2,4,0,0,[],"",[1],"[""CanyonGround"",""MarakethSanctumSand""]",[],0,100,[],"",0,1,[],1,"","",1,"",[1384],[1],"",""
454,"P2-magmaharpy-titan",[216],2,4,0,0,[],"",[1],"[""TitanWalkwayGround""]",[],0,100,[],"",0,1,[],1,"","",1,"",[1384],[1],"",""
455,"G4-carrionwing",[190],2,3,0,0,[],"",[1],[],[],0,100,[],"",0,1,[],1,"","",1,"",[1397],[1],"",""
456,"G4-stingray",[190],1,2,0,0,[],"",[1],[],[],0,100,[],"",0,1,[],1,"","",1,"",[1397],[1],"",""
457,"G4-starfishmonster",[190],1,1,0,0,[],"",[1],[],[],0,100,[],"",0,1,[],1,"","",1,"",[1403],[1],"",""
458,"G4-jellyfishnettler","[190,387]",3,5,100,1,[1399],"",[1],[],[],0,100,[],"",0,1,[],1,"","",1,"",[1399],[1],"",""
459,"G4-leviathanprowler","[190,387]",1,2,0,0,[],"",[1],[],[],0,100,[],"",0,1,[],1,"","",1,"",[1407],[1],"",""
460,"G4-brinemaidenwhipper","[190,227]",2,3,100,1,[1405],"",[1],[],[],0,100,[],"",0,1,[],1,"","",1,"",[1405],[1],"",""
461,"G4-drownedcoralskele",[190],4,5,0,0,[],"",[1],[],[],0,100,[],"",0,1,[],1,"","",1,"",[1402],[1],"",""
462,"G4-karuispiritturtle",[191],1,1,0,0,[],"",[1],"[""default""]",[],0,100,[],"",0,1,[],1,"","",1,"",[1481],[1],"",""
463,"G4-karuihulk",[191],1,2,0,0,[],"",[1],"[""default""]",[],0,100,[],"",0,1,[],1,"","",1,"",[1413],[1],"",""
464,"G4-karuituatara",[191],3,5,0,0,[],"",[2],"[""default""]",[],0,100,[],"",0,1,[],1,"","",1,"",[1408],[1],"",""
465,"G4-karuihallscaster",[192],2,4,100,1,[1411],"",[1],"[""HallsGround""]",[],0,100,[],"",0,1,[],1,"","",1,"",[1411],[1],"",""
466,"G4-karuihallshorn",[192],2,4,100,1,[1442],"",[1],"[""HallsGround""]",[],0,100,[],"",0,1,[],1,"","",1,"",[1442],[1],"",""
467,"G4-karuihallsarcher",[192],2,4,100,1,[1416],"",[1],"[""HallsGround""]",[],0,100,[],"",0,1,[],1,"","",1,"",[1416],[1],"",""
468,"G4-karuihallsfodder",[192],3,5,0,0,[],"",[2],"[""HallsGround""]",[],0,100,[],"",0,1,[],1,"","",1,"","[1416,1442,1411]","[1,1,1]","",""
469,"G4-6-ranged-test",[196],3,5,0,0,[],"",[0],"[""LargeRaftUpper""]",[],0,100,[],"",0,1,[],1,"","",1,"",[],[],"",""
470,"G4-6-melee-test",[196],4,6,0,0,[],"",[0],[],[],0,100,[],"",0,1,"[""LargeRaftUpper""]",1,"","",1,"",[],[],"",""
471,"G4-smallparasites",[200],6,15,0,0,[],"",[1],[],[],0,100,[],"",0,1,[],1,"","",1,"",[],[],"",""
472,"G4-morayclan",[200],2,7,0,0,[],"",[2],"[""ShallowWater""]",[],0,100,[],"",0,1,[],1,"","",1,"",[],[],"",""
473,"G4-mantarayparasite",[200],2,4,0,0,[],"",[2],[],[],0,100,[],"",0,1,[],1,"","",1,"",[],[],"",""
474,"G4-octopusparasite",[200],1,2,0,0,[],"",[2],[],[],0,100,[],"",0,1,[],"","","",1,"",[],[],"",""
475,"G4-turtleparasite",[200],2,5,0,0,[],"",[2],[],[],0,100,[],"",0,1,[],1,"","",1,"",[],[],"",""
476,"G4-anglerfishparasite",[200],2,4,0,0,[],"",[2],[],[],0,100,[],"",0,1,[],1,"","",1,"",[],[],"",""
477,"G4-mantarayparasitedead",[0],2,4,0,0,[],"",[1],[],[],0,100,[],"",0,1,[],1,"","",1,"",[],[],"",""
478,"G4-octopusparasitedead",[0],1,2,0,0,[],"",[1],[],[],0,100,[],"",0,1,[],1,"","",1,"",[],[],"",""
479,"G4-turtleparasitedead",[0],2,5,0,0,[],"",[1],[],[],0,100,[],"",0,1,[],1,"","",1,"",[],[],"",""
480,"G4-anglerfishparasitedead",[0],2,4,0,0,[],"",[1],[],[],0,100,[],"",0,1,[],1,"","",1,"",[],[],"",""
481,"G4-twilightordersoldiers",[201],2,4,100,1,[862],"",[3],[],[],0,100,[],"",0,1,[],1,"","",1,"",[],[],"",""
482,"G4-twilightkaruiaxe",[201],2,4,100,1,[1516],"",[0],[],[],0,100,[],"",0,1,[],1,"","",1,"",[],[],"",""
483,"G4-twilightkaruimace",[201],2,4,100,1,[1516],"",[0],[],[],0,100,[],"",0,1,[],1,"","",1,"",[],[],"",""
484,"G4-twilightkaruiarcher",[201],2,4,100,1,[1516],"",[0],[],[],0,100,[],"",0,1,[],1,"","",1,"",[],[],"",""
485,"G4-excavatorsceptre",[201],2,4,100,1,[2319],"",[1],[],[],0,100,[],"",0,1,[],1,"","",1,"",[],[],"",""
486,"G4-excavatormaul",[201],2,4,100,1,[2315],"",[1],[],[],0,100,[],"",0,1,[],1,"","",1,"",[],[],"",""
487,"G4-excavatorraptor",[201],2,4,100,1,[2318],"",[1],[],[],0,100,[],"",0,1,[],1,"","",1,"",[],[],"",""
488,"G4-excavatororb",[201],2,4,100,1,[2317],"",[1],[],[],0,100,[],"",0,1,[],1,"","",1,"",[],[],"",""
489,"G4-bloodclanvillager",[196],3,7,0,0,[],"",[1],[],[],0,100,[],"",0,1,[],1,"","",1,"",[],[],"",""
490,"G4-bloodclantrapper",[196],3,5,0,0,[],1,[1],[],[],0,100,[],"",0,1,[],1,"","",1,"",[],[],"",""
491,"G4-bloodclanvaulter",[196],2,4,0,0,[],"",[1],[],[],0,100,[],"",0,1,[],1,"","",1,"",[],[],"",""
492,"G4-bloodclanharpooner",[196],3,5,0,0,[],"",[1],[],[],0,100,[],"",0,1,[],1,"","",1,"",[],[],"",""
493,"G4-bloodclanstilts",[196],1,1,0,0,[],"",[1],[],[],0,100,[],"",0,1,[],1,"","",1,"",[],[],"",""
494,"G4-bloodclandagger",[196],3,7,0,0,[],"",[1],[],[],0,100,[],"",0,1,[],1,"","",1,"",[],[],"",""
495,"G4-bloodclankina",[196],3,5,0,0,[],"",[1],[],[],0,100,[],"",0,1,[],1,"","",1,"",[],[],"",""
496,"G4-bloodclanbirdman",[196],2,4,0,0,[],"",[1],[],[],0,100,[],"",0,1,[],1,"","",1,"",[],[],"",""
497,"G4-bloodfeverdrunkpack","[203,204]",3,5,100,1,[1452],"",[1],[],[],0,100,[],"",0,1,[],1,"","",1,"",[1452],[1],"",""
498,"G4-bloodfeverpoipack","[203,204]",3,5,100,1,[1462],"",[1],[],[],0,100,[],"",0,1,[],1,"","",1,"",[1462],[1],"",""
499,"G4-bloodfeverbloaterpack",[204],3,5,100,1,[1480],"",[1],[],[],0,100,[],"",0,1,[],1,"","",1,"",[1480],[1],"",""
500,"G4-bloodfevermedicinepack","[203,204]",3,5,100,1,[1464],"",[1],[],[],0,100,[],"",0,1,[],1,"","",1,"",[1464],[1],"",""
501,"G4-bloodfeverboar",[203],2,5,0,0,[],"",[1],[],[],0,100,[],"",0,1,[],1,"","",1,"",[],[],"",""
502,"G4-bloodfeverintropack",[0],1,1,0,0,[],"",[1],[],[],0,100,[],"",5,1,[],1,"","",1,"",[],[],"",""
503,"G4-bloodfeverintropackbutcher",[0],1,1,0,0,[],"",[1],[],[],0,100,[],"",1,1,[],"","","",1,"",[1466],[1],"",""
504,"G5-slumsbaglady",[0],0,0,0,0,[],"",[2],[],[],0,100,[],"",0,1,[],1,"","",1,"",[],[1],"",""
505,"G2-mantisrat","[143,216]",2,4,0,0,[],"","[1,1]",[],[],0,100,[],"",0,1,"[""TitanWalkwayGround""]",1,"","",1,"",[877],[1],"",""
506,"M1_7-stalker",[],1,3,25,1,[363],"",[1],[],[],0,100,[],"",0,1,[],1,"","",1,"",[],[],"",""
507,"M1_7-statuewretch",[],0,0,0,0,[],"",[1],[],[],0,100,[],"",0,1,[],"","","",1,"",[],[],"",""
508,"M1_8-pirates",[],2,4,0,0,[],"",[1],[],[],0,100,[],"",0,1,[],1,"","",1,"",[],[],"",""
509,"G2-crawler","[143,220]",3,6,0,0,[],"",[1],[],[],0,100,[],"",0,1,"[""CanyonGround"",""MarakethSanctumSand""]",1,"","",1,"",[1557],[1],"",""
510,"G2-stalker","[143,220]",2,3,0,0,[],"",[1],[],[],0,100,[],"",0,1,"[""CanyonGround"",""MarakethSanctumSand""]",1,"","",1,"",[1556],[1],"",""
511,"G2-hooks","[143,220]",3,5,0,0,[],"",[1],[],[],0,100,[],"",0,1,"[""CanyonGround"",""MarakethSanctumSand""]",1,"","",1,"",[1558],[1],"",""
512,"G1-villageroad-werewolfmoonclan",[121],3,5,0,0,[],"",[1],[],[],0,100,[],"",0,1,[],1,"","",1,"",[],[],"",""
513,"G1-villageroad-werewolfmoonclanpack",[121],3,5,0,0,[],"",[1],[],[],0,100,[],"",0,1,[],1,"","",1,"",[258],[1],"",""
514,"G1-villageroad-infectedmercenarycrossbow",[121],1,3,0,0,[],"",[2],[],[],0,100,[],"",0,1,"[""VillageWalkableGround""]",1,"","",1,"","[284,157,159]","[5,1,1]","",""
515,"G1-infectedmercenarycrossbow-fire",[122],1,2,0,0,[],"",[1],[],[],0,100,[],"",0,1,[],1,"","",1,"",[285],[1],"",""
516,"G1-villageroad-carrioncrow",[121],2,3,100,1,[1536],"",[3],"[""VillageWalkableGround"",""VillageHarvestedGround""]",[],0,100,[],"",0,1,[],1,"","",1,"",[1536],[1],"",""
517,"P1-villageroad-carrioncrow",[209],2,3,100,1,[1536],"",[1],[],[],0,100,[],"",0,1,[],1,"","",1,"",[1536],[1],"",""
518,"G1-villageroad-farmers","[121,209]",3,7,0,0,[],"","[2,1]",[],[],0,100,[],"",0,1,"[""RoadGround"",""RoadTrim""]",1,"","",1,"",[1536],[1],"",""
519,"G1-villageroad-feraldogs","[121,209]",3,7,0,0,[],"",[1],[],[],0,100,[],"",0,1,[],1,"","",1,"",[1536],[1],"",""
520,"G1-explodingpigs",[0],1,3,0,0,[],"",[1],[],[],0,100,[],"",0,1,[],1,"","",1,"",[],[],"",""
521,"G6-JadeKaruiTEMP1",[0],3,5,100,1,[1410],"",[1],[],[],0,100,[],"",0,1,[],1,"","",1,"",[],[],"",""
522,"G6-JadeKaruiTEMP2",[0],3,5,100,1,[1462],"",[1],[],[],0,100,[],"",0,1,[],1,"","",1,"",[],[],"",""
523,"G6-JadeKaruiTEMP3",[0],3,5,100,1,[],"",[1],[],[],0,100,[],"",0,1,[],1,"","",1,"",[],[],"",""
524,"G6-JadeKaruiTEMP4",[0],3,5,100,1,[1441],"",[1],[],[],0,100,[],"",0,1,[],1,"","",1,"",[],[],"",""
525,"G1-villageroadendmercs",[122],2,4,15,1,[285],"",[2],[],[],0,100,[],"",0,1,[],1,"","",1,"",[285],[1],"",""
526,"G1-canopystaff",[120],2,3,100,1,[1002],"",[2],[],[],0,100,[],"",0,1,[],1,"","",1,"","[1009,1000,1002]","[1,2,4]","",""
527,"G1-canopybow",[120],2,3,30,1,[1000],"",[2],[],[],0,100,[],"",0,1,[],1,"","",1,"","[1009,1000,1002]","[1,4,2]","",""
528,"G1-canopymelee",[120],2,3,0,0,[],"",[2],[],[],0,100,[],"",0,1,[],1,"","",1,"","[1009,1000,1002]","[1,2,2]","",""
529,"G1-canopyelite",[120],1,2,0,0,[],"",[1],[],[],0,100,[],"",0,1,[],1,"","",1,"","[1009,1000,1002]","[3,1,1]","",""
530,"G1-canopyfabrications",[120],2,5,100,1,[1011],"",[1],[],[],0,100,[],"",0,1,[],1,"","",1,"","[1009,1000,1002]","[1,1,1]","",""
531,"G1-hengeritual",[0],0,0,0,0,[],"",[1],[],[],0,100,[],"",0,1,[],1,"","",1,"",[1497],[1],"",""
532,"chaos-quillcrab-red",[426],4,6,100,1,[206],"",[1],[],"[1258,1256,1255]",0,100,[],"",0,"",[],1,"","",1,"",[206],[1],"",""
533,"chaos-lumberingdrowned",[426],4,5,0,0,[],"",[1],[],"[1254,1256,1253,1257]",0,100,[],"",0,"",[],1,"","",1,"",[237],[1],"",""
534,"chaos-urchinshag",[426],4,4,100,1,[229],"",[1],[],"[1254,1256,1253,1257]",0,100,[],"",0,"",[],1,"","",1,"",[229],[1],"",""
535,"chaos-rottenwolf",[426],4,5,0,0,[],"",[1],[],"[1254,1256,1257]",0,100,[],"",0,"",[],1,"","",1,"",[229],[1],"",""
536,"chaos-retchskeleton",[426],3,4,85,1,[181],"",[1],[],"[1254,1256,1258]",0,100,[],"",0,"",[],1,"","",1,"",[181],[1],"",""
537,"chaos-mudgolem",[426],3,5,100,1,[181],"",[1],[],"[1255,1256,1257]",0,100,[],"",0,"",[],1,"","",1,"",[181],[1],"",""
538,"chaos-werewolfpack",[426],3,4,75,1,[258],"",[1],[],"[1255,1256,1254]",0,100,[],"",0,"",[],1,"","",1,"",[258],[1],"",""
539,"chaos-funguszombie",[426],2,4,70,1,[178],"",[1],[],"[1256,1257,1255]",0,100,[],"",0,"",[],1,"","",1,"","[178,362]","[2,1]","",""
540,"chaos-snakeflowermen1",[426],4,5,0,0,[],"",[1],[],"[1256,1257,1255]",0,100,[],"",0,"",[],1,"","",1,"",[396],[1],"",""
541,"chaos-rustedsoldier",[426],3,5,75,1,[417],"",[1],[],"[1254,1256,1258]",0,100,[],"",0,"",[],1,"","",1,"",[417],[1],"",""
542,"chaos-palefrog",[0],4,6,0,0,[],"",[1],[],[56],0,100,[],"",0,"",[],1,"","",1,"",[366],[1],"",""
543,"chaos-fungalmancerskeletongroup",[426],3,5,80,1,[362],"",[1],[],"[1256,1257,1255]",0,100,[],"",0,"",[],1,"","",1,"","[178,362]","[1,2]","",""
544,"chaos-fungalwolf",[426],4,5,15,1,[376],"",[1],[],"[1256,1257,1255]",0,100,[],"",0,"",[],1,"","",1,"","[178,362]","[1,1]","",""
545,"chaos-graveskeletonwraithcold",[426],2,4,100,1,[145],"",[1],[],"[1256,1257,1253]",0,100,[],"",0,"",[],1,"","",1,"",[145],[1],"",""
546,"chaos-statuewretch",[426],3,4,66,1,[365],"",[1],[],"[1256,1254,1255]",0,100,[],"",0,"",[],1,"","",1,"",[365],[1],"",""
547,"chaos-deathknightgrave",[426],3,4,28,1,[276],"",[1],[],"[1256,1254,1255]",0,100,[],"",0,"",[],1,"","",1,"",[276],[1],"",""
548,"chaos-graveskeletonmixed",[426],3,4,75,1,[723],"",[1],[],"[1256,1254,1255]",0,100,[],"",0,"",[],1,"","",1,"",[723],[1],"",""
549,"chaos-graveskeletoncasterfire",[426],4,5,0,0,[],"",[1],[],"[1256,1257,1258]",0,100,[],"",0,"",[],1,"","",1,"",[392],[1],"",""
550,"chaos-graveskeletoncasterlightning",[426],3,4,66,1,[150],"",[1],[],"[1256,1257,1254]",0,100,[],"",0,"",[],1,"","",1,"",[150],[1],"",""
551,"chaos-bloodcretincourtesan",[426],3,4,70,1,[267],"",[1],[],"[1256,1257,1259]",0,100,[],"",0,"",[],1,"","",1,"",[267],[1],"",""
552,"chaos-skeletalknight",[426],3,4,50,1,[1654],"",[1],[],"[1256,1254,1255]",0,100,[],"",0,"",[],1,"","",1,"",[1654],[1],"",""
553,"chaos-skeletalreaper",[426],3,4,40,1,[1659],"",[1],[],"[1256,1254,1255]",0,100,[],"",0,"",[],1,"","",1,"",[1659],[1],"",""
554,"chaos-coffinwretch",[426],3,4,100,1,[363],"",[1],[],"[1256,1257,1254]",0,100,[],"",0,"",[],1,"","",1,"",[363],[1],"",""
555,"chaos-graveskeletontombstalker",[426],3,4,60,1,[367],"",[1],[],"[1256,1257,1255]",0,100,[],"",0,"",[],1,"","",1,"",[367],[1],"",""
556,"chaos-quillcrabpoison",[426],4,6,90,1,[209],"",[1],[],"[1256,1255,1253]",0,100,[],"",0,"",[],1,"","",1,"",[209],[1],"",""
557,"chaos-bramblemonkey",[426],4,5,70,1,[297],"",[1],[],"[1256,1255]",0,100,[],"",0,"",[],1,"","",1,"",[297],[1],"",""
558,"chaos-sapling",[426],2,3,95,1,[1499],"",[1],[],"[1256,1255,1257]",0,100,[],"",0,"",[],1,"","",1,"",[1499],[1],"",""
559,"chaos-infectedmercernary",[426],4,5,20,1,[284],"",[1],[],"[1256,1255,1259]",0,100,[],"",0,"",[],1,"","",1,"","[284,159]","[3,1]","",""
560,"chaos-gargoylegolemred",[426],2,2,30,1,[278],"",[1],[],"[1256,1257,1259]",0,100,[],"",0,"",[],1,"","",1,"",[278],[1],"",""
561,"chaos-bloodpack",[426],3,4,35,1,[267],"",[1],[],"[1256,1257,1259]",0,100,[],"",0,"",[],1,"","",1,"",[267],[1],"",""
562,"chaos-tendrilprowler",[426],3,4,35,1,[260],"",[1],[],"[1256,1255]",0,100,[],"",0,"",[],1,"","",1,"",[260],[1],"",""
563,"chaos-tendrilsentinel",[426],3,4,15,1,[369],"",[1],[],"[1256,1255]",0,100,[],"",0,"",[],1,"","",1,"",[369],[1],"",""
564,"chaos-brambleburrower",[426],3,4,80,1,[21],"",[1],[],"[1256,1255,1257]",0,100,[],"",0,"",[],"","","",1,"",[21],[1],"",""
565,"chaos-bramblerhoa",[426],3,4,0,0,[],"",[1],[],"[1256,1255]",0,100,[],"",0,"",[],1,"","",1,"",[25],[1],"",""
566,"chaos-courtmagecorrupt-merc",[426],3,4,25,1,[157],"",[1],[],"[1256,1255]",0,100,[],"",0,"",[],1,"","",1,"",[157],[1],"",""
567,"chaos-courtmagecorrupt",[426],3,4,10,1,[157],"",[1],[],"[1256,1255]",0,100,[],"",0,"",[],1,"","",1,"",[157],[1],"",""
568,"chaos-corruptedeliteranged",[426],3,3,65,1,[161],"",[1],[],"[1256,1255]",0,100,[],"",0,"",[],1,"","",1,"",[161],[1],"",""
569,"chaos-corruptedelitebloater",[0],3,3,50,1,[163],"",[1],[],[1259],0,100,[],"",0,"",[],1,"","",1,"",[163],[1],"",""
570,"chaos-corruptedelitetoothy-merc",[426],3,4,50,1,[159],"",[1],[],"[1256,1255]",0,100,[],"",0,"",[],1,"","",1,"",[159],[1],"",""
571,"chaos-burnedlumberjack",[426],4,5,0,0,[],"",[1],[],"[1258,1254]",0,100,[],"",0,"",[],1,"","",1,"",[405],[1],"",""
572,"chaos-villageroad-infectedmercenarycrossbow",[426],3,4,33,1,[284],"",[1],[],"[1254,1256,1255]",0,100,[],"",0,"",[],1,"","",1,"",[284],[1],"",""
573,"chaos-infectedmercenarycrossbow-fire",[426],3,4,33,1,[285],"",[1],[],"[1256,1255,1259]",0,100,[],"",0,"",[],1,"","",1,"",[285],[1],"",""
574,"chaos-villageroad-carrioncrow",[426],3,4,100,1,[1536],"",[1],[],"[1256,1255,1257]",0,100,[],"",0,"",[],1,"","",1,"",[1536],[1],"",""
575,"chaos-villageroad-farmers",[426],4,5,0,0,[],"",[1],[],"[1256,1255,1257]",0,100,[],"",0,"",[],1,"","",1,"",[1536],[1],"",""
576,"chaos-villageroad-feraldogs",[426],4,4,22,1,[1608],"",[1],[],"[1256,1255,1254]",0,100,[],"",0,"",[],1,"","",1,"",[1608],[1],"",""
577,"chaos-canopystaff",[426],3,4,50,1,[1002],"",[1],[],"[1256,1257,1255]",0,100,[],"",0,"",[],1,"","",1,"",[1002],[1],"",""
578,"chaos-canopybow",[426],3,4,60,1,[1000],"",[1],[],"[1256,1257,1255]",0,100,[],"",0,"",[],1,"","",1,"",[1000],[1],"",""
579,"chaos-canopymelee",[426],3,5,15,1,[1009],"",[1],[],"[1256,1257,1255]",0,100,[],"",0,"",[],1,"","",1,"","[1009,1000,1002]","[1,1,1]","",""
580,"chaos-canopyelite",[426],3,4,10,1,[1009],"",[1],[],"[1256,1257,1255]",0,100,[],"",0,"",[],1,"","",1,"","[1009,1000,1002]","[1,1,1]","",""
581,"chaos-farudincrawlerfoundry",[426],4,5,0,0,[],"",[1],[],"[1256,1258,1255]",0,100,[],"",0,"",[],1,"","",1,"",[1630],[1],"",""
582,"chaos-farudincrawler",[426],4,5,0,0,[],"",[1],[],"[1258,1254,1260]",0,100,[],"",0,"",[],1,"","",1,"",[1629],[1],"",""
583,"chaos-hyenapack",[426],3,4,10,1,[684],"",[1],[],"[1258,1254,1260]",0,100,[],"",0,"",[],1,"","",1,"",[684],[1],"",""
584,"chaos-crabpack",[426],3,4,45,1,[693],"",[1],[],"[1258,1254,1253]",0,100,[],"",0,"",[],1,"","",1,"",[693],[1],"",""
585,"chaos-crabpacknosand",[426],3,4,45,1,[693],"",[1],[],"[1258,1254,1253]",0,100,[],"",0,"",[],1,"","",1,"",[693],[1],"",""
586,"chaos-desertleaper",[426],7,8,0,0,[],"",[1],[],"[1258,1254,1253]",0,100,[],"",0,"",[],1,"","",1,"",[721],[1],"",""
587,"chaos-maggothusk",[426],3,4,40,1,[652],"",[1],[],"[1258,1256,1257]",0,100,[],"",0,"",[],1,"","",1,"",[652],[1],"",""
588,"chaos-marakethskeleton",[426],4,6,0,0,[],"",[1],[],"[1258,1254]",0,100,[],"",0,"",[],1,"","",1,"",[417],[1],"",""
589,"chaos-dropspider",[426],4,6,0,0,[],"",[1],[],"[1256,1255,1257]",0,100,[],"",0,"",[],1,"","",1,"",[625],[1],"",""
590,"chaos-bugbotrocky",[426],4,5,70,1,[663],"",[1],[],"[1258,1254]",0,100,[],"",0,"",[],1,"","",1,"",[663],[1],"",""
591,"chaos-bugbotsulphite",[426],4,5,70,1,[665],"",[1],[],"[1258,1254]",0,100,[],"",0,"",[],1,"","",1,"",[663],[1],"",""
592,"chaos-cavedweller",[426],3,5,7,1,[819],"",[1],[],"[1258,1254,1257,1256]",0,100,[],"",0,"",[],1,"","",1,"",[819],[1],"",""
593,"chaos-rocksliders",[426],5,7,0,0,[],"",[1],[],"[1258,1254]",0,100,[],"",0,"",[],1,"","",1,"",[738],[1],"",""
594,"chaos-etchedbeetle",[426],3,4,65,1,[641],"",[1],[],"[1258,1254]",0,100,[],"",0,"",[],1,"","",1,"",[641],[1],"",""
595,"chaos-serpentclancaster",[426],2,3,40,1,[780],"",[1],[],"[1258,1254,1257]",0,100,[],"",0,"",[],1,"","",1,"",[780],[1],"",""
596,"chaos-marakethskeletonemerge",[426],4,5,0,0,[],"",[1],[],"[1258,1254,1257]",0,100,[],"",0,"",[],1,"","",1,"","[801,802]","[1,1]","",""
597,"chaos-marakethskeletonmagi",[426],3,4,50,1,[709],"",[1],[],"[1258,1254,1257]",0,100,[],"",0,"",[],1,"","",1,"",[709],[1],"",""
598,"chaos-marakethskeletonmelee",[426],4,5,0,0,[],"",[1],[],"[1258,1254,1257]",0,100,[],"",0,"",[],1,"","",1,"",[417],[1],"",""
599,"chaos-mutewindmale",[426],3,4,50,1,[441],"",[1],[],"[1260,1258,1255]",0,100,[],"",0,"",[],1,"","",1,"","[440,442]","[1,1]","",""
600,"chaos-mutewindfemale",[426],4,4,40,1,[445],"",[1],[],"[1260,1258,1255]",0,100,[],"",0,"",[],1,"","",1,"","[444,446]","[1,1]","",""
601,"chaos-mutewindmalecorrupted",[426],4,4,2,1,[470],"",[1],[],"[1260,1258,1255]",0,100,[],"",0,"",[],1,"","",1,"","[469,470,471]","[1,1,1]","",""
602,"chaos-mutewindfemalecorrupted",[426],4,4,40,1,[476],"",[1],[],"[1260,1258,1255]",0,100,[],"",0,"",[],1,"","",1,"","[473,476,474]","[1,1,1]","",""
603,"chaos-tuskbeetle",[426],4,5,0,0,[],"",[1],[],"[1258,1254]",0,100,[],"",0,"",[],1,"","",1,"",[639],[1],"",""
604,"chaos-acolytemagi",[426],3,4,45,1,[734],"",[1],[],"[1258,1254,1257]",0,100,[],"",0,"",[],1,"","",1,"",[734],[1],"",""
605,"chaos-skeletonarbelest",[426],3,4,100,1,[417],"",[1],[],"[1258,1254,1255,1256]",0,100,[],"",0,"",[],1,"","",1,"","[734,417]","[1,3]","",""
606,"chaos-sandgolem",[426],2,3,100,1,[725],"",[1],[],"[1258,1254]",0,100,[],"",0,"",[],1,"","",1,"",[184],[1],"",""
607,"chaos-minebatdesert",[0],3,4,30,1,[823],"",[1],[],"[1258,1254]",0,100,[],"",0,"",[],1,"","",1,"",[823],[1],"",""
608,"chaos-bonezealot",[426],3,4,75,1,[744],"",[1],[],"[1258,1254,1257]",0,100,[],"",0,"",[],1,"","",1,"",[744],[1],"",""
609,"chaos-bonezealot-fire",[426],3,4,75,1,[749],"",[1],[],"[1258,1254,1257]",0,100,[],"",0,"",[],1,"","",1,"",[749],[1],"",""
610,"chaos-bonenecromancer",[426],3,5,100,1,[776],"",[1],[],"[1258,1254,1257]",0,100,[],"",0,"",[],1,"","",1,"",[776],[1],"",""
611,"chaos-boneshield",[426],3,4,75,1,[751],"",[1],[],"[1258,1254,1257]",0,100,[],"",0,"",[],1,"","",1,"",[751],[1],"",""
612,"chaos-spidersabre",[426],4,6,0,0,[],"",[1],[],"[1258,1254,1257]",0,100,[],"",0,"",[],1,"","",1,"",[625],[1],"",""
613,"chaos-bonebeast",[426],1,2,100,1,[774],"",[1],[],"[1258,1254,1257]",0,100,[],"",0,"",[],1,"","",1,"",[774],[1],"",""
614,"chaos-titanwalker-golemancer",[426],1,2,100,1,[730],"",[1],[],"[1258,1254,1256,1255]",0,100,[],"",0,"",[],1,"","",1,"","[730,1649]","[3,1]","",""
615,"chaos-bugbotmaster",[426],3,6,100,1,[675],"",[1],[],"[1258,1254]",0,100,[],"",0,"",[],1,"","",1,"",[675],[1],"",""
616,"chaos-dunelurker",[426],2,4,75,1,[869],"",[1],[],"[1258,1254,1255]",0,100,[],"",0,"",[],1,"","",1,"",[869],[1],"",""
617,"chaos-skeletontitan",[426],4,5,0,0,[],"",[1],[],"[1258,1254,1256,1255]",0,100,[],"",0,"",[],1,"","",1,"",[811],[1],"",""
618,"chaos-grottowisp",[0],5,8,0,0,[],"",[1],[],[],0,100,[],"",0,"",[],1,"","",1,"",[],[],"",""
619,"chaos-blackstrider",[426],2,4,70,1,[625],"",[1],[],"[1258,1257,1256]",0,100,[],"",0,"",[],1,"","",1,"",[625],[1],"",""
620,"chaos-wingedcreature",[426],3,4,70,1,[872],"",[1],[],"[1258,1254,1256]",0,100,[],"",0,"",[],1,"","",1,"",[872],[1],"",""
621,"chaos-twoheadedtitan",[426],1,2,35,1,[1663],"",[1],[],"[1258,1254]",0,100,[],"",0,"",[],1,"","",1,"",[1663],[1],"",""
622,"chaos-terracotakamikaze",[426],4,5,0,0,[],"",[1],[],"[1258,1254,1257]",0,100,[],"",0,"",[],1,"","",1,"",[],[],"",""
623,"chaos-procupineant",[426],3,6,0,0,[],"",[1],[],"[1258,1254,1256]",0,100,[],"",0,"",[],1,"","",1,"",[817],[1],"",""
624,"chaos-marakethzombie",[426],4,6,100,1,[1683],"",[1],[],"[1258,1254,1257]",0,100,[],"",0,"",[],1,"","",1,"",[1683],[1],"",""
625,"chaos-vulturedemon",[426],2,2,0,0,[839],"",[1],[],"[1258,1254,1255]",0,100,[],"",0,"",[],1,"","",1,"",[839],[1],"",""
626,"chaos-spiker3",[426],2,3,75,1,[8],"",[1],[],"[1258,1254,1255]",0,100,[],"",0,"",[],1,"","",1,"",[8],[1],"",""
627,"chaos-wingedfiend",[426],5,6,0,0,[],"",[1],[],"[1258,1254,1255]",0,100,[],"",0,"",[],1,"","",1,"",[737],[1],"",""
628,"chaos-plaguemorph",[426],4,5,0,0,[],"",[1],[],"[1258,1257,1256,1260]",0,100,[],"",0,"",[],1,"","",1,"",[],[],"",""
629,"chaos-plaguenymph",[426],3,4,10,1,[853],"",[1],[],"[1258,1257,1260,1255]",0,100,[],"",0,"",[],1,"","",1,"",[853],[1],"",""
630,"chaos-plagueswarm",[426],5,7,100,1,[437],"",[1],[],"[1258,1257,1256,1260]",0,100,[],"",0,"",[],1,"","",1,"",[437],[1],"",""
631,"chaos-plagueharvester",[426],2,3,100,1,[855],"",[1],[],"[1258,1257,1256,1260]",0,100,[],"",0,"",[],1,"","",1,"","[855,859]","[2,1]","",""
632,"chaos-mutewindbanditexecutioner",[426],2,3,100,1,[479],"",[1],[],"[1260,1258,1255]",0,100,[],"",0,"",[],1,"","",1,"",[479],[1],"",""
633,"chaos-faridunlizard",[426],3,5,15,1,[466],"",[1],[],"[1258,1254,1256]",0,100,[],"",0,"",[],1,"","",1,"",[466],[1],"",""
634,"chaos-faridunlizard_armoured",[426],3,5,15,1,[468],"",[1],[],"[1260,1258,1257]",0,100,[],"",0,"",[],1,"","",1,"",[468],[1],"",""
635,"chaos-ramgiant",[426],2,2,100,1,[648],"",[1],[],"[1257,1254,1256]",0,100,[],"",0,"",[],1,"","",1,"",[648],[1],"",""
636,"chaos-drudgeminers",[426],3,6,0,0,[],"",[1],[],"[1258,1254,1260]",0,100,[],"",0,"",[],1,"","",1,"",[1632],[1],"",""
637,"chaos-crawler",[426],4,6,0,0,[],"",[1],[],"[1258,1254,1257]",0,100,[],"",0,"",[],1,"","",1,"","[1557,1556,1558]","[3,1,1]","",""
638,"chaos-stalker",[426],3,5,15,1,[1556],"",[1],[],"[1258,1254,1257]",0,100,[],"",0,"",[],1,"","",1,"","[1557,1556,1558]","[1,3,1]","",""
639,"chaos-hooks",[426],3,5,15,1,[1558],"",[1],[],"[1258,1254,1257]",0,100,[],"",0,"",[],1,"","",1,"","[1557,1556,1558]","[1,1,3]","",""
640,"chaos-snakehulk",[426],2,3,20,1,[979],"",[1],[],"[1257,1256,1255]",0,100,[],"",0,"",[],"","","",1,"",[979],[1],"",""
641,"chaos-gutviper",[426],4,5,0,0,[],"",[1],[],"[1257,1256,1255]",0,100,[],"",0,"",[],1,"","",1,"","[985,983]","[4,1]","",""
642,"chaos-livingsnake",[426],3,5,10,1,[985],"",[1],[],"[1257,1256,1255]",0,100,[],"",0,"",[],1,"","",1,"","[985,983]","[1,4]","",""
643,"chaos-ratmonsterpoison",[426],4,7,15,1,[1059],"",[1],[],"[1257,1256,1255]",0,100,[],"",0,"",[],1,"","",1,"",[],[],"",""
644,"chaos-spidermonkey",[426],4,7,15,1,[986],"",[1],[],"[1257,1256,1255]",0,100,[],"",0,"",[],1,"","",1,"",[962],[1],"",""
645,"chaos-livingvaalguardsmelee",[426],3,3,70,1,[1140],"",[1],[],"[1254,1258,1261]",0,100,[],"",0,"",[],1,"","",1,"",[1140],[1],"",""
646,"chaos-livingvaalguardsranged",[426],4,4,40,1,[1136],"",[1],[],"[1254,1258,1261]",0,100,[],"",0,"",[],1,"","",1,"","[1136,1139]","[1,1]","",""
647,"chaos-livingvaalguardseagleknight",[0],2,3,20,1,[1155],"",[1],[],"[1254,400]",0,100,[],"",0,"",[],1,"","",1,"",[1155],[1],"",""
648,"chaos-goldenones1",[426],2,3,100,1,[1195],"",[1],[],"[1254,1258,1257]",0,100,[],"",0,"",[],1,"","",1,"",[1195],[1],"",""
649,"chaos-processionmelee",[426],3,3,100,1,[1183],"",[1],[],"[1254,1258,1257]",0,100,[],"",0,"",[],1,"","",1,"",[1180],[1],"",""
650,"chaos-processionranged",[426],3,3,70,1,[1182],"",[1],[],"[1254,1258,1257]",0,100,[],"",0,"",[],1,"","",1,"",[1182],[1],"",""
651,"chaos-goldensentinel",[426],1,3,20,1,[1042],"",[1],[],"[1254,1258,1257]",0,100,[],"",0,"",[],1,"","",1,"",[1042],[1],"",""
652,"chaos-anchoritefodder",[426],4,5,0,0,[],"",[1],[],"[1254,1258,1257]",0,100,[],"",0,"",[],1,"","",1,"","[1075,1073]","[1,1]","",""
653,"chaos-anchoritefodder2",[426],4,4,30,1,[1074],"",[1],[],"[1254,1258,1257]",0,100,[],"",0,"",[],1,"","",1,"","[1075,1074]","[1,1]","",""
654,"chaos-parasiticfishland",[426],5,10,0,0,[],"",[1],[],"[1257,1253,1255]",0,100,[],"",0,"",[],1,"","",1,"",[1019],[1],"",""
655,"chaos-taniwhasunken",[426],3,4,10,1,[1019],"",[1],[],"[1257,1253,1255]",0,100,[],"",0,"",[],1,"","",1,"",[1019],[1],"",""
656,"chaos-drownedcrew",[426],2,3,100,1,[237],"",[1],[],"[1257,1253,1255]",0,100,[],"",0,"",[],1,"","",1,"",[237],[1],"",""
657,"chaos-cenobitebloater",[426],1,2,40,2,[933],"",[1],[],"[1254,1258,1257]",0,100,[],"",0,"",[],1,"","",1,"",[1075],[1],"",""
658,"chaos-drownedcrawlerTEMP",[426],2,4,0,0,[],"",[1],[],"[1257,1253,1255]",0,100,[],"",0,"",[],1,"","",1,"",[1197],[1],"",""
659,"chaos-viperlegionnaireSword",[426],2,3,35,1,[1086],"",[1],[],"[1261,1254,1255]",0,100,[],"",0,"",[],1,"","",1,"",[1086],[1],"",""
660,"chaos-viperlegionnaireBows",[426],2,3,35,1,[1084],"",[1],[],"[1254,400,1261]",0,100,[],"",0,"",[],1,"","",1,"",[1084],[1],"",""
661,"chaos-VaalGoliathLiving",[0],1,2,30,1,[1143],"",[1],[],[],0,100,[],"",0,"",[],1,"","",1,"",[1143],[1],"",""
662,"chaos-VaalZealotsAtziriMelee",[426],2,4,70,1,"[1153,1147]","",[1],[],"[1256,1081,1255]",0,100,[],"",0,"",[],1,"","",1,"","[1153,1151]","[2,1]","",""
663,"chaos-VaalZealotsAtziriCaster",[426],2,3,80,1,"[1151,1147]","",[1],[],"[1256,1255,1257,1261]",0,100,[],"",0,"",[],1,"","",1,"","[1153,1151]","[1,2]","",""
664,"chaos-VaalZealotsLightningMelee","[426,229]",2,4,65,1,[1146],"","[1,2]",[],"[1254,1255,1257,1261]",0,100,[],"",0,"",[],1,"","",1,"",[1146],[1],"",""
665,"chaos-VaalZealotsLightningCaster","[426,229]",2,4,65,1,[1146],"","[1,2]",[],"[1254,1255,1257,1261]",0,100,[],"",0,"",[],1,"","",1,"",[1146],[1],"",""
666,"chaos-VaalZealotsSerpentMelee",[426],2,4,65,1,"[1140,1143]","",[1],[],"[1255,1261,1257]",0,100,[],"",0,"",[],1,"","",1,"","[1111,1140,1143]","[1,1,1]","",""
667,"chaos-VaalZealotsSerpentCaster",[426],2,4,65,1,"[1140,1143]","",[1],[],"[1255,1261,1081]",0,100,[],"",0,"",[],1,"","",1,"","[1124,1140,1143]","[1,1,1]","",""
668,"chaos-VaalZealotsMonkeyMelee",[426],2,4,60,1,[1060],"",[1],[],"[1253,1261,1081]",0,100,[],"",0,"",[],1,"","",1,"",[1060],[1],"",""
669,"chaos-VaalZealotsMonkeyCaster",[426],2,4,60,1,[1060],"",[1],[],"[1253,1261,1081]",0,100,[],"",0,"",[],1,"","",1,"",[1060],[1],"",""
670,"chaos-VaalZealotsSunMelee",[426],2,4,65,1,[1218],"",[1],[],"[1258,1254,1257,1261]",0,100,[],"",0,"",[],1,"","",1,"",[1218],[1],"",""
671,"chaos-VaalZealotsSunCaster",[426],2,4,65,1,[1218],"",[1],[],"[1258,1254,1257,1261]",0,100,[],"",0,"",[],1,"","",1,"",[1218],[1],"",""
672,"chaos-savagebeastmaster",[0],0,0,0,0,[],"",[1],[],[324],0,100,[],22,25,"",[],1,"","",1,"",[],[],"",""
673,"chaos-bloodbatherswordshield",[426],3,3,65,1,"[1220,1218]","",[1],[],"[1254,1257,1255]",0,100,[],"",0,"",[],1,"","",1,"",[1220],[1],"",""
674,"chaos-bloodbatherdualwieldflail",[426],3,3,65,1,"[1220,1218]","",[1],[],"[1254,1257,1255]",0,100,[],"",0,"",[],1,"","",1,"",[1220],[1],"",""
675,"chaos-bloodbatherspearsmace",[426],3,3,45,1,"[1220,1218]","",[1],[],"[1254,1257,1255]",0,100,[],"",0,"",[],1,"","",1,"",[1220],[1],"",""
676,"chaos-bladestalkerred",[426],2,3,35,1,[931],"",[1],[],"[1254,1258,1256]",0,100,[],"",0,"",[],1,"","",1,"",[931],[1],"",""
677,"chaos-vaalaxethrowermeat",[426],2,3,95,1,"[1145,1147]","",[1],[],"[1254,1258,1256]",0,100,[],"",0,"",[],1,"","",1,"",[1145],[1],"",""
678,"chaos-vaalshadowpriest",[0],3,3,0,0,[],"",[1],[],"[1254,1258]",0,100,[],"",0,"",[],1,"","",1,"",[1147],"[1,1]","",""
679,"chaos-cenobitehighbornpack",[426],3,3,100,1,"[1069,1244]","",[1],[],"[1254,1257,1256]",0,100,[],"",0,"",[],1,"","",1,"","[1075,1073,1074,1069,1071,1072,1244]","[1,1,1,10,1,1,1]","",""
680,"chaos-anchoritemotherpack",[426],3,5,100,1,"[934,1244]","",[1],[],"[1254,1257,1256]",0,100,[],"",0,"",[],1,"","",1,"","[934,1075,1073,1074,1069,1071,1072,1244]","[10,1,1,1,2,1,1,2]","",""
681,"chaos-cauldronecrone",[426],1,2,40,3,"[932,933]","",[1],[],"[1256,1257,1258]",0,100,[],"",0,"",[],1,"","",1,"",[1244],[1],"",""
682,"chaos-cenobiteleashpack",[426],3,5,0,0,[],"",[1],[],"[1254,1257,1256]",0,100,[],"",0,"",[],1,"","",1,"","[934,1075,1073,1074,1069,1071,1072,1244]","[2,1,1,1,2,10,1,1]","",""
683,"chaos-cenobiteslampack",[426],2,3,100,1,[1072],"",[1],[],"[1254,1257,1256]",0,100,[],"",0,"",[],1,"","",1,"","[934,1075,1073,1074,1069,1071,1072,1244]","[1,2,1,1,2,1,10,1]","",""
684,"chaos-vaalhumanoidpyracannons",[426],2,2,70,1,[1281],"",[1],[],"[1261,1254,1255]",0,100,[],"",0,"",[],1,"","",1,"","[1281,1146,1278,1288,1289]","[6,2,1,1,1]","",""
685,"chaos-vaalhumanoidbowcaster",[426],2,2,85,1,[1146],"",[1],[],"[1261,1254,1255]",0,100,[],"",0,"",[],1,"","",1,"","[1146,1278,1288,1289,1281]","[5,3,1,1,1]","",""
686,"chaos-vaalhumanoidbladehandcaster",[426],2,2,75,1,[1146],"",[1],[],"[1261,1254,1255]",0,100,[],"",0,"",[],1,"","",1,"","[1146,1278,1288,1289,1281]","[5,1,3,1,1]","",""
687,"chaos-vaalhumanoidstalker",[426],3,4,0,0,[],"",[1],[],"[1261,1254,1255]",0,100,[],"",0,"",[],1,"","",1,"","[1146,1278,1288,1289,1281]","[3,1,1,5,1]","",""
688,"chaos-vaalhumanoidmeleerocketfist",[426],2,2,71,1,[1280],"",[1],[],"[1261,1254,1255]",0,100,[],"",0,"",[],1,"","",1,"","[1284,1280]","[1,5]","",""
689,"chaos-vaalhumanoidcannonshield",[426],3,3,20,1,[1283],"",[1],[],"[1261,1254,1255]",0,100,[],"",0,"",[],1,"","",1,"","[1284,1280]","[1,5]","",""
690,"chaos-banesapling",[0],1,3,0,0,[],"",[1],[],"[1255,1256]",0,100,[],"",0,"",[],1,"","",1,"",[936],[1],"",""
691,"chaos-dredgefiend",[426],3,3,70,1,[889],"",[1],[],"[1257,1255,1256]",0,100,[],"",0,"",[],1,"","",1,"",[889],[1],"",""
692,"chaos-swarmhost",[426],3,5,100,1,[919],"",[1],[],"[1257,1255,1256]",0,100,[],"",0,"",[],1,"","",1,"",[919],[1],"",""
693,"chaos-marshbruiser",[426],2,2,100,1,[652],"",[1],[],"[1257,1255,1256]",0,100,[],"",0,"",[],1,"","",1,"",[883],[1],"",""
694,"chaos-cannibal",[426],2,3,100,1,[897],"",[1],[],"[1257,1255,1256]",0,100,[],"",0,"",[],1,"","",1,"","[897,894,895,896]","[5,1,1,1]","",""
695,"chaos-quadrilla",[426],2,2,32,2,[986],"",[1],[],"[1255,1256,1254]",0,100,[],"",0,"",[],1,"","",1,"",[962],[1],"",""
696,"chaos-bloodape",[426],4,5,100,1,[5],"",[1],[],"[1255,1256,1257]",0,100,[],"",0,"",[],1,"","",1,"",[5],[1],"",""
697,"chaos-snakehusk",[426],3,4,9,1,[984],"",[1],[],"[1256,1255,1257]",0,100,[],"",0,"",[],1,"","",1,"","[984,985]","[1,1]","",""
698,"chaos-armadillo",[426],3,3,100,1,[937],"",[1],[],"[1256,1255,1254]",0,100,[],"",0,"",[],1,"","",1,"",[937],[1],"",""
699,"chaos- taniwha",[426],3,4,10,1,[1019],"",[1],[],"[1257,1253,1255]",0,100,[],"",0,"",[],1,"","",1,"",[1019],[1],"",""
700,"chaos-tigerchimeral",[426],3,4,6,1,[1014],"",[1],[],"[1257,1253,1255]",0,100,[],"",0,"",[],1,"","",1,"",[1014],[1],"",""
701,"chaos-illfatedexplorer",[426],4,5,0,0,[],"",[1],[],"[1257,1253,1255]",0,100,[],"",0,"",[],1,"","",1,"",[988],[1],"",""
702,"chaos-bloomserpent",[426],4,5,0,0,[],"",[1],[],"[1257,1253,1255]",0,100,[],"",0,"",[],1,"","",1,"",[396],[1],"",""
703,"chaos-gorecharger",[426],2,3,16,1,[988],"",[1],[],"[1256,1255,1258]",0,100,[],"",0,"",[],1,"","",1,"",[988],[1],"",""
704,"chaos-savagebrute",[426],3,3,77,1,[909],"",[1],[],"[1257,1254,1258]",0,100,[],"",0,"",[],1,"","",1,"",[909],[1],"",""
705,"chaos-savagedelinquent",[426],3,6,0,0,[],"",[1],[],"[1257,1254,1255]",0,100,[],"",0,"",[],1,"","",1,"",[900],[1],"",""
706,"chaos-chawmongrel",[426],3,6,0,0,[],"",[1],[],"[1257,1254,1255]",0,100,[],"",0,"",[],1,"","",1,"",[939],[1],"",""
707,"chaos-savagedagger",[426],3,3,55,1,[905],"",[1],[],"[1257,1254,1255]",0,100,[],"",0,"",[],1,"","",1,"","[905,912]","[2,1]","",""
708,"chaos-savagespear",[426],3,3,56,1,[905],"",[1],[],"[1257,1254,1255]",0,100,[],"",0,"",[],1,"","",1,"","[905,912]","[2,1]","",""
709,"chaos-savagestalker",[0],3,3,24,1,[],"",[1],[],"[1257,1254,1255]",0,100,[],"",0,"",[],1,"","",1,"","[904,901,902,912]","[6,1,1,1,1]","",""
710,"chaos-savagegiant",[426],2,3,53,1,[912],"",[1],[],"[1257,1254,1258]",0,100,[],"",0,"",[],1,"","",1,"",[912],[1],"",""
711,"chaos-bonerabblemelee",[426],4,5,0,0,[],"",[1],[],"[1257,1254,1253,1081]",0,100,[],"",0,"",[],1,"","",1,"","[944,945]","[1,1]","",""
712,"chaos-bonerabblecaster",[426],3,4,100,1,[944],"",[1],[],"[1257,1254,1253,1081]",0,100,[],"",0,"",[],1,"","",1,"",[944],[1],"",""
713,"chaos-bonerabbleranger",[426],3,4,100,1,[945],"",[1],[],"[1257,1254,1253,1081]",0,100,[],"",0,"",[],1,"","",1,"",[945],[1],"",""
714,"chaos-ratmonster",[426],5,7,0,0,[],"",[1],[],"[1256,1255,1257]",0,100,[],"",0,"",[],1,"","",1,"",[],[],"",""
715,"chaos-bladestalkerpale",[426],2,3,32,1,[930],"",[1],[],"[1258,1254,1257]",0,100,[],"",0,"",[],1,"","",1,"",[930],[1],"",""
716,"chaos-constructpyramid",[0],3,5,10,1,[1043],"",[1],[],[74],0,100,[],"",0,"",[],1,"","",1,"",[1043],[1],"",""
717,"chaos-constructgolemancient",[426],3,4,42,1,[1047],"",[1],[],"[1254,1257]",0,100,[],"",0,"",[],1,"","",1,"",[1047],[1],"",""
718,"chaos-undeadvaalguard-dagger",[426],3,4,36,1,[1063],"",[1],[],"[1254,1257]",0,100,[],"",0,"",[],1,"","",1,"",[1063],[1],"",""
719,"chaos-undeadvaalguard-spear",[426],3,4,10,1,[1065],"",[1],[],"[1254,1257]",0,100,[],"",0,"",[],1,"","",1,"",[1065],[1],"",""
720,"chaos-undeadvaalguard-mortar",[0],3,4,10,1,[1064],"",[1],[],"[1254,1257]",0,100,[],"",0,"",[],1,"","",1,"",[1064],[1],"",""
721,"chaos-constrictorcorpseranged",[426],3,4,8,1,[985],"",[1],[],"[1257,1255,1256]",0,100,[],"",0,"",[],1,"","",1,"",[985],[1],"",""
722,"chaos-kelpdreg",[426],3,4,100,1,"[1273,1275]","",[1],[],"[1253,1257]",0,100,[],"",0,"",[],1,"","",1,"","[1273,1275]","[1,1]","",""
723,"chaos-drownedcrewfigurehead",[426],2,3,100,1,[1194],"",[1],[],"[1253,1257]",0,100,[],"",0,"",[],1,"","",1,"","[1194,1257]","[1,1]","",""
724,"chaos-drownedcrewanchorman",[426],2,3,100,1,[1270],"",[1],[],"[1253,1257]",0,100,[],"",0,"",[],1,"","",1,"",[1270],[1],"",""
725,"chaos-manowar",[426],2,3,8,1,[1259],"",[1],[],"[1253,1257]",0,100,[],"",0,"",[],1,"","",1,"",[1259],[1],"",""
726,"chaos-gullharpy",[426],3,4,10,1,[1298],"",[1],[],"[1253,1257]",0,100,[],"",0,"",[],1,"","",1,"",[1298],[1],"",""
727,"chaos-crawgull",[426],5,6,14,1,[1294],"",[1],[],"[1253,1257]",0,100,[],"",0,"",[],1,"","",1,"",[1294],[1],"",""
728,"chaos-gullmen",[426],2,3,100,1,[1290],"",[1],[],"[1253,1257]",0,100,[],"",0,"",[],1,"","",1,"",[1290],[1],"",""
729,"chaos-fleshpickedskeletonvulture",[426],3,4,50,1,[839],"",[1],[],"[1253,1257,1258]",0,100,[],"",0,"",[],1,"","",1,"",[839],[1],"",""
730,"chaos-drownedcrewbarrel",[426],3,3,100,1,[1263],"",[1],[],"[1253,1257]",0,100,[],"",0,"",[],1,"","",1,"",[1263],[1],"",""
731,"chaos-drownedcrewcannon",[426],3,3,100,1,[1260],"",[1],[],"[1253,1257]",0,100,[],"",0,"",[],1,"","",1,"",[1260],[1],"",""
732,"chaos-drownedcrewgrenadier",[426],3,3,100,1,[1262],"",[1],[],"[1253,1257]",0,100,[],"",0,"",[],1,"","",1,"",[1262],[1],"",""
733,"chaos-torturezombie",[426],2,4,0,0,[],"",[1],[],"[1256,1255,1254]",0,100,[],"",0,"",[],1,"","",1,"",[1310],[1],"",""
734,"chaos-skeletonsnecromancer",[426],3,3,100,1,[1311],"",[1],[],"[1256,1255,1254]",0,100,[],"",0,"",[],1,"","",1,"",[1311],[1],"",""
735,"chaos-zombiesnecromancer",[426],3,3,100,1,[1311],"",[1],[],"[1256,1255,1254]",0,100,[],"",0,"",[],1,"","",1,"",[1311],[1],"",""
736,"chaos-skeletoncage",[426],3,3,100,1,[1309],"",[1],[],"[1256,1255,1254]",0,100,[],"",0,"",[],1,"","",1,"",[1309],[1],"",""
737,"chaos-stalkerguards",[426],3,5,0,0,[],"",[1],[],"[1256,1255,1254]",0,100,[],"",0,"",[],1,"","",1,"",[1335],[1],"",""
738,"chaos-palewalker1",[426],2,2,100,1,[1339],"",[1],[],"[1253,1257]",0,100,[],"",0,"",[],1,"","",1,"","[1339,1331,1332,1334]","[3,1,1,1]","",""
739,"chaos-palewalker2",[426],2,2,100,1,[1339],"",[1],[],"[1253,1257]",0,100,[],"",0,"",[],1,"","",1,"","[1339,1331,1332,1334]","[3,1,1,1]","",""
740,"chaos-palewalker3",[426],2,2,100,1,[1339],"",[1],[],"[1253,1257]",0,100,[],"",0,"",[],1,"","",1,"","[1339,1331,1332,1334]","[3,1,1,1]","",""
741,"chaos-palefisherman",[426],3,3,0,0,[],"",[1],[],"[1253,1257]",0,100,[],"",0,"",[],1,"","",1,"","[1339,1343]","[1,1]","",""
742,"chaos-coldquillcrabs",[426],3,3,100,1,[1354],"",[1],[],"[1253,1257,1255]",0,100,[],"",0,"",[],1,"","",1,"",[1354],[1],"",""
743,"chaos-tropicalrhoaelephant",[426],1,1,100,1,[1353],"",[1],[],"[1253,1257,1255]",0,100,[],"",0,"",[],1,"","",1,"",[1353],[1],"",""
744,"chaos-shellmonsterpoison",[426],3,5,0,0,[],"",[1],[],"[1253,1257,1255]",0,100,[],"",0,"",[],1,"","",1,"",[703],[1],"",""
745,"chaos-goblin1",[426],3,3,100,1,"[1380,1375,1367]","",[1],[],"[1257,1256,1254,1258]",0,100,[],"",0,"",[],1,"","",1,"","[1380,1375,1367]","[1,1,1]","",""
746,"chaos-goblin2",[426],3,3,100,1,"[1380,1375,1367]","",[1],[],"[1257,1256,1254,1258]",0,100,[],"",0,"",[],1,"","",1,"","[1380,1375,1367]","[1,1,1]","",""
747,"chaos-goblin3",[426],3,3,100,1,"[1380,1375,1367]","",[1],[],"[1257,1256,1254,1258]",0,100,[],"",0,"",[],1,"","",1,"","[1380,1375,1367]","[1,1,1]","",""
748,"chaos-goblin4",[426],3,3,100,1,"[1380,1375,1367]","",[1],[],"[1257,1256,1254,1258]",0,100,[],"",0,"",[],1,"","",1,"","[1380,1375,1367]","[1,1,1]","",""
749,"chaos-volcanicsaltquakegolem",[426],2,2,100,1,[1584],"",[1],[],"[1254,1258]",0,100,[],"",0,"",[],1,"","",1,"","[1584,1582]","[1,1]","",""
750,"chaos-magmaharpy",[426],3,5,0,0,[],"",[1],[],"[1254,1258]",0,100,[],"",0,"",[],1,"","",1,"",[1384],[1],"",""
751,"chaos-carrionwingstingray",[426],2,3,100,1,[1397],"",[1],[],"[1253,1257]",0,100,[],"",0,"",[],1,"","",1,"","[1404,1397]","[1,2]","",""
752,"chaos-jellyfishstarfish",[426],3,4,100,1,[1403],"",[1],[],"[1253,1257]",0,100,[],"",0,"",[],1,"","",1,"",[1403],[1],"",""
753,"chaos-leviathanprowlers",[426],2,2,30,1,[1407],"",[1],[],"[1253,1257]",0,100,[],"",0,"",[],1,"","",1,"",[1407],[1],"",""
754,"chaos-brinemaidenwhippers",[426],3,3,100,1,[1405],"",[1],[],"[1253,1257]",0,100,[],"",0,"",[],1,"","",1,"",[1405],[1],"",""
755,"chaos-karuituatara",[426],2,2,100,1,[1413],"",[1],[],"[1253,1257,1255]",0,100,[],"",0,"",[],1,"","",1,"",[1413],[1],"",""
756,"chaos-karuituatara2",[426],2,2,100,1,[1481],"",[1],[],"[1253,1257,1255]",0,100,[],"",0,"",[],1,"","",1,"",[1481],[1],"",""
757,"chaos-karuihallscaster",[426],2,3,100,1,[1411],"",[1],[],"[1253,1257,1255]",0,100,[],"",0,"",[],1,"","",1,"",[1411],[1],"",""
758,"chaos-karuihallshorn",[426],2,2,100,1,[1442],"",[1],[],"[1253,1257,1255]",0,100,[],"",0,"",[],1,"","",1,"",[1442],[1],"",""
759,"chaos-karuihallsarcher",[426],2,3,100,1,[1416],"",[1],[],"[1253,1257,1255]",0,100,[],"",0,"",[],1,"","",1,"",[1416],[1],"",""
760,"chaos-karuihallsfodder",[426],3,3,0,0,[],"",[1],[],"[1253,1257,1255]",0,100,[],"",0,"",[],1,"","",1,"","[1411,1442,1416]","[1,1,1]","",""
761,"chaos-twilightorderofficersoldier",[426],3,3,100,1,[862],"",[1],[],"[1255,1256,1254,1258]",0,100,[],"",0,"",[],1,"","",1,"",[862],[1],"",""
762,"chaos-twilightorderstigmata1",[426],3,4,100,1,"[1516,1580]","",[1],[],"[1255,1256,1254,1258]",0,100,[],"",0,"",[],1,"","",1,"","[1516,1580,1531]","[1,1,1]","",""
763,"chaos-twilightorderstigmata2",[426],3,4,100,1,"[1516,1580]","",[1],[],"[1255,1256,1254,1258]",0,100,[],"",0,"",[],1,"","",1,"","[1516,1580]","[1,1]","",""
764,"chaos-twilightorderstigmata3",[426],3,4,100,1,"[1516,1580]","",[1],[],"[1255,1256,1254,1258]",0,100,[],"",0,"",[],1,"","",1,"","[1516,1580]","[1,1]","",""
765,"chaos-twilightexcavator1",[426],3,3,100,1,[2319],"",[1],[],"[1255,1254,1258]",0,100,[],"",0,"",[],1,"","",1,"",[2319],[1],"",""
766,"chaos-twilightexcavator2",[426],3,3,100,1,[2315],"",[1],[],"[1255,1254,1258]",0,100,[],"",0,"",[],1,"","",1,"",[2315],[1],"",""
767,"chaos-twilightexcavator3",[426],3,3,100,1,[2318],"",[1],[],"[1255,1254,1258]",0,100,[],"",0,"",[],1,"","",1,"",[2318],[1],"",""
768,"chaos-bloodfeverdrunk",[426],3,3,100,1,[1452],"",[1],[],"[1253,1257,1255]",0,100,[],"",0,"",[],1,"","",1,"",[1452],[1],"",""
769,"chaos-bloodfeverpoi",[426],3,3,100,1,[1462],"",[1],[],"[1253,1257,1255]",0,100,[],"",0,"",[],1,"","",1,"",[1462],[1],"",""
770,"chaos-bloodfeverbloater",[426],2,2,100,1,[1480],"",[1],[],"[1253,1257,1255]",0,100,[],"",0,"",[],1,"","",1,"",[1480],[1],"",""
771,"chaos-bloodfevermedicine",[426],2,2,100,1,[1464],"",[1],[],"[1253,1257,1255]",0,100,[],"",0,"",[],1,"","",1,"",[1464],[1],"",""
772,"chaos-bloodfeverboars",[426],3,6,0,0,[],"",[1],[],"[1253,1257,1255]",0,100,[],"",0,"",[],1,"","",1,"",[1463],[1],"",""
773,"chaos-wasps",[426],4,5,100,1,[2198],"",[1],[],"[1257,1255,1256,1258]",0,100,[],"",0,"",[],1,"","",1,"",[2198],[1],"",""
774,"mapmod-chaos-undead1",[0],2,4,94,1,[150],"",[1],[],[],0,100,[],"",0,"",[],1,"","",1,"","[150,723]","[5,1]","",""
775,"mapmod-chaos-undead2",[0],2,4,100,1,[723],"",[1],[],[],0,100,[],"",0,"",[],1,"","",1,"","[723,1683]","[3,1]","",""
776,"mapmod-chaos-undead3",[0],2,4,100,1,[145],"",[1],[],[],0,100,[],"",0,"",[],1,"","",1,"",[145],[1],"",""
777,"mapmod-chaos-ezomyte1",[0],2,4,100,1,[417],"",[1],[],[],0,100,[],"",0,"",[],1,"","",1,"",[417],[1],"",""
778,"mapmod-chaos-faridun1",[0],2,4,100,1,[479],"",[1],[],[],0,100,[],"",0,"",[],1,"","",1,"",[479],[1],"",""
779,"mapmod-chaos-faridun2",[0],3,4,100,1,[1668],"",[1],[],[],0,100,[],"",0,"",[],1,"","",1,"",[1668],[1],"",""
780,"mapmod-chaos-vaal1",[0],2,4,100,1,"[1134,1121]","",[1],[],[],0,100,[],"",0,"",[],1,"","",1,"","[1134,1121]","[1,1]","",""
781,"mapmod-chaos-vaal2",[0],2,4,100,1,"[1119,1132]","",[1],[],[],0,100,[],"",0,"",[],1,"","",1,"","[1119,1132]","[1,1]","",""
782,"mapmod-chaos-vaal3",[0],2,4,100,1,"[1110,1123]","",[1],[],[],0,100,[],"",0,"",[],1,"","",1,"","[1110,1123]","[1,1]","",""
783,"mapmod-chaos-vaal4",[0],2,4,100,1,"[1115,1128]","",[1],[],[],0,100,[],"",0,"",[],1,"","",1,"","[1115,1128]","[1,1]","",""
784,"mapmod-chaos-vaal5",[0],2,4,100,1,"[1112,1125]","",[1],[],[],0,100,[],"",0,"",[],1,"","",1,"","[1112,1125]","[1,1]","",""
785,"mapmod-chaos-beasts1",[0],2,4,100,1,[258],"",[1],[],[],0,100,[],"",0,"",[],1,"","",1,"",[258],[1],"",""
786,"mapmod-chaos-beasts2",[0],2,2,100,1,[684],"",[1],[],[],0,100,[],"",0,"",[],1,"","",1,"",[684],[1],"",""
787,"mapmod-chaos-beasts3",[0],1,2,100,1,[988],"",[1],[],[],0,100,[],"",0,"",[],1,"","",1,"",[988],[1],"",""
788,"mapmod-chaos-baron1",[0],2,3,70,1,[157],"",[1],[],[],0,100,[],"",0,"",[],1,"","",1,"",[157],[1],"",""
789,"mapmod-chaos-baron2",[0],2,3,60,1,[161],"",[1],[],[],0,100,[],"",0,"",[],1,"","",1,"",[161],[1],"",""
790,"mapmod-chaos-baron3",[0],2,4,50,1,[163],"",[1],[],[],0,100,[],"",0,"",[],1,"","",1,"",[163],[1],"",""
791,"mapmod-chaos-perennial1",[0],2,3,0,0,[],"",[1],[],[],0,100,[],"",0,"",[],1,"","",1,"",[855],[1],"",""
792,"mapmod-chaos-perennial2",[0],4,6,100,1,[437],"",[1],[],[],0,100,[],"",0,"",[],1,"","",1,"",[437],[1],"",""
793,"mapmod-chaos-perennial3",[0],4,5,0,0,[],"",[1],[],[],0,100,[],"",0,"",[],1,"","",1,"",[],[],"",""
794,"mapmod-chaos-doryani1",[0],1,2,100,1,[1281],"",[1],[],[],0,100,[],"",0,"",[],1,"","",1,"","[1281,1146,1278,1288,1289]","[6,2,1,1,1]","",""
795,"mapmod-chaos-doryani2",[0],1,3,90,1,[1146],"",[1],[],[],0,100,[],"",0,"",[],1,"","",1,"","[1146,1278,1288,1289,1281]","[5,3,1,1,1]","",""
796,"mapmod-chaos-doryani3",[0],1,3,78,1,[1146],"",[1],[],[],0,100,[],"",0,"",[],1,"","",1,"","[1146,1278,1288,1289,1281]","[5,1,3,1,1]","",""
797,"mapmod-chaos-doryani4",[0],2,3,65,1,[1280],"",[1],[],[],0,100,[],"",0,"",[],1,"","",1,"",[1280],[1],"",""
798,"mapmod-chaos-bramble1",[0],1,3,0,0,[],"",[1],[],[],0,100,[],"",0,"",[],1,"","",1,"",[21],[1],"",""
799,"mapmod-chaos-bramble2",[0],3,4,100,1,[297],"",[1],[],[],0,100,[],"",0,"",[],1,"","",1,"",[297],[1],"",""
800,"mapmod-chaos-bramble3",[0],2,5,0,0,[],"",[1],[],[],0,100,[],"",0,"",[],1,"","",1,"",[25],[1],"",""
801,"unique-chaos-untainted-shellmonster",[340],5,9,20,1,[701],"",[1],[],[],0,100,[],"",45,"",[],1,"","",1,"",[701],[1],"",""
802,"unique-chaos-untainted-quillcrab",[340],6,8,20,1,[211],"",[1],[],[],0,100,[],"",45,"",[],1,"","",1,"",[211],[1],"",""
803,"unique-chaos-untainted-bramblemonke",[340],6,7,100,1,[297],"",[1],[],[],0,100,[],"",0,"",[],1,"","",1,"",[297],[1],"",""
804,"unique-chaos-untainted-bramblerhoas",[340],4,7,10,1,[25],"",[1],[],[],0,100,[],"",0,"",[],1,"","",1,"",[25],[1],"",""
805,"unique-chaos-untainted-brambleburrowers",[340],2,3,0,0,[],"",[1],[],[],0,100,[],"",60,"",[],1,"","",1,"",[21],[1],"",""
806,"breach-neutral",[0],2,3,0,0,[],"",[15],[],[],0,100,[],"",0,"",[],1,"","",1,"",[1883],[1],"",""
807,"breach-chaos",[0],1,2,50,1,[1769],"",[1],[],[],0,100,[],"",0,"",[],1,"","",1,"",[1769],[1],"",""
808,"breach-physical",[0],1,2,50,1,[1770],"",[1],[],[],0,100,[],"",0,"",[],1,"","",1,"",[1770],[1],"",""
809,"breach-cold",[0],2,3,50,1,[1774],"",[1],[],[],0,100,[],"",0,"",[],1,"","",1,"",[1774],[1],"",""
810,"breach-fire",[0],1,2,50,1,[1879],"",[1],[],[],0,100,[],"",0,"",[],1,"","",1,"",[1879],[1],"",""
811,"breach-lightning",[0],2,3,50,1,[1886],"",[1],[],[],0,100,[],"",0,"",[],1,"","",1,"",[1886],[1],"",""
812,"breach-neutral-endgame",[409],2,4,0,0,[],"",[8],[],[],0,100,[],"",0,"",[],1,"","",1,"",[1883],[1],"",""
813,"breach-chaos-endgame","[409,412,411]",1,2,100,1,[1769],"",[1],[],[],0,100,[],"",0,"",[],1,"","",1,"",[1769],[1],"",""
814,"breach-physical-endgame","[409,412,411]",1,2,100,1,[1770],"",[1],[],[],0,100,[],"",0,"",[],1,"","",1,"",[1770],[1],"",""
815,"breach-cold-endgame","[409,412,411]",2,3,100,1,[1774],"",[1],[],[],0,100,[],"",0,"",[],1,"","",1,"",[1774],[1],"",""
816,"breach-fire-endgame","[409,412,411]",1,2,100,1,[1879],"",[1],[],[],0,100,[],"",0,"",[],1,"","",1,"",[1879],[1],"",""
817,"breach-lightning-endgame","[409,412,411]",2,2,100,1,[1886],"",[1],[],[],0,100,[],"",0,"",[],1,"","",1,"",[1886],[1],"",""
818,"breach-bat-emerge",[409],2,3,0,0,[],"",[2],[],[],0,100,[],"",0,"",[],1,"","",1,"",[1883],[1],"",""
819,"deliriumdemonpack1-bigclaws",[0],1,2,100,1,[1780],"",[0],[],[],0,100,[],"",0,"",[],1,"","deli_pack",1,"",[1780],[1],"",""
820,"deliriumdemonpack1-bigclaws-mirror",[0],2,3,100,1,[1780],"",[0],[],[],0,100,[],"",0,"",[],1,"","deli_pack",1,"",[1780],[1],"",""
821,"deliriumdemonpack1-bigclaws-mirror-elite1",[0],2,3,100,1,"[2678,2679,2676,2677,2680]","",[0],[],[],0,100,[],"",0,"",[],1,"","deli_pack",1,"","[1780,2678,2679,2676,2677,2680]","[5,1,1,1,1,1]","",""
822,"deliriumdemonpack1-bigclaws-mirror-elite2",[0],2,2,100,2,"[2678,2679,2676,2677,2680]","",[0],[],[],0,100,[],"",0,"",[],1,"","deli_pack",1,"","[2678,2679,2676,2677,2680]","[1,1,1,1,1]","",""
823,"deliriumdemonpack1-bigclaws-mirror-elite3",[0],1,2,100,3,"[2678,2679,2676,2677,2680]","",[0],[],[],0,100,[],"",0,"",[],1,"","deli_pack",1,"","[2678,2679,2676,2677,2680]","[1,1,1,1,1]","",""
824,"deliriumdemonpack1-bigclaws-mirror-elite4",[0],1,1,100,4,"[2678,2679,2676,2677,2680]","",[0],[],[],0,100,[],"",0,"",[],1,"","deli_pack",1,"","[2678,2679,2676,2677,2680]","[1,1,1,1,1]","",""
825,"deliriumdemonpack1-bigclaws-mirror-elite5",[0],0,0,100,5,"[2678,2679,2676,2677,2680]","",[0],[],[],0,100,[],"",0,"",[],1,"","deli_pack",1,"","[2678,2679,2676,2677,2680]","[1,1,1,1,1]","",""
826,"deliriumdemonpack2-bigranged",[0],1,2,100,1,[1788],"",[0],[],[],0,100,[],"",0,"",[],1,"","deli_pack",1,"",[1788],[1],"",""
827,"deliriumdemonpack2-bigranged-mirror",[0],2,3,100,1,[1788],"",[0],[],[],0,100,[],"",0,"",[],1,"","deli_pack",1,"",[1788],[1],"",""
828,"deliriumdemonpack2-bigranged-mirror-elite1",[0],2,3,100,1,"[2678,2679,2676,2677,2680]","",[0],[],[],0,100,[],"",0,"",[],1,"","deli_pack",1,"","[1788,2678,2679,2676,2677,2680]","[5,1,1,1,1,1]","",""
829,"deliriumdemonpack2-bigranged-mirror-elite2",[0],2,2,100,2,"[2678,2679,2676,2677,2680]","",[0],[],[],0,100,[],"",0,"",[],1,"","deli_pack",1,"","[2678,2679,2676,2677,2680]","[1,1,1,1,1]","",""
830,"deliriumdemonpack2-bigranged-mirror-elite3",[0],1,2,100,3,"[2678,2679,2676,2677,2680]","",[0],[],[],0,100,[],"",0,"",[],1,"","deli_pack",1,"","[2678,2679,2676,2677,2680]","[1,1,1,1,1]","",""
831,"deliriumdemonpack2-bigranged-mirror-elite4",[0],1,1,100,4,"[2678,2679,2676,2677,2680]","",[0],[],[],0,100,[],"",0,"",[],1,"","deli_pack",1,"","[2678,2679,2676,2677,2680]","[1,1,1,1,1]","",""
832,"deliriumdemonpack2-bigranged-mirror-elite5",[0],0,0,100,5,"[2678,2679,2676,2677,2680]","",[0],[],[],0,100,[],"",0,"",[],1,"","deli_pack",1,"","[2678,2679,2676,2677,2680]","[1,1,1,1,1]","",""
833,"deliriumdemonpack3-tankspikes",[0],1,2,100,1,[1784],"",[0],[],[],0,100,[],"",0,"",[],1,"","deli_pack",1,"",[1784],[1],"",""
834,"deliriumdemonpack3-tankspikes-mirror",[0],2,3,100,1,[1784],"",[0],[],[],0,100,[],"",0,"",[],1,"","deli_pack",1,"",[1784],[1],"",""
835,"deliriumdemonpack3-tankspikes-mirror-elite1",[0],2,3,100,1,"[2678,2679,2676,2677,2680]","",[0],[],[],0,100,[],"",0,"",[],1,"","deli_pack",1,"","[1784,2678,2679,2676,2677,2680]","[5,1,1,1,1,1]","",""
836,"deliriumdemonpack3-tankspikes-mirror-elite2",[0],2,2,100,2,"[2678,2679,2676,2677,2680]","",[0],[],[],0,100,[],"",0,"",[],1,"","deli_pack",1,"","[2678,2679,2676,2677,2680]","[1,1,1,1,1]","",""
837,"deliriumdemonpack3-tankspikes-mirror-elite3",[0],1,2,100,3,"[2678,2679,2676,2677,2680]","",[0],[],[],0,100,[],"",0,"",[],1,"","deli_pack",1,"","[2678,2679,2676,2677,2680]","[1,1,1,1,1]","",""
838,"deliriumdemonpack3-tankspikes-mirror-elite4",[0],1,1,100,4,"[2678,2679,2676,2677,2680]","",[0],[],[],0,100,[],"",0,"",[],1,"","deli_pack",1,"","[2678,2679,2676,2677,2680]","[1,1,1,1,1]","",""
839,"deliriumdemonpack3-tankspikes-mirror-elite5",[0],0,0,100,5,"[2678,2679,2676,2677,2680]","",[0],[],[],0,100,[],"",0,"",[],1,"","deli_pack",1,"","[2678,2679,2676,2677,2680]","[1,1,1,1,1]","",""
840,"ultimatum-jaguar",[0],3,4,66,1,[1719],"",[1],[],[],65,100,[],"",0,1,[],1,"","",1,"",[1719],[1],"",""
841,"ultimatum-jaguar-low",[0],2,3,66,1,[1719],"",[1],[],[],0,64,[],"",0,1,[],1,"","",1,"",[1719],[1],"",""
842,"ultimatum-triheadbat",[0],3,4,66,1,[1721],"",[1],[],[],65,100,[],"",0,1,[],1,"","",1,"",[1721],[1],"",""
843,"ultimatum-triheadbat-low",[0],2,3,66,1,[1721],"",[1],[],[],0,64,[],"",0,1,[],1,"","",1,"",[1721],[1],"",""
844,"ultimatum-gorilla",[0],3,4,66,1,[1724],"",[1],[],[],65,100,[],"",0,1,[],1,"","",1,"",[1724],[1],"",""
845,"ultimatum-gorilla-low",[0],2,3,66,1,[1724],"",[1],[],[],0,64,[],"",0,1,[],1,"","",1,"",[1724],[1],"",""
846,"ultimatum-triceratops",[0],3,4,66,1,[1727],"",[1],[],[],65,100,[],"",0,1,[],1,"","",1,"",[1727],[1],"",""
847,"ultimatum-triceratops-low",[0],2,3,66,1,[1727],"",[1],[],[],0,64,[],"",0,1,[],1,"","",1,"",[1727],[1],"",""
848,"ultimatum-triheadlizard",[0],3,4,66,1,[1907],"",[1],[],[],65,100,[],"",0,1,[],1,"","",1,"",[1907],[1],"",""
849,"ultimatum-triheadlizard-low",[0],2,3,66,1,[1907],"",[1],[],[],0,64,[],"",0,1,[],1,"","",1,"",[1907],[1],"",""
850,"ultimatum-VaalZealotsAtziriMelee",[0],3,5,0,0,[],"",[1],[],[],65,100,[],"",0,1,[],1,"","",1,"","[2016,2026,2036,2016]","[3,3,1,1]","",""
851,"ultimatum-VaalZealotsAtziriMelee-low",[0],2,4,0,0,[],"",[1],[],[],0,64,[],"",0,1,[],1,"","",1,"","[2016,2026,2036,2016]","[3,3,1,1]","",""
852,"ultimatum-VaalZealotsAtziriCaster",[0],3,5,0,0,[],"",[1],[],[],65,100,[],"",0,1,[],1,"","",1,"","[2016,2026,2036,2016]","[1,1,3,3]","",""
853,"ultimatum-VaalZealotsAtziriCaster-low",[0],2,4,0,0,[],"",[1],[],[],0,64,[],"",0,1,[],1,"","",1,"","[2016,2026,2036,2016]","[1,1,3,3]","",""
854,"ultimatum-VaalZealotsLightningMelee",[0],3,5,0,0,[],"",[1],[],[],65,100,[],"",0,1,[],1,"","",1,"","[2024,2034,2044,2024]","[3,3,1,1]","",""
855,"ultimatum-VaalZealotsLightningMelee-low",[0],2,4,0,0,[],"",[1],[],[],0,64,[],"",0,1,[],1,"","",1,"","[2024,2034,2044,2024]","[3,3,1,1]","",""
856,"ultimatum-VaalZealotsLightningCaster",[0],3,5,0,0,[],"",[1],[],[],65,100,[],"",0,1,[],1,"","",1,"","[2024,2034,2044,2024]","[1,1,3,3]","",""
857,"ultimatum-VaalZealotsLightningCaster-low",[0],2,4,0,0,[],"",[1],[],[],0,64,[],"",0,1,[],1,"","",1,"","[2024,2034,2044,2024]","[1,1,3,3]","",""
858,"ultimatum-VaalZealotsSerpentMelee",[0],3,5,0,0,[],"",[1],[],[],65,100,[],"",0,1,[],1,"","",1,"","[2018,2028,2038,2018]","[3,3,1,1]","",""
859,"ultimatum-VaalZealotsSerpentMelee-low",[0],2,4,0,0,[],"",[1],[],[],0,64,[],"",0,1,[],1,"","",1,"","[2018,2028,2038,2018]","[3,3,1,1]","",""
860,"ultimatum-VaalZealotsSerpentCaster",[0],3,5,0,0,[],"",[1],[],[],65,100,[],"",0,1,[],1,"","",1,"","[2018,2028,2038,2018]","[1,1,3,3]","",""
861,"ultimatum-VaalZealotsSerpentCaster-low",[0],2,4,0,0,[],"",[1],[],[],0,64,[],"",0,1,[],1,"","",1,"","[2018,2028,2038,2018]","[1,1,3,3]","",""
862,"ultimatum-VaalZealotsMonkeyMelee",[0],3,5,0,0,[],"",[1],[],[],65,100,[],"",0,1,[],1,"","",1,"","[2020,2030,2040,2020]","[3,3,1,1]","",""
863,"ultimatum-VaalZealotsMonkeyMelee-low",[0],2,4,0,0,[],"",[1],[],[],0,64,[],"",0,1,[],1,"","",1,"","[2020,2030,2040,2020]","[3,3,1,1]","",""
864,"ultimatum-VaalZealotsMonkeyCaster",[0],3,5,0,0,[],"",[1],[],[],65,100,[],"",0,1,[],1,"","",1,"","[2020,2030,2040,2020]","[1,1,3,3]","",""
865,"ultimatum-VaalZealotsMonkeyCaster-low",[0],2,4,0,0,[],"",[1],[],[],0,64,[],"",0,1,[],1,"","",1,"","[2020,2030,2040,2020]","[1,1,3,3]","",""
866,"ultimatum-VaalZealotsSunMelee",[0],3,5,0,0,[],"",[1],[],[],65,100,[],"",0,1,[],1,"","",1,"","[2022,2032,2042,2022]","[3,3,1,1]","",""
867,"ultimatum-VaalZealotsSunMelee-low",[0],2,4,0,0,[],"",[1],[],[],0,64,[],"",0,1,[],1,"","",1,"","[2022,2032,2042,2022]","[3,3,1,1]","",""
868,"ultimatum-VaalZealotsSunCaster",[0],3,5,0,0,[],"",[1],[],[],65,100,[],"",0,1,[],1,"","",1,"","[2022,2032,2042,2022]","[1,1,3,3]","",""
869,"ultimatum-VaalZealotsSunCaster-low",[0],2,4,0,0,[],"",[1],[],[],0,64,[],"",0,1,[],1,"","",1,"","[2022,2032,2042,2022]","[1,1,3,3]","",""
870,"ultimatum-bloodbatherswordshield",[0],2,3,75,1,[2068],"",[1],[],[],65,100,[],"",0,1,[],1,"","",1,"",[2068],[1],"",""
871,"ultimatum-bloodbatherswordshield-low",[0],2,3,50,1,[2068],"",[1],[],[],0,64,[],"",0,1,[],1,"","",1,"",[2068],[1],"",""
872,"ultimatum-bloodbatherdualwieldflail",[0],2,3,75,1,[2068],"",[1],[],[],65,100,[],"",0,1,[],1,"","",1,"",[2068],[1],"",""
873,"ultimatum-bloodbatherdualwieldflail-low",[0],2,3,50,1,[2068],"",[1],[],[],0,64,[],"",0,1,[],1,"","",1,"",[2068],[1],"",""
874,"ultimatum-bloodbatherspearsmace",[0],2,3,75,1,[2068],"",[1],[],[],65,100,[],"",0,1,[],1,"","",1,"",[2068],[1],"",""
875,"ultimatum-bloodbatherspearsmace-low",[0],2,3,50,1,[2068],"",[1],[],[],0,64,[],"",0,1,[],1,"","",1,"",[2068],[1],"",""
876,"ritual-dryads-funguszombies",[0],3,5,100,1,[1912],"",[1],[],[],0,100,[],"",0,"",[],1,"","",1,"",[1912],[1],"",""
877,"ritual-dryads-splithooks",[0],2,5,100,1,[1915],"",[1],[],[],0,100,[],"",0,"",[],1,"","",1,"",[1915],[1],"",""
878,"ritual-dryads-twigmonsters-behemoth",[0],0,0,0,0,[],"",[1],[],[],0,100,[],"",0,"",[],"","","",1,"",[1919],[1],"",""
879,"ritual-dryads-twigmonsters",[0],2,4,0,0,[],"",[1],[],[],0,100,[],"",0,"",[],1,"","",1,"","[1923,1925]","[1,1]","",""
880,"ritual-dryads-stag",[0],0,0,0,0,[],"",[1],[],[],0,100,[],"",0,"",[],"","","",1,"",[1927],[1],"",""
881,"ritual-demons-rats",[0],3,6,50,1,[1938],"",[1],[],[],0,100,[],"",0,"",[],1,"","",1,"",[1938],[1],"",""
882,"ritual-demons-rhoa",[0],2,3,50,1,[1938],"",[1],[],[],0,100,[],"",0,"",[],1,"","",1,"","[1938,1933]","[1,1]","",""
883,"ritual-demons-hulk",[0],3,6,100,1,[1940],"",[1],[],[],0,100,[],"",0,"",[],1,"","",1,"",[1940],[1],"",""
884,"ritual-demons-dweller",[0],2,3,100,1,[1929],"",[1],[],[],0,100,[],"",0,"",[],1,"","",1,"","[1929,1931]","[3,1]","",""
885,"ritual-canopy-bow",[0],2,3,100,1,[1960],"",[1],[],[],0,100,[],"",0,"",[],1,"","",1,"",[1960],[1],"",""
886,"ritual-canopy-melee",[0],3,5,0,0,[],"",[1],[],[],0,100,[],"",0,"",[],1,"","",1,"",[1956],[1],"",""
887,"ritual-canopy-staff",[0],3,6,0,0,[],"",[1],[],[],0,100,[],"",0,"",[],1,"","",1,"","[1968,1960,1956]","[1,1,1]","",""
888,"ritual-canopy-elite",[0],1,3,0,0,[],"",[1],[],[],0,100,[],"",0,"",[],1,"","",1,"","[1968,1960,1956]","[1,1,1]","",""
889,"ritual-crux-bow",[413],2,3,100,1,[1960],"",[1],[],[],0,100,[],"",0,"",[],1,"","",1,"",[1960],[1],"",""
890,"ritual-crux-melee",[413],3,5,0,0,[],"",[1],[],[],0,100,[],"",0,"",[],1,"","",1,"",[1956],[1],"",""
891,"ritual-crux-staff",[413],3,6,0,0,[],"",[1],[],[],0,100,[],"",0,"",[],1,"","",1,"","[1968,1960,1956]","[1,1,1]","",""
892,"ritual-crux-elite",[413],1,3,0,0,[],"",[1],[],[],0,100,[],"",0,"",[],1,"","",1,"","[1968,1960,1956]","[1,1,1]","",""
893,"beyond-demon-fodder1",[0],3,4,0,0,[],"",[1],[],[],0,100,[],"",0,1,[],1,"","",1,"","[1985,1987]","[1,1]","",""
894,"beyond-demon-fodder2",[0],3,4,0,0,[],"",[1],[],[],0,100,[],"",0,1,[],1,"","",1,"","[1985,1987]","[1,1]","",""
895,"beyond-demon-fodder3",[0],3,4,0,0,[],"",[1],[],[],0,100,[],"",0,1,[],1,"","",1,"","[1985,1987]","[1,1]","",""
896,"beyond-demon-elite1",[0],3,4,100,1,"[1985,1987]","",[1],[],[],0,100,[],"",0,1,[],1,"","",1,"","[1985,1987]","[1,1]","",""
897,"beyond-demon-elite2",[0],3,4,100,1,"[1985,1987]","",[1],[],[],0,100,[],"",0,1,[],1,"","",1,"","[1985,1987]","[1,1]","",""
898,"beyond-flesh-fodder1",[0],2,4,0,0,[],"",[1],[],[],0,100,[],"",0,1,[],1,"","",1,"","[2001,1998]","[1,1]","",""
899,"beyond-flesh-fodder2",[0],3,4,0,0,[],"",[1],[],[],0,100,[],"",0,1,[],1,"","",1,"","[2001,1998]","[1,1]","",""
900,"beyond-flesh-fodder3",[0],3,4,0,0,[],"",[1],[],[],0,100,[],"",0,1,[],1,"","",1,"","[2001,1998]","[1,1]","",""
901,"beyond-flesh-elite1",[0],3,3,100,1,"[2001,1998]","",[1],[],[],0,100,[],"",0,1,[],1,"","",1,"","[2001,1998]","[1,1]","",""
902,"beyond-flesh-elite2",[0],3,4,100,1,"[2001,1998]","",[1],[],[],0,100,[],"",0,1,[],1,"","",1,"","[2001,1998]","[1,1]","",""
903,"beyond-flesh-elite3",[0],3,4,100,1,"[2001,1998]","",[1],[],[],0,100,[],"",0,1,[],1,"","",1,"","[2001,1998]","[1,1]","",""
904,"beyond-pale-fodder1",[0],2,5,0,0,[],"",[1],[],[],0,100,[],"",0,1,[],1,"","",1,"","[2011,2013]","[1,1]","",""
905,"beyond-pale-fodder2",[0],2,5,0,0,[],"",[1],[],[],0,100,[],"",0,1,[],1,"","",1,"","[2011,2013]","[1,1]","",""
906,"beyond-pale-fodder3",[0],2,5,0,0,[],"",[1],[],[],0,100,[],"",0,1,[],1,"","",1,"","[2011,2013]","[1,1]","",""
907,"beyond-pale-elite1",[0],3,4,100,1,"[2011,2013]","",[1],[],[],0,100,[],"",0,1,[],1,"","",1,"","[2011,2013]","[1,1]","",""
908,"beyond-pale-elite2",[0],3,4,100,1,"[2011,2013]","",[1],[],[],0,100,[],"",0,1,[],1,"","",1,"","[2011,2013]","[1,1]","",""
909,"strongbox-beyond-demon-fodder1",[0],3,4,0,0,[],"",[1],[],[],0,100,[],"",0,1,[],1,"","",1,"","[1986,1988]","[1,1]","",""
910,"strongbox-beyond-demon-fodder2",[0],3,4,0,0,[],"",[1],[],[],0,100,[],"",0,1,[],1,"","",1,"","[1986,1988]","[1,1]","",""
911,"strongbox-beyond-demon-fodder3",[0],3,4,0,0,[],"",[1],[],[],0,100,[],"",0,1,[],1,"","",1,"","[1986,1988]","[1,1]","",""
912,"strongbox-beyond-demon-elite1",[0],3,4,100,1,"[1986,1988]","",[1],[],[],0,100,[],"",0,1,[],1,"","",1,"","[1986,1988]","[1,1]","",""
913,"strongbox-beyond-demon-elite2",[0],3,4,100,1,"[1986,1988]","",[1],[],[],0,100,[],"",0,1,[],1,"","",1,"","[1986,1988]","[1,1]","",""
914,"strongbox-beyond-flesh-fodder1",[0],2,4,0,0,[],"",[1],[],[],0,100,[],"",0,1,[],1,"","",1,"","[1999,2002]","[1,1]","",""
915,"strongbox-beyond-flesh-fodder2",[0],3,4,0,0,[],"",[1],[],[],0,100,[],"",0,1,[],1,"","",1,"","[1999,2002]","[1,1]","",""
916,"strongbox-beyond-flesh-fodder3",[0],3,4,0,0,[],"",[1],[],[],0,100,[],"",0,1,[],1,"","",1,"","[1999,2002]","[1,1]","",""
917,"strongbox-beyond-flesh-elite1",[0],3,3,100,1,"[1999,2002]","",[1],[],[],0,100,[],"",0,1,[],1,"","",1,"","[1999,2002]","[1,1]","",""
918,"strongbox-beyond-flesh-elite2",[0],3,4,100,1,"[1999,2002]","",[1],[],[],0,100,[],"",0,1,[],1,"","",1,"","[1999,2002]","[1,1]","",""
919,"strongbox-beyond-flesh-elite3",[0],3,4,100,1,"[1999,2002]","",[1],[],[],0,100,[],"",0,1,[],1,"","",1,"","[1999,2002]","[1,1]","",""
920,"strongbox-beyond-pale-fodder1",[0],2,5,0,0,[],"",[1],[],[],0,100,[],"",0,1,[],1,"","",1,"","[2012,2014]","[1,1]","",""
921,"strongbox-beyond-pale-fodder2",[0],2,5,0,0,[],"",[1],[],[],0,100,[],"",0,1,[],1,"","",1,"","[2012,2014]","[1,1]","",""
922,"strongbox-beyond-pale-fodder3",[0],2,5,0,0,[],"",[1],[],[],0,100,[],"",0,1,[],1,"","",1,"","[2012,2014]","[1,1]","",""
923,"strongbox-beyond-pale-elite1",[0],3,4,100,1,"[2012,2014]","",[1],[],[],0,100,[],"",0,1,[],1,"","",1,"","[2012,2014]","[1,1]","",""
924,"strongbox-beyond-pale-elite2",[0],3,4,100,1,"[2012,2014]","",[1],[],[],0,100,[],"",0,1,[],1,"","",1,"","[2012,2014]","[1,1]","",""
925,"strongbox-graveskeletonmixed",[0],2,6,62,1,[],"",[1],[],[],0,100,[],"",0,1,[],1,"","",1,"",[],[1],"",""
926,"strongbox-skeletalknight",[0],3,5,0,0,[1657],"",[1],[],[],0,100,[],"",0,1,[],1,"","",1,"",[1657],[1],"",""
927,"strongbox-skeletalreaper",[0],3,5,0,0,[],"",[1],[],[],0,100,[],"",0,1,[],1,"","",1,"",[1660],[1],"",""
928,"strongbox-deathknightgrave",[0],3,5,100,1,[275],"",[1],[],[],0,100,[],"",0,1,[],1,"","",1,"",[277],[1],"",""
929,"strongbox-coldwraithgrave",[0],2,4,100,1,[148],"",[1],[],[],0,100,[],"",0,1,[],1,"","",1,"",[148],[1],"",""
930,"strongbox-lightningwraithgrave",[0],2,4,100,1,[152],"",[1],[],[],0,100,[],"",0,1,[],1,"","",1,"",[152],[1],"",""
931,"strongbox-golemancer",[0],2,4,100,1,[724],"",[1],[],[],0,100,[],"",0,1,[],1,"","",1,"",[724],[1],"",""
932,"strongbox-bloodcretincourtesan",[0],3,6,100,1,[268],"",[1],[],[],0,100,[],"",0,1,[],1,"","",1,"",[268],[1],"",""
933,"strongbox-ghoulcommander",[0],2,4,100,1,[299],"",[1],[],[],0,100,[],"",0,1,[],1,"","",1,"",[299],[1],"",""
934,"strongbox-werewolfprowler",[0],2,5,100,1,[259],"",[1],[],[],0,100,[],"",0,1,[],1,"","",1,"",[259],[1],"",""
935,"encases-logbook-monsters",[372],3,4,0,0,[],"",[1],[],[],0,100,[],"",60,1,[],1,"","",1,"",[],[],"",""
936,"vaalstrongbox-jaguar",[0],3,4,80,1,[1720],"",[5],[],[],0,100,[],"",0,1,[],1,"","",1,"",[1720],[1],"",""
937,"vaalstrongbox-triheadbat",[0],3,4,80,1,[1723],"",[5],[],[],0,100,[],"",0,1,[],1,"","",1,"",[1723],[1],"",""
938,"vaalstrongbox-gorilla",[0],3,4,80,1,[1726],"",[5],[],[],0,100,[],"",0,1,[],1,"","",1,"",[1726],[1],"",""
939,"vaalstrongbox-triceratops",[0],3,4,80,1,[1728],"",[5],[],[],0,100,[],"",0,1,[],1,"","",1,"",[1728],[1],"",""
940,"vaalstrongbox-triheadlizard",[0],3,4,80,1,[1908],"",[5],[],[],0,100,[],"",0,1,[],1,"","",1,"",[1908],[1],"",""
941,"vaalstrongbox-zealotsmeleeblood",[0],3,4,0,0,[],"",[1],[],[],0,100,[],"",0,1,[],1,"","",1,"","[2017,2027,2037,2017]","[3,3,1,1]","",""
942,"vaalstrongbox-zealotscasterblood",[0],3,4,0,0,[],"",[1],[],[],0,100,[],"",0,1,[],1,"","",1,"","[2017,2027,2037,2017]","[1,1,3,3]","",""
943,"vaalstrongbox-zealotsmeleelightning",[0],3,4,0,0,[],"",[1],[],[],0,100,[],"",0,1,[],1,"","",1,"","[2025,2035,2045,2025]","[3,3,1,1]","",""
944,"vaalstrongbox-zealotscasterlightning",[0],3,4,0,0,[],"",[1],[],[],0,100,[],"",0,1,[],1,"","",1,"","[2025,2035,2045,2025]","[1,1,3,3]","",""
945,"vaalstrongbox-zealotsmeleechaos",[0],3,4,0,0,[],"",[1],[],[],0,100,[],"",0,1,[],1,"","",1,"","[2019,2029,2039,2019]","[3,3,1,1]","",""
946,"vaalstrongbox-zealotscasterchaos",[0],3,4,0,0,[],"",[1],[],[],0,100,[],"",0,1,[],1,"","",1,"","[2019,2029,2039,2019]","[1,1,3,3]","",""
947,"vaalstrongbox-zealotsmeleecold",[0],3,4,0,0,[],"",[1],[],[],0,100,[],"",0,1,[],1,"","",1,"","[2021,2031,2041,2021]","[3,3,1,1]","",""
948,"vaalstrongbox-zealotscastercold",[0],3,4,0,0,[],"",[1],[],[],0,100,[],"",0,1,[],1,"","",1,"","[2021,2031,2041,2021]","[1,1,3,3]","",""
949,"vaalstrongbox-zealotsmeleefire",[0],3,4,0,0,[],"",[1],[],[],0,100,[],"",0,1,[],1,"","",1,"","[2023,2033,2043,2023]","[3,3,1,1]","",""
950,"vaalstrongbox-zealotscasterfire",[0],3,4,0,0,[],"",[1],[],[],0,100,[],"",0,1,[],1,"","",1,"","[2023,2033,2043,2023]","[1,1,3,3]","",""
951,"vaalstrongbox-bloodbatherswordshield",[0],2,3,80,1,[2069],"",[1],[],[],0,100,[],"",0,1,[],1,"","",1,"",[2069],[1],"",""
952,"vaalstrongbox-bloodbatherdualwieldflail",[0],2,3,80,1,[2069],"",[1],[],[],0,100,[],"",0,1,[],1,"","",1,"",[2069],[1],"",""
953,"vaalstrongbox-bloodbatherspearsmace",[0],2,3,80,1,[2069],"",[1],[],[],0,100,[],"",0,1,[],1,"","",1,"",[2069],[1],"",""
954,"ritual-dryads-funguszombies-WILDWOOD","[356,211]",1,2,100,1,"[1920,1928,1913]","",[1],[],[],0,100,[],"",0,"",[],1,"","",1,"","[1920,1928,1913]","[1,1,1]","",""
955,"ritual-dryads-splithooks-WILDWOOD","[356,211]",3,4,100,1,"[1920,1928,1913]","",[1],[],[],0,100,[],"",0,"",[],1,"","",1,"","[1920,1928,1913]","[1,1,1]","",""
956,"ritual-dryads-twigmonsters-behemoth-WILDWOOD",[0],0,0,0,0,[],"",[1],[],[],0,100,[],"",0,"",[],"","","",1,"",[1920],[1],"",""
957,"ritual-dryads-twigmonsters-WILDWOOD","[356,211]",2,4,100,1,"[1920,1928,1913]","",[1],[],[],0,100,[],"",0,"",[],1,"","",1,"","[1920,1928,1913]","[1,1,1]","",""
958,"ritual-dryads-stag-WILDWOOD",[0],0,0,0,0,[],"",[1],[],[],0,100,[],"",0,"",[],"","","",1,"",[1928],[1],"",""
959,"ritual-demons-rats-WILDWOOD","[356,211]",4,6,100,1,[1939],"",[1],[],[],0,100,[],"",0,"",[],1,"","",1,"",[1939],[1],"",""
960,"ritual-demons-rhoa-WILDWOOD","[356,211]",2,3,100,1,[1939],"",[1],[],[],0,100,[],"",0,"",[],1,"","",1,"","[1939,1934]","[1,1]","",""
961,"ritual-demons-hulk-WILDWOOD","[356,211]",2,3,45,1,[1941],"",[1],[],[],0,100,[],"",0,"",[],1,"","",1,"",[1941],[1],"",""
962,"ritual-demons-dweller-WILDWOOD","[356,211]",3,5,0,0,[],"",[1],[],[],0,100,[],"",0,"",[],1,"","",1,"","[1930,1932]","[3,1]","",""
963,"ritual-canopy-bow-WILDWOOD",[356],3,5,25,1,[1957],"",[1],[],[],0,100,[],"",0,"",[],1,"","",1,"",[1957],[1],"",""
964,"ritual-canopy-melee-WILDWOOD",[356],3,6,0,0,[],"",[1],[],[],0,100,[],"",0,"",[],1,"","",1,"","[1957,1961]","[1,1]","",""
965,"ritual-canopy-staff-WILDWOOD",[356],3,5,100,1,[1961],"",[1],[],[],0,100,[],"",0,"",[],1,"","",1,"",[1961],[1],"",""
966,"ritual-canopy-elite-WILDWOOD",[356],3,5,60,1,[1969],"",[1],[],[],0,100,[],"",0,"",[],1,"","",1,"","[1969,1961,1957]","[3,1,1]","",""
967,"goblinpack_distracted",[0],3,8,66,1,[1381],"",[2],[],[],0,100,[],"",0,1,[],1,"","",1,"",[],[],"",""
968,"G4-twilightplaguemonsters",[199],4,6,0,0,[],"",[1],"[""TwilightCliffsideGround"",""IslandCliffPathway"",""IslandCliffInnerTrim"",""IslandCliffOuterTrim""]",[],0,100,[],"",0,1,"[""IslandTown"",""IslandTownTrim""]",1,"","",1,"",[2198],[1],"",""
969,"G4-twilightplaguemonsters2",[199],3,4,0,0,[],"",[1],"[""TwilightCliffsideGround"",""IslandCliffPathway"",""IslandCliffInnerTrim"",""IslandCliffOuterTrim""]",[],0,100,[],"",0,1,"[""IslandTown"",""IslandTownTrim""]",1,"","",1,"",[2200],[1],"",""
970,"P3-plaguemonsters","[224,389]",4,6,0,0,[],"","[2,1]",[],[],0,100,[],"",0,1,[],1,"","",1,"",[2198],[1],"",""
971,"P3-plaguemonsters2","[224,389]",3,4,0,0,[],"",[1],[],[],0,100,[],"",0,1,[],1,"","",1,"",[2200],[1],"",""
972,"G4-twilightconvertaxe",[199],3,4,50,1,"[1580,1516]","",[1],"[""IslandTown"",""IslandTownTrim"",""IslandCliffPathway"",""IslandRavine""]",[],0,100,[],"",0,1,"[""TwilightCliffsideGround"",""IslandCliffInnerTrim"",""IslandCliffOuterTrim""]",1,"","",1,"","[1580,1516]","[1,1]","",""
973,"G4-twilightconvertmace",[199],3,4,50,1,"[1580,1516]","",[1],"[""IslandTown"",""IslandTownTrim"",""IslandCliffPathway"",""IslandRavine""]",[],0,100,[],"",0,1,"[""TwilightCliffsideGround"",""IslandCliffInnerTrim"",""IslandCliffOuterTrim""]",1,"","",1,"","[1580,1516]","[1,1]","",""
974,"G4-twilightconvertbow",[199],3,4,50,1,"[1580,1516]","",[1],"[""IslandTown"",""IslandTownTrim"",""IslandCliffPathway"",""IslandRavine""]",[],0,100,[],"",0,1,"[""TwilightCliffsideGround"",""IslandCliffInnerTrim"",""IslandCliffOuterTrim""]",1,"","",1,"","[1580,1516]","[1,1]","",""
975,"G4-twilightordersoldiers2",[199],3,4,50,1,"[1580,1516]","",[1],"[""IslandTown"",""IslandTownTrim"",""IslandCliffPathway"",""IslandRavine""]",[],0,100,[],"",0,1,"[""TwilightCliffsideGround"",""IslandCliffInnerTrim"",""IslandCliffOuterTrim""]",1,"","",1,"","[1580,1516]","[1,1]","",""
976,"G4-TwilightOrderStigmataPatrol",[199],2,3,100,1,[1532],"",[1],"[""IslandTown"",""IslandTownTrim"",""IslandCliffPathway"",""IslandRavine""]",[],0,100,[],23,0,1,"[""TwilightCliffsideGround"",""IslandCliffInnerTrim"",""IslandCliffOuterTrim""]",1,"","",1,"",[1532],[1],"",""
977,"G4-TwilightOrderPatrol",[199],2,3,100,1,[866],"",[1],"[""IslandTown"",""IslandTownTrim"",""IslandCliffPathway"",""IslandRavine""]",[],0,100,[],23,0,1,"[""TwilightCliffsideGround"",""IslandCliffInnerTrim"",""IslandCliffOuterTrim""]",1,"","",1,"",[866],[1],"",""
978,"sanctified-triclawsnake",[0],3,4,0,0,[],"",[1],[],[],0,100,[],"",0,1,[],1,"","",1,"","[2203,2206,2208]","[1,1,1]","",""
979,"sanctified-tentaclescythe",[0],3,4,0,0,[],"",[1],[],[],0,100,[],"",0,1,[],1,"","",1,"","[2203,2206,2208]","[1,5,1]","",""
980,"sanctified-monstrositywrithing",[0],2,5,100,1,[2203],"",[1],[],[],0,100,[],"",0,1,[],1,"","",1,"",[2203],[1],"",""
981,"sanctified-spider",[0],2,3,0,0,[],"",[1],[],[],0,100,[],"",0,1,[],1,"","",1,"","[2203,2206,2208]","[1,1,5]","",""
982,"sanctified-floppy",[0],3,7,0,0,[],"",[1],[],[],0,100,[],"",0,1,[],1,"","",1,"","[2203,2206,2208]","[1,1,1]","",""
983,"megalithmap-ezomytes-rustguys1",[343],3,5,100,1,[417],"",[1],[],[],0,100,[],"",0,1,[],1,"","",1,"",[417],[1],"",""
984,"megalithmap-ezomytes-wolves1",[343],3,5,50,0,[253],"",[1],[],[],0,100,[],"",0,1,[],1,"","",1,"",[258],[1],"",""
985,"megalithmap-ezomytes-prowler1",[343],2,3,25,0,[258],"",[1],[],[],0,100,[],"",0,1,[],1,"","",1,"",[258],[1],"",""
986,"megalithmap-ezomytes-urchinshag",[343],3,4,100,1,[229],"",[1],[],[],0,100,[],"",0,1,[],1,"","",1,"",[229],[1],"",""
987,"megalithmap-ezomytes-sapling",[343],2,3,30,1,[620],"",[2],[],[],0,100,[],"",0,1,[],1,"","",1,"",[620],[1],"",""
988,"strongbox-bonerabblemelee2",[0],3,5,100,1,"[948,949]","",[1],[],[],0,100,[],"",0,1,[],1,"","",1,"","[948,949]","[1,1]","",""
989,"strongbox-bonerabblecaster2",[0],3,5,100,1,[948],"",[1],[],[],0,100,[],"",0,1,[],1,"","",1,"",[948],[1],"",""
990,"strongbox-bonerabbleranger2",[0],3,5,100,1,[949],"",[1],[],[],0,100,[],"",0,1,[],1,"","",1,"",[949],[1],"",""
991,"strongbox-undeadvaalguard-dagger",[0],3,5,0,0,[],"",[1],[],[],0,100,[],"",0,1,[],1,"","",1,"",[1066],[1],"",""
992,"strongbox-constructgolemancient",[0],1,2,100,1,[1037],"",[1],[],[],0,100,[],"",0,1,[],1,"","",1,"","[1048,1037]","[1,1]","",""
993,"strongbox-constructskitterbotpatrolancient",[0],1,2,100,1,[1037],"",[1],[],[],0,100,[],"",0,1,[],"","","",1,"","[1054,1037]","[1,1]","",""
994,"strongbox-cavedweller",[0],2,3,0,0,[],"",[1],[],[],0,100,[],"",0,1,[],1,"","",1,"",[820],[1],"",""
995,"strongbox-plagueharvester",[0],3,5,100,1,[858],"",[1],[],[],0,100,[],"",0,1,[],1,"","",1,"",[858],[1],"",""
996,"strongbox-faridunlizard",[0],3,6,0,0,[],"",[1],[],[],0,100,[],"",0,1,[],1,"","",1,"",[467],[1],"",""
997,"strongbox-caravanbanditpack",[0],2,3,100,1,[685],"",[1],[],[],0,100,[],"",0,1,[],1,"","",1,"",[685],[1],"",""
998,"strongbox-dunelurker",[0],2,3,0,0,[],"",[1],[],[],0,100,[],"",0,1,[],1,"","",1,"",[870],[1],"",""
999,"strongbox-drudgeminers",[0],3,5,0,0,[],"",[1],[],[],0,100,[],"",0,1,[],1,"","",1,"","[1637,1633]","[1,1]","",""
1000,"strongbox-marakethskeleton",[0],3,6,0,0,[],"",[1],[],[],0,100,[],"",0,1,[],1,"","",1,"",[726],[1],"",""
1001,"strongbox-maggothusk",[0],2,3,100,1,[653],"",[1],[],[],0,100,[],"",0,1,[],1,"","",1,"",[653],[1],"",""
1002,"strongbox-sandgolem",[0],2,4,0,0,[],"",[1],[],[],0,100,[],"",0,1,[],1,"","",1,"",[],[],"",""
1003,"strongbox-titanwalker-golemancer",[0],1,2,100,1,[732],"",[1],[],[],0,100,[],"",0,1,[],1,"","",1,"",[732],[1],"",""
1004,"strongbox-twoheadedtitan",[0],1,3,0,0,[],"",[2],[],[],0,100,[],"",0,1,[],"","","",1,"",[1665],[1],"",""
1005,"strongbox-skeletontitan",[0],3,6,0,0,[],"",[2],[],[],0,100,[],"",0,1,[],1,"","",1,"",[812],[1],"",""
1006,"P1-firecultist-fabrication",[209],2,3,100,1,[905],"",[1],[],[],0,100,[],"",0,1,[],1,"","",1,"",[905],[1],"",""
1007,"P1-primordial",[0],2,4,0,0,[],"",[0],[],[],0,100,[],"",0,1,[],1,"","",1,"",[],[1],"",""
1008,"abyss-blackblood-expedition",[0],1,2,0,0,[],"",[1],[],[],0,100,[],"",20,"",[],1,"","",1,"",[],[],"",""
1009,"abyss-blackblood-expedition-elite",[0],1,1,0,0,[],"",[1],[],[],0,100,[],"",20,"",[],1,"","",1,"","[2295,2287]","[1,1]","",""
1010,"abyss-lightless-expedition",[0],1,2,0,0,[],"",[1],[],[],0,100,[],"",20,"",[],1,"","",1,"",[],[],"",""
1011,"abyss-lightless-expedition-elite",[0],1,1,0,0,[],"",[1],[],[],0,100,[],"",20,"",[],1,"","",1,"","[2299,2306]","[1,1]","",""
1012,"abyss-pit-expedition",[0],1,2,0,0,[],"",[1],[],[],0,100,[],"",0,"",[],1,"","",1,"",[],[],"",""
1013,"abyss-pit-expedition-elite",[0],1,1,0,0,[],"",[1],[],[],0,100,[],"",0,"",[],1,"","",1,"","[2346,2356]","[1,1]","",""
1014,"abyss-blackblood","[417,420]",2,3,20,1,"[2295,2287]","",[1],[],[],0,100,[],"",0,"",[],1,"","",1,"","[2295,2287]","[1,1]","",""
1015,"abyss-blackblood-finalrare","[417,420]",2,3,20,1,"[2296,2288]","",[0],[],[],0,100,[],"",0,"",[],1,"","",1,"","[2296,2288]","[1,1]","",""
1016,"abyss-lightless-flyers","[416,419]",2,3,20,1,[2299],"",[1],[],[],0,100,[],"",0,"",[],1,"","",1,"",[2299],[1],"",""
1017,"abyss-lightless-flyers-finalrare","[416,419]",2,3,20,1,[2300],"",[0],[],[],0,100,[],"",0,"",[],1,"","",1,"",[2300],[1],"",""
1018,"abyss-lightless-serpents","[416,419]",1,2,20,1,[2306],"",[1],[],[],0,100,[],"",0,"",[],1,"","",1,"",[2306],[1],"",""
1019,"abyss-lightless-serpents-finalrare","[416,419]",1,2,20,1,[2307],"",[0],[],[],0,100,[],"",0,"",[],1,"","",1,"",[2307],[1],"",""
1020,"abyss-pit-corpsestrider",[418],2,6,20,1,[2346],"",[1],[],[],0,100,[],"",0,"",[],1,"","",1,"",[2346],[1],"",""
1021,"abyss-pit-corpsestrider-finalrare",[418],2,6,20,1,[2347],"",[0],[],[],0,100,[],"",0,"",[],1,"","",1,"",[2347],[1],"",""
1022,"abyss-pit-cocoons2",[418],2,6,20,1,[2356],"",[1],[],[],0,100,[],"",0,"",[],1,"","",1,"",[2356],[1],"",""
1023,"abyss-pit-cocoons2-finalrare",[418],2,6,20,1,[2357],"",[0],[],[],0,100,[],"",0,"",[],1,"","",1,"",[2357],[1],"",""
1024,"abyss-fodder-kulemak","[414,416,417,418,419,420]",2,3,0,0,[],"",[1],[],[],0,100,[],"",0,"",[],1,"","",1,"",[],[],"",""
1025,"abyss-intro-blackblood",[414],2,3,0,0,[],"",[1],[],[],0,100,[],"",0,"",[],1,"","",1,"",[2287],[1],"",""
1026,"abyss-intro-lightless",[414],2,2,0,0,[],"",[1],[],[],0,100,[],"",0,"",[],1,"","",1,"",[2306],[1],"",""
1027,"abyss-intro-pit",[414],2,3,0,0,[],"",[1],[],[],0,100,[],"",0,"",[],1,"","",1,"",[2346],[1],"",""
1028,"abyss-intro-lostmen1",[414],2,2,0,0,[],"",[1],[],[],0,100,[],"",0,"",[],1,"","",1,"",[744],[1],"",""
1029,"abyss-intro-lostmen2",[414],2,2,100,1,[751],"",[1],[],[],0,100,[],"",0,"",[],1,"","",1,"",[751],[1],"",""
1030,"abyss-intro-rumcarrier",[414],2,2,0,0,[],"",[1],[],[],0,100,[],"",0,"",[],1,"","",1,"",[2292],[1],"",""
1031,"abyss-fodder-grub","[414,416,417,418,419,420]",2,3,0,0,[],"",[1],[],[],0,100,[],"",0,"",[],1,"","",1,"",[2338],[1],"",""
1032,"abyss-monolithic-slug",[0],20,30,100,1,[2321],"",[0],[],[],0,100,[],"",60,"",[],1,"","",1,"",[],[],"",""
1033,"strongbox-abyss-blackblood",[0],2,3,20,1,"[2298,2291]","",[1],[],[],0,100,[],"",0,"",[],1,"","",1,"","[2298,2291]","[1,1]","",""
1034,"strongbox-abyss-lightless-flyers",[0],2,3,20,1,[2302],"",[1],[],[],0,100,[],"",0,"",[],1,"","",1,"",[2302],[1],"",""
1035,"strongbox-abyss-lightless-serpents",[0],1,2,20,1,[2309],"",[1],[],[],0,100,[],"",0,"",[],1,"","",1,"",[2309],[1],"",""
1036,"strongbox-abyss-pit-corpsestrider",[0],2,6,20,1,[2350],"",[1],[],[],0,100,[],"",0,"",[],1,"","",1,"",[2350],[1],"",""
1037,"strongbox-abyss-pit-cocoons2",[0],2,6,20,1,[2359],"",[1],[],[],0,100,[],"",0,"",[],1,"","",1,"",[2359],[1],"",""
1038,"strongbox-abyss-fodder-kulemak",[0],2,3,0,0,[],"",[1],[],[],0,100,[],"",0,"",[],1,"","",1,"",[],[],"",""
1039,"strongbox-abyss-fodder-grub",[0],2,3,0,0,[],"",[1],[],[],0,100,[],"",0,"",[],1,"","",1,"",[2341],[1],"",""
1040,"strongbox-karui-hulk",[0],3,5,100,1,[1414],"",[1],[],[],0,100,[],"",0,"",[],1,"","",1,"",[1414],[1],"",""
1041,"strongbox-karui-tortoise",[0],2,4,100,1,[1482],"",[1],[],[],0,100,[],"",0,"",[],1,"","",1,"",[1482],[1],"",""
1042,"strongbox-karui-archer",[0],4,6,0,0,[],"",[1],[],[],0,100,[],"",0,"",[],1,"","",1,"",[1417],[1],"",""
1043,"strongbox-karui-caster",[0],3,5,100,1,[1412],"",[1],[],[],0,100,[],"",0,"",[],1,"","",1,"",[1412],[1],"",""
1044,"strongbox-karui-horn",[0],3,5,100,1,[1443],"",[1],[],[],0,100,[],"",0,"",[],1,"","",1,"",[1443],[1],"",""
1045,"incursion-garrison-randomvaalguard",[0],1,1,0,0,[],"",[1],[],[],0,100,[],"",1,1,[],1,"","",1,"","[2492,2494,2496]","[1,1,1]",1,""
1046,"incursion-garrison-old-randomundeadguard",[0],1,1,0,0,[],"",[1],[],[],0,100,[],"",1,1,[],1,"","",1,"","[2500,2501,2502]","[1,1,1]",1,""
1047,"incursion-smithyold-procession",[0],3,4,0,0,[],"",[1],[],[],0,100,[],"",0,1,[],1,"","",1,"",[2450],[1],"",""
1048,"incursion-smithyold-procession2",[0],3,4,0,0,[],"",[1],[],[],0,100,[],"",0,1,[],1,"","",1,"",[2445],[1],"",""
1049,"incursion-smithyold-procession3",[0],2,3,0,0,[],"",[1],[],[],0,100,[],"",0,1,[],1,"","",1,"",[2447],[1],"",""
1050,"incursion-generic-zealotbloodbasic",[0],3,4,0,0,[],"",[1],[],[],0,100,[],"",0,1,[],1,"","",1,"","[2468,2473]","[1,1]","",""
1051,"incursion-generic-zealotbloodknifestick",[0],3,3,0,0,[],"",[1],[],[],0,100,[],"",0,1,[],1,"","",1,"",[2468],[1],"",""
1052,"incursion-generic-zealotbloodbasicspear",[0],3,3,0,0,[],"",[1],[],[],0,100,[],"",0,1,[],1,"","",1,"",[2473],[1],"",""
1053,"incursion-generic-zealotfirebasic",[0],3,4,0,0,[],"",[1],[],[],0,100,[],"",0,1,[],1,"","",1,"","[2471,2476]","[1,1]","",""
1054,"incursion-generic-zealotfireknifestick",[0],3,3,0,0,[],"",[1],[],[],0,100,[],"",0,1,[],1,"","",1,"",[2471],[1],"",""
1055,"incursion-generic-zealotfirebasicspear",[0],3,3,0,0,[],"",[1],[],[],0,100,[],"",0,1,[],1,"","",1,"",[2476],[1],"",""
1056,"incursion-generic-zealotcoldbasic",[0],3,4,0,0,[],"",[1],[],[],0,100,[],"",0,1,[],1,"","",1,"","[2470,2475]","[1,1]","",""
1057,"incursion-generic-zealotcoldknifestick",[0],3,3,0,0,[],"",[1],[],[],0,100,[],"",0,1,[],1,"","",1,"",[2470],[1],"",""
1058,"incursion-generic-zealotcoldbasicspear",[0],3,3,0,0,[],"",[1],[],[],0,100,[],"",0,1,[],1,"","",1,"",[2475],[1],"",""
1059,"incursion-generic-zealotlightningbasic",[0],3,4,0,0,[],"",[1],[],[],0,100,[],"",0,1,[],1,"","",1,"","[2472,2477]","[1,1]","",""
1060,"incursion-generic-zealotlightningknifestick",[0],3,3,0,0,[],"",[1],[],[],0,100,[],"",0,1,[],1,"","",1,"",[2472],[1],"",""
1061,"incursion-generic-zealotlightningbasicspear",[0],3,3,0,0,[],"",[1],[],[],0,100,[],"",0,1,[],1,"","",1,"",[2477],[1],"",""
1062,"incursion-generic-zealotchaosbasic",[0],3,4,0,0,[],"",[1],[],[],0,100,[],"",0,1,[],1,"","",1,"","[2469,2474]","[1,1]","",""
1063,"incursion-generic-zealotchaosknifestick",[0],3,3,0,0,[],"",[1],[],[],0,100,[],"",0,1,[],1,"","",1,"",[2469],[1],"",""
1064,"incursion-generic-zealotchaosbasicspear",[0],3,3,0,0,[],"",[1],[],[],0,100,[],"",0,1,[],1,"","",1,"",[2474],[1],"",""
1065,"incursion-generic-old-randomprocession",[0],1,1,0,0,[],"",[1],[],[],0,100,[],"",1,1,[],1,"","",1,"",[],[],1,""
1066,"incursion-generic-old-randomvaalskeleton",[0],1,1,0,0,[],"",[1],[],[],0,100,[],"",1,1,[],1,"","",1,"",[],[],1,""
1067,"incursion-generic-old-vaalskeletons1",[0],3,4,0,0,[],"",[1],[],[],0,100,[],"",0,1,[],1,"","",1,"",[2487],[1],"",""
1068,"incursion-generic-old-vaalskeletons2",[0],3,4,0,0,[],"",[1],[],[],0,100,[],"",0,1,[],1,"","",1,"",[2486],[1],"",""
1069,"incursion-transcended-melee1",[0],1,2,100,1,[2511],"",[1],[],[],0,100,[],"",0,1,[],1,"","",1,"",[2511],[1],"",""
1070,"incursion-transcended-melee2",[0],2,3,0,0,[],"",[1],[],[],0,100,[],"",0,1,[],1,"","",1,"",[2517],[1],"",""
1071,"incursion-transcended-melee3",[0],2,3,0,0,[],"",[1],[],[],0,100,[],"",0,1,[],1,"","",1,"",[2518],[1],"",""
1072,"incursion-transcended-ranged1",[0],2,3,0,0,[],"",[1],[],[],0,100,[],"",0,1,[],1,"","",1,"",[2515],[1],"",""
1073,"incursion-transcended-ranged2",[0],1,2,100,1,[2512],"",[1],[],[],0,100,[],"",0,1,[],1,"","",1,"","[2512,2516]","[1,1]","",""
1074,"incursion-transcended-ranged3",[0],2,3,0,0,[],"",[1],[],[],0,100,[],"",0,1,[],1,"","",1,"",[2509],[1],"",""
1075,"incursion-viperlegionnaire-ranged",[0],2,2,0,0,[],"",[1],[],[],0,100,[],"",0,1,[],1,"","",1,"","[2521,2523]","[1,1]","",""
1076,"incursion-viperlegionnaire-melee",[0],2,2,0,0,[],"",[1],[],[],0,100,[],"",0,1,[],1,"","",1,"","[2525,2519]","[1,1]","",""
1077,"incursion-constructs-melee1",[0],2,3,0,0,[],"",[1],[],[],0,100,[],"",0,1,[],1,"","",1,"","[2532,2539]","[1,1]","",""
1078,"incursion-constructs-skitterbots",[0],2,3,0,0,[],"",[1],[],[],0,100,[],"",0,1,[],1,"","",1,"",[],[],"",""
1079,"incursion-constructs-ranged1",[0],3,3,0,0,[],"",[1],[],[],0,100,[],"",0,1,[],1,"","",1,"",[2536],[1],"",""
1080,"incursion-constructsancient-melee1",[0],2,3,0,0,[],"",[1],[],[],0,100,[],"",0,1,[],1,"","",1,"","[2541,2548]","[1,1]","",""
1081,"incursion-constructsancient-skitterbots",[0],2,3,0,0,[],"",[1],[],[],0,100,[],"",0,1,[],1,"","",1,"",[],[],"",""
1082,"incursion-constructsancient-ranged1",[0],3,3,0,0,[],"",[1],[],[],0,100,[],"",0,1,[],1,"","",1,"",[2545],[1],"",""
1083,"incursion-vaalguards-pack1",[0],2,3,0,0,[],"",[1],[],[],0,100,[],"",0,1,[],1,"","",1,"","[2491,2493]","[2,1]","",""
1084,"incursion-vaalguards-pack2",[0],2,3,0,0,[],"",[1],[],[],0,100,[],"",0,1,[],1,"","",1,"","[2495,2493]","[2,1]","",""
1085,"incursion-vaalguardsundead-pack1",[0],3,3,0,0,[],"",[1],[],[],0,100,[],"",0,1,[],1,"","",1,"","[2500,2502]","[2,1]","",""
1086,"incursion-vaalguardsundead-pack2",[0],3,3,0,0,[],"",[1],[],[],0,100,[],"",0,1,[],1,"","",1,"","[2501,2502]","[2,1]","",""
1087,"incursion-sacrificialchamber-zealots1",[0],3,4,0,0,[],"",[1],[],[],0,100,[],"",0,1,[],1,"","",1,"",[2577],[1],"",""
1088,"incursion-sacrificialchamber-zealots2",[0],3,3,0,0,[],"",[1],[],[],0,100,[],"",0,1,[],1,"","",1,"",[2578],[1],"",""
1089,"incursion-sacrificialchamber-goliath",[0],1,2,100,1,[2580],"",[1],[],[],0,100,[],"",0,1,[],1,"","",1,"",[2580],[1],"",""
1090,"incursion-sacrificialchamber-axethrowers",[0],3,3,0,0,[],"",[1],[],[],0,100,[],"",0,1,[],1,"","",1,"",[2579],[1],"",""
1091,"incursion-corruption-randombloodbather",[0],1,1,0,0,[],"",[1],[],[],0,100,[],"",1,1,[],1,"","",1,"","[2586,2581,2582,2583,2585,2584]","[1,1,1,1,1,1]",1,""
1092,"incursion-alchemylab-chaosgodmonsters1",[0],3,4,0,0,[],"",[1],[],[],0,100,[],"",0,1,[],1,"","",1,"",[2553],[1],"",""
1093,"incursion-alchemylab-chaosgodmonsters2",[0],3,4,0,0,[],"",[1],[],[],0,100,[],"",0,1,[],1,"","",1,"",[2554],[1],"",""
1094,"incursion-thaumaturge-tier1-experiments1",[0],3,4,0,0,[],"",[1],[],[],0,100,[],"",0,1,[],1,"","",1,"",[2556],[1],"",""
1095,"incursion-thaumaturge-tier1-experiments2",[0],3,4,0,0,[],"",[1],[],[],0,100,[],"",0,1,[],1,"","",1,"",[2557],[1],"",""
1096,"incursion-thaumaturge-plaguemorphexperiments1",[0],3,4,0,0,[],"",[1],[],[],0,100,[],"",0,1,[],1,"","",1,"","[2558,2559]","[1,1]","",""
1097,"incursion-thaumaturge-plaguemorphexperiments2",[0],3,4,0,0,[],"",[1],[],[],0,100,[],"",0,1,[],1,"","",1,"","[2560,2561]","[1,1]","",""
1098,"incursion-thaumaturge-soldiers1",[0],2,3,0,1,[2562],"",[1],[],[],0,100,[],"",0,1,[],1,"","",1,"",[2562],[1],"",""
1099,"brequel-neutral",[0],2,5,0,0,[],"",[1],[],[],0,100,[],"",0,1,[],1,"","",1,"",[1883],[1],"",""
1100,"brequel-chaos",[0],2,2,40,1,[1769],"",[1],[],[],0,100,[],"",0,1,[],1,"","",1,"",[1769],[1],"",""
1101,"brequel-physical",[0],2,2,40,1,[1770],"",[1],[],[],0,100,[],"",0,1,[],1,"","",1,"",[1770],[1],"",""
1102,"brequel-cold",[0],2,2,40,1,[1774],"",[1],[],[],0,100,[],"",0,1,[],1,"","",1,"",[1774],[1],"",""
1103,"brequel-fire",[0],2,2,40,1,[1879],"",[1],[],[],0,100,[],"",0,1,[],1,"","",1,"",[1879],[1],"",""
1104,"brequel-lightning",[0],2,2,40,1,[1886],"",[1],[],[],0,100,[],"",0,1,[],1,"","",1,"",[1886],[1],"",""
1105,"incursion-SoulCoreQuadrilla",[0],1,1,100,1,[2603],"",[0],[],[],0,100,[],"",0,1,[],"","","",1,"",[],[],1,""
1106,"incursion-SoulcoreFusedSkeleton",[0],1,1,100,1,[2606],"",[0],[],[],0,100,[],"",0,1,[],"","","",1,"",[],[],1,""
1107,"incursion-VaalSentinelBoss",[0],1,1,100,1,[2608],"",[0],[],[],0,100,[],"",0,1,[],"","","",1,"",[],[],1,""
1108,"incursion-VaalColossusBoss",[0],1,1,100,1,[2610],"",[0],[],[],0,100,[],"",0,1,[],"","","",1,"",[],[],1,""
1109,"incursion-VaalSunPriestBoss",[0],1,1,100,1,[2612],"",[0],[],[],0,100,[],"",0,1,[],"","","",1,"",[],[],1,""
1110,"incursion-ChainedBeastBoss",[0],1,1,100,1,[2614],"",[0],[],[],0,100,[],"",0,1,[],"","","",1,"",[],[],1,""
1111,"precursor-centipede","[432,433,436,437,438]",3,5,15,1,[2706],"",[2],[],[],0,100,[],"",0,1,[],1,"","",1,"",[2706],[1],"",""
1112,"precursor-drill","[432,433,436,437,438]",3,5,10,1,[2706],"",[2],[],[],0,100,[],"",0,1,[],1,"","",1,"",[2706],[1],"",""
1113,"precusor-turret","[432,433,436,437,438]",2,4,10,1,[2706],"",[2],[],[],0,100,[],"",0,1,[],1,"","",1,"","[2706,2708]","[2,1]","",""
1114,"precursor-bats","[432,433,436,437,438]",2,3,0,0,[],"",[1],[],[],0,100,[],"",0,1,[],1,"","",1,"",[819],[1],"",""
1115,"precursor-blackstrider","[432,433,436,437,438]",1,2,0,0,[],"",[1],[],[],0,100,[],"",0,1,[],1,"","",1,"",[625],[1],"",""
