"rownum","Id","AOFiles","LoopAnimationIds","ImpactAnimationIds","ProjectileSpeed","bool_60","i32_61","bool_65","bool_66","InheritsFrom","MiscAnimated","i32_91","bool_95","bool_96","Stuck_AOFile","Bounce_AOFile","i32_121","i32_125","i32_129","i32_133","rid_137","rid_153","i32_169","i32_173","i32_177","i32_181","i32_185","[string]_189","bool_205","[i32]_206","string_222","rid_230","rid_246","rid_262","bool_278","string_279","rid_287","string_303","rid_311","string_327","[string]_335","[string]_351","bool_367"
0,"Metadata/Projectiles/Fireball","[""Metadata/Effects/Spells/fire_fireball/ao/rig.ao""]","[""projectile""]","[""impact""]",1040,"",2,"","","Metadata/Projectiles/Projectile","",2,"","",[],"",0,0,0,0,7697,"",0,0,100,100,0,[],"",[],"","","","","","","","","","",[],[],1
1,"Metadata/Projectiles/DragonFireball","[""Metadata/Effects/Microtransactions/Spells/fireball/dragon_fireball/dragonball.ao""]","[""fire""]","[""fire_explode""]",1040,"",2,"","","Metadata/Projectiles/Projectile","",2,"","",[],"",0,0,0,0,"","",0,0,100,100,0,[],"",[],"","","","","","","","","","",[],[],1
2,"Metadata/Projectiles/GoldenFireball","[""Metadata/Effects/Spells/fireball/golden/rig.ao""]","[""fireball""]","[""fireball_explode""]",1040,"",2,1,"","Metadata/Projectiles/Projectile","",2,"","",[],"",0,0,0,0,"","",0,0,100,100,0,[],"",[],"","","","","","","","","","",[],[],1
3,"Metadata/Projectiles/PyroFireball","[""Metadata/Effects/Spells/monsters_effects/act3/pyro/fireball.ao""]","[""fireball_loop""]","[""fireball_explode""]",1040,"",2,"","","Metadata/Projectiles/Projectile","",2,"","",[],"",0,0,0,0,"","",0,0,100,100,0,[],"",[],"","","","","","","","","","",[],[],1
4,"Metadata/Projectiles/PyroPoisonFireball","[""Metadata/Effects/Spells/monsters_effects/act3/pyro/fireball_poison.ao""]","[""fireball_loop""]","[""fireball_explode""]",1040,"",2,"","","Metadata/Projectiles/Projectile","",2,"","",[],"",0,0,0,0,"","",0,0,100,100,0,[],"",[],"","","","","","","","","","",[],[],1
5,"Metadata/Projectiles/PhoenixFireball","[""Metadata/Effects/Spells/monsters_effects/Phoenix/projectile/projectile_fire.ao""]","[""projectile_travel""]","[""projectile_end""]",1040,1,2,"","","Metadata/Projectiles/Projectile","",2,"","",[],"",0,0,0,0,"","",0,0,100,100,0,[],"",[],"","","","","","","","","","",[],[],1
6,"Metadata/Projectiles/StygianFireball","[""Metadata/Effects/Microtransactions/Spells/fireball/stygian/rig.ao""]","[""fireball""]","[""fireball_explode""]",1040,"",2,"","","Metadata/Projectiles/Projectile","",2,"","",[],"",0,0,0,0,"","",0,0,100,100,0,[],"",[],"","","","","","","","","","",[],[],1
7,"Metadata/Projectiles/SandSpitter","[""Metadata/Effects/Spells/sandspitterprojectile/rig.ao""]","[""flying""]","[""impact""]",1688,"",2,1,"","Metadata/Projectiles/Projectile","",2,"","",[],"",0,0,0,0,"","",0,0,100,100,0,[],"",[],"","","","","","","","","","",[],[],1
8,"Metadata/Projectiles/SandSpitterFire","[""Metadata/Effects/Spells/monsters_effects/sandspitter_elemental/fire.ao""]","[""sandspitter_ele""]","[""sandspitter_ele_impact""]",1170,"",2,"","","Metadata/Projectiles/Projectile","",2,"","",[],"",0,0,0,0,"","",0,0,100,100,0,[],"",[],"","","","","","","","","","",[],[],1
9,"Metadata/Projectiles/SandSpitterCold","[""Metadata/Effects/Spells/monsters_effects/sandspitter_elemental/ice.ao""]","[""sandspitter_ele""]","[""sandspitter_ele_impact""]",1170,"",2,"","","Metadata/Projectiles/Projectile","",2,"","",[],"",0,0,0,0,"","",0,0,100,100,0,[],"",[],"","","","","","","","","","",[],[],1
10,"Metadata/Projectiles/SandSpitterLightning","[""Metadata/Effects/Spells/monsters_effects/sandspitter_elemental/lightning.ao""]","[""sandspitter_ele""]","[""sandspitter_ele_impact""]",1170,"",2,"","","Metadata/Projectiles/Projectile","",2,"","",[],"",0,0,0,0,"","",0,0,100,100,0,[],"",[],"","","","","","","","","","",[],[],1
11,"Metadata/Projectiles/SandSpitterChaos","[""Metadata/Effects/Spells/monsters_effects/sandspitter_elemental/chaos.ao""]","[""sandspitter_ele""]","[""sandspitter_ele_impact""]",1170,"",2,"","","Metadata/Projectiles/Projectile","",2,"","",[],"",0,0,0,0,"","",0,0,100,100,0,[],"",[],"","","","","","","","","","",[],[],1
12,"Metadata/Projectiles/SeaWitch","[""Metadata/Effects/Spells/wave/rig.ao""]","[""wave""]",[],300,1,2,"","","Metadata/Projectiles/Projectile","",2,"","",[],"",0,0,0,0,"","",0,0,100,100,0,[],"",[],"","","","","","","","","","",[],[],1
13,"Metadata/Projectiles/Scavenger","[""Metadata/Effects/Spells/monsters_effects/scavenger_rock/rig.ao""]","[""rock_travel""]","[""rock_explode""]",1000,"",2,1,"","Metadata/Projectiles/Projectile","",2,"","",[],"",0,0,0,0,"","",0,0,100,100,0,[],1,[],"","","","","","","","","","",[],[],1
14,"Metadata/Projectiles/SkeletonProjectileFire","[""Metadata/Effects/Spells/raise_skeleton_02/skeleproj_fire.ao""]","[""loop""]","[""end""]",700,"",2,"","","Metadata/Projectiles/Projectile","",2,"","",[],"",0,0,0,0,"","",0,0,100,100,0,[],"",[],"","","","","","","","","","",[],[],1
15,"Metadata/Projectiles/SkeletonProjectileCold","[""Metadata/Effects/Spells/raise_skeleton_02/skeleproj_ice.ao""]","[""loop""]","[""end""]",700,"",2,"","","Metadata/Projectiles/Projectile","",2,"","",[],"",0,0,0,0,"","",0,0,100,100,0,[],"",[],"","","","","","","","","","",[],[],1
16,"Metadata/Projectiles/SkeletonProjectileLightning","[""Metadata/Effects/Spells/raise_skeleton_02/skeleproj_lightning.ao""]","[""loop""]","[""end""]",700,"",2,"","","Metadata/Projectiles/Projectile","",2,"","",[],"",0,0,0,0,"","",0,0,100,100,0,[],"",[],"","","","","","","","","","",[],[],1
17,"Metadata/Projectiles/Spark","[""Metadata/Effects/Spells/lightning_spark/spark_projectile.ao""]","[""projectile_01""]","[""impact_01""]",1000,1,1,1,"","Metadata/Projectiles/ProjectileGround","",2,"","",[],"",0,0,0,0,"","",0,0,100,100,5,"[""expire_01""]","",[],"","","","","","","","","","",[],[],1
18,"Metadata/Projectiles/SkeletonSpark","[""Metadata/Effects/Spells/electrical_surge/rig_fadeout.ao""]","[""electrical_surge""]","[""electrical_explode""]",560,1,1,1,"","Metadata/Projectiles/ProjectileGround","",2,"","",[],"",0,0,0,0,"","",0,0,100,100,0,[],"",[],"","","","","","","","","","",[],[],1
19,"Metadata/Projectiles/SpiderSpark","[""Metadata/Effects/Microtransactions/Spells/spark/sparkspider/spark_spider2.ao""]","[""electrical_surge""]","[""electrical_explode""]",420,"",1,"","","Metadata/Projectiles/ProjectileGround","",2,"","",[],"",0,0,0,0,"","",0,0,100,100,0,[],"",[],"","","","","","","","","","",[],[],1
20,"Metadata/Projectiles/RootSpiderSpit","[""Metadata/Effects/Spells/monsters_effects/act2/root_spider/projectile/rootspider_projectile.ao""]","[""rootspider_projectile_loop""]","[""rootspider_projectile_impact""]",750,"",2,1,"","Metadata/Projectiles/Projectile","",2,"","",[],"",0,0,0,0,"","",0,0,100,100,0,[],"",[],"","","","","","","","","","",[],[],1
21,"Metadata/Projectiles/RootSpiderSpitBoss","[""Metadata/Effects/Spells/monsters_effects/act2/root_spider/projectile/rootspider_projectile.ao""]","[""rootspider_projectile_loop""]","[""rootspider_projectile_impact""]",750,"",3,1,"","Metadata/Projectiles/Projectile","",3,"","",[],"",0,0,0,0,"","",0,0,150,150,0,[],"",[],"","","","","","","","","","",[],[],1
22,"Metadata/Projectiles/RootSpiderSpitHuntingGround","[""Metadata/Effects/Spells/monsters_effects/Act1_FOUR/MudBurrower/mortar_projectile.ao""]","[""projectile""]","[""impact""]",1050,1,2,1,"","Metadata/Projectiles/Projectile","",2,"","",[],"",0,0,0,0,"","",0,0,100,100,0,[],1,[],"","","","","","","","","","",[],[],1
23,"Metadata/Projectiles/RitualRootSpiderSpit","[""Metadata/Effects/Spells/monsters_effects/League_Ritual/demonfaction/DemonBurrower/mortar_projectile.ao""]","[""projectile""]","[""impact""]",1050,1,2,1,"","Metadata/Projectiles/Projectile","",2,"","",[],"",0,0,0,0,"","",0,0,100,100,0,[],1,[],"","","","","","","","","","",[],[],1
24,"Metadata/Projectiles/RootSpiderSpitSpires","[""Metadata/Effects/Spells/monsters_effects/Act1_FOUR/MudBurrower/mortar_projectile_spires.ao""]","[""projectile""]","[""impact""]",750,1,2,"","","Metadata/Projectiles/Projectile","",2,"","",[],"",0,0,0,0,"","",0,0,100,100,0,[],"",[],"","","","","","","","","","",[],[],1
25,"Metadata/Projectiles/RootSpiderSpitSpiresSanctum","[""Metadata/Effects/Spells/monsters_effects/Act2_FOUR/SpiresBurrower/mortar.ao""]","[""projectile""]","[""impact""]",750,1,2,"","","Metadata/Projectiles/Projectile","",2,"","",[],"",0,0,0,0,"","",0,0,100,100,0,[],"",[],"","","","","","","","","","",[],[],1
26,"Metadata/Projectiles/IceSpear","[""Metadata/Effects/Spells/spear_wind_spear/projectile.ao""]","[""projectile_idle""]","[""impact""]",3700,"",2,"","","Metadata/Projectiles/Projectile","",2,"","",[],"",0,0,0,0,"","",0,0,100,100,0,[],"",[],"","","",250,1,"","","","","",[],[],1
27,"Metadata/Projectiles/IceSpearMTX1","[""Metadata/Effects/Spells/ice_spear/projectile.ao""]","[""frozenspear_idle""]","[""frozenspear_impact""]",600,"",2,"","","Metadata/Projectiles/Projectile","",2,"","",[],"",0,0,0,0,"","",0,0,100,100,0,[],"",[],"","","","","","","","","","",[],[],1
28,"Metadata/Projectiles/FreezingPulse","[""Metadata/Effects/Spells/freezing_pulse/rig.ao""]","[""freezing_tide""]","[""freezing_tide_end""]",2400,"",2,"","","Metadata/Projectiles/Projectile","",4,"","",[],"",0,0,0,0,"","",0,0,100,100,0,[],"",[],"","","","","","","","","","",[],[],1
29,"Metadata/Projectiles/FreezingPulseMTX","[""Metadata/Effects/Microtransactions/Spells/freezing_pulse/rig.ao""]","[""freezing_pulse""]","[""end""]",2400,"",2,"","","Metadata/Projectiles/Projectile","",4,"","",[],"",0,0,0,0,"","",0,0,100,100,0,[],"",[],"","","","","","","","","","",[],[],1
30,"Metadata/Projectiles/UndyingFreezingPulse","[""Metadata/Effects/Spells/monsters_effects/act3/undying_freezing_pulse/base.ao""]","[""spellcast""]","[""spellend""]",680,"",3,"","","Metadata/Projectiles/Projectile","",3,"","",[],"",0,0,0,0,"","",0,0,100,100,0,[],"",[],"","","","","","","","","","",[],[],1
31,"Metadata/Projectiles/IncaMinionProjectile","[""Metadata/Effects/Spells/monsters_effects/incasummon_projectile_poison/rig.ao""]","[""projectile""]","[""projectileexplode""]",2000,"",2,"","","Metadata/Projectiles/Projectile","",2,"","",[],"",0,0,0,0,"","",0,0,100,100,0,[],"",[],"","","","","","","","","","",[],[],1
32,"Metadata/Projectiles/TeleportBall","[""Metadata/Effects/Spells/fade/fadeprojectile.ao""]","[""projectilesloop""]","[""projectile_fadeout""]",750,1,2,"","","Metadata/Projectiles/Projectile","",2,"","",[],"",0,0,0,0,"","",0,0,100,100,0,[],"",[],"","","","","","","","","","",[],[],1
33,"Metadata/Projectiles/IncaBossMinionProjectile","[""Metadata/Effects/Spells/monsters_effects/incasummon_ projectile/rig.ao""]","[""projectile""]","[""projectileexplode""]",2000,"",2,"","","Metadata/Projectiles/Projectile","",2,"","",[],"",0,0,0,0,"","",0,0,100,100,0,[],"",[],"","","","","","","","","","",[],[],1
34,"Metadata/Projectiles/LightningSlash","[""Metadata/Effects/Spells/monk_lightningstrike/lightningStrike_Projectile.ao""]","[""lightStrikeProj_01""]","[""impact_01""]",1600,"",1,"","","Metadata/Projectiles/ProjectileGround","",4,1,"",[],"",0,0,0,0,"","",0,0,100,100,0,[],"",[],"","","","","","","","","","",[],[],1
35,"Metadata/Projectiles/Snake","[""Metadata/Effects/Spells/monsters_effects/snake_spit/new_spit.ao""]","[""proj""]","[""end""]",1800,"",2,"","","Metadata/Projectiles/Projectile","",2,"","",[],"",0,0,0,0,"","",0,0,100,100,0,[],"",[],"","","","","","","","","","",[],[],1
36,"Metadata/Projectiles/ShadowProjectile","[""Metadata/Effects/Spells/ninja_shotgun/rig.ao""]","[""knife_loop""]",[],1300,1,2,"","","Metadata/Projectiles/Projectile","",2,"","",[],"",0,0,0,0,"","",0,0,100,100,0,[],"",[],"","","","","","","","","","",[],[],1
37,"Metadata/Projectiles/ShadowProjectileStar","[""Metadata/Effects/Microtransactions/Spells/ninja_shotgun/stars/rig.ao""]","[""knife_loop""]",[],1300,1,2,"","","Metadata/Projectiles/Projectile","",2,"","",[],"",0,0,0,0,"","",0,0,100,100,0,[],"",[],"","","","","","","","","","",[],[],1
38,"Metadata/Projectiles/SpiderEtherealKnives","[""Metadata/Effects/Spells/monsters_effects/act2/spider/spider_spine_spit/rig.ao""]","[""spine_shoot""]",[],1300,1,2,"","","Metadata/Projectiles/Projectile","",2,"","",[],"",0,0,0,0,"","",0,0,100,100,0,[],"",[],"","","","","","","","","","",[],[],1
39,"Metadata/Projectiles/EbonyEtherealKnvies","[""Metadata/Effects/Spells/ninja_shotgun_ebony/rig.ao""]","[""knife_loop""]",[],1300,1,2,"","","Metadata/Projectiles/Projectile","",2,"","",[],"",0,0,0,0,"","",0,0,100,100,0,[],"",[],"","","","","","","","","","",[],[],1
40,"Metadata/Projectiles/EtherealKnivesSawBlade","[""Metadata/Effects/Microtransactions/Spells/ethereal_knives_saw/ethereal_knife_proj.ao"",""Metadata/Effects/Microtransactions/Spells/ethereal_knives_saw/ethereal_knife_proj2.ao"",""Metadata/Effects/Microtransactions/Spells/ethereal_knives_saw/ethereal_knife_proj3.ao"",""Metadata/Effects/Microtransactions/Spells/ethereal_knives_saw/ethereal_knife_proj4.ao""]","[""knife_loop""]",[],1300,1,2,"","","Metadata/Projectiles/Projectile","",2,"","",[],"",0,0,0,0,"","",0,0,100,100,0,[],"",[],"","","","","","","","","","",[],[],1
41,"Metadata/Projectiles/InsectSpawnerSpit","[""Metadata/Effects/Spells/monsters_effects/insect_spawner_spit/rig.ao""]","[""insectspit""]","[""insectspitexplode""]",700,1,2,"","","Metadata/Projectiles/Projectile","",2,"","",[],"",0,0,0,0,"","",0,0,100,100,0,[],"",[],"","","","","","","","","","",[],[],1
42,"Metadata/Projectiles/InsectSpawnerSpitParasiteBoss","[""Metadata/Effects/Spells/monsters_effects/act7/Ryslatha/spit_parasite/rig.ao""]","[""insectspit""]","[""insectspitexplode""]",700,1,2,"","","Metadata/Projectiles/Projectile","",2,"","",[],"",0,0,0,0,"","",0,0,100,100,0,[],"",[],"","","","","","","","","","",[],[],1
43,"Metadata/Projectiles/ScavengerFire","[""Metadata/Effects/Spells/monsters_effects/scav_driftwoodthrow/rig.ao""]","[""scav_driftwoodthrow""]","[""scav_driftwoodexplode""]",1000,1,2,"","","Metadata/Projectiles/Projectile","",2,"","",[],"",0,0,0,0,"","",0,0,100,100,0,[],"",[],"","","","","","","","","","",[],[],1
44,"Metadata/Projectiles/IncaBossSprayIce","[""Metadata/Effects/Spells/monsters_effects/act2/inca_boss/iceshoot.ao""]","[""iceshoot_explode""]",[],750,1,2,"","","Metadata/Projectiles/Projectile","",2,"","",[],"",0,0,0,0,"","",0,0,100,100,0,[],"",[],"","","","","","","","","","",[],[],1
45,"Metadata/Projectiles/IncaBossSprayLightning","[""Metadata/Effects/Spells/monsters_effects/act2/inca_boss/iceshoot.ao""]","[""iceshoot_explode""]",[],750,1,2,"","","Metadata/Projectiles/Projectile","",2,"","",[],"",0,0,0,0,"","",0,0,100,100,0,[],"",[],"","","","","","","","","","",[],[],1
46,"Metadata/Projectiles/IncaBossSprayFire","[""Metadata/Effects/Spells/monsters_effects/act2/inca_boss/iceshoot.ao""]","[""iceshoot_explode""]",[],750,1,2,"","","Metadata/Projectiles/Projectile","",2,"","",[],"",0,0,0,0,"","",0,0,100,100,0,[],"",[],"","","","","","","","","","",[],[],1
47,"Metadata/Projectiles/IncaBossSprayIceColdSnap","[""Metadata/Effects/Spells/monsters_effects/act2/inca_boss/iceshoot.ao""]","[""iceshoot_explode""]",[],750,1,2,"","","Metadata/Projectiles/Projectile","",2,"","",[],"",0,0,0,0,"","",0,0,100,100,0,[],"",[],"","","","","","","","","","",[],[],1
48,"Metadata/Projectiles/IncaBossSummon","[""Metadata/Effects/Spells/monsters_effects/act2/inca_boss/summon_monster_proj.ao""]","[""ball_shoot""]","[""ball_shoot_explode""]",750,1,2,1,"","Metadata/Projectiles/Projectile","",2,"","",[],"",0,0,0,0,"","",0,0,100,100,0,[],"",[],"","","","","","","","","","",[],[],1
49,"Metadata/Projectiles/IncaBossSummonAtziri","[""Metadata/Effects/Spells/monsters_effects/act2/AtziriOversoul/summon_monster_proj.ao""]","[""ball_shoot""]","[""ball_shoot_explode""]",750,1,2,1,"","Metadata/Projectiles/Projectile","",2,"","",[],"",0,0,0,0,"","",0,0,100,100,0,[],"",[],"","","","","","","","","","",[],[],1
50,"Metadata/Projectiles/IncaBossSummonIce","[""Metadata/Effects/Spells/monsters_effects/AtlasofWorldsBosses/MapBosses/machinarium/summon_projectiles/summon_projectile_cold.ao""]","[""ball_shoot""]","[""ball_shoot_explode""]",750,1,2,1,"","Metadata/Projectiles/Projectile","",2,"","",[],"",0,0,0,0,"","",0,0,100,100,0,[],"",[],"","","","","","","","","","",[],[],1
51,"Metadata/Projectiles/IncaBossSummonLightning","[""Metadata/Effects/Spells/monsters_effects/AtlasofWorldsBosses/MapBosses/machinarium/summon_projectiles/summon_projectile_lightning.ao""]","[""ball_shoot""]","[""ball_shoot_explode""]",750,1,2,1,"","Metadata/Projectiles/Projectile","",2,"","",[],"",0,0,0,0,"","",0,0,100,100,0,[],"",[],"","","","","","","","","","",[],[],1
52,"Metadata/Projectiles/IncaBossSummonFire","[""Metadata/Effects/Spells/monsters_effects/AtlasofWorldsBosses/MapBosses/machinarium/summon_projectiles/summon_projectile_fire.ao""]","[""ball_shoot""]","[""ball_shoot_explode""]",750,1,2,1,"","Metadata/Projectiles/Projectile","",2,"","",[],"",0,0,0,0,"","",0,0,100,100,0,[],"",[],"","","","","","","","","","",[],[],1
53,"Metadata/Projectiles/ArcticBreath","[""Metadata/Effects/Spells/arcticbreath/rig.ao""]","[""articbreath""]","[""articbreath_end""]",844,"",2,"","","Metadata/Projectiles/ProjectileGround","",2,"","",[],"",0,0,0,0,"","",0,0,100,100,0,[],"",[],"","","","","","","","","","",[],[],1
54,"Metadata/Projectiles/ArcticBreathFlying","[""Metadata/Effects/Spells/arctic_breath_02/projectile/arctic_breath_projectile.ao""]","[""projectile""]","[""impact""]",2000,1,2,"","","Metadata/Projectiles/Projectile","",2,"","",[],"",0,0,0,0,"","",0,0,100,100,0,[],"",[],"","","","","","","","","","",[],[],1
55,"Metadata/Projectiles/ArcticBreathFlyingLesser","[""Metadata/Effects/Spells/arctic_breath_02/projectile/arctic_proj_lesser.ao""]","[""projectile""]","[""impact""]",2000,1,2,"","","Metadata/Projectiles/Projectile","",2,"","",[],"",0,0,0,0,"","",0,0,100,100,0,[],"",[],"","","","","","","","","","",[],[],1
56,"Metadata/Projectiles/TotemFireSpray","[""Metadata/Effects/Spells/totems/spells/firespray.ao""]","[""firespray_shoot""]","[""firespray_end""]",750,1,2,"","","Metadata/Projectiles/Projectile","",3,"","",[],"",0,0,0,0,"","",0,0,100,100,0,[],"",[],"","","","","","","","","","",[],[],1
57,"Metadata/Projectiles/GhostFlameTotemFireSpray","[""Metadata/Effects/Microtransactions/Spells/totem/spell/flame_totem/ghost_flame/rig.ao""]","[""firespray_shoot""]","[""firespray_end""]",750,1,2,"","","Metadata/Projectiles/Projectile","",3,"","",[],"",0,0,0,0,"","",0,0,100,100,0,[],"",[],"","","","","","","","","","",[],[],1
58,"Metadata/Projectiles/TotemHolyFireSpray","[""Metadata/Effects/Spells/totems/HolyFlameTotem/projectile/projectile.ao""]","[""projectile""]",[],900,1,2,"","","Metadata/Projectiles/Projectile","",3,"","",[],"",0,0,0,0,"","",0,0,100,100,0,[],"",[],"","","","","","","","","","",[],[],1
59,"Metadata/Projectiles/GhostFlameTotemHolyFireSpray","[""Metadata/Effects/Microtransactions/Spells/totem/spell/flame_totem/ghost_flame/rig.ao""]","[""firespray_shoot""]","[""firespray_end""]",900,1,2,"","","Metadata/Projectiles/Projectile","",3,"","",[],"",0,0,0,0,"","",0,0,100,100,0,[],"",[],"","","","","","","","","","",[],[],1
60,"Metadata/Projectiles/FlameBearerFireSpray","[""Metadata/Effects/Spells/monsters_effects/act3/flamebearer_headspray/rig.ao""]","[""headspray_shoot""]","[""headspray_end""]",750,1,2,"","","Metadata/Projectiles/Projectile","",2,"","",[],"",0,0,0,0,"","",0,0,100,100,0,[],"",[],"","","","","","","","","","",[],[],1
61,"Metadata/Projectiles/SnakeFireSpray","[""Metadata/Effects/Spells/monsters_effects/act2/snake_fire/rig.ao""]","[""firespray_shoot""]","[""firespray_end""]",750,1,2,"","","Metadata/Projectiles/Projectile","",2,"","",[],"",0,0,0,0,"","",0,0,100,100,0,[],"",[],"","","","","","","","","","",[],[],1
62,"Metadata/Projectiles/SnakeLightningSpray","[""Metadata/Effects/Spells/monsters_effects/act2/snake_lightning/rig.ao""]","[""firespray_shoot""]","[""firespray_end""]",750,1,2,"","","Metadata/Projectiles/Projectile","",2,"","",[],"",0,0,0,0,"","",0,0,100,100,0,[],"",[],"","","","","","","","","","",[],[],1
63,"Metadata/Projectiles/DefaultArrow","[""Metadata/Effects/Spells/base_arrow_attack/arrow_base.ao""]","[""loop""]","[""end""]",3260,"",1,"",1,"Metadata/Projectiles/Projectile","",1,"","","[""Metadata/Effects/Spells/base_arrow_attack/arrow_base_stuck.ao""]","Metadata/Effects/Spells/base_arrow_attack/arrow_base_bounce.ao",50,80,0,20,"","",0,100,100,100,0,[],"",[],"","","","","","","","","","",[],[],1
64,"Metadata/Projectiles/DefaultArrowNonStick","[""Metadata/Effects/Spells/base_arrow_attack/arrow_base.ao""]","[""loop""]","[""end""]",3260,"",1,"",1,"Metadata/Projectiles/Projectile","",1,"","","[""Metadata/Effects/Spells/base_arrow_attack/arrow_base_stuck.ao""]","Metadata/Effects/Spells/base_arrow_attack/arrow_base_bounce.ao",0,80,0,20,"","",0,100,100,100,0,[],"",[],"","","","","","","","","","",[],[],1
65,"Metadata/Projectiles/WandProjectile","[""Metadata/Effects/Spells/base_wand_attack/projectile/wand_projectile.ao""]","[""projectile_01""]","[""impact""]",3260,"",1,"",1,"Metadata/Projectiles/Projectile","",2,1,"",[],"",0,0,0,0,3573,"",0,0,100,100,0,[],"",[],"","","","","","","","","","",[],[],1
66,"Metadata/Projectiles/CausticArrow","[""Metadata/Effects/Spells/caustic_arrow_02/causticarrow.ao""]",[],[],3260,1,1,"","","Metadata/Projectiles/Projectile","",1,"","","[""Metadata/Effects/Spells/caustic_arrow_02/causticarrow_stuck.ao""]","Metadata/Effects/Spells/caustic_arrow_02/causticarrow_bounce.ao",50,80,0,20,"","",0,100,100,100,0,[],"",[],"","","","","","","","","","",[],[],1
67,"Metadata/Projectiles/BurningArrow","[""Metadata/Effects/Spells/firearrow_02/burning_arrow.ao""]",[],[],3260,"",1,"","","Metadata/Projectiles/Projectile","",1,"","","[""Metadata/Effects/Spells/base_arrow_attack/stuck_arrows/arrow_fire.ao""]","Metadata/Effects/Spells/firearrow_02/burning_arrow_bounce.ao",50,80,0,20,3572,"",0,0,100,100,0,[],"",[],"","","","","","","","","","",[],[],1
68,"Metadata/Projectiles/VaalBurningArrow","[""Metadata/Effects/Spells/firearrow/rig.ao""]","[""firearrow""]","[""firearrowimpact""]",3260,1,1,"","","Metadata/Projectiles/Projectile","",1,"","",[],"",50,0,0,0,"","",0,100,100,100,0,[],"",[],"","","","","","","","","","",[],[],1
69,"Metadata/Projectiles/FuseArrow","[""Metadata/Effects/Spells/explosivearrow_2/projectile/basearrow.ao""]","[""explodingarrow""]",[],3260,"",1,"","","Metadata/Projectiles/Projectile","",1,"","","[""Metadata/Effects/Spells/explosivearrow_2/projectile/arrow_base_stuck.ao""]","",100,100,0,0,"","",0,0,100,100,0,[],"",[],"","","","","","","","","","",[],[],1
70,"Metadata/Projectiles/LightningArrowBloodMTX","[""Metadata/Effects/Spells/blood_arrow/rig.ao""]","[""bloodarrow""]","[""bloodimpact""]",3260,"",1,"","","Metadata/Projectiles/Projectile","",1,"","","[""Metadata/Effects/Spells/base_arrow_attack/arrow_base_stuck.ao""]","Metadata/Effects/Spells/base_arrow_attack/arrow_base_bounce.ao",50,80,0,20,3563,3580,0,100,100,100,0,[],"",[],"","","","","","","","","","",[],[],1
71,"Metadata/Projectiles/LightningArrow","[""Metadata/Effects/Spells/bow_lightning_arrow/projectile_01.ao""]","[""projectile_01""]","[""impact_01""]",5400,"",1,"","","Metadata/Projectiles/Projectile","",1,"","",[],"",100,100,0,0,8331,"",0,0,100,100,0,[],"",[],"","","",231,"","muzzleSpell_Lightning_01",231,"","","",[],[],1
72,"Metadata/Projectiles/LightningArrowNonStick","[""Metadata/Effects/Spells/lightning_arrows_02/lightning_arrow.ao""]",[],[],3260,"",1,"","","Metadata/Projectiles/Projectile","",1,"","","[""Metadata/Effects/Spells/lightning_arrows_02/lightning_arrow_stuck.ao""]","Metadata/Effects/Spells/lightning_arrows_02/lightning_arrow_bounce.ao",0,80,0,20,"","",0,100,100,100,0,[],"",[],"","","","","","","","","","",[],[],1
73,"Metadata/Projectiles/IceArrow","[""Metadata/Effects/Spells/icearrow_02/arrow_ice.ao""]",[],[],3260,"",1,"","","Metadata/Projectiles/Projectile","",1,"","","[""Metadata/Effects/Spells/icearrow_02/arrow_ice_stuck.ao""]","Metadata/Effects/Spells/icearrow_02/arrow_ice_bounce.ao",50,80,0,20,"","",0,100,100,100,0,[],"",[],"","","","","","","","","","",[],[],1
74,"Metadata/Projectiles/PietyIceArrow","[""Metadata/Effects/Spells/monsters_effects/act3/piety/icearrow/rig.ao""]","[""icearrow""]","[""icearrowimpact""]",3260,"",1,"","","Metadata/Projectiles/Projectile","",1,"","",[],"",0,0,0,0,"","",0,0,100,100,0,[],"",[],"","","","","","","","","","",[],[],1
75,"Metadata/Projectiles/MonsterIceArrow","[""Metadata/Effects/Spells/icearrow/rig_monster.ao""]","[""icearrow""]","[""icearrowimpact""]",3260,"",1,"","","Metadata/Projectiles/Projectile","",1,"","",[],"",0,0,0,0,"","",0,0,100,100,0,[],"",[],"","","","","","","","","","",[],[],1
76,"Metadata/Projectiles/IceArrowVaalOrb","[""Metadata/Effects/Microtransactions/Spells/VallOrbIceShot/arrow_ice.ao""]",[],[],3260,"",1,"","","Metadata/Projectiles/Projectile","",1,"","","[""Metadata/Effects/Microtransactions/Spells/VallOrbIceShot/arrow_ice_stuck.ao""]","Metadata/Effects/Microtransactions/Spells/VallOrbIceShot/arrow_ice_bounce.ao",50,80,0,20,146,5692,0,100,100,100,0,[],"",[],"","","","","","","","","","",[],[],1
77,"Metadata/Projectiles/SnakeSpine","[""Metadata/Effects/Spells/monsters_effects/act2/snake_monster_spine/rig.ao""]","[""spine_shoot""]","[""spine_shatter""]",1800,"",2,"","","Metadata/Projectiles/Projectile","",2,"","",[],"",0,0,0,0,"","",0,0,100,100,0,[],"",[],"","","","","","","","","","",[],[],1
78,"Metadata/Projectiles/FemaleDemonRangedProjectile","[""Metadata/Effects/Spells/monsters_effects/act3/female_demon_ranged/rig.ao""]","[""demonfemaleranged_shoot""]","[""demonfemaleranged_end""]",1800,1,2,"","","Metadata/Projectiles/Projectile","",2,"","",[],"",0,0,0,0,"","",0,0,100,100,0,[],"",[],"","","","","","","","","","",[],[],1
79,"Metadata/Projectiles/StatueSpearGold","[""Metadata/Effects/Spells/monsters_effects/act3/spear_throw/rig.ao""]","[""spearthrow_loop""]","[""spearthrow_impact""]",1000,"",2,"","","Metadata/Projectiles/Projectile","",2,"","",[],"",0,0,0,0,"","",0,0,100,100,0,[],"",[],"","","","","","","","","","",[],[],1
80,"Metadata/Projectiles/StatueSpearStone","[""Metadata/Effects/Spells/monsters_effects/act3/spear_throw/marble.ao""]","[""spearthrow_loop""]","[""spearthrow_impact""]",1000,"",2,"","","Metadata/Projectiles/Projectile","",2,"","",[],"",0,0,0,0,"","",0,0,100,100,0,[],"",[],"","","","","","","","","","",[],[],1
81,"Metadata/Projectiles/BallLightning","[""Metadata/Effects/Spells/lightning_balllightning/ball_Lightning.ao""]","[""projectile_01""]","[""impact_01""]",300,"",2,"","","Metadata/Projectiles/Projectile","",2,"","",[],"",0,0,0,0,"","",0,0,100,100,0,[],"",[],"","","","","","","","","","",[],[],1
82,"Metadata/Projectiles/ShavronneBallLightning","[""Metadata/Effects/Spells/monsters_effects/act9/The_Trio/Shavronne/ultimate_ball_lightning/projectile.ao""]","[""loop""]","[""impact""]",400,"",2,"","","Metadata/Projectiles/Projectile","",2,"","",[],"",0,0,0,0,"","",0,0,100,100,0,[],"",[],"","","","","","","","","","",[],[],1
83,"Metadata/Projectiles/HarbingerBallLightning","[""Metadata/Effects/Spells/monsters_effects/league_avatar/ultimate_ball_lightning/projectile.ao""]","[""loop""]","[""impact""]",300,"",2,"","","Metadata/Projectiles/Projectile","",2,"","",[],"",0,0,0,0,"","",0,0,100,100,0,[],"",[],"","","","","","","","","","",[],[],1
84,"Metadata/Projectiles/Flamethrower1","[""Metadata/Effects/Spells/flaming_wrath/small.ao""]","[""flamingwrath_shoot""]","[""flamingwrath_end""]",700,"",1,"","","Metadata/Projectiles/Projectile","",1,"","",[],"",0,0,0,0,"","",0,0,100,100,0,[],"",[],"","","","","","","","","","",[],[],1
85,"Metadata/Projectiles/Flamethrower2","[""Metadata/Effects/Spells/flaming_wrath/mid.ao""]","[""flamingwrath_shoot""]","[""flamingwrath_end""]",700,"",2,"","","Metadata/Projectiles/Projectile","",2,"","",[],"",0,0,0,0,"","",0,0,100,100,0,[],"",[],"","","","","","","","","","",[],[],1
86,"Metadata/Projectiles/Flamethrower3","[""Metadata/Effects/Spells/flaming_wrath/big.ao""]","[""flamingwrath_shoot""]","[""flamingwrath_end""]",700,"",2,"","","Metadata/Projectiles/Projectile","",3,"","",[],"",0,0,0,0,"","",0,0,100,100,0,[],"",[],"","","","","","","","","","",[],[],1
87,"Metadata/Projectiles/Flamethrower4","[""Metadata/Effects/Spells/flaming_wrath/biggest.ao""]","[""flamingwrath_shoot""]","[""flamingwrath_end""]",700,"",2,"","","Metadata/Projectiles/Projectile","",4,"","",[],"",0,0,0,0,"","",0,0,100,100,0,[],"",[],"","","","","","","","","","",[],[],1
88,"Metadata/Projectiles/FlamethrowerBlue1","[""Metadata/Effects/Microtransactions/Spells/incinerate/blue/small/small.ao""]","[""flamingwrath_shoot""]","[""flamingwrath_end""]",700,"",1,"","","Metadata/Projectiles/Projectile","",1,"","",[],"",0,0,0,0,"","",0,0,100,100,0,[],"",[],"","","","","","","","","","",[],[],1
89,"Metadata/Projectiles/FlamethrowerBlue2","[""Metadata/Effects/Microtransactions/Spells/incinerate/blue/mid/mid.ao""]","[""flamingwrath_shoot""]","[""flamingwrath_end""]",700,"",2,"","","Metadata/Projectiles/Projectile","",2,"","",[],"",0,0,0,0,"","",0,0,100,100,0,[],"",[],"","","","","","","","","","",[],[],1
90,"Metadata/Projectiles/FlamethrowerBlue3","[""Metadata/Effects/Microtransactions/Spells/incinerate/blue/big/big.ao""]","[""flamingwrath_shoot""]","[""flamingwrath_end""]",700,"",2,"","","Metadata/Projectiles/Projectile","",3,"","",[],"",0,0,0,0,"","",0,0,100,100,0,[],"",[],"","","","","","","","","","",[],[],1
91,"Metadata/Projectiles/FlamethrowerBlue4","[""Metadata/Effects/Microtransactions/Spells/incinerate/blue/biggest/biggest.ao""]","[""flamingwrath_shoot""]","[""flamingwrath_end""]",700,"",2,"","","Metadata/Projectiles/Projectile","",4,"","",[],"",0,0,0,0,"","",0,0,100,100,0,[],"",[],"","","","","","","","","","",[],[],1
92,"Metadata/Projectiles/LightningSoul","[""Metadata/Effects/Spells/monsters_effects/act3/dominus/lightning_souls/screaming_soul_main.ao""]","[""souls""]",[],1000,"",2,"","","Metadata/Projectiles/Projectile","",2,"","",[],"",0,0,0,0,"","",0,0,100,100,0,[],"",[],"","","","","","","","","","",[],[],1
93,"Metadata/Projectiles/BirdmanBloodBall","[""Metadata/Effects/Spells/monsters_effects/act1/birdman/bloodballattach.ao""]","[""animate""]",[],750,1,0,1,"","Metadata/Projectiles/Projectile","",0,"","",[],"",0,0,0,0,"","",0,0,100,100,0,[],"",[],"","","","","","","","","","",[],[],1
94,"Metadata/Projectiles/DominusDemonChargeProjectile","[""Metadata/Effects/Spells/monsters_effects/act3/dominus/freezepulse_shockwaves/rig.ao""]","[""freezing_tide""]","[""freezing_tide_end""]",1500,"",4,"","","Metadata/Projectiles/Projectile","",4,"","",[],"",0,0,0,0,"","",0,0,100,100,0,[],"",[],"","","","","","","","","","",[],[],1
95,"Metadata/Projectiles/DominusDemonChargeEndProjectile","[""Metadata/Effects/Spells/monsters_effects/act3/dominus/freezepulse_shockwaves/rig.ao""]","[""freezing_tide""]","[""freezing_tide_end""]",2250,"",4,"","","Metadata/Projectiles/Projectile","",4,"","",[],"",0,0,0,0,"","",0,0,100,100,0,[],"",[],"","","","","","","","","","",[],[],1
96,"Metadata/Projectiles/LightningTrap","[""Metadata/Effects/Spells/traps/lightning_trap/projectile.ao""]","[""lightningtrap_projectile_loop""]","[""lightningtrap_projectile_end""]",960,"",2,1,"","Metadata/Projectiles/Projectile","",2,"","",[],"",0,0,0,0,"","",0,0,100,100,0,[],"",[],"","","","","","","","","","",[],[],1
97,"Metadata/Projectiles/ThrownWeapon","[""Metadata/Effects/Spells/spectral_weapon_throw/rig.ao""]","[""1h_axe_throw""]",[],1000,"",2,"","","Metadata/Projectiles/Projectile","",4,"","",[],"",0,0,0,0,"","",0,0,100,100,0,[],"",[],"","","","","","","","","","",[],[],1
98,"Metadata/Projectiles/SpikerSpike","[""Metadata/Effects/Spells/monsters_effects/Act2_FOUR/Spiker/spike.ao""]","[""idle""]","[""impact""]",850,1,2,"","","Metadata/Projectiles/Projectile","",2,"","","[""Metadata/Effects/Spells/monsters_effects/Act2_FOUR/Spiker/stuck.ao""]","",0,100,0,0,"","",0,0,90,110,1,[],"",[],"","","","","","","","","","",[],[],1
99,"Metadata/Projectiles/SpikerSpikeSanctum","[""Metadata/Effects/Spells/monsters_effects/Act2_FOUR/Spiker/spike_poison.ao""]","[""idle""]","[""impact""]",850,1,2,"","","Metadata/Projectiles/Projectile","",2,"","","[""Metadata/Effects/Spells/monsters_effects/Act2_FOUR/Spiker/stuck_poison.ao""]","",0,100,0,0,"","",0,0,90,110,1,[],"",[],"","","","","","","","","","",[],[],1
100,"Metadata/Projectiles/SpikerSpikeChrome","[""Metadata/Effects/Spells/monsters_effects/Act2_FOUR/Spiker/spike_chrome.ao""]","[""idle""]","[""impact""]",1500,1,2,"","","Metadata/Projectiles/ProjectileMortar","",2,"","","[""Metadata/Effects/Spells/monsters_effects/Act2_FOUR/Spiker/stuck_chrome.ao""]","",0,100,0,0,"","",0,0,90,110,1,[],"",[],"","","","","","","","","","",[],[],1
101,"Metadata/Projectiles/BookTornado","[""Metadata/Effects/Spells/monsters_effects/act3/book_tornado/book_tornado_base.ao""]","[""start""]","[""end""]",700,"",2,1,"","Metadata/Projectiles/ProjectileGround","",2,"","",[],"",0,0,0,0,"","",0,0,100,100,0,[],"",[],"","","","","","","","","","",[],[],1
102,"Metadata/Projectiles/FireTornado","[""Metadata/Effects/Spells/monsters_effects/Phoenix/Guardian_Of_Phoenix/vortex/firevortex.ao""]","[""start""]","[""end""]",700,"",4,1,"","Metadata/Projectiles/ProjectileGround","",4,"","",[],"",0,0,0,0,"","",0,0,100,100,0,[],"",[],"","","","","","","","","","",[],[],1
103,"Metadata/Projectiles/BookThrow","[""Metadata/Effects/Spells/monsters_effects/act3/book_tornado/book_throw.ao""]","[""throw""]","[""end""]",750,"",2,1,"","Metadata/Projectiles/Projectile","",2,"","",[],"",0,0,0,0,"","",0,0,100,100,0,[],"",[],"","","","","","","","","","",[],[],1
104,"Metadata/Projectiles/SpectralThrowEbonyMTXNew","[""Metadata/Effects/Microtransactions/Spells/spectral_throw/ebony_new/boomerang.ao""]","[""animate""]",[],1000,"",2,"","","Metadata/Projectiles/Projectile","",4,"","",[],"",0,0,0,0,"","",0,0,100,100,0,[],"",[],"","","","","","","","","","",[],[],1
105,"Metadata/Projectiles/SpectralThrowGold","[""Metadata/Effects/Microtransactions/Spells/spectral_throw/gold/rig.ao""]","[""1h_axe_throw""]",[],1000,"",2,"","","Metadata/Projectiles/Projectile","",4,"","",[],"",0,0,0,0,"","",0,0,100,100,0,[],"",[],"","","","","","","","","","",[],[],1
106,"Metadata/Projectiles/SpectralThrowEbony","[""Metadata/Effects/Microtransactions/Spells/spectral_throw/ebony/rig_standalone.ao""]","[""animate""]",[],1000,"",2,"","","Metadata/Projectiles/Projectile","",4,"","",[],"",0,0,0,0,"","",0,0,100,100,0,[],"",[],"","","","","","","","","","",[],[],1
107,"Metadata/Projectiles/SpectralThrowBoomerang","[""Metadata/Effects/Microtransactions/Spells/spectral_throw/boomerang/boomerange.ao""]","[""animate""]",[],1000,"",2,"","","Metadata/Projectiles/Projectile","",4,"","",[],"",0,0,0,0,"","",0,0,100,100,0,[],"",[],"","","","","","","","","","",[],[],1
108,"Metadata/Projectiles/SpectralThrowFairgraves","[""Metadata/Effects/Spells/fairgraves_spectral_throw/rig.ao""]","[""1h_axe_throw""]",[],1000,"",2,"","","Metadata/Projectiles/Projectile","",4,"","",[],"",0,0,0,0,"","",0,0,100,100,0,[],"",[],"","","","","","","","","","",[],[],1
109,"Metadata/Projectiles/BallLightningPlayer","[""Metadata/Effects/Spells/lightning_balllightning/ball_Lightning.ao""]","[""projectile_01""]","[""impact_01""]",400,"",2,"","","Metadata/Projectiles/Projectile","",2,"","",[],"",0,0,0,0,"","",0,0,100,100,0,[],"",[],"","","","","","","","","","",[],[],1
110,"Metadata/Projectiles/BallLightningInfusedPlayer","[""Metadata/Effects/Spells/lightning_balllightning/ball_Lightning.ao""]","[""projectile_infusion_FIRE_01""]",[],400,"",2,"","","Metadata/Projectiles/Projectile","",2,"","",[],"",0,0,0,0,"","",0,0,100,100,0,[],"",[],"","","","","","","","","","",[],[],1
111,"Metadata/Projectiles/AtziriSpear","[""Metadata/Effects/Spells/monsters_effects/vaal_sacrifice/spear_throw/rig.ao""]","[""spearthrow_loop""]","[""spearthrow_impact""]",1500,"",2,"","","Metadata/Projectiles/Projectile","",2,"","",[],"",0,0,0,0,"","",0,0,100,100,0,[],"",[],"","","","","","","","","","",[],[],1
112,"Metadata/Projectiles/AtziriSpearRitual","[""Metadata/Effects/Spells/monsters_effects/vaal_sacrifice/spear_throw/rig.ao""]","[""spearthrow_loop""]","[""spearthrow_impact""]",1500,1,2,"","","Metadata/Projectiles/Projectile","",2,"","",[],"",0,0,0,0,"","",0,0,100,100,0,[],"",[],"","","","","","","","","","",[],[],1
113,"Metadata/Projectiles/MoltenStrikeChunk","[""Metadata/Effects/Spells/molten_strike/chunks.ao""]","[""projectile""]",[],750,"",2,"","","Metadata/Projectiles/Projectile","",2,"","",[],"",0,0,0,0,"","",0,0,100,100,0,[],"",[],"","","","","","","","","","",[],[],1
114,"Metadata/Projectiles/TornadoShotArrow","[""Metadata/Effects/Spells/bow_tornado_shot/projectile.ao""]","[""projectileRainUP_01""]","[""impact""]",2173,1,1,"","","Metadata/Projectiles/Projectile","",1,"","",[],"",0,0,0,0,"","",0,0,100,100,0,[],"",[],"","","","","","","","","","",[],[],1
115,"Metadata/Projectiles/TornadoShotWandProjectile","[""Metadata/Effects/misc/wand/norm/rig.ao""]","[""wand_projectile""]","[""wand_collide""]",2173,1,1,"","","Metadata/Projectiles/Projectile","",1,"","",[],"",0,0,0,0,"","",0,0,100,100,0,[],"",[],"","","","","","","","","","",[],[],1
116,"Metadata/Projectiles/HeiTiki","[""Metadata/Effects/Spells/monsters_effects/act4/HeiTiki/projectile.ao""]","[""projectile""]","[""projectileexplode""]",600,"",2,"","","Metadata/Projectiles/Projectile","",2,"","",[],"",0,0,0,0,"","",0,0,100,100,0,[],"",[],"","","","","","","","","","",[],[],1
117,"Metadata/Projectiles/FishIceSpear","[""Metadata/Effects/Microtransactions/Spells/icespear/fish/rig.ao""]","[""frozenspear_idle""]","[""frozenspear_impact""]",600,"",2,"","","Metadata/Projectiles/Projectile","",2,"","",[],"",0,0,0,0,"","",0,0,100,100,0,[],"",[],"","","","","","","","","","",[],[],1
118,"Metadata/Projectiles/RampageProjectile","[""Metadata/Effects/Spells/rampage/projectile/rig.ao""]","[""fireball""]","[""fireball_explode""]",960,"",2,"","","Metadata/Projectiles/Projectile","",2,"","",[],"",0,0,0,0,"","",0,0,100,100,0,[],"",[],"","","","","","","","","","",[],[],1
119,"Metadata/Projectiles/LightningTrapNoOrb","[""Metadata/Effects/Spells/traps/lightning_trap/projectile_no_orb.ao""]","[""lightningtrap_projectile_loop""]","[""lightningtrap_projectile_end""]",960,"",2,1,"","Metadata/Projectiles/Projectile","",2,"","",[],"",0,0,0,0,"","",0,0,100,100,0,[],"",[],"","","","","","","","","","",[],[],1
120,"Metadata/Projectiles/TornadoShotSecondaryArrow","[""Metadata/Effects/Spells/tornado_shot_02/tornado_proj.ao""]","[""projectile""]","[""impact""]",2173,"",1,"","","Metadata/Projectiles/Projectile","",1,"","","[""Metadata/Effects/Spells/tornado_shot_02/tornado_proj_stuck.ao""]","Metadata/Effects/Spells/tornado_shot_02/tornado_proj_bounce.ao",50,80,0,20,"","",0,100,100,100,0,[],"",[],"","","","","","","","","","",[],[],1
121,"Metadata/Projectiles/TornadoShotSecondaryWandProjectile","[""Metadata/Effects/misc/wand/norm/rig.ao""]","[""wand_projectile""]","[""wand_collide""]",2173,"",1,"","","Metadata/Projectiles/Projectile","",1,"","",[],"",0,0,0,0,"","",0,0,100,100,0,[],"",[],"","","","","","","","","","",[],[],1
122,"Metadata/Projectiles/MinerLanternFire","[""Metadata/Effects/Spells/monsters_effects/act4/miner/lanter_fireball/miner_fireball_once.ao""]","[""animate""]",[],500,1,2,"","","Metadata/Projectiles/Projectile","",2,"","",[],"",0,0,0,0,"","",0,0,100,100,0,[],"",[],"","","","","","","","","","",[],[],1
123,"Metadata/Projectiles/TaniwhaSpike","[""Metadata/Effects/Spells/monsters_effects/act4/taniwha/spike.ao""]","[""spine_travel""]","[""spine_impact""]",1800,"",2,"","","Metadata/Projectiles/Projectile","",2,"","",[],"",0,0,0,0,"","",0,0,100,100,0,[],"",[],"","","","","","","","","","",[],[],1
124,"Metadata/Projectiles/WaterVortex","[""Metadata/Effects/Spells/monsters_effects/act4/water_elemental/whirlpool/whirlpool_attack.ao""]","[""whirlpool_loop""]","[""whirlpool_end""]",300,1,2,"","","Metadata/Projectiles/Projectile","",2,"","",[],"",0,0,0,0,"","",0,0,100,100,0,[],"",[],"","","","","","","","","","",[],[],1
125,"Metadata/Projectiles/MortarMolten","[""Metadata/Effects/Spells/monsters_effects/molten_projectile/rig.ao""]","[""projectile""]",[],750,1,2,"","","Metadata/Projectiles/Projectile","",2,"","",[],"",0,0,0,0,"","",0,0,100,100,1,[],"",[],"","","","","","","","","","",[],[],1
126,"Metadata/Projectiles/TormentSpectralThrow","[""Metadata/Effects/Spells/fairgraves_spectral_throw/torment_spectral_throw.ao""]","[""1h_sword_throw""]",[],1000,"",2,"","","Metadata/Projectiles/Projectile","",4,"","",[],"",0,0,0,0,"","",0,0,100,100,0,[],"",[],"","","","","","","","","","",[],[],1
127,"Metadata/Projectiles/RampageProjectilePoison","[""Metadata/Effects/Spells/rampage/poison_projectile/poison_projectile.ao""]","[""poison""]","[""poison_explode""]",960,"",2,"","","Metadata/Projectiles/Projectile","",2,"","",[],"",0,0,0,0,"","",0,0,100,100,0,[],"",[],"","","","","","","","","","",[],[],1
128,"Metadata/Projectiles/GladiatorSword","[""Metadata/Effects/Spells/monsters_effects/act4/gladiator/sword_throw/rig.ao""]","[""sword_throwloop""]","[""sword_end""]",1125,"",2,"","","Metadata/Projectiles/Projectile","",2,"","",[],"",0,0,0,0,"","",0,0,100,100,0,[],"",[],"","","","","","","","","","",[],[],1
129,"Metadata/Projectiles/HandfingerHammer","[""Metadata/Effects/Spells/monsters_effects/act4/weapon_throws/default.ao""]","[""1h_mace_throw""]",[],1000,"",2,"","","Metadata/Projectiles/Projectile","",2,"","",[],"",0,0,0,0,"","",0,0,100,100,0,[],"",[],"","","","","","","","","","",[],[],1
130,"Metadata/Projectiles/NoEffectsSpectralThrow","[""Metadata/Effects/Spells/monsters_effects/act4/weapon_throws/default.ao""]","[""1h_sword_throw""]",[],750,"",2,"","","Metadata/Projectiles/Projectile","",4,"","",[],"",0,0,0,0,"","",0,0,100,100,0,[],"",[],"","","","","","","","","","",[],[],1
131,"Metadata/Projectiles/KaomWarriorElectricArrow","[""Metadata/Effects/Spells/monsters_effects/act4/arrow_projectile/kaom_warrior_archer/electrical_arrow/rig.ao""]","[""electricalarrow""]","[""electricalarrowimpact""]",750,"",2,"","","Metadata/Projectiles/Projectile","",2,"","",[],"",0,0,0,0,"","",0,0,100,100,0,[],"",[],"","","","","","","","","","",[],[],1
132,"Metadata/Projectiles/HalfSkeletonSpike","[""Metadata/Effects/Spells/monsters_effects/act4/half_skeleton/spiral_projectile.ao""]","[""projectile_loop""]","[""projectile_impact""]",750,"",2,"","","Metadata/Projectiles/Projectile","",2,"","",[],"",0,0,0,0,"","",0,0,100,100,0,[],"",[],"","","","","","","","","","",[],[],1
133,"Metadata/Projectiles/HalfSkeletonSpikeChaosBreach","[""Metadata/Effects/Spells/monsters_effects/Breach/Chaos/HalfSkeleton/spiral_projectile.ao""]","[""projectile_loop""]","[""projectile_impact""]",750,"",2,"","","Metadata/Projectiles/Projectile","",2,"","",[],"",0,0,0,0,"","",0,0,100,100,0,[],"",[],"","","","","","","","","","",[],[],1
134,"Metadata/Projectiles/MinerThrowSpawn","[""Metadata/Effects/Spells/monsters_effects/act4/miner/throw_spawn/throwspawn.ao""]","[""animate""]",[],750,1,2,"","","Metadata/Projectiles/Projectile","",2,"","",[],"",0,0,0,0,"","",0,0,100,100,0,[],"",[],"","","","","","","","","","",[],[],1
135,"Metadata/Projectiles/MortarMoltenSmall","[""Metadata/Effects/Spells/monsters_effects/molten_projectile_small/projectile.ao""]","[""projectile_projectilesmall""]",[],750,1,2,"","","Metadata/Projectiles/Projectile","",2,"","",[],"",0,0,0,0,"","",0,0,100,100,1,[],"",[],"","","","","","","","","","",[],[],1
136,"Metadata/Projectiles/MortarDoedreBlood","[""Metadata/Effects/Spells/monsters_effects/Doedre_blood_projectile/rig.ao""]","[""projectile""]",[],750,1,2,"","","Metadata/Projectiles/Projectile","",2,"","",[],"",0,0,0,0,"","",0,0,100,100,1,[],"",[],"","","","","","","","","","",[],[],1
137,"Metadata/Projectiles/MortarDoedreBloodTriggerBubbles","[""Metadata/Effects/Spells/monsters_effects/Doedre_blood_projectile/rig.ao""]","[""projectile""]",[],750,1,2,"","","Metadata/Projectiles/Projectile","",2,"","",[],"",0,0,0,0,"","",0,0,100,100,1,[],"",[],"","","","","","","","","","",[],[],1
138,"Metadata/Projectiles/CorruptedBallLightning","[""Metadata/Effects/Spells/monsters_effects/act4/piety/sticky_orb/travel/orb_travel.ao""]","[""orbsticky_loop""]","[""orbtravel_enlarge""]",400,1,2,"","","Metadata/Projectiles/Projectile","",2,"","",[],"",0,0,0,0,"","",0,0,100,100,0,[],"",[],"","","","","","","","","","",[],[],1
139,"Metadata/Projectiles/ShavronneProjectile","[""Metadata/Effects/Spells/monsters_effects/act4/Shavronne/projectile.ao""]","[""projectile_loop""]","[""projectile_end""]",750,"",2,1,"","Metadata/Projectiles/Projectile","",2,"","",[],"",0,0,0,0,"","",0,0,100,100,0,[],"",[],"","","","","","","","","","",[],[],1
140,"Metadata/Projectiles/ShavronneLevitatingProjectile","[""Metadata/Effects/Spells/monsters_effects/act4/Shavronne/projectile.ao""]","[""projectile_loop""]","[""projectile_end""]",750,1,2,1,"","Metadata/Projectiles/Projectile","",2,"","",[],"",0,0,0,0,"","",0,0,100,100,0,[],"",[],"","","","","","","","","","",[],[],1
141,"Metadata/Projectiles/IceElementalProjectile","[""Metadata/Effects/Spells/monsters_effects/act4/arrow_projectile/ice_elemental/ice_projectile.ao""]","[""icearrow""]","[""icearrowimpact""]",750,"",2,"","","Metadata/Projectiles/Projectile","",2,"","",[],"",0,0,0,0,"","",0,0,100,100,0,[],"",[],"","","","","","","","","","",[],[],1
142,"Metadata/Projectiles/PuiTotemProjectile","[""Metadata/Effects/Spells/monsters_effects/act4/PuiTotem/projectile/ice_elemental_spear_projectile.ao""]","[""projectile""]","[""projectileexplode""]",750,"",2,"","","Metadata/Projectiles/Projectile","",2,"","",[],"",0,0,0,0,"","",0,0,100,100,0,[],"",[],"","","","","","","","","","",[],[],1
143,"Metadata/Projectiles/FireElementalSpray","[""Metadata/Effects/Spells/monsters_effects/fire_elemental/firespray/firespray.ao""]","[""firespray_shoot""]","[""firespray_end""]",750,1,2,"","","Metadata/Projectiles/Projectile","",3,"","",[],"",0,0,0,0,"","",0,0,100,100,0,[],"",[],"","","","","","","","","","",[],[],1
144,"Metadata/Projectiles/FireElementalMortar","[""Metadata/Effects/Spells/monsters_effects/fire_elemental/mortar/rig.ao""]","[""projectile""]",[],750,1,2,"","","Metadata/Projectiles/Projectile","",2,"","",[],"",0,0,0,0,"","",0,0,100,100,1,[],"",[],"","","","","","","","","","",[],[],1
145,"Metadata/Projectiles/DaressoCloneProjectile","[""Metadata/Effects/Spells/monsters_effects/act4/daresso/clone/charge/rig.ao""]","[""charge_travel""]","[""charge_end""]",1100,"",4,"","","Metadata/Projectiles/ProjectileGround","",4,"","",[],"",0,0,0,0,"","",0,0,100,100,0,[],"",[],"","","","","","","","","","",[],[],1
146,"Metadata/Projectiles/MassSkeletonArrowProjectile","[""Metadata/Effects/Spells/monsters_effects/act4/arrow_projectile/skeletonmass/arrow.ao""]","[""skeletonmass_loop""]","[""skeletonmass_impact""]",750,"",2,"","","Metadata/Projectiles/Projectile","",2,"","",[],"",0,0,0,0,"","",0,0,100,100,0,[],"",[],"","","","","","","","","","",[],[],1
147,"Metadata/Projectiles/KaomMortarMolten","[""Metadata/Effects/Spells/monsters_effects/act4/Kaom/Volcano/chunks.ao""]","[""projectile""]",[],750,1,2,"","","Metadata/Projectiles/Projectile","",2,"","",[],"",0,0,0,0,"","",0,0,100,100,1,[],"",[],"","","","","","","","","","",[],[],1
148,"Metadata/Projectiles/StaticTetherProjectile","[""Metadata/Effects/Spells/static_tether/projectile/rig.ao""]","[""projectile_loop""]",[],2000,"",2,"","","Metadata/Projectiles/Projectile","",2,"","",[],"",0,0,0,0,"","",0,0,100,100,0,[],"",[],"","","","","","","","","","",[],[],1
149,"Metadata/Projectiles/WandTeleportProjectile","[""Metadata/Effects/Spells/fireball/golden/rig.ao""]","[""fireball""]","[""fireball_explode""]",1040,"",2,1,"","Metadata/Projectiles/Projectile","",2,"","",[],"",0,0,0,0,"","",0,0,100,100,0,[],"",[],"","","","","","","","","","",[],[],1
150,"Metadata/Projectiles/MaligaroEtherealKnives","[""Metadata/Effects/Spells/monsters_effects/act4/arrow_projectile/maligaro_projectile/maligaro_projectile.ao""]","[""loop""]","[""impact""]",1200,"",2,"","","Metadata/Projectiles/Projectile","",2,"","",[],"",0,0,0,0,"","",0,0,100,100,0,[],"",[],"","","","","","","","","","",[],[],1
151,"Metadata/Projectiles/MalachaiMortar","[""Metadata/Effects/Spells/monsters_effects/act4/Malachai/projectile/MalachaiProjectile.ao""]","[""projectile""]",[],750,1,2,"","","Metadata/Projectiles/Projectile","",2,"","",[],"",0,0,0,0,"","",0,0,100,100,1,[],"",[],"","","","","","","","","","",[],[],1
152,"Metadata/Projectiles/ChurchStatueMoltenChunk","[""Metadata/Effects/Spells/monsters_effects/act3/statue_boss/divine_strike/chunks.ao""]","[""projectile""]",[],750,"",2,"","","Metadata/Projectiles/Projectile","",2,"","",[],"",0,0,0,0,"","",0,0,100,100,0,[],"",[],"","","","","","","","","","",[],[],1
153,"Metadata/Projectiles/IceStrikeProjectile","[""Metadata/Effects/Spells/ice_strike/iceprojectile.ao""]","[""icearrow""]",[],2250,"",2,"","","Metadata/Projectiles/Projectile","",2,"","",[],"",0,0,0,0,"","",0,0,100,100,0,[],"",[],"","","","","","","","","","",[],[],1
154,"Metadata/Projectiles/FrostBladesProjectileStygian","[""Metadata/Effects/Microtransactions/Spells/ice_strike/stygian/iceprojectile.ao""]","[""icearrow""]",[],2250,"",2,"","","Metadata/Projectiles/Projectile","",2,"","",[],"",0,0,0,0,"","",0,0,100,100,0,[],"",[],"","","","","","","","","","",[],[],1
155,"Metadata/Projectiles/NightwaneSnipeArrow","[""Metadata/Effects/Spells/monsters_effects/act4/arrow_projectile/power_shot/power_shot.ao""]","[""loop""]","[""impact""]",4400,"",2,"","","Metadata/Projectiles/Projectile","",2,"","",[],"",0,0,0,0,"","",0,0,100,100,0,[],"",[],"","","","","","","","","","",[],[],1
156,"Metadata/Projectiles/HydraSnipeArrow","[""Metadata/Effects/Spells/monsters_effects/Hydra/piercing_arrow/piercing_arrow.ao""]","[""loop""]","[""impact""]",2200,"",2,"","","Metadata/Projectiles/Projectile","",2,"","",[],"",0,0,0,0,"","",0,0,100,100,0,[],"",[],"","","","","","","","","","",[],[],1
157,"Metadata/Projectiles/FireMortar","[""Metadata/Effects/Spells/fire_rolling_magma/magma_projectile.ao""]","[""mortar""]","[""impact""]",750,1,2,"","","Metadata/Projectiles/Projectile","",2,"","",[],"",0,0,0,0,"","",0,0,100,100,1,[],"",[],"","","","","","","","",4,"",[],[],1
158,"Metadata/Projectiles/FireMortarMonster","[""Metadata/Effects/Spells/fire_rolling_magma/magma_projectile_monster.ao""]","[""projectile""]","[""impact""]",600,1,2,"","","Metadata/Projectiles/Projectile","",2,"","",[],"",0,0,0,0,"","",0,0,100,100,1,[],"",[],"","","","","","","","",14,"",[],[],1
159,"Metadata/Projectiles/ElementalStrikeColdProjectile","[""Metadata/Effects/Spells/elemental_strike/ice/rig.ao""]","[""ice_projectile""]","[""ice_projectile_end""]",1800,"",2,"","","Metadata/Projectiles/Projectile","",4,"","",[],"",0,0,0,0,"","",0,0,100,100,0,[],"",[],"","","","","","","","","","",[],[],1
160,"Metadata/Projectiles/MalachaiShadowBarrage","[""Metadata/Effects/Spells/ninja_shotgun/rig.ao""]","[""knife_loop""]",[],1300,1,2,"","","Metadata/Projectiles/Projectile","",2,"","",[],"",0,0,0,0,"","",0,0,100,100,0,[],"",[],"","","","","","","","","","",[],[],1
161,"Metadata/Projectiles/RevenantLightningProjectile","[""Metadata/Effects/Spells/monsters_effects/act4/revenant/projectile/rig.ao""]","[""projectile_loop""]","[""projectile_end""]",2000,"",2,"","","Metadata/Projectiles/Projectile","",2,"","",[],"",0,0,0,0,"","",0,0,100,100,0,[],"",[],"","","","","","","","","","",[],[],1
162,"Metadata/Projectiles/TarMortar","[""Metadata/Effects/Spells/monsters_effects/act4/taster/mortar/rig.ao""]","[""projectile""]",[],750,1,2,"","","Metadata/Projectiles/Projectile","",2,"","",[],"",0,0,0,0,"","",0,0,100,100,1,[],"",[],"","","","","","","","","","",[],[],1
163,"Metadata/Projectiles/EyeBallLightning","[""Metadata/Effects/Spells/static_tether/ball/rig.ao""]","[""lightning_orb_once""]","[""lightning_orb_end""]",400,"",2,"","","Metadata/Projectiles/Projectile","",2,"","",[],"",0,0,0,0,"","",0,0,100,100,0,[],"",[],"","","","","","","","","","",[],[],1
164,"Metadata/Projectiles/MalachaiTriBomb","[""Metadata/Effects/Spells/monsters_effects/act4/Malachai/tribomb/projectile.ao""]","[""projectile_loop""]","[""projectile_end""]",370,"",3,"","","Metadata/Projectiles/Projectile","",3,"","",[],"",0,0,0,0,"","",0,0,100,100,0,[],"",[],"","","","","","","","","","",[],[],1
165,"Metadata/Projectiles/IceElementalSwordProjectile","[""Metadata/Effects/Spells/monsters_effects/act4/ice_elemental/ice_sword_projectile/rig.ao""]","[""icesword""]","[""iceswordimpact""]",750,"",2,"","","Metadata/Projectiles/Projectile","",2,"","",[],"",0,0,0,0,"","",0,0,100,100,0,[],"",[],"","","","","","","","","","",[],[],1
166,"Metadata/Projectiles/HandfingerFireThrownWeapon","[""Metadata/Effects/Spells/monsters_effects/act4/Handfinger/hammer_throw/rig.ao""]","[""1h_mace_throw""]",[],1000,"",2,"","","Metadata/Projectiles/Projectile","",4,"","",[],"",0,0,0,0,"","",0,0,100,100,0,[],"",[],"","","","","","","","","","",[],[],1
167,"Metadata/Projectiles/TaniwhaBlue","[""Metadata/Effects/Spells/monsters_effects/act4/taniwha/spike_BLUE.ao""]","[""spine_travel""]","[""spine_impact""]",1800,"",2,"","","Metadata/Projectiles/Projectile","",2,"","",[],"",0,0,0,0,"","",0,0,100,100,0,[],"",[],"","","","","","","","","","",[],[],1
168,"Metadata/Projectiles/ShrapnelShotSpecificRange","[""Metadata/Effects/Spells/shrapnel_shot/cone_projectile.ao""]","[""proj1"",""proj2"",""proj3""]","[""impact""]",2173,"",2,"","","Metadata/Projectiles/Projectile",3509,3,"","",[],"",0,0,0,0,"","",0,0,100,100,0,[],"",[],"","","","","","","","","","",[],[],1
169,"Metadata/Projectiles/ShrapnelShot","[""Metadata/Effects/Spells/shrapnel_shot/projectile.ao""]","[""arrow_loop""]","[""arrow_impact""]",3260,"",2,"","","Metadata/Projectiles/Projectile","",2,"","",[],"",0,0,0,0,"","",0,0,100,100,0,[],"",[],"","","","","","","","","","",[],[],1
170,"Metadata/Projectiles/StaticTether","[""Metadata/Effects/Spells/static_tether/projectile/rig.ao""]","[""projectile_loop""]","[""projectile_end""]",3260,"",1,"","","Metadata/Projectiles/Projectile","",1,"","",[],"",0,0,0,0,"","",0,0,100,100,0,[],"",[],"","","","","","","","","","",[],[],1
171,"Metadata/Projectiles/LightningGolemProjectile","[""Metadata/Effects/Spells/monsters_effects/lightning_elemental/projectile/rig.ao""]","[""projectile_idle""]","[""projectile_explode""]",2000,"",1,"","","Metadata/Projectiles/Projectile","",1,"","",[],"",0,0,0,0,"","",0,0,100,100,0,[],"",[],"","","","","","","","","","",[],[],1
172,"Metadata/Projectiles/ChainingPhysicalProjectile","[""Metadata/Effects/Spells/chaining_physical_projectile/chaining_physical_projectile.ao""]","[""loop""]","[""impact""]",2000,"",2,"","","Metadata/Projectiles/Projectile","",2,"","",[],"",0,0,0,0,"","",0,0,100,100,0,[],"",[],"","","","","","","","","","",[],[],1
173,"Metadata/Projectiles/IcyProjectileNova","[""Metadata/Effects/Spells/enchantment_skills/ice_projectile_nova/rig.ao""]","[""projectile""]","[""impact""]",2000,"",2,"","","Metadata/Projectiles/Projectile","",2,"","",[],"",0,0,0,0,"","",0,0,100,100,0,[],"",[],"","","","","","","","","","",[],[],1
174,"Metadata/Projectiles/WaterVortexArtVariation","[""Metadata/Effects/Spells/enchantment_skills/water_vortex/water_vortex.ao""]","[""vortex_loop""]","[""vortex_end""]",300,1,2,"","","Metadata/Projectiles/Projectile","",2,"","",[],"",0,0,0,0,"","",0,0,100,100,0,[],"",[],"","","","","","","","","","",[],[],1
175,"Metadata/Projectiles/Siphon","[""Metadata/Effects/Spells/chaos_essencedrain/essenceDrain_Projectile.ao""]",[],"[""impact_01""]",1125,"",2,"","","Metadata/Projectiles/Projectile","",2,"","",[],"",0,0,0,0,"","",0,0,100,100,0,[],"",[],"","","","","","","","","","jntBnd_projectile",[],[],1
176,"Metadata/Projectiles/PaleKingSiphon","[""Metadata/Effects/Spells/monsters_effects/prophecy_league/PaleKingChaos/chaos_projectile/rig.ao""]","[""loop""]","[""impact""]",750,"",2,"","","Metadata/Projectiles/Projectile","",2,"","",[],"",0,0,0,0,"","",0,0,100,100,0,[],"",[],"","","","","","","","","","",[],[],1
177,"Metadata/Projectiles/ArrowTrapProjectile","[""Metadata/Effects/Environment/labyrinth/traps/goblin_darts/rig.ao""]","[""spine_shoot""]","[""spine_shatter""]",2000,"",1,"","","Metadata/Projectiles/Projectile","",1,"","",[],"",0,0,0,0,"","",0,0,100,100,0,[],"",[],"","","","","","","","","","",[],[],1
178,"Metadata/Projectiles/EnchantedWeaponProjectile","[""Metadata/Effects/Spells/spectral_weapon_throw/rig.ao""]","[""1h_axe_throw""]","[""explosion""]",1000,"",2,"","","Metadata/Projectiles/Projectile","",2,"","",[],"",0,0,0,0,"","",0,0,100,100,0,[],"",[],"","","","","","","","","","",[],[],1
179,"Metadata/Projectiles/CrossbowSnipeProjectile","[""Metadata/Effects/Spells/monsters_effects/totems/CrossBow/projectile/projectile.ao""]","[""loop""]","[""impact""]",3260,"",2,"","","Metadata/Projectiles/Projectile","",2,"","",[],"",0,0,0,0,3563,"",0,0,100,100,0,[],"",[],"","","","","","","","","","",[],[],1
180,"Metadata/Projectiles/MagmaOrbConcoctionProjectile","[""Metadata/Effects/Microtransactions/Spells/magma_orb/explosive_concoction/rig.ao""]","[""projectile""]",[],400,1,2,"","","Metadata/Projectiles/Projectile","",2,"","",[],"",0,0,0,0,"","",0,0,100,100,1,[],"",[],"","","","","","","","",4,"",[],[],1
181,"Metadata/Projectiles/EnchantmentFireArrow","[""Metadata/Effects/Spells/enchantment_skills/arrows/fiery_arrow.ao""]","[""arrow_loop""]","[""arrow_impact""]",3260,"",2,"","","Metadata/Projectiles/Projectile","",2,"","",[],"",0,0,0,0,"","",0,0,100,100,0,[],"",[],"","","","","","","","","","",[],[],1
182,"Metadata/Projectiles/EnchantmentFireProjectile","[""Metadata/Effects/Spells/enchantment_skills/wand_projectiles/fiery_projectile.ao""]","[""wand_projectile""]","[""wand_collide""]",3260,"",2,"","","Metadata/Projectiles/Projectile","",2,"","",[],"",0,0,0,0,"","",0,0,100,100,0,[],"",[],"","","","","","","","","","",[],[],1
183,"Metadata/Projectiles/EnchantmentFireWeapon","[""Metadata/Effects/Spells/enchantment_skills/weapon_throw/fiery/fiery_throw.ao""]","[""1h_mace_throw""]","[""explosion""]",1500,"",2,"","","Metadata/Projectiles/Projectile","",2,"","",[],"",0,0,0,0,"","",0,0,100,100,0,[],"",[],"","","","","","","","","","",[],[],1
184,"Metadata/Projectiles/EnchantmentIceArrow","[""Metadata/Effects/Spells/enchantment_skills/arrows/icey_arrow.ao""]","[""arrow_loop""]","[""arrow_impact""]",3260,"",2,"","","Metadata/Projectiles/Projectile","",2,"","",[],"",0,0,0,0,"","",0,0,100,100,0,[],"",[],"","","","","","","","","","",[],[],1
185,"Metadata/Projectiles/EnchantmentIceProjectile","[""Metadata/Effects/Spells/enchantment_skills/wand_projectiles/icey_projectile.ao""]","[""wand_projectile""]","[""wand_collide""]",3260,"",2,"","","Metadata/Projectiles/Projectile","",2,"","",[],"",0,0,0,0,"","",0,0,100,100,0,[],"",[],"","","","","","","","","","",[],[],1
186,"Metadata/Projectiles/EnchantmentIceWeapon","[""Metadata/Effects/Spells/enchantment_skills/weapon_throw/icy/icy_throw.ao""]","[""1h_mace_throw""]","[""explosion""]",1500,"",2,"","","Metadata/Projectiles/Projectile","",2,"","",[],"",0,0,0,0,"","",0,0,100,100,0,[],"",[],"","","","","","","","","","",[],[],1
187,"Metadata/Projectiles/LbBossMortarSummon","[""Metadata/Effects/Spells/monsters_effects/labyrinth/skeleton_king/summon/projectile_updown.ao""]","[""projectile""]",[],750,1,2,"","","Metadata/Projectiles/Projectile","",2,"","",[],"",0,0,0,0,"","",0,0,100,100,1,[],"",[],"","","","","","","","","","",[],[],1
188,"Metadata/Projectiles/LbBossSpiritMortar","[""Metadata/Effects/Spells/monsters_effects/labyrinth/skeleton_king/projectile/projectile.ao""]","[""projectile""]",[],750,1,2,"","","Metadata/Projectiles/Projectile","",2,"","",[],"",0,0,0,0,"","",0,0,100,100,1,[],"",[],"","","","","","","","","","",[],[],1
189,"Metadata/Projectiles/ShadowBlades","[""Metadata/Effects/Spells/shadow_blades/shadow_blades.ao""]","[""loop""]","[""impact""]",2000,"",2,"","","Metadata/Projectiles/Projectile","",2,"","",[],"",0,0,0,0,"","",0,0,100,100,0,[],"",[],"","","","","","","","","","",[],[],1
190,"Metadata/Projectiles/OfferingOfJudgementProjectileFire","[""Metadata/Effects/Spells/monsters_effects/labyrinth/skeleton_king/cups/projectile_fire.ao""]","[""projectile_travel""]","[""projectile_end""]",750,"",2,"","","Metadata/Projectiles/Projectile","",2,"","",[],"",0,0,0,0,"","",0,0,100,100,0,[],"",[],"","","","","","","","","","",[],[],1
191,"Metadata/Projectiles/RigwaldMoonbendersWing","[""Metadata/Effects/Spells/monsters_effects/talisman/rigwald/axe_throw/rig.ao""]","[""axe_loop""]","[""axe_end""]",1500,"",2,"","","Metadata/Projectiles/Projectile","",4,"","",[],"",0,0,0,0,"","",0,0,100,100,0,[],"",[],"","","","","","","","","","",[],[],1
192,"Metadata/Projectiles/RunicMonsterMortar","[""Metadata/Effects/Spells/runic_mortar/mortar.ao""]","[""projectile""]",[],750,1,2,"","","Metadata/Projectiles/Projectile","",2,"","",[],"",0,0,0,0,"","",0,0,100,100,1,[],"",[],"","","","","","","","","","",[],[],1
193,"Metadata/Projectiles/RigwaldWolfBarrage","[""Metadata/Effects/Spells/monsters_effects/talisman/rigwald/wolf/rig.ao""]","[""emerge_run""]","[""end""]",750,"",2,"","","Metadata/Projectiles/Projectile","",2,"","",[],"",0,0,0,0,"","",0,0,100,100,0,[],"",[],"","","","","","","","","","",[],[],1
194,"Metadata/Projectiles/RigwaldWolfBarrageStandalone","[""Metadata/Effects/Spells/monsters_effects/talisman/rigwald/wolf/rig.ao""]","[""emerge_run""]","[""end""]",750,"",2,"","","Metadata/Projectiles/Projectile",783,2,"","",[],"",0,0,0,0,"","",0,0,100,100,0,[],"",[],"","","","","","","","","","",[],[],1
195,"Metadata/Projectiles/RigwaldSiphon","[""Metadata/Effects/Spells/monsters_effects/talisman/rigwald/siphon_projectile/rig.ao""]","[""loop""]","[""impact""]",500,"",2,"","","Metadata/Projectiles/Projectile","",2,"","",[],"",0,0,0,0,"","",0,0,100,100,0,[],"",[],"","","","","","","","","","",[],[],1
196,"Metadata/Projectiles/GoldMonsterProjectile","[""Metadata/Effects/Spells/monsters_effects/gold_projectile/rig.ao""]","[""fireball""]","[""fireball_explode""]",750,"",2,"","","Metadata/Projectiles/Projectile","",2,"","",[],"",0,0,0,0,"","",0,0,100,100,0,[],"",[],"","","","","","","","","","",[],[],1
197,"Metadata/Projectiles/BloodMortar","[""Metadata/Effects/Spells/monsters_effects/talisman/gore_mortar/gore_mortar.ao""]","[""projectile""]",[],750,1,2,"","","Metadata/Projectiles/Projectile","",2,"","",[],"",0,0,0,0,"","",0,0,100,100,1,[],"",[],"","","","","","","","","","",[],[],1
198,"Metadata/Projectiles/FlameBreath","[""Metadata/Effects/Spells/monsters_effects/talisman/fire_arctic_breath/rig.ao""]","[""firearctic_loop""]","[""firearctic_end""]",844,"",2,"","","Metadata/Projectiles/ProjectileGround","",2,"","",[],"",0,0,0,0,"","",0,0,100,100,0,[],"",[],"","","","","","","","","","",[],[],1
199,"Metadata/Projectiles/FlameBreathFlying","[""Metadata/Effects/Spells/monsters_effects/talisman/fire_arctic_breath/rig.ao""]","[""firearctic_loop""]","[""firearctic_end""]",844,"",2,"","","Metadata/Projectiles/Projectile","",2,"","",[],"",0,0,0,0,"","",0,0,100,100,0,[],"",[],"","","","","","","","","","",[],[],1
200,"Metadata/Projectiles/SiphonMicrotransaction1","[""Metadata/Effects/Microtransactions/Spells/siphon/siphon.ao""]","[""loop""]","[""impact""]",750,"",2,"","","Metadata/Projectiles/Projectile","",2,"","",[],"",0,0,0,0,"","",0,0,100,100,0,[],"",[],"","","","","","","","","","",[],[],1
201,"Metadata/Projectiles/FrostBoltBlackHole","[""Metadata/Effects/Microtransactions/Spells/frost_bolt/projectile.ao""]","[""projectile_loop""]","[""projectile_end""]",300,"",2,"","","Metadata/Projectiles/Projectile",969,4,"","",[],"",0,0,0,0,"","",0,0,100,100,0,[],"",[],"","","","","","","","","","",[],[],1
202,"Metadata/Projectiles/FrostBolt","[""Metadata/Effects/Spells/frost_bolt/projectile.ao""]","[""projectile_loop""]","[""projectile_end""]",300,"",2,"","","Metadata/Projectiles/Projectile",970,4,"","",[],"",0,0,0,0,"","",0,0,100,100,0,[],"",[],"","","","","","","","","","",[],[],1
203,"Metadata/Projectiles/HydraTurretProjectile","[""Metadata/Effects/Spells/monsters_effects/Hydra/frost_bolt/projectile.ao""]","[""projectile_loop""]","[""projectile_end""]",375,"",4,"","","Metadata/Projectiles/Projectile","",4,"","",[],"",0,0,0,0,"","",0,0,100,100,0,[],"",[],"","","","","","","","","","",[],[],1
204,"Metadata/Projectiles/PoisonArrowTrapProjectile","[""Metadata/Effects/Environment/labyrinth/traps/poison/rig.ao""]","[""spine_shoot""]","[""spine_shatter""]",2000,"",1,"","","Metadata/Projectiles/Projectile","",1,"","",[],"",0,0,0,0,"","",0,0,100,100,0,[],"",[],"","","","","","","","","","",[],[],1
205,"Metadata/Projectiles/PerandusThrownWeapon","[""Metadata/Effects/Microtransactions/Spells/spectral_throw/gold/rig.ao""]","[""1h_axe_throw""]","[""explosion""]",1000,"",2,"","","Metadata/Projectiles/Projectile","",4,"","",[],"",0,0,0,0,"","",0,0,100,100,0,[],"",[],"","","","","","","","","","",[],[],1
206,"Metadata/Projectiles/SplitArrowBlood","[""Metadata/Effects/Microtransactions/Spells/split_arrow/blood/rig.ao""]","[""lightningicearrow""]","[""lightningarrowimpact""]",3260,"",2,"","","Metadata/Projectiles/Projectile","",2,"","","[""Metadata/Effects/Spells/base_arrow_attack/arrow_base_stuck.ao""]","Metadata/Effects/Spells/base_arrow_attack/arrow_base_bounce.ao",50,80,0,20,3563,3580,0,100,100,100,0,[],"",[],"","","","","","","","","","",[],[],1
207,"Metadata/Projectiles/SplitArrowBlueGreen","[""Metadata/Effects/Microtransactions/Spells/split_arrow/greeny_blue/rig.ao""]","[""lightningicearrow""]","[""lightningarrowimpact""]",3260,"",2,"","","Metadata/Projectiles/Projectile","",2,"","","[""Metadata/Effects/Spells/base_arrow_attack/arrow_base_stuck.ao""]","Metadata/Effects/Spells/base_arrow_attack/arrow_base_bounce.ao",50,80,0,20,"","",0,100,100,100,0,[],"",[],"","","","","","","","","","",[],[],1
208,"Metadata/Projectiles/SplitArrowVerdant","[""Metadata/Effects/Microtransactions/Spells/split_arrow/verdant/rig.ao""]","[""lightningicearrow""]","[""lightningarrowimpact""]",3260,"",2,"","","Metadata/Projectiles/Projectile","",2,"","","[""Metadata/Effects/Spells/base_arrow_attack/arrow_base_stuck.ao""]","Metadata/Effects/Spells/base_arrow_attack/arrow_base_bounce.ao",50,80,0,20,"","",0,100,100,100,0,[],"",[],"","","","","","","","","","",[],[],1
209,"Metadata/Projectiles/SplitArrowDefault","[""Metadata/Effects/Spells/split_arrow_02/split_arrow.ao""]",[],[],3260,"",2,"","","Metadata/Projectiles/Projectile","",2,"","","[""Metadata/Effects/Spells/split_arrow_02/split_arrow_stuck.ao""]","Metadata/Effects/Spells/split_arrow_02/split_arrow_bounce.ao",50,80,0,20,"","",0,100,100,100,0,[],"",[],"","","","","","","","","","",[],[],1
210,"Metadata/Projectiles/SplitArrowMonsterAudio","[""Metadata/Effects/Spells/split_arrow_02/split_arrow_monster.ao""]",[],[],3260,"",2,"","","Metadata/Projectiles/Projectile","",2,"","","[""Metadata/Effects/Spells/split_arrow_02/split_arrow_stuck_monster.ao""]","Metadata/Effects/Spells/split_arrow_02/split_arrow_bounce_monster.ao",50,80,0,20,"","",0,100,100,100,0,[],"",[],"","","","","","","","","","",[],[],1
211,"Metadata/Projectiles/ElementalProjectile","[""Metadata/Effects/Spells/ninja_shotgun/rig.ao""]","[""knife_loop""]",[],1250,1,2,"","","Metadata/Projectiles/Projectile","",2,"","",[],"",0,0,0,0,"","",0,0,100,100,0,[],"",[],"","","","","","","","","","",[],[],1
212,"Metadata/Projectiles/LightningWandProjectile","[""Metadata/Effects/Spells/monsters_effects/wand_projectile/lightning_projectile.ao""]","[""wand_projectile""]","[""wand_collide""]",750,"",2,"","","Metadata/Projectiles/Projectile","",2,"","",[],"",0,0,0,0,"","",0,0,100,100,0,[],"",[],"","","","","","","","","","",[],[],1
213,"Metadata/Projectiles/CausticArrowTentacle","[""Metadata/Effects/Microtransactions/Spells/poison_arrow/arrow.ao""]","[""poisonarrow""]","[""poisonarrow_poof""]",3260,1,1,"","","Metadata/Projectiles/Projectile","",1,"","","[""Metadata/Effects/Spells/base_arrow_attack/arrow_base_stuck.ao""]","",50,80,0,20,3579,3578,0,100,100,100,0,[],"",[],"","","","","","","","","","",[],[],1
214,"Metadata/Projectiles/CausticArrowCelestial1","[""Metadata/Effects/Microtransactions/Spells/caustic_arrow/celestial/celestial_proj_01.ao""]","[""projectile""]","[""impact""]",3260,1,1,"","","Metadata/Projectiles/Projectile","",1,"","","[""Metadata/Effects/Spells/base_arrow_attack/arrow_base_stuck.ao""]","",50,80,0,20,3579,6291,0,100,100,100,0,[],"",[],"","","","","","","","","","",[],[],1
215,"Metadata/Projectiles/CausticArrowCelestial2","[""Metadata/Effects/Microtransactions/Spells/caustic_arrow/celestial/celestial_proj_02.ao""]","[""projectile""]","[""impact""]",3260,1,1,"","","Metadata/Projectiles/Projectile","",1,"","","[""Metadata/Effects/Spells/base_arrow_attack/arrow_base_stuck.ao""]","",50,80,0,20,3579,6291,0,100,100,100,0,[],"",[],"","","","","","","","","","",[],[],1
216,"Metadata/Projectiles/OfferingOfJudgementProjectileChaos","[""Metadata/Effects/Spells/monsters_effects/labyrinth/skeleton_king/cups/projectile_chaos.ao""]","[""projectile_travel""]","[""projectile_end""]",750,"",2,"","","Metadata/Projectiles/Projectile","",2,"","",[],"",0,0,0,0,"","",0,0,100,100,0,[],"",[],"","","","","","","","","","",[],[],1
217,"Metadata/Projectiles/BloodProjectile","[""Metadata/Effects/Spells/monsters_effects/blood_elemental/projectile.ao""]","[""projectile_loop""]","[""projectile_end""]",750,"",4,"","","Metadata/Projectiles/Projectile","",4,"","",[],"",0,0,0,0,"","",0,0,100,100,0,[],"",[],"","","","","","","","","","",[],[],1
218,"Metadata/Projectiles/CurseNovaFire","[""Metadata/Effects/Spells/monsters_effects/Geofri/fireprojectile.ao""]","[""gloombolt_loop""]","[""gloombolt_end""]",600,"",2,"","","Metadata/Projectiles/Projectile","",2,"","",[],"",0,0,0,0,"","",0,0,100,100,0,[],"",[],"","","","","","","","","","",[],[],1
219,"Metadata/Projectiles/CurseNovaCold","[""Metadata/Effects/Spells/monsters_effects/Geofri/iceprojectile.ao""]","[""gloombolt_loop""]","[""gloombolt_end""]",600,"",2,"","","Metadata/Projectiles/Projectile","",2,"","",[],"",0,0,0,0,"","",0,0,100,100,0,[],"",[],"","","","","","","","","","",[],[],1
220,"Metadata/Projectiles/CurseNovaLightning","[""Metadata/Effects/Spells/monsters_effects/Geofri/lightningprojectile.ao""]","[""gloombolt_loop""]","[""gloombolt_end""]",600,"",2,"","","Metadata/Projectiles/Projectile","",2,"","",[],"",0,0,0,0,"","",0,0,100,100,0,[],"",[],"","","","","","","","","","",[],[],1
221,"Metadata/Projectiles/LargeArrow","[""Metadata/Items/Quivers/CockerelArrow.ao""]",[],[],3260,"",1,"","","Metadata/Projectiles/Projectile","",1,"","",[],"",50,100,0,0,"","",0,0,100,100,0,[],"",[],"","","","","","","","","","",[],[],1
222,"Metadata/Projectiles/MoltenStrikeFleshChunk","[""Metadata/Effects/Spells/monsters_effects/fleshmonster/moltenbloodimpact_chunks.ao""]","[""projectile""]",[],750,"",2,"","","Metadata/Projectiles/Projectile","",2,"","",[],"",0,0,0,0,"","",0,0,100,100,0,[],"",[],"","","","","","","","","","",[],[],1
223,"Metadata/Projectiles/HydraBarrage","[""Metadata/Effects/Spells/monsters_effects/Hydra/frost_arrow/rig.ao""]","[""animate""]",[],3260,1,2,"","","Metadata/Projectiles/Projectile","",2,"","",[],"",0,0,0,0,"","",0,0,100,100,0,[],"",[],"","","","","","","","","","",[],[],1
224,"Metadata/Projectiles/AtlastFrostBoltBlackHole","[""Metadata/Effects/Microtransactions/Spells/frost_bolt/projectile.ao""]","[""projectile_loop""]","[""projectile_end""]",300,1,3,"","","Metadata/Projectiles/Projectile","",3,"","",[],"",0,0,0,0,"","",0,0,100,100,0,[],"",[],"","","","","","","","","","",[],[],1
225,"Metadata/Projectiles/MortarLightning","[""Metadata/Effects/Spells/monsters_effects/molten_projectile_small/lightning/projectile.ao""]","[""projectile_projectilesmall""]",[],750,1,2,"","","Metadata/Projectiles/Projectile","",2,"","",[],"",0,0,0,0,"","",0,0,100,100,1,[],"",[],"","","","","","","","","","",[],[],1
226,"Metadata/Projectiles/ShaperProjectile","[""Metadata/Effects/Spells/monsters_effects/AtlasofWorldsBosses/TheShaper/AcceleratingProjectile/rig.ao""]","[""loop""]","[""end""]",5,"",4,"","","Metadata/Projectiles/Projectile","",4,"","",[],"",0,0,0,0,"","",0,0,100,100,0,[],"",[],"","","","","","","","","","",[],[],1
227,"Metadata/Projectiles/ShaperBulletHellProjectile","[""Metadata/Effects/Spells/monsters_effects/AtlasofWorldsBosses/TheShaper/bullet_hell/projectile/projectile.ao""]","[""loop""]","[""hit""]",375,"",3,"","","Metadata/Projectiles/Projectile","",3,"","",[],"",0,0,0,0,"","",0,0,100,100,0,[],"",[],"","","","","","","","","","",[],[],1
228,"Metadata/Projectiles/MortarSummonSpider","[""Metadata/Effects/Spells/monsters_effects/essence/spidermortar/spidermortar.ao""]","[""projectile""]",[],750,1,2,"","","Metadata/Projectiles/Projectile","",2,"","",[],"",0,0,0,0,"","",0,0,100,100,1,[],"",[],"","","","","","","","","","",[],[],1
229,"Metadata/Projectiles/StormflayLightningSlash","[""Metadata/Effects/InvisibleEffect.ao""]",[],[],1000,"",2,"","","Metadata/Projectiles/ProjectileGround","",2,"","",[],"",0,0,0,0,"","",0,0,100,100,0,[],"",[],"","","","","","","","","","",[],[],1
230,"Metadata/Projectiles/IceFireFireProjectile","[""Metadata/Effects/Spells/monsters_effects/essence/necrobolt/firenecrobolt.ao""]","[""loop""]","[""end""]",750,"",2,"","","Metadata/Projectiles/Projectile","",2,"","",[],"",0,0,0,0,"","",0,0,100,100,0,[],"",[],"","","","","","","","","","",[],[],1
231,"Metadata/Projectiles/IceFireIceProjectile","[""Metadata/Effects/Spells/monsters_effects/essence/necrobolt/icenecrobolt.ao""]","[""loop""]","[""end""]",750,"",2,"","","Metadata/Projectiles/Projectile","",2,"","",[],"",0,0,0,0,"","",0,0,100,100,0,[],"",[],"","","","","","","","","","",[],[],1
232,"Metadata/Projectiles/FrostBoltSmall","[""Metadata/Effects/Spells/frost_bolt/projectile.ao""]","[""projectile_loop""]","[""projectile_end""]",300,"",2,"","","Metadata/Projectiles/Projectile",970,3,"","",[],"",0,0,0,0,"","",0,0,100,100,0,[],"",[],"","","","","","","","","","",[],[],1
233,"Metadata/Projectiles/BoneSpear","[""Metadata/Effects/Spells/monsters_effects/AtlasofWorldsBosses/bone_effects/bone_spear/rig.ao""]","[""bonespear""]","[""bonespearimpact""]",1300,"",2,"","","Metadata/Projectiles/Projectile","",2,"","",[],"",0,0,0,0,"","",0,0,100,100,0,[],"",[],"","","","","","","","","","",[],[],1
234,"Metadata/Projectiles/Barrel","[""Metadata/Effects/Spells/monsters_effects/AtlasofWorldsBosses/GhostPirate/barrel_projectile/rig.ao""]","[""projectile""]",[],750,1,2,"","","Metadata/Projectiles/Projectile","",2,"","",[],"",0,0,0,0,"","",0,0,100,100,0,[],"",[],"","","","","","","","","","",[],[],1
235,"Metadata/Projectiles/AvariusCasticusFireball","[""Metadata/Effects/Spells/monsters_effects/act5/Avarius_Casticus/holy_projectile/rig.ao""]","[""fireball""]","[""fireball_explode""]",650,1,2,"","","Metadata/Projectiles/Projectile","",2,"","",[],"",0,0,0,0,"","",0,0,100,100,0,[],"",[],"","","","","","","","","","",[],[],1
236,"Metadata/Projectiles/FlamebreathMortar","[""Metadata/Effects/Spells/monsters_effects/Breach/Hellion/flame_breath/projectile/projectile.ao""]","[""projectile""]",[],750,1,2,"","","Metadata/Projectiles/Projectile","",2,"","",[],"",0,0,0,0,"","",0,0,100,100,1,[],"",[],"","","","","","","","","","",[],[],1
237,"Metadata/Projectiles/FlamebreathMortarParasiteBoss","[""Metadata/Effects/Spells/monsters_effects/act7/Ryslatha/poison_flamethrower/projectile.ao""]","[""projectile""]",[],750,1,2,"","","Metadata/Projectiles/Projectile","",2,"","",[],"",0,0,0,0,"","",0,0,100,100,2,[],"",[],"","","","","","","","","","",[],[],1
238,"Metadata/Projectiles/MortarSummonIceGolem","[""Metadata/Effects/Spells/monsters_effects/Breach/Cold/mortar/projectile/projectile.ao""]","[""projectile""]",[],750,1,2,"","","Metadata/Projectiles/Projectile","",2,"","",[],"",0,0,0,0,"","",0,0,100,100,1,[],"",[],"","","","","","","","","","",[],[],1
239,"Metadata/Projectiles/TornadoShotSecondaryArrowMTX","[""Metadata/Effects/Microtransactions/Spells/tornado_shot/second_arrow.ao""]","[""tornadoshot_once""]","[""tornadoshot_impact""]",2173,"",1,"","","Metadata/Projectiles/Projectile","",1,"","","[""Metadata/Effects/Microtransactions/Spells/tornado_shot/arrow_stuck.ao""]","Metadata/Effects/Microtransactions/Spells/tornado_shot/arrow_bounce.ao",50,80,0,20,"","",0,100,100,100,0,[],"",[],"","","","","","","","","","",[],[],1
240,"Metadata/Projectiles/TornadoShotArrowMTX","[""Metadata/Effects/Microtransactions/Spells/tornado_shot/second_arrow.ao""]","[""tornadoshot_loop""]","[""tornadoshot_impact""]",2173,1,1,"","","Metadata/Projectiles/Projectile","",1,"","","[""Metadata/Effects/Microtransactions/Spells/tornado_shot/arrow_stuck.ao""]","",0,0,0,0,"","",0,0,100,100,0,[],"",[],"","","","","","","","","","",[],[],1
241,"Metadata/Projectiles/Riptide","[""Metadata/Effects/Spells/monsters_effects/act4/water_elemental/whirlpool/whirlpool_attack.ao""]","[""whirlpool_loop""]","[""whirlpool_end""]",10,1,2,"","","Metadata/Projectiles/Projectile","",2,"","",[],"",0,0,0,0,"","",0,0,100,100,0,[],"",[],"","","","","","","","","","",[],[],1
242,"Metadata/Projectiles/AvariusRapidProjectile","[""Metadata/Effects/Spells/monsters_effects/act5/Avarius_Casticus/S_projectile/super_projectile.ao""]","[""loop""]","[""impact""]",4500,"",2,"","","Metadata/Projectiles/Projectile","",2,"","",[],"",0,0,0,0,"","",0,0,100,100,0,[],"",[],"","","","","","","","","","",[],[],1
243,"Metadata/Projectiles/AvariusSuperProjectile","[""Metadata/Effects/Spells/monsters_effects/act5/Avarius_Casticus/SS_projectile/main_projectile/main_projectile.ao""]","[""loop""]","[""loop""]",180,"",2,"","","Metadata/Projectiles/Projectile","",2,"","",[],"",0,0,0,0,"","",0,0,100,100,0,[],"",[],"","","","","","","","","","",[],[],1
244,"Metadata/Projectiles/CurseNovaChaos","[""Metadata/Effects/Spells/monsters_effects/Geofri/chaosprojectile.ao""]","[""gloombolt_loop""]","[""gloombolt_end""]",600,"",2,"","","Metadata/Projectiles/Projectile","",2,"","",[],"",0,0,0,0,"","",0,0,100,100,0,[],"",[],"","","","","","","","","","",[],[],1
245,"Metadata/Projectiles/BoneGoreMortar","[""Metadata/Effects/Spells/monsters_effects/Breach/Bone/Bone_mortar/bonemortar_attach.ao""]","[""animate""]",[],750,1,2,"","","Metadata/Projectiles/Projectile","",2,"","",[],"",0,0,0,0,"","",0,0,100,100,0,[],"",[],"","","","","","","","","","",[],[],1
246,"Metadata/Projectiles/BreachChaosMortar","[""Metadata/Effects/Spells/monsters_effects/Breach/Chaos/Chaos_mortar/rig.ao""]","[""projectile""]",[],750,1,2,1,"","Metadata/Projectiles/Projectile","",2,"","",[],"",0,0,0,0,"","",0,0,100,100,1,[],"",[],"","","","","","","","","","",[],[],1
247,"Metadata/Projectiles/BreachChaosProjectile","[""Metadata/Effects/Spells/monsters_effects/Breach/Chaos/Chaos_projectile/rig.ao""]","[""chaosbolt_loop""]","[""chaosbolt_end""]",750,"",2,"","","Metadata/Projectiles/Projectile","",2,"","",[],"",0,0,0,0,"","",0,0,100,100,0,[],"",[],"","","","","","","","","","",[],[],1
248,"Metadata/Projectiles/BreachColdProjectile","[""Metadata/Effects/Spells/monsters_effects/totems/IceCrystalTotem/projectile/projectile.ao""]","[""loop""]","[""impact""]",250,1,2,"","","Metadata/Projectiles/Projectile","",2,"","",[],"",0,0,0,0,"","",0,0,100,100,0,[],"",[],"","","","","","","","","","",[],[],1
249,"Metadata/Projectiles/BreachSpellBarrage","[""Metadata/Effects/Spells/monsters_effects/Breach/Cold/barrage/projectile/projectile.ao""]","[""projectile""]","[""impact""]",750,"",2,"","","Metadata/Projectiles/Projectile","",2,"","",[],"",0,0,0,0,"","",0,0,100,100,0,[],"",[],"","","","","","","","","","",[],[],1
250,"Metadata/Projectiles/NovaProjectileSpell","[""Metadata/Effects/Spells/monsters_effects/Maligaro_Act7_e/BlackDeath/Poison_spit/ball_lightning.ao""]","[""loop""]","[""end""]",350,"",2,"","","Metadata/Projectiles/ProjectileGround","",2,"","",[],"",0,0,0,0,"","",0,0,100,100,0,[],"",[],"","","","","","","","","","",[],[],1
251,"Metadata/Projectiles/WandStrikeProjectile","[""Metadata/Effects/Spells/siphon/projectile/rig.ao""]","[""loop""]","[""impact""]",750,1,2,"","","Metadata/Projectiles/Projectile","",2,"","",[],"",0,0,0,0,"","",0,0,100,100,0,[],"",[],"","","","","","","","","","",[],[],1
252,"Metadata/Projectiles/ShieldThrow","[""Metadata/Effects/Spells/spectral_shield_throw/ShieldThrow.ao""]","[""clockwise""]","[""impact""]",1500,"",2,"","","Metadata/Projectiles/Projectile","",4,"","",[],"",0,0,0,0,"","",0,0,100,100,0,[],"",[],"","","","","","","","","","",[],[],1
253,"Metadata/Projectiles/ShieldThrowTemplar","[""Metadata/Effects/Spells/spectral_shield_throw/ShieldThrow.ao""]","[""counterwise""]","[""impact""]",1500,"",2,"","","Metadata/Projectiles/Projectile","",4,"","",[],"",0,0,0,0,"","",0,0,100,100,0,[],"",[],"","","","","","","","","","",[],[],1
254,"Metadata/Projectiles/ShieldThrowSecondary","[""Metadata/Effects/Spells/spectral_shield_throw/shieldthrowsecondary/shard_01.ao""]","[""once""]",[],1500,"",2,"","","Metadata/Projectiles/Projectile","",2,"","",[],"",0,0,0,0,"","",0,0,100,100,0,[],"",[],"","","","","","","","","","",[],[],1
255,"Metadata/Projectiles/BloodwingShieldThrow","[""Metadata/Effects/Spells/monsters_effects/Justicar_Casticus/ShieldToss.ao""]","[""loop""]","[""end""]",1125,1,2,"","","Metadata/Projectiles/Projectile","",2,"","",[],"",0,0,0,0,"","",0,0,100,100,0,[],"",[],"","","","","","","","","","",[],[],1
256,"Metadata/Projectiles/BloodwingShieldThrowSecondary","[""Metadata/Monsters/SummonedSkull/SummonedBloodRaven.ao""]","[""run_projectile_01""]","[""death_projectile_01""]",1125,1,2,"","","Metadata/Projectiles/Projectile","",2,"","",[],"",0,0,0,0,"","",0,0,100,100,0,[],"",[],"","","","","","","","","","",[],[],1
257,"Metadata/Projectiles/ShieldThrowStygian","[""Metadata/Effects/Microtransactions/Spells/spectral_shield_throw/stygian/ShieldThrow.ao""]","[""clockwise""]","[""impact""]",1500,"",2,"","","Metadata/Projectiles/Projectile","",4,"","",[],"",0,0,0,0,"","",0,0,100,100,0,[],"",[],"","","","","","","","","","",[],[],1
258,"Metadata/Projectiles/ShieldThrowTemplarStygian","[""Metadata/Effects/Microtransactions/Spells/spectral_shield_throw/stygian/ShieldThrow.ao""]","[""counterwise""]","[""impact""]",1500,"",2,"","","Metadata/Projectiles/Projectile","",4,"","",[],"",0,0,0,0,"","",0,0,100,100,0,[],"",[],"","","","","","","","","","",[],[],1
259,"Metadata/Projectiles/ShieldThrowSecondaryStygian","[""Metadata/Effects/Microtransactions/Spells/spectral_shield_throw/stygian/shieldthrowsecondary/shard_01.ao""]","[""once""]",[],1500,"",2,"","","Metadata/Projectiles/Projectile","",2,"","",[],"",0,0,0,0,"","",0,0,100,100,0,[],"",[],"","","","","","","","","","",[],[],1
260,"Metadata/Projectiles/BreachBallLightning","[""Metadata/Effects/Spells/monsters_effects/Breach/Lightning/ball_lightning/rig.ao""]","[""orbsticky_loop""]","[""orbsticky_loop""]",400,1,2,"","","Metadata/Projectiles/Projectile","",2,"","",[],"",0,0,0,0,"","",0,0,100,100,0,[],"",[],"","","","","","","","","","",[],[],1
261,"Metadata/Projectiles/BreachRevenantProjectile","[""Metadata/Effects/Spells/monsters_effects/Geofri/chaosprojectileblack.ao""]","[""gloombolt_loop""]","[""gloombolt_end""]",1000,"",2,"","","Metadata/Projectiles/Projectile","",2,"","",[],"",0,0,0,0,"","",0,0,100,100,0,[],"",[],"","","","","","","","","","",[],[],1
262,"Metadata/Projectiles/BreachColdProjectileCommander","[""Metadata/Effects/Spells/monsters_effects/totems/IceCrystalTotem/projectile/projectile.ao""]","[""loop""]","[""impact""]",250,"",2,"","","Metadata/Projectiles/Projectile","",2,"","",[],"",0,0,0,0,"","",0,0,100,100,0,[],"",[],"","","","","","","","","","",[],[],1
263,"Metadata/Projectiles/DebugProjectile","[""Metadata/Effects/misc/projectile_debugger/projectile_debugger.ao""]","[""loop""]","[""explode""]",750,"",2,"","","Metadata/Projectiles/Projectile","",2,"","",[],"",0,0,0,0,"","",0,0,100,100,0,[],"",[],"","","","","","","","","","",[],[],1
264,"Metadata/Projectiles/BreachChaosThrownWeapon","[""Metadata/Effects/Spells/monsters_effects/Breach/Chaos/spectral_throw/chaospectralthrow.ao""]","[""animate""]",[],1000,"",2,"","","Metadata/Projectiles/Projectile","",4,"","",[],"",0,0,0,0,"","",0,0,100,100,0,[],"",[],"","","","","","","","","","",[],[],1
265,"Metadata/Projectiles/SpiderGodRiptide","[""Metadata/Effects/Spells/monsters_effects/vaalspiderboss_e/shadowriptide.ao""]","[""loop""]","[""end""]",10,1,2,"","","Metadata/Projectiles/Projectile","",2,"","",[],"",0,0,0,0,"","",0,0,100,100,0,[],"",[],"","","","","","","","","","",[],[],1
266,"Metadata/Projectiles/SolarisLanceProjectile","[""Metadata/Effects/Spells/monsters_effects/Solaris_and_Lunaris/Solaris_e/solarspear_projectile.ao""]","[""loop""]","[""explode""]",1400,"",3,"","","Metadata/Projectiles/Projectile","",3,"","",[],"",0,0,0,0,"","",0,0,100,100,0,[],"",[],"","","","","","","","","","",[],[],1
267,"Metadata/Projectiles/SolarisLanceSplitProjectile","[""Metadata/Effects/Spells/monsters_effects/Solaris_and_Lunaris/Solaris_e/solarspear_projectile_branch.ao""]","[""loop""]","[""explode""]",1000,"",3,"","","Metadata/Projectiles/Projectile","",3,"","",[],"",0,0,0,0,"","",0,0,100,100,0,[],"",[],"","","","","","","","","","",[],[],1
268,"Metadata/Projectiles/AvariusSpark","[""Metadata/Effects/Spells/monsters_effects/act5/Avarius_Casticus/AvariusCasticusDivine/holyspark/rig.ao""]","[""spark_surge""]","[""spark_explode""]",300,1,1,1,"","Metadata/Projectiles/ProjectileGround","",2,"","",[],"",0,0,0,0,"","",0,0,100,100,0,[],"",[],"","","","","","","","","","",[],[],1
269,"Metadata/Projectiles/SpectralSawbladeProjectile","[""Metadata/Effects/Spells/monsters_effects/templar_torturer/spinningsawblade.ao""]","[""animate""]","[""end""]",750,"",2,"","","Metadata/Projectiles/Projectile","",2,"","",[],"",0,0,0,0,"","",0,0,100,100,0,[],"",[],"","","","","","","","","","",[],[],1
270,"Metadata/Projectiles/SpiderGodAcidProjectile","[""Metadata/Effects/Spells/monsters_effects/essence/necrobolt/firenecrobolt.ao""]","[""loop""]","[""end""]",750,"",2,"","","Metadata/Projectiles/Projectile","",2,"","",[],"",0,0,0,0,"","",0,0,100,100,0,[],"",[],"","","","","","","","","","",[],[],1
271,"Metadata/Projectiles/SpiderGodLightningProjectile","[""Metadata/Effects/Spells/monsters_effects/essence/necrobolt/icenecrobolt.ao""]","[""loop""]","[""end""]",750,"",2,"","","Metadata/Projectiles/Projectile","",2,"","",[],"",0,0,0,0,"","",0,0,100,100,0,[],"",[],"","","","","","","","","","",[],[],1
272,"Metadata/Projectiles/MaligaroTelekineticBlade","[""Metadata/Effects/Spells/monsters_effects/Maligaro_Act7_e/telekinetic_blade/maligaro_projectile.ao""]","[""loop""]","[""impact""]",2000,"",2,"","","Metadata/Projectiles/Projectile","",2,"","",[],"",0,0,0,0,"","",0,0,100,100,0,[],"",[],"","","","","","","","","","",[],[],1
273,"Metadata/Projectiles/LunarisGlaiveProjectile","[""Metadata/Effects/Spells/monsters_effects/Solaris_and_Lunaris/Lunaris_e/glaive_projectile.ao""]","[""loop""]","[""end""]",1000,"",4,"","","Metadata/Projectiles/Projectile","",4,"","",[],"",0,0,0,0,"","",0,0,100,100,0,[],"",[],"","","","","","","","","","",[],[],1
274,"Metadata/Projectiles/LunarisGlaiveProjectileVertical","[""Metadata/Effects/Spells/monsters_effects/Solaris_and_Lunaris/Lunaris_e/glaive_projectile.ao""]","[""vertleft""]","[""vertend""]",1000,"",2,"","","Metadata/Projectiles/Projectile","",2,"","",[],"",0,0,0,0,"","",0,0,100,100,0,[],"",[],"","","","","","","","","","",[],[],1
275,"Metadata/Projectiles/SplashMortar","[""Metadata/Effects/Spells/monsters_effects/act5/BlessedSister/splashproj.ao""]","[""splashproj""]",[],750,1,2,"","","Metadata/Projectiles/Projectile","",2,"","",[],"",0,0,0,0,"","",0,0,100,100,1,[],"",[],"","","","","","","","","","",[],[],1
276,"Metadata/Projectiles/AvariusSuperProjectileNova","[""Metadata/Effects/Spells/monsters_effects/act5/Avarius_Casticus/SS_projectile/sml_projectile/sml_projectile.ao""]","[""loop""]","[""impact""]",350,"",2,"","","Metadata/Projectiles/Projectile","",2,"","",[],"",0,0,0,0,"","",0,0,100,100,0,[],"",[],"","","","","","","","","","",[],[],1
277,"Metadata/Projectiles/SanctumReaperAvariusProjectile","[""Metadata/Effects/Spells/monsters_effects/League_Sanctum/ReaperBoss/sml_projectile.ao""]","[""loop""]","[""impact""]",350,"",2,"","","Metadata/Projectiles/Projectile","",2,"","",[],"",0,0,0,0,"","",0,0,100,100,0,[],"",[],"","","","","","","","","","",[],[],1
278,"Metadata/Projectiles/LunarisDarkProjectile","[""Metadata/Effects/Spells/monsters_effects/Solaris_and_Lunaris/Lunaris_e/orb_of_darkness.ao""]","[""descend""]","[""pulsing""]",750,1,2,1,"","Metadata/Projectiles/Projectile","",2,"","",[],"",0,0,0,0,"","",0,0,100,100,0,[],"",[],"","","","","","","","","","",[],[],1
279,"Metadata/Projectiles/StormBurst","[""Metadata/Effects/Spells/storm_burst/stormburst.ao""]","[""loop""]","[""end""]",600,"",2,1,"","Metadata/Projectiles/Projectile","",2,"","",[],"",0,0,0,0,"","",0,0,100,100,0,[],"",[],"","","","","","","","","","",[],[],1
280,"Metadata/Projectiles/ShavronneStormBurst","[""Metadata/Effects/Spells/monsters_effects/act4/Shavronne/projectile.ao""]","[""projectile_loop""]","[""projectile_end""]",400,"",2,1,"","Metadata/Projectiles/Projectile","",2,"","",[],"",0,0,0,0,"","",0,0,100,100,0,[],"",[],"","","","","","","","","","",[],[],1
281,"Metadata/Projectiles/GhostProjectile","[""Metadata/Effects/Spells/monsters_effects/figurehead_projectile/incinerate_ghostflame.ao""]","[""ghostflameproj_shoot""]",[],700,"",2,"","","Metadata/Projectiles/Projectile","",2,"","",[],"",0,0,0,0,"","",0,0,100,100,0,[],"",[],"","","","","","","","","","",[],[],1
282,"Metadata/Projectiles/IncinerateHoly","[""Metadata/Effects/Spells/monsters_effects/Blackguard_cleric/incinerate/incinerate_holy.ao""]","[""flamingwrath_shoot""]","[""flamingwrath_end""]",700,"",2,"","","Metadata/Projectiles/Projectile","",2,"","",[],"",0,0,0,0,"","",0,0,100,100,0,[],"",[],"","","","","","","","","","",[],[],1
283,"Metadata/Projectiles/CrossbowBolt","[""Metadata/Effects/Spells/monsters_effects/act5/projectiles/rig.ao""]","[""loop""]","[""impact""]",750,"",2,"","","Metadata/Projectiles/Projectile","",2,"","",[],"",0,0,0,0,"","",0,0,100,100,0,[],"",[],"","","","","","","","","","",[],[],1
284,"Metadata/Projectiles/KnifeMonsterProjectile","[""Metadata/Effects/Spells/monsters_effects/act5/secret_police/projectile/secret_police_projectile.ao""]","[""loop""]","[""impact""]",1125,"",2,"","","Metadata/Projectiles/Projectile","",2,"","",[],"",0,0,0,0,"","",0,0,100,100,0,[],"",[],"","","","","","","","","","",[],[],1
285,"Metadata/Projectiles/NetMortar","[""Metadata/Effects/Spells/monsters_effects/act5/slave_catcher/net_throw/net_throw.ao""]","[""throw""]",[],750,1,2,"","","Metadata/Projectiles/Projectile","",2,"","",[],"",0,0,0,0,"","",0,0,100,100,1,[],"",[],"","","","","","","","","","",[],[],1
286,"Metadata/Projectiles/MatriachMortar","[""Metadata/Effects/Spells/monsters_effects/act5/BlessedSister/holyfire_mortar.ao""]","[""projectile""]",[],750,1,2,"","","Metadata/Projectiles/Projectile","",2,"","",[],"",0,0,0,0,"","",0,0,100,100,1,[],"",[],"","","","","","","","","","",[],[],1
287,"Metadata/Projectiles/SoulMortarProjectile","[""Metadata/Effects/Spells/monsters_effects/soul_mortar/rig_small.ao""]","[""mortar""]",[],750,"",2,"","","Metadata/Projectiles/Projectile","",2,"","",[],"",0,0,0,0,"","",0,0,100,100,1,[],"",[],"","","","","","","","","","",[],[],1
288,"Metadata/Projectiles/BallLightningTemplar","[""Metadata/Effects/Spells/monsters_effects/act5/templar_judge/lightning_orb_orb.ao""]","[""lightning_orb_once""]","[""lightning_orb_end""]",400,"",2,"","","Metadata/Projectiles/Projectile","",2,"","",[],"",0,0,0,0,"","",0,0,100,100,0,[],"",[],"","","","","","","","","","",[],[],1
289,"Metadata/Projectiles/FireballHoly","[""Metadata/Effects/Spells/monsters_effects/act5/Avarius_Casticus/holy_projectile/minion_projectile.ao""]","[""fireball""]","[""fireball_explode""]",1040,"",2,"","","Metadata/Projectiles/Projectile","",2,"","",[],"",0,0,0,0,"","",0,0,100,100,0,[],"",[],"","","","","","","","","","",[],[],1
290,"Metadata/Projectiles/GruestSpear","[""Metadata/Effects/Spells/monsters_effects/Bandits/BanditLord/GreustSpear.ao""]","[""loop""]","[""end""]",1250,"",2,"","","Metadata/Projectiles/Projectile","",2,"","",[],"",0,0,0,0,"","",0,0,100,100,0,[],"",[],"","","","","","","","","","",[],[],1
291,"Metadata/Projectiles/GreustBarrageSpear","[""Metadata/Effects/Spells/monsters_effects/act7/Ralakesh_Totem/greust_buffed_projectile/rig.ao""]","[""start""]","[""end""]",1250,"",2,"","","Metadata/Projectiles/Projectile","",2,"","",[],"",0,0,0,0,"","",0,0,100,100,0,[],"",[],"","","","","","","","","","",[],[],1
292,"Metadata/Projectiles/SoulMortar","[""Metadata/Effects/Spells/monsters_effects/soul_mortar/rig_small.ao""]","[""mortar""]",[],750,1,2,"","","Metadata/Projectiles/Projectile","",2,"","",[],"",0,0,0,0,"","",0,0,100,100,1,[],"",[],"","","","","","","","","","",[],[],1
293,"Metadata/Projectiles/MortarSummonSpiderGod","[""Metadata/Effects/Spells/monsters_effects/vaalspiderboss_e/eggmortar.ao""]","[""projectile""]",[],750,1,2,"","","Metadata/Projectiles/Projectile","",2,"","",[],"",0,0,0,0,"","",0,0,100,100,1,[],"",[],"","","","","","","","","","",[],[],1
294,"Metadata/Projectiles/AbberathBossFireball","[""Metadata/Effects/Spells/monsters_effects/act6/Abberath/ComboFireballBig.ao""]","[""loop""]","[""end""]",3000,"",3,"","","Metadata/Projectiles/Projectile","",3,"","",[],"",0,0,0,0,"","",0,0,100,100,0,[],"",[],"","","","","","","","","","",[],[],1
295,"Metadata/Projectiles/AbberathBossFireballAlternate","[""Metadata/Effects/Spells/monsters_effects/act6/Abberath/ComboFireballSmall.ao""]","[""loop""]","[""end""]",1500,1,4,"","","Metadata/Projectiles/Projectile","",4,"","",[],"",0,0,0,0,"","",0,0,100,100,0,[],"",[],"","","","","","","","","","",[],[],1
296,"Metadata/Projectiles/WebMortar","[""Metadata/Effects/Spells/monsters_effects/vaalspiderboss_e/WebMortar.ao""]","[""animate""]",[],750,1,2,"","","Metadata/Projectiles/Projectile","",2,"","",[],"",0,0,0,0,"","",0,0,100,100,4,[],"",[],"","","","","","","","","","",[],[],1
297,"Metadata/Projectiles/DespairBearProjectile","[""Metadata/Effects/Spells/monsters_effects/act7/Gruthkul/ground_projectile/projectile.ao""]","[""projectile""]","[""projectile_explode""]",600,"",2,"","","Metadata/Projectiles/Projectile","",2,"","",[],"",0,0,0,0,"","",0,0,100,100,0,[],"",[],"","","","","","","","","","",[],[],1
298,"Metadata/Projectiles/KitavaThrownWeapon","[""Metadata/Effects/Spells/monsters_effects/kitava_red/spectral_throw/rig.ao""]","[""1h_axe_throw""]",[],1000,"",2,"","","Metadata/Projectiles/Projectile","",4,"","",[],"",0,0,0,0,"","",0,0,100,100,0,[],"",[],"","","","","","","","","","",[],[],1
299,"Metadata/Projectiles/AbberathMinionFireball","[""Metadata/Effects/Spells/monsters_effects/act6/Abberath/ComboFireballSmall.ao""]","[""loop""]","[""end""]",1040,"",2,"","","Metadata/Projectiles/Projectile","",2,"","",[],"",0,0,0,0,"","",0,0,100,100,0,[],"",[],"","","","","","","","","","",[],[],1
300,"Metadata/Projectiles/KitavaHeartProjectile80","[""Metadata/Effects/Spells/monsters_effects/act10/Kitava/heart_exposed/projectile/projectile.ao""]","[""80_loop""]","[""80_end""]",250,1,2,"","","Metadata/Projectiles/Projectile","",2,"","",[],"",0,0,0,0,"","",0,0,100,100,0,[],"",[],"","","","","","","","","","",[],[],1
301,"Metadata/Projectiles/KitavaHeartProjectile100","[""Metadata/Effects/Spells/monsters_effects/act10/Kitava/heart_exposed/projectile/projectile.ao""]","[""100_loop""]","[""100_end""]",250,1,2,"","","Metadata/Projectiles/Projectile","",2,"","",[],"",0,0,0,0,"","",0,0,100,100,0,[],"",[],"","","","","","","","","","",[],[],1
302,"Metadata/Projectiles/KitavaHeartProjectile120","[""Metadata/Effects/Spells/monsters_effects/act10/Kitava/heart_exposed/projectile/projectile.ao""]","[""120_loop""]","[""120_end""]",250,1,2,"","","Metadata/Projectiles/Projectile","",2,"","",[],"",0,0,0,0,"","",0,0,100,100,0,[],"",[],"","","","","","","","","","",[],[],1
303,"Metadata/Projectiles/KitavaHeartProjectile200","[""Metadata/Effects/Spells/monsters_effects/act10/Kitava/heart_exposed/projectile/projectile.ao""]","[""200_loop""]","[""200_end""]",250,1,2,"","","Metadata/Projectiles/Projectile","",2,"","",[],"",0,0,0,0,"","",0,0,100,100,0,[],"",[],"","","","","","","","","","",[],[],1
304,"Metadata/Projectiles/LightningSoul2","[""Metadata/Effects/Spells/monsters_effects/act3/dominus/lightning_souls/screaming_soul_main.ao""]","[""souls""]","[""soulsend""]",1000,"",2,"","","Metadata/Projectiles/Projectile","",2,"","",[],"",0,0,0,0,"","",0,0,100,100,0,[],"",[],"","","","","","","","","","",[],[],1
305,"Metadata/Projectiles/DoedreWandStrike","[""Metadata/Effects/Spells/monsters_effects/act8/Doedre/kinetic_blast/projectile/projectile.ao""]","[""wand_projectile""]","[""wand_collide""]",750,1,2,"","","Metadata/Projectiles/Projectile","",2,"","",[],"",0,0,0,0,"","",0,0,100,100,0,[],"",[],"","","","","","","","","","",[],[],1
306,"Metadata/Projectiles/DoedreBloodBall","[""Metadata/Effects/Spells/monsters_effects/act8/Doedre/wand_projectile/rig.ao""]","[""wand_projectile""]","[""wand_collide""]",750,1,3,"","","Metadata/Projectiles/Projectile","",3,"","",[],"",0,0,0,0,"","",0,0,100,100,0,[],"",[],"","","","","","","","","","",[],[],1
307,"Metadata/Projectiles/KitavaDebrisThrow","[""Metadata/Effects/Spells/monsters_effects/act10/Kitava/mortar/projectile/debris1.ao""]","[""projectile""]",[],750,1,3,"","","Metadata/Projectiles/Projectile","",3,"","",[],"",0,0,0,0,"","",0,0,100,100,0,[],"",[],"","","","","","","","","","",[],[],1
308,"Metadata/Projectiles/KitavaUniqueMinion","[""Metadata/Effects/Spells/monsters_effects/act10/Kitava/unique_minion/projectile/unique_minion_projectile.ao""]","[""projectile""]","[""impact""]",600,"",2,"","","Metadata/Projectiles/Projectile","",2,"","",[],"",0,0,0,0,"","",0,0,100,100,0,[],"",[],"","","","","","","","","","",[],[],1
309,"Metadata/Projectiles/KitavaUniqueMinionBarrage","[""Metadata/Effects/Spells/monsters_effects/act10/Kitava/unique_minion/barrage_projectile/barrage_projectile.ao""]","[""projectile""]","[""impact""]",600,"",2,"","","Metadata/Projectiles/Projectile","",2,"","",[],"",0,0,0,0,"","",0,0,100,100,0,[],"",[],"","","","","","","","","","",[],[],1
310,"Metadata/Projectiles/KaomWarriorIceArrow","[""Metadata/Effects/Spells/icearrow/rig_monster.ao""]","[""icearrow""]","[""icearrow_kaomarcher_impact""]",3260,"",1,"","","Metadata/Projectiles/Projectile","",1,"","",[],"",0,0,0,0,"","",0,0,100,100,0,[],"",[],"","","","","","","","","","",[],[],1
311,"Metadata/Projectiles/BoneMortar","[""Metadata/Effects/Spells/monsters_effects/SkeletonOssuary/bone_mortar.ao""]","[""projectile""]",[],750,1,2,"","","Metadata/Projectiles/Projectile","",2,"","",[],"",0,0,0,0,"","",0,0,100,100,1,[],"",[],"","","","","","","","","","",[],[],1
312,"Metadata/Projectiles/HolyMinerFireball","[""Metadata/Effects/Spells/monsters_effects/act4/miner/lanter_fireball/miner_fireball.ao""]","[""miner_fireball_travel""]","[""miner_fireball_end""]",1040,"",2,"","","Metadata/Projectiles/Projectile","",2,"","",[],"",0,0,0,0,"","",0,0,100,100,0,[],"",[],"","","","","","","","","","",[],[],1
313,"Metadata/Projectiles/YugulMortar","[""Metadata/Effects/Spells/monsters_effects/act8/Yugul_SilverFrog/SilverFrogMortar_Proj.ao""]","[""once""]",[],750,1,2,"","","Metadata/Projectiles/Projectile","",2,"","",[],"",0,0,0,0,"","",0,0,100,100,1,[],"",[],"","","","","","","","","","",[],[],1
314,"Metadata/Projectiles/Maligaro2Mortar","[""Metadata/Effects/Spells/monsters_effects/Maligaro_Act7_e/BlackDeath/Purple_lightning_mortar/purplelightning_mortar.ao""]","[""projectile""]",[],750,1,2,"","","Metadata/Projectiles/Projectile","",2,"","",[],"",0,0,0,0,"","",0,0,100,100,1,[],"",[],"","","","","","","","","","",[],[],1
315,"Metadata/Projectiles/Maligaro2LightningStrikeProjectile","[""Metadata/Effects/Spells/monsters_effects/Maligaro_Act7_e/FourLeggedDemon/Purple_lightning_strike/lightning_strike_projectile.ao""]","[""animate""]","[""end""]",300,1,2,"","","Metadata/Projectiles/Projectile","",2,"","",[],"",0,0,0,0,"","",0,0,100,100,0,[],"",[],"","","","","","","","","","",[],[],1
316,"Metadata/Projectiles/Maligaro2BallPoison","[""Metadata/Effects/Spells/monsters_effects/Maligaro_Act7_e/BlackDeath/Poison_spit/ball_lightning.ao""]","[""loop""]","[""end""]",120,"",2,"","","Metadata/Projectiles/Projectile","",2,"","",[],"",0,0,0,0,"","",0,0,100,100,0,[],"",[],"","","","","","","","","","",[],[],1
317,"Metadata/Projectiles/ArakaaliMortar","[""Metadata/Effects/Spells/monsters_effects/vaalspiderboss_e/BasicMortar.ao""]","[""animate""]",[],750,1,2,"","","Metadata/Projectiles/Projectile","",2,"","",[],"",0,0,0,0,"","",0,0,100,100,4,[],"",[],"","","","","","","","","","",[],[],1
318,"Metadata/Projectiles/SpiderGodRiptideBig","[""Metadata/Effects/Spells/monsters_effects/vaalspiderboss_e/RiptideProjectile/big_projectile.ao""]","[""loop""]","[""end""]",10,1,2,"","","Metadata/Projectiles/Projectile","",2,"","",[],"",0,0,0,0,"","",0,0,100,100,0,[],"",[],"","","","","","","","","","",[],[],1
319,"Metadata/Projectiles/YugulChromeProjectile","[""Metadata/Effects/Spells/monsters_effects/act8/Yugul_SilverFrog/SilverPoolProjectile.ao""]","[""loop""]","[""end""]",1000,"",2,1,"","Metadata/Projectiles/Projectile","",2,"","",[],"",0,0,0,0,"","",0,0,100,100,0,[],"",[],"","","","","","","","","","",[],[],1
320,"Metadata/Projectiles/TriggerProjectileSpell","[""Metadata/Effects/Spells/monsters_effects/trigger_projectile/trigger_projectile.ao""]","[""spellcast_aoe""]","[""death""]",600,"",2,1,"","Metadata/Projectiles/Projectile","",2,"","",[],"",0,0,0,0,"","",0,0,100,100,0,[],"",[],"","","","","","","","","","",[],[],1
321,"Metadata/Projectiles/FemaleDemonRangedProjectileBlue","[""Metadata/Effects/Spells/monsters_effects/act8/Lunaris_Concubine/female_demon_ranged_Lunaris/rig.ao""]","[""demonfemaleranged_shoot""]","[""demonfemaleranged_end""]",1800,1,2,"","","Metadata/Projectiles/Projectile","",2,"","",[],"",0,0,0,0,"","",0,0,100,100,0,[],"",[],"","","","","","","","","","",[],[],1
322,"Metadata/Projectiles/FigureheadMortar","[""Metadata/Effects/Spells/monsters_effects/figurehead_projectile/incinerate_ghostflame.ao""]","[""ghostflameproj_shoot""]",[],750,"",2,"","","Metadata/Projectiles/Projectile","",2,"","",[],"",0,0,0,0,"","",0,0,100,100,1,[],"",[],"","","","","","","","","","",[],[],1
323,"Metadata/Projectiles/CoolWhipProjectile","[""Metadata/Effects/Spells/monsters_effects/act8/Lunaris_Whipper/fast_projectile/rig.ao""]","[""once""]","[""end""]",2500,"",2,"","","Metadata/Projectiles/Projectile","",2,"","",[],"",0,0,0,0,"","",0,0,100,100,0,[],"",[],"","","","","","","","","","",[],[],1
324,"Metadata/Projectiles/BurningNovaProjectileSpell","[""Metadata/Effects/Spells/monsters_effects/act8/Fire_ball_poofs/ball_fire.ao""]","[""loop""]","[""end""]",350,"",2,"","","Metadata/Projectiles/ProjectileGround","",2,"","",[],"",0,0,0,0,"","",0,0,100,100,0,[],"",[],"","","","","","","","","","",[],[],1
325,"Metadata/Projectiles/MortarSummonSilverOrb","[""Metadata/Effects/Spells/monsters_effects/vaalspiderboss_e/eggmortar.ao""]","[""projectile""]",[],750,1,2,"","","Metadata/Projectiles/Projectile","",2,"","",[],"",0,0,0,0,"","",0,0,100,100,1,[],"",[],"","","","","","","","","","",[],[],1
326,"Metadata/Projectiles/CausticMortar","[""Metadata/Effects/Spells/monsters_effects/act8/PusElementalMortar/rig.ao""]","[""projectile""]",[],750,1,2,"","","Metadata/Projectiles/Projectile","",2,"","",[],"",0,0,0,0,"","",0,0,100,100,1,[],"",[],"","","","","","","","","","",[],[],1
327,"Metadata/Projectiles/PusWaterVortex","[""Metadata/Effects/Spells/monsters_effects/act8/Sewer_WaterSpiral/whirlpoolmonstersewage_attack.ao""]","[""whirlpool_loop""]","[""whirlpool_end""]",300,1,2,"","","Metadata/Projectiles/Projectile","",2,"","",[],"",0,0,0,0,"","",0,0,100,100,0,[],"",[],"","","","","","","","","","",[],[],1
328,"Metadata/Projectiles/ChromeSpikeySpike","[""Metadata/Effects/Spells/monsters_effects/act8/Chrome_spiker_spine/rig.ao""]","[""spine_shoot""]","[""spine_shatter""]",1800,"",2,"","","Metadata/Projectiles/Projectile","",2,"","",[],"",0,0,0,0,"","",0,0,100,100,0,[],"",[],"","","","","","","","","","",[],[],1
329,"Metadata/Projectiles/ChromeSpike","[""Metadata/Effects/Spells/monsters_effects/act8/Chrome_snake_spine/rig.ao""]","[""spine_shoot""]","[""spine_shatter""]",1800,"",2,"","","Metadata/Projectiles/Projectile","",2,"","",[],"",0,0,0,0,"","",0,0,100,100,0,[],"",[],"","","","","","","","","","",[],[],1
330,"Metadata/Projectiles/SplitSpellProjectile","[""Metadata/Effects/Spells/monsters_effects/act8/projectile/ice_projectile/ice_projectile.ao""]","[""loop""]","[""impact""]",1250,"",2,"","","Metadata/Projectiles/Projectile","",2,"","",[],"",0,0,0,0,"","",0,0,100,100,0,[],"",[],"","","","","","","","","","",[],[],1
331,"Metadata/Projectiles/ArcticBreathChrome","[""Metadata/Effects/Spells/arcticbreath_mercury/rig.ao""]","[""articbreath""]","[""articbreath_end""]",844,"",2,"","","Metadata/Projectiles/ProjectileGround","",2,"","",[],"",0,0,0,0,"","",0,0,100,100,0,[],"",[],"","","","","","","","","","",[],[],1
332,"Metadata/Projectiles/ArcticBreathChromeFlying","[""Metadata/Effects/Spells/arcticbreath_mercury/rig.ao""]","[""articbreath_start""]","[""articbreath_end""]",844,"",2,"","","Metadata/Projectiles/Projectile","",2,"","",[],"",0,0,0,0,"","",0,0,100,100,0,[],"",[],"","","","","","","","","","",[],[],1
333,"Metadata/Projectiles/KitavaDemonMortar","[""Metadata/Effects/Spells/monsters_effects/kitava_demon/mortar_projectile.ao""]","[""projectile""]",[],750,1,2,"","","Metadata/Projectiles/Projectile","",2,"","",[],"",0,0,0,0,"","",0,0,100,100,1,[],"",[],"","","","","","","","","","",[],[],1
334,"Metadata/Projectiles/BarrageSnipe","[""Metadata/Effects/Spells/monsters_effects/act4/arrow_projectile/power_shot/power_shot.ao""]","[""loop""]","[""impact""]",3260,"",2,"","","Metadata/Projectiles/Projectile","",2,"","",[],"",0,0,0,0,"","",0,0,100,100,0,[],"",[],"","","","","","","","","","",[],[],1
335,"Metadata/Projectiles/BasiliskProjectile","[""Metadata/Effects/Spells/monsters_effects/act9/Basilisk/fire_spine.ao""]","[""spine_shoot""]","[""spine_shatter""]",750,"",2,"","","Metadata/Projectiles/Projectile","",2,"","",[],"",0,0,0,0,"","",0,0,100,100,0,[],"",[],"","","","","","","","","","",[],[],1
336,"Metadata/Projectiles/IncinerateKitavaMinion","[""Metadata/Effects/Spells/monsters_effects/act10/Kitava/unique_minion/barrage_projectile/barrage_projectile_multi.ao""]","[""projectile""]","[""impact""]",700,"",2,"","","Metadata/Projectiles/Projectile","",2,"","",[],"",0,0,0,0,"","",0,0,100,100,0,[],"",[],"","","","","","","","","","",[],[],1
337,"Metadata/Projectiles/DawnShieldThrow","[""Metadata/Effects/Spells/monsters_effects/act8/Dawn/shieldtoss.ao""]","[""loop""]","[""end""]",1125,1,3,"","","Metadata/Projectiles/Projectile","",3,"","",[],"",0,0,0,0,"","",0,0,100,100,0,[],"",[],"","","","","","","","","","",[],[],1
338,"Metadata/Projectiles/DawnShieldThrowSecondary","[""Metadata/Effects/Spells/monsters_effects/Solaris_and_Lunaris/Solaris_e/solarspear_projectile_branch.ao""]","[""loop""]","[""explode""]",1000,1,2,"","","Metadata/Projectiles/Projectile","",2,"","",[],"",0,0,0,0,"","",0,0,100,100,0,[],"",[],"","","","","","","","","","",[],[],1
339,"Metadata/Projectiles/LunarisCurvingArrows","[""Metadata/Effects/Spells/monsters_effects/act8/Dusk/arrow_projectile.ao""]","[""upgraded_arrow""]","[""fadeout""]",1000,"",1,"","","Metadata/Projectiles/Projectile","",1,"","",[],"",0,0,0,0,"","",0,0,100,100,0,[],"",[],"","","","","","","","","","",[],[],1
340,"Metadata/Projectiles/LunarisSnipeDash","[""Metadata/Effects/Spells/monsters_effects/act8/Dusk/snipe/powershot.ao""]","[""loop""]","[""fadeout""]",3260,"",2,"","","Metadata/Projectiles/Projectile","",2,"","",[],"",0,0,0,0,"","",0,0,100,100,0,[],"",[],"","","","","","","","","","",[],[],1
341,"Metadata/Projectiles/LunarisCarpetBombPrimary","[""Metadata/Effects/Spells/monsters_effects/act8/Dusk/carpetbomb/ProjectileFirst.ao""]","[""idle""]","[""fadeout""]",500,"",2,"","","Metadata/Projectiles/Projectile","",2,"","",[],"",0,0,0,0,"","",0,0,100,100,0,[],"",[],"","","","","","","","","","",[],[],1
342,"Metadata/Projectiles/LunarisCarpetBombSecondary","[""Metadata/Effects/Spells/monsters_effects/act8/Dusk/carpetbomb/ProjectileSecond.ao""]","[""idle""]","[""fadeout""]",350,1,2,"","","Metadata/Projectiles/Projectile","",2,"","",[],"",0,0,0,0,"","",0,0,100,100,0,[],"",[],"","","","","","","","","","",[],[],1
343,"Metadata/Projectiles/LunarisDefaultArrow","[""Metadata/Effects/Spells/monsters_effects/act8/Dusk/arrow_projectile.ao""]","[""base_arrow""]","[""fadeout""]",3260,"",1,"","","Metadata/Projectiles/Projectile","",1,"","",[],"",0,0,0,0,"","",0,0,100,100,0,[],"",[],"","","","","","","","","","",[],[],1
344,"Metadata/Projectiles/GoreCarpetBombPrimary","[""Metadata/Effects/Spells/monsters_effects/Skeleton_CarpetBomb/rig_arrow1.ao""]","[""loop""]","[""explode""]",500,"",2,"","","Metadata/Projectiles/Projectile","",2,"","",[],"",0,0,0,0,"","",0,0,100,100,0,[],"",[],"","","","","","","","","","",[],[],1
345,"Metadata/Projectiles/GoreCarpetBombSecondary","[""Metadata/Effects/Spells/monsters_effects/Skeleton_CarpetBomb/rig_arrow2.ao""]","[""idle""]","[""explode""]",350,1,2,"","","Metadata/Projectiles/Projectile","",2,"","",[],"",0,0,0,0,"","",0,0,100,100,0,[],"",[],"","","","","","","","","","",[],[],1
346,"Metadata/Projectiles/FireballGemling","[""Metadata/Effects/Spells/monsters_effects/act8/GemlingLegionnaires/fireball.ao""]","[""loop""]","[""end""]",1040,"",2,"","","Metadata/Projectiles/Projectile","",2,"","",[],"",0,0,0,0,"","",0,0,100,100,0,[],"",[],"","","","","","","","","","",[],[],1
347,"Metadata/Projectiles/FireballGemlingUpgrade","[""Metadata/Effects/Spells/monsters_effects/act8/GemlingLegionnaires/fireball_upgraded.ao""]","[""loop""]","[""end""]",1040,"",3,"","","Metadata/Projectiles/Projectile","",3,"","",[],"",0,0,0,0,"","",0,0,100,100,0,[],"",[],"","","","","","","","","","",[],[],1
348,"Metadata/Projectiles/KitavaUniqueMinionSpiral","[""Metadata/Effects/Spells/monsters_effects/act10/Kitava/unique_minion/projectile/unique_minion_projectile_spiral.ao""]","[""projectile""]","[""impact""]",600,"",2,"","","Metadata/Projectiles/Projectile","",2,"","",[],"",0,0,0,0,"","",0,0,100,100,0,[],"",[],"","","","","","","","","","",[],[],1
349,"Metadata/Projectiles/SinProjectile","[""Metadata/Effects/Spells/monsters_effects/act10/Kitava/Sin_projectile/projectile.ao""]","[""loop""]","[""end""]",1000,1,2,"","","Metadata/Projectiles/Projectile","",2,"","",[],"",0,0,0,0,"","",0,0,100,100,0,[],"",[],"","","","","","","","","","",[],[],1
350,"Metadata/Projectiles/InnocenceProjectile","[""Metadata/Effects/Spells/monsters_effects/act5/Avarius_Casticus/holy_projectile/rig.ao""]","[""fireball""]","[""fireball_explode""]",650,1,2,"","","Metadata/Projectiles/Projectile","",2,"","",[],"",0,0,0,0,"","",0,0,100,100,0,[],"",[],"","","","","","","","","","",[],[],1
351,"Metadata/Projectiles/ClockworkGolemLightningMortar","[""Metadata/Effects/Spells/monsters_effects/act9/The_Trio/Shavronne/lightning_mortar/mortar.ao""]","[""projectile""]",[],300,1,2,"","","Metadata/Projectiles/Projectile","",2,"","",[],"",0,0,0,0,"","",0,0,100,100,1,[],"",[],"","","","","","","","","","",[],[],1
352,"Metadata/Projectiles/BlackRavenProjectile","[""Metadata/Monsters/SummonedSkull/SummonedRaven.ao""]","[""run_projectile_01""]","[""death_projectile_01""]",1500,"",2,"","","Metadata/Projectiles/Projectile","",2,"","",[],"",0,0,0,0,"","",0,0,100,100,0,[],"",[],"","","","","","","","","","",[],[],1
353,"Metadata/Projectiles/SpectralThrowUtula","[""Metadata/Effects/Spells/monsters_effects/BlacksmithGolem/Spectral_throw/Utulaspectralthrow.ao""]","[""animate""]",[],1000,"",2,"","","Metadata/Projectiles/Projectile","",4,"","",[],"",0,0,0,0,"","",0,0,100,100,0,[],"",[],"","","","","","","","","","",[],[],1
354,"Metadata/Projectiles/MaligaroTriBlade","[""Metadata/Effects/Spells/monsters_effects/act9/The_Trio/Boss/Tri_Blade/tri_blade_projectile/tri_blade_projectile.ao""]","[""loop""]","[""impact""]",1500,"",4,1,"","Metadata/Projectiles/Projectile","",4,"","",[],"",0,0,0,0,"","",0,0,100,100,0,[],"",[],"","","","","","","","","","",[],[],1
355,"Metadata/Projectiles/SkeletonProjectileGold","[""Metadata/Effects/Spells/monsters_effects/skeletonmage_projectile/gold.ao""]","[""idle""]","[""explode""]",562,"",2,"","","Metadata/Projectiles/Projectile","",2,"","",[],"",0,0,0,0,"","",0,0,100,100,0,[],"",[],"","","","","","","","","","",[],[],1
356,"Metadata/Projectiles/SkeletonProjectileBlack","[""Metadata/Effects/Spells/monsters_effects/skeletonmage_projectile/ebony.ao""]","[""idle""]","[""explode""]",562,"",2,"","","Metadata/Projectiles/Projectile","",2,"","",[],"",0,0,0,0,"","",0,0,100,100,0,[],"",[],"","","","","","","","","","",[],[],1
357,"Metadata/Projectiles/WaterVortexRed","[""Metadata/Effects/Spells/monsters_effects/act4/water_elemental/whirlpool/whirlpool_attack_kitava.ao""]","[""whirlpool_loop""]","[""whirlpool_end""]",300,1,2,"","","Metadata/Projectiles/Projectile","",2,"","",[],"",0,0,0,0,"","",0,0,100,100,0,[],"",[],"","","","","","","","","","",[],[],1
358,"Metadata/Projectiles/TrioMortarRed","[""Metadata/Effects/Spells/monsters_effects/act9/The_Trio/Boss/sludge_mortar/projectile_red.ao""]","[""projectile""]",[],750,1,2,"","","Metadata/Projectiles/Projectile","",2,"","",[],"",0,0,0,0,"","",0,0,100,100,1,[],"",[],"","","","","","","","","","",[],[],1
359,"Metadata/Projectiles/TrioMortarPurple","[""Metadata/Effects/Spells/monsters_effects/act9/The_Trio/Boss/sludge_mortar/projectile_purple.ao""]","[""projectile""]",[],750,1,2,"","","Metadata/Projectiles/Projectile","",2,"","",[],"",0,0,0,0,"","",0,0,100,100,1,[],"",[],"","","","","","","","","","",[],[],1
360,"Metadata/Projectiles/TornadoShotSecondaryProjectileChaos","[""Metadata/Effects/Spells/tornado_shot_crystal/second_arrow.ao""]","[""tornadoshot_once""]","[""tornadoshot_impact""]",2173,"",1,"","","Metadata/Projectiles/Projectile","",1,"","","[""Metadata/Effects/Spells/tornado_shot_crystal/arrow_stuck.ao""]","Metadata/Effects/Spells/tornado_shot_crystal/arrow_stuck.ao",50,80,0,20,3579,3578,0,100,100,100,0,[],"",[],"","","","","","","","","","",[],[],1
361,"Metadata/Projectiles/TornadoShotProjectileChaos","[""Metadata/Effects/Spells/tornado_shot_crystal/second_arrow.ao""]","[""tornadoshot_loop""]","[""tornadoshot_impact""]",2173,1,1,"","","Metadata/Projectiles/Projectile","",1,"","","[""Metadata/Effects/Spells/tornado_shot_crystal/arrow_stuck.ao""]","",0,0,0,0,3579,3578,0,0,100,100,0,[],"",[],"","","","","","","","","","",[],[],1
362,"Metadata/Projectiles/AvariusWickermanFireball","[""Metadata/Effects/Spells/monsters_effects/act5/Avarius_Casticus/holy_projectile/rig_kitava.ao""]","[""fireball""]","[""fireball_explode""]",650,1,2,"","","Metadata/Projectiles/Projectile","",2,"","",[],"",0,0,0,0,"","",0,0,100,100,0,[],"",[],"","","","","","","","","","",[],[],1
363,"Metadata/Projectiles/AvariusWickermanRapidProjectile","[""Metadata/Effects/Spells/monsters_effects/act5/Avarius_Casticus/S_projectile/super_projectile_kitava.ao""]","[""loop""]","[""impact""]",4500,"",2,"","","Metadata/Projectiles/Projectile","",2,"","",[],"",0,0,0,0,"","",0,0,100,100,0,[],"",[],"","","","","","","","","","",[],[],1
364,"Metadata/Projectiles/StagBanditSnipe","[""Metadata/Effects/Spells/monsters_effects/Bandits/Bandit/power_shot.ao""]","[""loop""]","[""impact""]",3260,"",2,"","","Metadata/Projectiles/Projectile","",2,"","",[],"",0,0,0,0,"","",0,0,100,100,0,[],"",[],"","","","","","","","","","",[],[],1
365,"Metadata/Projectiles/HarbingerFireMortar","[""Metadata/Effects/Spells/monsters_effects/league_avatar/mortar/projectile.ao""]","[""projectile""]",[],400,1,2,"","","Metadata/Projectiles/Projectile","",2,"","",[],"",0,0,0,0,"","",0,0,100,100,1,[],"",[],"","","","","","","","",4,"",[],[],1
366,"Metadata/Projectiles/FireSpiderSpark","[""Metadata/Effects/Spells/monsters_effects/SpiderPlated/fire_spark.ao""]","[""spark_surge""]","[""spark_explode""]",560,1,1,1,"","Metadata/Projectiles/ProjectileGround","",2,"","",[],"",0,0,0,0,"","",0,0,100,100,0,[],"",[],"","","","","","","","","","",[],[],1
367,"Metadata/Projectiles/SandTornadoSpark","[""Metadata/Effects/Spells/monsters_effects/act9/SandSpark/SandSpark.ao""]","[""start""]","[""end""]",250,"",1,1,"","Metadata/Projectiles/ProjectileGround","",2,"","",[],"",0,0,0,0,"","",0,0,100,100,0,[],"",[],"","","","","","","","","","",[],[],1
368,"Metadata/Projectiles/AutomatonSparkTornado","[""Metadata/Effects/Microtransactions/Spells/spark/Automaton/Ao/rig.ao""]","[""electrical_surge""]","[""electrical_explode""]",250,"",1,1,"","Metadata/Projectiles/ProjectileGround","",2,"","",[],"",0,0,0,0,"","",0,0,100,100,0,[],"",[],"","","","","","","","","","",[],[],1
369,"Metadata/Projectiles/CelestialSparkTornado","[""Metadata/Effects/Microtransactions/Spells/spark/Celestial/Ao/rig.ao""]","[""electrical_surge""]","[""electrical_explode""]",250,"",1,1,"","Metadata/Projectiles/ProjectileGround","",2,"","",[],"",0,0,0,0,"","",0,0,100,100,0,[],"",[],"","","","","","","","","","",[],[],1
370,"Metadata/Projectiles/SpiderSparkTornado","[""Metadata/Effects/Microtransactions/Spells/spark/sparkspider/spark_spider2.ao""]","[""electrical_surge""]","[""electrical_explode""]",250,"",1,"","","Metadata/Projectiles/ProjectileGround","",2,"","",[],"",0,0,0,0,"","",0,0,100,100,0,[],"",[],"","","","","","","","","","",[],[],1
371,"Metadata/Projectiles/VoidSparkTornado","[""Metadata/Effects/Microtransactions/Spells/spark/void/rig.ao""]","[""electrical_surge""]","[""electrical_explode""]",250,"",1,"","","Metadata/Projectiles/ProjectileGround","",2,"","",[],"",0,0,0,0,"","",0,0,100,100,0,[],"",[],"","","","","","","","","","",[],[],1
372,"Metadata/Projectiles/BoneLance","[""Metadata/Effects/Spells/bone_lance/projectile_black.ao""]","[""spine_shoot""]","[""spine_shatter""]",3250,1,2,"","","Metadata/Projectiles/Projectile","",2,"","",[],"",0,0,0,0,"","",0,0,100,100,0,[],"",[],"","","","","","","","","","",[],[],1
373,"Metadata/Projectiles/UnholyTrioBallLightning","[""Metadata/Effects/Spells/monsters_effects/act9/The_Trio/Boss/death_ball_lightning/projectile.ao""]","[""loop""]","[""impact""]",400,"",2,"","","Metadata/Projectiles/Projectile","",2,"","",[],"",0,0,0,0,"","",0,0,100,100,0,[],"",[],"","","","","","","","","","",[],[],1
374,"Metadata/Projectiles/DeceleratingProjectilesTriggerNova","[""Metadata/Effects/Spells/monsters_effects/SlaveCatcher/kitava/arrow.ao""]","[""arrow_loop""]","[""arrow_buildup""]",1200,"",2,"","","Metadata/Projectiles/Projectile","",2,"","",[],"",0,0,0,0,"","",0,0,100,100,0,[],"",[],"","","","","","","","","","",[],[],1
375,"Metadata/Projectiles/FlameBearerFireSprayGold","[""Metadata/Effects/Spells/monsters_effects/act3/flamebearer_headspray_gold/rig.ao""]","[""headspray_shoot""]","[""headspray_end""]",750,1,2,"","","Metadata/Projectiles/Projectile","",2,"","",[],"",0,0,0,0,"","",0,0,100,100,0,[],"",[],"","","","","","","","","","",[],[],1
376,"Metadata/Projectiles/BallLightningCelestial","[""Metadata/Effects/Microtransactions/Spells/ball_lightning/celestial/celestial_lightning_orb.ao""]","[""lightning_orb_once""]","[""lightning_orb_end""]",400,"",2,"","","Metadata/Projectiles/Projectile","",2,"","",[],"",0,0,0,0,"","",0,0,100,100,0,[],"",[],"","","","","","","","","","",[],[],1
377,"Metadata/Projectiles/ObsidianMortar","[""Metadata/Effects/Spells/monsters_effects/AtlasofWorldsBosses/ElderGuardian/FireGuardian/shard_projectile/shard_projectile.ao""]","[""spine_shoot""]","[""spine_shatter""]",3500,1,2,"","","Metadata/Projectiles/Projectile","",2,"","",[],"",0,0,0,0,"","",0,0,100,100,0,[],"",[],"","","","","","","","","","",[],[],1
378,"Metadata/Projectiles/ObsidianMortar2","[""Metadata/Effects/Spells/monsters_effects/AtlasofWorldsBosses/ElderGuardian/FireGuardian/shard_projectile/shard_projectile2.ao""]","[""spine_shoot""]","[""spine_shatter""]",3500,1,2,"","","Metadata/Projectiles/Projectile","",2,"","",[],"",0,0,0,0,"","",0,0,100,100,0,[],"",[],"","","","","","","","","","",[],[],1
379,"Metadata/Projectiles/ObsidianMortar3","[""Metadata/Effects/Spells/monsters_effects/AtlasofWorldsBosses/ElderGuardian/FireGuardian/shard_projectile/shard_projectile3.ao""]","[""spine_shoot""]","[""spine_shatter""]",3500,1,2,"","","Metadata/Projectiles/Projectile","",2,"","",[],"",0,0,0,0,"","",0,0,100,100,0,[],"",[],"","","","","","","","","","",[],[],1
380,"Metadata/Projectiles/TripleBladeThrownWeapon","[""Metadata/Effects/Microtransactions/Spells/spectral_throw/triple_blade/tri_blade_throw.ao""]","[""animate""]",[],1000,"",2,"","","Metadata/Projectiles/Projectile","",4,"","",[],"",0,0,0,0,"","",0,0,100,100,0,[],"",[],"","","","","","","","","","",[],[],1
381,"Metadata/Projectiles/AbyssBoneHuskMortar","[""Metadata/Effects/Spells/monsters_effects/League_Abyss/AbyssMortar/mortar.ao""]","[""projectile""]",[],750,1,2,"","","Metadata/Projectiles/Projectile","",2,"","",[],"",0,0,0,0,"","",0,0,100,100,1,[],"",[],"","","","","","","","","","",[],[],1
382,"Metadata/Projectiles/AbyssBoneHuskMortarLich","[""Metadata/Effects/Spells/monsters_effects/League_Abyss/Abyss_Lich_2/shardspear_ground.ao""]","[""spine_shoot""]",[],750,1,2,"","","Metadata/Projectiles/Projectile","",2,"","",[],"",0,0,0,0,"","",0,0,100,100,1,[],"",[],"","","","","","","","","","",[],[],1
383,"Metadata/Projectiles/CorpseEruptionProjectile","[""Metadata/Effects/Spells/corpse_eruption/CorpseEruptionMortarProjectile.ao""]","[""once""]",[],400,1,1,"","","Metadata/Projectiles/ProjectileGround","",1,"","",[],"",0,0,0,0,"","",0,0,100,100,1,[],"",[],"","","","","","","","","","",[],[],1
384,"Metadata/Projectiles/QuicksilverCorpseEruptionProjectile","[""Metadata/Effects/Microtransactions/Spells/cremation/CorpseEruptionMortarProjectile.ao""]","[""once""]",[],400,1,1,"","","Metadata/Projectiles/ProjectileGround","",1,"","",[],"",0,0,0,0,"","",0,0,100,100,1,[],"",[],"","","","","","","","","","",[],[],1
385,"Metadata/Projectiles/ParasiteSpit","[""Metadata/Effects/Spells/monsters_effects/Parasite_ranged/projectile.ao""]","[""loop""]","[""death""]",700,"",2,"","","Metadata/Projectiles/Projectile","",2,"","",[],"",0,0,0,0,"","",0,0,100,100,0,[],"",[],"","","","","","","","","","",[],[],1
386,"Metadata/Projectiles/MatriarchFireMortar1","[""Metadata/Effects/Spells/monsters_effects/act5/BlessedSister/holyfire_mortar.ao""]","[""projectile""]",[],750,1,2,"","","Metadata/Projectiles/Projectile","",2,"","",[],"",0,0,0,0,"","",0,0,100,100,1,[],"",[],"","","","","","","","","","",[],[],1
387,"Metadata/Projectiles/MatriarchFireMortar2","[""Metadata/Effects/Spells/monsters_effects/act5/BlessedSister/holyfire_mortar.ao""]","[""projectile""]",[],750,1,2,"","","Metadata/Projectiles/Projectile","",2,"","",[],"",0,0,0,0,"","",0,0,100,100,1,[],"",[],"","","","","","","","","","",[],[],1
388,"Metadata/Projectiles/AbyssOrbProjectile","[""Metadata/Effects/Spells/monsters_effects/League_Abyss/AbyssOrb/abyssorb_projectile.ao""]","[""loop""]","[""end""]",750,"",2,"","","Metadata/Projectiles/Projectile","",2,"","",[],"",0,0,0,0,"","",0,0,100,100,0,[],"",[],"","","","","","","","","","",[],[],1
389,"Metadata/Projectiles/SoulProjectileDark","[""Metadata/Effects/Spells/monsters_effects/League_Abyss/SoulProjectile/darkprojectile.ao""]","[""loop""]","[""end""]",1125,"",2,"","","Metadata/Projectiles/Projectile","",2,"","",[],"",0,0,0,0,"","",0,0,100,100,0,[],"",[],"","","","","","","","","","",[],[],1
390,"Metadata/Projectiles/SoulProjectileSpirit","[""Metadata/Effects/Spells/monsters_effects/League_Abyss/SoulProjectile/spiritinfusedprojectile.ao""]","[""loop""]","[""end""]",562,"",2,"","","Metadata/Projectiles/Projectile","",2,"","",[],"",0,0,0,0,"","",0,0,100,100,0,[],"",[],"","","","","","","","","","",[],[],1
391,"Metadata/Projectiles/SoulProjectileSpirit2","[""Metadata/Effects/Spells/monsters_effects/League_Abyss/SoulProjectile/spiritinfusedprojectile.ao""]","[""loop""]","[""end""]",300,"",2,"","","Metadata/Projectiles/Projectile","",2,"","",[],"",0,0,0,0,"","",0,0,100,100,0,[],"",[],"","","","","","","","","","",[],[],1
392,"Metadata/Projectiles/BoneStalkerAbyssSoulProjectile","[""Metadata/Effects/Spells/monsters_effects/League_Abyss/SoulSlash/soulslash_new.ao""]","[""freezing_tide""]","[""freezing_tide_end""]",750,"",2,"","","Metadata/Projectiles/Projectile","",2,"","",[],"",0,0,0,0,"","",0,0,100,100,0,[],"",[],"","","","","","","","","","",[],[],1
393,"Metadata/Projectiles/AbyssGrubBasicMortar","[""Metadata/Effects/Spells/monsters_effects/League_Abyss/AbyssMortar/mortar.ao""]","[""projectile""]",[],750,1,2,"","","Metadata/Projectiles/Projectile","",2,"","",[],"",0,0,0,0,"","",0,0,100,100,1,[],"",[],"","","","","","","","","","",[],[],1
394,"Metadata/Projectiles/ElderGuardianLightningSpark","[""Metadata/Effects/Spells/monsters_effects/AtlasofWorldsBosses/ElderGuardian/LightningGuardian/Teleport_skill/tentacleproj_SMALL.ao""]","[""emerge""]","[""death""]",400,1,1,1,"","Metadata/Projectiles/ProjectileGround","",2,"","",[],"",0,0,0,0,"","",0,0,100,100,0,[],"",[],"","","","","","","","","","",[],[],1
395,"Metadata/Projectiles/ElderGuardianLightningSparkBig","[""Metadata/Effects/Spells/monsters_effects/AtlasofWorldsBosses/ElderGuardian/LightningGuardian/Teleport_skill/tentacleproj_BIG.ao""]","[""emerge""]","[""death""]",450,1,1,1,"","Metadata/Projectiles/ProjectileGround","",2,"","",[],"",0,0,0,0,"","",0,0,100,100,0,[],"",[],"","","","","","","","","","",[],[],1
396,"Metadata/Projectiles/ElderGuardianHolySpray","[""Metadata/Effects/Spells/monsters_effects/AtlasofWorldsBosses/ElderGuardian/GoldGuardian/minion_projectile/rig.ao""]","[""animate""]","[""explode""]",650,"",2,"","","Metadata/Projectiles/Projectile","",2,"","",[],"",0,0,0,0,"","",0,0,100,100,0,[],"",[],"","","","","","","","","","",[],[],1
397,"Metadata/Projectiles/SanctumPurifier","[""Metadata/Effects/Spells/monsters_effects/AtlasofWorldsBosses/ElderGuardian/GoldGuardian/minion_projectile/rig.ao""]","[""animate""]","[""explode""]",650,"",2,"","","Metadata/Projectiles/Projectile","",2,"","",[],"",0,0,0,0,"","",0,0,100,100,0,[],"",[],"","","","","","","","","","",[],[],1
398,"Metadata/Projectiles/SanctumLycia2","[""Metadata/Effects/Spells/monsters_effects/League_Sanctum/LyciaBoss/ao/basic_proj.ao""]","[""loop""]","[""impact""]",1000,"",2,"","","Metadata/Projectiles/Projectile","",2,"","",[],"",0,0,0,0,"","",0,0,100,100,0,[],"",[],"","","","","","","","","","",[],[],1
399,"Metadata/Projectiles/AbyssGrubCorpseMortar","[""Metadata/Effects/Spells/monsters_effects/League_Abyss/AbyssMortar/mortar.ao""]","[""projectile""]",[],750,1,2,"","","Metadata/Projectiles/Projectile","",2,"","",[],"",0,0,0,0,"","",0,0,100,100,1,[],"",[],"","","","","","","","","","",[],[],1
400,"Metadata/Projectiles/BoneLanceThresholdProjectile","[""Metadata/Effects/Spells/bone_lance/boneshard.ao""]","[""once""]",[],2500,1,2,"","","Metadata/Projectiles/Projectile","",2,"","",[],"",0,0,0,0,"","",0,0,100,100,0,[],"",[],"","","","","","","","","","",[],[],1
401,"Metadata/Projectiles/ElderGuardianGoldWeaponThrow","[""Metadata/Effects/Spells/monsters_effects/AtlasofWorldsBosses/ElderGuardian/GoldGuardian/weapon_throw/SceptreMortar.ao""]","[""animate""]",[],750,1,2,"","","Metadata/Projectiles/Projectile","",2,"","",[],"",0,0,0,0,"","",0,0,100,100,0,[],"",[],"","","","","","","","","","",[],[],1
402,"Metadata/Projectiles/ElderGuardianGoldSwordBarrageProjectile","[""Metadata/Effects/Spells/monsters_effects/act4/daresso/clone/charge/rig.ao""]","[""charge_travel""]","[""charge_end""]",1100,"",4,"","","Metadata/Projectiles/ProjectileGround","",4,"","",[],"",0,0,0,0,"","",0,0,100,100,0,[],"",[],"","","","","","","","","","",[],[],1
403,"Metadata/Projectiles/AbyssTotemMortar","[""Metadata/Effects/Spells/monsters_effects/totems/CrystalTotem/abyss/mortar_projectile.ao""]","[""projectile""]",[],750,1,2,"","","Metadata/Projectiles/Projectile","",2,"","",[],"",0,0,0,0,"","",0,0,100,100,1,[],"",[],"","","","","","","","","","",[],[],1
404,"Metadata/Projectiles/AbyssTotemMortar2","[""Metadata/Effects/Spells/monsters_effects/totems/CrystalTotem/abyss/mortar_projectile.ao""]","[""projectile""]",[],750,1,2,"","","Metadata/Projectiles/Projectile","",2,"","",[],"",0,0,0,0,"","",0,0,100,100,1,[],"",[],"","","","","","","","","","",[],[],1
405,"Metadata/Projectiles/ElderGuardianChaosSnipe","[""Metadata/Effects/Spells/monsters_effects/AtlasofWorldsBosses/ElderGuardian/ChaosPhysical/projectiles/snipe/powershot.ao""]","[""loop""]","[""fadeout""]",4000,"",2,"","","Metadata/Projectiles/Projectile","",2,"","",[],"",0,0,0,0,"","",0,0,100,100,0,[],"",[],"","","","","","","","","","",[],[],1
406,"Metadata/Projectiles/ElderGuardianChaosStrafe","[""Metadata/Effects/Spells/monsters_effects/AtlasofWorldsBosses/ElderGuardian/ChaosPhysical/projectiles/sidedashes/projectile.ao""]","[""loop""]","[""impact""]",750,"",2,"","","Metadata/Projectiles/Projectile","",2,"","",[],"",0,0,0,0,"","",0,0,100,100,0,[],"",[],"","","","","","","","","","",[],[],1
407,"Metadata/Projectiles/ElderGuardianChaosStrafeCombo","[""Metadata/Effects/Spells/monsters_effects/AtlasofWorldsBosses/ElderGuardian/ChaosPhysical/projectiles/air_assault/projectile.ao""]","[""loop""]","[""impact""]",750,"",2,"","","Metadata/Projectiles/Projectile","",2,"","",[],"",0,0,0,0,"","",0,0,100,100,0,[],"",[],"","","","","","","","","","",[],[],1
408,"Metadata/Projectiles/ElderGuardianChaosBarrage","[""Metadata/Effects/Spells/monsters_effects/AtlasofWorldsBosses/ElderGuardian/ChaosPhysical/projectiles/barrage/projectile.ao""]","[""loop""]","[""impact""]",750,"",2,"","","Metadata/Projectiles/Projectile","",2,"","",[],"",0,0,0,0,"","",0,0,100,100,0,[],"",[],"","","","","","","","","","",[],[],1
409,"Metadata/Projectiles/AbyssLichSummonMinionMortar","[""Metadata/Effects/Spells/monsters_effects/League_Abyss/skeleton_mortar/skeletonmortar.ao""]","[""projectile""]",[],750,1,2,"","","Metadata/Projectiles/Projectile","",2,"","",[],"",0,0,0,0,"","",0,0,100,100,1,[],"",[],"","","","","","","","","","",[],[],1
410,"Metadata/Projectiles/UndyingMortar","[""Metadata/Effects/Spells/monsters_effects/League_Abyss/UndyingAbyss/rig.ao""]","[""spine_shoot""]","[""spine_shatter""]",2500,1,2,"","","Metadata/Projectiles/Projectile","",2,"","",[],"",0,0,0,0,"","",0,0,100,100,1,[],"",[],"","","","","","","","","","",[],[],1
411,"Metadata/Projectiles/AbyssLichFigureHeadIncinerate","[""Metadata/Effects/Spells/monsters_effects/League_Abyss/Abyss_Lich_2/shardspear_projectile.ao""]","[""fade_in""]","[""fade_out""]",1800,"",2,"","","Metadata/Projectiles/Projectile","",2,"","",[],"",0,0,0,0,"","",0,0,100,100,0,[],"",[],"","","","","","","","","","",[],[],1
412,"Metadata/Projectiles/ElderGuardianObsidianCurvingProjectile","[""Metadata/Effects/Spells/monsters_effects/AtlasofWorldsBosses/ElderGuardian/FireGuardian/obsidian_projectile/projectile_01.ao""]","[""spine_shoot""]","[""spine_shatter""]",1200,"",2,"","","Metadata/Projectiles/Projectile","",2,"","",[],"",0,0,0,0,"","",0,0,100,100,0,[],"",[],"","","","","","","","","","",[],[],1
413,"Metadata/Projectiles/ElderGuardianObsidianGolemProjectile","[""Metadata/Effects/Spells/monsters_effects/AtlasofWorldsBosses/ElderGuardian/FireGuardian/obsidian_projectile/projectile_02.ao""]","[""spine_shoot""]","[""spine_shatter""]",1200,"",2,"","","Metadata/Projectiles/Projectile","",2,"","",[],"",0,0,0,0,"","",0,0,100,100,0,[],"",[],"","","","","","","","","","",[],[],1
414,"Metadata/Projectiles/SpiritBurst","[""Metadata/Effects/Spells/monsters_effects/League_Abyss/SoulProjectile/spiritinfusedprojectile_once.ao""]","[""animate""]",[],625,"",2,"","","Metadata/Projectiles/Projectile","",3,"","",[],"",0,0,0,0,"","",0,0,100,100,0,[],"",[],"","","","","","","","","","",[],[],1
415,"Metadata/Projectiles/AbyssBoneHuskSpike","[""Metadata/Effects/Spells/monsters_effects/League_Abyss/Bone_Husk/projectile/spike.ao""]","[""spine_travel""]","[""spine_impact""]",1800,"",2,"","","Metadata/Projectiles/Projectile","",2,"","",[],"",0,0,0,0,"","",0,0,100,100,0,[],"",[],"","","","","","","","","","",[],[],1
416,"Metadata/Projectiles/PhysicalReflectMortar","[""Metadata/Effects/Spells/monsters_effects/reflect_mortars/physical/mortar.ao""]","[""projectile""]",[],750,1,2,"",1,"Metadata/Projectiles/Projectile","",2,"","",[],"",0,0,0,0,"","",0,0,100,100,1,[],"",[],"","","","","","","","","","",[],[],1
417,"Metadata/Projectiles/ElementalReflectMortar","[""Metadata/Effects/Spells/monsters_effects/reflect_mortars/elemental/mortar.ao""]","[""projectile""]",[],750,1,2,"",1,"Metadata/Projectiles/Projectile","",2,"","",[],"",0,0,0,0,"","",0,0,100,100,1,[],"",[],"","","","","","","","","","",[],[],1
418,"Metadata/Projectiles/ElderGuardianHolyCloneProjectile","[""Metadata/Effects/Spells/monsters_effects/AtlasofWorldsBosses/ElderGuardian/GoldGuardian/sword_barrage/sword_charge/rig.ao""]","[""charge_travel""]","[""charge_end""]",2200,"",3,"","","Metadata/Projectiles/Projectile","",3,"","",[],"",0,0,0,0,"","",0,0,100,100,0,[],"",[],"","","","","","","","","","",[],[],1
419,"Metadata/Projectiles/ElderMinionTentacleLarge","[""Metadata/Effects/Spells/monsters_effects/AtlasofWorldsBosses/ElderTentacle/large/projectile/large_proj.ao""]","[""loop""]","[""impact""]",750,"",2,"","","Metadata/Projectiles/Projectile","",2,"","",[],"",0,0,0,0,"","",0,0,100,100,0,[],"",[],"","","","","","","","","","",[],[],1
420,"Metadata/Projectiles/ElderGuardianHolySpectralThrowLeft","[""Metadata/Effects/Spells/monsters_effects/AtlasofWorldsBosses/ElderGuardian/GoldGuardian/weapon_charge/projectile.ao""]","[""spin""]","[""end""]",750,"",2,"","","Metadata/Projectiles/Projectile","",4,"","",[],"",0,0,0,0,"","",0,0,100,100,0,[],"",[],"","","","","","","","","","",[],[],1
421,"Metadata/Projectiles/ElderGuardianHolySpectralThrowRight","[""Metadata/Effects/Spells/monsters_effects/AtlasofWorldsBosses/ElderGuardian/GoldGuardian/weapon_charge/projectile.ao""]","[""spin""]","[""end""]",750,"",2,"","","Metadata/Projectiles/Projectile","",4,"","",[],"",0,0,0,0,"","",0,0,100,100,0,[],"",[],"","","","","","","","","","",[],[],1
422,"Metadata/Projectiles/ElderProjectile","[""Metadata/Effects/Spells/monsters_effects/AtlasofWorldsBosses/Elder/projectile/projectile.ao""]","[""loop""]","[""impact""]",900,"",2,"","","Metadata/Projectiles/Projectile",1818,2,"","",[],"",0,0,0,0,"","",0,0,100,100,0,[],"",[],"","","","","","","","","","",[],[],1
423,"Metadata/Projectiles/ElderProjectileLarge","[""Metadata/Effects/Spells/monsters_effects/AtlasofWorldsBosses/Elder/projectile/projectile.ao""]","[""loop""]","[""impact""]",900,"",3,"","","Metadata/Projectiles/Projectile",1818,3,"","",[],"",0,0,0,0,"","",0,0,100,100,0,[],"",[],"","","","","","","","","","",[],[],1
424,"Metadata/Projectiles/ElderProjectileDoom","[""Metadata/Effects/Spells/monsters_effects/AtlasofWorldsBosses/Elder/doom/projectile/projectile1.ao""]","[""loop""]","[""hit""]",600,1,2,"","","Metadata/Projectiles/Projectile","",2,"","",[],"",0,0,0,0,"","",0,0,100,100,0,[],"",[],"","","","","","","","","","",[],[],1
425,"Metadata/Projectiles/ElderGuardianCausticMortar","[""Metadata/Effects/Spells/monsters_effects/AtlasofWorldsBosses/ElderGuardian/ChaosPhysical/arena_mechanics/acid_mortar/rig.ao""]","[""projectile""]",[],750,1,2,"","","Metadata/Projectiles/Projectile","",2,"","",[],"",0,0,0,0,"","",0,0,100,100,1,[],"",[],"","","","","","","","","","",[],[],1
426,"Metadata/Projectiles/CorpseEruptionProjectileAbyss","[""Metadata/Effects/Spells/monsters_effects/League_Abyss/Cremation_green/CorpseEruptionMortarProjectile.ao""]","[""once""]",[],400,1,1,"","","Metadata/Projectiles/ProjectileGround","",1,"","",[],"",0,0,0,0,"","",0,0,100,100,1,[],"",[],"","","","","","","","","","",[],[],1
427,"Metadata/Projectiles/ElderMinionTentacleLargeEpic","[""Metadata/Effects/Spells/monsters_effects/AtlasofWorldsBosses/ElderTentacle/large/projectile_epic/projectile.ao""]","[""loop""]","[""impact""]",2000,"",4,"","","Metadata/Projectiles/Projectile","",4,"","",[],"",0,0,0,0,"","",0,0,100,100,0,[],"",[],"","","","","","","","","","",[],[],1
428,"Metadata/Projectiles/ElderMinionTentacleSmall","[""Metadata/Effects/Spells/monsters_effects/AtlasofWorldsBosses/ElderTentacle/small/projectile/small_proj.ao""]","[""loop""]","[""impact""]",750,"",2,"","","Metadata/Projectiles/Projectile","",2,"","",[],"",0,0,0,0,"","",0,0,100,100,0,[],"",[],"","","","","","","","","","",[],[],1
429,"Metadata/Projectiles/VoidShotProjectile","[""Metadata/Effects/Spells/monsters_effects/AtlasofWorldsBosses/Elder/uniques/voidshot/voidarrow.ao""]","[""arrow_loop""]","[""arrow_buildup""]",1800,"",2,"","","Metadata/Projectiles/Projectile","",2,"","",[],"",0,0,0,0,"","",0,0,100,100,0,[],"",[],"","","","","","","","","","",[],[],1
430,"Metadata/Projectiles/CorpseEruptionProjectileGore","[""Metadata/Effects/Spells/monsters_effects/League_Bestiary/cremation_gore/CorpseEruptionMortarProjectile.ao""]","[""once""]",[],400,1,1,"","","Metadata/Projectiles/ProjectileGround","",1,"","",[],"",0,0,0,0,"","",0,0,100,100,1,[],"",[],"","","","","","","","","","",[],[],1
431,"Metadata/Projectiles/KitavaThrownWeaponMtx","[""Metadata/Effects/Microtransactions/Spells/spectral_throw/kitava/rig.ao""]","[""1h_axe_throw""]","[""explosion""]",1000,"",2,"","","Metadata/Projectiles/Projectile","",4,"","",[],"",0,0,0,0,"","",0,0,100,100,0,[],"",[],"","","","","","","","","","",[],[],1
432,"Metadata/Projectiles/FlameBileMortar","[""Metadata/Effects/Spells/monsters_effects/League_Bestiary/diverse_effects/flame_bile/mortar.ao""]","[""projectile""]",[],750,1,2,"","","Metadata/Projectiles/Projectile","",2,"","",[],"",0,0,0,0,"","",0,0,100,100,1,[],"",[],"","","","","","","","","","",[],[],1
433,"Metadata/Projectiles/FireProjectileRetaliation","[""Metadata/Effects/Spells/monsters_effects/nemesis_mods/fire_mod/fire_projectile/projectile_fire.ao""]","[""idle""]","[""end""]",500,"",2,"","","Metadata/Projectiles/Projectile","",2,"","",[],"",0,0,0,0,"","",0,0,100,100,0,[],"",[],"","","","","","","","","","",[],[],1
434,"Metadata/Projectiles/PhysicalProjectileRetaliation","[""Metadata/Effects/Spells/monsters_effects/act5/Avarius_Casticus/S_projectile/super_projectile.ao""]","[""loop""]","[""impact""]",2500,"",2,"","","Metadata/Projectiles/Projectile","",2,"","",[],"",0,0,0,0,"","",0,0,100,100,0,[],"",[],"","","","","","","","","","",[],[],1
435,"Metadata/Projectiles/BestiarySpiderBossTailSpike","[""Metadata/Effects/Spells/monsters_effects/League_Bestiary/Spider_Boss/attack_projectile/bone_shot.ao""]","[""fadein""]","[""fadeout""]",2500,"",2,"","","Metadata/Projectiles/Projectile","",2,"","",[],"",0,0,0,0,"","",0,0,100,100,0,[],"",[],"","","","","","","","","","",[],[],1
436,"Metadata/Projectiles/BestiarySpiderBossSpitMortar","[""Metadata/Effects/Spells/monsters_effects/League_Bestiary/Spider_Boss/gooey_projectile/mortar.ao""]","[""projectile""]",[],500,1,2,"","","Metadata/Projectiles/Projectile","",2,"","",[],"",0,0,0,0,"","",0,0,100,100,1,[],"",[],"","","","","","","","","","",[],[],1
437,"Metadata/Projectiles/MoltenStrikeChunkStygian","[""Metadata/Effects/Microtransactions/Spells/molten_strike/black_flame/chunks.ao""]","[""projectile""]",[],750,"",2,"","","Metadata/Projectiles/Projectile","",2,"","",[],"",0,0,0,0,"","",0,0,100,100,0,[],"",[],"","","","","","","","","","",[],[],1
438,"Metadata/Projectiles/BestiaryKiwethCorpseMortar","[""Metadata/Effects/Spells/monsters_effects/League_Abyss/AbyssMortar/mortar.ao""]","[""projectile""]",[],750,1,2,"","","Metadata/Projectiles/Projectile","",2,"","",[],"",0,0,0,0,"","",0,0,100,100,1,[],"",[],"","","","","","","","","","",[],[],1
439,"Metadata/Projectiles/BestiaryFireModFireball","[""Metadata/Effects/Spells/monsters_effects/League_Bestiary/ghostly_fire/projectile/rig.ao""]","[""loop""]","[""end""]",200,"",2,"","","Metadata/Projectiles/Projectile","",2,"","",[],"",0,0,0,0,"","",0,0,100,100,0,[],"",[],"","","","","","","","","","",[],[],1
440,"Metadata/Projectiles/SummonPhantasmFadingProjectile","[""Metadata/Effects/Spells/summon_phantasm_onkill/projectiles/shadowbullet.ao""]","[""animate""]",[],1840,"",2,"","","Metadata/Projectiles/Projectile","",2,"","",[],"",0,0,0,0,"","",0,0,100,100,0,[],"",[],"","","","","","","","","","",[],[],1
441,"Metadata/Projectiles/VilentaGasMortar","[""Metadata/Effects/Spells/monsters_effects/act10/Vilenta/GasMortar/VilGasMortarProjectile.ao""]","[""animate""]",[],750,1,2,"","","Metadata/Projectiles/Projectile","",2,"","",[],"",0,0,0,0,"","",0,0,100,100,1,[],"",[],"","","","","","","","","","",[],[],1
442,"Metadata/Projectiles/VilentaXMortar","[""Metadata/Effects/Spells/monsters_effects/act10/Vilenta/VilentaMortar.ao""]","[""animate""]",[],750,1,2,"","","Metadata/Projectiles/Projectile","",2,"","",[],"",0,0,0,0,"","",0,0,100,100,3,[],"",[],"","","","","","","","","","",[],[],1
443,"Metadata/Projectiles/BestiaryCocoonSpark","[""Metadata/Effects/Spells/monsters_effects/League_Bestiary/spider_cocoon/spiders/spidermern.ao""]","[""run""]","[""disappear""]",450,"",1,"","","Metadata/Projectiles/ProjectileGround","",2,"","",[],"",0,0,0,0,"","",0,0,100,100,0,[],"",[],"","","","","","","","","","",[],[],1
444,"Metadata/Projectiles/BestiaryIguanaProjectile1","[""Metadata/Effects/Spells/monsters_effects/League_Bestiary/Iguana/iceShard_projectile/iceShard_blue_Projectile.ao""]","[""spine_shoot""]","[""spine_shatter""]",1250,"",2,"","","Metadata/Projectiles/Projectile","",2,"","",[],"",0,0,0,0,"","",0,0,100,100,0,[],"",[],"","","","","","","","","","",[],[],1
445,"Metadata/Projectiles/BestiaryIguanaProjectile2","[""Metadata/Effects/Spells/monsters_effects/League_Bestiary/Iguana/iceShard_projectile/iceShard_Projectile.ao""]","[""spine_shoot""]","[""spine_shatter""]",1250,"",2,"","","Metadata/Projectiles/Projectile","",2,"","",[],"",0,0,0,0,"","",0,0,100,100,0,[],"",[],"","","","","","","","","","",[],[],1
446,"Metadata/Projectiles/BestiaryIguanaProjectile3","[""Metadata/Effects/Spells/monsters_effects/League_Bestiary/Iguana/iceShard_projectile/iceShard_red_Projectile.ao""]","[""spine_shoot""]","[""spine_shatter""]",1250,"",2,"","","Metadata/Projectiles/Projectile","",2,"","",[],"",0,0,0,0,"","",0,0,100,100,0,[],"",[],"","","","","","","","","","",[],[],1
447,"Metadata/Projectiles/BestiaryIguanaBossProjectile1","[""Metadata/Effects/Spells/monsters_effects/League_Bestiary/Iguana/iceShard_projectile/iceShard_blue_Projectile.ao""]","[""spine_shoot""]","[""spine_shatter""]",1250,1,2,"","","Metadata/Projectiles/Projectile","",2,"","",[],"",0,0,0,0,"","",0,0,100,100,0,[],"",[],"","","","","","","","","","",[],[],1
448,"Metadata/Projectiles/BestiaryIguanaBossProjectile2","[""Metadata/Effects/Spells/monsters_effects/League_Bestiary/Iguana/iceShard_projectile/iceShard_Projectile.ao""]","[""spine_shoot""]","[""spine_shatter""]",800,1,3,"","","Metadata/Projectiles/Projectile","",3,"","",[],"",0,0,0,0,"","",0,0,100,100,0,[],"",[],"","","","","","","","","","",[],[],1
449,"Metadata/Projectiles/BestiaryIguanaBossProjectile3","[""Metadata/Effects/Spells/monsters_effects/League_Bestiary/Iguana/iceShard_projectile/iceShard_red_Projectile.ao""]","[""spine_shoot""]","[""spine_shatter""]",600,"",2,"","","Metadata/Projectiles/Projectile","",2,"","",[],"",0,0,0,0,"","",0,0,100,100,0,[],"",[],"","","","","","","","","","",[],[],1
450,"Metadata/Projectiles/BestiaryFireSnakeBoss","[""Metadata/Effects/Spells/monsters_effects/League_Bestiary/Monkey_minionSkills/mortar/mortar.ao""]","[""projectile""]",[],750,1,2,1,"","Metadata/Projectiles/ProjectileGround","",2,"","",[],"",0,0,0,0,"","",0,0,100,100,0,[],"",[],"","","","","","","","","","",[],[],1
451,"Metadata/Projectiles/BestiaryMarakethSpiritBossProjectile","[""Metadata/Effects/Spells/monsters_effects/League_Bestiary/Avian_boss/Tail_Whip/tailwhip_projectile.ao""]","[""loop""]","[""end""]",1250,"",2,"","","Metadata/Projectiles/Projectile","",2,"","",[],"",0,0,0,0,"","",0,0,100,100,0,[],"",[],"","","","","","","","","","",[],[],1
452,"Metadata/Projectiles/BestiaryDesecrateMortar","[""Metadata/Effects/Spells/monsters_effects/League_Bestiary/cremation_gore/CorpseEruptionMortarProjectile.ao""]","[""once""]",[],400,1,1,"","","Metadata/Projectiles/Projectile","",1,"","",[],"",0,0,0,0,"","",0,0,100,100,1,[],"",[],"","","","","","","","","","",[],[],1
453,"Metadata/Projectiles/BestiaryModFireball","[""Metadata/Effects/Spells/monsters_effects/act6/Abberath/BestiaryModComboFireballSmall.ao""]","[""loop""]","[""end""]",1040,"",2,"","","Metadata/Projectiles/Projectile","",2,"","",[],"",0,0,0,0,"","",0,0,100,100,0,[],"",[],"","","","","","","","","","",[],[],1
454,"Metadata/Projectiles/IcicleBurstTriggered","[""Metadata/Effects/Spells/monsters_effects/act8/Chrome_spiker_spine/rig.ao""]","[""spine_shoot""]","[""spine_shatter""]",1300,"",2,"","","Metadata/Projectiles/Projectile","",2,"","",[],"",0,0,0,0,"","",0,0,100,100,0,[],"",[],"","","","","","","","","","",[],[],1
455,"Metadata/Projectiles/KineticBlastCelestial","[""Metadata/Effects/Microtransactions/Spells/cluster_burst/celestial/wand_projectile.ao""]","[""wand_projectile""]","[""wand_collide""]",3260,"",1,"",1,"Metadata/Projectiles/Projectile","",2,"","",[],"",0,0,0,0,"","",0,0,100,100,0,[],"",[],"","","","","","","","","","",[],[],1
456,"Metadata/Projectiles/IncursionFireball","[""Metadata/Effects/Spells/monsters_effects/League_Incursion/diversefx/projectiles/fire/vaal_fireball.ao""]","[""projectile""]","[""explode""]",1250,"",2,"","","Metadata/Projectiles/Projectile","",2,"","",[],"",0,0,0,0,"","",0,0,100,100,0,[],"",[],"","","","","","","","","","",[],[],1
457,"Metadata/Projectiles/IncursionFireballLightning","[""Metadata/Effects/Spells/monsters_effects/League_Incursion/diversefx/projectiles/lightning/lightning_projectile.ao""]","[""projectile""]","[""impact""]",2500,"",2,"","","Metadata/Projectiles/Projectile","",2,"","",[],"",0,0,0,0,"","",0,0,100,100,0,[],"",[],"","","","","","","","","","",[],[],1
458,"Metadata/Projectiles/IncursionLightningSpark","[""Metadata/Effects/Spells/monsters_effects/League_Incursion/diversefx/spells/lightning_fireworks/spark/spark_proj.ao""]","[""idle""]","[""hit""]",650,1,1,1,"","Metadata/Projectiles/ProjectileGround","",2,"","",[],"",0,0,0,0,"","",0,0,100,100,0,[],"",[],"","","","","","","","","","",[],[],1
459,"Metadata/Projectiles/IncursionPhysicalMortar","[""Metadata/Effects/Spells/monsters_effects/League_Incursion/diversefx/mortars/physical/vaal_physmortar.ao""]","[""projectile""]",[],400,1,1,"","","Metadata/Projectiles/Projectile","",1,"","",[],"",0,0,0,0,"","",0,0,100,100,1,[],"",[],"","","","","","","","","","",[],[],1
460,"Metadata/Projectiles/DeceleratingProjectilesKitava","[""Metadata/Effects/Spells/monsters_effects/act5/templar_torturer_kitava/sawblade_projectile/sawblade_kitava.ao""]","[""animate""]","[""end""]",1200,"",2,"","","Metadata/Projectiles/Projectile","",2,"","",[],"",0,0,0,0,"","",0,0,100,100,0,[],"",[],"","","","","","","","","","",[],[],1
461,"Metadata/Projectiles/IncursionFireballChaos","[""Metadata/Effects/Spells/monsters_effects/League_Incursion/diversefx/projectiles/chaos/vaal_chaosprojectile.ao""]","[""projectile""]","[""impact""]",2000,"",2,"","","Metadata/Projectiles/Projectile","",2,"","",[],"",0,0,0,0,"","",0,0,100,100,0,[],"",[],"","","","","","","","","","",[],[],1
462,"Metadata/Projectiles/IncursionSwordMortar","[""Metadata/Effects/Spells/monsters_effects/League_Incursion/Vaal_Architects/spells/minion_swords_storm/sword_mortar/sword_mortar.ao""]","[""projectile""]","[""impact_minion""]",1500,1,2,"","","Metadata/Projectiles/Projectile","",2,"","",[],"",0,0,0,0,"","",0,0,100,100,1,[],"",[],"","","","","","","","","","",[],[],1
463,"Metadata/Projectiles/IncursionGrenadeMortar","[""Metadata/Effects/Spells/monsters_effects/League_Incursion/Vaal_Architects/attacks/vaal_grenade/mortar/vaal_grenade.ao""]","[""mortar""]",[],750,1,2,"","","Metadata/Projectiles/Projectile","",2,"","",[],"",0,0,0,0,"","",0,0,100,100,1,[],"",[],"","","","","","","","","","",[],[],1
464,"Metadata/Projectiles/IncursionGrenadeMortarSecondary","[""Metadata/Effects/Spells/monsters_effects/League_Incursion/Vaal_Architects/attacks/vaal_grenade/mortar/vaal_grenade.ao""]","[""mortar""]",[],750,1,2,"","","Metadata/Projectiles/Projectile","",2,"","",[],"",0,0,0,0,"","",0,0,100,100,1,[],"",[],"","","","","","","","","","",[],[],1
465,"Metadata/Projectiles/MagmaOrbShort","[""Metadata/Effects/Spells/fire_rolling_magma/magma_projectile.ao""]","[""projectile""]",[],750,1,2,"","","Metadata/Projectiles/Projectile","",2,"","",[],"",0,0,0,0,"","",0,0,100,100,1,[],"",[],"","","","","","","","","","",[],[],1
466,"Metadata/Projectiles/ElementalHitArrowFire","[""Metadata/Effects/Spells/elemental_hit_new/fire/arrow/elehit_arrow_fire.ao""]","[""projectile""]","[""impact""]",3260,"",1,"","","Metadata/Projectiles/Projectile","",1,"","",[],"",0,0,0,0,3550,"",0,0,100,100,0,[],"",[],"","","","","","","","","","",[],[],1
467,"Metadata/Projectiles/ElementalHitArrowCold","[""Metadata/Effects/Spells/elemental_hit_new/ice/arrow/elehit_arrow_ice.ao""]","[""projectile""]","[""impact""]",3260,"",1,"","","Metadata/Projectiles/Projectile","",1,"","",[],"",0,0,0,0,3552,"",0,0,100,100,0,[],"",[],"","","","","","","","","","",[],[],1
468,"Metadata/Projectiles/ElementalHitArrowLightning","[""Metadata/Effects/Spells/elemental_hit_new/light/arrow/elehit_arrow_light.ao""]","[""projectile""]","[""impact""]",3260,"",1,"","","Metadata/Projectiles/Projectile","",1,"","",[],"",0,0,0,0,3551,"",0,0,100,100,0,[],"",[],"","","","","","","","","","",[],[],1
469,"Metadata/Projectiles/ElementalHitWandFire","[""Metadata/Effects/Spells/elemental_hit_new/fire/wand/elehit_wand_fire.ao""]","[""projectile""]","[""impact""]",3260,"",1,"","","Metadata/Projectiles/Projectile","",2,"","",[],"",0,0,0,0,3574,"",0,0,100,100,0,[],"",[],"","","","","","","","","","",[],[],1
470,"Metadata/Projectiles/ElementalHitWandCold","[""Metadata/Effects/Spells/elemental_hit_new/ice/wand/elehit_wand_ice.ao""]","[""projectile""]","[""impact""]",3260,"",1,"","","Metadata/Projectiles/Projectile","",2,"","",[],"",0,0,0,0,3575,"",0,0,100,100,0,[],"",[],"","","","","","","","","","",[],[],1
471,"Metadata/Projectiles/ElementalHitWandLightning","[""Metadata/Effects/Spells/elemental_hit_new/light/wand/elehit_wand_light.ao""]","[""projectile""]","[""impact""]",3260,"",1,"","","Metadata/Projectiles/Projectile","",2,"","",[],"",0,0,0,0,3576,"",0,0,100,100,0,[],"",[],"","","","","","","","","","",[],[],1
472,"Metadata/Projectiles/LuminousElementalHitArrowFire","[""Metadata/Effects/Microtransactions/Spells/elemental_hit/rainbow/fire/arrow/elehit_arrow_fire.ao""]","[""projectile""]","[""impact""]",3260,"",1,"","","Metadata/Projectiles/Projectile","",1,"","",[],"",0,0,0,0,"","",0,0,100,100,0,[],"",[],"","","","","","","","","","",[],[],1
473,"Metadata/Projectiles/LuminousElementalHitArrowCold","[""Metadata/Effects/Microtransactions/Spells/elemental_hit/rainbow/ice/arrow/elehit_arrow_ice.ao""]","[""projectile""]","[""impact""]",3260,"",1,"","","Metadata/Projectiles/Projectile","",1,"","",[],"",0,0,0,0,"","",0,0,100,100,0,[],"",[],"","","","","","","","","","",[],[],1
474,"Metadata/Projectiles/LuminousElementalHitArrowLightning","[""Metadata/Effects/Microtransactions/Spells/elemental_hit/rainbow/light/arrow/elehit_arrow_light.ao""]","[""projectile""]","[""impact""]",3260,"",1,"","","Metadata/Projectiles/Projectile","",1,"","",[],"",0,0,0,0,"","",0,0,100,100,0,[],"",[],"","","","","","","","","","",[],[],1
475,"Metadata/Projectiles/LuminousElementalHitWandFire","[""Metadata/Effects/Microtransactions/Spells/elemental_hit/rainbow/fire/wand/elehit_wand_fire.ao""]","[""projectile""]","[""impact""]",3260,"",1,"","","Metadata/Projectiles/Projectile","",2,"","",[],"",0,0,0,0,3574,"",0,0,100,100,0,[],"",[],"","","","","","","","","","",[],[],1
476,"Metadata/Projectiles/LuminousElementalHitWandCold","[""Metadata/Effects/Microtransactions/Spells/elemental_hit/rainbow/ice/wand/elehit_wand_ice.ao""]","[""projectile""]","[""impact""]",3260,"",1,"","","Metadata/Projectiles/Projectile","",2,"","",[],"",0,0,0,0,3575,"",0,0,100,100,0,[],"",[],"","","","","","","","","","",[],[],1
477,"Metadata/Projectiles/LuminousElementalHitWandLightning","[""Metadata/Effects/Microtransactions/Spells/elemental_hit/rainbow/light/wand/elehit_wand_light.ao""]","[""projectile""]","[""impact""]",3260,"",1,"","","Metadata/Projectiles/Projectile","",2,"","",[],"",0,0,0,0,3576,"",0,0,100,100,0,[],"",[],"","","","","","","","","","",[],[],1
478,"Metadata/Projectiles/MagmaOrbConcoctionShort","[""Metadata/Effects/Microtransactions/Spells/magma_orb_02/explosive_concoction/rig.ao""]","[""projectile""]",[],750,1,2,"","","Metadata/Projectiles/Projectile","",2,"","",[],"",0,0,0,0,"","",0,0,100,100,1,[],"",[],"","","","","","","","","","",[],[],1
479,"Metadata/Projectiles/Trap","[""Metadata/Monsters/trap_02/rig.ao""]","[""throw""]",[],750,1,2,"","","Metadata/Projectiles/Projectile","",2,"","",[],"",0,0,0,0,"","",0,0,100,100,0,[],"",[],"","","","","","","","","","",[],[],1
480,"Metadata/Projectiles/IncursionMapDeviceWaterVortex","[""Metadata/Effects/Spells/monsters_effects/League_Incursion/Vaal_Architects/spells/ultimate_spells/map_device_projectile/projectile/map_device_projectile.ao""]","[""fadein_projectile""]","[""start_portal""]",300,1,2,"","","Metadata/Projectiles/Projectile","",2,"","",[],"",0,0,0,0,"","",0,0,100,100,0,[],"",[],"","","","","","","","","","",[],[],1
481,"Metadata/Projectiles/IncursionPipeSpark","[""Metadata/Effects/Spells/monsters_effects/League_Bestiary/spider_cocoon/spiders/spidermern_nomesh.ao""]","[""run""]","[""disappear""]",173,"",1,"","","Metadata/Projectiles/ProjectileGround","",2,"","",[],"",0,0,0,0,"","",0,0,100,100,0,[],"",[],"","","","","","","","","","",[],[],1
482,"Metadata/Projectiles/IncursionNovasoulFireMortar","[""Metadata/Effects/Spells/monsters_effects/League_Incursion/Vaal_Saucer_Boss/fire_mortar/fire_mortar.ao""]","[""projectile""]",[],750,1,2,"","","Metadata/Projectiles/ProjectileMortar","",2,"","",[],"",0,0,0,0,"","",0,0,100,100,0,[],"",[],"","","","","","","","","","",[],[],1
483,"Metadata/Projectiles/IncursionNovasoulFireMortarDelayed","[""Metadata/Effects/Spells/monsters_effects/League_Incursion/Vaal_Saucer_Boss/delayed_projectiles/mortar.ao""]","[""projectile""]",[],750,1,2,"","","Metadata/Projectiles/ProjectileMortar","",2,"","",[],"",0,0,0,0,"","",0,0,100,100,0,[],"",[],"","","","","","","","","","",[],[],1
484,"Metadata/Projectiles/IncursionNovasoulLightningMortar","[""Metadata/Effects/Spells/monsters_effects/League_Incursion/Vaal_Saucer_Boss/lightning_mortar/lightning_mortar.ao""]","[""projectile""]",[],300,1,2,"","","Metadata/Projectiles/ProjectileMortar","",2,"","",[],"",0,0,0,0,"","",0,0,100,100,0,[],"",[],"","","","","","","","","","",[],[],1
485,"Metadata/Projectiles/IncursionNovasoulMagmaOrb","[""Metadata/Effects/Spells/monsters_effects/League_Incursion/Vaal_Saucer_Boss/bouncing_delayed_projectiles/mortar.ao""]","[""projectile""]",[],750,1,2,"","","Metadata/Projectiles/ProjectileMortar","",2,"","",[],"",0,0,0,0,"","",0,0,100,100,1,[],"",[],"","","","","","","","","","",[],[],1
486,"Metadata/Projectiles/IncursionNovasoulLightningMinionMortar","[""Metadata/Effects/Spells/monsters_effects/League_Incursion/Vaal_Saucer_Boss/lightning_volatile/mortar/lightning_mortar.ao""]","[""projectile""]",[],300,1,2,"","","Metadata/Projectiles/ProjectileMortar","",2,"","",[],"",0,0,0,0,"","",0,0,100,100,0,[],"",[],"","","","","","","","","","",[],[],1
487,"Metadata/Projectiles/IncursionNovasoulLightningMinionMortarMass","[""Metadata/Effects/Spells/monsters_effects/League_Incursion/Vaal_Saucer_Boss/mass_summon_ghost/mortar/mortar.ao""]","[""projectile""]",[],300,1,2,"","","Metadata/Projectiles/ProjectileMortar","",2,"","",[],"",0,0,0,0,"","",0,0,100,100,0,[],"",[],"","","","","","","","","","",[],[],1
488,"Metadata/Projectiles/IncursionNovasoulTriggeredProjectiles","[""Metadata/Effects/Spells/monsters_effects/League_Incursion/Vaal_Saucer_Boss/delayed_projectiles/projectile.ao""]","[""projectile""]","[""explode""]",450,"",2,"","","Metadata/Projectiles/Projectile","",2,"","",[],"",0,0,0,0,"","",0,0,100,100,0,[],"",[],"","","","","","","","","","",[],[],1
489,"Metadata/Projectiles/IncursionNovasoulTriggeredProjectiles2","[""Metadata/Effects/Spells/monsters_effects/League_Incursion/Vaal_Saucer_Boss/bouncing_delayed_projectiles/projectile.ao""]","[""projectile""]","[""explode""]",450,"",2,"","","Metadata/Projectiles/Projectile","",2,"","",[],"",0,0,0,0,"","",0,0,100,100,0,[],"",[],"","","","","","","","","","",[],[],1
490,"Metadata/Projectiles/IncursionNovasoulTriggeredProjectiles3","[""Metadata/Effects/Spells/monsters_effects/League_Incursion/Vaal_Saucer_Boss/bouncing_delayed_projectiles/projectile2.ao""]","[""projectile""]","[""explode""]",450,"",2,"","","Metadata/Projectiles/Projectile","",2,"","",[],"",0,0,0,0,"","",0,0,100,100,0,[],"",[],"","","","","","","","","","",[],[],1
491,"Metadata/Projectiles/PowerSiphonProjectile","[""Metadata/Effects/Spells/wand_power_siphon/projectile.ao""]","[""projectile""]","[""impact""]",3260,"",1,"","","Metadata/Projectiles/Projectile","",2,"","",[],"",0,0,0,0,"","",0,0,100,100,0,[],"",[],"","","","","","","","","","",[],[],1
492,"Metadata/Projectiles/IncursionWallTurretProjectile","[""Metadata/Effects/Spells/monsters_effects/League_Incursion/Vaal_Saucer_Boss/IncursionWallLightning/projectile.ao""]","[""projectile""]","[""explode""]",600,1,4,"","","Metadata/Projectiles/Projectile","",4,"","",[],"",0,0,0,0,"","",0,0,100,100,0,[],"",[],"","","","","","","","","","",[],[],1
493,"Metadata/Projectiles/IncursionChaosPhantasm","[""Metadata/Effects/Spells/monsters_effects/League_Incursion/Vaal_Architects/spells/ultimate_spells/chaos_pentagram/shards/soul_projectile.ao""]","[""proj_loop""]","[""proj_impact""]",600,"",3,"","","Metadata/Projectiles/Projectile","",3,"","",[],"",0,0,0,0,"","",0,0,100,100,0,[],"",[],"","","","","","","","","","",[],[],1
494,"Metadata/Projectiles/IncursionLightningSparkEpic","[""Metadata/Effects/Spells/monsters_effects/League_Incursion/Vaal_Architects/spells/lightning_cross/spark.ao""]","[""idle""]","[""hit""]",650,1,1,1,"","Metadata/Projectiles/ProjectileGround","",2,"","",[],"",0,0,0,0,"","",0,0,100,100,0,[],"",[],"","","","","","","","","","",[],[],1
495,"Metadata/Projectiles/IncursionAlvaProjectileDecelerating","[""Metadata/Effects/Spells/monsters_effects/League_Incursion/diversefx/alva_valai/projectiles/projectile_decelerate.ao""]","[""proj_loop""]","[""proj_end""]",250,"",3,"","","Metadata/Projectiles/Projectile","",3,"","",[],"",0,0,0,0,"","",0,0,100,100,0,[],"",[],"","","","","","","","","","",[],[],1
496,"Metadata/Projectiles/IncursionAlvaProjectileFast","[""Metadata/Effects/Spells/monsters_effects/League_Incursion/diversefx/alva_valai/projectiles/projectile_pierce.ao""]","[""proj_loop""]","[""proj_end""]",1600,"",2,"","","Metadata/Projectiles/Projectile","",2,"","",[],"",0,0,0,0,"","",0,0,100,100,0,[],"",[],"","","","","","","","","","",[],[],1
497,"Metadata/Projectiles/IncursionWraithProjectile","[""Metadata/Effects/Spells/monsters_effects/League_Incursion/diversefx/vaal_wraith/ghost_projectile/ghastly_bullet.ao""]","[""projecitle_loop""]","[""projecitle_end""]",1500,"",2,"","","Metadata/Projectiles/Projectile","",2,"","",[],"",0,0,0,0,"","",0,0,100,100,0,[],"",[],"","","","","","","","","","",[],[],1
498,"Metadata/Projectiles/HarbingerFireMortarShort","[""Metadata/Effects/Microtransactions/Spells/magma_orb_02/harbinger/projectile.ao""]","[""projectile""]",[],750,1,2,"","","Metadata/Projectiles/Projectile","",2,"","",[],"",0,0,0,0,"","",0,0,100,100,1,[],"",[],"","","","","","","","","","",[],[],1
499,"Metadata/Projectiles/BarrageProjectileCelestial","[""Metadata/Effects/Microtransactions/Spells/barrage/celestial_02/arrow_flying.ao""]",[],[],3260,"",1,"","","Metadata/Projectiles/Projectile","",1,"","","[""Metadata/Effects/Microtransactions/Spells/barrage/celestial_02/arrow_stuck.ao""]","Metadata/Effects/Microtransactions/Spells/barrage/celestial_02/arrow_bounce.ao",50,80,0,20,"",3755,0,100,100,100,0,[],"",[],"","","","","","","","","","",[],[],1
500,"Metadata/Projectiles/FrenzyArrow","[""Metadata/Effects/Spells/frenzy_02/arrow_flying.ao""]",[],[],3260,"",1,"",1,"Metadata/Projectiles/Projectile","",1,"","","[""Metadata/Effects/Spells/frenzy_02/arrow_stuck.ao""]","Metadata/Effects/Spells/frenzy_02/arrow_bounce.ao",100,80,0,20,3593,"",0,100,100,100,0,[],"",[],"","","","","","","","","","",[],[],1
501,"Metadata/Projectiles/FrenzyWand","[""Metadata/Effects/Spells/frenzy_02/frenzy_projectile.ao""]","[""projectile_wand""]","[""projectile_wand_hit""]",3260,"",1,"",1,"Metadata/Projectiles/Projectile","",2,"","",[],"",0,0,0,0,3593,"",0,0,100,100,0,[],"",[],"","","","","","","","","","",[],[],1
502,"Metadata/Projectiles/DelveSpiderProjectile","[""Metadata/Effects/Spells/monsters_effects/League_Delve/general/spiders/projectiles/delve_spider_proj.ao""]","[""proj_loop""]","[""proj_hit""]",1250,"",2,"","","Metadata/Projectiles/Projectile","",2,"","",[],"",0,0,0,0,"","",0,0,100,100,0,[],"",[],"","","","","","","","","","",[],[],1
503,"Metadata/Projectiles/DelveTaowuFireball","[""Metadata/Effects/Spells/monsters_effects/League_Delve/general/taowu/fireball_proj/delve_fireball.ao""]","[""projectile""]","[""explode""]",1500,"",2,"","","Metadata/Projectiles/Projectile","",2,"","",[],"",0,0,0,0,"","",0,0,100,100,0,[],"",[],"","","","","","","","","","",[],[],1
504,"Metadata/Projectiles/DelveTaowuLargeFireball","[""Metadata/Effects/Spells/monsters_effects/League_Delve/general/taowu/super_fireball_proj/megablaster_fireball.ao""]","[""idle""]","[""impact""]",350,"",4,"","","Metadata/Projectiles/Projectile","",4,"","",[],"",0,0,0,0,"","",0,0,100,100,0,[],"",[],"","","","","","","","","","",[],[],1
505,"Metadata/Projectiles/DelveFlareMortarDark","[""Metadata/Effects/Spells/monsters_effects/League_Delve/player_flares/flare_T1_Light.ao""]","[""projectile""]","[""loop""]",750,1,2,"","","Metadata/Projectiles/ProjectileMortar","",2,"","",[],"",0,0,0,0,"","",0,0,100,100,1,[],"",[],"","","","","","","","","","",[],[],1
506,"Metadata/Projectiles/DelveFlareMortar","[""Metadata/Effects/Spells/monsters_effects/League_Delve/player_flares/flare_T1_Light.ao""]","[""projectile2""]","[""loop2""]",750,1,2,"","","Metadata/Projectiles/ProjectileMortar","",2,"","",[],"",0,0,0,0,"","",0,0,100,100,1,[],"",[],"","","","","","","","","","",[],[],1
507,"Metadata/Projectiles/DelveDynamiteMortar","[""Metadata/Effects/Spells/monsters_effects/League_Delve/player_dynamite/flask/rig.ao""]","[""projectile""]","[""impact""]",750,1,2,"","","Metadata/Projectiles/ProjectileMortar","",2,"","",[],"",0,0,0,0,"","",0,0,100,100,1,[],"",[],"","","","","","","","","","",[],[],1
508,"Metadata/Projectiles/MonkeyBomb","[""Metadata/Monsters/Monkeys/BloodMonkey2/BloodMonkey.ao""]","[""chief_projectile_01""]","[""death_01""]",2000,1,2,"","","Metadata/Projectiles/Projectile","",2,"","",[],"",0,0,0,0,"","",0,0,100,100,0,[],"",[],"","","","","","","","","","",[],[],1
509,"Metadata/Projectiles/VirulentArrow","[""Metadata/Effects/Spells/virulent_arrow/virulent_arrow.ao""]","[""projectile""]","[""impact""]",4890,"",2,"","","Metadata/Projectiles/Projectile","",4,"","",[],"",0,0,0,0,"","",0,0,100,100,0,[],"",[],"","","","","","","","","","",[],[],1
510,"Metadata/Projectiles/VirulentBloomArrow","[""Metadata/Effects/Spells/virulent_arrow/pod_spike.ao""]","[""pod_spike""]","[""pod_spike_impact""]",2000,"",2,"","","Metadata/Projectiles/Projectile","",3,"","",[],"",0,0,0,0,"","",0,0,100,100,0,[],"",[],"","","","","","","","","","",[],[],1
511,"Metadata/Projectiles/VirulentArrowLesser","[""Metadata/Effects/Spells/virulent_arrow/virulent_arrow_lesser.ao""]","[""projectile""]","[""impact""]",4890,"",2,"","","Metadata/Projectiles/Projectile","",2,"","",[],"",0,0,0,0,"","",0,0,100,100,0,[],"",[],"","","","","","","","","","",[],[],1
512,"Metadata/Projectiles/VirulentArrowBlackLotus","[""Metadata/Effects/Microtransactions/Spells/virulent_arrow/nightlotus/lotus_main_proj.ao""]","[""projectile""]","[""impact""]",4890,"",2,"","","Metadata/Projectiles/Projectile","",4,"","",[],"",0,0,0,0,2282,"",0,0,100,100,0,[],"",[],"","","","","","","","","","",[],[],1
513,"Metadata/Projectiles/VirulentBloomArrowBlackLotus","[""Metadata/Effects/Microtransactions/Spells/virulent_arrow/nightlotus/lotus_spike_proj.ao""]","[""pod_spike""]","[""pod_spike_impact""]",2000,"",2,"","","Metadata/Projectiles/Projectile","",3,"","",[],"",0,0,0,0,"","",0,0,100,100,0,[],"",[],"","","","","","","","","","",[],[],1
514,"Metadata/Projectiles/VirulentArrowLesserBlackLotus","[""Metadata/Effects/Microtransactions/Spells/virulent_arrow/nightlotus/lotus_proj_weak.ao""]","[""projectile""]","[""impact""]",4890,"",2,"","","Metadata/Projectiles/Projectile","",2,"","",[],"",0,0,0,0,2282,"",0,0,100,100,0,[],"",[],"","","","","","","","","","",[],[],1
515,"Metadata/Projectiles/AbyssTotemMortarDelve","[""Metadata/Effects/Spells/monsters_effects/totems/CrystalTotem/abyss/mortar_projectile.ao""]","[""projectile""]",[],750,1,2,"","","Metadata/Projectiles/Projectile","",2,"","",[],"",0,0,0,0,"","",0,0,100,100,1,[],"",[],"","","","","","","","","","",[],[],1
516,"Metadata/Projectiles/DelveAzuriteTurretProjectileBullet","[""Metadata/Effects/Spells/monsters_effects/League_Delve/thematic_areas/proto_city/crystal_turrets/projectiles/azurite_bullet.ao""]","[""projectile""]","[""impact_hit""]",1200,"",2,"","","Metadata/Projectiles/Projectile","",2,"","",[],"",0,0,0,0,"","",0,0,100,100,0,[],"",[],"","","","","","","","","","",[],[],1
517,"Metadata/Projectiles/DelveAzuriteTurretProjectileBulletAbsorb","[""Metadata/Effects/Spells/monsters_effects/League_Delve/thematic_areas/proto_city/crystal_turrets/projectiles/azurite_bullet.ao""]","[""projectile""]","[""impact_absorb""]",750,"",2,"","","Metadata/Projectiles/Projectile","",2,"","",[],"",0,0,0,0,"","",0,0,100,100,0,[],"",[],"","","","","","","","","","",[],[],1
518,"Metadata/Projectiles/DelveAzuriteTurretShard1","[""Metadata/Effects/Spells/monsters_effects/League_Delve/thematic_areas/proto_city/crystal_turrets/projectiles/azurite_projectile_01.ao""]","[""projectile""]","[""impact""]",1600,"",2,"","","Metadata/Projectiles/Projectile","",2,"","",[],"",0,0,0,0,"","",0,0,100,100,0,[],"",[],"","","","","","","","","","",[],[],1
519,"Metadata/Projectiles/DelveAzuriteTurretShard2","[""Metadata/Effects/Spells/monsters_effects/League_Delve/thematic_areas/proto_city/crystal_turrets/projectiles/azurite_projectile_02.ao""]","[""projectile""]","[""impact""]",1600,"",2,"","","Metadata/Projectiles/Projectile","",2,"","",[],"",0,0,0,0,"","",0,0,100,100,0,[],"",[],"","","","","","","","","","",[],[],1
520,"Metadata/Projectiles/DelveAzuriteTurretShardExplode","[""Metadata/Effects/Spells/monsters_effects/League_Delve/thematic_areas/proto_city/crystal_turrets/projectiles/azurite_projectile_01.ao""]","[""projectile""]","[""impact""]",1600,1,2,"","","Metadata/Projectiles/Projectile","",2,"","",[],"",0,0,0,0,"","",0,0,100,100,0,[],"",[],"","","","","","","","","","",[],[],1
521,"Metadata/Projectiles/DelveAbyssCrystalMineMortar","[""Metadata/Effects/Spells/monsters_effects/League_Delve/thematic_areas/abyssal_depths/bosses/Lich3/ClusterMines/mortarshard.ao""]","[""animate""]",[],750,1,2,"","","Metadata/Projectiles/ProjectileMortar","",2,"","",[],"",0,0,0,0,"","",0,0,100,100,1,[],"",[],"","","","","","","","","","",[],[],1
522,"Metadata/Projectiles/AzuriteProjectile1","[""Metadata/Effects/Spells/monsters_effects/League_Delve/thematic_areas/proto_city/projectile_slash/projectile/azurite_spear_01.ao""]","[""projectile""]","[""impact""]",1200,"",3,"","","Metadata/Projectiles/Projectile","",3,"","",[],"",0,0,0,0,"","",0,0,100,100,0,[],"",[],"","","","","","","","","","",[],[],1
523,"Metadata/Projectiles/AzuriteProjectile2","[""Metadata/Effects/Spells/monsters_effects/League_Delve/thematic_areas/proto_city/projectile_slash/projectile/azurite_spear_02.ao""]","[""projectile""]","[""impact""]",1200,"",3,"","","Metadata/Projectiles/Projectile","",3,"","",[],"",0,0,0,0,"","",0,0,100,100,0,[],"",[],"","","","","","","","","","",[],[],1
524,"Metadata/Projectiles/AzuriteProjectile3","[""Metadata/Effects/Spells/monsters_effects/League_Delve/thematic_areas/proto_city/projectile_slash/projectile/azurite_spear_03.ao""]","[""projectile""]","[""impact""]",1200,"",3,"","","Metadata/Projectiles/Projectile","",3,"","",[],"",0,0,0,0,"","",0,0,100,100,0,[],"",[],"","","","","","","","","","",[],[],1
525,"Metadata/Projectiles/BlueFlameSwipeProjectile1","[""Metadata/Effects/Spells/monsters_effects/League_Delve/general/qiongqi/flame_swipes/swipe_01.ao""]","[""projectile_loop""]","[""impact""]",1800,"",2,"","","Metadata/Projectiles/Projectile",2347,2,"","",[],"",0,0,0,0,"","",0,0,100,100,0,[],"",[],"","","","","","","","","","",[],[],1
526,"Metadata/Projectiles/BlueFlameSwipeProjectile2","[""Metadata/Effects/Spells/monsters_effects/League_Delve/general/qiongqi/flame_swipes/swipe_02.ao""]","[""projectile_loop""]","[""impact""]",1800,"",3,"","","Metadata/Projectiles/Projectile",2348,3,"","",[],"",0,0,0,0,"","",0,0,100,100,0,[],"",[],"","","","","","","","","","",[],[],1
527,"Metadata/Projectiles/BlueFlameSwipeProjectile3","[""Metadata/Effects/Spells/monsters_effects/League_Delve/general/qiongqi/flame_swipes/swipe_03.ao""]","[""projectile_loop""]","[""impact""]",1800,"",4,"","","Metadata/Projectiles/Projectile",2349,4,"","",[],"",0,0,0,0,"","",0,0,100,100,0,[],"",[],"","","","","","","","","","",[],[],1
528,"Metadata/Projectiles/DelveMonkeyMortar","[""Metadata/Effects/Spells/monsters_effects/League_Delve/general/monkey/azurite_mortar.ao""]","[""projectile""]",[],750,1,2,"","","Metadata/Projectiles/ProjectileMortar","",2,"","",[],"",0,0,0,0,"","",0,0,100,100,1,[],"",[],"","","","","","","","","","",[],[],1
529,"Metadata/Projectiles/DelveDeflectionProjectile","[""Metadata/Effects/Spells/monsters_effects/League_Delve/thematic_areas/proto_city/deflecting_barrier/deflecting_projectile.ao""]","[""projectile""]","[""impact""]",1600,"",2,"","","Metadata/Projectiles/Projectile",2425,2,"","",[],"",0,0,0,0,"","",0,0,100,100,0,[],"",[],"","","","","","","","","","",[],[],1
530,"Metadata/Projectiles/DelveBloodMeteor","[""Metadata/Effects/Spells/monsters_effects/League_Delve/thematic_areas/vaal_ruins/bosses/architect/delayed_blood_meteor/projectile.ao""]","[""projectile_flying""]","[""projectile_impact""]",2000,1,4,"","","Metadata/Projectiles/Projectile","",4,"","",[],"",0,0,0,0,"","",0,0,100,100,0,[],"",[],"","","","","","","","","","",[],[],1
531,"Metadata/Projectiles/SpiritBombProjectile","[""Metadata/Effects/Spells/monsters_effects/League_Delve/thematic_areas/vaal_ruins/bosses/architect/blood_spirit_bomb/rig.ao""]","[""projectile_flying""]","[""projectile_impact""]",200,1,4,"","","Metadata/Projectiles/Projectile","",4,"","",[],"",0,0,0,0,"","",0,0,100,100,0,[],"",[],"","","","","","","","","","",[],[],1
532,"Metadata/Projectiles/MachinariumBossSprayIce","[""Metadata/Effects/Spells/monsters_effects/AtlasofWorldsBosses/MapBosses/machinarium/barrage_mortars/ColdMortar.ao""]","[""animate""]",[],750,1,2,"","","Metadata/Projectiles/Projectile","",2,"","",[],"",0,0,0,0,"","",0,0,100,100,0,[],"",[],"","","","","","","","","","",[],[],1
533,"Metadata/Projectiles/MachinariumBossSprayLightning","[""Metadata/Effects/Spells/monsters_effects/AtlasofWorldsBosses/MapBosses/machinarium/barrage_mortars/LightningMortar.ao""]","[""animate""]",[],750,1,2,"","","Metadata/Projectiles/Projectile","",2,"","",[],"",0,0,0,0,"","",0,0,100,100,0,[],"",[],"","","","","","","","","","",[],[],1
534,"Metadata/Projectiles/MachinariumBossSprayFire","[""Metadata/Effects/Spells/monsters_effects/AtlasofWorldsBosses/MapBosses/machinarium/barrage_mortars/FireMortar.ao""]","[""animate""]",[],750,1,2,"","","Metadata/Projectiles/Projectile","",2,"","",[],"",0,0,0,0,"","",0,0,100,100,0,[],"",[],"","","","","","","","","","",[],[],1
535,"Metadata/Projectiles/DelveProtoVaalProjectile","[""Metadata/Effects/Spells/monsters_effects/League_Delve/thematic_areas/proto_city/soldiers/abyssal_bullet.ao""]","[""projectile""]","[""impact""]",1200,"",3,"","","Metadata/Projectiles/Projectile","",3,"","",[],"",0,0,0,0,"","",0,0,100,100,0,[],"",[],"","","","","","","","","","",[],[],1
536,"Metadata/Projectiles/SanctumProtoVaalProjectile","[""Metadata/Effects/Spells/monsters_effects/League_Sanctum/monsters/fodder/Lithomancer/abyssal_bullet.ao""]","[""projectile""]","[""impact""]",1200,"",3,"","","Metadata/Projectiles/Projectile","",3,"","",[],"",0,0,0,0,"","",0,0,100,100,0,[],"",[],"","","","","","","","","","",[],[],1
537,"Metadata/Projectiles/HeraldOfAgonyMinionMortar","[""Metadata/Effects/Spells/herald/agony/minion/mortar.ao""]","[""projectile""]",[],500,1,2,"","","Metadata/Projectiles/Projectile","",2,"","",[],"",0,0,0,0,"","",0,0,100,100,1,[],"",[],"","","","","","","","","","",[],[],1
538,"Metadata/Projectiles/HeraldOfAgonyMinionMortarBloodGuard","[""Metadata/Effects/Microtransactions/Spells/heralds/oriathan/cultist/agony/minion_mortar.ao""]","[""projectile""]",[],500,1,2,"","","Metadata/Projectiles/Projectile","",2,"","",[],"",0,0,0,0,"","",0,0,100,100,1,[],"",[],"","","","","","","","","","",[],[],1
539,"Metadata/Projectiles/HeraldOfAgonyMinionMortarFaithGuard","[""Metadata/Effects/Microtransactions/Spells/heralds/oriathan/divine/agony/minion_mortar.ao""]","[""projectile""]",[],500,1,2,"","","Metadata/Projectiles/Projectile","",2,"","",[],"",0,0,0,0,"","",0,0,100,100,1,[],"",[],"","","","","","","","","","",[],[],1
540,"Metadata/Projectiles/HeraldOfAgonyMinionSpine","[""Metadata/Effects/Spells/herald/agony/minion/projectile.ao""]","[""fadein""]","[""fadeout""]",2500,"",2,"","","Metadata/Projectiles/Projectile","",2,"","",[],"",0,0,0,0,"","",0,0,100,100,0,[],"",[],"","","","","","","","","","",[],[],1
541,"Metadata/Projectiles/HeraldOfAgonyMinionSpineBloodGuard","[""Metadata/Effects/Microtransactions/Spells/heralds/oriathan/cultist/agony/minion_proj.ao""]","[""projectile""]","[""impact""]",2500,"",2,"","","Metadata/Projectiles/Projectile","",2,"","",[],"",0,0,0,0,"","",0,0,100,100,0,[],"",[],"","","","","","","","","","",[],[],1
542,"Metadata/Projectiles/HeraldOfAgonyMinionSpineFaithGuard","[""Metadata/Effects/Microtransactions/Spells/heralds/oriathan/divine/agony/minion_proj.ao""]","[""projectile""]","[""impact""]",2500,"",2,"","","Metadata/Projectiles/Projectile","",2,"","",[],"",0,0,0,0,"","",0,0,100,100,0,[],"",[],"","","","","","","","","","",[],[],1
543,"Metadata/Projectiles/DelveDwellerSparks","[""Metadata/Effects/Spells/monsters_effects/League_Delve/general/cavedwel/azurite_spark/azurite_spark.ao""]","[""projectile""]","[""impact""]",750,"",1,"","","Metadata/Projectiles/ProjectileGround","",2,"","",[],"",0,0,0,0,"","",0,0,100,100,0,[],"",[],"","","","","","","","","","",[],[],1
544,"Metadata/Projectiles/DelveGolemProjectileAzurite1","[""Metadata/Effects/Spells/monsters_effects/League_Delve/general/earth_elemental/azurite_proj_01.ao""]","[""projectile""]","[""impact""]",1200,"",2,"","","Metadata/Projectiles/Projectile","",2,"","",[],"",0,0,0,0,"","",0,0,100,100,0,[],"",[],"","","","","","","","","","",[],[],1
545,"Metadata/Projectiles/DelveGolemProjectileAzurite2","[""Metadata/Effects/Spells/monsters_effects/League_Delve/general/earth_elemental/azurite_proj_02.ao""]","[""projectile""]","[""impact""]",1200,"",2,"","","Metadata/Projectiles/Projectile","",2,"","",[],"",0,0,0,0,"","",0,0,100,100,0,[],"",[],"","","","","","","","","","",[],[],1
546,"Metadata/Projectiles/DelveGolemProjectileGeodite1","[""Metadata/Effects/Spells/monsters_effects/League_Delve/general/earth_elemental/geodite_proj_01.ao""]","[""projectile""]","[""impact""]",1200,"",2,"","","Metadata/Projectiles/Projectile","",2,"","",[],"",0,0,0,0,"","",0,0,100,100,0,[],"",[],"","","","","","","","","","",[],[],1
547,"Metadata/Projectiles/DelveGolemProjectileGeodite2","[""Metadata/Effects/Spells/monsters_effects/League_Delve/general/earth_elemental/geodite_proj_02.ao""]","[""projectile""]","[""impact""]",1200,"",2,"","","Metadata/Projectiles/Projectile","",2,"","",[],"",0,0,0,0,"","",0,0,100,100,0,[],"",[],"","","","","","","","","","",[],[],1
548,"Metadata/Projectiles/DelveGolemProjectileSulphite1","[""Metadata/Effects/Spells/monsters_effects/League_Delve/general/earth_elemental/sulphite_proj_01.ao""]","[""projectile""]","[""impact""]",1200,"",2,"","","Metadata/Projectiles/Projectile","",2,"","",[],"",0,0,0,0,"","",0,0,100,100,0,[],"",[],"","","","","","","","","","",[],[],1
549,"Metadata/Projectiles/DelveGolemProjectileSulphite2","[""Metadata/Effects/Spells/monsters_effects/League_Delve/general/earth_elemental/sulphite_proj_02.ao""]","[""projectile""]","[""impact""]",1200,"",2,"","","Metadata/Projectiles/Projectile","",2,"","",[],"",0,0,0,0,"","",0,0,100,100,0,[],"",[],"","","","","","","","","","",[],[],1
550,"Metadata/Projectiles/DelveGolemProjectileVaalite1","[""Metadata/Effects/Spells/monsters_effects/League_Delve/general/earth_elemental/vaalite_proj_01.ao""]","[""projectile""]","[""impact""]",1200,"",2,"","","Metadata/Projectiles/Projectile","",2,"","",[],"",0,0,0,0,"","",0,0,100,100,0,[],"",[],"","","","","","","","","","",[],[],1
551,"Metadata/Projectiles/DelveGolemProjectileVaalite2","[""Metadata/Effects/Spells/monsters_effects/League_Delve/general/earth_elemental/vaalite_proj_02.ao""]","[""projectile""]","[""impact""]",1200,"",2,"","","Metadata/Projectiles/Projectile","",2,"","",[],"",0,0,0,0,"","",0,0,100,100,0,[],"",[],"","","","","","","","","","",[],[],1
552,"Metadata/Projectiles/DelveGolemProjectileVoidite1","[""Metadata/Effects/Spells/monsters_effects/League_Delve/general/earth_elemental/voidite_proj_01.ao""]","[""projectile""]","[""impact""]",1200,"",2,"","","Metadata/Projectiles/Projectile","",2,"","",[],"",0,0,0,0,"","",0,0,100,100,0,[],"",[],"","","","","","","","","","",[],[],1
553,"Metadata/Projectiles/DelveGolemProjectileVoidite2","[""Metadata/Effects/Spells/monsters_effects/League_Delve/general/earth_elemental/voidite_proj_02.ao""]","[""projectile""]","[""impact""]",1200,"",2,"","","Metadata/Projectiles/Projectile","",2,"","",[],"",0,0,0,0,"","",0,0,100,100,0,[],"",[],"","","","","","","","","","",[],[],1
554,"Metadata/Projectiles/DelveAbyssLichProjectile","[""Metadata/Effects/Spells/monsters_effects/League_Delve/thematic_areas/abyssal_depths/bosses/Lich3/LichGreenProjectile.ao""]","[""projectile_loop""]","[""end""]",2500,"",2,"","","Metadata/Projectiles/Projectile","",2,"","",[],"",0,0,0,0,"","",0,0,100,100,0,[],"",[],"","","","","","","","","","",[],[],1
555,"Metadata/Projectiles/DelveAbyssLichProjectilePurple","[""Metadata/Effects/Spells/monsters_effects/League_Delve/thematic_areas/abyssal_depths/bosses/Lich3/LichPurpleProjectile.ao""]","[""projectile_loop""]","[""end""]",2000,"",2,"","","Metadata/Projectiles/Projectile","",2,"","",[],"",0,0,0,0,"","",0,0,100,100,0,[],"",[],"","","","","","","","","","",[],[],1
556,"Metadata/Projectiles/ScavengerFireMortar","[""Metadata/Effects/Spells/monsters_effects/scav_driftwoodthrow/driftwood_mortar.ao""]","[""projectile""]",[],500,1,2,"","","Metadata/Projectiles/Projectile","",2,"","",[],"",0,0,0,0,"","",0,0,100,100,1,[],"",[],"","","","","","","","","","",[],[],1
557,"Metadata/Projectiles/ArcaneBarrage","[""Metadata/Effects/Microtransactions/Spells/barrage/blood/arrow.ao""]","[""firearrow""]","[""firearrowimpact""]",3260,"",1,"","","Metadata/Projectiles/Projectile","",1,"","","[""Metadata/Effects/Spells/base_arrow_attack/arrow_base_stuck.ao""]","Metadata/Effects/Spells/base_arrow_attack/arrow_base_bounce.ao",50,80,0,20,"",3568,0,100,100,100,0,[],"",[],"","","","","","","","","","",[],[],1
558,"Metadata/Projectiles/EinharGrenadeMortar","[""Metadata/Effects/Spells/Masters/Einhar/mine_bomb/einhar_mine_bomb.ao""]","[""mortar""]",[],750,1,2,"","","Metadata/Projectiles/Projectile","",2,"","",[],"",0,0,0,0,"","",0,0,100,100,1,[],"",[],"","","","","","","","","","",[],[],1
559,"Metadata/Projectiles/EinharGrenadeMortarSecondary","[""Metadata/Effects/Spells/Masters/Einhar/mine_bomb/secondary_bomb.ao""]","[""secondary_mortar""]",[],750,1,2,"","","Metadata/Projectiles/Projectile","",2,"","",[],"",0,0,0,0,"","",0,0,100,100,1,[],"",[],"","","","","","","","","","",[],[],1
560,"Metadata/Projectiles/FrostFuryMortar","[""Metadata/Effects/Spells/FrostFury/projectile.ao""]","[""projectile""]",[],1500,1,2,"","","Metadata/Projectiles/ProjectileMortar","",2,"","",[],"",0,0,0,0,"","",0,0,100,100,1,[],"",[],"","","","","","","","","","",[],[],1
561,"Metadata/Projectiles/HeraldOfAgonyMinionMortarCelestial","[""Metadata/Effects/Microtransactions/Spells/heralds/celestial_agonypurity/agony/minion_mortar.ao""]","[""projectile""]",[],500,1,2,"","","Metadata/Projectiles/Projectile","",2,"","",[],"",0,0,0,0,"","",0,0,100,100,1,[],"",[],"","","","","","","","","","",[],[],1
562,"Metadata/Projectiles/HeraldOfAgonyMinionSpineCelestial","[""Metadata/Effects/Microtransactions/Spells/heralds/celestial_agonypurity/agony/minion_proj.ao""]","[""projectile""]","[""impact""]",2500,"",2,"","","Metadata/Projectiles/Projectile","",2,"","",[],"",0,0,0,0,"","",0,0,100,100,0,[],"",[],"","","","","","","","","","",[],[],1
563,"Metadata/Projectiles/HeraldOfAgonyMinionMortarDemonic","[""Metadata/Effects/Microtransactions/Spells/heralds/demonic/agony/mortar.ao""]","[""projectile""]",[],500,1,2,"","","Metadata/Projectiles/Projectile","",2,"","",[],"",0,0,0,0,"","",0,0,100,100,1,[],"",[],"","","","","","","","","","",[],[],1
564,"Metadata/Projectiles/HeraldOfAgonyMinionSpineDemonic","[""Metadata/Effects/Microtransactions/Spells/heralds/demonic/agony/projectile.ao""]","[""projectile""]","[""fadeout""]",2500,"",2,"","","Metadata/Projectiles/Projectile","",2,"","",[],"",0,0,0,0,"","",0,0,100,100,0,[],"",[],"","","","","","","","","","",[],[],1
565,"Metadata/Projectiles/HeraldOfAgonyMinionMortarEmpyrean","[""Metadata/Effects/Microtransactions/Spells/heralds/empyrean/Spider_mortar.ao""]","[""projectile""]",[],500,1,2,"","","Metadata/Projectiles/Projectile","",2,"","",[],"",0,0,0,0,"","",0,0,100,100,1,[],"",[],"","","","","","","","","","",[],[],1
566,"Metadata/Projectiles/HeraldOfAgonyMinionSpineEmpyrean","[""Metadata/Effects/Microtransactions/Spells/heralds/empyrean/Spider_projectile.ao""]","[""projectile""]","[""impact""]",2500,"",2,"","","Metadata/Projectiles/Projectile","",2,"","",[],"",0,0,0,0,"","",0,0,100,100,0,[],"",[],"","","","","","","","","","",[],[],1
567,"Metadata/Projectiles/HeraldOfAgonyMinionMortarPolarisWhite","[""Metadata/Effects/Microtransactions/Spells/heralds/polaris_white/spider_mortar.ao""]","[""projectile""]",[],500,1,2,"","","Metadata/Projectiles/Projectile","",2,"","",[],"",0,0,0,0,"","",0,0,100,100,1,[],"",[],"","","","","","","","","","",[],[],1
568,"Metadata/Projectiles/HeraldOfAgonyMinionSpinePolarisWhite","[""Metadata/Effects/Microtransactions/Spells/heralds/polaris_white/spider_projectile.ao""]","[""projectile""]","[""impact""]",2500,"",2,"","","Metadata/Projectiles/Projectile","",2,"","",[],"",0,0,0,0,"","",0,0,100,100,0,[],"",[],"","","","","","","","","","",[],[],1
569,"Metadata/Projectiles/LancingSteelProjectile","[""Metadata/Effects/Spells/LancingSteel/secondary_projectile.ao""]","[""projectile_loop""]","[""end""]",2500,"",2,"","","Metadata/Projectiles/Projectile","",3,"","",[],"",0,0,0,0,"","",0,0,100,100,0,[],"",[],"","","","","","","","","","",[],[],1
570,"Metadata/Projectiles/LancingSteelPrimaryProjectile","[""Metadata/Effects/Spells/LancingSteel/primary_projectile.ao""]","[""projectile_loop""]","[""end""]",2500,"",2,"","","Metadata/Projectiles/Projectile","",3,"","",[],"",0,0,0,0,"","",0,0,100,100,0,[],"",[],"","","","","","","","","","",[],[],1
571,"Metadata/Projectiles/ZanaRoseSpectralThrow","[""Metadata/Effects/Spells/Masters/ZanaPlayer/zana_spectral_throw.ao""]","[""projectile""]","[""projectile_end""]",1200,"",2,"","","Metadata/Projectiles/Projectile","",2,"","",[],"",0,0,0,0,"","",0,0,100,100,0,[],"",[],"","","","","","","","","","",[],[],1
572,"Metadata/Projectiles/EinharMultishot","[""Metadata/Effects/Spells/Masters/Einhar/projectile/einhar_projectile.ao""]","[""projectile""]","[""impact""]",1800,"",2,"","","Metadata/Projectiles/Projectile",2480,2,"","",[],"",0,0,0,0,"","",0,0,100,100,0,[],"",[],"","","","","","","","","","",[],[],1
573,"Metadata/Projectiles/ToraArrow","[""Metadata/Effects/Spells/Masters/Tora/default_arrow/projectile/rig.ao""]","[""projectile""]","[""impact""]",3260,"",2,"","","Metadata/Projectiles/Projectile","",2,"","",[],"",0,0,0,0,"","",0,0,100,100,0,[],"",[],"","","","","","","","","","",[],[],1
574,"Metadata/Projectiles/ZanaRoseScourgeArrow","[""Metadata/Effects/Spells/Masters/ZanaPlayer/zana_scourge_proj.ao""]","[""projectile""]","[""impact""]",3000,"",4,"","","Metadata/Projectiles/Projectile","",4,"","",[],"",0,0,0,0,"","",0,0,100,100,0,[],"",[],"","","","","","","","","","",[],[],1
575,"Metadata/Projectiles/ProtoVaalMapBossRock1","[""Metadata/Effects/Spells/monsters_effects/AtlasofWorldsBosses/map_reshuffle/primeval_boss/stone_projectile/stone_block_proj.ao""]","[""projectile_01"",""projectile_02"",""projectile_03"",""projectile_04"",""projectile_05"",""projectile_06"",""projectile_07"",""projectile_08"",""projectile_09"",""projectile_10"",""projectile_11"",""projectile_12"",""projectile_13"",""projectile_14"",""projectile_15"",""projectile_16"",""projectile_17"",""projectile_18"",""projectile_19"",""projectile_20""]","[""impact""]",2000,"",2,"","","Metadata/Projectiles/Projectile","",2,"","",[],"",0,0,0,0,"","",0,0,100,100,0,[],"",[],"","","","","","","","","","",[],[],1
576,"Metadata/Projectiles/SanctumLithomancerRock1","[""Metadata/Effects/Spells/monsters_effects/League_Sanctum/LithomancerBoss/stone_block_proj.ao""]","[""projectile_01"",""projectile_02"",""projectile_03"",""projectile_04"",""projectile_05"",""projectile_06"",""projectile_07"",""projectile_08"",""projectile_09"",""projectile_10"",""projectile_11"",""projectile_12"",""projectile_13"",""projectile_14"",""projectile_15"",""projectile_16"",""projectile_17"",""projectile_18"",""projectile_19"",""projectile_20""]","[""impact""]",2000,"",2,"","","Metadata/Projectiles/Projectile","",2,"","",[],"",0,0,0,0,"","",0,0,100,100,0,[],"",[],"","","","","","","","","","",[],[],1
577,"Metadata/Projectiles/ProtoVaalMapBossVolatile","[""Metadata/Effects/Spells/monsters_effects/AtlasofWorldsBosses/map_reshuffle/primeval_boss/abyss_volatile/abyssal_volatile_proj01.ao"",""Metadata/Effects/Spells/monsters_effects/AtlasofWorldsBosses/map_reshuffle/primeval_boss/abyss_volatile/abyssal_volatile_proj02.ao"",""Metadata/Effects/Spells/monsters_effects/AtlasofWorldsBosses/map_reshuffle/primeval_boss/abyss_volatile/abyssal_volatile_proj03.ao"",""Metadata/Effects/Spells/monsters_effects/AtlasofWorldsBosses/map_reshuffle/primeval_boss/abyss_volatile/abyssal_volatile_proj04.ao"",""Metadata/Effects/Spells/monsters_effects/AtlasofWorldsBosses/map_reshuffle/primeval_boss/abyss_volatile/abyssal_volatile_proj05.ao"",""Metadata/Effects/Spells/monsters_effects/AtlasofWorldsBosses/map_reshuffle/primeval_boss/abyss_volatile/abyssal_volatile_proj06.ao"",""Metadata/Effects/Spells/monsters_effects/AtlasofWorldsBosses/map_reshuffle/primeval_boss/abyss_volatile/abyssal_volatile_proj07.ao"",""Metadata/Effects/Spells/monsters_effects/AtlasofWorldsBosses/map_reshuffle/primeval_boss/abyss_volatile/abyssal_volatile_proj08.ao"",""Metadata/Effects/Spells/monsters_effects/AtlasofWorldsBosses/map_reshuffle/primeval_boss/abyss_volatile/abyssal_volatile_proj09.ao"",""Metadata/Effects/Spells/monsters_effects/AtlasofWorldsBosses/map_reshuffle/primeval_boss/abyss_volatile/abyssal_volatile_proj10.ao"",""Metadata/Effects/Spells/monsters_effects/AtlasofWorldsBosses/map_reshuffle/primeval_boss/abyss_volatile/abyssal_volatile_proj11.ao"",""Metadata/Effects/Spells/monsters_effects/AtlasofWorldsBosses/map_reshuffle/primeval_boss/abyss_volatile/abyssal_volatile_proj12.ao""]","[""projectile""]","[""impact""]",2000,"",4,"","","Metadata/Projectiles/Projectile","",4,"","",[],"",0,0,0,0,"","",0,0,100,100,0,[],"",[],"","","","","","","","","","",[],[],1
578,"Metadata/Projectiles/ShatteringSteelProjectile","[""Metadata/Effects/Spells/shattering_steel_02/shattering_steel_proj.ao""]",[],[],3500,"",2,"","","Metadata/Projectiles/Projectile",4757,3,"","",[],"",0,0,0,0,"","",0,0,100,100,0,[],"",[],"","","","","","","","","","",[],[],1
579,"Metadata/Projectiles/BetrayalSecretPoliceDagger","[""Metadata/Effects/Spells/monsters_effects/League_Betrayal/SecretPolice/DaggerProjectile.ao""]","[""loop""]","[""end""]",2000,"",2,"","","Metadata/Projectiles/Projectile","",2,"","",[],"",0,0,0,0,"","",0,0,100,100,0,[],"",[],"","","","","","","","","","",[],[],1
580,"Metadata/Projectiles/BetrayalNetMortar","[""Metadata/Effects/Spells/monsters_effects/League_Betrayal/SecretPolice/net_throw.ao""]","[""throw""]",[],750,1,2,"","","Metadata/Projectiles/Projectile","",2,"","",[],"",0,0,0,0,"","",0,0,100,100,1,[],"",[],"","","","","","","","","","",[],[],1
581,"Metadata/Projectiles/ToraDeceleratingArrow","[""Metadata/Effects/Spells/Masters/Tora/butterfly_projectiles/rig.ao""]","[""projectile""]","[""impact""]",1260,"",2,"","","Metadata/Projectiles/Projectile","",2,"","",[],"",0,0,0,0,"","",0,0,100,100,0,[],"",[],"","","","","","","","","","",[],[],1
582,"Metadata/Projectiles/BetrayalNecroProjectile","[""Metadata/Effects/Spells/monsters_effects/League_Betrayal/Necromancer/GreenProjectile.ao""]","[""projectile_loop""]","[""end""]",750,"",2,"","","Metadata/Projectiles/Projectile","",2,"","",[],"",0,0,0,0,"","",0,0,100,100,0,[],"",[],"","","","","","","","","","",[],[],1
583,"Metadata/Projectiles/BetrayalScientistGrenadeMortar","[""Metadata/Effects/Spells/monsters_effects/League_Betrayal/Scientist/mortarToss.ao""]","[""animate""]",[],750,1,2,"","","Metadata/Projectiles/Projectile","",2,"","",[],"",0,0,0,0,"","",0,0,100,100,1,[],"",[],"","","","","","","","","","",[],[],1
584,"Metadata/Projectiles/BetrayalToraSnipeArrow","[""Metadata/Effects/Spells/Masters/Tora/snipe_projectile/rig.ao""]","[""projectile""]","[""impact""]",7500,"",2,"","","Metadata/Projectiles/Projectile","",2,"","",[],"",0,0,0,0,"","",0,0,100,100,0,[],"",[],"","","","","","","","","","",[],[],1
585,"Metadata/Projectiles/BetrayalToraDashArrow","[""Metadata/Effects/Spells/Masters/Tora/dash_projectile/rig.ao""]","[""projectile""]","[""impact""]",2500,"",2,"","","Metadata/Projectiles/Projectile","",2,"","",[],"",0,0,0,0,"","",0,0,100,100,0,[],"",[],"","","","","","","","","","",[],[],1
586,"Metadata/Projectiles/BetrayalAislinDagger","[""Metadata/Effects/Spells/monsters_effects/League_Betrayal/Aislin/dagger_throw/dagger_throw.ao""]","[""projectile""]","[""impact""]",2000,"",2,"","","Metadata/Projectiles/Projectile","",2,"","",[],"",0,0,0,0,"","",0,0,100,100,0,[],"",[],"","","","","","","","","","",[],[],1
587,"Metadata/Projectiles/BetrayalAislinBombs","[""Metadata/Effects/Spells/monsters_effects/League_Betrayal/Aislin/poison_spin/poison_projectile_dagger.ao""]","[""flight""]","[""impact""]",3500,1,2,"","","Metadata/Projectiles/Projectile","",2,"","",[],"",0,0,0,0,"","",0,0,100,100,0,[],"",[],"","","","","","","","","","",[],[],1
588,"Metadata/Projectiles/BetrayalAislinDaggerPoison1","[""Metadata/Effects/Spells/monsters_effects/League_Betrayal/Aislin/dagger_throw_poison/dagger_throw_poison.ao""]","[""projectile01""]","[""impact""]",800,"",3,"","","Metadata/Projectiles/Projectile",2532,3,"","",[],"",0,0,0,0,"","",0,0,100,100,0,[],"",[],"","","","","","","","","","",[],[],1
589,"Metadata/Projectiles/BetrayalAislinDaggerPoison2","[""Metadata/Effects/Spells/monsters_effects/League_Betrayal/Aislin/dagger_throw_poison/dagger_throw_poison.ao""]","[""projectile02""]","[""impact""]",800,"",3,"","","Metadata/Projectiles/Projectile",2532,3,"","",[],"",0,0,0,0,"","",0,0,100,100,0,[],"",[],"","","","","","","","","","",[],[],1
590,"Metadata/Projectiles/BetrayalGraviciusMortar","[""Metadata/Effects/Spells/monsters_effects/League_Betrayal/Gravicius/combo_skill/Gravicius_mortar.ao""]","[""animate""]",[],750,1,2,"","","Metadata/Projectiles/Projectile","",2,"","",[],"",0,0,0,0,"","",0,0,100,100,1,[],"",[],"","","","","","","","","","",[],[],1
591,"Metadata/Projectiles/BetrayalJanusProjectile","[""Metadata/Effects/Spells/monsters_effects/League_Betrayal/Janus/golden_bullet.ao""]","[""projectile""]","[""impact""]",2800,"",2,"","","Metadata/Projectiles/Projectile",2549,2,"","",[],"",0,0,0,0,"","",0,0,100,100,0,[],"",[],"","","","","","","","","","",[],[],1
592,"Metadata/Projectiles/BetrayalBreachProjectile","[""Metadata/Effects/Spells/monsters_effects/League_Betrayal/ItThatFled/breach_proj/breach_proj.ao""]","[""projectile""]","[""impact""]",1000,"",2,"","","Metadata/Projectiles/Projectile","",2,"","",[],"",0,0,0,0,"","",0,0,100,100,0,[],"",[],"","","","","","","","","","",[],[],1
593,"Metadata/Projectiles/BetrayalBreachProjectile2","[""Metadata/Effects/Spells/monsters_effects/League_Betrayal/ItThatFled/breach_fulmination/projectile_01.ao""]","[""projectile_01""]","[""projectile_01_impact""]",1500,1,4,"","","Metadata/Projectiles/Projectile","",4,"","",[],"",0,0,0,0,"","",0,0,100,100,0,[],"",[],"","","","","","","","","","",[],[],1
594,"Metadata/Projectiles/BetrayalBreachProjectile3","[""Metadata/Effects/Spells/monsters_effects/League_Betrayal/ItThatFled/breach_fulmination/projectile_02.ao""]","[""projectile_02""]","[""projectile_02_impact""]",750,1,4,"","","Metadata/Projectiles/Projectile","",4,"","",[],"",0,0,0,0,"","",0,0,100,100,0,[],"",[],"","","","","","","","","","",[],[],1
595,"Metadata/Projectiles/BetrayalBreachProjectile4","[""Metadata/Effects/Spells/monsters_effects/League_Betrayal/ItThatFled/breach_combo/breach_proj.ao""]","[""projectile""]","[""impact""]",1300,"",2,"","","Metadata/Projectiles/Projectile","",2,"","",[],"",0,0,0,0,"","",0,0,100,100,0,[],"",[],"","","","","","","","","","",[],[],1
596,"Metadata/Projectiles/BetrayalVoriciClone","[""Metadata/Effects/Spells/monsters_effects/League_Betrayal/ItThatFled/breach_combo/breach_proj.ao""]","[""projectile""]","[""impact""]",2000,"",4,"","","Metadata/Projectiles/Projectile",2616,4,"","",[],"",0,0,0,0,"","",0,0,100,100,0,[],"",[],"","","","","","","","","","",[],[],1
597,"Metadata/Projectiles/BetrayalSkeletonSnipe","[""Metadata/Effects/Spells/monsters_effects/League_Betrayal/Skeleton/range/snipe/projectile/snipe_projectile.ao""]","[""projectile""]","[""impact""]",4000,"",3,"","","Metadata/Projectiles/Projectile","",3,"","",[],"",0,0,0,0,"","",0,0,100,100,0,[],"",[],"","","","","","","","","","",[],[],1
598,"Metadata/Projectiles/BetrayalPhantasmProjectile","[""Metadata/Effects/Spells/monsters_effects/League_Betrayal/Phantasm/shadowbullet.ao""]","[""animate""]",[],920,"",2,"","","Metadata/Projectiles/Projectile","",2,"","",[],"",0,0,0,0,"","",0,0,100,100,0,[],"",[],"","","","","","","","","","",[],[],1
599,"Metadata/Projectiles/BetrayalBlackguardDeceleratingProjectile","[""Metadata/Effects/Spells/monsters_effects/League_Betrayal/Blackguard_scout/decelerating_projectile/main_projectile.ao""]","[""idle""]","[""buildup""]",1200,"",2,"","","Metadata/Projectiles/Projectile","",2,"","",[],"",0,0,0,0,"","",0,0,100,100,0,[],"",[],"","","","","","","","","","",[],[],1
600,"Metadata/Projectiles/BetrayalBlackguardShard","[""Metadata/Effects/Spells/monsters_effects/League_Betrayal/Blackguard_scout/decelerating_projectile/mini_projectile.ao""]","[""idle""]","[""impact""]",800,1,2,"","","Metadata/Projectiles/Projectile","",2,"","",[],"",0,0,0,0,"","",0,0,100,100,0,[],"",[],"","","","","","","","","","",[],[],1
601,"Metadata/Projectiles/BetrayalCameriaIceShard","[""Metadata/Effects/Spells/monsters_effects/League_Betrayal/Cameria/shattering_ice/shard_01.ao"",""Metadata/Effects/Spells/monsters_effects/League_Betrayal/Cameria/shattering_ice/shard_02.ao"",""Metadata/Effects/Spells/monsters_effects/League_Betrayal/Cameria/shattering_ice/shard_03.ao"",""Metadata/Effects/Spells/monsters_effects/League_Betrayal/Cameria/shattering_ice/shard_04.ao"",""Metadata/Effects/Spells/monsters_effects/League_Betrayal/Cameria/shattering_ice/shard_05.ao"",""Metadata/Effects/Spells/monsters_effects/League_Betrayal/Cameria/shattering_ice/shard_06.ao"",""Metadata/Effects/Spells/monsters_effects/League_Betrayal/Cameria/shattering_ice/shard_07.ao"",""Metadata/Effects/Spells/monsters_effects/League_Betrayal/Cameria/shattering_ice/shard_08.ao"",""Metadata/Effects/Spells/monsters_effects/League_Betrayal/Cameria/shattering_ice/shard_09.ao"",""Metadata/Effects/Spells/monsters_effects/League_Betrayal/Cameria/shattering_ice/shard_10.ao"",""Metadata/Effects/Spells/monsters_effects/League_Betrayal/Cameria/shattering_ice/shard_11.ao"",""Metadata/Effects/Spells/monsters_effects/League_Betrayal/Cameria/shattering_ice/shard_12.ao"",""Metadata/Effects/Spells/monsters_effects/League_Betrayal/Cameria/shattering_ice/shard_13.ao"",""Metadata/Effects/Spells/monsters_effects/League_Betrayal/Cameria/shattering_ice/shard_14.ao"",""Metadata/Effects/Spells/monsters_effects/League_Betrayal/Cameria/shattering_ice/shard_15.ao"",""Metadata/Effects/Spells/monsters_effects/League_Betrayal/Cameria/shattering_ice/shard_16.ao"",""Metadata/Effects/Spells/monsters_effects/League_Betrayal/Cameria/shattering_ice/shard_17.ao"",""Metadata/Effects/Spells/monsters_effects/League_Betrayal/Cameria/shattering_ice/shard_18.ao"",""Metadata/Effects/Spells/monsters_effects/League_Betrayal/Cameria/shattering_ice/shard_19.ao"",""Metadata/Effects/Spells/monsters_effects/League_Betrayal/Cameria/shattering_ice/shard_20.ao"",""Metadata/Effects/Spells/monsters_effects/League_Betrayal/Cameria/shattering_ice/shard_21.ao"",""Metadata/Effects/Spells/monsters_effects/League_Betrayal/Cameria/shattering_ice/shard_22.ao"",""Metadata/Effects/Spells/monsters_effects/League_Betrayal/Cameria/shattering_ice/shard_23.ao"",""Metadata/Effects/Spells/monsters_effects/League_Betrayal/Cameria/shattering_ice/shard_24.ao"",""Metadata/Effects/Spells/monsters_effects/League_Betrayal/Cameria/shattering_ice/shard_25.ao"",""Metadata/Effects/Spells/monsters_effects/League_Betrayal/Cameria/shattering_ice/shard_26.ao""]","[""projectile""]","[""impact""]",1600,1,2,"","","Metadata/Projectiles/Projectile",2581,2,"","",[],"",0,0,0,0,"","",0,0,100,100,0,[],"",[],"","","","","","","","","","",[],[],1
602,"Metadata/Projectiles/BetrayalThaneCleaveShot","[""Metadata/Effects/Spells/monsters_effects/League_Betrayal/Thane/lizard_tail/cleave_proj.ao""]","[""projectile""]","[""impact""]",2000,"",2,"","","Metadata/Projectiles/Projectile","",2,"","",[],"",0,0,0,0,"","",0,0,100,100,0,[],"",[],"","","","","","","","","","",[],[],1
603,"Metadata/Projectiles/BetrayalThaneMortar","[""Metadata/Effects/Spells/monsters_effects/League_Betrayal/Thane/grizzly_fury/boulder_mortar.ao""]","[""mortar""]",[],750,1,2,"","","Metadata/Projectiles/ProjectileMortar","",2,"","",[],"",0,0,0,0,"","",0,0,100,100,1,[],"",[],"","","","","","","","","","",[],[],1
604,"Metadata/Projectiles/BetrayalSkeletonCannonMortar","[""Metadata/Effects/Spells/monsters_effects/League_Betrayal/SkeletonCannon/mortar_projectile/rig.ao""]","[""projectile""]",[],750,1,2,"","","Metadata/Projectiles/ProjectileMortar","",2,"","",[],"",0,0,0,0,"","",0,0,100,100,1,[],"",[],"","","","","","","","","","",[],[],1
605,"Metadata/Projectiles/EinharSnipe","[""Metadata/Effects/Spells/Masters/Einhar/projectile/einhar_projectile.ao""]","[""projectile""]","[""impact""]",5000,"",3,"","","Metadata/Projectiles/Projectile",2480,3,"","",[],"",0,0,0,0,"","",0,0,100,100,0,[],"",[],"","","","","","","","","","",[],[],1
606,"Metadata/Projectiles/BetrayalVaganCleaveProjectileLeft","[""Metadata/Effects/Spells/monsters_effects/League_Betrayal/Vagan/projectile_cleave/proj_right.ao""]","[""projectile_01""]",[],1250,"",2,"","","Metadata/Projectiles/Projectile",2605,2,"","",[],"",0,0,0,0,"","",0,0,100,100,0,[],"",[],"","","","","","","","","","",[],[],1
607,"Metadata/Projectiles/BetrayalVaganCleaveProjectileRight","[""Metadata/Effects/Spells/monsters_effects/League_Betrayal/Vagan/projectile_cleave/proj_left.ao""]","[""projectile_02""]",[],1250,"",2,"","","Metadata/Projectiles/Projectile",2605,2,"","",[],"",0,0,0,0,"","",0,0,100,100,0,[],"",[],"","","","","","","","","","",[],[],1
608,"Metadata/Projectiles/IceSpearNew","[""Metadata/Effects/Spells/IceSpear_02/projectile.ao""]","[""frozenspear_idle""]","[""frozenspear_impact""]",600,"",2,"","","Metadata/Projectiles/Projectile","",2,"","",[],"",0,0,0,0,"","",0,0,100,100,0,[],"",[],"","","","","","","","","","",[],[],1
609,"Metadata/Projectiles/BetrayalSkeletonProjectile","[""Metadata/Effects/Spells/monsters_effects/League_Betrayal/Skeleton/range/generic_projectile/projectile.ao""]","[""projectile""]","[""explode""]",2500,"",2,"","","Metadata/Projectiles/Projectile","",2,"","",[],"",0,0,0,0,"","",0,0,100,100,0,[],"",[],"","","","","","","","","","",[],[],1
610,"Metadata/Projectiles/BetrayalRikerMultiSnipe","[""Metadata/Effects/Spells/monsters_effects/League_Betrayal/Riker/Barrage/projectile/projectile.ao""]","[""projectile""]","[""impact""]",3000,"",3,"","","Metadata/Projectiles/Projectile",2711,3,"","",[],"",0,0,0,0,"","",0,0,100,100,0,[],"",[],"","","","","","","","","","",[],[],1
611,"Metadata/Projectiles/BetrayalRikerJumpArrow","[""Metadata/Effects/Spells/Masters/Einhar/projectile/einhar_projectile.ao""]","[""projectile""]","[""impact""]",3000,1,3,"","","Metadata/Projectiles/Projectile",2480,3,"","",[],"",0,0,0,0,"","",0,0,100,100,0,[],"",[],"","","","","","","","","","",[],[],1
612,"Metadata/Projectiles/BetrayalRikerSmokeMortar","[""Metadata/Effects/Spells/monsters_effects/League_Betrayal/Riker/Teleport_attack/mortar/rig.ao""]","[""projectile""]","[""impact""]",500,1,2,"","","Metadata/Projectiles/Projectile","",2,"","",[],"",0,0,0,0,"","",0,0,100,100,1,[],"",[],"","","","","","","","","","",[],[],1
613,"Metadata/Projectiles/BetrayalRikerClusterBomb","[""Metadata/Effects/Spells/monsters_effects/League_Betrayal/Riker/Jump_attack/bomb_arrow/rig.ao""]","[""projectile""]",[],750,1,2,"","","Metadata/Projectiles/Projectile","",2,"","",[],"",0,0,0,0,"","",0,0,100,100,0,[],"",[],"","","","","","","","","","",[],[],1
614,"Metadata/Projectiles/BetrayalRikerClusterBombSecondary","[""Metadata/Effects/Spells/monsters_effects/League_Betrayal/Riker/Jump_attack/secondary_bomb_explosion/rig.ao""]","[""projectile""]",[],750,1,2,"","","Metadata/Projectiles/Projectile","",2,"","",[],"",0,0,0,0,"","",0,0,100,100,0,[],"",[],"","","","","","","","","","",[],[],1
615,"Metadata/Projectiles/BetrayalRinDeceleratingProjectile","[""Metadata/Effects/Spells/Masters/Rin/decelerating_projectile/decelerating_projectile.ao""]","[""idle""]","[""impact""]",1200,"",2,"","","Metadata/Projectiles/Projectile","",2,"","",[],"",0,0,0,0,"","",0,0,100,100,0,[],"",[],"","","","","","","","","","",[],[],1
616,"Metadata/Projectiles/BetrayalKeemaMortar","[""Metadata/Effects/Spells/Masters/Keema/mortar/mortarToss.ao""]","[""animate""]",[],750,1,2,"","","Metadata/Projectiles/Projectile","",2,"","",[],"",0,0,0,0,"","",0,0,100,100,1,[],"",[],"","","","","","","","","","",[],[],1
617,"Metadata/Projectiles/BetrayalFrostFuryProjectile","[""Metadata/Effects/Spells/monsters_effects/League_Betrayal/Phantasm/projectile.ao""]","[""projectile""]",[],1500,1,2,"","","Metadata/Projectiles/ProjectileMortar","",2,"","",[],"",0,0,0,0,"","",0,0,100,100,1,[],"",[],"","","","","","","","","","",[],[],1
618,"Metadata/Projectiles/CatarinaCarpetMortarProjectile","[""Metadata/Effects/Spells/monsters_effects/League_Betrayal/BossCatarina/soul_mortar/soul_mortar01.ao"",""Metadata/Effects/Spells/monsters_effects/League_Betrayal/BossCatarina/soul_mortar/soul_mortar02.ao"",""Metadata/Effects/Spells/monsters_effects/League_Betrayal/BossCatarina/soul_mortar/soul_mortar03.ao"",""Metadata/Effects/Spells/monsters_effects/League_Betrayal/BossCatarina/soul_mortar/soul_mortar04.ao""]","[""animate""]",[],750,1,2,"","","Metadata/Projectiles/ProjectileMortar","",2,"","",[],"",0,0,0,0,"","",0,0,100,100,1,[],"",[],"","","","","","","","","","",[],[],1
619,"Metadata/Projectiles/BetrayalRinSnipe","[""Metadata/Effects/Spells/Masters/Rin/Snipe/snipe_projectile.ao""]","[""idle""]","[""impact""]",3500,"",2,"","","Metadata/Projectiles/Projectile",2645,2,"","",[],"",0,0,0,0,"","",0,0,100,100,0,[],"",[],"","","","","","","","","","",[],[],1
620,"Metadata/Projectiles/BetrayalCatarinaSpark","[""Metadata/Effects/Spells/monsters_effects/League_Betrayal/BossCatarina/phase_transition01/death_sparks/deathflame_spark.ao""]","[""projectile""]","[""impact""]",500,"",1,"","","Metadata/Projectiles/ProjectileGround","",2,"","",[],"",0,0,0,0,"","",0,0,100,100,0,[],"",[],"","","","","","","","","","",[],[],1
621,"Metadata/Projectiles/ShieldThrowBetrayalGrenn","[""Metadata/Effects/Spells/monsters_effects/League_Betrayal/Grenn/Throw_shield/projectile/shieldtoss.ao""]","[""loop""]","[""end""]",1125,"",2,"","","Metadata/Projectiles/Projectile","",3,"","",[],"",0,0,0,0,"","",0,0,100,100,0,[],"",[],"","","","","","","","","","",[],[],1
622,"Metadata/Projectiles/ShieldThrowSecondaryBetrayalGrenn","[""Metadata/Effects/Spells/monsters_effects/League_Betrayal/Grenn/Throw_shield/secondary_projectile/secondary_projectile.ao""]","[""loop""]","[""explode""]",1500,"",2,"","","Metadata/Projectiles/Projectile",2685,2,"","",[],"",0,0,0,0,"","",0,0,100,100,0,[],"",[],"","","","","","","","","","",[],[],1
623,"Metadata/Projectiles/BetrayalCatarinaUnearth","[""Metadata/Effects/Spells/monsters_effects/League_Betrayal/BossCatarina/unearth_despair/unearth_mine.ao""]","[""projectile""]","[""projectile_impact""]",1500,"",2,"","","Metadata/Projectiles/Projectile","",2,"","",[],"",0,0,0,0,"","",0,0,100,100,0,[],"",[],"","","","","","","","","","",[],[],1
624,"Metadata/Projectiles/BetrayalRikerArcBomb","[""Metadata/Effects/Spells/monsters_effects/League_Betrayal/Riker/Lightning_trap/projectile.ao""]","[""projectile""]",[],750,1,2,"","","Metadata/Projectiles/Projectile","",2,"","",[],"",0,0,0,0,"","",0,0,100,100,0,[],"",[],"","","","","","","","","","",[],[],1
625,"Metadata/Projectiles/PlayerGenericProjectileFire","[""Metadata/Effects/Spells/generic_projectiles/projectilefire.ao""]","[""projectile""]","[""impact""]",3260,"",2,"","","Metadata/Projectiles/Projectile","",2,"","",[],"",0,0,0,0,"","",0,0,100,100,0,[],"",[],"","","","","","","","","","",[],[],1
626,"Metadata/Projectiles/PlayerGenericProjectileCold","[""Metadata/Effects/Spells/generic_projectiles/projectilecold.ao""]","[""projectile""]","[""impact""]",3260,"",2,"","","Metadata/Projectiles/Projectile","",2,"","",[],"",0,0,0,0,"","",0,0,100,100,0,[],"",[],"","","","","","","","","","",[],[],1
627,"Metadata/Projectiles/PlayerGenericProjectileLightning","[""Metadata/Effects/Spells/generic_projectiles/projectilelightning.ao""]","[""projectile""]","[""impact""]",3260,"",2,"","","Metadata/Projectiles/Projectile","",2,"","",[],"",0,0,0,0,"","",0,0,100,100,0,[],"",[],"","","","","","","","","","",[],[],1
628,"Metadata/Projectiles/PlayerGenericProjectilePhysical","[""Metadata/Effects/Spells/generic_projectiles/projectilephys.ao""]","[""projectile""]","[""impact""]",3260,"",2,"","","Metadata/Projectiles/Projectile","",2,"","",[],"",0,0,0,0,"","",0,0,100,100,0,[],"",[],"","","","","","","","","","",[],[],1
629,"Metadata/Projectiles/PlayerGenericProjectileBlood","[""Metadata/Effects/Spells/generic_projectiles/projectileblood.ao""]","[""projectile""]","[""impact""]",3260,"",2,"","","Metadata/Projectiles/Projectile","",2,"","",[],"",0,0,0,0,"","",0,0,100,100,0,[],"",[],"","","","","","","","","","",[],[],1
630,"Metadata/Projectiles/PlayerGenericProjectilePoison","[""Metadata/Effects/Spells/generic_projectiles/projectilepoison.ao""]","[""projectile""]","[""impact""]",3260,"",2,"","","Metadata/Projectiles/Projectile","",2,"","",[],"",0,0,0,0,"","",0,0,100,100,0,[],"",[],"","","","","","","","","","",[],[],1
631,"Metadata/Projectiles/MonsterGenericProjectileFire","[""Metadata/Effects/Spells/monsters_effects/generic_projectiles/projectilefire.ao""]","[""projectile""]","[""impact""]",3260,"",2,"","","Metadata/Projectiles/Projectile","",2,"","",[],"",0,0,0,0,"","",0,0,100,100,0,[],"",[],"","","","","","","","","","",[],[],1
632,"Metadata/Projectiles/MonsterGenericProjectileCold","[""Metadata/Effects/Spells/monsters_effects/generic_projectiles/projectilecold.ao""]","[""projectile""]","[""impact""]",3260,"",2,"","","Metadata/Projectiles/Projectile","",2,"","",[],"",0,0,0,0,"","",0,0,100,100,0,[],"",[],"","","","","","","","","","",[],[],1
633,"Metadata/Projectiles/MonsterGenericProjectileLightning","[""Metadata/Effects/Spells/monsters_effects/generic_projectiles/projectilelightning.ao""]","[""projectile""]","[""impact""]",3260,"",2,"","","Metadata/Projectiles/Projectile","",2,"","",[],"",0,0,0,0,"","",0,0,100,100,0,[],"",[],"","","","","","","","","","",[],[],1
634,"Metadata/Projectiles/MonsterGenericProjectilePhysical","[""Metadata/Effects/Spells/monsters_effects/generic_projectiles/projectilephys.ao""]","[""projectile""]","[""impact""]",3260,"",2,"","","Metadata/Projectiles/Projectile","",2,"","",[],"",0,0,0,0,"","",0,0,100,100,0,[],"",[],"","","","","","","","","","",[],[],1
635,"Metadata/Projectiles/MonsterGenericProjectileBlood","[""Metadata/Effects/Spells/monsters_effects/generic_projectiles/projectileblood.ao""]","[""projectile""]","[""impact""]",3260,"",2,"","","Metadata/Projectiles/Projectile","",2,"","",[],"",0,0,0,0,"","",0,0,100,100,0,[],"",[],"","","","","","","","","","",[],[],1
636,"Metadata/Projectiles/MonsterGenericProjectilePoison","[""Metadata/Effects/Spells/monsters_effects/generic_projectiles/projectilepoison.ao""]","[""projectile""]","[""impact""]",1750,"",2,"","","Metadata/Projectiles/Projectile","",2,"","",[],"",0,0,0,0,"","",0,0,100,100,0,[],"",[],"","","","","","","","","","",[],[],1
637,"Metadata/Projectiles/MerveilFishSpear","[""Metadata/Effects/Microtransactions/Spells/icespear/fish/rig.ao""]","[""frozenspear_idle""]","[""frozenspear_impact""]",1000,"",2,"","","Metadata/Projectiles/Projectile","",2,"","",[],"",0,0,0,0,"","",0,0,100,100,0,[],"",[],"","","","","","","","","","",[],[],1
638,"Metadata/Projectiles/SynthesisRibbonProjectile","[""Metadata/Effects/Spells/monsters_effects/League_Synthesis/Synthesis_Ribbon_Large/projectile/projectile.ao""]","[""projectile""]","[""impact""]",1000,"",2,"","","Metadata/Projectiles/Projectile","",2,"","",[],"",0,0,0,0,"","",0,0,100,100,0,[],"",[],"","","","","","","","","","",[],[],1
639,"Metadata/Projectiles/SynthesisDroneProjectile","[""Metadata/Effects/Spells/monsters_effects/League_Synthesis/general/drone_projectiles/drone_proj.ao""]","[""projectile""]","[""impact""]",2000,"",2,"","","Metadata/Projectiles/Projectile","",2,"","",[],"",0,0,0,0,"","",0,0,100,100,0,[],"",[],"","","","","","","","","","",[],[],1
640,"Metadata/Projectiles/SynthesisDroneProjectileDash","[""Metadata/Effects/Spells/monsters_effects/League_Synthesis/general/drone_projectiles/drone_proj.ao""]","[""projectile""]","[""impact""]",2000,"",2,"","","Metadata/Projectiles/Projectile","",2,"","",[],"",0,0,0,0,"","",0,0,100,100,0,[],"",[],"","","","","","","","","","",[],[],1
641,"Metadata/Projectiles/SynthesisDroneTurretProjectile","[""Metadata/Effects/Spells/monsters_effects/League_Synthesis/Synthesis_Guardian1/drone_mechanic/droneProjectile.ao""]","[""projectile""]","[""impact""]",400,"",2,"","","Metadata/Projectiles/Projectile","",2,"","",[],"",0,0,0,0,"","",0,0,100,100,0,[],"",[],"","","","","","","","","","",[],[],1
642,"Metadata/Projectiles/SynthesisSoulstealerProjectile","[""Metadata/Effects/Spells/monsters_effects/League_Synthesis/Synthesis_Guardian1/projectile/rig.ao""]","[""idle""]","[""end""]",1000,"",2,"","","Metadata/Projectiles/Projectile","",2,"","",[],"",0,0,0,0,"","",0,0,100,100,0,[],"",[],"","","","","","","","","","",[],[],1
643,"Metadata/Projectiles/SynthesisSoulstealerProjectileFire","[""Metadata/Effects/Spells/monsters_effects/League_Synthesis/general/general_proj/neuron_bullet_fire.ao""]","[""projectile""]","[""impact""]",2000,"",2,"","","Metadata/Projectiles/Projectile","",2,"","",[],"",0,0,0,0,"","",0,0,100,100,0,[],"",[],"","","","","","","","","","",[],[],1
644,"Metadata/Projectiles/SynthesisSoulstealerProjectileCold","[""Metadata/Effects/Spells/monsters_effects/League_Synthesis/general/general_proj/neuron_bullet_ice.ao""]","[""projectile""]","[""impact""]",2000,"",2,"","","Metadata/Projectiles/Projectile","",2,"","",[],"",0,0,0,0,"","",0,0,100,100,0,[],"",[],"","","","","","","","","","",[],[],1
645,"Metadata/Projectiles/SynthesisSoulstealerProjectileLightning","[""Metadata/Effects/Spells/monsters_effects/League_Synthesis/general/general_proj/neuron_bullet_lightning.ao""]","[""projectile""]","[""impact""]",2000,"",2,"","","Metadata/Projectiles/Projectile","",2,"","",[],"",0,0,0,0,"","",0,0,100,100,0,[],"",[],"","","","","","","","","","",[],[],1
646,"Metadata/Projectiles/SynthesisSoulstealerProjectileNeutral","[""Metadata/Effects/Spells/monsters_effects/League_Synthesis/general/general_proj/neuron_bullet_physical.ao""]","[""projectile""]","[""impact""]",2000,"",2,"","","Metadata/Projectiles/Projectile","",2,"","",[],"",0,0,0,0,"","",0,0,100,100,0,[],"",[],"","","","","","","","","","",[],[],1
647,"Metadata/Projectiles/SynthesisSoulstealerProjectileTriple","[""Metadata/Effects/Spells/monsters_effects/League_Synthesis/general/drone_projectiles/drone_proj.ao""]","[""projectile""]","[""impact""]",2000,"",2,"","","Metadata/Projectiles/Projectile","",2,"","",[],"",0,0,0,0,"","",0,0,100,100,0,[],"",[],"","","","","","","","","","",[],[],1
648,"Metadata/Projectiles/Soulrend","[""Metadata/Effects/Spells/chaos_soulrend/ao/projectile.ao""]","[""projectile""]","[""impact""]",800,"",2,"","","Metadata/Projectiles/Projectile","",2,"","",[],"",0,0,0,0,"","",0,0,100,100,0,[],"",[],"","","","","","","","","","",[],[],1
649,"Metadata/Projectiles/SynthesisGuardianProjectile1","[""Metadata/Effects/Spells/monsters_effects/League_Synthesis/Synthesis_Guardian2/projectile/rig.ao""]","[""projectile""]","[""impact""]",500,"",1,"","","Metadata/Projectiles/Projectile","",1,"","",[],"",0,0,0,0,"","",0,0,100,100,0,[],"",[],"","","","","","","","","","",[],[],1
650,"Metadata/Projectiles/SynthesisGuardianProjectile2","[""Metadata/Effects/Spells/monsters_effects/League_Synthesis/general/general_proj/neuron_bullet_lightning.ao""]","[""projectile""]","[""impact""]",1500,"",2,"","","Metadata/Projectiles/Projectile",2780,2,"","",[],"",0,0,0,0,"","",0,0,100,100,0,[],"",[],"","","","","","","","","","",[],[],1
651,"Metadata/Projectiles/SynthesisGuardianMortar1","[""Metadata/Effects/Spells/monsters_effects/League_Synthesis/bosses/lightning_mortar.ao""]","[""mortarX5""]",[],1000,1,2,"","","Metadata/Projectiles/ProjectileMortar","",2,"","",[],"",0,0,0,0,"","",0,0,100,100,0,[],"",[],"","","","","","","","","","",[],[],1
652,"Metadata/Projectiles/SynthesisGuardianMortar2","[""Metadata/Effects/Spells/monsters_effects/League_Synthesis/bosses/lightning_mortar.ao""]","[""mortarX3""]",[],1000,1,2,"","","Metadata/Projectiles/ProjectileMortar","",2,"","",[],"",0,0,0,0,"","",0,0,100,100,0,[],"",[],"","","","","","","","","","",[],[],1
653,"Metadata/Projectiles/SynthesisGuardianMortar3","[""Metadata/Effects/Spells/monsters_effects/League_Synthesis/bosses/lightning_mortar.ao""]","[""mortarX1""]",[],1000,1,2,"","","Metadata/Projectiles/ProjectileMortar","",2,"","",[],"",0,0,0,0,"","",0,0,100,100,0,[],"",[],"","","","","","","","","","",[],[],1
654,"Metadata/Projectiles/SynthesisBlackholeTeleportProjectile","[""Metadata/Effects/Spells/monsters_effects/League_Synthesis/cavas_soul/teleport_proj.ao""]","[""projectile""]","[""impact""]",1000,"",2,"","","Metadata/Projectiles/Projectile","",2,"","",[],"",0,0,0,0,"","",0,0,100,100,0,[],"",[],"","","","","","","","","","",[],[],1
655,"Metadata/Projectiles/SynthesisBlackholeProjectile","[""Metadata/Effects/Spells/monsters_effects/League_Synthesis/cavas_soul/teleport_volatile_proj.ao""]","[""projectile""]","[""impact""]",500,1,4,"","","Metadata/Projectiles/Projectile","",4,"","",[],"",0,0,0,0,"","",0,0,100,100,0,[],"",[],"","","","","","","","","","",[],[],1
656,"Metadata/Projectiles/SynthesisGolemVTurretProjectile","[""Metadata/Effects/Spells/monsters_effects/League_Synthesis/Synthesis_Guardian4/V_slam_proj/projectile/projectile.ao""]","[""projectile""]","[""impact""]",2200,"",3,"","","Metadata/Projectiles/Projectile","",3,"","",[],"",0,0,0,0,"","",0,0,100,100,0,[],"",[],"","","","","","","","","","",[],[],1
657,"Metadata/Projectiles/SynthesisBallLightning","[""Metadata/Effects/Spells/monsters_effects/League_Synthesis/bosses/lightning_ball.ao""]","[""projectile""]","[""end""]",300,"",2,"","","Metadata/Projectiles/Projectile","",2,"","",[],"",0,0,0,0,"","",0,0,100,100,0,[],"",[],"","","","","","","","","","",[],[],1
658,"Metadata/Projectiles/SynthesisFinalBossMortar","[""Metadata/Effects/Spells/monsters_effects/League_Synthesis/bosses/lightning_mortar.ao""]","[""mortarX1""]",[],1800,1,2,"","","Metadata/Projectiles/ProjectileMortar","",2,"","",[],"",0,0,0,0,"","",0,0,100,100,0,[],"",[],"","","","","","","","","","",[],[],1
659,"Metadata/Projectiles/SynthesisFlameshardProjectile","[""Metadata/Effects/Spells/monsters_effects/League_Synthesis/general/fire/neuro_pizza_projectile.ao""]","[""projectile""]","[""impact""]",1800,"",2,"","","Metadata/Projectiles/Projectile","",2,"","",[],"",0,0,0,0,"","",0,0,100,100,0,[],"",[],"","","","","","","","","","",[],[],1
660,"Metadata/Projectiles/SynthesisColdrend","[""Metadata/Effects/Spells/monsters_effects/League_Synthesis/general/cold/cold_soulrend_proj.ao""]","[""projectile01""]","[""impact""]",500,"",2,"","","Metadata/Projectiles/Projectile","",2,"","",[],"",0,0,0,0,"","",0,0,100,100,0,[],"",[],"","","","","","","","","","",[],[],1
661,"Metadata/Projectiles/SynthesisIceSpear","[""Metadata/Effects/Spells/monsters_effects/League_Synthesis/general/cold/cold_iceSpear_proj.ao""]","[""frozenspear_idle""]","[""frozenspear_impact""]",175,"",2,"","","Metadata/Projectiles/Projectile",2806,2,"","",[],"",0,0,0,0,"","",0,0,100,100,0,[],"",[],"","","","","","","","","","",[],[],1
662,"Metadata/Projectiles/SynthesisDroneMortar","[""Metadata/Effects/Spells/monsters_effects/League_Synthesis/general/phys/phys_SoulstealerMortar_01.ao"",""Metadata/Effects/Spells/monsters_effects/League_Synthesis/general/phys/phys_SoulstealerMortar_02.ao"",""Metadata/Effects/Spells/monsters_effects/League_Synthesis/general/phys/phys_SoulstealerMortar_03.ao"",""Metadata/Effects/Spells/monsters_effects/League_Synthesis/general/phys/phys_SoulstealerMortar_04.ao""]","[""animate""]",[],750,1,2,"","","Metadata/Projectiles/ProjectileMortar","",2,"","",[],"",0,0,0,0,"","",0,0,100,100,1,[],"",[],"","","","","","","","","","",[],[],1
663,"Metadata/Projectiles/SynthesisPhysicalMortar","[""Metadata/Effects/Spells/monsters_effects/League_Synthesis/general/phys/phys_mortarToss.ao""]","[""animate""]",[],1200,1,2,"","","Metadata/Projectiles/ProjectileMortar","",2,"","",[],"",0,0,0,0,"","",0,0,100,100,3,[],"",[],"","","","","","","","","","",[],[],1
664,"Metadata/Projectiles/SynthesisRibbonMortar","[""Metadata/Effects/Spells/monsters_effects/League_Synthesis/Synthesis_Ribbon_Large/mortarA/mortar/mortar.ao""]","[""once""]",[],1200,1,2,"","","Metadata/Projectiles/ProjectileMortar","",2,"","",[],"",0,0,0,0,"","",0,0,100,100,1,[],"",[],"","","","","","","","","","",[],[],1
665,"Metadata/Projectiles/SynthesisRibbonMassMortar","[""Metadata/Effects/Spells/monsters_effects/League_Synthesis/Synthesis_Ribbon_Large/mortarB/mortar/mortar.ao""]","[""once""]",[],600,1,2,"","","Metadata/Projectiles/ProjectileMortar","",2,"","",[],"",0,0,0,0,"","",0,0,100,100,1,[],"",[],"","","","","","","","","","",[],[],1
666,"Metadata/Projectiles/SynthesisGuardian2Turret","[""Metadata/Effects/Spells/monsters_effects/League_Synthesis/Synthesis_Guardian2/drone_projectile/projectile.ao""]","[""projectile""]","[""impact""]",1000,1,2,"","","Metadata/Projectiles/Projectile","",2,"","",[],"",0,0,0,0,"","",0,0,100,100,0,[],"",[],"","","","","","","","","","",[],[],1
667,"Metadata/Projectiles/SynthesisGuardian2TurretCharge","[""Metadata/Effects/Spells/monsters_effects/League_Synthesis/Synthesis_Guardian2/drone_charged_projectile/droneChargedProjectile.ao""]","[""animate""]","[""impact""]",1000,1,2,"","","Metadata/Projectiles/Projectile","",2,"","",[],"",0,0,0,0,"","",0,0,100,100,0,[],"",[],"","","","","","","","","","",[],[],1
668,"Metadata/Projectiles/SynthesisGuardian4RotateProjectile","[""Metadata/Effects/Spells/monsters_effects/League_Synthesis/Synthesis_Guardian4/rotating_gun/projectile/projectile.ao""]","[""loop""]","[""end""]",375,"",3,"","","Metadata/Projectiles/Projectile","",3,"","",[],"",0,0,0,0,"","",0,0,100,100,0,[],"",[],"","","","","","","","","","",[],[],1
669,"Metadata/Projectiles/SynthesisWalkerMortar","[""Metadata/Effects/Spells/monsters_effects/League_Synthesis/walker/walker_mortar.ao""]","[""once""]",[],750,1,2,"","","Metadata/Projectiles/ProjectileMortar","",2,"","",[],"",0,0,0,0,"","",0,0,100,100,1,[],"",[],"","","","","","","","","","",[],[],1
670,"Metadata/Projectiles/SynthesisIceSpearFinal","[""Metadata/Effects/Spells/monsters_effects/League_Synthesis/cavas_soul/accelerate_projectile.ao""]","[""proj_create""]","[""end""]",175,"",2,"","","Metadata/Projectiles/Projectile",2806,2,"","",[],"",0,0,0,0,"","",0,0,100,100,0,[],"",[],"","","","","","","","","","",[],[],1
671,"Metadata/Projectiles/SynthesisGolemShockRifle","[""Metadata/Effects/Spells/monsters_effects/League_Synthesis/Synthesis_Guardian4/shock_rifle/projectile/projectile.ao""]","[""loop""]","[""end""]",400,"",2,"","","Metadata/Projectiles/Projectile","",2,"","",[],"",0,0,0,0,"","",0,0,100,100,0,[],"",[],"","","","","","","","","","",[],[],1
672,"Metadata/Projectiles/SynthesisWyvernProjectile","[""Metadata/Effects/Spells/monsters_effects/League_Synthesis/Synthesis_Wyvern/projectile.ao""]","[""loop""]","[""end""]",1000,"",2,"","","Metadata/Projectiles/Projectile","",2,"","",[],"",0,0,0,0,"","",0,0,100,100,0,[],"",[],"","","","","","","","","","",[],[],1
673,"Metadata/Projectiles/SynthesisWyvernMortar","[""Metadata/Effects/Spells/monsters_effects/League_Synthesis/Synthesis_Wyvern/mortar_proj.ao""]","[""once""]",[],750,1,2,"","","Metadata/Projectiles/ProjectileMortar","",2,"","",[],"",0,0,0,0,"","",0,0,100,100,1,[],"",[],"","","","","","","","","","",[],[],1
674,"Metadata/Projectiles/SoulrendCelestial","[""Metadata/Effects/Microtransactions/Spells/soulrend/celestial/rig.ao""]","[""projectile01""]","[""impact""]",800,"",2,"","","Metadata/Projectiles/Projectile","",2,"","",[],"",0,0,0,0,"","",0,0,100,100,0,[],"",[],"","","","","","","","","","",[],[],1
675,"Metadata/Projectiles/SoulrendCelestialCat","[""Metadata/Effects/Microtransactions/Spells/soulrend/cat/rig.ao""]","[""projectile01""]","[""impact"",""impact2""]",800,"",2,"","","Metadata/Projectiles/Projectile","",2,"","",[],"",0,0,0,0,"","",0,0,100,100,0,[],"",[],"","","","","","","","","","",[],[],1
676,"Metadata/Projectiles/FrostFuryCelestialMortar","[""Metadata/Effects/Microtransactions/Spells/winter_orb/celestial/projectile.ao""]","[""projectile01"",""projectile02"",""projectile03"",""projectile04""]",[],1500,1,2,"","","Metadata/Projectiles/ProjectileMortar","",2,"","",[],"",0,0,0,0,"","",0,0,100,100,4,[],"",[],"","","","","","","","","","",[],[],1
677,"Metadata/Projectiles/KitavaCasterMortarProjectile","[""Metadata/Effects/Spells/monsters_effects/skeleton/KitavaCaster/KitavaCasterMortarProjectile.ao""]","[""animate""]",[],750,1,2,"","","Metadata/Projectiles/ProjectileMortar","",2,"","",[],"",0,0,0,0,"","",0,0,100,100,3,[],"",[],"","","","","","","","","","",[],[],1
678,"Metadata/Projectiles/LegionKaruiArcherSnipe","[""Metadata/Effects/Spells/monsters_effects/League_Legion/karui/coldsnipe_proj.ao""]","[""projectile""]","[""impact""]",3500,"",2,"","","Metadata/Projectiles/Projectile",3006,2,"","",[],"",0,0,0,0,"","",0,0,100,100,0,[],"",[],"","","","","","","","","","",[],[],1
679,"Metadata/Projectiles/LegionMarakethRiderQuicksandSnipe","[""Metadata/Effects/Spells/monsters_effects/League_Legion/Maraketh/snipe_projectile.ao""]","[""projectile""]","[""impact""]",3500,1,2,"","","Metadata/Projectiles/Projectile","",2,"","",[],"",0,0,0,0,"","",0,0,100,100,0,[],"",[],"","","","","","","","","","",[],[],1
680,"Metadata/Projectiles/LegionKaruiFireArrow","[""Metadata/Effects/Spells/monsters_effects/League_Legion/karui/Fire_Spray.ao""]","[""proj_create""]","[""end""]",75,"",2,"","","Metadata/Projectiles/Projectile",3011,2,"","",[],"",0,0,0,0,"","",0,0,100,100,0,[],"",[],"","","","","","","","","","",[],[],1
681,"Metadata/Projectiles/LegionTemplarDeceleratingShield","[""Metadata/Effects/Spells/monsters_effects/League_Legion/Templar/shieldthrow/decel_shieldthrow.ao""]","[""idle""]","[""buildup""]",1200,"",2,"","","Metadata/Projectiles/Projectile","",2,"","",[],"",0,0,0,0,"","",0,0,100,100,0,[],"",[],"","","","","","","","","","",[],[],1
682,"Metadata/Projectiles/LegionTemplarDeceleratingShieldShard","[""Metadata/Effects/Spells/monsters_effects/League_Legion/Templar/shieldthrow/proj.ao""]","[""projectile""]","[""impact""]",800,"",2,"","","Metadata/Projectiles/Projectile","",2,"","",[],"",0,0,0,0,"","",0,0,100,100,0,[],"",[],"","","","","","","","","","",[],[],1
683,"Metadata/Projectiles/LegionTemplarDeceleratingShieldEpic","[""Metadata/Effects/Spells/monsters_effects/League_Legion/Templar/boss_shattershield/shield_throw.ao""]","[""flight""]","[""flightonce""]",1200,"",4,"","","Metadata/Projectiles/Projectile","",4,"","",[],"",0,0,0,0,"","",0,0,100,100,0,[],"",[],"","","","","","","","","","",[],[],1
684,"Metadata/Projectiles/LegionTemplarDeceleratingShieldEpicShard","[""Metadata/Effects/Spells/monsters_effects/League_Legion/Templar/boss_shattershield/secondary_proj.ao""]","[""projectile""]","[""impact""]",800,"",2,"","","Metadata/Projectiles/Projectile","",2,"","",[],"",0,0,0,0,"","",0,0,100,100,0,[],"",[],"","","","","","","","","","",[],[],1
685,"Metadata/Projectiles/LegionTemplarBossNetMortar","[""Metadata/Effects/Spells/monsters_effects/League_Legion/Templar/boss_net/net.ao""]","[""throw""]",[],750,1,2,"","","Metadata/Projectiles/Projectile","",2,"","",[],"",0,0,0,0,"","",0,0,100,100,1,[],"",[],"","","","","","","","","","",[],[],1
686,"Metadata/Projectiles/LegionEternalEmpireSpearThrow","[""Metadata/Effects/Spells/monsters_effects/League_Legion/EternalEmpire/LightningSpearThrow/projectile/projectile.ao""]","[""loop""]","[""impact""]",2500,"",3,"","","Metadata/Projectiles/Projectile","",3,"","",[],"",0,0,0,0,"","",0,0,100,100,0,[],"",[],"","","","","","","","","","",[],[],1
687,"Metadata/Projectiles/LegionHyrriRocketJumpProjectile","[""Metadata/Effects/Spells/monsters_effects/League_Legion/karui/Hyrri/rocketJump_projectile.ao""]","[""loop""]","[""end""]",2000,"",2,"","","Metadata/Projectiles/Projectile","",2,"","",[],"",0,0,0,0,"","",0,0,100,100,0,[],"",[],"","","","","","","","","","",[],[],1
688,"Metadata/Projectiles/LegionLioneyeAreaBarrage","[""Metadata/Effects/Spells/monsters_effects/League_Legion/EternalEmpire/CrazyPathMortar/CrazyArrows/CrazyArrow.ao""]","[""arrowpath01"",""arrowpath02"",""arrowpath03"",""arrowpath04""]","[""end""]",2500,"",2,"","","Metadata/Projectiles/Projectile","",2,"","",[],"",0,0,0,0,"","",0,0,100,100,0,[],"",[],"","","","","","","","","","",[],[],1
689,"Metadata/Projectiles/LegionTemplarCasterProjectile","[""Metadata/Effects/Spells/monsters_effects/League_Legion/Templar/multibeamgeyser/projectile.ao""]","[""projectile""]","[""impact""]",1500,"",2,"","","Metadata/Projectiles/Projectile","",2,"","",[],"",0,0,0,0,"","",0,0,100,100,0,[],"",[],"","","","","","","","","","",[],[],1
690,"Metadata/Projectiles/LegionKaruiCleaveMortar","[""Metadata/Effects/Spells/monsters_effects/League_Legion/karui/sergeant_mortar.ao""]","[""once""]",[],750,1,2,"","","Metadata/Projectiles/ProjectileMortar","",2,"","",[],"",0,0,0,0,"","",0,0,100,100,1,[],"",[],"","","","","","","","","","",[],[],1
691,"Metadata/Projectiles/LegionKaruiHyrriMortar","[""Metadata/Effects/Spells/monsters_effects/League_Legion/karui/Hyrri/clone_mortar.ao""]","[""once""]",[],750,1,2,"","","Metadata/Projectiles/ProjectileMortar","",2,"","",[],"",0,0,0,0,"","",0,0,100,100,1,[],"",[],"","","","","","","","","","",[],[],1
692,"Metadata/Projectiles/WaterElementalMortar","[""Metadata/Effects/Spells/monsters_effects/water_elemental/WaterElementalMortar/Water_elemental_mortar.ao""]","[""once""]",[],600,1,2,"","","Metadata/Projectiles/ProjectileMortar","",2,"","",[],"",0,0,0,0,"","",0,0,100,100,1,[],"",[],"","","","","","","","","","",[],[],1
693,"Metadata/Projectiles/WaterElementalMetaMortar","[""Metadata/Effects/Spells/monsters_effects/water_elemental/WaterElementalMortar/Water_elemental_mortar.ao""]","[""once""]",[],600,1,2,"","","Metadata/Projectiles/ProjectileMortar","",2,"","",[],"",0,0,0,0,"","",0,0,100,100,1,[],"",[],"","","","","","","","","","",[],[],1
694,"Metadata/Projectiles/LegionKaruiHyrriProjectile","[""Metadata/Effects/Spells/monsters_effects/League_Legion/karui/Hyrri/projectile.ao""]","[""loop""]","[""end""]",1500,"",2,"","","Metadata/Projectiles/Projectile",3131,2,"","",[],"",0,0,0,0,"","",0,0,100,100,0,[],"",[],"","","","","","","","","","",[],[],1
695,"Metadata/Projectiles/LegionVaalViperProjectile","[""Metadata/Effects/Spells/monsters_effects/League_Legion/Vaal/Napuatzi/basic_projectile.ao""]","[""loop""]","[""end""]",1500,"",3,"","","Metadata/Projectiles/Projectile","",3,"","",[],"",0,0,0,0,"","",0,0,100,100,0,[],"",[],"","","","","","","","","","",[],[],1
696,"Metadata/Projectiles/LegionKaruiHyrriSnipe","[""Metadata/Effects/Spells/monsters_effects/League_Legion/karui/Hyrri/snipeProjectile.ao""]","[""loop""]","[""end""]",3000,"",3,"","","Metadata/Projectiles/Projectile",3131,3,"","",[],"",0,0,0,0,"","",0,0,100,100,0,[],"",[],"","","","","","","","","","",[],[],1
697,"Metadata/Projectiles/LegionKaruiHyrriTeleportMortar","[""Metadata/Effects/Spells/monsters_effects/League_Legion/karui/Hyrri/submerge_emerge_mortar.ao""]","[""animate""]",[],1500,"",2,"","","Metadata/Projectiles/Projectile",3131,2,"","",[],"",0,0,0,0,"","",0,0,100,100,1,[],"",[],"","","","","","","","","","",[],[],1
698,"Metadata/Projectiles/LegionKaruiHyrriSplitting","[""Metadata/Effects/Spells/monsters_effects/League_Legion/karui/Hyrri/splitting_large_projectile.ao""]","[""loop""]","[""charge""]",1500,"",2,"","","Metadata/Projectiles/Projectile",3131,2,"","",[],"",0,0,0,0,"","",0,0,100,100,0,[],"",[],"","","","","","","","","","",[],[],1
699,"Metadata/Projectiles/LegionKaruiHyrriSplittingSmall","[""Metadata/Effects/Spells/monsters_effects/League_Legion/karui/Hyrri/splitting_small_projectile.ao""]","[""loop""]","[""charge""]",500,"",2,"","","Metadata/Projectiles/Projectile",3131,2,"","",[],"",0,0,0,0,"","",0,0,100,100,0,[],"",[],"","","","","","","","","","",[],[],1
700,"Metadata/Projectiles/LegionKaruiHyrriSplittingSmall2","[""Metadata/Effects/Spells/monsters_effects/League_Legion/karui/Hyrri/splitting_small_projectile.ao""]","[""loop""]","[""charge""]",500,"",2,"","","Metadata/Projectiles/Projectile",3131,2,"","",[],"",0,0,0,0,"","",0,0,100,100,0,[],"",[],"","","","","","","","","","",[],[],1
701,"Metadata/Projectiles/LegionKaruiHyrriSplittingSmall3","[""Metadata/Effects/Spells/monsters_effects/League_Legion/karui/Hyrri/splitting_small_projectile.ao""]","[""loop""]","[""end""]",1500,"",2,"","","Metadata/Projectiles/Projectile",3131,2,"","",[],"",0,0,0,0,"","",0,0,100,100,0,[],"",[],"","","","","","","","","","",[],[],1
702,"Metadata/Projectiles/LegionLioneyeRetractProjectile","[""Metadata/Effects/Spells/monsters_effects/League_Legion/EternalEmpire/Arrow_retract_fire/arrow_projectile/rig.ao""]","[""transitioned_idle""]","[""end""]",3500,"",2,"","","Metadata/Projectiles/Projectile","",2,"","",[],"",0,0,0,0,"","",0,0,100,100,0,[],"",[],"","","","","","","","","","",[],[],1
703,"Metadata/Projectiles/LegionLioneyeDefaultProjectile","[""Metadata/Effects/Spells/monsters_effects/League_Legion/EternalEmpire/DefaultArrow/DefaultArrow.ao""]","[""loop""]","[""end""]",3260,"",2,"","","Metadata/Projectiles/Projectile","",2,"","",[],"",0,0,0,0,"","",0,0,100,100,0,[],"",[],"","","","","","","","","","",[],[],1
704,"Metadata/Projectiles/LegionLioneyeSnipeMedium","[""Metadata/Effects/Spells/monsters_effects/League_Legion/EternalEmpire/DiveRoll_Snipe/rig.ao""]","[""loop""]","[""end""]",3260,"",2,"","","Metadata/Projectiles/Projectile","",2,"","",[],"",0,0,0,0,"","",0,0,100,100,0,[],"",[],"","","","","","","","","","",[],[],1
705,"Metadata/Projectiles/LegionLioneyeSnipeLarge","[""Metadata/Effects/Spells/monsters_effects/League_Legion/EternalEmpire/DefaultArrow/DefaultArrow.ao""]","[""loop""]","[""end""]",3260,"",2,"","","Metadata/Projectiles/Projectile","",2,"","",[],"",0,0,0,0,"","",0,0,100,100,0,[],"",[],"","","","","","","","","","",[],[],1
706,"Metadata/Projectiles/LegionLioneyeFlamingProjectile1","[""Metadata/Effects/Spells/monsters_effects/League_Legion/EternalEmpire/EpicBurningArrow/FlamingArrow/FlamingArrow.ao""]","[""loop""]","[""end""]",800,"",2,"","","Metadata/Projectiles/Projectile","",2,"","",[],"",0,0,0,0,"","",0,0,100,100,0,[],"",[],"","","","","","","","","","",[],[],1
707,"Metadata/Projectiles/LegionLioneyeFlamingProjectile2","[""Metadata/Effects/Spells/monsters_effects/League_Legion/EternalEmpire/EpicBurningArrow/NeutralArrow/NeutralArrow.ao""]","[""loop""]","[""end""]",2400,"",2,"","","Metadata/Projectiles/Projectile","",2,"","",[],"",0,0,0,0,"","",0,0,100,100,0,[],"",[],"","","","","","","","","","",[],[],1
708,"Metadata/Projectiles/LegionLioneyeCrazyArrow","[""Metadata/Effects/Spells/monsters_effects/League_Legion/EternalEmpire/CrazyPathMortar/SecondaryArrow/SecondaryArrow.ao""]","[""loop""]","[""end""]",2000,"",2,"","","Metadata/Projectiles/Projectile","",2,"","",[],"",0,0,0,0,"","",0,0,100,100,0,[],"",[],"","","","","","","","","","",[],[],1
709,"Metadata/Projectiles/LegionVaalViperMassProjectile","[""Metadata/Effects/Spells/monsters_effects/League_Legion/Vaal/Napuatzi/phys_projectile.ao""]","[""loop""]","[""end""]",1500,"",2,"","","Metadata/Projectiles/Projectile","",2,"","",[],"",0,0,0,0,"","",0,0,100,100,0,[],"",[],"","","","","","","","","","",[],[],1
710,"Metadata/Projectiles/LegionVaalViperMassProjectile2","[""Metadata/Effects/Spells/monsters_effects/League_Legion/Vaal/Napuatzi/poison_projectile.ao""]","[""loop""]","[""end""]",1500,"",2,"","","Metadata/Projectiles/Projectile","",2,"","",[],"",0,0,0,0,"","",0,0,100,100,0,[],"",[],"","","","","","","","","","",[],[],1
711,"Metadata/Projectiles/LegionVaalViperLargeProjectile","[""Metadata/Effects/Spells/monsters_effects/League_Delve/thematic_areas/vaal_ruins/bosses/architect/blood_spirit_bomb/rig.ao""]","[""projectile_flying""]","[""projectile_impact""]",500,"",4,"","","Metadata/Projectiles/Projectile","",4,"","",[],"",0,0,0,0,"","",0,0,100,100,0,[],"",[],"","","","","","","","","","",[],[],1
712,"Metadata/Projectiles/LegionVaalViperSnakeProjectile","[""Metadata/Effects/Spells/monsters_effects/League_Legion/Vaal/Napuatzi/caustic_mortar.ao""]","[""once""]",[],750,1,2,"","","Metadata/Projectiles/ProjectileMortar","",2,"","",[],"",0,0,0,0,"","",0,0,100,100,1,[],"",[],"","","","","","","","","","",[],[],1
713,"Metadata/Projectiles/LegionVaalSergeantSoulrend","[""Metadata/Effects/Spells/monsters_effects/League_Legion/Vaal/vaal_sergeant/soulrend/soulrend_proj.ao""]","[""projectile01""]","[""impact""]",500,"",2,"","","Metadata/Projectiles/Projectile","",2,"","",[],"",0,0,0,0,"","",0,0,100,100,0,[],"",[],"","","","","","","","","","",[],[],1
714,"Metadata/Projectiles/LegionVaalSergeantWeaponThrow","[""Metadata/Effects/Spells/monsters_effects/League_Legion/Vaal/CultistSergeantMelee/weapon_throw/AxeMortar.ao""]","[""animate""]",[],750,1,2,"","","Metadata/Projectiles/Projectile","",2,"","",[],"",0,0,0,0,"","",0,0,100,100,0,[],"",[],"","","","","","","","","","",[],[],1
715,"Metadata/Projectiles/ChattersShieldThrow","[""Metadata/Effects/Spells/monsters_effects/Justicar_Casticus/ShieldToss.ao""]","[""loop""]","[""end""]",1125,1,2,"","","Metadata/Projectiles/Projectile","",2,"","",[],"",0,0,0,0,"","",0,0,100,100,0,[],"",[],"","","","","","","","","","",[],[],1
716,"Metadata/Projectiles/ChattersShieldThrowSecondary","[""Metadata/Monsters/SummonedSkull/SummonedBloodRaven.ao""]","[""run_projectile_01""]","[""death_projectile_01""]",1125,1,2,"","","Metadata/Projectiles/Projectile","",2,"","",[],"",0,0,0,0,"","",0,0,100,100,0,[],"",[],"","","","","","","","","","",[],[],1
717,"Metadata/Projectiles/FrostBoltBaby","[""Metadata/Effects/Spells/monsters_effects/act1/water_ele/projectile.ao""]","[""projectile_loop""]","[""projectile_end""]",300,"",2,"","","Metadata/Projectiles/Projectile",970,2,"","",[],"",0,0,0,0,"","",0,0,100,100,0,[],"",[],"","","","","","","","","","",[],[],1
718,"Metadata/Projectiles/LegionKaruiArcherProjectile","[""Metadata/Effects/Spells/monsters_effects/League_Legion/karui/cold_default_projectile.ao""]","[""loop""]","[""end""]",3260,"",2,"","","Metadata/Projectiles/Projectile","",2,"","",[],"",0,0,0,0,"","",0,0,100,100,0,[],"",[],"","","","","","","","","","",[],[],1
719,"Metadata/Projectiles/LegionKaruiSergeantProjectile","[""Metadata/Effects/Spells/monsters_effects/League_Legion/karui/caster_default_projectile.ao""]","[""idle""]","[""impact""]",3260,"",2,"","","Metadata/Projectiles/Projectile","",2,"","",[],"",0,0,0,0,"","",0,0,100,100,0,[],"",[],"","","","","","","","","","",[],[],1
720,"Metadata/Projectiles/FemaleDemonRangedGeometryProjectile","[""Metadata/Effects/Spells/monsters_effects/act3/female_demon_ranged/rig.ao""]","[""demonfemaleranged_shoot""]","[""demonfemaleranged_end""]",1800,"",2,"","","Metadata/Projectiles/Projectile","",2,"","",[],"",0,0,0,0,"","",0,0,100,100,0,[],"",[],"","","","","","","","","","",[],[],1
721,"Metadata/Projectiles/LegionMarakethRangedDash","[""Metadata/Effects/Spells/monsters_effects/League_Legion/Maraketh/dashbarrage_proj.ao""]","[""projectile""]","[""impact""]",2500,"",2,"","","Metadata/Projectiles/Projectile",3269,2,"","",[],"",0,0,0,0,"","",0,0,100,100,0,[],"",[],"","","","","","","","","","",[],[],1
722,"Metadata/Projectiles/LegionMarakethBossSnipeProjectile","[""Metadata/Effects/Spells/monsters_effects/League_Legion/Maraketh/Boss/snipe_projectile.ao""]","[""snipe_proj""]","[""snipe_impact""]",2500,"",2,"","","Metadata/Projectiles/Projectile",3239,2,"","",[],"",0,0,0,0,"","",0,0,100,100,0,[],"",[],"","","","","","","","","","",[],[],1
723,"Metadata/Projectiles/LegionMarakethBossSnipeMortar","[""Metadata/Effects/Spells/monsters_effects/League_Legion/Maraketh/Boss/snipe_extra.ao""]","[""mortar_fire01"",""mortar_fire02"",""mortar_fire03"",""mortar_fire04"",""mortar_fire05""]","[""mortar_impact""]",2000,"",2,"","","Metadata/Projectiles/ProjectileMortar","",2,"","",[],"",0,0,0,0,"","",0,0,100,100,0,[],"",[],"","","","","","","","","","",[],[],1
724,"Metadata/Projectiles/LegionMarakethBossVolatileMortar","[""Metadata/Effects/Spells/monsters_effects/League_Legion/Maraketh/Boss/volatile_mortar.ao""]","[""vol_proj""]",[],750,"",2,"","","Metadata/Projectiles/Projectile","",2,"","",[],"",0,0,0,0,"","",0,0,100,100,0,[],"",[],"","","","","","","","","","",[],[],1
725,"Metadata/Projectiles/LegionMarakethBossVolatileProjectile","[""Metadata/Effects/Spells/monsters_effects/League_Legion/Maraketh/Boss/volatile_proj.ao""]",[],[],750,"",2,"","","Metadata/Projectiles/Projectile","",2,"","",[],"",0,0,0,0,"","",0,0,100,100,0,[],"",[],"","","","","","","","","","",[],[],1
726,"Metadata/Projectiles/LegionEternalEmpireDefaultArrow","[""Metadata/Effects/Spells/monsters_effects/League_Legion/EternalEmpire/Archer/default_arrow/arrow.ao""]","[""loop""]","[""end""]",3260,"",2,"","","Metadata/Projectiles/Projectile","",2,"","",[],"",0,0,0,0,"","",0,0,100,100,0,[],"",[],"","","","","","","","","","",[],[],1
727,"Metadata/Projectiles/LegionMarakethDefaultArrow","[""Metadata/Effects/Spells/monsters_effects/League_Legion/Maraketh/sand_arrow_01.ao""]","[""projectile""]","[""impact""]",3260,"",2,"","","Metadata/Projectiles/Projectile","",2,"","",[],"",0,0,0,0,"","",0,0,100,100,0,[],"",[],"","","","","","","","","","",[],[],1
728,"Metadata/Projectiles/LegionMarakethSergeantArrow","[""Metadata/Effects/Spells/monsters_effects/League_Legion/Maraketh/sand_arrow_02.ao""]","[""projectile""]","[""impact""]",3260,"",2,"","","Metadata/Projectiles/Projectile","",2,"","",[],"",0,0,0,0,"","",0,0,100,100,0,[],"",[],"","","","","","","","","","",[],[],1
729,"Metadata/Projectiles/LegionSandSpark","[""Metadata/Effects/Spells/monsters_effects/League_Legion/Maraketh/OnDeath_Tornado.ao""]","[""start""]","[""end""]",250,"",1,1,"","Metadata/Projectiles/ProjectileGround","",2,"","",[],"",0,0,0,0,"","",0,0,100,100,0,[],"",[],"","","","","","","","","","",[],[],1
730,"Metadata/Projectiles/LegionMarakethSergeantMortar","[""Metadata/Effects/Spells/monsters_effects/League_Legion/Maraketh/proj_combo.ao""]","[""mortar""]",[],750,1,2,"","","Metadata/Projectiles/ProjectileMortar","",2,"","",[],"",0,0,0,0,"","",0,0,100,100,2,[],"",[],"","","","","","","","","","",[],[],1
731,"Metadata/Projectiles/LegionMarakethSergeantMortarArrow","[""Metadata/Effects/Spells/monsters_effects/League_Legion/Maraketh/proj_combo.ao""]","[""projectile""]",[],750,1,2,"","","Metadata/Projectiles/ProjectileMortar","",2,"","",[],"",0,0,0,0,"","",0,0,100,100,2,[],"",[],"","","","","","","","","","",[],[],1
732,"Metadata/Projectiles/LegionEternalEmpireBossMultishot","[""Metadata/Effects/Spells/monsters_effects/League_Betrayal/Riker/Barrage/projectile/projectile.ao""]","[""projectile""]","[""impact""]",3000,"",3,"","","Metadata/Projectiles/Projectile",2711,3,"","",[],"",0,0,0,0,"","",0,0,100,100,0,[],"",[],"","","","","","","","","","",[],[],1
733,"Metadata/Projectiles/LegionMarakethSergeantDecelerating","[""Metadata/Effects/Spells/monsters_effects/League_Legion/Maraketh/decelerating_proj.ao""]","[""arrow_loop""]","[""arrow_buildup""]",1200,"",2,"","","Metadata/Projectiles/Projectile","",2,"","",[],"",0,0,0,0,"","",0,0,100,100,0,[],"",[],"","","","","","","","","","",[],[],1
734,"Metadata/Projectiles/LegionMarakethGeneralMortar","[""Metadata/Effects/Spells/monsters_effects/League_Legion/Maraketh/Boss/volatile_mortar.ao""]","[""vol_proj""]",[],1200,1,2,"","","Metadata/Projectiles/ProjectileMortar","",2,"","",[],"",0,0,0,0,"","",0,0,100,100,0,[],"",[],"","","","","","","","","","",[],[],1
735,"Metadata/Projectiles/LegionMarakethGeneralTornadoProjectiles","[""Metadata/Effects/Spells/monsters_effects/League_Legion/Maraketh/Boss/volatile_proj.ao""]","[""sand_proj""]","[""vol_proj_ipct""]",1500,"",2,"","","Metadata/Projectiles/Projectile",3242,2,"","",[],"",0,0,0,0,"","",0,0,100,100,0,[],"",[],"","","","","","","","","","",[],[],1
736,"Metadata/Projectiles/LegionMarakethGeneralTornado","[""Metadata/Effects/Spells/monsters_effects/League_Legion/Maraketh/Boss/blade_dance_tornado.ao""]","[""start""]","[""end""]",750,"",2,"","","Metadata/Projectiles/Projectile","",2,"","",[],"",0,0,0,0,"","",0,0,100,100,0,[],"",[],"","","","","","","","","","",[],[],1
737,"Metadata/Projectiles/CelestialSiphon","[""Metadata/Effects/Microtransactions/Spells/siphon_celestial/projectile.ao""]","[""loop""]","[""impact""]",750,"",2,"","","Metadata/Projectiles/Projectile","",2,"","",[],"",0,0,0,0,"","",0,0,100,100,0,[],"",[],"","","","","","","","","","",[],[],1
738,"Metadata/Projectiles/CelestialLightningTrap","[""Metadata/Effects/Microtransactions/Spells/lighting_trap/celestial/projectile.ao""]","[""lightningtrap_projectile_loop""]","[""lightningtrap_projectile_end""]",960,"",2,1,"","Metadata/Projectiles/Projectile","",2,"","",[],"",0,0,0,0,"","",0,0,100,100,0,[],"",[],"","","","","","","","","","",[],[],1
739,"Metadata/Projectiles/CobraLash","[""Metadata/Effects/Spells/cobra_lash/cobra_lash_dagger.ao""]","[""dagger""]","[""impact""]",1600,"",2,"","","Metadata/Projectiles/Projectile",3365,2,"","",[],"",0,0,0,0,"","",0,0,100,100,0,[],"",[],"","","","","","","","","","",[],[],1
740,"Metadata/Projectiles/CoilingAssault","[""Metadata/Effects/Spells/cobra_lash/cobra_lash.ao""]","[""projectile01"",""projectile03""]","[""impact""]",1125,"",2,"","","Metadata/Projectiles/Projectile",3365,2,"","",[],"",0,0,0,0,"","",0,0,100,100,0,[],"",[],"","","","","","","","","","",[],[],1
741,"Metadata/Projectiles/MortarBarrageMine","[""Metadata/Effects/Spells/barrage_mine/mortar_01.ao"",""Metadata/Effects/Spells/barrage_mine/mortar_02.ao"",""Metadata/Effects/Spells/barrage_mine/mortar_03.ao"",""Metadata/Effects/Spells/barrage_mine/mortar_04.ao""]","[""animate""]",[],750,1,2,"","","Metadata/Projectiles/ProjectileMortar","",2,"","",[],"",0,0,0,0,"","",0,0,100,100,2,[],"",[],"","","","","","","","","","",[],[],1
742,"Metadata/Projectiles/BlightFireball","[""Metadata/Effects/Spells/monsters_effects/League_Blight/Tower_Skills/fireball/fireball.ao""]","[""fireball""]","[""end""]",1040,1,2,"","","Metadata/Projectiles/Projectile","",2,"","",[],"",0,0,0,0,"","",0,0,100,100,0,[],"",[],"","","","","","","","","","",[],[],1
743,"Metadata/Projectiles/BlightFireball2","[""Metadata/Effects/Spells/monsters_effects/League_Blight/Tower_Skills/fireball/fireball.ao""]","[""fireball""]","[""end""]",1040,1,2,"","","Metadata/Projectiles/Projectile","",2,"","",[],"",0,0,0,0,"","",0,0,100,100,0,[],"",[],"","","","","","","","","","",[],[],1
744,"Metadata/Projectiles/BlightFireball3","[""Metadata/Effects/Spells/monsters_effects/League_Blight/Tower_Skills/fireball/fireball.ao""]","[""fireball""]","[""end""]",1040,1,2,"","","Metadata/Projectiles/Projectile","",2,"","",[],"",0,0,0,0,"","",0,0,100,100,0,[],"",[],"","","","","","","","","","",[],[],1
745,"Metadata/Projectiles/ColdProjectileMine","[""Metadata/Effects/Spells/shattering_mine/shards.ao""]","[""shard_01""]","[""impact""]",1800,"",2,"","","Metadata/Projectiles/Projectile","",3,"","",[],"",0,0,0,0,"","",0,0,100,100,0,[],"",[],"","","","","","","","","","",[],[],1
746,"Metadata/Projectiles/BlightFreezeProjectile","[""Metadata/Effects/Spells/monsters_effects/League_Blight/Tower_Skills/ice/projectile/rig.ao""]","[""loop""]","[""end""]",1000,"",2,"","","Metadata/Projectiles/Projectile","",2,"","",[],"",0,0,0,0,"","",0,0,100,100,0,[],"",[],"","","","","","","","","","",[],[],1
747,"Metadata/Projectiles/BlightCopterAntiAir","[""Metadata/Effects/Spells/monsters_effects/League_Legion/karui/Hyrri/rocketJump_projectile.ao""]","[""loop""]","[""end""]",2000,"",2,"","","Metadata/Projectiles/Projectile","",2,"","",[],"",0,0,0,0,"","",0,0,100,100,0,[],"",[],"","","","","","","","","","",[],[],1
748,"Metadata/Projectiles/CoilingAssaultBig","[""Metadata/Effects/Spells/coiling_assault/large_projectile.ao""]","[""idle""]","[""end""]",1125,"",2,"","","Metadata/Projectiles/Projectile",3365,4,"","",[],"",0,0,0,0,"","",0,0,100,100,0,[],"",[],"","","","","","","","","","",[],[],1
749,"Metadata/Projectiles/BlightHarpyFireProjectile","[""Metadata/Effects/Spells/monsters_effects/act8/GemlingLegionnaires/fireball.ao""]","[""loop""]","[""end""]",1040,"",2,"","","Metadata/Projectiles/Projectile","",2,"","",[],"",0,0,0,0,"","",0,0,100,100,0,[],"",[],"","","","","","","","","","",[],[],1
750,"Metadata/Projectiles/CobraLashClaw","[""Metadata/Effects/Spells/cobra_lash/cobra_lash_claw.ao""]","[""claw""]","[""impact""]",1600,"",2,"","","Metadata/Projectiles/Projectile",3365,2,"","",[],"",0,0,0,0,"","",0,0,100,100,0,[],"",[],"","","","","","","","","","",[],[],1
751,"Metadata/Projectiles/SnappingAdder","[""Metadata/Effects/Spells/snapping_adder/projectile.ao""]","[""projectile_01"",""projectile_02"",""projectile_03"",""projectile_04"",""projectile_05""]","[""impact""]",1000,"",2,"","","Metadata/Projectiles/Projectile",3458,3,"","",[],"",0,0,0,0,"","",0,0,100,100,0,[],"",[],"","","","","","","","","","",[],[],1
752,"Metadata/Projectiles/BlightNPCProjectile","[""Metadata/Effects/Spells/monsters_effects/League_Blight/npc/projectile.ao""]","[""loop""]","[""end""]",1600,"",2,"","","Metadata/Projectiles/Projectile","",2,"","",[],"",0,0,0,0,"","",0,0,100,100,0,[],"",[],"","","","","","","","","","",[],[],1
753,"Metadata/Projectiles/BlightModFireOnDeath","[""Metadata/Effects/Spells/monsters_effects/League_Legion/karui/sergeant_mortar.ao""]","[""once""]",[],750,1,2,"","","Metadata/Projectiles/ProjectileMortar","",2,"","",[],"",0,0,0,0,"","",0,0,100,100,1,[],"",[],"","","","","","","","","","",[],[],1
754,"Metadata/Projectiles/BlightModColdOnDeath","[""Metadata/Effects/Spells/monsters_effects/AtlasofWorldsBosses/MapBosses/machinarium/barrage_mortars/ColdMortar.ao""]","[""animate""]",[],750,1,2,"","","Metadata/Projectiles/ProjectileMortar","",2,"","",[],"",0,0,0,0,"","",0,0,100,100,3,[],"",[],"","","","","","","","","","",[],[],1
755,"Metadata/Projectiles/ColdProjectileMineCorruptedEmperor","[""Metadata/Effects/Microtransactions/Spells/landmine_new/voidemperor/ice/voidice.ao""]","[""shard_01""]","[""impact""]",1800,"",2,"","","Metadata/Projectiles/Projectile","",3,"","",[],"",0,0,0,0,"","",0,0,100,100,0,[],"",[],"","","","","","","","","","",[],[],1
756,"Metadata/Projectiles/MortarBarrageMineCorruptedEmperor","[""Metadata/Effects/Microtransactions/Spells/landmine_new/voidemperor/fire/voidfire.ao""]","[""mortar01"",""mortar02"",""mortar03"",""mortar04""]",[],750,1,2,"","","Metadata/Projectiles/ProjectileMortar","",2,"","",[],"",0,0,0,0,"","",0,0,100,100,2,[],"",[],"","","","","","","","","","",[],[],1
757,"Metadata/Projectiles/BlightZombieBossDaemonMortar","[""Metadata/Effects/Spells/monsters_effects/League_Betrayal/SkeletonCannon/mortar_projectile/rig.ao""]","[""projectile""]",[],750,1,2,"","","Metadata/Projectiles/ProjectileMortar","",2,"","",[],"",0,0,0,0,"","",0,0,100,100,1,[],"",[],"","","","","","","","","","",[],[],1
758,"Metadata/Projectiles/SnappingAdderReleased","[""Metadata/Effects/Spells/snapping_adder/projectile_quiet.ao""]","[""projectile_01"",""projectile_02"",""projectile_03"",""projectile_04"",""projectile_05""]","[""impact""]",1000,"",2,"","","Metadata/Projectiles/Projectile",3458,3,"","",[],"",0,0,0,0,"","",0,0,100,100,0,[],"",[],"","","","","","","","","","",[],[],1
759,"Metadata/Projectiles/BlightPyromancerFireElementalMortar","[""Metadata/Effects/Spells/monsters_effects/League_Incursion/Vaal_Saucer_Boss/fire_mortar/fire_mortar.ao""]","[""projectile""]",[],750,1,2,"","","Metadata/Projectiles/ProjectileMortar","",2,"","",[],"",0,0,0,0,"","",0,0,100,100,0,[],"",[],"","","","","","","","","","",[],[],1
760,"Metadata/Projectiles/CelestialFireball","[""Metadata/Effects/Microtransactions/Spells/fireball/celestial/rig.ao""]","[""fireball""]","[""fireball_explode""]",1040,"",2,"","","Metadata/Projectiles/Projectile","",2,"","",[],"",0,0,0,0,"","",0,0,100,100,0,[],"",[],"","","","","","","","","","",[],[],1
761,"Metadata/Projectiles/FrostSentinelIceSpear","[""Metadata/Effects/Spells/monsters_effects/frost_sentinel_icespear/rig.ao""]","[""frozenspear_idle""]","[""frozenspear_impact""]",1000,"",2,"","","Metadata/Projectiles/Projectile","",2,"","",[],"",0,0,0,0,"","",0,0,100,100,0,[],"",[],"","","","","","","","","","",[],[],1
762,"Metadata/Projectiles/FlameSentinelFireball","[""Metadata/Effects/Spells/raise_specter_02/specter_fireball.ao""]","[""fireball""]","[""fireball_explode""]",1040,"",2,"","","Metadata/Projectiles/Projectile","",2,"","",[],"",0,0,0,0,"","",0,0,100,100,0,[],"",[],"","","","","","","","","","",[],[],1
763,"Metadata/Projectiles/BlightWaterSpiralIceSpike","[""Metadata/Effects/Spells/enchantment_skills/wand_projectiles/icey_projectile.ao""]","[""wand_projectile""]","[""wand_collide""]",1200,"",2,"","","Metadata/Projectiles/Projectile","",2,"","",[],"",0,0,0,0,"","",0,0,100,100,0,[],"",[],"","","","","","","","","","",[],[],1
764,"Metadata/Projectiles/BlightSpiderProjectile","[""Metadata/Effects/Spells/monsters_effects/League_Blight/Blight_Spider/basic_projectile.ao""]","[""loop""]","[""end""]",1700,"",2,"","","Metadata/Projectiles/Projectile","",2,"","",[],"",0,0,0,0,"","",0,0,100,100,0,[],"",[],"","","","","","","","","","",[],[],1
765,"Metadata/Projectiles/SkeletonProjectileLightningPlayerSkill","[""Metadata/Effects/Spells/raise_skeleton_02/skeleproj_lightning.ao""]","[""loop""]","[""end""]",1800,"",2,"","","Metadata/Projectiles/Projectile","",2,"","",[],"",0,0,0,0,"","",0,0,100,100,0,[],"",[],"","","","","","","","","","",[],[],1
766,"Metadata/Projectiles/SkeletonProjectileFirePlayerSkill","[""Metadata/Effects/Spells/raise_skeleton_02/skeleproj_fire.ao""]","[""loop""]","[""end""]",1800,"",2,"","","Metadata/Projectiles/Projectile","",2,"","",[],"",0,0,0,0,"","",0,0,100,100,0,[],"",[],"","","","","","","","","","",[],[],1
767,"Metadata/Projectiles/SkeletonProjectileColdPlayerSkill","[""Metadata/Effects/Spells/raise_skeleton_02/skeleproj_ice.ao""]","[""loop""]","[""end""]",1800,"",2,"","","Metadata/Projectiles/Projectile","",2,"","",[],"",0,0,0,0,"","",0,0,100,100,0,[],"",[],"","","","","","","","","","",[],[],1
768,"Metadata/Projectiles/BlightNecroball","[""Metadata/Effects/Spells/monsters_effects/League_Blight/Blight_Boss_Necro/rig.ao""]","[""idle""]","[""impact""]",350,"",4,"","","Metadata/Projectiles/Projectile","",4,"","",[],"",0,0,0,0,"","",0,0,100,100,0,[],"",[],"","","","","","","","","","",[],[],1
769,"Metadata/Projectiles/BlightSnakePoisonMortar","[""Metadata/Effects/Spells/monsters_effects/AtlasofWorldsBosses/ElderGuardian/ChaosPhysical/arena_mechanics/acid_mortar/rig.ao""]","[""projectile""]",[],750,1,2,"","","Metadata/Projectiles/ProjectileMortar","",2,"","",[],"",0,0,0,0,"","",0,0,100,100,1,[],"",[],"","","","","","","","","","",[],[],1
770,"Metadata/Projectiles/CrossbowShotgunProjectile","[""Metadata/Effects/Spells/shotgun_totem/cone_projectile.ao""]","[""proj1"",""proj2"",""proj3""]",[],2000,"",2,"","","Metadata/Projectiles/Projectile",3503,4,"","",[],"",0,0,0,0,3563,"",0,0,100,100,0,[],"",[],"","","","","","","","","","",[],[],1
771,"Metadata/Projectiles/BlightNecroballMini","[""Metadata/Effects/Spells/monsters_effects/League_Blight/Blight_Boss_Necro/rig_mini.ao""]","[""idle""]","[""impact""]",350,"",2,"","","Metadata/Projectiles/Projectile","",2,"","",[],"",0,0,0,0,"","",0,0,100,100,0,[],"",[],"","","","","","","","","","",[],[],1
772,"Metadata/Projectiles/TetheringArrow","[""Metadata/Effects/Spells/ensnaring_shot/arrow_flying.ao""]",[],[],3260,"",1,"","","Metadata/Projectiles/Projectile","",1,"","","[""Metadata/Effects/Spells/ensnaring_shot/arrow_stuck.ao""]","Metadata/Effects/Spells/ensnaring_shot/arrow_bounce.ao",0,80,0,20,"","",0,100,100,100,0,[],"",[],"","","","","","","","","","",[],[],1
773,"Metadata/Projectiles/TetheringArrowDemonic","[""Metadata/Effects/Microtransactions/Spells/ensnaring_shot/demonic/Ao/arrow_flying.ao""]",[],[],3260,"",1,"","","Metadata/Projectiles/Projectile","",1,"","","[""Metadata/Effects/Microtransactions/Spells/ensnaring_shot/demonic/Ao/arrow_stuck.ao""]","Metadata/Effects/Microtransactions/Spells/ensnaring_shot/demonic/Ao/arrow_bounce.ao",0,80,0,20,5722,"",0,100,100,100,0,[],"",[],"","","","","","","","","","",[],[],1
774,"Metadata/Projectiles/AtlasExileEyrieIceShards","[""Metadata/Effects/Spells/monsters_effects/AtlasExiles/Eyrie/ice_shard_projectile/rig.ao"",""Metadata/Effects/Spells/monsters_effects/AtlasExiles/Eyrie/ice_shard_projectile/bigspike.ao"",""Metadata/Effects/Spells/monsters_effects/AtlasExiles/Eyrie/ice_shard_projectile/midspike.ao""]","[""loop""]","[""impact""]",3000,1,2,"","","Metadata/Projectiles/Projectile","",2,"","",[],"",100,100,0,0,"","",0,0,100,100,0,[],"",[],"","","","","","","","","","",[],[],1
775,"Metadata/Projectiles/AtlasExileEyrieIceBarrage","[""Metadata/Effects/Spells/monsters_effects/frost_sentinel_icespear/rig.ao""]","[""frozenspear_idle""]","[""frozenspear_impact""]",2000,"",2,"","","Metadata/Projectiles/Projectile","",2,"","",[],"",0,0,0,0,"","",0,0,100,100,0,[],"",[],"","","","","","","","","","",[],[],1
776,"Metadata/Projectiles/AtlasExileEyrieIceShardBarrage","[""Metadata/Effects/Spells/monsters_effects/AtlasExiles/Eyrie/Barrage/ice_projectils_NS/bigspike.ao""]","[""loop""]","[""impact""]",2500,1,2,"","","Metadata/Projectiles/Projectile","",2,"","",[],"",100,100,0,0,"","",0,0,100,100,0,[],"",[],"","","","","","","","","","",[],[],1
777,"Metadata/Projectiles/AtlasExileEyrieIceShardBarrage2","[""Metadata/Effects/Spells/monsters_effects/AtlasExiles/Eyrie/Barrage/ice_projectils_NS/midspike.ao""]","[""loop""]","[""impact""]",2500,1,2,"","","Metadata/Projectiles/Projectile","",2,"","",[],"",100,100,0,0,"","",0,0,100,100,0,[],"",[],"","","","","","","","","","",[],[],1
778,"Metadata/Projectiles/AtlasExileEyrieIceShardBarrage3","[""Metadata/Effects/Spells/monsters_effects/AtlasExiles/Eyrie/Barrage/ice_projectils_NS/smlspike.ao""]","[""loop""]","[""impact""]",2500,1,2,"","","Metadata/Projectiles/Projectile","",2,"","",[],"",100,100,0,0,"","",0,0,100,100,0,[],"",[],"","","","","","","","","","",[],[],1
779,"Metadata/Projectiles/AtlasExileOrionCarpetMortar","[""Metadata/Effects/Spells/monsters_effects/League_Betrayal/SkeletonCannon/mortar_projectile/rig.ao""]","[""projectile""]",[],750,1,2,"","","Metadata/Projectiles/ProjectileMortar",3608,2,"","",[],"",0,0,0,0,"","",0,0,100,100,1,[],"",[],"","","","","","","","","","",[],[],1
780,"Metadata/Projectiles/AxisGeneralMortar","[""Metadata/Effects/Spells/monsters_effects/League_Betrayal/Gravicius/combo_skill/Gravicius_mortar.ao""]","[""animate""]",[],750,1,2,"","","Metadata/Projectiles/Projectile","",2,"","",[],"",0,0,0,0,"","",0,0,100,100,0,[],"",[],"","","","","","","","","","",[],[],1
781,"Metadata/Projectiles/AtlasExileCrusaderMageguardProjectile","[""Metadata/Effects/Spells/monsters_effects/AtlasExiles/CrusaderMonsters/mageguard_proj.ao""]","[""loop""]","[""impact""]",1500,"",2,"","","Metadata/Projectiles/Projectile","",2,"","",[],"",0,0,0,0,"","",0,0,100,100,0,[],"",[],"","","","","","","","","","",[],[],1
782,"Metadata/Projectiles/AtlasExileCrusaderSisterMortar","[""Metadata/Effects/Spells/monsters_effects/AtlasExiles/CrusaderMonsters/blessedsister_mortar.ao""]","[""animate""]",[],750,1,2,"","","Metadata/Projectiles/ProjectileMortar","",2,"","",[],"",0,0,0,0,"","",0,0,100,100,1,[],"",[],"","","","","","","","","","",[],[],1
783,"Metadata/Projectiles/AtlasExileCrusaderJudgeBallLightning","[""Metadata/Effects/Spells/monsters_effects/AtlasExiles/CrusaderMonsters/ball_lightning.ao""]","[""lightning_orb_once""]","[""lightning_orb_end""]",400,"",2,"","","Metadata/Projectiles/Projectile","",2,"","",[],"",0,0,0,0,"","",0,0,100,100,0,[],"",[],"","","","","","","","","","",[],[],1
784,"Metadata/Projectiles/AtlasExileCrusaderJudgeNova","[""Metadata/Effects/Spells/monsters_effects/AtlasExiles/CrusaderMonsters/templarjudge_novaproj.ao""]","[""animate""]",[],750,"",2,"","","Metadata/Projectiles/Projectile","",2,"","",[],"",0,0,0,0,"","",0,0,100,100,0,[],"",[],"","","","","","","","","","",[],[],1
785,"Metadata/Projectiles/MerveilSeaWitchMortar","[""Metadata/Effects/Spells/monsters_effects/act1/merveil/mortar/merveil_mortar.ao""]","[""once""]",[],750,1,2,"","","Metadata/Projectiles/ProjectileMortar","",2,"","",[],"",0,0,0,0,"","",0,0,100,100,1,[],"",[],"","","","","","","","","","",[],[],1
786,"Metadata/Projectiles/AtlasExileCrusaderSpectralThrow","[""Metadata/Effects/Spells/monsters_effects/AtlasExiles/CrusaderMonsters/religioustemplar_throw.ao""]","[""loop""]","[""end""]",1000,"",2,"","","Metadata/Projectiles/Projectile","",2,"","",[],"",0,0,0,0,"","",0,0,100,100,0,[],"",[],"","","","","","","","","","",[],[],1
787,"Metadata/Projectiles/AtlasExileEyrieSparkTornado","[""Metadata/Effects/Spells/monsters_effects/AtlasExiles/Eyrie/Whirl/sml_tornado/rig.ao""]","[""start""]","[""end""]",250,"",4,1,"","Metadata/Projectiles/ProjectileGround","",4,"","",[],"",0,0,0,0,"","",0,0,100,100,0,[],"",[],"","","","","","","","","","",[],[],1
788,"Metadata/Projectiles/AtlasExilesBlackguardDeceleratingProjectile","[""Metadata/Effects/Spells/monsters_effects/AtlasPreQuest/ranged_blackguard/main_projectile.ao""]","[""idle""]","[""buildup""]",1200,"",2,"","","Metadata/Projectiles/Projectile","",2,"","",[],"",0,0,0,0,"","",0,0,100,100,0,[],"",[],"","","","","","","","","","",[],[],1
789,"Metadata/Projectiles/AtlasExileBlackguardShard","[""Metadata/Effects/Spells/monsters_effects/AtlasPreQuest/ranged_blackguard/mini_projectile.ao""]","[""idle""]","[""impact""]",800,1,2,"","","Metadata/Projectiles/Projectile","",2,"","",[],"",0,0,0,0,"","",0,0,100,100,0,[],"",[],"","","","","","","","","","",[],[],1
790,"Metadata/Projectiles/PunctureArrow","[""Metadata/Effects/Spells/puncture_arrow/puncture_arrow.ao""]",[],[],3260,"",1,"",1,"Metadata/Projectiles/Projectile","",1,"","","[""Metadata/Effects/Spells/puncture_arrow/puncture_arrow_stuck.ao""]","Metadata/Effects/Spells/puncture_arrow/puncture_arrow_bounce.ao",50,80,0,20,3563,3580,0,100,100,100,0,[],"",[],"","","","","","","","","","",[],[],1
791,"Metadata/Projectiles/AtlasExileOrionCarpetProjectile","[""Metadata/Effects/Spells/monsters_effects/AtlasExiles/Orion/death_carpeting_projectile.ao""]","[""projectile_01"",""projectile_02"",""projectile_03""]","[""impact""]",3500,1,2,"","","Metadata/Projectiles/Projectile","",2,"","",[],"",0,0,0,0,"","",0,0,100,100,0,[],"",[],"","","","","","","","","","",[],[],1
792,"Metadata/Projectiles/AtlasExileBasiliskSnakeProjectile","[""Metadata/Effects/Spells/monsters_effects/AtlasExiles/Basilisk/viper_projectile/rig.ao""]","[""proj""]","[""impact""]",2500,1,3,"","","Metadata/Projectiles/Projectile","",3,"","",[],"",0,0,0,0,"","",0,0,100,100,0,[],"",[],"","","","","","","","","","",[],[],1
793,"Metadata/Projectiles/AtlasExileBasiliskSnakeProjectileInfluence","[""Metadata/Effects/Spells/monsters_effects/AtlasExiles/Basilisk/viper_projectile/rig.ao""]","[""proj""]","[""impact""]",2500,1,3,"","","Metadata/Projectiles/Projectile","",3,"","",[],"",0,0,0,0,"","",0,0,100,100,0,[],"",[],"","","","","","","","","","",[],[],1
794,"Metadata/Projectiles/BarrageWand","[""Metadata/Effects/Spells/barrage_02/barrage_wand/barrage_wand.ao""]","[""projectile_01"",""projectile_02"",""projectile_03"",""projectile_04""]","[""impact""]",3260,"",1,"","","Metadata/Projectiles/Projectile","",2,1,"",[],"",0,0,0,0,"","",0,0,100,100,0,[],"",[],"","","","","","","","","","",[],[],1
795,"Metadata/Projectiles/AtlasExileAdjudicatorRocks","[""Metadata/Effects/Spells/monsters_effects/AtlasExiles/Adjudicator/Hallway_Projectile/debris_rock_01.ao""]","[""loop""]","[""impact""]",2500,"",2,"","","Metadata/Projectiles/Projectile","",2,"","",[],"",0,0,0,0,"","",0,0,100,100,0,[],"",[],"","","","","","","","","","",[],[],1
796,"Metadata/Projectiles/AtlasExileAdjudicatorRocks2","[""Metadata/Effects/Spells/monsters_effects/AtlasExiles/Adjudicator/Hallway_Projectile/debris_rock_02.ao""]","[""loop""]","[""impact""]",2550,"",2,"","","Metadata/Projectiles/Projectile","",2,"","",[],"",0,0,0,0,"","",0,0,100,100,0,[],"",[],"","","","","","","","","","",[],[],1
797,"Metadata/Projectiles/AtlasExileAdjudicatorRocks3","[""Metadata/Effects/Spells/monsters_effects/AtlasExiles/Adjudicator/Hallway_Projectile/debris_rock_03.ao""]","[""loop""]","[""impact""]",2600,"",2,"","","Metadata/Projectiles/Projectile","",2,"","",[],"",0,0,0,0,"","",0,0,100,100,0,[],"",[],"","","","","","","","","","",[],[],1
798,"Metadata/Projectiles/AtlasExileAdjudicatorRocks4","[""Metadata/Effects/Spells/monsters_effects/AtlasExiles/Adjudicator/Hallway_Projectile/debris_rock_04.ao""]","[""loop""]","[""impact""]",2450,"",2,"","","Metadata/Projectiles/Projectile","",2,"","",[],"",0,0,0,0,"","",0,0,100,100,0,[],"",[],"","","","","","","","","","",[],[],1
799,"Metadata/Projectiles/AtlasExileAdjudicatorRocks5","[""Metadata/Effects/Spells/monsters_effects/AtlasExiles/Adjudicator/Hallway_Projectile/debris_rock_05.ao""]","[""loop""]","[""impact""]",2400,"",2,"","","Metadata/Projectiles/Projectile","",2,"","",[],"",0,0,0,0,"","",0,0,100,100,0,[],"",[],"","","","","","","","","","",[],[],1
800,"Metadata/Projectiles/AtlasExileAdjudicatorRocks6","[""Metadata/Effects/Spells/monsters_effects/AtlasExiles/Adjudicator/Hallway_Projectile/debris_rock_06.ao""]","[""loop""]","[""impact""]",2700,"",2,"","","Metadata/Projectiles/Projectile","",2,"","",[],"",0,0,0,0,"","",0,0,100,100,0,[],"",[],"","","","","","","","","","",[],[],1
801,"Metadata/Projectiles/AtlasExileAdjudicatorRocks7","[""Metadata/Effects/Spells/monsters_effects/AtlasExiles/Adjudicator/Hallway_Projectile/debris_rock_07.ao""]","[""loop""]","[""impact""]",2750,"",2,"","","Metadata/Projectiles/Projectile","",2,"","",[],"",0,0,0,0,"","",0,0,100,100,0,[],"",[],"","","","","","","","","","",[],[],1
802,"Metadata/Projectiles/AtlasExileAdjudicatorRocks8","[""Metadata/Effects/Spells/monsters_effects/AtlasExiles/Adjudicator/Hallway_Projectile/debris_rock_08.ao""]","[""loop""]","[""impact""]",2800,"",2,"","","Metadata/Projectiles/Projectile","",2,"","",[],"",0,0,0,0,"","",0,0,100,100,0,[],"",[],"","","","","","","","","","",[],[],1
803,"Metadata/Projectiles/AtlasExileAdjudicatorRocks9","[""Metadata/Effects/Spells/monsters_effects/AtlasExiles/Adjudicator/Hallway_Projectile/debris_rock_09.ao""]","[""loop""]","[""impact""]",2850,"",2,"","","Metadata/Projectiles/Projectile","",2,"","",[],"",0,0,0,0,"","",0,0,100,100,0,[],"",[],"","","","","","","","","","",[],[],1
804,"Metadata/Projectiles/AtlasExileAdjudicatorRocks10","[""Metadata/Effects/Spells/monsters_effects/AtlasExiles/Adjudicator/Hallway_Projectile/debris_rock_10.ao""]","[""loop""]","[""impact""]",2900,"",2,"","","Metadata/Projectiles/Projectile","",2,"","",[],"",0,0,0,0,"","",0,0,100,100,0,[],"",[],"","","","","","","","","","",[],[],1
805,"Metadata/Projectiles/AtlasExileAdjudicatorRocks11","[""Metadata/Effects/Spells/monsters_effects/AtlasExiles/Adjudicator/Hallway_Projectile/debris_rock_11.ao""]","[""loop""]","[""impact""]",2950,"",2,"","","Metadata/Projectiles/Projectile","",2,"","",[],"",0,0,0,0,"","",0,0,100,100,0,[],"",[],"","","","","","","","","","",[],[],1
806,"Metadata/Projectiles/AtlasExileAdjudicatorRocks12","[""Metadata/Effects/Spells/monsters_effects/AtlasExiles/Adjudicator/Hallway_Projectile/SharpRock01.ao""]","[""loop""]","[""impact""]",1900,"",2,"","","Metadata/Projectiles/Projectile","",2,"","",[],"",0,0,0,0,"","",0,0,100,100,0,[],"",[],"","","","","","","","","","",[],[],1
807,"Metadata/Projectiles/AtlasExileAdjudicatorRocks13","[""Metadata/Effects/Spells/monsters_effects/AtlasExiles/Adjudicator/Hallway_Projectile/SharpRock02.ao""]","[""loop""]","[""impact""]",2000,"",2,"","","Metadata/Projectiles/Projectile","",2,"","",[],"",0,0,0,0,"","",0,0,100,100,0,[],"",[],"","","","","","","","","","",[],[],1
808,"Metadata/Projectiles/AtlasExileAdjudicatorRocks14","[""Metadata/Effects/Spells/monsters_effects/AtlasExiles/Adjudicator/Hallway_Projectile/SharpRock03.ao""]","[""loop""]","[""impact""]",2100,"",2,"","","Metadata/Projectiles/Projectile","",2,"","",[],"",0,0,0,0,"","",0,0,100,100,0,[],"",[],"","","","","","","","","","",[],[],1
809,"Metadata/Projectiles/AtlasExileAdjudicatorRocks15","[""Metadata/Effects/Spells/monsters_effects/AtlasExiles/Adjudicator/Hallway_Projectile/SharpRock04.ao""]","[""loop""]","[""impact""]",2050,"",2,"","","Metadata/Projectiles/Projectile","",2,"","",[],"",0,0,0,0,"","",0,0,100,100,0,[],"",[],"","","","","","","","","","",[],[],1
810,"Metadata/Projectiles/AtlasExileAdjudicatorRocks16","[""Metadata/Effects/Spells/monsters_effects/AtlasExiles/Adjudicator/Hallway_Projectile/SharpRock05.ao""]","[""loop""]","[""impact""]",1950,"",2,"","","Metadata/Projectiles/Projectile","",2,"","",[],"",0,0,0,0,"","",0,0,100,100,0,[],"",[],"","","","","","","","","","",[],[],1
811,"Metadata/Projectiles/AtlasExileBasiliskShoulderSnakeMortar","[""Metadata/Effects/Spells/monsters_effects/AtlasExiles/Basilisk/small_snake_spitProjectile/rig.ao""]","[""projectile""]",[],750,1,2,"","","Metadata/Projectiles/ProjectileMortar","",2,"","",[],"",0,0,0,0,"","",0,0,100,100,1,[],"",[],"","","","","","","","","","",[],[],1
812,"Metadata/Projectiles/SnakeCausticOnImpact","[""Metadata/Effects/Spells/monsters_effects/snake_spit/rig.ao""]","[""snakespit""]","[""snakespitexplode""]",1500,1,2,"","","Metadata/Projectiles/Projectile","",2,"","",[],"",0,0,0,0,"","",0,0,100,100,0,[],"",[],"","","","","","","","","","",[],[],1
813,"Metadata/Projectiles/AtlasBasiliskSpiderMortar","[""Metadata/Effects/Spells/monsters_effects/AtlasExiles/BasiliskMonsters/spider/spiderMortar.ao""]","[""animate""]",[],750,1,2,"","","Metadata/Projectiles/ProjectileMortar","",2,"","",[],"",0,0,0,0,"","",0,0,100,100,1,[],"",[],"","","","","","","","","","",[],[],1
814,"Metadata/Projectiles/AtlasBasiliskSnakeProjectile","[""Metadata/Effects/Spells/monsters_effects/AtlasExiles/BasiliskMonsters/snake/projectile.ao""]","[""proj""]","[""impact""]",1500,"",2,"","","Metadata/Projectiles/Projectile","",2,"","",[],"",0,0,0,0,"","",0,0,100,100,0,[],"",[],"","","","","","","","","","",[],[],1
815,"Metadata/Projectiles/AtlasBasiliskSnakeTasterMortar","[""Metadata/Effects/Spells/monsters_effects/AtlasExiles/BasiliskMonsters/taster/tasterprimMortar.ao""]","[""animate""]",[],750,1,2,"","","Metadata/Projectiles/ProjectileMortar","",2,"","",[],"",0,0,0,0,"","",0,0,100,100,1,[],"",[],"","","","","","","","","","",[],[],1
816,"Metadata/Projectiles/AtlasBasiliskSnakeTasterMortarSecondary","[""Metadata/Effects/Spells/monsters_effects/AtlasExiles/BasiliskMonsters/taster/tasterSecMortar.ao""]","[""animate""]",[],1250,1,2,"","","Metadata/Projectiles/ProjectileMortar","",2,"","",[],"",0,0,0,0,"","",0,0,100,100,1,[],"",[],"","","","","","","","","","",[],[],1
817,"Metadata/Projectiles/AtlasBasiliskWyvernProjectile","[""Metadata/Effects/Spells/monsters_effects/AtlasExiles/BasiliskMonsters/wyvern/projectile.ao""]","[""proj""]","[""impact""]",1500,1,2,"","","Metadata/Projectiles/Projectile","",2,"","",[],"",0,0,0,0,"","",0,0,100,100,0,[],"",[],"","","","","","","","","","",[],[],1
818,"Metadata/Projectiles/AtlasBasiliskWyvernProjectileLarge","[""Metadata/Effects/Spells/monsters_effects/AtlasExiles/BasiliskMonsters/wyvern/projectile.ao""]","[""proj""]","[""impact""]",1500,1,2,"","","Metadata/Projectiles/Projectile","",2,"","",[],"",0,0,0,0,"","",0,0,100,100,0,[],"",[],"","","","","","","","","","",[],[],1
819,"Metadata/Projectiles/AtlasEyrieCasterProjectile","[""Metadata/Effects/Spells/monsters_effects/AtlasExiles/EyrieMonsters/ArcticCaster/default_projectile.ao""]","[""proj""]","[""impact""]",1500,"",2,"","","Metadata/Projectiles/Projectile","",2,"","",[],"",0,0,0,0,"","",0,0,100,100,0,[],"",[],"","","","","","","","","","",[],[],1
820,"Metadata/Projectiles/AtlasEyrieCasterIceSpear","[""Metadata/Effects/Spells/monsters_effects/AtlasExiles/EyrieMonsters/ArcticCaster/iceSpear.ao""]","[""frozenspear_idle""]","[""frozenspear_impact""]",175,"",2,"","","Metadata/Projectiles/Projectile",3654,2,"","",[],"",0,0,0,0,"","",0,0,100,100,0,[],"",[],"","","","","","","","","","",[],[],1
821,"Metadata/Projectiles/AtlasBasiliskBasicArrow","[""Metadata/Effects/Spells/monsters_effects/AtlasExiles/BasiliskMonsters/humanoid_ranged/default_projectile.ao""]","[""proj""]","[""impact""]",3260,"",2,"","","Metadata/Projectiles/Projectile","",2,"","",[],"",0,0,0,0,"","",0,0,100,100,0,[],"",[],"","","","","","","","","","",[],[],1
822,"Metadata/Projectiles/FuseArrowRevenant","[""Metadata/Effects/Microtransactions/Spells/explosive_arrow/revenant/basearrow.ao""]",[],[],3260,"",1,"","","Metadata/Projectiles/Projectile","",1,"","","[""Metadata/Effects/Microtransactions/Spells/explosive_arrow/revenant/arrow_base_stuck.ao""]","",100,100,0,0,3709,3713,0,0,100,100,0,[],"",[],"","","","","","","","","","",[],[],1
823,"Metadata/Projectiles/AtlasBasiliskVirulentArrowSnipe","[""Metadata/Effects/Spells/monsters_effects/AtlasExiles/BasiliskMonsters/humanoid_ranged/virulentArrow_snipe.ao""]","[""loop""]","[""end""]",4000,"",3,"","","Metadata/Projectiles/Projectile",3668,3,"","",[],"",0,0,0,0,"","",0,0,100,100,0,[],"",[],"","","","","","","","","","",[],[],1
824,"Metadata/Projectiles/AtlasEyrieArcherArrow","[""Metadata/Effects/Spells/monsters_effects/AtlasExiles/EyrieMonsters/SeraphArcher/projectile.ao""]","[""loop""]","[""impact""]",3260,"",2,"","","Metadata/Projectiles/Projectile","",2,"","",[],"",0,0,0,0,"","",0,0,100,100,0,[],"",[],"","","","","","","","","","",[],[],1
825,"Metadata/Projectiles/AtlasEyrieArcherMortar","[""Metadata/Effects/Spells/monsters_effects/AtlasExiles/EyrieMonsters/SeraphArcher/mortar.ao""]","[""animate""]",[],750,1,2,"","","Metadata/Projectiles/Projectile","",2,"","",[],"",0,0,0,0,"","",0,0,100,100,1,[],"",[],"","","","","","","","","","",[],[],1
826,"Metadata/Projectiles/AtlasEyrieArcherSnipe1","[""Metadata/Effects/Spells/monsters_effects/AtlasExiles/EyrieMonsters/SeraphArcher/snipe_projectile.ao""]","[""loop""]","[""impact""]",4000,"",3,"","","Metadata/Projectiles/Projectile",3654,3,"","",[],"",0,0,0,0,"","",0,0,100,100,0,[],"",[],"","","","","","","","","","",[],[],1
827,"Metadata/Projectiles/AtlasEyrieArcherSnipeTrickshot","[""Metadata/Effects/Spells/monsters_effects/AtlasExiles/EyrieMonsters/SeraphArcher/trickshot_snipe_projectile.ao""]","[""loop""]","[""impact""]",4000,1,3,"","","Metadata/Projectiles/Projectile",3654,3,"","",[],"",0,0,0,0,"","",0,0,100,100,0,[],"",[],"","","","","","","","","","",[],[],1
828,"Metadata/Projectiles/AtlasEyrieArcherShatterProjectile","[""Metadata/Effects/Spells/monsters_effects/AtlasExiles/EyrieMonsters/SeraphArcher/trickshot_shatterproj.ao""]","[""loop""]","[""impact""]",2500,"",2,"","","Metadata/Projectiles/Projectile","",2,"","",[],"",0,0,0,0,"","",0,0,100,100,0,[],"",[],"","","","","","","","","","",[],[],1
829,"Metadata/Projectiles/AtlasEyrieKiwethMortar","[""Metadata/Effects/Spells/monsters_effects/AtlasExiles/EyrieMonsters/Kiweth/kiwethMortar.ao""]","[""animate""]",[],750,1,2,"","","Metadata/Projectiles/ProjectileMortar","",2,"","",[],"",0,0,0,0,"","",0,0,100,100,1,[],"",[],"","","","","","","","","","",[],[],1
830,"Metadata/Projectiles/AtlasEyrieKiwethMortarShards","[""Metadata/Effects/Spells/monsters_effects/AtlasExiles/EyrieMonsters/Kiweth/projectile.ao""]","[""loop""]","[""impact""]",2000,"",2,"","","Metadata/Projectiles/Projectile","",2,"","",[],"",0,0,0,0,"","",0,0,100,100,0,[],"",[],"","","","","","","","","","",[],[],1
831,"Metadata/Projectiles/AtlasWarlordCockerelArrow","[""Metadata/Effects/Spells/monsters_effects/AtlasExiles/AdjudicatorMonsters/Cock/projectile.ao""]","[""loop""]","[""impact""]",3260,"",2,"","","Metadata/Projectiles/Projectile","",2,"","",[],"",0,0,0,0,"","",0,0,100,100,0,[],"",[],"","","","","","","","","","",[],[],1
832,"Metadata/Projectiles/AtlasWarlordGladiatorWeaponThrow","[""Metadata/Effects/Spells/monsters_effects/AtlasExiles/AdjudicatorMonsters/Gladiator/wep_mortar.ao""]","[""animate""]",[],750,1,2,"","","Metadata/Projectiles/ProjectileMortar","",2,"","",[],"",0,0,0,0,"","",0,0,100,100,1,[],"",[],"","","","","","","","","","",[],[],1
833,"Metadata/Projectiles/AtlasWarlordMasterSpear","[""Metadata/Effects/Spells/monsters_effects/AtlasExiles/AdjudicatorMonsters/Master/spearproj.ao""]","[""projectile""]","[""impact""]",2500,1,3,"","","Metadata/Projectiles/Projectile","",3,"","",[],"",0,0,0,0,"","",0,0,100,100,0,[],"",[],"","","","","","","","","","",[],[],1
834,"Metadata/Projectiles/AtlasBasiliskFlyingWyvern","[""Metadata/Effects/Spells/monsters_effects/AtlasExiles/Basilisk/wyvern_projectile/Viper.ao""]","[""basilisk_mid_01""]","[""basilisk_end_01""]",2000,1,4,"","","Metadata/Projectiles/Projectile",3695,4,"","",[],"",0,0,0,0,"","",0,0,100,100,0,[],"",[],"","","","","","","","","","",[],[],1
835,"Metadata/Projectiles/AtlasExileBasiliskDualProjectile","[""Metadata/Effects/Spells/monsters_effects/AtlasExiles/Basilisk/large_projectile/proj.ao""]","[""proj""]","[""impact""]",2500,1,3,"","","Metadata/Projectiles/Projectile","",3,"","",[],"",0,0,0,0,"","",0,0,100,100,0,[],"",[],"","","","","","","","","","",[],[],1
836,"Metadata/Projectiles/AtlasExileBasiliskDualProjectile2","[""Metadata/Effects/Spells/monsters_effects/AtlasExiles/Basilisk/large_projectile/proj.ao""]","[""proj""]","[""impact""]",2000,1,3,"","","Metadata/Projectiles/Projectile","",3,"","",[],"",0,0,0,0,"","",0,0,100,100,0,[],"",[],"","","","","","","","","","",[],[],1
837,"Metadata/Projectiles/AtlasOrionCorridorBlast","[""Metadata/Effects/Spells/monsters_effects/AtlasExiles/Orion/death_projectile/death_projectile.ao""]","[""proj""]","[""impact""]",800,"",1,"","","Metadata/Projectiles/Projectile","",4,"","",[],"",0,0,0,0,"","",0,0,100,100,0,[],"",[],"","","","","","","","","","",[],[],1
838,"Metadata/Projectiles/BarrageWandCelestial","[""Metadata/Effects/Microtransactions/Spells/barrage/celestial_02/barrage_wand.ao""]","[""projectile_01"",""projectile_02"",""projectile_03"",""projectile_04""]","[""impact""]",3260,"",1,"","","Metadata/Projectiles/Projectile","",2,1,"",[],"",0,0,0,0,"","",0,0,100,100,0,[],"",[],"","","","","","","","","","",[],[],1
839,"Metadata/Projectiles/CrossbowSnipeDemonicArcticProjectile","[""Metadata/Effects/Microtransactions/Spells/crossbow/projectile/projectile.ao""]","[""loop""]","[""impact""]",3260,"",2,"","","Metadata/Projectiles/Projectile","",2,"","",[],"",0,0,0,0,3563,"",0,0,100,100,0,[],"",[],"","","","","","","","","","",[],[],1
840,"Metadata/Projectiles/CrossbowShotgunDemonicArcticProjectile","[""Metadata/Effects/Microtransactions/Spells/shotgun_totem/cone_projectile.ao""]","[""proj1"",""proj2"",""proj3""]",[],2000,"",2,"","","Metadata/Projectiles/Projectile",3731,4,"","",[],"",0,0,0,0,3563,"",0,0,100,100,0,[],"",[],"","","","","","","","","","",[],[],1
841,"Metadata/Projectiles/ZigZagWandProjectile","[""Metadata/Effects/Spells/wand_ember_bolt/projectile.ao""]","[""projectile""]","[""end""]",2000,1,1,"","","Metadata/Projectiles/Projectile","",2,1,"",[],"",0,0,0,0,"","",0,0,100,100,0,[],"",[],"","","","","","","","","","",[],[],1
842,"Metadata/Projectiles/ZigZagSecondaryWandProjectile","[""Metadata/Effects/Spells/wand_ember_bolt/projectile.ao""]","[""fork_proj""]","[""fork_end""]",2000,"",1,"","","Metadata/Projectiles/Projectile","",2,"","",[],"",0,0,0,0,"","",0,0,100,100,0,[],"",[],"","","","","","","","","","",[],[],1
843,"Metadata/Projectiles/ZigZagWandProjectileSoulChaser","[""Metadata/Effects/Microtransactions/Spells/kinetic_bolt/soul_chaser/proj_main.ao""]","[""loop""]","[""impact_main""]",2000,1,1,"","","Metadata/Projectiles/Projectile","",2,1,"",[],"",0,0,0,0,3771,"",0,0,100,100,0,[],"",[],"","","","","","","","","","",[],[],1
844,"Metadata/Projectiles/ZigZagSecondaryWandProjectileSoulChaser","[""Metadata/Effects/Microtransactions/Spells/kinetic_bolt/soul_chaser/proj_fork.ao""]","[""once1"",""once2"",""once3""]","[""impact_fork""]",3260,"",1,"","","Metadata/Projectiles/Projectile","",2,"","",[],"",0,0,0,0,"","",0,0,100,100,0,[],"",[],"","","","","","","","","","",[],[],1
845,"Metadata/Projectiles/IceStrikeProjectileNew","[""Metadata/Effects/Spells/frost_blade/ice_shard.ao""]","[""icearrow""]",[],2250,"",2,"","","Metadata/Projectiles/Projectile","",2,"","",[],"",0,0,0,0,"","",0,0,100,100,0,[],"",[],"","","","","","","","","","",[],[],1
846,"Metadata/Projectiles/AfflictionBossFireSmall","[""Metadata/Effects/Spells/monsters_effects/League_Affliction/affliction_boss_final/spam_fire.ao""]","[""fire_01""]","[""impact""]",1000,1,2,"","","Metadata/Projectiles/Projectile","",2,"","",[],"",0,0,0,0,"","",0,0,100,100,0,[],"",[],"","","","","","","","","","",[],[],1
847,"Metadata/Projectiles/DeliriumBossFireProj","[""Metadata/Effects/Spells/monsters_effects/League_Delirium/Kosis/spam_fire.ao""]","[""fire_01""]","[""impact_01""]",1000,1,2,"","","Metadata/Projectiles/Projectile","",2,"","",[],"",0,0,0,0,"","",0,0,100,100,0,[],"",[],"","","","","","","","","","",[],[],1
848,"Metadata/Projectiles/DeliriumBossLightningProj","[""Metadata/Effects/Spells/monsters_effects/League_Delirium/Kosis/electrical_proj.ao""]","[""idle""]","[""end""]",1500,1,2,"","","Metadata/Projectiles/Projectile","",2,"","",[],"",0,0,0,0,"","",0,0,100,100,0,[],"",[],"","","","","","","","","","",[],[],1
849,"Metadata/Projectiles/SanctumGuardFireSmall","[""Metadata/Effects/Spells/monsters_effects/League_Sanctum/monsters/guards/Guard7/spam_fire.ao""]","[""fire_01""]","[""impact""]",1000,1,2,"","","Metadata/Projectiles/Projectile","",2,"","",[],"",0,0,0,0,"","",0,0,100,100,0,[],"",[],"","","","","","","","","","",[],[],1
850,"Metadata/Projectiles/AfflictionBossFireLarge","[""Metadata/Effects/Spells/monsters_effects/League_Affliction/affliction_boss_final/slash_barrage/fire_bomb.ao""]","[""fire_bomb_01""]","[""fire_bomb_impact""]",1100,1,1,"","","Metadata/Projectiles/Projectile","",4,"","",[],"",0,0,0,0,"","",0,0,100,100,0,[],"",[],"","","","","","","","","","",[],[],1
851,"Metadata/Projectiles/AfflictionBossLightningSmall","[""Metadata/Effects/Spells/monsters_effects/League_Delirium/DeliriumMonsters/Spite/lightningzap_beam.ao""]","[""idle""]","[""end""]",2500,1,2,"","","Metadata/Projectiles/Projectile",8846,2,1,"",[],"",0,0,0,0,"","",0,0,100,100,0,[],"",[],"","","","","","","","","","",[],[],1
852,"Metadata/Projectiles/AfflictionBossLightningLarge","[""Metadata/Effects/Spells/monsters_effects/generic_projectiles/projectilelightning.ao""]","[""projectile""]","[""impact""]",3260,"",2,"","","Metadata/Projectiles/Projectile","",2,"","",[],"",0,0,0,0,"","",0,0,100,100,0,[],"",[],"","","","","","","","","","",[],[],1
853,"Metadata/Projectiles/AfflictionBossSwordThrowLeft","[""Metadata/Effects/Spells/monsters_effects/League_Affliction/affliction_boss_final/slash_barrage/L_Blade_Projectile.ao""]","[""blade_01_proj""]","[""blade_proj_impacts""]",1850,1,3,"","","Metadata/Projectiles/Projectile","",3,"","",[],"",0,0,0,0,"","",0,0,100,100,0,[],"",[],"","","","","","","","","","",[],[],1
854,"Metadata/Projectiles/AfflictionBossSwordThrowRight","[""Metadata/Effects/Spells/monsters_effects/League_Affliction/affliction_boss_final/slash_barrage/R_Blade_Projectile.ao""]","[""blade_02_proj""]","[""blade_proj_impacts""]",1600,1,3,"","","Metadata/Projectiles/Projectile","",3,"","",[],"",0,0,0,0,"","",0,0,100,100,0,[],"",[],"","","","","","","","","","",[],[],1
855,"Metadata/Projectiles/AfflictionDemonColdSpear","[""Metadata/Effects/Spells/monsters_effects/League_Delirium/Demons/IceSpear/iceSpear.ao""]","[""loop""]","[""end""]",3000,1,2,"","","Metadata/Projectiles/Projectile","",2,"","",[],"",0,0,0,0,"","",0,0,100,100,0,[],"",[],"","","","","","","","","","",[],[],1
856,"Metadata/Projectiles/AfflictionDemonColdSpearGroundTarget","[""Metadata/Effects/Spells/monsters_effects/League_Affliction/affliction_demon_ice/spearProjectile.ao""]","[""proj""]","[""end""]",3000,1,2,"","","Metadata/Projectiles/Projectile","",2,"","",[],"",0,0,0,0,"","",0,0,100,100,0,[],"",[],"","","","","","","","","","",[],[],1
857,"Metadata/Projectiles/AfflictionDemonPhysWeaponToss","[""Metadata/Effects/Spells/monsters_effects/League_Affliction/affliction_demon_phys/weapon_toss/wep_mortar.ao""]","[""animate""]",[],2000,1,2,"","","Metadata/Projectiles/ProjectileMortar","",2,"","",[],"",0,0,0,0,"","",0,0,100,100,1,[],"",[],"","","","","","","","","","",[],[],1
858,"Metadata/Projectiles/AfflictionSoulMortar","[""Metadata/Effects/Spells/monsters_effects/League_Affliction/affliction_mods/soul_geyser.ao""]","[""mortar_04"",""mortar_01"",""mortar_02""]",[],750,1,2,"","","Metadata/Projectiles/Projectile","",2,"","",[],"",0,0,0,0,"","",0,0,100,100,2,[],"",[],"","","","","","","","","","",[],[],1
859,"Metadata/Projectiles/ArcticBreathGrenade","[""Metadata/Effects/Spells/arctic_breath_02/projectile/arctic_proj.ao""]","[""once""]","[""impact""]",2000,1,2,"","","Metadata/Projectiles/Projectile","",2,"","",[],"",0,0,0,0,"","",0,0,100,100,0,[],"",[],"","","","","","","","","","",[],[],1
860,"Metadata/Projectiles/AfflictionLightningFlailProjectile","[""Metadata/Effects/Spells/monsters_effects/League_Delirium/Demons/LightningElectricFlail/electrical_proj.ao""]","[""idle""]","[""end""]",750,1,2,"","","Metadata/Projectiles/ProjectileMortar",3795,2,"","",[],"",0,0,0,0,"","",0,0,100,100,4,[],"",[],"","","","","","","","","","",[],[],1
861,"Metadata/Projectiles/AfflictionBossPhysSprayMortar","[""Metadata/Effects/Spells/monsters_effects/League_Affliction/affliction_phys_boss/vomitMortar.ao""]","[""once""]",[],550,1,2,"","","Metadata/Projectiles/ProjectileMortar","",2,"","",[],"",0,0,0,0,"","",0,0,100,100,1,[],"",[],"","","","","","","","","","",[],[],1
862,"Metadata/Projectiles/AfflictionBossLightningGigaBall","[""Metadata/Effects/Spells/monsters_effects/League_Affliction/affliction_demon_lightning/giga_ball_lightning.ao""]","[""projectile""]",[],300,"",2,"","","Metadata/Projectiles/Projectile","",2,"","",[],"",0,0,0,0,"","",0,0,100,100,0,[],"",[],"","","","","","","","","","",[],[],1
863,"Metadata/Projectiles/EtherealKnivesProjectile","[""Metadata/Effects/Spells/bladeburst/ethereal_knife_proj.ao""]","[""once_fade""]","[""end""]",2800,"",2,"","","Metadata/Projectiles/Projectile","",2,"","",[],"",0,0,0,0,"","",0,0,100,100,1,[],"",[],"","","","","","","","","","",[],[],1
864,"Metadata/Projectiles/EtherealKnivesProjectileSawBlade","[""Metadata/Effects/Microtransactions/Spells/ethereal_knives_saw/ethereal_knife_proj.ao"",""Metadata/Effects/Microtransactions/Spells/ethereal_knives_saw/ethereal_knife_proj2.ao"",""Metadata/Effects/Microtransactions/Spells/ethereal_knives_saw/ethereal_knife_proj3.ao"",""Metadata/Effects/Microtransactions/Spells/ethereal_knives_saw/ethereal_knife_proj4.ao""]","[""once_fade""]","[""end""]",2800,"",2,"","","Metadata/Projectiles/Projectile","",2,"","",[],"",0,0,0,0,"","",0,0,100,100,1,[],"",[],"","","","","","","","","","",[],[],1
865,"Metadata/Projectiles/AfflictionDemonColdIceSpike","[""Metadata/Effects/Spells/monsters_effects/League_Affliction/affliction_demon_ice/iceSpike.ao""]","[""projectile_loop""]","[""projectile_end""]",2500,"",2,"","","Metadata/Projectiles/Projectile","",2,"","",[],"",0,0,0,0,"","",0,0,100,100,0,[],"",[],"","","","","","","","","","",[],[],1
866,"Metadata/Projectiles/AfflictionDaemonCorpseConsumeProjectile","[""Metadata/Effects/Spells/monsters_effects/League_Affliction/affliction_mods/corpse_proj.ao""]","[""loop""]","[""end""]",1500,1,2,"","","Metadata/Projectiles/Projectile","",2,"","",[],"",0,0,0,0,"","",0,0,100,100,0,[],"",[],"","","","","","","","","","",[],[],1
867,"Metadata/Projectiles/AfflictionMinionDeceleratingProjectile","[""Metadata/Effects/Spells/monsters_effects/League_Delirium/DeliriumMonsters/Spite/deceleratingLightningBall.ao""]","[""idle""]","[""end""]",1000,1,3,"","","Metadata/Projectiles/Projectile","",3,"","",[],"",0,0,0,0,"","",0,0,100,100,0,[],"",[],"","","","","","","","","","",[],[],1
868,"Metadata/Projectiles/AfflictionMinionDeathSpike","[""Metadata/Effects/Spells/monsters_effects/League_Affliction/affliction_manifests/sanic/explode_spikes.ao""]","[""projectile_01""]","[""impact_01""]",750,1,2,"","","Metadata/Projectiles/ProjectileMortar","",2,"","","[""Metadata/Effects/Spells/monsters_effects/League_Affliction/affliction_manifests/sanic/explode_spikes_stuck.ao""]","",0,100,0,0,"","",0,0,100,150,1,[],"",[],"","","","","","","","","","",[],[],1
869,"Metadata/Projectiles/AfflictionMinionVomitChunk","[""Metadata/Effects/Spells/monsters_effects/League_Delirium/DeliriumMonsters/Disgust/projectile.ao""]","[""idle""]","[""explode""]",750,1,2,"","","Metadata/Projectiles/Projectile","",2,1,"",[],"",0,0,0,0,"","",0,0,100,100,1,[],"",[],"","","","","","","","","","",[],[],1
870,"Metadata/Projectiles/AfflictionBossLightningGigaBallGT","[""Metadata/Effects/Spells/monsters_effects/League_Affliction/affliction_demon_lightning/giga_ball_lightning.ao""]","[""projectile""]","[""impact""]",2000,1,2,"","","Metadata/Projectiles/ProjectileMortar","",2,"","",[],"",0,0,0,0,"","",0,0,100,100,0,[],"",[],"","","","","","","","","","",[],[],1
871,"Metadata/Projectiles/AfflictionCorpseMortar","[""Metadata/Effects/Spells/monsters_effects/League_Affliction/affliction_mods/soul_geyser.ao""]","[""mortar_08""]","[""mortar_impact""]",2000,1,2,"","","Metadata/Projectiles/Projectile","",2,"","",[],"",0,0,0,0,"","",0,0,100,100,2,[],"",[],"","","","","","","","","","",[],[],1
872,"Metadata/Projectiles/HeraldOfAgonyMinionMortarDragonHunter","[""Metadata/Effects/Microtransactions/Spells/heralds/DragonHunter/spider_mortar.ao""]","[""projectile""]",[],500,1,2,"","","Metadata/Projectiles/Projectile","",2,"","",[],"",0,0,0,0,"","",0,0,100,100,1,[],"",[],"","","","","","","","","","",[],[],1
873,"Metadata/Projectiles/HeraldOfAgonyMinionSpineDragonHunter","[""Metadata/Effects/Microtransactions/Spells/heralds/DragonHunter/spider_projectile.ao""]","[""projectile""]","[""impact""]",2500,"",2,"","","Metadata/Projectiles/Projectile","",2,"","",[],"",0,0,0,0,"","",0,0,100,100,0,[],"",[],"","","","","","","","","","",[],[],1
874,"Metadata/Projectiles/AfflictionFlamenado","[""Metadata/Effects/Spells/monsters_effects/League_Affliction/affliction_demon_fire/new_tornado.ao""]","[""start""]","[""end""]",700,"",4,1,"","Metadata/Projectiles/ProjectileGround","",4,"","",[],"",0,0,0,0,"","",0,0,100,100,0,[],"",[],"","","","","","","","","","",[],[],1
875,"Metadata/Projectiles/SanctumFlamenado","[""Metadata/Effects/Spells/monsters_effects/League_Sanctum/monsters/guards/Guard7/new_tornado.ao""]","[""start""]","[""end""]",700,"",4,1,"","Metadata/Projectiles/ProjectileGround","",4,"","",[],"",0,0,0,0,"","",0,0,100,100,0,[],"",[],"","","","","","","","","","",[],[],1
876,"Metadata/Projectiles/EtherealKnivesProjectileStar","[""Metadata/Effects/Microtransactions/Spells/ninja_shotgun/stars/proj_new.ao""]","[""once_fade""]","[""end""]",2800,"",2,"","","Metadata/Projectiles/Projectile","",2,"","",[],"",0,0,0,0,"","",0,0,100,100,1,[],"",[],"","","","","","","","","","",[],[],1
877,"Metadata/Projectiles/EtherealKnivesProjectileBlack","[""Metadata/Effects/Spells/bladeburst/black/black_knife_proj.ao""]","[""once_fade""]","[""end""]",2800,"",2,"","","Metadata/Projectiles/Projectile","",2,"","",[],"",0,0,0,0,"","",0,0,100,100,1,[],"",[],"","","","","","","","","","",[],[],1
878,"Metadata/Projectiles/EtherealKnivesProjectileIllusionist","[""Metadata/Effects/Microtransactions/Spells/ethereal_knives_glass/ethereal_knife_proj.ao""]","[""once_fade""]","[""end""]",2800,"",2,"","","Metadata/Projectiles/Projectile","",2,"","",[],"",0,0,0,0,"","",0,0,100,100,1,[],"",[],"","","","","","","","","","",[],[],1
879,"Metadata/Projectiles/ChannelledSnipeDefaultProjectile","[""Metadata/Effects/Spells/bow_snipe/projectile_01.ao""]",[],[],3260,"",1,"","","Metadata/Projectiles/Projectile","",1,"","","[""Metadata/Effects/Spells/snipe/arrow_base_stuck.ao""]","Metadata/Effects/Spells/snipe/arrow_base_bounce.ao",50,80,0,20,8338,"",0,100,100,100,0,[],"",[],"","","","","","","","","","",[],[],1
880,"Metadata/Projectiles/HeraldOfAgonyMinionMortarStygian","[""Metadata/Effects/Microtransactions/Spells/heralds/Stygian/spider_mortar.ao""]","[""animate""]",[],500,1,2,"","","Metadata/Projectiles/Projectile","",2,"","",[],"",0,0,0,0,"","",0,0,100,100,1,[],"",[],"","","","","","","","","","",[],[],1
881,"Metadata/Projectiles/HeraldOfAgonyMinionSpineStygian","[""Metadata/Effects/Microtransactions/Spells/heralds/Stygian/spider_projectile.ao""]","[""projectile""]","[""impact""]",2500,"",2,"","","Metadata/Projectiles/Projectile","",2,"","",[],"",0,0,0,0,"","",0,0,100,100,0,[],"",[],"","","","","","","","","","",[],[],1
882,"Metadata/Projectiles/CelestialPowerSiphonProjectile","[""Metadata/Effects/Spells/power_siphon/projectile/celestial/power_siphon_projectile.ao""]","[""projectile_loop""]","[""projectile_hit""]",3260,"",1,"","","Metadata/Projectiles/Projectile","",2,"","",[],"",0,0,0,0,3573,"",0,0,100,100,0,[],"",[],"","","","","","","","","","",[],[],1
883,"Metadata/Projectiles/ScientistSiphon","[""Metadata/Effects/Microtransactions/Spells/siphon_scientist/ao/proj.ao""]","[""loop""]","[""impact""]",750,"",2,"","","Metadata/Projectiles/Projectile","",2,"","",[],"",0,0,0,0,"","",0,0,100,100,0,[],"",[],"","","","","","","","","","",[],[],1
884,"Metadata/Projectiles/ProjectSiphon","[""Metadata/Effects/Microtransactions/Spells/siphon_project/ao/proj.ao""]","[""loop""]","[""impact""]",750,"",2,"","","Metadata/Projectiles/Projectile","",2,"","",[],"",0,0,0,0,"","",0,0,100,100,0,[],"",[],"","","","","","","","","","",[],[],1
885,"Metadata/Projectiles/HeraldOfAgonyMinionMortarGlimmerwood","[""Metadata/Effects/Microtransactions/Spells/heralds/glimmerwood/spider_mortar.ao""]","[""animate""]",[],500,1,2,"","","Metadata/Projectiles/Projectile","",2,"","",[],"",0,0,0,0,"","",0,0,100,100,1,[],"",[],"","","","","","","","","","",[],[],1
886,"Metadata/Projectiles/HeraldOfAgonyMinionSpineGlimmerwood","[""Metadata/Effects/Microtransactions/Spells/heralds/glimmerwood/spider_projectile.ao""]","[""projectile""]","[""impact""]",2500,"",2,"","","Metadata/Projectiles/Projectile","",2,"","",[],"",0,0,0,0,"","",0,0,100,100,0,[],"",[],"","","","","","","","","","",[],[],1
887,"Metadata/Projectiles/HarvestRegurgitatorMortar","[""Metadata/Effects/Spells/monsters_effects/LeagueHarvest/harvest_monsters/bulb/Regurgitator/mortar.ao""]","[""animate""]",[],750,1,2,"","","Metadata/Projectiles/ProjectileMortar","",2,"","",[],"",0,0,0,0,"","",0,0,100,100,1,[],"",[],"","","","","","","","","","",[],[],1
888,"Metadata/Projectiles/HarvestGrubProjectile","[""Metadata/Effects/Spells/monsters_effects/LeagueHarvest/harvest_monsters/scale/Grub/GrubMortar.ao""]","[""animate""]",[],1250,1,2,"","","Metadata/Projectiles/ProjectileMortar","",2,"","",[],"",0,0,0,0,"","",0,0,100,100,1,[],"",[],"","","","","","","","","","",[],[],1
889,"Metadata/Projectiles/HarvestParasiteSpit","[""Metadata/Effects/Spells/monsters_effects/LeagueHarvest/harvest_monsters/scale/Parasite/proj.ao""]","[""proj""]","[""end""]",700,"",2,"","","Metadata/Projectiles/Projectile","",2,"","",[],"",0,0,0,0,"","",0,0,100,100,0,[],"",[],"","","","","","","","","","",[],[],1
890,"Metadata/Projectiles/HarvestSpiderWebProjectile","[""Metadata/Effects/Spells/monsters_effects/LeagueHarvest/harvest_monsters/scale/PlagueSpider/webmortar.ao""]","[""animate""]",[],1600,1,2,"","","Metadata/Projectiles/ProjectileMortar","",2,"","",[],"",0,0,0,0,"","",0,0,100,100,1,[],"",[],"","","","","","","","","","",[],[],1
891,"Metadata/Projectiles/HarvestBlackStriderMortar","[""Metadata/Effects/Spells/monsters_effects/LeagueHarvest/harvest_monsters/scale/BlackStrider/Mortar_01.ao""]","[""mortar_01""]",[],1500,1,2,"","","Metadata/Projectiles/Projectile","",2,"","",[],"",0,0,0,0,"","",0,0,100,100,1,[],"",[],"","","","","","","","","","",[],[],1
892,"Metadata/Projectiles/HarvestBlackStriderMassMortar","[""Metadata/Effects/Spells/monsters_effects/LeagueHarvest/harvest_monsters/scale/BlackStrider/spray_mortar_01.ao"",""Metadata/Effects/Spells/monsters_effects/LeagueHarvest/harvest_monsters/scale/BlackStrider/spray_mortar_02.ao"",""Metadata/Effects/Spells/monsters_effects/LeagueHarvest/harvest_monsters/scale/BlackStrider/spray_mortar_03.ao"",""Metadata/Effects/Spells/monsters_effects/LeagueHarvest/harvest_monsters/scale/BlackStrider/spray_mortar_04.ao""]","[""animate""]",[],1200,1,2,"","","Metadata/Projectiles/Projectile","",2,"","",[],"",0,0,0,0,"","",0,0,100,100,2,[],"",[],"","","","","","","","","","",[],[],1
893,"Metadata/Projectiles/HarvestRhexTailBolt","[""Metadata/Effects/Spells/monsters_effects/LeagueHarvest/harvest_monsters/bulb/Rhex/projectile.ao""]","[""proj""]","[""impact""]",3200,"",2,"","","Metadata/Projectiles/Projectile","",2,"","",[],"",0,0,0,0,"","",0,0,100,100,0,[],"",[],"","","","","","","","","","",[],[],1
894,"Metadata/Projectiles/HarvestMinerLanternProjectile","[""Metadata/Effects/Spells/monsters_effects/LeagueHarvest/harvest_monsters/bulb/Miner/MinerProjectile.ao""]","[""proj""]","[""impact""]",1200,"",2,"","","Metadata/Projectiles/Projectile","",2,"","",[],"",0,0,0,0,"","",0,0,100,100,0,[],"",[],"","","","","","","","","","",[],[],1
895,"Metadata/Projectiles/HarvestMinerLanternMortar","[""Metadata/Effects/Spells/monsters_effects/LeagueHarvest/harvest_monsters/bulb/Miner/SporeMortar.ao"",""Metadata/Effects/Spells/monsters_effects/LeagueHarvest/harvest_monsters/bulb/Miner/SporeMortar_01.ao"",""Metadata/Effects/Spells/monsters_effects/LeagueHarvest/harvest_monsters/bulb/Miner/SporeMortar_02.ao""]","[""animate""]",[],750,1,2,"","","Metadata/Projectiles/ProjectileMortar","",2,"","",[],"",0,0,0,0,"","",0,0,100,100,1,[],"",[],"","","","","","","","","","",[],[],1
896,"Metadata/Projectiles/HarvestMonkeyBombMortar","[""Metadata/Effects/Spells/monsters_effects/LeagueHarvest/harvest_monsters/thorn/Monkey/monkeyMortar.ao""]","[""mortar""]",[],750,1,2,"","","Metadata/Projectiles/ProjectileMortar","",2,"","",[],"",0,0,0,0,"","",0,0,100,100,1,[],"",[],"","","","","","","","","","",[],[],1
897,"Metadata/Projectiles/CurseNovaFirePlayer","[""Metadata/Effects/Microtransactions/Misc/uniques/Geofri/Geofri_fire_projectile.ao""]","[""loop""]","[""impact""]",600,"",2,"","","Metadata/Projectiles/Projectile",4273,2,"","",[],"",0,0,0,0,"","",0,0,100,100,0,[],"",[],"","","","","","","","","","",[],[],1
898,"Metadata/Projectiles/CurseNovaColdPlayer","[""Metadata/Effects/Microtransactions/Misc/uniques/Geofri/Geofri_ice_projectile.ao""]","[""loop""]","[""impact""]",600,"",2,"","","Metadata/Projectiles/Projectile",4274,2,"","",[],"",0,0,0,0,"","",0,0,100,100,0,[],"",[],"","","","","","","","","","",[],[],1
899,"Metadata/Projectiles/CurseNovaLightningPlayer","[""Metadata/Effects/Microtransactions/Misc/uniques/Geofri/Geofri_lightning_projectile.ao""]","[""loop""]","[""impact""]",600,"",2,"","","Metadata/Projectiles/Projectile",4275,2,"","",[],"",0,0,0,0,"","",0,0,100,100,0,[],"",[],"","","","","","","","","","",[],[],1
900,"Metadata/Projectiles/HarvestSpikerSpikeProjectile","[""Metadata/Effects/Spells/monsters_effects/LeagueHarvest/harvest_monsters/thorn/Spiker/spiker_projectile.ao""]","[""proj""]","[""impact""]",1500,1,2,"","","Metadata/Projectiles/ProjectileMortar","",2,"","","[""Metadata/Effects/Spells/monsters_effects/LeagueHarvest/harvest_monsters/thorn/Spiker/spiker_projectile_stuck.ao""]","",0,100,0,0,"","",0,0,80,120,1,[],"",[],"","","","","","","","","","",[],[],1
901,"Metadata/Projectiles/RiverBossWaterMortar","[""Metadata/Effects/Spells/monsters_effects/AtlasExiles/EyrieMonsters/Kiweth/kiwethMortar.ao""]","[""animate""]",[],750,1,2,"","","Metadata/Projectiles/ProjectileMortar","",2,"","",[],"",0,0,0,0,"","",0,0,100,100,1,[],"",[],"","","","","","","","","","",[],[],1
902,"Metadata/Projectiles/RiverBossSplash","[""Metadata/Effects/Spells/freezing_pulse/rig.ao""]","[""freezing_tide""]","[""freezing_tide_end""]",500,"",2,"","","Metadata/Projectiles/Projectile","",4,"","",[],"",0,0,0,0,"","",0,0,100,100,0,[],"",[],"","","","","","","","","","",[],[],1
903,"Metadata/Projectiles/RiverBossWaterJet","[""Metadata/Effects/Spells/freezing_pulse/rig.ao""]","[""freezing_tide""]","[""freezing_tide_end""]",4000,"",2,"","","Metadata/Projectiles/Projectile","",4,"","",[],"",0,0,0,0,"","",0,0,100,100,0,[],"",[],"","","","","","","","","","",[],[],1
904,"Metadata/Projectiles/HarvestParasiteSpitTriple","[""Metadata/Effects/Spells/monsters_effects/LeagueHarvest/harvest_monsters/scale/Parasite/proj_caustic.ao""]","[""proj""]","[""end""]",700,"",2,"","","Metadata/Projectiles/Projectile","",2,"","",[],"",0,0,0,0,"","",0,0,100,100,0,[],"",[],"","","","","","","","","","",[],[],1
905,"Metadata/Projectiles/HarvestChieftainVolatileProjectile","[""Metadata/Effects/Spells/monsters_effects/LeagueHarvest/harvest_monsters/thorn/Chieftain/mortar.ao""]","[""animate""]",[],1500,1,2,"","","Metadata/Projectiles/ProjectileMortar","",2,"","",[],"",0,0,0,0,"","",0,0,100,100,1,[],"",[],"","","","","","","","","","",[],[],1
906,"Metadata/Projectiles/HarvestSandspitterProjectile","[""Metadata/Effects/Spells/monsters_effects/LeagueHarvest/harvest_monsters/bulb/Sandspitter/rig.ao""]","[""proj""]","[""end""]",1170,"",2,"","","Metadata/Projectiles/Projectile","",2,"","",[],"",0,0,0,0,"","",0,0,100,100,0,[],"",[],"","","","","","","","","","",[],[],1
907,"Metadata/Projectiles/HarvestIguanaProjectile","[""Metadata/Effects/Spells/monsters_effects/LeagueHarvest/harvest_monsters/bulb/Iguana/projectile.ao""]","[""proj""]","[""impact""]",1500,"",2,"","","Metadata/Projectiles/Projectile","",2,"","",[],"",0,0,0,0,"","",0,0,100,100,0,[],"",[],"","","","","","","","","","",[],[],1
908,"Metadata/Projectiles/HarvestDevourerSnakeProjectile","[""Metadata/Effects/Spells/monsters_effects/LeagueHarvest/harvest_monsters/bulb/Viper/projectile.ao""]","[""proj""]","[""impact""]",1000,1,2,"","","Metadata/Projectiles/Projectile","",2,"","",[],"",0,0,0,0,"","",0,0,100,100,0,[],"",[],"","","","","","","","","","",[],[],1
909,"Metadata/Projectiles/HarvestGoatmanProjectile","[""Metadata/Effects/Spells/monsters_effects/LeagueHarvest/harvest_monsters/bulb/Goatman/projectile.ao""]","[""proj""]","[""end""]",1200,"",2,"","","Metadata/Projectiles/Projectile","",2,"","",[],"",0,0,0,0,"","",0,0,100,100,0,[],"",[],"","","","","","","","","","",[],[],1
910,"Metadata/Projectiles/HarvestChieftainMoltenStrikeChunk","[""Metadata/Effects/Spells/monsters_effects/LeagueHarvest/harvest_monsters/thorn/Chieftain/moltenchunk.ao""]","[""animate""]",[],750,1,2,"","","Metadata/Projectiles/Projectile","",2,"","",[],"",0,0,0,0,"","",0,0,100,100,0,[],"",[],"","","","","","","","","","",[],[],1
911,"Metadata/Projectiles/HarvestMeleeSpiderSnipe","[""Metadata/Effects/Spells/monsters_effects/LeagueHarvest/harvest_monsters/scale/MeleeSpider/snipe.ao""]","[""proj""]","[""end""]",2500,"",2,"","","Metadata/Projectiles/Projectile","",2,"","",[],"",0,0,0,0,"","",0,0,100,100,0,[],"",[],"","","","","","","","","","",[],[],1
912,"Metadata/Projectiles/HarvestSquidBallLightning","[""Metadata/Effects/Spells/monsters_effects/LeagueHarvest/harvest_monsters/scale/Squid/rig.ao""]","[""idle""]","[""death""]",600,"",2,"","","Metadata/Projectiles/Projectile","",2,"","",[],"",0,0,0,0,"","",0,0,100,100,0,[],"",[],"","","","","","","","","","",[],[],1
913,"Metadata/Projectiles/HarvestSandspitterMortarProjectile","[""Metadata/Effects/Spells/monsters_effects/LeagueHarvest/harvest_monsters/bulb/Sandspitter/mortar.ao""]","[""proj""]","[""end""]",1170,1,2,"","","Metadata/Projectiles/ProjectileMortar","",2,"","",[],"",0,0,0,0,"","",0,0,100,100,2,[],"",[],"","","","","","","","","","",[],[],1
914,"Metadata/Projectiles/SandspitterMortarProjectile","[""Metadata/Effects/Spells/monsters_effects/sandspitter_elemental/mortar/physical.ao""]","[""proj""]","[""end""]",1170,1,2,"","","Metadata/Projectiles/ProjectileMortar","",2,"","",[],"",0,0,0,0,"","",0,0,100,100,2,[],"",[],"","","","","","","","","","",[],[],1
915,"Metadata/Projectiles/SandspitterMortarProjectileFire","[""Metadata/Effects/Spells/monsters_effects/sandspitter_elemental/mortar/fire.ao""]","[""proj""]","[""end""]",1170,1,2,"","","Metadata/Projectiles/ProjectileMortar","",2,"","",[],"",0,0,0,0,"","",0,0,100,100,2,[],"",[],"","","","","","","","","","",[],[],1
916,"Metadata/Projectiles/SandspitterMortarProjectileCold","[""Metadata/Effects/Spells/monsters_effects/sandspitter_elemental/mortar/ice.ao""]","[""proj""]","[""end""]",1170,1,2,"","","Metadata/Projectiles/ProjectileMortar","",2,"","",[],"",0,0,0,0,"","",0,0,100,100,2,[],"",[],"","","","","","","","","","",[],[],1
917,"Metadata/Projectiles/SandspitterMortarProjectileLightning","[""Metadata/Effects/Spells/monsters_effects/sandspitter_elemental/mortar/lightning.ao""]","[""proj""]","[""end""]",1170,1,2,"","","Metadata/Projectiles/ProjectileMortar","",2,"","",[],"",0,0,0,0,"","",0,0,100,100,2,[],"",[],"","","","","","","","","","",[],[],1
918,"Metadata/Projectiles/SandspitterMortarProjectileChaos","[""Metadata/Effects/Spells/monsters_effects/sandspitter_elemental/mortar/chaos.ao""]","[""proj""]","[""end""]",1170,1,2,"","","Metadata/Projectiles/ProjectileMortar","",2,"","",[],"",0,0,0,0,"","",0,0,100,100,2,[],"",[],"","","","","","","","","","",[],[],1
919,"Metadata/Projectiles/MoltenStrikeChunkCelestial","[""Metadata/Effects/Microtransactions/Spells/molten_strike/celestial/chunks.ao""]","[""projectile""]",[],750,"",2,"","","Metadata/Projectiles/Projectile","",2,"","",[],"",0,0,0,0,"","",0,0,100,100,0,[],"",[],"","","","","","","","","","",[],[],1
920,"Metadata/Projectiles/HarvestShieldCrabWaterMortar","[""Metadata/Effects/Spells/monsters_effects/LeagueHarvest/harvest_monsters/bulb/ShieldCrab/water_mortar.ao""]","[""proj""]","[""end""]",700,1,2,"","","Metadata/Projectiles/ProjectileMortar","",2,"","",[],"",0,0,0,0,"","",0,0,100,100,2,[],"",[],"","","","","","","","","","",[],[],1
921,"Metadata/Projectiles/HarvestInsectSpawnerSporeBarrageMortar","[""Metadata/Effects/Spells/monsters_effects/LeagueHarvest/harvest_monsters/thorn/InsectSpawner/Mortar.ao""]","[""once""]",[],750,1,2,"","","Metadata/Projectiles/ProjectileMortar","",2,"","",[],"",0,0,0,0,"","",0,0,100,100,1,[],"",[],"","","","","","","","","","",[],[],1
922,"Metadata/Projectiles/HarvestOshabiBasicProjectileOrange","[""Metadata/Effects/Spells/monsters_effects/LeagueHarvest/harvest_boss/final/anger_spam.ao""]","[""projectile""]","[""impact""]",1200,"",2,"","","Metadata/Projectiles/Projectile","",2,"","",[],"",0,0,0,0,"","",0,0,100,100,0,[],"",[],"","","","","","","","","","",[],[],1
923,"Metadata/Projectiles/HarvestOshabiBasicProjectileRed","[""Metadata/Effects/Spells/monsters_effects/LeagueHarvest/harvest_boss/final/thorn_spam.ao""]","[""projectile""]","[""impact""]",1200,"",2,"","","Metadata/Projectiles/Projectile","",2,"","",[],"",0,0,0,0,"","",0,0,100,100,0,[],"",[],"","","","","","","","","","",[],[],1
924,"Metadata/Projectiles/HarvestOshabiBasicProjectileBlue","[""Metadata/Effects/Spells/monsters_effects/LeagueHarvest/harvest_boss/final/bulb_spam.ao""]","[""projectile""]","[""impact""]",1200,"",2,"","","Metadata/Projectiles/Projectile","",2,"","",[],"",0,0,0,0,"","",0,0,100,100,0,[],"",[],"","","","","","","","","","",[],[],1
925,"Metadata/Projectiles/HarvestOshabiBasicProjectileGreen","[""Metadata/Effects/Spells/monsters_effects/LeagueHarvest/harvest_boss/final/scale_spam.ao""]","[""projectile""]","[""impact""]",1200,"",2,"","","Metadata/Projectiles/Projectile","",2,"","",[],"",0,0,0,0,"","",0,0,100,100,0,[],"",[],"","","","","","","","","","",[],[],1
926,"Metadata/Projectiles/HarvestOshabiNotFrozenOrb","[""Metadata/Effects/Spells/monsters_effects/LeagueHarvest/harvest_boss/final/thorn_ultimate/thornzen_orb.ao""]","[""main_projectile""]","[""main_impact""]",300,1,2,"","","Metadata/Projectiles/Projectile","",2,"","",[],"",0,0,0,0,"","",0,0,100,100,0,[],"",[],"","","","","","","","","","",[],[],1
927,"Metadata/Projectiles/HarvestOshabiNotFrozenOrbShard","[""Metadata/Effects/Spells/monsters_effects/LeagueHarvest/harvest_boss/final/thorn_ultimate/spikeProj.ao""]",[],[],1400,"",2,"","","Metadata/Projectiles/Projectile","",2,"","",[],"",0,0,0,0,"","",0,0,100,100,0,[],"",[],"","","","","","","","","","",[],[],1
928,"Metadata/Projectiles/HarvestHellionDeathSpark","[""Metadata/Effects/Spells/monsters_effects/SpiderPlated/fire_spark.ao""]","[""spark_surge""]","[""spark_explode""]",560,1,1,1,"","Metadata/Projectiles/ProjectileGround","",2,"","",[],"",0,0,0,0,"","",0,0,100,100,0,[],"",[],"","","","","","","","","","",[],[],1
929,"Metadata/Projectiles/LavaTentacleSquidProjectile","[""Metadata/Effects/Spells/monsters_effects/skeletonmage_projectile/fire_2.ao""]","[""idle""]","[""explode""]",750,"",2,"","","Metadata/Projectiles/Projectile","",2,"","",[],"",0,0,0,0,"","",0,0,100,100,0,[],"",[],"","","","","","","","","","",[],[],1
930,"Metadata/Projectiles/HeistLockpickerDaggerToss","[""Metadata/Effects/Spells/monsters_effects/League_Betrayal/Aislin/dagger_throw/dagger_throw.ao""]","[""projectile""]","[""impact""]",2000,"",2,"","","Metadata/Projectiles/Projectile","",2,"","",[],"",0,0,0,0,"","",0,0,100,100,0,[],"",[],"","","","","","","","","","",[],[],1
931,"Metadata/Projectiles/HeistTemplarRangedProjectile","[""Metadata/Effects/Spells/monsters_effects/League_Heist/military/bow_monster/projectile.ao""]","[""loop""]","[""end""]",2500,"",2,"","","Metadata/Projectiles/Projectile","",2,"","",[],"",0,0,0,0,"","",0,0,100,100,0,[],"",[],"","","","","","","","","","",[],[],1
932,"Metadata/Projectiles/HeistTemplarRangedSnipe","[""Metadata/Effects/Spells/monsters_effects/League_Heist/military/bow_monster/snipe.ao""]","[""loop""]","[""end""]",3000,"",2,"","","Metadata/Projectiles/Projectile","",2,"","",[],"",0,0,0,0,"","",0,0,100,100,0,[],"",[],"","","","","","","","","","",[],[],1
933,"Metadata/Projectiles/HeistTemplarCasterProjectileLightning","[""Metadata/Effects/Spells/monsters_effects/League_Heist/military/caster/projectile/rig.ao""]","[""loop""]","[""end""]",1500,"",2,"","","Metadata/Projectiles/Projectile","",2,"","",[],"",0,0,0,0,"","",0,0,100,100,0,[],"",[],"","","","","","","","","","",[],[],1
934,"Metadata/Projectiles/HeistTemplarCasterProjectilePhys","[""Metadata/Effects/Spells/monsters_effects/League_Heist/military/caster/projectile/rig_yellow.ao""]","[""loop""]","[""end""]",1500,"",2,"","","Metadata/Projectiles/Projectile","",2,"","",[],"",0,0,0,0,"","",0,0,100,100,0,[],"",[],"","","","","","","","","","",[],[],1
935,"Metadata/Projectiles/HeistTemplarCasterProjectileCombined","[""Metadata/Effects/Spells/monsters_effects/League_Heist/military/caster/projectile/rig_combined.ao""]","[""loop""]","[""end""]",1500,"",2,"","","Metadata/Projectiles/Projectile","",2,"","",[],"",0,0,0,0,"","",0,0,100,100,0,[],"",[],"","","","","","","","","","",[],[],1
936,"Metadata/Projectiles/HeistTemplarCasterBallLightning","[""Metadata/Effects/Spells/monsters_effects/LeagueHarvest/harvest_monsters/scale/Squid/rig.ao""]","[""idle""]","[""death""]",600,"",2,"","","Metadata/Projectiles/Projectile","",2,"","",[],"",0,0,0,0,"","",0,0,100,100,0,[],"",[],"","","","","","","","","","",[],[],1
937,"Metadata/Projectiles/SpikerBullChargeProjectile","[""Metadata/Effects/Spells/monsters_effects/LeagueHarvest/harvest_monsters/thorn/Spiker/spiker_projectile.ao""]","[""proj""]","[""impact""]",1750,"",2,"","","Metadata/Projectiles/Projectile","",2,"","",[],"",0,0,0,0,"","",0,0,100,100,0,[],"",[],"","","","","","","","","","",[],[],1
938,"Metadata/Projectiles/DagobahTreeLog","[""Metadata/Effects/Spells/monsters_effects/maps/swamp_tree_projectile/SwampTreeProjectile.ao""]",[],[],1750,"",4,"","","Metadata/Projectiles/Projectile","",4,"","",[],"",0,0,0,0,"","",0,0,100,100,0,[],"",[],"","","","","","","","","","",[],[],1
939,"Metadata/Projectiles/ImpactingSteelProjectile","[""Metadata/Effects/Spells/steel_impact/main_proj.ao""]",[],[],5000,1,2,"","","Metadata/Projectiles/Projectile","",3,"","","[""Metadata/Effects/Spells/steel_impact/main_proj_stuck.ao""]","",0,0,0,100,"","",0,0,100,100,0,[],"",[],"","","","","","","","","","",[],[],1
940,"Metadata/Projectiles/ImpactingSteelProjectileSecondary","[""Metadata/Effects/Spells/steel_impact/shard_proj_01.ao"",""Metadata/Effects/Spells/steel_impact/shard_proj_02.ao"",""Metadata/Effects/Spells/steel_impact/shard_proj_03.ao"",""Metadata/Effects/Spells/steel_impact/shard_proj_04.ao"",""Metadata/Effects/Spells/steel_impact/shard_proj_05.ao"",""Metadata/Effects/Spells/steel_impact/shard_proj_06.ao"",""Metadata/Effects/Spells/steel_impact/shard_proj_07.ao"",""Metadata/Effects/Spells/steel_impact/shard_proj_08.ao"",""Metadata/Effects/Spells/steel_impact/shard_proj_09.ao"",""Metadata/Effects/Spells/steel_impact/shard_proj_010.ao"",""Metadata/Effects/Spells/steel_impact/shard_proj_011.ao"",""Metadata/Effects/Spells/steel_impact/shard_proj_012.ao"",""Metadata/Effects/Spells/steel_impact/shard_proj_013.ao"",""Metadata/Effects/Spells/steel_impact/shard_proj_014.ao""]",[],[],3000,"",2,"","","Metadata/Projectiles/Projectile","",2,"","",[],"",0,0,0,100,"","",0,0,100,100,0,[],"",[],"","","","","","","","","","",[],[],1
941,"Metadata/Projectiles/IceFissureGeyserMortar","[""Metadata/Effects/Spells/monsters_effects/League_Affliction/affliction_mods/soul_geyser.ao""]","[""mortar_04"",""mortar_01"",""mortar_02""]",[],750,1,2,"","","Metadata/Projectiles/Projectile","",2,"","",[],"",0,0,0,0,"","",0,0,100,100,2,[],"",[],"","","","","","","","","","",[],[],1
942,"Metadata/Projectiles/IcedSaplingSpamProjectile","[""Metadata/Effects/Spells/monsters_effects/forbidden_woods/ice_sapling_trio/iceProjectile.ao""]","[""proj""]","[""end""]",1750,"",2,"","","Metadata/Projectiles/Projectile","",2,"","",[],"",0,0,0,0,"","",0,0,100,100,0,[],"",[],"","","","","","","","","","",[],[],1
943,"Metadata/Projectiles/IcedSaplingIceLance","[""Metadata/Effects/Spells/monsters_effects/act4/arrow_projectile/ice_elemental/ice_projectile.ao""]","[""icearrow""]","[""icearrowimpact""]",750,"",2,"","","Metadata/Projectiles/Projectile","",2,"","",[],"",0,0,0,0,"","",0,0,100,100,0,[],"",[],"","","","","","","","","","",[],[],1
944,"Metadata/Projectiles/IcedSaplingPermafrostMortar","[""Metadata/Effects/Spells/monsters_effects/League_Affliction/affliction_mods/soul_geyser.ao""]","[""mortar_04"",""mortar_01"",""mortar_02""]",[],750,1,2,"","","Metadata/Projectiles/ProjectileMortar","",2,"","",[],"",0,0,0,0,"","",0,0,100,100,2,[],"",[],"","","","","","","","","","",[],[],1
945,"Metadata/Projectiles/HeistCultistCanisterRed","[""Metadata/Effects/Spells/monsters_effects/League_Heist/cultist/canister_red.ao""]","[""mortar""]",[],750,1,2,"","","Metadata/Projectiles/ProjectileMortar","",2,"","",[],"",0,0,0,0,"","",0,0,100,100,1,[],"",[],"","","","","","","","","","",[],[],1
946,"Metadata/Projectiles/HeistCultistCanisterYellow","[""Metadata/Effects/Spells/monsters_effects/League_Heist/cultist/canister_yellow.ao""]","[""mortar""]",[],750,1,2,"","","Metadata/Projectiles/ProjectileMortar","",2,"","",[],"",0,0,0,0,"","",0,0,100,100,1,[],"",[],"","","","","","","","","","",[],[],1
947,"Metadata/Projectiles/HeistCultistCanisterGreen","[""Metadata/Effects/Spells/monsters_effects/League_Heist/cultist/canister_green.ao""]","[""mortar""]",[],750,1,2,"","","Metadata/Projectiles/ProjectileMortar","",2,"","",[],"",0,0,0,0,"","",0,0,100,100,1,[],"",[],"","","","","","","","","","",[],[],1
948,"Metadata/Projectiles/HeistSkeletonMoltenStrikeChunk","[""Metadata/Effects/Spells/monsters_effects/League_Heist/cultist/moltenchunk.ao""]","[""animate""]",[],750,1,2,"","","Metadata/Projectiles/Projectile","",2,"","",[],"",0,0,0,0,"","",0,0,100,100,0,[],"",[],"","","","","","","","","","",[],[],1
949,"Metadata/Projectiles/HeistSkeletonCausticArrow","[""Metadata/Effects/Spells/monsters_effects/League_Heist/cultist/caustic_proj.ao""]","[""loop""]","[""end""]",3260,1,2,"","","Metadata/Projectiles/Projectile","",2,"","",[],"",0,0,0,0,"","",0,0,100,100,0,[],"",[],"","","","","","","","","","",[],[],1
950,"Metadata/Projectiles/HeistSkeletonProjectile","[""Metadata/Effects/Spells/monsters_effects/League_Heist/cultist/arbalest_proj.ao""]","[""proj""]","[""end""]",3260,"",2,"","","Metadata/Projectiles/Projectile","",2,"","",[],"",0,0,0,0,"","",0,0,100,100,0,[],"",[],"","","","","","","","","","",[],[],1
951,"Metadata/Projectiles/HeistCultistWandProjectile","[""Metadata/Effects/Spells/monsters_effects/League_Heist/cultist/wand_proj.ao""]","[""proj""]","[""end""]",3260,"",2,"","","Metadata/Projectiles/Projectile","",2,"","",[],"",0,0,0,0,"","",0,0,100,100,0,[],"",[],"","","","","","","","","","",[],[],1
952,"Metadata/Projectiles/HeistScientistWandProjectile","[""Metadata/Effects/Spells/monsters_effects/League_Heist/cultist/wand_proj_yellow.ao""]","[""proj""]","[""end""]",3260,"",2,"","","Metadata/Projectiles/Projectile","",2,"","",[],"",0,0,0,0,"","",0,0,100,100,0,[],"",[],"","","","","","","","","","",[],[],1
953,"Metadata/Projectiles/Ember","[""Metadata/Effects/Spells/ember/ember_flame.ao""]","[""ember_mortar_01""]","[""ember_impact_01""]",750,"",2,1,"","Metadata/Projectiles/ProjectileMortar","",2,"","",[],"",0,0,0,0,"","",0,0,100,100,1,[],"",[],"","","","","","","","","","",[],[],1
954,"Metadata/Projectiles/HeistSawbladeMortar","[""Metadata/Effects/Spells/monsters_effects/League_Heist/cultist/sawblade/sawblade_bounce.ao""]","[""projectile""]",[],750,1,2,"","","Metadata/Projectiles/ProjectileMortar","",2,"","","[""Metadata/Effects/Spells/monsters_effects/League_Heist/cultist/sawblade/sawblade_stuck.ao""]","",0,0,0,0,"","",0,0,100,100,1,[],"",[],"","","","","","","","","","",[],[],1
955,"Metadata/Projectiles/HeraldOfAgonyMinionMortarDarkwood","[""Metadata/Effects/Microtransactions/Spells/heralds/DarkwoodHerald/spider_mortar.ao""]","[""animate""]",[],500,1,2,"","","Metadata/Projectiles/Projectile","",2,"","",[],"",0,0,0,0,"","",0,0,100,100,1,[],"",[],"","","","","","","","","","",[],[],1
956,"Metadata/Projectiles/HeraldOfAgonyMinionSpineDarkwood","[""Metadata/Effects/Microtransactions/Spells/heralds/DarkwoodHerald/spider_projectile.ao""]","[""projectile""]","[""impact""]",2500,"",2,"","","Metadata/Projectiles/Projectile","",2,"","",[],"",0,0,0,0,"","",0,0,100,100,0,[],"",[],"","","","","","","","","","",[],[],1
957,"Metadata/Projectiles/HeistDriverThrowDemoCharge","[""Metadata/Effects/Spells/monsters_effects/League_Heist/adiyah_demo_charge/demo_mortar.ao""]","[""animate""]",[],750,1,2,"","","Metadata/Projectiles/ProjectileMortar","",2,"","",[],"",0,0,0,0,"","",0,0,100,100,2,[],"",[],"","","","","","","","","","",[],[],1
958,"Metadata/Projectiles/HeistBridgeMortar","[""Metadata/Effects/Spells/monsters_effects/League_Heist/Isla/bridge_mortar.ao""]","[""mortar""]",[],1500,1,2,"","","Metadata/Projectiles/ProjectileMortar","",2,"","",[],"",0,0,0,0,"","",0,0,100,100,1,[],"",[],"","","","","","","","","","",[],[],1
959,"Metadata/Projectiles/HeistMilitaryMinibossSwordShard","[""Metadata/Effects/Spells/monsters_effects/League_Heist/military/miniboss/cleave_projectile/rig.ao""]","[""loop""]","[""end""]",1500,"",2,"","","Metadata/Projectiles/Projectile","",2,"","",[],"",0,0,0,0,"","",0,0,100,100,0,[],"",[],"","","","","","","","","","",[],[],1
960,"Metadata/Projectiles/HeistThugTorchBombMortar","[""Metadata/Effects/Spells/monsters_effects/League_Heist/thugs/trapper/bomb_mortar.ao""]","[""mortar""]",[],750,1,2,"","","Metadata/Projectiles/ProjectileMortar","",2,"","",[],"",0,0,0,0,"","",0,0,100,100,1,[],"",[],"","","","","","","","","","",[],[],1
961,"Metadata/Projectiles/SanctumThugTorchBombMortar","[""Metadata/Effects/Spells/monsters_effects/League_Sanctum/monsters/guards/Guard9/bomb_mortar.ao""]","[""mortar""]",[],750,1,2,"","","Metadata/Projectiles/ProjectileMortar","",2,"","",[],"",0,0,0,0,"","",0,0,100,100,1,[],"",[],"","","","","","","","","","",[],[],1
962,"Metadata/Projectiles/HeistThugTorchOilVase","[""Metadata/Effects/Spells/monsters_effects/League_Heist/thugs/torch/oil_mortar.ao""]","[""mortar""]",[],750,1,2,"","","Metadata/Projectiles/ProjectileMortar","",2,"","",[],"",0,0,0,0,"","",0,0,100,100,1,[],"",[],"","","","","","","","","","",[],[],1
963,"Metadata/Projectiles/LancingSteelNewProjectile","[""Metadata/Effects/Spells/lancing_steel_02/projectiles/shardproj01.ao"",""Metadata/Effects/Spells/lancing_steel_02/projectiles/shardproj02.ao"",""Metadata/Effects/Spells/lancing_steel_02/projectiles/shardproj03.ao"",""Metadata/Effects/Spells/lancing_steel_02/projectiles/shardproj04.ao"",""Metadata/Effects/Spells/lancing_steel_02/projectiles/shardproj05.ao"",""Metadata/Effects/Spells/lancing_steel_02/projectiles/shardproj06.ao"",""Metadata/Effects/Spells/lancing_steel_02/projectiles/shardproj07.ao"",""Metadata/Effects/Spells/lancing_steel_02/projectiles/shardproj08.ao"",""Metadata/Effects/Spells/lancing_steel_02/projectiles/shardproj09.ao"",""Metadata/Effects/Spells/lancing_steel_02/projectiles/shardproj010.ao"",""Metadata/Effects/Spells/lancing_steel_02/projectiles/shardproj012.ao"",""Metadata/Effects/Spells/lancing_steel_02/projectiles/shardproj013.ao"",""Metadata/Effects/Spells/lancing_steel_02/projectiles/shardproj014.ao"",""Metadata/Effects/Spells/lancing_steel_02/projectiles/shardproj015.ao"",""Metadata/Effects/Spells/lancing_steel_02/projectiles/shardproj016.ao"",""Metadata/Effects/Spells/lancing_steel_02/projectiles/shardproj018.ao"",""Metadata/Effects/Spells/lancing_steel_02/projectiles/shardproj019.ao"",""Metadata/Effects/Spells/lancing_steel_02/projectiles/shardproj020.ao"",""Metadata/Effects/Spells/lancing_steel_02/projectiles/shardproj021.ao""]",[],[],2500,"",2,"","","Metadata/Projectiles/Projectile","",3,"","",[],"",0,0,30,0,"","",30,0,100,100,0,[],"",[],"","","","","","","","","","",[],[],1
964,"Metadata/Projectiles/HeistThugRangedBurningArrow","[""Metadata/Effects/Spells/monsters_effects/League_Heist/thugs/bow/burning_arrow.ao""]","[""proj""]","[""end""]",3260,"",2,"","","Metadata/Projectiles/Projectile",4646,2,"","",[],"",0,0,0,0,"","",0,0,100,100,0,[],"",[],"","","","","","","","","","",[],[],1
965,"Metadata/Projectiles/HeistThugRangedExplosiveArrow","[""Metadata/Effects/Spells/monsters_effects/League_Heist/thugs/bow/exploding_arrow.ao""]","[""proj""]",[],3260,"",1,"","","Metadata/Projectiles/Projectile","",1,"","","[""Metadata/Effects/Spells/monsters_effects/League_Heist/thugs/bow/exploding_arrow_stuck.ao""]","",100,100,0,0,"","",0,0,100,100,0,[],"",[],"","","","","","","","","","",[],[],1
966,"Metadata/Projectiles/HeistThugFlamingShield","[""Metadata/Effects/Spells/monsters_effects/League_Heist/thugs/shield_throw/rig.ao""]","[""counterwise""]","[""impact""]",1125,1,4,"","","Metadata/Projectiles/Projectile","",4,"","",[],"",0,0,0,0,"","",0,0,100,100,0,[],"",[],"","","","","","","","","","",[],[],1
967,"Metadata/Projectiles/HeistThugFlamingShieldShards","[""Metadata/Effects/Spells/monsters_effects/League_Heist/thugs/shield_throw/shard_01.ao""]","[""once""]",[],1500,1,2,"","","Metadata/Projectiles/Projectile","",2,"","",[],"",0,0,0,0,"","",0,0,100,100,0,[],"",[],"","","","","","","","","","",[],[],1
968,"Metadata/Projectiles/HeistThugTrapperVolatileMortar","[""Metadata/Effects/Spells/monsters_effects/League_Heist/thugs/trapper/volatile_mortar.ao""]","[""animate""]",[],750,1,2,"","","Metadata/Projectiles/ProjectileMortar","",2,"","",[],"",0,0,0,0,"","",0,0,100,100,1,[],"",[],"","","","","","","","","","",[],[],1
969,"Metadata/Projectiles/SanctumThugTrapperVolatileMortar","[""Metadata/Effects/Spells/monsters_effects/League_Sanctum/monsters/guards/Guard9/volatile_mortar.ao""]","[""animate""]",[],750,1,2,"","","Metadata/Projectiles/ProjectileMortar","",2,"","",[],"",0,0,0,0,"","",0,0,100,100,1,[],"",[],"","","","","","","","","","",[],[],1
970,"Metadata/Projectiles/HeistThugTorchBombMortarLightning","[""Metadata/Effects/Spells/monsters_effects/League_Heist/thugs/trapper/bomb_mortar.ao""]","[""mortar""]",[],750,1,2,"","","Metadata/Projectiles/ProjectileMortar","",2,"","",[],"",0,0,0,0,"","",0,0,130,130,1,[],"",[],"","","","","","","","","","",[],[],1
971,"Metadata/Projectiles/HeistSkeletonSnipe","[""Metadata/Effects/Spells/monsters_effects/League_Heist/cultist/snipe_attached/snipe_proj.ao""]","[""loop""]","[""end""]",2500,"",2,"","","Metadata/Projectiles/Projectile","",2,"","","[""Metadata/Effects/Spells/monsters_effects/League_Heist/cultist/snipe_attached/snipe_stuck.ao""]","",0,0,0,0,"","",0,0,100,100,0,[],"",[],"","","","","","","","","","",[],[],1
972,"Metadata/Projectiles/HeistRobotDroneProjectile","[""Metadata/Effects/Spells/monsters_effects/League_Heist/robot/drone/proj.ao""]","[""proj""]","[""end""]",1500,"",2,"","","Metadata/Projectiles/Projectile","",2,"","",[],"",0,0,0,0,"","",0,0,100,100,0,[],"",[],"","","","","","","","","","",[],[],1
973,"Metadata/Projectiles/HeistThugTrapperLightningGridMine","[""Metadata/Effects/Spells/monsters_effects/League_Heist/thugs/trapper_miniboss/static_mine_mortar.ao""]","[""mortar""]",[],750,1,2,"","","Metadata/Projectiles/ProjectileMortar","",2,"","",[],"",0,0,0,0,"","",0,0,100,100,1,[],"",[],"","","","","","","","","","",[],[],1
974,"Metadata/Projectiles/BallLightningAutomaton","[""Metadata/Effects/Microtransactions/Spells/automaton_ball_lightning/ball.ao""]","[""ball""]","[""end""]",400,"",2,"","","Metadata/Projectiles/Projectile","",2,"","",[],"",0,0,0,0,"","",0,0,100,100,0,[],"",[],"","","","","","","","","","",[],[],1
975,"Metadata/Projectiles/LancingSteelNewProjectileTemple","[""Metadata/Effects/Spells/LancingSteelTemple/projectiles/shardproj01.ao"",""Metadata/Effects/Spells/LancingSteelTemple/projectiles/shardproj02.ao"",""Metadata/Effects/Spells/LancingSteelTemple/projectiles/shardproj03.ao"",""Metadata/Effects/Spells/LancingSteelTemple/projectiles/shardproj04.ao"",""Metadata/Effects/Spells/LancingSteelTemple/projectiles/shardproj05.ao"",""Metadata/Effects/Spells/LancingSteelTemple/projectiles/shardproj06.ao"",""Metadata/Effects/Spells/LancingSteelTemple/projectiles/shardproj07.ao"",""Metadata/Effects/Spells/LancingSteelTemple/projectiles/shardproj08.ao"",""Metadata/Effects/Spells/LancingSteelTemple/projectiles/shardproj09.ao"",""Metadata/Effects/Spells/LancingSteelTemple/projectiles/shardproj010.ao"",""Metadata/Effects/Spells/LancingSteelTemple/projectiles/shardproj012.ao"",""Metadata/Effects/Spells/LancingSteelTemple/projectiles/shardproj013.ao"",""Metadata/Effects/Spells/LancingSteelTemple/projectiles/shardproj014.ao"",""Metadata/Effects/Spells/LancingSteelTemple/projectiles/shardproj015.ao"",""Metadata/Effects/Spells/LancingSteelTemple/projectiles/shardproj016.ao"",""Metadata/Effects/Spells/LancingSteelTemple/projectiles/shardproj018.ao"",""Metadata/Effects/Spells/LancingSteelTemple/projectiles/shardproj019.ao"",""Metadata/Effects/Spells/LancingSteelTemple/projectiles/shardproj020.ao"",""Metadata/Effects/Spells/LancingSteelTemple/projectiles/shardproj021.ao""]",[],[],2500,"",2,"","","Metadata/Projectiles/Projectile","",3,"","",[],"",0,0,30,0,"","",30,0,100,100,0,[],"",[],"","","","","","","","","","",[],[],1
976,"Metadata/Projectiles/ShatteringSteelProjectileTemple","[""Metadata/Effects/Spells/shattering_steel_Temple/shattering_steel_proj.ao""]",[],[],3500,"",2,"","","Metadata/Projectiles/Projectile",4788,3,"","",[],"",0,0,0,0,"","",0,0,100,100,0,[],"",[],"","","","","","","","","","",[],[],1
977,"Metadata/Projectiles/HeistRobotTotemFire","[""Metadata/Effects/Spells/monsters_effects/League_Heist/robot/totem/fire_projectile.ao""]","[""loop""]","[""impact""]",1500,"",2,"","","Metadata/Projectiles/Projectile","",2,"","",[],"",0,0,0,0,"","",0,0,100,100,0,[],"",[],"","","","","","","","","","",[],[],1
978,"Metadata/Projectiles/HeistRobotTotemCold","[""Metadata/Effects/Spells/monsters_effects/League_Heist/robot/totem/ice_projectile.ao""]","[""loop""]","[""impact""]",1500,"",2,"","","Metadata/Projectiles/Projectile","",2,"","",[],"",0,0,0,0,"","",0,0,100,100,0,[],"",[],"","","","","","","","","","",[],[],1
979,"Metadata/Projectiles/HeistNenetArrow","[""Metadata/NPC/League/Heist/Nenet/attachments/NenetArrowHeld.ao""]",[],[],3260,"",2,"","","Metadata/Projectiles/Projectile","",2,"","",[],"",50,80,0,20,"","",0,100,100,100,0,[],"",[],"","","","","","","","","","",[],[],1
980,"Metadata/Projectiles/HeistIslaMortar","[""Metadata/Effects/Spells/monsters_effects/League_Heist/Isla/sulphur_bomb.ao""]","[""mortar""]",[],700,1,2,"","","Metadata/Projectiles/ProjectileMortar","",2,"","",[],"",0,0,0,0,"","",0,0,100,100,0,[],"",[],"","","","","","","","","","",[],[],1
981,"Metadata/Projectiles/HeistScienceCanisterDetonationBall","[""Metadata/Effects/Spells/monsters_effects/League_Heist/cultist/detonate_proj.ao""]","[""loop""]","[""end""]",600,1,1,"","","Metadata/Projectiles/Projectile","",4,"","",[],"",0,0,0,0,"","",0,0,100,100,0,[],"",[],"","","","","","","","","","",[],[],1
982,"Metadata/Projectiles/HeistGiannaBasicProjectile","[""Metadata/Effects/Spells/monsters_effects/League_Heist/Niles/b_projectile/b_projectile.ao""]","[""loop""]","[""end""]",1500,"",2,"","","Metadata/Projectiles/Projectile","",2,"","",[],"",0,0,0,0,"","",0,0,100,100,0,[],"",[],"","","","","","","","","","",[],[],1
983,"Metadata/Projectiles/HeistThugTrapperEnsnaringTotemMortar","[""Metadata/Effects/Spells/monsters_effects/League_Heist/thugs/trapper_miniboss/totem_mortar.ao""]","[""animate""]",[],750,1,2,"","","Metadata/Projectiles/ProjectileMortar","",2,"","",[],"",0,0,0,0,"","",0,0,100,100,1,[],"",[],"","","","","","","","","","",[],[],1
984,"Metadata/Projectiles/HeistNilesBasicProjectile","[""Metadata/Effects/Spells/monsters_effects/League_Heist/Gianna/projectile.ao""]","[""loop""]","[""end""]",5000,"",2,"","","Metadata/Projectiles/Projectile","",2,"","",[],"",0,0,0,0,"","",0,0,100,100,0,[],"",[],"","","","","","","","","","",[],[],1
985,"Metadata/Projectiles/HeistRobotStormcallerShockRifleBall","[""Metadata/Effects/Spells/monsters_effects/League_Heist/robot/stormcaller_golem/shock_rifle_proj.ao""]","[""projectile""]","[""impact""]",1200,"",2,"","","Metadata/Projectiles/Projectile","",2,"","",[],"",0,0,0,0,"","",0,0,100,100,0,[],"",[],"","","","","","","","","","",[],[],1
986,"Metadata/Projectiles/HeistNenetArrowGlow","[""Metadata/NPC/League/Heist/Nenet/attachments/NenetArrowFlight.ao""]",[],[],3260,"",2,"","","Metadata/Projectiles/Projectile","",2,"","","[""Metadata/NPC/League/Heist/Nenet/attachments/NenetArrowHeld.ao""]","",50,80,0,20,"","",0,100,100,100,0,[],"",[],"","","","","","","","","","",[],[],1
987,"Metadata/Projectiles/HeistTurretDamageMortarMilitary","[""Metadata/Effects/Spells/monsters_effects/League_Heist/turret/mortar/projectile_Military.ao""]","[""projectile""]",[],750,1,2,"","","Metadata/Projectiles/ProjectileMortar","",2,"","",[],"",0,0,0,0,"","",0,0,100,100,1,[],"",[],"","","","","","","","","","",[],[],1
988,"Metadata/Projectiles/HeistTurretDamageMortarRobot","[""Metadata/Effects/Spells/monsters_effects/League_Heist/turret/mortar/projectile_Robot.ao""]","[""projectile""]",[],750,1,2,"","","Metadata/Projectiles/ProjectileMortar","",2,"","",[],"",0,0,0,0,"","",0,0,100,100,1,[],"",[],"","","","","","","","","","",[],[],1
989,"Metadata/Projectiles/HeistTurretDamageMortarCultist","[""Metadata/Effects/Spells/monsters_effects/League_Heist/turret/mortar/projectile_Science.ao""]","[""projectile""]",[],750,1,2,"","","Metadata/Projectiles/ProjectileMortar","",2,"","",[],"",0,0,0,0,"","",0,0,100,100,1,[],"",[],"","","","","","","","","","",[],[],1
990,"Metadata/Projectiles/HeistTurretDamageMortarThug","[""Metadata/Effects/Spells/monsters_effects/League_Heist/turret/mortar/projectile_Thugs.ao""]","[""projectile""]",[],750,1,2,"","","Metadata/Projectiles/ProjectileMortar","",2,"","",[],"",0,0,0,0,"","",0,0,100,100,1,[],"",[],"","","","","","","","","","",[],[],1
991,"Metadata/Projectiles/HeistTurretNetMortar","[""Metadata/Effects/Spells/monsters_effects/League_Heist/turret/net/net_Military.ao""]","[""throw""]",[],750,1,2,"","","Metadata/Projectiles/ProjectileMortar","",2,"","",[],"",0,0,0,0,"","",0,0,100,100,1,[],"",[],"","","","","","","","","","",[],[],1
992,"Metadata/Projectiles/HeistTurretNetMortarRobot","[""Metadata/Effects/Spells/monsters_effects/League_Heist/turret/net/net_Robot.ao""]","[""throw""]",[],750,1,2,"","","Metadata/Projectiles/ProjectileMortar","",2,"","",[],"",0,0,0,0,"","",0,0,100,100,1,[],"",[],"","","","","","","","","","",[],[],1
993,"Metadata/Projectiles/HeistTurretTarMortarThug","[""Metadata/Effects/Spells/monsters_effects/League_Heist/thugs/torch/oil_mortar.ao""]","[""mortar""]",[],750,1,2,"","","Metadata/Projectiles/ProjectileMortar","",2,"","",[],"",0,0,0,0,"","",0,0,100,100,1,[],"",[],"","","","","","","","","","",[],[],1
994,"Metadata/Projectiles/HeistTurretTarMortarCultist","[""Metadata/Effects/Spells/monsters_effects/League_Heist/cultist/canister_yellow.ao""]","[""mortar""]",[],750,1,2,"","","Metadata/Projectiles/ProjectileMortar","",2,"","",[],"",0,0,0,0,"","",0,0,100,100,1,[],"",[],"","","","","","","","","","",[],[],1
995,"Metadata/Projectiles/HeistRobotAutomatonBasicProjectile","[""Metadata/Effects/Spells/monsters_effects/League_Heist/robot/robot_automaton/proj.ao""]","[""loop""]","[""end""]",1500,"",2,"","","Metadata/Projectiles/Projectile","",2,"","",[],"",0,0,0,0,"","",0,0,100,100,0,[],"",[],"","","","","","","","","","",[],[],1
996,"Metadata/Projectiles/HeistRobotAutomatonDoomProjectile","[""Metadata/Effects/Spells/monsters_effects/League_Heist/robot/robot_automaton/doomprojectile.ao""]",[],"[""impact""]",400,1,2,"","","Metadata/Projectiles/Projectile","",2,"","",[],"",0,0,0,0,"","",0,0,100,100,0,[],"",[],"","","","","","","","","","",[],[],1
997,"Metadata/Projectiles/HeistRobotClockworkGolemBasicProjectile","[""Metadata/Effects/Spells/monsters_effects/League_Heist/robot/clockwork_golem/ice_proj.ao""]","[""loop""]","[""impact""]",1500,"",2,"","","Metadata/Projectiles/Projectile","",2,"","",[],"",0,0,0,0,"","",0,0,100,100,0,[],"",[],"","","","","","","","","","",[],[],1
998,"Metadata/Projectiles/HeistRobotClockworkGolemMortarProjectile","[""Metadata/Effects/Spells/monsters_effects/League_Heist/robot/clockwork_golem/ice_mortar.ao""]","[""animate""]",[],750,1,2,"","","Metadata/Projectiles/ProjectileMortar","",2,"","",[],"",0,0,0,0,"","",0,0,100,100,1,[],"",[],"","","","","","","","","","",[],[],1
999,"Metadata/Projectiles/HeistCultistStaffProjectileRed","[""Metadata/Effects/Spells/monsters_effects/League_Heist/cultist/staff_proj/staff_proj_red.ao""]","[""proj""]","[""end""]",1500,"",2,"","","Metadata/Projectiles/Projectile","",2,"","",[],"",0,0,0,0,"","",0,0,100,100,0,[],"",[],"","","","","","","","","","",[],[],1
1000,"Metadata/Projectiles/HeistCultistStaffProjectileGreen","[""Metadata/Effects/Spells/monsters_effects/League_Heist/cultist/staff_proj/staff_proj_green.ao""]","[""proj""]","[""end""]",1500,"",2,"","","Metadata/Projectiles/Projectile","",2,"","",[],"",0,0,0,0,"","",0,0,100,100,0,[],"",[],"","","","","","","","","","",[],[],1
1001,"Metadata/Projectiles/HeistCultistStaffProjectileYellow","[""Metadata/Effects/Spells/monsters_effects/League_Heist/cultist/staff_proj/staff_proj_yellow.ao""]","[""proj""]","[""end""]",1500,"",2,"","","Metadata/Projectiles/Projectile","",2,"","",[],"",0,0,0,0,"","",0,0,100,100,0,[],"",[],"","","","","","","","","","",[],[],1
1002,"Metadata/Projectiles/HeistThugEnsnaringTotemArrow","[""Metadata/Effects/Spells/monsters_effects/League_Heist/thugs/trapper_miniboss/harpoon_flying.ao""]",[],[],3260,"",1,"","","Metadata/Projectiles/Projectile","",1,"","","[""Metadata/Effects/Spells/monsters_effects/League_Heist/thugs/trapper_miniboss/harpoon_stuck.ao""]","Metadata/Effects/Spells/monsters_effects/League_Heist/thugs/trapper_miniboss/harpoon_bounce.ao",0,80,0,20,"","",0,100,100,100,0,[],"",[],"","","","","","","","","","",[],[],1
1003,"Metadata/Projectiles/HiddenBlade","[""Metadata/Effects/Spells/secret_blade/secret_blade.ao""]","[""rotate""]","[""impact""]",1000,"",2,"","","Metadata/Projectiles/Projectile","",3,"","",[],"",0,0,0,0,"","",0,0,100,100,0,[],"",[],"","","","","","","","","","",[],[],1
1004,"Metadata/Projectiles/HeistTwinsVicBasicShot","[""Metadata/Effects/Spells/monsters_effects/League_Heist/bosses/twins/projectiles/FireBolt.ao""]",[],[],2500,"",2,"","","Metadata/Projectiles/Projectile",4886,2,"","",[],"",0,0,0,0,"","",0,0,100,100,0,[],"",[],"","","","","","","","","","",[],[],1
1005,"Metadata/Projectiles/HeistTwinsVinBasicShot","[""Metadata/Effects/Spells/monsters_effects/League_Heist/bosses/twins/projectiles/IceBolt.ao""]",[],[],2500,"",2,"","","Metadata/Projectiles/Projectile",4887,2,"","",[],"",0,0,0,0,"","",0,0,100,100,0,[],"",[],"","","","","","","","","","",[],[],1
1006,"Metadata/Projectiles/HeistTwinsVicSnipe","[""Metadata/Effects/Spells/monsters_effects/League_Heist/bosses/twins/vic/fire_snipe.ao""]","[""snipe_01""]","[""slam_01""]",4000,"",2,"","","Metadata/Projectiles/Projectile",4765,2,"","",[],"",0,0,0,0,"","",0,0,100,100,0,[],"",[],"","","","","","","","","","",[],[],1
1007,"Metadata/Projectiles/HeistTwinsVinSnipe","[""Metadata/Effects/Spells/monsters_effects/League_Heist/bosses/twins/vin/ice_snipe.ao""]","[""snipe_01""]","[""slam_01""]",4000,"",2,"","","Metadata/Projectiles/Projectile","",2,"","",[],"",0,0,0,0,"","",0,0,100,100,0,[],"",[],"","","","","","","","","","",[],[],1
1008,"Metadata/Projectiles/HeistTwinsTotemFire","[""Metadata/Effects/Spells/monsters_effects/League_Heist/bosses/twins/ballistas/fire_proj.ao""]","[""proj1""]",[],2000,1,2,"","","Metadata/Projectiles/Projectile",4759,2,"","",[],"",0,0,0,0,"","",0,0,100,100,0,[],"",[],"","","","","","","","","","",[],[],1
1009,"Metadata/Projectiles/HeistTwinsTotemIce","[""Metadata/Effects/Spells/monsters_effects/League_Heist/bosses/twins/ballistas/cold_proj.ao""]","[""proj1""]",[],2000,1,2,"","","Metadata/Projectiles/Projectile",4760,2,"","",[],"",0,0,0,0,"","",0,0,100,100,0,[],"",[],"","","","","","","","","","",[],[],1
1010,"Metadata/Projectiles/HeistAdmiralDashMortars","[""Metadata/Effects/Spells/monsters_effects/League_Heist/bosses/admiralDarnaw/dash_mortar.ao""]","[""mortar""]",[],1500,1,2,"","","Metadata/Projectiles/ProjectileMortar","",2,"","",[],"",0,0,0,0,"","",0,0,100,100,0,[],"",[],"","","","","","","","","","",[],[],1
1011,"Metadata/Projectiles/HeistAdmiralCannonball","[""Metadata/Effects/Spells/monsters_effects/League_Heist/bosses/admiralDarnaw/cannonball.ao""]","[""mortar""]",[],750,1,2,"","","Metadata/Projectiles/ProjectileMortar","",2,"","",[],"",0,0,0,0,"","",0,0,100,100,0,[],"",[],"","","","","","","","","","",[],[],1
1012,"Metadata/Projectiles/HeistFreidrichGroundMortar","[""Metadata/Effects/Spells/monsters_effects/League_Heist/bosses/tarollo/tarollo_mortar_01.ao""]","[""mortar_01"",""mortar_03""]",[],750,1,2,"","","Metadata/Projectiles/ProjectileMortar","",2,"","",[],"",0,0,0,0,"","",0,0,100,100,1,[],"",[],"","","","","","","","","","",[],[],1
1013,"Metadata/Projectiles/HeistFreidrichGroundMortar2","[""Metadata/Effects/Spells/monsters_effects/League_Heist/bosses/tarollo/tarollo_mortar_02.ao""]","[""mortar_01"",""mortar_03""]",[],750,1,2,"","","Metadata/Projectiles/ProjectileMortar","",2,"","",[],"",0,0,0,0,"","",0,0,100,100,1,[],"",[],"","","","","","","","","","",[],[],1
1014,"Metadata/Projectiles/HeistFreidrichGroundMortar3","[""Metadata/Effects/Spells/monsters_effects/League_Heist/bosses/tarollo/tarollo_mortar_03.ao""]","[""mortar_01"",""mortar_03""]",[],750,1,2,"","","Metadata/Projectiles/ProjectileMortar","",2,"","",[],"",0,0,0,0,"","",0,0,100,100,1,[],"",[],"","","","","","","","","","",[],[],1
1015,"Metadata/Projectiles/HeistFreidrichBloodShardBarrage","[""Metadata/Effects/Spells/monsters_effects/League_Heist/bosses/tarollo/tarollo_barrage.ao""]","[""projectile_01""]","[""impact_01""]",2500,1,1,"","","Metadata/Projectiles/Projectile","",2,"","",[],"",100,0,0,0,"","",0,0,70,80,0,[],"",[],"","","","","","","","","","",[],[],1
1016,"Metadata/Projectiles/HeistFreidrichBloodShardBarrage2","[""Metadata/Effects/Spells/monsters_effects/League_Heist/bosses/tarollo/tarollo_barrage.ao""]","[""projectile_01""]","[""impact_01""]",2500,1,1,"","","Metadata/Projectiles/Projectile","",2,"","",[],"",100,0,0,0,"","",0,0,80,90,0,[],"",[],"","","","","","","","","","",[],[],1
1017,"Metadata/Projectiles/HeistFreidrichBloodShardBarrage3","[""Metadata/Effects/Spells/monsters_effects/League_Heist/bosses/tarollo/tarollo_barrage.ao""]","[""projectile_01""]","[""impact_01""]",2500,1,1,"","","Metadata/Projectiles/Projectile","",2,"","",[],"",100,0,0,0,"","",0,0,90,100,0,[],"",[],"","","","","","","","","","",[],[],1
1018,"Metadata/Projectiles/OilArrow","[""Metadata/Effects/Spells/oil_arrow/arrow_oil.ao""]",[],[],3260,1,1,"","","Metadata/Projectiles/Projectile","",1,"","",[],"",0,0,0,0,"","",100,100,100,100,0,[],"",[],"","","","","","","","","","",[],[],1
1019,"Metadata/Projectiles/SpikerBullFireball","[""Metadata/Effects/Spells/monsters_effects/AtlasofWorldsBosses/SpikerBull/mortar.ao""]","[""animate""]",[],1500,1,2,"","","Metadata/Projectiles/ProjectileMortar","",2,"","",[],"",0,0,0,0,"","",0,0,100,100,0,[],"",[],"","","","","","","","","","",[],[],1
1020,"Metadata/Projectiles/IceSaplingIcePrisonSpike","[""Metadata/Effects/Spells/monsters_effects/forbidden_woods/ice_sapling_trio/ice_crystal01.ao"",""Metadata/Effects/Spells/monsters_effects/forbidden_woods/ice_sapling_trio/ice_crystal02.ao"",""Metadata/Effects/Spells/monsters_effects/forbidden_woods/ice_sapling_trio/ice_crystal03.ao"",""Metadata/Effects/Spells/monsters_effects/forbidden_woods/ice_sapling_trio/ice_crystal04.ao""]",[],"[""end""]",1250,"",2,"","","Metadata/Projectiles/Projectile","",2,"","",[],"",0,0,0,0,"","",0,0,100,100,0,[],"",[],"","","","","","","","","","",[],[],1
1021,"Metadata/Projectiles/IceSaplingOrbMortar","[""Metadata/Effects/Spells/monsters_effects/forbidden_woods/ice_sapling_trio/ice_orb_iceMortar.ao""]","[""animate""]",[],750,1,2,"","","Metadata/Projectiles/ProjectileMortar","",2,"","",[],"",0,0,0,0,"","",0,0,100,100,2,[],"",[],"","","","","","","","","","",[],[],1
1022,"Metadata/Projectiles/IceSaplingOrbMortarBlood","[""Metadata/Effects/Spells/monsters_effects/forbidden_woods/ice_sapling_trio/ice_orb_bloodMortar.ao""]","[""animate""]",[],750,1,2,"","","Metadata/Projectiles/ProjectileMortar","",2,"","",[],"",0,0,0,0,"","",0,0,100,100,2,[],"",[],"","","","","","","","","","",[],[],1
1023,"Metadata/Projectiles/SwampBehemothMortar","[""Metadata/Effects/Spells/monsters_effects/AtlasofWorldsBosses/SwampBehemoth/swamp_mortar_spam.ao""]","[""mortar_01"",""mortar_02"",""mortar_03"",""mortar_04""]",[],750,1,2,"","","Metadata/Projectiles/ProjectileMortar","",2,"","",[],"",0,0,0,0,"","",0,0,100,100,1,[],"",[],"","","","","","","","","","",[],[],1
1024,"Metadata/Projectiles/Tree","[""Metadata/Effects/Spells/monsters_effects/AtlasofWorldsBosses/SwampBehemoth/swamp_boulder.ao""]",[],"[""end""]",2500,1,2,"","","Metadata/Projectiles/Projectile","",2,"","",[],"",0,0,0,0,"","",0,0,100,100,0,[],"",[],"","","","","","","","","","",[],[],1
1025,"Metadata/Projectiles/SpikerBullSpike","[""Metadata/Effects/Spells/monsters_effects/AtlasofWorldsBosses/SpikerBull/spike_proj.ao""]","[""loop""]","[""end""]",2500,"",2,"","","Metadata/Projectiles/Projectile","",2,"","",[],"",0,0,0,0,"","",0,0,100,100,0,[],"",[],"","","","","","","","","","",[],[],1
1026,"Metadata/Projectiles/BrutalPirateLordSpellProjectile","[""Metadata/Effects/Spells/monsters_effects/frozen_cabins/soul_bolt.ao""]","[""loop""]","[""end""]",3000,"",3,"","","Metadata/Projectiles/Projectile",4962,3,"","",[],"",0,0,0,0,"","",0,0,100,100,0,[],"",[],"","","","","","","","","","",[],[],1
1027,"Metadata/Projectiles/DominusBloodBall","[""Metadata/Effects/Spells/monsters_effects/act1/birdman/bird_bloodball_mortar_with_impact.ao""]","[""animate""]",[],750,1,0,1,"","Metadata/Projectiles/Projectile","",0,"","",[],"",0,0,0,0,"","",0,0,100,100,0,[],"",[],"","","","","","","","","","",[],[],1
1028,"Metadata/Projectiles/MortarMoltenGroundLava","[""Metadata/Effects/Spells/monsters_effects/molten_projectile/rig.ao""]","[""projectile""]",[],750,1,2,"","","Metadata/Projectiles/Projectile","",2,"","",[],"",0,0,0,0,"","",0,0,100,100,1,[],"",[],"","","","","","","","","","",[],[],1
1029,"Metadata/Projectiles/RitualMiniMeteor","[""Metadata/Effects/Spells/monsters_effects/League_Ritual/fire_ritual/ritual_fire_meteor_mortar.ao""]","[""mortar_01"",""mortar_02"",""mortar_03""]",[],750,1,2,"","","Metadata/Projectiles/ProjectileMortar","",2,"","",[],"",0,0,0,0,"","",0,0,100,100,1,[],"",[],"","","","","","","","","","",[],[],1
1030,"Metadata/Projectiles/RitualChaosProjectile","[""Metadata/Effects/Spells/monsters_effects/League_Ritual/chaos_ritual/ritual_chaos_projectile.ao""]","[""chaos_projectile_01""]","[""impact_01""]",600,"",3,"","","Metadata/Projectiles/Projectile","",3,"","",[],"",0,0,0,0,"","",0,0,100,100,0,[],"",[],"","","","","","","","","","",[],[],1
1031,"Metadata/Projectiles/IceSaplingIcePrisonSpikeOrb","[""Metadata/Effects/Spells/monsters_effects/forbidden_woods/ice_sapling_trio/ice_crystal01.ao"",""Metadata/Effects/Spells/monsters_effects/forbidden_woods/ice_sapling_trio/ice_crystal02.ao"",""Metadata/Effects/Spells/monsters_effects/forbidden_woods/ice_sapling_trio/ice_crystal03.ao"",""Metadata/Effects/Spells/monsters_effects/forbidden_woods/ice_sapling_trio/ice_crystal04.ao""]",[],"[""end""]",1250,"",2,"","","Metadata/Projectiles/Projectile","",2,"","",[],"",0,0,0,0,"","",0,0,100,100,0,[],"",[],"","","","","","","","","","",[],[],1
1032,"Metadata/Projectiles/HeraldOfAgonyMinionMortarDespair","[""Metadata/Effects/Microtransactions/Spells/heralds/warlord/agony_spider_mortar.ao""]","[""animate""]",[],500,1,2,"","","Metadata/Projectiles/Projectile","",2,"","",[],"",0,0,0,0,"","",0,0,100,100,1,[],"",[],"","","","","","","","","","",[],[],1
1033,"Metadata/Projectiles/HeraldOfAgonyMinionSpineDespair","[""Metadata/Effects/Microtransactions/Spells/heralds/warlord/agony_spider_projectile.ao""]","[""projectile""]","[""impact""]",2500,"",2,"","","Metadata/Projectiles/Projectile","",2,"","",[],"",0,0,0,0,"","",0,0,100,100,0,[],"",[],"","","","","","","","","","",[],[],1
1034,"Metadata/Projectiles/VilentaGasMortarFire","[""Metadata/Effects/Spells/monsters_effects/AtlasofWorldsBosses/VilAintHer/oil_mortar.ao""]","[""animate""]",[],750,1,2,"","","Metadata/Projectiles/Projectile","",2,"","",[],"",0,0,0,0,"","",0,0,100,100,1,[],"",[],"","","","","","","","","","",[],[],1
1035,"Metadata/Projectiles/VilentaXMortarFire","[""Metadata/Effects/Spells/monsters_effects/AtlasofWorldsBosses/VilAintHer/barrage_mortar.ao""]","[""animate""]",[],750,1,2,"","","Metadata/Projectiles/ProjectileMortar","",2,"","",[],"",0,0,0,0,"","",0,0,100,100,3,[],"",[],"","","","","","","","","","",[],[],1
1036,"Metadata/Projectiles/WaterDjinnWave","[""Metadata/Effects/Spells/monsters_effects/AtlasofWorldsBosses/Djinn_demon/water_wave.ao""]","[""animate""]",[],1500,"",2,"","","Metadata/Projectiles/Projectile","",4,"","",[],"",0,0,0,0,"","",0,0,100,100,0,[],"",[],"","","","","","","","","","",[],[],1
1037,"Metadata/Projectiles/BrutalPirateLordSpellProjectileStandalone","[""Metadata/Effects/Spells/monsters_effects/frozen_cabins/soul_bolt.ao""]","[""loop""]","[""end""]",3000,"",3,"","","Metadata/Projectiles/Projectile",4962,3,"","",[],"",0,0,0,0,"","",0,0,100,100,0,[],"",[],"","","","","","","","","","",[],[],1
1038,"Metadata/Projectiles/ThaumaturgistBasicProjectile","[""Metadata/Effects/Spells/monsters_effects/AtlasofWorldsBosses/Thaumaturgist/ao/projectile.ao""]","[""loop""]","[""impact""]",1500,1,2,"","","Metadata/Projectiles/Projectile","",2,"","",[],"",0,0,0,0,"","",0,0,100,100,0,[],"",[],"","","","","","","","","","",[],[],1
1039,"Metadata/Projectiles/MavenBrainProjectileBlast","[""Metadata/Effects/Spells/monsters_effects/AtlasofWorldsBosses/Maven/brain/projectiles/sml_projectile.ao""]","[""projectile""]","[""impact""]",750,"",2,"","","Metadata/Projectiles/Projectile","",2,"","",[],"",0,0,0,0,"","",0,0,100,100,0,[],"",[],"","","","","","","","","","",[],[],1
1040,"Metadata/Projectiles/MavenBrainLargeProjectileBarrage","[""Metadata/Effects/Spells/monsters_effects/AtlasofWorldsBosses/Maven/brain/projectile2/big_projectile.ao""]","[""projectile""]","[""impact""]",300,"",3,"","","Metadata/Projectiles/Projectile","",3,"","",[],"",0,0,0,0,"","",0,0,100,100,0,"[""end""]","",[],"","","","","","","","","","",[],[],1
1041,"Metadata/Projectiles/MavenBrainSmallProjectileBarrage","[""Metadata/Effects/Spells/monsters_effects/AtlasofWorldsBosses/Maven/brain/projectiles/sml_projectile.ao""]","[""projectile""]","[""impact""]",750,"",3,"","","Metadata/Projectiles/Projectile",5171,3,"","",[],"",0,0,0,0,"","",0,0,100,100,0,[],"",[],"","","","","","","","","","",[],[],1
1042,"Metadata/Projectiles/MavenCannonColdProjectile","[""Metadata/Effects/Spells/monsters_effects/AtlasofWorldsBosses/Maven/cannon_01/cold_projectiles/c_projectile.ao""]","[""projectile""]","[""impact""]",1500,"",4,"","","Metadata/Projectiles/Projectile",5130,4,"","",[],"",0,0,0,0,"","",0,0,100,100,0,[],"",[],"","","","","","","","","","",[],[],1
1043,"Metadata/Projectiles/MavenSuperFireProjectile","[""Metadata/Effects/Spells/monsters_effects/AtlasofWorldsBosses/Maven/cannon_01/fire_projectiles/f_projectile.ao""]","[""projectile""]","[""impact""]",750,"",4,"","","Metadata/Projectiles/Projectile","",4,"","",[],"",0,0,0,0,"","",0,0,100,100,0,[],"",[],"","","","","","","","","","",[],[],1
1044,"Metadata/Projectiles/MavenProjectile","[""Metadata/Effects/Spells/monsters_effects/AtlasofWorldsBosses/Maven/basic_projectile2/b_projectile2.ao""]","[""projectile""]","[""impact""]",2250,"",3,"","","Metadata/Projectiles/Projectile","",3,"","",[],"",0,0,0,0,"","",0,0,100,100,0,[],"",[],"","","","","","","","","","",[],[],1
1045,"Metadata/Projectiles/BoneMortarStandalonePhysBreachBoss","[""Metadata/Effects/Spells/monsters_effects/SkeletonOssuary/bone_mortar.ao""]","[""projectile""]",[],750,1,2,"","","Metadata/Projectiles/ProjectileMortar","",2,"","",[],"",0,0,0,0,"","",0,0,100,100,1,[],"",[],"","","","","","","","","","",[],[],1
1046,"Metadata/Projectiles/ThaumaturgyVatProjectile","[""Metadata/Effects/Spells/monsters_effects/AtlasofWorldsBosses/Thaumaturgist/ao/cauldron_mortar.ao""]","[""animate""]",[],750,1,2,"","","Metadata/Projectiles/ProjectileMortar","",2,"","",[],"",0,0,0,0,"","",0,0,100,100,1,[],"",[],"","","","","","","","","","",[],[],1
1047,"Metadata/Projectiles/AutomatonSpark","[""Metadata/Effects/Microtransactions/Spells/spark/Automaton/Ao/rig.ao""]","[""electrical_surge""]","[""electrical_explode""]",420,1,1,1,"","Metadata/Projectiles/ProjectileGround","",2,"","",[],"",0,0,0,0,"","",0,0,100,100,0,[],"",[],"","","","","","","","","","",[],[],1
1048,"Metadata/Projectiles/CelestialSpark","[""Metadata/Effects/Microtransactions/Spells/spark/Celestial/Ao/rig.ao""]","[""electrical_surge""]","[""electrical_explode""]",420,1,1,1,"","Metadata/Projectiles/ProjectileGround","",2,"","",[],"",0,0,0,0,"","",0,0,100,100,0,[],"",[],"","","","","","","","","","",[],[],1
1049,"Metadata/Projectiles/MavenBrainDeceleratingProjectile","[""Metadata/Effects/Spells/monsters_effects/AtlasofWorldsBosses/Maven/brain/decelerating_projectile/rig.ao""]","[""proj""]","[""proj_transition""]",750,1,3,"","","Metadata/Projectiles/Projectile","",3,"","",[],"",0,0,0,0,"","",0,0,100,100,0,[],"",[],"","","","","","","","","","",[],[],1
1050,"Metadata/Projectiles/MavenBrainDeceleratingProjectile2","[""Metadata/Effects/Spells/monsters_effects/AtlasofWorldsBosses/Maven/brain/decelerating_projectile/rig.ao""]","[""proj""]","[""proj_transition""]",750,1,3,"","","Metadata/Projectiles/Projectile","",3,"","",[],"",0,0,0,0,"","",0,0,100,100,0,[],"",[],"","","","","","","","","","",[],[],1
1051,"Metadata/Projectiles/MavenBrainDeceleratingProjectile3","[""Metadata/Effects/Spells/monsters_effects/AtlasofWorldsBosses/Maven/brain/decelerating_projectile/rig.ao""]","[""proj""]","[""proj_transition""]",750,1,3,"","","Metadata/Projectiles/Projectile","",3,"","",[],"",0,0,0,0,"","",0,0,100,100,0,[],"",[],"","","","","","","","","","",[],[],1
1052,"Metadata/Projectiles/UltimatumGuardDeceleratingProjectile","[""Metadata/Effects/Spells/monsters_effects/League_Ultimatum/general_combat/vaal_guards/vaal_guard_proj.ao""]","[""projectile_01""]","[""projectile_charge_01""]",1500,"",2,"","","Metadata/Projectiles/Projectile","",0,"","",[],"",0,0,0,0,"","",100,100,100,100,0,[],"",[0],"","","","","","","","","","",[],[],1
1053,"Metadata/Projectiles/UltimatumGuardDeceleratingProjectileRuin","[""Metadata/Effects/Spells/monsters_effects/League_Ultimatum/general_combat/vaal_guards/vaal_guard_proj_ruin.ao""]","[""projectile_01""]","[""projectile_charge_01""]",1500,"",2,"","","Metadata/Projectiles/Projectile","",0,"","",[],"",0,0,0,0,"","",100,100,100,100,0,[],"",[0],"","","","","","","","","","",[],[],1
1054,"Metadata/Projectiles/SabreSpiderCycloneCreator","[""Metadata/Effects/Spells/LancingSteel/primary_projectile.ao""]","[""projectile_loop""]","[""end""]",2500,1,2,"","","Metadata/Projectiles/Projectile","",3,"","",[],"",0,0,0,0,"","",0,0,100,100,0,[],"",[],"","","","","","","","","","",[],[],1
1055,"Metadata/Projectiles/UltimatumSnakeProjectileBasic","[""Metadata/Effects/Spells/monsters_effects/League_Ultimatum/general_combat/vaal_snakehead/projectile.ao""]","[""proj_01""]","[""impact_01""]",1500,"",2,"","","Metadata/Projectiles/Projectile","",2,"","",[],"",0,0,0,0,"","",0,0,100,100,0,[],"",[],"","","","","","","","","","",[],[],1
1056,"Metadata/Projectiles/UltimatumFireProjectileBasic","[""Metadata/Effects/Spells/monsters_effects/League_Ultimatum/general_combat/vaal_proj_fire.ao""]","[""proj_01""]","[""impact_01""]",2500,"",2,"","","Metadata/Projectiles/Projectile","",2,"","",[],"",0,0,0,0,"","",0,0,100,100,0,[],"",[],"","","","","","","","","","",[],[],1
1057,"Metadata/Projectiles/UltimatumColdProjectileBasic","[""Metadata/Effects/Spells/monsters_effects/League_Ultimatum/general_combat/vaal_proj_cold.ao""]","[""proj_01""]","[""impact_01""]",2500,"",2,"","","Metadata/Projectiles/Projectile","",2,"","",[],"",0,0,0,0,"","",0,0,100,100,0,[],"",[],"","","","","","","","","","",[],[],1
1058,"Metadata/Projectiles/UltimatumLightningProjectileBasic","[""Metadata/Effects/Spells/monsters_effects/League_Ultimatum/general_combat/vaal_proj_lightning.ao""]","[""proj_01""]","[""impact_01""]",2500,"",2,"","","Metadata/Projectiles/Projectile","",2,"","",[],"",0,0,0,0,"","",0,0,100,100,0,[],"",[],"","","","","","","","","","",[],[],1
1059,"Metadata/Projectiles/UltimatumChaosProjectileBasic","[""Metadata/Effects/Spells/monsters_effects/League_Ultimatum/general_combat/vaal_proj_chaos.ao""]","[""proj_01""]","[""impact_01""]",2500,"",2,"","","Metadata/Projectiles/Projectile","",2,"","",[],"",0,0,0,0,"","",0,0,100,100,0,[],"",[],"","","","","","","","","","",[],[],1
1060,"Metadata/Projectiles/UltimatumSerpentMortar","[""Metadata/Effects/Spells/monsters_effects/League_Ultimatum/general_combat/vaal_snakehead/mortar_bolt.ao""]","[""mortar_01""]",[],750,1,2,"","","Metadata/Projectiles/ProjectileMortar","",2,"","",[],"",0,0,0,0,"","",0,0,100,100,0,[],"",[0],"","","","","","","","","","",[],[],1
1061,"Metadata/Projectiles/UltimatumSerpentMortarRuin","[""Metadata/Effects/Spells/monsters_effects/League_Ultimatum/general_combat/vaal_snakehead/mortar_bolt_ruin.ao""]","[""mortar_01""]",[],750,1,2,"","","Metadata/Projectiles/ProjectileMortar","",2,"","",[],"",0,0,0,0,"","",0,0,100,100,0,[],"",[0],"","","","","","","","","","",[],[],1
1062,"Metadata/Projectiles/SunprismSiphon","[""Metadata/Effects/Microtransactions/Spells/SunprismEssenceDrain/siphon.ao""]","[""loop""]","[""impact""]",750,"",2,"","","Metadata/Projectiles/Projectile","",2,"","",[],"",0,0,0,0,"","",0,0,100,100,0,[],"",[],"","","","","","","","","","",[],[],1
1063,"Metadata/Projectiles/ProjectileRetaliationProjectile","[""Metadata/Effects/Spells/monsters_effects/bull_thorns/projectile.ao""]","[""once""]",[],2200,"",2,"","","Metadata/Projectiles/Projectile","",4,"","",[],"",0,0,0,0,"","",0,0,100,100,0,[],"",[],"","","","","","","","","","",[],[],1
1064,"Metadata/Projectiles/CorpseEruptionProjectileDarkwood","[""Metadata/Effects/Spells/corpse_eruption/Darkwood/DarkwoodCorpseMortarProjectile.ao""]","[""once""]",[],400,1,1,"","","Metadata/Projectiles/ProjectileGround","",1,"","",[],"",0,0,0,0,"","",0,0,100,100,1,[],"",[],"","","","","","","","","","",[],[],1
1065,"Metadata/Projectiles/FrenzyArrowArcane","[""Metadata/Effects/Microtransactions/Spells/frenzy_02/Arcane/arrow_flying.ao""]",[],[],3260,"",1,"",1,"Metadata/Projectiles/Projectile","",1,"","","[""Metadata/Effects/Microtransactions/Spells/frenzy_02/Arcane/arrow_stuck.ao""]","Metadata/Effects/Microtransactions/Spells/frenzy_02/Arcane/arrow_bounce.ao",100,80,0,20,5302,"",0,100,100,100,0,[],"",[],"","","","","","","","","","",[],[],1
1066,"Metadata/Projectiles/FrenzyWandArcane","[""Metadata/Effects/Microtransactions/Spells/frenzy_02/Arcane/frenzy_projectile.ao""]","[""projectile_wand""]","[""projectile_wand_hit""]",3260,"",1,"",1,"Metadata/Projectiles/Projectile","",2,"","",[],"",0,0,0,0,5302,"",0,0,100,100,0,[],"",[],"","","","","","","","","","",[],[],1
1067,"Metadata/Projectiles/SpiritCollectorSpirit1","[""Metadata/Effects/Spells/monsters_effects/Act1_FOUR/CoffinWretch/ChildSpiritProjectile.ao""]","[""spell_cast_03"",""spell_cast_04""]","[""impact_01""]",375,"",2,"","","Metadata/Projectiles/Projectile","",2,"","",[],"",0,0,0,0,"","",0,0,100,100,0,[],"",[],"","","","","","","","","","",[],[],1
1068,"Metadata/Projectiles/SpiritCollectorSpirit2","[""Metadata/Effects/Spells/monsters_effects/Act1_FOUR/CoffinWretch/ChildSpiritProjectile.ao""]","[""spell_cast_04""]","[""impact_01""]",375,"",2,"","","Metadata/Projectiles/Projectile","",2,"","",[],"",0,0,0,0,"","",0,0,100,100,0,[],"",[],"","","","","","","","","","",[],[],1
1069,"Metadata/Projectiles/SpookyWraithFire","[""Metadata/Effects/Spells/monsters_effects/Gallows/Act1/SpookyWraith/Fire.ao""]","[""sandspitter_ele""]","[""sandspitter_ele_impact""]",500,"",2,"","","Metadata/Projectiles/Projectile","",2,"","",[],"",0,0,0,0,"","",0,0,100,100,0,[],"",[],"","","","","","","","","","",[],[],1
1070,"Metadata/Projectiles/SpookyWraithCold","[""Metadata/Effects/Spells/monsters_effects/Gallows/Act1/SpookyWraith/Cold.ao""]","[""proj""]","[""end""]",500,"",2,"","","Metadata/Projectiles/Projectile","",2,"","",[],"",0,0,0,0,"","",0,0,100,100,0,[],"",[],"","","","","","","","","","",[],[],1
1071,"Metadata/Projectiles/SpookyWraithLightning","[""Metadata/Effects/Spells/monsters_effects/Gallows/Act1/SpookyWraith/Lightning.ao""]","[""sandspitter_ele""]","[""sandspitter_ele_impact""]",500,"",2,"","","Metadata/Projectiles/Projectile","",2,"","",[],"",0,0,0,0,"","",0,0,100,100,0,[],"",[],"","","","","","","","","","",[],[],1
1072,"Metadata/Projectiles/QuillCrabSpike","[""Metadata/Effects/Spells/monsters_effects/Gallows/Act1/QuillCrab/quill_Projectile_fire.ao""]","[""quillProjectile_01""]","[""impact_01""]",1750,"",1,"","","Metadata/Projectiles/Projectile",7113,1,"","","[""Metadata/Effects/Spells/monsters_effects/Gallows/Act1/QuillCrab/quillSpike_fire.ao""]","",75,75,0,0,"","",25,25,100,100,0,[],1,[],"","","","","","","","","","",[],[],1
1073,"Metadata/Projectiles/QuillCrabShrapnelAudio","[""Metadata/Effects/Spells/monsters_effects/Gallows/Act1/QuillCrab/quill_Projectile_fire.ao""]","[""quillProjectile_01""]","[""impact_01""]",1750,"",1,"","","Metadata/Projectiles/Projectile","",1,"","","[""Metadata/Effects/Spells/monsters_effects/Gallows/Act1/QuillCrab/quillSpike_fire.ao""]","",75,75,0,0,"","",25,25,100,100,0,[],1,[],"","","","","","","","","","",[],[],1
1074,"Metadata/Projectiles/QuillCrabShrapnel","[""Metadata/Effects/Spells/monsters_effects/Gallows/Act1/QuillCrab/quill_Projectile_fire.ao""]","[""quillProjectile_01""]","[""impact_01""]",1750,"",1,"","","Metadata/Projectiles/Projectile",7113,1,"","","[""Metadata/Effects/Spells/monsters_effects/Gallows/Act1/QuillCrab/quillSpike_fire.ao""]","",75,75,0,0,"","",25,25,100,100,0,[],1,[],"","","","","","","","","","",[],[],1
1075,"Metadata/Projectiles/QuillCrabSpikePoison","[""Metadata/Effects/Spells/monsters_effects/Gallows/Act1/QuillCrab/quill_Projectile_poison.ao""]","[""quillProjectile_01""]","[""impact_01""]",1750,"",1,"","","Metadata/Projectiles/Projectile",7114,1,"","","[""Metadata/Effects/Spells/monsters_effects/Gallows/Act1/QuillCrab/quillSpike_poison.ao""]","",75,75,0,0,"","",25,25,100,100,0,[],1,[],"","","","","","","","","","",[],[],1
1076,"Metadata/Projectiles/QuillCrabShrapnelAudioPoison","[""Metadata/Effects/Spells/monsters_effects/Gallows/Act1/QuillCrab/quill_Projectile_poison.ao""]","[""quillProjectile_01""]","[""impact_01""]",1750,"",1,"","","Metadata/Projectiles/Projectile","",1,"","","[""Metadata/Effects/Spells/monsters_effects/Gallows/Act1/QuillCrab/quillSpike_poison.ao""]","",75,75,0,0,"","",25,25,100,100,0,[],1,[],"","","","","","","","","","",[],[],1
1077,"Metadata/Projectiles/QuillCrabShrapnelPoison","[""Metadata/Effects/Spells/monsters_effects/Gallows/Act1/QuillCrab/quill_Projectile_poison.ao""]","[""quillProjectile_01""]","[""impact_01""]",1750,"",1,"","","Metadata/Projectiles/Projectile",7114,1,"","","[""Metadata/Effects/Spells/monsters_effects/Gallows/Act1/QuillCrab/quillSpike_poison.ao""]","",75,75,0,0,"","",25,25,100,100,0,[],1,[],"","","","","","","","","","",[],[],1
1078,"Metadata/Projectiles/QuillCrabSpikeTropical","[""Metadata/Effects/Spells/monsters_effects/Act4_FOUR/QuillCrabCold/ao/quill_Projectile_Ice.ao""]","[""quillProjectile_01""]","[""impact_01""]",1750,"",1,"","","Metadata/Projectiles/Projectile",7115,1,"","",[],"",0,0,0,0,"","",0,0,100,100,0,[],1,[],"","","","","","","","","","",[],[],1
1079,"Metadata/Projectiles/QuillCrabShrapnelTropical","[""Metadata/Effects/Spells/monsters_effects/Act4_FOUR/QuillCrabCold/ao/quill_Projectile_Ice.ao""]","[""quillProjectile_01""]","[""impact_01""]",1750,"",1,"","","Metadata/Projectiles/Projectile",7115,1,"","",[],"",0,0,0,0,"","",0,0,100,100,0,[],1,[],"","","","","","","","","","",[],[],1
1080,"Metadata/Projectiles/SlingUrchinProjectile","[""Metadata/Effects/Spells/monsters_effects/Gallows/Act1/Urchins/SlingProjectile.ao""]","[""flying""]","[""impact""]",2250,"",2,"","","Metadata/Projectiles/Projectile","",2,"","",[],"",0,0,0,0,"","",0,0,100,100,0,[],"",[],"","","","","","","","","","",[],[],1
1081,"Metadata/Projectiles/HuhuGrubLarvaeMortar","[""Metadata/Effects/Spells/monsters_effects/Gallows/Act1/HuhuGrubLarvae/Mortar.ao""]","[""projectile""]",[],750,1,2,"","","Metadata/Projectiles/Projectile","",2,"","",[],"",0,0,0,0,"","",0,0,100,100,0,[],"",[],"","","","","","","","","","",[],[],1
1082,"Metadata/Projectiles/FungalArtilleryMortar","[""Metadata/Effects/Spells/monsters_effects/Gallows/Act1/FungalArtillery/fungalmortar.ao""]","[""projectile""]","[""impact""]",900,"",2,"","","Metadata/Projectiles/Projectile",5331,2,"","",[],"",0,0,0,0,"","",0,0,100,100,0,[],"",[],"","",5331,"","","","","","","",[],[],1
1083,"Metadata/Projectiles/MudBurrowerAcidMortar","[""Metadata/Effects/Spells/monsters_effects/Act1_FOUR/MudBurrower/spitMortar.ao""]","[""once""]",[],550,1,2,"","","Metadata/Projectiles/Projectile","",2,"","",[],"",0,0,0,0,"","",0,0,100,100,0,[],"",[],"","","","","","","","","","",[],[],1
1084,"Metadata/Projectiles/CarrionCroneIceSpear","[""Metadata/Effects/Spells/monsters_effects/Act1_FOUR/CarrionCrone/IceSpear.ao""]","[""frozenspear_idlesecond_01""]","[""frozenspear_impact""]",2100,"",2,"","","Metadata/Projectiles/Projectile","",2,"","",[],"",0,0,0,0,"","",0,0,100,100,0,[],"",[],"","","","","","","","","","",[],[],1
1085,"Metadata/Projectiles/SnakeFlowerManSpit","[""Metadata/Effects/Spells/monsters_effects/Gallows/Act1/SnakeFlowerMan/rig.ao""]","[""projectile_01""]","[""impact""]",1050,1,2,"","","Metadata/Projectiles/Projectile","",2,"","",[],"",0,0,0,0,"","",0,0,100,100,0,[],"",[],"","","","","","","","","","",[],[],1
1086,"Metadata/Projectiles/MudBurrowerMortar","[""Metadata/Effects/Spells/monsters_effects/Act1_FOUR/MudBurrower/mortar.ao""]","[""impact""]",[],400,1,2,"","","Metadata/Projectiles/Projectile","",2,"","",[],"",0,0,0,0,"","",0,0,100,100,0,[],"",[],"","","","","","","","","","",[],[],1
1087,"Metadata/Projectiles/HagBossIceShard","[""Metadata/Effects/Spells/monsters_effects/Act1_FOUR/CarrionCrone/Cleave_Shards.ao""]","[""projectile_01"",""projectile_02"",""projectile_03"",""projectile_04"",""projectile_05"",""projectile_06"",""projectile_07"",""projectile_08""]","[""impact""]",1650,"",2,"","","Metadata/Projectiles/Projectile","",2,"","",[],"",0,0,0,0,"","",0,0,100,100,0,[],"",[],"","","","","","","","","","",[],[],1
1088,"Metadata/Projectiles/BloodPhantasm","[""Metadata/Effects/Spells/monsters_effects/Gallows/Act1/BloodPhantasm/projectile.ao""]","[""projectile""]","[""impact""]",1500,"",2,"","","Metadata/Projectiles/Projectile","",2,"","",[],"",0,0,0,0,"","",0,0,100,100,0,[],"",[],"","","","","","","","","","",[],[],1
1089,"Metadata/Projectiles/MudBurrowerAcidMortarSmall","[""Metadata/Effects/Spells/monsters_effects/Act1_FOUR/MudBurrower/spitMortar.ao""]","[""projectile""]","[""impact""]",1800,1,2,"","","Metadata/Projectiles/Projectile","",2,"","",[],"",0,0,0,0,"","",0,0,100,100,0,[],"",[],"","","","","","","","","","",[],[],1
1090,"Metadata/Projectiles/SwiftspadeBonesStandardProj","[""Metadata/Effects/Spells/monsters_effects/Act1_FOUR/SwiftspadeBones/SwiftspadeBones_lightning.ao""]","[""loopnoint""]","[""impact""]",1000,"",2,"","","Metadata/Projectiles/Projectile","",2,"","",[],"",0,0,0,0,"","",0,0,100,100,0,[],"",[],"","","","","","","","","","",[],[],1
1091,"Metadata/Projectiles/PowerShotDefaultBolt","[""Metadata/Effects/Spells/crossbow_basic/bolt_basic.ao""]","[""power_01""]","[""impact_power_01""]",6000,"",0,"","","Metadata/Projectiles/Projectile","",1,"","",[],"",0,100,0,0,8205,"",0,0,100,100,0,[],"",[],"","","",214,1,"muzzle_power",219,"Audio/Sound Effects/Skills/4.0/Crossbow/Basic/Impacts/Impact_PowerSG","","",[],[],1
1092,"Metadata/Projectiles/SpookyGhostBouncingProjectile","[""Metadata/Effects/Spells/monsters_effects/Gallows/Act1/Wraith/lightning/projectile.ao""]","[""projectile""]","[""impact""]",750,"",2,"","","Metadata/Projectiles/Projectile",5381,2,"","",[],"",0,0,0,0,"","",0,0,100,100,0,[],"",[],"",8370,"","","","","","","","",[],[],1
1093,"Metadata/Projectiles/EinharPheremones","[""Metadata/Effects/Spells/monsters_effects/Act1_FOUR/CrowBell/mortar.ao""]","[""animate""]",[],550,1,2,"","","Metadata/Projectiles/Projectile","",2,"","",[],"",0,0,0,0,"","",0,0,100,100,0,[],"",[],"","","","","","","","","","",[],[],1
1094,"Metadata/Projectiles/EinharPheremones2","[""Metadata/Effects/Spells/monsters_effects/Act1_FOUR/CrowBell/mortar.ao""]","[""animate""]",[],550,1,2,"","","Metadata/Projectiles/Projectile","",2,"","",[],"",0,0,0,0,"","",0,0,100,100,0,[],"",[],"","","","","","","","","","",[],[],1
1095,"Metadata/Projectiles/MudBurrowerGoopProjectile","[""Metadata/Effects/Spells/monsters_effects/Act1_FOUR/MudBurrower/goop.ao""]","[""projectile""]","[""impact""]",1600,1,2,"","","Metadata/Projectiles/Projectile","",2,"","",[],"",0,0,0,0,"","",0,0,100,100,0,[],"",[],"","","","","","","","","","",[],[],1
1096,"Metadata/Projectiles/CourtesanBloodSpear","[""Metadata/Effects/Spells/monsters_effects/Gallows/Act1/BloodCourtesan/bloodspear.ao""]","[""proj_once""]","[""impact""]",2500,1,2,"","","Metadata/Projectiles/Projectile",5393,2,"","",[],"",0,0,0,0,"","",0,0,100,100,0,[],"",[],"","","","","","","","","","",[],[],1
1097,"Metadata/Projectiles/MudBurrowerGoopMortar","[""Metadata/Effects/Spells/monsters_effects/Act1_FOUR/MudBurrower/goop_secondary_mortar.ao""]","[""projectile""]","[""impact""]",1600,1,2,"","","Metadata/Projectiles/Projectile","",2,"","",[],"",0,0,0,0,"","",0,0,100,100,0,[],"",[],"","","","","","","","","","",[],[],1
1098,"Metadata/Projectiles/RustKingShards","[""Metadata/Effects/Spells/monsters_effects/Act1_FOUR/RustKing/spike_proj.ao""]","[""main_proj_01""]","[""impact_01""]",2000,"",2,"","","Metadata/Projectiles/Projectile","",2,"","",[],"",0,0,0,0,"","",0,0,100,100,0,[],"",[],"","","","","","","","","","",[],[],1
1099,"Metadata/Projectiles/SpearThrow","[""Metadata/Effects/Spells/monsters_effects/League_Legion/EternalEmpire/LightningSpearThrow/projectile/projectile.ao""]","[""loop""]","[""impact""]",2500,"",3,"","","Metadata/Projectiles/Projectile","",3,"","",[],"",0,0,0,0,"","",0,0,100,100,0,[],"",[],"","","","","","","","","","",[],[],1
1100,"Metadata/Projectiles/MutantBirdMortar","[""Metadata/Effects/Spells/monsters_effects/Act1_FOUR/MudBurrower/mortar.ao""]","[""once""]",[],600,1,2,"","","Metadata/Projectiles/Projectile","",2,"","",[],"",0,0,0,0,"","",0,0,100,100,0,[],"",[],"","","","","","","","","","",[],[],1
1101,"Metadata/Projectiles/FireSpear","[""Metadata/Effects/Spells/spear_blazinglance/projectile_01.ao""]","[""projectile_01""]","[""impact_01""]",2500,"",2,"","","Metadata/Projectiles/Projectile","",3,"","",[],"",0,0,0,0,"","",0,0,100,100,0,[],"",[],"","","","","","","","","","",[],[],1
1102,"Metadata/Projectiles/DemonVineSprayTotemProjectileFast","[""Metadata/Monsters/Totems/DemonVine/Effects/Ao/BarrageArrow.ao""]","[""idle""]","[""impact""]",1800,"",2,"","","Metadata/Projectiles/Projectile","",2,"","",[],"",0,0,0,0,"","",0,0,100,100,0,[],"",[],"","","","","","","","","","",[],[],1
1103,"Metadata/Projectiles/ForsakenSon","[""Metadata/Effects/Spells/monsters_effects/Solaris_and_Lunaris/Lunaris_e/glaive_projectile.ao""]","[""loop""]","[""end""]",1000,"",4,"","","Metadata/Projectiles/Projectile","",4,"","",[],"",0,0,0,0,"","",0,0,100,100,0,[],"",[],"","","","","","","","","","",[],[],1
1104,"Metadata/Projectiles/LightningSpear","[""Metadata/Effects/Spells/monsters_effects/League_Legion/EternalEmpire/LightningSpearThrow/projectile/projectile.ao""]","[""loop""]","[""impact""]",2500,1,2,"","","Metadata/Projectiles/Projectile","",3,"","",[],"",0,0,0,0,"","",0,0,100,100,0,[],"",[],"","","","","","","","","","",[],[],1
1105,"Metadata/Projectiles/DemonVineMortarTotemMortar","[""Metadata/Effects/Spells/monsters_effects/Act1_FOUR/MudBurrower/goop_secondary_mortar.ao""]","[""animate""]",[],550,1,2,"","","Metadata/Projectiles/Projectile","",2,"","",[],"",0,0,0,0,"","",0,0,100,100,0,[],"",[],"","","","","","","","","","",[],[],1
1106,"Metadata/Projectiles/BaronBloodProjectile","[""Metadata/Effects/Spells/monsters_effects/Act1_FOUR/Baron/blood_projectile.ao""]","[""projectile""]","[""impact""]",1750,"",3,"","","Metadata/Projectiles/Projectile","",3,"","",[],"",0,0,0,0,"","",0,0,100,100,0,[],"",[],"","","","","","","","","","",[],[],1
1107,"Metadata/Projectiles/IceSpearThrow","[""Metadata/Effects/Spells/shattering_mine/shards.ao""]","[""shard_01""]","[""impact""]",2500,"",3,"","","Metadata/Projectiles/Projectile","",3,"","",[],"",0,0,0,0,"","",0,0,100,100,0,[],"",[],"","","","","","","","","","",[],[],1
1108,"Metadata/Projectiles/IceSpearThrowOnceProjectiles","[""Metadata/Effects/Spells/shattering_mine/shards.ao""]","[""shard_01""]","[""impact""]",2500,"",2,"","","Metadata/Projectiles/Projectile","",2,"","",[],"",0,0,0,0,"","",0,0,100,100,0,[],"",[],"","","","","","","","","","",[],[],1
1109,"Metadata/Projectiles/IceSpearThrowVortexProjectiles","[""Metadata/Effects/Spells/frozen_spear/rig.ao""]","[""frozenspear_idle""]","[""frozenspear_impact""]",2500,"",2,"","","Metadata/Projectiles/Projectile","",2,"","",[],"",0,0,0,0,"","",0,0,100,100,0,[],"",[],"","","","","","","","","","",[],[],1
1110,"Metadata/Projectiles/BaronBloodSpike","[""Metadata/Effects/Spells/monsters_effects/Act1_FOUR/Baron/blood_spike_01.ao""]","[""run""]","[""end""]",2700,1,2,"","","Metadata/Projectiles/Projectile","",2,"","",[],"",0,0,0,0,"","",0,0,100,100,0,[],"",[],"","","","","","","","","","",[],[],1
1111,"Metadata/Projectiles/BaronBloodSpike2","[""Metadata/Effects/Spells/monsters_effects/Act1_FOUR/Baron/blood_spike_02.ao""]","[""run""]","[""end""]",2700,1,2,"","","Metadata/Projectiles/Projectile","",2,"","",[],"",0,0,0,0,"","",0,0,100,100,0,[],"",[],"","","","","","","","","","",[],[],1
1112,"Metadata/Projectiles/BaronBloodSpike3","[""Metadata/Effects/Spells/monsters_effects/Act1_FOUR/Baron/blood_spike_03.ao""]","[""run""]","[""end""]",2700,1,2,"","","Metadata/Projectiles/Projectile","",2,"","",[],"",0,0,0,0,"","",0,0,100,100,0,[],"",[],"","","","","","","","","","",[],[],1
1113,"Metadata/Projectiles/BaronBloodSpike4","[""Metadata/Effects/Spells/monsters_effects/Act1_FOUR/Baron/blood_spike_04.ao""]","[""run""]","[""end""]",2700,1,2,"","","Metadata/Projectiles/Projectile","",2,"","",[],"",0,0,0,0,"","",0,0,100,100,0,[],"",[],"","","","","","","","","","",[],[],1
1114,"Metadata/Projectiles/BaronBloodSpike5","[""Metadata/Effects/Spells/monsters_effects/Act1_FOUR/Baron/blood_spike_05.ao""]","[""run""]","[""end""]",2700,1,2,"","","Metadata/Projectiles/Projectile","",2,"","",[],"",0,0,0,0,"","",0,0,100,100,0,[],"",[],"","","","","","","","","","",[],[],1
1115,"Metadata/Projectiles/RamGiantWheel","[""Metadata/Effects/Spells/monsters_effects/Act2_FOUR/RamGiant/proj_wheel.ao""]","[""once""]",[],1500,1,4,"","","Metadata/Projectiles/ProjectileMortar","",4,"","",[],"",0,0,0,0,"","",0,0,100,100,0,[],1,[4],"","","","","","","","","","",[],[],1
1116,"Metadata/Projectiles/BaronBloodWallProjectileSmall","[""Metadata/Effects/Spells/monsters_effects/Act1_FOUR/Baron/blood_projectile_small.ao""]","[""projectile""]","[""impact""]",1800,"",2,"","","Metadata/Projectiles/Projectile","",2,"","",[],"",0,0,0,0,"","",0,0,100,100,0,[],"",[],"","","","","","","","","","",[],[],1
1117,"Metadata/Projectiles/BaronBloodWallProjectileMedium","[""Metadata/Effects/Spells/monsters_effects/Act1_FOUR/Baron/blood_projectile_medium.ao""]","[""projectile""]","[""impact""]",1400,"",3,"","","Metadata/Projectiles/Projectile","",3,"","",[],"",0,0,0,0,"","",0,0,100,100,0,[],"",[],"","","","","","","","","","",[],[],1
1118,"Metadata/Projectiles/BaronBloodWallProjectileLarge","[""Metadata/Effects/Spells/monsters_effects/Act1_FOUR/Baron/blood_projectile_large.ao""]","[""projectile""]","[""impact""]",1000,"",3,"","","Metadata/Projectiles/Projectile","",3,"","",[],"",0,0,0,0,"","",0,0,100,100,0,[],"",[],"","","","","","","","","","",[],[],1
1119,"Metadata/Projectiles/MutewindJavelin","[""Metadata/Effects/Spells/monsters_effects/Act2_FOUR/MutewindJavelinThrower/MutewindJavelinThrower.ao""]","[""loop""]","[""end""]",2000,1,2,"","","Metadata/Projectiles/Projectile","",2,"","",[],"",100,100,0,0,"","",0,0,100,100,0,[],"",[],"","","","","","","","","","",[],[],1
1120,"Metadata/Projectiles/MutantBirdVomitMortarSmall","[""Metadata/Effects/Spells/monsters_effects/Act1_FOUR/MudBurrower/mortar.ao""]","[""once""]",[],600,1,2,"","","Metadata/Projectiles/Projectile","",2,"","",[],"",0,0,0,0,"","",0,0,100,100,0,[],"",[],"","","","","","","","","","",[],[],1
1121,"Metadata/Projectiles/MutantBirdVomitMortarMedium","[""Metadata/Effects/Spells/monsters_effects/Act1_FOUR/MudBurrower/mortar.ao""]","[""once""]",[],600,1,2,"","","Metadata/Projectiles/Projectile","",2,"","",[],"",0,0,0,0,"","",0,0,100,100,0,[],"",[],"","","","","","","","","","",[],[],1
1122,"Metadata/Projectiles/MutantBirdVomitMortarLarge","[""Metadata/Effects/Spells/monsters_effects/Act1_FOUR/MudBurrower/mortar.ao""]","[""once""]",[],600,1,2,"","","Metadata/Projectiles/Projectile","",2,"","",[],"",0,0,0,0,"","",0,0,100,100,0,[],"",[],"","","","","","","","","","",[],[],1
1123,"Metadata/Projectiles/BaronBloodWallMortarSmall","[""Metadata/Effects/Spells/monsters_effects/Act1_FOUR/Baron/wall_mortar.ao""]","[""once""]",[],1500,1,2,"","","Metadata/Projectiles/Projectile","",2,"","",[],"",0,0,0,0,"","",0,0,40,40,0,[],"",[],"","","","","","","","","","",[],[],1
1124,"Metadata/Projectiles/BaronBloodWallMortarMedium","[""Metadata/Effects/Spells/monsters_effects/Act1_FOUR/Baron/wall_mortar.ao""]","[""once""]",[],1500,1,3,"","","Metadata/Projectiles/Projectile","",3,"","",[],"",0,0,0,0,"","",0,0,75,75,0,[],"",[],"","","","","","","","","","",[],[],1
1125,"Metadata/Projectiles/BaronBloodWallMortarLarge","[""Metadata/Effects/Spells/monsters_effects/Act1_FOUR/Baron/wall_mortar.ao""]","[""once""]",[],1500,1,3,"","","Metadata/Projectiles/Projectile","",3,"","",[],"",0,0,0,0,"","",0,0,125,125,0,[],"",[],"","","","","","","","","","",[],[],1
1126,"Metadata/Projectiles/HyenaCentaurSpear","[""Metadata/Effects/Spells/monsters_effects/Act2_FOUR/SunClanScavenger/rig.ao""]","[""loop""]","[""end""]",2750,1,2,"","","Metadata/Projectiles/Projectile","",2,"","",[],"",100,100,0,0,"","",0,0,100,100,0,[],1,[],"","","","","","","","","","",[],[],""
1127,"Metadata/Projectiles/HyenaCentaurSpearBallistic","[""Metadata/Effects/Spells/monsters_effects/Act2_FOUR/SunClanScavenger/rig.ao""]","[""loop""]","[""end""]",2750,1,2,"","","Metadata/Projectiles/Projectile","",2,"","",[],"",100,100,0,0,"","",0,0,100,100,0,[],1,[],"","","","","","","","","","",[],[],1
1128,"Metadata/Projectiles/VultureRegurgitatorMortar","[""Metadata/Effects/Spells/monsters_effects/Act2_FOUR/VultureRegurgitator/Projectile.ao""]","[""animate""]",[],350,1,2,"","","Metadata/Projectiles/ProjectileMortar","",2,"","",[],"",0,0,0,0,"","",0,0,100,100,0,[],"",[],"","","","","","","","","","",[],[],1
1129,"Metadata/Projectiles/HeartseekerBasicProjectile","[""Metadata/Effects/Spells/monsters_effects/League_Heist/Gianna/projectile.ao""]","[""loop""]","[""end""]",1500,"",2,"","","Metadata/Projectiles/Projectile","",2,"","",[],"",0,0,0,0,"","",0,0,100,100,0,[],"",[],"","","","","","","","","","",[],[],1
1130,"Metadata/Projectiles/HeartseekerBloodMortar","[""Metadata/Effects/Spells/monsters_effects/Act2_FOUR/Heartseeker/big_mortar_proj.ao""]","[""projectile""]",[],750,1,2,"","","Metadata/Projectiles/ProjectileMortar","",2,"","",[],"",0,0,0,0,"","",0,0,100,100,0,[],"",[],"","","","","","","","","","",[],[],1
1131,"Metadata/Projectiles/RisenArbalestMultiShot","[""Metadata/Effects/Spells/monsters_effects/Act2_FOUR/RisenArbalest/multishot_proj.ao""]","[""loop""]","[""end""]",2600,"",2,"","","Metadata/Projectiles/Projectile","",2,"","",[],"",0,0,0,0,"","",0,0,100,100,0,[],"",[],"","","","","","","","","","",[],[],1
1132,"Metadata/Projectiles/RisenArbalestBurningSnipe","[""Metadata/Effects/Spells/monsters_effects/Act2_FOUR/RisenArbalest/burning_proj.ao""]","[""loop""]","[""end""]",3500,"",3,"","","Metadata/Projectiles/Projectile",5493,3,"","","[""Metadata/Effects/Spells/monsters_effects/Act2_FOUR/RisenArbalest/burning_proj_stuck.ao""]","",100,100,0,0,"","",0,0,100,100,0,[],"",[],"","","","","","","","","","",[],[],1
1133,"Metadata/Projectiles/BlackStriderMassMortar","[""Metadata/Effects/Spells/monsters_effects/Act2_FOUR/BlackStrider/spray_mortar_01.ao"",""Metadata/Effects/Spells/monsters_effects/Act2_FOUR/BlackStrider/spray_mortar_02.ao"",""Metadata/Effects/Spells/monsters_effects/Act2_FOUR/BlackStrider/spray_mortar_03.ao"",""Metadata/Effects/Spells/monsters_effects/Act2_FOUR/BlackStrider/spray_mortar_04.ao""]","[""animate""]",[],1200,1,2,"","","Metadata/Projectiles/Projectile","",2,"","",[],"",0,0,0,0,"","",0,0,100,100,2,[],"",[],"","","","","","","","","","",[],[],1
1134,"Metadata/Projectiles/BlackStriderWebProjectile","[""Metadata/Effects/Spells/monsters_effects/Act2_FOUR/BlackStrider/webmortar.ao""]","[""animate""]",[],800,1,2,"","","Metadata/Projectiles/Projectile","",2,"","",[],"",0,0,0,0,"","",0,0,100,100,1,[],"",[],"","","","","","","","","","",[],[],1
1135,"Metadata/Projectiles/RisenArbalestBasicProjectile","[""Metadata/Effects/Spells/monsters_effects/Act2_FOUR/RisenArbalest/basic_proj.ao""]","[""loop""]","[""end""]",2600,"",2,"","","Metadata/Projectiles/Projectile","",2,"","",[],"",0,0,0,0,"","",0,0,100,100,0,[],"",[],"","","","","","","","","","",[],[],1
1136,"Metadata/Projectiles/BanditGirlGhostSpear","[""Metadata/Effects/Spells/monsters_effects/Act2_FOUR/MutewindBanditGirl/spear_proj.ao""]","[""animate""]",[],1800,"",2,"","","Metadata/Projectiles/Projectile","",2,"","",[],"",0,0,0,0,"","",0,0,100,100,0,[],"",[],"","","","","","","","","","",[],[],1
1137,"Metadata/Projectiles/GuardedAssaultSpear","[""Metadata/Effects/Spells/spear_guarded/spear_projectile.ao""]","[""projectile_01""]","[""impact_01""]",2500,"",2,"","","Metadata/Projectiles/Projectile",5571,3,"","",[],"",0,0,0,0,"","",0,0,100,100,0,[],"",[],"","","","","","","","","","",[],[],1
1138,"Metadata/Projectiles/BoneCultistBasicFire","[""Metadata/Effects/Spells/monsters_effects/Act2_FOUR/BoneCultistsZealots/fire_projectile.ao""]","[""proj""]","[""impact""]",1500,"",2,"","","Metadata/Projectiles/Projectile","",2,"","",[],"",0,0,0,0,"","",0,0,100,100,0,[],"",[],"","","","","","","","","","",[],[],1
1139,"Metadata/Projectiles/BoneCultistBasicLightning","[""Metadata/Effects/Spells/monsters_effects/Act2_FOUR/BoneCultistsZealots/lightning_projectile.ao""]","[""proj""]","[""impact""]",2700,"",2,"","","Metadata/Projectiles/Projectile","",2,"","",[],"",0,0,0,0,"","",0,0,100,100,0,[],"",[],"","","","","","","","","","",[],[],1
1140,"Metadata/Projectiles/BoneCultistNecromancerBolt","[""Metadata/Effects/Spells/monsters_effects/Act2_FOUR/BoneCultists/projectile.ao""]","[""proj""]","[""impact""]",2000,"",1,"","","Metadata/Projectiles/Projectile","",1,"","",[],"",0,0,0,0,"","",0,0,100,100,0,[],"",[],"","","","","","","","","","",[],[],1
1141,"Metadata/Projectiles/RetreatingThrow","[""Metadata/Effects/Spells/spear_backstep/spear_backstep_proj.ao""]","[""spear_proj_01""]","[""spear_proj_impact_01""]",2500,"",3,"","","Metadata/Projectiles/Projectile",5516,3,"","",[],"",0,0,0,0,"","",0,0,100,100,0,[],"",[],"","","","","","","","","","",[],[],1
1142,"Metadata/Projectiles/ShellMonsterDeathMortar","[""Metadata/Effects/Spells/monsters_effects/Act2_FOUR/ShellMonster/plasma_mortar.ao""]","[""mortar_01""]",[],1500,1,2,"","","Metadata/Projectiles/ProjectileMortar","",2,"","",[],"",0,0,0,0,"","",0,0,100,100,1,[],"",[],"","","","","","","","","","",[],[],1
1143,"Metadata/Projectiles/ShellMonsterDeathMortarPoison","[""Metadata/Effects/Spells/monsters_effects/Act4_FOUR/Brimstone_Crab/mortar.ao""]","[""mortar_01""]",[],1500,1,2,"","","Metadata/Projectiles/ProjectileMortar","",2,"","",[],"",0,0,0,0,"","",0,0,100,100,1,[],"",[],"","","","","","","","","","",[],[],1
1144,"Metadata/Projectiles/DeceleratingProjectileSerpentClan","[""Metadata/Monsters/SerpentClanMonster/Effects/Ao/cursespell.ao""]","[""projectile""]","[""impact_01""]",1100,"",2,"","","Metadata/Projectiles/Projectile","",2,"","",[],"",0,0,0,0,"","",0,0,100,100,0,[],"",[],"","","","","","","","","","",[],[],1
1145,"Metadata/Projectiles/DeceleratingProjectileSerpentClanSanctum","[""Metadata/Monsters/SerpentClanMonster/Effects/Ao/cursespell.ao""]","[""projectile""]","[""projectile_idle_01""]",1200,"",2,"","","Metadata/Projectiles/Projectile","",2,"","",[],"",0,0,0,0,"","",0,0,100,100,0,[],"",[],"","","","","","","","","","",[],[],1
1146,"Metadata/Projectiles/DeceleratingProjectileSerpentClanBoss","[""Metadata/Effects/Spells/monsters_effects/Act2_FOUR/SerpentClanBoss/decel_proj.ao""]","[""projectile""]","[""idle_projectile""]",1100,1,2,"","","Metadata/Projectiles/ServerProjectile","",2,"","",[],"",0,0,0,0,"","",0,0,100,100,0,[],"",[],"","","","","","","","","","",[],[],1
1147,"Metadata/Projectiles/DeceleratingProjectileSerpentClanBossIdleForImpact","[""Metadata/Effects/Spells/monsters_effects/Act2_FOUR/SerpentClanBoss/decel_proj.ao""]","[""projectile""]","[""idle_projectile""]",1100,"",2,"","","Metadata/Projectiles/ServerProjectile","",2,"","",[],"",0,0,0,0,"","",0,0,100,100,0,[],"",[],"","","","","","","","","","",[],[],1
1148,"Metadata/Projectiles/ComboSpear","[""Metadata/Effects/Spells/spear_shrapnel/spear_proj.ao""]","[""spear_proj_01""]","[""spear_proj_impact_01""]",2500,1,3,"","","Metadata/Projectiles/Projectile","",3,"","",[],"",0,0,0,0,"","",0,0,100,100,0,[],"",[],"","","","","","","","","","",[],[],1
1149,"Metadata/Projectiles/AcolyteMortar","[""Metadata/Monsters/MarAcolyte/Effects/Ao/mortarprojectile.ao""]","[""animate""]",[],750,1,2,"","","Metadata/Projectiles/ProjectileMortar","",2,"","",[],"",0,0,0,0,"","",0,0,100,100,0,[],"",[],"","","","","","","","","","",[],[],1
1150,"Metadata/Projectiles/MundaneMagiMortar","[""Metadata/Effects/Spells/monsters_effects/Act2_FOUR/MundaneMagi/censer_mortar.ao""]","[""mortar_01""]",[],500,1,2,"","","Metadata/Projectiles/ProjectileMortar","",2,"","",[],"",0,0,0,0,"","",0,0,100,100,0,[],"",[],"","","","","","","","","","",[],[],1
1151,"Metadata/Projectiles/MundaneMagiMortarSanctum","[""Metadata/Effects/Spells/monsters_effects/Act2_FOUR/MundaneMagi/censer_mortar_big.ao""]","[""mortar_01""]",[],250,1,2,"","","Metadata/Projectiles/ProjectileMortar","",2,"","",[],"",0,0,0,0,"","",0,0,100,100,0,[],"",[],"","","","","","","","","","",[],[],1
1152,"Metadata/Projectiles/MundaneMagiBasic","[""Metadata/Effects/Spells/monsters_effects/Act2_FOUR/MundaneMagi/censer_fire_proj.ao""]","[""proj_01""]","[""impact_01""]",1350,"",2,"","","Metadata/Projectiles/Projectile","",2,"","",[],"",0,0,0,0,"","",0,0,100,100,0,[],"",[],"","","","","","","","","","",[],[],1
1153,"Metadata/Projectiles/PitifulSkullMortar","[""Metadata/Effects/Spells/monsters_effects/Act2_FOUR/PitifulFabrications/mortar.ao""]","[""animate""]","[""impact_01""]",1000,"",2,"","","Metadata/Projectiles/Projectile","",2,"","",[],"",0,0,0,0,"","",0,0,100,100,0,[],1,[],"","","","","","","","","","",[],[],1
1154,"Metadata/Projectiles/DemonVineSprayTotemProjectileLightning","[""Metadata/Monsters/Totems/DemonVine/Effects/Ao/LightningArrow.ao""]","[""idle""]","[""impact""]",3000,"",2,"","","Metadata/Projectiles/Projectile",5546,2,"","",[],"",0,0,0,0,"","",0,0,100,100,0,[],"",[],"","","","","","","","","","",[],[],1
1155,"Metadata/Projectiles/RamGiantMortar","[""Metadata/Effects/Spells/monsters_effects/Act2_FOUR/RamGiant/vomit_mortar.ao""]","[""mortar""]","[""impact_01""]",1000,1,2,"","","Metadata/Projectiles/Projectile","",2,"","",[],"",0,0,0,0,"","",0,0,100,100,1,[],"",[],"","","","","","","","","","",[],[],1
1156,"Metadata/Projectiles/ComboSpearShatter","[""Metadata/Effects/Spells/spear_shrapnel/shard_proj.ao""]","[""shard_proj_01""]",[],2500,1,1,"","","Metadata/Projectiles/Projectile","",1,"","",[],"",0,0,0,0,"","",0,0,100,100,0,[],"",[],"","","","","","","","","","",[],[],1
1157,"Metadata/Projectiles/WebTetheringArrow","[""Metadata/Effects/Spells/monsters_effects/Act2_FOUR/MeleeSpider/web_projectile.ao""]","[""loop""]","[""end""]",3260,"",2,"","","Metadata/Projectiles/Projectile","",2,"","",[],"",0,0,0,0,"","",0,0,100,100,0,[],"",[],"","","","","","","","","","",[],[],1
1158,"Metadata/Projectiles/UltimatumRuinProjectileOnce","[""Metadata/Effects/Spells/monsters_effects/League_Ultimatum/general_combat/ruin_projectile.ao""]","[""proj_02""]","[""impact_01""]",1000,"",2,"","","Metadata/Projectiles/Projectile","",2,"","",[],"",0,0,0,0,"","",0,0,100,100,0,[],"",[],"","","","","","","","","","",[],[],1
1159,"Metadata/Projectiles/SanctumRevenantOnce","[""Metadata/Effects/Spells/monsters_effects/League_Sanctum/monsters/fodder/revenant_projectile.ao""]","[""proj_02""]","[""impact_01""]",1000,1,2,"","","Metadata/Projectiles/Projectile","",2,"","",[],"",0,0,0,0,"","",0,0,100,100,0,[],"",[],"","","","","","","","","","",[],[],1
1160,"Metadata/Projectiles/DefaultArrowMerchant","[""Metadata/Effects/Microtransactions/Spells/blink_mirror_arrow/merchant/arrow.ao""]",[],[],3260,"",1,"",1,"Metadata/Projectiles/Projectile","",1,"","","[""Metadata/Effects/Microtransactions/Spells/blink_mirror_arrow/merchant/arrow_stuck.ao""]","Metadata/Effects/Microtransactions/Spells/blink_mirror_arrow/merchant/arrow_bounce.ao",50,80,0,20,"","",0,100,100,100,0,[],"",[],"","","","","","","","","","",[],[],1
1161,"Metadata/Projectiles/BowGuardBarrage","[""Metadata/Effects/Spells/monsters_effects/League_Ultimatum/general_combat/vaal_guards/vaal_guard_cold_barrage_proj.ao""]","[""cold_barrage""]","[""projectile_impact_01""]",2250,"",2,"","","Metadata/Projectiles/Projectile","",2,"","",[],"",0,0,0,0,"","",0,0,100,100,0,[],"",[],"","","","","","","","","","",[],[],1
1162,"Metadata/Projectiles/BowGuardBarrageRuin","[""Metadata/Effects/Spells/monsters_effects/League_Ultimatum/general_combat/vaal_guards/vaal_guard_cold_barrage_proj_ruin.ao""]","[""cold_barrage""]","[""projectile_impact_01""]",2250,"",2,"","","Metadata/Projectiles/Projectile","",2,"","",[],"",0,0,0,0,"","",0,0,100,100,0,[],"",[],"","","","","","","","","","",[],[],1
1163,"Metadata/Projectiles/TrialmasterFireMortar","[""Metadata/Effects/Spells/monsters_effects/League_Ultimatum/trialmaster_boss/elemortar_01.ao""]","[""elemortar_01""]",[],750,1,2,"","","Metadata/Projectiles/ProjectileMortar","",2,"","",[],"",0,0,0,0,"","",0,0,100,100,1,[],"",[],"","","","","","","","","","",[],[],1
1164,"Metadata/Projectiles/TrialmasterColdMortar","[""Metadata/Effects/Spells/monsters_effects/League_Ultimatum/trialmaster_boss/elemortar_02.ao""]","[""elemortar_01""]",[],750,1,2,"","","Metadata/Projectiles/ProjectileMortar","",2,"","",[],"",0,0,0,0,"","",0,0,100,100,1,[],"",[],"","","","","","","","","","",[],[],1
1165,"Metadata/Projectiles/TrialmasterLightningMortar","[""Metadata/Effects/Spells/monsters_effects/League_Ultimatum/trialmaster_boss/elemortar_03.ao""]","[""elemortar_01""]",[],750,1,2,"","","Metadata/Projectiles/ProjectileMortar","",2,"","",[],"",0,0,0,0,"","",0,0,100,100,1,[],"",[],"","","","","","","","","","",[],[],1
1166,"Metadata/Projectiles/TrialmasterOmegaProjectile","[""Metadata/Effects/Spells/monsters_effects/League_Ultimatum/trialmaster_boss/omega_proj.ao""]","[""omega_proj_01""]","[""omega_explode_01""]",750,"",4,"","","Metadata/Projectiles/ProjectileGround","",4,"","",[],"",0,0,0,0,"","",0,0,100,100,0,[],"",[],"","","","","","","","","","",[],[],1
1167,"Metadata/Projectiles/TrialmasterThrownWeapon","[""Metadata/Effects/Spells/monsters_effects/League_Ultimatum/trialmaster_boss/weapon_proj.ao""]","[""weapon_throw_01""]","[""weapon_grd_01""]",3260,1,3,"","","Metadata/Projectiles/Projectile","",3,"","",[],"",0,0,0,0,"","",0,0,100,100,0,[],"",[],"","","","","","","","","","",[],[],1
1168,"Metadata/Projectiles/TrialmasterSpikeMortar","[""Metadata/Effects/Spells/monsters_effects/League_Ultimatum/trialmaster_boss/spike_slam_proj.ao""]","[""spike_slam_projectile_01""]","[""impact_01""]",2000,1,1,"","","Metadata/Projectiles/Projectile","",1,"","",[],"",0,0,0,0,"","",0,0,100,100,0,[],"",[],"","","","","","","","","","",[],[],1
1169,"Metadata/Projectiles/TrialmasterOmegaProjectileRuin","[""Metadata/Effects/Spells/monsters_effects/League_Ultimatum/trialmaster_boss/omega_proj_ruin.ao""]","[""omega_proj_02""]","[""omega_explode_02""]",750,"",4,"","","Metadata/Projectiles/ProjectileGround","",4,"","",[],"",0,0,0,0,"","",0,0,100,100,0,[],"",[],"","","","","","","","","","",[],[],1
1170,"Metadata/Projectiles/CorpseEruptionProjectileVaalOrb","[""Metadata/Effects/Microtransactions/Spells/VaalOrbCremation/VaalOrbMortarProjectile.ao""]","[""once""]",[],400,1,1,"","","Metadata/Projectiles/ProjectileGround","",1,"","",[],"",0,0,0,0,"","",0,0,100,100,1,[],"",[],"","","","","","","","","","",[],[],1
1171,"Metadata/Projectiles/LightningArrowRearOrigin","[""Metadata/Effects/Spells/lightning_arrows_02/lightning_arrow_rear_origin.ao""]",[],[],3260,"",1,"","","Metadata/Projectiles/Projectile","",1,"","","[""Metadata/Effects/Spells/lightning_arrows_02/lightning_arrow_stuck.ao""]","Metadata/Effects/Spells/lightning_arrows_02/lightning_arrow_bounce.ao",50,80,0,20,"","",0,100,100,100,0,[],"",[],"","","","","","","","","","",[],[],1
1172,"Metadata/Projectiles/BurningArrowRearOrigin","[""Metadata/Effects/Spells/firearrow_02/burning_arrow_rear_origin.ao""]",[],[],3260,"",1,"","","Metadata/Projectiles/Projectile","",1,"","","[""Metadata/Effects/Spells/base_arrow_attack/stuck_arrows/arrow_fire.ao""]","Metadata/Effects/Spells/firearrow_02/burning_arrow_bounce.ao",50,80,0,20,3572,"",0,0,100,100,0,[],"",[],"","","","","","","","","","",[],[],1
1173,"Metadata/Projectiles/IceArrowRearOrigin","[""Metadata/Effects/Spells/icearrow_02/arrow_ice_rear_origin.ao""]",[],[],3260,"",1,"","","Metadata/Projectiles/Projectile","",1,"","","[""Metadata/Effects/Spells/icearrow_02/arrow_ice_stuck.ao""]","Metadata/Effects/Spells/icearrow_02/arrow_ice_bounce.ao",50,80,0,20,"","",0,100,100,100,0,[],"",[],"","","","","","","","","","",[],[],1
1174,"Metadata/Projectiles/CorpseEruptionProjectileVoidEmperor","[""Metadata/Effects/Microtransactions/Spells/corpse_eruption/VoidEmperor/CorpseEruptionMortarProjectile.ao""]","[""once""]",[],400,1,1,"","","Metadata/Projectiles/ProjectileGround","",1,"","",[],"",0,0,0,0,"","",0,0,100,100,1,[],"",[],"","","","","","","","","","",[],[],1
1175,"Metadata/Projectiles/PunctureArrowStygian","[""Metadata/Effects/Microtransactions/Spells/StygianPuncture/epk/StygianPuncture_arrow/StygianPuncture_Arrow.ao""]",[],[],3260,"",1,"",1,"Metadata/Projectiles/Projectile","",1,"","","[""Metadata/Effects/Microtransactions/Spells/StygianPuncture/epk/StygianPuncture_arrow/StygianPuncture_Arrow_stuck.ao""]","Metadata/Effects/Microtransactions/Spells/StygianPuncture/epk/StygianPuncture_arrow/StygianPuncture_Arrow_bounce.ao",50,80,0,20,5759,5761,0,100,100,100,0,[],"",[],"","","","","","","","","","",[],[],1
1176,"Metadata/Projectiles/SoulfeastPrimaryMortar","[""Metadata/Effects/Spells/chaos_forbidden_rite/forbiddenRite_projectile.ao""]","[""mortar_01""]","[""impact_01""]",1200,1,2,"","","Metadata/Projectiles/ProjectileMortar","",2,"","",[],"",0,0,0,0,"","",0,0,100,100,1,[],"",[],"","","","","","","","","","",[],[],1
1177,"Metadata/Projectiles/SoulfeastSecondaryMortar","[""Metadata/Effects/Spells/chaos_forbidden_rite/forbiddenRite_projectile.ao""]","[""mortar_01""]","[""impact_01""]",1200,1,2,"","","Metadata/Projectiles/ProjectileMortar","",2,"","",[],"",0,0,0,0,"","",0,0,100,100,1,[],"",[],"","","","","","","","","","",[],[],1
1178,"Metadata/Projectiles/SoulfeastPrimaryMortarShort","[""Metadata/Effects/Spells/chaos_forbidden_rite/forbiddenRite_projectile.ao""]","[""mortar_01""]","[""impact_01""]",1200,1,2,"","","Metadata/Projectiles/ProjectileMortar","",2,"","",[],"",0,0,0,0,"","",0,0,100,100,1,[],"",[],"","","","","","","","","","",[],[],1
1179,"Metadata/Projectiles/SoulfeastSecondaryMortarShort","[""Metadata/Effects/Spells/chaos_forbidden_rite/forbiddenRite_projectile.ao""]","[""mortar_01""]","[""impact_01""]",1200,1,2,"","","Metadata/Projectiles/ProjectileMortar","",2,"","",[],"",0,0,0,0,"","",0,0,100,100,1,[],"",[],"","","","","","","","","","",[],[],1
1180,"Metadata/Projectiles/ExpeditionBoneThrow","[""Metadata/Effects/Spells/monsters_effects/League_Expedition/general/urchin/proj_rig.ao""]","[""loop""]","[""end""]",1500,"",2,"","","Metadata/Projectiles/Projectile","",2,"","",[],"",0,0,0,0,"","",0,0,100,100,0,[],1,[],"","","","","","","","","","",[],[],1
1181,"Metadata/Projectiles/ExpeditionArbalestProjectile","[""Metadata/Effects/Spells/monsters_effects/League_Expedition/general/arbalest/ao/base_arrow.ao""]","[""proj""]","[""impact""]",3260,"",2,"","","Metadata/Projectiles/Projectile","",2,"","",[],"",0,0,0,0,"","",0,0,100,100,0,[],"",[],"","","","","","","","","","",[],[],1
1182,"Metadata/Projectiles/ExpeditionArbalestSnipeProjectile","[""Metadata/Effects/Spells/monsters_effects/League_Expedition/general/arbalest/ao/virulent_arrow_proj.ao""]","[""proj""]","[""impact""]",3260,"",2,"","","Metadata/Projectiles/Projectile","",2,"","",[],"",0,0,0,0,"","",0,0,100,100,0,[],"",[],"","","","","","","","","","",[],[],1
1183,"Metadata/Projectiles/ExpeditionBoneCultistOrbProjectile","[""Metadata/Effects/Spells/monsters_effects/League_Expedition/general/bone_cultist/projectile_egg.ao""]","[""loop""]","[""end""]",1500,1,2,"","","Metadata/Projectiles/Projectile","",2,"","",[],"",0,0,0,0,"","",0,0,100,100,0,[],"",[0],"","","","","","","","","","",[],[],1
1184,"Metadata/Projectiles/ExpeditionBoneCultistProjectile","[""Metadata/Effects/Spells/monsters_effects/League_Expedition/general/bone_cultist/projectile.ao""]","[""proj""]","[""impact""]",1500,"",2,"","","Metadata/Projectiles/Projectile","",2,"","",[],"",0,0,0,0,"","",0,0,100,100,0,[],"",[],"","","","","","","","","","",[],[],1
1185,"Metadata/Projectiles/SpectralSpiral","[""Metadata/Effects/Spells/spectral_hammer/Spectral_Hammer_WeaponAttachment.ao""]","[""1h_axe_throw""]",[],1500,"",2,"","","Metadata/Projectiles/Projectile","",4,"","",[],"",0,0,0,0,"","",0,0,100,100,0,[],"",[],"","","","","","","","","","",[],[],1
1186,"Metadata/Projectiles/ExpeditionApparitionBossOrbProjectile","[""Metadata/Effects/Spells/monsters_effects/League_Expedition/boss/uhtred/bomb_projectiles.ao""]","[""loop""]","[""flurry_orb_explode_01""]",800,1,2,"","","Metadata/Projectiles/Projectile","",2,"","",[],"",0,0,0,0,"","",0,0,100,100,0,[],"",[],"","","","","","","","","","",[],[],1
1187,"Metadata/Projectiles/ExpeditionApparitionBasicProjectile","[""Metadata/Effects/Spells/monsters_effects/League_Expedition/boss/uhtred/basic_projectile.ao""]","[""basic_proj_01"",""basic_proj_02"",""basic_proj_03""]","[""basic_impact_light_01""]",1500,1,2,"","","Metadata/Projectiles/Projectile","",2,"","",[],"",0,0,0,0,"","",0,0,100,100,0,[],"",[],"","","","","","","","","","",[],[],1
1188,"Metadata/Projectiles/ExpeditionApparitionSweepProjectile","[""Metadata/Effects/Spells/monsters_effects/League_Expedition/boss/uhtred/projectile_barrage.ao""]","[""basic_proj_01""]","[""basic_impact_01""]",650,"",2,"","","Metadata/Projectiles/Projectile","",2,"","",[],"",0,0,0,0,"","",0,0,100,100,0,[],"",[],"","","","","","","","","","",[],[],1
1189,"Metadata/Projectiles/ExpeditionApparitionSweepProjectileCombined","[""Metadata/Effects/Spells/monsters_effects/League_Expedition/boss/uhtred/projectile_barrage.ao""]","[""basic_proj_01""]","[""basic_impact_01""]",200,"",2,"","","Metadata/Projectiles/Projectile","",2,"","",[],"",0,0,0,0,"","",0,0,100,100,0,[],"",[],"","","","","","","","","","",[],[],1
1190,"Metadata/Projectiles/ExpeditionOlrothThrownSwordOut","[""Metadata/Effects/Spells/monsters_effects/League_Expedition/boss/olroth/sword_Projectile_01.ao""]","[""sword_projectile_01""]","[""sword_projectile_impact_02""]",2700,"",4,"","","Metadata/Projectiles/Projectile","",4,"","",[],"",0,0,0,0,"","",0,0,100,100,0,[],"",[],"","","","","","","","","","",[],[],1
1191,"Metadata/Projectiles/ExpeditionOlrothThrownSwordBack","[""Metadata/Effects/Spells/monsters_effects/League_Expedition/boss/olroth/sword_Projectile_02.ao""]","[""sword_projectile_02""]","[""sword_projectile_impact_02""]",2700,1,3,"","","Metadata/Projectiles/Projectile","",3,"","",[],"",0,0,0,0,"","",0,0,100,100,0,[],"",[],"","","","","","","","","","",[],[],1
1192,"Metadata/Projectiles/ExpeditionOlrothLacerate","[""Metadata/Effects/Spells/monsters_effects/League_Expedition/boss/olroth/lacerate_01.ao""]","[""lacerate_01""]","[""basic_impact_01""]",1300,"",3,"","","Metadata/Projectiles/Projectile","",3,"","",[],"",0,0,0,0,"","",0,0,100,100,0,[],"",[],"","","","","","","","","","",[],[],1
1193,"Metadata/Projectiles/IgnitingFlaskProjectile","[""Metadata/Effects/Spells/flask_throw/flask_mortar.ao""]","[""mortar_01""]",[],1200,1,2,"","","Metadata/Projectiles/ProjectileMortar","",2,"","",[],"",0,0,0,0,"","",0,0,100,100,1,[],"",[],"","","","","","","","","","",[],[],1
1194,"Metadata/Projectiles/VoidSpark","[""Metadata/Effects/Microtransactions/Spells/spark/void/rig.ao""]","[""electrical_surge""]","[""electrical_explode""]",420,1,1,"","","Metadata/Projectiles/ProjectileGround","",2,"","",[],"",0,0,0,0,"","",0,0,100,100,0,[],"",[],"","","","","","","","","","",[],[],1
1195,"Metadata/Projectiles/FrozenSphere","[""Metadata/Effects/Spells/cold_eye_of_winter/projectile.ao""]","[""FrozenBall_idle""]","[""FrozenBall_death""]",225,"",2,"","","Metadata/Projectiles/Projectile","",2,"","",[],"",0,0,0,0,"","",0,0,100,100,0,[],"",[],"","","","","","","","","","",[],[],1
1196,"Metadata/Projectiles/FrozenSphereShard","[""Metadata/Effects/Spells/cold_eye_of_winter/shard.ao""]","[""FrozenShard_idle""]","[""FrozenShard_death""]",1000,"",2,"","","Metadata/Projectiles/Projectile","",2,"","",[],"",0,0,0,0,"","",0,0,100,100,0,[],"",[],"","","","","","","","","","",[],[],1
1197,"Metadata/Projectiles/ExpeditionArmourCasterBasic","[""Metadata/Effects/Spells/monsters_effects/League_Expedition/general/armored_caster/off_hand_proj_01.ao""]","[""basic_projectile_01""]","[""basic_impact_01""]",1100,"",2,"","","Metadata/Projectiles/Projectile","",2,"","",[],"",0,0,0,0,"","",0,0,100,100,0,[],"",[],"","","","","","","","","","",[],[],1
1198,"Metadata/Projectiles/ExpeditionMercurialCasterBasic","[""Metadata/Effects/Spells/monsters_effects/League_Expedition/general/mercurial_armour/ao/projectile.ao""]","[""proj""]","[""end""]",1100,"",2,"","","Metadata/Projectiles/Projectile","",2,"","",[],"",0,0,0,0,"","",0,0,100,100,0,[],"",[],"","","","","","","","","","",[],[],1
1199,"Metadata/Projectiles/ExpeditionMercurialCasterEnrage","[""Metadata/Effects/Spells/monsters_effects/League_Expedition/general/mercurial_armour/ao/projectile_enraged.ao""]","[""proj""]","[""end""]",1100,"",2,"","","Metadata/Projectiles/Projectile","",2,"","",[],"",0,0,0,0,"","",0,0,100,100,0,[],"",[],"","","","","","","","","","",[],[],1
1200,"Metadata/Projectiles/MedvedBossThrownWeapon","[""Metadata/Effects/Spells/monsters_effects/League_Expedition/boss/medved/axe_projectile.ao""]","[""loop""]","[""end""]",3260,1,3,"","","Metadata/Projectiles/Projectile","",3,"","",[],"",0,0,0,0,"","",0,0,100,100,0,[],"",[],"","","","","","","","","","",[],[],1
1201,"Metadata/Projectiles/MedvedBossThrownBoulder","[""Metadata/Effects/Spells/monsters_effects/League_Expedition/boss/medved/rock_projectile.ao""]","[""loop""]","[""end""]",1500,"",4,"","","Metadata/Projectiles/Projectile","",4,"","",[],"",0,0,0,0,"","",0,0,100,100,0,[],"",[],"","","","","","","","","","",[],[],1
1202,"Metadata/Projectiles/LightningSlashMyrmidon","[""Metadata/Effects/Microtransactions/Spells/MyrmidonLightningStrike/MyrmidonLightningStrikeProj.ao""]","[""idle""]","[""disappear""]",1600,"",1,"","","Metadata/Projectiles/ProjectileGround","",2,"","",[],"",0,0,0,0,"","",0,0,100,100,0,[],"",[],"","","","","","","","","","",[],[],1
1203,"Metadata/Projectiles/ExpeditionRatBossSpray","[""Metadata/Effects/Spells/monsters_effects/labyrinth/skeleton_king/cups/projectile_chaos.ao""]","[""projectile_travel""]","[""projectile_end""]",800,"",4,"","","Metadata/Projectiles/Projectile","",4,"","",[],"",0,0,0,0,"","",0,0,100,100,0,[],"",[],"","","","","","","","","","",[],[],1
1204,"Metadata/Projectiles/ExpeditionRogProj","[""Metadata/Effects/Spells/monsters_effects/League_Expedition/npc/Rog/ao/projectile.ao""]","[""idle""]","[""impact""]",1200,"",2,"","","Metadata/Projectiles/Projectile","",2,"","",[],"",0,0,0,0,"","",0,0,100,100,0,[],"",[],"","","","","","","","","","",[],[],1
1205,"Metadata/Projectiles/ExpeditionTujenGrenadeMortar","[""Metadata/Effects/Spells/monsters_effects/League_Expedition/npc/Tujen/ao/bomb_mortar.ao""]","[""mortar""]",[],750,1,2,"","","Metadata/Projectiles/ProjectileMortar","",2,"","",[],"",0,0,0,0,"","",0,0,100,100,1,[],"",[],"","","","","","","","","","",[],[],1
1206,"Metadata/Projectiles/ExpeditionMercurialAxe","[""Metadata/Effects/Spells/monsters_effects/League_Expedition/general/mercurial_armour/ao/spectral_axe.ao""]","[""idle""]","[""end""]",1500,"",2,"","","Metadata/Projectiles/Projectile","",2,"","",[],"",0,0,0,0,"","",0,0,100,100,0,[],"",[],"","","","","","","","","","",[],[],1
1207,"Metadata/Projectiles/BurningArrowMystic","[""Metadata/Effects/Microtransactions/Spells/MysticBurningArrow/MysticBurningArrow.ao""]",[],[],3260,"",1,"","","Metadata/Projectiles/Projectile","",1,"","","[""Metadata/Effects/Microtransactions/Spells/MysticBurningArrow/MysticBurningArrow_stuck.ao""]","Metadata/Effects/Microtransactions/Spells/MysticBurningArrow/MysticBurningArrow_bounce.ao",50,80,0,20,5959,"",0,0,100,100,0,[],"",[],"","","","","","","","","","",[],[],1
1208,"Metadata/Projectiles/VaalBurningArrowMystic","[""Metadata/Effects/Microtransactions/Spells/MysticBurningArrow/MysticBurningArrowVaal.ao""]","[""firearrow""]","[""firearrowimpact""]",3260,1,1,"","","Metadata/Projectiles/Projectile","",1,"","",[],"",50,0,0,0,5959,"",0,100,100,100,0,[],"",[],"","","","","","","","","","",[],[],1
1209,"Metadata/Projectiles/ExpeditionVoranaVolatile","[""Metadata/Effects/Spells/monsters_effects/League_Expedition/boss/reaper_boss/ao/volatile_proj_01.ao""]","[""proj_01""]","[""impact""]",900,"",3,"","","Metadata/Projectiles/Projectile","",3,"","",[],"",0,0,0,0,"","",0,0,100,100,0,[],"",[],"","","","","","","","","","",[],[],1
1210,"Metadata/Projectiles/SanctumGuardVoranaVolatile","[""Metadata/Effects/Spells/monsters_effects/League_Sanctum/Guard4/volatile_proj_01.ao""]","[""proj_01""]","[""impact""]",900,"",3,"","","Metadata/Projectiles/Projectile","",3,"","",[],"",0,0,0,0,"","",0,0,100,100,0,[],"",[],"","","","","","","","","","",[],[],1
1211,"Metadata/Projectiles/SanctumSentinelBloodProjectile","[""Metadata/Effects/Spells/monsters_effects/League_Sanctum/TheSentinels/soulrend.ao""]","[""projectile01""]","[""impact""]",600,"",2,"","","Metadata/Projectiles/Projectile","",2,"","",[],"",0,0,0,0,"","",0,0,100,100,0,[],"",[],"","","","","","","","","","",[],[],1
1212,"Metadata/Projectiles/ExpeditionVaalWraithSummonBall","[""Metadata/Effects/Spells/monsters_effects/League_Delve/thematic_areas/vaal_ruins/bosses/architect/blood_spirit_bomb/rig.ao""]","[""loop""]","[""end""]",400,1,2,"","","Metadata/Projectiles/Projectile","",2,"","",[],"",0,0,0,0,"","",0,0,100,100,0,[],"",[],"","","","","","","","","","",[],[],1
1213,"Metadata/Projectiles/MinerThrowSpawnExpedition","[""Metadata/Effects/Spells/monsters_effects/League_Expedition/general/miner/throwspawn.ao""]","[""animate""]",[],750,1,2,"","","Metadata/Projectiles/Projectile","",2,"","",[],"",0,0,0,0,"","",0,0,100,100,0,[],"",[],"","","","","","","","","","",[],[],1
1214,"Metadata/Projectiles/ExpeditionOlrothLacerate2","[""Metadata/Effects/Spells/monsters_effects/League_Expedition/boss/olroth/lacerate_02.ao""]","[""lacerate_02""]","[""basic_impact_01""]",1300,"",3,"","","Metadata/Projectiles/Projectile","",3,"","",[],"",0,0,0,0,"","",0,0,100,100,0,[],"",[],"","","","","","","","","","",[],[],1
1215,"Metadata/Projectiles/ExpeditionOlrothLacerate3","[""Metadata/Effects/Spells/monsters_effects/League_Expedition/boss/olroth/lacerate_03.ao""]","[""lacerate_03""]","[""basic_impact_01""]",1300,"",3,"","","Metadata/Projectiles/Projectile","",3,"","",[],"",0,0,0,0,"","",0,0,100,100,0,[],"",[],"","","","","","","","","","",[],[],1
1216,"Metadata/Projectiles/ExpeditionOlrothRelicFireball","[""Metadata/Effects/Spells/monsters_effects/League_Expedition/boss/olroth/relic_Projectile.ao""]","[""relic_projectile_01""]","[""relic_projectile_impact_01""]",1000,1,2,"","","Metadata/Projectiles/Projectile","",2,"","",[],"",0,0,0,0,"","",0,0,100,100,0,[],"",[],"","","","","","","","","","",[],[],1
1217,"Metadata/Projectiles/SkeletonProjectileBlackExpedition","[""Metadata/Effects/Spells/monsters_effects/skeletonmage_projectile/ebony_expedition.ao""]","[""idle""]","[""explode""]",562,"",2,"","","Metadata/Projectiles/Projectile","",2,"","",[],"",0,0,0,0,"","",0,0,100,100,0,[],"",[],"","","","","","","","","","",[],[],1
1218,"Metadata/Projectiles/LightningSlashLite","[""Metadata/Effects/Spells/lightning_strike_02/lite/proj.ao""]","[""proj1"",""proj2"",""proj3""]","[""impact""]",1600,"",1,"","","Metadata/Projectiles/ProjectileGround","",2,"","",[],"",0,0,0,0,"","",0,0,100,100,0,[],"",[],"","","","","","","","","","",[],[],1
1219,"Metadata/Projectiles/ExpeditionEternalEmpireSpearThrow","[""Metadata/Effects/Spells/monsters_effects/League_Legion/EternalEmpire/LightningSpearThrow/projectile/projectile_expedition.ao""]","[""loop""]","[""impact""]",2500,"",3,"","","Metadata/Projectiles/Projectile","",3,"","",[],"",0,0,0,0,"","",0,0,100,100,0,[],"",[],"","","","","","","","","","",[],[],1
1220,"Metadata/Projectiles/ExpeditionGolemProjectileSulphite1","[""Metadata/Effects/Spells/monsters_effects/League_Delve/general/earth_elemental/sulphite_proj_01.ao""]","[""projectile""]","[""impact""]",1200,1,2,"","","Metadata/Projectiles/Projectile","",2,"","",[],"",0,0,0,0,"","",0,0,100,100,0,[],"",[],"","","","","","","","","","",[],[],1
1221,"Metadata/Projectiles/ExpeditionGolemProjectileSulphite2","[""Metadata/Effects/Spells/monsters_effects/League_Delve/general/earth_elemental/sulphite_proj_02.ao""]","[""projectile""]","[""impact""]",1200,1,2,"","","Metadata/Projectiles/Projectile","",2,"","",[],"",0,0,0,0,"","",0,0,100,100,0,[],"",[],"","","","","","","","","","",[],[],1
1222,"Metadata/Projectiles/CelestialFrozenSphere","[""Metadata/Effects/Microtransactions/Spells/celestial_eyeofwinter/ball.ao""]","[""FrozenBall_idle""]","[""FrozenBall_death""]",300,"",2,"","","Metadata/Projectiles/Projectile","",2,"","",[],"",0,0,0,0,"","",0,0,100,100,0,[],"",[],"","","","","","","","","","",[],[],1
1223,"Metadata/Projectiles/CelestialFrozenSphereShard","[""Metadata/Effects/Microtransactions/Spells/celestial_eyeofwinter/rig.ao""]","[""FrozenShard_idle""]","[""FrozenShard_death""]",1000,"",2,"","","Metadata/Projectiles/Projectile","",2,"","",[],"",0,0,0,0,"","",0,0,100,100,0,[],"",[],"","","","","","","","","","",[],[],1
1224,"Metadata/Projectiles/SpectralSpiralNightfall","[""Metadata/Effects/Microtransactions/Spells/nightfall_spectralhelix/hammer.ao""]","[""throw""]",[],1500,"",2,"","","Metadata/Projectiles/Projectile","",4,"","",[],"",0,0,0,0,"","",0,0,100,100,0,[],"",[],"","","","","","","","","","",[],[],1
1225,"Metadata/Projectiles/HellscapeFleshPustule","[""Metadata/Effects/Spells/monsters_effects/League_Hellscape/mob_corpus_needleskin/mine_proj.ao""]","[""animate""]","[""end""]",650,"",2,"","","Metadata/Projectiles/Projectile","",2,"","",[],"",0,0,0,0,"","",0,0,120,150,1,[],"",[],"","","","","","","","","","",[],[],1
1226,"Metadata/Projectiles/ColdProjectileMineStygian","[""Metadata/Effects/Microtransactions/Spells/stygian_mines/icicle/shards.ao""]","[""shard_01""]","[""impact""]",1800,"",2,"","","Metadata/Projectiles/Projectile","",3,"","",[],"",0,0,0,0,"","",0,0,100,100,0,[],"",[],"","","","","","","","","","",[],[],1
1227,"Metadata/Projectiles/MortarBarrageMineStygian","[""Metadata/Effects/Microtransactions/Spells/stygian_mines/pyroclast/mortar_01.ao"",""Metadata/Effects/Microtransactions/Spells/stygian_mines/pyroclast/mortar_02.ao"",""Metadata/Effects/Microtransactions/Spells/stygian_mines/pyroclast/mortar_03.ao"",""Metadata/Effects/Microtransactions/Spells/stygian_mines/pyroclast/mortar_04.ao""]","[""animate""]",[],750,1,2,"","","Metadata/Projectiles/ProjectileMortar","",2,"","",[],"",0,0,0,0,"","",0,0,100,100,0,[],"",[],"","","","","","","","","","",[],[],1
1228,"Metadata/Projectiles/HellscapePaleFodderSpellProjectile","[""Metadata/Effects/Spells/monsters_effects/League_Hellscape/mob_pale_hammerhead/piercing_proj.ao""]","[""knife_proj_01""]","[""impact_01""]",2150,"",2,"","","Metadata/Projectiles/Projectile",6020,2,"","",[],"",0,0,0,0,"","",0,0,100,100,0,[],"",[],"","","","","","","","","","",[],[],1
1229,"Metadata/Projectiles/HellscapeDemonFodderSpellProjectile","[""Metadata/Effects/Spells/monsters_effects/League_Hellscape/mob_xenobyte_seeker/projectile_01.ao""]","[""projectile""]","[""impact""]",1200,"",2,"","","Metadata/Projectiles/Projectile","",2,"","",[],"",0,0,0,0,"","",0,0,100,100,0,[],"",[],"","","","","","","","","","",[],[],1
1230,"Metadata/Projectiles/PoisonousConcoction","[""Metadata/Effects/Spells/flask_throw_poison/mortar.ao""]","[""mortar_01""]",[],1200,1,2,"","","Metadata/Projectiles/ProjectileMortar","",2,"","",[],"",0,0,0,0,"","",0,0,100,100,1,[],"",[],"","","","","","","","","","",[],[],1
1231,"Metadata/Projectiles/HellscapeFleshEliteBasicProjectile","[""Metadata/Effects/Spells/monsters_effects/League_Hellscape/elite_corpus_insanity/projectile.ao""]","[""proj""]","[""end""]",1920,"",2,"","","Metadata/Projectiles/Projectile","",2,"","",[],"",0,0,0,0,"","",0,0,100,100,0,[],"",[],"","","","","","","","","","",[],[],1
1232,"Metadata/Projectiles/HellscapeFleshEliteBloodSpike","[""Metadata/Effects/Spells/monsters_effects/League_Hellscape/elite_corpus_insanity/blood_spike.ao""]","[""idle""]","[""end_01""]",1850,"",2,"","","Metadata/Projectiles/Projectile","",2,"","",[],"",0,0,0,0,"","",0,0,100,100,0,[],"",[],"","","","","","","","","","",[],[],1
1233,"Metadata/Projectiles/HellscapeFleshEliteBloodSpike2","[""Metadata/Effects/Spells/monsters_effects/League_Hellscape/elite_corpus_insanity/blood_spike_01.ao""]","[""idle""]","[""end_01""]",1950,"",2,"","","Metadata/Projectiles/Projectile","",2,"","",[],"",0,0,0,0,"","",0,0,100,100,0,[],"",[],"","","","","","","","","","",[],[],1
1234,"Metadata/Projectiles/HellscapeFleshEliteBloodSpike3","[""Metadata/Effects/Spells/monsters_effects/League_Hellscape/elite_corpus_insanity/blood_spike_02.ao""]","[""idle""]","[""end_01""]",2050,"",2,"","","Metadata/Projectiles/Projectile","",2,"","",[],"",0,0,0,0,"","",0,0,100,100,0,[],"",[],"","","","","","","","","","",[],[],1
1235,"Metadata/Projectiles/HellscapeFleshEliteBloodSpike4","[""Metadata/Effects/Spells/monsters_effects/League_Hellscape/elite_corpus_insanity/blood_spike_03.ao""]","[""idle""]","[""end_01""]",1950,"",2,"","","Metadata/Projectiles/Projectile","",2,"","",[],"",0,0,0,0,"","",0,0,100,100,0,[],"",[],"","","","","","","","","","",[],[],1
1236,"Metadata/Projectiles/HellscapeFleshEliteBloodSpike5","[""Metadata/Effects/Spells/monsters_effects/League_Hellscape/elite_corpus_insanity/blood_spike_04.ao""]","[""idle""]","[""end_01""]",1850,"",2,"","","Metadata/Projectiles/Projectile","",2,"","",[],"",0,0,0,0,"","",0,0,100,100,0,[],"",[],"","","","","","","","","","",[],[],1
1237,"Metadata/Projectiles/HellscapeBossTeethProjectile","[""Metadata/Effects/Spells/monsters_effects/League_Hellscape/boss_xenobyte_matriarch/projectile.ao""]","[""idle""]","[""impact""]",1000,1,2,"","","Metadata/Projectiles/Projectile","",2,"","",[],"",0,0,0,0,"","",0,0,100,100,0,[],"",[],"","","","","","","","","","",[],[],1
1238,"Metadata/Projectiles/HellscapePaleBossThrownAxe","[""Metadata/Effects/Spells/monsters_effects/League_Hellscape/boss_pale_king/doublethrow_projectile_01.ao""]","[""axe_proj_01""]","[""axe_proj_grd_impact_01""]",1250,"",2,"","","Metadata/Projectiles/Projectile","",2,"","",[],"",0,0,0,0,"","",0,0,100,100,0,[],"",[],"","","","","","","","","","",[],[],1
1239,"Metadata/Projectiles/HellscapePaleBossThrownAxe2","[""Metadata/Effects/Spells/monsters_effects/League_Hellscape/boss_pale_king/doublethrow_projectile_02.ao""]","[""axe_proj_02""]","[""axe_proj_grd_impact_02""]",1250,"",2,"","","Metadata/Projectiles/Projectile","",2,"","",[],"",0,0,0,0,"","",0,0,100,100,0,[],"",[],"","","","","","","","","","",[],[],1
1240,"Metadata/Projectiles/HellscapePaleBossMegaSnipe","[""Metadata/Effects/Spells/monsters_effects/League_Hellscape/boss_pale_king/snipe_projectile.ao""]","[""snipe_proj_01""]","[""snipe_proj_impact_01""]",5250,"",2,"","","Metadata/Projectiles/Projectile","",2,"","",[],"",0,0,0,0,"","",0,0,100,100,0,[],"",[],"","","","","","","","","","",[],[],1
1241,"Metadata/Projectiles/HellscapeDemonBossSiphonProj","[""Metadata/Effects/Spells/monsters_effects/League_Hellscape/boss_xenobyte_matriarch/mortar_03.ao""]","[""animate""]","[""impact""]",1200,"",2,"","","Metadata/Projectiles/ProjectileMortar","",2,"","",[],"",0,0,0,0,"","",0,0,85,110,0,[],"",[],"","","","","","","","","","",[],[],1
1242,"Metadata/Projectiles/HellscapeDemonBossSiphonProjSlow","[""Metadata/Effects/Spells/monsters_effects/League_Hellscape/boss_xenobyte_matriarch/mortar_03.ao""]","[""animate""]","[""impact""]",850,"",2,"","","Metadata/Projectiles/ProjectileMortar","",2,"","",[],"",0,0,0,0,"","",0,0,95,120,0,[],"",[],"","","","","","","","","","",[],[],1
1243,"Metadata/Projectiles/HellscapeDemonBossCremationMortar","[""Metadata/Effects/Spells/monsters_effects/League_Hellscape/boss_xenobyte_matriarch/cremation_mortar.ao""]","[""animate""]",[],750,"",2,"","","Metadata/Projectiles/ProjectileMortar","",2,"","",[],"",0,0,0,0,"","",0,0,100,100,0,[],"",[],"","","","","","","","","","",[],[],1
1244,"Metadata/Projectiles/HellscapeDemonEliteTripleMortar","[""Metadata/Effects/Spells/monsters_effects/League_Hellscape/elite_xenobyte_sage/crystal_mortar_01.ao"",""Metadata/Effects/Spells/monsters_effects/League_Hellscape/elite_xenobyte_sage/crystal_mortar_02.ao"",""Metadata/Effects/Spells/monsters_effects/League_Hellscape/elite_xenobyte_sage/crystal_mortar_03.ao"",""Metadata/Effects/Spells/monsters_effects/League_Hellscape/elite_xenobyte_sage/crystal_mortar_04.ao""]","[""animate""]",[],350,1,2,"","","Metadata/Projectiles/ProjectileMortar","",2,"","",[],"",0,0,0,0,"","",0,0,100,100,1,[],"",[],"","","","","","","","","","",[],[],1
1245,"Metadata/Projectiles/VirulentArrowCelestial","[""Metadata/Effects/Microtransactions/Spells/virulent_arrow/celestial/arrow_main.ao""]","[""projectile""]","[""impact""]",4890,"",2,"","","Metadata/Projectiles/Projectile","",4,"","",[],"",0,0,0,0,6285,"",0,0,100,100,0,[],"",[],"","","","","","","","","","",[],[],1
1246,"Metadata/Projectiles/VirulentBloomArrowCelestial","[""Metadata/Effects/Microtransactions/Spells/virulent_arrow/celestial/spike.ao""]","[""pod_spike""]","[""pod_spike_impact""]",2000,"",2,"","","Metadata/Projectiles/Projectile","",3,"","",[],"",0,0,0,0,"","",0,0,100,100,0,[],"",[],"","","","","","","","","","",[],[],1
1247,"Metadata/Projectiles/VirulentArrowLesserCelestial","[""Metadata/Effects/Microtransactions/Spells/virulent_arrow/celestial/arrow_weak.ao""]","[""projectile""]","[""impact""]",4890,"",2,"","","Metadata/Projectiles/Projectile","",2,"","",[],"",0,0,0,0,6285,"",0,0,100,100,0,[],"",[],"","","","","","","","","","",[],[],1
1248,"Metadata/Projectiles/TornadoShotSecondaryProjectileCelestial","[""Metadata/Effects/Microtransactions/Spells/tornado_shot_Celestial/second_arrow.ao""]","[""tornadoshot_once""]","[""tornadoshot_impact""]",2173,"",1,"","","Metadata/Projectiles/Projectile","",1,"","","[""Metadata/Effects/Microtransactions/Spells/tornado_shot_Celestial/arrow_stuck.ao""]","Metadata/Effects/Microtransactions/Spells/tornado_shot_Celestial/arrow_bounce.ao",50,80,0,20,6290,6291,0,100,100,100,0,[],"",[],"","","","","","","","","","",[],[],1
1249,"Metadata/Projectiles/TornadoShotProjectileCelestial","[""Metadata/Effects/Microtransactions/Spells/tornado_shot_Celestial/second_arrow.ao""]","[""tornadoshot_loop""]","[""tornadoshot_impact""]",2173,1,1,"","","Metadata/Projectiles/Projectile","",1,"","","[""Metadata/Effects/Microtransactions/Spells/tornado_shot_Celestial/arrow_stuck.ao""]","",0,0,0,0,6290,6291,0,0,100,100,0,[],"",[],"","","","","","","","","","",[],[],1
1250,"Metadata/Projectiles/DirebladeFireball","[""Metadata/Effects/Microtransactions/Spells/fireball/Direblade/fireball_new2.ao""]","[""fireball""]","[""fireball_explode""]",1040,"",2,"","","Metadata/Projectiles/Projectile","",2,"","",[],"",0,0,0,0,"","",0,0,100,100,0,[],"",[],"","","","","","","","","","",[],[],1
1251,"Metadata/Projectiles/IceArrowSkadi","[""Metadata/Pet/Skadi/SkadiIceShot/arrow_ice.ao""]",[],[],3260,"",1,"","","Metadata/Projectiles/Projectile","",1,"","","[""Metadata/Pet/Skadi/SkadiIceShot/arrow_ice_stuck.ao""]","Metadata/Pet/Skadi/SkadiIceShot/arrow_ice_bounce.ao",50,80,0,20,6354,6355,0,100,100,100,0,[],"",[],"","","","","","","","","","",[],[],1
1252,"Metadata/Projectiles/HellscapeFleshBossMortar","[""Metadata/Effects/Spells/monsters_effects/League_Hellscape/boss_corpus_defiler/vomit_mortar.ao""]","[""animate""]","[""impact""]",2000,1,2,"","","Metadata/Projectiles/ProjectileMortar","",2,"","",[],"",0,0,0,0,"","",0,0,50,100,0,[],"",[],"","","","","","","","","","",[],[],1
1253,"Metadata/Projectiles/OblivionFireball","[""Metadata/Effects/Microtransactions/Spells/fireball/OblivionFireball/rig.ao""]","[""fireball""]","[""fireball_explode""]",1040,"",2,"","","Metadata/Projectiles/Projectile","",2,"","",[],"",0,0,0,0,"","",0,0,100,100,0,[],"",[],"","","","","","","","","","",[],[],1
1254,"Metadata/Projectiles/OnyxOblivionFireball","[""Metadata/Effects/Microtransactions/Spells/fireball/OnyxOblivionFireball/rig.ao""]","[""fireball""]","[""fireball_explode""]",1040,"",2,"","","Metadata/Projectiles/Projectile","",2,"","",[],"",0,0,0,0,"","",0,0,100,100,0,[],"",[],"","","","","","","","","","",[],[],1
1255,"Metadata/Projectiles/VirulentArrowStygian","[""Metadata/Effects/Microtransactions/Spells/StygianScourgeArrow/virulent_arrow.ao""]","[""projectile""]","[""impact""]",4890,"",2,"","","Metadata/Projectiles/Projectile","",4,"","",[],"",0,0,0,0,6378,"",0,0,100,100,0,[],"",[],"","","","","","","","","","",[],[],1
1256,"Metadata/Projectiles/VirulentBloomArrowStygian","[""Metadata/Effects/Microtransactions/Spells/StygianScourgeArrow/pod_spike.ao""]","[""pod_spike""]","[""pod_spike_impact""]",2000,"",2,"","","Metadata/Projectiles/Projectile","",3,"","",[],"",0,0,0,0,"","",0,0,100,100,0,[],"",[],"","","","","","","","","","",[],[],1
1257,"Metadata/Projectiles/VirulentArrowLesserStygian","[""Metadata/Effects/Microtransactions/Spells/StygianScourgeArrow/virulent_arrow_lesser.ao""]","[""projectile""]","[""impact""]",4890,"",2,"","","Metadata/Projectiles/Projectile","",2,"","",[],"",0,0,0,0,6378,"",0,0,100,100,0,[],"",[],"","","","","","","","","","",[],[],1
1258,"Metadata/Projectiles/BlackStarCloneBasicFire","[""Metadata/Effects/Spells/monsters_effects/AtlasofWorldsBosses/TheBlackStar/ao/proj_fire.ao""]","[""idle""]","[""impact""]",2500,1,2,"","","Metadata/Projectiles/Projectile","",2,"","",[],"",0,0,0,0,"","",0,0,100,100,0,[],"",[],"","","","","","","","","","",[],[],1
1259,"Metadata/Projectiles/BlackStarCloneBasicCold","[""Metadata/Effects/Spells/monsters_effects/AtlasofWorldsBosses/TheBlackStar/ao/proj_cold.ao""]","[""idle""]","[""impact""]",2500,1,2,"","","Metadata/Projectiles/Projectile","",2,"","",[],"",0,0,0,0,"","",0,0,100,100,0,[],"",[],"","","","","","","","","","",[],[],1
1260,"Metadata/Projectiles/BlackStarFodder1Sun","[""Metadata/Effects/Spells/monsters_effects/AtlasofWorldsBosses/BlackStar_Minions/ao/fodder_1_sun_projectile.ao""]",[],"[""impact""]",600,"",2,"","","Metadata/Projectiles/Projectile","",2,"","",[],"",0,0,0,0,"","",0,0,100,100,0,[],"",[],"","","","","","","","","","",[],[],1
1261,"Metadata/Projectiles/CleansingFodder1Mortar","[""Metadata/Effects/Spells/monsters_effects/Act4_FOUR/FlameHarpy/ao/mortar.ao""]","[""animate""]",[],750,1,2,"","","Metadata/Projectiles/ProjectileMortar","",2,"","",[],"",0,0,0,0,"","",0,0,100,100,0,[],"",[],"","","","","","","","","","",[],[],1
1262,"Metadata/Projectiles/CleansingFodder1SanctumMortar","[""Metadata/Effects/Spells/monsters_effects/League_Sanctum/monsters/fodder/harpy_mortar.ao""]","[""animate""]",[],750,1,2,"","","Metadata/Projectiles/ProjectileMortar","",2,"","",[],"",0,0,0,0,"","",0,0,100,100,0,[],"",[],"","","","","","","","","","",[],[],1
1263,"Metadata/Projectiles/CleansingBossBugBomb","[""Metadata/Effects/Spells/monsters_effects/AtlasofWorldsBosses/CleansingFire/ao/bug_proj_01.ao"",""Metadata/Effects/Spells/monsters_effects/AtlasofWorldsBosses/CleansingFire/ao/bug_proj_02.ao"",""Metadata/Effects/Spells/monsters_effects/AtlasofWorldsBosses/CleansingFire/ao/bug_proj_03.ao"",""Metadata/Effects/Spells/monsters_effects/AtlasofWorldsBosses/CleansingFire/ao/bug_proj_04.ao"",""Metadata/Effects/Spells/monsters_effects/AtlasofWorldsBosses/CleansingFire/ao/bug_proj_05.ao"",""Metadata/Effects/Spells/monsters_effects/AtlasofWorldsBosses/CleansingFire/ao/bug_proj_06.ao"",""Metadata/Effects/Spells/monsters_effects/AtlasofWorldsBosses/CleansingFire/ao/bug_proj_07.ao"",""Metadata/Effects/Spells/monsters_effects/AtlasofWorldsBosses/CleansingFire/ao/bug_proj_08.ao"",""Metadata/Effects/Spells/monsters_effects/AtlasofWorldsBosses/CleansingFire/ao/bug_proj_09.ao"",""Metadata/Effects/Spells/monsters_effects/AtlasofWorldsBosses/CleansingFire/ao/bug_proj_10.ao""]","[""animate""]",[],750,1,2,"","","Metadata/Projectiles/ProjectileMortar","",2,"","",[],"",0,0,0,0,"","",0,0,100,100,1,[],"",[],"","","","","","","","","","",[],[],1
1264,"Metadata/Projectiles/DoomBossVomitChunk","[""Metadata/Effects/Spells/monsters_effects/AtlasofWorldsBosses/DoomPersonified/ao/vomit_mortar_01.ao"",""Metadata/Effects/Spells/monsters_effects/AtlasofWorldsBosses/DoomPersonified/ao/vomit_mortar_02.ao"",""Metadata/Effects/Spells/monsters_effects/AtlasofWorldsBosses/DoomPersonified/ao/vomit_mortar_03.ao"",""Metadata/Effects/Spells/monsters_effects/AtlasofWorldsBosses/DoomPersonified/ao/vomit_mortar_04.ao"",""Metadata/Effects/Spells/monsters_effects/AtlasofWorldsBosses/DoomPersonified/ao/vomit_mortar_05.ao"",""Metadata/Effects/Spells/monsters_effects/AtlasofWorldsBosses/DoomPersonified/ao/vomit_mortar_06.ao"",""Metadata/Effects/Spells/monsters_effects/AtlasofWorldsBosses/DoomPersonified/ao/vomit_mortar_07.ao"",""Metadata/Effects/Spells/monsters_effects/AtlasofWorldsBosses/DoomPersonified/ao/vomit_mortar_08.ao"",""Metadata/Effects/Spells/monsters_effects/AtlasofWorldsBosses/DoomPersonified/ao/vomit_mortar_09.ao"",""Metadata/Effects/Spells/monsters_effects/AtlasofWorldsBosses/DoomPersonified/ao/vomit_mortar_10.ao""]","[""once""]",[],750,1,2,"","","Metadata/Projectiles/ProjectileMortar","",2,"","",[],"",0,0,0,0,"","",0,0,100,100,1,[],"",[],"","","","","","","","","","",[],[],1
1265,"Metadata/Projectiles/BlackStarBossComet","[""Metadata/Effects/Spells/monsters_effects/AtlasofWorldsBosses/TheBlackStar/ao/ice_orb_projectile.ao""]","[""idle""]","[""end""]",650,"",4,"","","Metadata/Projectiles/Projectile","",4,"","",[],"",0,0,0,0,"","",0,0,100,100,0,[],"",[],"","","","","","","","","","",[],[],1
1266,"Metadata/Projectiles/CleansingFireWall","[""Metadata/Effects/Spells/monsters_effects/AtlasofWorldsBosses/CleansingFire/ao/maven_orb.ao"",""Metadata/Effects/Spells/monsters_effects/AtlasofWorldsBosses/CleansingFire/ao/maven_orb_01.ao"",""Metadata/Effects/Spells/monsters_effects/AtlasofWorldsBosses/CleansingFire/ao/maven_orb_02.ao""]","[""idle""]",[],400,"",4,"","","Metadata/Projectiles/Projectile","",5,"","",[],"",0,0,0,0,"","",0,0,100,100,0,"[""end""]","",[],"","","","","","","","","","",[],[],1
1267,"Metadata/Projectiles/LightningSlashVulcan","[""Metadata/Effects/Microtransactions/Spells/VulcanLightningStrike/VulcanLightningStrikeProj.ao""]","[""idle""]","[""disappear""]",1600,"",1,"","","Metadata/Projectiles/ProjectileGround","",2,"","",[],"",0,0,0,0,"","",0,0,100,100,0,[],"",[],"","","","","","","","","","",[],[],1
1268,"Metadata/Projectiles/BlackStarBossCometSecondary","[""Metadata/Effects/Spells/monsters_effects/AtlasofWorldsBosses/TheBlackStar/ao/ice_orb_sml_projectile1.ao""]","[""idle""]","[""end""]",650,"",2,"","","Metadata/Projectiles/Projectile","",2,"","",[],"",0,0,0,0,"","",0,0,100,100,0,[],"",[],"","","","","","","","","","",[],[],1
1269,"Metadata/Projectiles/TornadoShotSecondaryProjectileMercurial","[""Metadata/Effects/Microtransactions/Spells/tornado_shot_Mercurial/second_arrow.ao""]","[""tornadoshot_once""]","[""tornadoshot_impact""]",2173,"",1,"","","Metadata/Projectiles/Projectile","",1,"","","[""Metadata/Effects/Microtransactions/Spells/tornado_shot_Mercurial/arrow_stuck.ao""]","Metadata/Effects/Microtransactions/Spells/tornado_shot_Mercurial/arrow_bounce.ao",50,80,0,20,6523,6524,0,100,100,100,0,[],"",[],"","","","","","","","","","",[],[],1
1270,"Metadata/Projectiles/TornadoShotProjectileMercurial","[""Metadata/Effects/Microtransactions/Spells/tornado_shot_Mercurial/second_arrow.ao""]","[""tornadoshot_loop""]","[""tornadoshot_impact""]",2173,1,1,"","","Metadata/Projectiles/Projectile","",1,"","","[""Metadata/Effects/Microtransactions/Spells/tornado_shot_Mercurial/arrow_stuck.ao""]","",0,0,0,0,6523,6524,0,0,100,100,0,[],"",[],"","","","","","","","","","",[],[],1
1271,"Metadata/Projectiles/ArchnemesisLivingCrystal","[""Metadata/Effects/Spells/monsters_effects/League_Archnemesis/living_crystal/crystal.ao""]","[""animate""]",[],4890,1,2,"","","Metadata/Projectiles/ProjectileMortar","",2,"","",[],"",0,0,0,0,"","",0,0,100,100,0,[],"",[],"","","","","","","","","","",[],[],1
1272,"Metadata/Projectiles/ArchnemesisBombardierMortar","[""Metadata/Effects/Spells/monsters_effects/League_Archnemesis/mechanics/bombardier_mortar.ao""]","[""mortar_01"",""mortar_02"",""mortar_03"",""mortar_04""]","[""p_impact_01""]",1000,1,2,"","","Metadata/Projectiles/ProjectileMortar","",2,"","",[],"",0,0,0,0,"","",0,0,100,100,1,[],"",[],"","","","","","","","","","",[],[],1
1273,"Metadata/Projectiles/OtherworldlyThrallProjectile","[""Metadata/Effects/Spells/monsters_effects/AtlasofWorldsBosses/Tangled_Minions/ao/fodder_4_proj.ao"",""Metadata/Effects/Spells/monsters_effects/AtlasofWorldsBosses/Tangled_Minions/ao/fodder_4_proj_01.ao"",""Metadata/Effects/Spells/monsters_effects/AtlasofWorldsBosses/Tangled_Minions/ao/fodder_4_proj_02.ao"",""Metadata/Effects/Spells/monsters_effects/AtlasofWorldsBosses/Tangled_Minions/ao/fodder_4_proj_03.ao"",""Metadata/Effects/Spells/monsters_effects/AtlasofWorldsBosses/Tangled_Minions/ao/fodder_4_proj_05.ao"",""Metadata/Effects/Spells/monsters_effects/AtlasofWorldsBosses/Tangled_Minions/ao/fodder_4_proj_04.ao""]","[""idle""]","[""impact""]",2500,"",2,"","","Metadata/Projectiles/Projectile",6595,2,"","",[],"",0,0,0,0,"","",0,0,100,100,0,[],"",[],"","","","","","","","","","",[],[],1
1274,"Metadata/Projectiles/DoomBossVomitChunklet","[""Metadata/Effects/Spells/monsters_effects/AtlasofWorldsBosses/DoomPersonified/ao/vomit_spray_mortar.ao""]","[""animate""]",[],750,1,2,"","","Metadata/Projectiles/ProjectileMortar","",2,"","",[],"",0,0,0,0,"","",0,0,100,100,1,[],"",[],"","","","","","","","","","",[],[],1
1275,"Metadata/Projectiles/FuseArrowTwilight","[""Metadata/Effects/Microtransactions/Spells/explosive_arrow/twilight/basearrow.ao""]",[],[],3260,"",1,"","","Metadata/Projectiles/Projectile","",1,"","","[""Metadata/Effects/Microtransactions/Spells/explosive_arrow/twilight/arrow_base_stuck.ao""]","",100,100,0,0,6599,6598,0,0,100,100,0,[],"",[],"","","","","","","","","","",[],[],1
1276,"Metadata/Projectiles/SoulfeastPrimaryMortarCats","[""Metadata/Effects/Microtransactions/Spells/soulfeast/cat/primary_mortar.ao""]","[""once""]","[""explode""]",1200,1,2,"","","Metadata/Projectiles/ProjectileMortar","",2,"","",[],"",0,0,0,0,"","",0,0,100,100,1,[],"",[],"","","","","","","","","","",[],[],1
1277,"Metadata/Projectiles/SoulfeastSecondaryMortarCats","[""Metadata/Effects/Microtransactions/Spells/soulfeast/cat/homing_mortar_01.ao""]","[""mortar_01"",""mortar_02"",""mortar_03"",""mortar_04"",""mortar_05"",""mortar_06"",""mortar_07"",""mortar_08""]",[],1200,1,2,"","","Metadata/Projectiles/ProjectileMortar","",2,"","",[],"",0,0,0,0,"","",0,0,100,100,1,[],"",[],"","","","","","","","","","",[],[],1
1278,"Metadata/Projectiles/SoulfeastPrimaryMortarShortCats","[""Metadata/Effects/Microtransactions/Spells/soulfeast/cat/primary_mortar.ao""]","[""once_short""]","[""explode""]",1200,1,2,"","","Metadata/Projectiles/ProjectileMortar","",2,"","",[],"",0,0,0,0,"","",0,0,100,100,1,[],"",[],"","","","","","","","","","",[],[],1
1279,"Metadata/Projectiles/SoulfeastSecondaryMortarShortCats","[""Metadata/Effects/Microtransactions/Spells/soulfeast/cat/homing_mortar_01.ao""]","[""mortar_short_01"",""mortar_short_02"",""mortar_short_03"",""mortar_short_04"",""mortar_short_05"",""mortar_short_06"",""mortar_short_07"",""mortar_short_08""]",[],1200,1,2,"","","Metadata/Projectiles/ProjectileMortar","",2,"","",[],"",0,0,0,0,"","",0,0,100,100,1,[],"",[],"","","","","","","","","","",[],[],1
1280,"Metadata/Projectiles/DemonicFireball","[""Metadata/Effects/Microtransactions/Spells/fireball/demonic/rig.ao""]","[""fireball""]","[""fireball_explode""]",1040,"",2,"","","Metadata/Projectiles/Projectile","",2,"","",[],"",0,0,0,0,"","",0,0,100,100,0,[],"",[],"","","","","","","","","","",[],[],1
1281,"Metadata/Projectiles/FuseArrowPandemonium","[""Metadata/Effects/Microtransactions/Spells/explosive_arrow/pandemonium/arrow.ao""]",[],[],3260,"",1,"","","Metadata/Projectiles/Projectile","",1,"","","[""Metadata/Effects/Microtransactions/Spells/explosive_arrow/pandemonium/arrow_stuck.ao""]","",100,100,0,0,6785,6781,0,0,100,100,0,[],"",[],"","","","","","","","","","",[],[],1
1282,"Metadata/Projectiles/LightningArrowDivine","[""Metadata/Effects/Microtransactions/Spells/lightning_arrows/divine/lightning_arrow.ao""]",[],[],3260,"",1,"","","Metadata/Projectiles/Projectile","",1,"","","[""Metadata/Effects/Microtransactions/Spells/lightning_arrows/divine/lightning_arrow_stuck.ao""]","Metadata/Effects/Microtransactions/Spells/lightning_arrows/divine/lightning_arrow_bounce.ao",50,80,0,20,6867,6868,0,100,100,100,0,[],"",[],"","","","","","","","","","",[],[],1
1283,"Metadata/Projectiles/MortarDoedreBloodVariableRange","[""Metadata/Effects/Spells/monsters_effects/Doedre_blood_projectile/rig.ao""]","[""projectile""]",[],750,"",2,"","","Metadata/Projectiles/Projectile","",2,"","",[],"",0,0,0,0,"","",0,0,100,100,1,[],"",[],"","","","","","","","","","",[],[],1
1284,"Metadata/Projectiles/IceSpearVoidEmperor","[""Metadata/Effects/Microtransactions/Spells/icespear/void_emperor/rig.ao""]","[""frozenspear_idle""]","[""frozenspear_impact""]",600,"",2,"","","Metadata/Projectiles/Projectile","",2,"","",[],"",0,0,0,0,"","",0,0,100,100,0,[],"",[],"","","","","","","","","","",[],[],1
1285,"Metadata/Projectiles/IllusionistCobraLash","[""Metadata/Effects/Microtransactions/Spells/cobra_lash/illusionist/cobra_lash_dagger.ao""]","[""dagger""]","[""impact""]",1600,"",2,"","","Metadata/Projectiles/Projectile",7005,2,"","",[],"",0,0,0,0,"","",0,0,100,100,0,[],"",[],"","","","","","","","","","",[],[],1
1286,"Metadata/Projectiles/IllusionistCobraLashClaw","[""Metadata/Effects/Microtransactions/Spells/cobra_lash/illusionist/cobra_lash_claw.ao""]","[""claw""]","[""impact""]",1600,"",2,"","","Metadata/Projectiles/Projectile",7005,2,"","",[],"",0,0,0,0,"","",0,0,100,100,0,[],"",[],"","","","","","","","","","",[],[],1
1287,"Metadata/Projectiles/IllusionistSnappingAdder","[""Metadata/Effects/Microtransactions/Spells/snapping_adder/illusionist/projectile.ao""]","[""projectile_01"",""projectile_02"",""projectile_03"",""projectile_04"",""projectile_05""]","[""impact""]",1000,"",2,"","","Metadata/Projectiles/Projectile",7014,3,"","",[],"",0,0,0,0,"","",0,0,100,100,0,[],"",[],"","","","","","","","","","",[],[],1
1288,"Metadata/Projectiles/IllusionistSnappingAdderReleased","[""Metadata/Effects/Microtransactions/Spells/snapping_adder/illusionist/projectile_quiet.ao""]","[""projectile_01"",""projectile_02"",""projectile_03"",""projectile_04"",""projectile_05""]","[""impact""]",1000,"",2,"","","Metadata/Projectiles/Projectile",7014,3,"","",[],"",0,0,0,0,"","",0,0,100,100,0,[],"",[],"","","","","","","","","","",[],[],1
1289,"Metadata/Projectiles/CausticArrowOblivion","[""Metadata/Effects/Microtransactions/Spells/caustic_arrow/oblivion/proj.ao""]","[""projectile""]","[""impact""]",3260,1,1,"","","Metadata/Projectiles/Projectile",7040,1,"","","[""Metadata/Effects/Microtransactions/Spells/caustic_arrow/oblivion/arrow_stuck.ao""]","",50,80,0,20,7041,7042,0,100,100,100,0,[],"",[],"","","","","","","","","","",[],[],1
1290,"Metadata/Projectiles/KineticBlastHeritage","[""Metadata/Effects/Microtransactions/Spells/kinetic_blast/heritage/projectile.ao""]","[""wand_projectile""]","[""wand_collide""]",3260,"",1,"","","Metadata/Projectiles/Projectile","",2,"","",[],"",0,0,0,0,"","",0,0,100,100,0,[],"",[],"","","","","","","","","","",[],[],1
1291,"Metadata/Projectiles/LightningSlashVoidEmperor","[""Metadata/Effects/Microtransactions/Spells/lightning_strike_02/void_emperor/proj.ao""]","[""proj1"",""proj2"",""proj3""]","[""impact""]",1600,"",1,"","","Metadata/Projectiles/ProjectileGround","",2,"","",[],"",0,0,0,0,"","",0,0,100,100,0,[],"",[],"","","","","","","","","","",[],[],1
1292,"Metadata/Projectiles/SanctumHazardFireball","[""Metadata/Effects/Spells/monsters_effects/League_Sanctum/hazards/CorridorProjectile.ao""]","[""loop""]","[""end""]",400,"",4,"","","Metadata/Projectiles/Projectile","",5,"","",[],"",0,0,0,0,"","",0,0,100,100,0,[],"",[],"","","","","","","","","","",[],[],1
1293,"Metadata/Projectiles/SanctumReliquarianFireball","[""Metadata/Effects/Spells/monsters_effects/League_Sanctum/monsters/fodder/Reliquarian/minion_projectile.ao""]","[""fireball""]","[""fireball_explode""]",1000,1,2,"","","Metadata/Projectiles/Projectile","",2,"","",[],"",0,0,0,0,"","",0,0,100,100,0,[],"",[],"","","","","","","","","","",[],[],1
1294,"Metadata/Projectiles/SanctumLithomancerVolatile","[""Metadata/Effects/Spells/monsters_effects/League_Sanctum/LithomancerBoss/abyssal_volatile_proj01.ao"",""Metadata/Effects/Spells/monsters_effects/League_Sanctum/LithomancerBoss/abyssal_volatile_proj02.ao"",""Metadata/Effects/Spells/monsters_effects/League_Sanctum/LithomancerBoss/abyssal_volatile_proj03.ao"",""Metadata/Effects/Spells/monsters_effects/League_Sanctum/LithomancerBoss/abyssal_volatile_proj04.ao"",""Metadata/Effects/Spells/monsters_effects/League_Sanctum/LithomancerBoss/abyssal_volatile_proj05.ao"",""Metadata/Effects/Spells/monsters_effects/League_Sanctum/LithomancerBoss/abyssal_volatile_proj06.ao"",""Metadata/Effects/Spells/monsters_effects/League_Sanctum/LithomancerBoss/abyssal_volatile_proj07.ao"",""Metadata/Effects/Spells/monsters_effects/League_Sanctum/LithomancerBoss/abyssal_volatile_proj08.ao"",""Metadata/Effects/Spells/monsters_effects/League_Sanctum/LithomancerBoss/abyssal_volatile_proj09.ao"",""Metadata/Effects/Spells/monsters_effects/League_Sanctum/LithomancerBoss/abyssal_volatile_proj10.ao"",""Metadata/Effects/Spells/monsters_effects/League_Sanctum/LithomancerBoss/abyssal_volatile_proj11.ao"",""Metadata/Effects/Spells/monsters_effects/League_Sanctum/LithomancerBoss/abyssal_volatile_proj12.ao""]","[""projectile""]","[""impact""]",1500,"",4,"","","Metadata/Projectiles/Projectile","",4,"","",[],"",0,0,0,0,"","",0,0,100,100,0,[],"",[],"","","","","","","","","","",[],[],1
1295,"Metadata/Projectiles/SanctumCandleProjectile","[""Metadata/Effects/Spells/monsters_effects/League_Sanctum/GargoyleBoss/candle_mortar_proj.ao""]","[""animate_01"",""animate_02"",""animate_03"",""animate_04"",""animate_05"",""animate_06"",""animate_07"",""animate_08"",""animate_09"",""animate_10""]",[],750,1,2,"","","Metadata/Projectiles/ProjectileMortar","",2,"","",[],"",0,0,0,0,"","",0,0,100,100,1,[],"",[],"","","","","","","","","","",[],[],1
1296,"Metadata/Projectiles/NecroCultistKineticBlast","[""Metadata/Effects/Spells/monsters_effects/Act2_FOUR/MastadonBoss/ao/necromancer_kineticBlast.ao""]","[""proj""]","[""impact_01""]",3260,1,1,"",1,"Metadata/Projectiles/Projectile","",2,"","",[],"",0,0,0,0,"","",0,0,100,100,0,[],"",[],"","","","","","","","","","",[],[],1
1297,"Metadata/Projectiles/PorcupineAntSpikeball","[""Metadata/Effects/Spells/monsters_effects/Act2_FOUR/SpikerAnt/spikemortar.ao""]","[""animate""]",[],750,1,2,"","","Metadata/Projectiles/ProjectileMortar","",2,"","",[],"",0,0,0,0,"","",0,0,100,100,0,[],"",[],"","","","","","","","","","",[],[],1
1298,"Metadata/Projectiles/PorcupineAntSpikeballSpikes","[""Metadata/Effects/Spells/monsters_effects/Act2_FOUR/SpikerAnt/spike.ao""]","[""animate""]","[""end_grp""]",1500,1,2,"","","Metadata/Projectiles/ProjectileMortar","",2,"","",[],"",0,0,0,0,"","",0,0,100,100,1,[],"",[],"","","","","","","","","","",[],[],1
1299,"Metadata/Projectiles/PorcupineAntSpikeballSpikesSanctum","[""Metadata/Effects/Spells/monsters_effects/Act2_FOUR/SpikerAnt/spike_poison.ao""]","[""animate""]","[""end_grp""]",1500,1,2,"","","Metadata/Projectiles/ProjectileMortar","",2,"","",[],"",0,0,0,0,"","",0,0,100,100,1,[],"",[],"","","","","","","","","","",[],[],1
1300,"Metadata/Projectiles/CaveDwellerSuperProjectile","[""Metadata/Effects/Spells/monsters_effects/Act2_FOUR/CaveDweller/ao/super_proj.ao""]","[""idle""]","[""impact""]",350,"",4,"","","Metadata/Projectiles/Projectile","",4,"","",[],"",0,100,0,0,"","",0,0,100,100,0,"[""end""]","",[],"","","","","","","","","","",[],[],1
1301,"Metadata/Projectiles/DeceleratingProjectilePerennialKing","[""Metadata/Effects/Spells/monsters_effects/Act2_FOUR/PerennialKing/ao/corruption_projectile.ao""]","[""idle""]","[""explode""]",1100,"",2,"","","Metadata/Projectiles/Projectile","",2,"","",[],"",0,0,0,0,"","",0,0,100,100,0,[],"",[],"","","","","","","","","","",[],[],1
1302,"Metadata/Projectiles/LightningBurstSpear","[""Metadata/Effects/Spells/spear_lightningspear/lightningSpear_01.ao""]","[""mainProjectile_01""]","[""impact_01""]",3000,"",3,"","","Metadata/Projectiles/Projectile",9286,3,"","",[],"",0,0,0,0,"","",0,0,100,100,0,[],"",[],"aux_model_attach_01","",9346,"","","","","","","",[],[],1
1303,"Metadata/Projectiles/LightningBurstBolt","[""Metadata/Effects/Spells/spear_lightningspear/lightningSpear_02.ao""]","[""mainProjectile_01""]","[""impact_01""]",2800,"",2,"","","Metadata/Projectiles/Projectile",9287,2,"","",[],"",0,0,0,0,"","",0,0,100,100,0,[],"",[],"","","","","","","","","","",[],[],1
1304,"Metadata/Projectiles/FarudinUniqueCorruptionSpear","[""Metadata/Effects/Spells/monsters_effects/Act2_FOUR/MutewindBanditBoss/spear_proj.ao""]","[""loop""]","[""end""]",4000,1,2,"","","Metadata/Projectiles/Projectile","",2,"","",[],"",0,0,0,0,"","",0,0,100,100,0,[],"",[],"","","","","","","","","","",[],[],1
1305,"Metadata/Projectiles/FireWakeSpearLead","[""Metadata/Effects/Spells/spear_firewake/fire_wake_proj_01.ao""]","[""primary_01""]","[""impact_01""]",1400,"",2,"","","Metadata/Projectiles/Projectile","",2,"","",[],"",0,0,0,0,"","",0,0,100,100,0,[],"",[],"","","","","","","","","","",[],[],1
1306,"Metadata/Projectiles/BloodBathersFireWakeSpearLead","[""Metadata/Effects/Spells/monsters_effects/Act3_FOUR/BloodBatherSpear/ao/fire_wake_proj_01.ao""]",[],[],750,"",2,"","","Metadata/Projectiles/Projectile","",2,"","",[],"",0,0,0,0,"","",0,0,100,100,0,[],"",[],"","","","","","","","","","",[],[],1
1307,"Metadata/Projectiles/FireWakeSpearFollow","[""Metadata/Effects/Spells/spear_firewake/fire_wake_proj_02.ao""]","[""secondary_01""]","[""impact_01""]",3260,"",2,"","","Metadata/Projectiles/Projectile","",2,"","",[],"",0,0,0,0,"","",0,0,100,100,0,[],"",[],"","","","","","","","","","",[],[],1
1308,"Metadata/Projectiles/BloodBathersFireWakeSpearFollow","[""Metadata/Effects/Spells/monsters_effects/Act3_FOUR/BloodBatherSpear/ao/fire_wake_proj_02.ao""]",[],[],750,"",2,"","","Metadata/Projectiles/Projectile","",2,"","",[],"",0,0,0,0,"","",0,0,100,100,0,[],"",[],"","","","","","","","","","",[],[],1
1309,"Metadata/Projectiles/SandGolemancerProjectile","[""Metadata/Effects/Spells/monsters_effects/Act2_FOUR/SandGolemancer/spectral_throw.ao""]","[""animate""]","[""end""]",1250,"",2,"","","Metadata/Projectiles/Projectile","",2,"","",[],"",0,0,0,0,"","",0,0,100,100,0,[],"",[],"","","","","","","","","","",[],[],1
1310,"Metadata/Projectiles/DesertPhantasmBolt","[""Metadata/Effects/Spells/monsters_effects/Act2_FOUR/Phantasm/projectile.ao""]","[""projectile""]","[""impact""]",1000,"",1,"","","Metadata/Projectiles/Projectile","",1,"","",[],"",0,0,0,0,"","",0,0,100,100,0,[],"",[],"","","","","","","","","","",[],[],1
1311,"Metadata/Projectiles/DesertPhantasmTimeBolt","[""Metadata/Effects/Spells/monsters_effects/Act2_FOUR/Phantasm/projectile_sanctum.ao""]","[""projectile""]","[""impact""]",1000,"",1,"","","Metadata/Projectiles/Projectile","",1,"","",[],"",0,0,0,0,"","",0,0,100,100,0,[],"",[],"","","","","","","","","","",[],[],1
1312,"Metadata/Projectiles/MastodonNecroBossBall","[""Metadata/Effects/Spells/monsters_effects/Act2_FOUR/MastadonBoss/ao/necromancer_ball_proj.ao""]","[""idle""]","[""impact""]",1000,"",2,"","","Metadata/Projectiles/Projectile","",2,"","",[],"",0,0,0,0,"","",0,0,100,100,0,"[""end""]","",[],"","","","","","","","","","",[],[],1
1313,"Metadata/Projectiles/IncendiaryBoltRapidShot","[""Metadata/Effects/Spells/crossbow_incendiary/projectile.ao""]","[""rapid_01""]","[""impact_rapid_01""]",3250,"",0,"","","Metadata/Projectiles/Projectile","",0,"","",[],"",0,50,0,50,8207,"",0,0,100,100,0,[],"",[],"","","",223,1,"muzzle_rapid",228,"Audio/Sound Effects/Skills/4.0/Crossbow/Basic/Impacts/Impact_RapidSG","","",[],[],1
1314,"Metadata/Projectiles/IncendiaryBoltRapidShotMonster","[""Metadata/Effects/Spells/crossbow_incendiary/projectile_monster.ao""]","[""rapid_01""]","[""impact_rapid_01""]",3250,"",0,"","","Metadata/Projectiles/Projectile","",0,"","",[],"",0,50,0,50,8207,"",0,0,100,100,0,[],"",[],"","","",223,1,"muzzle_rapid",228,"Audio/Sound Effects/Skills/4.0/Crossbow/Basic/Impacts/Impact_RapidSG","","",[],[],1
1315,"Metadata/Projectiles/ArmourPiercingBoltRapidShot","[""Metadata/Effects/Spells/crossbow_armour_piercing/bolt_armour_piercing.ao""]","[""rapid_01""]","[""impact_rapid_01""]",3250,"",0,"","","Metadata/Projectiles/Projectile","",0,"","",[],"",0,50,0,50,8206,"",0,0,100,100,0,[],"",[],"","","",222,1,"muzzle_rapid",227,"Audio/Sound Effects/Skills/4.0/Crossbow/Basic/Impacts/Impact_RapidSG","","",[],[],1
1316,"Metadata/Projectiles/FreezingBoltRapidShot","[""Metadata/Effects/Spells/crossbow_permafrost/projectile.ao""]","[""rapid_01""]","[""impact_rapid_01""]",2925,1,0,"","","Metadata/Projectiles/Projectile","",0,"","",[],"",0,50,0,50,8209,"",0,0,100,100,0,[],"",[],"","","",225,1,"muzzle_rapid",229,"Audio/Sound Effects/Skills/4.0/Crossbow/Basic/Impacts/Impact_RapidSG","","",[],[],1
1317,"Metadata/Projectiles/IncendiaryBoltPowerShot","[""Metadata/Effects/Spells/crossbow_incendiary/projectile.ao""]","[""power_01""]","[""impact_power_01""]",2340,1,0,"","","Metadata/Projectiles/Projectile","",0,"","",[],"",0,100,0,0,8207,"",0,0,100,100,0,[],"",[],"","","",216,1,"muzzle_power",216,"Audio/Sound Effects/Skills/4.0/Crossbow/Basic/Impacts/Impact_PowerSG","","",[],[],1
1318,"Metadata/Projectiles/IncendiaryBoltBurstShotMonster","[""Metadata/Effects/Spells/crossbow_incendiary/projectile_monster.ao""]","[""burst_01""]","[""impact_burst_01""]",4000,1,0,"","","Metadata/Projectiles/Projectile","",0,"","",[],"",0,100,0,0,8208,"",0,0,100,100,0,[],"",[],"","","",216,1,"muzzle_power",216,"Audio/Sound Effects/MonsterSounds/4.0/Part1/Act1/G1_12/InfectedMerc/Crossbow/Incendiary/Impacts/Impact_PowerSG","","",[],[],1
1319,"Metadata/Projectiles/ArmourPiercingBoltPowerShot","[""Metadata/Effects/Spells/crossbow_armour_piercing/bolt_armour_piercing.ao""]","[""power_01""]","[""impact_power_01""]",4200,"",0,"","","Metadata/Projectiles/Projectile","",0,1,1,[],"",0,100,0,0,8206,"",0,0,100,100,0,[],"",[],"","","",215,1,"muzzle_power",220,"Audio/Sound Effects/Skills/4.0/Crossbow/Basic/Impacts/Impact_PowerSG","","",[],[],1
1320,"Metadata/Projectiles/ArmourPiercingBoltBurstShotMonster","[""Metadata/Effects/Spells/crossbow_armour_piercing/bolt_armour_piercing_monster.ao""]","[""burst_01""]","[""impact_burst_01""]",6000,"",0,"","","Metadata/Projectiles/Projectile","",0,1,1,[],"",0,100,0,0,6719,"",0,0,100,100,0,[],"",[],"","","",215,1,"muzzle_power",220,"Audio/Sound Effects/MonsterSounds/4.0/Part1/Act1/G1_12/InfectedMerc/Crossbow/Basic/Impacts/Impact_PowerSG","","",[],[],1
1321,"Metadata/Projectiles/FreezingBoltPowerShot","[""Metadata/Effects/Spells/crossbow_permafrost/projectile.ao""]","[""power_01""]","[""impact_power_01""]",4000,1,0,"","","Metadata/Projectiles/Projectile","",0,"","",[],"",0,100,0,0,8209,"",0,0,100,100,0,[],"",[],"","","",218,1,"muzzle_power",218,"Audio/Sound Effects/Skills/4.0/Crossbow/Basic/Impacts/Impact_PowerSG","","",[],[],1
1322,"Metadata/Projectiles/StormblastBoltRapidShot","[""Metadata/Effects/Spells/crossbow_stormblast/bolt_stormblast.ao""]","[""rapid_01""]","[""impact_rapid_01""]",3500,"",0,"","","Metadata/Projectiles/Projectile","",0,"","",[],"",100,100,0,0,8210,"",0,0,100,100,0,[],"",[],"","","",224,1,"muzzle_rapid",224,"Audio/Sound Effects/Skills/4.0/Crossbow/Basic/Impacts/Impact_RapidSG","","",[],[],1
1323,"Metadata/Projectiles/StormblastBoltBurstShot","[""Metadata/Effects/Spells/crossbow_stormblast/bolt_stormblast.ao""]","[""burst_01""]","[""impact_burst_01""]",5000,"",0,"","","Metadata/Projectiles/Projectile","",1,"","",[],"",0,0,0,0,8210,"",0,0,100,100,0,[],"",[],"","","",212,1,"muzzle_burst",212,"Audio/Sound Effects/Skills/4.0/Crossbow/Basic/Impacts/Impact_BurstSG","","",[],[],1
1324,"Metadata/Projectiles/StormblastBoltPowerShot","[""Metadata/Effects/Spells/crossbow_stormblast/projectile_POWER.ao""]","[""power_01""]","[""impact""]",7200,"",1,"","","Metadata/Projectiles/Projectile","",4,"","",[],"",100,0,0,0,8210,"",0,0,100,100,0,[],"",[],"","","","","","muzzle_RailGun",217,"Audio/Sound Effects/Skills/4.0/Crossbow/Basic/Impacts/Impact_PowerSG","","",[],[],1
1325,"Metadata/Projectiles/TitanGrottoWispBolt","[""Metadata/Effects/Spells/monsters_effects/Act2_FOUR/Wisp/proj.ao""]","[""projectile_01""]","[""impact""]",2000,"",2,"","","Metadata/Projectiles/Projectile","",2,"","",[],"",0,0,0,0,"","",0,0,100,100,0,[],"",[],"","","","","","","","","","",[],[],1
1326,"Metadata/Projectiles/RedSkeletonCaster","[""Metadata/Effects/Spells/monsters_effects/Act2_FOUR/TitanGrottoSkeletons/ao/projectile.ao""]","[""loop""]","[""end""]",1500,"",2,"","","Metadata/Projectiles/Projectile","",2,"","",[],"",0,0,0,0,"","",0,0,100,100,0,[],"",[],"","","","","","","","","","",[],[],1
1327,"Metadata/Projectiles/KinahraShuriken","[""Metadata/Effects/Spells/monsters_effects/Act2_FOUR/Kinarah/ao/projectile.ao""]","[""proj""]","[""impact""]",2000,"",2,"","","Metadata/Projectiles/Projectile","",2,"","",[],"",0,0,0,0,"","",0,0,100,100,0,[],1,[],"","","","","","","","","","",[],[],1
1328,"Metadata/Projectiles/TitanBossFlameWalk","[""Metadata/Effects/Spells/monsters_effects/Act2_FOUR/TitanBoss/ao/fire_walk/eye_projectile.ao""]","[""projectile_01""]","[""impact""]",525,"",1,"","","Metadata/Projectiles/Projectile","",1,"","",[],"",0,0,0,0,"","",0,0,100,100,0,[],"",[],"","","","","","","","",10,"",[],[],1
1329,"Metadata/Projectiles/HeartseekerBasic","[""Metadata/Effects/Spells/monsters_effects/Act2_FOUR/Heartseeker/basic_projectile.ao""]","[""loop""]","[""end""]",1400,"",2,"","","Metadata/Projectiles/Projectile","",2,"","",[],"",0,0,0,0,"","",0,0,100,100,0,[],"",[],"","","","","","","","","","",[],[],1
1330,"Metadata/Projectiles/DredgeFiendMortar","[""Metadata/Effects/Spells/monsters_effects/Act3_FOUR/DredgeFiend/ao/mortar.ao""]","[""once""]","[""impact""]",950,1,2,"","","Metadata/Projectiles/Projectile","",2,"","",[],"",0,0,0,0,"","",0,0,100,100,1,[],"",[],"","","","","","","","","","",[],[],1
1331,"Metadata/Projectiles/DredgeFiendShamanBossMortar","[""Metadata/Effects/Spells/monsters_effects/Act3_FOUR/DredgeFiendBoss/ao/spell_projectile_01/mortar.ao""]","[""once""]","[""impact""]",950,"",2,"","","Metadata/Projectiles/Projectile","",2,"","",[],"",0,0,0,0,"","",0,0,100,100,1,[],"",[],"","","","","","","","","","",[],[],1
1332,"Metadata/Projectiles/VaalSavageThrownSpear","[""Metadata/Effects/Spells/monsters_effects/Act3_FOUR/CannibalTribe_Spear/ao/spear_proj.ao""]","[""mortar""]","[""shatter""]",2250,"",2,"","","Metadata/Projectiles/Projectile","",2,"","","[""Metadata/Effects/Spells/monsters_effects/Act3_FOUR/CannibalTribe_Spear/ao/spear_proj_stuck.ao""]","Metadata/Effects/Spells/monsters_effects/Act3_FOUR/CannibalTribe_Spear/ao/spear_proj_shatter.ao",0,50,100,100,"","",0,0,100,100,1,[],1,[],"","","","","","","","","","",[],[],1
1333,"Metadata/Projectiles/CannibalShamanSwampMortar","[""Metadata/Effects/Spells/monsters_effects/Act3_FOUR/CannibalShaman/ao/mortar.ao""]","[""idle""]","[""impact""]",1000,1,2,"","","Metadata/Projectiles/Projectile","",2,"","",[],"",0,0,0,0,"","",0,0,100,100,1,[],"",[],"","",8648,"","","","","","","",[],[],1
1334,"Metadata/Projectiles/BaneSaplingMortar","[""Metadata/Effects/Spells/monsters_effects/Act3_FOUR/BaneSapling/ao/mortar.ao""]","[""animate_01""]","[""impact""]",800,1,2,"","","Metadata/Projectiles/Projectile","",2,"","",[],"",0,0,0,0,"","",0,0,100,100,1,[],"",[],"","","","","","","","","","",[],[],1
1335,"Metadata/Projectiles/QuadrillaRock","[""Metadata/Effects/Spells/monsters_effects/Act3_FOUR/BaneSapling/ao/mortar.ao""]","[""animate""]",[],600,1,4,"","","Metadata/Projectiles/Projectile","",4,"","",[],"",0,0,0,0,"","",0,0,100,100,0,[],"",[],"","","","","","","","","","",[],[],1
1336,"Metadata/Projectiles/ChimeraPoisonMortar","[""Metadata/Effects/Spells/monsters_effects/Act3_FOUR/Chimera/ao/poison_spray_mortar_01.ao""]","[""mortar_01""]",[],1100,1,2,"","","Metadata/Projectiles/ProjectileMortar","",2,"","",[],"",0,0,0,0,"","",0,0,100,100,1,[],"",[],"","","","","","","","","","",[],[],1
1337,"Metadata/Projectiles/ChimeraFireball","[""Metadata/Effects/Spells/monsters_effects/Act3_FOUR/Chimera/ao/fire_proj.ao""]","[""proj""]","[""end""]",1200,"",2,"","","Metadata/Projectiles/Projectile","",2,"","",[],"",0,0,0,0,"","",0,0,100,100,0,[],"",[],"","","","","","","","","","",[],[],1
1338,"Metadata/Projectiles/ChimeraPillarFireball","[""Metadata/Effects/Spells/monsters_effects/Act3_FOUR/Chimera/ao/fire_proj.ao""]","[""proj""]","[""end""]",1200,1,2,"","","Metadata/Projectiles/Projectile","",2,"","",[],"",0,0,0,0,"","",0,0,100,100,0,[],"",[],"","","","","","","","","","",[],[],1
1339,"Metadata/Projectiles/VaalSavageBlowDart","[""Metadata/Effects/Spells/monsters_effects/Act3_FOUR/VaalSavage_Delinquent/ao/DelinquentDart.ao""]","[""loop""]","[""impact""]",2000,"",1,"","","Metadata/Projectiles/Projectile","",1,"","",[],"",0,0,0,0,"","",0,0,100,100,0,[],"",[],"","","","","","","","","","",[],[],1
1340,"Metadata/Projectiles/VaalSavageFireball","[""Metadata/Effects/Spells/monsters_effects/Act3_FOUR/CarverShaman/ao/fireball.ao""]","[""proj""]","[""end""]",1200,"",2,"","","Metadata/Projectiles/Projectile","",2,"","",[],"",0,0,0,0,"","",0,0,100,100,0,[],"",[],"","","","","","","","","","",[],[],1
1341,"Metadata/Projectiles/VaalConstructSkitterbotGrenade","[""Metadata/Effects/Spells/monsters_effects/Act3_FOUR/SkitterBot/ao/mortar.ao""]","[""mortar""]",[],750,1,2,"","","Metadata/Projectiles/ProjectileMortar","",2,"","",[],"",0,0,0,0,"","",0,0,100,100,1,[],"",[],"","","","","","","","","","",[],[],1
1342,"Metadata/Projectiles/BoneRabbleLightningMortar","[""Metadata/Effects/Spells/monsters_effects/Act3_FOUR/BoneRabble/ao/Mortar.ao""]","[""animate""]",[],2500,1,2,"","","Metadata/Projectiles/ProjectileMortar","",2,"","",[],"",0,0,0,0,"","",0,0,100,100,0,[],"",[],"","","","","","","","","","",[],[],1
1343,"Metadata/Projectiles/BoneRabbleSnipe","[""Metadata/Effects/Spells/monsters_effects/Act3_FOUR/BoneRabble_Eagle/ao/arrow_snipe.ao""]","[""projectileAnimation_02""]","[""projectileAnimation_01""]",3260,"",1,"",1,"Metadata/Projectiles/Projectile","",1,"","","[""Metadata/Effects/Spells/monsters_effects/Act3_FOUR/BoneRabble_Eagle/ao/snipe_arrow_stuck.ao""]","Metadata/Effects/Spells/firearrow_02/burning_arrow_bounce.ao",50,80,0,20,"","",0,100,100,100,0,[],"",[],"","","","","","","","","","",[],[],1
1344,"Metadata/Projectiles/UndeadVaalGuardGrenade","[""Metadata/Effects/Spells/monsters_effects/Act3_FOUR/VaalGuards/VaalGuard03/ao/mortar.ao""]","[""mortar2""]",[],750,1,2,"","","Metadata/Projectiles/ProjectileMortar","",2,"","",[],"",0,0,0,0,"","",0,0,100,100,1,[],"",[],"","","","","","","","","","",[],[],1
1345,"Metadata/Projectiles/SpittingSnakeSpit","[""Metadata/Effects/Spells/monsters_effects/Act3_FOUR/SpittingSnake/ao/mortar.ao""]","[""animate""]",[],750,1,2,"","","Metadata/Projectiles/ProjectileMortar","",2,"","",[],"",0,0,0,0,"","",0,0,100,100,0,[],"",[],"","","","","","","","","","",[],[],1
1346,"Metadata/Projectiles/SpittingSnakeSpitIncursion","[""Metadata/Effects/Spells/monsters_effects/Act3_FOUR/SpittingSnake/ao/mortar_incursion.ao""]","[""animate""]",[],750,1,2,"","","Metadata/Projectiles/ProjectileMortar","",2,"","",[],"",0,0,0,0,"","",0,0,100,100,0,[],"",[],"","","","","","","","","","",[],[],1
1347,"Metadata/Projectiles/ConstrictorCorpseMortar","[""Metadata/Effects/Spells/monsters_effects/Act3_FOUR/ConstrictorCorpse/ao/projectile.ao""]","[""animate""]","[""impact""]",1500,1,2,"","","Metadata/Projectiles/Projectile","",2,"","",[],"",0,0,0,0,"","",0,0,100,100,0,[],"",[],"","","","","","","","","","",[],[],1
1348,"Metadata/Projectiles/CrazySnakeLadyFlask","[""Metadata/Effects/Spells/monsters_effects/Act3_FOUR/CrazySnakeLady/ao/mortar.ao""]","[""animate""]",[],750,1,2,"","","Metadata/Projectiles/ProjectileMortar","",2,"","",[],"",0,0,0,0,"","",0,0,100,100,1,[],"",[],"","","","","","","","","","",[],[],1
1349,"Metadata/Projectiles/CrazySnakeLadySnakeSpit","[""Metadata/Effects/Spells/monsters_effects/Act3_FOUR/CrazySnakeLady/ao/snake_spit_mortar.ao""]","[""animate""]",[],1170,1,2,"","","Metadata/Projectiles/ProjectileMortar","",2,"","",[],"",0,0,0,0,"","",0,0,100,100,2,[],"",[],"","","","","","","","","","",[],[],1
1350,"Metadata/Projectiles/CrazySnakeLadySnakeSpitCharged","[""Metadata/Effects/Spells/monsters_effects/Act3_FOUR/CrazySnakeLady/ao/controlled_spit_mortar.ao""]","[""animate""]",[],1170,1,2,"","","Metadata/Projectiles/ProjectileMortar","",2,"","",[],"",0,0,0,0,"","",0,0,100,100,2,[],"",[],"","","","","","","","","","",[],[],1
1351,"Metadata/Projectiles/IgnagdukBasicFireProj","[""Metadata/Effects/Spells/monsters_effects/Act3_FOUR/IgnagdukBogWitch/af_projectile.ao""]","[""idle""]","[""impact""]",1200,"",2,"","","Metadata/Projectiles/Projectile","",2,"","",[],"",0,0,0,0,"","",0,0,100,100,0,[],"",[],"","","","","","","","","","",[],[],1
1352,"Metadata/Projectiles/IgnagdukBigFireProj","[""Metadata/Effects/Spells/monsters_effects/Act3_FOUR/IgnagdukBogWitch/af_projectile_d2.ao""]","[""idle""]","[""impact""]",1200,"",2,"","","Metadata/Projectiles/Projectile","",2,"","",[],"",0,0,0,0,"","",0,0,100,100,0,[],"",[],"","","","","","","","","","",[],[],1
1353,"Metadata/Projectiles/SpittingSnakeVomitMortar","[""Metadata/Monsters/SpittingSnake/Effects/Ao/poison_spray_mortar_01.ao""]","[""mortar_03""]",[],5000,1,2,"","","Metadata/Projectiles/ProjectileMortar","",2,"","",[],"",0,0,0,0,"","",0,0,100,100,0,[],"",[],"","","","","","","","","","",[],[],1
1354,"Metadata/Projectiles/IgnagdukFireSpray","[""Metadata/Effects/Spells/monsters_effects/Act3_FOUR/IgnagdukBogWitch/flamethrower.ao""]","[""animate_01""]",[],750,1,3,"","","Metadata/Projectiles/Projectile","",5,"","",[],"",0,0,0,0,"","",0,0,100,100,0,[],"",[],"","","","","","","","","","",[],[],1
1355,"Metadata/Projectiles/VaalGuardGrenade","[""Metadata/Effects/Spells/monsters_effects/Act3_FOUR/VaalGuards/VaalGuard03/ao/mortar.ao""]","[""mortar2""]",[],750,1,2,"","","Metadata/Projectiles/ProjectileMortar","",2,"","",[],"",0,0,0,0,"","",0,0,100,100,1,[],"",[],"","","","","","","","","","",[],[],1
1356,"Metadata/Projectiles/VaalGuardOilMortar","[""Metadata/Effects/Spells/monsters_effects/Act3_FOUR/VaalGuardBombThrower/mortar.ao""]","[""mortar""]",[],750,1,2,"","","Metadata/Projectiles/ProjectileMortar","",2,"","",[],"",0,0,0,0,"","",0,0,100,100,1,[],"",[],"","","","","","","","","","",[],[],1
1357,"Metadata/Projectiles/VaalGuardBlazeArrow","[""Metadata/Effects/Spells/monsters_effects/Act3_FOUR/VaalGuards_Living/VaalGuardBowLiving/ao/basic_proj.ao""]","[""loop""]","[""end""]",3000,1,2,"","","Metadata/Projectiles/Projectile","",2,"","",[],"",0,0,0,0,"","",0,0,100,100,0,[],"",[],"","","","","","","","","","",[],[],1
1358,"Metadata/Projectiles/VaalGuardSnipe","[""Metadata/Effects/Spells/monsters_effects/Act3_FOUR/VaalGuards_Living/VaalGuardBowLiving/ao/snipe_proj.ao""]","[""loop""]","[""end""]",4000,"",2,"","","Metadata/Projectiles/Projectile","",2,"","",[],"",0,0,0,0,"","",0,0,100,100,0,[],"",[],"","","","","","","","","","",[],[],1
1359,"Metadata/Projectiles/VaalArchivistFireProj","[""Metadata/Effects/Spells/monsters_effects/Act3_FOUR/VaalArchivist/ao/fire_proj.ao""]","[""idle""]","[""end""]",700,"",2,"","","Metadata/Projectiles/Projectile","",2,"","",[],"",0,0,0,0,"","",0,0,100,100,0,[],"",[],"","","","","","","","","","",[],[],1
1360,"Metadata/Projectiles/VaalArchivistColdProj","[""Metadata/Effects/Spells/monsters_effects/Act3_FOUR/VaalArchivist/ao/cold_proj.ao""]","[""idle""]","[""end""]",700,"",2,"","","Metadata/Projectiles/Projectile","",2,"","",[],"",0,0,0,0,"","",0,0,100,100,0,[],"",[],"","","","","","","","","","",[],[],1
1361,"Metadata/Projectiles/VaalArchivistLightningProj","[""Metadata/Effects/Spells/monsters_effects/Act3_FOUR/VaalArchivist/ao/lightning_proj.ao""]","[""idle""]","[""end""]",700,"",2,"","","Metadata/Projectiles/Projectile","",2,"","",[],"",0,0,0,0,"","",0,0,100,100,0,[],"",[],"","","","","","","","","","",[],[],1
1362,"Metadata/Projectiles/VaalArchivistBloodProj","[""Metadata/Effects/Spells/monsters_effects/Act3_FOUR/VaalArchivist/ao/blood_proj.ao""]","[""idle""]","[""end""]",750,"",4,"","","Metadata/Projectiles/Projectile","",4,"","",[],"",0,0,0,0,"","",0,0,100,100,0,[],"",[],"","","","","","","","","","",[],[],1
1363,"Metadata/Projectiles/VaalGuardBowFireArrow","[""Metadata/Effects/Spells/monsters_effects/Act3_FOUR/VaalGuards_Living/VaalGuardBowLiving/ao/basic_proj.ao""]","[""loop""]","[""end""]",3000,"",2,"","","Metadata/Projectiles/Projectile","",2,"","",[],"",0,0,0,0,"","",0,0,100,100,0,[],"",[],"","","","","","","","","","",[],[],1
1364,"Metadata/Projectiles/VaalArchivistSpark","[""Metadata/Effects/Spells/monsters_effects/Act3_FOUR/VaalArchivist/ao/lightning_spark.ao""]","[""electrical_surge""]","[""electrical_explode""]",560,1,2,"","","Metadata/Projectiles/ProjectileGround","",2,"","",[],"",0,0,0,0,"","",0,0,100,100,0,[],"",[],"","","","","","","","","","",[],[],1
1365,"Metadata/Projectiles/FishParasiteColdMortar","[""Metadata/Effects/Spells/monsters_effects/Act3_FOUR/FishParasite/ao/mortar.ao""]","[""proj""]","[""impact_01""]",1170,1,2,"","","Metadata/Projectiles/Projectile","",2,"","",[],"",0,0,0,0,"","",0,0,100,100,2,[],"",[],"","","","","","","","","","",[],[],1
1366,"Metadata/Projectiles/EelBossMortar","[""Metadata/Effects/Spells/monsters_effects/sandspitter_elemental/mortar/ice.ao""]","[""proj""]","[""end""]",1170,1,2,"","","Metadata/Projectiles/ProjectileMortar","",2,"","",[],"",0,0,0,0,"","",0,0,100,100,2,[],"",[],"","","","","","","","","","",[],[],1
1367,"Metadata/Projectiles/CenobiteStoneThrower","[""Metadata/Effects/Spells/monsters_effects/Act3_FOUR/CenobiteStoneThrower/ao/stone_projectile.ao""]","[""projectile""]","[""impact""]",800,1,2,"","","Metadata/Projectiles/Projectile","",2,"","",[],"",0,0,0,0,"","",0,0,100,100,0,[],"",[],"","","","","","","","","","",[],[],1
1368,"Metadata/Projectiles/VaalZealotSpark","[""Metadata/Effects/Spells/monsters_effects/Act3_FOUR/VaalZealotSpearLightning/ao/spark.ao""]","[""electrical_surge""]","[""electrical_explode""]",560,1,2,"","","Metadata/Projectiles/ProjectileGround","",2,"","",[],"",0,0,0,0,"","",0,0,100,100,0,[],"",[],"","","","","","","","","","",[],[],1
1369,"Metadata/Projectiles/VaalZealotSparkDescend","[""Metadata/Effects/Spells/monsters_effects/Act3_FOUR/VaalZealotSpearLightning/ao/spark.ao""]","[""electrical_surge_02""]","[""electrical_explode""]",560,1,2,"","","Metadata/Projectiles/ProjectileGround","",2,"","",[],"",0,0,0,0,"","",0,0,125,125,0,[],"",[],"","","","","","","","","","",[],[],1
1370,"Metadata/Projectiles/VaalZealotBloodMortar","[""Metadata/Effects/Spells/monsters_effects/Act3_FOUR/VaalZealotSpearBlood/mortar.ao""]","[""projectile""]","[""impact""]",1000,1,2,"","","Metadata/Projectiles/Projectile","",2,"","",[],"",0,0,0,0,"","",0,0,100,100,2,[],"",[],"","","","","","","","","","",[],[],1
1371,"Metadata/Projectiles/VaalZealotFireProjectile","[""Metadata/Effects/Spells/monsters_effects/Act3_FOUR/VaalZealotSpearFire/ao/FireProj.ao""]","[""idle""]","[""end""]",1350,"",2,"","","Metadata/Projectiles/Projectile","",2,"","",[],"",0,0,0,0,"","",0,0,100,100,0,[],"",[],"","","","","","","","","","",[],[],1
1372,"Metadata/Projectiles/VaalZealotColdProjectile","[""Metadata/Effects/Spells/monsters_effects/Act3_FOUR/VaalZealotSpearCold/ao/ice_proj.ao""]","[""idle""]","[""explode""]",1100,"",2,"","","Metadata/Projectiles/Projectile","",2,"","",[],"",0,0,0,0,"","",0,0,100,100,0,[],"",[],"","","","","","","","","","",[],[],1
1373,"Metadata/Projectiles/VaalZealotChaosMortar","[""Metadata/Effects/Spells/monsters_effects/Act3_FOUR/VaalZealotSpearChaos/ao/ChaosMortar.ao""]","[""projectile""]","[""impact""]",1000,1,2,"","","Metadata/Projectiles/Projectile","",2,"","",[],"",0,0,0,0,"","",0,0,100,100,2,[],"",[],"","","","","","","","","","",[],[],1
1374,"Metadata/Projectiles/ViperNapuatziProjectileSpell","[""Metadata/Effects/Spells/monsters_effects/Act3_FOUR/ViperNapuatzi/ao/snake_strike/snake_projectile.ao""]","[""idle""]","[""impact""]",2000,"",2,"","","Metadata/Projectiles/Projectile","",2,"","",[],"",0,0,0,0,"","",0,0,100,100,0,[],"",[],"","","","","","","","","","",[],[],1
1375,"Metadata/Projectiles/ViperNapuatziBouncingProjectile","[""Metadata/Effects/Spells/monsters_effects/Act3_FOUR/ViperNapuatzi/ao/snake_barrage/snake_projectile.ao""]","[""idle""]","[""impact""]",800,"",2,"","","Metadata/Projectiles/ProjectileGround","",2,"","",[],"",0,0,0,0,"","",0,0,100,100,0,[],"",[],"","","","","","","","","","",[],[],1
1376,"Metadata/Projectiles/AbyssMonolithicSlugBouncingProjectile","[""Metadata/Effects/Spells/monsters_effects/League_Abyss/MonolithicSlug/Discharge_Projectile.ao""]","[""idle""]","[""impact""]",800,"",2,"","","Metadata/Projectiles/ProjectileGround","",2,"","",[],"",0,0,0,0,"","",0,0,100,100,0,[],"",[],"","","","","","","","","","",[],[],1
1377,"Metadata/Projectiles/BloodMageBloodProjectile","[""Metadata/Effects/Spells/monsters_effects/Act3_FOUR/BloodBather/ao/blood_proj.ao""]","[""projectile""]","[""impact""]",650,"",2,"","","Metadata/Projectiles/Projectile","",2,"","",[],"",0,0,0,0,"","",0,0,100,100,0,[],"",[],"","","","","","","","","","",[],[],1
1378,"Metadata/Projectiles/VaalSunApparitionBasicProj","[""Metadata/Effects/Spells/monsters_effects/Act3_FOUR/VaalApparition/ao/projectile.ao""]","[""projectile""]","[""impact""]",1500,"",2,"","","Metadata/Projectiles/Projectile","",2,"","",[],"",0,0,0,0,"","",0,0,100,100,0,[],"",[],"","","","","","","","","","",[],[],1
1379,"Metadata/Projectiles/SunWorshipperBasicProj","[""Metadata/Effects/Spells/monsters_effects/Act3_FOUR/SunWorshipperBoss/projectile.ao""]","[""projectile""]","[""impact""]",1350,"",2,"","","Metadata/Projectiles/Projectile","",2,"","",[],"",0,0,0,0,"","",0,0,100,100,0,[],"",[],"","","","","","","","","","",[],[],1
1380,"Metadata/Projectiles/VaalStormcallerLightningMortarBarrage","[""Metadata/Effects/Spells/monsters_effects/Act3_FOUR/VaalSorcerer/ao/LightningTendrils/Mortar.ao""]","[""animate""]",[],2500,1,2,"","","Metadata/Projectiles/ProjectileMortar","",2,"","",[],"",0,0,0,0,"","",0,0,100,100,0,[],"",[],"","","","","","","","","","",[],[],1
1381,"Metadata/Projectiles/VaalStormcallerLightningMortarBarrageFirst","[""Metadata/Effects/Spells/monsters_effects/Act3_FOUR/VaalSorcerer/ao/LightningTendrils/Mortar.ao""]","[""animate""]",[],2500,1,2,"","","Metadata/Projectiles/ProjectileMortar","",2,"","",[],"",0,0,0,0,"","",0,0,100,100,0,[],"",[],"","","","","","","","","","",[],[],1
1382,"Metadata/Projectiles/VaalStormcallerBallLightning","[""Metadata/Effects/Spells/monsters_effects/Act3_FOUR/VaalSorcerer/ao/BallLightning/orb.ao""]","[""loop""]","[""end""]",400,"",2,"","","Metadata/Projectiles/Projectile","",2,"","",[],"",0,0,0,0,"","",0,0,100,100,0,[],"",[],"","","","","","","","","","",[],[],1
1383,"Metadata/Projectiles/VaalTimeScientistProjectile","[""Metadata/Effects/Spells/monsters_effects/Maligaro_Act7_e/FourLeggedDemon/Purple_lightning_strike/lightning_strike_projectile.ao""]","[""animate""]","[""end""]",750,"",2,"","","Metadata/Projectiles/Projectile","",2,"","",[],"",0,0,0,0,"","",0,0,100,100,0,[],"",[],"","","","","","","","","","",[],[],1
1384,"Metadata/Projectiles/SunWorshipperSupernova","[""Metadata/Effects/Spells/monsters_effects/AtlasofWorldsBosses/Djinn_demon/water_wave.ao""]","[""animate""]",[],1750,"",4,"","","Metadata/Projectiles/Projectile","",4,"","",[],"",0,0,0,0,"","",0,0,100,100,0,[],"",[],"","","","","","","","","","",[],[],1
1385,"Metadata/Projectiles/VaalWeaponAxeThrow","[""Metadata/Effects/Spells/monsters_effects/Act3_FOUR/VaalSergeant/ao/axe_projectile.ao""]","[""idle""]","[""end_ground""]",1500,1,2,"","","Metadata/Projectiles/Projectile","",2,"","",[],"",0,0,0,0,"","",0,0,100,100,0,[],1,[],"","","","","","","","","","",[],[],1
1386,"Metadata/Projectiles/VaalZealotColdEyeOfWinterMain","[""Metadata/Effects/Spells/monsters_effects/Act3_FOUR/VaalZealotSpearCold/ao/ball.ao""]","[""FrozenBall_idle""]","[""FrozenBall_death""]",300,"",2,"","","Metadata/Projectiles/Projectile","",2,"","",[],"",0,0,0,0,"","",0,0,100,100,0,[],"",[],"","","","","","","","","","",[],[],1
1387,"Metadata/Projectiles/VaalZealotColdEyeOfWinterShards","[""Metadata/Effects/Spells/monsters_effects/Act3_FOUR/VaalZealotSpearCold/ao/rig.ao""]","[""FrozenShard_idle""]","[""FrozenShard_death""]",800,"",2,"","","Metadata/Projectiles/Projectile","",2,"","",[],"",0,0,0,0,"","",0,0,100,100,0,[],"",[],"","","","","","","","","","",[],[],1
1388,"Metadata/Projectiles/VaalZealotBloodSoulrend","[""Metadata/Effects/Spells/monsters_effects/Act3_FOUR/BloodPriest/soulrend/rig.ao""]","[""projectile01""]","[""impact""]",550,"",2,"","","Metadata/Projectiles/Projectile","",2,"","",[],"",0,0,0,0,"","",0,0,100,100,0,[],"",[],"","","","","","","","","","",[],[],1
1389,"Metadata/Projectiles/BloodPriestBossSoulrend","[""Metadata/Effects/Spells/monsters_effects/Act3_FOUR/Bloodpriest_Interlude/AO/SoulRend_Projectile.ao""]","[""loop""]","[""impact""]",700,"",2,"","","Metadata/Projectiles/Projectile","",2,"","",[],"",0,0,0,0,"","",0,0,100,100,0,[],"",[],"","","","","","","","","","",[],[],1
1390,"Metadata/Projectiles/VaalShadowpriestProj","[""Metadata/Effects/Spells/monsters_effects/Act3_FOUR/VaalShadowpriest/ao/ShadowBolt.ao""]","[""idle""]","[""end""]",1500,"",2,"","","Metadata/Projectiles/Projectile","",2,"","",[],"",0,0,0,0,"","",0,0,100,100,0,[],"",[],"","","","","","","","","","",[],[],1
1391,"Metadata/Projectiles/VaalGoliathCrystalHolder","[""Metadata/Monsters/VaalMonsters/Living/objects/VaalGoliathGemProjectileBig.ao""]","[""mortar""]",[],750,1,2,"","","Metadata/Projectiles/ProjectileMortar","",2,"","",[],"",0,0,0,0,"","",0,0,100,100,1,[],"",[],"","","","","","","","","","",[],[],1
1392,"Metadata/Projectiles/VaalGoliathCrystal","[""Metadata/Monsters/VaalMonsters/Living/objects/VaalGoliathGemProjectile.ao""]","[""mortar""]",[],750,1,2,"","","Metadata/Projectiles/ProjectileMortar","",2,"","",[],"",0,0,0,0,"","",0,0,100,100,1,[],"",[],"","","","","","","","","","",[],[],1
1393,"Metadata/Projectiles/VaalBloodPriestProj","[""Metadata/Effects/Spells/monsters_effects/Act3_FOUR/BloodPriest/blood_proj/blood_proj.ao""]","[""projectile""]","[""impact""]",1350,"",2,"","","Metadata/Projectiles/Projectile","",2,"","",[],"",0,0,0,0,"","",0,0,100,100,0,[],"",[],"","","","","","","","","","",[],[],1
1394,"Metadata/Projectiles/VaalArchitectofTimeProj","[""Metadata/Effects/Spells/monsters_effects/Act3_FOUR/TimeArchitect/ao/time_proj.ao""]","[""idle""]","[""impact""]",1200,"",2,"","","Metadata/Projectiles/Projectile","",2,"","",[],"",0,0,0,0,"","",0,0,100,100,0,[],"",[],"","","","","","","","","","",[],[],1
1395,"Metadata/Projectiles/AnchoriteInvisible","[""Metadata/Effects/InvisibleEffect.ao""]",[],[],360,1,2,"","","Metadata/Projectiles/ProjectileGround","",2,"","",[],"",0,0,0,0,"","",0,0,100,100,0,[],"",[4],"","","","","","","","","","",[],[],1
1396,"Metadata/Projectiles/CenobiteMortarPoison","[""Metadata/Effects/Spells/monsters_effects/Act3_FOUR/CenobiteLeash/ao/Poison_MortarProj.ao""]","[""loop""]","[""impact""]",1000,1,2,"","","Metadata/Projectiles/Projectile","",2,"","",[],"",0,0,0,0,"","",0,0,100,100,1,[],"",[],"","","","","","","","","","",[],[],1
1397,"Metadata/Projectiles/CenobiteMortarExplode","[""Metadata/Effects/Spells/monsters_effects/Act3_FOUR/CenobiteLeash/ao/Ignite_MortarProj.ao""]","[""loop""]","[""impact""]",1000,1,2,"","","Metadata/Projectiles/Projectile","",2,"","",[],"",0,0,0,0,"","",0,0,100,100,1,[],"",[],"","","","","","","","","","",[],[],1
1398,"Metadata/Projectiles/CenobiteMortarHeal","[""Metadata/Effects/Spells/monsters_effects/Act3_FOUR/CenobiteLeash/ao/Heal_MortarProj.ao""]","[""loop""]","[""impact""]",1000,1,2,"","","Metadata/Projectiles/Projectile","",2,"","",[],"",0,0,0,0,"","",0,0,100,100,1,[],"",[],"","","","","","","","","","",[],[],1
1399,"Metadata/Projectiles/CauldronCroneVomitChunk","[""Metadata/Effects/Spells/monsters_effects/Act3_FOUR/CauldronCrone/vomit_mortar_01.ao"",""Metadata/Effects/Spells/monsters_effects/Act3_FOUR/CauldronCrone/vomit_mortar_02.ao"",""Metadata/Effects/Spells/monsters_effects/Act3_FOUR/CauldronCrone/vomit_mortar_03.ao"",""Metadata/Effects/Spells/monsters_effects/Act3_FOUR/CauldronCrone/vomit_mortar_04.ao""]","[""idle""]","[""end""]",750,1,2,"","","Metadata/Projectiles/Projectile","",2,"","",[],"",0,0,0,0,"","",0,0,100,100,1,[],"",[],"","","","","","","","","","",[],[],1
1400,"Metadata/Projectiles/CauldronCroneVomitChunklet","[""Metadata/Effects/Spells/monsters_effects/Act3_FOUR/CauldronCrone/vomit_spray_mortar.ao""]","[""idle""]","[""end""]",750,1,2,"","","Metadata/Projectiles/Projectile","",2,"","",[],"",0,0,0,0,"","",0,0,100,100,1,[],"",[],"","","","","","","","","","",[],[],1
1401,"Metadata/Projectiles/QueenOfFilthCorpseBall","[""Metadata/Effects/Spells/monsters_effects/Act3_FOUR/QueenOfFilth/ao/CorpseBallCorpse01.ao""]",[],"[""end""]",2500,1,2,"","","Metadata/Projectiles/Projectile","",2,"","",[],"",0,0,0,0,"","",0,0,100,100,0,[],"",[],"","","","","","","","","","",[],[],1
1402,"Metadata/Projectiles/BloodElementalProjectile","[""Metadata/Effects/Spells/monsters_effects/Act3_FOUR/BloodElementals/b_projectile.ao""]","[""projectile01""]","[""impact""]",750,1,2,"","","Metadata/Projectiles/Projectile","",2,"","",[],"",0,0,0,0,"","",0,0,100,100,0,[],"",[],"","","","","","","","","","",[],[],1
1403,"Metadata/Projectiles/BootyBlasterSouls","[""Metadata/Effects/Spells/monsters_effects/Act3_FOUR/PirateChestHolder/ao/SoulFlight.ao""]","[""ProjectileCurve""]",[],750,1,2,"","","Metadata/Projectiles/ProjectileMortar","",2,"","",[],"",0,0,0,0,"","",0,0,100,100,0,[],"",[],"","","","","","","","","","",[],[],1
1404,"Metadata/Projectiles/PirateCannonball","[""Metadata/Effects/Spells/monsters_effects/Act3_FOUR/PirateCannon/ao/cannonball_proj.ao""]","[""idle""]","[""end""]",2500,"",2,"","","Metadata/Projectiles/Projectile","",2,"","",[],"",0,0,0,0,"","",0,0,100,100,0,[],"",[],"","","","","","","","","","",[],[],1
1405,"Metadata/Projectiles/PirateGrenade","[""Metadata/Effects/Spells/monsters_effects/Act3_FOUR/PirateGrenade/ao/grenade_armed.ao""]","[""projectile_01""]","[""end""]",1000,1,2,"","","Metadata/Projectiles/Projectile","",2,"","",[],"",0,0,0,0,"","",0,0,100,100,1,[],1,[],"","","","","","","","",21,"",[],[],1
1406,"Metadata/Projectiles/PirateGrenadeBounced","[""Metadata/Effects/Spells/monsters_effects/Act3_FOUR/PirateGrenade/ao/grenade_armed.ao""]","[""projectile_01""]","[""end""]",500,1,2,"","","Metadata/Projectiles/Projectile","",2,"","",[],"",0,0,0,0,"","",0,0,100,100,1,[],1,[4],"","","","","","","","","","",[],[],1
1407,"Metadata/Projectiles/PirateGrenadeOnDeath","[""Metadata/Effects/Spells/monsters_effects/Act3_FOUR/PirateGrenade/ao/grenade_armed.ao""]","[""projectile_01""]","[""end""]",30,"",2,"","","Metadata/Projectiles/Projectile","",2,"","",[],"",0,0,0,0,"","",0,0,100,100,1,[],"",[],"","","","","","","","","","",[],[],1
1408,"Metadata/Projectiles/PirateBarrelBarrel","[""Metadata/Monsters/Pirates/objects/PirateBarrelProjectile.ao""]","[""idle_01""]","[""end""]",700,"",4,"","","Metadata/Projectiles/Projectile","",2,"","",[],"",0,0,0,0,"","",0,0,80,80,0,[],"",[],"","","","","","","","","","",[],[],1
1409,"Metadata/Projectiles/VaalHumanoidSkitterbotGrenade","[""Metadata/Effects/Spells/monsters_effects/Act3_FOUR/SkitterBot/ao/mortar.ao""]","[""mortar""]",[],750,1,2,"","","Metadata/Projectiles/ProjectileMortar","",2,"","",[],"",0,0,0,0,"","",0,0,100,100,1,[],"",[],"","","","","","","","","","",[],[],1
1410,"Metadata/Projectiles/VaalHumanoidCannonNapalm","[""Metadata/Effects/Spells/monsters_effects/Act3_FOUR/VaalHumanoidCannon/ao/napalm_mortar.ao""]","[""projectile""]","[""impact""]",1000,"",3,"","","Metadata/Projectiles/Projectile","",3,"","",[],"",0,0,0,0,"","",0,0,100,100,0,[],"",[],"","","","","","","","","","",[],[],1
1411,"Metadata/Projectiles/VaalHumanoidCannonNapalmBlobs","[""Metadata/Effects/Spells/monsters_effects/Act3_FOUR/VaalHumanoidCannon/ao/napalm_mortar_shard.ao""]","[""projectile""]","[""impact""]",500,1,2,"","","Metadata/Projectiles/Projectile","",2,"","",[],"",0,0,0,0,"","",0,0,25,25,0,[],"",[],"","","","","","","","",13,"",[],[],1
1412,"Metadata/Projectiles/VaalHumanoidStormcallerShockRifleBall","[""Metadata/Effects/Spells/monsters_effects/Act3_FOUR/VaalHumanoidCannon/ao/rifle_proj.ao""]","[""idle""]","[""end""]",900,"",2,"","","Metadata/Projectiles/Projectile","",2,"","",[],"",0,0,0,0,"","",0,0,100,100,0,[],"",[],"","","","","","","","","","",[],[],1
1413,"Metadata/Projectiles/VaalCyborgRocketFist","[""Metadata/Effects/Spells/monsters_effects/Act3_FOUR/VaalHumanoid02/RocketFist_projectile.ao""]","[""flying_01""]","[""end_01""]",2250,"",3,"","","Metadata/Projectiles/Projectile","",3,"","",[],"",0,0,0,0,"","",0,0,100,100,0,[],"",[],"","","","","","","","","","",[],[],1
1414,"Metadata/Projectiles/CaptainRothSoulMortar","[""Metadata/Effects/Spells/monsters_effects/Act4_FOUR/CaptainRoth/ao/SoulMortar/soulmortar_proj.ao""]","[""combinedcurves""]",[],750,1,2,"","","Metadata/Projectiles/ProjectileMortar","",2,"","",[],"",0,0,0,0,"","",0,0,100,100,1,[],"",[],"","","","","","","","","","",[],[],1
1415,"Metadata/Projectiles/CaptainRothCannonball","[""Metadata/Effects/Spells/monsters_effects/Act4_FOUR/CaptainRoth/ao/cannonball_proj.ao""]","[""idle""]","[""end""]",2500,"",2,"","","Metadata/Projectiles/Projectile","",2,"","",[],"",0,0,0,0,"","",0,0,100,100,0,[],"",[],"","","","","","","","","","",[],[],1
1416,"Metadata/Projectiles/VaalCyborgLightningArrowGround","[""Metadata/Effects/Spells/monsters_effects/Act3_FOUR/VaalHumanoid_07/SR_arrow_lightning.ao""]",[],[],1800,"",2,"","","Metadata/Projectiles/Projectile","",2,"","",[],"",0,0,0,0,"","",0,0,100,100,0,[],"",[0],"","","","","","","","","","",[],[],1
1417,"Metadata/Projectiles/DoryaniCrystalToss","[""Metadata/Terrain/Gallows/Act3/3_17/Objects/SeismicCrystalTrap.ao""]","[""spellcast_01""]","[""spellcast""]",1100,1,2,"","","Metadata/Projectiles/Projectile","",2,"","",[],"",0,0,0,0,"","",0,0,100,100,0,[],"",[],"","","","","","","","","","",[],[],1
1418,"Metadata/Projectiles/CrawGullSpit","[""Metadata/Effects/Spells/monsters_effects/Act4_FOUR/CrawGull/ao/proj.ao""]","[""idle""]","[""end""]",1200,"",2,"","","Metadata/Projectiles/Projectile","",2,"","",[],"",0,0,0,0,"","",0,0,100,100,0,[],"",[],"","","","","","","","","","",[],[],1
1419,"Metadata/Projectiles/WingedFiendSpit","[""Metadata/Effects/Spells/monsters_effects/Act2_FOUR/WingedFiend/bile_proj.ao""]","[""proj""]","[""end""]",1400,"",2,"","","Metadata/Projectiles/Projectile","",2,"","",[],"",0,0,0,0,"","",0,0,100,100,0,[],"",[],"","","","","","","","","","",[],[],1
1420,"Metadata/Projectiles/AnchormanAnchorToss","[""Metadata/Monsters/Anchorman/AnchormanAnchor.ao""]","[""throw_anchor_projectile""]","[""throw_anchor_impact""]",1450,"",2,"","","Metadata/Projectiles/Projectile","",2,"","",[],"",0,0,0,0,"","",0,0,100,100,0,[],1,[0],"","","","","","","","","","",[],[],1
1421,"Metadata/Projectiles/MutantBirdProjectile","[""Metadata/Effects/Spells/monsters_effects/Act3_FOUR/VaalHumanoid02/RocketFist_projectile.ao""]","[""flying_01""]","[""grd_impact_01""]",750,"",2,"","","Metadata/Projectiles/Projectile","",2,"","",[],"",0,0,0,0,"","",0,0,100,100,0,[],1,[],"","","","","","","","","","",[],[],1
1422,"Metadata/Projectiles/ShipwreckBossSword","[""Metadata/Effects/Spells/monsters_effects/Act4_FOUR/ShipwreckSuperunique/ao/shardproj01.ao"",""Metadata/Effects/Spells/monsters_effects/Act4_FOUR/ShipwreckSuperunique/ao/shardproj02.ao"",""Metadata/Effects/Spells/monsters_effects/Act4_FOUR/ShipwreckSuperunique/ao/shardproj03.ao"",""Metadata/Effects/Spells/monsters_effects/Act4_FOUR/ShipwreckSuperunique/ao/shardproj04.ao"",""Metadata/Effects/Spells/monsters_effects/Act4_FOUR/ShipwreckSuperunique/ao/shardproj05.ao"",""Metadata/Effects/Spells/monsters_effects/Act4_FOUR/ShipwreckSuperunique/ao/shardproj06.ao"",""Metadata/Effects/Spells/monsters_effects/Act4_FOUR/ShipwreckSuperunique/ao/shardproj07.ao"",""Metadata/Effects/Spells/monsters_effects/Act4_FOUR/ShipwreckSuperunique/ao/shardproj08.ao"",""Metadata/Effects/Spells/monsters_effects/Act4_FOUR/ShipwreckSuperunique/ao/shardproj09.ao"",""Metadata/Effects/Spells/monsters_effects/Act4_FOUR/ShipwreckSuperunique/ao/shardproj010.ao"",""Metadata/Effects/Spells/monsters_effects/Act4_FOUR/ShipwreckSuperunique/ao/shardproj011.ao"",""Metadata/Effects/Spells/monsters_effects/Act4_FOUR/ShipwreckSuperunique/ao/shardproj012.ao"",""Metadata/Effects/Spells/monsters_effects/Act4_FOUR/ShipwreckSuperunique/ao/shardproj013.ao"",""Metadata/Effects/Spells/monsters_effects/Act4_FOUR/ShipwreckSuperunique/ao/shardproj014.ao"",""Metadata/Effects/Spells/monsters_effects/Act4_FOUR/ShipwreckSuperunique/ao/shardproj015.ao"",""Metadata/Effects/Spells/monsters_effects/Act4_FOUR/ShipwreckSuperunique/ao/shardproj016.ao"",""Metadata/Effects/Spells/monsters_effects/Act4_FOUR/ShipwreckSuperunique/ao/shardproj017.ao"",""Metadata/Effects/Spells/monsters_effects/Act4_FOUR/ShipwreckSuperunique/ao/shardproj018.ao"",""Metadata/Effects/Spells/monsters_effects/Act4_FOUR/ShipwreckSuperunique/ao/shardproj019.ao"",""Metadata/Effects/Spells/monsters_effects/Act4_FOUR/ShipwreckSuperunique/ao/shardproj020.ao"",""Metadata/Effects/Spells/monsters_effects/Act4_FOUR/ShipwreckSuperunique/ao/shardproj021.ao""]","[""idle""]","[""impact""]",2500,"",2,"","","Metadata/Projectiles/Projectile","",3,"","",[],"",0,0,0,0,"","",0,0,100,100,0,[],"",[],"","","","","","","","","","",[],[],1
1423,"Metadata/Projectiles/ShipwreckBossBackSword","[""Metadata/Effects/Spells/monsters_effects/Act4_FOUR/ShipwreckSuperunique/ao/hooming_back_sword_01.ao"",""Metadata/Effects/Spells/monsters_effects/Act4_FOUR/ShipwreckSuperunique/ao/hooming_back_sword_02.ao"",""Metadata/Effects/Spells/monsters_effects/Act4_FOUR/ShipwreckSuperunique/ao/hooming_back_sword_03.ao""]","[""idle""]","[""end""]",2000,1,2,"","","Metadata/Projectiles/Projectile","",2,"","",[],"",0,100,0,0,"","",0,0,100,100,0,[],"",[],"","","","","","","","","","",[],[],1
1424,"Metadata/Projectiles/CaptainRothGhostCannonball","[""Metadata/Effects/Spells/monsters_effects/Act4_FOUR/CaptainRoth/ao/GhostCannons/cannonball_proj.ao""]","[""idle""]","[""end""]",2500,"",2,"","","Metadata/Projectiles/Projectile","",2,"","",[],"",0,0,0,0,"","",0,0,100,100,0,[],"",[],"","","","","","","","","","",[],[],1
1425,"Metadata/Projectiles/ChattersawBoulder","[""Metadata/Effects/Spells/monsters_effects/Act4_FOUR/Chattersaw/projectile.ao""]","[""idle""]","[""end""]",1100,1,2,"","","Metadata/Projectiles/Projectile","",2,"","",[],"",0,0,0,0,"","",0,0,100,100,0,[],"",[],"","","","","","","","","","",[],[],1
1426,"Metadata/Projectiles/PaleWalkerWave","[""Metadata/Effects/Spells/monsters_effects/Act4_FOUR/PaleWalker/ao/water_wave02.ao""]","[""loop""]","[""end""]",700,"",2,"","","Metadata/Projectiles/ProjectileGround","",5,"","",[],"",0,0,0,0,"","",0,0,100,100,0,[],"",[],"","","","","","","","","","",[],[],1
1427,"Metadata/Projectiles/CaptainHartlinWave","[""Metadata/Effects/Spells/monsters_effects/Act4_FOUR/CaptainRoth/ao/waveProj02.ao""]","[""loop""]","[""end""]",700,1,2,"","","Metadata/Projectiles/ServerProjectileGround","",5,"","",[],"",0,0,0,0,"","",0,0,100,100,0,[],"",[],"","","","","","","","","","",[],[],1
1428,"Metadata/Projectiles/PaleHulkGrabby","[""Metadata/Effects/misc/blank.ao""]","[""animate""]",[],1500,1,2,"","","Metadata/Projectiles/Projectile","",2,"","",[],"",0,0,0,0,"","",0,0,100,100,0,[],"",[],"","","","","","","","","","",[],[],1
1429,"Metadata/Projectiles/GoblinShamanBasicProj","[""Metadata/Effects/Spells/monsters_effects/Act4_FOUR/SulphiteLightningStorm/ao/projectile.ao""]","[""proj""]","[""impact""]",2200,"",2,"","","Metadata/Projectiles/Projectile","",2,"","",[],"",0,0,0,0,"","",0,0,100,100,0,[],"",[],"","","","","","","","","","",[],[],1
1430,"Metadata/Projectiles/GoblinGiantBossLimb","[""Metadata/Effects/Spells/monsters_effects/Act4_FOUR/GoblinGiantBoss/ao/limb_proj_arm.ao""]","[""idle_01""]",[],2000,"",2,"","","Metadata/Projectiles/Projectile","",2,"","",[],"",0,0,0,0,"","",0,0,80,120,0,[],"",[],"","","","","","","","","","",[],[],1
1431,"Metadata/Projectiles/ElectricStingRayZap","[""Metadata/Effects/Spells/monsters_effects/Act4_FOUR/ElectricStingray/fodder_4_proj.ao"",""Metadata/Effects/Spells/monsters_effects/Act4_FOUR/ElectricStingray/fodder_4_proj_01.ao"",""Metadata/Effects/Spells/monsters_effects/Act4_FOUR/ElectricStingray/fodder_4_proj_02.ao"",""Metadata/Effects/Spells/monsters_effects/Act4_FOUR/ElectricStingray/fodder_4_proj_03.ao"",""Metadata/Effects/Spells/monsters_effects/Act4_FOUR/ElectricStingray/fodder_4_proj_04.ao"",""Metadata/Effects/Spells/monsters_effects/Act4_FOUR/ElectricStingray/fodder_4_proj_05.ao""]","[""idle""]","[""impact""]",2350,"",3,"","","Metadata/Projectiles/Projectile","",3,"","",[],"",0,0,0,0,"","",0,0,100,100,0,[],"",[],"","","","","","","","","","",[],[],1
1432,"Metadata/Projectiles/GiantStarfishSpit","[""Metadata/Effects/Spells/monsters_effects/Act4_FOUR/StarFish/ao/projectile.ao""]","[""proj""]","[""impact""]",1350,1,2,"","","Metadata/Projectiles/Projectile","",2,"","",[],"",0,0,0,0,"","",0,0,100,100,0,[],"",[],"","","","","","","","","","",[],[],1
1433,"Metadata/Projectiles/BrineMaidenIceProjectile","[""Metadata/Effects/Spells/monsters_effects/Act4_FOUR/BrineMaiden/sbc_projectile.ao""]","[""projectile""]","[""impact""]",2000,1,2,"","","Metadata/Projectiles/Projectile","",2,"","",[],"",0,0,0,0,"","",0,0,100,100,0,[],"",[],"","","","","","","","","","",[],[],1
1434,"Metadata/Projectiles/BrineMaidenBarrage","[""Metadata/Effects/Spells/monsters_effects/Act4_FOUR/BrineMaiden/sbc_projectile.ao""]","[""projectile""]","[""impact""]",2000,1,2,"","","Metadata/Projectiles/Projectile","",2,"","",[],"",0,0,0,0,"","",0,0,100,100,0,[],"",[],"","","","","","","","","","",[],[],1
1435,"Metadata/Projectiles/KaruiSpiritProjectile","[""Metadata/Effects/Spells/monsters_effects/Act4_FOUR/KaruiSoulCaster/projectile.ao""]","[""projectile""]","[""projectileexplode""]",750,1,2,"","","Metadata/Projectiles/Projectile","",2,"","",[],"",0,0,0,0,"","",0,0,100,100,0,[],"",[],"","","","","","","","","","",[],[],1
1436,"Metadata/Projectiles/KaruiSpiritMinionProjectile","[""Metadata/Effects/Spells/monsters_effects/Act4_FOUR/KaruiSoulCaster/projectile_tiki.ao""]","[""loop""]","[""end""]",1200,"",2,"","","Metadata/Projectiles/Projectile","",2,"","",[],"",0,0,0,0,"","",0,0,100,100,0,[],"",[],"","","","","","","","","","",[],[],1
1437,"Metadata/Projectiles/VolcanicSlamMortar","[""Metadata/Effects/Spells/slam_volcanicfissure/mortar.ao""]","[""mortar_01""]",[],600,"",2,1,"","Metadata/Projectiles/ProjectileMortar","",2,"","",[],"",0,0,0,0,"","",0,0,100,100,0,[],"",[],"","","","","","","","","","",[],[],1
1438,"Metadata/Projectiles/VaalCausticArrow","[""Metadata/Effects/Spells/caustic_arrow_02/VaalCausticArrow/large_projectile.ao""]","[""idle""]","[""end""]",700,"",2,"","","Metadata/Projectiles/Projectile","",2,"","",[],"",0,0,0,0,"","",0,0,100,100,0,[],"",[],"","","","","","","","","","",[],[],1
1439,"Metadata/Projectiles/VaalCausticArrowTentacle","[""Metadata/Effects/Microtransactions/Spells/poison_arrow/large_projectile.ao""]","[""idle""]","[""end""]",700,"",2,"","","Metadata/Projectiles/Projectile","",2,"","",[],"",0,0,0,0,3579,3578,0,0,100,100,0,[],"",[],"","","","","","","","","","",[],[],1
1440,"Metadata/Projectiles/VaalCausticArrowCelestial","[""Metadata/Effects/Spells/vaal_skills/caustic_arrow/celestial/large_projectile.ao""]","[""idle""]","[""end""]",700,"",2,"","","Metadata/Projectiles/Projectile","",2,"","",[],"",0,0,0,0,3579,6291,0,0,100,100,0,[],"",[],"","","","","","","","","","",[],[],1
1441,"Metadata/Projectiles/VaalCausticArrowOblivion","[""Metadata/Effects/Microtransactions/Spells/caustic_arrow/oblivion/vaal_proj.ao""]","[""idle""]","[""end""]",700,"",2,"","","Metadata/Projectiles/Projectile","",2,"","",[],"",0,0,0,0,7041,7042,0,0,100,100,0,[],"",[],"","","","","","","","","","",[],[],1
1442,"Metadata/Projectiles/SudokuTotemTikiFireball","[""Metadata/Effects/Spells/monsters_effects/Act4_FOUR/Sudoku/tiki_fireball_proj.ao""]","[""idle""]","[""impact""]",800,"",2,"","","Metadata/Projectiles/Projectile","",2,"","",[],"",0,0,0,0,"","",0,0,100,100,0,[],"",[],"","","","","","","","","","",[],[],1
1443,"Metadata/Projectiles/SudokuTotemVolcanicPopcorn","[""Metadata/Effects/Spells/monsters_effects/Act4_FOUR/Sudoku/VS_mortar_proj.ao""]","[""idle""]","[""impact""]",450,1,2,"","","Metadata/Projectiles/Projectile","",2,"","",[],"",0,0,0,0,"","",0,0,100,100,0,[],"",[],"","","","","","","","","","",[],[],1
1444,"Metadata/Projectiles/YamaSoulrend","[""Metadata/Effects/Spells/monsters_effects/Act4_FOUR/Yama/AOs/SoulRend_Proj.ao""]","[""Loop""]","[""Impact""]",700,"",2,"","","Metadata/Projectiles/Projectile","",2,"","",[],"",0,0,0,0,"","",0,0,100,100,0,[],"",[],"","","","","","","","","","",[],[],1
1445,"Metadata/Projectiles/YamaDodgeProj","[""Metadata/Effects/Spells/monsters_effects/Act4_FOUR/Yama/AOs/BackleapMortar.ao""]","[""Loop""]","[""Impact""]",1500,1,2,"","","Metadata/Projectiles/Projectile","",2,"","",[],"",0,0,0,0,"","",0,0,50,50,0,[],"",[],"","","","","","","","","","",[],[],1
1446,"Metadata/Projectiles/StaffProjectileFirebolt","[""Metadata/Effects/Spells/fire_fireball/ao/rig.ao""]","[""projectile""]","[""impact""]",1040,"",2,"","","Metadata/Projectiles/Projectile","",2,"","",[],"",0,0,0,0,7697,"",0,0,100,100,0,[],"",[],"","","","","","","","","","",[],[],1
1447,"Metadata/Projectiles/WandProjectileStormbolt","[""Metadata/Effects/Spells/lightning_stormbolt_basic/ao/stormbolt.ao""]","[""projectile""]","[""impact""]",4500,"",2,"","","Metadata/Projectiles/Projectile","",2,"","",[],"",0,0,0,0,7698,"",0,0,100,100,0,[],"",[],"","","","","","","","","","",[],[],1
1448,"Metadata/Projectiles/WandProjectileFrostbolt","[""Metadata/Effects/Spells/cold_freezing_shard/freezing_shard_proj.ao""]","[""projectile""]","[""impact""]",3200,"",2,"","","Metadata/Projectiles/Projectile","",2,"","",[],"",0,0,0,0,7699,"",0,0,100,100,0,[],"",[],"","","","","","","","","","",[],[],1
1449,"Metadata/Projectiles/BloodfeverPustule","[""Metadata/Effects/Spells/monsters_effects/Act4_FOUR/BloodfeveredAxe/ao/bloodfever_proj.ao""]","[""projectileloop""]","[""projectileimpactgrd""]",1250,1,2,"","","Metadata/Projectiles/Projectile","",2,"","",[],"",0,0,0,0,"","",0,0,100,100,0,[],1,[],"","","","","","","","","","",[],[],1
1450,"Metadata/Projectiles/EscapeShot","[""Metadata/Effects/Spells/ranger_frostescape/frostEscape_Projectile.ao""]","[""projectile_01""]","[""impact_01""]",3000,1,2,"","","Metadata/Projectiles/Projectile","",2,"","",[],"",0,0,0,0,"","",0,0,100,100,0,[],"",[0],"","","","","","","","","","",[],[],1
1451,"Metadata/Projectiles/OctopusTongueProj","[""Metadata/Monsters/ParasiteMonsters/OctopusParasite/Objects/blank_tongue.ao""]","[""animate""]","[""end""]",750,1,2,"","","Metadata/Projectiles/Projectile","",2,"","",[],"",0,0,0,0,"","",0,0,100,100,0,[],"",[],"","","","","","","","","","",[],[],1
1452,"Metadata/Projectiles/ParasiteHostBoneVomit","[""Metadata/Effects/Spells/monsters_effects/Act4_FOUR/Sudoku/VS_mortar_proj.ao""]","[""idle""]","[""impact""]",1000,1,2,"","","Metadata/Projectiles/Projectile","",2,"","",[],"",0,0,0,0,"","",0,0,100,100,0,[],"",[],"","","","","","","","","","",[],[],1
1453,"Metadata/Projectiles/BloodFeverCaptainHookToss","[""Metadata/Monsters/Anchorman/AnchormanAnchor.ao""]","[""throw_anchor_projectile""]","[""throw_anchor_impact""]",1800,1,2,"","","Metadata/Projectiles/Projectile","",2,"","",[],"",0,0,0,0,"","",0,0,25,25,0,[],1,[4],"","","","","","","","","","",[],[],1
1454,"Metadata/Projectiles/KelpDregPuncture","[""Metadata/Effects/Spells/monsters_effects/Act4_FOUR/KelpDreg/ao/barb_snipe_proj.ao""]","[""idle""]","[""end""]",2500,"",2,"","","Metadata/Projectiles/Projectile","",2,"","",[],"",0,0,0,0,"","",100,100,100,100,0,[],"",[],"","","","","","","","","","",[],[],1
1455,"Metadata/Projectiles/KelpDregPunctureIce","[""Metadata/Effects/Spells/monsters_effects/Act4_FOUR/KelpDreg/ao/ice_snipe_proj.ao""]","[""idle""]","[""end""]",2000,"",2,"","","Metadata/Projectiles/Projectile","",2,"","",[],"",0,0,0,0,"","",0,100,100,100,0,[],"",[],"","","","","","","","","","",[],[],1
1456,"Metadata/Projectiles/InfectedMercenarySnipe","[""Metadata/Effects/Spells/crossbow_armour_piercing/bolt_armour_piercing_monster.ao""]","[""siege_01""]","[""impact_power_01""]",5000,"",2,"","","Metadata/Projectiles/Projectile","",2,1,1,[],"",0,100,0,0,6719,"",0,0,100,100,0,[],"",[],"","","",215,1,"muzzle_power",220,"Audio/Sound Effects/MonsterSounds/4.0/Part1/Act1/G1_12/InfectedMerc/Crossbow/Basic/Impacts/Impact_PowerSG","","",[],[],1
1457,"Metadata/Projectiles/InfectedMercenarySnipeIncin","[""Metadata/Effects/Spells/crossbow_incendiary/projectile_monster.ao""]","[""power_01""]","[""impact_power_01""]",3000,1,2,"","","Metadata/Projectiles/Projectile","",2,"","",[],"",0,100,0,0,8207,"",0,0,100,100,0,[],"",[],"","","",216,1,"muzzle_power",216,"Audio/Sound Effects/Skills/4.0/Crossbow/Basic/Impacts/Impact_PowerSG","","",[],[],1
1458,"Metadata/Projectiles/InfectedMercenaryMinigun","[""Metadata/Effects/Spells/monsters_effects/act5/projectiles/rig.ao""]","[""loop""]","[""impact""]",900,"",2,"","","Metadata/Projectiles/Projectile","",2,"","",[],"",0,0,0,0,"","",0,0,100,100,0,[],"",[],"","","","","","","","","","",[],[],1
1459,"Metadata/Projectiles/TwilightOrderDaggerSpin","[""Metadata/Effects/Spells/monsters_effects/Act5_FOUR/TwilightOrderAssassin/throwDagger.ao""]","[""ninjaDagger_Spin""]","[""ninjaDagger_impact""]",2000,1,2,"","","Metadata/Projectiles/Projectile","",2,"","",[],"",0,0,0,0,"","",0,0,100,100,0,[],"",[],"","","","","","","","","","",[],[],1
1460,"Metadata/Projectiles/TwilightOrderDaggerStraight","[""Metadata/Effects/Spells/monsters_effects/Act5_FOUR/TwilightOrderAssassin/throwDagger.ao""]","[""ninjaDagger_Straight""]","[""ninjaDagger_impact""]",2000,1,2,"","","Metadata/Projectiles/Projectile","",2,"","",[],"",0,0,0,0,"","",0,0,100,100,0,[],"",[],"","","","","","","","","","",[],[],1
1461,"Metadata/Projectiles/TwilightGuardBossBoulder","[""Metadata/Effects/Spells/monsters_effects/Act4_FOUR/TwilightOrderGuardBoss/ao/rock_throw.ao""]","[""fly""]","[""impact""]",2000,1,4,"","","Metadata/Projectiles/Projectile","",4,"","",[],"",0,0,0,0,"","",0,0,100,100,0,[],"",[],"","","","","","","","","","",[],[],1
1462,"Metadata/Projectiles/TwilightGuardBossBoulderHoly","[""Metadata/Effects/Spells/monsters_effects/Act4_FOUR/TwilightOrderGuardBoss/ao/rock_throw_empowered.ao""]","[""fly""]","[""impact""]",2000,1,4,"","","Metadata/Projectiles/Projectile","",4,"","",[],"",0,0,0,0,"","",0,0,100,100,0,[],"",[],"","","","","","","","","","",[],[],1
1463,"Metadata/Projectiles/TwilightGuardBossAxe","[""Metadata/Effects/Spells/monsters_effects/Act4_FOUR/TwilightOrderGuardBoss/ao/AXE_projectile.ao""]","[""fly""]","[""impact""]",1600,"",4,"","","Metadata/Projectiles/Projectile","",4,"","",[],"",0,0,0,0,"","",0,0,100,100,0,[],"",[],"","","","","","","","","","",[],[],1
1464,"Metadata/Projectiles/TwilightGuardBossAxeHoly","[""Metadata/Effects/Spells/monsters_effects/Act4_FOUR/TwilightOrderGuardBoss/ao/AXE_projectile_empowered.ao""]","[""fly""]","[""impact""]",1600,"",4,"","","Metadata/Projectiles/Projectile","",4,"","",[],"",0,0,0,0,"","",0,0,100,100,0,[],"",[],"","","","","","","","","","",[],[],1
1465,"Metadata/Projectiles/BloodFeverPoiFire","[""Metadata/Effects/Spells/monsters_effects/Act4_FOUR/BloodfeveredAxe/ao/bloodfever_proj.ao""]","[""projectileloop""]","[""projectileimpactgrd""]",650,"",2,"","","Metadata/Projectiles/Projectile","",2,"","",[],"",0,0,0,0,"","",0,0,100,100,0,[],"",[],"","","","","","","","","","",[],[],1
1466,"Metadata/Projectiles/TwilightSorcerorFireball","[""Metadata/Effects/Spells/monsters_effects/Act4_FOUR/TwilightOrderSorceror/holy_fireball.ao""]","[""projectile""]","[""impact""]",1200,"",2,"","","Metadata/Projectiles/Projectile","",2,"","",[],"",0,0,0,0,"","",0,0,100,100,0,[],"",[],"","","","","","","","","","",[],[],1
1467,"Metadata/Projectiles/DefaultBoltBurstShot","[""Metadata/Effects/Spells/crossbow_basic/bolt_basic.ao""]","[""burst_01""]","[""impact_burst_01""]",3800,"",0,"","","Metadata/Projectiles/Projectile","",1,"","",[],"",0,0,0,0,8205,"",0,0,100,100,0,[],"",[],"","","",209,1,"muzzle_burst",209,"Audio/Sound Effects/Skills/4.0/Crossbow/Basic/Impacts/Impact_BurstSG","","",[],[],1
1468,"Metadata/Projectiles/IncendiaryBoltBurstShot","[""Metadata/Effects/Spells/crossbow_incendiary/projectile.ao""]","[""burst_01""]","[""impact_burst_01""]",3420,"",0,"","","Metadata/Projectiles/Projectile","",1,"","",[],"",0,0,0,0,8207,"",0,0,100,100,0,[],"",[],"","","",211,1,"muzzle_burst",211,"Audio/Sound Effects/Skills/4.0/Crossbow/Basic/Impacts/Impact_BurstSG","","",[],[],1
1469,"Metadata/Projectiles/ArmourPiercingBoltBurstShot","[""Metadata/Effects/Spells/crossbow_armour_piercing/bolt_armour_piercing.ao""]","[""burst_01""]","[""impact_burst_01""]",4000,"",0,"","","Metadata/Projectiles/Projectile","",1,"","",[],"",0,0,0,0,8206,"",0,0,100,100,0,[],"",[],"","","",210,1,"muzzle_burst",210,"Audio/Sound Effects/Skills/4.0/Crossbow/Basic/Impacts/Impact_BurstSG","","",[],[],1
1470,"Metadata/Projectiles/FreezingBoltBurstShot","[""Metadata/Effects/Spells/crossbow_permafrost/projectile.ao""]","[""burst_01""]","[""impact_burst_01""]",2800,"",0,"","","Metadata/Projectiles/Projectile","",1,"","",[],"",0,0,0,0,8209,"",0,0,100,100,0,[],"",[],"","","",213,1,"muzzle_burst",213,"Audio/Sound Effects/Skills/4.0/Crossbow/Basic/Impacts/Impact_BurstSG","","",[],[],1
1471,"Metadata/Projectiles/TwilightKaruiVolcanicPopcorn","[""Metadata/Effects/Spells/slam_volcanicfissure/mortar.ao""]","[""mortar_01""]",[],400,1,2,1,"","Metadata/Projectiles/ProjectileMortar","",2,"","",[],"",0,0,0,0,"","",0,0,100,100,0,[],"",[],"","","","","","","","","","",[],[],1
1472,"Metadata/Projectiles/VaalLightningArrow","[""Metadata/Effects/Spells/vaal_skills/lightning_arrow/vaal_lightning_arrow.ao""]","[""flight""]","[""end""]",3260,1,1,"","","Metadata/Projectiles/Projectile","",1,"","",[],"",0,0,0,0,3551,"",0,0,100,100,0,[],"",[],"","","","","","","","","","",[],[],1
1473,"Metadata/Projectiles/VaalLightningArrowGore","[""Metadata/Effects/Microtransactions/Spells/lightning_arrows/gore/ao/rig.ao""]","[""bloodarrow""]","[""bloodimpact""]",3260,1,1,"","","Metadata/Projectiles/Projectile","",1,"","",[],"",0,0,0,0,3563,3580,0,0,100,100,0,[],"",[],"","","","","","","","","","",[],[],1
1474,"Metadata/Projectiles/VaalLightningArrowDivine","[""Metadata/Effects/Microtransactions/Spells/lightning_arrows/divine/ao/divine_arrow.ao""]","[""arrow""]","[""impact""]",3260,1,1,"","","Metadata/Projectiles/Projectile","",1,"","",[],"",0,0,0,0,6867,6868,0,0,100,100,0,[],"",[],"","","","","","","","","","",[],[],1
1475,"Metadata/Projectiles/ButterflyFrozenSphere","[""Metadata/Effects/Microtransactions/Spells/eye_of_winter/butterfly/ball.ao""]","[""FrozenBall_idle""]","[""FrozenBall_death""]",300,"",2,"","","Metadata/Projectiles/Projectile","",2,"","",[],"",0,0,0,0,"","",0,0,100,100,0,[],"",[],"","","","","","","","","","",[],[],1
1476,"Metadata/Projectiles/ButterflyFrozenSphereShard","[""Metadata/Effects/Microtransactions/Spells/eye_of_winter/butterfly/shards.ao""]","[""FrozenShard_idle""]","[""FrozenShard_death""]",1000,"",2,"","","Metadata/Projectiles/Projectile","",2,"","",[],"",0,0,0,0,"","",0,0,100,100,0,[],"",[],"","","","","","","","","","",[],[],1
1477,"Metadata/Projectiles/VaalSplitArrowDefault","[""Metadata/Effects/Microtransactions/Spells/split_arrow/greeny_blue/rig.ao""]",[],[],1880,"",3,"","","Metadata/Projectiles/Projectile","",3,"","","[""Metadata/Effects/Spells/split_arrow_02/split_arrow_stuck.ao""]","Metadata/Effects/Spells/split_arrow_02/split_arrow_bounce.ao",50,80,0,20,"","",0,100,120,120,0,[],"",[],"","","","","","","","","","",[],[],1
1478,"Metadata/Projectiles/LightningSlashSawblade","[""Metadata/Effects/Microtransactions/Spells/lightning_strike_02/Sawblade/proj.ao""]","[""proj1"",""proj2"",""proj3""]","[""impact""]",1600,"",1,"","","Metadata/Projectiles/ProjectileGround","",2,"","",[],"",0,0,0,0,"","",0,0,100,100,0,[],"",[],"","","","","","","","","","",[],[],1
1479,"Metadata/Projectiles/PetRockRock","[""Metadata/Pet/PetRock/ThrownRock.ao""]","[""flying""]","[""impact""]",1688,"",1,"","","Metadata/Projectiles/Projectile","",1,"","",[],"",0,0,0,0,"","",0,0,100,100,0,[],"",[],"","","","","","","","","","",[],[],1
1480,"Metadata/Projectiles/CorruptionArcticBreath","[""Metadata/Effects/Microtransactions/Spells/corruption_creeping_frost/arctic_breath_projectile_corruption.ao""]","[""projectile""]","[""impact""]",2000,1,2,"","","Metadata/Projectiles/Projectile","",2,"","",[],"",0,0,0,0,"","",0,0,100,100,0,[],"",[],"","","","","","","","","","",[],[],1
1481,"Metadata/Projectiles/AncestralSoulCasterProjectile","[""Metadata/Effects/Spells/monsters_effects/Act4_FOUR/StormConduit/lightning_projectile.ao""]","[""idle""]","[""impact""]",1500,"",2,"","","Metadata/Projectiles/Projectile","",2,"","",[],"",0,0,0,0,"","",0,0,100,100,0,[],"",[],"","","","","","","","","","",[],[],1
1482,"Metadata/Projectiles/AncestralSpiritSoulCasterProjectile","[""Metadata/Effects/Spells/ascendancy_classes/warbringer/totem_defenders/jade_proj.ao""]","[""loop""]","[""impact""]",1500,"",2,"","","Metadata/Projectiles/Projectile","",2,"","",[],"",0,0,0,0,"","",0,0,100,100,0,[],"",[],"","","","","","","","","","",[],[],1
1483,"Metadata/Projectiles/ShipwreckBossSwortar","[""Metadata/Monsters/ShipwreckBoss/ShipwreckBossGroundSword.ao""]","[""swordnado_charge_loop_01""]","[""swordnado_charge_end_01""]",2000,1,2,"","","Metadata/Projectiles/Projectile","",2,"","",[],"",0,0,0,0,"","",0,0,100,100,0,[],"",[4],"","","","","","","","","","",[],[],1
1484,"Metadata/Projectiles/BloodClanKina","[""Metadata/Effects/Spells/monsters_effects/Act4_FOUR/BloodfeveredAxe/ao/bloodfever_proj.ao""]","[""projectileloop""]","[""projectileimpactgrd""]",1250,1,2,"","","Metadata/Projectiles/Projectile","",2,"","",[],"",0,0,0,0,"","",0,0,100,100,0,[],1,[],"","","","","","","","","","",[],[],1
1485,"Metadata/Projectiles/BloodClanTrapperBearTrap","[""Metadata/Monsters/BloodClan/Objects/trap_TEMP.ao""]","[""throw_01""]","[""place""]",750,1,2,"","","Metadata/Projectiles/Projectile","",2,"","",[],"",0,0,0,0,"","",0,0,100,100,0,[],"",[],"","","","","","","","","","",[],[],1
1486,"Metadata/Projectiles/IceSpikerProjectile","[""Metadata/Effects/Spells/monsters_effects/Act4_FOUR/QuillCrabCold/ao/Spike_Proj2.ao""]","[""loop""]","[""impact""]",1400,"",2,"","","Metadata/Projectiles/Projectile","",2,"","",[],"",0,0,0,0,"","",0,0,100,100,0,[],"",[],"","","","","","","","","","",[],[],1
1487,"Metadata/Projectiles/IceHermitSpiderProj","[""Metadata/Effects/Spells/monsters_effects/Act5_FOUR/IceHermitSpider/ice_projectile.ao""]","[""projectile""]","[""impact""]",2150,1,2,"","","Metadata/Projectiles/Projectile","",2,"","",[],"",0,0,0,0,"","",0,0,100,100,0,[],"",[],"","","","","","","","","","",[],[],1
1488,"Metadata/Projectiles/RootedHeadSpike","[""Metadata/Effects/Spells/monsters_effects/Act5_FOUR/RootedGuys/RootedGuy03/HeadPop/splinter_projectile.ao""]","[""splinter""]",[],1500,1,2,"","","Metadata/Projectiles/Projectile","",2,"","",[],"",0,50,0,0,"","",100,50,100,100,0,[],"",[],"","","","","","","","","","",[],[],1
1489,"Metadata/Projectiles/RootedHeadProjectile","[""Metadata/Effects/Spells/monsters_effects/Act5_FOUR/RootedGuys/RootedGuy05/Projectile/projectile.ao""]","[""projectile""]","[""impact""]",700,"",2,"","","Metadata/Projectiles/Projectile","",2,"","",[],"",0,0,0,0,"","",0,0,100,100,0,[],"",[],"","","","","","","","","","",[],[],1
1490,"Metadata/Projectiles/RootedRootProjectile","[""Metadata/Effects/Spells/monsters_effects/Act5_FOUR/RootedGuys/RootedGuy05/RootPrison/projectile.ao""]","[""projectileAnimation_02""]","[""impact""]",500,"",2,"","","Metadata/Projectiles/ProjectileGround","",5,"","",[],"",0,0,0,0,"","",0,0,100,100,0,[],"",[],"","","","","","","","","","",[],[],1
1491,"Metadata/Projectiles/RingOfBladeProjectile","[""Metadata/Effects/Spells/monsters_effects/Act5_FOUR/TwilightOrderAssassin/throwDagger.ao""]","[""ninjaDagger_Straight""]","[""ninjaDagger_impact""]",1600,1,2,"","","Metadata/Projectiles/Projectile",3365,2,"","",[],"",0,0,0,0,"","",0,0,100,100,0,[],"",[],"","","","","","","","","","",[],[],1
1492,"Metadata/Projectiles/CocoonLightningMortar","[""Metadata/Effects/Spells/monsters_effects/Act5_FOUR/Cocoons3/mortar.ao""]","[""loop""]","[""animate""]",750,"",2,"","","Metadata/Projectiles/Projectile","",2,"","",[],"",0,0,0,0,"","",0,0,100,100,0,[],"",[],"","","","","","","","","","",[],[],1
1493,"Metadata/Projectiles/RootedSporeProjectile","[""Metadata/Effects/Spells/monsters_effects/Act5_FOUR/RootedGuys/RootedGuy04/projectile.ao""]","[""idle_flight""]","[""end""]",2000,1,2,"","","Metadata/Projectiles/Projectile","",2,"","",[],"",0,0,0,0,"","",0,0,100,100,0,[],"",[],"","","","","","","","","","",[],[],1
1494,"Metadata/Projectiles/CreepingHumanVomit","[""Metadata/Effects/Spells/monsters_effects/Act5_FOUR/CreepingHuman/projectile.ao""]","[""idle""]","[""ground_impact""]",600,1,2,"","","Metadata/Projectiles/Projectile","",2,"","",[],"",0,0,0,0,"","",0,0,100,100,0,[],"",[],"","","","","","","","","","",[],[],1
1495,"Metadata/Projectiles/IceCasterBasicProj","[""Metadata/Effects/Spells/monsters_effects/Act4_FOUR/BrineMaiden/sbc_projectile.ao""]","[""projectile""]","[""impact""]",2000,"",2,"","","Metadata/Projectiles/Projectile","",2,"","",[],"",0,0,0,0,"","",0,0,100,100,0,[],"",[],"","","","","","","","","","",[],[],1
1496,"Metadata/Projectiles/IceWendigoColdHyperNova","[""Metadata/Effects/Spells/monsters_effects/Act5_FOUR/IceWendigo/cold_super_nova_projectile.ao""]","[""once""]","[""end""]",2000,"",2,"","","Metadata/Projectiles/Projectile","",2,"","",[],"",0,0,0,0,"","",0,0,100,100,0,[],"",[],"","","","","","","","","","",[],[],1
1497,"Metadata/Projectiles/GemlingArcherBossLightningArrows","[""Metadata/Effects/Spells/monsters_effects/Act5_FOUR/LieutenantArcher/basic_projectile.ao""]","[""snipe_proj_01""]","[""snipe_proj_01_impact""]",2000,"",2,"","","Metadata/Projectiles/Projectile","",2,"","",[],"",0,0,0,0,"","",0,0,100,100,0,[],"",[],"","","","","","","","","","",[],[],1
1498,"Metadata/Projectiles/GemlingArcherBossColdArrows","[""Metadata/Effects/Spells/elemental_hit_new/ice/arrow/elehit_arrow_ice.ao""]",[],[],2000,1,2,"","","Metadata/Projectiles/Projectile","",2,"","",[],"",0,0,0,0,"","",0,0,100,100,0,[],"",[],"","","","","","","","","","",[],[],1
1499,"Metadata/Projectiles/GemlingArcherBossLightningSnipe","[""Metadata/Effects/Spells/monsters_effects/Act5_FOUR/LieutenantArcher/snipe_projectile.ao""]","[""snipe_proj_01""]","[""snipe_proj_01_impact""]",25000,1,2,"","","Metadata/Projectiles/ServerProjectile","",2,"","",[],"",0,0,0,0,"","",0,0,100,100,0,[],"",[],"","","","","","","","","","",[],[],1
1500,"Metadata/Projectiles/LieutenantBruteShieldThrow","[""Metadata/Effects/Spells/monsters_effects/Act5_FOUR/TheLieutenantBrute/shield_throw.ao""]","[""flying""]","[""impact""]",1000,"",4,"","","Metadata/Projectiles/Projectile","",4,"","",[],"",0,0,0,0,"","",0,0,100,100,0,[],1,[],"","","","","","","","","","",[],[],1
1501,"Metadata/Projectiles/CactusSpikeShots","[""Metadata/Effects/Spells/monsters_effects/Act5_FOUR/CactusMonster/basic_projectile.ao""]","[""proj_01""]","[""proj_01_impact""]",1500,1,2,"","","Metadata/Projectiles/Projectile","",2,"","",[],"",0,0,0,0,"","",0,0,100,100,0,[],"",[],"","","","","","","","","","",[],[],1
1502,"Metadata/Projectiles/CactusSpikeShotsOnDeath","[""Metadata/Effects/Spells/monsters_effects/Act5_FOUR/CactusMonster/basic_projectile.ao""]","[""proj_01""]","[""proj_01_impact""]",1500,1,2,"","","Metadata/Projectiles/Projectile","",2,"","",[],"",0,0,0,0,"","",0,0,100,100,0,[],"",[],"","","","","","","","","","",[],[],1
1503,"Metadata/Projectiles/GinsengSpine","[""Metadata/Effects/Spells/monsters_effects/Act4_FOUR/KelpDreg/ao/barb_snipe_proj.ao""]","[""idle""]","[""end""]",600,"",2,"","","Metadata/Projectiles/Projectile","",2,"","",[],"",0,0,0,0,"","",0,0,100,100,0,[],"",[],"","","","","","","","","","",[],[],1
1504,"Metadata/Projectiles/GinsengPod","[""Metadata/Effects/Spells/monsters_effects/Act3_FOUR/PirateCannon/ao/cannonball_proj.ao""]","[""idle""]","[""end""]",400,"",2,"","","Metadata/Projectiles/Projectile","",2,"","",[],"",0,0,0,0,"","",0,0,100,100,0,[],"",[4],"","","","","","","","","","",[],[],1
1505,"Metadata/Projectiles/Scientist4Snipe","[""Metadata/Effects/Spells/monsters_effects/Act5_FOUR/TheScientist4/snipe_projectile.ao""]","[""projectile""]","[""impact""]",2500,"",2,"","","Metadata/Projectiles/Projectile","",2,"","",[],"",0,0,0,0,"","",0,0,100,100,0,[],"",[],"","","","","","","","","","",[],[],1
1506,"Metadata/Projectiles/PrisonerBossBloodTendril","[""Metadata/Effects/Spells/monsters_effects/Act3_FOUR/VaalSorcerer/ao/LightningTendrils/Mortar.ao""]","[""animate""]",[],750,1,2,"","","Metadata/Projectiles/Projectile","",2,"","",[],"",0,0,0,0,"","",0,0,100,100,0,[],"",[],"","","","","","","","","","",[],[],1
1507,"Metadata/Projectiles/PrisonerBossSpearToss","[""Metadata/Monsters/PrisonerMonsterBoss/attachments/BallistaSpearBrokenProjectile.ao""]","[""animate""]","[""impact""]",10000,"",2,"","","Metadata/Projectiles/Projectile","",2,"","","[""Metadata/Monsters/PrisonerMonsterBoss/attachments/BallistaSpearBrokenProjectile.ao""]","",0,100,0,0,"","",0,0,218,218,0,[],"",[0],"","","","","","","","","","",[],[],1
1508,"Metadata/Projectiles/PrisonerBossBallistaBolt","[""Metadata/Monsters/PrisonerMonsterBoss/attachments/BallistaSpearProjectile.ao""]","[""animate""]","[""impact_01""]",4000,1,2,"","","Metadata/Projectiles/Projectile","",4,"","",[],"",0,0,0,0,"","",0,0,218,218,0,[],"",[],"","","","","","","","","","",[],[],1
1509,"Metadata/Projectiles/VolcanoProjectile","[""Metadata/Effects/Spells/druid_volcano/volcanoMortar.ao""]","[""once""]",[],500,1,1,"","","Metadata/Projectiles/ProjectileMortar","",1,"","",[],"",0,0,0,0,"","",0,0,100,100,1,[],"",[],"","","","","","","","","","",[],[],1
1510,"Metadata/Projectiles/VolcanoBigProjectile","[""Metadata/Effects/Spells/druid_volcano/volcanoMortar.ao""]","[""once""]",[],500,1,1,"","","Metadata/Projectiles/ProjectileMortar","",1,"","",[],"",0,0,0,0,"","",0,0,100,100,1,[],"",[],"","","","","","","","","","",[],[],1
1511,"Metadata/Projectiles/Scientist1FlaskProj","[""Metadata/Effects/Spells/monsters_effects/Act5_FOUR/TheScientist1/flask_projectile.ao""]","[""projectile""]","[""impact""]",800,1,2,"","","Metadata/Projectiles/Projectile","",2,"","",[],"",0,0,0,0,"","",0,0,100,100,0,[],"",[],"","","","","","","","","","",[],[],1
1512,"Metadata/Projectiles/Scientist1Spark","[""Metadata/Effects/Spells/monsters_effects/Act5_FOUR/TheScientist1/spark_projectile.ao""]","[""projectile_01""]","[""impact_01""]",500,1,2,1,"","Metadata/Projectiles/ProjectileGround","",2,"","",[],"",0,0,0,0,"","",0,0,100,100,0,"[""expire_01""]","",[],"","","","","","","","","","",[],[],1
1513,"Metadata/Projectiles/Scientist3LightningSpear","[""Metadata/Effects/Spells/monsters_effects/Act5_FOUR/TheScientist3/main_proj.ao""]","[""main_proj_01""]","[""impact_01_lightning""]",3000,1,3,"","","Metadata/Projectiles/Projectile","",3,"","",[],"",0,0,0,0,"","",0,0,100,100,0,[],"",[],"aux_spear_attach","","","","","","","","","",[],[],1
1514,"Metadata/Projectiles/IncenseCasterFireball","[""Metadata/Effects/Spells/monsters_effects/Act5_FOUR/Incense_Caster/projectile.ao""]","[""fireball""]","[""fireball_explode""]",1250,"",2,"","","Metadata/Projectiles/Projectile","",2,"","",[],"",0,0,0,0,"","",0,0,100,100,0,[],"",[],"","","","","","","","","","",[],[],1
1515,"Metadata/Projectiles/DemonFemaleRemakeSpike","[""Metadata/Effects/Spells/monsters_effects/Act5_FOUR/DemonFemale/projectile.ao""]","[""projectile""]","[""impact""]",1200,1,2,"","","Metadata/Projectiles/Projectile","",2,"","",[],"",0,0,0,0,"","",0,0,100,100,0,[],"",[],"","","","","","","","","","",[],[],1
1516,"Metadata/Projectiles/SpinningThrowLeft1H","[""Metadata/Effects/Spells/berserk_axethrow/throwRight_1H.ao""]","[""weaponThrow_02""]",[],1800,1,2,"","","Metadata/Projectiles/Projectile","",2,"","",[],"",0,0,0,0,"","",0,0,100,100,0,[],"",[],"","","","","","","","","","",[],[],1
1517,"Metadata/Projectiles/SpinningThrowRight1H","[""Metadata/Effects/Spells/berserk_axethrow/throwLeft_1H.ao""]","[""weaponThrow_01""]",[],1800,1,2,"","","Metadata/Projectiles/Projectile","",2,"","",[],"",0,0,0,0,"","",0,0,100,100,0,[],"",[],"","","","","","","","","","",[],[],1
1518,"Metadata/Projectiles/SpinningThrowLeft2H","[""Metadata/Effects/Spells/berserk_axethrow/throwRight_2H.ao""]","[""weaponThrow2H_02""]",[],1800,1,2,"","","Metadata/Projectiles/Projectile","",2,"","",[],"",0,0,0,0,"","",0,0,100,100,0,[],"",[],"","","","","","","","","","",[],[],1
1519,"Metadata/Projectiles/SpinningThrowRight2H","[""Metadata/Effects/Spells/berserk_axethrow/throwLeft_2H.ao""]","[""weaponThrow2H_01""]",[],1800,1,2,"","","Metadata/Projectiles/Projectile","",2,"","",[],"",0,0,0,0,"","",0,0,100,100,0,[],"",[],"","","","","","","","","","",[],[],1
1520,"Metadata/Projectiles/MutantBirdSpit","[""Metadata/Effects/Spells/monsters_effects/Act4_FOUR/MutantBird/ao/bird_mortar.ao""]","[""proj""]","[""impact_01""]",1500,"",0,"","","Metadata/Projectiles/Projectile","",0,"","",[],"",0,0,0,0,"","",0,0,100,100,0,[],"",[],"","","","","","","","","","",[],[],1
1521,"Metadata/Projectiles/IcePath","[""Metadata/Effects/Spells/icearrow_02/arrow_ice.ao""]",[],[],3260,"",1,"","","Metadata/Projectiles/Projectile","",1,"","","[""Metadata/Effects/Spells/icearrow_02/arrow_ice_stuck.ao""]","Metadata/Effects/Spells/icearrow_02/arrow_ice_bounce.ao",50,80,0,20,"","",0,100,100,100,0,[],"",[],"","","","","","","","","","",[],[],1
1522,"Metadata/Projectiles/CaptainRothGhostCannonballBarrage","[""Metadata/Effects/Spells/monsters_effects/Act4_FOUR/CaptainRoth/ao/GhostCannons/cannonball_proj.ao""]","[""idle""]","[""end""]",2500,"",2,"","","Metadata/Projectiles/Projectile","",2,"","",[],"",0,0,0,0,"","",0,0,100,100,0,[],"",[],"","","","","","","","","","",[],[],1
1523,"Metadata/Projectiles/GoblinSpear","[""Metadata/Effects/Spells/monsters_effects/Act4_FOUR/GoblinSpearman/ao/onact/spearThrow/spearProjectile.ao""]","[""flying""]","[""idle_stick""]",1475,"",2,"","","Metadata/Projectiles/Projectile","",2,"","",[],"",0,70,0,0,"","",100,30,100,100,0,[],1,[],"","","","","","","","","","",[],[],1
1524,"Metadata/Projectiles/GoblinRock","[""Metadata/Effects/Spells/monsters_effects/Act4_FOUR/GoblinMiner/RockPojectile1.ao"",""Metadata/Effects/Spells/monsters_effects/Act4_FOUR/GoblinMiner/RockPojectile2.ao"",""Metadata/Effects/Spells/monsters_effects/Act4_FOUR/GoblinMiner/RockPojectile3.ao""]","[""flying""]","[""impact""]",1250,"",2,1,"","Metadata/Projectiles/Projectile","",2,"","",[],"",0,0,0,0,"","",0,0,120,180,0,[],1,[],"","","","","","","","","","",[],[],1
1525,"Metadata/Projectiles/MagmaHarpyFireball","[""Metadata/Effects/Spells/monsters_effects/Act4_FOUR/FlameHarpy/ao/projectile.ao""]","[""projectile""]","[""impact""]",900,"",2,"","","Metadata/Projectiles/Projectile","",2,"","",[],"",0,0,0,0,"","",0,0,100,100,0,[],"",[],"",6461,"","","","","","",19,"",[],[],1
1526,"Metadata/Projectiles/BlackJawFireBall","[""Metadata/Effects/Spells/monsters_effects/Act3_FOUR/BlackJawSuperUnique/ao/lacerate_fireball.ao""]","[""projectile""]","[""impact""]",1000,"",3,"","","Metadata/Projectiles/Projectile","",3,"","",[],"",0,0,0,0,"","",0,0,100,100,0,[],"",[],"","","","","","","","","","",[],[],1
1527,"Metadata/Projectiles/ForsakenSonRubble","[""Metadata/Effects/Spells/monsters_effects/Act4_FOUR/ForsakenSon/throw_censer_Projectile.ao""]","[""projectile_01"",""projectile_02"",""projectile_03""]","[""once""]",1800,"",2,"","","Metadata/Projectiles/Projectile","",2,"","",[],"",0,0,0,0,"","",0,0,25,100,0,[],"",[],"","","","","","","","","","",[],[],1
1528,"Metadata/Projectiles/SpiralThrowLeft1H","[""Metadata/Effects/Spells/berserk_axethrow/throwRight_1H.ao""]","[""weaponThrow_02""]",[],1800,1,2,"","","Metadata/Projectiles/Projectile","",2,"","",[],"",0,0,0,0,"","",0,0,100,100,0,[],"",[],"","","","","","","","","","",[],[],1
1529,"Metadata/Projectiles/SpiralThrowRight1H","[""Metadata/Effects/Spells/berserk_axethrow/throwLeft_1H.ao""]","[""weaponThrow_01""]",[],1800,1,2,"","","Metadata/Projectiles/Projectile","",2,"","",[],"",0,0,0,0,"","",0,0,100,100,0,[],"",[],"","","","","","","","","","",[],[],1
1530,"Metadata/Projectiles/SpiralThrowLeft2H","[""Metadata/Effects/Spells/berserk_axethrow/throwRight_2H.ao""]","[""weaponThrow2H_02""]",[],1800,1,2,"","","Metadata/Projectiles/Projectile","",2,"","",[],"",0,0,0,0,"","",0,0,100,100,0,[],"",[],"","","","","","","","","","",[],[],1
1531,"Metadata/Projectiles/SpiralThrowRight2H","[""Metadata/Effects/Spells/berserk_axethrow/throwLeft_2H.ao""]","[""weaponThrow2H_01""]",[],1800,1,2,"","","Metadata/Projectiles/Projectile","",2,"","",[],"",0,0,0,0,"","",0,0,100,100,0,[],"",[],"","","","","","","","","","",[],[],1
1532,"Metadata/Projectiles/SpiralVolley","[""Metadata/Effects/Spells/bow_spiralvolley/projectile.ao""]","[""projectile_01""]","[""impact_01""]",3260,"",1,"","","Metadata/Projectiles/Projectile","",1,"","","[""Metadata/Effects/Spells/base_arrow_attack/arrow_base_stuck.ao""]","Metadata/Effects/Spells/base_arrow_attack/arrow_base_bounce.ao",50,80,0,20,8910,"",0,100,100,100,0,[],"",[],"","","","","","","","","","",[],[],1
1533,"Metadata/Projectiles/SpiralVolleyEmpowered","[""Metadata/Effects/Spells/bow_spiralvolley/projectile_Frenzy.ao""]","[""projectile_01""]","[""impact_01""]",3260,"",1,"","","Metadata/Projectiles/Projectile","",1,"","","[""Metadata/Effects/Spells/base_arrow_attack/arrow_base_stuck.ao""]","Metadata/Effects/Spells/base_arrow_attack/arrow_base_bounce.ao",50,80,0,20,8911,"",0,100,100,100,0,[],"",[],"","","","","","","","","","",[],[],1
1534,"Metadata/Projectiles/HeatSeekingArrow","[""Metadata/Effects/Spells/firearrow/rig.ao""]",[],[],1600,"",1,"","","Metadata/Projectiles/Projectile","",1,"","","[""Metadata/Effects/Spells/base_arrow_attack/arrow_base_stuck.ao""]","Metadata/Effects/Spells/base_arrow_attack/arrow_base_bounce.ao",50,80,0,20,3554,"",0,100,100,100,0,[],"",[],"","","","","","","","","","",[],[],1
1535,"Metadata/Projectiles/BloodFeverMedicineWomanSpell","[""Metadata/Effects/Spells/monsters_effects/Act4_FOUR/BloodfeveredMedicineWoman/projectile.ao""]","[""proj loop""]","[""impact once""]",1250,"",1,"","","Metadata/Projectiles/Projectile","",1,"","",[],"",0,0,0,0,"","",0,0,100,100,0,[],"",[],"","","","","","","","","","",[],[],1
1536,"Metadata/Projectiles/ElectricFenceArrow","[""Metadata/Effects/Spells/lightning_arrows_02/lightning_arrow.ao""]",[],[],3260,"",1,"","","Metadata/Projectiles/Projectile","",1,"","","[""Metadata/Effects/Spells/lightning_arrows_02/lightning_arrow_stuck.ao""]","Metadata/Effects/Spells/lightning_arrows_02/lightning_arrow_bounce.ao",50,80,0,20,"","",0,100,100,100,0,[],"",[],"","","","","","","","","","",[],[],1
1537,"Metadata/Projectiles/GargoyoleCandleProjectilePoEM","[""Metadata/Effects/Spells/monsters_effects/PoEM_Act1/Gargoyle/candle_mortar_proj.ao""]","[""animate_01"",""animate_02"",""animate_03"",""animate_04"",""animate_05"",""animate_06"",""animate_07"",""animate_08"",""animate_09"",""animate_10""]",[],750,1,2,"","","Metadata/Projectiles/ProjectileMortar","",2,"","",[],"",0,0,0,0,"","",0,0,100,100,1,[],"",[],"","","","","","","","","","",[],[],1
1538,"Metadata/Projectiles/BoneRabbleEagle","[""Metadata/Effects/Spells/monsters_effects/Act3_FOUR/BoneRabble_Eagle/ao/basic_arrow_flaming.ao""]","[""projectileAnimation_02""]","[""projectileAnimation_01""]",2900,"",2,"","","Metadata/Projectiles/Projectile","",2,"","","[""Metadata/Effects/Spells/monsters_effects/Act3_FOUR/BoneRabble_Eagle/ao/arrow_stuck.ao""]","Metadata/Effects/Spells/firearrow_02/burning_arrow_bounce.ao",50,80,0,20,"","",0,100,100,100,0,[],"",[],"","","","","","","","","","",[],[],1
1539,"Metadata/Projectiles/VaalConstructCannon","[""Metadata/Effects/Spells/monsters_effects/Act3_FOUR/CannonConstruct/cannonball_proj.ao""]","[""idle""]","[""end""]",2000,"",2,"","","Metadata/Projectiles/Projectile","",2,"","",[],"",0,0,0,0,"","",0,0,100,100,0,[],"",[],"","","","","","","","","","",[],[],1
1540,"Metadata/Projectiles/VaalHumanoidCannon","[""Metadata/Effects/Spells/monsters_effects/Act3_FOUR/CannonConstruct/cannonball_proj.ao""]","[""idle""]","[""end""]",2000,"",2,"","","Metadata/Projectiles/Projectile","",2,"","",[],"",0,0,0,0,"","",0,0,100,100,0,[],"",[],"","","","","","","","","","",[],[],1
1541,"Metadata/Projectiles/KelpDregCrossbow","[""Metadata/Effects/Spells/monsters_effects/Act4_FOUR/KelpDreg/ao/bolt_proj_1.ao""]",[],[],2500,"",1,"","","Metadata/Projectiles/Projectile","",1,"","",[],"",0,0,0,0,"","",100,100,100,100,0,[],"",[],"","","","","","","","","","",[],[],1
1542,"Metadata/Projectiles/KelpDregCrossbowIce","[""Metadata/Effects/Spells/monsters_effects/Act4_FOUR/KelpDreg/ao/bolt_proj_3.ao""]",[],[],2500,"",1,"","","Metadata/Projectiles/Projectile","",1,"","",[],"",0,0,0,0,"","",100,100,100,100,0,[],"",[],"","","","","","","","","","",[],[],1
1543,"Metadata/Projectiles/KelpDregCrossbowPhys","[""Metadata/Effects/Spells/monsters_effects/Act4_FOUR/KelpDreg/ao/bolt_proj_2.ao""]",[],[],2500,"",1,"","","Metadata/Projectiles/Projectile","",1,"","",[],"",0,0,0,0,"","",100,100,100,100,0,[],"",[],"","","","","","","","","","",[],[],1
1544,"Metadata/Projectiles/FallenCrawlerFireProjectile","[""Metadata/Effects/Spells/monsters_effects/Act5_FOUR/FallenGods/Crawler/fireball_proj.ao""]","[""proj""]","[""impact_ground""]",1200,1,2,"","","Metadata/Projectiles/Projectile","",2,"","",[],"",0,0,0,0,"","",0,0,100,100,0,[],"",[],"","","","","","","","","","",[],[],1
1545,"Metadata/Projectiles/FallenGodBossChaos","[""Metadata/Effects/Spells/monsters_effects/Act5_FOUR/FallenGods/Miniboss/orbthrow_beams.ao""]","[""rand_beam_GRP""]",[],1250,1,2,"","","Metadata/Projectiles/Projectile","",2,"","",[],"",0,0,0,0,"","",0,0,100,100,0,[],"",[4],"","","","","","","","","","",[],[],1
1546,"Metadata/Projectiles/FallenGodBossExalt","[""Metadata/Effects/Spells/monsters_effects/Act5_FOUR/FallenGods/Miniboss/orbthrow_beams.ao""]","[""rand_beam_GRP""]",[],1250,1,2,"","","Metadata/Projectiles/Projectile","",2,"","",[],"",0,0,0,0,"","",0,0,100,100,0,[],"",[4],"","","","","","","","","","",[],[],1
1547,"Metadata/Projectiles/FallenGodBossDivine","[""Metadata/Effects/Spells/monsters_effects/Act5_FOUR/FallenGods/Miniboss/orbthrow_beams.ao""]","[""rand_beam_GRP""]",[],1250,1,2,"","","Metadata/Projectiles/Projectile","",2,"","",[],"",0,0,0,0,"","",0,0,100,100,0,[],"",[4],"","","","","","","","","","",[],[],1
1548,"Metadata/Projectiles/FallenGodBossDivineSpam","[""Metadata/Effects/Spells/monsters_effects/Act5_FOUR/FallenGods/Miniboss/bullethell_proj.ao""]","[""loop""]","[""impact""]",100,"",2,"","","Metadata/Projectiles/Projectile","",2,"","",[],"",0,0,0,0,"","",0,0,100,100,0,[],"",[],"","","","","","","","","","",[],[],1
1549,"Metadata/Projectiles/FountainStatueBossSkullBarrage","[""Metadata/Effects/Spells/monsters_effects/Act5_FOUR/FountainStatue/skull_mortar_proj.ao""]","[""rand_motioncurve_GRP""]",[],750,1,2,"","","Metadata/Projectiles/ProjectileMortar","",2,"","",[],"",0,0,0,0,"","",0,0,50,50,1,[],"",[],"","","","","","","","","","",[],[],1
1550,"Metadata/Projectiles/FountainStatueBackStatue1","[""Metadata/Effects/Spells/monsters_effects/Act3_FOUR/BoneRabble_Eagle/ao/basic_arrow_flaming.ao""]","[""projectileAnimation_02""]","[""projectileAnimation_01""]",1500,1,2,"","","Metadata/Projectiles/Projectile","",2,"","","[""Metadata/Effects/Spells/monsters_effects/Act3_FOUR/BoneRabble_Eagle/ao/arrow_stuck.ao""]","Metadata/Effects/Spells/firearrow_02/burning_arrow_bounce.ao",50,80,0,20,"","",0,100,100,100,0,[],"",[],"","","","","","","","","","",[],[],1
1551,"Metadata/Projectiles/FountainStatueBackStatue2","[""Metadata/Effects/Spells/monsters_effects/Act3_FOUR/BoneRabble_Eagle/ao/basic_arrow_flaming.ao""]","[""projectileAnimation_02""]","[""projectileAnimation_01""]",1500,1,2,"","","Metadata/Projectiles/Projectile","",2,"","","[""Metadata/Effects/Spells/monsters_effects/Act3_FOUR/BoneRabble_Eagle/ao/arrow_stuck.ao""]","Metadata/Effects/Spells/firearrow_02/burning_arrow_bounce.ao",50,80,0,20,"","",0,100,100,100,0,[],"",[],"","","","","","","","","","",[],[],1
1552,"Metadata/Projectiles/FountainStatueBackStatue3","[""Metadata/Effects/Spells/monsters_effects/Act3_FOUR/BoneRabble_Eagle/ao/basic_arrow_flaming.ao""]","[""projectileAnimation_02""]","[""projectileAnimation_01""]",1500,1,2,"","","Metadata/Projectiles/Projectile","",2,"","","[""Metadata/Effects/Spells/monsters_effects/Act3_FOUR/BoneRabble_Eagle/ao/arrow_stuck.ao""]","Metadata/Effects/Spells/firearrow_02/burning_arrow_bounce.ao",50,80,0,20,"","",0,100,100,100,0,[],"",[],"","","","","","","","","","",[],[],1
1553,"Metadata/Projectiles/FountainStatueBackStatue4","[""Metadata/Effects/Spells/monsters_effects/Act3_FOUR/BoneRabble_Eagle/ao/basic_arrow_flaming.ao""]","[""projectileAnimation_02""]","[""projectileAnimation_01""]",1500,1,2,"","","Metadata/Projectiles/Projectile","",2,"","","[""Metadata/Effects/Spells/monsters_effects/Act3_FOUR/BoneRabble_Eagle/ao/arrow_stuck.ao""]","Metadata/Effects/Spells/firearrow_02/burning_arrow_bounce.ao",50,80,0,20,"","",0,100,100,100,0,[],"",[],"","","","","","","","","","",[],[],1
1554,"Metadata/Projectiles/FountainStatueBackStatue5","[""Metadata/Effects/Spells/monsters_effects/Act3_FOUR/BoneRabble_Eagle/ao/basic_arrow_flaming.ao""]","[""projectileAnimation_02""]","[""projectileAnimation_01""]",1500,1,2,"","","Metadata/Projectiles/Projectile","",2,"","","[""Metadata/Effects/Spells/monsters_effects/Act3_FOUR/BoneRabble_Eagle/ao/arrow_stuck.ao""]","Metadata/Effects/Spells/firearrow_02/burning_arrow_bounce.ao",50,80,0,20,"","",0,100,100,100,0,[],"",[],"","","","","","","","","","",[],[],1
1555,"Metadata/Projectiles/DefaultBoltSiegeCascade","[""Metadata/Effects/Spells/crossbow_basic/bolt_basic.ao""]","[""siege_01""]",[],2000,"",2,"","","Metadata/Projectiles/Projectile","",2,"","",[],"",0,0,0,0,8205,"",0,0,100,100,0,[],"",[],"","","","","","muzzle_siege","","","","",[],[],1
1556,"Metadata/Projectiles/IncendiaryBoltSiegeCascade","[""Metadata/Effects/Spells/crossbow_armour_piercing/bolt_armour_piercing.ao""]","[""siege_01""]","[""siege_impact""]",2000,"",2,"","","Metadata/Projectiles/Projectile","",2,"","",[],"",0,0,0,0,8206,"",0,0,100,100,0,[],"",[],"","","","","","muzzle_siege","","","","",[],[],1
1557,"Metadata/Projectiles/FreezingBoltSiegeCascade","[""Metadata/Effects/Spells/crossbow_permafrost/projectile.ao""]","[""siege_01""]",[],1400,"",2,"","","Metadata/Projectiles/Projectile","",2,"","",[],"",0,0,0,0,8209,"",0,0,100,100,0,[],"",[],"","","","","","muzzle_siege","","","","",[],[],1
1558,"Metadata/Projectiles/StormblastBoltSiegeCascade","[""Metadata/Effects/Spells/crossbow_stormblast/bolt_stormblast.ao""]","[""siege_01""]",[],2000,"",2,"","","Metadata/Projectiles/Projectile","",2,"","",[],"",100,0,0,0,8210,"",0,0,100,100,0,[],"",[],"","","","","","muzzle_siege","","","","",[],[],1
1559,"Metadata/Projectiles/ArtilleryBallistaBolt","[""Metadata/Effects/Spells/crossbow_incendiary/projectile.ao""]","[""siege_01""]","[""siege_impact""]",2000,"",2,"","","Metadata/Projectiles/Projectile","",2,"","",[],"",0,0,0,0,8207,"",0,0,100,100,0,[],"",[],"","","","","","muzzle_siege","","","","",[],[],1
1560,"Metadata/Projectiles/TwilightOrderOverseerRock","[""Metadata/Effects/Spells/monsters_effects/Act4_FOUR/TwilightOrderOverSeer/rock_projectile.ao""]","[""projectile""]","[""impact""]",2500,1,2,"","","Metadata/Projectiles/Projectile","",2,"","",[],"",0,0,0,0,"","",0,0,100,100,0,[],"",[],"","","","","","","","","","",[],"[""impact_01_grd""]",1
1561,"Metadata/Projectiles/TwilightOrderOverseerLightning","[""Metadata/Effects/Spells/monsters_effects/Act2_FOUR/CaveDweller/ao/super_proj.ao""]","[""idle""]","[""impact""]",1250,"",4,"","","Metadata/Projectiles/Projectile","",4,"","",[],"",0,100,0,0,"","",0,0,100,100,0,"[""end""]","",[],"","","","","","","","","","",[],[],1
1562,"Metadata/Projectiles/ExecratusAlchemistFlask1","[""Metadata/Effects/Spells/monsters_effects/Act5_FOUR/TheScientist1/flask_projectile.ao""]","[""projectile""]","[""impact""]",800,"",2,"","","Metadata/Projectiles/Projectile","",2,"","",[],"",0,0,0,0,"","",0,0,100,100,0,[],"",[],"","","","","","","","","","",[],[],1
1563,"Metadata/Projectiles/ExecratusAlchemistFlask2","[""Metadata/Effects/Spells/monsters_effects/Act5_FOUR/TheScientist1/flask_projectile.ao""]","[""projectile""]","[""impact""]",800,"",2,"","","Metadata/Projectiles/Projectile","",2,"","",[],"",0,0,0,0,"","",0,0,100,100,0,[],"",[],"","","","","","","","","","",[],[],1
1564,"Metadata/Projectiles/TwilightClericProj","[""Metadata/Effects/Spells/monsters_effects/Act4_FOUR/TwilightOrderSorceror/holy_fireball.ao""]","[""projectile""]","[""impact""]",1200,"",2,"","","Metadata/Projectiles/Projectile","",2,"","",[],"",0,0,0,0,"","",0,0,100,100,0,[],"",[],"","","","","","","","","","",[],[],1
1565,"Metadata/Projectiles/ExecratusBlackPrinceLacerate1","[""Metadata/Effects/Spells/monsters_effects/League_Expedition/boss/olroth/lacerate_01.ao""]","[""lacerate_01""]","[""basic_impact_01""]",2300,"",4,"","","Metadata/Projectiles/Projectile","",4,"","",[],"",0,0,0,0,"","",0,0,100,100,0,[],"",[],"","","","","","","","","","",[],[],1
1566,"Metadata/Projectiles/ExecratusBlackPrinceLacerate2","[""Metadata/Effects/Spells/monsters_effects/League_Expedition/boss/olroth/lacerate_02.ao""]","[""lacerate_02""]","[""basic_impact_01""]",2300,"",4,"","","Metadata/Projectiles/Projectile","",4,"","",[],"",0,0,0,0,"","",0,0,100,100,0,[],"",[],"","","","","","","","","","",[],[],1
1567,"Metadata/Projectiles/ExecratusBlackPrinceLacerate3","[""Metadata/Effects/Spells/monsters_effects/League_Expedition/boss/olroth/lacerate_03.ao""]","[""lacerate_03""]","[""basic_impact_01""]",2300,"",4,"","","Metadata/Projectiles/Projectile","",4,"","",[],"",0,0,0,0,"","",0,0,100,100,0,[],"",[],"","","","","","","","","","",[],[],1
1568,"Metadata/Projectiles/EssieBasicProj","[""Metadata/Effects/Spells/monsters_effects/Act2_FOUR/CaveDweller/ao/super_proj.ao""]","[""idle""]","[""impact""]",1000,"",4,"","","Metadata/Projectiles/Projectile","",4,"","",[],"",0,0,0,0,"","",0,0,100,100,0,[],"",[],"","","","","","","","","","",[],[],1
1569,"Metadata/Projectiles/HarborGuardBossShieldProj","[""Metadata/Effects/Spells/monsters_effects/Act5_FOUR/HarborBoss/Divine_Shield_Summon_projectile.ao""]","[""loop_01""]","[""impact_01""]",1200,"",2,"","","Metadata/Projectiles/Projectile","",2,"","",[],"",0,0,0,0,"","",0,0,100,100,0,[],"",[],"","","","","","","","","","",[],[],1
1570,"Metadata/Projectiles/RapidShotDefaultBolt","[""Metadata/Effects/Spells/crossbow_basic/bolt_basic.ao""]","[""rapid_01""]","[""impact_rapid_01""]",3250,"",0,"","","Metadata/Projectiles/Projectile","",0,"","",[],"",0,50,0,50,8205,"",0,0,100,100,0,[],"",[],"","","",221,1,"muzzle_rapid",226,"Audio/Sound Effects/Skills/4.0/Crossbow/Basic/Impacts/Impact_RapidSG","","",[],[],1
1571,"Metadata/Projectiles/ExplosiveGrenade","[""Metadata/Effects/Spells/crossbow_explosivegrenade/explosive_grenade.ao""]","[""grenadeTimer""]","[""end_01""]",800,"",2,"","","Metadata/Projectiles/Projectile","",2,"","",[],"",0,0,0,0,8205,"",0,0,100,100,1,[],1,[],"","","","","","underbarrel_Muzzle_01","","",0,"",[],[],1
1572,"Metadata/Projectiles/FlashGrenade","[""Metadata/Effects/Spells/crossbow_stungrenade/flash_grenade.ao""]","[""grenadeTimer""]","[""end_01""]",800,"",2,"","","Metadata/Projectiles/Projectile","",2,"","",[],"",0,0,0,0,8205,"",0,0,100,100,1,[],1,[],"","","","","","underbarrel_Muzzle_01","","",0,"",[],[],1
1573,"Metadata/Projectiles/ToxicGrenade","[""Metadata/Effects/Spells/crossbow_toxic_grenade/toxic_grenade.ao""]","[""projectile""]","[""end""]",800,"",2,"","","Metadata/Projectiles/Projectile","",2,"","",[],"",0,0,0,0,8205,"",0,0,100,100,1,[],1,[],"","","","","","underbarrel_Muzzle_01","","",1,"",[],[],1
1574,"Metadata/Projectiles/OilGrenade","[""Metadata/Effects/Spells/crossbow_oilgrenade/oil_grenade.ao""]","[""grenadeTimer""]","[""end_01""]",800,"",2,"","","Metadata/Projectiles/Projectile","",2,"","",[],"",0,0,0,0,8205,"",0,0,100,100,1,[],1,[],"","","","","","underbarrel_Muzzle_01","","",2,"",[],[],1
1575,"Metadata/Projectiles/FireGrenade","[""Metadata/Effects/Spells/undead_summon_skeletons/skeleton_grenade.ao""]","[""grenadeTimer""]","[""end_01""]",800,"",2,"","","Metadata/Projectiles/Projectile","",2,"","",[],"",0,0,0,0,"","",0,0,100,100,1,[],1,[],"","","","","","","","",0,"",[],[],1
1576,"Metadata/Projectiles/ShockGrenade","[""Metadata/Effects/Spells/crossbow_shock_grenade/shock_grenade.ao""]","[""grenadeTimer""]","[""end_01""]",800,"",2,"","","Metadata/Projectiles/Projectile","",2,"","",[],"",0,0,0,0,8205,"",0,0,100,100,1,[],1,[],"","","","","","underbarrel_Muzzle_01","","",0,"",[],[],1
1577,"Metadata/Projectiles/RatKingVomitChunk","[""Metadata/Effects/Spells/monsters_effects/Act1_FOUR/Baron/blood_projectile_large.ao"",""Metadata/Effects/Spells/monsters_effects/Act1_FOUR/Baron/blood_projectile_medium.ao"",""Metadata/Effects/Spells/monsters_effects/Act1_FOUR/Baron/blood_projectile_small.ao""]","[""projectile""]","[""impact""]",1500,"",2,"","","Metadata/Projectiles/Projectile","",2,"","",[],"",0,0,0,0,"","",0,0,100,100,0,[],"",[],"","","","","","","","","","",[],[],1
1578,"Metadata/Projectiles/SolarisMonsterVomit","[""Metadata/Effects/Spells/monsters_effects/Act5_FOUR/FallenGods/Solaris/projectile.ao""]","[""loop""]","[""end""]",1150,"",2,"","","Metadata/Projectiles/Projectile","",2,"","",[],"",0,0,0,0,"","",0,0,100,100,0,[],"",[],"","","","","","","","","","",[],[],1
1579,"Metadata/Projectiles/BabyProjectileOverhead","[""Metadata/Monsters/MamaMonster/BabyMonster1.ao""]","[""projectile_ranged_01""]","[""explodee_01""]",1200,"",2,"","","Metadata/Projectiles/Projectile","",2,"","",[],"",0,0,0,0,"","",0,0,100,100,0,[],1,[],"","","","","","","","","","",[],[],1
1580,"Metadata/Projectiles/BabyProjectileUnderarm","[""Metadata/Monsters/MamaMonster/BabyMonster1.ao""]","[""grenade_roll_01""]","[""explodee_01""]",850,"",2,"","","Metadata/Projectiles/Projectile","",2,"","",[],"",0,0,0,0,"","",0,0,100,100,0,[],1,[],"","","","","","","","","","",[],[],1
1581,"Metadata/Projectiles/DwarvenPipeBossRadialSmoke","[""Metadata/Effects/Spells/ground_effects/chimera_smoke/chimera_smoke_01.ao"",""Metadata/Effects/Spells/ground_effects/chimera_smoke/chimera_smoke_02.ao"",""Metadata/Effects/Spells/ground_effects/chimera_smoke/chimera_smoke_03.ao""]","[""loop""]","[""fadeout""]",150,"",4,"","","Metadata/Projectiles/ServerProjectile","",4,"","",[],"",0,0,0,0,"","",0,0,100,100,0,[],"",[],"","","","","","","","","","",[],[],1
1582,"Metadata/Projectiles/DwarvenPipeBossDeceleratingSmoke","[""Metadata/Effects/Spells/ground_effects/chimera_smoke/chimera_smoke_01.ao"",""Metadata/Effects/Spells/ground_effects/chimera_smoke/chimera_smoke_02.ao"",""Metadata/Effects/Spells/ground_effects/chimera_smoke/chimera_smoke_03.ao""]","[""loop""]","[""fadeout""]",750,1,4,"","","Metadata/Projectiles/Projectile","",4,"","",[],"",0,0,0,0,"","",0,0,100,100,0,[],"",[4],"","","","","","","","","","",[],[],1
1583,"Metadata/Projectiles/TetheringArrowTumourGoo","[""Metadata/Effects/Spells/monsters_effects/Act5_FOUR/BabySpider/mortar_projectile.ao""]","[""loop""]","[""end""]",2000,"",2,"","","Metadata/Projectiles/Projectile","",2,"","",[],"",0,0,0,0,"","",0,0,100,100,0,[],"",[],"","","","","","","","","","",[],[],1
1584,"Metadata/Projectiles/SkeletonSniperMinionArrow","[""Metadata/Effects/Spells/undead_summon_skeletons/skeleton_arrow.ao""]","[""projectile""]","[""impact""]",3260,"",1,"","","Metadata/Projectiles/Projectile","",1,"","",[],"",0,0,0,0,"","",0,0,100,100,0,[],"",[],"","","",230,"","",230,"","","",[],[],1
1585,"Metadata/Projectiles/SkeletonMinionFrostbolt","[""Metadata/Effects/Spells/undead_summon_skeletons/skeleton_frost_shard.ao""]","[""projectile_01""]","[""impact""]",2400,1,2,"","","Metadata/Projectiles/Projectile","",2,"","",[],"",0,0,0,0,"","",0,0,100,100,0,[],"",[],"","","","","","","","","","",[],[],1
1586,"Metadata/Projectiles/CreepyHagDebuffProjectile","[""Metadata/Effects/Spells/monsters_effects/Act5_FOUR/SlumHag/ao/soul_rend_projectile.ao""]","[""motionpath_GRP""]","[""impact_ground_01""]",800,1,2,"","","Metadata/Projectiles/Projectile","",2,"","",[],"",0,0,0,0,"","",0,0,100,100,0,[],"",[],"","","","","","","","","","",[],[],1
1587,"Metadata/Projectiles/CreepyHagProjectile","[""Metadata/Effects/Spells/monsters_effects/Act5_FOUR/SlumHag/ao/soul_proj.ao""]","[""proj""]","[""impact""]",600,"",2,"","","Metadata/Projectiles/Projectile","",2,"","",[],"",0,0,0,0,"","",0,0,100,100,0,[],"",[],"","","","","","","","","","",[],[],1
1588,"Metadata/Projectiles/BalbalaHoverKnife","[""Metadata/Effects/Spells/monsters_effects/Act2_FOUR/Balbala/knifecopy_proj.ao""]","[""fly""]","[""impact""]",1500,"",2,"","","Metadata/Projectiles/Projectile","",2,"","",[],"",0,0,0,0,"","",0,0,100,100,0,[],"",[],"","","","","","","","","","",[],[],1
1589,"Metadata/Projectiles/BalbalaCoin","[""Metadata/Effects/Spells/monsters_effects/Act2_FOUR/Balbala/cointoss_proj.ao""]","[""toss""]","[""impact""]",800,1,2,"","","Metadata/Projectiles/Projectile","",2,"","",[],"",0,0,0,0,"","",0,0,100,100,0,[],"",[4],"","","","","","","","","","",[],[],1
1590,"Metadata/Projectiles/KinarhaChargedProjectile","[""Metadata/Effects/Spells/monsters_effects/Act2_FOUR/Kinarah/ao/projectile_charged.ao""]","[""proj""]","[""impact""]",2000,"",2,"","","Metadata/Projectiles/Projectile","",2,"","",[],"",0,0,0,0,"","",0,0,100,100,0,[],1,[],"","","","","","","","","","",[],[],1
1591,"Metadata/Projectiles/BasicSkeletonCasterFire","[""Metadata/Effects/Spells/monsters_effects/Act2_FOUR/BoneCultistsZealots/fire_projectile.ao""]","[""proj""]","[""impact""]",1000,"",2,"","","Metadata/Projectiles/Projectile","",2,"","",[],"",0,0,0,0,"","",0,0,100,100,0,[],"",[],"","","","","","","","","","",[],[],1
1592,"Metadata/Projectiles/BasicSkeletonCasterLightning","[""Metadata/Effects/Spells/monsters_effects/Act1_FOUR/Graveyard/skeleton_caster/ao/lightning_projectile.ao""]","[""projectile""]","[""impact""]",1250,"",2,"","","Metadata/Projectiles/Projectile","",2,"","",[],"",0,0,0,0,"","",0,0,100,100,0,[],"",[],"","","","","","","","","","",[],[],1
1593,"Metadata/Projectiles/BasicSkeletonCasterCold","[""Metadata/Effects/Spells/monsters_effects/Act1_FOUR/Graveyard/skeleton_caster/ao/ice_projectile.ao""]","[""projectile""]","[""impact""]",1000,"",2,"","","Metadata/Projectiles/Projectile","",2,"","",[],"",0,0,0,0,"","",0,0,100,100,0,[],"",[],"","","","","","","","","","",[],[],1
1594,"Metadata/Projectiles/WindPalmProjectile","[""Metadata/Effects/Spells/monk_windpalm/soundWave_projectile.ao""]","[""projectile_01""]","[""impact_01""]",3150,"",2,"","","Metadata/Projectiles/Projectile","",4,"","",[],"",0,0,0,0,"","",0,0,100,100,0,[],1,[],"","","","","","","","","","",[],[],1
1595,"Metadata/Projectiles/FarudinCorpseStriderSpear","[""Metadata/Effects/Spells/monsters_effects/Act5_FOUR/TheScientist3/main_proj.ao""]","[""main_proj_01""]","[""impact_01_lightning""]",3000,1,3,"","","Metadata/Projectiles/Projectile","",3,"","",[],"",0,0,0,0,"","",0,0,100,100,0,[],"",[],"aux_spear_attach","","","","","","","","","",[],[],1
1596,"Metadata/Projectiles/RudjaExplosiveGrenade","[""Metadata/Effects/Spells/monsters_effects/Act2_FOUR/RudjaDreadEngineer/explosive_grenade.ao"",""Metadata/Effects/Spells/monsters_effects/Act2_FOUR/RudjaDreadEngineer/explosive_grenade_slow.ao"",""Metadata/Effects/Spells/monsters_effects/Act2_FOUR/RudjaDreadEngineer/explosive_grenade_fast.ao"",""Metadata/Effects/Spells/monsters_effects/Act2_FOUR/RudjaDreadEngineer/explosive_grenade_semi_fast.ao"",""Metadata/Effects/Spells/monsters_effects/Act2_FOUR/RudjaDreadEngineer/explosive_grenade_semi_slow.ao""]","[""fly""]",[],650,1,2,"","","Metadata/Projectiles/Projectile","",2,"","",[],"",0,0,0,0,"","",0,0,100,100,0,[],1,[],"",8336,"","","","","","",8,"",[],[],1
1597,"Metadata/Projectiles/DrudgeExplosiveGrenade","[""Metadata/Effects/Spells/monsters_effects/Act2_FOUR/DrudgeMiner/explosive_grenade_drudge.ao""]","[""fly_02""]",[],750,1,2,"","","Metadata/Projectiles/Projectile","",2,"","",[],"",0,0,0,0,"","",0,0,100,100,0,[],1,[],"",8337,"","","","","","",9,"",[],[],1
1598,"Metadata/Projectiles/RudjaExplosiveGrenadeBounce","[""Metadata/Effects/Spells/monsters_effects/Act2_FOUR/RudjaDreadEngineer/explosive_grenade.ao"",""Metadata/Effects/Spells/monsters_effects/Act2_FOUR/RudjaDreadEngineer/explosive_grenade_slow.ao"",""Metadata/Effects/Spells/monsters_effects/Act2_FOUR/RudjaDreadEngineer/explosive_grenade_fast.ao"",""Metadata/Effects/Spells/monsters_effects/Act2_FOUR/RudjaDreadEngineer/explosive_grenade_semi_fast.ao"",""Metadata/Effects/Spells/monsters_effects/Act2_FOUR/RudjaDreadEngineer/explosive_grenade_semi_slow.ao""]","[""fly""]",[],850,1,2,"","","Metadata/Projectiles/Projectile","",2,"","",[],"",0,0,0,0,"","",0,0,100,100,0,[],1,[],"",8336,"","","","","","",8,"",[],[],1
1599,"Metadata/Projectiles/RudjaTarGrenade","[""Metadata/Effects/Spells/monsters_effects/Act2_FOUR/RudjaDreadEngineer/tar_grenade.ao""]","[""fly""]",[],500,"",2,"","","Metadata/Projectiles/Projectile","",2,"","",[],"",0,0,0,0,"","",0,0,100,100,0,[],1,[],"",8336,"","","","","","",6,"",[],[],1
1600,"Metadata/Projectiles/RudjaTarGrenadeQuick","[""Metadata/Effects/Spells/monsters_effects/Act2_FOUR/RudjaDreadEngineer/tar_grenade.ao""]","[""fly""]",[],500,"",2,"","","Metadata/Projectiles/Projectile","",2,"","",[],"",0,0,0,0,"","",0,0,100,100,0,[],1,[],"",8336,"","","","","","",6,"",[],[],1
1601,"Metadata/Projectiles/RudjaFlashbang","[""Metadata/Effects/Spells/monsters_effects/Act2_FOUR/RudjaDreadEngineer/flashbang_grenade.ao""]","[""fly""]","[""explode""]",1200,1,2,"","","Metadata/Projectiles/Projectile","",2,"","",[],"",0,0,0,0,"","",0,0,100,100,0,[],1,[],"",8336,"","","","","","",7,"",[],[],1
1602,"Metadata/Projectiles/RudjaFlashbangQuick","[""Metadata/Effects/Spells/monsters_effects/Act2_FOUR/RudjaDreadEngineer/flashbang_grenade.ao""]","[""fly""]","[""explode""]",500,1,2,"","","Metadata/Projectiles/Projectile","",2,"","",[],"",0,0,0,0,"","",0,0,100,100,0,[],1,[],"",8336,"","","","","","",7,"",[],[],1
1603,"Metadata/Projectiles/RudjaGasGrenade","[""Metadata/Effects/Spells/monsters_effects/Act2_FOUR/RudjaDreadEngineer/poison_gas_grenade.ao""]","[""roll""]",[],650,"",2,"","","Metadata/Projectiles/Projectile","",2,"","",[],"",0,0,0,0,"","",0,0,100,100,0,[],1,[],"",8336,"","","","","","",5,"",[],[],1
1604,"Metadata/Projectiles/SkeletonGolemancerBasic","[""Metadata/Effects/Spells/monsters_effects/Act1_FOUR/Skeleton_Golemancer/projectile.ao""]","[""loop""]","[""animationPreSet""]",1250,"",2,"","","Metadata/Projectiles/Projectile","",2,"","",[],"",0,0,0,0,"","",0,0,100,100,0,[],"",[],"","","","","","","","","","",[],[],1
1605,"Metadata/Projectiles/SkelemancerSkelenado","[""Metadata/Effects/Spells/monsters_effects/Act1_FOUR/Skeleton_Golemancer/skelenado.ao""]","[""idle""]","[""fadeout""]",700,"",2,1,"","Metadata/Projectiles/ProjectileGround","",2,"","",[],"",0,0,0,0,"","",0,0,100,100,0,[],"",[],"","","","","","","","","","",[],[],1
1606,"Metadata/Projectiles/CourtGuardFireball","[""Metadata/Effects/Spells/monsters_effects/Act2_FOUR/BoneCultistsZealots/fire_projectile.ao""]","[""proj""]","[""impact""]",1300,"",2,"","","Metadata/Projectiles/Projectile","",2,"","",[],"",0,0,0,0,"","",0,0,100,100,0,[],"",[],"","","","","","","","","","",[],[],1
1607,"Metadata/Projectiles/HusbandMonsterCleaveBalls","[""Metadata/Effects/Spells/monsters_effects/Act1_FOUR/HusbandBoss/projectile.ao""]","[""loop""]","[""fadeout""]",1000,"",2,"","","Metadata/Projectiles/Projectile","",2,"","",[],"",0,0,0,0,"","",0,0,100,100,0,[],"",[],"","","","","","","","","","",[],[],1
1608,"Metadata/Projectiles/WandProjectileChaosbolt","[""Metadata/Effects/Spells/chaos_chaosbolt/chaosbolt_projectile.ao""]","[""projectile""]","[""impact""]",3800,"",2,"","","Metadata/Projectiles/Projectile","",2,"","",[],"",0,0,0,0,"","",0,0,100,100,0,[],"",[],"","","",184,1,"",184,"","","jntBnd_projectile",[],[],1
1609,"Metadata/Projectiles/WitchboltPhysical","[""Metadata/Effects/Spells/chaos_chaosbolt/chaosbolt_projectile.ao""]","[""projectile""]","[""impact""]",3800,"",2,"","","Metadata/Projectiles/Projectile","",2,"","",[],"",0,0,0,0,"","",0,0,100,100,0,[],"",[],"","","",184,1,"",184,"","","jntBnd_projectile",[],[],1
1610,"Metadata/Projectiles/WitchboltChaos","[""Metadata/Effects/Spells/chaos_dark_effigy/darkEffigy_projectile.ao""]","[""projectile""]","[""impact""]",3800,"",2,"","","Metadata/Projectiles/Projectile","",2,"","",[],"",0,0,0,0,"","",0,0,100,100,0,[],"",[],"","","",184,1,"",184,"","","jntBnd_projectile",[],[],1
1611,"Metadata/Projectiles/SkeletonSnakeBossSoulerCoaster","[""Metadata/Effects/Spells/monsters_effects/Act2_FOUR/GreatSnakeSkeletonBoss/fire_skull_mortar.ao""]","[""fly_group""]",[],750,1,2,"","","Metadata/Projectiles/ProjectileMortar","",2,"","",[],"",0,0,0,0,"","",0,0,100,100,1,[],"",[4],"","","","","","","","","","",[],[],1
1612,"Metadata/Projectiles/BoneSpikePlayer","[""Metadata/Effects/Spells/bone_spearvolley/boneSpear_Projectiles.ao""]","[""projectile_01""]","[""impact_01""]",2700,"",2,"","","Metadata/Projectiles/Projectile","",2,"","","[""Metadata/Effects/Spells/bone_spearvolley/shardAttach_01.ao"",""Metadata/Effects/Spells/bone_spearvolley/shardAttach_02.ao"",""Metadata/Effects/Spells/bone_spearvolley/shardAttach_03.ao"",""Metadata/Effects/Spells/bone_spearvolley/shardAttach_04.ao""]","",100,100,0,0,"","",0,0,100,100,0,[],"",[],"","","","","","","","","","","[""impact_01_grd""]",[],1
1613,"Metadata/Projectiles/BalbalaSpinningKnife","[""Metadata/Effects/Spells/monsters_effects/Act2_FOUR/Balbala/spinningblade_proj.ao""]","[""loop""]","[""end""]",1400,"",4,"","","Metadata/Projectiles/Projectile","",4,"","",[],"",0,0,0,0,"","",0,0,100,100,0,[],"",[],"","","","","","","","","","",[],[],1
1614,"Metadata/Projectiles/WifeMonsterSoulMortar","[""Metadata/Effects/Spells/monsters_effects/Act1_FOUR/WifeMonster/soul_mortar.ao""]","[""fly_grp""]",[],750,1,2,"","","Metadata/Projectiles/ProjectileMortar","",2,"","",[],"",0,0,0,0,"","",0,0,100,100,1,[],"",[],"","","","","","","","","","",[],[],1
1615,"Metadata/Projectiles/DetonatingArrowCharged","[""Metadata/Effects/Spells/bow_detonating_arrow/projectile.ao""]","[""projectile_charged""]","[""impact""]",6000,"",1,"","","Metadata/Projectiles/Projectile","",1,"","",[],"",0,0,0,0,8205,"",0,0,100,100,0,[],"",[],"","","","","","muzzle_power","","","","",[],[],1
1616,"Metadata/Projectiles/DetonatingArrowLit","[""Metadata/Effects/Spells/bow_detonating_arrow/projectile.ao""]","[""projectile_mid""]","[""impact""]",4000,"",1,"","","Metadata/Projectiles/Projectile","",1,"","",[],"",0,0,0,0,8205,"",0,0,100,100,0,[],"",[],"","","","","","muzzle_rapid","","","","",[],[],1
1617,"Metadata/Projectiles/DetonatingArrowDefault","[""Metadata/Effects/Spells/bow_detonating_arrow/projectile.ao""]","[""projectile""]","[""impact""]",4000,"",1,"","","Metadata/Projectiles/Projectile","",1,"","",[],"",0,0,0,0,8205,"",0,0,100,100,0,[],"",[],"","","","","","muzzle","","","","",[],[],1
1618,"Metadata/Projectiles/PoisonbloomArrow","[""Metadata/Effects/Spells/bow_toxic_pustule/projectile_01.ao""]","[""projectile_01""]","[""impact_01""]",3260,1,1,"","","Metadata/Projectiles/Projectile","",1,"","",[],"",0,0,0,0,8331,"",0,0,100,100,0,[],"",[],"","","","","","muzzleSpell_Poison_01","","","","",[],[],1
1619,"Metadata/Projectiles/PoisonBurstArrow","[""Metadata/Effects/Spells/bow_poison_burst/projectile.ao""]","[""projectile""]","[""impact""]",3260,"",1,"","","Metadata/Projectiles/Projectile","",1,"","",[],"",50,80,0,20,8331,"",0,100,100,100,0,[],"",[],"","","","","","muzzleSpell_Poison_01","","","","",[],[],1
1620,"Metadata/Projectiles/ShockingArrow","[""Metadata/Effects/Spells/bow_shocking_arrow/projectile.ao""]","[""projectile""]","[""impact""]",5400,"",1,"",1,"Metadata/Projectiles/Projectile","",1,"","","[""Metadata/Effects/Spells/bow_shocking_arrow/projectile.ao""]","",100,100,0,0,8331,"",0,0,100,100,0,[],"",[],"","","","","","muzzleSpell_Lightning_01","","","","",[],[],1
1621,"Metadata/Projectiles/LightningRodRainArrow","[""Metadata/Effects/Spells/bow_lightning_rod_rain/projectile_01.ao""]",[],[],3260,"",1,"","","Metadata/Projectiles/Projectile","",1,"","",[],"",0,0,0,0,"","",0,0,100,100,0,[],"",[],"","","","","","","","","","",[],[],1
1622,"Metadata/Projectiles/PerennialKingObsidianSpear","[""Metadata/Effects/Spells/monsters_effects/Act2_FOUR/PerennialKing/ao/spike_proj.ao""]","[""fadein""]","[""impact""]",4500,1,3,"","","Metadata/Projectiles/Projectile","",3,"","",[],"",0,0,0,0,"","",0,0,100,100,0,[],"",[],"","","","","","","","","","",[],[],1
1623,"Metadata/Projectiles/GreaterFireball","[""Metadata/Effects/Spells/fire_fireball/ao/greater.ao""]","[""projectile""]","[""impact""]",1040,"",2,"","","Metadata/Projectiles/Projectile","",2,"","",[],"",0,0,0,0,"","",0,0,100,100,0,"[""end""]","",[],"","","","","","","","","","",[],[],1
1624,"Metadata/Projectiles/GreaterFireballInfused","[""Metadata/Effects/Spells/fire_fireball/ao/greaterer.ao""]","[""projectile""]","[""impact""]",1040,"",2,"","","Metadata/Projectiles/Projectile","",2,"","",[],"",0,0,0,0,"","",0,0,100,100,0,"[""end""]","",[],"","","","","","","","","","",[],[],1
1625,"Metadata/Projectiles/GreaterFireballSecondary","[""Metadata/Effects/Spells/fire_fireball/ao/rig.ao""]","[""projectile""]","[""impact""]",1040,"",2,"","","Metadata/Projectiles/Projectile","",2,"","",[],"",0,0,0,0,"","",0,0,100,100,0,[],"",[],"","",8307,237,"","","","","","",[],[],1
1626,"Metadata/Projectiles/PerennialKingObsidianSpearMulti","[""Metadata/Effects/Spells/monsters_effects/Act2_FOUR/PerennialKing/ao/multispike_proj.ao""]",[],"[""impact""]",9000,1,2,"","","Metadata/Projectiles/Projectile","",2,"","",[],"",0,0,0,0,"","",0,0,100,100,0,[],"",[],"","","","","","","","","","",[],[],1
1627,"Metadata/Projectiles/RipwireBolt","[""Metadata/Effects/Spells/crossbow_ripwire_ballista/projectile.ao""]","[""projectile""]","[""impact""]",3260,"",1,"",1,"Metadata/Projectiles/Projectile","",1,"","",[],"Metadata/Effects/Spells/base_arrow_attack/arrow_base_bounce.ao",0,0,0,30,8847,"",100,100,100,100,0,[],"",[],"","","",215,1,"muzzle_burst",220,"","","",[],[],1
1628,"Metadata/Projectiles/ElectrocutingArrow","[""Metadata/Effects/Spells/bow_electrocuting_rod/projectile_01.ao""]","[""projectile_01""]","[""impact_01""]",5400,"",1,"",1,"Metadata/Projectiles/Projectile","",1,"","","[""Metadata/Effects/Spells/bow_electrocuting_rod/projectile_stuck.ao""]","",100,100,0,0,8331,"",0,0,100,100,0,[],"",[],"","","","","","muzzleSpell_Lightning_01","","","","",[],[],1
1629,"Metadata/Projectiles/SkeletalKnightShieldProjectile","[""Metadata/Effects/Spells/monsters_effects/Act1_FOUR/SkeletalKnight/projectile.ao""]","[""fly_04_grp""]","[""impact""]",1000,"",2,"","","Metadata/Projectiles/Projectile","",2,"","",[],"",0,0,0,0,"","",0,0,100,100,0,[],1,[],"","","","","","","","","","",[],[],1
1630,"Metadata/Projectiles/BlackStriderWebProjectileSanctum","[""Metadata/Effects/Spells/monsters_effects/Act2_FOUR/BlackStrider/webmortar.ao""]","[""animate""]",[],650,1,2,"","","Metadata/Projectiles/Projectile","",2,"","",[],"",0,0,0,0,"","",0,0,100,100,1,[],"",[],"","","","","","","","","","",[],[],1
1631,"Metadata/Projectiles/PorcupineAntSpikeballSanctum","[""Metadata/Effects/Spells/monsters_effects/Act2_FOUR/SpikerAnt/spikemortar_poison.ao""]","[""animate""]",[],400,1,2,"","","Metadata/Projectiles/ProjectileMortar","",2,"","",[],"",0,0,0,0,"","",0,0,100,100,0,[],"",[],"","","","","","","","","","",[],[],1
1632,"Metadata/Projectiles/RainOfArrows","[""Metadata/Effects/Spells/bow_rain_of_arrows/projectile_01.ao""]",[],[],3260,"",1,"","","Metadata/Projectiles/Projectile","",1,"","",[],"",0,0,0,0,"","",0,0,100,100,0,[],"",[],"","","","","","","","","","",[],[],1
1633,"Metadata/Projectiles/GreaterFrostbolt","[""Metadata/Effects/Spells/cold_frost_bolt/projectile.ao""]","[""projectile""]","[""impact""]",280,"",2,"","","Metadata/Projectiles/Projectile","",4,"","",[],"",0,0,0,0,"","",0,0,100,100,0,[],"",[],"","","","","","","","","","",[],[],1
1634,"Metadata/Projectiles/MudBurrowerBloodProj","[""Metadata/Effects/Spells/monsters_effects/Act1_FOUR/MudBurrower/mortar.ao""]","[""projectile""]","[""impact""]",1500,1,2,"","","Metadata/Projectiles/Projectile","",2,"","",[],"",0,0,0,0,"","",0,0,100,100,0,[],"",[],"","","","","","","","","","",[],[],1
1635,"Metadata/Projectiles/CorruptedMageFireBallCountGuard","[""Metadata/Effects/Spells/monsters_effects/Act1_FOUR/TheCountsGuardEliteCorruptedMageLessCorrupted/fireball.ao""]","[""projectile""]","[""impact""]",1600,"",2,"","","Metadata/Projectiles/Projectile","",2,"","",[],"",0,0,0,0,"","",0,0,100,100,0,[],"",[],"","","","","","","","","","",[],[],1
1636,"Metadata/Projectiles/HusbandInvisibleProj","[""Metadata/Effects/misc/blank.ao""]","[""animate""]",[],6000,"",2,"","","Metadata/Projectiles/Projectile","",2,"","",[],"",0,0,0,0,"","",0,0,100,100,0,[],"",[],"","","","","","","","","","",[],[],1
1637,"Metadata/Projectiles/FreezingShards","[""Metadata/Effects/Spells/cold_freezing_shard/freezing_shard_proj.ao""]","[""projectile""]","[""impact""]",1600,"",2,"","","Metadata/Projectiles/Projectile","",2,"","",[],"",0,0,0,0,"","",0,0,100,100,0,[],"",[],"","","","","","","","","","",[],[],1
1638,"Metadata/Projectiles/CountsGuardRangedSpike","[""Metadata/Effects/Spells/monsters_effects/Act1_FOUR/TheCountsEliteGuardCorruptedRanged/spike_projectile.ao""]","[""fly""]","[""shatter""]",1200,1,2,"","","Metadata/Projectiles/Projectile","",2,"","","[""Metadata/Effects/Spells/monsters_effects/Act1_FOUR/TheCountsEliteGuardCorruptedRanged/spike_projectile_stuck.ao""]","",10,10,0,0,"","",90,90,100,100,0,[],"",[],"","","","","","","","","","",[],[],1
1639,"Metadata/Projectiles/PoisonVineArrow","[""Metadata/Effects/Spells/bow_poison_bloom/projectile_02.ao""]",[],[],3260,1,1,"","","Metadata/Projectiles/Projectile","",1,"","",[],"",0,0,0,0,"","",0,0,100,100,0,[],"",[],"","","","","","","","","","",[],[],1
1640,"Metadata/Projectiles/GasCloudArrow","[""Metadata/Effects/Spells/bow_gas_cloud_arrow/projectile.ao""]","[""projectile""]","[""impact""]",3260,1,1,"","","Metadata/Projectiles/Projectile","",1,"","",[],"",0,0,0,0,8331,"",0,0,100,100,0,[],"",[],"","","","","","muzzleSpell_Poison_01","","","","",[],[],1
1641,"Metadata/Projectiles/WingedCreatureBallLightning","[""Metadata/Effects/Spells/monsters_effects/Act2_FOUR/WingedCreature/ao/ball_lightning/ball_lightning.ao""]","[""idle""]","[""end""]",250,"",2,"","","Metadata/Projectiles/Projectile","",2,"","",[],"",0,0,0,0,"","",0,0,100,100,0,[],1,[],"","","","","","","","","","",[],[],1
1642,"Metadata/Projectiles/BaronGigaStabProj","[""Metadata/Effects/Spells/monsters_effects/Act1_FOUR/Baron/sword_proj.ao""]","[""projectile""]","[""impact""]",4000,"",2,"","","Metadata/Projectiles/ProjectileGround","",2,"","",[],"",0,0,0,0,"","",0,0,100,100,0,[],"",[],"","","","","","","","","","",[],[],1
1643,"Metadata/Projectiles/TitanBossRocks","[""Metadata/Effects/Spells/monsters_effects/Act2_FOUR/TitanBoss/ao/sword_thrust/projectiles.ao""]","[""projectile_01"",""projectile_02"",""projectile_03"",""projectile_04"",""projectile_05"",""projectile_06"",""projectile_07"",""projectile_08"",""projectile_09"",""projectile_10"",""projectile_11"",""projectile_12"",""projectile_13"",""projectile_14"",""projectile_15""]","[""impact""]",1500,"",2,"","","Metadata/Projectiles/Projectile","",2,"","",[],"",0,0,0,0,"","",0,0,100,200,0,[],"",[],"","","","","","","","","","",[],[],1
1644,"Metadata/Projectiles/TitanBossBigRocks","[""Metadata/Effects/Spells/monsters_effects/League_Expedition/boss/medved/rock_projectile.ao""]","[""loop""]","[""end""]",2000,"",2,"","","Metadata/Projectiles/Projectile","",2,"","",[],"",0,0,0,0,"","",0,0,40,40,0,[],"",[],"","","","","","","","","","",[],[],1
1645,"Metadata/Projectiles/BaronBossIceBreath","[""Metadata/Effects/Spells/monsters_effects/Act1_FOUR/Baron/shard_proj.ao""]","[""projectile""]","[""impact""]",1650,"",2,"","","Metadata/Projectiles/Projectile","",2,"","",[],"",0,0,0,0,"","",0,0,100,100,0,[],"",[],"","","","","","","","","","",[],[],1
1646,"Metadata/Projectiles/AzmeriPictBowSnipe","[""Metadata/Effects/Spells/monsters_effects/Act1_FOUR/CannibalPict/bow/ao/lotus_main_proj.ao""]","[""projectile""]","[""impact""]",4500,"",2,"","","Metadata/Projectiles/Projectile",2282,2,"","",[],"",0,0,0,0,8409,"",0,0,100,100,0,[],"",[],"","","","","","","","","","",[],[],1
1647,"Metadata/Projectiles/AzmeriPictFemaleStaffProj","[""Metadata/Effects/Spells/monsters_effects/League_Azmeri/monsters/PictFemaleStaff/swamp_projectile.ao""]","[""loop""]","[""impact""]",650,"",2,"","","Metadata/Projectiles/Projectile","",2,"","",[],"",0,0,0,0,"","",0,0,100,100,0,[],"",[],"","","","","","","","","","",[],[],1
1648,"Metadata/Projectiles/AzmeriFabricationSkull","[""Metadata/Effects/Spells/monsters_effects/Act2_FOUR/PitifulFabrications/mortar.ao""]","[""animate""]","[""impact""]",750,"",2,"","","Metadata/Projectiles/Projectile","",2,"","",[],"",0,0,0,0,"","",0,0,100,100,0,[],"",[],"","","","","","","","","","",[],[],1
1649,"Metadata/Projectiles/PerennialKingObsidianMinigun","[""Metadata/Effects/Spells/monsters_effects/Act2_FOUR/PerennialKing/ao/shard_proj.ao""]","[""projectile""]","[""impact""]",1650,1,2,"","","Metadata/Projectiles/Projectile","",2,"","",[],"",0,0,0,0,"","",0,0,100,100,0,[],"",[],"","","","","","","","","","",[],[],1
1650,"Metadata/Projectiles/SunWorshipperBossMiniSun","[""Metadata/Effects/Spells/monsters_effects/Act3_FOUR/SunWorshipperBoss/miniSun_sun.ao""]","[""fly""]","[""explode""]",500,"",3,"","","Metadata/Projectiles/ServerProjectileGround","",3,"","",[],"",0,0,0,0,"","",0,0,100,100,0,[],"",[],"","","","","","","","","","",[],[],1
1651,"Metadata/Projectiles/DoryaniHumanBossFireballPrimary","[""Metadata/Effects/Spells/monsters_effects/Act3_FOUR/Doryani/greater_fireball_proj.ao""]","[""projectile_01""]","[""projectile_impact_invis""]",1040,"",3,"","","Metadata/Projectiles/Projectile","",2,"","",[],"",0,0,0,0,"","",0,0,100,100,0,[],"",[],"","","","","","","","","","",[],[],1
1652,"Metadata/Projectiles/NotDoryaniFireballPrimary","[""Metadata/Effects/Spells/monsters_effects/Act3_FOUR/Doryani/greater_fireball_proj_incursion.ao""]","[""projectile_01""]","[""projectile_impact_invis""]",1040,"",3,"","","Metadata/Projectiles/Projectile","",2,"","",[],"",0,0,0,0,"","",0,0,100,100,0,[],"",[],"","","","","","","","","","",[],[],1
1653,"Metadata/Projectiles/DoryaniHumanBossFireballSecondary","[""Metadata/Effects/Spells/monsters_effects/Act3_FOUR/Doryani/lesser_fireball_proj.ao""]","[""projectile_01""]","[""impact_01""]",800,1,2,"","","Metadata/Projectiles/Projectile","",2,"","",[],"",0,0,0,0,"","",0,0,100,100,0,[],"",[],"","","","","","","","","","",[],[],1
1654,"Metadata/Projectiles/NotDoryaniFireballSecondary","[""Metadata/Effects/Spells/monsters_effects/Act3_FOUR/Doryani/lesser_fireball_proj.ao""]","[""projectile_01""]","[""impact_01""]",800,1,2,"","","Metadata/Projectiles/Projectile","",2,"","",[],"",0,0,0,0,"","",0,0,100,100,0,[],"",[],"","","","","","","","","","",[],[],1
1655,"Metadata/Projectiles/DoryaniHumanBossCrystalMine","[""Metadata/Effects/Spells/monsters_effects/Act3_FOUR/Doryani/bloodgem_mine.ao""]","[""throw""]","[""activate""]",650,1,2,"","","Metadata/Projectiles/Projectile","",2,"","",[],"",0,0,0,0,"","",0,0,100,100,0,[],1,[],"",8655,"","","","","","",11,"",[],[],1
1656,"Metadata/Projectiles/ViperLegionnaireClawProj","[""Metadata/Effects/Spells/monsters_effects/Act3_FOUR/ViperLegionaire/claw_projectile.ao""]","[""projectile""]","[""impact""]",2000,"",2,"","","Metadata/Projectiles/Projectile","",2,"","",[],"",0,0,0,0,"","",0,0,100,100,0,[],1,[],"","","","","","","","","","",[],[],1
1657,"Metadata/Projectiles/IronSniperLaser","[""Metadata/Effects/Spells/monsters_effects/Act1_FOUR/TheCountsGuardEliteCorruptedMageLessCorrupted/fireball.ao""]","[""projectile""]","[""impact""]",2000,"",2,"","","Metadata/Projectiles/Projectile","",2,"","",[],"",0,0,0,0,"","",0,0,100,100,0,[],"",[],"","","","","","","","","","",[],[],1
1658,"Metadata/Projectiles/ViperNapuatziLightningSpear","[""Metadata/Effects/Spells/monsters_effects/Act3_FOUR/ViperNapuatzi/ao/spear_throw/spear_proj.ao""]","[""fly""]","[""impact""]",2800,"",2,"","","Metadata/Projectiles/Projectile","",2,"","",[],"",0,0,0,0,"","",0,0,100,100,0,[],1,[],"aux_spear_attach","","","","","","","","","",[],[],1
1659,"Metadata/Projectiles/ViperNapuatziLightningSpearSmallProj","[""Metadata/Effects/Spells/monsters_effects/Act3_FOUR/ViperNapuatzi/ao/spear_throw/small_proj.ao""]","[""grd_proj_01""]","[""impact_01""]",2000,"",2,"","","Metadata/Projectiles/Projectile","",2,"","",[],"",0,0,0,0,"","",0,0,100,100,0,[],"",[],"","","","","","","","","","",[],[],1
1660,"Metadata/Projectiles/CarnivorousPlantEaterBigBallProj","[""Metadata/Effects/Spells/monsters_effects/Act1_FOUR/CarnivorousPlantEater/thornzen_orb.ao""]","[""loop""]","[""impact""]",300,1,2,"","","Metadata/Projectiles/Projectile","",2,"","",[],"",0,0,0,0,"","",0,0,100,100,0,[],"",[],"","","","","","","","","","",[],[],1
1661,"Metadata/Projectiles/CarnivorousPlantEaterSmallBallProj","[""Metadata/Effects/Spells/monsters_effects/Act1_FOUR/CarnivorousPlantEater/spikeProj.ao""]",[],[],1000,"",2,"","","Metadata/Projectiles/Projectile","",2,"","",[],"",0,0,0,0,"","",0,0,100,100,0,[],"",[],"","","","","","","","","","",[],[],1
1662,"Metadata/Projectiles/FungusBehemothRock","[""Metadata/Effects/Spells/monsters_effects/Act1_FOUR/FungusBehemoth/swamp_boulder.ao""]",[],"[""end_01""]",2500,1,2,"","","Metadata/Projectiles/Projectile","",2,"","",[],"",0,0,0,0,"","",0,0,100,100,0,[],"",[],"","","","","","","","","","",[],[],1
1663,"Metadata/Projectiles/FungusBehemothMortar","[""Metadata/Effects/Spells/monsters_effects/Act1_FOUR/FungusBehemoth/swamp_mortar_spam.ao""]","[""mortar_01"",""mortar_02"",""mortar_03"",""mortar_04""]",[],750,1,2,"","","Metadata/Projectiles/ProjectileMortar","",2,"","",[],"",0,0,0,0,"","",0,0,100,100,1,[],"",[],"","","","","","","","","","",[],[],1
1664,"Metadata/Projectiles/VoodooKingSpellProj","[""Metadata/Effects/Spells/monsters_effects/League_Azmeri/monster_fx/vodoo_king_boss/basic_proj.ao""]","[""proj_idle""]","[""proj_impact""]",800,"",1,"","","Metadata/Projectiles/Projectile","",2,"","",[],"",0,0,0,0,"","",0,0,100,100,0,[],"",[],"","","","","","","","","","",[],[],1
1665,"Metadata/Projectiles/VoodooKing3SpellProj","[""Metadata/Effects/Spells/monsters_effects/League_Azmeri/monster_fx/vodoo_king_boss/basic_proj.ao""]","[""proj_idle""]","[""proj_impact""]",800,"",2,"","","Metadata/Projectiles/Projectile","",2,"","",[],"",0,0,0,0,"","",0,0,100,100,0,[],"",[],"","","","","","","","","","",[],[],1
1666,"Metadata/Projectiles/BugSoulrend","[""Metadata/Effects/Spells/monsters_effects/League_Azmeri/monster_fx/vodoo_king_boss/locust_swarm_aura.ao""]","[""idle""]","[""end""]",200,"",3,"","","Metadata/Projectiles/Projectile","",10,"","",[],"",0,0,0,0,"","",0,0,100,100,0,[],"",[],"","","","","","","","","","",[],[],1
1667,"Metadata/Projectiles/BugBomb","[""Metadata/Effects/Spells/monsters_effects/League_Azmeri/monster_fx/vodoo_king_boss/bugbomb.ao""]",[],"[""fadeout""]",400,1,2,"","","Metadata/Projectiles/Projectile","",2,"","",[],"",0,0,0,0,"","",0,0,100,100,0,[],"",[4],"","","","","","","","","","",[],[],1
1668,"Metadata/Projectiles/SniperGasShotArrow","[""Metadata/Effects/Spells/undead_summon_skeletons/gas_cloud_arrow.ao""]","[""projectile""]","[""impact""]",750,"",2,"","","Metadata/Projectiles/Projectile","",2,"","",[],"",0,0,0,0,"","",0,0,100,100,0,[],"",[],"","","","","","","","","","",[],[],1
1669,"Metadata/Projectiles/VaseMonsterSummonScarabProjectile","[""Metadata/Effects/Spells/monsters_effects/Act2_FOUR/VaseMonster/mortar.ao""]","[""fly_grp""]",[],750,1,2,"","","Metadata/Projectiles/ProjectileMortar","",2,"","",[],"",0,0,0,0,"","",0,0,100,100,0,[],"",[4],"","","","","","","","","","",[],[],1
1670,"Metadata/Projectiles/BalbalaThrownSummonKnife","[""Metadata/Effects/Spells/monsters_effects/Act2_FOUR/Balbala/knifecopy_proj.ao""]","[""fly""]","[""impact""]",2500,1,2,"","","Metadata/Projectiles/Projectile","",2,"","",[],"",0,0,0,0,"","",0,0,100,100,0,[],"",[4],"","","","","","","","","","",[],[],1
1671,"Metadata/Projectiles/BugSoulrendMonster","[""Metadata/Effects/Spells/monsters_effects/Act2_FOUR/FarudinWarlock/bug_projectile.ao""]","[""projectile""]","[""impact""]",750,"",2,"","","Metadata/Projectiles/Projectile","",2,"","",[],"",0,0,0,0,"","",0,0,100,100,0,[],"",[],"","","","","","","","","","",[],[],1
1672,"Metadata/Projectiles/DarkEffigy","[""Metadata/Effects/Spells/chaos_dark_effigy/darkEffigy_projectile.ao""]","[""mortar_01""]","[""impact_01""]",1200,1,2,"","","Metadata/Projectiles/ProjectileMortar","",2,"","",[],"",0,0,0,0,"","",0,0,100,100,1,[],"",[],"","","","","","","","","","",[],[],1
1673,"Metadata/Projectiles/DarkEffigyShort","[""Metadata/Effects/Spells/chaos_dark_effigy/darkEffigy_projectile.ao""]","[""mortar_01""]","[""impact_01""]",1200,1,2,"","","Metadata/Projectiles/ProjectileMortar","",2,"","",[],"",0,0,0,0,"","",0,0,100,100,1,[],"",[],"","","","","","","","","","",[],[],1
1674,"Metadata/Projectiles/BalbalaPoisonKnife","[""Metadata/Effects/Spells/monsters_effects/Act2_FOUR/Balbala/knifecopy_poisoned_proj.ao""]","[""fly""]","[""impact""]",2500,"",1,"","","Metadata/Projectiles/Projectile","",1,"","",[],"",0,0,0,0,"","",0,0,100,100,0,[],"",[],"","","","","","","","","","",[],[],1
1675,"Metadata/Projectiles/PlagueNymphRailGun","[""Metadata/Effects/Spells/monsters_effects/Act2_FOUR/PlagueNymph/sand_railgun_projectile_foundry.ao""]","[""Projectile""]","[""Impact""]",3000,"",2,"","","Metadata/Projectiles/Projectile","",2,"","",[],"",0,0,0,0,"","",0,0,100,100,0,[],"",[],"","","","","","","","","","",[],[],1
1676,"Metadata/Projectiles/PlagueNymphRailGunIce","[""Metadata/Effects/Spells/monsters_effects/Act2_FOUR/PlagueNymph/ice_railgun_projectile.ao""]","[""Projectile""]","[""Impact""]",3000,"",2,"","","Metadata/Projectiles/Projectile","",2,"","",[],"",0,0,0,0,"","",0,0,100,100,0,[],"",[],"","","","","","","","","","",[],[],1
1677,"Metadata/Projectiles/CaptainSandStormRailGun","[""Metadata/Effects/Spells/monsters_effects/Act4_FOUR/CaptainRoth/Sand/canon_proj.ao""]","[""Projectile""]","[""Impact""]",3000,"",2,"","","Metadata/Projectiles/Projectile","",2,"","",[],"",0,0,0,0,"","",0,0,100,100,0,[],"",[],"","","","","","","","","","",[],[],1
1678,"Metadata/Projectiles/ProcessionBowFireArrow","[""Metadata/Effects/Spells/monsters_effects/Act3_FOUR/VaalGuards_Living/VaalGuardBowLiving/ao/basic_proj.ao""]","[""loop""]","[""end""]",2000,1,2,"","","Metadata/Projectiles/Projectile","",2,"","",[],"",0,0,0,0,"","",0,0,100,100,0,[],"",[],"","","","","","","","","","",[],[],1
1679,"Metadata/Projectiles/VaalHumanoidPyramidHandGrenade","[""Metadata/Effects/Spells/monsters_effects/Act3_FOUR/VaalHumanoid01/ao/lightning_grenade.ao""]","[""mortar""]","[""end""]",950,1,2,"","","Metadata/Projectiles/Projectile","",2,"","",[],"",0,0,0,0,"","",0,0,100,100,0,[],"",[],"","","","","","","","",12,"",[],[],1
1680,"Metadata/Projectiles/VaalHumanoidShieldLegsGrenade","[""Metadata/Effects/Spells/monsters_effects/Act3_FOUR/VaalHumanoid01/ao/lightning_grenade.ao""]","[""mortar""]","[""end""]",950,1,2,"","","Metadata/Projectiles/Projectile","",2,"","",[],"",0,0,0,0,"","",0,0,100,100,0,[],"",[],"","","","","","","","",12,"",[],[],1
1681,"Metadata/Projectiles/UndeadMarakethPriestMagmaOrb","[""Metadata/Effects/Spells/fire_rolling_magma/magma_projectile_monster.ao""]","[""projectile""]","[""impact""]",600,1,2,"","","Metadata/Projectiles/Projectile","",2,"","",[],"",0,0,0,0,"","",0,0,100,100,1,[],"",[],"","","","","","","","",14,"",[],[],1
1682,"Metadata/Projectiles/BloodBatherFlailFireBall","[""Metadata/Effects/Spells/monsters_effects/Act3_FOUR/BloodBather/ao/fireball.ao""]","[""projectile""]","[""impact_01""]",1050,1,2,"","","Metadata/Projectiles/Projectile","",2,"","",[],"",0,0,0,0,"","",0,0,100,100,0,[],"",[],"","","","","","","","",14,"",[],[],1
1683,"Metadata/Projectiles/VaalStormcallerBouncingLightning","[""Metadata/Effects/Spells/monsters_effects/Act3_FOUR/VaalSorcerer/ao/LightningTendrils/mortar02.ao""]","[""mortar""]","[""end""]",1500,1,2,"","","Metadata/Projectiles/Projectile","",2,"","",[],"",0,0,0,0,"","",0,0,100,100,0,[],"",[],"","","","","","","","",15,"",[],[],1
1684,"Metadata/Projectiles/VaalHumanoidBowDefaultArrow","[""Metadata/Effects/Spells/monsters_effects/Act3_FOUR/VaalHumanoid_07/arrow_base.ao""]",[],[],3260,"",1,"","","Metadata/Projectiles/Projectile","",1,"","","[""Metadata/Effects/Spells/base_arrow_attack/arrow_base_stuck.ao""]","Metadata/Effects/Spells/base_arrow_attack/arrow_base_bounce.ao",50,80,0,20,"","",0,100,100,100,0,[],"",[],"","","","","","","","","","",[],[],1
1685,"Metadata/Projectiles/CauldronCroneBasic","[""Metadata/Effects/Spells/monsters_effects/Act3_FOUR/CauldronCrone/attack_03_Proj.ao""]","[""proj""]","[""impact""]",1650,"",2,"","","Metadata/Projectiles/Projectile","",2,"","",[],"",0,0,0,0,"","",0,0,100,100,0,[],"",[],"","","",184,1,"",184,"","","",[],[],1
1686,"Metadata/Projectiles/MoltenBlast","[""Metadata/Effects/Spells/warrior_molten_blast/molten_projectile.ao""]","[""projectile""]","[""impact""]",1600,1,2,"","","Metadata/Projectiles/ProjectileMortar","",3,"","",[],"",0,0,0,0,"","",0,0,100,100,1,[],"",[],"","","","","","","","","","",[],[],1
1687,"Metadata/Projectiles/MoltenBlastSecondary","[""Metadata/Effects/Spells/warrior_molten_blast/secondary_projectile.ao""]","[""projectile""]","[""impact""]",1000,1,1,"","","Metadata/Projectiles/ProjectileMortar","",2,"","",[],"",0,0,0,0,"","",0,0,100,100,0,[],"",[],"","",8618,236,"","",236,"","","",[],[],1
1688,"Metadata/Projectiles/VaalGuardOilGrenade","[""Metadata/Effects/Spells/monsters_effects/Act3_FOUR/VaalGuardBombThrower/oil_grenade.ao""]","[""mortar""]","[""end""]",800,"",2,"","","Metadata/Projectiles/Projectile","",2,"","",[],"",0,0,0,0,"","",0,0,100,100,1,[],1,[],"","","","","","","","",2,"",[],[],1
1689,"Metadata/Projectiles/VaalGuardExplosiveGrenade","[""Metadata/Effects/Spells/monsters_effects/Act3_FOUR/VaalGuards/VaalGuard03/ao/grenade_proj.ao""]","[""mortar""]","[""end""]",800,"",2,"","","Metadata/Projectiles/Projectile","",2,"","",[],"",0,0,0,0,"","",0,0,100,100,1,[],1,[],"","","","","","","","",0,"",[],[],1
1690,"Metadata/Projectiles/ViperLegionnaireBowDefaultArrow","[""Metadata/Items/Quivers/ViperLegionnaireQuiver/ViperLegionnaireArrow.ao""]",[],[],3260,"",1,"","","Metadata/Projectiles/Projectile","",1,"","","[""Metadata/Items/Quivers/ViperLegionnaireQuiver/ViperLegionnaireArrowStuck.ao""]","Metadata/Effects/Spells/base_arrow_attack/arrow_base_bounce.ao",50,80,0,20,"","",0,100,100,100,0,[],"",[],"","","","","","","","","","",[],[],1
1691,"Metadata/Projectiles/BlazingCluster","[""Metadata/Effects/Spells/fire_blazingcluster/projectile.ao""]","[""projectile_01""]","[""impact_01""]",3000,"",2,"","","Metadata/Projectiles/Projectile","",2,"","",[],"",0,0,0,0,"","",0,0,100,100,0,[],"",[],"","","","","","","","","","",[],[],1
1692,"Metadata/Projectiles/ScatteringDevastation","[""Metadata/Effects/Microtransactions/Misc/uniques/KulemaksBirth/abyss_lightning_projectile.ao""]","[""projectile_01""]","[""impact_01""]",3000,"",2,"","","Metadata/Projectiles/Projectile","",2,"","",[],"",0,0,0,0,"","",0,0,100,100,0,[],"",[],"","","","","","","","","","",[],[],1
1693,"Metadata/Projectiles/ChimeraWetlandsBossLightningBreath","[""Metadata/Effects/Spells/monsters_effects/Act3_FOUR/Chimera/ao/lightning_orb.ao""]","[""idle""]","[""end""]",500,"",1,"","","Metadata/Projectiles/Projectile","",4,"","",[],"",0,0,0,0,"","",0,0,100,100,0,[],"",[],"","","","","","","","",18,"",[],[],1
1694,"Metadata/Projectiles/ChimeraWetlandsBossChaosSpray","[""Metadata/Effects/Spells/monsters_effects/Act3_FOUR/Chimera/ao/poison_spray_mortar_01.ao"",""Metadata/Effects/Spells/monsters_effects/Act3_FOUR/Chimera/ao/poison_spray_mortar_02.ao"",""Metadata/Effects/Spells/monsters_effects/Act3_FOUR/Chimera/ao/poison_spray_mortar_03.ao""]","[""projectile""]","[""impact""]",1500,1,2,"","","Metadata/Projectiles/Projectile","",2,"","",[],"",0,0,0,0,"","",0,0,100,100,0,[],"",[],"","","","","","","","","","",[],[],1
1695,"Metadata/Projectiles/VaalGoliathCrystalCannisterCrystal","[""Metadata/Effects/Spells/monsters_effects/Act3_FOUR/VaalCrystalCarrier/ao/bloodgem_mine.ao""]","[""throw""]","[""activate""]",450,1,2,"","","Metadata/Projectiles/Projectile","",2,"","",[],"",0,0,0,0,"","",0,0,100,100,0,[],1,[],"",8739,"","","","","","",16,"",[],[],1
1696,"Metadata/Projectiles/SunWorshipperStarSwarm","[""Metadata/Effects/Spells/monsters_effects/Act3_FOUR/SunWorshipperBoss/starwarm.ao""]","[""loop""]","[""explode""]",2800,"",2,"","","Metadata/Projectiles/Projectile","",2,"","",[],"",0,0,0,0,"","",0,0,100,100,0,[],"",[],"","","","","","","","","","",[],[],1
1697,"Metadata/Projectiles/DoryaniMechLeg","[""Metadata/Effects/Spells/monsters_effects/AtlasofWorldsBosses/SwampBehemoth/swamp_boulder.ao""]","[""loop""]","[""end""]",2500,1,2,"","","Metadata/Projectiles/Projectile","",2,"","",[],"",0,0,0,0,"","",0,0,100,100,0,[],"",[],"","","","","","","","","","",[],[],1
1698,"Metadata/Projectiles/DoryaniLightningCage","[""Metadata/Effects/Spells/monsters_effects/Act3_FOUR/Doryani/lightning_cage_proj.ao""]","[""projectile_01""]","[""impact_01""]",750,"",2,"","","Metadata/Projectiles/ProjectileGround","",2,"","",[],"",0,0,0,0,"","",0,0,100,100,0,[],"",[],"","","","","","","","","","",[],[],1
1699,"Metadata/Projectiles/DoryaniLightningCageCorrupt","[""Metadata/Effects/Spells/monsters_effects/Act3_FOUR/Doryani/lightning_cage_proj.ao""]","[""projectile_01""]","[""impact_01""]",750,"",2,"","","Metadata/Projectiles/ProjectileGround","",2,"","",[],"",0,0,0,0,"","",0,0,100,100,0,[],"",[],"","","","","","","","","","",[],[],1
1700,"Metadata/Projectiles/TrialmasterFireProjectile","[""Metadata/Effects/Spells/monsters_effects/League_Ultimatum/trialmaster_boss/ao/EleMortar_Fire.ao""]","[""loop""]","[""impact""]",1200,1,2,"","","Metadata/Projectiles/Projectile","",2,"","",[],"",0,0,0,0,"","",0,0,100,100,1,[],"",[],"","","","","","","","","","",[],[],1
1701,"Metadata/Projectiles/TrialmasterColdProjectile","[""Metadata/Effects/Spells/monsters_effects/League_Ultimatum/trialmaster_boss/ao/EleMortar_Ice.ao""]","[""loop""]","[""impact""]",1200,1,2,"","","Metadata/Projectiles/Projectile","",2,"","",[],"",0,0,0,0,"","",0,0,100,100,1,[],"",[],"","","","","","","","","","",[],[],1
1702,"Metadata/Projectiles/TrialmasterLightningProjectile","[""Metadata/Effects/Spells/monsters_effects/League_Ultimatum/trialmaster_boss/ao/EleMortar_Lightning.ao""]","[""loop""]","[""impact""]",1200,1,2,"","","Metadata/Projectiles/Projectile","",2,"","",[],"",0,0,0,0,"","",0,0,100,100,1,[],"",[],"","","","","","","","","","",[],[],1
1703,"Metadata/Projectiles/UltimatumTurretFireProjectile","[""Metadata/Effects/Spells/monsters_effects/League_Ultimatum/general_combat/daemons/lesser_projectileturret_fireball_proj.ao""]","[""projectile_01""]","[""impact_01""]",1400,"",3,"","","Metadata/Projectiles/Projectile","",2,"","",[],"",0,0,0,0,"","",0,0,100,100,0,[],"",[],"","","","","","","","","","",[],[],1
1704,"Metadata/Projectiles/UltimatumTurretLightningProjectile","[""Metadata/Effects/Spells/monsters_effects/League_Ultimatum/general_combat/daemons/projectileturret_lightningspear_proj.ao""]","[""projectile_01""]","[""impact_01""]",1000,"",2,"","","Metadata/Projectiles/Projectile","",2,"","",[],"",0,0,0,0,"","",0,0,100,100,0,[],"",[],"","","","","","","","","","",[],[],1
1705,"Metadata/Projectiles/UltimatumTurretFireballPrimaryProjectile","[""Metadata/Effects/Spells/monsters_effects/League_Ultimatum/general_combat/daemons/projectileturret_proj_fire.ao""]","[""projectile_01""]","[""impact_01""]",1400,"",3,"","","Metadata/Projectiles/Projectile","",2,"","",[],"",0,0,0,0,"","",0,0,100,100,0,[],"",[],"","","","","","","","","","",[],[],1
1706,"Metadata/Projectiles/UltimatumTurretFireballSecondaryProjectile","[""Metadata/Effects/Spells/monsters_effects/League_Ultimatum/general_combat/daemons/lesser_projectileturret_fireball_proj.ao""]","[""projectile_01""]","[""impact_01""]",800,1,2,"","","Metadata/Projectiles/Projectile","",2,"","",[],"",0,0,0,0,"","",0,0,100,100,0,[],"",[],"","","","","","","","","","",[],[],1
1707,"Metadata/Projectiles/SilentSpiresApparitionLightning","[""Metadata/Effects/Spells/monsters_effects/Gallows/Act1/SpookyWraith/Lightning.ao""]","[""sandspitter_ele""]","[""sandspitter_ele_impact""]",1000,1,2,"","","Metadata/Projectiles/Projectile","",2,"","",[],"",0,0,0,0,"","",0,0,100,100,0,[],"",[],"","","","","","","","","","",[],[],1
1708,"Metadata/Projectiles/SilentSpiresApparitionBallLightning","[""Metadata/Effects/Spells/monsters_effects/League_Sanctum/SilentSpiresApparition/PS_projectile_01.ao""]","[""loop_01""]","[""impact_01""]",300,"",2,"","","Metadata/Projectiles/ServerProjectile","",2,"","",[],"",0,0,0,0,"","",0,0,100,100,0,[],"",[],"","","","","","","","","","",[],[],1
1709,"Metadata/Projectiles/SilentSpiresApparitionTemporalChainsLightning","[""Metadata/Effects/Spells/monsters_effects/League_Sanctum/SilentSpiresApparition/Temporal_ball_01.ao""]","[""loop_01""]","[""impact_02""]",150,"",2,"","","Metadata/Projectiles/Projectile","",2,"","",[],"",0,0,0,0,"","",0,0,100,100,0,[],"",[],"","","","","","","","","","",[],[],1
1710,"Metadata/Projectiles/SilentSpiresApparitionBasicAttack","[""Metadata/Effects/Spells/monsters_effects/League_Sanctum/SilentSpiresApparition/RP_projectile_01.ao""]","[""idle_01""]","[""impact_01""]",1200,"",2,"","","Metadata/Projectiles/Projectile","",2,"","",[],"",0,0,0,0,"","",0,0,100,100,0,[],"",[],"","","","","","","","","","",[],[],1
1711,"Metadata/Projectiles/SilentSpiresApparitionBasicAttackLeft","[""Metadata/Effects/Spells/monsters_effects/League_Sanctum/SilentSpiresApparition/RP_projectile_02.ao""]","[""idle_01""]","[""impact_01""]",1200,"",2,"","","Metadata/Projectiles/Projectile","",2,"","",[],"",0,0,0,0,"","",0,0,100,100,0,[],"",[],"","","","","","","","","","",[],[],1
1712,"Metadata/Projectiles/SanctumHazardsPortalProjectile","[""Metadata/Effects/Spells/monsters_effects/League_Sanctum/SilentSpiresApparition/PS_projectile_01.ao""]","[""loop_01""]","[""impact_01""]",250,"",2,"","","Metadata/Projectiles/ServerProjectile","",2,"","",[],"",0,0,0,0,"","",0,0,100,100,0,[],"",[],"","","","","","","","","","",[],[],1
1713,"Metadata/Projectiles/MarakethSanctumSentinelsStatueDaemonIceBarrage","[""Metadata/Effects/Spells/monsters_effects/League_Sanctum/TheExperimets/envIceSpike.ao""]","[""loop""]","[""end""]",1000,1,2,"","","Metadata/Projectiles/Projectile","",2,"","",[],"",0,0,0,0,"","",0,0,100,100,0,[],"",[],"","","","","","","","","","",[],[],1
1714,"Metadata/Projectiles/MarakethSanctumSentinelsStatueDaemonFire","[""Metadata/Effects/Spells/monsters_effects/League_Sanctum/TheExperimets/envFireball.ao""]","[""projectile_01""]","[""impact_01""]",250,1,2,"","","Metadata/Projectiles/Projectile","",2,"","",[],"",0,0,0,0,"","",0,0,100,100,0,[],"",[],"","","","","","","","","","",[],[],1
1715,"Metadata/Projectiles/ViperNapuatziPoisonSpray","[""Metadata/Effects/Spells/monsters_effects/Act3_FOUR/ViperNapuatzi/ao/spear_dash_bwd/poison_spit_proj.ao""]","[""idle""]","[""impact""]",1200,"",2,"","","Metadata/Projectiles/Projectile","",2,"","",[],"",0,0,0,0,"","",0,0,100,100,0,[],"",[],"","","","","","","","","","",[],[],1
1716,"Metadata/Projectiles/ChaosGodOwlBossFeatherSpray","[""Metadata/Effects/Spells/monsters_effects/Act3_FOUR/ChaosGodOwlBoss/ao/feather_projectile.ao""]","[""projectile""]","[""impact""]",1800,1,1,"","","Metadata/Projectiles/Projectile","",1,"","",[],"",0,0,0,0,"","",0,0,200,200,0,[],"",[],"","","","","","","","","","",[],[],1
1717,"Metadata/Projectiles/TheTrialmasterOmegaProjectile","[""Metadata/Effects/Spells/monsters_effects/League_Ultimatum/trialmaster_boss/omega_proj.ao""]","[""omega_proj_01""]","[""omega_explode_01""]",900,"",3,"","","Metadata/Projectiles/Projectile","",3,"","",[],"",0,0,0,0,"","",0,0,50,50,0,[],"",[],"","","","","","","","","","",[],[],1
1718,"Metadata/Projectiles/TheTrialmasterOmegaProjectileBounce","[""Metadata/Effects/Spells/monsters_effects/League_Ultimatum/trialmaster_boss/omega_proj.ao""]","[""omega_proj_01""]","[""omega_explode_01""]",900,"",3,"","","Metadata/Projectiles/Projectile","",3,"","",[],"",0,0,0,0,"","",0,0,25,25,0,[],"",[],"","","","","","","","","","",[],[],1
1719,"Metadata/Projectiles/TheTrialmasterThrownWeapon","[""Metadata/Effects/Spells/monsters_effects/League_Ultimatum/trialmaster_boss/ao/Weapon_Object.ao""]","[""weapon_throw_01""]","[""weapon_grd_01""]",6000,1,3,"","","Metadata/Projectiles/Projectile","",3,"","",[],"",0,0,0,0,"","",0,0,100,100,0,[],"",[],"","","","","","","","","","",[],[],1
1720,"Metadata/Projectiles/BreachEliteFallenLunarisMonster","[""Metadata/Effects/Spells/monsters_effects/Act2_FOUR/RamGiant/vomit_mortar.ao""]","[""mortar""]","[""impact_01""]",1000,1,2,"","","Metadata/Projectiles/Projectile","",2,"","",[],"",0,0,0,0,"","",0,0,100,100,1,[],"",[],"","","","","","","","","","",[],[],1
1721,"Metadata/Projectiles/TrickShot","[""Metadata/Effects/Spells/bow_trick_shot/projectile.ao""]","[""projectile"",""projectile_chain""]","[""impact""]",3260,"",2,"","","Metadata/Projectiles/Projectile",111,2,"","",[],"",0,100,0,0,"","",0,0,100,100,0,[],"",[],"","","","","","","","","","",[],[],1
1722,"Metadata/Projectiles/BreachEliteFallenLunarisMonsterProjectile","[""Metadata/Effects/Spells/monsters_effects/Breach/Chaos/EliteFallenLunarisMonster/ao/chaos_projectile.ao""]","[""projectile_idle""]","[""projectile_explode""]",1250,"",2,"","","Metadata/Projectiles/Projectile","",2,"","",[],"",0,0,0,0,"","",0,0,100,100,0,[],"",[],"","","","","","","","",17,"",[],[],1
1723,"Metadata/Projectiles/ShakariAcidSpray","[""Metadata/Effects/Spells/monsters_effects/League_Sanctum/Shakari/poison_projectile_01.ao""]","[""idle_01""]","[""impact_01""]",2500,1,2,"","","Metadata/Projectiles/Projectile","",2,"","",[],"",0,0,0,0,"","",0,0,100,100,0,[],"",[],"","","","","","","","","","",[],[],1
1724,"Metadata/Projectiles/IceBone","[""Metadata/Effects/Spells/bone_spearvolley/boneSpear_Projectiles.ao""]","[""projectile_01""]","[""impact_01""]",2700,"",2,"","","Metadata/Projectiles/Projectile","",2,"","","[""Metadata/Effects/Spells/bone_spearvolley/shardAttach_01.ao"",""Metadata/Effects/Spells/bone_spearvolley/shardAttach_02.ao"",""Metadata/Effects/Spells/bone_spearvolley/shardAttach_03.ao"",""Metadata/Effects/Spells/bone_spearvolley/shardAttach_04.ao""]","",100,100,0,0,"","",0,0,100,100,0,[],"",[],"","","","","","","","","","","[""impact_01_grd""]",[],1
1725,"Metadata/Projectiles/BreachElitePaleElite","[""Metadata/Effects/Spells/monsters_effects/Breach/Fire/HellscapePaleElite1/ao/fire_projectile.ao""]","[""projectile""]","[""impact""]",300,"",4,"","","Metadata/Projectiles/Projectile","",4,"","",[],"",0,0,0,0,"","",0,0,100,100,0,[],"",[],"","","","","","","","","","",[],[],1
1726,"Metadata/Projectiles/BreachFodderHellscapeDemonElite2DelayedFireballs","[""Metadata/Effects/Spells/monsters_effects/Breach/Fire/HellscapeDemonElite2/ao/fire_projectile.ao""]","[""proj""]","[""impact""]",1300,"",2,"","","Metadata/Projectiles/Projectile","",2,"","",[],"",0,0,0,0,"","",0,0,100,100,0,[],"",[],"","","","","","","","","","",[],[],1
1727,"Metadata/Projectiles/ChaosGodOwlBossBallLightning","[""Metadata/Effects/Spells/monsters_effects/Act3_FOUR/ChaosGodOwlBoss/ao/lightning_orb.ao""]","[""loop""]","[""end""]",400,"",2,"","","Metadata/Projectiles/Projectile","",2,"","",[],"",0,0,0,0,"","",0,0,100,100,0,[],"",[],"","","","","","","","","","",[],[],1
1728,"Metadata/Projectiles/BreachFodderDemonFemaleRemakeSpike","[""Metadata/Effects/Spells/monsters_effects/Breach/Lightning/DemonicSpikeThrower/ao/lightning_proj.ao""]","[""projectile""]","[""impact""]",1200,1,2,"","","Metadata/Projectiles/Projectile","",2,"","",[],"",0,0,0,0,"","",0,0,100,100,0,[],"",[],"","","","","","","","","","",[],[],1
1729,"Metadata/Projectiles/BreachBossHandPistolProjectile","[""Metadata/Effects/Spells/monsters_effects/Breach/BreachOverseerBoss/ao/pistol_flick_single/pistol_flick_single_projectile.ao""]","[""loop""]","[""impact""]",6000,"",2,"","","Metadata/Projectiles/Projectile","",2,"","",[],"",0,0,0,0,"","",0,0,100,100,0,[],"",[],"","","","","","","","","","",[],[],1
1730,"Metadata/Projectiles/DemonClawBossFireball","[""Metadata/Effects/Spells/monsters_effects/AtlasofWorldsBosses/BreachClawBoss/fireball.ao""]","[""projectile_01""]","[""impact_01""]",1040,"",2,"","","Metadata/Projectiles/Projectile","",2,"","",[],"",0,0,0,0,"","",0,0,100,100,0,[],"",[],"","","","","","","","","","",[],[],1
1731,"Metadata/Projectiles/DemonClawBossMegaball","[""Metadata/Effects/Spells/monsters_effects/AtlasofWorldsBosses/BreachClawBoss/flame_spawn_proj.ao""]","[""idle""]","[""animationPreSet""]",200,"",4,"","","Metadata/Projectiles/Projectile","",10,"","",[],"",0,0,0,0,"","",0,0,100,100,0,[],"",[],"","","","","","","","","","",[],[],1
1732,"Metadata/Projectiles/DemonClawBossMiniball","[""Metadata/Effects/Spells/monsters_effects/AtlasofWorldsBosses/BreachClawBoss/flame_spawned_proj.ao""]","[""projectile_01""]","[""impact_01""]",500,"",1,"","","Metadata/Projectiles/Projectile","",1,"","",[],"",0,0,0,0,"","",0,0,100,100,0,[],"",[],"","","","","","","","","","",[],[],1
1733,"Metadata/Projectiles/BreachEliteCorruptedEliteGuardBoneProjectile","[""Metadata/Effects/Spells/monsters_effects/Breach/Cold/ice_bone_projectile/Frost_boneSpear_Projectiles.ao""]","[""projectile_01""]","[""impact_01""]",2700,"",2,"","","Metadata/Projectiles/Projectile","",2,"","",[],"",100,100,0,0,"","",0,0,100,100,0,[],"",[],"","","","","","","","","","",[],[],1
1734,"Metadata/Projectiles/TulBarrage","[""Metadata/Effects/Spells/monsters_effects/Breach/BreachOverseerBoss/ao/tul_projectiles/ice_proj.ao""]","[""loop""]","[""impact""]",750,"",2,"","","Metadata/Projectiles/Projectile","",2,"","",[],"",0,0,0,0,"","",0,0,100,100,0,[],"",[],"","","","","","","","","","",[],[],1
1735,"Metadata/Projectiles/BreachBossMultiFlick","[""Metadata/Effects/Spells/monsters_effects/Breach/BreachOverseerBoss/ao/pistol_flick_barrage/barrage_flick_proj.ao""]","[""flying""]","[""impact""]",4000,1,2,"","","Metadata/Projectiles/Projectile","",2,"","",[],"",0,0,0,0,"","",0,0,100,100,0,[],"",[],"","","","","","","","","","",[],[],1
1736,"Metadata/Projectiles/ChaosGodOwlBossSparknado","[""Metadata/Effects/Spells/monsters_effects/Act3_FOUR/ChaosGodOwlBoss/ao/tornado_attack_mini.ao""]","[""Loop""]","[""End""]",200,"",4,"","","Metadata/Projectiles/ProjectileGround","",6,"","",[],"",0,0,0,0,"","",0,0,100,100,0,[],"",[],"","","","","","","","","","",[],[],1
1737,"Metadata/Projectiles/SpiritOfTheOwlSparknado","[""Metadata/Effects/Spells/monsters_effects/TormentedSpirits/tornado_attack_tiny.ao""]","[""Loop""]","[""End""]",200,"",4,"","","Metadata/Projectiles/ProjectileGround","",6,"","",[],"",0,0,0,0,"","",0,0,100,100,0,[],"",[],"","","","","","","","","","",[],[],1
1738,"Metadata/Projectiles/SpiritOfTheOwlSparknadoPossesed","[""Metadata/Effects/Spells/monsters_effects/TormentedSpirits/tornado_attack_mini.ao""]","[""Loop""]","[""End""]",200,"",4,"","","Metadata/Projectiles/ProjectileGround","",6,"","",[],"",0,0,0,0,"","",0,0,100,100,0,[],"",[],"","","","","","","","","","",[],[],1
1739,"Metadata/Projectiles/IceShot","[""Metadata/Effects/Spells/bow_ice_shot/main_projectile.ao""]","[""projectile""]","[""impact""]",3260,"",1,"","","Metadata/Projectiles/Projectile","",1,"","",[],"",0,0,0,0,8331,"",0,0,100,100,0,[],"",[],"","","","","","muzzleSpell_Cold_01","","","","",[],[],1
1740,"Metadata/Projectiles/IceShotShard","[""Metadata/Effects/Spells/bow_ice_shot/secondary_projectile.ao""]","[""projectile""]","[""impact""]",2100,"",1,"","","Metadata/Projectiles/Projectile","",1,"","",[],"",0,0,0,0,"","",0,0,100,100,0,[],"",[],"","","","","","","","","","",[],[],1
1741,"Metadata/Projectiles/ChaosGodTriHeadLizardChaosBolt","[""Metadata/Effects/Spells/monsters_effects/League_Ultimatum/general_combat/chaosgod_lizard/ChaosMortar.ao""]","[""projectile""]","[""impact""]",1000,1,2,"","","Metadata/Projectiles/Projectile","",2,"","",[],"",0,0,0,0,"","",0,0,100,100,2,"[""end""]","",[],"","","","","","","","","","",[],[],1
1742,"Metadata/Projectiles/MarakethSentinalMaceBossIceBall","[""Metadata/Effects/Spells/cold_freezing_shard/freezing_shard_proj.ao""]","[""projectile""]","[""impact""]",375,"",2,"","","Metadata/Projectiles/Projectile","",2,"","",[],"",0,0,0,0,"","",0,0,100,100,0,[],"",[],"","","","","","","","","","",[],[],1
1743,"Metadata/Projectiles/ShakariDart","[""Metadata/Effects/Spells/monsters_effects/League_Sanctum/Shakari/poison_dart_01.ao""]","[""idle_01""]","[""impact_01""]",2000,"",1,"","","Metadata/Projectiles/Projectile","",1,"","",[],"",0,0,0,0,"","",0,0,100,100,0,[],"",[],"","","","","","","","","","",[],[],1
1744,"Metadata/Projectiles/RattlecageVolcanoProjectile","[""Metadata/Effects/Spells/monsters_effects/League_Sanctum/Rattlecage/volcanoMortar.ao""]","[""mortarRock_01""]","[""mortarImpact_01""]",400,"",1,"","","Metadata/Projectiles/Projectile","",1,"","",[],"",0,0,0,0,"","",0,0,100,100,1,[],"",[],"","","","","","","","","","",[],[],1
1745,"Metadata/Projectiles/BreachBossHeadFireball","[""Metadata/Effects/Spells/monsters_effects/Breach/BreachOverseerBoss/ao/head_fireball/head_fireball_proj.ao""]",[],"[""impact""]",350,"",4,"","","Metadata/Projectiles/Projectile","",4,"","",[],"",0,0,0,0,"","",0,0,100,100,0,[],"",[],"","","","","","","","","","",[],[],1
1746,"Metadata/Projectiles/VultureRegurgitatorDecomposeProj","[""Metadata/Effects/Spells/monsters_effects/Act2_FOUR/VultureRegurgitator/poison_spit_proj.ao""]","[""idle""]","[""impact""]",1200,1,2,"","","Metadata/Projectiles/Projectile","",2,"","",[],"",0,0,0,0,"","",0,0,100,100,0,[],"",[],"","","","","","","","","","",[],[],1
1747,"Metadata/Projectiles/DeliriumDemonIceSpear","[""Metadata/Effects/Spells/monsters_effects/League_Delirium/Demons/IceSpear/iceSpear.ao""]","[""loop""]","[""end""]",2000,"",2,"","","Metadata/Projectiles/Projectile","",2,"","",[],"",0,0,0,0,"","",0,0,100,100,0,[],"",[],"","","","","","","","","","",[],[],1
1748,"Metadata/Projectiles/VaalSkitterbotGrenade","[""Metadata/Effects/Spells/monsters_effects/Act3_FOUR/VaalGuards/VaalGuard03/ao/grenade_proj.ao""]","[""mortar""]","[""end""]",800,"",2,"","","Metadata/Projectiles/Projectile","",2,"","",[],"",0,0,0,0,"","",0,0,100,100,1,[],1,[],"","","","","","","","",12,"",[],[],1
1749,"Metadata/Projectiles/ClusterGrenade","[""Metadata/Effects/Spells/crossbow_cluster_grenade/main_grenade.ao""]","[""grenadeTimer""]","[""end_01""]",800,"",2,"","","Metadata/Projectiles/Projectile","",2,"","",[],"",0,0,0,0,8205,"",0,0,100,100,1,[],1,[],"","","","","","underbarrel_Muzzle_01","","",0,"",[],[],1
1750,"Metadata/Projectiles/ClusterGrenadeMini","[""Metadata/Effects/Spells/crossbow_cluster_grenade/secondary_grenade.ao""]","[""grenadeTimer""]","[""end_01""]",600,1,2,"","","Metadata/Projectiles/Projectile","",2,"","",[],"",0,0,0,0,"","",0,0,100,100,1,[],1,[],"","","","","","","","",3,"",[],[],1
1751,"Metadata/Projectiles/RitualBloodProjectile","[""Metadata/Effects/Spells/monsters_effects/League_Ritual/demonic_ritual/ritual_dweller_blood_projectile.ao""]","[""proj""]","[""impact""]",1500,"",2,"","","Metadata/Projectiles/Projectile","",2,"","",[],"",0,0,0,0,"","",0,0,100,100,0,[],"",[],"","","","","","","","","","",[],[],1
1752,"Metadata/Projectiles/IgnagdukBoneSpear","[""Metadata/Effects/Spells/monsters_effects/Act3_FOUR/IgnagdukBogWitch/boneSpike.ao""]","[""loop""]","[""end""]",1500,"",2,"","","Metadata/Projectiles/Projectile","",2,"","",[],"",0,0,0,0,"","",0,0,100,100,0,[],"",[],"","","","","","","","","","",[],[],1
1753,"Metadata/Projectiles/IgnagdukBoneSpearBig","[""Metadata/Effects/Spells/monsters_effects/Act3_FOUR/IgnagdukBogWitch/boneSpear.ao""]","[""loop""]","[""end""]",2000,"",2,"","","Metadata/Projectiles/Projectile","",2,"","",[],"",0,0,0,0,"","",0,0,100,100,0,[],"",[],"","","","","","","","","","",[],[],1
1754,"Metadata/Projectiles/DemonClawBossPulsingBall","[""Metadata/Effects/Spells/monsters_effects/AtlasofWorldsBosses/BreachClawBoss/projwave_projectile.ao""]","[""projectile_01""]","[""submerge""]",200,"",2,"","","Metadata/Projectiles/ServerProjectile","",2,"","",[],"",0,0,0,0,"","",0,0,100,100,0,[],"",[],"","","","","","","","","","",[],[],1
1755,"Metadata/Projectiles/MonsterLightningArrowMock","[""Metadata/Effects/Spells/monsters_effects/Act1_FOUR/RustedSoldier/ao/lightningarrow.ao""]","[""snipe_proj_01""]","[""snipe_proj_01_impact""]",1800,"",2,"","","Metadata/Projectiles/Projectile","",2,"","",[],"",0,0,0,0,"","",0,0,50,50,0,[],"",[],"","","","","","","","","","",[],[],1
1756,"Metadata/Projectiles/RitualRatTornado","[""Metadata/Effects/Environment/Endgame/Rituals/RatTornado/rat_blood_proj.ao""]","[""loop""]","[""impact""]",600,"",2,"","","Metadata/Projectiles/Projectile","",2,"","",[],"",0,0,0,0,"","",0,0,100,100,0,[],"",[],"","","","","","","","","","",[],[],1
1757,"Metadata/Projectiles/MagneticSalvo","[""Metadata/Effects/Spells/bow_magnetic_salvo/magnetic_projectile.ao""]","[""projectile_01"",""projectile_010"",""projectile_011"",""projectile_012"",""projectile_02"",""projectile_03"",""projectile_04"",""projectile_05"",""projectile_06"",""projectile_07"",""projectile_08"",""projectile_09""]","[""impact_01""]",750,1,2,1,"","Metadata/Projectiles/ProjectileMortar","",2,"","",[],"",0,0,0,0,8331,"",0,0,100,100,0,[],"",[],"","","","","","","","","","",[],[],1
1758,"Metadata/Projectiles/FreezingSalvo","[""Metadata/Effects/Spells/bow_freezingsalvo/projectile.ao""]","[""projectile_01"",""projectile_02"",""projectile_03"",""projectile_04"",""projectile_05"",""projectile_06"",""projectile_07"",""projectile_08"",""projectile_09"",""projectile_010"",""projectile_011"",""projectile_012""]","[""impact_01""]",750,1,2,1,"","Metadata/Projectiles/ProjectileMortar","",2,"","",[],"",0,0,0,0,8331,"",0,0,100,100,0,[],"",[],"","","","","","","","","","",[],[],1
1759,"Metadata/Projectiles/TriheadBatPosionSpray","[""Metadata/Effects/misc/blank.ao""]","[""animate""]",[],1500,1,2,"","","Metadata/Projectiles/Projectile","",2,"","",[],"",0,0,0,0,"","",0,0,100,100,0,[],"",[],"","","","","","","","",5,"",[],[],1
1760,"Metadata/Projectiles/BreachBatTailSpine","[""Metadata/Effects/Spells/monsters_effects/Breach/neutral_monsters/FingersBat/projectile.ao""]","[""animate_01""]","[""impact""]",750,1,2,"","","Metadata/Projectiles/Projectile","",2,"","",[],"",0,0,0,0,"","",0,0,100,100,0,[],"",[],"","","","","","","","","","",[],[],1
1761,"Metadata/Projectiles/MonsterModBombardier","[""Metadata/Effects/Spells/monsters_effects/League_Archnemesis/mechanics/bombardier_mortar.ao""]","[""animate_01"",""animate_02"",""animate_03"",""animate_04""]","[""animate""]",1200,1,2,"","","Metadata/Projectiles/Projectile","",2,"","",[],"",0,0,0,0,"","",0,0,100,100,1,[],"",[],"","","","","","","","","","",[],[],1
1762,"Metadata/Projectiles/DruidicFungusZombieTreeHollowProjectile","[""Metadata/Effects/Spells/monsters_effects/League_Ritual/druidic_faction/FungusZombieTreeHollow/poison_spit_proj.ao""]","[""idle""]","[""impact""]",600,"",2,"","","Metadata/Projectiles/Projectile","",2,"","",[],"",0,0,0,0,"","",0,0,100,100,0,[],"",[],"","","","","","","","","","",[],[],1
1763,"Metadata/Projectiles/BreachBossSpiderWeb","[""Metadata/Effects/Spells/monsters_effects/Breach/BreachOverseerBoss/ao/spider_minion/web_projectile.ao""]","[""loop""]","[""end""]",3260,"",2,"","","Metadata/Projectiles/Projectile","",2,"","",[],"",0,0,0,0,"","",0,0,100,100,0,[],"",[],"","","","","","","","","","",[],[],1
1764,"Metadata/Projectiles/ShrineEyeOfWinterProj","[""Metadata/Effects/Spells/monsters_effects/Act1_FOUR/Graveyard/skeleton_caster/ao/ice_projectile.ao""]","[""projectile""]","[""impact""]",750,"",2,"","","Metadata/Projectiles/Projectile","",2,"","",[],"",0,0,0,0,"","",0,0,100,100,0,[],"",[],"","","","","","","","","","",[],[],1
1765,"Metadata/Projectiles/ColdEssenceProjectileNova","[""Metadata/Effects/Spells/monsters_effects/essence2/ColdEssence1/ao/freezing_shard_proj.ao""]","[""projectile""]","[""impact""]",460,"",2,"","","Metadata/Projectiles/Projectile","",2,"","",[],"",0,0,0,0,"","",0,0,100,100,0,[],"",[],"","","","","","","","","","",[],[],1
1766,"Metadata/Projectiles/ColdEssenceDelivery","[""Metadata/Effects/Spells/monsters_effects/AtlasofWorldsBosses/Maven/cannon_01/cold_projectiles/c_projectile.ao""]","[""projectile""]","[""impact""]",800,1,1,"","","Metadata/Projectiles/Projectile","",1,"","",[],"",0,0,0,0,"","",0,0,135,135,0,[],"",[],"","","","","","","","","","",[],[],1
1767,"Metadtata/Projectiles/AttributeEssenceProjectile","[""Metadata/Effects/Spells/monsters_effects/essence2/AttributeEssence1/knifecopy_proj.ao""]","[""fly""]","[""impact""]",2500,1,2,"","","Metadata/Projectiles/Projectile","",2,"","",[],"",0,0,0,0,"","",0,0,100,100,0,[],"",[4],"","","","","","","","","","",[],[],1
1768,"Metadata/Projectiles/ShellMonsterVolcanoProjectile","[""Metadata/Effects/Spells/monsters_effects/League_Sanctum/Rattlecage/volcanoMortar.ao""]","[""mortarRock_01""]","[""mortarImpact_01""]",400,"",1,"","","Metadata/Projectiles/Projectile","",1,"","",[],"",0,0,0,0,"","",0,0,100,100,1,[],"",[],"","","","","","","","","","",[],[],1
1769,"Metadata/Projectiles/OmnitectTurrentProjectile","[""Metadata/Effects/Spells/monsters_effects/League_Ultimatum/general_combat/daemons/omnitect/fire_proj.ao""]","[""proj""]","[""end""]",900,1,2,"","","Metadata/Projectiles/Projectile","",2,"","",[],"",0,0,0,0,"","",0,0,60,60,0,[],"",[],"","","","","","","","","","",[],[],1
1770,"Metadata/Projectiles/SanctumVaseMonsterProjectile","[""Metadata/Effects/Spells/monsters_effects/Act2_FOUR/VaseMonster/starswarm_sanctum.ao""]","[""loop""]","[""explode""]",2600,"",2,"","","Metadata/Projectiles/Projectile","",2,"","",[],"",0,0,0,0,"","",0,0,100,100,0,[],"",[],"","","","","","","","","","",[],[],1
1771,"Metadata/Projectiles/SanctumWispProjectile","[""Metadata/Effects/Spells/monsters_effects/Act2_FOUR/Wisp/proj_sanctum.ao""]","[""projectile_01""]","[""impact""]",1800,"",2,"","","Metadata/Projectiles/Projectile","",2,"","",[],"",0,0,0,0,"","",0,0,100,100,0,[],"",[],"","","","","","","","","","",[],[],1
1772,"Metadata/Projectiles/StrongboxChaosProjectile","[""Metadata/Effects/Spells/monsters_effects/League_Ambush/ChaosBolts/chaos_projectile.ao""]","[""projectile""]","[""impact""]",200,"",2,"","","Metadata/Projectiles/Projectile","",2,"","",[],"",0,0,0,0,"","",0,0,120,120,2,[],"",[],"","","","","","","","","","",[],[],1
1773,"Metadata/Projectiles/RemoteSpear","[""Metadata/Effects/Spells/spear_mine/projectile_01.ao""]","[""projectile""]",[],3000,1,2,"","","Metadata/Projectiles/Projectile","",2,"","",[],"",0,0,0,0,"","",0,0,100,100,0,[],"",[],"","","","","","","","","","",[],[],1
1774,"Metadata/Projectiles/WindstormLance","[""Metadata/Effects/Spells/spear_windstorm_lance/projectile.ao""]","[""projectile_idle""]","[""impact""]",3000,"",3,"","","Metadata/Projectiles/Projectile","",3,"","",[],"",0,0,0,0,"","",0,0,100,100,0,[],"",[],"aux_spear_attach","","",251,1,"","","","","",[],[],1
1775,"Metadata/Projectiles/OverchargedSpear","[""Metadata/Effects/Spells/spear_overchargedspear/spearProjectile_01.ao""]","[""projectileThrow_01""]","[""projectileExplode_01""]",3000,1,2,"","","Metadata/Projectiles/Projectile","",2,"","",[],"",0,0,0,0,"","",0,0,100,100,0,[],"",[],"","","","","","","","","","",[],[],1
1776,"Metadata/Projectiles/HellscapeDemonVolcanoProjectile","[""Metadata/Effects/Spells/monsters_effects/League_Hellscape/boss_xenobyte_matriarch/spitty_mortar.ao""]","[""idle""]","[""impact""]",550,"",2,"","","Metadata/Projectiles/Projectile","",2,"","",[],"",0,0,0,0,"","",0,0,100,100,0,[],"",[],"","","","","","","","","","",[],[],1
1777,"Metadata/Projectiles/DemonicFireFireball","[""Metadata/Effects/Microtransactions/Spells/Witch/DemonicFire/Fireball/ao/rig.ao""]","[""projectile""]","[""impact""]",1040,"",2,"","","Metadata/Projectiles/Projectile","",2,"","",[],"",0,0,0,0,"","",0,0,100,100,0,[],"",[],"","","","","","","","","","",[],[],1
1778,"Metadata/Projectiles/BlazingClusterDemonicFire","[""Metadata/Effects/Microtransactions/Spells/Witch/DemonicFire/EmberFusilade/projectile.ao""]","[""projectile_01""]","[""impact_01""]",3000,"",2,"","","Metadata/Projectiles/Projectile","",2,"","",[],"",0,0,0,0,"","",0,0,100,100,0,[],"",[],"","","","","","","","","","",[],[],1
1779,"Metadata/Projectiles/LightningArrowFaridun","[""Metadata/Effects/Microtransactions/Spells/Ranger/Faridun/bow_lightning_arrow/projectile_01.ao""]","[""projectile_01""]","[""impact_01""]",5400,"",1,"","","Metadata/Projectiles/Projectile","",1,"","",[],"",100,100,0,0,9124,"",0,0,100,100,0,[],"",[],"","","",232,"","muzzleSpell_Lightning_01",232,"","","",[],[],1
1780,"Metadata/Projectiles/LightningRodRainArrowFaridun","[""Metadata/Effects/Microtransactions/Spells/Ranger/Faridun/bow_lightning_rod_rain/projectile_01.ao""]",[],[],3260,"",1,"","","Metadata/Projectiles/Projectile","",1,"","",[],"",0,0,0,0,9124,"",0,0,100,100,0,[],"",[],"","","",244,"","muzzleSpell_Lightning_01",244,"","","",[],[],1
1781,"Metadata/Projectiles/MagneticSalvoFaridun","[""Metadata/Effects/Microtransactions/Spells/Ranger/Faridun/bow_magnetic_salvo/magnetic_projectile.ao""]","[""projectile_01"",""projectile_010"",""projectile_011"",""projectile_012"",""projectile_02"",""projectile_03"",""projectile_04"",""projectile_05"",""projectile_06"",""projectile_07"",""projectile_08"",""projectile_09""]","[""impact_01""]",750,1,2,1,"","Metadata/Projectiles/ProjectileMortar","",2,"","",[],"",0,0,0,0,9124,"",0,0,100,100,0,[],"",[],"","","",244,"","muzzleSpell_Lightning_01",244,"","","",[],[],1
1782,"Metadata/Projectiles/ShockingArrowFaridun","[""Metadata/Effects/Microtransactions/Spells/Ranger/Faridun/bow_shocking_arrow/projectile.ao""]","[""projectile""]","[""impact""]",5400,"",1,"",1,"Metadata/Projectiles/Projectile","",1,"","","[""Metadata/Effects/Microtransactions/Spells/Ranger/Faridun/bow_shocking_arrow/projectile.ao""]","",100,100,0,0,9124,"",0,0,100,100,0,[],"",[],"","","",243,"","muzzleSpell_Lightning_01",243,"","","",[],[],1
1783,"Metadata/Projectiles/TrickShotFaridun","[""Metadata/Effects/Microtransactions/Spells/Ranger/Faridun/bow_trick_shot/projectile.ao""]","[""projectile"",""projectile_chain""]","[""impact""]",3260,"",2,"","","Metadata/Projectiles/Projectile",9123,2,"","",[],"",0,100,0,0,9124,"",0,0,100,100,0,[],"",[],"","","",243,"","muzzleSpell_Lightning_01",243,"","","",[],[],1
1784,"Metadata/Projectiles/ElectrocutingArrowFaridun","[""Metadata/Effects/Microtransactions/Spells/Ranger/Faridun/bow_electrocuting_rod/projectile_01.ao""]","[""projectile_01""]","[""impact_01""]",5400,"",1,"",1,"Metadata/Projectiles/Projectile","",1,"","","[""Metadata/Effects/Microtransactions/Spells/Ranger/Faridun/bow_electrocuting_rod/projectile_stuck.ao""]","",100,100,0,0,9124,"",0,0,100,100,0,[],"",[],"","","",243,"","muzzleSpell_Lightning_01",243,"","","",[],[],1
1785,"Metadata/Projectiles/VolcanicEruptionProjectile","[""Metadata/Effects/Spells/triggered_volcanic_eruption/volcanic_eruption_mortar.ao""]","[""once""]",[],400,1,1,"","","Metadata/Projectiles/ProjectileGround","",1,"","",[],"",0,0,0,0,"","",0,0,100,100,1,[],"",[],"","","","","","","","","","",[],[],1
1786,"Metadata/Projectiles/ShockGrenadeDoryani","[""Metadata/Effects/Microtransactions/Spells/Mercenary/Doryani/ao/Voltaic_Grenade/shock_grenade.ao""]","[""grenadeTimer""]","[""end_01""]",800,"",2,"","","Metadata/Projectiles/Projectile","",2,"","",[],"",0,0,0,0,9130,"",0,0,100,100,1,[],1,[],"","","","","","muzzle","","",0,"",[],[],1
1787,"Metadata/Projectiles/Caltrop","[""Metadata/Effects/Spells/supports/caltrops/caltrops.ao""]","[""mortar_01"",""mortar_02"",""mortar_03"",""mortar_04"",""mortar_05""]","[""idle""]",400,1,1,"","","Metadata/Projectiles/ProjectileGround","",1,"","",[],"",0,0,0,0,"","",0,0,100,100,0,[],"",[],"","","","","","","","","","",[],[],1
1788,"Metadata/Projectiles/CaltropFast","[""Metadata/Effects/Spells/supports/caltrops/caltrops.ao""]","[""mortar_short_01"",""mortar_short_02"",""mortar_short_03""]","[""idle""]",400,1,1,"","","Metadata/Projectiles/Projectile","",1,"","",[],"",0,0,0,0,"","",0,0,100,100,0,[],"",[],"","","","","","","","","","",[],[],1
1789,"Metadata/Projectiles/StormblastBoltSiegeCascadeDoryani","[""Metadata/Effects/Microtransactions/Spells/Mercenary/Doryani/ao/Stormblast_Bolts/bolt_stormblast.ao""]","[""siege_01""]",[],2000,"",2,"","","Metadata/Projectiles/Projectile","",2,"","",[],"",100,0,0,0,9130,"",0,0,100,100,0,[],"",[],"","","","","","muzzle_siege","","","","",[],[],1
1790,"Metadata/Projectiles/StormblastBoltPowerShotDoryani","[""Metadata/Effects/Microtransactions/Spells/Mercenary/Doryani/ao/Plasma_Blast/projectile_POWER.ao""]","[""power_01""]","[""impact""]",7200,"",1,"","","Metadata/Projectiles/Projectile","",4,"","",[],"",100,0,0,0,9130,"",0,0,100,100,0,[],"",[],"","","","","","muzzle_RailGun",240,"Audio/Sound Effects/Skills/4.0/Crossbow/Basic/Impacts/Impact_PowerSG","","",[],[],1
1791,"Metadata/Projectiles/StormblastBoltRapidShotDoryani","[""Metadata/Effects/Microtransactions/Spells/Mercenary/Doryani/ao/bolt_stormblast.ao""]","[""rapid_01""]","[""impact_rapid_01""]",3500,"",0,"","","Metadata/Projectiles/Projectile","",0,"","",[],"",100,100,0,0,9130,"",0,0,100,100,0,[],"",[],"","","",241,1,"muzzle_rapid",241,"Audio/Sound Effects/Skills/4.0/Crossbow/Basic/Impacts/Impact_RapidSG","","",[],[],1
1792,"Metadata/Projectiles/StormblastBoltBurstShotDoryani","[""Metadata/Effects/Microtransactions/Spells/Mercenary/Doryani/ao/bolt_stormblast.ao""]","[""burst_01""]","[""impact_burst_01""]",5000,"",0,"","","Metadata/Projectiles/Projectile","",1,"","",[],"",100,0,0,0,9130,"",0,0,100,100,0,[],"",[],"","","",242,1,"muzzle_burst",242,"Audio/Sound Effects/Skills/4.0/Crossbow/Basic/Impacts/Impact_BurstSG","","",[],[],1
1793,"Metadata/Projectiles/GreaterFireballDemonic","[""Metadata/Effects/Microtransactions/Spells/Witch/DemonicFire/Fireball/ao/greater.ao""]","[""projectile""]","[""impact""]",1040,"",2,"","","Metadata/Projectiles/Projectile","",2,"","",[],"",0,0,0,0,"","",0,0,100,100,0,"[""end""]","",[],"","","","","","","","","","",[],[],1
1794,"Metadata/Projectiles/GreaterFireballInfusedDemonic","[""Metadata/Effects/Microtransactions/Spells/Witch/DemonicFire/Fireball/ao/greaterer.ao""]","[""projectile""]","[""impact""]",1040,"",2,"","","Metadata/Projectiles/Projectile","",2,"","",[],"",0,0,0,0,"","",0,0,100,100,0,"[""end""]","",[],"","","","","","","","","","",[],[],1
1795,"Metadata/Projectiles/GreaterFireballSecondaryDemonic","[""Metadata/Effects/Microtransactions/Spells/Witch/DemonicFire/Fireball/ao/rig.ao""]","[""projectile""]","[""impact""]",1040,"",2,"","","Metadata/Projectiles/Projectile","",2,"","",[],"",0,0,0,0,"","",0,0,100,100,0,[],"",[],"","",9155,246,"","","","","","",[],[],1
1796,"Metadata/Projectiles/SupportSpectralArrowsArrow","[""Metadata/Effects/Spells/supports/Spectral_Arrows/ao/spectral_projectile.ao""]","[""projectile_01""]","[""impact_01""]",3000,"",2,"","","Metadata/Projectiles/Projectile","",2,"","",[],"",0,0,0,0,"","",0,0,100,100,0,[],"",[],"","","","","","","","","","",[],[],1
1797,"Metadata/Projectiles/SupportSpectralArrowsSpear","[""Metadata/Effects/Spells/supports/Spectral_Arrows/ao/spectral_projectile_spear.ao""]","[""projectile_01""]","[""impact_01""]",3000,"",2,"","","Metadata/Projectiles/Projectile","",2,"","",[],"",0,0,0,0,"","",0,0,100,100,0,[],"",[],"","","","","","","","","","",[],[],1
1798,"Metadata/Projectiles/Twister","[""Metadata/Effects/Spells/spear_tornadoes/mini_tornado.ao""]",[],"[""tornado_end""]",750,"",1,"","","Metadata/Projectiles/ProjectileGround","",2,"","",[],"",0,0,0,0,"","",0,0,100,100,0,[],1,[],"","","","","","","","","","",[],[],1
1799,"Metadata/Projectiles/MoltenBlastKitava","[""Metadata/Effects/Microtransactions/Spells/warrior_molten_blast/kitava/molten_projectile.ao""]","[""projectile""]","[""impact""]",1600,1,2,"","","Metadata/Projectiles/ProjectileMortar","",3,"","",[],"",0,0,0,0,"","",0,0,100,100,1,[],"",[],"","","","","","","","","","",[],[],1
1800,"Metadata/Projectiles/MoltenBlastSecondaryKitava","[""Metadata/Effects/Microtransactions/Spells/warrior_molten_blast/kitava/secondary_projectile.ao""]","[""projectile""]","[""impact""]",1000,1,1,"","","Metadata/Projectiles/ProjectileMortar","",2,"","",[],"",0,0,0,0,"","",0,0,100,100,0,[],"",[],"","",9223,247,"","",247,"","","",[],[],1
1801,"Metadata/Projectiles/MistKingBombEmerge","[""Metadata/Effects/Spells/monsters_effects/League_Azmeri/monster_fx/vodoo_king_boss/bugbomb.ao""]","[""loop""]","[""fadeout""]",800,1,2,"","","Metadata/Projectiles/Projectile","",2,"","",[],"",0,0,0,0,"","",0,0,100,100,0,[],"",[4],"","","","","","","","","","",[],[],1
1802,"Metadata/Projectiles/SanctifiedTentacleProjectile","[""Metadata/Effects/Spells/monsters_effects/sanctified/SanctifiedTentacle/projectile_01.ao""]","[""projectile""]","[""impact""]",2000,"",1,"","","Metadata/Projectiles/Projectile","",2,"","",[],"",0,0,0,0,"","",0,0,100,100,0,[],"",[],"","","","","","","","","","",[],[],1
1803,"Metadata/Projectiles/WildBreachBossFingerProjectile","[""Metadata/Effects/Spells/monsters_effects/Breach/WildBreachBoss/ao/attack_projectile.ao""]","[""FingerProjectile_Loop_01""]","[""FingerProjectile_Impact_01""]",1700,"",1,"","","Metadata/Projectiles/Projectile",7113,1,"","",[],"",75,75,0,0,"","",25,25,100,100,0,[],1,[],"","","","","","","","","","",[],[],1
1804,"Metadata/Projectiles/RatnadoRatMissile","[""Metadata/Effects/Environment/Endgame/Rituals/RatTornado/rat_blood_proj.ao""]","[""loop""]","[""impact""]",450,"",1,"","","Metadata/Projectiles/Projectile","",1,"","",[],"",0,0,0,0,"","",0,0,90,100,0,[],"",[],"","","","","","","","","","",[],[],1
1805,"Metadata/Projectiles/CleansedMonstrosityRailgun","[""Metadata/Effects/Spells/monsters_effects/sanctified/SanctifiedMonstrosity/projectile_01.ao""]","[""projectile""]","[""impact""]",4000,"",1,"","","Metadata/Projectiles/Projectile","",1,"","",[],"",0,0,0,0,"","",0,0,100,100,0,[],"",[],"","","","","","","","","","",[],[],1
1806,"Metadata/Projectiles/SanctifiedSpiderSpit","[""Metadata/Effects/Spells/monsters_effects/sanctified/SanctifiedSpider/projectile.ao""]","[""fly""]","[""explode_quick""]",1200,"",2,"","","Metadata/Projectiles/Projectile","",2,"","",[],"",0,0,0,0,"","",0,0,100,100,0,[],1,[],"","","","","","","","","","","[""explode""]",[],1
1807,"Metadata/Projectiles/SpookyWraithPortalNova","[""Metadata/Effects/Spells/monsters_effects/League_Sanctum/SilentSpiresApparition/RP_projectile_01.ao"",""Metadata/Effects/Spells/monsters_effects/League_Sanctum/SilentSpiresApparition/RP_projectile_02.ao""]","[""idle_01""]","[""impact_01""]",750,"",2,"","","Metadata/Projectiles/Projectile","",2,"","",[],"",0,0,0,0,"","",0,0,100,100,0,[],1,[],"","","","","","","","","","",[],[],1
1808,"Metadata/Projectiles/BoneSpikePlayerSanguine","[""Metadata/Effects/Microtransactions/Spells/Witch/SanguineBone/BoneStorm/boneSpear_Projectiles.ao""]","[""projectile_01""]","[""impact_01""]",2700,"",2,"","","Metadata/Projectiles/Projectile","",2,"","","[""Metadata/Effects/Microtransactions/Spells/Witch/SanguineBone/BoneStorm/shardAttach_01.ao"",""Metadata/Effects/Microtransactions/Spells/Witch/SanguineBone/BoneStorm/shardAttach_02.ao"",""Metadata/Effects/Microtransactions/Spells/Witch/SanguineBone/BoneStorm/shardAttach_03.ao"",""Metadata/Effects/Microtransactions/Spells/Witch/SanguineBone/BoneStorm/shardAttach_04.ao""]","",100,100,0,0,"","",0,0,100,100,0,[],"",[],"","","","","","","","","","","[""impact_01_grd""]",[],1
1809,"Metadata/Projectiles/glacial_lance","[""Metadata/Effects/Spells/spear_glaciallance/glacial_Lance.ao""]","[""projectile_Throw_01""]","[""impact_01""]",3250,"",2,"","","Metadata/Projectiles/Projectile","",2,"","",[],"",0,0,0,0,"","",0,0,100,100,0,[],"",[],"","","","","","",253,"","","",[],"[""impact_wall_01""]",1
1810,"Metadata/Projectiles/IceSpearBrambleghast","[""Metadata/Effects/Microtransactions/Spells/spear_wind_spear/brambleghast/projectile.ao""]","[""projectile_idle""]","[""impact""]",3700,"",2,"","","Metadata/Projectiles/Projectile","",2,"","",[],"",0,0,0,0,"","",0,0,100,100,0,[],"",[],"","","",255,1,"","","","","",[],[],1
1811,"Metadata/Projectiles/WindstormLanceBrambleghast","[""Metadata/Effects/Microtransactions/Spells/spear_windstorm_lance_voodoo/projectile.ao""]","[""projectile_idle""]","[""impact""]",3000,"",3,"","","Metadata/Projectiles/Projectile","",3,"","",[],"",0,0,0,0,"","",0,0,100,100,0,[],"",[],"aux_spear_attach","","",251,1,"","","","","",[],[],1
1812,"Metadata/Projectiles/SpookyWraithColdTime","[""Metadata/Effects/Spells/monsters_effects/Act2_FOUR/TimeWraith/sand_projectile.ao""]","[""projectile""]","[""impact""]",500,"",2,"","","Metadata/Projectiles/Projectile","",2,"","",[],"",0,0,0,0,"","",0,0,100,100,0,[],"",[],"","","","","","","","","","",[],[],1
1813,"Metadata/Projectiles/TwisterBrambleghast","[""Metadata/Effects/Microtransactions/Spells/spear_whirlingslash_voodoo/mini_tornado.ao""]",[],"[""tornado_end""]",750,"",1,"","","Metadata/Projectiles/ProjectileGround","",2,"","",[],"",0,0,0,0,"","",0,0,100,100,0,[],1,[],"","","","","","","","","","",[],[],1
1814,"Metadata/Projectiles/ElectricSpitPlayer","[""Metadata/Effects/Spells/wyvern_electricspit/projectile.ao""]","[""projectile_no_arc_01""]","[""impact""]",1500,1,2,"","","Metadata/Projectiles/ProjectileMortar","",2,"","",[],"",0,0,0,0,"","",0,0,100,100,0,[],"",[],"","","","","","","","","","",[],[],1
1815,"Metadata/Projectiles/ElectricSpitChargedPlayer","[""Metadata/Effects/Spells/wyvern_electricspit/projectile_Charged.ao""]","[""projectile_no_arc_01""]","[""impact""]",1500,1,2,"","","Metadata/Projectiles/ProjectileMortar","",2,"","",[],"",0,0,0,0,"","",0,0,100,100,0,[],"",[],"","","","","","","","","","",[],[],1
1816,"Metadata/Projectiles/OverchargedSpearValkyrie","[""Metadata/Effects/Microtransactions/Spells/Huntress/Valkyrie/spear_overchargedspear/spearProjectile_01.ao""]","[""projectileThrow_01""]","[""projectileExplode_01""]",3000,1,2,"","","Metadata/Projectiles/Projectile","",2,"","",[],"",0,0,0,0,"","",0,0,100,100,0,[],"",[],"","","","","","","","","","",[],[],1
1817,"Metadata/Projectiles/KaruiChieftainJadeShard","[""Metadata/Effects/Spells/monsters_effects/Act4_FOUR/Tavakai/wall_proj.ao""]","[""proj""]","[""impact""]",1500,1,2,"","","Metadata/Projectiles/Projectile","",2,"","",[],"",0,0,0,0,"","",0,0,100,100,0,[],"",[],"","","","","","","","","","",[],[],1
1818,"Metadata/Projectiles/LightningBurstSpearValkyrie","[""Metadata/Effects/Microtransactions/Spells/Huntress/Valkyrie/spear_lightningspear/lightningSpear_01.ao""]","[""mainProjectile_01""]","[""impact_01""]",3000,"",3,"","","Metadata/Projectiles/Projectile",9450,3,"","",[],"",0,0,0,0,"","",0,0,100,100,0,[],"",[],"aux_model_attach_01","",9452,"","","","","","","",[],[],1
1819,"Metadata/Projectiles/LightningBurstBoltValkyrie","[""Metadata/Effects/Microtransactions/Spells/Huntress/Valkyrie/spear_lightningspear/lightningSpear_02.ao""]","[""mainProjectile_01""]","[""impact_01""]",2800,"",2,"","","Metadata/Projectiles/Projectile",9451,2,"","",[],"",0,0,0,0,"","",0,0,100,100,0,[],"",[],"","","","","","","","","","",[],[],1
1820,"Metadata/Projectiles/DarkEffigyDelirium","[""Metadata/Effects/Microtransactions/Spells/chaos_dark_effigy/delirium/darkEffigy_projectile.ao""]","[""mortar_01""]","[""impact_01""]",1200,1,2,"","","Metadata/Projectiles/ProjectileMortar","",2,"","",[],"",0,0,0,0,"","",0,0,100,100,1,[],"",[],"","","","","","","","","","",[],[],1
1821,"Metadata/Projectiles/DarkEffigyShortDelirium","[""Metadata/Effects/Microtransactions/Spells/chaos_dark_effigy/delirium/darkEffigy_projectile.ao""]","[""mortar_01""]","[""impact_01""]",1200,1,2,"","","Metadata/Projectiles/ProjectileMortar","",2,"","",[],"",0,0,0,0,"","",0,0,100,100,1,[],"",[],"","","","","","","","","","",[],[],1
1822,"Metadata/Projectiles/VolcanicMinibossVolcanoProjectile","[""Metadata/Effects/Spells/monsters_effects/Act4_FOUR/VolcanicRattlecage/volcanoMortar.ao""]","[""mortarRock_01""]","[""mortarImpact_01""]",400,"",1,"","","Metadata/Projectiles/Projectile","",1,"","",[],"",0,0,0,0,"","",0,0,100,100,1,[],"",[],"","","","","","","","","","",[],[],1
1823,"Metadata/Projectiles/LightningBurstSpearDarkTempest","[""Metadata/Effects/Microtransactions/Spells/Huntress/DarkTempest/lightning_spear/ao/lightningSpear_01.ao""]","[""mainProjectile_01""]","[""impact_01""]",3000,"",3,"","","Metadata/Projectiles/Projectile",9480,3,"","",[],"",0,0,0,0,"","",0,0,100,100,0,[],"",[],"aux_model_attach_01","",9482,"","","","","","","",[],[],1
1824,"Metadata/Projectiles/LightningBurstBoltDarkTempest","[""Metadata/Effects/Microtransactions/Spells/Huntress/DarkTempest/lightning_spear/ao/lightningSpear_02.ao""]","[""mainProjectile_01""]","[""impact_01""]",2800,"",2,"","","Metadata/Projectiles/Projectile",9481,2,"","",[],"",0,0,0,0,"","",0,0,100,100,0,[],"",[],"","","","","","","","","","",[],[],1
1825,"Metadata/Projectiles/KaruiChieftainBoulderToss","[""Metadata/Effects/Spells/monsters_effects/Act4_FOUR/Tavakai/jade_chunk.ao""]","[""projectile_idle""]","[""explode""]",550,"",4,"","","Metadata/Projectiles/Projectile","",4,"","",[],"",0,0,0,0,"","",0,0,100,100,0,[],"",[],"","","","","","","","","","",[],[],1
1826,"Metadata/Projectiles/KaruiChieftainCrystalShatterShards","[""Metadata/Effects/Spells/monsters_effects/Act4_FOUR/Tavakai/wall_proj.ao""]","[""proj""]","[""impact""]",1750,1,2,"","","Metadata/Projectiles/Projectile","",2,"","",[],"",0,0,0,0,"","",0,0,100,100,0,[],"",[],"","","","","","","","","","",[],[],1
1827,"Metadata/Projectiles/BreachHandMageLightningProjectile","[""Metadata/Effects/Spells/monsters_effects/Act1_FOUR/Graveyard/skeleton_caster/ao/lightning_projectile.ao""]","[""projectile""]","[""impact""]",2000,"",2,"","","Metadata/Projectiles/Projectile","",2,"","",[],"",0,0,0,0,"","",0,0,100,100,0,[],"",[],"","","","","","","","","","",[],[],1
1828,"Metadata/Projectiles/BreachHandMageChaosProjectile","[""Metadata/Effects/Spells/monsters_effects/League_Ultimatum/general_combat/chaosgod_lizard/ChaosMortar.ao""]","[""projectile""]","[""impact""]",2000,"",2,"","","Metadata/Projectiles/Projectile","",2,"","",[],"",0,0,0,0,"","",0,0,100,100,0,[],"",[],"","","","","","","","","","",[],[],1
1829,"Metadata/Projectiles/BreachHandMageDeathBeam","[""Metadata/Effects/Spells/monsters_effects/Geofri/chaosprojectile.ao""]","[""gloombolt_loop""]","[""gloombolt_end""]",3000,"",2,"","","Metadata/Projectiles/Projectile","",2,"","",[],"",0,0,0,0,"","",0,0,100,100,0,[],"",[],"","","","","","","","","","",[],[],1
1830,"Metadata/Projectiles/OverchargedSpearDarkTempest","[""Metadata/Effects/Microtransactions/Spells/Huntress/DarkTempest/storm_lance/spearProjectile_01.ao""]","[""projectileThrow_01""]","[""projectileExplode_01""]",3000,1,2,"","","Metadata/Projectiles/Projectile","",2,"","",[],"",0,0,0,0,"","",0,0,100,100,0,[],"",[],"","","","","","","","","","",[],[],1
1831,"Metadata/Projectiles/BallisticIceChunk","[""Metadata/Effects/Spells/druid_crystalrain/crystal_Object_01.ao""]","[""staticCrystal_01""]",[],320,"",2,"","","Metadata/Projectiles/Projectile","",2,"","",[],"",0,0,0,0,"","",0,0,100,100,0,[],"",[],"","","","","","","","",20,"",[],[],1
1832,"Metadata/Projectiles/FallenKaruiArcherSnipe","[""Metadata/Effects/Spells/monsters_effects/Act4_FOUR/KaruiArcherCrystal/ao/Jade_Snipe_projectile_01.ao""]","[""Max_Stages_01""]","[""Max_Stages_Impact_01""]",2000,"",2,"","","Metadata/Projectiles/Projectile","",2,"","",[],"",0,0,0,0,"","",0,0,100,100,0,[],"",[],"","","","","","","","","","",[],[],1
1833,"Metadata/Projectiles/RapidShotRequiem","[""Metadata/Effects/misc/Uniques/weapons/TwoHandWeapons/Crossbow/The_Grand_Design/ao/SoulFlight.ao""]","[""ProjectileCurve""]",[],750,1,2,"","","Metadata/Projectiles/ProjectileMortar","",2,"","",[],"",0,0,0,0,9514,"",0,0,100,100,0,[],"",[],"","","","","","once","","","","",[],[],1
1834,"Metadata/Projectiles/VolcanoProjectileAbyss","[""Metadata/Effects/Microtransactions/Spells/Druid/Abyssal/Volcano/volcanoMortar.ao""]","[""once""]",[],500,1,1,"","","Metadata/Projectiles/ProjectileMortar","",1,"","",[],"",0,0,0,0,"","",0,0,100,100,1,[],"",[],"","","","","","","","","","",[],[],1
1835,"Metadata/Projectiles/VolcanoBigProjectileAbyss","[""Metadata/Effects/Microtransactions/Spells/Druid/Abyssal/Volcano/volcanoMortar.ao""]","[""once""]",[],500,1,1,"","","Metadata/Projectiles/ProjectileMortar","",1,"","",[],"",0,0,0,0,"","",0,0,100,100,1,[],"",[],"","","","","","","","","","",[],[],1
1836,"Metadata/Projectiles/IceOwlBossIceSpray","[""Metadata/Effects/Spells/monsters_effects/Act3_FOUR/ChaosGodOwlBoss_Cold/ao/iceshard_projectile.ao""]","[""projectile""]","[""impact""]",1800,1,1,"","","Metadata/Projectiles/Projectile","",1,"","",[],"",0,0,0,0,"","",0,0,100,100,0,[],"",[],"","","","","","","","","","",[],[],1
1837,"Metadata/Projectiles/KaruiChieftainUnhingedRockSpray","[""Metadata/Effects/Spells/monsters_effects/Act4_FOUR/Tavakai/skyfall_proj.ao""]","[""proj""]","[""impact""]",1300,1,2,"","","Metadata/Projectiles/Projectile","",2,"","",[],"",0,0,0,0,"","",0,0,100,100,0,[],"",[4],"","","","","","","","","","",[],[],1
1838,"Metadata/Projectiles/KaruiChieftainUnhingedRockSpraySkyfall","[""Metadata/Effects/Spells/monsters_effects/Act4_FOUR/Tavakai/skyfall_proj.ao""]","[""proj""]","[""impact""]",400,1,2,"","","Metadata/Projectiles/Projectile","",2,"","",[],"",0,0,0,0,"","",0,0,100,100,0,[],"",[4],"","","","","","","","","","",[],[],1
1839,"Metadata/Projectiles/DeliriumEssenceDrain","[""Metadata/Effects/Microtransactions/Spells/chaos_essencedrain/delirium/essenceDrain_Projectile.ao""]",[],"[""impact_01""]",1125,"",2,"","","Metadata/Projectiles/Projectile","",2,"","",[],"",0,0,0,0,"","",0,0,100,100,0,[],"",[],"","","","","","","","","","jntBnd_projectile",[],[],1
1840,"Metadata/Projectiles/FrozenOneIcicles","[""Metadata/Effects/Spells/monsters_effects/Act4_FOUR/FrozenOneBoss/FrozenOneIcicleCrash_Projectile.ao""]","[""proj""]","[""end""]",500,"",2,"","","Metadata/Projectiles/Projectile","",2,"","",[],"",0,0,0,0,"","",0,0,100,100,0,[],"",[],"","","","","","","","","","",[],[],1
1841,"Metadata/Projectiles/VampireQueenSoulMortar","[""Metadata/Effects/Spells/monsters_effects/Act4_FOUR/VampireQueenBoss/chaos_mortar.ao""]","[""fly_grp""]",[],750,1,2,"","","Metadata/Projectiles/ProjectileMortar","",2,"","",[],"",0,0,0,0,"","",0,0,100,100,1,[],"",[],"","","","","","","","","","",[],[],1
1842,"Metadata/Projectiles/SandDjinnKnife","[""Metadata/Effects/Spells/ascendancy_classes/disciple_of_the_djinns/djinn_sand/daggerThrow_proj.ao""]","[""fly""]","[""impact""]",2500,1,1,"","","Metadata/Projectiles/Projectile","",1,"","",[],"",0,0,0,0,"","",0,0,100,100,0,[],"",[],"","","","","","","","","","",[],[],1
1843,"Metadata/Projectiles/EzomyteReaperChaos","[""Metadata/Effects/Spells/monsters_effects/Act4_FOUR/Verona/ao/volatile_orb_chaos.ao""]","[""idle""]","[""impact""]",450,"",2,"","","Metadata/Projectiles/Projectile","",2,"","",[],"",0,0,0,0,"","",0,0,100,100,0,[],"",[],"","","","","","","","","","",[],[],1
1844,"Metadata/Projectiles/EzomyteReaperLightning","[""Metadata/Effects/Spells/monsters_effects/Act4_FOUR/Verona/ao/volatile_orb_lightning.ao""]","[""idle""]","[""impact""]",450,"",2,"","","Metadata/Projectiles/Projectile","",2,"","",[],"",0,0,0,0,"","",0,0,100,100,0,[],"",[],"","","","","","","","","","",[],[],1
1845,"Metadata/Projectiles/BloodKnightCleaveProjectiles","[""Metadata/Effects/Spells/monsters_effects/Act4_FOUR/BloodKnightBoss/Cleave_projectile.ao""]","[""loop""]","[""fadeout""]",1000,"",2,"","","Metadata/Projectiles/Projectile","",2,"","",[],"",0,0,0,0,"","",0,0,100,100,0,[],"",[],"","","","","","","","","","",[],[],1
1846,"Metadata/Projectiles/TwilightOrderOverlordRock","[""Metadata/Effects/Spells/monsters_effects/Act4_FOUR/TwilightOrderOverlord/ao/rock_projectile.ao""]","[""projectile""]","[""impact""]",2000,1,2,"","","Metadata/Projectiles/Projectile","",2,"","",[],"",0,0,0,0,"","",0,0,100,100,0,[],"",[],"","","","","","","","","","","[""impact_01_grd""]",[],1
1847,"Metadata/Projectiles/BloodPriestBossBloodProjectile","[""Metadata/Effects/Spells/monsters_effects/Act3_FOUR/Bloodpriest_Interlude/AO/BloodProjectile.ao""]","[""loop""]","[""impact""]",900,"",2,"","","Metadata/Projectiles/Projectile","",2,"","",[],"",0,0,0,0,"","",0,0,100,100,0,[],"",[],"","","","","","","","","","",[],[],1
1848,"Metadata/Projectiles/SharkBossPiranhaProjectile","[""Metadata/Effects/Spells/monsters_effects/Act4_FOUR/GreatWhiteOne/PiranhaCritter.ao""]","[""run_01""]","[""explode_01""]",750,1,2,"","","Metadata/Projectiles/Projectile","",2,"","",[],"",0,0,0,0,"","",0,0,100,100,0,[],"",[],"","","","","","","","","","",[],[],1
1849,"Metadata/Projectiles/CaptainSandStormMortarProjectile","[""Metadata/Effects/Spells/monsters_effects/Act4_FOUR/CaptainRoth/Sand/sandmortar_proj.ao""]","[""combinedcurves""]",[],750,1,2,"","","Metadata/Projectiles/ProjectileMortar","",2,"","",[],"",0,0,0,0,"","",0,0,100,100,1,[],"",[],"","","","","","","","","","",[],[],1
1850,"Metadata/Projectiles/SpearfisherColdSpear","[""Metadata/Effects/Spells/monsters_effects/Act4_FOUR/Tasalio/TasalioKaruiSpearThrower/spear_throw_01.ao""]","[""frozenspear_idlesecond_01""]","[""frozenspear_impact""]",2500,"",2,"","","Metadata/Projectiles/Projectile","",2,"","",[],"",0,0,0,0,"","",0,0,100,100,0,[],"",[],"","","","","","","","","","",[],[],1
1851,"Metadata/Projectiles/FireDjinnFireRune","[""Metadata/Effects/Spells/ascendancy_classes/disciple_of_the_djinns/djinn_fire/projectile.ao""]","[""fly""]","[""impact""]",3500,1,2,"","","Metadata/Projectiles/Projectile","",2,"","",[],"",0,0,0,0,"","",0,0,100,100,1,[],"",[],"","","","","","","","","","",[],[],1
1852,"Metadata/Projectiles/TrawlerTrapProjectile","[""Metadata/Effects/Spells/monsters_effects/Act4_FOUR/Tasalio/TasalioKaruiFishingTaiha/throw_trap_01.ao""]","[""throw""]",[],1250,1,2,"","","Metadata/Projectiles/Projectile","",2,"","",[],"",0,0,0,0,"","",0,0,100,100,1,[],"",[],"","","","","","","","","","",[],[],1
1853,"Metadata/Projectiles/ShockingArrowGhostfuse","[""Metadata/Effects/misc/Uniques/weapons/TwoHandWeapons/Bow/Dealers_Hand/AOs/projectile.ao""]","[""projectile""]","[""impact""]",5400,"",1,"",1,"Metadata/Projectiles/Projectile","",1,"","","[""Metadata/Effects/misc/Uniques/weapons/TwoHandWeapons/Bow/Dealers_Hand/AOs/projectile.ao""]","",100,100,0,0,8331,"",0,0,100,100,0,[],"",[],"","","","","","muzzleSpell_GhostFlame","","","","",[],[],1
1854,"Metadata/Projectiles/TwilightOrderExcavatorsMaulRocks","[""Metadata/Effects/Spells/monsters_effects/Act4_FOUR/TwilightOrderExcavators/MaulRocks/rock_projectile.ao""]","[""projectile_01_lift""]","[""impact""]",2000,"",2,"","","Metadata/Projectiles/Projectile","",2,"","",[],"",0,0,0,0,"","",0,0,100,100,0,"[""end""]","",[],"","","","","","","","","","","[""impact_01_grd""]",[],1
1855,"Metadata/Projectiles/ChronoPrinceSword","[""Metadata/Effects/Spells/monsters_effects/Act_Interlude/FaridunOlroth/sword_spin.ao""]","[""projectile_golden""]","[""impact""]",1800,1,4,"","","Metadata/Projectiles/Projectile","",8,"","",[],"",0,0,0,0,"","",0,0,100,100,0,[],"",[],"","","","","","","","","","",[],[],1
1856,"Metadata/Effects/Spells/warcry_ancestral/volcanic_eruption_mortar","[""Metadata/Effects/Spells/warcry_ancestral/volcanic_eruption_mortar.ao""]","[""mortarRock_01""]","[""mortarImpact_01""]",400,1,1,"","","Metadata/Projectiles/ProjectileGround","",1,"","",[],"",0,0,0,0,"","",0,0,100,100,1,[],"",[],"","","","","","","","","","",[],[],1
1857,"Metadata/Projectiles/KaruiCaptainBossGodVolcano","[""Metadata/Effects/Spells/monsters_effects/Act4_FOUR/Tavakai/volcano_proj.ao""]","[""proj_02""]","[""impact_01""]",800,"",1,"","","Metadata/Projectiles/Projectile","",1,"","",[],"",0,0,0,0,"","",0,0,100,100,1,[],"",[],"","","","","","","","","","",[],[],1
1858,"Metadata/Projectiles/ChronoPrinceSwordTerrainStick","[""Metadata/Effects/Spells/monsters_effects/Act_Interlude/FaridunOlroth/sword_spin.ao""]","[""projectile_golden""]","[""impact""]",2200,"",4,"","","Metadata/Projectiles/Projectile","",8,"","",[],"",0,100,0,0,"","",0,0,100,100,0,[],"",[],"","","","","","","","","","",[],[],1
1859,"Metadata/Projectiles/BoneCultistAbyssLightning","[""Metadata/Effects/Spells/monsters_effects/League_Abyss/BoneCultistsZealots/AOs/lightning_projectile.ao""]","[""proj""]","[""impact""]",2700,"",2,"","","Metadata/Projectiles/Projectile","",2,"","",[],"",0,0,0,0,"","",0,0,100,100,0,[],"",[],"","","","","","","","","","",[],[],1
1860,"Metadata/Projectiles/MonsterModAbyssKurgalsGraspProjectile","[""Metadata/Effects/Spells/monsters_effects/League_Abyss/general_effects/kurgals_gasp/AOs/ChaosMortar.ao""]","[""projectile""]","[""impact""]",700,"",2,"","","Metadata/Projectiles/Projectile","",2,"","",[],"",0,0,0,0,"","",0,0,100,100,0,[],"",[],"","","","","","","","","","",[],[],1
1861,"Metadata/Projectiles/DoomBoss/ColdProjectile","[""Metadata/Effects/Spells/monsters_effects/League_Abyss/DoomBoss/ao/doom_projectile.ao""]","[""projectile""]","[""impact""]",1500,"",2,"","","Metadata/Projectiles/Projectile","",2,"","",[],"",0,0,0,0,"","",0,0,100,100,0,[],"",[],"","","","","","","","","","","[""impact_grd""]",[],1
1862,"Metadata/Projectiles/DoomBoss/PhysProjectile","[""Metadata/Effects/Spells/monsters_effects/League_Abyss/AbyssOrb/abyssorb_projectile.ao""]","[""loop""]","[""end""]",2000,"",2,"","","Metadata/Projectiles/Projectile","",2,"","",[],"",0,0,0,0,"","",0,0,100,100,0,[],"",[],"","","","","","","","","","",[],[],1
1863,"Metadata/Projectiles/FrostDarts","[""Metadata/Effects/Spells/cold_frostdarts/projectile_01.ao""]","[""projectile_01""]","[""impact_01""]",2000,"",2,"","","Metadata/Projectiles/Projectile","",2,"","",[],"",0,0,0,0,"","",0,0,100,100,0,[],"",[],"","","","","","","","","","",[],[],1
1864,"Metadata/Projectiles/FrostDartMortar","[""Metadata/Effects/Spells/cold_frostdarts/shard_Mortar_01.ao""]","[""mortarLow_COLD_01""]","[""mortarImpact_01""]",1000,1,1,"","","Metadata/Projectiles/ProjectileMortar","",1,"","",[],"",0,0,0,0,"","",0,0,100,100,1,[],"",[],"","","","","","","","","","",[],[],1
1865,"Metadata/Projectiles/TwilightGuardBossTwinAxeHoly","[""Metadata/Effects/Spells/monsters_effects/Act4_FOUR/TwilightOrderGuardBoss/ao/holyAXE_projectile.ao""]","[""fly""]","[""impact""]",1700,"",2,"","","Metadata/Projectiles/Projectile","",2,"","",[],"",0,0,0,0,"","",0,0,100,100,0,[],"",[4],"","","","","","","","","","",[],[],1
1866,"Metadata/Projectiles/ProjectileArcProjectile","[""Metadata/Effects/Spells/lightning_arc/projectile/arc_Projectile_01.ao""]","[""arc_Projectile_01"",""arc_Projectile__Infusion_01""]","[""impact_01""]",4250,"",2,"","","Metadata/Projectiles/Projectile","",2,"","",[],"",0,0,0,0,"","",0,0,100,100,0,"[""expire_01""]","",[],"","","","","","","","","","",[],"[""impact_wall_01""]",1
1867,"Metadata/Projectiles/ConsumeBossProjectile","[""Metadata/Effects/Spells/monsters_effects/League_Abyss/ConsumeBoss/dash_projectile.ao""]","[""loop""]","[""end""]",1500,"",2,"","","Metadata/Projectiles/Projectile","",2,"","",[],"",0,0,0,0,"","",0,0,100,100,0,[],"",[],"","","","","","","","","","",[],[],1
1868,"Metadata/Projectiles/KaruiMedicineWomanSpell","[""Metadata/Effects/Spells/monsters_effects/Act4_FOUR/KaruiMedicineWoman/projectile.ao""]","[""projectile""]","[""projectileexplode""]",1250,"",1,"","","Metadata/Projectiles/Projectile","",1,"","",[],"",0,0,0,0,"","",0,0,100,100,0,[],"",[],"","","","","","","","","","",[],[],1
1869,"Metadata/Projectiles/AbyssPaleEliteSnowBall","[""Metadata/Effects/Spells/monsters_effects/League_Abyss/PaleElite/snowball.ao""]","[""projectile""]","[""impact""]",1040,"",2,"","","Metadata/Projectiles/Projectile","",2,"","",[],"",0,0,0,0,"","",0,0,100,100,0,[],"",[],"","","","","","","","","","",[],[],1
1870,"Metadata/Projectiles/AbyssPaleEliteFireball","[""Metadata/Effects/Spells/monsters_effects/League_Abyss/PaleElite/fireball.ao""]","[""projectile""]","[""impact""]",1040,"",2,"","","Metadata/Projectiles/Projectile","",2,"","",[],"",0,0,0,0,"","",0,0,100,100,0,[],"",[],"","","","","","","","","","",[],[],1
1871,"Metadata/Projectiles/AbyssCocoon3BallSpit","[""Metadata/Effects/Spells/monsters_effects/League_Abyss/Cocoon3/fire_proj.ao""]","[""proj""]","[""end""]",700,1,2,"","","Metadata/Projectiles/Projectile","",2,"","",[],"",0,0,0,0,"","",0,0,100,100,0,[],"",[],"","","","","","","","","","",[],[],1
1872,"Metadata/Projectiles/AbyssHulkIceShard","[""Metadata/Effects/Spells/monsters_effects/League_Abyss/TarHulk/AOs/Headbutt_IceProj.ao""]","[""projectile_01""]","[""impact_01""]",2000,"",2,"","","Metadata/Projectiles/Projectile","",2,"","",[],"",0,0,0,0,"","",0,0,100,100,0,[],"",[],"","","","","","","","","","",[],[],1
1873,"Metadata/Projectiles/AbyssCocoon3BallSpitSmall","[""Metadata/Effects/Spells/monsters_effects/League_Abyss/Cocoon3/fireball.ao""]","[""projectile""]","[""end""]",1300,1,2,"","","Metadata/Projectiles/Projectile","",2,"","",[],"",0,0,0,0,"","",0,0,100,100,0,[],"",[],"","","","","","","","","","",[],[],1
1874,"Metadata/Projectiles/AbyssCocoon3ChargedSphereMortar","[""Metadata/Effects/Spells/monsters_effects/League_Abyss/Cocoon3/fire_mortar.ao""]","[""mortar_01""]",[],750,1,2,"","","Metadata/Projectiles/ProjectileMortar","",2,"","",[],"",0,0,0,0,"","",0,0,100,100,0,[],"",[4],"","","","","","","","","","",[],[],1
1875,"Metadata/Projectiles/AbyssPaleWalker2Fireball","[""Metadata/Effects/Spells/monsters_effects/League_Abyss/PaleWalker/projectile_01.ao""]","[""projectile""]","[""impact""]",1100,"",2,"","","Metadata/Projectiles/Projectile","",2,"","",[],"",0,0,0,0,"","",0,0,100,100,0,[],"",[],"","","","","","","","","","",[],[],1
1876,"Metadata/Projectiles/AbyssPitArtilleryMortar","[""Metadata/Effects/Spells/monsters_effects/Act1_FOUR/FungalArtillery/ao/abysslightning_projectile.ao""]","[""proj""]","[""impact""]",850,"",2,"","","Metadata/Projectiles/Projectile","",2,"","",[],"",0,0,0,0,"","",0,0,150,150,0,[],"",[],"","","","","","","","","","",[],[],1
1877,"Metadata/Projectiles/AbyssSoulMortar","[""Metadata/Effects/Spells/monsters_effects/League_Abyss/MonolithicSlug/Projectile.ao""]","[""combinedcurves""]",[],750,1,2,"","","Metadata/Projectiles/ProjectileMortar","",2,"","",[],"",0,0,0,0,"","",0,0,100,100,1,[],"",[],"","","","","","","","","","",[],[],1
1878,"Metadata/Projectiles/FireBeastVolcanoProjectile","[""Metadata/Effects/Spells/monsters_effects/Act_Interlude/FireBeastBoss/volcano_proj.ao""]","[""proj_02""]","[""impact_01""]",700,"",2,"","","Metadata/Projectiles/Projectile","",2,"","",[],"",0,0,0,0,"","",0,0,40,40,0,[],"",[4],"","","","","","","","","","",[],[],1
1879,"Metadata/Projectiles/AbyssSoulBlast","[""Metadata/Effects/Spells/monsters_effects/League_Abyss/PaleWalker/SoulFlight.ao""]","[""ProjectileCurve""]",[],750,1,2,"","","Metadata/Projectiles/ProjectileMortar","",2,"","",[],"",0,0,0,0,"","",0,0,100,100,0,[],"",[],"","","","","","","","","","",[],[],1
1880,"Metadata/Projectiles/DeceleratingProjectilesInterludeSerpentClanBoss","[""Metadata/Effects/Spells/monsters_effects/Act_Interlude/SerpentClanCasterBossInterlude/decel_proj.ao""]","[""projectile""]","[""impact""]",1200,"",2,"","","Metadata/Projectiles/Projectile","",2,"","",[],"",0,0,0,0,"","",0,0,100,100,0,[],"",[],"","","","","","","","","","",[],[],1
1881,"Metadata/Projectiles/DeceleratingProjectilesInterludeSerpentClanBossImpact","[""Metadata/Effects/Spells/monsters_effects/Act_Interlude/SerpentClanCasterBossInterlude/decel_proj_impact.ao""]","[""projectile""]","[""impact""]",1200,"",2,"","","Metadata/Projectiles/Projectile","",2,"","",[],"",0,0,0,0,"","",0,0,100,100,0,[],"",[],"","","","","","","","","","",[],[],1
1882,"Metadata/Projectiles/GemlingBossGemProjectile","[""Metadata/Effects/Spells/monsters_effects/Act5_FOUR/GemPuppy/nova_proj.ao""]","[""proj""]","[""impact""]",2000,"",2,"","","Metadata/Projectiles/Projectile","",2,"","",[],"",0,0,0,0,"","",0,100,100,100,0,[],"",[],"","","","","","","","","","",[],[],1
1883,"Metadata/Projectiles/CyclopsSpiderMortar","[""Metadata/Effects/Spells/monsters_effects/Act4_FOUR/VampireQueenBoss/chaos_mortar.ao""]","[""fly_grp""]","[""explode""]",1000,1,2,"","","Metadata/Projectiles/ProjectileMortar","",2,"","",[],"",0,0,0,0,"","",0,0,100,100,1,[],"",[],"","","","","","","","","","",[],[],1
1884,"Metadata/Projectiles/FrozenSphereAbyss","[""Metadata/Effects/Microtransactions/Spells/eye_of_winter/Abyssal/Abyssal_EyeOfWinter.ao""]","[""idle""]","[""death""]",225,"",2,"","","Metadata/Projectiles/Projectile","",2,"","",[],"",0,0,0,0,"","",0,0,100,100,0,[],"",[],"","","","","","","","","","",[],[],1
1885,"Metadata/Projectiles/FrozenSphereShardAbyss","[""Metadata/Effects/Microtransactions/Spells/eye_of_winter/Abyssal/Abyssal_shard.ao""]","[""Shard_idle""]","[""Shard_death""]",1000,"",2,"","","Metadata/Projectiles/Projectile","",2,"","",[],"",0,0,0,0,"","",0,0,100,100,0,[],"",[],"","","","","","","","","","",[],[],1
1886,"Metadata/Projectiles/GreaterFrostboltAbyss","[""Metadata/Effects/Microtransactions/Spells/frost_bolt/Abyssal/Abyssal_frost_bolt.ao""]","[""projectile""]","[""impact""]",280,"",2,"","","Metadata/Projectiles/Projectile","",4,"","",[],"",0,0,0,0,"","",0,0,100,100,0,[],"",[],"","","","","","","","","","",[],[],1
1887,"Metadata/Projectiles/FrostDartsAbyss","[""Metadata/Effects/Microtransactions/Spells/frost_dart/Abyss/projectile_01.ao""]","[""projectile_01""]","[""impact_01""]",2000,"",2,"","","Metadata/Projectiles/Projectile","",2,"","","[""Metadata/Effects/Microtransactions/Spells/frost_dart/Abyss/Abyssal_dynamite_Mortar_01.ao""]","",0,0,0,0,"","",0,0,100,100,0,[],"",[],"","","","","","","","","","",[],[],1
1888,"Metadata/Projectiles/FrostDartMortarAbyss","[""Metadata/Effects/Microtransactions/Spells/frost_dart/Abyss/Abyssal_shard_Mortar_01.ao""]","[""mortarLow_COLD_01""]","[""mortarImpact_01""]",1000,1,1,"","","Metadata/Projectiles/ProjectileMortar","",1,"","",[],"",0,0,0,0,"","",0,0,100,100,1,[],"",[],"","","","","","","","","","",[],[],1
1889,"Metadata/Projectiles/DerliriumMinionMaliceSpikes","[""Metadata/Effects/Spells/monsters_effects/League_Delirium/Tangmazu/ms_malice_proj_01.ao""]","[""projectile""]","[""end""]",1500,1,2,"","","Metadata/Projectiles/Projectile","",2,"","",[],"",0,0,0,0,"","",0,0,100,100,0,[],"",[],"","","","","","","","","","",[],[],1
1890,"Metadata/Projectiles/DerliriumMinionSpiteLightningBall","[""Metadata/Effects/Spells/monsters_effects/Act4_FOUR/VaalStatue/ball_lightning.ao""]","[""idle""]","[""end""]",300,1,2,"","","Metadata/Projectiles/Projectile","",2,"","",[],"",0,0,0,0,"","",0,0,100,100,0,[],"",[4],"","","","","","","","","","",[],[],1
1891,"Metadata/Projectiles/RitualWendigoBossDarknessBlob","[""Metadata/Effects/Spells/monsters_effects/AtlasofWorldsBosses/TheWendigo/ao/darkness_sucker.ao""]","[""loop""]","[""end""]",750,"",2,"","","Metadata/Projectiles/Projectile","",7,"","",[],"",0,0,0,0,"","",0,0,100,100,0,[],"",[4],"","","","","","","","","","",[],[],1
1892,"Metadata/Projectiles/GemlingBossSpearProjectile","[""Metadata/Effects/Spells/monsters_effects/Act5_FOUR/GemPuppy/spear_proj.ao""]","[""proj""]","[""impact""]",2000,"",2,"","","Metadata/Projectiles/Projectile","",2,"","",[],"",0,0,0,0,"","",0,0,100,100,0,[],"",[],"","","","","","","","","","",[],[],1
1893,"Metadata/Projectiles/TangmazuFrostShards","[""Metadata/Effects/Spells/monsters_effects/League_Delirium/Tangmazu/frost_shards_01.ao""]","[""projectile""]","[""end""]",2000,"",2,"","","Metadata/Projectiles/Projectile","",2,"","",[],"",0,0,0,0,"","",0,0,100,100,0,[],"",[],"","","","","","","","","","",[],[],1
1894,"Metadata/Projectiles/TangmazuFireball","[""Metadata/Effects/Spells/monsters_effects/League_Delirium/Tangmazu/redirction_fireball.ao""]","[""proj""]","[""end""]",1000,1,2,"","","Metadata/Projectiles/Projectile","",2,"","",[],"",0,0,0,0,"","",0,0,100,100,0,[],"",[],"","","","","","","","","","",[],[],1
1895,"Metadata/Projectiles/TangmazuFireballRedirect","[""Metadata/Effects/Spells/monsters_effects/League_Delirium/Tangmazu/redirction_fireball.ao""]","[""proj""]","[""end""]",1000,"",2,"","","Metadata/Projectiles/Projectile","",2,"","",[],"",0,0,0,0,"","",0,0,100,100,0,[],"",[],"","","","","","","","","","",[],[],1
1896,"Metadata/Projectiles/VolcanoProjectileRadiant","[""Metadata/Effects/Microtransactions/Spells/Druid/RadiantDisaster/Volcano/volcanoMortar.ao""]","[""once""]",[],500,1,1,"","","Metadata/Projectiles/ProjectileMortar","",1,"","",[],"",0,0,0,0,"","",0,0,100,100,1,[],"",[],"","","","","","","","","","",[],[],1
1897,"Metadata/Projectiles/VolcanoBigProjectileRadiant","[""Metadata/Effects/Microtransactions/Spells/Druid/RadiantDisaster/Volcano/volcanoMortar.ao""]","[""once""]",[],500,1,1,"","","Metadata/Projectiles/ProjectileMortar","",1,"","",[],"",0,0,0,0,"","",0,0,100,100,1,[],"",[],"","","","","","","","","","",[],[],1
1898,"Metadata/Projectiles/ProjectileArcProjectileDarkshard","[""Metadata/Effects/Microtransactions/Spells/Sorceress/Darkshard/Arc/darkshard_arc_Projectile_01.ao""]","[""arc_Projectile_01"",""arc_Projectile__Infusion_01""]","[""impact_01""]",4250,"",2,"","","Metadata/Projectiles/Projectile","",2,"","",[],"",0,0,0,0,"","",0,0,100,100,0,"[""expire_01""]","",[],"","","","","","","","","","",[],"[""impact_wall_01""]",1
1899,"Metadata/Projectiles/RitualWendigoHeadGeyser","[""Metadata/Effects/Spells/monsters_effects/League_Expedition/general/bone_cultist/projectile_egg.ao""]","[""loop""]","[""end""]",100,1,2,"","","Metadata/Projectiles/Projectile","",2,"","",[],"",0,0,0,0,"","",0,0,100,100,0,[],"",[4],"","","","","","","","","","",[],[],1
1900,"Metadata/Projectiles/RitualWendigoVacuumBlobbage","[""Metadata/Effects/Spells/monsters_effects/League_Expedition/general/bone_cultist/projectile_egg.ao""]","[""loop""]","[""end""]",1000,1,2,"","","Metadata/Projectiles/Projectile","",2,"","",[],"",0,0,0,0,"","",0,0,90,110,0,[],"",[4],"","","","","","","","","","",[],[],1
1901,"Metadata/Projectiles/RitualWendigoBossChainedAttackRubble","[""Metadata/Effects/Spells/monsters_effects/Act2_FOUR/TitanBoss/ao/sword_thrust/projectiles.ao""]","[""projectile_01"",""projectile_02"",""projectile_03"",""projectile_04"",""projectile_05"",""projectile_06"",""projectile_07"",""projectile_08"",""projectile_09"",""projectile_10"",""projectile_11"",""projectile_12"",""projectile_13"",""projectile_14"",""projectile_15""]","[""impact""]",1000,"",2,"","","Metadata/Projectiles/Projectile","",2,"","",[],"",0,0,0,0,"","",0,0,80,120,0,[],"",[],"","","","","","","","",22,"",[],[],1
1902,"Metadata/Projectiles/AtziriBloodSpear","[""Metadata/Effects/Spells/monsters_effects/vaal_sacrifice/spear_throw/rig.ao""]","[""spearthrow_loop""]","[""spearthrow_impact""]",2000,"",2,"","","Metadata/Projectiles/Projectile","",2,"","",[],"",0,0,0,0,"","",0,0,100,100,0,[],"",[4],"","","","","","","","","","",[],[],1
1903,"Metadata/Projectiles/AtziriBloodProjectile","[""Metadata/Effects/Spells/monsters_effects/AtlasofWorldsBosses/Atziri/blood_proj.ao""]","[""proj""]","[""impact""]",1200,1,2,"","","Metadata/Projectiles/Projectile","",2,"","",[],"",0,0,0,0,"","",0,0,100,100,0,[],"",[],"","","","","","","","","","",[],[],1
1904,"Metadata/Projectiles/AtziriBloodProjectileSlow","[""Metadata/Effects/Spells/monsters_effects/AtlasofWorldsBosses/Atziri/speardrop_proj.ao""]","[""proj""]","[""impact""]",300,"",2,"","","Metadata/Projectiles/Projectile","",2,"","",[],"",0,0,0,0,"","",0,0,100,100,0,[],"",[],"","","","","","","","","","",[],[],1
1905,"Metadata/Projectiles/AtziriLightningSpearProjectile","[""Metadata/Effects/Spells/monsters_effects/AtlasofWorldsBosses/Atziri/lightning_spear_proj.ao""]","[""proj""]","[""impact""]",1200,1,2,"","","Metadata/Projectiles/Projectile","",2,"","",[],"",0,0,0,0,"","",0,0,100,100,0,[],"",[],"","","","","","","","","","",[],[],1
1906,"Metadata/Projectiles/AtziriLightningProjectile","[""Metadata/Effects/Spells/monsters_effects/AtlasofWorldsBosses/Atziri/lightning_proj.ao""]","[""proj""]","[""impact""]",1200,1,2,"","","Metadata/Projectiles/Projectile","",2,"","",[],"",0,0,0,0,"","",0,0,100,100,0,[],"",[],"","","","","","","","","","",[],[],1
1907,"Metadata/Projectiles/AtziriFireProjectile","[""Metadata/Effects/Spells/monsters_effects/AtlasofWorldsBosses/Atziri/fire_proj.ao""]","[""proj""]","[""impact""]",1200,1,2,"","","Metadata/Projectiles/Projectile","",2,"","",[],"",0,0,0,0,"","",0,0,100,100,0,[],"",[],"","","","","","","","","","",[],[],1
1908,"Metadata/Projectiles/ShockGrenadeSulphite","[""Metadata/Effects/Microtransactions/Spells/Mercenary/Sulphite/ao/Voltaic_Grenade/shock_grenade.ao""]","[""grenadeTimer""]","[""end_01""]",800,"",2,"","","Metadata/Projectiles/Projectile","",2,"","",[],"",0,0,0,0,10046,"",0,0,100,100,1,[],1,[],"","","","","","muzzle","","",0,"",[],[],1
1909,"Metadata/Projectiles/SparkDarkshard","[""Metadata/Effects/Microtransactions/Spells/Sorceress/Darkshard/Spark/spark_projectile.ao""]","[""projectile_01""]","[""impact_01""]",1000,1,1,1,"","Metadata/Projectiles/ProjectileGround","",2,"","",[],"",0,0,0,0,"","",0,0,100,100,5,"[""expire_01""]","",[],"","","","","","","","","","",[],[],1
1910,"Metadata/Projectiles/StormblastBoltBurstShotSulphite","[""Metadata/Effects/Microtransactions/Spells/Mercenary/Sulphite/ao/bolt_stormblast.ao""]","[""burst_01""]","[""impact_burst_01""]",5000,"",0,"","","Metadata/Projectiles/Projectile","",1,"","",[],"",0,0,0,0,10046,"",0,0,100,100,0,[],"",[],"","","",262,1,"muzzle_burst",262,"Audio/Sound Effects/Skills/4.0/Crossbow/Basic/Impacts/Impact_BurstSG","","",[],[],1
1911,"Metadata/Projectiles/StormblastBoltSiegeCascadeSulphite","[""Metadata/Effects/Microtransactions/Spells/Mercenary/Sulphite/ao/bolt_stormblast.ao""]","[""siege_01""]",[],2000,"",2,"","","Metadata/Projectiles/Projectile","",2,"","",[],"",100,0,0,0,10046,"",0,0,100,100,0,[],"",[],"","","","","","muzzle_siege","","","","",[],[],1
1912,"Metadata/Projectiles/VaalSunPriestBossProjectile","[""Metadata/Effects/Spells/monsters_effects/League_Incursion/VaalSunPriestBoss/projectile.ao""]","[""projectile""]","[""impact""]",1200,1,2,"","","Metadata/Projectiles/Projectile","",2,"","",[],"",0,0,0,0,"","",0,0,100,100,0,[],"",[],"","","","","","","","","","",[],[],1
1913,"Metadata/Projectiles/VaalSunPriestBossSoulerCoaster","[""Metadata/Effects/Spells/monsters_effects/League_Incursion/VaalSunPriestBoss/fire_mortar.ao""]","[""fly_group""]",[],750,1,2,"","","Metadata/Projectiles/ProjectileMortar","",2,"","",[],"",0,0,0,0,"","",0,0,100,100,0,[],"",[],"","","","","","","","","","",[],[],1
1914,"Metadata/Projectiles/StormblastBoltPowerShotSulphite","[""Metadata/Effects/Microtransactions/Spells/Mercenary/Sulphite/ao/Plasma_Blast/projectile_POWER.ao""]","[""power_01""]","[""impact""]",7200,"",1,"","","Metadata/Projectiles/Projectile","",4,"","",[],"",100,0,0,0,10046,"",0,0,100,100,0,[],"",[],"","","","","","muzzle_RailGun",264,"Audio/Sound Effects/Skills/4.0/Crossbow/Basic/Impacts/Impact_PowerSG","","",[],[],1
1915,"Metadata/Projectiles/StormblastBoltRapidShotSulphite","[""Metadata/Effects/Microtransactions/Spells/Mercenary/Sulphite/ao/bolt_stormblast.ao""]","[""rapid_01""]","[""impact_rapid_01""]",3500,"",0,"","","Metadata/Projectiles/Projectile","",0,"","",[],"",100,100,0,0,10046,"",0,0,100,100,0,[],"",[],"","","",265,1,"muzzle_rapid",265,"Audio/Sound Effects/Skills/4.0/Crossbow/Basic/Impacts/Impact_RapidSG","","",[],[],1
1916,"Metadata/Projectiles/BallLightningDarkshard","[""Metadata/Effects/Microtransactions/Spells/Sorceress/Darkshard/BallLightning/ball_Lightning.ao""]","[""projectile_01""]","[""impact_01""]",300,"",2,"","","Metadata/Projectiles/Projectile","",2,"","",[],"",0,0,0,0,"","",0,0,100,100,0,[],"",[],"","","","","","","","","","",[],[],1
1917,"Metadata/Projectiles/TriggeredDeadlyCurrent","[""Metadata/Effects/Spells/lightning_arc/projectile/arc_Projectile_01.ao""]","[""arc_Projectile_01"",""arc_Projectile__Infusion_01""]","[""impact_01""]",4250,"",2,"","","Metadata/Projectiles/Projectile","",2,"","",[],"",0,0,0,0,"","",0,0,100,100,0,"[""expire_01""]","",[],"","","","","","","","","","",[],"[""impact_wall_01""]",1
1918,"Metadata/Projectiles/ArchitectBossFirebolt","[""Metadata/Effects/Spells/monsters_effects/League_Incursion/ArchitectBoss/AOs/Basic_FireBolt.ao""]","[""loop""]","[""impact""]",1000,"",2,"","","Metadata/Projectiles/Projectile","",2,"","",[],"",0,0,0,0,"","",0,0,100,100,0,[],"",[],"","","","","","","","","","",[],[],1
1919,"Metadata/Projectiles/ArchitectBossIceSpear","[""Metadata/Effects/Spells/monsters_effects/League_Incursion/ArchitectBoss/AOs/Basic_ColdSpear.ao""]","[""loop""]","[""impact""]",10,"",2,"","","Metadata/Projectiles/Projectile","",2,"","",[],"",0,0,0,0,"","",0,0,100,100,0,[],"",[],"","","","","","","","","","",[],[],1
1920,"Metadata/Projectiles/ArchitectBossBouncingSpark","[""Metadata/Effects/Spells/monsters_effects/League_Incursion/ArchitectBoss/AOs/Basic_BouncingSpark.ao""]","[""mortar""]","[""end""]",1500,"",2,"","","Metadata/Projectiles/Projectile","",2,"","",[],"",0,0,0,0,"","",0,0,100,100,0,[],"",[],"","","","","","","","",23,"",[],[],1
1921,"Metadata/Projectiles/ArchitectBossChaosBolt","[""Metadata/Effects/Spells/monsters_effects/League_Incursion/ArchitectBoss/AOs/Basic_ChaosProjectile.ao""]","[""loop""]","[""impact""]",1250,"",2,"","","Metadata/Projectiles/Projectile","",2,"","",[],"",0,0,0,0,"","",0,0,100,100,0,[],"",[],"","","","","","","","","","",[],[],1
1922,"Metadata/Projectiles/ArchitectBossBloodBlob","[""Metadata/Effects/Spells/monsters_effects/League_Incursion/ArchitectBoss/AOs/Basic_BloodProjectile.ao""]","[""loop""]","[""impact""]",500,1,2,"","","Metadata/Projectiles/Projectile","",2,"","",[],"",0,0,0,0,"","",0,0,100,100,0,[],"",[],"","","","","","","","","","",[],[],1
1923,"Metadata/Projectiles/IncursionDoctorBounceLightning","[""Metadata/Effects/Spells/monsters_effects/League_Incursion/VaalLivingDoctor/mortar.ao""]","[""mortar""]","[""end""]",1500,1,2,"","","Metadata/Projectiles/Projectile","",2,"","",[],"",0,0,0,0,"","",0,0,100,100,0,[],"",[],"","","","","","","","",23,"",[],[],1
1924,"Metadata/Projectiles/IncursionDoctorBallLightning","[""Metadata/Effects/Spells/monsters_effects/League_Incursion/VaalLivingDoctor/orb.ao""]","[""loop""]","[""end""]",400,"",2,"","","Metadata/Projectiles/Projectile","",2,"","",[],"",0,0,0,0,"","",0,0,100,100,0,[],"",[],"","","","","","","","","","",[],[],1
1925,"Metadata/Projectiles/ArchitectBossWarpBalls","[""Metadata/Effects/Spells/monsters_effects/League_Incursion/ArchitectBoss/AOs/Tablet_BLB_Proj.ao""]","[""loop""]","[""impact""]",1500,"",4,"","","Metadata/Projectiles/Projectile","",5,"","",[],"",0,0,0,0,"","",0,0,100,100,0,[],"",[],"","","","","","","","","","",[],[],1
1926,"Metadata/Projectiles/ArchitectBossChaosTrail","[""Metadata/Effects/Spells/monsters_effects/League_Incursion/ArchitectBoss/AOs/Combo_Chaos_OrbProj.ao""]","[""loop""]","[""impact""]",350,"",2,"","","Metadata/Projectiles/ServerProjectile","",2,"","",[],"",0,0,0,0,"","",0,0,100,100,0,[],"",[],"","","","","","","","","","",[],[],1
1927,"Metadata/Projectiles/ArchitectBossBouncingChaos","[""Metadata/Effects/Spells/monsters_effects/League_Incursion/ArchitectBoss/AOs/Combo_Chaos_BouncyNova_Proj.ao""]","[""loop""]","[""impact""]",750,"",2,"","","Metadata/Projectiles/Projectile","",2,"","",[],"",0,0,0,0,"","",0,0,100,100,0,[],"",[4],"","","","","","","","","","",[],[],1
1928,"Metadata/Projectiles/ArchitectBossDeceleratingBloodSpray","[""Metadata/Effects/Spells/monsters_effects/League_Incursion/ArchitectBoss/AOs/Combo_Blood_OrbSpray.ao""]","[""loop""]","[""explode""]",1100,"",2,"","","Metadata/Projectiles/ServerProjectile","",2,"","",[],"",0,0,0,0,"","",0,0,100,100,0,[],"",[4],"","","","","","","","","","",[],[],1
1929,"Metadata/Projectiles/IceShotAurora","[""Metadata/Effects/Microtransactions/Spells/bow_ice_shot/Aurora/main_projectile.ao""]","[""projectile""]","[""impact""]",3260,"",1,"","","Metadata/Projectiles/Projectile","",1,"","",[],"",0,0,0,0,10170,"",0,0,100,100,0,[],"",[],"","","","","","muzzleSpell_Cold_01","","","","",[],[],1
1930,"Metadata/Projectiles/IceShotShardAurora","[""Metadata/Effects/Microtransactions/Spells/bow_ice_shot/Aurora/secondary_projectile.ao""]","[""projectile""]","[""impact""]",2100,"",1,"","","Metadata/Projectiles/Projectile","",1,"","",[],"",0,0,0,0,"","",0,0,100,100,0,[],"",[],"","","","","","","","","","",[],[],1
1931,"Metadata/Projectiles/glacial_lance_aurora","[""Metadata/Effects/Microtransactions/Spells/spear_glaciallance/Aurora/glacial_Lance.ao""]","[""projectile_Throw_01""]","[""impact_01""]",3250,"",2,"","","Metadata/Projectiles/Projectile","",2,"","",[],"",0,0,0,0,"","",0,0,100,100,0,[],"",[],"","","","","","",267,"","","",[],"[""impact_wall_01""]",1
1932,"Metadata/Projectiles/ElectricSpitPlayerLichborn","[""Metadata/Effects/Microtransactions/Spells/Wyvern/Lichborn/wyvern_electricspit/projectile.ao""]","[""projectile_no_arc_01""]","[""impact""]",1500,1,2,"","","Metadata/Projectiles/ProjectileMortar","",2,"","",[],"",0,0,0,0,"","",0,0,100,100,0,[],"",[],"","","","","","","","","","",[],[],1
1933,"Metadata/Projectiles/ElectricSpitChargedPlayerLichborn","[""Metadata/Effects/Microtransactions/Spells/Wyvern/Lichborn/wyvern_electricspit/projectile_Charged.ao""]","[""projectile_no_arc_01""]","[""impact""]",1500,1,2,"","","Metadata/Projectiles/ProjectileMortar","",2,"","",[],"",0,0,0,0,"","",0,0,100,100,0,[],"",[],"","","","","","","","","","",[],[],1
1934,"Metadata/Projectiles/FireMortarLichborn","[""Metadata/Effects/Microtransactions/Spells/Wyvern/Lichborn/fire_rolling_magma/magma_projectile.ao""]","[""mortar""]","[""impact""]",750,1,2,"","","Metadata/Projectiles/Projectile","",2,"","",[],"",0,0,0,0,"","",0,0,100,100,1,[],"",[],"","","","","","","","",4,"",[],[],1
1935,"Metadata/Projectiles/BallisticIceChunkBloodMoon","[""Metadata/Effects/Microtransactions/Spells/Druid/BloodMoon/Wolf/druid_crystalrain/crystal_Object_01.ao""]","[""staticCrystal_01""]",[],320,"",2,"","","Metadata/Projectiles/Projectile","",2,"","",[],"",0,0,0,0,"","",0,0,100,100,0,[],"",[],"","","","","","","","",20,"",[],[],1
