"rownum","Id","AnimatedArt","BeamArt","EffectPacksArt","ObjectArt","Variants","BuffVisuals","[i32]_104","ProjectileArt","Stat","MonsterVarieties","ActiveSkill","GrantedEffect","Monster","i32_216","MiscProjectileArt","MiscParticleArt","SkillWeaponEffectsArt","ArtVariationStat"
0,"global_auras",[2622],[],[],[],"[""Default"",""Archon"",""Imp"",""Carnage"",""Trinity"",""SoulNexus"",""ForceField"",""ArcticSkull"",""LightningSkull"",""InfernalSkull"",""Corsair"",""Betrayal"",""Mystic"",""Lava"",""Stygian"",""Celestial"",""Celestial_Tencent1"",""Celestial_Tencent2"",""Celestial_Tencent3"",""Huntsman"",""Madcap"",""Plated"",""Dragon"",""DragonBlue"",""Illusionist"",""Legion"",""Wrangler"",""Wild"",""Lich"",""Harlequin"",""CorruptedEmperor"",""Ringmaster"",""Black"",""White"",""Dragon_Hunter"",""Balefire"",""Dark_Magic"",""Scientist"",""Project"",""Angelic"",""Demonic"",""FrostViking"",""Sunrise"",""Nightfall"",""Darkwood"",""EthercraftSavage"",""EthercraftEnraged"",""EthercraftTranquil"",""EthercraftChaotic"",""DualDragon"",""Misery"",""Suffering"",""Sun"",""Lightbringer"",""Darkshard"",""Merchant"",""Scavenger"",""Overseer"",""Siren"",""Deepwater""]",[0],"[18079,842,14646,60842,33608,37998,19034,44108,43340,36671,51220,44880,45462,43749,39541,27572,46439,46436,46437,10526,59045,33232,25624,63772,54759,24373,13661,28806,56631,15800,7859,25284,25619,15971,13085,23387,50237,64816,55295,36925,61278,36735,53117,57192,12926,65156,54226,1322,49284,27394,32478,2790,34292,55723,35955,40677,46158,5427,42935,57983]",[],338,[],[],[],[],1000,[],[],[],""
1,"anger",[0],[],[],[],"[""Default"",""Alternate"",""Talisman"",""Ground""]",[73],"[18079,25075,50744,62389]",[],338,[],[100],[],[],1000,[],[],[],""
2,"hatred",[1],[],[],[],"[""Default"",""Alternate"",""Talisman"",""SmallTalisman"",""Ground""]",[77],"[18079,25075,50744,23449,62389]",[],338,[],"[101,102]",[],[],1000,[],[],[],""
3,"wrath",[3],[],[],[],"[""Default"",""Alternate"",""Talisman"",""Ground""]",[82],"[18079,25075,50744,62389]",[],338,[],"[103,381]",[],[],1000,[],[],[],""
4,"haste",[4],[],[],[],"[""Default"",""Alternate"",""Wandering""]",[86],"[18079,25075,11702]",[],338,[],"[93,380]",[],[],1000,[],[],[],""
5,"default_ranged",[],[],[],[],[],[],[],[0],4628,[],"[40,41,561,562,563,564,568,569,570,571,661,754,755,756,757,758,759,760,761,762,763,764,765,766,767,768,769,770,772,775,943,771,1095]",[],[],1000,[],[],[],""
6,"steelskin",[5],[],"[0,3]",[],"[""Default"",""Maven"",""Stygian""]",[89],"[18079,1353,39541]",[],338,[],"[407,480]",[],[],1000,[],[],[],""
7,"cremation","[8,16,24]",[],[],[],"[""Default"",""Elder"",""Abyss"",""Gore"",""Quicksilver"",""Darkwood"",""VaalOrb"",""VoidEmperor""]",[],"[18079,18332,37812,63064,7534,12926,3918,48015]",[44],338,[],"[315,316]",[],[],1000,[],[],[],""
8,"consecrated_path","[32,37,42]",[],[],[],"[""Default"",""Elreon"",""Stygian"",""Celestial""]",[],"[18079,49177,39541,27572]",[],338,[],[359],[],[],1000,[],[],[],""
9,"consecrated_path_ancestral","[47,50,53]",[],[],[],"[""Default"",""Elreon"",""Stygian"",""Celestial""]",[],"[18079,49177,39541,27572]",[],338,[],[359],[],[],1000,[],[],[],""
10,"divine_cry",[56],[0],"[6,9]",[],"[""Default"",""UNUSED"",""Celestial"",""Wolf""]",[467],"[18079,64124,27572,45252]",[],338,[],[495],[],[],1000,[],[],[],""
11,"ignite",[],[],[],[],"[""Default"",""White"",""Ghostfire"",""Blue"",""Stygian"",""Corsair"",""Blackflame"",""Holy"",""Empyrean"",""PolarisWhite"",""PolarisBlack"",""Glimmerwood"",""Demonic"",""Nightfall"",""BlackflameUnique"",""StygianHoly"",""Celestial"",""CelestialConsecratedPath"",""VoidEmperor"",""Mystic"",""MeteorShower"",""Oblivion"",""LegacyOfFury"",""Demonic""]","[92,139]","[18079,15971,49596,52194,39541,51220,37683,27667,17735,41774,36530,61967,61278,57192,20329,739,27572,56350,48015,45462,64137,116,35014,61278]",[],12551,[],[],[],[],1000,[],[],[],""
12,"scorch",[],[],[],[],"[""Default"",""Demonic""]",[140],"[18079,61278]",[],15990,[],[],[],[],1000,[],[],[],""
13,"shock",[],[],[],[],"[""Default"",""Purple"",""Divine"",""Red"",""Empyrean"",""Green"",""Stygian"",""Celestial"",""CelestialTempest"",""Void"",""Divine"",""VoidAlternate"",""VoidEmperor"",""AutomatonLightningTendrils"",""VoidForge"",""StarForge""]",[142],"[18079,19343,29263,16806,17735,15240,39541,27572,247,9203,29263,22003,48015,27259,17279,65211]",[],15424,[],[],[],[],1000,[],[],[],""
14,"sap",[],[],[],[],"[""Default"",""Void""]",[183],"[18079,9203]",[],15992,[],[],[],[],1000,[],[],[],""
15,"chill",[],[],[],[],"[""Default"",""Myrmidon"",""HyrrisIre"",""VoidEmperor"",""Crystalline""]",[185],"[18079,27566,54248,48015,45820]",[],15538,[],[],[],[],1000,[],[],[],""
16,"freeze",[],[],[],[],"[""Default"",""Myrmidon"",""VoidEmperor"",""Crystalline""]",[196],"[18079,27566,48015,45820]",[],15539,[],[],[],[],1000,[],[],[],""
17,"brittle",[],[],[],[],"[""Default"",""Crystalline""]",[213],"[18079,45820]",[],15991,[],[],[],[],1000,[],[],[],""
18,"poison",[],[],[],[],"[""Default"",""Demonic"",""BlackTar"",""Illusionist"",""Oblivion""]",[215],"[18079,61278,21233,54759,116,26742]",[],15540,[],[],[],"[""MeleeSpider""]",100,[],[],[],""
19,"bleed",[],[],[],[],"[""Default"",""Purple"",""Stygian"",""Voodoo""]",[231],"[18079,19343,39541,37825]",[],15541,[],[],[],[],1000,[],[],[],""
20,"exposure",[],[],[],[],"[""Default"",""Stygian"",""Celestial""]","[237,236,238,906]","[18079,39541,27572]",[],13338,[],[],[],[],1000,[],[],[],""
21,"soulfeast","[69,70]",[],[],[],"[""Default""]",[],[18079],"[52,54]",338,[],[],[],[],1000,[],[],[],""
22,"wet",[],[],[],[],"[""Default"",""Abyss"",""Divine""]",[893],"[18079,37812,29263]",[],24414,[],[],[],[],1000,[],[],[],""
23,"mana_void","[73,74,75,76,77,78,79,80,81,82,83]",[],[],[],"[""Default""]",[],[18079],[],338,[],[499],[],[],1000,[],[],[],""
24,"storm_rain","[84,85,86]",[3],[],[0],"[""Default""]",[],[18079],[],338,[],[500],[],[],1000,[],[],[],""
25,"infernal_blow","[100,101]",[],[],[],"[""Default"",""Stygian""]","[251,253,255]","[18079,39541]",[],338,[],[55],[],[],1000,[],[],[],""
26,"smoke_mine",[104],[],[],[],"[""Default"",""Stygian""]",[],"[18079,39541,41304]",[],338,[],[134],[],"[""Shroudwalker""]",1000,[],[],[],""
27,"chain_hook","[108,110,112,114]",[4],"[12,14]",[],"[""Default"",""Stygian""]",[],"[18079,39541]",[],338,[],[],[],[],1000,[],[],[],""
28,"arcane_cloak",[116],[],"[16,18]",[],"[""Default"",""VoidEmperor""]",[257],"[18079,48015]",[],338,[],[436],[],[],1000,[],[],[],""
29,"orb_of_storms","[2431,118,123,128,2439]",[6],[309],[],"[""Default"",""Celestial"",""Demonic""]",[],"[18079,27572,61278,18079,55408,35955]",[],338,[],[218],[],"[""Default"",""Scientist1"",""Darkshard""]",1000,[],[],[],""
30,"spark",[2486],[],[693],[],"[""Default"",""SkeletonSpark"",""SpiderSpark"",""AvariusSpark"",""FireSpider"",""Sand"",""LightningElder"",""BestiaryCocoon"",""VaalIncursion"",""IncursionPipe"",""VaalIncursionEpic"",""DelveDweller"",""BetrayalCatarinaSpark"",""LegionMarakethSpark"",""LegionMarakethTornadoSpark"",""AtlasEyrie"",""HarvestHellion"",""Automaton"",""Celestial"",""Void""]",[],"[18079,63244,63286,26477,55029,25598,37016,62017,45534,10364,56855,15938,15102,32275,4271,13264,58149,3488,27572,9203,62305,33602,32874,17346,1975,59753,62896,63252,53877,2708,35955]","[61,104]",338,[],"[49,337,51,52,50,1086]",[],"[""VaalArchivistSpark"",""VaalZealotSpark"",""AnchoriteInvisible"",""Scientist1Spark"",""ViperNapuatziSpark"",""VaalZealotSparkDescend"",""ChaosGodOwlBossSparknado"",""TormentedSpiritMiniSparknado"",""TormentedSpiritPossesedSparknado"",""AbyssMonolithicSlug"",""Darkshard""]",1000,[],[],[],""
31,"spark_monster",[],[],[],[],"[""BookTornado"",""FireTornado"",""AfflicationFlamenado""]",[],"[42246,34282,41848,45198,30018]",[93],808,[],"[49,337,51,52]",[],"[""SkelemancerBonenado"",""SnakeSpark""]",1000,[],[],[],""
32,"dual_strike","[133,135,138,139]",[],[],[],"[""Default"",""NoImpact"",""Nightfall""]",[],"[18079,32633,57192]",[],338,[],[15],[],[],1000,[],[],[],""
33,"weapon_trap","[140,141,142,143]",[],[22],[],"[""Default""]",[],[18079],[],338,[],[497],[],[],1000,[],[],[],""
34,"shield_waves","[144,145]",[],[],[],"[""Default""]",[],[18079],[],338,[],[501],[],[],1000,[],[],[],""
35,"exsanguinate",[],"[11,12]",[],[],"[""Default"",""Celestial"",""Mercurial""]",[259],"[18079,27572,25270,31610]",[],338,[],[481],[],"[""BloodMage""]",1000,[],[],[],""
36,"void_burst","[146,147,148]",[],[],[],"[""Default""]",[263],[18079],[],338,[],[493],[],[],1000,[],[],[],""
37,"bladefall","[149,155,161]",[],[],[],"[""Default"",""Gold"",""Demonic"",""Acid"",""Chrome"",""Sawblade"",""Illusionist"",""VoidEmperor""]",[],"[18079,38699,61278,16802,55413,28838,54759,48015]",[],338,[],"[213,214]",[],[],1000,[],[],[],""
38,"rage_slash","[177,179]",[],[25],[],"[""Default"",""Starfall""]",[],"[18079,3450]",[],338,[],[],[],[],1000,[],[],[],""
39,"ambush",[220],[],"[23,24]",[],"[""Default""]",[264],[18079],[],338,[],[496],[],[],1000,[],[],[],""
40,"shock_nova",[3204],[],[],[],"[""Default"",""Riftworm"",""Kuduku"",""Blight"",""StormCultist"",""MonsterShock""]",[],"[18079,9609,36942,7333,64637,62796]",[],338,[],[199],[],[],1000,[],[],[],""
41,"boneshatter",[193],[],[195],[],"[""Default"",""Celestial"",""101 = Skeletal Brute""]",[],"[18079,27572,59801]",[],338,[],"[503,504]",[],[],1000,[],[],[],""
42,"flame_golem_monster",[],[],[],[],"[""Warband""]",[],[51089],[],893,[],[194],[],[],1000,[],[],[],""
43,"flame_golem",[],[],[],[],"[""Darkshard"",""Lightbringer"",""Miracle"",""Clockwork"",""Default"",""StormCaller""]",[],"[35955,55723,15198,56503,18079,6258]",[],338,[],[194],[],[],1000,[],[],[],""
44,"lightning_golem",[],[],[],[],"[""Darkshard"",""Lightbringer"",""Miracle"",""Clockwork"",""Default"",""StormCaller""]",[],"[35955,55723,15198,56503,18079,6258]",[],338,[],[244],[],[],1000,[],[],[],""
45,"ice_golem_monster",[],[],[],[],"[""Warband""]",[],[51089],[],893,[],[193],[],[],1000,[],[],[],""
46,"ice_golem",[],[],[],[],"[""Darkshard"",""Lightbringer"",""Miracle"",""Clockwork"",""Default"",""StormCaller""]",[],"[35955,55723,15198,56503,18079,6258]",[],338,[],[193],[],[],1000,[],[],[],""
47,"chaos_golem_monster",[],[],[],[],"[""Warband""]",[],[51089],[],893,[],[192],[],[],1000,[],[],[],""
48,"chaos_golem",[],[],[],[],"[""Darkshard"",""Lightbringer"",""Miracle"",""Clockwork"",""Default"",""StormCaller""]",[],"[35955,55723,15198,56503,18079,6258]",[],338,[],[192],[],[],1000,[],[],[],""
49,"stone_golem",[],[],[],[],"[""Darkshard"",""Lightbringer"",""Miracle"",""Clockwork"",""Default"",""StormCaller""]",[],"[35955,55723,15198,56503,18079,6258]",[],338,[],[220],[],[],1000,[],[],[],""
50,"bone_golem",[],[],[],[],"[""Default"",""Celestial"",""Darkwood"",""Stygian""]",[],"[18079,27572,12926,39541]",[],338,[],[419],[],[],1000,[],[],[],""
51,"cold_snap","[196,203,204,211]",[],[],[],"[""Default"",""BigHands"",""Azurite"",""ProtoVaal"",""Overseer"",""Blighted"",""Delirium""]",[265],"[18079,37316,62276,18886,5427,25535,16922]",[],338,[],"[29,30]",[],[],1000,[],[],[],""
52,"blood_rage",[218],[],[],[],"[""Default"",""Scavenger""]",[268],"[18079,46158]",[],338,[],[26],[],[],1000,[],[],[],""
53,"falling_thunder","[221,222,223,224]",[],[29],[],"[""Default"",""Alternate"",""Myrmidon"",""Vulcan"",""VoidEmperor""]",[],"[18079,25075,27566,15703,48015]",[112],338,[],[638],[],[],1000,[],[],[],""
54,"vortex",[229],[],[],[],"[""Default"",""Blackhole"",""UltimatumCold"",""UltimatumLightning"",""UltimatumRuin"",""Myrmidon""]",[],"[18079,59527,47438,14591,29755,27566]",[],338,[],"[238,946]",[],[],1000,[],[],[],""
55,"burning_arrow","[233,234]",[],[31],[],"[""Default"",""Mystic""]",[433],"[18079,45462]","[114,115]",338,[],"[104,105]",[],[],1000,[],[],[],""
56,"dash","[237,242,243,244,240,241]",[],"[33,34,46]",[],"[""Default"",""Wild"",""MonsterRunUnarmed"",""MonsterRun"",""Constrictor"",""Myrmidon"",""Divergence""]",[],"[18079,28806,44071,55600,8701,27566,58468]",[],338,[],"[408,582,428]",[],[],1000,[],[],[],""
57,"cyclone","[262,279,299,292,293,305]",[],[],[],"[""Default"",""White"",""Blue"",""Saw"",""Illusionist"",""Celestial"",""Reserved1"",""Reserved2"",""Dark"",""Ghostflame"",""Automaton"",""BrutalPirateLord"",""UltimatumSabreSpider"",""UltimatumSabreSpiderRuin"",""UltimatumTrialmaster"",""Currency"",""Sharknado"",""Auspicious""]",[],"[18079,15971,52194,37218,54759,27572,3658,3657,5676,894,3488,28691,33116,19253,49128,53000,37940,45563]",[],338,[],"[126,125]",[],[],1000,[],[],[],""
58,"herald_of_ash","[322,343]",[],[],[],"[""Default"",""GhostFlame"",""Gloom"",""Divine"",""Purple"",""Gore"",""Sin"",""Innocence"",""Wasteland"",""Automaton"",""Celestial"",""BloodGuard"",""FaithGuard"",""Demonic"",""Empyrean"",""PolarisWhite"",""DragonHunter"",""Stygian"",""Glimmerwood"",""Darkwood"",""Despair""]","[272,273]","[18079,24397,57905,29263,19343,63064,48611,51245,53281,3488,27572,27987,25282,61278,17735,41774,9218,39541,61967,12926,50928]",[],338,[],[173],[],[],1000,[],[],[],""
59,"herald_of_ice",[369],[],[],[],"[""Default"",""UNUSED"",""Gloom"",""Divine"",""Purple"",""Gore"",""Sin"",""Innocence"",""Wasteland"",""Automaton"",""Celestial"",""BloodGuard"",""FaithGuard"",""Demonic"",""Empyrean"",""PolarisWhite"",""DragonHunter"",""Stygian"",""Glimmerwood"",""Darkwood"",""Despair""]",[341],"[18079,64124,57905,29263,19343,63064,48611,51245,53281,3488,27572,27987,25282,61278,17735,41774,9218,39541,61967,12926,50928]",[],338,[],[174],[],[],1000,[],[],[],""
60,"herald_of_thunder",[344],[],[],[],"[""Default"",""Tribal"",""Gloom"",""Divine"",""Purple"",""Gore"",""Sin"",""Innocence"",""Wasteland"",""Automaton"",""Celestial"",""BloodGuard"",""FaithGuard"",""Demonic"",""Empyrean"",""PolarisWhite"",""DragonHunter"",""Stygian"",""Glimmerwood"",""Darkwood"",""Despair"",""Valkyrie""]","[315,364]","[18079,24417,57905,29263,19343,63064,48611,51245,53281,3488,27572,27987,25282,61278,17735,41774,9218,39541,61967,12926,50928,14117]",[],338,[],[175],[],[],1000,[],[],[],""
61,"herald_of_purity","[391,402]",[],[],[],"[""Default"",""GhostFlame"",""Gloom"",""Divine"",""Purple"",""Gore"",""Sin"",""Innocence"",""Wasteland"",""Automaton"",""Celestial"",""BloodGuard"",""FaithGuard"",""Demonic"",""Empyrean"",""PolarisWhite"",""DragonHunter"",""Stygian"",""Glimmerwood"",""Darkwood"",""Despair""]",[412],"[18079,24397,57905,29263,19343,63064,48611,51245,53281,3488,27572,27987,25282,61278,17735,41774,9218,39541,61967,12926,50928]",[],338,[],[176],[],[],1000,[],[],[],""
62,"eye_of_winter","[416,420]",[],"[404,405,406,407,408,409]",[],"[""Default"",""Celestial"",""VaalZealot"",""Abyssal""]",[],"[18079,27572,16732,25569,18079,4760]","[118,124]",338,[],"[506,507]",[],"[""Default"",""Obsidian""]",1000,[],[],[],""
63,"spectral_helix","[428,430,432]",[],[47],[],"[""Default"",""Nightfall""]",[],"[18079,57192]",[130],338,[],"[137,502]",[],[],1000,[],[],[],""
64,"earthquake","[434,446,460,474,488]",[],[],[],"[""Default"",""Vinktar"",""Blood"",""Bear"",""Bone"",""Gemling"",""GemlingUpgraded"",""Machinarium"",""SmallBlood"",""Crystal"",""RedCrystal"",""DoryaniCold"",""OshabiHammer"",""Harmonious""]",[],"[18079,40319,50511,45183,26857,25069,719,22740,49410,25591,50949,57401,58129,57521]",[],338,[],"[222,225,223,224]",[],[],1000,[],[],[],""
65,"earthquake_ancestral","[500,505,510,515,520]",[],[],[],"[""Default"",""Vinktar"",""Blood"",""Bear"",""Bone"",""Gemling"",""GemlingUpgraded"",""Machinarium"",""SmallBlood"",""Crystal"",""RedCrystal"",""DoryaniCold"",""OshabiHammer""]",[],"[18079,40319,50511,45183,26857,25069,719,22740,49410,25591,50949,57401,58129]",[],338,[],"[222,225]",[],[],1000,[],[],[],""
66,"earthquake_lite","[525,526,527,528,529]",[],[],[],[],[],[],[],338,[],"[222,225,223,224]",[],[],1000,[],[],[],""
67,"earthshatter","[548,552,555,560,551,563,558,559,2774]",[19],[],"[1,62]","[""Default"",""Verdant"",""Lava""]",[],"[18079,22421,43749]",[],338,[],[452],[],[],1000,[],[],[],""
68,"earthshatter_ancestral","[564,567,570,573,551,563,576,577,2775]",[20],[],[5],"[""Default"",""Verdant"",""Lava""]",[],"[18079,22421,43749]",[],338,[],[452],[],[],1000,[],[],[],""
69,"ground_slam","[592,601,602]",[],[],[],"[""Default"",""Blood"",""Molten"",""Bones"",""BrutusLightning"",""BrineShieldCrab"",""DefaultSpikes"",""Celestial"",""DwellerDeep"",""Oblivion"",""OnyxOblivion""]",[],"[18079,50511,19877,5799,30086,20384,21898,27572,51406,116,38576]",[],338,[],[1],[],[],1000,[],[],[],""
70,"ground_slam_ancestral","[612,616]",[],[],[],"[""Default"",""Blood"",""Molten"",""Bones"",""BrutusLightning"",""BrineShieldCrab"",""DefaultSpikes"",""Celestial"",""DwellerDeep"",""Oblivion"",""OnyxOblivion""]",[],"[18079,50511,19877,5799,30086,20384,21898,27572,51406,116,38576]",[],338,[],[1],[],[],1000,[],[],[],""
71,"ice_crash","[620,622,624]",[],[],[],"[""Default"",""Automaton""]",[],"[18079,3488]",[],338,[],[195],[],[],1000,[],[],[],""
72,"ice_crash_lite","[626,628,630]",[],[],[],"[""Default"",""Automaton""]",[],"[18079,3488]",[],338,[],[195],[],[],1000,[],[],[],""
73,"ice_crash_ancestral","[632,634,636]",[],[],[],"[""Default"",""Automaton""]",[],"[18079,3488]",[],338,[],[195],[],[],1000,[],[],[],""
74,"leap_slam","[638,649]",[],"[48,53,54]",[],"[""Default"",""Goat"",""Kaom"",""MysteryVariation"",""ChurchStatue"",""LabyrinthBoss"",""Electric"",""SuperGoat"",""SuperQuietGoat"",""Kitava"",""ShadowTrail"",""BestiaryRaptor"",""KitavaSnowflake"",""IncursionConstruct"",""DelveLightning"",""BetrayalElreon"",""BetrayalDash"",""NoEffects"",""SynthesisGolem"",""NewLeapSlam"",""LegionKaruiLeapSlam"",""CultistLeapSlam"",""Celestial"",""Carneval"",""BoneGolem"",""Harlequin"",""AfflictionPhysDemon"",""AfflictionPhysBoss"",""AfflictionMinion"",""StygianBoneGolem"",""HarvestHulk"",""HarvestBirddog"",""HarvestTaco"",""HarvestRhex"",""HarvestGoatman"",""DarkwoodBoneGolem"",""CelestialBoneGolem"",""HellscapeSkyStab"",""Heritage"",""CrowbellLeapSlam"",""CultistGolemSlam""]",[],"[18079,47520,44737,21597,21271,4209,27110,47937,30725,5816,37479,15535,33811,31491,37899,24316,24762,50559,41690,15998,37850,18949,27572,59670,11022,15800,9387,3764,33406,56396,55190,53526,41112,43302,31939,14504,56150,46444,8972,1015,29555]",[],338,[],"[8,10,204,9,776]",[],[],1000,[],[],[],""
75,"leap_slam_ancestral","[693,700]",[],"[48,53,54]",[],"[""Default"",""Goat"",""Kaom"",""MysteryVariation"",""ChurchStatue"",""LabyrinthBoss"",""Electric"",""SuperGoat"",""SuperQuietGoat"",""Kitava"",""ShadowTrail"",""BestiaryRaptor"",""KitavaSnowflake"",""IncursionConstruct"",""DelveLightning"",""BetrayalElreon"",""BetrayalDash"",""NoEffects"",""SynthesisGolem"",""NewLeapSlam"",""LegionKaruiLeapSlam"",""CultistLeapSlam"",""Celestial"",""Carneval"",""BoneGolem"",""Harlequin"",""AfflictionPhysDemon"",""AfflictionPhysBoss"",""AfflictionMinion"",""StygianBoneGolem"",""HarvestHulk"",""HarvestBirddog"",""HarvestTaco"",""HarvestRhex"",""HarvestGoatman"",""DarkwoodBoneGolem"",""CelestialBoneGolem"",""HellscapeSkyStab"",""Heritage""]",[],"[18079,47520,44737,21597,21271,4209,27110,47937,30725,5816,37479,15535,33811,31491,37899,24316,24762,50559,41690,15998,37850,18949,27572,59670,11022,15800,9387,3764,33406,56396,55190,53526,41112,43302,31939,14504,56150,46444,8972]",[],338,[],"[8,10,204,9,776]",[],[],1000,[],[],[],""
76,"perforate","[719,720,721,722,723]",[],[],[],"[""Default""]",[],[18079],[],338,[],[411],[],[],1000,[],[],[],""
77,"perforate_ancestral","[724,725,726,727,728]",[],[],[],"[""Default""]",[],[18079],[],338,[],[411],[],[],1000,[],[],[],""
78,"sunder","[729,733,737]",[],[],[],"[""Default"",""Blood"",""UNUSED"",""UNUSED"",""UNUSED"",""DefaultPlayer"",""Glimmerwood""]",[],"[18079,50511,64124,64124,64124,11395,61967]",[],338,[],"[234,1053]",[],[],1000,[],[],[],""
79,"sunder_ancestral","[741,745,749]",[],[],[],"[""Default"",""Blood"",""UNUSED"",""UNUSED"",""UNUSED"",""DefaultPlayer"",""Glimmerwood""]",[],"[18079,50511,64124,64124,64124,11395,61967]",[],338,[],"[234,1053]",[],[],1000,[],[],[],""
80,"tectonic_slam","[756,760,764,768]",[],[],[],"[""Default"",""CrabBoss"",""HarvestHellion"",""Celestial""]",[],"[18079,48347,58149,27572]",[],338,[],[319],[],[],1000,[],[],[],""
81,"tectonic_slam_ancestral","[772,774,776,768]",[],[],[],"[""Default"",""CrabBoss"",""HarvestHellion"",""Celestial""]",[],"[18079,48347,58149,27572]",[],338,[],[319],[],[],1000,[],[],[],""
82,"tectonic_slam_lite","[778,780,782]",[],[],[],"[""Default"",""CrabBoss"",""HarvestHellion"",""Celestial""]",[],"[18079,48347,58149,27572]",[],338,[],[319],[],[],1000,[],[],[],""
83,"cleave","[784,788,790,793]",[],[],[],"[""Default"",""DemonCleave"",""BreachCleave"",""NoEffect"",""BreachSmallCleave"",""LegionEternalEmpire"",""BeastCleave""]",[],"[18079,34274,56897,47632,34009,21981,4403]",[],338,[],[],[],[],1000,[],[],[],""
84,"blade_flurry_sound",[806],[],[],[],"[""Default"",""MossMonster"",""NoSound"",""Urchin""]",[],"[18079,52232,48877,39658]",[],1716,[],"[16,17]",[],[],1000,[],[],[],""
85,"purge_hound_whirling_blades_sound",[811],[],[],[],"[""Default"",""MossMonster""]",[],"[18079,52232]",[],1716,[],[278],[],[],1000,[],[],[],""
86,"whirling_leap_sound",[813],[],[],[],"[""Default"",""MossMonster""]",[],"[18079,52232]",[],1716,[],[221],[],[],1000,[],[],[],""
87,"maligaro_blade_flurry_sound",[815],[],[],[],"[""Default"",""MossMonster""]",[],"[18079,52232]",[],1716,[],[272],[],[],1000,[],[],[],""
88,"mortar_barrage_mine","[817,820]",[],[],[],"[""Default"",""CorruptedEmperor"",""Stygian""]",[435],"[18079,7859,39541]",[132],338,[],[425],[],[],1000,[],[],[],""
89,"mine_lightning_explosion",[823],[],[],[],"[""Default"",""CorruptedEmperor"",""Stygian""]",[437],"[18079,7859,39541]",[],338,[],[426],[],[],1000,[],[],[],""
90,"cold_projectile_mine",[826],[],[],[],"[""Default"",""CorruptedEmperor"",""Stygian""]",[439],"[18079,7859,39541]",[135],338,[],[427],[],[],1000,[],[],[],""
91,"glacial_cascade","[847,851]",[],[],[],"[""Default"",""Gore"",""Arctic"",""Illusionist""]",[],"[18079,63064,59603,54759,18079,35583]",[],338,[],"[463,593]",[],"[""Default"",""StoneBender""]",1000,[],[],[],""
92,"glacial_cascade_lite","[857,858]",[],[],[],"[""Default"",""Gore"",""Arctic"",""Illusionist""]",[],"[18079,63064,59603,54759]",[],338,[],[463],[],[],1000,[],[],[],""
93,"glacial_cascade_old",[859],[],[],[],"[""Default"",""Dark"",""Miner"",""Chaos"",""Molten"",""Ornaments"",""Seawitch"",""Wave"",""Gemling"",""GemlingUpgraded"",""Lightning"",""AbyssBatVomit"",""Arctic"",""Illusionist"",""Stranglecharm""]",[],"[18079,5676,52447,38322,19877,35565,49065,24110,25069,719,41050,34205,59603,54759,21597]",[],338,[],"[161,162]",[],[],1000,[],[],[],""
94,"valakos_charge",[3252],[224],[671],[],"[""Default""]",[],[18079],[],338,[],[34],[],[],1000,[],[],[],""
95,"arc","[874,887,890,902]","[21,37]","[55,58]",[],"[""Default"",""Guardian"",""Piety"",""BreachLightning"",""PurpleMTX"",""Clockwork"",""Automaton"",""Sulphite"",""Celestial"",""BlightLightning"",""WithCurve"",""BreachLightningNew"",""HellscapeFleshFodder"",""AtlasInvadersConsumeFodder2"",""LightlessStalker""]",[441],"[18079,57229,56950,58664,43085,56503,3488,48680,27572,11101,57028,2612,44603,7272,21223]",[],338,[],"[35,36,520,566,1032]",[],[],1000,[],[],[],""
96,"chronomancer",[906],[],"[59,61,63,65]",[],"[""Default"",""Sanctum""]",[],"[18079,23923]",[],338,[],[509],[],[],1000,[],[],[],""
97,"flame_wall","[908,913]",[],[],[9],"[""Default"",""Stygian"",""Oblivion"",""Transcendence""]",[444],"[18079,39541,116,28088,18079,49438,1789]",[],338,[],[458],[],"[""Default"",""DemonicFire"",""Phantasmal""]",1000,[],[],[],""
98,"storm_brand","[920,923,926,929,932]","[53,56]",[],[],"[""Default"",""Automaton"",""Celestial""]",[],"[18079,3488,27572]",[],338,[],[],[],[],1000,[],[],[],""
99,"armageddon_brand","[935,937,939,941,943,945]",[59],[],[],"[""Default"",""UNUSED"",""Celestial""]",[],"[18079,64124,27572]",[],338,[],[],[],[],1000,[],[],[],""
100,"arcanist_brand","[947,949,951,953]",[61],[],[],"[""Default"",""UNUSED"",""Celestial""]",[],"[18079,64124,27572]",[],338,[],[],[],[],1000,[],[],[],""
101,"penance_brand","[955,957,959,961,963,965]","[63,65]",[],[],"[""Default"",""UNUSED"",""Celestial""]","[457,459]","[18079,64124,27572]",[],338,[],[],[],[],1000,[],[],[],""
102,"winter_brand","[967,969,971,973,975]","[67,69]",[],[],"[""Default"",""UNUSED"",""Celestial""]","[461,463,465]","[18079,64124,27572]",[],338,[],[],[],[],1000,[],[],[],""
103,"shield_charge","[977,982,987,992,997,1002,1006,1011]",[],"[132,135,140,145,150]",[],"[""Default"",""UNUSED"",""Kitava"",""Tibbs"",""Misery"",""Deepwater""]",[],"[18079,64124,5816,63659,32478,57983]",[],338,[],[],[],[],1000,[],[],[],""
104,"elemental_storm","[1172,1184,1186,1188,1190,1192,1194,1196,1198,1200,1202]",[],[],[],"[""Default"",""Shark""]",[],"[18079,39872]",[],338,[0],[511],[],[],1000,[],[],[],""
105,"barrage_bow","[1013,1021,1029]",[],[],[],"[""Default"",""Snipe"",""Celestial"",""Blood"",""NonStick""]",[],"[18079,61594,27572,50511,13004]",[141],338,[],[153],[],[],1000,[],[],[],""
106,"barrage_wand","[1017,1025,1029]",[],[],[],"[""Default"",""Snipe"",""Celestial"",""Blood"",""NonStick""]",[],"[18079,61594,27572,50511,13004]",[146],338,[],[153],[],[],1000,[],[],[],""
107,"flame_dash","[1031,1045]",[],[155],[],"[""Default"",""Cold"",""Harbinger"",""FireIceMicro"",""Blue"",""Wasteland"",""Corsair"",""Stygian"",""Black"",""Scientist"",""Demonic"",""Nightfall"",""Siren"",""Auspicious""]",[],"[18079,13381,41619,11119,52194,53281,51220,39541,25619,64816,61278,57192,42935,45563]",[],338,[],[200],[],[],1000,[],[],[],""
108,"virulent_arrow","[1046,1050,1054,1058,1062,1066,1070,1074,1078]",[],[156],[],"[""Default"",""BlackLotus"",""Celestial""]",[],"[18079,33766,27572]","[150,154,158]",338,[],[],[],[],1000,[],[],[],""
109,"blight_channel","[1082,1087,1088,1092,1096,1101]",[],[],[],"[""Default"",""Celestial"",""Sunprism"",""Scientist"",""Project""]","[470,475]","[18079,27572,52008,64816,55295]",[],338,[],[],[],[],1000,[],[],[],""
110,"tempest_shield","[1106,1108,1110,1112]",[71],[160],[],"[""Default"",""Celestial""]",[],"[18079,27572]",[],338,[],[84],[],[],1000,[],[],[],""
111,"wither_channelled","[1114,1121]",[],[],[],"[""Default"",""Arcane"",""Celestial"",""Sunprism"",""Scientist"",""Demonic"",""Project""]","[477,483]","[18079,47901,27572,52008,64816,61278,55295]",[],338,[],[228],[],[],1000,[],[],[],""
112,"soul_link","[1128,1129]",[73],[166],[],"[""Default""]","[485,486]",[18079],[],338,[],[513],[],[],1000,[],[],[],""
113,"storm_blade","[1130,1132]",[],[],[],"[""Default"",""Celestial""]",[487],"[18079,27572]",[],338,[],[512],[],[],1000,[],[],[],""
114,"flame_link","[1134,1135]",[74],[167],[],"[""Default""]","[488,489]",[18079],[],338,[],[514],[],[],1000,[],[],[],""
115,"remora_link","[1136,1137]",[75],[168],[],"[""Default""]","[490,491]",[18079],[],338,[],[515],[],[],1000,[],[],[],""
116,"bulwark_link","[1138,1139]",[76],[169],[],"[""Default""]","[492,493]",[18079],[],338,[],[516],[],[],1000,[],[],[],""
117,"trigger_link","[1140,1141]",[77],[170],[],"[""Default""]","[494,495]",[18079],[],338,[],[517],[],[],1000,[],[],[],""
118,"critical_link","[1142,1143]",[78],[171],[],"[""Default""]","[496,497]",[18079],[],338,[],[518],[],[],1000,[],[],[],""
119,"brand_surge","[1144,1145,1146,1147,1148,1149]",[79],[],[],"[""Default"",""UNUSED"",""Celestial""]",[],"[18079,64124,27572]",[],338,[],[],[],[],1000,[],[],[],""
120,"lightning_arrow","[1162,1167]",[166],[],[],"[""Default"",""Blood"",""Divine"",""Faridun""]",[],"[18079,50511,29263,7062]",[162],338,[],[91],[],[],1000,[],[],[],""
121,"tornado_shot_bow","[1174,1179]",[],[162],[79],"[""Default"",""MTX"",""Chaos"",""Celestial""]",[],"[18079,35902,38322,27572]","[167,172]",338,[],[169],[],[],1000,[],[],[],""
122,"tornado_shot_wand","[1174,1179]",[],[162],[],"[""Default"",""MTX"",""Chaos"",""Celestial""]",[],"[18079,35902,38322,27572]","[177,178]",338,[],[169],[],[],1000,[],[],[],""
123,"firebolt","[1204,1225]",[],[],[],"[""Default"",""Golden"",""Dragon"",""Pyro"",""PyroPoison"",""Phoenix"",""AvariusCasticus"",""Holy"",""AbberathMinion"",""HolyMiner"",""Gemling"",""GemlingUpgraded"",""AvariusWickerman"",""BestiaryHellion"",""IncursionFireball"",""IncursionFireballLightning"",""IncursionFireballChaos"",""DelveTaowu"",""DelveTaowuLarge"",""BlightFire"",""Celestial"",""FlameSentinel"",""Stygian"",""ExpeditionRelic"",""Direblade"",""Oblivion"",""OnyxOblivion"",""Demonic""]",[],"[18079,51154,25624,34029,17715,28085,35646,27667,5363,45614,25069,719,31455,20203,30073,32830,24662,31460,11595,50741,27572,23584,39541,51001,11723,116,38576,61278,18079,49438]",[186],338,[],"[32,33,777]",[],"[""Default"",""DemonicFire""]",1000,[],[],[],""
124,"expanding_fire_cone","[1227,1228,1229,1230,1231,1232]",[],[172],[],"[""Default"",""BlueFlame"",""Direblade""]",[],"[18079,61200,11723]",[],338,[],[],[],[],1000,[],[],[],""
125,"crackling_lance","[1244,1244,1247,1250]","[82,85]","[173,176,179,182,185]",[],"[""Default"",""Automaton"",""Celestial""]",[],"[18079,3488,27572]",[],338,[],[455],[],[],1000,[],[],[],""
126,"ice_shot",[2789],[],[],[],"[""Default"",""Aurora"",""Delirium""]",[],"[18079,14598,16922]","[215,222]",338,[],"[114,116]",[],[],1000,[],[],[],""
127,"expanding_rain_of_arrows","[1271,1281,1290]",[],[],[],"[""Default"",""Forsaken"",""Spine"",""Lightning"",""LegionCombo"",""LegionEternal"",""Celestial"",""Oblivion"",""OnyxOblivion"",""Demonic""]",[],"[18079,41689,16476,41050,52615,48335,27572,116,38576,61278]",[],338,[],"[75,76,77]",[],[],1000,[],[],[],""
128,"toxic_rain","[1299,1308,1316,1325,1334]",[88],[],[15],"[""Default"",""BlackLotus"",""AtlasBasilisk"",""Suffering"",""Celestial"",""Oblivion"",""Auspicious""]",[],"[18079,33766,54962,2790,27572,116,45563,3668]",[],338,[],"[365,366]",[],"[""azmeribow""]",1000,[],[],[],""
129,"bubble_shield","[1343,1344]",[],[189],[],"[""Default""]",[502],[18079],[],338,[],[521],[],[],1000,[],[],[],""
130,"djinn_bubble",[],[],[],[107],"[""Default""]",[],[18079],[],338,[],[976],[],[],1000,[],[],[],""
131,"molten_shell","[1345,1352,1359]",[],[188],[],"[""Default"",""Monster"",""AlwaysTrigger"",""Stygian"",""Viper"",""Divine"",""Mercurial""]",[],"[18079,1567,17608,39541,43950,29263,25270]",[],338,[],"[85,86,87,88]",[],[],1000,[],[],[],""
132,"hydrosphere","[1366,1368,1370,1372,1374,1376,1378,1380,1382,1384,1386,1388,1390,1392]",[],[190],[24],"[""Default"",""Harmonious""]",[],"[18079,57521]",[],338,[],"[468,469]",[],[],1000,[],[],[],""
133,"attached_projectile_effect_mtx",[],[],"[67,73,78,83,88,93,98,103,107]",[],"[""EMPTY"",""Firewall"",""Stygian"",""Oblivion"",""Transcendence"",""ArchnemesisDyingSun"",""DemonicFire"",""FirewallLightning""]",[],"[34066,35806,39541,116,28088,41657,49438,28401]",[],14597,[],[],[],[],1000,[],[],[],""
134,"storm_call","[1394,1413,1432,1451]",[],[],[],"[""DefaultStormCall"",""TribalStormCall"",""MonsterStormCall"",""ColdStormCall"",""FireStormCall"",""PhysicalStormCall"",""EyeSpawnerStormCall"",""EarthquakeStormCall"",""TemplarStormCall"",""KitavaStormCall"",""ShavronneStormCall"",""AvatarSkyBeamStormCall"",""ArcaneStormCall"",""Divine"",""MonsterLowStormCall"",""KitavaCultistStormCall"",""KudukuStormCall"",""OldPlayerStormCall"",""XenozakStormCall""]",[],"[28396,40011,54157,25980,9831,37405,18695,14469,11050,57497,32959,7205,34630,29263,6439,29295,6978,57638,43328]",[],338,[],"[142,143,144,145]",[],[],1000,[],[],[],""
135,"sentinel_tag_beam",[],[97],[],[],"[""Default""]",[],[18079],[],338,[],[523],[],[],1000,[],[],[],""
136,"firestorm","[1518,1542,1550,1559,1475,2874]",[],[],[],"[""DefaultVariation"",""BallistaVariation"",""PietyLightningVariation"",""MapBossVariation"",""IceVariation"",""SpineVariation"",""ChaosFireVariation"",""IncaRockVariation"",""MeteorVariation"",""DivineCallVariation"",""CliffBomb"",""Blades"",""BladesUp"",""Reliquary"",""HolyGuardian"",""ShaperInfluence"",""BestiaryRavens"",""BestiaryCrabCharge"",""VaalIncursion"",""VaalIncursionChaos"",""VaalIncursionArmour"",""DelveAbyssLaser"",""BetrayalGravicius"",""SynthesisSpiker"",""VaalIncursionLegion"",""BlightFire"",""BlightLightning"",""BlightNPCFirestorm"",""GraviciusHellfire"",""AfflictionMod"",""ReworkedVariation"",""Stygian"",""Celestial"",""UltimatumLightning"",""HellscapeMeteor"",""HellscapeLightning"",""MeteorShower"",""SanctumPurifier"",""SanctumReliquary""]",[],"[48358,17341,12877,52192,42588,18133,6990,22715,29052,51663,39218,52291,1874,61506,2238,14052,2391,61176,45534,61751,47684,25524,12065,49893,26495,50741,11101,43433,34120,837,32907,39541,27572,14591,28583,51989,64137,30046,12052,37417,31616,41514,7354,41159,58591,48983,1789]",[],338,[],"[79,80,81]",[],"[""ArchnemesisStormHerald"",""BitterGuyChildLeft"",""BitterGuyChildRight"",""BoneCultistLightning"",""BoneCultistFire"",""BalbalaKnifeReverseFirestorm"",""EssenceAttributeModFireStormKnife"",""Phantasmal""]",1000,[],[],[],""
137,"firestorm_player","[3468,3471,3474,3477,3480,3483]",[],[],[],"[""Default"",""WhisperingIce""]",[],"[18079,5615]",[],338,[],"[78,82]",[],[],1000,[],[],[],""
138,"fire_storm_lite","[1562,1567,1572]",[],[],[],"[""DefaultVariation"",""BallistaVariation"",""PietyLightningVariation"",""MapBossVariation"",""IceVariation"",""SpineVariation"",""ChaosFireVariation"",""IncaRockVariation"",""MeteorVariation"",""DivineCallVariation"",""CliffBomb"",""Blades"",""BladesUp"",""Reliquary"",""HolyGuardian"",""ShaperInfluence"",""BestiaryRavens"",""BestiaryCrabCharge"",""VaalIncursion"",""VaalIncursionChaos"",""VaalIncursionArmour"",""DelveAbyssLaser"",""BetrayalGravicius"",""SynthesisSpiker"",""VaalIncursionLegion"",""BlightFire"",""BlightLightning"",""BlightNPCFirestorm"",""GraviciusHellfire"",""AfflictionMod"",""ReworkedVariation"",""Stygian"",""Celestial"",""UltimatumLightning"",""HellscapeMeteor"",""HellscapeLightning"",""MeteorShower"",""SanctumPurifier"",""SanctumReliquary""]",[],"[48358,17341,12877,52192,42588,18133,6990,22715,29052,51663,39218,52291,1874,61506,2238,14052,2391,61176,45534,61751,47684,25524,12065,49893,26495,50741,11101,43433,34120,837,32907,39541,27572,14591,28583,51989,64137,30046,12052,18079,49438,39541]",[],338,[],"[78,80,82,81]",[],"[""Default"",""DemonicFire"",""Stygian""]",1000,[],[],[],""
139,"summon_raging_spirit",[],[],[],[],"[""Default"",""Ghostflame"",""Raven"",""BloodRaven"",""Bees"",""Celestial"",""Eyes"",""ArcaneEye"",""Oblivion"",""OnyxOblivion"",""Demonic""]",[],"[18079,894,44096,26577,48674,27572,1784,34681,116,38576,61278]",[],338,[1],"[155,156]",[],[],1000,[],[],[],""
140,"summon_raging_spirit_monster",[],[],[],[],"[""Default"",""Ghostflame"",""Raven"",""BloodRaven"",""Bees"",""Celestial"",""Eyes"",""ArcaneEye"",""Oblivion"",""OnyxOblivion"",""Demonic""]",[],"[18079,894,44096,26577,48674,27572,1784,34681,116,38576,61278]",[],338,[],[157],[],[],1000,[],[],[],""
141,"flask_effects",[1719],[],[],[],"[""Default"",""LifeMTX"",""ManaMTX"",""HybridMTX"",""UtilityMTX"",""Rumis"",""FlamingQuicksilver"",""IchorMana"",""RaincallerLife"",""RaincallerBloodLife"",""RaincallerVerdantLife""]",[503],"[18079,20358,21146,65450,37992,50728,29305,58425,46620,42964,61160]",[],15127,[],[],[],[],1000,[],[],[],""
142,"triggered_summon_spider_monster",[1577],[],[],[],"[""Default"",""Demonic""]",[],"[18079,61278]",[],15471,[],[274],[],[],1000,[],[],[],""
143,"cast_when_damage_taken",[1579],[],[],[],"[""Default"",""Madcap""]",[],"[18079,59045]",[],15141,[],[],[],[],1000,[],[],[],""
144,"shockwave_support",[1580],[],[],[],"[""Default"",""Gore"",""Apollyon""]",[],"[18079,63064,43700]",[],15187,[],"[413,414]",[],[],1000,[],[],[],""
145,"viper_strike",[1583],[],[],[],"[""Default"",""Quiet"",""DemonicSpider"",""Demonic""]",[],"[18079,61089,17869,61278]",[],338,[],[],[],[],1000,[],[],[],""
146,"vaal_ground_slam_spiked","[1587,1594,1604,1608]",[],[],[],"[""DefaultClusters"",""Blood"",""Molten"",""Bones"",""BrutusLightning"",""BrineShieldCrab"",""DefaultSpikes"",""Celestial"",""UNUSED"",""Oblivion"",""OnyxOblivion""]",[],"[63412,50511,19877,5799,30086,20384,21898,27572,64124,116,38576]",[],338,[],[],[],[],1000,[],[],[],""
147,"corrupting_fever",[],[],[],[],"[""Default"",""Heritage""]","[523,525]","[18079,8972]",[],338,[],[482],[],[],1000,[],[],[],""
148,"feast_of_flesh","[1614,1616,3335]",[],[654],[],"[""Default""]",[875],[18079],[],338,[],[385],[],[],1000,[],[],[],""
149,"phys_cascade_trap","[1618,1621,1624]",[],[],[],"[""Default"",""Blight"",""Stygian""]",[],"[18079,7333,39541]",[],338,[],[350],[],[],1000,[],[],[],""
150,"slither","[1627,1629,1631]",[],[192],[],"[""Default"",""Demonic""]","[527,528,529]","[18079,61278]",[],338,[],[422],[],[],1000,[],[],[],""
151,"ice_spear",[1633],[],[],[],"[""Default"",""Fish"",""MTX1"",""ArtProjectilesSpreadOverAnimation"",""Synthesis"",""SynthesisFinalBoss"",""FrostSentinel"",""AtlasEyrie"",""VoidEmperor""]",[],"[18079,45988,30450,187,11050,9615,16782,13264,48015,44398]",[230],338,[],[53],[],"[""Hag""]",1000,[],[],[],""
152,"laser_spears","[1635,1638,1640]",[98],[194],[],"[""Default""]",[],[18079],[],338,[],[522],[],[],1000,[],[],[],""
153,"fire_wake_spear","[1642,1643,1644,1645,1646,1647]",[],[226],[26],"[""Default""]",[],[18079],"[240,244]",338,[],[540],[],[],1000,[],[],[],""
154,"ball_lightning",[3333],"[100,115]",[],[],"[""Default"",""Monster"",""EyeBallLightning"",""Templar"",""Celestial"",""Synthesis"",""AtlasCrusader"",""AfflictionMinion"",""HarvestSquid"",""HeistTemplarCaster"",""Automaton""]",[],"[18079,1567,49739,51326,27572,11050,55894,33406,47707,39763,3488,18079,21948,51719,19319,35955]","[248,263]",338,[],"[122,123]",[],"[""Default"",""VaalStormcaller"",""ChaosGodOwlBoss"",""IncursionDoctor"",""Darkshard""]",1000,[],[],[],""
155,"monster_dd_area","[1667,1676,1686,1698]",[],"[371,381]",[],"[""Default"",""Chaos"",""HeistFreidrich"",""Archnemesis"",""CannibalPicts""]",[530],"[18079,38322,4741,36858,19433,16329,64753,35047,56609,22966,19661,40155]",[],338,[],[336],[],"[""Ice"",""Balbala"",""BloodPriest"",""CannibalPict"",""CarverShaman"",""FarudinWarlock"",""VultureRegurg""]",1000,[],[],[],""
156,"monster_soulrend",[1703],[130],[],[],"[""Cold"",""Blood""]","[541,551]","[13381,50511,165,166,59027,44533,16856,48772,37616]",[278],338,[],[404],[],"[""ChildSpiritCold1"",""ChildSpiritCold2"",""VaalBloodPriest"",""YamaBoss"",""VoodooKing"",""Warlock"",""ArchitectBoss""]",1000,[],[],[],""
157,"galvanic_field",[1713],[140],[],[],"[""Default"",""Celestial""]","[570,573]","[18079,27572]",[],338,[],[525],[],[],1000,[],[],[],""
158,"arcane_surge",[],[],[],[],"[""Default"",""Madcap""]",[561],"[18079,59045]",[],15544,[],[],[],[],1000,[],[],[],""
159,"phasing",[],[],[],[],"[""Default"",""Sunprism""]",[563],"[18079,52008]",[],15721,[],[],[],[],1000,[],[],[],""
160,"fortify",[],[],[],[],"[""Default"",""Myrmidon""]",[565],"[18079,27566]",[],15723,[],[],[],[],1000,[],[],[],""
161,"onslaught",[],[],[],[],"[""Default"",""Void Emperor""]",[567],"[18079,30711]",[],15725,[],[],[],[],1000,[],[],[],""
162,"lightning_conduit","[1720,1723,1726,1729,2356]",[],[],[],"[""Default"",""Automaton"",""Celestial""]","[576,580]","[18079,3488,27572,18079,35955]",[],338,[],[524],[],"[""Default"",""Darkshard""]",1000,[],[],[],""
163,"lightning_tendrils","[1737,1740,1743]",[143],[],[],"[""Default"",""LightningElder"",""Automaton""]",[],"[18079,37016,3488]",[],338,[],[],[],[],1000,[],[],[],""
164,"cobra_lash",[],[],[196],[],"[""Default"",""Illusionist""]",[],"[18079,54759]","[288,290]",338,[],[44],[],[],1000,[],[],[],""
165,"righteous_fire","[1750,1759]",[],[],[],"[""Default"",""NoRing"",""White"",""White2"",""White3"",""Celestial"",""CelestialNoHands"",""Harbinger"",""Lightbringer"",""Transcendence""]","[586,594,602]","[18079,39102,15971,17012,17013,27572,36336,41619,55723,28088]",[],338,[],"[38,39]",[],[],1000,[],[],[],""
166,"venom_gyre","[1769,1771,1773]",[],[198],[],"[""Default"",""Illusionist""]",[],"[18079,54759]","[292,294]",338,[],"[429,430]",[],[],1000,[],[],[],""
167,"whirling_blades",[1775],[],"[200,201]",[],"[""Default"",""Purple"",""Ice"",""Phantasmal"",""Faith"",""Carnival"",""Hasina"",""Illusionist""]",[],"[18079,19343,16329,1789,8635,1057,63953,54759]",[],338,[],"[16,17]",[],[],1000,[],[],[],""
168,"caustic_arrow",[1783],[],[],[],"[""Default"",""Tentacles"",""Celestial"",""HeistSkeleton"",""Oblivion""]",[],"[18079,26679,27572,16483,116]",[296],338,[],[19],[],[],1000,[],[],[],""
169,"kinetic_blast","[1788,1792]",[],[202],[],"[""Default"",""Celestial"",""Heritage""]",[],"[18079,27572,8972,23752]",[301],338,[],[191],[],"[""NecroCultist""]",1000,[],[],[],""
170,"reap",[1796],[146],[],[],"[""Default"",""Starfall"",""Vine""]","[611,614]","[18079,3450,41440]",[],338,[],[486],[],[],1000,[],[],[],""
171,"his_winnowing_flame",[1799],[146],[],[],"[""Default""]","[611,614]",[18079],[],338,[],[488],[],[],1000,[],[],[],""
172,"rolling_slam","[1801,1804]",[],[],[],"[""Default""]",[],"[18079,18079,5816]",[],338,[],[564],[],"[""Default"",""Kitava""]",1000,[],[],[],""
173,"volcanic_slam","[1810,1811,1812,1813,1814,1815]",[],[],[62],"[""Default""]",[],[18079],[329],25773,[],"[573,577]",[],[],1000,[],[],[],""
174,"ring_of_ice","[1800,1803]",[],"[205,206]",[30],"[""Default""]",[],[18079],[],338,[],"[574,575]",[],[],1000,[],[],[],""
175,"escape_shot",[1911],[],[],[],"[""Default""]",[],"[18079,18079,16922,14598]",[330],338,[],[565],[],"[""Default"",""Delirium"",""Aurora""]",1000,[],[],[],""
176,"vaal_caustic_arrow",[],[],[],[],"[""Default""]",[],[18079],[304],338,[],[20],[],[],1000,[],[],[],""
177,"vaal_cleave","[800,788,790,793,804]",[],[],[],"[""Default"",""DemonCleave""]",[],"[18079,34274]",[],338,[],[],[],[],1000,[],[],[],""
178,"charged_attack","[1834,1837,1840,1843,1846,1849,1852,1855]",[],[],[],"[""Default"",""Gloom"",""Demonic""]",[],"[18079,57905,61278]",[],338,[],[],[],[],1000,[],[],[],""
179,"vaal_charged_attack","[1852,1855,1858,1843,1846]",[],[],[],"[""Default"",""Gloom"",""Demonic""]",[617],"[18079,57905,61278]",[],338,[],[],[],[],1000,[],[],[],""
180,"flicker_strike","[2043,2909]",[158],[251],[],"[""Default"",""Vapor"",""Necro"",""Demonic""]",[],"[18079,15193,18701,61278,18079,56473,59057,14598]",[],338,[],"[24,25,628]",[],"[""Default"",""Breachlord"",""Thunderfist"",""Aurora""]",1000,[],[],[],""
181,"vaal_reap","[1861,1864]",[],[],[],"[""Default"",""Starfall""]","[611,614]","[18079,3450]",[],338,[],[487],[],[],1000,[],[],[],""
182,"triggerbots",[],[],[],[],"[""Default""]",[],[18079],[],338,[],[578],[],[],1000,[],[],[],""
183,"vaal_arctic_armour",[1867],[],[],[],"[""Default""]",[629],[18079],[],338,[],[208],[],[],1000,[],[],[],""
184,"vaal_lightning_arrow","[1162,1167]",[],[],[],"[""Default"",""Blood"",""Divine""]",[],"[18079,50511,29263]",[310],338,[],[92],[],[],1000,[],[],[],""
185,"vaal_ice_shot","[1256,1257,1258,1875]",[],[],[],"[""Default"",""Piety"",""Monster"",""VaalOrb"",""Skadi""]",[626],"[18079,56950,1567,3918,31535]",[215],338,[],[115],[],[],1000,[],[],[],""
186,"mtx_coin_flip","[1878,1879]",[],[],[],"[""Innocence"",""Sin"",""Silver"",""Perandus""]",[],"[51245,48611,56408,1811]",[],338,[],[579],[],[],1000,[],[],[],""
187,"split_arrow",[],[],[],[],"[""Default"",""Blood"",""BlueGreen"",""Verdant""]",[],"[18079,50511,22116,22421]","[313,318]",338,[],"[27,28]",[],[],1000,[],[],[],""
188,"wave_of_conviction","[1886,1887]",[],[],[],"[""Default"",""Stygian"",""Celestial"",""RollingStorm""]",[],"[18079,39541,27572,48193]",[],338,[],[400],[],[],1000,[],[],[],""
189,"covered_in_ash",[],[],[],[],"[""Default"",""MTXPolaricDevastation""]",[631],"[18079,58359]",[],17404,[],[],[],[],1000,[],[],[],""
190,"covered_in_frost",[],[],[],[],"[""Default"",""MTXPolaricDevastation""]",[633],"[18079,58359]",[],17405,[],[],[],[],1000,[],[],[],""
191,"arctic_breath","[1894,1898,1900,1901]",[],[],[],"[""Default""]",[],[18079],"[319,322,326,327]",338,[],[117],[],[],1000,[],[],[],""
192,"smite","[1902,1906,1910]",[],[222],[],"[""Default"",""Valkyrie"",""Unholy"",""Annihilation""]","[635,637]","[18079,14117,40595,28443]",[],338,[],[],[],[],1000,[],[],[],""
193,"weapon_granted_firebolt",[],[],[],[],[],[],[],[333],338,[],[587],[],[],1000,[],[],[],""
194,"weapon_granted_stormbolt",[],[],[],[],[],[],[],[334],338,[],[588],[],[],1000,[],[],[],""
195,"weapon_granted_frostbolt",[],[],[],[],[],[],[],[335],338,[],[589],[],[],1000,[],[],[],""
196,"chaosbolt",[],[],[],[],[],[],[],[337],338,[],[590],[],[],1000,[],[],[],""
197,"coiling_bolts",[],[],[],[],[],[],[],"[338,339]",338,[],[591],[],[],1000,[],[],[],""
198,"wind_blast",[1914],[],[],[],"[""Default""]",[],"[18079,18079,56473,16261]",[],338,[],[568],[],"[""Default"",""Breachlord"",""Stonebender""]",1000,[],[],[],""
199,"charged_dash","[1919,1921,1929,1923,1925,1927]",[150],[],[],"[""Default"",""Desert""]",[],"[18079,46165]",[],338,[],[],[],[],0,[],[],[],""
200,"comet","[1931,1934,1937,1938]",[],[],[],"[""Default""]",[],"[18079,18079,46695,50393,25569,4760]",[],338,[],[618],[],"[""Default"",""NecroMeteor"",""DelayedImpact"",""Abyssal"",""Obsidian""]",0,[],[],[],""
201,"his_foul_emergence","[1952,1953]",[],[],[],"[""Default""]",[],"[18079,37417]",[],338,[],[619],[],"[""ArchnemesisStormHerald""]",0,[],[],[],""
202,"ring_of_blades",[],[],[],[],"[""Default"",""Illusionist""]",[],"[18079,54759]",[340],338,[],[623],[],[],1000,[],[],[],""
203,"fire_trap",[1954],[],[],[],"[""Default"",""Oblivion"",""Staff""]",[],"[18079,116,59353]",[],338,[],"[107,108,109,629]",[],[],0,[],[],[],""
204,"consecrate",[1957],[],[],[],"[""Default""]",[],[18079],[],338,[],"[177,178]",[],[],0,[],[],[],""
205,"frost_wall","[1958,1961]",[],[730],[31],"[""Default""]",[],"[18079,18079,4760]",[],338,[],[58],[],"[""Default"",""Obsidian""]",0,[],[],[],""
206,"mana_tempest","[1964,1965]",[],[],[],"[""Default""]","[638,639]",[18079],[],338,[],[632],[],[],1000,[],[],[],""
207,"dark_tempest","[1968,1969,1970]",[],[],[],"[""Default""]","[642,643]",[18079],[],338,[],[633],[],[],1000,[],[],[],""
208,"new_arctic_armour","[2054,2057,2060,2063]",[],[],[],"[""Default"",""Demon"",""Cloud"",""Invisible""]","[644,648]","[18079,33501,9108,54980]",[],338,[],[634],[],[],0,[],[],[],""
209,"channelled_lightning",[1971],[152],[],[],"[""Default""]",[],[18079],[],338,[],[],[],[],1000,[],[],[],""
210,"quarterstaff_frost_wave",[1972],[],[],[],"[""Default""]",[],"[18079,18079,16261]",[],338,[],[596],[],"[""Default"",""Stonebender""]",1000,[],[],[],""
211,"volcano","[1974,1975,1976]",[],[],[35],"[""Default""]",[],"[18079,18079,37812,49921]","[341,342]",338,[],[639],[],"[""Default"",""Abyss"",""Radiant""]",0,[],[],[],""
212,"killing_palm","[1983,1984,1985]",[244],"[230,231,232,774]",[],"[""Default""]",[],"[18079,18079,56473,59057,14598]",[],338,[],[637],[],"[""Default"",""Breachlord"",""Thunderfist"",""Aurora""]",1000,[],[],[],""
213,"crushing_fear","[1995,1997,1995,1996]",[244],"[230,231,232,774,800]",[],"[""Default""]",[],"[18079,18079,56473,59057,14598]",[],338,[],[1104],[],"[""Default"",""Breachlord"",""Thunderfist"",""Aurora""]",1000,[],[],[],""
214,"shattering_palm","[1999,2796,2001,2003,2005,2007]",[],"[243,244,245]",[],"[""Default""]",[],"[18079,18079,59057,35583]",[],338,[],"[644,859,860]",[],"[""Default"",""Thunderfist"",""StoneBender""]",1000,[],[],[],""
215,"meditate",[1998],[],"[239,240,241,242]",[],"[""Default""]",[],[18079],[],338,[],[636],[],[],0,[],[],[],""
216,"new_blood_rage",[218],[],[],[],"[""Default"",""Scavenger""]",[268],"[18079,46158]",[],338,[],[642],[],[],1000,[],[],[],""
217,"pestilent_slash","[2015,2016,2017]",[],[],[],"[""Default""]",[],[18079],[],338,[],[646],[],[],1000,[],[],[],""
218,"ice_path",[],[],[],[],"[""Default""]",[],[18079],[347],338,[],[650],[],[],1000,[],[],[],""
219,"shadow_thief_slash",[2023],[153],"[249,250]",[],"[""Default""]",[],[18079],[],338,[],[652],[],[],1000,[],[],[],""
220,"plunging_blade","[2018,2019,2020]",[],[],[],"[""Default""]",[],[18079],[],338,[],[654],[],[],0,[],[],[],""
221,"howl",[2021],[],[],[],"[""Default""]",[],[18079],[],338,[],[655],[],[],1000,[],[],[],""
222,"spiral_volley",[],[],[],[],"[""Default""]",[],[18079],"[348,349]",338,[],[645],[],[],1000,[],[],[],""
223,"heat_seeking_arrow",[2024],[],[],[],"[""Default""]",[],[18079],[350],338,[],[],[],[],1000,[],[],[],""
224,"electric_fence_arrow",[2025],[154],[],[0],"[""Default""]",[],[18079],[351],338,[],[662],[],[],1000,[],[],[],""
225,"stone_gaze",[],[155],[],[],"[""Default"",""Siren"",""Ultimatum""]","[652,655]","[18079,42935,49826]",[],4741,[],[],[],[],1000,[],[],[],""
226,"player_ranged_spear",[2026],[],[],[],"[""Default""]",[],[18079],[529],338,[],[664],[],[],1000,[],[],[],""
227,"supercharged_slam","[2028,2030,2032]",[],[],[],"[""Default""]",[660],[18079],[],338,[],[567],[],[],1000,[],[],[],""
228,"frost_bomb","[2034,2035,2036]",[],[],[],"[""Default""]",[],"[18079,18079,14598,4760]",[],338,[],[215],[],"[""Default"",""Aurora"",""Obsidian""]",1000,[],[],[],""
229,"lightning_storm",[2047],[],[254],[114],"[""Default""]",[],"[18079,18079,37812]",[],338,[],[666],[],"[""Default"",""Abyss""]",1000,[],[],[],""
230,"bear_rampage",[2050],[],[],[],"[""Default""]",[],"[18079,18079,55033]",[],24549,[],[663],[],"[""Default"",""Forgemaster""]",1000,[],[],[],""
231,"hellscape_tentacle_grab",[],[],[],[],"[""Default""]",[658],[18079],[],338,[],[519],[],[],1000,[],[],[],""
232,"bear_slam","[2066,2067]",[],[],[],"[""Default""]",[],"[18079,18079,55033]",[],24549,[],[669],[],"[""Default"",""Forgemaster""]",1000,[],[],[],""
233,"cast_on_shock","[2074,2075]",[],[257],[],"[""Default""]",[],[18079],[],338,[],[671],[],[],1000,[],[],[],""
234,"cast_on_freeze","[2076,2077]",[],[258],[],"[""Default""]",[],[18079],[],338,[],[672],[],[],1000,[],[],[],""
235,"cast_on_ignite","[2078,2079]",[],[259],[],"[""Default""]",[],[18079],[],338,[],[673],[],[],1000,[],[],[],""
236,"cast_on_elemental_ailment","[2078,2079]",[],[260],[],"[""Default""]",[],[18079],[],338,[],[674],[],[],1000,[],[],[],""
237,"cast_on_melee_kill","[2082,2083]",[],[261],[],"[""Default""]",[],[18079],[],338,[],[675],[],[],1000,[],[],[],""
238,"cast_on_death","[2084,2085]",[],[262],[],"[""Default""]",[],[18079],[],338,[],[676],[],[],1000,[],[],[],""
239,"hollow_form",[],[],"[699,700,701]",[],"[""Default""]",[],[18079],[],338,[],[914],[],[],1000,[],[],[],""
240,"cast_when_stunned","[2086,2087]",[],[263],[],"[""Default""]",[],[18079],[],338,[],[677],[],[],1000,[],[],[],""
241,"cast_on_damage_takenCopy","[2088,2089]",[],[264],[],"[""Default""]",[],[18079],[],338,[],[678],[],[],1000,[],[],[],""
242,"cast_on_critical_strike","[2090,2091]",[],[265],[],"[""Default""]",[],[18079],[],338,[],[679],[],[],1000,[],[],[],""
243,"rolling_slam_ancestral","[1802,1805]",[],[],[],"[""Default""]",[],"[18079,18079,5816]",[],338,[],[564],[],"[""Default"",""Kitava""]",1000,[],[],[],""
244,"disengage","[2092,3015]",[],[],[],"[""Default""]",[],"[18079,18079,33359,17043]",[],338,[],"[533,531]",[],"[""Default"",""Brambleghast"",""SpiritWalker""]",1000,[],[],[],""
245,"barrier_invocation","[2093,2094]",[],[266],[],"[""Default""]","[815,661]",[18079],[],338,[],[680],[],[],1000,[],[],[],""
246,"cast_on_dodge","[2099,2100]",[],[269],[],"[""Default""]",[],[18079],[],338,[],[681],[],[],1000,[],[],[],""
247,"cast_while_channelling","[2101,2102]",[],[270],[],"[""Default""]",[],[18079],[],338,[],[682],[],[],1000,[],[],[],""
248,"cast_on_melee_stun","[2103,2104]",[],[271],[],"[""Default""]",[],[18079],[],338,[],[683],[],[],1000,[],[],[],""
249,"stormbringer_blade","[2105,2106]",[],[],[],"[""Default""]",[],[18079],[],338,[],[594],[],[],1000,[],[],[],""
250,"bladestorm",[2107],[],[],[38],"[""Default"",""Celestial""]",[],"[18079,27572]",[],338,[],[409],[],[],1000,[],[],[],""
251,"shield_phalanx",[],[],[],[30],"[""Default""]",[],[18079],[],338,[],[690],[],[],1000,[],[],[],""
252,"spinning_flail",[],[],[],[],"[""Default""]",[],[18079],[],338,[],[572],[],[],1000,[],[],[],""
253,"dominating_aura",[],[],[],[],"[""Default""]","[664,665,666]",[18079],[],338,[],[692],[],[],1000,[],[],[],""
254,"explosive_grenade","[2113,2359]",[],[],[],"[""Default"",""ExpodingBaby"",""VaalGuard""]",[],"[18079,63272,34552,25569,29263,20069,9321]",[390],338,[],"[696,697]",[],"[""Abyssal"",""Divine"",""Vampiric"",""Buccaneer""]",1000,[],[],[],""
255,"flash_grenade","[2124,2362]",[],"[272,277]",[],"[""Default"",""Vampiric"",""Verisium"",""Abyssal"",""Divine""]",[],"[18079,20069,897,25569,29263]",[397],338,[],[698],[],[],1000,[],[],[],""
256,"toxic_grenade","[2133,2363,2150,2152]",[],[],[],"[""Default"",""Verisium"",""Abyssal"",""Divine""]",[],"[18079,897,25569,29263]",[402],338,[],[699],[],[],1000,[],[],[],""
257,"oil_grenade","[2147,2365]",[],[],[],"[""Default"",""VaalGuard"",""Verisium"",""Abyssal"",""Divine""]",[843],"[18079,34552,897,25569,29263]",[406],338,[],"[700,701]",[],[],1000,[],[],[],""
258,"fire_grenade","[2149,2373]",[],[],[],"[""Default""]",[],[18079],[411],338,[],[702],[],[],1000,[],[],[],""
259,"shock_grenade","[2808,2809]",[],[],[],"[""Default""]",[],"[18079,18079,38415,48680,25569,29263]",[497],338,[],[703],[],"[""Default"",""Doryani"",""Sulphite"",""Abyssal"",""Divine""]",1000,[],[],[],""
260,"player_melee_grenade_launcher","[2818,2819]",[],[],[],"[""Default""]",[],"[18079,18079]",[512],338,[],[774],[],"[""Default""]",1000,[],[],[],""
261,"summon_skeletons",[],[],[],[],"[""Default""]",[],[18079],[],338,"[12,13,14,15,16,17,18,19]","[279,280,281,282,283,284,285,286]",[],[],1000,[],[],[],""
262,"summon_packleader",[],[],[],[],"[""Default""]",[],[18079],[],338,[22],[287],[],[],1000,[],[],[],""
263,"summon_mist_raven",[],[],[],[],"[""Default""]",[],[18079],[],338,[23],[288],[],[],1000,[],[],[],""
264,"summon_spiraling_conspiracy","[3537,3538]",[247],[],[],[],[],[],[],338,[66],[289],[],[],1000,[],[],[],""
265,"packleader_great_hunt","[2516,2374,2517,2518]",[],[],[],"[""Default""]",[],[18079],[412],338,[],[712],[],[],1000,[],[],[],""
266,"bone_offering",[2154],[],"[282,732]",[],"[""Default""]",[733],[18079],[],338,[31],[160],[],[],1000,[],[],[],""
267,"pain_offering",[2155],[],"[284,732]",[],"[""Default""]",[735],[18079],[],338,[33],[705],[],[],1000,[],[],[],""
268,"revive_minion",[],[],[],[],"[""Default""]",[],[18079],[],338,[],[704],[],[],1000,[],[],[],""
269,"rage",[],[],[],[],"[""Default""]",[667],[18079],[],18122,[],[],[],[],1000,[],[],[],""
270,"broken_armour_debuff","[2158,2163]",[],[278],[],"[""Default""]","[670,675]",[18079],[],18128,[],[],[],[],1000,[],[],[],""
271,"armour_fully_broken_consumed",[2168],[],[],[],"[""Default""]",[],[18079],[],18132,[],[],[],[],1000,[],[],[],""
272,"resonating_slam","[2171,2172]",[],[],[],"[""Default""]",[],[18079],[],338,[],[709],[],[],1000,[],[],[],""
273,"sniper_gas_shot","[2516,2374,2517,2518]",[],[],[],"[""Default""]",[],[18079],[412],338,[],[711],[],[],1000,[],[],[],""
274,"death_storm",[2173],[],[],[],"[""Default""]",[],[18079],[],338,[],[713],[],[],1000,[],[],[],""
275,"bombadier_destructive_link",[2174],[],[351],[],"[""Default""]",[],[18079],[],338,[],[715],[],[],1000,[],[],[],""
276,"djinn_force_recharge",[],[],[],[],"[""Default""]",[],[18079],[],338,[],[716],[],[],1000,[],[],[],""
277,"ice_bind",[],[165],[],[],"[""Default""]",[],[18079],[],338,[],[714],[],[],1000,[],[],[],""
278,"staggering_palm","[2176,2178,2180]",[],[777],[],"[""Default""]",[676],"[18079,18079,59057]",[],338,[],[719],[],"[""Default"",""Thunderfist""]",1000,[],[],[],""
279,"wind_palm_projectile",[2528],[],[],[],"[""Default""]",[],"[18079,18079,59057]",[415],338,[],[720],[],"[""Default"",""Thunderfist""]",1000,[],[],[],""
280,"command_minion",[2182],[],[],[],"[""Default""]",[],[18079],[],338,[],"[708,1029]",[],[],1000,[],[],[],""
281,"charged_staff",[2186],[],[],[],"[""Default""]","[865,866]","[18079,18079,14598]",[],338,[],"[721,722]",[],"[""Default"",""Aurora""]",1000,[],[],[],""
282,"rolling_magma","[2188,2189]",[],[],[],"[""Default""]",[],"[18079,18079,52342,29041]",[413],338,[],[205],[],"[""Default"",""Lichborn"",""Divine Dragon""]",1000,[],[],[],""
283,"siphoning_strike","[2192,2194,2196]",[],[286],[],"[""Default""]",[],"[18079,18079,59057]",[],338,[],[723],[],"[""Default"",""Thunderfist""]",1000,[],[],[],""
284,"tempest_bell","[2200,2203]",[173],[],[42],"[""Default""]","[677,680,683]","[18079,18079,56473,27603,14598,16261,15357]",[],338,[],[724],[],"[""Default"",""Breachlord"",""Djinn"",""Aurora"",""Stonebender"",""Disease Vector""]",1000,[],"[16,17,18]",[],""
285,"generic_minion_command",[2182],[],[],[],"[""Default""]",[],[18079],[],338,[],[725],[],[],1000,[],[],[],""
286,"frozen_locus","[2215,2216,2217]",[],[],[49],"[""Default""]",[],"[18079,18079,16261]",[],338,[],[726],[],"[""Default"",""Stonebender""]",1000,[],[],[],""
287,"bonestorm","[2536,2538]",[],[363],[],"[""Default""]",[926],[18079],[416],338,[],[727],[],[],1000,[],[],[],""
288,"bone_cage","[3057,3059,3061]",[],[],[],"[""Default""]",[725],[18079],[],338,[],[728],[],[],1000,[],[],[],""
289,"contagion","[2223,2232]",[],"[320,326,332]",[],"[""Default"",""Arcane"",""Celestial"",""Sunprism"",""Scientist"",""Project""]","[695,701]","[18079,47901,27572,52008,64816,55295,33495,20069]",[],338,[],[226],[],"[""King in the Mists"",""Vampiric""]",1000,[],[],[],""
290,"consume_corpse",[2242],[],[289],[],"[""Default""]",[],[18079],[],338,[],[729],[],[],1000,[],[],[],""
291,"unearth",[2240],[],[287],[],"[""Default""]",[],[18079],[],338,[20],[730],[],[],1000,[],[],[],""
292,"poison_burst_arrow",[2245],[],[],[],"[""Default""]",[],"[18079,18079,60059,7333]",[418],338,[],[732],[],"[""Default"",""Night Lotus"",""Blight""]",1000,[],[],[],""
293,"power_siphon","[2243,2244]",[215],[290],[],"[""Default"",""UniqueWand""]",[],"[18079,21767]",[],22492,[],[89],[],[],1000,[],[],[],""
294,"stormcaller_arrow","[2248,2249]",[],[],[80],"[""Default""]",[],"[18079,18079,7062,59812]",[421],338,[],"[734,735]",[],"[""Default"",""Faridun"",""Ghostfuse""]",1000,[],[],[],""
295,"ripwire_arrow",[3242],[],[],[],"[""Default""]",[],[18079],[435],338,[],[736],[],[],1000,[],[],[],""
296,"lightning_rod","[2254,2255]",[],[],[52],"[""Default""]",[],"[18079,18079,7062]",[424],338,[],[737],[],"[""Default"",""Faridun""]",1000,[],[],[],""
297,"gas_arrow",[],[],[],[],"[""Default""]",[],"[18079,18079,60059,7333]",[456],338,[],[738],[],"[""Default"",""Night Lotus"",""Blight""]",1000,[],[],[],""
298,"fireball",[2272],[],[],[],"[""Default""]",[],"[18079,18079,49438,1789]","[426,427,428]",338,[],[741],[],"[""Default"",""DemonicFire"",""Phantasmal""]",1000,[],[],[],""
299,"solar_orb","[2275,2276]",[],[],[67],"[""Default""]",[722],"[18079,18079,49438,1789]",[],338,[],[740],[],"[""Default"",""DemonicFire"",""Phantasmal""]",1000,[],[],[],""
300,"plague_bearer_nova",[2281],[],[318],[],"[""Default""]",[],"[18079,18079,49438,39541]",[],338,[],[743],[],"[""Default"",""DemonicFire"",""Stygian""]",1000,[],[],[],""
301,"channel_shield_charge","[2460,2461,2462,2463]",[],[314],[],"[""Default""]",[],[18079],[],338,[],[6],[],[],1000,[],[],[],""
302,"electrocuting_arrow",[3327],[],[],[],"[""Default""]",[744],"[18079,18079,7062]",[439],338,[],[744],[],"[""Default"",""Faridun""]",1000,[],[],[],""
303,"snap","[2283,2284,2285]",[],[],[],"[""Default""]",[],"[18079,18079,35955,22646,4760]",[],338,[],[745],[],"[""Default"",""Darkshard"",""Aybssal"",""Obsidian""]",1000,[],[],[],""
304,"rain_of_arrows_new","[1271,2341,1290]",[],[],[],"[""Default""]",[],[18079],[441],338,[],[739],[],[],1000,[],[],[],""
305,"perfect_strike","[2448,2450,2451,2449]",[],[311],[],"[""Default""]",[],[18079],[],25773,[],[746],[],[],1000,[],[],[],""
306,"snipe","[2779,2780]",[],[442],[],"[""Default""]",[],"[18079,18079,14598]",[437],338,[],[438],[],"[""Default"",""Aurora""]",1000,[],[],[],""
307,"lightning_warp","[2296,2314,2302,2308,2344,2320]",[],[],[],"[""Default""]",[888],"[18079,18079,35955]",[],338,[],[69],[],"[""Default"",""Darkshard""]",1000,[],[],[],""
308,"vile_disruption","[2332,2335,2333,2334,2337,2336]",[],[],[],"[""Default""]",[889],[18079],[],338,[],[70],[],[],1000,[],[],[],""
309,"empower_barrage","[2352,2353]",[],[],[],"[""Default""]","[713,714]","[18079,18079,17043]",[],338,[],[154],[],"[""Default"",""SpiritWalker""]",1000,[],[],[],""
310,"shield_block",[],[],[],[],"[""Default""]",[],[18079],[],338,[],[747],[],[],1000,[],[],[],""
311,"parry",[2928],[],[600],[],"[""Default""]",[808],[18079],[],22206,[],[941],[],[],1000,[],[2],[],""
312,"detonating_arrow","[2338,2339]",[],[],[],"[""Default""]",[],[18079],[],338,[],[731],[],[],1000,[],[],[],""
313,"resonating_shield",[2340],[],[],[],"[""Default""]",[],[18079],[],338,[],[749],[],[],1000,[],[],[],""
314,"mana_remnants",[2342],[171],[357],[],"[""Default""]",[717],[18079],[],338,[],[750],[],[],1000,[],[],[],""
315,"sanguine_revelry",[2343],[172],[358],[],"[""Default""]",[718],[18079],[],338,[],[751],[],[],1000,[],[],[],""
316,"toxic_growth","[2345,2346]",[],[],[56],"[""Default""]",[],"[18079,18079,60059,7333]",[442],338,[],[733],[],"[""Default"",""Night Lotus"",""Blight""]",1000,[],[],[],""
317,"ancestral_warrior_totem","[2878,2877,2879]",[],[657],[62],"[""Default""]",[],[18079],[],338,[24],[475],[],[],1000,[],[],[],""
318,"summon_meta_totem_axes","[2878,2877,2879]",[],[657],[],"[""Default""]",[],[18079],[],338,[24],[476],[],[],1000,[],[],[],""
319,"magma_barrier",[],[],[],[],"[""Default""]","[719,720,721]",[18079],[],338,[],[752],[],[],1000,[],[],[],""
320,"magma_barrier_explosion",[2375],[],[],[],[],[],[],[],338,[],[753],[],[],1000,[],[],[],""
321,"flameblast","[2376,2435,2377,2378,2379,2430]",[],[296],[],"[""Default""]",[],"[18079,18079,49438,39541]",[],338,[],"[147,148,150,149,151,152,163,164]",[],"[""Default"",""DemonicFire"",""Stygian""]",1000,[],[],[],""
322,"frost_bolt","[2436,2438]",[],[],[],"[""Default"",""ArchitectIceSpear""]",[],"[18079,31346]","[445,451]",338,[],[237],[],[],1000,[],[],[],""
323,"shockwave_totem","[2878,2877,2879]",[],[],[62],"[""Default""]",[],[18079],[],338,[],[778],[],[],1000,[],[],[],""
324,"totem_shockwave_quake","[2445,2446,2447]",[],[],[],"[""Default""]",[],[18079],[],338,[],[780],[],[],1000,[],[],[],""
325,"freezing_shards",[],[],[],[],"[""Default""]",[],[18079],[452],338,[],[779],[],[],1000,[],[],[],""
326,"vine_arrow","[1271,2464,1290]",[168],[315],[59],"[""Default""]",[938],"[18079,18079,60059,7333]",[453],338,[],[781],[],"[""Default"",""Night Lotus"",""Blight""]",1000,[],[],[],""
327,"summon_rhoa_mount",[],[],[],[],"[""Default""]",[],"[18079,18079,14795,26469,16922,49857]",[],338,[25],[782],[],"[""Default"",""Ritualist"",""Honour Guard"",""Delirium"",""Karui""]",1000,[],[],[],""
328,"plague_burst",[2465],[],[],[],"[""Default""]",[],[18079],[],338,[],[783],[],[],1000,[],[],[],""
329,"detonate_dead","[2469,2472,2466,2475]",[],[347],[],"[""Default""]",[],[18079],[],338,[],"[22,23]",[],[],1000,[],[],[],""
330,"corpse_cloud","[2133,2363,2150,2152]",[],[348],[],"[""Default"",""CorpseCloudTriggered""]",[],"[18079,42705]",[],338,[],"[784,785]",[],[],1000,[],[],[],""
331,"raging_spirits",[],[],[],[],"[""Default""]",[],[18079],[],338,[1],[786],[],[],1000,[],[],[],""
332,"skeleton_mage_minion_frostbolt","[2479,2480]",[],[],[],"[""Default""]",[],[18079],[336],338,[],[787],[],[],1000,[],[],[],""
333,"triggered_elemental_discharge","[2481,2482,2483]",[],[],[],"[""Default""]",[],[18079],[],338,[],"[788,789]",[],[],1000,[],[],[],""
334,"triggered_fiery_death",[2509],[],[359],[],"[""Default""]",[],[18079],[],338,[],[790],[],[],1000,[],[],[],""
335,"twister","[2484,2950,2951,2992,2993,2994]",[],[],[63],"[""Default"",""Celestial""]",[767],"[18079,27572,18079,33359,33700]",[536],338,[],[792],[],"[""Default"",""Brambleghast"",""Wendigo""]",1000,[],[],[],""
336,"raise_zombie",[],[],[352],[],"[""Default""]",[],[18079],[],338,[],[37],[],[],1000,[],[],[],""
337,"hex_blast","[2492,2493]",[],[353],[],"[""Default""]",[],"[18079,18079,16922,33495,20069]",[],338,[],[464],[],"[""Default"",""Delirium"",""King in the Mists"",""Vampiric""]",1000,[],[],[],""
338,"explosive_spear","[2500,2501,2502]",[],[],[84],"[""Default""]",[],"[18079,18079,22063,14692]",[518],338,[],[793],[],"[""Default"",""Ancestral"",""SpirtWalker""]",1000,[],[],[],""
339,"knockback_wave",[2510],[],[],[],"[""Default""]",[],[18079],[],338,[],[794],[],[],1000,[],[],[],""
340,"lightning_bolt",[2511],[],[],[],"[""Default"",""Skeleton""]",[],"[18079,47697,18079,37812,35955]",[],338,[],"[659,273,660]",[],"[""Default"",""Abyss"",""Darkshard""]",1000,[],[],[],""
341,"spear_wind_vortex",[2529],[],[],[],"[""Default""]",[],[18079],[],338,[],[795],[],[],1000,[],[],[],""
342,"thunderous_leap",[2519],[],[],[],"[""Default""]",[],"[18079,18079,14117,844,22063]",[],338,[],[797],[],"[""Default"",""Valkyrie"",""Dark Tempest"",""Ancestral""]",1000,[],[],[],""
343,"pinned",[],[195],[],[],"[""Default""]",[725],"[18079,18079,56326,3564,49578,48337]",[],18676,[],[],[],"[""Default"",""RingOfBones"",""RipWire"",""Jade"",""RingOfBonesSanguine""]",1000,[],[],[],""
344,"wind_dancer",[2525],[],[],[],"[""Default""]",[928],"[18079,18079,14598]",[],338,[],"[798,799]",[],"[""Default"",""Aurora""]",1000,[],[],[],""
345,"triggered_mana_flare",[2527],[],[],[],"[""Default""]",[],[18079],[],338,[],[800],[],[],1000,[],[],[],""
346,"profane_ritual",[2530],[179],[360],[],"[""Default""]",[731],"[18079,33495]",[],338,[],[801],[],"[""King in the Mists""]",1000,[],[],[],""
347,"oshabi_orb_projectile",[],[],[],[],"[""Default"",""CarnivorousPlant""]",[],"[18079,44924]","[459,461]",338,[],[453],[],[],1000,[],[],[],""
348,"soul_offering","[2532,2533]",[181],"[362,732,365]",[],"[""Default""]",[762],[18079],[],338,[35],[802],[],[],1000,[],[],[],""
349,"dark_effigy_projectile","[2542,2543]",[],[368],[],"[""Default""]",[],[18079],"[463,464]",338,[],[804],[],[],1000,[],[],[],""
350,"dark_offering",[2154],[],"[282,732]",[],"[""Default""]",[],[18079],[],338,[31],[706],[],[],1000,[],[],[],""
351,"grave_offering",[2154],[],"[282,732]",[],"[""Default""]",[],[18079],[],338,[31],[707],[],[],1000,[],[],[],""
352,"ice_bomb","[2540,2541]",[],[],[],"[""Default""]",[],[18079],[],338,[],[806],[],[],1000,[],[],[],""
353,"grim_feast","[2548,2549]",[],"[391,392,393]",[],"[""Default""]",[737],[18079],[],338,[],[807],[],[],1000,[],[],[],""
354,"create_illusion",[],[],"[394,454,395]",[],"[""Default""]",[],[18079],[],338,[],[685],[],[],1000,[],[],[],""
355,"cast_on_minion_death","[2550,2551]",[],[396],[],"[""Default""]",[],[18079],[],338,[],[809],[],[],1000,[],[],[],""
356,"brutus_ground_slam","[2552,2558]",[],[],[],"[""Default"",""Molten"",""Lightning"",""Acolyte"",""Mastodon"",""BitterGuy""]",[],"[18079,19877,41050,31443,45872,30428]",[],338,[],[170],[],[],1000,[],[],[],""
357,"scavenged_plate",[],[],[397],[],"[""Default""]","[738,739]",[18079],[],338,[],[810],[],[],1000,[],[],[],""
358,"dash_attack_to_target",[],[],[],[],"[""Default""]",[],[18079],[],338,[],[811],[],[],1000,[],[],[],""
359,"mana_drain",[],[183],"[423,422]",[],"[""Default""]",[],[18079],[],338,[],[813],[],[],1000,[],[],[],""
360,"bone_blast",[2564],[],[439],[],"[""Default""]",[],[18079],[],338,[],[814],[],[],1000,[],[],[],""
361,"blink_reservation",[],[],[],[],"[""Default""]",[740],[18079],[],338,[],[815],[],[],1000,[],[],[],""
362,"blink",[],[],"[437,486]",[],"[""Default""]",[],"[18079,18079,25598,44655,7999]",[],338,[],[816],[],"[""Default"",""Sand"",""Vaal Chrono Seer"",""Tangmazu""]",1000,[],[],[],""
363,"black_powder_blitz_reservation",[],[],[],[],"[""Default""]",[742],[18079],[],338,[],[817],[],[],1000,[],[],[],""
364,"black_powder_blitz",[3221],[],[],[],"[""Default""]",[],[18079],[],338,[],[818],[],[],1000,[],[],[],""
365,"incinerate_player",[2566],[],[],[],"[""Default""]",[],"[18079,18079,49438,1789]",[],338,[],[819],[],"[""Default"",""DemonicFire"",""Phantasmal""]",1000,[],[],[],""
366,"molten_blast","[2569,2570]",[],[],[],"[""Default""]",[],[18079],"[469,470]",25773,[],[820],[],[],1000,[],[],[],""
367,"cast_aura_crit_against_enemy","[2617,2618]",[],[],[],"[""Default""]",[],[18079],[],338,[],[821],[],[],1000,[],[],[],""
368,"volatile_dead","[2575,2581]",[],[398],[],"[""Default"",""Monster"",""Stygian"",""Chaos"",""Void""]",[],"[18079,1567,39541,38322,9203,18079,12926]",[],338,[37],"[311,312]",[],"[""Default"",""Darkwood""]",1000,[],[],[],""
369,"hydra",[],[],[],[],"[""Default""]",[743],[18079],[],338,[43],[822],[],[],1000,[],[],[],""
370,"hammer_of_the_gods","[2587,2588,2589]",[],[],[],"[""Default""]",[],[18079],[],338,[],[823],[],[],1000,[],[],[],""
371,"hammer_of_the_gods_fist","[2587,2588,2590]",[],[],[],"[""Default""]",[],[18079],[],338,[],[823],[],[],1000,[],[],[],""
372,"living_bomb_player","[2591,2592,2593]",[],[],[],"[""Default""]",[],"[18079,18079,39541]",[],338,[],[825],[],"[""Default"",""Stygian""]",1000,[],[],[],""
373,"abyssal_living_bomb","[2597,2598,2599]",[],[824],[],"[""Default""]",[],[18079],[],338,[],[826],[],[],1000,[],[],[],""
374,"stampede","[2600,2601,2708,2875]",[],[],[],"[""Default""]",[],[18079],[],338,[],[827],[],[],1000,[],[],[],""
375,"shield_wall","[2709,2710]",[],[],[66],"[""Default""]",[],[18079],[],338,[],"[828,1084]",[],[],1000,[],[],[],""
376,"fortifying_cry","[2602,2603,2604]",[],[424],[],"[""Default""]",[748],[18079],[],338,[],[829],[],[],1000,[],[],[],""
377,"shielding_cry_shockwave","[2605,2606]",[],[],[],"[""Default""]",[],[18079],[],338,[],[830],[],[],1000,[],[],[],""
378,"ember_fusillade",[2609],[241],"[501,503]",[],"[""Default""]",[922],"[18079,18079,49438,1789]",[475],338,[],"[831,833,986]",[],"[""Default"",""DemonicFire"",""Phantasmal""]",1000,[],[],[],""
379,"scattering_calamity",[2612],[],[507],[],"[""Default""]",[925],[18079],[478],338,[],[832],[],[],1000,[],[],[],""
380,"discipline","[2613,2615]",[],[],[],"[""Default""]",[],[18079],[],25273,[],[96],[],[],1000,[],[],[],""
381,"purity","[2619,2620]",[],[],[],"[""Default""]",[],[18079],[],338,[],"[138,139,140,94,382]",[],[],1000,[],[],[],""
382,"impurity","[2619,2621]",[],[],[],"[""Default""]",[],[18079],[],338,[],[141],[],[],1000,[],[],[],""
383,"ancestral_cry","[2695,2705,2706,2707,3244]",[184],[],[],"[""Default"",""Celestial""]",[],"[18079,27572,18079,26782]",[579],338,[],"[447,448,449]",[],"[""Default"",""CryWolf""]",1000,[],[],[],""
384,"ancestral_cry_armour","[2696,2697,2698,2700,2701,2699,2702,2703]",[],"[425,426]",[],[],"[746,747]",[],[],338,[],[],[],[],1000,[],[],[],""
385,"power_shot",[],[],[],[],"[""Default""]",[],[18079],[352],338,[],"[546,773]",[],[],1000,[],[],[],""
386,"burst_shot_default",[],[],[],[],"[""Default""]",[],"[18079,18079,33755,4999,41369,51008]",[],338,[],[607],[],"[""Default"",""Incendiary"",""ArmourPiercing"",""Freezing"",""Stormblast""]",1000,[],[],[],""
387,"rapid_shot_default",[],[],[],[],"[""Default""]",[],[18079],[377],338,[],[598],[],[],1000,[],[],[],""
388,"explosive_shot","[2711,2713]",[],[],[],"[""Default""]",[],"[18079,18079,1789,9321]",[353],338,[],[547],[],"[""Default"",""Phantasmal"",""Buccaneer""]",1000,[],[],[],""
389,"high_velocity_rounds",[2716],[],[],[],"[""Default""]",[],"[18079,18079,20069,897]",[356],338,[],[549],[],"[""Default"",""Vampiric"",""Verisium""]",1000,[],[],[],""
390,"glacial_bolt","[2719,2720]",[],[],[40],"[""Default""]",[],"[18079,18079,897]",[359],338,[],[551],[],"[""Default"",""Verisium""]",1000,[],[],[],""
391,"plasma_blast","[2723,2724,2968]",[],[],[],"[""Default""]",[],"[18079,18079,38415,48680]",[361],338,[],[553],[],"[""Default"",""Doryani"",""Sulphite""]",1000,[],[],[],""
392,"incendiary_shot",[],[],[],[],"[""Default""]",[],"[18079,23384,39541,9321]",[480],338,[],[608],[],"[""IncendiaryMonster"",""Stygian"",""Buccaneer""]",1000,[],[],[],""
393,"fragmentation_rounds",[2729],[],[],[],"[""Default""]",[],"[18079,18079,21234,20069,897]",[484],338,[],[610],[],"[""Default"",""ArmourPiercingMonster"",""Vampiric"",""Verisium""]",1000,[],[],[],""
394,"permafrost_bolts",[],[],[],[],"[""Default""]",[],"[18079,18079,897]",[488],338,[],[612],[],"[""Default"",""Verisium""]",1000,[],[],[],""
395,"galvanic_shards",[2970],[161],[],[],"[""Default""]",[],"[18079,18079,38415,48680]",[490],338,[],[614],[],"[""Default"",""Doryani"",""Sulphite""]",1000,[],[],[],""
396,"siege_cascade","[2739,2732,2737]",[],[],[],"[""Default""]",[],"[18079,18079,20069,897]",[364],338,[],[555],[],"[""Default"",""Vampiric"",""Verisium""]",1000,[],[],[],""
397,"hailstorm_rounds",[2734],[],[],[],"[""Default""]",[],"[18079,18079,897]",[367],338,[],[557],[],"[""Default"",""Verisium""]",1000,[],[],[],""
398,"stormblast_bolts","[2736,2744,2932]",[],[],[76],"[""Default""]",[],"[18079,18079,38415,48680]",[369],338,[],[559],[],"[""Default"",""Doryani"",""Sulphite""]",1000,[],[],[],""
399,"artillery_ballista_projectile","[2754,2755,2756]",[],[],[],"[""Default""]",[],"[18079,18079,20069,1789,9321]",[372],338,[],[433],[],"[""Default"",""Vampiric"",""Phantasmal"",""Buccaneer""]",1000,[],[],[],""
400,"rapid_shot",[3624],[],[],[],"[""Default""]",[],"[18079,18079,28384,28384,39541,9321]",[378],338,[],[599],[],"[""Default"",""Blank"",""Blank"",""Stygian"",""Buccaneer""]",1000,[],[],[],""
401,"armour_piercing_rounds",[],[],[],[],"[""Default""]",[],"[18079,18079,897,20069]",[382],338,[],[601],[],"[""Default"",""Verisium"",""Vampiric""]",1000,[],[],[],""
402,"ice_shards","[2109,2110]",[],[],[95],"[""Default""]",[],"[18079,18079,897]",[385],338,[],[603],[],"[""Default"",""Verisium""]",1000,[],[],[],""
403,"shockburst_rounds","[2741,2966]",[],[],[],"[""Default""]",[],"[18079,18079,38415,48680]",[387],338,[],[605],[],"[""Default"",""Doryani"",""Sulphite""]",1000,[],[],[],""
404,"armour_explosion",[2767],[],[],[],"[""Default""]",[],[18079],[],338,[],[834],[],[],1000,[],[],[],""
405,"ice_strike","[2769,2770]",[188],"[427,428,429,430,431]",[],"[""Default""]",[],"[18079,18079,14598]",[],338,[],[617],[],"[""Default"",""Aurora""]",1000,[],[],[],""
406,"stomping_ground_shockwave",[2773],[],[],[],"[""Default""]",[],[18079],[],338,[],[836],[],[],1000,[],[],[],""
407,"life_remnants",[2776],[190],[441],[],"[""Default""]",[749],[18079],[],338,[],[837],[],[],1000,[],[],[],""
408,"shockchain_arrow",[2777],[],[],[54],"[""Default""]",[],"[18079,18079,7062]",[493],338,[],[838],[],"[""Default"",""Faridun""]",1000,[],[],[],""
409,"sigil_of_power",[],[],[],[70],"[""Default"",""Divine""]",[750],"[18079,29263]",[],338,[],[457],[],[],1000,[],[],[],""
410,"sigil_of_life",[],[],[],[72],"[""Default""]",[752],[18079],[],338,[],[456],[],[],1000,[],[],[],""
411,"summon_mercenary_companion",[],[],[],[],"[""Default""]",[],[18079],[],338,[44],[695],[],[],1000,[],[],[],""
412,"demon_magus",[],[],[],[],"[""Default""]",[],[18079],[],338,[45],[538],[],[],1000,[],[],[],""
413,"soulbreaker",[2783],[],[],[],"[""Default""]",[],[18079],[],338,[],[843],[],[],1000,[],[],[],""
414,"vaulting_impact",[2784],[],[],[],"[""Default""]",[],"[18079,18079,56473,35583]",[],338,[],[839],[],"[""Default"",""Breachlord"",""StoneBender""]",1000,[],[],[],""
415,"storm_wave",[2787],[],[],[],"[""Default""]",[],"[18079,18079,14598]",[],338,[],[840],[],"[""Default"",""Aurora""]",1000,[],[],[],""
416,"viper_napuatzi_lightning_spear",[],[],[],[],[],[],[],"[495,496]",338,[],[850],[],[],1000,[],[],[],""
417,"mantra_of_destruction",[2855],[192],"[444,445,446]",[],"[""Default""]",[],"[18079,18079,56473,14598]",[],338,[],[841],[],"[""Default"",""Breachlord"",""Aurora""]",1000,[],[],[],""
418,"war_banner","[2799,2802]",[],[],[73],"[""Default""]",[],[18079],[],338,[],[851],[],[],1000,[],[],[],""
419,"defiance_banner","[2800,2803]",[],[],[74],"[""Default""]",[],[18079],[],338,[],[852],[],[],1000,[],[],[],""
420,"dread_banner","[2801,2804]",[],[],[75],"[""Default""]",[],[18079],[],338,[],[853],[],[],1000,[],[],[],""
421,"snipers_mark",[],[],[],[],"[""Default""]",[753],[18079],[],338,[],[65],[],[],1000,[],[],[],""
422,"freezing_mark",[],[],[],[],"[""Default""]","[754,756]","[18079,18079,16922]",[],338,[],[854],[],"[""Default"",""Delirium""]",1000,[],[],[],""
423,"thaumaturgist_mark",[],[],[],[],"[""Default""]",[757],"[18079,18079,7062]",[],338,[],[855],[],"[""Default"",""Faridun""]",1000,[],[],[],""
424,"dazed",[],[],[453],[],"[""Default""]",[759],[18079],[],19523,[],[],[],[],1000,[],[],[],""
425,"hand_of_chayula","[2792,2794]",[],[],[],"[""Default""]",[],"[18079,18079,59057]",[],338,[],[858],[],"[""Default"",""Thunderfist""]",1000,[],[],[],""
426,"summon_infernal_hound",[],[],[],[],"[""Default""]",[],[18079],[],338,[46],[541],[],[],1000,[],[],[],""
427,"summon_water_djinn",[3108],[],[],[],"[""Default""]",[],[18079],[],338,[47],[542],[],[],1000,[],[],[],""
428,"summon_fire_djinn",[3109],[],[],[],"[""Default""]",[],[18079],[],338,[48],[543],[],[],1000,[],[],[],""
429,"summon_sand_djinn",[3110],[],[],[],"[""Default""]",[],[18079],[],338,[49],[544],[],[],1000,[],[],[],""
430,"corpse_beetles",[],[],[790],[],"[""Default""]",[],[18079],[],338,[59],[545],[],[],1000,[],[],[],""
431,"plague_bearer",[],[],[291],[],"[""Default"",""Stygian""]","[451,456,454]","[18079,39541,18079,30302,30694,7333]",[],338,[],[742],[],"[""Default"",""StygianOLD"",""CelestialOLD"",""Blight""]",1000,[],[0],[],""
432,"blood_huntCopy","[2797,2798]",[],[],[],"[""Default""]",[],[18079],[],338,[],[532],[],[],1000,[],[],[],""
433,"war_banner_reservation",[],[],[],[],"[""Default""]",[],[18079],[],338,[],[864],[],[],1000,[],[],[],""
434,"defiance_banner_reservation",[],[],[],[],"[""Default""]",[],[18079],[],338,[],[865],[],[],1000,[],[],[],""
435,"dread_banner_reservation",[],[],[],[],"[""Default""]",[],[18079],[],338,[],[866],[],[],1000,[],[],[],""
436,"time_of_need",[],[],"[455,456,457]",[],"[""Default""]",[],[18079],[],338,[],[867],[],[],1000,[],[],[],""
437,"elemental_invocation","[2095,2096]",[],[267],[],"[""Default""]","[816,662]",[18079],[],338,[],[872],[],[],1000,[],[],[],""
438,"attrition","[2839,2840]",[],[483],[],"[""Default""]",[],[18079],[],338,[],[874],[],[],1000,[],[],[],""
439,"elemental_conflux","[2820,2821,2822]",[],[464],[],"[""Default""]",[],[18079],[],338,[],[875],[],[],1000,[],[],[],""
440,"into_the_breach","[2805,2806,2807,2858]","[210,209,211]","[458,459,460]",[],"[""Default""]",[],[18079],[],338,[],[873],[],[],1000,[],[],[],""
441,"emergency_reload",[],[],"[477,478]",[],"[""Default""]",[951],"[18079,18079,897,20069]",[],338,[],[876],[],"[""Default"",""Verisium"",""Vampiric""]",1000,[],[],[],""
442,"time_freeze",[2823],[],[],[],"[""Default""]",[],[18079],[],338,[],[862],[],[],1000,[],[],[],""
443,"cluster_grenade","[2824,2825,2826]",[],[],[],"[""Default""]",[],"[18079,25569,29263,39541]","[502,503]",338,[],"[877,878]",[],"[""Abyssal"",""Divine"",""Stygian""]",1000,[],[],[],""
444,"charge_regulation",[],[],[466],[],"[""Default""]",[],[18079],[],338,[],[881],[],[],1000,[],[],[],""
445,"shard_scavenger",[2852],[],"[472,487,823]",[],"[""Default""]",[],"[18079,18079,897,20069]",[],338,[],[882],[],"[""Default"",""Verisium"",""Vampiric""]",1000,[],[],[],""
446,"ancestral_spriits",[],[191],[500],[],"[""Default""]",[],[18079],[],338,[],[871],[],[],1000,[],[],[],""
447,"affliction_split",[],[],[],[],"[""Default""]",[],[18079],[],338,[],[883],[],[],1000,[],[],[],""
448,"overwhelming_presence",[],[],[473],[],"[""Default""]",[823],[18079],[],338,[],[886],[],[],1000,[],[],[],""
449,"alchemists_boon",[],[],"[474,475,476]",[],"[""Default""]",[],[18079],[],338,[],[887],[],[],1000,[],[],[],""
450,"reapers_invocation","[2097,2098]",[],[268],[],"[""Default""]","[817,663]",[18079],[],338,[],[888],[],[],1000,[],[],[],""
451,"sacrifice",[],[],[484],[],"[""Default""]",[],[18079],[],338,[],[889],[],[],1000,[],[],[],""
452,"archmage",[],[],[485],[],"[""Default""]",[],[18079],[],338,[],[890],[],[],1000,[],[],[],""
453,"magnetic_salvo","[2859,2860]",[],[],[],"[""Default""]",[],"[18079,18079,7062]",[513],338,[],[892],[],"[""Default"",""Faridun""]",1000,[],[],[],""
454,"freezing_salvo",[2863],[],[],[],"[""Default""]",[],"[18079,18079,16922,14598]",[515],338,[],[893],[],"[""Default"",""Delirium"",""Aurora""]",1000,[],[],[],""
455,"triggered_gas_cloud","[2133,2363,2150,2152]",[],[],[],"[""Default""]",[],[18079],[],338,[],[894],[],[],1000,[],[],[],""
456,"triggered_detonation",[],[],[],[],"[""Default""]",[],[18079],[],338,[],[895],[],[],1000,[],[],[],""
457,"berserk",[],[],[494],[],"[""Default""]",[],[18079],[],338,[],[896],[],[],1000,[],[],[],""
458,"herald_of_plague",[],[],[497],[],"[""Default""]",[390],[18079],[],338,[],[897],[],[],1000,[],[],[],""
459,"herald_of_blood","[2943,2944]",[],"[495,496]",[],"[""Default""]","[770,946]",[18079],[],338,[],"[898,1134]",[],[],1000,[],[],[],""
460,"withering_presence",[],[],[491],[],"[""Default""]",[],[18079],[],338,[],[899],[],[],1000,[],[],[],""
461,"ravenous_swarm",[3103],[],"[492,493]",[],"[""Default""]",[],[18079],[],338,[52],[900],[],[],1000,[],[],[],""
462,"mirage_archer",[],[],[633],[],"[""Default""]",[],[18079],[],338,[],"[902,901]",[],[],1000,[],[],[],""
463,"create_mirage",[],[],"[631,632,634]",[],"[""Default""]",[],[18079],[],338,[],"[903,904]",[],[],1000,[],[],[],""
464,"combat_frenzy",[],[],[488],[],"[""Default""]",[],[18079],[],338,[],[905],[],[],1000,[],[],[],""
465,"cast_on_block","[2866,2867]",[],[489],[],"[""Default""]",[],[18079],[],338,[],[906],[],[],1000,[],[],[],""
466,"cast_curse_on_block","[3191,3192]",[],[652],[],"[""Default""]",[],[18079],[],338,[],[907],[],[],1000,[],[],[],""
467,"gathering_storm","[2868,2870,2872]",[],[490],[],"[""Default""]",[],"[18079,18079,59057]",[],338,[],[908],[],"[""Default"",""Thunderfist""]",1000,[],[],[],""
468,"ghost_dance",[],[],[498],[],"[""Default""]",[761],[18079],[],338,[],[688],[],[],1000,[],[],[],""
469,"unique_delirium_flask",[2876],[],[499],[],"[""Default""]",[],[18079],[],338,[],[],[],[],1000,[],[],[],""
470,"aegis","[2880,2887,2894]",[],[],[],"[""Fire"",""Cold"",""Elemental"",""Lightning"",""Physical"",""Primal"",""SorceryWard""]",[],"[45142,13381,47704,41050,5926,30792,48628]",[],338,[],[835],[],[],1000,[],[],[],""
471,"rapid_assault","[2901,2902,2973,3000]",[],[],[],"[""Default""]",[],[18079],[],338,[],[530],[],[],1000,[],[],[],""
472,"whriling_slash",[],[],[],[],"[""Default""]",[],"[18079,18079,33359,33700]",[],338,[],[535],[],"[""Default"",""Brambleghast"",""Wendigo""]",1000,[],[],[],""
473,"triggered_bone_shrapnel",[2906],[],[],[],"[""Default""]",[],[18079],[],338,[],[922],[],[],1000,[],[],[],""
474,"elemental_siphon","[3021,2962,2963,2964]",[],"[508,509,510]",[],"[""Default""]",[],[18079],[],338,[],[796],[],[],1000,[],[],[],""
475,"ritual_sacrifice",[2907],[],"[593,594,595]",[],[],[],[],[],338,[],[909],[],[],1000,[],[],[],""
476,"triggered_titanic_arrows",[2768],[],[],[],"[""Default""]",[],[18079],[],338,[],[928],[],[],1000,[],[],[],""
477,"windstorm","[2903,2904,2948,2949,2985,2986,2987,2988,2989]",[],[],[83],"[""Default""]",[764],"[18079,18079,33359,33700]",[],338,[],[],[],"[""Default"",""Brambleghast"",""Wendigo""]",1000,[],[],[],""
478,"whirlwind_lance",[2905],[],[],[],"[""Default""]",[],"[18079,18079,33359,33700]",[521],338,[],[933],[],"[""Default"",""Brambleghast"",""Wendigo""]",1000,[],[],[],""
479,"wind_serpents_fury","[2908,2945]",[],[],[],"[""Default""]",[],"[18079,18079,17043]",[],338,[],[934],[],"[""Default"",""SpiritWalker""]",1000,[],[],[],""
480,"blood_hunt",[2931],[],[],[],"[""Default""]",[],[18079],[],338,[],[935],[],[],1000,[],[],[],""
481,"triggered_haemocrystals",[2913],[],[],[],"[""Default""]",[],[18079],[],338,[],[926],[],[],1000,[],[],[],""
482,"storm_lance",[3029],[201],[],[87],"[""Default""]",[],"[18079,18079,14117,844,22063,17043]",[524],338,[],[940],[],"[""Default"",""Valkyrie"",""Dark Tempest"",""Ancestral"",""SpiritWalker""]",1000,[],[],[],""
483,"triggered_caltrops","[2954,2955]",[],[],[92],"[""Default""]",[],[18079],[532],338,[],[924],[],[],1000,[],[],[],""
484,"triggered_caltrops_on_dodge","[2954,2955]",[],[],[92],"[""Default""]",[],[18079],[533],338,[],[925],[],[],1000,[],[],[],""
485,"triggered_battershout_explosion",[2914],[],[],[],"[""Default""]",[],[18079],[],338,[],[923],[],[],1000,[],[],[],""
486,"triggered_spiked_gauntlets",[2915],[],[],[],"[""Default""]",[],[18079],[],338,[],[927],[],[],1000,[],[],[],""
487,"instability",[2916],[],[],[],"[""Default""]",[],[18079],[],338,[],[],[],[],1000,[],[],[],""
488,"spear_of_solaris","[2935,2936,2937,2938]",[],[],[],"[""Default""]",[],"[18079,18079,22063]",[],338,[],[939],[],"[""Default"",""Ancestral""]",1000,[],[],[],""
489,"elemental_sundering","[2917,2918,2919,2920,2925,2926,2927]",[],"[511,512,513,514]",[],"[""Default""]",[],"[18079,18079,22063]",[],338,[],[944],[],"[""Default"",""Ancestral""]",1000,[],[],[],""
490,"summon_beast",[],[206],[],[],"[""Default""]","[802,801,793]",[18079],[],338,[],[945],[],[],1000,[],[],[],""
491,"tame_beast",[],[206],[589],[],"[""Default""]","[792,793,795,794]",[18079],[],338,[],[938],[],[],1000,[],[],[],""
492,"cast_on_charm_use","[2933,2934]",[],[519],[],"[""Default""]",[],[18079],[],338,[],[947],[],[],1000,[],[],[],""
493,"trinity",[],[],[520],[],"[""Default""]",[],[18079],[],338,[],[948],[],[],1000,[],[],[],""
494,"summon_spectre","[2947,3014]",[],[521],[],"[""Default""]",[775],"[18079,18079,38925,48172]",[],338,[],[54],[],"[""Default"",""Bestial"",""Sanguine""]",1000,[],[],[],""
495,"electrocute",[],[],[],[],"[""Default""]",[778],[18079],[],21293,[],[],[],[],1000,[],[],[],""
496,"primal_strikes","[2952,2982]",[],[],[],"[""Default""]",[],"[18079,18079,14117,844,22063]",[],338,[],[950],[],"[""Default"",""Valkyrie"",""Dark Tempest"",""Ancestral""]",1000,[],[],[],""
497,"triggered_volcanic_eruption",[2953],[],[],[],"[""Default""]",[],[18079],[531],338,[],[929],[],[],0,[],[],[],""
498," triggered_molten_shower",[2953],[],[],[],"[""Default""]",[],[18079],[531],338,[],[1112],[],[],0,[],[],[],""
499,"triggered_briar_patch","[2956,3146]",[],[],[93],"[""Default""]",[],[18079],[],338,[],[930],[],[],1000,[],[],[],""
500,"triggered_grounding_shocks",[],[245],[759],[],"[""Default""]",[],[18079],[],338,[],[931],[],[],1000,[],[],[],""
501,"dodge_roll",[3515],[],"[524,553,584,586,588]",[],"[""Default""]",[],"[18079,18079,37971,25598,54103,46473,54889,50029,13109,45243,34071,29684,57866]",[],22441,[],[651],[],"[""Default"",""Bat"",""Sand"",""Smoke"",""HonourGuard"",""Ghostmarch"",""Ghost"",""Water"",""BullCharge"",""VerdantSteps"",""SonicBoom"",""Shattered""]",1000,[],[],[],""
502,"bind_spectre",[],[],[598],[],"[""Default""]",[],[18079],[],338,[],[689],[],[],1000,[],[],[],""
503,"shatter_effect",[],[],[828],[],"[""Default"",""ColdSnap"",""ArmourBreakShatterOnKill"",""Delirium"",""Jade""]",[],"[18079,59139,52842,16922,49578]",[],27022,[],[],[],[],1000,[],[],[],""
504,"bloodhounds_mark",[2957],[],[],[],"[""Default""]",[786],[18079],[],338,[],"[936,937]",[],[],1000,[],[],[],""
505,"spearfield","[2959,2960]",[],[],[94],"[""Default""]",[],[18079],[],338,[],[537],[],[],1000,[],[],[],""
506,"instilling","[2961,2962,2963,2964,2965]",[],"[603,604,605,606,607]",[],"[""Default""]","[787,788,789,790,791]",[18079],[],338,[],"[952,953,971]",[],[],1000,[],[],[],""
507,"djinn_knife_throw",[3197],[],[],[],"[""Default""]",[],[18079],[574],338,[],[979],[],[],1000,[],[],[],""
508,"djinn_explosive_teleport","[3202,3203]",[],"[655,656]",[],"[""Default""]",[],[18079],[],338,[],[980],[],[],1000,[],[],[],""
509,"corpse_beetle_explode",[],[],[],[],"[""Default""]",[],[18079],[],338,[],"[982,111]",[],[],1000,[],[],[],""
510,"djinn_living_bomb","[3512,3513,3514]",[],[],[],"[""Default""]",[],[18079],[],338,[],[983],[],[],1000,[],[],[],""
511,"companion_bear_warcry","[3558,3559]",[],[],[],"[""Default""]",[],[18079],[],338,[],[989],[],[],1000,[],[],[],""
512,"companion_bear_slam","[3556,3557]",[],[],[],"[""Default""]",[],[18079],[],338,[],[988],[],[],1000,[],[],[],""
513,"trail_of_caltrops","[2099,2100]",[],[269],[],"[""Default""]",[],[18079],[],338,[],[955],[],[],1000,[],[],[],""
514,"support_spectral_arrows",[2984],[],[],[],"[""Default""]",[],[18079],"[534,535]",20878,[],[],[],[],1000,[],[],[],""
515,"blood_boil",[2972],[],"[591,592]",[],"[""Default""]","[799,800]",[18079],[],338,[],[910],[],[],1000,[],[],[],""
516,"vivid_stampede","[3251,3220]",[],[],[118],"[""Default""]",[],[18079],[],338,[],[912],[],[],1000,[],[],[],""
517,"wild_protector",[],[],[],[],"[""Default""]",[],[18079],[],338,[60],[913],[],[],1000,[],[],[],""
518,"hollow_focus",[2212],[],[],[48],"[""Default""]",[],[18079],[],338,[],[915],[],[],1000,[],[],[],""
519,"hollow_resonance","[2214,2213]",[],[],[],"[""Default""]",[],[18079],[],338,[],[916],[],[],1000,[],[],[],""
520,"haunt",[2974],[],[],[],"[""Primal"",""Wild"",""Vivid"",""Sacred""]",[],"[30792,28806,26253,12979]",[],338,[],[954],[],[],1000,[],[],[],""
521,"cast_lightning_spell_on_hit","[2978,2979]",[],[596],[],"[""Default""]",[],[18079],[],338,[],[956],[],[],1000,[],[],[],""
522,"cast_fire_spell_on_hit","[2980,2981]",[],[597],[],"[""Default""]",[],[18079],[],338,[],[957],[],[],1000,[],[],[],""
523,"hoarfrost",[2983],[],[],[97],"[""Default""]",[],[18079],[],338,[],[],[],[],1000,[],[],[],""
524,"animate_weapon",[3002],[],[624],[],"[""Default""]",[],[18079],[],338,[50],[959],[],[],1000,[],[],[],""
525,"torment_burst",[3003],[],[],[],"[""Default""]",[],[18079],[],338,[],[960],[],[],1000,[],[],[],""
526,"summon_daemon_minion",[],[],[],[],"[""Default""]",[],[18079],[],338,[51],[961],[],[],1000,[],[],[],""
527,"death_from_above","[3008,3009,3016,3034]",[],[],[],"[""Default""]",[],[18079],[],338,[],[962],[],[],1000,[],[],[],""
528,"imbue_weapon_combustion",[3010],[],[],[],"[""Default""]",[],[18079],[],338,[],[965],[],[],1000,[],[],[],""
529,"mtx_crystal_shattering_weapon",[3011],[],"[608,609,610,611]",[],[],[],[],[],338,[],[],[],[],1000,[],[],[],""
530,"lightning_spear",[3619],[],[],[],"[""Default""]",[],"[18079,18079,14117,844,22063,17043]","[539,540]",338,[],[539],[],"[""Default"",""Valkyrie"",""Dark Tempest"",""Ancestral"",""SpiritWalker""]",1000,[],[],[],""
531,"convalescence",[],[],[623],[],"[""Default""]",[],[18079],[],338,[],[966],[],[],1000,[],[],[],""
532,"convalescence_active",[],[],[],[],"[""Default""]",[],[18079],[],338,[],[967],[],[],1000,[],[],[],""
533,"glacial_lance",[3017],[],[],[98],"[""Default""]",[],"[18079,18079,14598,22063]",[549],338,[],[949],[],"[""Default"",""Aurora"",""Ancestral""]",1000,[],[],[],""
534,"fangs_of_frost","[3022,3023]",[],[627],[],"[""Default""]",[],"[18079,18079,22063]",[],338,[],[943],[],"[""Default"",""Ancestral""]",1000,[],[],[],""
535,"imbue_weapon","[3026,3028]",[],"[625,626]",[],"[""Default""]",[],[18079],[],338,[],[964],[],[],1000,[],[],[],""
536,"mtx_land_shark_consume",[3027],[],[],[],"[""Default""]",[],[18079],[],338,[],[970],[],[],1000,[],[],[],""
537,"impale_debuff",[],[],[629],[],"[""Default""]",[],"[18079,18079,55223]",[],22415,[],[],[],"[""Default"",""Sanguine Bone""]",1000,[],[],[],""
538,"despair","[3039,3452,3453,3454]",[],[],[],"[""Default""]",[825],"[18079,18079,55223]",[],338,[],[328],[],"[""Default"",""Sanguine Bone""]",1000,[],[],[],""
539,"temporal_chains","[3042,3437,3438,3439]",[],[],[],"[""Default""]",[828],"[18079,18079,55223,44655,12317]",[],338,[],[62],[],"[""Default"",""Sanguine Bone"",""Vaal Chrono Seer"",""MapModTempChain""]",1000,[],[],[],""
540,"enfeeble","[3046,3443,3444,3445]",[],[],[],"[""Default""]",[832],"[18079,18079,55223]",[],338,[],[64],[],"[""Default"",""Sanguine Bone""]",1000,[],[],[],""
541,"vulnerability","[3049,3449,3450,3451]",[],[],[],"[""Default""]",[835],"[18079,18079,55223]",[],338,[],[66],[],"[""Default"",""Sanguine Bone""]",1000,[],[],[],""
542,"inevitable_agony","[3051,3440,3441,3442,3052]",[],[],[],"[""Default""]","[837,838]",[18079],[],338,[],[67],[],[],1000,[],[],[],""
543,"elemental_weakness","[3053,3446,3447,3448]",[],[],[],"[""Default""]",[839],"[18079,18079,24268,25569,35955]",[],338,[],[63],[],"[""Default"",""MapMod"",""Abyssal"",""Darkshard""]",1000,[],[],[],""
544,"cull_the_weak","[3067,3068]",[],[],[],"[""Default""]",[],"[18079,18079,17043]",[],338,[],[951],[],"[""Default"",""SpiritWalker""]",1000,[],[],[],""
545,"tree_whip",[],[],[],[],"[""Default""]",[],[18079],[],338,[],[972],[],[],1000,[],[],[],""
546,"wyvern_swipe","[3111,3434,3525]",[],[],[],"[""Default""]",[919],"[18079,18079,52342,29041]",[],338,[],[973],[],"[""Default"",""Lichborn"",""Divine Dragon""]",1000,[],[],[],""
547,"wing_blast","[3094,3096,3097]",[],[],[],"[""Default""]",[],"[18079,18079,52342]",[],338,[],[974],[],"[""Default"",""Lichborn""]",1000,[],[],[],""
548,"exploding_poison_toad","[3093,3102]",[],[],[],"[""Default""]",[],[18079],[],338,[],[975],[],[],1000,[],[],[],""
549,"electric_spit","[3104,3105]",[],[],[],"[""Default""]",[843],"[18079,18079,52342,29041]","[553,554]",338,[],[990],[],"[""Default"",""Lichborn"",""Divine Dragon""]",1000,[],[],[],""
550,"iron_ward",[3117],[],[636],[],"[""Default""]",[],[18079],[],338,[],[991],[],[],1000,[],[],[],""
551,"warding_steel_nova",[3116],[],[635],[],"[""Default""]",[],[18079],[],338,[],[992],[],[],1000,[],[],[],""
552,"moment_of_vulnerability","[3339,3340,3341]",[],"[734,735]",[],"[""Default""]",[850],[18079],[],338,[65],[870],[],[],1000,[],[],[],""
553,"align_fate",[3502],[],[733],[],"[""Default""]",[],[18079],[],338,[],[869],[],[],1000,[],[],[],""
554,"wyvern_flame_breath","[3163,3172,3177,3361]",[],[],[],"[""Default""]",[],"[18079,18079,52342,29041]",[],338,[],[993],[],"[""Default"",""Lichborn"",""Divine Dragon""]",1000,[],[],[],""
555,"ancestrally_boosted_slam","[3118,3119,3120,3121,3122,3123,3124,3125]","[225,226]",[],[],"[""Default"",""Fire"",""ChestMaulGoldSlam""]",[],"[18079,45142,58539]",[],11318,[],[],[],[],1000,[],[],[],""
556,"ancestrally_boosted_strike",[],[],"[658,659]",[],"[""Default"",""Celestial"",""Stygian"",""Fire""]",[],"[18079,27572,39541,45142]",[],7296,[],[],[],[],1000,[],[],[],""
557,"ancestrally_boosted_spell","[3118,3568,3569,3126,3127]",[],"[806,807]",[],"[""Default""]",[],[18079],[],26177,[],[],[],[],1000,[10],[],[],""
558,"entangle",[3147],[],[637],[],"[""Default""]",[],"[18079,18079,38925,39541,53887]",[],338,[],[995],[],"[""Default"",""Bestial"",""Stygian"",""Centipede""]",1000,[],[],[],""
559,"ballistic_ice_chunk","[3151,3190,3433]",[],[],[],"[""Default""]",[],"[18079,18079,44003,14598,897]",[557],24755,[],"[996,997,1016,1015]",[],"[""Default"",""Blood Moon"",""Aurora"",""Verisium""]",1000,[],[],[],""
560,"wolf_frozen_claws",[3362],[],[],[],"[""Default""]",[],"[18079,18079,44003]",[],338,[],[998],[],"[""Default"",""Blood Moon""]",1000,[],[],[],""
561,"bear_fury_of_the_mountain","[1810,1811,1812,1813,1814,1815,3375]",[],[],[],"[""Default""]",[],"[18079,18079,55033]",[],338,[],[999],[],"[""Default"",""Forgemaster""]",1000,[],[],[],""
562,"wolf_cross_slash_mark",[],[],[],[],"[""Default""]",[851],"[18079,18079,44003]",[],338,[],[1000],[],"[""Default"",""Blood Moon""]",1000,[],[],[],""
563,"wolf_cross_slash","[3364,3370,3343]",[],[],[],"[""Default""]",[],"[18079,18079,44003]",[],338,[],[1001],[],"[""Default"",""Blood Moon""]",1000,[],[],[],""
564,"summon_wolf_companion",[],[],[],[],"[""Default""]",[],[18079],[],338,[53],[640],[],[],1000,[],[],[],""
565,"summon_hyena_cackle",[],[],[],[],"[""Default""]",[],[18079],[],338,[57],[641],[],[],1000,[],[],[],""
566,"pinnacle_of_power",[],[],[],[],"[""Default""]",[],[18079],[],338,[],[1002],[],[],1000,[],[],[],""
567,"rapid_shot_requiem",[3152],[],[641],[],"[""Default""]",[853],[18079],[562],338,[],[1003],[],[],1000,[],[],[],""
568,"lunar_assault",[],[],[],[],"[""Default""]",[],"[18079,18079,44003]",[],338,[],[1005],[],"[""Default"",""Blood Moon""]",1000,[],[],[],""
569,"tornado","[3153,3154,3457,3460,3463]",[],"[760,763,766]",[],"[""Default""]",[],"[18079,18079,37812,49921]",[],338,[],[510],[],"[""Default"",""Abyss"",""Radiant""]",1000,[],[],[],""
570,"heart_of_ice","[3162,3159]",[],[],[],"[""Default""]",[],[18079],[],338,[],[1006],[],[],1000,[],[],[],""
571,"primal_avatar",[],[206],[589],[],"[""Default""]",[],[18079],[],338,[],[1007],[],[],1000,[],[],[],""
572,"wyvern_devour",[3455],[],"[736,738]",[],"[""Default""]","[884,885]","[18079,18079,52342,29041]",[],338,[],[1008],[],"[""Default"",""Lichborn"",""Divine Dragon""]",1000,[],[],[],""
573,"awakened_forest","[3164,3165]",[],[],[],"[""Default""]",[],"[18079,18079,38925,39541,53887]",[],338,[],[1009],[],"[""Default"",""Bestial"",""Stygian"",""Centipede""]",1000,[],[],[],""
574,"triggered_caustic_cloud",[],[],[],[],"[""Default""]",[],[18079],[],338,[],[1010],[],[],1000,[],[],[],""
575,"essence_drain",[3222],[],[],[],"[""Default"",""Rigwald"",""SiphonMicrotransaction1"",""PaleKing"",""Celestial"",""Scientist"",""Project"",""Sunprism"",""Delirium""]",[854],"[18079,50544,28259,788,27572,64816,55295,52008,16922,33495,20069]",[563],338,[],[229],[],"[""King in the Mists"",""Vampiric""]",1000,[],[5],[],""
576,"wolf_lunar_blessing",[3178],[],[],[],"[""Default""]","[896,897]","[18079,18079,44003]",[],338,[],[1011],[],"[""Default"",""Blood Moon""]",1000,[],[],[],""
577,"bear_warcry","[3173,3174]",[],[],[],"[""Default""]",[],"[18079,18079,55033]",[],338,[],[670],[],"[""Default"",""Forgemaster""]",1000,[],[],[],""
578,"wolf_warcry","[3182,3183,3184,3185]",[],"[737,741,758]",[],"[""Default""]","[890,892]",[18079],[],338,[55],[1012],[],[],1000,[],[],[],""
579,"triggered_living_lightning",[],[],[],[],"[""Default""]",[],[18079],[],338,[58],[1013],[],[],1000,[],[],[],""
580,"living_lightning_zap",[],[216],[],[],"[""Default""]",[],[18079],[],338,[],[1014],[],[],1000,[],[],[],""
581,"triggered_shocking_rift","[3193,3194,3195,3196]",[],"[691,692]",[],"[""Default""]",[],[18079],[],338,[],[1017],[],[],1000,[],[],[],""
582,"forge_hammer","[3198,1811,1812,1813,1814,1815,3199,3236]",[],[],[104],"[""Default""]",[],[18079],[],25773,[],[1024],[],[],1000,[],[],[],""
583,"toggle_mount_minion",[],[],[],[],"[""Default""]",[],[18079],[],338,[],[1025],[],[],1000,[],[],[],""
584,"fulmination","[2613,3253]",[],[],[],"[""Default""]",[],[18079],[],338,[],[1026],[],[],1000,[],[],[],""
585,"grim_remnant_resummon",[],[],[],[],"[""Default""]",[],[18079],[],338,[],[1027],[],[],1000,[],[],[],""
586,"soulrend",[3205],[217],[],[],"[""Default""]","[869,872]",[18079],[575],338,[],[398],[],[],1000,[],[],[],""
587,"djinn_hand_slam","[3208,3209,3210,3211]",[],[],[111],"[""Default""]",[],[18079],[],338,[],[981],[],[],1000,[],[],[],""
588,"lightless_stalker_gaze",[3212],[],[],[],"[""Default""]",[],[18079],[],338,[],[1030],[],[],1000,[],[],[],""
589,"lightless_stalker",[],[],[],[],"[""Default""]",[],[18079],[],338,"[61,62]",[1031],[],[],1000,[],[],[],""
590,"djinn_ground_burst",[3213],[],[],[],[],[],[],[],338,[],[977],[],[],1000,[],[],[],""
591,"dark_pact","[3214,3215,3216,3254]",[220],[],[],"[""Default""]",[],[18079],[],338,[],[248],[],[],1000,[],[],[],""
592,"abyssal_pact","[3217,3218,3219,3255]",[221],[],[],"[""Default""]",[],[18079],[],338,[],[249],[],[],1000,[],[],[],""
593,"hammer_of_ngamahu","[2569,2570,2587,2588,2589]",[],[],[],"[""Default""]",[],[18079],"[469,470]",338,[],[824],[],[],1000,[],[],[],""
594,"hammer_of_ngamahu_fist","[2569,2570,2587,2588,2590]",[],[],[],"[""Default""]",[],[18079],[],338,[],[824],[],[],1000,[],[],[],""
595,"toxic_domain","[3315,3318]",[],"[710,711,712]",[108],"[""Default""]",[879],"[18079,18079,60059,7333]",[],338,[],"[1033,1080]",[],"[""Default"",""Night Lotus"",""Blight""]",1000,[1],[],[],""
596,"djinn_fire_rune","[3233,3234,3235]",[],[],[106],"[""Default""]",[],[18079],[578],338,[],[984],[],[],1000,[],[],[],""
597,"spellslinger_invocation","[2093,2094]",[],[266],[],"[""Default""]","[815,661]",[18079],[],338,[],[1034],[],[],1000,[],[],[],""
598,"crackling_palm",[3238],[],[],[],"[""Default""]",[],[18079],[],338,[],[1036],[],[],1000,[],[],[],""
599,"djinn_meteor","[3239,3240]",[],[],[],"[""Default""]",[],[18079],[],338,[],[985],[],[],1000,[],[],[],""
600,"mtx_command_cruelty_killer_bird",[],[],[],[],"[""Default""]",[],[18079],[],338,[],[1038],[],[],1000,[],[],[],""
601,"future_past",[],[222],"[667,668]",[],"[""Default""]",[],[18079],[],338,[],[1039],[],[],1000,[],[],[],""
602,"mtx_cruelty_killer_bird_consume",[3241],[],[289],[],"[""Default""]",[],[18079],[],338,[],[1040],[],[],1000,[],[],[],""
603,"primal_bounty",[3612],[],[666],[],"[""Default""]",[],[18079],[],338,[],[1028],[],[],1000,[],[],[],""
604,"runic_tempering","[3245,3246,3247]",[223],[],[],"[""Default""]",[],[18079],[],338,[],[1041],[],[],1000,[],[],[],""
605,"djinn_triggered_wave",[3248],[],[],[],"[""Default""]",[876],[18079],[],338,[],[717],[],[],1000,[],[],[],""
606,"triggered_pillar_of_flame",[3249],[],[669],[],"[""Default""]",[],[18079],[],338,[],"[1018,1019]",[],[],1000,[],[],[],""
607,"triggered_fissure_on_landing","[1810,1811,1812,1813,1814,1815]",[],[],[],"[""Default""]",[],[18079],[],338,[],[1020],[],[],1000,[],[],[],""
608,"astral_projection",[],[],"[673,674]",[],"[""Default""]",[],[18079],[],23248,[],[],[],[],1000,[],[],[],""
609,"infernal_cry","[3256,3260,3264,3268,3272]",[],[675],[],"[""Default"",""UNUSED"",""Celestial"",""Wolf""]",[],"[18079,64124,27572,45252]",[],338,[],[444],[],[],1000,[],[],[1],""
610,"seismic_cry","[3276,3280,3284,3288,3292]",[229],"[679,683,687]",[],"[""Default"",""UNUSED"",""Celestial"",""Wolf""]",[],"[18079,64124,27572,45252]",[],338,[],[446],[],[],1000,[],[],[],""
611,"triggered_curse_zone_hazard_explosion",[],[],[],[],"[""Default""]",[],[18079],[],338,[],[1042],[],[],1000,[],[],[],""
612,"triggered_hatching_elementals",[],[],[],[],"[""Default""]",[],[18079],[],338,[63],[1023],[],[],1000,[],[],[],""
613,"witch_hunter_mark","[2776,2776,2776,2776,2776]","[190,190,190,190,190]","[441,441,441,441,441]",[],"[""Default""]",[753],[18079],[],338,[],[856],[],[],1000,[],[],[],""
614,"the_flawed_edict",[3296],[],[],[],"[""Default""]",[],[18079],[],338,[],[1043],[],[],1000,[],[],[],""
615,"siphon_elements","[3297,3298,3300,3301,1947,1948,1950,1951]","[233,234,236,237]","[702,703,705,706]",[],"[""Default"",""Stygian""]",[877],"[18079,39541]",[],23414,[],[1045],[],[],1000,[],[],[],""
616,"charge_remnants","[3302,3303,3304]","[238,239,240]","[707,708,709]",[],"[""Default""]",[],[18079],[],23415,[],[],[],[],1000,[],[],[],""
617,"brute_warcry","[3305,3306,3312]",[],[],[],"[""Default""]",[],[18079],[],338,[],[1046],[],[],1000,[],[],[],""
618,"frost_darts","[3308,3307]",[],[],[],"[""Default""]",[],"[18079,18079,25569]","[580,581]",338,[],[1047],[],"[""Default"",""Abyssal""]",1000,[],[],[],""
619,"apply_rimeshield",[3311],[],[],[],"[""Default""]",[],[18079],[],338,[],[1044],[],[],1000,[],[],[],""
620,"ravenous_swarm_attack",[],[],[493],[],"[""Default""]",[],[18079],[],338,[],[1048],[],[],1000,[],[],[],""
621,"encase_in_jade",[],[],[],[],"[""Default""]",[878],[18079],[],338,[],[868],[],[],1000,[],[],[],""
622,"projectile_arc","[3329,3330]",[],[719],[],"[""Default""]",[],"[18079,18079,35955]",[584],338,[],[1049],[],"[""Default"",""Darkshard""]",1000,[],[],[],""
623,"triggered_splinter_explosion",[3313],[],[],[],"[""Default""]",[],[18079],[],338,[],[932],[],[],1000,[],[],[],""
624,"create_void_illusion",[3314],[],[695],[],"[""Default""]",[],[18079],[],338,[],[687],[],[],1000,[],[],[],""
625,"grave_command",[],[208],[590],[],"[""Default""]","[796,797,798]",[18079],[],338,[],[1050],[],[],1000,[],[],[],""
626,"summon_undead_companion",[],[208],[],[],"[""Default""]","[806,807,797]",[18079],[],338,[],[1051],[],[],1000,[],[],[],""
627,"ice_tipped_arrows",[],[],"[722,723,721]",[],"[""Default""]",[],"[18079,18079,16922,14598]",[],338,[],[1035],[],"[""Default"",""Delirium"",""Aurora""]",1000,[],[],[],""
628,"shattering_concoction",[2842],[],[468],[],"[""Default""]",[],[18079],[60],338,[],[846],[],[],1000,[4],[],[],""
629,"explosive_concoction",[2843],[],[467],[],"[""Default""]",[],[18079],[60],338,[],[844],[],[],1000,[5],[],[],""
630,"fulminating_concoction",[2844],[],[469],[],"[""Default""]",[],[18079],[60],338,[],[845],[],[],1000,[6],[],[],""
631,"bleeding_concoction",[2841],[],[470],[],"[""Default""]",[],[18079],[60],338,[],[848],[],[],1000,[7],[],[],""
632,"acidic_concoction","[2845,2846]",[],[471],[],"[""Default""]",[],[18079],[60],338,[],[847],[],[],1000,[8],[],[],""
633,"meta_deadeye_marks",[],[],[],[],"[""Default""]","[882,883]",[18079],[],338,[],[921],[],[],1000,[],[],[],""
634,"abyssal_apparition",[],[],[],[],"[""Default""]",[],[18079],[],338,[64],[1052],[],[],1000,[],[],[],""
635,"triggered_detonate_dead_on_landing",[2478],[],[350],[],"[""Default""]",[],[18079],[],338,[],[1022],[],[],1000,[],[],[],""
636,"primal_avatar_quadrilla_slam","[3337,3338]",[],[],[],"[""Default""]",[],[18079],[],338,[],[1054],[],[],1000,[],[],[],""
637,"wolf_pounce","[3342,3343]",[],[],[],"[""Default""]",[],"[18079,18079,44003]",[],338,[],[658],[],"[""Default"",""Blood Moon""]",1000,[],[],[],""
638,"ice_nova","[3348,3356]",[],[],[],"[""UNUSED"",""Water"",""Arctic"",""Rampage"",""Default"",""Illusionist"",""Celestial"",""Abyssal""]",[],"[64124,13109,59603,57275,18079,54759,27572,25569,18079,25569,4760]",[],338,[],[31],[],"[""Default"",""Abyssal"",""Obsidian""]",1000,[],[],[],""
639,"triggered_creeping_chill",[],[],[],[],"[""Default""]",[],[18079],[],338,[],[1055],[],[],1000,[],[],[],""
640,"mtx_severed_arm_slap",[],[],[739],[],"[""Default""]",[],[18079],[],338,[],[1057],[],[],1000,[],[],[],""
641,"briarpatch",[3368],[],[293],[],"[""Default""]",[],"[18079,18079,53887]",[],338,[],[1058],[],"[""Default"",""Centipede""]",1000,[],[],[],""
642,"ceaseless_rage",[],[],[295],[],"[""Default""]",[],[18079],[],338,[],[1059],[],[],1000,[],[],[],""
643,"wild_beast",[],[],[740],[],"[""Default""]",[],[18079],[],338,[],[1061],[],[],1000,[],[],[],""
644,"wild_beast_active",[],[],[],[],"[""Default""]",[],[18079],[],338,[],[1060],[],[],1000,[],[],[],""
645,"wolf_warcry_wolf",[],[],[],[],"[""Default""]",[],[18079],[],338,[55],[1062],[],[],1000,[],[],[],""
646,"fungal_terrain","[3371,3372]",[],[],"[112,113]","[""Default""]",[],[18079],[],338,[],[621],[],[],1000,[],[],[],""
647,"crushing_earth","[3373,3374]",[],[],[],"[""Default""]",[],[18079],[],338,[],[620],[],[],1000,[],[],[],""
648,"walking_calamity",[],[],[],[],"[""Default""]","[900,901,902]","[18079,18079,55033]",[],338,[],[1063],[],"[""Default"",""Forgemaster""]",1000,[],[],[],""
649,"walking_calamity_meteor","[3377,3378,3379,3380]",[],[],[],"[""Default""]",[],"[18079,18079,55033]",[],338,[],[1064],[],"[""Default"",""Forgemaster""]",1000,[],[],[],""
650,"fall_of_verisium",[],[],[],[],"[""Default""]","[900,901,902]","[18079,18079]",[],338,[],[1065],[],"[""Default""]",1000,[],[],[],""
651,"fall_of_verisium_meteor","[3385,3386,3387,3388]",[],[],[],"[""Default""]",[],"[18079,18079]",[],338,[],[1066],[],"[""Default""]",1000,[],[],[],""
652,"triggered_explosive_growth","[3389,3390]",[],[],[],"[""Default""]",[],"[18079,18079,38925,39541]",[],24751,[],[1072],[],"[""Default"",""Bestial"",""Stygian""]",1000,[],[],[],""
653,"triggered_fan_the_flames",[3395],[],[],[],"[""Default""]",[],[18079],[],338,[],[1073],[],[],1000,[],[],[],""
654,"triggered_deadly_current",[],[],[],[],"[""Default""]",[],[18079],[586],338,[],[1074],[],[],1000,[],[],[],""
655,"mirror_of_refraction",[],[],[],[117],"[""Default""]",[],[18079],[],338,[],[1075],[],[],1000,[9],[],[],""
656,"barkskin",[3505],[],[],[],"[""Default""]",[910],"[18079,18079,38925,39541,53887]",[],338,[],[1076],[],"[""Default"",""Bestial"",""Stygian"",""Centipede""]",1000,[],[],[],""
657,"plants_effects","[3396,3397]",[],[],[],"[""Default""]",[],"[18079,18079,38925,39541]",[],338,[],[],[],"[""Default"",""Bestial"",""Stygian""]",1000,[],[],[],""
658,"feral_invocation",[],[],[],[],"[""Default""]",[],[18079],[],338,[],[1077],[],[],1000,[],[],[],""
659,"unleash_the_elements_fire","[3402,3403]",[],[],[],"[""Default""]",[],[18079],[],338,[],[1068],[],[],1000,[],[],[],""
660,"unleash_the_elements_cold","[3404,3405]",[],[],[],"[""Default""]",[],[18079],[],338,[],[1069],[],[],1000,[],[],[],""
661,"unleash_the_elements_lightning","[3406,3407]",[],[],[],"[""Default""]",[],[18079],[],338,[],[1070],[],[],1000,[],[],[],""
662,"mtx_afk_podium","[3408,3410]",[],[742],[],"[""Default""]",[],[18079],[],338,[],[1078],[],[],1000,[],[],[],""
663,"mtx_encase_in_crystal","[3411,3416,3421]",[],"[743,748,753]",[],"[""Default""]",[],[18079],[],338,[],[1079],[],[],1000,[],[],[],""
664,"molten_crash","[3427,3428,3429,3430,3431,3432,3426]",[],[],[62],"[""Default""]",[],[18079],[],338,[],[11],[],[],1000,[],[],[],""
665,"annihilation",[3436],[],[],[],"[""Default""]",[],[18079],[],338,[],[1081],[],[],1000,[],[],[],""
666,"dangerous_resolve","[3466,3467]",[],[],[],"[""Default""]",[],[18079],[],338,[],[1083],[],[],1000,[],[],[],""
667,"triggered_spark_empower",[],[],[],[],"[""Default""]",[],[18079],[],338,[],[1085],[],[],1000,[],[],[],""
668,"bear_maul",[],[],[],[],"[""Default""]",[],"[18079,18079,55033]",[],338,[],"[648,649]",[],"[""Default"",""Forgemaster""]",1000,[],[],[],24549
669,"shattering_spite",[3503],[246],[],[],"[""Default""]",[],[18079],[],338,[],[911],[],[],1000,[],[],[],""
670,"righteous_descent","[2523,2524]",[],[],[],"[""Default""]",[],[18079],[],338,[],[1091],[],[],1000,[],[],[],""
671,"wolf_lunar_blessing_beam_attack",[3180],[],[],[],"[""Default""]",[],[18079],[],338,[],[1087],[],[],1000,[],[],[],""
672,"revive_player",[3508],[],[],[],"[""Default"",""MtxPhoenixRed"",""MtxPhoenixGreen"",""MtxPhoenixBlue""]",[915],"[18079,4002,48573,47535,18079,4002,48573,47535]",[],24659,[],[],[],"[""Default"",""MtxPhoenixRed"",""MtxPhoenixGreen"",""MtxPhoenixBlue""]",1000,[],[],[],""
673,"mtx_stormborn_armour",[],[],"[778,782,786]",[],"[""Default"",""Frigid"",""Infernal"",""Thunderous"",""Chaotic""]",[],"[18079,8364,14094,58909,63903,18079,8364,14094,58909,63903]",[],24668,[],[],[],"[""Default"",""Frigid"",""Infernal"",""Thunderous"",""Chaotic""]",1000,[],[],[],""
674,"archon_of_chayula",[],[],[],[],"[""Default""]",[],[18079],[],338,[],[1089],[],[],1000,[],[],[],""
675,"tangmazu_raven_swarm",[3532],[],[],[],[],[],[],[],338,[],[963],[],[],1000,[],[],[],""
676,"ancient_gifts","[3536,3534,3535,3533]","[212,213,214]","[461,462,463]",[],"[""Default""]",[],[18079],[],338,[],[1090],[],[],1000,[],[],[],""
677,"starborn_onslaught","[3547,3548,3549,3550,3551,3552,3544,3545,3546,3553]",[248],[],[],"[""Default""]",[],[18079],[],338,[],[1092],[],[],1000,[],[],[],""
678,"triggered_lightning_detonate_dead","[3539,3541,3540]",[],[791],[],"[""Default""]",[],[18079],[],338,[],[1093],[],[],1000,[],[],[],""
679,"mist_raven_dive_bomb",[3504],[],[],[],"[""Default""]",[],[18079],[],338,[],[647],[],[],1000,[],[],[],""
680,"apply_tangmazu_swarm_aura",[],[],[],[],"[""Default""]",[],[18079],[],338,[],[1097],[],[],1000,[],[],[],""
681,"blinded",[],[],[],[],"[""Default""]",[930],"[18079,18079,25598]",[],8934,[],[],[],"[""Default"",""Sand""]",1000,[],[],[],""
682,"nightfall_soaring_midnight",[2608],[],[801],[],"[""Default""]",[],[18079],[587],338,[],[1098],[],[],1000,[],[],[],""
683,"nightfall_embrace_the_fall",[2607],[],[],[],[],[],[],[],338,[],[1099],[],[],1000,[],[],[],""
684,"support_hide_of_helbrym",[],[],[],[],"[""Default""]","[935,936]",[18079],[],25090,[],[],[8134],[],1000,[],[],[],""
685,"archon_of_chayula_tornado","[3542,3543]",[],"[796,797]",[],"[""Default""]",[],[18079],[],338,[],[1100],[],[],1000,[],[],[],""
686,"spirit_vessel",[],[],"[808,809,810]",[],"[""Default""]",[],[18079],[],338,[67],[1101],[],[],1000,[],[],[],""
687,"mtx_clone_trail_weapon_effect",[],[],[798],[],"[""Soulstunning"",""Mirage""]",[],"[51463,23091]",[],25241,[],[],[],[],1000,[],[],[],""
688,"azmerian_swarm",[],[],[],[],"[""Default""]",[],[18079],[],338,[68],[1094],[],[],1000,[],[],[],""
689,"midnight_star","[2221,2222]",[],[804],[51],"[""Default""]",[910],[18079],[],338,[],[1105],[],[],1000,[],[],[],""
690,"hazardous_holdout","[3554,3555]",[],[819],[],"[""Default""]",[],[18079],[],338,[],[748],[],[],1000,[],[],[],""
691,"harbinger_of_madness","[904,905]",[],[],[],[],[],[],[],338,[69],[1096],[],[],1000,[],[],[],""
692,"support_mothers_ward",[3562],[],[803],[],"[""Default""]",[939],[18079],[],25891,[],[],[8221],[],1000,[],[],[],""
693,"chaos_frog_explosion",[3563],[],[],[],"[""Default""]",[],[18079],[],338,[],[1107],[],[],1000,[],[],[],""
694,"treat_elemental_resistances_as_90",[],[],[805],[],[],[],[],[],338,[],[],[],[],1000,[],[],[],""
695,"concussive_runes",[3567],[],[],[],"[""Default""]",[],[18079],[],338,[],[1108],[],[],1000,[],[],[],""
696,"leylines","[3566,3565]",[],[],[125],"[""Default""]",[],[18079],[],338,[],[1109],[],[],1000,[],[],[],""
697,"frostflame_nova",[3573],[],"[817,818]",[],"[""Default""]",[944],[18079],[],338,[],[1110],[],[],1000,[],[],[],""
698,"hollow_shell",[3564],[],[],[],"[""Default""]",[941],[18079],[],338,[],[1111],[],[],1000,[],[],[],""
699,"triggered_rune_forged_blades",[3594],[],[],[],"[""Default""]",[],[18079],[588],338,[],[1113],[],[],1000,[],[],[],""
700,"powered_by_verisium",[],[],[],[],"[""Default""]",[],[18079],[],338,[],[1115],[],[],1000,[],[],[],""
701,"refutation",[3583],[],"[814,815]",[],"[""Default""]",[],[18079],[],338,[],[1116],[],[],1000,[],[],[],""
702,"triskelion_cascade",[3571],[],[],[],"[""Default""]",[],[18079],[],338,[],[1119],[],[],1000,[],[],[],""
703,"gelid_palm",[3572],[],[],[],"[""Default""]",[],[18079],[],338,[],[1037],[],[],1000,[],[],[],""
704,"skyfall","[3574,3575]",[],[],[],"[""Default""]",[],[18079],[],338,[70],[1122],[],[],0,[],[],[],""
705,"animus_exchange",[],[],[811],[],"[""Default""]",[943],[18079],[],338,[],[1124],[],[],1000,[],[],[],""
706,"bitter_dead","[3578,3579,3580,3581]",[],[812],[119],"[""Default""]",[],[18079],[],338,[71],[1125],[],[],1000,[],[],[],""
707,"detonate_living","[3582,3584]",[],[813],[],"[""Default""]",[],[18079],[],338,[],[1123],[],[],1000,[],[],[],""
708,"internecine_draw_reservation",[],[],[816],[],"[""Default""]",[],[18079],[],338,[],[1120],[],[],1000,[],[],[],""
709,"conductive_runes","[3585,3586,3587]",[],[],[120],"[""Default""]",[],[18079],[],338,[],[1133],[],[],1000,[],[],[],""
710,"fragments_of_the_past",[3588],[],[],[121],"[""Default""]",[],[18079],[561],338,[],[1132],[],[],1000,[],[],[],""
711,"ward_remnants",[3592],[250],[820],[],"[""Default""]",[945],[18079],[],338,[],[1130],[],[],1000,[],[],[],""
712,"eternal_march","[3613,3614]",[],[],[],"[""Default""]",[],[18079],[],338,[],[1126],[],[],1000,[],[],[],""
713,"curse_repulsion","[3595,3596,3597,3598]",[],[],[],"[""Default""]",[942],"[18079,18079]",[],338,[],[1117],[],"[""Default""]",1000,[],[],[],""
714,"curse_repulsion_shockwave",[3570],[],[],[],"[""Default""]",[],[18079],[],338,[],[1118],[],[],1000,[],[],[],""
715,"triggered_morrigans_insight",[],[],[],[],"[""Default""]",[947],[18079],[],338,[],[1135],[],[],1000,[],[],[],""
716,"animus_splinters",[],[],"[696,697,698]",[],"[""Default""]",[],[18079],[],338,[],[1136],[],[],1000,[],[],[],""
717,"runic_reprieve",[3599],[],[],[],"[""Default""]",[],[18079],[],338,[],[1137],[],[],1000,[],[],[],""
718,"voltaic_barrier",[3605],[251],[],"[124,123]","[""Default""]",[],[18079],[],338,[],[1138],[],[],1000,[],[],[],""
719,"grim_pillars","[3600,3601,3602]",[],[],[122],"[""Default""]",[],[18079],[],338,[],[1127],[],[],1000,[],[],[],""
720,"triggered_fist_of_kalguur",[3603],[],[],[],"[""Default""]",[],[18079],[],338,[],[1114],[],[],1000,[],[],[],""
721,"triggered_fractured_self",[],[],[821],[],"[""Default""]",[],[18079],[],338,[],[1139],[],[],1000,[],[],[],""
722,"verisium_manifestation",[],[],[],[],"[""Default""]",[948],[18079],[],338,[72],"[1128,1129]",[],[],1000,[],[],[],""
723,"virtuous_barrier",[3606],[],[],[],"[""Default""]",[],[18079],[],338,[],[1106],[],[],1000,[],[],[],""
724,"explosive_transmutation","[3607,3608,3609,3610,3611]",[],[],[],"[""Default""]",[949],[18079],[],338,[],"[1140,1141]",[],[],1000,[],[],[],""
725,"wardbound_minions",[],[],[],[],"[""Default""]",[],[18079],[],338,[73],[1131],[],[],1000,[],[],[],""
726,"voltaic_barrier_triggered_chain_lighting",[],[252],[],[],"[""Default""]",[],[18079],[],338,[],[1142],[],[],1000,[11],[],[],""
727,"rain_of_blades",[],[],[],[],"[""Default""]",[],[18079],[],338,[],[1143],[],[],1000,[],[],[],""
728,"rain_of_blades_triggered_blade","[3615,3616,3617]",[],[],[],"[""Default""]",[],[18079],[],338,[],[1144],[],[],1000,[],[],[],""
729,"smash_to_smithereens",[3618],[],[],[],"[""Default""]",[],[18079],[],338,[],[1145],[],[],1000,[],[],[],""
730,"endurance_charge",[],[],[],[],[],"[953,1069]",[],[],27246,[],[],[],[],1000,[],[],[],""
731,"frenzy_charge",[],[],[],[],[],"[990,1089]",[],[],27247,[],[],[],[],1000,[],[],[],""
732,"power_charge",[],[],[],[],[],"[1030,1105]",[],[],27248,[],[],[],[],1000,[],[],[],""
733,"endurance_charge_consumption",[3620],[],[],[],[],[],[],[],27253,[],[],[],[],1000,[],[],[],""
734,"frenzy_charge_consumption",[3621],[],[],[],[],[],[],[],27254,[],[],[],[],1000,[],[],[],""
735,"power_charge_consumption",[3623],[],[],[],[],[],[],[],27255,[],[],[],[],1000,[],[],[],""
736,"crossbow_heat",[],[],[825],[],"[""Default"",""Stygian""]","[1121,1126]","[18079,39541]",[],27256,[],[],[],[],1000,[],[],[],""
