"rownum","Id","Name","Name (French)","Name (German)","Name (Japanese)","Name (Korean)","Name (Portuguese)","Name (Russian)","Name (Spanish)","Name (Thai)","Name (Traditional Chinese)","Act","IsTown","HasWaypoint","Connections","AreaLevel","HASH16","i32_44","i32_48","LoadingScreens","FlagOnEntered","RequiredFlags","i32_100","Topologies","ParentTown","i32_128","rid_132","rid_148","Bosses","[rid]_180","[rid]_196","[rid]_212","bool_228","[rid]_229","rid_245","rid_261","AreaMods","i32_293","bool_297","i32_298","i32_302","bool_306","i32_307","i32_307 (French)","i32_307 (German)","i32_307 (Japanese)","i32_307 (Korean)","i32_307 (Portuguese)","i32_307 (Russian)","i32_307 (Spanish)","i32_307 (Thai)","i32_307 (Traditional Chinese)","i32_311","Tags","rid_331","rid_347","i32_363","i32_363 (French)","i32_363 (German)","i32_363 (Japanese)","i32_363 (Korean)","i32_363 (Portuguese)","i32_363 (Russian)","i32_363 (Spanish)","i32_363 (Thai)","i32_363 (Traditional Chinese)","i32_367","rid_371","[string]_387","bool_403","rid_404","rid_420","i32_436","i32_436 (French)","i32_436 (German)","i32_436 (Japanese)","i32_436 (Korean)","i32_436 (Portuguese)","i32_436 (Russian)","i32_436 (Spanish)","i32_436 (Thai)","i32_436 (Traditional Chinese)","i32_440","i32_444","Environment","i32_464","TerrainPlugins","rid_484","i32_500","bool_504","bool_505","i32_506","i32_510","i32_514","[rid]_518","rid_534","rid_550","rid_566","rid_582","rid_598","bool_614","u16_615","bool_617","[i32]_618","[i32]_634","[i32]_650","[rid]_666","i32_682","string_686","string_686 (French)","string_686 (German)","string_686 (Japanese)","string_686 (Korean)","string_686 (Portuguese)","string_686 (Russian)","string_686 (Spanish)","string_686 (Thai)","string_686 (Traditional Chinese)","i32_694","i32_698","bool_702"
0,"NULL","NULL","NUL","NULL","空値","NULL","NULO","NULL","NULO","NULL","無",1,"","",[],0,9693,0,0,[],[],[],6,[],"",900,"","",[],[],[],[],"",[],"","",[],0,"",100,0,"",20,30,20,28,20,32,20,32,20,26,0,[],"","",20,36,26,28,20,38,20,32,20,26,0,"",[],"","","",20,36,26,28,20,38,20,32,20,26,0,11,0,0,"",0,0,"","",52,0,0,[],0,0,0,0,"","",0,"",[],[0],[0],[],4205,"","","","","","","","","","",0,0,""
1,"CharacterSelect","Character Select","Sélection de personnage","Charakterauswahl","キャラクター選択","캐릭터 선택","Selecionar Personagem","Выбор персонажа","Selección de personajes","หน้าเลือกตัวละคร","選擇角色",1,"","",[],0,18564,0,0,[],[],[],6,[],"",900,"","",[],[],[],[],"",[],"","",[],0,"",100,0,"",20,124,20,28,20,122,92,120,20,26,0,[],"","",20,36,26,28,20,38,20,32,20,26,0,"",[],"","","",20,36,26,28,20,38,20,32,20,26,0,11,0,0,"",0,0,"","",52,0,0,[],0,0,0,0,"","",0,"",[],[0],[0],[],4205,"","","","","","","","","","",0,0,""
2,"PersonalHideout","Your Hideout","Votre Repaire","Dein Versteck","あなたの隠れ家","은신처","Seu Refúgio","Ваше убежище","Tu guarida","ที่ซ่อนของคุณ","你的藏身處",1,"","",[],0,14412,0,0,[],[],[],6,[],"",900,"","",[],[],[],[],"",[],"","",[],0,"",100,0,"",20,30,164,28,20,32,162,120,20,26,0,[],"","",20,36,26,28,20,38,20,32,20,26,0,"",[],"","","",20,36,26,28,20,38,20,32,20,26,0,11,0,0,"",0,0,"","",52,0,0,[],0,0,0,0,"","",0,"",[],[0],[0],[],4205,"","","","","","","","","","",0,0,""
3,"GuildHideout__","Your Guild Hideout","Votre Repaire de Guilde","Dein Gildenversteck","あなたのギルド隠れ家","내 길드 은신처","Refúgio da sua Guilda","Убежище вашей гильдии","La guarida de tu hermandad","ที่ซ่อนกิลด์ของคุณ","你的公會藏身處",1,"","",[],0,21134,0,0,[],[],[],6,[],"",900,"","",[],[],[],[],"",[],"","",[],0,"",100,0,"",20,30,164,28,20,32,162,120,20,26,0,[],"","",20,36,26,28,20,38,20,32,20,26,0,"",[],"","","",20,36,26,28,20,38,20,32,20,26,0,11,0,0,"",0,0,"","",52,0,0,[],0,0,0,0,"","",0,"",[],[0],[0],[],4205,"","","","","","","","","","",0,0,""
4,"HideoutCave","Submerged Hideout","Repaire immergé","Versteckte Unterwasserhöhle","水中の隠れ家","물에 잠긴 은신처","Refúgio Submergido","Сырое убежище","Guarida sumergida","ที่ซ่อน Submerged","藏身處 - 海潮地穴",1,"","",[],20,18005,0,0,"[""Art/Textures/Interface/LoadingImages/AtlasLoadingScreen.dds""]",[46],[],32,[5],"",30,"","",[],[],[],[],"",[],"","",[],0,"",100,0,1,20,30,20,28,20,32,162,120,20,26,0,[169],"","",20,36,26,28,20,38,20,32,20,26,0,"",[],"","","",20,36,26,28,20,38,20,32,20,26,0,3,871,0,"",0,0,"",1,52,0,0,[],0,5,0,0,"","",0,"",[],[0],[0],[],4205,"","","","","","","","","","",0,0,""
5,"HideoutShipgraveyard","Shipwreck Hideout","Repaire d'épaves","Versteckter Schiffsfriedhof","難破船の隠れ家","난파선 은신처","Refúgio Navio Naufragado","Убежище на обломках корабля","Guarida de naufragio","ที่ซ่อน Shipwreck","藏身處 - 廢棄沈船",1,"","",[],20,7889,0,0,"[""Art/Textures/Interface/LoadingImages/AtlasLoadingScreen.dds""]",[46],[],32,[9],"",30,"","",[],[],[],[],"",[],"","",[],0,"",100,0,1,20,30,648,28,20,32,162,120,20,26,0,[169],"","",20,36,26,28,20,38,20,32,20,26,0,"",[],"","","",20,36,26,28,20,38,20,32,20,26,0,3,880,0,"",0,0,"",1,52,0,0,[],0,5,0,0,"","",0,"",[],[0],[0],[],4205,"","","","","","","","","","",0,0,""
6,"HideoutSpace","Celestial Nebula Hideout","Repaire de la Nébuleuse céleste","Himmlisches Sternenversteck","煌めく星雲の隠れ家","천공의 성운 은신처","Refúgio Nebula Celestial","Убежище небесной туманности","Guarida de nebulosa celestial","ที่ซ่อน Celestial Nebula","藏身處：絢麗星雲",1,"","",[],65,-30514,0,0,"[""Art/Textures/Interface/LoadingImages/AtlasLoadingScreen.dds""]",[46],[],32,[2],"",30,"","",[],[],[],[],"",[],"","",[],0,"",100,0,1,20,30,164,28,20,32,162,120,20,26,0,[],"","",20,36,26,28,20,38,20,32,20,26,0,"",[],"","","",20,36,26,28,20,38,20,32,20,26,0,3,854,0,"",0,0,"",1,52,0,0,[],0,5,0,0,"","",0,"",[],[0],[0],[],4205,"","","","","","","","","","",0,0,""
7,"HideoutArenaGraveyardTrio","Entombed Hideout","Repaire inhumé","Versteckte Gruft","墓となった隠れ家","매장된 은신처","Refúgio Enterrado","Убежище в усыпальнице","Guarida de ultratumba","ที่ซ่อน Entombed","藏身處：萬聖墳場",1,"","",[],65,30781,0,0,"[""Art/Textures/Interface/LoadingImages/AtlasLoadingScreen.dds""]",[46],[],32,[3],"",30,"","",[],[],[],[],"",[],"","",[],0,"",100,0,1,20,30,20,28,20,32,162,120,20,26,0,[],"","",20,36,26,28,20,38,20,32,20,26,0,"",[],"","","",20,36,26,28,20,38,20,32,20,26,0,3,855,0,"",0,0,"",1,52,0,0,[],0,5,0,0,"","",0,"",[],[0],[0],[],4205,"","","","","","","","","","",0,0,""
8,"HideoutPillarsOfArun","Towering Hideout","Repaire surplombant","Versteckte Säulen","そびえ立つ隠れ家","높이 솟은 은신처","Refúgio da Torre","Убежище на возвышенности","Guarida encumbrada","ที่ซ่อน Towering","藏身處：寂陵高塔",1,"","",[],20,-492,0,0,"[""Art/Textures/Interface/LoadingImages/AtlasLoadingScreen.dds""]",[46],[],32,[10],"",30,"","",[],[],[],[],"",[],"","",[],0,"",100,0,1,20,30,1048,28,20,32,162,120,20,26,0,[],"","",20,36,26,28,20,38,20,32,20,26,0,"",[],"","","",20,36,26,28,20,38,20,32,20,26,0,3,885,0,"",0,0,"",1,52,0,0,[],0,5,0,0,"","",0,"",[],[0],[0],[],4205,"","","","","","","","","","",0,0,""
9,"HideoutAtziriArena","Corrupted Hideout","Repaire corrompu","Verstecktes Gewölbe","アッツィリの隠れ家","타락한 은신처","Refúgio Corrompido","Осквернённое убежище","Guarida corrupta","ที่ซ่อน Corrupted","藏身處：腐化密殿",1,"","",[],20,-31184,0,0,"[""Art/Textures/Interface/LoadingImages/AtlasLoadingScreen.dds""]",[46],[],32,[11],"",30,"","",[],[],[],[],"",[],"","",[],0,"",100,0,1,20,30,164,28,20,32,162,120,20,26,0,[],"","",20,36,26,28,20,38,20,32,20,26,0,"",[],"","","",20,36,26,28,20,38,20,32,20,26,0,3,891,0,"",0,0,"",1,52,0,0,[],0,5,0,0,"","",0,"",[],[0],[0],[],4205,"","","","","","","","","","",0,0,""
10,"HideoutInnocenceArena","Innocent Hideout","Repaire innocent","Versteckte Halle","イノセンスの隠れ家","순수한 은신처","Refúgio Inocente","Невинное убежище","Guarida inocente","ที่ซ่อน Innocent","藏身處：純善教堂",1,"","",[],20,-19926,0,0,"[""Art/Textures/Interface/LoadingImages/AtlasLoadingScreen.dds""]",[46],[],32,[12],"",30,"","",[],[],[],[],"",[],"","",[],0,"",100,0,1,20,30,20,28,20,32,162,120,20,26,0,[],"","",20,36,26,28,20,38,20,32,20,26,0,"",[],"","","",20,36,26,28,20,38,20,32,20,26,0,3,894,0,"",0,0,"",1,52,0,0,[],0,5,0,0,"","",0,"",[],[0],[0],[],4205,"","","","","","","","","","",0,0,""
11,"HideoutShaperArena","Shaped Hideout","Repaire façonné","Versteckter Nexus","シェイパーの隠れ家","형성된 은신처","Refúgio Remodelado","Изменённое убежище","Guarida del Creador","ที่ซ่อน Shaped","藏身處：塑形幻域",1,"","",[],20,-24046,0,0,"[""Art/Textures/Interface/LoadingImages/AtlasLoadingScreen.dds""]",[46],[],32,[13],"",30,"","",[],[],[],[],"",[],"","",[],0,"",100,0,1,20,30,648,28,20,32,162,120,20,26,0,[],"","",20,36,26,28,20,38,20,32,20,26,0,"",[],"","","",20,36,26,28,20,38,20,32,20,26,0,3,895,0,"",0,0,"",1,52,0,0,[],0,5,0,0,"","",0,"",[],[0],[0],[],4205,"","","","","","","","","","",0,0,""
12,"HideoutKaomArena","Furious Hideout","Repaire volcanique","Versteckte Festung","カオムの隠れ家","분개한 은신처","Refúgio Furioso","Убежище ярости","Guarida furiosa","ที่ซ่อน Furious","藏身處：熔岩之所",1,"","",[],20,26625,0,0,"[""Art/Textures/Interface/LoadingImages/AtlasLoadingScreen.dds""]",[46],[],32,[14],"",30,"","",[],[],[],[],"",[],"","",[],0,"",100,0,1,20,30,20,28,20,32,162,120,20,26,0,[],"","",20,36,26,28,20,38,20,32,20,26,0,"",[],"","","",20,36,26,28,20,38,20,32,20,26,0,3,897,0,"",0,0,"",1,52,0,0,[],0,5,0,0,"","",0,"",[],[0],[0],[],4205,"","","","","","","","","","",0,0,""
13,"HideoutDaressoArena","Champion's Hideout","Repaire du Champion","Versteckte Arena","ダレッソの隠れ家","용사의 은신처","Refúgio do Campeão","Убежище чемпиона","Guarida del campeón","ที่ซ่อน Champion","藏身處：冠軍殿堂",1,"","",[],20,-15628,0,0,"[""Art/Textures/Interface/LoadingImages/AtlasLoadingScreen.dds""]",[46],[],32,[15],"",30,"","",[],[],[],[],"",[],"","",[],0,"",100,0,1,20,30,20,28,20,32,162,120,20,26,0,[],"","",20,36,26,28,20,38,20,32,20,26,0,"",[],"","","",20,36,26,28,20,38,20,32,20,26,0,3,899,0,"",0,0,"",1,52,0,0,[],0,5,0,0,"","",0,"",[],[0],[0],[],4205,"","","","","","","","","","",0,0,""
14,"HideoutDominusArena","Indomitable Hideout","Repaire inexpugnable","Verstecktes Turmdach","ドミナスの隠れ家","불굴의 은신처","Refúgio Indomável","Убежище непокорности","Guarida indómita","ที่ซ่อน Indomitable","藏身處：神權之塔",1,"","",[],20,-13455,0,0,"[""Art/Textures/Interface/LoadingImages/AtlasLoadingScreen.dds""]",[46],[],32,[16],"",30,"","",[],[],[],[],"",[],"","",[],0,"",100,0,1,20,30,164,28,20,32,162,120,20,26,0,[],"","",20,36,26,28,20,38,20,32,20,26,0,"",[],"","","",20,36,26,28,20,38,20,32,20,26,0,3,901,0,"",0,0,"",1,52,0,0,[],0,5,0,0,"","",0,"",[],[0],[0],[],4205,"","","","","","","","","","",0,0,""
15,"HideoutPietyArena","Morbid Hideout","Repaire morbide","Verstecktes Versuchslabor","パイエティの隠れ家","소름 끼치는 은신처","Refúgio Mórbido","Ужасающее убежище","Guarida mórbida","ที่ซ่อน Morbid","藏身處：磨難刑房",1,"","",[],20,-23555,0,0,"[""Art/Textures/Interface/LoadingImages/AtlasLoadingScreen.dds""]",[46],[],32,[17],"",30,"","",[],[],[],[],"",[],"","",[],0,"",100,0,1,20,30,164,28,20,32,162,120,20,26,0,[],"","",20,36,26,28,20,38,20,32,20,26,0,"",[],"","","",20,36,26,28,20,38,20,32,20,26,0,3,902,0,"",0,0,"",1,52,0,0,[],0,5,0,0,"","",0,"",[],[0],[0],[],4205,"","","","","","","","","","",0,0,""
16,"HideoutLunarisSolarisArena","Eclipsed Hideout","Repaire éclipsé","Versteckter Altar","ソラリス・ルナリスの隠れ家","그늘진 은신처","Refúgio do Eclipse","Убежище затмения","Guarida eclipsada","ที่ซ่อน Eclipsed","藏身處：日月蝕慧",1,"","",[],20,-28508,0,0,"[""Art/Textures/Interface/LoadingImages/AtlasLoadingScreen.dds""]",[46],[],32,[18],"",30,"","",[],[],[],[],"",[],"","",[],0,"",100,0,1,20,30,648,28,20,32,162,120,20,26,0,[],"","",20,36,26,28,20,38,20,32,20,26,0,"",[],"","","",20,36,26,28,20,38,20,32,20,26,0,3,903,0,"",0,0,"",1,52,0,0,[],0,5,0,0,"","",0,"",[],[0],[0],[],4205,"","","","","","","","","","",0,0,""
17,"HideoutKitavaArenaAct10","Ravenous Hideout","Repaire vorace","Verstecktes Kathedralendach","キタヴァの隠れ家","굶주린 은신처","Refúgio Faminto","Убежище алчности","Guarida voraz","ที่ซ่อน Ravenous","藏身處：貪婪之域",1,"","",[],20,-29158,0,0,"[""Art/Textures/Interface/LoadingImages/AtlasLoadingScreen.dds""]",[46],[],32,[19],"",30,"","",[],[],[],[],"",[],"","",[],0,"",100,0,1,20,30,164,28,20,32,162,120,20,26,0,[],"","",20,36,26,28,20,38,20,32,20,26,0,"",[],"","","",20,36,26,28,20,38,20,32,20,26,0,3,906,0,"",0,0,"",1,52,0,0,[],0,5,0,0,"","",0,"",[],[0],[0],[],4205,"","","","","","","","","","",0,0,""
18,"HideoutDoomguard","Doomguard Hideout","Repaire de Garde-funeste","Unheilswächter-Versteck","ドゥームガードの隠れ家","파멸수호병 은신처","Refúgio Guardião Devastador","Убежище Стража Рока","Guarida de guardia de condenación","ที่ซ่อน Doomguard","藏身處：厄夜衛士",1,"","",[],65,-11166,0,0,"[""Art/Textures/Interface/LoadingImages/AtlasLoadingScreen.dds""]",[46],[],32,[6],"",30,"","",[],[],[],[],"",[],"","",[],0,"",100,0,1,20,30,164,28,20,32,162,120,20,26,0,[169],"","",20,36,26,28,20,38,20,32,20,26,0,"",[],"","","",20,36,26,28,20,38,20,32,20,26,0,3,887,0,"",0,0,"",1,52,0,0,[],0,5,0,0,"","",0,"",[],[0],[0],[],4205,"","","","","","","","","","",0,0,""
19,"HideoutSunspire","Sunspire Hideout","Repaire de Cime-soleil","Sonnenspitze-Versteck","サンスパイアの隠れ家","태양첨탑 은신처","Refúgio Espiral Solar","Убежище Солнечного шпиля","Guarida de pináculo solar","ที่ซ่อน Sunspire","藏身處：烈陽之巔",1,"","",[],65,-27643,0,0,"[""Art/Textures/Interface/LoadingImages/AtlasLoadingScreen.dds""]",[46],[],32,[7],"",30,"","",[],[],[],[],"",[],"","",[],0,"",100,0,1,20,30,164,28,20,32,162,120,20,26,0,[],"","",20,36,26,28,20,38,20,32,20,26,0,"",[],"","","",20,36,26,28,20,38,20,32,20,26,0,3,888,0,"",0,0,"",1,52,0,0,[],0,5,0,0,"","",0,"",[],[0],[0],[],4205,"","","","","","","","","","",0,0,""
20,"HideoutDarkwood","Darkwood Hideout","Repaire de Sombrebois","Dunkelwald-Versteck","ダークウッドの隠れ家","흑단목 은신처","Refúgio da Floresta Negra","Убежище тёмного леса","Guarida de bosque oscuro","ที่ซ่อน Darkwood","烏木藏身處",1,"","",[],65,1739,0,0,"[""Art/Textures/Interface/LoadingImages/AtlasLoadingScreen.dds""]",[46],[],32,[8],"",30,"","",[],[],[],[],"",[],"","",[],0,"",100,0,1,20,30,164,28,20,32,162,120,20,26,0,[169],"","",20,36,26,28,20,38,20,32,20,26,0,"",[],"","","",20,36,26,28,20,38,20,32,20,26,0,3,889,0,"",0,0,"",1,52,0,0,[],0,5,0,0,"","",0,"",[],[0],[0],[],4205,"","","","","","","","","","",0,0,""
21,"HideoutArenaElder","Void Hideout","Repaire du Néant","Leerenversteck","エルダーの隠れ家","공허 은신처","Refúgio Vazio","Убежище пустоты","Guarida del vacío","ที่ซ่อน Void","藏身處：飄渺虛空",1,"","",[],65,26046,0,0,"[""Art/Textures/Interface/LoadingImages/AtlasLoadingScreen.dds""]",[46],[],32,[20],"",30,"","",[],[],[],[],"",[],"","",[],0,"",100,0,1,20,30,164,28,20,32,162,120,20,26,0,[],"","",20,36,26,28,20,38,20,32,20,26,0,"",[],"","","",20,36,26,28,20,38,20,32,20,26,0,3,890,0,"",0,0,"",1,52,0,0,[],0,5,0,0,"","",0,"",[],[0],[0],[],4205,"","","","","","","","","","",0,0,""
22,"HideoutChiyouSpring","Chiyou Hideout","Repaire Chiyou","Chiyou Hideout","蚩尤の隠れ家","치우 은신처","Refúgio Chiyou","Chiyou Hideout","Guarida Chi You","ที่ซ่อน Chiyou","藏身處：蚩尤",1,"","",[],65,-1654,10,0,"[""Art/Textures/Interface/LoadingImages/AtlasLoadingScreen.dds""]",[46],[],32,[21],"",30,"","",[],[],[],[],"",[],"","",[],0,"",100,0,1,20,30,164,28,20,32,162,120,20,26,0,[],"","",20,36,26,28,20,38,20,32,20,26,0,"",[],"","","",20,36,26,28,20,38,20,32,20,26,0,3,917,0,"",0,0,"",1,52,0,0,[],0,5,0,0,"","",0,"",[],[0],[0],[],4205,"","","","","","","","","","",0,0,""
23,"HideoutBlankAbyss","Infinite Abyss Hideout","Repaire de l'Abîme insondable","Versteckter Abgrund","無限の深遠の隠れ家","무한한 심연 은신처","Refúgio Abismo Infinito","Убежище бесконечной бездны","Guarida de abismo infinito","ที่ซ่อน Infinite Abyss","藏身處：無盡深淵",1,"","",[],65,-32671,10,0,"[""Art/Textures/Interface/LoadingImages/AtlasLoadingScreen.dds""]",[46],[],32,[22],"",30,"","",[],[],[],[],"",[],"","",[],0,"",100,0,1,20,30,648,28,20,32,162,120,20,26,0,[],"","",20,36,26,28,20,38,20,32,20,26,0,"",[],"","","",20,36,26,28,20,38,20,32,20,26,0,3,918,0,"",0,0,"",1,52,0,0,[],0,5,0,0,"","",0,"",[],[0],[0],[],4205,"","","","","","","","","","",0,0,""
24,"HideoutBlankCity","Urban Sprawl Hideout","Repaire de l'Expansion urbaine","Versteckte Stadt","石畳の広がる隠れ家","확산된 도심 은신처","Refúgio Expansão Urbana","Убежище городских просторов","Guarida de expansión urbana","ที่ซ่อน Urban Sprawl","藏身處：蔓延城市",1,"","",[],65,26652,10,0,"[""Art/Textures/Interface/LoadingImages/AtlasLoadingScreen.dds""]",[46],[],32,[23],"",30,"","",[],[],[],[],"",[],"","",[],0,"",100,0,1,20,30,20,28,20,32,162,120,20,26,0,[],"","",20,36,26,28,20,38,20,32,20,26,0,"",[],"","","",20,36,26,28,20,38,20,32,20,26,0,3,919,0,"",0,0,"",1,52,0,0,[],0,5,0,0,"","",0,"",[],[0],[0],[],4205,"","","","","","","","","","",0,0,""
25,"HideoutBlankClouds","Boundless Skies Hideout","Repaire des Cieux infinis","Versteckte Wolken","果てしない空の隠れ家","광대한 창공 은신처","Refúgio Firmamento Ilimitado","Убежище необъятных небес","Guarida de cielo infinito","ที่ซ่อน Boundless Skies","藏身處：無界天際",1,"","",[],65,-3769,10,0,"[""Art/Textures/Interface/LoadingImages/AtlasLoadingScreen.dds""]",[46],[],32,[24],"",30,"","",[],[],[],[],"",[],"","",[],0,"",100,0,1,20,30,1048,28,20,32,162,120,20,26,0,[],"","",20,36,26,28,20,38,20,32,20,26,0,"",[],"","","",20,36,26,28,20,38,20,32,20,26,0,3,920,0,"",0,0,"",1,52,0,0,[],0,5,0,0,"","",0,"",[],[0],[0],[],4205,"","","","","","","","","","",0,0,""
26,"HideoutBlankDesert","Endless Sands Hideout","Repaire du Désert à perte de vue","Versteckte Wüste","終わりなき砂の隠れ家","끝없는 사막 은신처","Refúgio Areias Infinitas","Убежище бескрайних песков","Guarida de arenas interminables","ที่ซ่อน Endless Sands","藏身處：無限沙漠",1,"","",[],65,29167,10,0,"[""Art/Textures/Interface/LoadingImages/AtlasLoadingScreen.dds""]",[46],[],32,[25],"",30,"","",[],[],[],[],"",[],"","",[],0,"",100,0,1,20,30,20,28,20,32,162,120,20,26,0,[],"","",20,36,26,28,20,38,20,32,20,26,0,"",[],"","","",20,36,26,28,20,38,20,32,20,26,0,3,921,0,"",0,0,"",1,52,0,0,[],0,5,0,0,"","",0,"",[],[0],[0],[],4205,"","","","","","","","","","",0,0,""
27,"HideoutBlankDirt","Eternal Wasteland Hideout","Repaire des Terres désolées éternelles","Verstecktes Ödland","永遠の荒野の隠れ家","영원의 황무지 은신처","Refúgio da Terra Abandonada Eterna","Убежище вечной пустоши","Guarida de páramo eterno","ที่ซ่อน Eternal Wasteland","藏身處：不朽荒地",1,"","",[],65,-31014,10,0,"[""Art/Textures/Interface/LoadingImages/AtlasLoadingScreen.dds""]",[46],[],32,[26],"",30,"","",[],[],[],[],"",[],"","",[],0,"",100,0,1,20,30,164,28,20,32,162,120,20,26,0,[],"","",20,36,26,28,20,38,20,32,20,26,0,"",[],"","","",20,36,26,28,20,38,20,32,20,26,0,3,922,0,"",0,0,"",1,52,0,0,[],0,5,0,0,"","",0,"",[],[0],[0],[],4205,"","","","","","","","","","",0,0,""
28,"HideoutBlankGrass","Vast Plains Hideout","Repaire des Vastes plaines","Versteckte Ebenen","広大な平野の隠れ家","광활한 초원 은신처","Refúgio Planícies Vastas","Убежище привольных равнин","Guarida de planicies inmensas","ที่ซ่อน Vast Plains","藏身處：廣闊平原",1,"","",[],65,5889,10,0,"[""Art/Textures/Interface/LoadingImages/AtlasLoadingScreen.dds""]",[46],[],32,[27],"",30,"","",[],[],[],[],"",[],"","",[],0,"",100,0,1,20,30,1048,28,20,32,162,120,20,26,0,[],"","",20,36,26,28,20,38,20,32,20,26,0,"",[],"","","",20,36,26,28,20,38,20,32,20,26,0,3,923,0,"",0,0,"",1,52,0,0,[],0,5,0,0,"","",0,"",[],[0],[0],[],4205,"","","","","","","","","","",0,0,""
29,"HideoutBlankSea","All at Sea Hideout","Repaire en Haute mer","Meeresversteck","大海の隠れ家","아득한 바다 은신처","Refúgio Marítimo","Убежище широкого моря","Guarida del mar","ที่ซ่อน All at Sea","藏身處：汪洋",1,"","",[],65,-7222,10,0,"[""Art/Textures/Interface/LoadingImages/AtlasLoadingScreen.dds""]",[46],[],32,[28],"",30,"","",[],[],[],[],"",[],"","",[],0,"",100,0,1,20,30,164,28,20,32,162,120,20,26,0,[],"","",20,36,26,28,20,38,20,32,20,26,0,"",[],"","","",20,36,26,28,20,38,20,32,20,26,0,3,924,0,"",0,0,"",1,52,0,0,[],0,5,0,0,"","",0,"",[],[0],[0],[],4205,"","","","","","","","","","",0,0,""
30,"HideoutBlankSnow","Glacial Expanse Hideout","Repaire de l'Étendue glaciale","Versteckte Schneelandschaft","大雪原の隠れ家","드넓은 빙하 은신처","Refúgio Expansão Glacial","Убежище ледниковой тверди","Guarida de extensión glacial","ที่ซ่อน Glacial Expanse","藏身處：冰河浩瀚",1,"","",[],65,3594,10,0,"[""Art/Textures/Interface/LoadingImages/AtlasLoadingScreen.dds""]",[46],[],32,[29],"",30,"","",[],[],[],[],"",[],"","",[],0,"",100,0,1,20,30,20,28,20,32,162,120,20,26,0,[],"","",20,36,26,28,20,38,20,32,20,26,0,"",[],"","","",20,36,26,28,20,38,20,32,20,26,0,3,925,0,"",0,0,"",1,52,0,0,[],0,5,0,0,"","",0,"",[],[0],[0],[],4205,"","","","","","","","","","",0,0,""
31,"HideoutThaumaturgy","Thaumaturgical Hideout","Repaire Thaumaturgique","Thaumaturgisches Versteck","魔術の隠れ家","마석학 은신처","Refúgio Taumaturgo","Убежище техноманта","Guarida taumatúrgica","ที่ซ่อน Thaumaturgical","藏身處：奇幻魔術",1,"","",[],65,5469,10,0,"[""Art/Textures/Interface/LoadingImages/AtlasLoadingScreen.dds""]",[46],[],32,[30],"",30,"","",[],[],[],[],"",[],"","",[],0,"",100,0,1,20,30,164,28,20,32,162,120,20,26,0,[],"","",20,36,26,28,20,38,20,32,20,26,0,"",[],"","","",20,36,26,28,20,38,20,32,20,26,0,3,926,0,"",0,0,"",1,52,0,0,[],0,5,0,0,"","",0,"",[],[0],[0],[],4205,"","","","","","","","","","",0,0,""
32,"HideoutYaochi","Yaochi Hideout","Repaire Yaochi","Yaochi-Versteck","瑶池の隠れ家","요지 은신처","Refúgio Yaochi","Yaochi Hideout","Guarida Yaochi","ที่ซ่อน Yaochi","藏身處：瑤池",1,"","",[],65,-11694,10,0,"[""Art/Textures/Interface/LoadingImages/AtlasLoadingScreen.dds""]",[46],[],32,[31],"",30,"","",[],[],[],[],"",[],"","",[],0,"",100,0,1,20,30,164,28,20,32,162,120,20,26,0,[],"","",20,36,26,28,20,38,20,32,20,26,0,"",[],"","","",20,36,26,28,20,38,20,32,20,26,0,3,927,0,"",0,0,"",1,52,0,0,[],0,5,0,0,"","",0,"",[],[0],[0],[],4205,"","","","","","","","","","",0,0,""
33,"HideoutHumanoidPet","Humanoid Pet Hideout","Repaire de Familiers humanoïdes","Humanoid Pet Hideout","人型ペットの隠れ家","인간형 애완동물 은신처","Refúgio Mascote Humanóide","Убежище гуманоидов","Guarida de mascota humanoide","ที่ซ่อน Humanoid Pet","藏身處：人形畫皮",1,"","",[],65,-442,10,0,"[""Art/Textures/Interface/LoadingImages/AtlasLoadingScreen.dds""]",[46],[],32,[32],"",30,"","",[],[],[],[],"",[],"","",[],0,"",100,0,1,20,30,164,28,20,32,162,120,20,26,0,[],"","",20,36,26,28,20,38,20,32,20,26,0,"",[],"","","",20,36,26,28,20,38,20,32,20,26,0,3,928,0,"",0,0,"",1,52,0,0,[],0,5,0,0,"","",0,"",[],[0],[0],[],4205,"","","","","","","","","","",0,0,""
34,"HideoutRitualLeague","Ritualist's Hideout","Repaire du Ritualiste","Rituelles Versteck","リチュアリストの隠れ家","의식술사의 은신처","Refúgio Ritualístico","Убежище ритуалиста","Guarida del ritualista","ที่ซ่อน Ritualist","藏身處：邪靈祭祀",1,"","",[],65,22310,10,0,"[""Art/Textures/Interface/LoadingImages/AtlasLoadingScreen.dds""]",[46],[],32,[33],"",30,"","",[],[],[],[],"",[],"","",[],0,"",100,0,1,20,30,164,28,20,32,162,120,20,26,0,[],"","",20,36,26,28,20,38,20,32,20,26,0,"",[],"","","",20,36,26,28,20,38,20,32,20,26,0,3,929,0,"",0,0,"",1,52,0,0,[],0,5,0,0,"","",0,"",[],[0],[0],[],4205,"","","","","","","","","","",0,0,""
35,"HideoutArenaMaven","Crucible Hideout","Repaire du Creuset","Verstecktes Astrolabium","メイヴェンの隠れ家","혹독한 시련의 은신처","Refúgio Crisol","Убежище горнила","Guarida de crisol","ที่ซ่อน Crucible","藏身處：異域弒煉",1,"","",[],65,12991,10,0,"[""Art/Textures/Interface/LoadingImages/AtlasLoadingScreen.dds""]",[46],[],32,[34],"",30,"","",[],[],[],[],"",[],"","",[],0,"",100,0,1,20,30,164,28,20,32,162,120,20,26,0,[],"","",20,36,26,28,20,38,20,32,20,26,0,"",[],"","","",20,36,26,28,20,38,20,32,20,26,0,3,930,0,"",0,0,"",1,52,0,0,[],0,5,0,0,"","",0,"",[],[0],[0],[],4205,"","","","","","","","","","",0,0,""
36,"HideoutHasina","Tavern Hideout","Repaire de la Taverne","Versteckte Taverne","旅の宿の隠れ家","선술집 은신처","Refúgio da Taverna","Убежище в таверне","Guarida de taberna","ที่ซ่อน Tavern","藏身處：酒館",1,"","",[],65,28095,10,0,"[""Art/Textures/Interface/LoadingImages/AtlasLoadingScreen.dds""]",[46],[],32,[35],"",30,"","",[],[],[],[],"",[],"","",[],0,"",100,0,1,20,30,20,28,20,32,162,120,20,26,0,[],"","",20,36,26,28,20,38,20,32,20,26,0,"",[],"","","",20,36,26,28,20,38,20,32,20,26,0,3,931,0,"",0,0,"",1,52,0,0,[],0,5,0,0,"","",0,"",[],[0],[0],[],4205,"","","","","","","","","","",0,0,""
37,"HideoutAzuriteCave","Azurite Cavern Hideout","Repaire de la Caverne d'Azurite","Versteckte Azurithöhle","アズライト洞窟の隠れ家","남동석 암굴 은신처","Refúgio Caverna de Azurita","Азуритовое убежище","Guarida de azurita","ที่ซ่อน Azurite Cavern","藏身處：碧藍洞穴",1,"","",[],65,24939,10,0,"[""Art/Textures/Interface/LoadingImages/AtlasLoadingScreen.dds""]",[46],[],32,[36],"",30,"","",[],[],[],[],"",[],"","",[],0,"",100,0,1,20,30,20,28,20,32,162,120,20,26,0,[],"","",20,36,26,28,20,38,20,32,20,26,0,"",[],"","","",20,36,26,28,20,38,20,32,20,26,0,3,932,0,"",0,0,"",1,52,0,0,[],0,5,0,0,"","",0,"",[],[0],[0],[],4205,"","","","","","","","","","",0,0,""
38,"HideoutSynthesisHub","Synthesis Hideout","Repaire de Synthèse","Synthesis-Versteck","シンセシスの隠れ家","결합 은신처","Refúgio Sintetizado","Синтетическое убежище","Guarida de Synthesis","ที่ซ่อน Synthesis","藏身處：尋夢追憶",1,"","",[],65,6681,10,0,"[""Art/Textures/Interface/LoadingImages/AtlasLoadingScreen.dds""]",[46],[],32,[37],"",30,"","",[],[],[],[],"",[],"","",[],0,"",100,0,1,20,30,164,28,20,32,162,120,20,26,0,[],"","",20,36,26,28,20,38,20,32,20,26,0,"",[],"","","",20,36,26,28,20,38,20,32,20,26,0,3,933,0,"",0,0,"",1,52,0,0,[],0,5,0,0,"","",0,"",[],[0],[0],[],4205,"","","","","","","","","","",0,0,""
39,"HideoutVeritaniaArena","Redeemer's Hideout","Repaire de la Rédemptrice","Versteck der Erlöserin","レディーマーの隠れ家","대속자의 은신처","Refúgio da Redentora","Убежище Избавительницы","Guarida de la Redentora","ที่ซ่อน Redeemer","藏身處：世道救贖者",1,"","",[],65,-13986,10,0,"[""Art/Textures/Interface/LoadingImages/AtlasLoadingScreen.dds""]",[46],[],32,[38],"",30,"","",[],[],[],[],"",[],"","",[],0,"",100,0,1,20,30,164,28,20,32,162,120,20,26,0,[],"","",20,36,26,28,20,38,20,32,20,26,0,"",[],"","","",20,36,26,28,20,38,20,32,20,26,0,3,934,0,"",0,0,"",1,52,0,0,[],0,5,0,0,"","",0,"",[],[0],[0],[],4205,"","","","","","","","","","",0,0,""
40,"HideoutBlankBlack","Black Void Hideout","Repaire du Néant obscur","Verstecktes Schwarzes Loch","黒き虚空の隠れ家","검은 공허 은신처","Refúgio do Vazio Negro","Убежище чёрной пустоты","Guarida de vacío negro","ที่ซ่อน Black Void","藏身處 - 漆黑虛空",1,"","",[],65,14166,10,0,"[""Art/Textures/Interface/LoadingImages/AtlasLoadingScreen.dds""]",[46],[],32,[39],"",30,"","",[],[],[],[],"",[],"","",[],0,"",100,0,1,20,30,164,28,20,32,162,120,20,26,0,[],"","",20,36,26,28,20,38,20,32,20,26,0,"",[],"","","",20,36,26,28,20,38,20,32,20,26,0,3,935,0,"",0,0,"",1,52,0,0,[],0,5,0,0,"","",0,"",[],[0],[0],[],4205,"","","","","","","","","","",0,0,""
41,"HideoutTencentApocalypse","Cataclysmic Hideout","Repaire Cataclysmique","Cataclysmic Hideout","大災害の隠れ家","대재앙 은신처","Refúgio Cataclísmico","Убежище катаклизмов","Guarida cataclísmica","ที่ซ่อน Cataclysmic","藏身處 - 大災變",1,"","",[],65,15139,0,0,"[""Art/Textures/Interface/LoadingImages/AtlasLoadingScreen.dds""]",[46],[],32,[4],"",30,"","",[],[],[],[],"",[],"","",[],0,"",100,0,1,20,30,164,28,20,32,162,120,20,26,0,[169],"","",20,36,26,28,20,38,20,32,20,26,0,"",[],"","","",20,36,26,28,20,38,20,32,20,26,0,3,882,0,"",0,0,"",1,52,0,0,[],0,5,0,0,"","",0,"",[],[0],[0],[],4205,"","","","","","","","","","",0,0,""
42,"HideoutOlrothArena","Ancestral Hideout","Repaire Ancestral","Ahnenversteck","先祖の隠れ家","선대의 은신처","Refúgio Ancestral","Убежище предков","Guarida ancestral","ที่ซ่อน Ancestral","藏身處：先祖遺跡",1,"","",[],65,20743,0,0,"[""Art/Textures/Interface/LoadingImages/AtlasLoadingScreen.dds""]",[46],[],32,[40],"",30,"","",[],[],[],[],"",[],"","",[],0,"",100,0,1,20,30,164,28,20,32,162,120,20,26,0,[],"","",20,36,26,28,20,38,20,32,20,26,0,"",[],"","","",20,36,26,28,20,38,20,32,20,26,0,3,937,0,"",0,0,"",1,52,0,0,[],0,5,0,0,"","",0,"",[],[0],[0],[],4205,"","","","","","","","","","",0,0,""
43,"HideoutLight","Timekeeper's Hideout","Repaire du Gardien du temps","Versteck des Zeitmagiers","タイムキーパーの隠れ家","시간 기록자의 은신처","Refúgio do Cronometrista","Убежище Хранителя времени","Guarida del guardián del tiempo","ที่ซ่อนของผู้คุมกาลเวลา","藏身處：時間旅人",1,"","",[],65,-671,0,0,"[""Art/Textures/Interface/LoadingImages/AtlasLoadingScreen.dds""]",[46],[],32,[41],"",30,"","",[],[],[],[],"",[],"","",[],0,"",100,0,1,20,30,164,28,20,32,162,120,20,26,0,[],"","",20,36,26,28,20,38,20,32,20,26,0,"",[],"","","",20,36,26,28,20,38,20,32,20,26,0,3,938,0,"",0,0,"",1,52,0,0,[],0,5,0,0,"","",0,"",[],[0],[0],[],4205,"","","","","","","","","","",0,0,""
44,"HideoutDark","Ghost-lit Graveyard Hideout","Repaire du Cimetière hanté","Geisterfriedhof-Versteck","鬼火の墓場の隠れ家","유령이 밝힌 묘지 은신처","Refúgio Cemitério Fantasmagórico","Убежище на призрачном кладбище","Guarida Cementerio de luz fantasmal","ที่ซ่อนสุสานแสงผี","藏身處：鬼魅陵墓",1,"","",[],65,11848,0,0,"[""Art/Textures/Interface/LoadingImages/AtlasLoadingScreen.dds""]",[46],[],32,[42],"",30,"","",[],[],[],[],"",[],"","",[],0,"",100,0,1,20,30,164,28,20,32,162,120,20,26,0,[],"","",20,36,26,28,20,38,20,32,20,26,0,"",[],"","","",20,36,26,28,20,38,20,32,20,26,0,3,943,0,"",0,0,"",1,52,0,0,[],0,5,0,0,"","",0,"",[],[0],[0],[],4205,"","","","","","","","","","",0,0,""
45,"HideoutArenaBlackStar_","Polaric Hideout","Repaire Antipodique","Polarisierendes Versteck","対極の隠れ家","극성의 은신처","Refúgio Polárico","Убежище на полюсе пустоты","Guarida polar","ที่ซ่อน Polaric","藏身處：極地",1,"","",[],65,2056,0,0,"[""Art/Textures/Interface/LoadingImages/AtlasLoadingScreen.dds""]",[46],[],32,[43],"",30,"","",[],[],[],[],"",[],"","",[],0,"",100,0,1,20,30,164,28,20,32,162,120,20,26,0,[],"","",20,36,26,28,20,38,20,32,20,26,0,"",[],"","","",20,36,26,28,20,38,20,32,20,26,0,3,944,0,"",0,0,"",1,52,0,0,[],0,5,0,0,"","",0,"",[],[0],[0],[],4205,"","","","","","","","","","",0,0,""
46,"HideoutArenaInfiniteHunger","Seething Hideout","Repaire Agité","Versteckter Sumpf","煮え滾る隠れ家","끓어오르는 은신처","Refúgio Fervente","Бурлящее убежище","Guarida hirviente","ที่ซ่อน Seething","藏身處：沸騰之地",1,"","",[],65,-14069,0,0,"[""Art/Textures/Interface/LoadingImages/AtlasLoadingScreen.dds""]",[46],[],32,[44],"",30,"","",[],[],[],[],"",[],"","",[],0,"",100,0,1,20,30,164,28,20,32,162,120,20,26,0,[],"","",20,36,26,28,20,38,20,32,20,26,0,"",[],"","","",20,36,26,28,20,38,20,32,20,26,0,3,945,0,"",0,0,"",1,52,0,0,[],0,5,0,0,"","",0,"",[],[0],[0],[],4205,"","","","","","","","","","",0,0,""
47,"HideoutCosmicAtlas","Atlas Hideout","Repaire de l'Atlas","Atlas-Versteck","アトラスの隠れ家","아틀라스 은신처","Refúgio do Atlas","Убежище в Атласе","Guarida del atlas","ที่ซ่อนสมุดแผนที่","藏身處：輿圖",1,"","",[],65,8758,0,0,"[""Art/Textures/Interface/LoadingImages/AtlasLoadingScreen.dds""]",[46],[],32,[45],"",30,"","",[],[],[],[],"",[],"","",[],0,"",100,0,1,20,30,164,28,20,32,162,120,20,26,0,[],"","",20,36,26,28,20,38,20,32,20,26,0,"",[],"","","",20,36,26,28,20,38,20,32,20,26,0,3,946,0,"",0,0,"",1,52,0,0,[],0,5,0,0,"","",0,"",[],[0],[0],[],4205,"","","","","","","","","","",0,0,""
48,"HideoutArenaEaterOfWorlds","Tangled Hideout","Repaire Enchevêtré","Verstecktes Gewirr","縺れた隠れ家","얽힌 은신처","Refúgio Emaranhado","Переплетённое убежище","Guarida de amalgama","ที่ซ่อน Tangled","藏身處：吞噬天地",1,"","",[],65,-3659,0,0,"[""Art/Textures/Interface/LoadingImages/AtlasLoadingScreen.dds""]",[46],[],32,[46],"",30,"","",[],[],[],[],"",[],"","",[],0,"",100,0,1,20,30,164,28,20,32,162,120,20,26,0,[],"","",20,36,26,28,20,38,20,32,20,26,0,"",[],"","","",20,36,26,28,20,38,20,32,20,26,0,3,947,0,"",0,0,"",1,52,0,0,[],0,5,0,0,"","",0,"",[],[0],[0],[],4205,"","","","","","","","","","",0,0,""
49,"HideoutArenaSearingExarch","Searing Hideout","Repaire Ardent","Brennendes Versteck","灼熱の隠れ家","이글거리는 은신처","Refúgio Cauterizado","Пламенное убежище","Guarida abrasada","ที่ซ่อน Searing","藏身處：灼烙總督",1,"","",[],65,95,0,0,"[""Art/Textures/Interface/LoadingImages/AtlasLoadingScreen.dds""]",[46],[],32,[47],"",30,"","",[],[],[],[],"",[],"","",[],0,"",100,0,1,20,30,164,28,20,32,162,120,20,26,0,[],"","",20,36,26,28,20,38,20,32,20,26,0,"",[],"","","",20,36,26,28,20,38,20,32,20,26,0,3,948,0,"",0,0,"",1,52,0,0,[],0,5,0,0,"","",0,"",[],[0],[0],[],4205,"","","","","","","","","","",0,0,""
50,"HideoutBeaconOfSalvation","Beacon of Salvation Hideout","Phare du salut (Repaire)","Versteckter Leuchtturm der Rettung","救済の灯台の隠れ家","구원의 등대 은신처","Refúgio Farol da Salvação","Убежище спасительного маяка","Guarida de faro de salvación","ที่ซ่อนประภาคารแห่งการกอบกู้","藏身處：救贖烽塔",1,"","",[],65,15656,0,0,"[""Art/Textures/Interface/LoadingImages/AtlasLoadingScreen.dds""]",[46],[],32,[48],"",30,"","",[],[],[],[],"",[],"","",[13296],0,"",100,0,1,20,30,648,28,20,32,162,120,20,26,0,[],"","",20,36,26,28,20,38,20,32,20,26,0,"",[],"","","",20,36,26,28,20,38,20,32,20,26,0,3,949,0,"",0,0,"",1,52,0,0,[],0,5,0,0,"","",0,"",[],[0],[0],[],4205,"","","","","","","","","","",0,0,""
51,"HideoutCanopy","Canopy Hideout","Repaire de la Canopée","Baumkronen-Versteck","キャノピーの隠れ家","우듬지 은신처","Refúgio Altivo","Навесное убежище","Guarida de las Copas de los árboles","ที่ซ่อนชายคา","藏身處：樹冠",1,"","",[],65,21626,0,0,"[""Art/Textures/Interface/LoadingImages/AtlasLoadingScreen.dds""]",[46],[],32,[49],"",30,"","",[],[],[],[],"",[],"","",[],0,"",100,0,1,20,30,164,28,20,32,162,120,20,26,0,[],"","",20,36,26,28,20,38,20,32,20,26,0,"",[],"","","",20,36,26,28,20,38,20,32,20,26,0,3,950,0,"",0,0,"",1,52,0,0,[],0,5,0,0,"","",0,"",[],[0],[0],[],4205,"","","","","","","","","","",0,0,""
52,"HideoutDreadnought","The Dreadnought Hideout","Le Cuirassé (Repaire)","Versteckte Festungskarawane","ドレッドノートの隠れ家","드레드노트 은신처","Refúgio do Couraçado","Убежище на Дредноуте","Guarida del acorazado","ที่ซ่อนคาราวานประจัญบาน","藏身處：無畏隊",1,"","",[],65,30315,0,0,"[""Art/Textures/Interface/LoadingImages/AtlasLoadingScreen.dds""]",[46],[],32,[50],"",30,"","",[],[],[],[],"",[],"","",[],0,"",100,0,1,20,30,20,28,20,32,162,120,20,26,0,[],"","",20,36,26,28,20,38,20,32,20,26,0,"",[],"","","",20,36,26,28,20,38,20,32,20,26,0,3,951,0,"",0,0,"",1,52,0,0,[],0,5,0,0,74,"",0,"",[],[0],[0],[],4205,"","","","","","","","","","",0,0,""
53,"HideoutFelled","Felled Hideout","Repaire abattu","Versteckte Abholzung","伐採された隠れ家","벌채된 은신처","Refúgio Caído","Снесённое убежище","Guarida talada","ที่ซ่อน Felled","藏身處：殞落",1,"","",[],65,13526,0,0,"[""Art/Textures/Interface/LoadingImages/AtlasLoadingScreen.dds""]",[46],[],32,[51],"",30,"","",[],[],[],[],"",[],"","",[],0,"",100,0,1,20,30,20,28,20,32,162,120,20,26,0,[],"","",20,36,26,28,20,38,20,32,20,26,0,"",[],"","","",20,36,26,28,20,38,20,32,20,26,0,3,952,0,"",0,0,"",1,52,0,0,[],0,5,0,0,"","",0,"",[],[0],[0],[],4205,"","","","","","","","","","",0,0,""
54,"HideoutShrine","Shrine Hideout","Repaire du Sanctuaire","Versteckter Schrein","神殿の隠れ家","성소 은신처","Refúgio do Altar","Убежище в святыне","Guarida de sagrario","ที่ซ่อน Shrine","藏身處：神殿",1,"","",[],65,26805,0,0,"[""Art/Textures/Interface/LoadingImages/AtlasLoadingScreen.dds""]",[46],[],32,[52],"",30,"","",[],[],[],[],"",[],"","",[],0,"",100,0,1,20,30,648,28,20,32,162,120,20,26,0,[],"","",20,36,26,28,20,38,20,32,20,26,0,"",[],"","","",20,36,26,28,20,38,20,32,20,26,0,3,953,0,"",0,0,"",1,52,0,0,[],0,5,0,0,"","",0,"",[],[0],[0],[],4205,"","","","","","","","","","",0,0,""
55,"HideoutLimestone","Limestone Hideout","Repaire de calcaire","Kalkstein-Versteck","石灰岩の隠れ家","석회암 은신처","Refúgio de Calcário","Известняковое убежище","Guarida de caliza","ที่ซ่อน Limestone","藏身處：石灰岩",1,"","",[],65,12394,0,0,"[""Art/Textures/Interface/LoadingImages/AtlasLoadingScreen.dds""]",[46],[],32,[53],"",30,"","",[],[],[],[],"",[],"","",[],0,"",100,0,1,20,30,164,28,20,32,162,120,20,26,0,[],"","",20,36,26,28,20,38,20,32,20,26,0,"",[],"","","",20,36,26,28,20,38,20,32,20,26,0,3,954,0,"",0,0,"",1,52,0,0,[],0,5,0,0,"","",0,"",[],[0],[0],[],4205,"","","","","","","","","","",0,0,""
56,"HideoutCanal","Canal Hideout","Repaire du Canal","Versteckter Kanal","運河の隠れ家","운하 은신처","Refúgio do Canal","Убежище в каналах","Guarida de canal","ที่ซ่อน Canal","藏身處：運河",1,"","",[],65,-5121,0,0,"[""Art/Textures/Interface/LoadingImages/AtlasLoadingScreen.dds""]",[46],[],32,[54],"",30,"","",[],[],[],[],"",[],"","",[],0,"",100,0,1,20,30,648,28,20,32,162,120,20,26,0,[],"","",20,36,26,28,20,38,20,32,20,26,0,"",[],"","","",20,36,26,28,20,38,20,32,20,26,0,3,955,0,"",0,0,"",1,52,0,0,[],0,5,0,0,"","",0,"",[],[0],[0],[],4205,"","","","","","","","","","",0,0,""
57,"HideoutMonolith","Monolith Hideout","Repaire du Monolithe","Versteckter Monolith","モノリスの隠れ家","거석 은신처","Refúgio do Monólito","Убежище у монолита","Guarida monolítica","ที่ซ่อนอนุสาวรีย์","藏身處：豐碑",1,"","",[],65,-25850,0,0,"[""Art/Textures/Interface/LoadingImages/AtlasLoadingScreen.dds""]",[46],[],32,[55],"",30,"","",[],[],[],[],"",[],"","",[],0,"",100,0,1,20,30,648,28,20,32,162,120,20,26,0,[],"","",20,36,26,28,20,38,20,32,20,26,0,"",[],"","","",20,36,26,28,20,38,20,32,20,26,0,3,956,0,"",0,0,"",1,52,0,0,[],0,5,0,0,"","",0,"",[],[0],[0],[],4205,"","","","","","","","","","",0,0,""
58,"HideoutTwisted","Twisted Hideout","Repaire distordu","Verworrenes Versteck","歪んだ隠れ家","뒤틀린 은신처","Refúgio Distorcido","Искажённое убежище","Guarida retorcida","ที่ซ่อนวิปลาส","藏身處：扭曲",1,"","",[],65,15287,0,0,"[""Art/Textures/Interface/LoadingImages/AtlasLoadingScreen.dds""]",[46],[],32,[56],"",30,"","",[],[],[],[],"",[],"","",[],0,"",100,0,1,20,30,164,28,20,32,162,120,20,26,0,[],"","",20,36,26,28,20,38,20,32,20,26,0,"",[],"","","",20,36,26,28,20,38,20,32,20,26,0,3,957,0,"",0,0,"",1,52,0,0,[],0,5,0,0,"","",0,"",[],[0],[0],[],4205,"","","","","","","","","","",0,0,""
59,"HideoutTranscendent","Transcendent Hideout","Repaire transcendant","Überweltliches Versteck","超越した隠れ家","초월한 은신처","Refúgio Transcendental","Запредельное убежище","Guarida trascendental","ที่ซ่อน Transcendent","藏身處：超凡",1,"","",[],65,-29436,0,0,"[""Art/Textures/Interface/LoadingImages/AtlasLoadingScreen.dds""]",[46],[],32,[57],"",30,"","",[],[],[],[],"",[],"","",[],0,"",100,0,1,20,30,164,28,20,32,162,120,20,26,0,[],"","",20,36,26,28,20,38,20,32,20,26,0,"",[],"","","",20,36,26,28,20,38,20,32,20,26,0,3,958,0,"",0,0,"",1,52,0,0,[],0,5,0,0,"","",0,"",[],[0],[0],[],4205,"","","","","","","","","","",0,0,""
60,"HideoutHourglass","Hourglass Hideout","Repaire Sablier","Sanduhr-Versteck","砂時計の隠れ家","모래시계 은신처","Refúgio da Ampulheta","Убежище с песочными часами","Guarida de reloj de arena","ที่ซ่อนนาฬิกาทราย","藏身處：沙漏",1,"","",[],65,12797,0,0,"[""Art/Textures/Interface/LoadingImages/AtlasLoadingScreen.dds""]",[46],[],32,[58],"",30,"","",[],[],[],[],"",[],"","",[],0,"",100,0,1,20,30,164,28,20,32,162,120,20,26,0,[],"","",20,36,26,28,20,38,20,32,20,26,0,"",[],"","","",20,36,26,28,20,38,20,32,20,26,0,3,959,0,"",0,0,"",1,52,0,0,[],0,5,0,0,"","",0,"",[],[0],[0],[],4205,"","","","","","","","","","",0,0,""
61,"HideoutChaos","Chaos Hideout","Repaire de Chaos","Chaos-Versteck","混沌の隠れ家","혼돈 은신처","Refúgio do Caos","Убежище хаоса","Guarida de Caos","ที่ซ่อนเคออส","藏身處：混沌",1,"","",[],65,4360,0,0,"[""Art/Textures/Interface/LoadingImages/AtlasLoadingScreen.dds""]",[46],[],32,[59],"",30,"","",[],[],[],[],"",[],"","",[],0,"",100,0,1,20,30,164,28,20,32,162,120,20,26,0,[],"","",20,36,26,28,20,38,20,32,20,26,0,"",[],"","","",20,36,26,28,20,38,20,32,20,26,0,3,960,0,"",0,0,"",1,52,0,0,[],0,5,0,0,"","",0,"",[],[0],[0],[],4205,"","","","","","","","","","",0,0,""
62,"HideoutSummit","Summit Hideout","Repaire du Sommet","Versteckter Gipfel","山頂の隠れ家","꼭대기 은신처","Refúgio Alto","Убежище на вершине","Guarida de cima","ที่ซ่อน Summit","頂峰藏身處",1,"","",[],65,-6484,0,0,"[""Art/Textures/Interface/LoadingImages/AtlasLoadingScreen.dds""]",[46],[],32,[60],"",30,"","",[],[],[],[],"",[],"","",[13296],0,"",100,0,1,20,30,648,28,20,32,162,120,20,26,0,[],"","",20,36,26,28,20,38,20,32,20,26,0,"",[],"","","",20,36,26,28,20,38,20,32,20,26,0,3,961,0,"",0,0,"",1,52,0,0,[],0,5,0,0,"","",0,"",[],[0],[0],[],4205,"","","","","","","","","","",0,0,""
63,"HideoutRacetrack","Vastiri Racecourse Hideout","Repaire Hippodrome vastiri","Versteckte Vastiri Rennstrecke","ヴァスティリの競馬場の隠れ家","바스티리 경주장 은신처","Refúgio Hipódromo de Vastiri","Убежище ипподрома Вастири","Guarida de Pista de carreras Vastiri","ที่ซ่อนสนามแข่งวาสตีรี","藏身處：瓦斯提里古競速場",1,"","",[],65,382,0,0,"[""Art/Textures/Interface/LoadingImages/AtlasLoadingScreen.dds""]",[46],[],32,[61],"",30,"","",[],[],[],[],"",[],"","",[],0,"",100,0,1,20,30,20,28,20,32,162,120,20,26,0,[],"","",20,36,26,28,20,38,20,32,20,26,0,"",[],"","","",20,36,26,28,20,38,20,32,20,26,0,3,962,0,"",0,0,"",1,52,0,0,[],0,5,0,0,"","",0,"",[],[0],[0],[],4205,"","","","","","","","","","",0,0,""
64,"G_login","Login Scene","Scène de connexion","Loginszene","ログインシーン","로그인 장면","Cena de Login","Экран входа","Escena de inicio de sesión","ฉากล็อกอิน","登入畫面",1,1,"",[],0,9348,0,0,"[""Art/Textures/Interface/LoadingImages/OldForest.dds""]",[],[],6,[84],"",900,"","",[],[],[],[],"",[],"","",[],0,"",100,0,"",20,124,20,28,20,8004,92,120,20,26,0,[],"","",20,36,26,28,20,38,20,32,20,26,0,"",[],"","","",20,36,26,28,20,38,20,32,20,26,0,33,1266,0,"",0,0,"",1,52,0,0,[],0,0,0,0,"","",0,"",[],[0],[0],[],4205,"","","","","","","","","","",0,0,""
65,"G1_WorldMap","Act 1","Acte 1","Akt 1","アクト1","1장","Ato 1","Акт 1","Acto 1","บทที่ 1","第一章",1,"","",[],0,27102,0,0,"[""Art/Textures/Interface/LoadingImages/OldForest.dds""]",[],[],6,"[85,86,87,88,89,90]","",900,"","",[],[],[],[],"",[],"","",[],0,"",100,0,"",20,30,164,28,20,32,92,8338,20,26,0,[],"","",20,36,26,28,20,38,20,32,20,26,0,"",[],"","","",20,36,26,28,20,38,20,32,20,26,0,34,1254,0,"",0,0,"",1,52,0,0,[],0,0,0,0,"","",0,"",[],[0],[0],[],4205,"","","","","","","","","","",0,0,""
66,"G2_WorldMap","Act 2","Acte 2","Akt 2","アクト2","2장","Ato 2","Акт 2","Acto 2","บทที่ 2","第二章",2,"","",[],0,10094,0,0,"[""Art/Textures/Interface/LoadingImages/OldForest.dds""]",[],[],6,"[91,92,93,94,95,96,97,98]","",900,"","",[],[],[],[],"",[],"","",[],0,"",100,0,"",20,30,164,28,20,32,92,8338,20,26,0,[],"","",20,36,26,28,20,38,20,32,20,26,0,"",[],"","","",20,36,26,28,20,38,20,32,20,26,0,34,1256,0,"",0,0,"",1,52,0,0,[],0,0,0,0,"","",0,"",[],[0],[0],[],4205,"","","","","","","","","","",0,0,""
67,"G3_WorldMap","Act 3","Acte 3","Akt 3","アクト3","3장","Ato 3","Акт 3","Acto 3","บทที่ 3","第三章",3,"","",[],0,-21120,0,0,"[""Art/Textures/Interface/LoadingImages/OldForest.dds""]",[],[],6,[102],"",900,"","",[],[],[],[],"",[],"","",[],0,"",100,0,"",20,30,164,28,20,32,92,8338,20,26,0,[],"","",20,36,26,28,20,38,20,32,20,26,0,"",[],"","","",20,36,26,28,20,38,20,32,20,26,0,34,1258,0,"",0,0,"",1,52,0,0,[],0,0,0,0,"","",0,"",[],[0],[0],[],4205,"","","","","","","","","","",0,0,""
68,"TN_WorldMap","Atlas","Atlas","Atlas","アトラス","아틀라스","Atlas","Атлас","Atlas","แอตลาส","輿圖",10,"","",[],0,6064,0,0,"[""Art/Textures/Interface/LoadingImages/OldForest.dds""]",[],[],6,[103],"",900,"","",[],[],[],[],"",[],"","",[],0,"",100,0,"",20,30,648,28,20,32,92,8338,20,26,0,[],"","",20,36,26,28,20,38,20,32,20,26,0,"",[],"","","",20,36,26,28,20,38,20,32,20,26,0,36,1265,0,"",0,0,"",1,52,0,0,[],0,0,0,0,"","",0,"",[],[0],[0],[],4205,"","","","","","","","","","",0,0,""
69,"G1_town","Clearfell Encampment","Campement de la Clairière","Lichtfall-Lager","クリアフェルの野営地","클리어펠 야영지","Acampamento Clearfell","Лагерь Клирфелл","Campamento de Sierraclara","ค่ายเคลียร์เฟล","皆伐營地",1,1,1,"[70,71,71,71,87]",15,16240,0,0,"[""Art/Textures/Interface/LoadingImages/OldForest.dds""]",[2890],[2934],32,"[110,111]","",900,"","",[],[],[],[],"",[],"","",[],0,1,100,0,"",20,30,164,28,20,122,92,8338,20,26,0,[],"","",20,36,26,28,20,38,20,32,20,26,0,"",[],"","","",20,36,26,28,20,38,20,32,20,26,0,1,1304,0,"",0,0,"",1,52,0,0,[],0,0,0,0,"","",0,"",[],[0],[0],[],4205,"A bastion of hope for those who survive","Un bastion d'espoir pour ceux qui survivent","Eine Bastion der Hoffnung für diejenigen, die überleben","生き残りたちの希望の砦","살아남은 자들을 위한 희망의 보루","Uma fortaleza de esperança para os que sobrevivem","Бастион надежды для выживших","Un bastión de esperanza para quienes sobreviven","ปราการแห่งความหวังสำหรับผู้ที่อยู่รอด","為生存者而生的希望壁壘",0,0,""
70,"G1_1","The Riverbank","La Bordure de la rivière","Das Flussufer","川岸","강둑","O Beirario","Берег реки","La orilla del río","ริมตลิ่ง","河岸",1,"","",[69],1,3860,0,0,"[""Art/Textures/Interface/LoadingImages/OldForest.dds""]",[2889],[],6,"[104,105,106,107,109]","",300,"","",[167],[],[],[],"",[],"","",[],0,"",100,0,"",20,124,164,28,20,122,92,120,20,26,0,[1131],"","",20,36,26,28,20,38,20,32,20,26,0,"",[],"","","",20,36,26,28,20,38,20,32,20,26,0,2,1267,6000,"",0,0,"",1,52,0,0,[],1,15,0,0,"","",0,"",[],[0],[0],[],4205,"The drowned stare through muddied branches","Les noyés regardent fixement à travers les branches boueuses","Die Ertrunkenen starren durch schlammige Äste","溺れし者たちが泥にまみれた枝から覗いている","물에 빠진 자들이 진흙투성이 가지 사이로 바라봅니다","Os afogados encaram através dos galhos lamacentos","Из спутанных ветвей глядят лица утопленников","Los ahogados observan entre las lodosas ramas","ศพจมน้ำจับจ้องผ่านกิ่งก้านเปื้อนโคลน","溺水者透過滿是泥濘的樹枝凝視著",0,0,""
71,"G1_2","Clearfell","La Clairière","Lichtfall","クリアフェル","클리어펠","Clearfell","Клирфелл","Sierraclara","เคลียร์เฟล","皆伐",1,"",1,"[69,72,73]",2,-26507,0,0,"[""Art/Textures/Interface/LoadingImages/OldForest.dds""]",[2891],[2934],6,"[114,115,112,113,116,117,124,125,128,129,126,127,118,119,120,121,122,123]",69,1200,"","",[211],[],[],[],"",[],"","",[],0,"",100,0,"",20,124,648,28,20,122,92,120,20,26,0,[1131],"","",20,36,26,28,20,38,20,32,20,26,0,"",[],"","","",20,36,26,28,20,38,20,32,20,26,0,2,1270,12000,"",0,0,"",1,52,2000,1000,[],2,15,0,0,"","",0,"",[],"[0,70,30]",[0],[],4205,"A sickness has befallen Ogham","Une maladie s'est abattue sur Ogham","Eine Krankheit hat Ogham befallen","オガムは病に侵された","오검에 병이 깃들었습니다","Uma doença caiu sobre Ogham","Огам поражён странной болезнью","Una enfermedad ha caído sobre Ogham","อ็อกแฮมติดโรคร้ายเสียแล้ว","疫病降臨在奧格姆",0,0,""
72,"G1_3","Mud Burrow","Tanière boueuse","Schlammgrube","泥の巣穴","진흙 토굴","Toca Lamacenta","Грязевая нора","Lodazal","โพรงโคลน","泥沼陋居",1,"","",[71],3,-25934,0,3,"[""Art/Textures/Interface/LoadingImages/OldForest.dds""]",[2892],[2934],6,"[130,131,132,133]",69,600,"","",[147],[],[],[],"",[],"","",[],0,"",100,0,"",20,124,20,28,20,122,9620,8338,20,26,0,[1131],"","",20,36,26,28,20,38,20,32,20,26,0,"",[],"","","",20,36,26,28,20,38,20,32,20,26,0,2,1272,8000,"",0,0,"",1,52,1000,0,[],3,15,0,0,"","",0,"",[],"[0,40,60]",[0],[],4205,"The tunnels of a tormented creature","Les tunnels d'une créature tourmentée","Die Tunnel einer gequälten Kreatur","苛まれし生き物の掘った穴","고통받는 생물의 굴","Os túneis de uma criatura atormentada","Логово страдающего существа","Los túneles de una criatura atormentada","อุโมงค์สิ่งมีชีวิตที่ทรมานยิ่ง","受折磨生物的地道",0,0,""
73,"G1_4","The Grelwood","Grelbois","Der Grelwald","グレルウッド","그렐우드","Grelwood","Грельвуд","El bosque singular","ป่าเกรลวูด","葛瑞爾林",1,"",1,"[71,74,75,79]",4,-12438,0,4,"[""Art/Textures/Interface/LoadingImages/OldForest.dds""]",[2893],[2934],6,"[134,135,136,137,138,139,140,141,142,143,144,145]",69,1200,"","",[1401],[],[],[],"",[],"","",[],0,"",100,0,"",20,30,648,28,20,122,92,8338,20,26,0,[1131],"","",20,36,26,28,20,38,20,32,20,26,0,"",[],"","","",20,36,26,28,20,38,20,32,20,26,0,2,1275,25000,"",0,0,"",1,52,1000,2000,[],4,15,0,0,88,"",0,"",[],"[0,20,80]",[0],[],4205,"Forest of the Old Magicks","Forêt des vieilles magies","Wald der alten Magie","古き魔法の森","옛 마법의 숲","Floresta dos Antigos Magicks","Лес, напитанный древней магией","Un bosque de magia antigua","ป่าแห่งมนต์โบราณ","古老魔法的森林",0,0,""
74,"G1_5","The Red Vale","La Vallée rouge","Das Rote Tal","赤き谷","붉은 계곡","O Vale Vermelho","Красная Долина","El valle rojo","ห้วยสีชาด","赤谷",1,"",1,[73],5,17135,0,5,"[""Art/Textures/Interface/LoadingImages/OldForest.dds""]",[2894],[2934],6,"[150,151,152,153,154,155,156,157]",69,600,"","","[240,240,240]",[],[],[],"",[],"","",[],0,"",100,0,"",20,124,164,28,20,122,9620,8338,20,26,0,[1131],"","",20,36,26,28,20,38,20,32,20,26,0,"",[],"","","",20,36,26,28,20,38,20,32,20,26,0,2,1277,20000,"",0,0,"",1,52,5000,3000,[],5,15,0,0,"","",0,"",[],"[70,30]","[95,5]",[],4205,"Haunted battleground of the Phaaryl Wars","Champ de bataille hanté des guerres de Phaaryl","Verwunschenes Schlachtfeld der Phaarylkriege","ファーリル戦争の霊が残る戦場","파아릴 전쟁이 벌어졌던 스산한 전장","Campos de batalha assombrados das Guerras Phaaryl","Долина, населённая призраками Фаарилских войн","El campo de batalla embrujado de las guerras de Phaaryl","สมรภูมิเฮี้ยนแห่งสงครามฟาร์ริล","法瑞爾戰爭的鬧鬼戰場",0,0,""
75,"G1_6","The Grim Tangle","L'Enchevêtrement sinistre","Das Düstere Dickicht","不気味なもつれ","으스스한 덩굴","O Emaranhado Cruel","Мрачные заросли","El enredo sombrío","คูน้ำเคี้ยวคด","纏縛陰林",1,"",1,"[73,76]",6,8667,0,5,"[""Art/Textures/Interface/LoadingImages/OldForest.dds""]",[2895],[2934],6,"[158,159,160,161]",69,600,"","",[1396],[],[],[],"",[],"","",[],0,"",100,0,"",20,30,164,28,20,122,10694,8338,20,26,0,[1131],"","",20,36,26,28,20,38,20,32,20,26,0,"",[],"","","",20,36,26,28,20,38,20,32,20,26,0,2,1280,14000,"",0,0,"",1,52,5000,5000,[],6,15,0,0,"","",0,"",[],"[0,20,80]","[65,35]",[],4205,"The sickness spreads forth underground","La maladie se propage sous terre","Die Krankheit breitet sich unterirdisch aus","病は地下を広がっている","지하에서 병이 퍼져 나옵니다","Uma doença se espalha no subsolo","Болезнь распространяется под землёй","La enfermedad se expande bajo tierra","โรคร้ายแพร่กระจายสู่ใต้ดิน","疫病在地底下四處蔓延",0,0,""
76,"G1_7","Cemetery of the Eternals","Cimetière des Éternels","Friedhof der Ewigen","永遠なる帝国の墓地","영원한 자의 공동묘지","O Cemitério dos Eternos","Кладбище Вечных","Cementerio de los eternos","สุสานนิรันดร์ชน","不朽帝國之墓",1,"",1,"[75,77,80,77,78,78]",7,-5871,2,5,"[""Art/Textures/Interface/LoadingImages/Graveyard.dds""]",[2896],[4714],6,"[162,163,164,165,166,167,168,169,170,171,172,173]",69,1200,"","",[175],[],[],[],"",[],"","",[],0,"",100,0,"",20,30,648,28,20,122,162,8338,20,26,0,[1131],"","",20,36,26,28,20,38,20,32,20,26,0,"",[],"","","",20,36,26,28,20,38,20,32,20,26,0,2,1281,22000,"",0,0,"",1,52,9500,500,[],7,15,0,0,"","",0,"",[],"[0,20,80]","[95,5]",[],4205,"Built atop the Ezomyte clan graves beneath","Construit au-dessus des tombes du clan Ézomyte","Errichtet auf den darunter liegenden Gräbern des Ezomytenclans","エゾミアの民の部族の墓の上に建てられた","에조미어인 혈족 무덤 위에 건설된 묘지","Construído em cima dos túmulos do clã Ezomita","Усыпальницы, возведённые поверх древних могил эзомитов","Construido sobre las tumbas de los clanes ezomitas que yacen debajo","สร้างทับหลุมศพเผ่าเอโซไมต์ที่อยู่เบื้องล่าง","建在下方的氏族墳墓之上",0,0,""
77,"G1_8","Mausoleum of the Praetor","Mausolée du Préteur","Mausoleum des Prätors","法務官の霊廟","집정관의 능묘","O Mausoléu do Pretório","Мавзолей претора","Mausoleo del pretor","อนุสาวรีย์บรรจุศพข้าหลวง","政務官陵墓",1,"",1,"[76,76]",8,-28278,3,5,"[""Art/Textures/Interface/LoadingImages/Graveyard.dds""]",[2897],[4714],6,"[174,175,176,177,178,179,180,181,182,183,184,185]",69,600,"","",[1285],[],[],[],"",[],"","",[],0,"",100,0,"",20,30,164,28,20,122,92,8338,20,26,0,[1131],"","",20,36,26,28,20,38,20,32,20,26,0,"",[],"","","",20,36,26,28,20,38,20,32,20,26,0,2,1284,14000,"",0,0,"",1,52,4000,2500,[],8,15,0,0,"","",0,"",[],"[0,70,30]","[55,45]",[2898],4205,"Resting place of Draven Sentari","Lieu de repos de Draven Sentari","Ruhestätte von Draven Sentari","ドレイヴン・センタリの眠る場所","드레이븐 센타리가 안식하는 곳","Local de descanso de Draven Sentari","Здесь покоится Дрейвен Сентари","El lugar de descanso de Draven Sentari","หลุมฝังศพของเดรเวน เซนทารี","德雷文．山特立的安息之地",0,0,""
78,"G1_9","Tomb of the Consort","Tombeau de la Consort","Grabmal der Gemahlin","妃の墓所","배우자의 무덤","A Tumba da Consorte","Супружеская гробница","Tumba de la consorte","หลุมฝังศพภริยา","配偶的墓室",1,"",1,"[76,76]",8,11212,3,5,"[""Art/Textures/Interface/LoadingImages/Graveyard.dds""]",[2898],[4714],6,"[186,187,188,189,190,191,192,193,194,195,196,197]",69,600,"","",[1356],[],[],[],"",[],"","",[],0,"",100,0,"",20,30,164,28,20,122,9620,120,20,26,0,[1131],"","",20,36,26,28,20,38,20,32,20,26,0,"",[],"","","",20,36,26,28,20,38,20,32,20,26,0,2,1286,14000,"",0,0,"",1,52,4000,2500,[],9,15,0,0,"","",0,"",[],"[0,70,30]","[55,45]",[2897],4205,"Resting place of Asinia Sentari","Lieu de repos d'Asinia Sentari","Ruhestätte von Asinia Sentari","アシニア・センタリの眠る場所","아시니아 센타리가 안식하는 곳","Local de descanso de Asinia Sentari","Здесь покоится Азиния Сентари","El lugar de descanso de Asinia Sentari","หลุมฝังศพของอะซีเนีย เซนทารี","阿席妮雅．山特立的安息之地",0,0,""
79,"G1_10","Root Hollow","Gouffre enraciné","Wurzelhohlraum","根の穴","뿌리 동혈","Raíz Oca","Яма в корнях","Gruta enraizada","โพรงรากไม้","盤根魔域",1,"","",[73],15,26034,0,5,"[""Art/Textures/Interface/LoadingImages/OldForest.dds""]",[2899],[3000],6,"[146,147,148,149]",69,600,"","",[1396],[],[],[],"",[],"","",[],0,"",100,0,"",20,30,648,28,20,8004,9620,120,20,26,0,[1131],"","",20,36,26,28,20,38,20,32,20,26,0,"",[],"","","",20,36,26,28,20,38,20,32,20,26,0,2,1276,7500,"",0,0,"",1,52,500,0,[],10,15,0,0,"","",0,"",[],[0],[0],[],4205,"","","","","","","","","","",0,0,""
80,"G1_11","Hunting Grounds","Terrains de chasse","Jagdgründe","狩場","사냥터","Campos de Caça","Охотничьи угодья","Terrenos de caza","แดนนักล่า","獵場",1,"",1,"[76,82,81]",10,-24297,3,5,"[""Art/Textures/Interface/LoadingImages/OldForest.dds""]",[2900],"[2980,4705]",6,"[198,200,199,204,206,205,208,209,207,203,201,202]",69,900,"","",[128],[],[],[],"",[],"","",[],0,"",100,0,"",20,13024,1048,28,20,122,12728,13132,20,26,0,[1131],"","",20,36,26,28,20,38,20,32,20,26,0,"",[],"","","",20,36,26,28,20,38,20,32,20,26,0,2,1288,28000,"",20,0,"",1,52,2000,2000,[],11,15,0,0,50,1,0,"",[],"[0,70,30]","[95,5]",[],4205,"Wild bounty of Ogham","La richesse sauvage d'Ogham","Wilder Reichtum von Ogham","オガムの野生の恵み","오검의 대자연","Colheita Selvagem de Ogham","Кишащие дичью окрестности Огама","El tesoro salvaje de Ogham","ความอุดมสมบูรณ์แห่งป่าเขาอ็อกแฮม","奧格姆的荒野恩惠",0,0,""
81,"G1_12","Freythorn","Freyépine","Freydorn","フレイソーン","프레이쏜","Freythorn","Фрейторн","Villafrey","ชายคาเฟรย์ธอร์น","弗雷索恩",1,"",1,[80],11,-21367,3,5,"[""Art/Textures/Interface/LoadingImages/OldForest.dds""]",[2901],"[2980,4705]",6,"[210,211,212,213,214,215,216,217,218,219,220,221]",69,600,"","",[],[],[],[],"",[],"","",[],0,"",100,0,"",20,124,20,28,20,122,92,120,20,26,0,[1131],"","",20,36,26,28,20,38,20,32,20,26,0,"",[],"","","",20,36,26,28,20,38,20,32,20,26,0,2,1289,19000,"",20,0,"",1,52,6000,5000,[],12,15,0,0,50,1,0,"",[],"[0,0,70,30]","[95,5]",[],4205,"The Clanless Enclave","Enclave des Sans-clan","Die Enklave der Clanlosen","部族なき部族の居留地","혈족 없는 이들의 공동체","O Enclave sem Clã","Анклав живущих вне клана","El enclave de la tribu sin clan","ดินแดนกลุ่มชนไร้เผ่า","無氏族之地",0,0,""
82,"G1_13_1","Ogham Farmlands","Terres arables d'Ogham","Ackerlande von Ogham","オガムの農地","오검 농지","Terras Agrícolas de Ogham","Фермерские земли Огама","Tierras de cultivo de Ogham","ถิ่นเพาะปลูกอ็อกแฮม","奧格姆農地",1,"",1,"[80,83]",12,-3894,3,5,"[""Art/Textures/Interface/LoadingImages/Village.dds""]",[2902],"[2980,4705]",6,"[222,223,224,225,226,227,228,229,230,231,232,233,234,235,236,237]",69,600,"","",[],[],[],[],"",[],"","",[],0,"",100,0,"",20,13970,164,28,20,122,10694,14106,20,26,0,[1131],"","",20,36,26,28,20,38,20,32,20,26,0,"",[],"","","",20,36,26,28,20,38,20,32,20,26,0,2,1293,29000,"",20,0,"",1,52,3500,1000,[],13,15,0,0,"","",0,"",[],"[0,20,80]","[55,45]",[],4205,"Diseased crops of Ogham","Cultures malades d'Ogham","Befallenes Getreide von Ogham","オガムの侵されし作物","오검의 병든 작물이 널려 있는 곳","Plantações doentes de Ogham","Загубленные поля Огама","Los cultivos enfermos de Ogham","ต้นกล้าอาบโรคแห่งอ็อกแฮม","奧格姆的染疫莊稼",0,0,""
83,"G1_13_2","Ogham Village","Village d'Ogham","Dorf Ogham","オガム村","오검 마을","Vilarejo de Ogham","Деревня Огам","Pueblo de Ogham","หมู่บ้านอ็อกแฮม","奧格姆村",1,"",1,"[82,84]",13,-27542,3,5,"[""Art/Textures/Interface/LoadingImages/Village.dds""]",[2903],"[2980,4705]",6,"[238,239,240,241,242,243,244,245,246,247,248,249]",69,600,"","",[137],[],[],[],"",[],"","",[],0,"",100,0,"",20,30,164,28,20,122,9620,8338,20,26,0,[1131],"","",20,36,26,28,20,38,20,32,20,26,0,"",[],"","","",20,36,26,28,20,38,20,32,20,26,0,2,1291,23000,"",20,0,"",1,52,8000,500,[],14,15,0,0,"","",0,"",[],"[0,20,80]","[55,45]",[],4205,"The burning tragedy","La tragédie brûlante","Die brennende Tragödie","燃える悲劇","불타는 비극","A tragédia ardente","Пепелище трагедии","La tragedia ardiente","โศกนาฏกรรมอาบเพลิง","燃燒的慘劇",0,0,""
84,"G1_14","The Manor Ramparts","Les Remparts du Manoir","Festungsmauern des Herrenhauses","邸宅の城壁","저택 성벽","As Muralhas da Mansão","Стены замка","Las murallas de la mansión","ปราการคฤหาสน์","宅第壁壘",1,"",1,"[83,85]",14,24867,3,5,"[""Art/Textures/Interface/LoadingImages/Village.dds""]",[2904],[3148],6,"[250,253,252,251,255,254]",69,600,"","",[],[],[],[],"",[],"","",[],0,"",100,0,"",20,13024,648,28,20,122,10694,8338,20,26,0,[1131],"","",20,36,26,28,20,38,20,32,20,26,0,"",[],"","","",20,36,26,28,20,38,20,32,20,26,0,2,1295,31000,"",20,0,"",1,52,5500,1000,[],15,15,0,0,"","",0,"",[83],"[0,20,80]","[95,5]",[],4205,"Surrounding walls of the Wolf's Den","Murs d'enceinte de la Tanière du Loup","Die umgebenden Mauern der Wolfshöhle","狼のねぐらを囲む壁","늑대 소굴을 둘러싼 벽","Paredes ao redor do Covil do Lobo","Стены волчьего логова","Los muros que rodean a la guarida del lobo","กำแพงล้อมรังหมาป่า","狼之巢穴周圍的高牆",0,0,""
85,"G1_15","Ogham Manor","Manoir d'Ogham","Herrenhaus von Ogham","オガムの邸宅","오검 저택","A Mansão de Ogham","Замок Огам","Mansión de Ogham","คฤหาสน์อ็อกแฮม","奧格姆宅第",1,"",1,[84],15,-15535,3,5,"[""Art/Textures/Interface/LoadingImages/Village.dds""]",[2905],[3148],6,"[256,257,258,259,264,265,266,267,260,261,262,263,268,269,270,271]",69,600,"","","[1352,1219]",[],[],[],"",[],"","",[],0,"",100,0,"",20,30,164,28,20,122,92,120,20,26,0,[1131],"","",20,36,26,28,20,38,20,32,20,26,0,"",[],"","","",20,36,26,28,20,38,20,32,20,26,0,2,1296,28500,"",20,0,"",1,52,10000,8000,[],16,15,0,0,"","",0,"",[],"[0,20,80]","[25,75]",[],4205,"Den of the Mad Wolf","Antre du Loup enragé","Die Höhle des verrückten Wolfs","狂狼のねぐら","미친 늑대의 굴","Covil do Lobo Louco","Логово Безумного волка","La guarida del lobo rabioso","รังหมาป่าคลั่ง","狂狼獸穴",0,0,""
86,"G2_town","The Ardura Caravan","La Caravane des Arduras","Die Ardura-Karawane","アードゥラのキャラバン","아르듀라 카라반","A Caravana Ardura","Караван Ардура","La caravana de los ardura","คาราวานอาร์ดูร่า","阿杜拉車隊",2,1,1,"[87,88,92,95,97,99,103,105,106,108,90,126,87,88,92,95,97,99,103,105,106,108,90,126]",32,27233,0,0,"[""Art/Textures/Interface/LoadingImages/Caravan.dds""]",[2907],[4324],32,[272],"",900,"","",[],[],[],[],"",[],"","",[],0,1,100,0,"",20,124,20,28,20,122,92,120,20,26,0,[],"","",20,36,26,28,20,38,20,32,20,26,0,"",[],"","","",20,36,26,28,20,38,20,32,20,26,0,1,1378,0,8,0,0,"",1,52,0,0,[],0,15,0,0,74,"",0,"",[],[0],[0],[],4205,"Pride of Sekhema Asala","Fierté de Sekhema Asala","Der Stolz von Sekhema Asala","セケマ・アサラの誇り","세케마 아살라의 자랑거리","Orgulho da Sekhema Asala","Гордость Сехемы Асалы","El orgullo de la sekhema Asala","ความภาคภูมิของเซ็คเคมาอะซาล่า","絲克瑪．阿薩拉的驕傲",0,0,""
87,"G2_1","Vastiri Outskirts","Abords de la Vastiri","Vastiri Randgebiete","ヴァスティリ郊外","바스티리 외곽","Arredores de Vastiri","Окраины Вастири","Alrededores del Vastiri","ชายแดนวาสตีรี","瓦斯提里郊區",2,"",1,"[69,86]",16,-1585,4,6,"[""Art/Textures/Interface/LoadingImages/CaravanLandscape.dds""]",[2906],[3002],6,"[273,274,275,276,277,278,279,280]","",600,"","",[633],[],[],[],"",[],"","",[],0,"",100,0,"",20,13024,1048,28,20,15804,10694,13132,20,26,0,[1130],"","",20,36,26,28,20,38,20,32,20,26,0,"",[],"","","",20,36,26,28,20,38,20,32,20,26,0,2,1305,24000,"",0,0,"",1,52,3500,0,[],17,15,0,0,"","",0,"",[],"[0,0,66,34]","[94,6]",[],4205,"Blood-red and unforgiving sands","Sables rouge sang et impitoyables","Blutroter und unbarmherziger Sand","血のように赤く容赦ない砂","피처럼 붉고 자비가 없는 사막","Areias implacáveis cor de sangue","Кровавые пески, не прощающие ошибок","Una arena cruel y teñida de sangre","ทรายสีเลือดไร้ซึ่งปรานี","血紅色與嚴苛之沙",0,0,""
88,"G2_2","Traitor's Passage","Le Passage de la traîtresse","Klamm der Verräterin","裏切り者の通路","배반자의 통로","Estreito da Traidora","Тропа Изменницы","El pasaje de la traidora","ทางผ่านผู้ทรยศ","叛徒之路",2,"",1,"[86,89]",19,-27335,4,6,"[""Art/Textures/Interface/LoadingImages/CaravanLandscape.dds""]",[2908],[1524],6,"[282,283,284,285,286,287,288,289]",86,600,"","",[382],[],[],[],"",[],"","",[],0,"",100,0,"",20,30,20,28,20,122,9620,8338,20,26,0,[1130],"","",20,36,26,28,20,38,20,32,20,26,0,"",[],"","","",20,36,26,28,20,38,20,32,20,26,0,2,1314,30000,"",0,0,"",1,52,2000,2500,[],18,15,0,0,"","",0,"",[],"[0,66,34]","[24,76]",[],4205,"The pride and fall of Balbala","La fierté et la chute de Balbala","Der Stolz und Fall von Balbala","バルバラの傲慢と没落","발바라의 자부심과 몰락","O orgulho e queda de Balbala","Гордыня и падение Балбалы","El orgullo y la caída de Balbala","ความภาคภูมิและการตกต่ำของบัลบาล่า","芭芭拉的驕傲和殞落",0,0,""
89,"G2_3","The Halani Gates","Les Portes d'Halani","Die Halani-Tore","ハラニの門","할라니 관문","Os Portões Halani","Ворота Халани","Las puertas de Halani","ประตูฮาลานี","哈拉妮關口",2,"",1,"[88,86]",20,-1361,4,6,"[""Art/Textures/Interface/LoadingImages/CaravanLandscape.dds""]",[2909],[1524],6,"[291,292,293,294,295,296,297,298,299,300,301,302]",86,600,"","",[653],[],[],[],"",[],"","",[],0,"",100,0,"",20,13970,1048,28,20,122,16402,14106,20,26,0,[1130],"","",20,36,26,28,20,38,20,32,20,26,0,"",[],"","","",20,36,26,28,20,38,20,32,20,26,0,2,1315,30000,"",0,0,"",1,52,4000,2000,[],19,15,0,0,"","",0,"",[],"[0,36,64]","[94,6]",[],4205,"Gateway of the Second River","Écluse de la deuxième rivière","Tor zum zweiten Fluss","第二の川の門","두 번째 강의 관문","Portão do Segundo Rio","Врата Второй реки","La entrada al segundo río","ประตูแห่งสายธารที่สอง","第二條河的水鎖出入口",0,0,""
90,"G2_3a","The Halani Gates","Les Portes d'Halani","Die Halani-Tore","ハラニの門","할라니 관문","Os Portões Halani","Ворота Халани","Las puertas de Halani","ประตูฮาลานี","哈拉妮關口",2,"","",[86],20,-4782,4,6,"[""Art/Textures/Interface/LoadingImages/CaravanLandscape.dds""]",[4531],[3461],6,[290],86,300,"","",[],[],[],[],"",[],"","",[],0,"",100,0,"",20,13970,1048,28,20,122,16402,14106,20,26,0,[1130],"","",20,36,26,28,20,38,20,32,20,26,0,"",[],"","","",20,36,26,28,20,38,20,32,20,26,0,2,1326,24000,"",0,0,"",1,52,0,0,[],0,15,0,0,"","",0,"",[],[0],[0],[],4205,"Gateway of the Second River","Écluse de la deuxième rivière","Tor zum zweiten Fluss","第二の川の門","두 번째 강의 관문","Portão do Segundo Rio","Врата Второй реки","La entrada al segundo río","ประตูแห่งสายธารที่สอง","第二條河的水鎖出入口",0,0,""
91,"G2_3s","The Halani Gates","Les Portes d'Halani","Die Halani-Tore","ハラニの門","할라니 관문","Os Portões Halani","Ворота Халани","Las puertas de Halani","ประตูฮาลานี","哈拉妮關口",2,"","",[86],20,-4525,0,0,"[""Art/Textures/Interface/LoadingImages/CaravanLandscape.dds""]",[],[4324],6,[],86,300,"","",[],[],[],[],"",[],"","",[],0,"",100,0,"",20,13970,1048,28,20,122,16402,14106,20,26,0,[1130],"","",20,36,26,28,20,38,20,32,20,26,0,"",[],"","","",20,36,26,28,20,38,20,32,20,26,0,2,1326,0,"",0,0,"",1,52,0,0,[],0,0,0,0,"","",0,"",[],[0],[0],[],4205,"Gateway of the Second River","Écluse de la deuxième rivière","Tor zum zweiten Fluss","第二の川の門","두 번째 강의 관문","Portão do Segundo Rio","Врата Второй реки","La entrada al segundo río","ประตูแห่งสายธารที่สอง","第二條河的水鎖出入口",0,0,""
92,"G2_4_1","Keth","Keth","Keth","ケス","케스","Keth","Кет","Keth","เค็ท","凱斯城",2,"",1,"[86,86,93]",21,14865,4,6,"[""Art/Textures/Interface/LoadingImages/CaravanLandscape.dds""]",[3212],[1527],6,"[303,304,305,306]",86,600,"","",[708],[],[],[],"",[],"","",[],0,"",100,0,"",20,124,164,28,20,122,92,120,20,26,0,[1130],"","",20,36,26,28,20,38,20,32,20,26,0,"",[],"","","",20,36,26,28,20,38,20,32,20,26,0,2,1329,39000,"",0,0,"",1,52,2000,6000,[],20,15,0,0,"","",0,"",[],"[0,66,34]","[94,6]","[2912,2914,2736,3416]",4205,"Jewel of the Vastiri","Joyau des Vastiri","Juwel der Vastiri","ヴァスティリの宝石","바스티리의 보석","Joia do Vastiri","Жемчужина Вастири","La joya del Vastiri","อัญมณีแห่งวาสตีรี","瓦斯提里上的明珠",0,0,""
93,"G2_4_2","The Lost City","La Cité perdue","Die verlorene Stadt","失われし都市","잃어버린 도시","A Cidade Perdida","Затерянный город","La ciudad perdida","นครที่สาบสูญ","失落之城",2,"",1,"[92,94]",22,32556,4,6,"[""Art/Textures/Interface/LoadingImages/CaravanLandscape.dds""]",[3213],[1527],6,"[308,309,310,307]",86,600,"","",[],[],[],[],"",[],"","",[],0,"",100,0,"",20,124,20,28,20,122,92,120,20,26,0,[1130],"","",20,36,26,28,20,38,20,32,20,26,0,"",[],"","","",20,36,26,28,20,38,20,32,20,26,0,2,1332,30000,"",0,0,"",1,52,4000,4000,[],21,15,0,0,"","",0,"",[],"[0,16,84]","[54,46]","[2912,2914,2736,3416]",4205,"The glory of Keth knew no bounds","La gloire de Keth ne connaissait pas de limites","Der Ruhm von Keth kannte keine Grenzen","ケスの繁栄には限界がなかった","케스의 영광에는 한계가 없었습니다","A glória de Keth não tinha limites","Слава Кета не знала границ","La gloria de Keth no tenía límites","ความรุ่งโรจน์ของเค็ทไร้ขอบเขตไม่","凱斯的榮光無邊無際",0,0,""
94,"G2_4_3","Buried Shrines","Sanctuaires enfouis","Verschüttete Schreine","埋葬された神殿","묻힌 성소","Santuários Enterrados","Захоронённые святилища","Santuarios enterrados","อารามจมทราย","掩埋神殿",2,"",1,[93],23,-5985,4,6,"[""Art/Textures/Interface/LoadingImages/CaravanLandscape.dds""]",[3586],[1527],6,"[311,312,313,314,315,316,317,318]",86,600,"","",[374],[],[],[],"",[],"","",[],0,"",100,0,"",20,13024,164,28,20,122,12728,8338,20,26,0,[1130],"","",20,36,26,28,20,38,20,32,20,26,0,"",[],"","","",20,36,26,28,20,38,20,32,20,26,0,2,1334,32500,"",0,0,"",1,52,7000,2100,[],22,15,0,0,"","",0,"",[],"[0,16,84]","[54,46]","[2912,2914,2736,3416]",4205,"Sands settle where water once flowed","Les sables s'installent là où l'eau coulait autrefois","Sand setzt sich ab, wo einst Wasser floss","かつて水が流れた場所に砂が積もる","한때 물이 흐른 자리에 모래가 쌓입니다","Areias se assentam onde antes a água fluía ","Пески оседают там, где прежде бежала вода","La arena se asienta donde antaño fluía el agua","ทรายก่อตัวในถิ่นที่น้ำเคยไหลเวียน","曾有水流之地，如今沙土沈澱",0,0,""
95,"G2_5_1","Mastodon Badlands","Terres ravagées des mastodontes","Mastodon-Ödlande","マストドンの悪地","마스토돈 불모지","Ermo Mastodonte","Бесплодные земли мастодонтов","Páramo de los mastodontes","แดนกันดารมาสโตดอน","乳齒象惡地",2,"",1,"[86,86,96]",21,-28951,4,6,"[""Art/Textures/Interface/LoadingImages/CaravanLandscape.dds""]",[2911],[1527],6,"[319,320,321,322,323,324,325,326,327,328,329,330]",86,600,"","",[],[],[],[],"",[],"","",[],0,"",100,0,"",20,13970,1048,28,20,122,10694,8338,20,26,0,[1130],"","",20,36,26,28,20,38,20,32,20,26,0,"",[],"","","",20,36,26,28,20,38,20,32,20,26,0,2,1336,27500,"",0,0,"",1,52,2700,0,[],23,15,0,0,"","",0,"",[],"[0,16,84]","[94,6]","[3213,3586,2914,3215,3416]",4205,"Territory of the Lost-Men","Territoire des Hommes-perdus","Territorium der verlorenen Menschen","失われし者たちの縄張り","잊힌 사람 부족의 영토","Território dos Homens Perdidos ","Территории заблудших","El territorio de los hombres perdidos","เขตแดนของกลุ่มชนผู้สาบสูญ","迷失之人的領地",0,0,""
96,"G2_5_2","The Bone Pits","Les Fosses à ossements","Die Knochengruben","骨の穴","뼈 구덩이","O Fosso Ósseo","Костяные ямы","La llanura de huesos","หลุมกระดูก","骨坑",2,"",1,[95],22,31975,4,6,"[""Art/Textures/Interface/LoadingImages/CaravanLandscape.dds""]",[2912],[1527],6,"[331,332,333,334]",86,600,"","",[623],[],[],[],"",[],"","",[],0,"",100,0,"",20,13970,1048,28,20,122,10694,120,20,26,0,[1130],"","",20,36,26,28,20,38,20,32,20,26,0,"",[],"","","",20,36,26,28,20,38,20,32,20,26,0,2,1340,35000,"",0,0,"",1,52,3500,0,[],24,15,0,0,"","",0,"",[],"[0,16,84]","[94,6]","[3213,3586,2914,3215,3416]",4205,"Necromantic ash tarnish the sands","La cendre nécromantique ternit les sables","Nekromantische Asche überzieht den Sand","死霊術の灰が砂を汚す","강령술의 재가 모래를 더럽힙니다","Cinzas necromânticas mancham as areias","Прах некромантии пятнает песок","La ceniza nigromántica mancilla la arena","เถ้าถ่านศาสตร์ผีแปดเปื้อนผืนทราย","瓦斯提里死靈法術的誕生地",0,0,""
97,"G2_6","Valley of the Titans","Vallée des Titans","Tal der Titanen","タイタンの谷","거신의 계곡","Vale dos Titãs","Долина Титанов","Valle de los titanes","หุบเขาแห่งไททัน","泰坦之谷",2,"",1,"[86,86,98]",21,-21594,4,6,"[""Art/Textures/Interface/LoadingImages/CaravanLandscape.dds""]",[2913],[1527],6,"[335,336,337,338,339,340,341,342,343,344,345,346]",86,900,"","",[],[],[],[],"",[],"","",[],0,"",100,0,"",20,124,164,28,20,122,9620,8338,20,26,0,[1130],"","",20,36,26,28,20,38,20,32,20,26,0,"",[],"","","",20,36,26,28,20,38,20,32,20,26,0,2,1344,40000,"",0,0,"",1,52,2500,3500,[],25,15,0,0,"","",0,"",[],"[0,16,84]","[94,6]","[3213,3586,2912,2736,3215]",4205,"They remain where they slept","Ils demeurent là où ils se sont endormis","Sie ruhen, wo sie schliefen","眠っていた場所に未だ留まる","그들은 잠든 자리에 남아 있습니다","Eles permanecem onde dormiram","Они остались лежать там, где уснули","Permanecen donde otrora dormían","พวกเขายังคงอยู่ในถิ่นที่พวกเขาหลับใหล","人類最古老盟友的廢棄家園",0,0,""
98,"G2_7","The Titan Grotto","La Grotte des Titans","Die Grotte der Titanen","タイタンの洞窟","거신 석굴","A Caverna do Titã","Грот Титанов","La gruta del titán","ถ้ำลอดไททัน","泰坦石窟",2,"",1,[97],22,-17565,4,6,"[""Art/Textures/Interface/LoadingImages/CaravanLandscape.dds""]",[2914],[4564],6,"[347,348,349,350,351,352,353,354]",86,600,"","",[377],[],[],[],"",[],"","",[],0,"",100,0,"",20,124,20,28,20,122,92,120,20,26,0,[1130],"","",20,36,26,28,20,38,20,32,20,26,0,"",[],"","","",20,36,26,28,20,38,20,32,20,26,0,2,1345,40000,"",0,0,"",1,52,1000,7000,[],26,15,0,0,"","",0,"",[],"[0,16,84]","[54,46]","[3213,3586,2912,2736,3215]",4205,"Their echoes rattled the world","Leurs échos ont ébranlé le monde","Ihr Echo erschütterte die Welt","その残響は世界を揺らした","이들의 메아리가 세상을 흔들었습니다","Seus ecos agitaram o mundo","Эхо их голосов потрясло мир","Sus ecos agitan el mundo","เสียงสะท้อนของพวกเขาสะเทือนโลกา","凡人不再敢於涉足之地",0,0,""
99,"G2_8","Deshar","Deshar","Deshar","デシャール","데샤르","Deshar","Дешар","Deshar","เดชาร์","戴斯哈",2,"",1,"[86,86,101]",28,12519,4,6,"[""Art/Textures/Interface/LoadingImages/CaravanLandscape.dds""]",[2915],[4565],6,"[356,357,358,359]",86,600,"","",[],[],[],[],"",[],"","",[],0,"",100,0,"",20,124,1048,28,20,122,92,8338,20,26,0,[1130],"","",20,36,26,28,20,38,20,32,20,26,0,"",[],"","","",20,36,26,28,20,38,20,32,20,26,0,2,1348,50000,"",0,0,"",1,52,9500,500,[],27,15,0,0,"","",0,"",[],"[0,16,84]","[54,46]",[],4205,"The City of the Dead","La Cité des Morts","Die Stadt der Toten","死者の街","망자들의 도시","A Cidade dos Mortos ","Город мёртвых","La ciudad de los muertos","นครคนตาย","亡者之城",0,0,""
100,"G2_8a","Deshar","Deshar","Deshar","デシャール","데샤르","Deshar","Дешар","Deshar","เดชาร์","戴斯哈",2,"","",[],28,-14130,4,6,[],[],[4565],6,[],86,300,"","",[],[],[],[],"",[],"","",[],0,"",100,0,"",20,124,164,28,20,122,92,8338,20,26,0,[1130],"","",20,36,26,28,20,38,20,32,20,26,0,"",[],"","","",20,36,26,28,20,38,20,32,20,26,0,2,"",40000,"",0,0,"",1,52,0,0,[],0,15,0,0,"","",0,"",[],[0],[0],[],4205,"The City of the Dead","La Cité des Morts","Die Stadt der Toten","死者の街","망자들의 도시","A Cidade dos Mortos ","Город мёртвых","La ciudad de los muertos","นครคนตาย","亡者之城",0,0,""
101,"G2_9_1","Path of Mourning","Le Sentier du deuil","Pfad der Trauernden","哀悼者の道","통곡의 길","Caminho do Luto","Путь скорби","Camino del luto","เส้นทางอาลัย","悼念之路",2,"",1,"[99,102]",29,-13029,4,6,"[""Art/Textures/Interface/LoadingImages/CaravanLandscape.dds""]",[2916],[4565],6,"[360,361,362,363,364,365,366,367,368,369,370,371]",86,600,"","",[],[],[],[],"",[],"","",[],0,"",100,0,"",20,30,648,28,20,122,92,8338,20,26,0,[1130],"","",20,36,26,28,20,38,20,32,20,26,0,"",[],"","","",20,36,26,28,20,38,20,32,20,26,0,2,1349,40000,"",0,0,"",1,52,11000,1000,[],28,15,0,0,"","",0,"",[],"[0,0,66,34]","[54,46]",[],4205,"They climb to mourn their Honoured Dead","Ils grimpent pour pleurer leurs Défunts honorés","Sie klettern, um ihre Geehrten Toten zu betrauern","誉れある死者を悼むため登る","그들은 높이 올라가서 칭송받는 망자들을 애도합니다","Eles sobem para lamentar seus Mortos Honrados","Почтенных умерших оплакивают на вершине","Suben para llorar a sus honorables muertos","พวกเขาขึ้นไปไว้อาลัยแด่ศพทรงเกียรติ","只有在黯道上才允許悲傷",0,0,""
102,"G2_9_2","The Spires of Deshar","Les Cimes de Deshar","Die Spitzen von Deshar","デシャールの尖塔","데샤르의 첨탑","As Torres de Deshar","Шпили Дешара","Las torres de Deshar","ยอดแหลมแห่งเดชาร์","戴斯哈尖塔",2,"",1,[101],30,-20966,4,6,"[""Art/Textures/Interface/LoadingImages/CaravanLandscape.dds""]",[2922],[4565],6,"[372,373,374,375]",86,600,"","",[756],[],[],[],"",[],"","",[],0,"",100,0,"",20,13970,1048,28,20,122,16402,14106,20,26,0,[1130],"","",20,36,26,28,20,38,20,32,20,26,0,"",[],"","","",20,36,26,28,20,38,20,32,20,26,0,2,1350,50000,"",0,0,"",1,52,0,12500,[],29,15,0,0,"","",0,"",[],"[66,34]","[94,6]",[],4205,"Where the Honoured Dead lie buried in the sky","Là où les Défunts honorés reposent dans le ciel","Wo die Geehrten Toten im Himmel begraben liegen","誉れある者たちが空に埋葬され眠る場所","칭송받는 자들의 시체가 하늘을 바라보며 묻혀 있습니다","Onde os Mortos Honrados jazem enterrados no céu ","Где Почтенные умершие захоронены на небесах","Donde los honorables muertos yacen sepultados en el cielo","ถิ่นที่ศพมีเกียรติทั้งหลายถูกฝังสู่ฟากฟ้า","光榮死者埋葬在天空之處",0,0,""
103,"G2_10_1","Mawdun Quarry","Carrière de Mawdun","Mawdun-Steinbruch","マウドゥンの採石場","모둔 채석장","A Pedreira Mawdun","Каменоломня Маудун","Cantera Mawdun","เหมืองผิวดินมอว์ดัน","莫頓挖石場",2,"",1,"[86,104]",17,28670,4,6,"[""Art/Textures/Interface/LoadingImages/CaravanLandscape.dds""]",[2917],[3461],6,"[376,377,378,379,380,381,382,383]",86,600,"","",[],[],[],[],"",[],"","",[],0,"",100,0,"",20,124,648,28,20,122,9620,120,20,26,0,[1130],"","",20,36,26,28,20,38,20,32,20,26,0,"",[],"","","",20,36,26,28,20,38,20,32,20,26,0,2,1352,44000,"",0,0,"",1,52,12000,2000,[],30,15,0,0,"","",0,"",[],"[0,16,84]","[94,6]",[],4205,"The hills of Mawdun became the Faridun foothold","Les collines de Mawdun sont devenues le bastion des Fariduns","Die Höhen von Mawdun wurden zum Stützpunkt der Faridun","マウドゥンの丘はファリドゥンの足がかりとなった","모둔의 언덕은 파리둔의 거점이 되었습니다","As colinas de Mawdun se tornaram a base dos Faridun","Холмы Маудун стали оплотом фаридунцев","Las colinas de Mawdun se convirtieron en la fortaleza de los faridun","เนินเขามอว์ดันกลายเป็นที่ฐานมั่นของชาวฟาริดัน","近期剛被遺棄的法里登活動中樞",0,0,""
104,"G2_10_2","Mawdun Mine","Mine de Mawdun","Mawdun-Mine","マウドゥン鉱山","모둔 광산","A Mina Mawdun","Шахта Маудун","Mina Mawdun","เหมืองแร่มอว์ดัน","莫頓礦坑",2,"",1,[103],18,-28414,4,6,"[""Art/Textures/Interface/LoadingImages/CaravanLandscape.dds""]",[2918],[3461],6,"[384,385,386,387]",86,600,"","",[792],[],[],[],"",[],"","",[],0,"",100,0,"",20,124,20,28,20,8004,9620,120,20,26,0,[1130],"","",20,36,26,28,20,38,20,32,20,26,0,"",[],"","","",20,36,26,28,20,38,20,32,20,26,0,2,1353,52000,"",0,0,"",1,52,12000,5000,[],31,15,0,0,"","",0,"",[],"[0,0,66,34]","[24,76]",[],4205,"Where metal veins bled for the tools of war","Là où les veines de métal ont saigné au profit des outils de guerre","Wo Metalladern für die Werkzeuge des Krieges bluteten","金属の脈から戦の道具が流れ出した場所","이곳의 광맥이 흘린 피로부터 전쟁의 도구가 빚어집니다","Onde veias de metal sangraram pelas ferramentas da guerra ","Из металлических жил сочилась кровь для орудий войны","Donde las vetas de metal sangran para crear herramientas de guerra","ถิ่นที่สายแร่หลั่งเลือดให้อุปกรณ์สงคราม","金屬礦脈為戰亂工具出血之處",0,0,""
105,"G2_11","The Dreadnought's Wake","Le Sillage du Cuirassé","Der Nachzug der Festungskarawane","ドレッドノートの航跡","드레드노트의 바퀴 자국","O Despertar do Couraçado","След Дредноута","La huella del acorazado","เบื้องหลังคาราวานประจัญบาน","無畏隊的軌跡",2,"",1,[86],30,-4171,4,6,"[""Art/Textures/Interface/LoadingImages/CaravanLandscape.dds""]",[2919],[4324],6,[388],86,600,"","",[],[],[],[],"",[],"","",[],0,"",100,0,"",20,30,648,28,20,32,92,120,20,26,0,[1130],"","",20,36,26,28,20,38,20,32,20,26,0,"",[],"","","",20,36,26,28,20,38,20,32,20,26,0,2,1355,36000,"",0,0,"",1,52,4000,3000,[],32,15,0,0,"","",0,"",[],[0],[0],[],4205,"","","","","","","","","","",0,0,""
106,"G2_12_1","The Dreadnought","Le Cuirassé","Die Festungskarawane","ドレッドノート","드레드노트","O Couraçado","Дредноут","El acorazado","คาราวานประจัญบาน","無畏隊",2,"",1,"[86,107]",31,-15414,4,6,"[""Art/Textures/Interface/LoadingImages/CaravanLandscape.dds""]",[2920],[4582],6,"[389,390,391,392,393,394,395,396]",86,600,"","",[],[],[],[],"",[],"","",[],0,"",100,0,"",20,30,20,28,20,122,92,8338,20,26,0,[1130],"","",20,36,26,28,20,38,20,32,20,26,0,"",[],"","","",20,36,26,28,20,38,20,32,20,26,0,2,1356,18000,"",0,0,"",1,52,5500,2000,[],33,15,0,0,74,"",0,"",[],"[0,66,34]","[54,46]",[],4205,"War Caravan of the Faridun","Caravane de guerre des Fariduns","Kriegskarawane der Faridun","ファリドゥンの戦用キャラバン","파리둔의 전쟁 카라반","Caravana de Guerra dos Faridun","Боевой караван фаридунцев","La caravana de guerra de los faridun","คาราวานสงครามแห่งชาวฟาริดัน","法里登的戰爭車隊",0,0,""
107,"G2_12_2","Dreadnought Vanguard","Avant-garde du Cuirassé","Vorhut der Festungskarawane","ドレッドノートの前衛","드레드노트 선봉대","Vanguarda do Couraçado","Авангард Дредноута","Vanguardia del acorazado","กองหน้าคาราวานประจัญบาน","無畏隊先鋒",2,"",1,"[106,126]",32,-16761,4,6,"[""Art/Textures/Interface/LoadingImages/CaravanLandscape.dds""]",[2923],[4582],6,[397],86,600,"","",[1238],[],[],[],"",[],"","",[],0,"",100,0,"",20,124,20,28,20,122,92,120,20,26,0,[1130],"","",20,36,26,28,20,38,20,32,20,26,0,"",[],"","","",20,36,26,28,20,38,20,32,20,26,0,2,1359,18000,"",0,0,"",1,52,6500,1000,[],34,15,0,0,74,"",0,"",[],"[0,66,34]","[54,46]",[],4205,"Forward carts of the Risen King","Les chars avancés du Roi ressuscité","Wagen des auferstandenen Königs","蘇りし王の前衛車","일어난 왕의 전방 수레","Carros dianteiros do Rei Erguido","Передовые повозки Восставшего Царя","Los carros de avanzada del rey ascendido","รถเข็นเบื้องหน้าของกษัตริย์ผู้คืนชีพ","崛起之王的行進推車",0,0,""
108,"G2_13","Trial of the Sekhemas","L'Épreuve des Sekhemas","Prüfung der Sekhemas","セケマの試練","세케마의 시련","Provação das Sekhemas","Испытание Сехем","Prueba de las sekhemas","บททดสอบแห่งเซ็คเคมา","絲克瑪試煉",2,"",1,[86],22,-5538,4,6,"[""Art/Textures/Interface/LoadingImages/TrialofSekhemas.dds""]",[2921],[4882],6,[399],86,600,"","",[],[],[],[],"",[],"","",[],0,"",100,0,"",20,124,20,28,20,122,162,120,20,26,0,[1130],"","",20,36,26,28,20,38,20,32,20,26,0,"",[],"","","",20,36,26,28,20,38,20,32,20,26,0,32,1363,36000,"",0,0,"",1,52,0,0,[],54,15,0,0,69,"",0,"",[],[0],[0],[],4205,"The Winter Sekhema designed a Great Trial to challenge the worthy","Le Sekhema de l'hiver a conçu une grande Épreuve pour juger de votre valeur.","Die Winter-Sekhema entwarf eine Große Prüfung, um die Würdigen herauszufordern","冬のセケマは相応しき者を試すため大いなる試練を創った","겨울의 세케마는 자격 있는 자를 시험하기 위해 시련을 고안했습니다","A Sekhema do Inverno projetou um Grande Julgamento para desafiar os dignos ","Великое испытание Сехемы Зимы отделит зёрна от плевел","La sekhema de invierno diseñó una gran prueba para retar a los dignos","เซ็คเคมาเหมันต์ออกแบบบททดสอบอันยิ่งใหญ่ เพื่อท้าทายผู้ที่คู่ควร","古時絲克瑪在火焰中鑄造之處",0,0,""
109,"Sanctum_1","Trial of the Sekhemas","L'Épreuve des Sekhemas","Prüfung der Sekhemas","セケマの試練","세케마의 시련","Provação das Sekhemas","Испытание Сехем","Prueba de las sekhemas","บททดสอบแห่งเซ็คเคมา","絲克瑪試煉",2,"","",[],22,-4291,4,6,"[""Art/Textures/Interface/LoadingImages/TrialofSekhemas.dds""]",[],[],6,[400],86,600,"","",[619],[],[],[],"",[],"","",[],0,"",100,0,"",20,30,20,28,20,8004,162,120,20,26,0,[],"","",20,36,26,28,20,38,20,32,20,26,0,"",[],"","","",20,36,26,28,20,38,20,32,20,26,0,30,1368,36000,7,0,0,1,1,52,10000,10000,[],0,15,0,0,"","",0,"",[],"[0,40,30,10]","[50,50]",[],4205,"","","","","","","","","","",0,0,""
110,"Sanctum_1_Foyer_1","Trial of the Sekhemas","L'Épreuve des Sekhemas","Prüfung der Sekhemas","セケマの試練","세케마의 시련","Provação das Sekhemas","Испытание Сехем","Prueba de las sekhemas","บททดสอบแห่งเซ็คเคมา","絲克瑪試煉",2,"","",[],22,23273,4,6,"[""Art/Textures/Interface/LoadingImages/TrialofSekhemas.dds""]",[4987],[],6,[401],86,600,"","",[],[],[],[],"",[],"","",[],0,"",100,0,"",20,30,20,28,20,8004,162,120,20,26,0,[],"","",20,36,26,28,20,38,20,32,20,26,0,"",[],"","","",20,36,26,28,20,38,20,32,20,26,0,30,1368,36000,"",0,0,1,1,52,0,0,[],0,15,0,0,"","",0,"",[],[0],[0],[],4205,"","","","","","","","","","",0,0,""
111,"Sanctum_1_Foyer_2","Trial of the Sekhemas","L'Épreuve des Sekhemas","Prüfung der Sekhemas","セケマの試練","세케마의 시련","Provação das Sekhemas","Испытание Сехем","Prueba de las sekhemas","บททดสอบแห่งเซ็คเคมา","絲克瑪試煉",2,"","",[],22,14529,4,6,"[""Art/Textures/Interface/LoadingImages/TrialofSekhemas.dds""]",[],[],6,[402],86,600,"","",[],[],[],[],"",[],"","",[],0,"",100,0,"",20,30,20,28,20,8004,162,120,20,26,0,[],"","",20,36,26,28,20,38,20,32,20,26,0,"",[],"","","",20,36,26,28,20,38,20,32,20,26,0,30,1368,36000,"",0,0,1,1,52,0,0,[],0,15,0,0,"","",0,"",[],[0],[0],[],4205,"","","","","","","","","","",0,0,""
112,"Sanctum_1_Foyer_3","Trial of the Sekhemas","L'Épreuve des Sekhemas","Prüfung der Sekhemas","セケマの試練","세케마의 시련","Provação das Sekhemas","Испытание Сехем","Prueba de las sekhemas","บททดสอบแห่งเซ็คเคมา","絲克瑪試煉",2,"","",[],22,-20244,4,6,"[""Art/Textures/Interface/LoadingImages/TrialofSekhemas.dds""]",[],[],6,[403],86,600,"","",[],[],[],[],"",[],"","",[],0,"",100,0,"",20,30,20,28,20,8004,162,120,20,26,0,[],"","",20,36,26,28,20,38,20,32,20,26,0,"",[],"","","",20,36,26,28,20,38,20,32,20,26,0,30,1368,36000,"",0,0,1,1,52,0,0,[],0,15,0,0,"","",0,"",[],[0],[0],[],4205,"","","","","","","","","","",0,0,""
113,"Sanctum_2","Trial of the Sekhemas","L'Épreuve des Sekhemas","Prüfung der Sekhemas","セケマの試練","세케마의 시련","Provação das Sekhemas","Испытание Сехем","Prueba de las sekhemas","บททดสอบแห่งเซ็คเคมา","絲克瑪試煉",2,"","",[],22,32722,4,6,"[""Art/Textures/Interface/LoadingImages/TrialofSekhemas.dds""]",[],[],6,[405],86,600,"","","[1444,1445]",[],[],[],"",[],"","",[],0,"",100,0,"",20,30,20,28,20,8004,162,120,20,26,0,[],"","",20,36,26,28,20,38,20,32,20,26,0,"",[],"","","",20,36,26,28,20,38,20,32,20,26,0,30,1370,36000,7,0,0,1,1,52,10000,10000,[],0,15,0,0,"","",0,"",[],"[0,40,30,10]","[50,50]",[],4205,"","","","","","","","","","",0,0,""
114,"Sanctum_2_Foyer_1","Trial of the Sekhemas","L'Épreuve des Sekhemas","Prüfung der Sekhemas","セケマの試練","세케마의 시련","Provação das Sekhemas","Испытание Сехем","Prueba de las sekhemas","บททดสอบแห่งเซ็คเคมา","絲克瑪試煉",2,"","",[],22,23085,4,6,"[""Art/Textures/Interface/LoadingImages/TrialofSekhemas.dds""]",[],[],6,[405],86,600,"","",[],[],[],[],"",[],"","",[],0,"",100,0,"",20,30,20,28,20,8004,162,120,20,26,0,[],"","",20,36,26,28,20,38,20,32,20,26,0,"",[],"","","",20,36,26,28,20,38,20,32,20,26,0,30,1370,36000,"",0,0,1,1,52,0,0,[],0,15,0,0,"","",0,"",[],[0],[0],[],4205,"","","","","","","","","","",0,0,""
115,"Sanctum_2_Foyer_2","Trial of the Sekhemas","L'Épreuve des Sekhemas","Prüfung der Sekhemas","セケマの試練","세케마의 시련","Provação das Sekhemas","Испытание Сехем","Prueba de las sekhemas","บททดสอบแห่งเซ็คเคมา","絲克瑪試煉",2,"","",[],22,-16031,4,6,"[""Art/Textures/Interface/LoadingImages/TrialofSekhemas.dds""]",[],[],6,[406],86,600,"","",[],[],[],[],"",[],"","",[],0,"",100,0,"",20,30,20,28,20,8004,162,120,20,26,0,[],"","",20,36,26,28,20,38,20,32,20,26,0,"",[],"","","",20,36,26,28,20,38,20,32,20,26,0,30,1370,36000,"",0,0,1,1,52,0,0,[],0,15,0,0,"","",0,"",[],[0],[0],[],4205,"","","","","","","","","","",0,0,""
116,"Sanctum_2_Foyer_3","Trial of the Sekhemas","L'Épreuve des Sekhemas","Prüfung der Sekhemas","セケマの試練","세케마의 시련","Provação das Sekhemas","Испытание Сехем","Prueba de las sekhemas","บททดสอบแห่งเซ็คเคมา","絲克瑪試煉",2,"","",[],22,18324,4,6,"[""Art/Textures/Interface/LoadingImages/TrialofSekhemas.dds""]",[],[],6,[407],86,600,"","",[],[],[],[],"",[],"","",[],0,"",100,0,"",20,30,20,28,20,8004,162,120,20,26,0,[],"","",20,36,26,28,20,38,20,32,20,26,0,"",[],"","","",20,36,26,28,20,38,20,32,20,26,0,30,1370,36000,"",0,0,1,1,52,0,0,[],0,15,0,0,"","",0,"",[],[0],[0],[],4205,"","","","","","","","","","",0,0,""
117,"Sanctum_3","Trial of the Sekhemas","L'Épreuve des Sekhemas","Prüfung der Sekhemas","セケマの試練","세케마의 시련","Provação das Sekhemas","Испытание Сехем","Prueba de las sekhemas","บททดสอบแห่งเซ็คเคมา","絲克瑪試煉",2,"","",[],22,19697,4,6,"[""Art/Textures/Interface/LoadingImages/TrialofSekhemas.dds""]",[],[],6,[408],86,600,"","",[1447],[],[],[],"",[],"","",[],0,"",100,0,"",20,30,20,28,20,8004,162,120,20,26,0,[],"","",20,36,26,28,20,38,20,32,20,26,0,"",[],"","","",20,36,26,28,20,38,20,32,20,26,0,30,1372,36000,7,0,0,1,1,52,10000,10000,[],0,15,0,0,"","",0,"",[],"[0,40,30,10]","[50,50]",[],4205,"","","","","","","","","","",0,0,""
118,"Sanctum_3_Foyer_1","Trial of the Sekhemas","L'Épreuve des Sekhemas","Prüfung der Sekhemas","セケマの試練","세케마의 시련","Provação das Sekhemas","Испытание Сехем","Prueba de las sekhemas","บททดสอบแห่งเซ็คเคมา","絲克瑪試煉",2,"","",[],22,-27971,4,6,"[""Art/Textures/Interface/LoadingImages/TrialofSekhemas.dds""]",[],[],6,[409],86,600,"","",[],[],[],[],"",[],"","",[],0,"",100,0,"",20,30,20,28,20,8004,162,120,20,26,0,[],"","",20,36,26,28,20,38,20,32,20,26,0,"",[],"","","",20,36,26,28,20,38,20,32,20,26,0,30,1372,36000,"",0,0,1,1,52,0,0,[],0,15,0,0,"","",0,"",[],[0],[0],[],4205,"","","","","","","","","","",0,0,""
119,"Sanctum_3_Foyer_2","Trial of the Sekhemas","L'Épreuve des Sekhemas","Prüfung der Sekhemas","セケマの試練","세케마의 시련","Provação das Sekhemas","Испытание Сехем","Prueba de las sekhemas","บททดสอบแห่งเซ็คเคมา","絲克瑪試煉",2,"","",[],22,-12674,4,6,"[""Art/Textures/Interface/LoadingImages/TrialofSekhemas.dds""]",[],[],6,[410],86,600,"","",[],[],[],[],"",[],"","",[],0,"",100,0,"",20,30,20,28,20,8004,162,120,20,26,0,[],"","",20,36,26,28,20,38,20,32,20,26,0,"",[],"","","",20,36,26,28,20,38,20,32,20,26,0,30,1372,36000,"",0,0,1,1,52,0,0,[],0,15,0,0,"","",0,"",[],[0],[0],[],4205,"","","","","","","","","","",0,0,""
120,"Sanctum_3_Foyer_3","Trial of the Sekhemas","L'Épreuve des Sekhemas","Prüfung der Sekhemas","セケマの試練","세케마의 시련","Provação das Sekhemas","Испытание Сехем","Prueba de las sekhemas","บททดสอบแห่งเซ็คเคมา","絲克瑪試煉",2,"","",[],22,-27333,4,6,"[""Art/Textures/Interface/LoadingImages/TrialofSekhemas.dds""]",[],[],6,[411],86,600,"","",[],[],[],[],"",[],"","",[],0,"",100,0,"",20,30,20,28,20,8004,162,120,20,26,0,[],"","",20,36,26,28,20,38,20,32,20,26,0,"",[],"","","",20,36,26,28,20,38,20,32,20,26,0,30,1372,36000,"",0,0,1,1,52,0,0,[],0,15,0,0,"","",0,"",[],[0],[0],[],4205,"","","","","","","","","","",0,0,""
121,"Sanctum_4","Trial of the Sekhemas","L'Épreuve des Sekhemas","Prüfung der Sekhemas","セケマの試練","세케마의 시련","Provação das Sekhemas","Испытание Сехем","Prueba de las sekhemas","บททดสอบแห่งเซ็คเคมา","絲克瑪試煉",2,"","",[],22,-19576,4,6,"[""Art/Textures/Interface/LoadingImages/TrialofSekhemas.dds""]",[],[],6,[412],86,600,"","",[795],[],[],[],"",[],"","",[],0,"",100,0,"",20,30,20,28,20,8004,162,120,20,26,0,[],"","",20,36,26,28,20,38,20,32,20,26,0,"",[],"","","",20,36,26,28,20,38,20,32,20,26,0,30,1374,36000,7,0,0,1,1,52,10000,10000,[],0,15,0,0,"","",0,"",[],"[0,40,30,10]","[50,50]",[],4205,"","","","","","","","","","",0,0,""
122,"Sanctum_4_Foyer_1","Trial of the Sekhemas","L'Épreuve des Sekhemas","Prüfung der Sekhemas","セケマの試練","세케마의 시련","Provação das Sekhemas","Испытание Сехем","Prueba de las sekhemas","บททดสอบแห่งเซ็คเคมา","絲克瑪試煉",2,"","",[],22,17675,4,6,"[""Art/Textures/Interface/LoadingImages/TrialofSekhemas.dds""]",[],[],6,[413],86,600,"","",[],[],[],[],"",[],"","",[],0,"",100,0,"",20,30,20,28,20,8004,162,120,20,26,0,[],"","",20,36,26,28,20,38,20,32,20,26,0,"",[],"","","",20,36,26,28,20,38,20,32,20,26,0,30,1374,36000,"",0,0,1,1,52,0,0,[],0,15,0,0,"","",0,"",[],[0],[0],[],4205,"","","","","","","","","","",0,0,""
123,"Sanctum_4_Foyer_2","Trial of the Sekhemas","L'Épreuve des Sekhemas","Prüfung der Sekhemas","セケマの試練","세케마의 시련","Provação das Sekhemas","Испытание Сехем","Prueba de las sekhemas","บททดสอบแห่งเซ็คเคมา","絲克瑪試煉",2,"","",[],22,-22515,4,6,"[""Art/Textures/Interface/LoadingImages/TrialofSekhemas.dds""]",[],[],6,[414],86,600,"","",[],[],[],[],"",[],"","",[],0,"",100,0,"",20,30,20,28,20,8004,162,120,20,26,0,[],"","",20,36,26,28,20,38,20,32,20,26,0,"",[],"","","",20,36,26,28,20,38,20,32,20,26,0,30,1374,36000,"",0,0,1,1,52,0,0,[],0,15,0,0,"","",0,"",[],[0],[0],[],4205,"","","","","","","","","","",0,0,""
124,"Sanctum_4_Foyer_3","Trial of the Sekhemas","L'Épreuve des Sekhemas","Prüfung der Sekhemas","セケマの試練","세케마의 시련","Provação das Sekhemas","Испытание Сехем","Prueba de las sekhemas","บททดสอบแห่งเซ็คเคมา","絲克瑪試煉",2,"","",[],22,-26084,4,6,"[""Art/Textures/Interface/LoadingImages/TrialofSekhemas.dds""]",[],[],6,[415],86,600,"","",[],[],[],[],"",[],"","",[],0,"",100,0,"",20,30,20,28,20,8004,162,120,20,26,0,[],"","",20,36,26,28,20,38,20,32,20,26,0,"",[],"","","",20,36,26,28,20,38,20,32,20,26,0,30,1374,36000,"",0,0,1,1,52,0,0,[],0,15,0,0,"","",0,"",[],[0],[0],[],4205,"","","","","","","","","","",0,0,""
125,"G3_town","Ziggurat Encampment","Campement de la Ziggourat","Zikkurat-Lager","ジッグラトの野営地","지구라트 야영지","Acampamento Zigurate","Лагерь на зиккурате","Campamento del zigurat","ค่ายซิกกุรัต","高地神塔營地",3,1,1,"[126,129,140,142,135,140,147,140]",44,-3603,0,0,"[""Art/Textures/Interface/LoadingImages/Act3Sacrifice.dds""]",[3641],[4586],32,[416],"",900,"","",[],[],[],[],"",[],"","",[],0,1,100,0,"",20,30,164,28,20,32,92,8338,20,26,0,[169],"","",20,36,26,28,20,38,20,32,20,26,0,"",[],"","","",20,36,26,28,20,38,20,32,20,26,0,1,1436,0,9,0,0,"",1,52,0,0,[],0,15,0,0,"","",0,"",[],[0],[0],[],4205,"A haven provides refuge from the jungle","Un havre de paix offrant refuge à l'hostilité de la jungle","Ein Zufluchtsort bietet Schutz vor dem Dschungel ","安全地帯がジャングルの避難所となっている","사람들은 이곳에서 밀림의 위험을 피합니다","Um refúgio oferece abrigo da selva ","Убежище, защищающее от опасностей джунглей","Un lugar que ofrece refugio de la jungla","ที่หลบภัยให้รอดพ้นจากป่าดงดิบ","叢林中唯一的庇蔭",0,0,""
126,"G3_1","Sandswept Marsh","Le Marécage ensablé","Sandgetränkte Sümpfe","砂原の沼地","모래에 휩쓸린 습지","Pântano Arenoso","Занесённое песком болото","Ciénaga de arena","บึงพัดทราย","風沙沼澤",3,"",1,"[86,125]",33,31468,4,6,"[""Art/Textures/Interface/LoadingImages/Act3Sacrifice.dds""]",[3640],[4586],6,"[417,418,419,420,421,422,423,424]","",900,"","",[803],[],[],[],"",[],"","",[],0,"",100,0,"",20,30,1048,28,20,32,162,120,20,26,0,"[169,1129]","","",20,36,26,28,20,38,20,32,20,26,0,"",[],"","","",20,36,26,28,20,38,20,32,20,26,0,2,1393,26000,"",0,0,"",1,52,4500,0,[],35,15,0,0,"","",0,"",[],"[0,0,55,45]","[92,8]",[],4205,"Where thick waters stir with the rising dead","Là où les eaux épaisses s'agitent lorsque les morts se réveillent","Wo zähflüssige Gewässer sich mit den aufsteigenden Toten rühren","どろりとした水面が蘇る死者で揺れる場所","이곳의 걸쭉한 물은 일어나는 망자들로 흔들립니다","Onde águas densas se agitam com os mortos que se erguem ","Вязкие воды – царство беспокойных мертвецов","Donde las espesas aguas se agitan con muertos vivientes","ถิ่นที่หนองน้ำข้นหนืดขยับไปด้วยศพคืนชีพ","深水隨著復生死者攪動之處",0,0,""
127,"G3_2_1","Infested Barrens","Landes infestées","Verseuchtes Brachland","害虫の荒れ地","들끓는 불모지","Terras Infestadas","Заражённые земли","Yermo infestado","แดนแมลงรังควาน","感染荒地",3,"",1,"[129,131,128,134]",35,-4228,4,6,"[""Art/Textures/Interface/LoadingImages/Act3Sacrifice.dds""]",[3642],[4586],6,"[425,426,427,428,429,430,431,432,433]",125,1440,"","",[],[],[],[],"",[],"","",[],0,"",100,0,"",20,13970,1048,28,20,24416,10694,8338,20,26,0,"[169,1129]","","",20,36,26,28,20,38,20,32,20,26,0,"",[],"","","",20,36,26,28,20,38,20,32,20,26,0,2,1395,31000,"",0,0,"",1,52,6000,5000,[],36,15,0,0,"","",0,"",[],"[0,0,55,45]","[92,8]",[],4205,"Where the jungle gives way to colonies and hives","Là où la jungle laisse place à des colonies et des ruches","Wo der Dschungel Kolonien und Schwärmen weicht","生い茂るジャングルが蟲たちに道を譲る場所","밀림이 물러나면서 군락지와 벌집이 나타나는 곳","Onde a selva dá lugar a colônias e colmeias ","Густой лес теснят колонии и ульи","Donde la jungla abre paso a colonias y colmenas","ป่าดงดิบกลับอุดมไปด้วยรังแมลง","叢林成為殖民地與窩巢之處",0,0,""
128,"G3_2_2","The Matlan Waterways","L'Aqueduc de Matlan","Die Matlan-Wasserwege","マトラン水路","마틀란 수로","As Hidrovias Matlan","Водотоки Матлан","Los canales de Matlan","ทางน้ำมาตลาน","瑪特蘭水道",3,"","",[127],39,22464,4,6,"[""Art/Textures/Interface/LoadingImages/Act3Sacrifice.dds""]",[3804],[3854],6,[434],125,900,"","",[],[],[],[],"",[],"","",[],0,"",100,0,"",20,30,1048,28,20,24416,16402,13132,20,26,0,"[169,1129]","","",20,36,26,28,20,38,20,32,20,26,0,"",[],"","","",20,36,26,28,20,38,20,32,20,26,0,2,1396,42500,"",0,0,"",1,52,7500,5000,[],37,15,0,0,"","",0,"",[],"[0,5,95]","[52,48]",[],4205,"Seed of Utzaal's birth and death","Graine de la naissance et de la mort d'Utzaal","Die Saat von Utzaals Geburt und Tod","ウトザールの誕生と死の種","웃자알의 탄생과 죽음의 씨앗","Semente do nascimento e morte de Utzaal ","Семя рождения и смерти Утцааля","La semilla del nacimiento y la muerte de Utzaal","เมล็ดพันธุ์แห่งการเกิดและตายของอุทซาล","奧札爾的生死之種",0,0,""
129,"G3_3","Jungle Ruins","Ruines de la jungle","Dschungelruinen","ジャングルの遺跡","밀림 유적","Ruínas da Selva","Развалины в джунглях","Ruinas de la jungla","ซากปรักหักพังป่าดงดิบ","叢林遺跡",3,"",1,"[125,127,130]",34,-27079,4,6,"[""Art/Textures/Interface/LoadingImages/Act3Sacrifice.dds""]",[3750],[4586],6,"[435,436,437,438,439,440,441,442,443,444,445]",125,1440,"","",[863],[],[],[],"",[],"","",[],0,"",100,0,"",20,13970,1048,28,20,24416,10694,14106,20,26,0,"[169,1129]","","",20,36,26,28,20,38,20,32,20,26,0,"",[],"","","",20,36,26,28,20,38,20,32,20,26,0,2,1397,38000,"",0,0,"",1,52,4400,0,[],38,15,0,0,"","",0,"",[],"[0,0,55,45]","[92,8]",[],4205,"The jungle thrives amongst overgrown structures","La jungle prospère au milieu des structures envahies par la végétation","Der Dschungel gedeiht zwischen überwucherten Strukturen","ジャングルは植物に覆われた建物の間で生い茂る","밀림이 자라나며 초목이 구조물들을 뒤덮었습니다","A selva prospera entre estruturas cobertas de vegetação","Цивилизация пала под натиском джунглей","La jungla florece entre las estructuras cubiertas de vegetación","ป่าดงดิบเติบโตท่ามกลางสิ่งก่อสร้างที่ถูกพืชปกคลุม","曾是數千人群的家，如今雜草叢生",0,0,""
130,"G3_4","The Venom Crypts","Les Cryptes du Venin","Die Giftgrüfte","毒の地下聖堂","독액 지하실","As Criptas Venenosas","Ядовитые крипты","Las criptas venenosas","สุสานอสรพิษ","劇毒墓穴",3,"","",[129],35,32723,4,6,"[""Art/Textures/Interface/LoadingImages/Act3Sacrifice.dds""]",[3751],[4586],6,"[446,447,448,449]",125,900,"","",[],[],[],[],"",[],"","",[],0,"",100,0,"",20,13970,20,28,20,24416,10694,14106,20,26,0,"[169,1129]","","",20,36,26,28,20,38,20,32,20,26,0,"",[],"","","",20,36,26,28,20,38,20,32,20,26,0,2,1399,33000,"",0,0,"",1,52,8000,3000,[],39,15,0,0,"","",0,"",[],"[0,5,95]","[22,78]",[],4205,"Graves that once held nobility now slither and bite","Les tombes qui abritaient autrefois la noblesse sont aujourd'hui rampantes et mordantes.","Gräber, die früher Adel beherbergten, werden nun umschlängelt","かつて貴族が眠っていた墓所は今這いずり噛みつく","한때 귀족이 잠들었던 무덤이 이제 꿈틀거리며 독니를 드러냅니다","Túmulos que antes continham nobreza agora se arrastam e mordem","На могилах аристократов поселились ползучие гады","Las tumbas que una vez albergaron a la nobleza, ahora se arrastran y muerden","หลุมศพที่เคยมีร่างขุนนางกลับเลื้อยมากัด","傾倒的堯馬克神殿的大廳之下",0,0,""
131,"G3_5","Chimeral Wetlands","Les Marécages des Chimérals","Feuchtlande der Chimären","キメラの湿地","키메랄 습지대","Pantanal Quimérico","Топи химеридов","Humedales de las quimerinas","ป่าชุ่มน้ำไคมีรัล","龍蜥濕地",3,"",1,"[127,132,138]",36,14056,4,6,"[""Art/Textures/Interface/LoadingImages/Act3Sacrifice.dds""]",[3752],[4586],6,"[450,451,452,453,454,455,456,457,458,459,460,461,462,463,464,465,466,467,468,469,470,471,472,473,474,475,476,477,478,479,480,481,482,483,484,485,486,487,488,489]",125,900,"","",[275],[],[],[],"",[],"","",[],0,"",100,0,"",20,13024,1048,28,20,32,10694,13132,20,26,0,"[169,1129]","","",20,36,26,28,20,38,20,32,20,26,0,"",[],"","","",20,36,26,28,20,38,20,32,20,26,0,2,1401,40000,"",0,0,"",1,52,7000,5000,[],40,15,0,0,"","",0,"",[],"[0,0,55,45]","[92,8]",[],4205,"Where beauty and death become one","Là où la beauté et la mort s'entremêlent sans effort","Wo Schönheit und Tod eins werden","美と死が一つになる場所","아름다움과 죽음이 하나 되는 곳","Onde a beleza e a morte se tornam uma só ","Красота и смерть идут рука об руку","Donde se unen la belleza y la muerte","ถิ่นที่ความงามและความตายกลายเป็นหนึ่ง","美麗與死亡合而為一之處",0,0,""
132,"G3_6_1","Jiquani's Machinarium","Machinarium de Jiquani","Jiquanis Machinarium","ジクアニのマシナリウム","지콰니의 기계실","Maquinário de Jiquani","Машинариум Джиквани","Taller de máquinas de Jiquani","สถานจักรกลฮิคัวนี","吉卡尼的機械迷城",3,"",1,"[131,133]",37,-18411,4,6,"[""Art/Textures/Interface/LoadingImages/Act3Sacrifice.dds""]",[3753],[4586],6,"[490,491,492,493,494,495,496,497,498,499,500,501]",125,900,"","",[907],[],[],[],"",[],"","",[],0,"",100,0,"",20,30,164,28,20,32,92,8338,20,26,0,"[63,1129]","","",20,36,26,28,20,38,20,32,20,26,0,"",[],"","","",20,36,26,28,20,38,20,32,20,26,0,2,1403,42000,"",0,0,"",1,52,8000,6000,[],41,15,0,0,"","",0,"",[],"[0,0,55,45]","[92,8]",[],4205,"Where the Architect of Industry bestowed life unto stone","Là où l'Architecte de l'Industrie des Vaal a donné vie à des décombres","Wo der Architekt der Industrie dem Stein Leben schenkte","工業のヴァール・アーキテクトが瓦礫に命を与えた場所","산업의 건축가가 돌덩이에 생명을 불어넣은 곳","Onde o Arquiteto da Indústria concedeu vida à pedra ","Архитектор производства даровал жизнь камню","Donde el arquitecto de la industria dio vida a la piedra","ถิ่นที่สถาปนิกวาล์แห่งอุตสาหกรรมมอบชีวิตแก่ก้อนหิน","工業建師為石頭灌注生命之處",0,0,""
133,"G3_6_2","Jiquani's Sanctum","Sanctuaire de Jiquani","Jiquanis Heiligtum","ジクアニの聖所","지콰니의 지성소","Santuário de Jiquani","Святилище Джиквани","Santuario de Jiquani","สถานพำนักฮิคัวนี","吉卡尼的聖域",3,"",1,[132],38,21926,4,6,"[""Art/Textures/Interface/LoadingImages/Act3Sacrifice.dds""]",[3754],[3916],6,"[502,503,504,505]",125,900,"","",[1281],[],[],[],"",[],"","",[],0,"",100,0,"",20,30,164,28,20,32,162,8338,20,26,0,"[63,1129]","","",20,36,26,28,20,38,20,32,20,26,0,"",[],"","","",20,36,26,28,20,38,20,32,20,26,0,2,1405,55000,"",0,0,"",1,52,10000,8000,[],42,15,0,0,"","",0,"",[],"[0,5,95]","[22,78]",[],4205,"Seat of Jiquani's rise to power","Siège de la montée au pouvoir de Jiquani","Sitz von Jiquanis Aufstieg zur Macht","ジクアニの権力獲得の座","지콰니가 권력을 손에 넣은 곳","Trono da ascensão de Jiquani ao poder ","Именно здесь Джиквани прославился по всему царству","La sede del ascenso al poder de Jiquani","ที่นั่งที่นำพาอำนาจให้แก่ฮิคัวนี","吉卡尼崛起掌權的座位",0,0,""
134,"G3_7","The Azak Bog","Le Marais des Azaks","Das Azak-Moor","アザク湿原","아자크 습지대","O Pântano Azak","Болото Азак","El pantano de los azak","พรุอาซัค","阿札克泥沼",3,"",1,[127],36,21758,4,6,"[""Art/Textures/Interface/LoadingImages/Act3Sacrifice.dds""]",[3767],[4586],6,"[506,507,509,508]",125,900,"","",[912],[],[],[],"",[],"","",[],0,"",100,0,"",20,30,164,28,20,32,162,8338,20,26,0,"[169,1129]","","",20,36,26,28,20,38,20,32,20,26,0,"",[],"","","",20,36,26,28,20,38,20,32,20,26,0,2,1408,34000,"",0,0,"",1,52,7000,5000,[],43,15,0,0,"","",0,"",[],"[0,5,95]","[92,8]",[],4205,"Home of the merciless Azak savages","Le pays des impitoyables sauvages Azak","Heimat der erbarmungslosen Azak-Wilden","無慈悲なるアザクの蛮族たちの住処","무자비한 아자크 야만족의 터전","Lar dos implacáveis ​​selvagens Azak","Дом безжалостных дикарей Азак","El hogar de los despiadados y salvajes azak","บ้านของคนเถื่อนอาซัคแสนอำมหิต","阿札克無情暴徒的家園",0,0,""
135,"G3_8","The Drowned City","La Cité engloutie","Die Versunkene Stadt","沈んだ都市","물에 잠긴 도시","A Cidade Submersa","Затопленный город","La ciudad sumergida","นครจมน้ำ","淹沒之城",3,"",1,"[125,136,139]",40,-29986,4,6,"[""Art/Textures/Interface/LoadingImages/Act3Sacrifice.dds""]",[3768],[3848],6,"[510,511,512,513,1247,1248]",125,1440,"","",[],[],[],[],"",[],"","",[],0,"",100,0,"",20,124,20,28,20,8004,92,120,20,26,0,"[169,1129]","","",20,36,26,28,20,38,20,32,20,26,0,"",[],"","","",20,36,26,28,20,38,20,32,20,26,0,2,1411,72500,"",0,0,"",1,52,16000,0,[],44,15,0,0,"","",0,"",[],"[0,5,95]","[92,8]",[],4205,"Utzaal the drowned is now revealed","Utzaal l'engloutie est maintenant révélée","Utzaal, erst untergegangen, nun wieder da","水没せしウトザールが今現れる","물에 잠긴 웃자알이 모습을 드러냅니다","Utzaal, o submerso, agora está revelado","Затопленный Утцааль наконец обнажился","Utzaal, la sumergida, ahora se ha revelado","อุทซาลจมน้ำปรากฏแก่โลกา","瓦爾的最後一個偉大遺物",0,0,""
136,"G3_9","The Molten Vault","La Chambre forte magmatique","Das Geschmolzene Gewölbe","溶融した宝物庫","녹아내린 금고","O Cofre Derretido","Расплавленные залы","La cámara fundida","พระคลังหลอมเหลว","熔岩寶庫",3,"",1,[135],41,-19848,4,6,"[""Art/Textures/Interface/LoadingImages/Act3Sacrifice.dds""]",[3769],[3848],6,[514],125,900,"","",[1161],[],[],[],"",[],"","",[],0,"",100,0,"",20,124,164,28,20,8004,16402,120,20,26,0,"[63,1129]","","",20,36,26,28,20,38,20,32,20,26,0,"",[],"","","",20,36,26,28,20,38,20,32,20,26,0,2,1412,36000,"",0,0,"",1,52,24000,0,[],45,15,0,0,"","",0,"",[],"[0,5,95]","[0,92,8]",[],4205,"Forge of the forgotten wealth of Kamasa","Forge de la richesse oubliée de Kamasa","Schmiede des vergessenen Reichtums von Kamasa","カマサの忘れられし富の鍛冶場","카마사의 잊힌 보물이 제련되는 대장간","Forja da riqueza esquecida de Kamasa ","Здесь ковались несметные богатства Камасы","La forja de la riqueza olvidada de Kamasa","โรงหลอมแห่งทรัพย์สมบัติที่ถูกลืมของคามาซา","卡瑪薩久經遺亡財富的熔爐",0,0,""
137,"G3_10","The Trial of Chaos","L'Épreuve de Chaos","Die Prüfung des Chaos","カオスの試練","혼돈의 시련","Provação do Caos","Испытание Хаоса","La Prueba de Caos","บททดสอบแห่งเคออส","混沌試煉",3,"","","[138,138,196]",38,-18707,4,6,"[""Art/Textures/Interface/LoadingImages/ChaosTempleTrial.dds""]",[3770],[4586],6,[516],125,900,"","","[279,283,1433,1446]",[],[],[],"",[],"","",[],0,"",100,0,"",20,30,20,28,20,8004,162,120,20,26,0,"[63,1129]","","",20,36,26,28,20,38,20,32,20,26,0,"",[],"","","",20,36,26,28,20,38,20,32,20,26,0,37,1415,35000,5,0,0,1,1,52,0,0,[],46,15,0,0,51,"",0,"",[],[0],[0],[],4205,"Where the Trialmaster tests challengers in the name of Chaos","Là où le Maître des Épreuves teste les prétendants, au nom de Chaos","Wo der Prüfungsmeister Herausforderer im Namen des Chaos prüft","トライアルマスターがカオスの名において挑戦者を試す場所","시련의 대가가 혼돈의 이름으로 도전자를 시험하는 곳","Onde o Mestre da Provação testa desafiantes em nome do Caos ","Здесь Мастер испытаний проверяет претендентов во имя Хаоса","Donde el Maestro de pruebas pone a prueba a los aspirantes en nombre de Caos","ถิ่นที่ผู้คุมบททดสอบทดสอบผู้ท้าทายในนามของเคออส","試煉大師以混沌之名考驗挑戰者之地",0,0,""
138,"G3_10_Airlock","The Temple of Chaos","Le Temple de Chaos","Der Tempel des Chaos","カオスの寺院","혼돈의 사원","O Templo do Caos","Храм Хаоса","El templo de Caos","วิหารเคออส","混沌神殿",3,"",1,"[131,137,137]",38,20596,0,0,"[""Art/Textures/Interface/LoadingImages/ChaosTempleTrial.dds""]",[3770],[4586],6,[515],125,900,"","",[],[],[],[],"",[],"","",[],0,"",100,0,"",20,30,648,28,20,32,92,8338,20,26,0,"[169,1129]","","",20,36,26,28,20,38,20,32,20,26,0,"",[],"","","",20,36,26,28,20,38,20,32,20,26,0,2,1415,35000,"",0,0,"",1,52,0,0,[],0,0,0,0,80,"",0,"",[],[0],[0],[],4205,"Testing grounds for the Vaal High Priests","Terrains d'essais pour les grands prêtres Vaal","Prüfungsgelände für die Hohepriester der Vaal","ヴァールの高位神官の試練場","바알 고위 사제의 실험장","Campos de teste dos Altos Sacerdotes Vaal ","Испытания для верховных жрецов ваал","Campos de pruebas para los altos sacerdotes vaal","สถานที่ทดสอบนักบวชระดับสูงแห่งวาล์","瓦爾大祭司的考驗地點",0,0,""
139,"G3_11","Apex of Filth","Apex des immondices","Gipfel des Unflats","汚物の頂","오물의 정점","Ápice da Imundice","Осквернённая вершина","Ápice de la inmundicia","ยอดแห่งความโสมม","污垢頂峰",3,"",1,[135],41,18969,4,6,"[""Art/Textures/Interface/LoadingImages/Act3Sacrifice.dds""]",[3806],[3848],6,"[517,518,519,520,521,522]",125,900,"","",[1101],[],[],[],"",[],"","",[],0,"",100,0,"",20,30,648,28,20,32,9620,8338,20,26,0,"[169,1129]","","",20,36,26,28,20,38,20,32,20,26,0,"",[],"","","",20,36,26,28,20,38,20,32,20,26,0,2,1427,60000,"",0,0,"",1,52,9000,2000,[],47,15,0,0,"","",0,"",[],"[0,0,55,45]","[92,8]",[],4205,"The rot and mire of unspeakable centuries","La pourriture et la fange de siècles innombrables","Die Fäulnis und der Morast unaussprechlicher Jahrhunderte","言い知れぬ数世紀の腐敗物と泥","수백 년의 끔찍한 세월 동안 쌓인 부패와 진창","A podridão e lama de séculos indescritíveis ","Ил и гниль невыразимых веков","La podredumbre y el fango de siglos indescriptibles","โคลนตมเน่าเปื่อยหมักหมมมาหลายต่อหลายศตวรรษ","無法形容的世代留下的腐水與泥沼",0,0,""
140,"G3_12","Temple of Kopec","Temple de Kopec","Tempel von Kopec","コペク神殿","코펙의 사원","Templo de Kopec","Храм Копека","Templo de Kopec","วิหารโคเปค","科佩克神殿",3,"","","[125,125]",42,-18124,4,6,"[""Art/Textures/Interface/LoadingImages/Act3Sacrifice.dds""]",[3807],[4644],6,"[523,524,525,526,527,528,529,530]",125,900,"","",[1086],[],[],[],"",[],"","",[],0,"",100,0,"",20,124,648,28,20,32,92,8338,20,26,0,"[63,1129]","","",20,36,26,28,20,38,20,32,20,26,0,"",[],"","","",20,36,26,28,20,38,20,32,20,26,0,2,1423,37500,"",0,0,"",1,52,16000,0,[],48,15,0,0,"","",0,"",[],"[0,5,95]","[52,48]",[],4205,"Unfathomable energy resides within the Ziggurat","Une énergie insondable réside dans la Ziggourat","Unfassbare Energie wohnt in der Zikkurat","ジッグラトの中に図り知れぬエネルギーが眠っている","지구라트 안에는 깊이를 알 수 없는 에너지가 깃들어 있습니다","Energia insondável reside dentro do Zigurate","В зиккурате заключена немыслимая энергия","Una energía incomprensible reside en el interior del Zigurat","พลังงานเกินหยั่งถึงสถิตอยู่ในซิกกุรัต","瓦爾科學的燃燒心臟",0,0,""
141,"G_Endgame_Town","The Ziggurat Refuge","Le Refuge de la Ziggourat","Die Zikkurat-Zuflucht","ジッグラトの避難所","지구라트 피난처","O Refúgio Zigurate","Убежище в зиккурате","El refugio del zigurat","ที่หลบภัยซิกกุรัต","高地神塔庇護所",10,1,1,[184],65,6510,0,0,"[""Art/Textures/Interface/LoadingImages/Act3Sacrifice.dds""]",[3808],"[4845,59]",32,[552],"",900,"","",[],[],[],[],"",[],"","",[],0,1,100,0,"",20,124,20,28,20,32,162,8338,20,26,0,[],"","",20,36,26,28,20,38,20,32,20,26,0,"",[],"","","",20,36,26,28,20,38,20,32,20,26,0,1,1428,0,"",0,0,"",1,52,0,0,[],0,0,0,0,"","",0,"",[],[0],[0],[],4205,"Reinforced hideaway from the Cataclysm","Un refuge renforcé contre le Cataclysme","Befestigtes Versteck vor der Katastrophe","大災害からの補強された避難所","대재앙을 피해 숨기 위한 요새","Esconderijo reforçado do Cataclismo","Стены, призванные защитить от Катаклизма","Refugio reforzado de la época del cataclismo","ที่ซ่อนนิรภัยที่มีไว้ต้านทานมหาภัยพิบัติ","躲避浩劫的加固藏身處",0,0,""
142,"G3_14","Utzaal","Utzaal","Utzaal","ウトザール","웃자알","Utzaal","Утцааль","Utzaal","อุทซาล","奧札爾",3,"",1,"[125,144]",43,-29633,4,6,"[""Art/Textures/Interface/LoadingImages/Act3Sacrifice.dds""]",[3809],"[4647,3814]",6,"[531,532,533,534,1245,1246]",125,900,"","",[953],[],[],[],"",[],"","",[],0,"",100,0,"",20,30,164,28,20,8004,92,120,20,26,0,"[169,1129]","","",20,36,26,28,20,38,20,32,20,26,0,"",[],"","","",20,36,26,28,20,38,20,32,20,26,0,2,1429,60000,"",0,0,"",1,52,10000,22000,[],49,15,0,0,"","",0,"",[],"[0,5,95]","[52,48]",[],4205,"The Cradle of Vaal Ambition","Le berceau de l'ambition Vaal","Die Wiege der Ambition der Vaal","ヴァールの野望の揺り籠","바알의 야심의 요람","O Berço da Ambição Vaal ","Колыбель гордыни ваал","La cuna de la ambición vaal","บ่อเกิดความทะยานอยากแห่งวาล์","瓦爾野心的搖籃",0,0,""
143,"G3_15","Library of Kamasa","La Bibliothèque de Kamasa","Bibliothek von Kamasa","カマサの図書館","카마사의 도서관","Biblioteca de Kamasa","Библиотека Камасы","Biblioteca de Kamasa","หอสมุดคามาซา","卡瑪薩圖書館",3,"",1,[],43,-23082,4,6,"[""Art/Textures/Interface/LoadingImages/Act3Sacrifice.dds""]",[3810],[72],6,[535],125,900,"","",[],[],[],[],"",[],"","",[],0,"",100,0,"",20,124,20,28,20,8004,9620,120,20,26,0,"[63,1129]","","",20,36,26,28,20,38,20,32,20,26,0,"",[],"","","",20,36,26,28,20,38,20,32,20,26,0,2,1432,44000,10,0,0,"",1,52,6000,5000,[],50,15,0,0,"","",0,"",[],[0],[0],[],4205,"","","","","","","","","","",0,0,""
144,"G3_16","Aggorat","L'Aggorat","Die Aggorat","アゴラット","아고라트","Aggorat","Аггорат","Aggorat","แอ็กโกแรท","阿戈拉",3,"",1,"[142,145]",44,-5479,4,6,"[""Art/Textures/Interface/LoadingImages/Act3Sacrifice.dds""]",[3811],"[4819,3814]",6,"[536,537,538,539,540,541]",125,900,"","",[],[],[],[],"",[],"","",[],0,"",100,0,"",20,30,20,28,20,32,92,8338,20,26,0,"[169,1129]","","",20,36,26,28,20,38,20,32,20,26,0,"",[],"","","",20,36,26,28,20,38,20,32,20,26,0,2,1433,63000,"",0,0,"",1,52,15000,10000,[],51,15,0,0,"","",0,"",[],"[0,0,55,45]","[22,78]",[],4205,"Salvation sought in beauty and blood","Le salut recherché dans la beauté et le sang","Erlösung sucht in Schönheit und Blut","美と血により求めた救済","아름다움과 피에서 찾는 구원","Salvação buscada na beleza e no sangue ","Спасение, искомое в красоте и крови","Salvación buscada en la belleza y la sangre","แสวงหาการรอดพ้นด้วยความงามและโลหิต","在美麗與鮮血中尋得的救贖",0,0,""
145,"G3_17","The Black Chambers","Les Chambres noires","Die Schwarzen Kammern","黒の間","검은 내실","As Câmaras Sombrias","Чёрные залы","Las cámaras negras","โถงดำ","漆黑密室",3,"",1,[144],45,-31884,4,6,"[""Art/Textures/Interface/LoadingImages/Act3Sacrifice.dds""]",[3812],"[4819,3814]",6,[542],125,900,"","","[1142,1144]",[],[],[],"",[],"","",[],0,"",100,0,"",20,13970,1048,28,20,24416,16402,14106,20,26,0,"[169,1129]","","",20,36,26,28,20,38,20,32,20,26,0,"",[],"","","",20,36,26,28,20,38,20,32,20,26,0,2,1434,50000,"",0,0,"",1,52,20000,0,[],52,15,0,0,"","",0,"",[],"[0,0,55,45]","[22,78]",[],4205,"Doryani toiled in her name and his own","Doryani a œuvré en son nom et au sien","Doryani schuftete in ihrem und seinem Namen","ドリヤニは彼女と彼自身の名において働いた","도리아니는 그녀의 이름으로, 그리고 자신을 위해 피땀 흘려 일했습니다","Doryani trabalhou em nome dela e no dele próprio","Трудом Дориани обессмертил её имя и своё собственное","Doryani se afanó en su nombre y en el suyo propio","ดอร์ยานีตรากตรำในนามขององค์ราชินีและตัวเขาเอง","瓦爾最偉大思想家不計代價尋求不朽之處",44,0,""
146,"C_G1_town","Clearfell Encampment","Campement de la Clairière","Lichtfall-Lager","クリアフェルの野営地","클리어펠 야영지","Acampamento Clearfell","Лагерь Клирфелл","Campamento de Sierraclara","ริมตลิ่ง","皆伐營地",7,1,1,"[147,148,148,148,164]",51,-3527,0,0,"[""Art/Textures/Interface/LoadingImages/OldForest.dds""]",[2890],[2934],32,"[110,111]","",900,"","",[],[],[],[],"",[],"","",[],0,1,100,0,"",20,30,164,28,20,32,92,8338,20,26,0,[],"","",20,36,26,28,20,38,20,32,20,26,0,"",[],"","","",20,36,26,28,20,38,20,32,20,26,0,1,1304,0,"",0,0,"",1,52,0,0,[],0,15,0,0,"","",0,"",[],[0],[0],[],4205,"A bastion of hope for those who survive","Un bastion d'espoir pour ceux qui survivent","Eine Bastion der Hoffnung für diejenigen, die überleben","生き残りたちの希望の砦","살아남은 자들을 위한 희망의 보루","Um bastião de esperança para aqueles que sobrevivem","Бастион надежды для выживших","Un bastión de esperanza para quienes sobreviven","ปราการแห่งความหวังสำหรับผู้ที่อยู่รอด","為生存者而生的希望壁壘",0,0,""
147,"C_G1_1","The Riverbank","La Bordure de la rivière","Das Flussufer","川岸","강둑","O Beirario","Берег реки","La orilla del río","ริมตลิ่ง","河岸",7,"","",[146],45,-2818,4,6,"[""Art/Textures/Interface/LoadingImages/OldForest.dds""]",[2889],[],6,"[104,105,106,107,109]",125,300,"","",[168],[],[],[],"",[],"","",[],0,"",100,0,"",20,124,164,28,20,122,92,120,20,26,0,[1131],"","",20,36,26,28,20,38,20,32,20,26,0,"",[],"","","",20,36,26,28,20,38,20,32,20,26,0,2,1267,20000,"",0,0,"",1,52,0,0,[],61,15,0,0,"","",0,"",[],"[0,70,30]","[95,5]",[],4205,"The drowned stare through muddied branches","Les noyés regardent fixement à travers les branches boueuses","Die Ertrunkenen starren durch schlammige Äste","溺れし者たちが泥にまみれた枝から覗いている","물에 빠진 자들이 진흙투성이 가지 사이로 바라봅니다","O olhar afogado através de galhos enlameados","Из спутанных ветвей глядят лица утопленников","Los ahogados observan entre las lodosas ramas","ศพจมน้ำจับจ้องผ่านกิ่งก้านเปื้อนโคลน","溺水者透過滿是泥濘的樹枝凝視著",0,0,""
148,"C_G1_2","Clearfell","La Clairière","Lichtfall","クリアフェル","클리어펠","Clearfell","Клирфелл","Sierraclara","เคลียร์เฟล","皆伐",7,"",1,"[146,149,150]",45,2312,4,6,"[""Art/Textures/Interface/LoadingImages/OldForest.dds""]",[2891],[2934],6,"[114,115,112,113,116,117,124,125,128,129,126,127,118,119,120,121,122,123]",146,1200,"","",[212],[],[],[],"",[],"","",[],0,"",100,0,"",20,124,648,28,20,8004,92,120,20,26,0,[1131],"","",20,36,26,28,20,38,20,32,20,26,0,"",[],"","","",20,36,26,28,20,38,20,32,20,26,0,2,1270,25000,"",0,0,"",1,52,2000,1000,[],62,15,0,0,"","",0,"",[],"[0,70,30]","[95,5]",[],4205,"A sickness has befallen Ogham","Une maladie s'est abattue sur Ogham","Eine Krankheit hat Ogham befallen","オガムは病に侵された","오검에 병이 깃들었습니다","Uma doença tomou conta de Ogham","Огам поражён странной болезнью","Una enfermedad ha caído sobre Ogham","อ็อกแฮมติดโรคร้ายเสียแล้ว","疫病降臨在奧格姆",0,0,""
149,"C_G1_3","Mud Burrow","Tanière boueuse","Schlammgrube","泥の巣穴","진흙 토굴","Toca Lamacenta","Грязевая нора","Lodazal","โพรงโคลน","泥沼陋居",7,"","",[148],46,2940,4,6,"[""Art/Textures/Interface/LoadingImages/OldForest.dds""]",[2892],[2934],6,"[130,131,132,133]",146,600,"","",[148],[],[],[],"",[],"","",[],0,"",100,0,"",20,124,20,28,20,8004,9620,8338,20,26,0,[1131],"","",20,36,26,28,20,38,20,32,20,26,0,"",[],"","","",20,36,26,28,20,38,20,32,20,26,0,2,1272,20000,"",0,0,"",1,52,1000,0,[],63,15,0,0,"","",0,"",[],"[0,40,60]","[95,5]",[],4205,"The tunnels of a tormented creature","Les tunnels d'une créature tourmentée","Die Tunnel einer gequälten Kreatur","苛まれし生き物の掘った穴","고통받는 생물의 굴","Os túneis de uma criatura atormentada","Логово страдающего существа","Los túneles de una criatura atormentada","อุโมงค์สิ่งมีชีวิตที่ทรมานยิ่ง","受折磨生物的地道",0,0,""
150,"C_G1_4","The Grelwood","Grelbois","Der Grelwald","グレルウッド","그렐우드","Grelwood","Грельвуд","El bosque singular","ป่าเกรลวูด","葛瑞爾林",7,"",1,"[148,151,152,156]",46,-27045,4,6,"[""Art/Textures/Interface/LoadingImages/OldForest.dds""]",[2893],[2934],6,"[134,135,136,137,138,139,140,141,142,143,144,145]",146,1200,"","",[1403],[],[],[],"",[],"","",[],0,"",100,0,"",20,124,648,28,20,8004,92,8338,20,26,0,[1131],"","",20,36,26,28,20,38,20,32,20,26,0,"",[],"","","",20,36,26,28,20,38,20,32,20,26,0,2,1275,27500,"",0,0,"",1,52,1000,2000,[],64,15,0,0,"","",0,"",[],"[0,20,80]","[95,5]",[],4205,"Forest of the Old Magicks","Forêt des vieilles magies","Wald der alten Magie","古き魔法の森","옛 마법의 숲","Floresta das Magias Antigas","Лес, напитанный древней магией","Un bosque de magia antigua","ป่าแห่งมนต์โบราณ","古老魔法的森林",0,0,""
151,"C_G1_5","The Red Vale","La Vallée rouge","Das Rote Tal","赤き谷","붉은 계곡","O Vale Vermelho","Красная Долина","El valle rojo","ห้วยสีชาด","赤谷",7,"",1,[150],47,5545,4,6,"[""Art/Textures/Interface/LoadingImages/OldForest.dds""]",[2894],[2934],6,"[150,151,152,153,154,155,156,157]",146,600,"","","[241,241,241]",[],[],[],"",[],"","",[],0,"",100,0,"",20,124,164,28,20,32,9620,8338,20,26,0,[1131],"","",20,36,26,28,20,38,20,32,20,26,0,"",[],"","","",20,36,26,28,20,38,20,32,20,26,0,2,1277,30000,"",0,0,"",1,52,5000,3000,[],65,15,0,0,"","",0,"",[],"[70,30]","[95,5]",[],4205,"Haunted battleground of the Phaaryl Wars","Champ de bataille hanté des guerres de Phaaryl","Verwunschenes Schlachtfeld der Phaarylkriege","ファーリル戦争の霊が残る戦場","파아릴 전쟁이 벌어졌던 스산한 전장","Campo de batalha assombrado das Guerras Phaaryl","Долина, населённая призраками Фаарилских войн","El campo de batalla embrujado de las guerras de Phaaryl","สมรภูมิเฮี้ยนแห่งสงครามฟาร์ริล","法瑞爾戰爭的鬧鬼戰場",0,0,""
152,"C_G1_6","The Grim Tangle","L'Enchevêtrement sinistre","Das Düstere Dickicht","不気味なもつれ","으스스한 덩굴","O Emaranhado Cruel","Мрачные заросли","El enredo sombrío","คูน้ำเคี้ยวคด","纏縛陰林",7,"",1,"[150,153]",47,10943,4,6,"[""Art/Textures/Interface/LoadingImages/OldForest.dds""]",[2895],[2934],6,"[158,159,160,161]",146,600,"","",[1399],[],[],[],"",[],"","",[],0,"",100,0,"",20,30,164,28,20,32,10694,8338,20,26,0,[1131],"","",20,36,26,28,20,38,20,32,20,26,0,"",[],"","","",20,36,26,28,20,38,20,32,20,26,0,2,1280,18000,"",0,0,"",1,52,1500,5000,[],66,15,0,0,"","",0,"",[],"[0,20,80]","[65,35]",[],4205,"The sickness spreads forth underground","La maladie se propage sous terre","Die Krankheit breitet sich unterirdisch aus","病は地下を広がっている","지하에서 병이 퍼져 나옵니다","A doença se espalha no subsolo","Болезнь распространяется под землёй","La enfermedad se expande bajo tierra","โรคร้ายแพร่กระจายสู่ใต้ดิน","疫病在地底下四處蔓延",0,0,""
153,"C_G1_7","Cemetery of the Eternals","Cimetière des Éternels","Friedhof der Ewigen","永遠なる帝国の墓地","영원한 자의 공동묘지","Cemitério dos Eternos","Кладбище Вечных","Cementerio de los eternos","สุสานนิรันดร์ชน","不朽帝國之墓",7,"",1,"[152,154,157,154,155,155]",47,-9519,4,6,"[""Art/Textures/Interface/LoadingImages/Graveyard.dds""]",[2896],[4714],6,"[162,163,164,165,166,167,168,169,170,171,172,173]",146,1200,"","",[176],[],[],[],"",[],"","",[],0,"",100,0,"",20,30,648,28,20,32,162,8338,20,26,0,[1131],"","",20,36,26,28,20,38,20,32,20,26,0,"",[],"","","",20,36,26,28,20,38,20,32,20,26,0,2,1281,26000,"",0,0,"",1,52,9500,500,[],67,15,0,0,"","",0,"",[],"[0,20,80]","[95,5]",[],4205,"Built atop the Ezomyte clan graves beneath","Construit au-dessus des tombes du clan Ézomyte","Errichtet auf den darunter liegenden Gräbern des Ezomytenclans","エゾミアの民の部族の墓の上に建てられた","에조미어인 혈족 무덤 위에 건설된 묘지","Construído sobre os túmulos do clã Ezomita","Усыпальницы, возведённые поверх древних могил эзомитов","Construido sobre las tumbas de los clanes ezomitas que yacen debajo","สร้างทับหลุมศพเผ่าเอโซไมต์ที่อยู่เบื้องล่าง","建在下方的艾茲麥氏族墳墓之上",0,0,""
154,"C_G1_8","Mausoleum of the Praetor","Mausolée du Préteur","Mausoleum des Prätors","法務官の霊廟","집정관의 능묘","Mausoléu do Pretório","Мавзолей претора","Mausoleo del pretor","อนุสาวรีย์บรรจุศพข้าหลวง","政務官陵墓",7,"",1,"[153,153]",48,13859,4,6,"[""Art/Textures/Interface/LoadingImages/Graveyard.dds""]",[2897],[4714],6,"[174,175,176,177,178,179,180,181,182,183,184,185]",146,600,"","",[1286],[],[],[],"",[],"","",[],0,"",100,0,"",20,30,164,28,20,32,92,8338,20,26,0,[1131],"","",20,36,26,28,20,38,20,32,20,26,0,"",[],"","","",20,36,26,28,20,38,20,32,20,26,0,2,1284,15000,"",0,0,"",1,52,4000,2500,[],68,15,0,0,"","",0,"",[],"[0,70,30]","[55,45]",[],4205,"Resting place of Draven Sentari","Lieu de repos de Draven Sentari","Ruhestätte von Draven Sentari","ドレイヴン・センタリの眠る場所","드레이븐 센타리가 안식하는 곳","Local de descanso de Draven Sentari","Здесь покоится Дрейвен Сентари","El lugar de descanso de Draven Sentari","หลุมฝังศพของเดรเวน เซนทารี","德雷文．山特立的安息之地",0,0,""
155,"C_G1_9","Tomb of the Consort","Tombeau de la Consort","Grabmal der Gemahlin","妃の墓所","배우자의 무덤","Tumba da Consorte","Супружеская гробница","Tumba de la consorte","หลุมฝังศพภริยา","配偶的墓室",7,"",1,"[153,153]",48,-24684,4,6,"[""Art/Textures/Interface/LoadingImages/Graveyard.dds""]",[2898],[4714],6,"[186,187,188,189,190,191,192,193,194,195,196,197]",146,600,"","",[1357],[],[],[],"",[],"","",[],0,"",100,0,"",20,30,164,28,20,8004,9620,120,20,26,0,[1131],"","",20,36,26,28,20,38,20,32,20,26,0,"",[],"","","",20,36,26,28,20,38,20,32,20,26,0,2,1286,15000,"",0,0,"",1,52,4000,2500,[],69,15,0,0,"","",0,"",[],"[0,70,30]","[55,45]",[],4205,"Resting place of Asinia Sentari","Lieu de repos d'Asinia Sentari","Ruhestätte von Asinia Sentari","アシニア・センタリの眠る場所","아시니아 센타리가 안식하는 곳","Local de descanso de Asinia Sentari","Здесь покоится Азиния Сентари","El lugar de descanso de Asinia Sentari","หลุมฝังศพของอะซีเนีย เซนทารี","阿席妮雅．山特立的安息之地",0,0,""
156,"C_G1_10","Root Hollow","Gouffre enraciné","Wurzelhohlraum","根の穴","뿌리 동혈","Raíz Oca","Яма в корнях","Hondonada enraizada","โพรงรากไม้","盤根魔域",7,"","",[150],51,-30715,4,6,"[""Art/Textures/Interface/LoadingImages/OldForest.dds""]",[2899],[3000],6,"[146,147,148,149]",146,600,"","",[1399],[],[],[],"",[],"","",[],0,"",100,0,"",20,30,648,28,20,8004,9620,120,20,26,0,[1131],"","",20,36,26,28,20,38,20,32,20,26,0,"",[],"","","",20,36,26,28,20,38,20,32,20,26,0,2,1276,22000,"",0,0,"",1,52,1500,0,[],70,15,0,0,"","",0,"",[],[0],[0],[],4205,"","","","","","","","","","",0,0,""
157,"C_G1_11","Hunting Grounds","Terrains de chasse","Jagdgründe","狩場","사냥터","Campos de Caça","Охотничьи угодья","Terrenos de caza","แดนนักล่า","獵場",7,"",1,"[153,159,158]",49,29218,4,6,"[""Art/Textures/Interface/LoadingImages/OldForest.dds""]",[2900],"[2980,4705]",6,"[198,200,199,204,206,205,208,209,207,203,201,202]",146,900,"","",[129],[],[],[],"",[],"","",[],0,"",100,0,"",20,13024,1048,28,20,15804,12728,13132,20,26,0,[1131],"","",20,36,26,28,20,38,20,32,20,26,0,"",[],"","","",20,36,26,28,20,38,20,32,20,26,0,2,1288,32000,"",20,0,"",1,52,2000,2000,[],71,15,0,0,50,1,0,"",[],"[0,70,30]","[95,5]",[],4205,"Wild bounty of Ogham","La richesse sauvage d'Ogham","Wilder Reichtum von Ogham","オガムの野生の恵み","오검의 대자연","Recompensa selvagem de Ogham","Кишащие дичью окрестности Огама","El tesoro salvaje de Ogham","ความอุดมสมบูรณ์แห่งป่าเขาอ็อกแฮม","奧格姆的荒野恩惠",0,0,""
158,"C_G1_12","Freythorn","Freyépine","Freydorn","フレイソーン","프레이쏜","Freythorn","Фрейторн","Villafrey","ชายคาเฟรย์ธอร์น","弗雷索恩",7,"",1,[157],49,-29336,4,6,"[""Art/Textures/Interface/LoadingImages/OldForest.dds""]",[2901],"[2980,4705]",6,"[210,211,212,213,214,215,216,217,218,219,220,221]",146,600,"","",[],[],[],[],"",[],"","",[],0,"",100,0,"",20,124,164,28,20,32,92,120,20,26,0,[1131],"","",20,36,26,28,20,38,20,32,20,26,0,"",[],"","","",20,36,26,28,20,38,20,32,20,26,0,2,1289,21000,"",20,0,"",1,52,6000,5000,[],72,15,0,0,50,1,0,"",[],"[0,0,70,30]","[95,5]",[],4205,"The Clanless Enclave","Enclave des Sans-clan","Enklave des clanlosen Stammes","部族なき部族の居留地","혈족 없는 이들의 공동체","O Enclave dos Sem Clã","Анклав лишённых клана","El enclave de la tribu sin clan","ดินแดนกลุ่มชนไร้เผ่า","無氏族之地",0,0,""
159,"C_G1_13_1","Ogham Farmlands","Terres arables d'Ogham","Ackerlande von Ogham","オガムの農地","오검 농지","Terras Agrícolas de Ogham","Фермерские земли Огама","Tierras de cultivo de Ogham","ถิ่นเพาะปลูกอ็อกแฮม","奧格姆農地",7,"",1,"[157,160]",49,-5540,4,6,"[""Art/Textures/Interface/LoadingImages/Village.dds""]",[2902],"[2980,4705]",6,"[222,223,224,225,226,227,228,229]",146,600,"","",[],[],[],[],"",[],"","",[],0,"",100,0,"",20,13970,164,28,20,24416,10694,14106,20,26,0,[1131],"","",20,36,26,28,20,38,20,32,20,26,0,"",[],"","","",20,36,26,28,20,38,20,32,20,26,0,2,1293,32000,"",20,0,"",1,52,3500,1000,[],73,15,0,0,"","",0,"",[],"[0,20,80]","[55,45]",[],4205,"Diseased crops of Ogham","Cultures malades d'Ogham","Befallenes Getreide von Ogham","オガムの侵されし作物","오검의 병든 작물이 널려 있는 곳","Colheitas doentes de Ogham","Загубленные поля Огама","Los cultivos enfermos de Ogham","ต้นกล้าอาบโรคแห่งอ็อกแฮม","奧格姆的染疫莊稼",0,0,""
160,"C_G1_13_2","Ogham Village","Village d'Ogham","Dorf Ogham","オガム村","오검 마을","Vilarejo de Ogham","Деревня Огам","Pueblo de Ogham","หมู่บ้านอ็อกแฮม","奧格姆村",7,"",1,"[159,161]",50,19456,4,6,"[""Art/Textures/Interface/LoadingImages/Village.dds""]",[2903],"[2980,4705]",6,"[238,239,240,241,242,243,244,245,246,247,248,249]",146,600,"","",[139],[],[],[],"",[],"","",[],0,"",100,0,"",20,30,164,28,20,32,9620,8338,20,26,0,[1131],"","",20,36,26,28,20,38,20,32,20,26,0,"",[],"","","",20,36,26,28,20,38,20,32,20,26,0,2,1291,25000,"",20,0,"",1,52,8000,500,[],74,15,0,0,"","",0,"",[],"[0,20,80]","[55,45]",[],4205,"The burning tragedy","La tragédie brûlante","Die brennende Tragödie","燃える悲劇","불타는 비극","A tragédia ardente","Пепелище трагедии","La tragedia ardiente","โศกนาฏกรรมอาบเพลิง","燃燒的慘劇",0,0,""
161,"C_G1_14","The Manor Ramparts","Les Remparts du Manoir","Herrenhaus-Festungsmauern","邸宅の城壁","저택 성벽","As Muralhas da Mansão","Стены замка","Las murallas de la mansión","ปราการคฤหาสน์","宅第壁壘",7,"",1,"[160,162]",50,26995,4,6,"[""Art/Textures/Interface/LoadingImages/Village.dds""]",[2904],[3148],6,"[250,253,252,251,255,254]",146,600,"","",[],[],[],[],"",[],"","",[],0,"",100,0,"",20,124,648,28,20,32,10694,8338,20,26,0,[1131],"","",20,36,26,28,20,38,20,32,20,26,0,"",[],"","","",20,36,26,28,20,38,20,32,20,26,0,2,1295,33000,"",20,0,"",1,52,5500,1000,[],75,15,0,0,"","",0,"",[83],"[0,20,80]","[95,5]",[],4205,"Surrounding walls of the Wolf's Den","Murs d'enceinte de la Tanière du Loup","Die umgebenden Mauern der Wolfshöhle","狼のねぐらを囲む壁","늑대 소굴을 둘러싼 벽","Paredes ao redor da Toca do Lobo","Стены волчьего логова","Los muros que rodean a la guarida del lobo","กำแพงล้อมรังหมาป่า","狼之巢穴周圍的高牆",0,0,""
162,"C_G1_15","Ogham Manor","Manoir d'Ogham","Herrenhaus von Ogham","オガムの邸宅","오검 저택","A Mansão de Ogham","Замок Огам","Mansión de Ogham","คฤหาสน์อ็อกแฮม","奧格姆宅第",7,"",1,[161],51,32371,4,6,"[""Art/Textures/Interface/LoadingImages/Village.dds""]",[2905],[3148],6,"[256,257,258,259,264,265,266,267,260,261,262,263,268,269,270,271]",146,600,"","","[1353,1219]",[],[],[],"",[],"","",[],0,"",100,0,"",20,30,164,28,20,8004,92,120,20,26,0,[1131],"","",20,36,26,28,20,38,20,32,20,26,0,"",[],"","","",20,36,26,28,20,38,20,32,20,26,0,2,1296,31000,"",20,0,"",1,52,10000,8000,[],76,15,0,0,"","",0,"",[],"[0,20,80]","[25,75]",[],4205,"Den of the Mad Wolf","Antre du Loup enragé","Die Höhle des verrückten Wolfs","狂狼のねぐら","미친 늑대의 굴","Covil do Lobo Louco","Логово Безумного волка","La guarida del lobo rabioso","รังหมาป่าคลั่ง","狂狼獸穴",50,0,""
163,"C_G2_town","The Ardura Caravan","La Caravane des Arduras","Die Ardura-Karawane","アードゥラのキャラバン","아르듀라 카라반","A Caravana Ardura","Караван Ардура","La caravana de los ardura","คาราวานอาร์ดูร่า","阿杜拉車隊",8,1,1,"[164,165,169,172,174,176,179,181,182,108,167,185,164,165,169,172,174,176,179,181,182,108,167,185]",57,-2871,0,0,"[""Art/Textures/Interface/LoadingImages/Caravan.dds""]",[2907],[4324],32,[272],"",900,"","",[],[],[],[],"",[],"","",[],0,1,100,0,"",20,124,20,28,20,8004,92,120,20,26,0,[],"","",20,36,26,28,20,38,20,32,20,26,0,"",[],"","","",20,36,26,28,20,38,20,32,20,26,0,1,1378,0,8,0,0,"",1,52,0,0,[],0,15,0,0,74,"",0,"",[],[0],[0],[],4205,"Pride of Sekhema Asala","Fierté de Sekhema Asala","Der Stolz von Sekhema Asala","セケマ・アサラの誇り","세케마 아살라의 자랑거리","Orgulho da Sekhema Asala","Гордость Сехемы Асалы","El orgullo de la sekhema Asala","ความภาคภูมิของเซ็คเคมาอะซาล่า","絲克瑪．阿薩拉的驕傲",0,0,""
164,"C_G2_1","Vastiri Outskirts","Les Faubourgs de Vastiri","Vastiri\r\nRandgebiete","ヴァスティリ郊外","바스티리 외곽","Subúrbios Vastiri","Окраины Вастири","Los alrededores del Vastiri","ชายแดนวาสตีรี","瓦斯提里郊區",8,"",1,"[146,163]",51,-27514,4,6,"[""Art/Textures/Interface/LoadingImages/CaravanLandscape.dds""]",[2906],[3002],6,"[273,274,275,276,277,278,279,280]","",600,"","",[633],[],[],[],"",[],"","",[],0,"",100,0,"",20,13024,1048,28,20,15804,10694,13132,20,26,0,[1130],"","",20,36,26,28,20,38,20,32,20,26,0,"",[],"","","",20,36,26,28,20,38,20,32,20,26,0,2,1305,24000,"",0,0,"",1,52,3500,0,[],77,15,0,0,"","",0,"",[],"[0,0,66,34]","[94,6]",[],4205,"Blood-red and unforgiving sands","Sables rouge sang et impitoyables","Blutroter und unbarmherziger Sand","血のように赤く容赦ない砂漠","피처럼 붉고 자비가 없는 사막","Areias vermelho-sangue e implacáveis ","Кровавые пески, не прощающие ошибок","Una arena cruel y teñida de sangre","ทรายสีเลือดไร้ซึ่งปรานี","血紅色與嚴苛之沙",0,0,""
165,"C_G2_2","Traitor's Passage","Le Passage de la traîtresse","Klamm der Verräterin","裏切り者の通路","배반자의 통로","Estreito da Traidora","Тропа Изменницы","El pasaje de la traidora","ทางผ่านผู้ทรยศ","叛徒之路",8,"",1,"[163,166]",52,21600,4,6,"[""Art/Textures/Interface/LoadingImages/CaravanLandscape.dds""]",[2908],[1524],6,"[282,283,284,285,286,287,288,289]",163,600,"","",[382],[],[],[],"",[],"","",[],0,"",100,0,"",20,30,20,28,20,32,9620,8338,20,26,0,[1130],"","",20,36,26,28,20,38,20,32,20,26,0,"",[],"","","",20,36,26,28,20,38,20,32,20,26,0,2,1314,30000,"",0,0,"",1,52,2000,2500,[],78,15,0,0,"","",0,"",[],"[0,66,34]","[24,76]",[],4205,"The pride and fall of Balbala","La fierté et la chute de Balbala","Der Stolz und Fall von Balbala","バルバラの傲慢、そして死","발바라의 자부심과 몰락","O orgulho e a queda de Balbala ","Гордыня и падение Балбалы","El orgullo y la caída de Balbala","ความภาคภูมิและการตกต่ำของบัลบาล่า","芭芭拉的驕傲和殞落",0,0,""
166,"C_G2_3","The Halani Gates","Les Portes d'Halani","Die Halani-Tore","ハラニの門","할라니 관문","Os Portões Halani","Ворота Халани","Las puertas de Halani","ประตูฮาลานี","哈拉妮關口",8,"",1,"[165,163]",53,-19635,4,6,"[""Art/Textures/Interface/LoadingImages/CaravanLandscape.dds""]",[2909],[1524],6,"[291,292,293,294,295,296,297,298,299,300,301,302]",163,600,"","",[653],[],[],[],"",[],"","",[],0,"",100,0,"",20,13970,1048,28,20,15804,16402,14106,20,26,0,[1130],"","",20,36,26,28,20,38,20,32,20,26,0,"",[],"","","",20,36,26,28,20,38,20,32,20,26,0,2,1315,30000,"",0,0,"",1,52,4000,2000,[],79,15,0,0,"","",0,"",[],"[0,36,64]","[94,6]",[],4205,"Gateway of the Second River","Portail des sept rivières","Tor zum zweiten Fluss","第二の河の門","두 번째 강의 관문","Portão do Segundo Rio ","Врата Второй реки","La entrada al segundo río","ประตูแห่งสายธารที่สอง","第二條河的通道",0,0,""
167,"C_G2_3a","The Halani Gates","Les Portes d'Halani","Die Halani-Tore","ハラニの門","할라니 관문","Os Portões Halani","Ворота Халани","Las puertas de Halani","ประตูฮาลานี","哈拉妮關口",8,"","",[163],53,-9080,4,6,"[""Art/Textures/Interface/LoadingImages/CaravanLandscape.dds""]",[4531],[3461],6,[290],163,300,"","",[],[],[],[],"",[],"","",[],0,"",100,0,"",20,13970,1048,28,20,15804,16402,14106,20,26,0,[1130],"","",20,36,26,28,20,38,20,32,20,26,0,"",[],"","","",20,36,26,28,20,38,20,32,20,26,0,2,1326,24000,"",0,0,"",1,52,0,0,[],0,15,0,0,"","",0,"",[],[0],[0],[],4205,"Gateway of the Second River","Portail des sept rivières","Tor zum zweiten Fluss","第二の河の門","두 번째 강의 관문","Portão do Segundo Rio ","Врата Второй реки","La entrada al segundo río","ประตูแห่งสายธารที่สอง","第二條河的通道",0,0,""
168,"C_G2_3s","The Halani Gates","Les Portes d'Halani","Die Halani-Tore","ハラニの門","할라니 관문","Os Portões Halani","Ворота Халани","Las puertas de Halani","ประตูฮาลานี","哈拉妮關口",8,"","",[163],53,6486,0,0,"[""Art/Textures/Interface/LoadingImages/CaravanLandscape.dds""]",[],[4324],6,[],163,300,"","",[],[],[],[],"",[],"","",[],0,"",100,0,"",20,13970,1048,28,20,15804,16402,14106,20,26,0,[1130],"","",20,36,26,28,20,38,20,32,20,26,0,"",[],"","","",20,36,26,28,20,38,20,32,20,26,0,2,1326,0,"",0,0,"",1,52,0,0,[],0,0,0,0,"","",0,"",[],[0],[0],[],4205,"Gateway of the Second River","Portail des sept rivières","Tor zum zweiten Fluss","第二の河の門","두 번째 강의 관문","Portão do Segundo Rio ","Врата Второй реки","La entrada al segundo río","ประตูแห่งสายธารที่สอง","第二條河的通道",0,0,""
169,"C_G2_4_1","Keth","Keth","Keth","ケス","케스","Keth","Кет","Keth","เค็ท","凱斯城",8,"",1,"[163,163,170]",53,-25606,4,6,"[""Art/Textures/Interface/LoadingImages/CaravanLandscape.dds""]",[3212],[1527],6,"[303,304,305,306]",163,600,"","",[708],[],[],[],"",[],"","",[],0,"",100,0,"",20,124,164,28,20,8004,92,120,20,26,0,[1130],"","",20,36,26,28,20,38,20,32,20,26,0,"",[],"","","",20,36,26,28,20,38,20,32,20,26,0,2,1329,39000,"",0,0,"",1,52,2000,6000,[],80,15,0,0,"","",0,"",[],"[0,66,34]","[94,6]","[2736,3416]",4205,"Jewel of the Vastiri","Joyau des Vastiri","Juwel der Vastiri","ヴァスティリの宝石","바스티리의 보석","Joia do Vastiri","Жемчужина Вастири","La joya del Vastiri","อัญมณีแห่งวาสตีรี","瓦斯提里上的明珠",0,0,""
170,"C_G2_4_2","The Lost City","La Cité perdue","Die verlorene Stadt","失われし都市","잃어버린 도시","A Cidade Perdida","Затерянный город","La ciudad perdida","นครที่สาบสูญ","失落之城",8,"",1,"[169,171]",54,-24612,4,6,"[""Art/Textures/Interface/LoadingImages/CaravanLandscape.dds""]",[3213],[1527],6,"[308,309,310,307]",163,600,"","",[],[],[],[],"",[],"","",[],0,"",100,0,"",20,30,20,28,20,8004,92,120,20,26,0,[1130],"","",20,36,26,28,20,38,20,32,20,26,0,"",[],"","","",20,36,26,28,20,38,20,32,20,26,0,2,1332,30000,"",0,0,"",1,52,4000,4000,[],81,15,0,0,"","",0,"",[],"[0,16,84]","[54,46]","[2736,3416]",4205,"The glory of Keth knew no bounds","La gloire de Keth ne connaissait pas de limites","Der Ruhm von Keth kannte keine Grenzen","ケスの繁栄には限界がなかった","케스의 영광에는 한계가 없었습니다","A glória de Keth não tinha limites","Слава Кета не знала границ","La gloria de Keth no tenía límites","ความรุ่งโรจน์ของเค็ทไร้ขอบเขตไม่","凱斯的榮光無邊無際",0,0,""
171,"C_G2_4_3","Buried Shrines","Sanctuaires enfouis","Verschüttete Schreine","埋葬された神殿","묻힌 성소","Santuários Enterrados","Захоронённые святилища","Santuarios enterrados","อารามจมทราย","掩埋神殿",8,"",1,[170],54,17678,4,6,"[""Art/Textures/Interface/LoadingImages/CaravanLandscape.dds""]",[3586],[1527],6,"[311,312,313,314,315,316,317,318]",163,600,"","",[374],[],[],[],"",[],"","",[],0,"",100,0,"",20,30,164,28,20,32,12728,8338,20,26,0,[1130],"","",20,36,26,28,20,38,20,32,20,26,0,"",[],"","","",20,36,26,28,20,38,20,32,20,26,0,2,1334,32500,"",0,0,"",1,52,7000,2100,[],82,15,0,0,"","",0,"",[],"[0,16,84]","[54,46]","[2736,3416]",4205,"Sands settle where water once flowed","Les sables s'installent là où l'eau coulait autrefois","Sand setzt sich ab, wo einst Wasser floss","かつて水が流れた場所に砂が溜まる","한때 물이 흐른 자리에 모래가 쌓입니다","Areias se assentam onde a água uma vez fluiu ","Пески оседают там, где прежде бежала вода","La arena se asienta donde antaño fluía el agua","ทรายก่อตัวในถิ่นที่น้ำเคยไหลเวียน","曾有水流之地，如今沙土沈澱",0,0,""
172,"C_G2_5_1","Mastodon Badlands","Terres ravagées des mastodontes","Mastodon-Ödlande","マストドンの悪地","마스토돈 불모지","Ermo Mastodonte","Бесплодные земли мастодонтов","Páramo de los mastodontes","แดนกันดารมาสโตดอน","乳齒象惡地",8,"",1,"[163,163,173]",53,26484,4,6,"[""Art/Textures/Interface/LoadingImages/CaravanLandscape.dds""]",[2911],[1527],6,"[319,320,321,322,323,324,325,326,327,328,329,330]",163,600,"","",[],[],[],[],"",[],"","",[],0,"",100,0,"",20,13970,1048,28,20,32,10694,8338,20,26,0,[1130],"","",20,36,26,28,20,38,20,32,20,26,0,"",[],"","","",20,36,26,28,20,38,20,32,20,26,0,2,1336,27500,"",0,0,"",1,52,2700,0,[],83,15,0,0,"","",0,"",[],"[0,16,84]","[94,6]","[3215,3416]",4205,"Territory of the Lost-Men","Territoire des Hommes-perdus","Territorium der verlorenen Menschen","失われし者たちの縄張り","잊힌 사람 부족의 영토","Território dos Homens Perdidos ","Территории заблудших","El territorio de los hombres perdidos","เขตแดนของกลุ่มชนผู้สาบสูญ","迷失之人的領地",0,0,""
173,"C_G2_5_2","The Bone Pits","Les Fosses à ossements","Die Knochengruben","骨の穴","뼈 구덩이","O Fosso Ósseo","Костяные ямы","La llanura de huesos","หลุมกระดูก","骨坑",8,"",1,[172],54,8367,4,6,"[""Art/Textures/Interface/LoadingImages/CaravanLandscape.dds""]",[2912],[1527],6,"[331,332,333,334]",163,600,"","",[623],[],[],[],"",[],"","",[],0,"",100,0,"",20,13970,1048,28,20,32,10694,120,20,26,0,[1130],"","",20,36,26,28,20,38,20,32,20,26,0,"",[],"","","",20,36,26,28,20,38,20,32,20,26,0,2,1340,35000,"",0,0,"",1,52,3500,0,[],84,15,0,0,"","",0,"",[],"[0,16,84]","[94,6]","[3215,3416]",4205,"Necromantic ash tarnish the sands","La cendre nécromantique ternit les sables","Nekromantische Asche überzieht den Sand","死霊術の灰が砂を汚す","강령술의 재가 모래를 더럽힙니다","Cinzas necromânticas mancham as areias","Прах некромантии пятнает песок","La ceniza nigromántica mancilla la arena","เถ้าถ่านศาสตร์ผีแปดเปื้อนผืนทราย","死靈灰燼汙染了沙漠",0,0,""
174,"C_G2_6","Valley of the Titans","Vallée des Titans","Tal der Titanen","タイタン達の谷","거신의 계곡","Vale dos Titãs","Долина Титанов","Valle de los titanes","หุบเขาแห่งไททัน","泰坦之谷",8,"",1,"[163,163,175]",53,-9234,4,6,"[""Art/Textures/Interface/LoadingImages/CaravanLandscape.dds""]",[2913],[1527],6,"[335,336,337,338,339,340,341,342,343,344,345,346]",163,900,"","",[],[],[],[],"",[],"","",[],0,"",100,0,"",20,124,164,28,20,32,9620,8338,20,26,0,[1130],"","",20,36,26,28,20,38,20,32,20,26,0,"",[],"","","",20,36,26,28,20,38,20,32,20,26,0,2,1344,45000,"",0,0,"",1,52,2500,3500,[],85,15,0,0,"","",0,"",[],"[0,16,84]","[94,6]","[3215,2736]",4205,"They remain where they slept","Ils demeurent là où ils se sont endormis","Sie ruhen, wo sie schliefen","彼らは眠っていた場所に残っている","그들은 잠든 자리에 남아 있습니다","Eles permanecem onde dormiram","Они остались лежать там, где спали","Permanecen donde otrora dormían","พวกเขายังคงอยู่ในถิ่นที่พวกเขาหลับใหล","他們留在他們的安眠之地",0,0,""
175,"C_G2_7","The Titan Grotto","La Grotte des Titans","Die Grotte der Titanen","タイタンの洞窟","거신 석굴","A Caverna do Titã","Грот Титанов","La gruta del titán","ถ้ำลอดไททัน","泰坦石窟",8,"",1,[174],54,-15436,4,6,"[""Art/Textures/Interface/LoadingImages/CaravanLandscape.dds""]",[2914],[4564],6,"[347,348,349,350,351,352,353,354]",163,600,"","",[377],[],[],[],"",[],"","",[],0,"",100,0,"",20,124,20,28,20,8004,92,120,20,26,0,[1130],"","",20,36,26,28,20,38,20,32,20,26,0,"",[],"","","",20,36,26,28,20,38,20,32,20,26,0,2,1345,40000,"",0,0,"",1,52,1000,7000,[],86,15,0,0,"","",0,"",[],"[0,16,84]","[54,46]","[3215,2736]",4205,"Their echoes rattled the world","Leurs échos ont ébranlé le monde","Ihr Echo erschütterte die Welt","そのこだまは世界を揺らした","이들의 메아리가 세상을 흔들었습니다","Seus ecos abalaram o mundo","Эхо их голосов потрясло мир","Sus ecos agitan el mundo","เสียงสะท้อนของพวกเขาสะเทือนโลกา","他們的回音響徹整個世界",0,0,""
176,"C_G2_8","Deshar","Deshar","Deshar","デシャール","데샤르","Deshar","Дешар","Deshar","เดชาร์","戴斯哈",8,"",1,"[163,163,177]",56,-1414,4,6,"[""Art/Textures/Interface/LoadingImages/CaravanLandscape.dds""]",[2915],[4565],6,"[356,357,358,359]",163,600,"","",[],[],[],[],"",[],"","",[],0,"",100,0,"",20,13970,1048,28,20,24416,92,8338,20,26,0,[1130],"","",20,36,26,28,20,38,20,32,20,26,0,"",[],"","","",20,36,26,28,20,38,20,32,20,26,0,2,1348,50000,"",0,0,"",1,52,9500,500,[],87,15,0,0,"","",0,"",[],"[0,16,84]","[54,46]",[],4205,"The City of the Dead","La cité des morts","Die Stadt der Toten","死者の街","망자들의 도시","A Cidade dos Mortos ","Город мёртвых","La ciudad de los muertos","นครคนตาย","亡者之城",0,0,""
177,"C_G2_9_1","Path of Mourning","Le Sentier du deuil","Pfad der Trauernden","哀悼者の道","통곡의 길","Caminho do Luto","Путь скорби","Camino del luto","เส้นทางอาลัย","悼念之路",8,"",1,"[176,178]",56,-9178,4,6,"[""Art/Textures/Interface/LoadingImages/CaravanLandscape.dds""]",[2916],[4565],6,"[360,361,362,363,364,365,366,367,368,369,370,371]",163,600,"","",[],[],[],[],"",[],"","",[],0,"",100,0,"",20,30,648,28,20,8004,92,8338,20,26,0,[1130],"","",20,36,26,28,20,38,20,32,20,26,0,"",[],"","","",20,36,26,28,20,38,20,32,20,26,0,2,1349,40000,"",0,0,"",1,52,11000,1000,[],88,15,0,0,"","",0,"",[],"[0,0,66,34]","[54,46]",[],4205,"They climb to mourn their Honoured Dead","Ils grimpent pour pleurer leurs Défunts honorés","Sie klettern, um ihre Geehrten Toten zu betrauern","誉れある死者を悼むため彼らは登る","그들은 높이 올라가서 칭송받는 망자들을 애도합니다","Eles sobem para lamentar seus Mortos Honrados ","Почтенных умерших оплакивают на вершине","Suben para llorar a sus honorables muertos","พวกเขาขึ้นไปไว้อาลัยแด่ศพทรงเกียรติ","他們爬上去悼念他們的光榮死者",0,0,""
178,"C_G2_9_2_","The Spires of Deshar","Les Cimes de Deshar","Die Spitzen von Deshar","デシャールの尖塔","데샤르의 첨탑","As Torres de Deshar","Шпили Дешара","Las torres de Deshar","ยอดแหลมแห่งเดชาร์","戴斯哈尖塔",8,"",1,[177],57,-25489,4,6,"[""Art/Textures/Interface/LoadingImages/CaravanLandscape.dds""]",[2922],[4565],6,"[372,373,374,375]",163,600,"","",[756],[],[],[],"",[],"","",[],0,"",100,0,"",20,13970,1048,28,20,24416,16402,14106,20,26,0,[1130],"","",20,36,26,28,20,38,20,32,20,26,0,"",[],"","","",20,36,26,28,20,38,20,32,20,26,0,2,1350,50000,"",0,0,"",1,52,0,12500,[],89,15,0,0,"","",0,"",[],"[66,34]","[94,6]",[],4205,"Where the Honoured Dead lie buried in the sky","Là où les Défunts honorés reposent dans le ciel","Wo die Geehrten Toten im Himmel begraben liegen","誉れある者たちが空に埋葬される場所","칭송받는 자들의 시체가 하늘을 바라보며 묻혀 있습니다","Onde os Mortos Honrados jazem enterrados no céu ","Где Почтенные умершие захоронены на небесах","Donde los honorables muertos yacen sepultados en el cielo","ถิ่นที่ศพมีเกียรติทั้งหลายถูกฝังสู่ฟากฟ้า","光榮死者埋葬在天空之處",0,0,""
179,"C_G2_10_1","Mawdun Quarry","Carrière de Mawdun","Mawdun-Steinbruch","マウドゥン採石場","모둔 채석장","Pedreira Mawdun","Каменоломня Маудун","Cantera Mawdun","เหมืองผิวดินมอว์ดัน","莫頓挖石場",8,"",1,"[163,180]",51,16267,4,6,"[""Art/Textures/Interface/LoadingImages/CaravanLandscape.dds""]",[2917],[3461],6,"[376,377,378,379,380,381,382,383]",163,600,"","",[],[],[],[],"",[],"","",[],0,"",100,0,"",20,124,648,28,20,8004,9620,120,20,26,0,[1130],"","",20,36,26,28,20,38,20,32,20,26,0,"",[],"","","",20,36,26,28,20,38,20,32,20,26,0,2,1352,44000,"",0,0,"",1,52,6000,500,[],90,15,0,0,"","",0,"",[],"[0,16,84]","[94,6]",[],4205,"The hills of Mawdun became the Faridun foothold","Les collines de Mawdun sont devenues le bastion des Fariduns","Die Höhen von Mawdun wurden zum Stützpunkt der Faridun","マウドゥンの丘がファリドゥンの基盤となった","모둔의 언덕은 파리둔의 거점이 되었습니다","As colinas de Mawdun se tornaram a base dos Faridun","Холмы Маудун стали оплотом фаридунцев","Las colinas de Mawdun se convirtieron en la fortaleza de los faridun","เนินเขามอว์ดันกลายเป็นที่ฐานมั่นของชาวฟาริดัน","莫頓山丘成了法里登的立足點",0,0,""
180,"C_G2_10_2","Mawdun Mine","Mine de Mawdun","Mawdun-Mine","マウドゥン鉱山","모둔 광산","A Mina Mawdun","Шахта Маудун","Mina Mawdun","เหมืองแร่มอว์ดัน","莫頓礦坑",8,"",1,[179],52,13969,4,6,"[""Art/Textures/Interface/LoadingImages/CaravanLandscape.dds""]",[2918],[3461],6,"[384,385,386,387]",163,600,"","",[792],[],[],[],"",[],"","",[],0,"",100,0,"",20,124,20,28,20,8004,9620,120,20,26,0,[1130],"","",20,36,26,28,20,38,20,32,20,26,0,"",[],"","","",20,36,26,28,20,38,20,32,20,26,0,2,1353,52000,"",0,0,"",1,52,10000,3000,[],91,15,0,0,"","",0,"",[],"[0,0,66,34]","[24,76]",[],4205,"Where metal veins bled for the tools of war","Là où les veines de métal ont saigné au profit des outils de guerre","Wo Metalladern für die Werkzeuge des Krieges bluteten","金属の脈が戦道具を作るため血を流した場所","이곳의 광맥이 흘린 피로부터 전쟁의 도구가 빚어집니다","Onde veias de metal sangraram para as ferramentas da guerra ","Из металлических жил сочилась кровь для орудий войны","Donde las vetas de metal sangran para crear herramientas de guerra","ถิ่นที่สายแร่หลั่งเลือดให้อุปกรณ์สงคราม","金屬礦脈為戰亂工具出血之處",0,0,""
181,"C_G2_11","The Dreadnought's Wake","Le Sillage du Cuirassé","Der Nachzug der Festungskarawane","ドレッドノートの航跡","드레드노트의 바퀴 자국","O Despertar do Couraçado","След Дредноута","La huella del acorazado","เบื้องหลังคาราวานประจัญบาน","無畏隊的軌跡",8,"",1,[163],57,-10616,4,6,"[""Art/Textures/Interface/LoadingImages/CaravanLandscape.dds""]",[2919],[4324],6,[388],163,600,"","",[],[],[],[],"",[],"","",[],0,"",100,0,"",20,30,648,28,20,32,92,120,20,26,0,[1130],"","",20,36,26,28,20,38,20,32,20,26,0,"",[],"","","",20,36,26,28,20,38,20,32,20,26,0,2,1355,36000,"",0,0,"",1,52,4000,3000,[],92,15,0,0,"","",0,"",[],[0],[0],[],4205,"","","","","파리둔의 전쟁 카라반","","","","","",0,0,""
182,"C_G2_12_1","The Dreadnought","Le Cuirassé","Die Festungskarawane","ドレッドノート","드레드노트","O Couraçado","Дредноут","El acorazado","คาราวานประจัญบาน","無畏隊",8,"",1,"[163,183]",57,-28987,4,6,"[""Art/Textures/Interface/LoadingImages/CaravanLandscape.dds""]",[2920],[4582],6,"[389,390,391,392,393,394,395,396]",163,600,"","",[],[],[],[],"",[],"","",[],0,"",100,0,"",20,30,20,28,20,32,92,8338,20,26,0,[1130],"","",20,36,26,28,20,38,20,32,20,26,0,"",[],"","","",20,36,26,28,20,38,20,32,20,26,0,2,1356,28000,"",0,0,"",1,52,5500,2000,[],93,15,0,0,74,"",0,"",[],"[0,66,34]","[54,46]",[],4205,"War Caravan of the Faridun","Caravane de guerre des Fariduns","Kriegskarawane der Faridun","ファリドゥンの戦用キャラバン","파리둔의 전쟁 카라반","Caravana de Guerra dos Faridun","Боевой караван фаридунцев","La caravana de guerra de los faridun","คาราวานสงครามแห่งชาวฟาริดัน","法里登的戰爭車隊",0,0,""
183,"C_G2_12_2","Dreadnought Vanguard","Avant-garde du Cuirassé","Vorhut der Festungskarawane","ドレッドノートの前衛","드레드노트 선봉대","Vanguarda do Couraçado","Авангард Дредноута","Vanguardia del acorazado","กองหน้าคาราวานประจัญบาน","無畏隊先鋒",8,"",1,"[182,185]",57,-24417,4,6,"[""Art/Textures/Interface/LoadingImages/CaravanLandscape.dds""]",[2923],[4582],6,"[397,398]",163,600,"","",[1238],[],[],[],"",[],"","",[],0,"",100,0,"",20,124,20,28,20,8004,92,120,20,26,0,[1130],"","",20,36,26,28,20,38,20,32,20,26,0,"",[],"","","",20,36,26,28,20,38,20,32,20,26,0,2,1359,28000,"",0,0,"",1,52,6500,1000,[],94,15,0,0,74,"",0,"",[],"[0,66,34]","[54,46]",[],4205,"Forward carts of the Risen King","Les chars avancés du Roi ressuscité","Wagen des auferstandenen Königs","蘇りし王の前衛車","일어난 왕의 전방 수레","Carruagens dianteiras do Rei Erguido","Передовые повозки Восставшего Царя","Los carros de avanzada del rey ascendido","รถเข็นเบื้องหน้าของกษัตริย์ผู้คืนชีพ","崛起之王的行進推車",0,0,""
184,"C_G3_town","Ziggurat Encampment","Campement de la Ziggourat","Zikkurat-Lager","ジッグラトの野営地","지구라트 야영지","Acampamento Zigurate","Лагерь на зиккурате","Campamento del zigurat","ค่ายซิกกุรัต","高地神塔營地",9,1,1,"[185,188,198,199,194,198,141,141]",64,-12821,0,0,"[""Art/Textures/Interface/LoadingImages/Act3Sacrifice.dds""]",[3641],[4586],32,[416],"",900,"","",[],[],[],[],"",[],"","",[],0,1,100,0,"",20,30,164,28,20,32,92,8338,20,26,0,[169],"","",20,36,26,28,20,38,20,32,20,26,0,"",[],"","","",20,36,26,28,20,38,20,32,20,26,0,1,1436,0,9,0,0,"",1,52,0,0,[],0,15,0,0,"","",0,"",[],[0],[0],[],4205,"A haven provides refuge from the jungle ","Un havre de paix offrant refuge à l'hostilité de la jungle","Ein Zufluchtsort bietet Schutz vor dem Dschungel ","安全地帯がジャングルの避難所となっている","사람들은 이곳에서 밀림의 위험을 피합니다","Um esconderijo concede refúgio da selva","Убежище, защищающее от опасностей джунглей","Un lugar que ofrece refugio de la jungla","ที่หลบภัยให้รอดพ้นจากป่าดงดิบ","一個在叢林中能給予庇護的庇護所",0,0,""
185,"C_G3_1","Sandswept Marsh","Le Marécage ensablé","Sandgetränkte Sümpfe","砂原の沼地","모래에 휩쓸린 습지","Pântano Arenoso","Занесённое песком болото","Ciénaga de arena","บึงพัดทราย","風沙沼澤",9,"",1,"[163,184]",58,14814,4,6,"[""Art/Textures/Interface/LoadingImages/Act3Sacrifice.dds""]",[3640],[4586],6,"[417,418,419,420,421,422,423,424]","",900,"","",[803],[],[],[],"",[],"","",[],0,"",100,0,"",20,30,1048,28,20,32,162,120,20,26,0,"[169,1129]","","",20,36,26,28,20,38,20,32,20,26,0,"",[],"","","",20,36,26,28,20,38,20,32,20,26,0,2,1393,26000,"",0,0,"",1,52,4500,0,[],95,15,0,0,"","",0,"",[],"[0,0,55,45]","[92,8]",[],4205,"Where thick waters stir with the rising dead","Là où les eaux épaisses s'agitent lorsque les morts se réveillent","Wo zähflüssige Gewässer sich mit den aufsteigenden Toten rühren","どろりとした水面が蘇る死者で揺れる","이곳의 걸쭉한 물은 일어나는 망자들로 흔들립니다","Onde águas densas se agitam com os mortos que se erguem ","Вязкие воды – царство беспокойных мертвецов","Donde las espesas aguas se agitan con muertos vivientes","ถิ่นที่หนองน้ำข้นหนืดขยับไปด้วยศพคืนชีพ","深水隨著復生死者攪動之處",0,0,""
186,"C_G3_2_1","Infested Barrens","Landes infestées","Verseuchtes Brachland","害虫の荒れ地","들끓는 불모지","Terras Infestadas","Заражённые земли","Yermo infestado","แดนแมลงรังควาน","感染荒地",9,"",1,"[188,190,187,193]",59,-4579,4,6,"[""Art/Textures/Interface/LoadingImages/Act3Sacrifice.dds""]",[3642],[4586],6,"[425,426,427,428,429,430,431,432,433]",184,1440,"","",[],[],[],[],"",[],"","",[],0,"",100,0,"",20,124,1048,28,20,15804,10694,8338,20,26,0,"[169,1129]","","",20,36,26,28,20,38,20,32,20,26,0,"",[],"","","",20,36,26,28,20,38,20,32,20,26,0,2,1395,33000,"",0,0,"",1,52,6000,5000,[],96,15,0,0,"","",0,"",[],"[0,0,55,45]","[92,8]",[],4205,"Where the jungle gives way to colonies and hives","Là où la jungle laisse place à des colonies et des ruches","Wo der Dschungel Kolonien und Schwärmen weicht","生い茂るジャングルが蟲たちに道を譲る","밀림이 물러나면서 군락지와 벌집이 나타나는 곳","Onde a selva dá lugar a colônias e colmeias ","Густой лес теснят колонии и ульи","Donde la jungla abre paso a colonias y colmenas","ป่าดงดิบกลับอุดมไปด้วยรังแมลง","叢林成為殖民地與窩巢之處",0,0,""
187,"C_G3_2_2","The Matlan Waterways","L'Aqueduc de Matlan","Die Matlan-Wasserwege","マトラン水路","마틀란 수로","As Hidrovias Matlan","Водотоки Матлан","Los canales de Matlan","ทางน้ำมาตลาน","瑪特蘭水道",9,"","",[186],61,-9402,4,6,"[""Art/Textures/Interface/LoadingImages/Act3Sacrifice.dds""]",[3804],[3854],6,[434],184,900,"","",[],[],[],[],"",[],"","",[],0,"",100,0,"",20,30,1048,28,20,24416,16402,13132,20,26,0,"[169,1129]","","",20,36,26,28,20,38,20,32,20,26,0,"",[],"","","",20,36,26,28,20,38,20,32,20,26,0,2,1396,42500,"",0,0,"",1,52,7500,5000,[],97,15,0,0,"","",0,"",[],"[0,5,95]","[52,48]",[],4205,"Seed of Utzaal's birth and death","Graine de la naissance et de la mort d'Utzaal","Die Saat von Utzaals Geburt und Tod","ウトザールの誕生と死の種","웃자알의 탄생과 죽음의 씨앗","Semente do nascimento e morte de Utzaal ","Семя рождения и смерти Утцааля","La semilla del nacimiento y la muerte de Utzaal","เมล็ดพันธุ์แห่งการเกิดและตายของอุทซาล","奧札爾的生死之種",0,0,""
188,"C_G3_3","Jungle Ruins","Ruines de la jungle","Dschungelruinen","ジャングルの遺跡","밀림 유적","Ruínas da Selva","Развалины в джунглях","Ruinas de la jungla","ซากปรักหักพังป่าดงดิบ","叢林遺跡",9,"",1,"[184,186,189]",58,-18512,4,6,"[""Art/Textures/Interface/LoadingImages/Act3Sacrifice.dds""]",[3750],[4586],6,"[435,436,437,438,439,440,441,442,443,444,445]",184,1440,"","",[863],[],[],[],"",[],"","",[],0,"",100,0,"",20,13970,1048,28,20,24416,10694,14106,20,26,0,"[169,1129]","","",20,36,26,28,20,38,20,32,20,26,0,"",[],"","","",20,36,26,28,20,38,20,32,20,26,0,2,1397,38000,"",0,0,"",1,52,4400,0,[],98,15,0,0,"","",0,"",[],"[0,0,55,45]","[92,8]",[],4205,"The jungle thrives amongst overgrown structures","La jungle prospère au milieu des structures envahies par la végétation","Der Dschungel gedeiht zwischen überwucherten Strukturen","ジャングルは巨大な建物の間で繁茂している","밀림이 자라나며 초목이 구조물들을 뒤덮었습니다","A selva prospera entre estruturas cobertas de vegetação","Цивилизация пала под натиском джунглей","La jungla florece entre las estructuras cubiertas de vegetación","ป่าดงดิบเติบโตท่ามกลางสิ่งก่อสร้างที่ถูกพืชปกคลุม","叢林在雜草叢生的建物之間蓬勃生長",0,0,""
189,"C_G3_4","The Venom Crypts","Les Cryptes du Venin","Die Giftgrüfte","毒の地下聖堂","독액 지하실","As Criptas Venenosas","Ядовитые крипты","Las criptas venenosas","สุสานอสรพิษ","劇毒墓穴",9,"","",[188],59,31057,4,6,"[""Art/Textures/Interface/LoadingImages/Act3Sacrifice.dds""]",[3751],[4586],6,"[446,447,448,449]",184,900,"","",[],[],[],[],"",[],"","",[],0,"",100,0,"",20,13970,20,28,20,24416,10694,14106,20,26,0,"[169,1129]","","",20,36,26,28,20,38,20,32,20,26,0,"",[],"","","",20,36,26,28,20,38,20,32,20,26,0,2,1399,33000,"",0,0,"",1,52,8000,3000,[],99,15,0,0,"","",0,"",[],"[0,5,95]","[22,78]",[],4205,"Graves that once held nobility now slither and bite","Les tombes qui abritaient autrefois la noblesse sont aujourd'hui rampantes et mordantes.","Gräber, die früher Adel beherbergten, werden nun umschlängelt","かつて貴族が眠っていた墓は今、這い寄り噛みついてくる","한때 귀족이 잠들었던 무덤이 이제 꿈틀거리며 독니를 드러냅니다","Túmulos que antes continham nobreza agora se arrastam e mordem","На могилах аристократов поселились ползучие гады","Las tumbas que una vez albergaron a la nobleza, ahora se arrastran y muerden","หลุมศพที่เคยมีร่างขุนนางกลับเลื้อยมากัด","曾存放尊貴之人遺體的墓地，現在卻像蛇一般吞噬他人",0,0,""
190,"C_G3_5","Chimeral Wetlands","Les Marécages des Chimérals","Feuchtlande der Chimären","キメラル湿地","키메랄 습지대","Pantanal Quimérico","Топи химеридов","Humedales de las quimerinas","ป่าชุ่มน้ำไคมีรัล","龍蜥濕地",9,"",1,"[186,191,196]",59,-12970,4,6,"[""Art/Textures/Interface/LoadingImages/Act3Sacrifice.dds""]",[3752],[4586],6,"[450,451,452,453,454,455,456,457,458,459,460,461,462,463,464,465,466,467,468,469,470,471,472,473,474,475,476,477,478,479,480,481,482,483,484,485,486,487,488,489]",184,900,"","",[275],[],[],[],"",[],"","",[],0,"",100,0,"",20,13024,1048,28,20,32,10694,13132,20,26,0,"[169,1129]","","",20,36,26,28,20,38,20,32,20,26,0,"",[],"","","",20,36,26,28,20,38,20,32,20,26,0,2,1401,40000,"",0,0,"",1,52,7000,5000,[],100,15,0,0,"","",0,"",[],"[0,0,55,45]","[92,8]",[],4205,"Where beauty and death become one","Là où la beauté et la mort s'entremêlent","Wo Schönheit und Tod eins werden","美と死が一つとなる場所","아름다움과 죽음이 하나 되는 곳","Onde a beleza e a morte se tornam uma só ","Красота и смерть идут рука об руку","Donde se unen la belleza y la muerte","ถิ่นที่ความงามและความตายกลายเป็นหนึ่ง","美麗與死亡合而為一之處",0,0,""
191,"C_G3_6_1","Jiquani's Machinarium","Machinarium de Jiquani","Jiquanis Machinarium","ヘクアニのマシナリウム","지콰니의 기계실","Maquinário de Jiquani","Машинариум Джиквани","Taller de máquinas de Jiquani","สถานจักรกลฮิคัวนี","吉卡尼的機械迷城",9,"",1,"[190,192]",60,-16730,4,6,"[""Art/Textures/Interface/LoadingImages/Act3Sacrifice.dds""]",[3753],[4586],6,"[490,491,492,493,494,495,496,497,498,499,500,501]",184,900,"","",[907],[],[],[],"",[],"","",[],0,"",100,0,"",20,30,164,28,20,32,92,8338,20,26,0,"[63,1129]","","",20,36,26,28,20,38,20,32,20,26,0,"",[],"","","",20,36,26,28,20,38,20,32,20,26,0,2,1403,42000,"",0,0,"",1,52,8000,6000,[],101,15,0,0,"","",0,"",[],"[0,0,55,45]","[92,8]",[],4205,"Where the Architect of Industry bestowed life unto stone","Là où l'Architecte de l'Industrie des Vaal a donné vie à des décombres","Wo der Architekt der Industrie dem Stein Leben schenkte","工業のアーキテクトが石に命を与えた場所","산업의 건축가가 돌덩이에 생명을 불어넣은 곳","Onde o Arquiteto da Indústria concedeu vida à pedra ","Архитектор производства даровал жизнь камню","Donde el arquitecto de la industria dio vida a la piedra","ถิ่นที่สถาปนิกวาล์แห่งอุตสาหกรรมมอบชีวิตแก่ก้อนหิน","工業建師為石頭灌注生命之處",0,0,""
192,"C_G3_6_2","Jiquani's Sanctum","Sanctuaire de Jiquani","Jiquanis Heiligtum","ヘクアニの聖所","지콰니의 지성소","Santuário de Jiquani","Святилище Джиквани","Santuario de Jiquani","สถานพำนักฮิคัวนี","吉卡尼的聖域",9,"",1,[191],60,17641,4,6,"[""Art/Textures/Interface/LoadingImages/Act3Sacrifice.dds""]",[3754],[3916],6,"[502,503,504,505]",184,900,"","",[1281],[],[],[],"",[],"","",[],0,"",100,0,"",20,30,164,28,20,32,162,8338,20,26,0,"[63,1129]","","",20,36,26,28,20,38,20,32,20,26,0,"",[],"","","",20,36,26,28,20,38,20,32,20,26,0,2,1405,55000,"",0,0,"",1,52,10000,8000,[],102,15,0,0,"","",0,"",[],"[0,5,95]","[22,78]",[],4205,"Seat of Jiquani's rise to power","Siège de la montée au pouvoir de Jiquani","Sitz von Jiquanis Aufstieg zur Macht","ヘクアニの権力の基盤","지콰니가 권력을 손에 넣은 곳","Sede da ascensão de Jiquani ao poder ","Именно здесь Джиквани прославился по всему царству","La sede del ascenso al poder de Jiquani","ที่นั่งที่นำพาอำนาจให้แก่ฮิคัวนี","吉卡尼崛起掌權的座位",0,0,""
193,"C_G3_7","The Azak Bog","Le Marais des Azaks","Das Azak-Moor","アザク湿原","아자크 습지대","O Pântano Azak","Болото Азак","El pantano de los azak","พรุอาซัค","阿札克泥沼",9,"",1,[186],60,32689,4,6,"[""Art/Textures/Interface/LoadingImages/Act3Sacrifice.dds""]",[3767],[4586],6,"[506,507,509,508]",184,900,"","",[912],[],[],[],"",[],"","",[],0,"",100,0,"",20,30,164,28,20,32,162,8338,20,26,0,"[169,1129]","","",20,36,26,28,20,38,20,32,20,26,0,"",[],"","","",20,36,26,28,20,38,20,32,20,26,0,2,1408,34000,"",0,0,"",1,52,7000,5000,[],103,15,0,0,"","",0,"",[],"[0,5,95]","[92,8]",[],4205,"Home of the merciless Azak savages","Le pays des impitoyables sauvages Azak","Heimat der erbarmungslosen Azak-Wilden","無慈悲なるアザクの蛮族たちの住処","무자비한 아자크 야만족의 터전","Lar dos implacáveis ​​selvagens Azak","Дом безжалостных дикарей Азак","El hogar de los despiadados y salvajes azak","บ้านของคนเถื่อนอาซัคแสนอำมหิต","阿札克無情暴徒的家園",0,0,""
194,"C_G3_8","The Drowned City","La Cité engloutie","Die Versunkene Stadt","沈んだ都市","물에 잠긴 도시","A Cidade Submersa","Затопленный город","La ciudad sumergida","นครจมน้ำ","淹沒之城",9,"",1,"[184,195,197]",61,2872,4,6,"[""Art/Textures/Interface/LoadingImages/Act3Sacrifice.dds""]",[3768],[3848],6,"[510,511,512,513,1247,1248]",184,1440,"","",[],[],[],[],"",[],"","",[],0,"",100,0,"",20,13970,20,28,20,8004,92,120,20,26,0,"[169,1129]","","",20,36,26,28,20,38,20,32,20,26,0,"",[],"","","",20,36,26,28,20,38,20,32,20,26,0,2,1411,72500,"",0,0,"",1,52,16000,0,[],104,15,0,0,"","",0,"",[],"[0,5,95]","[92,8]",[],4205,"Utzaal the drowned is now revealed","Utzaal l'engloutie est maintenant révélée","Utzaal, erst untergegangen, nun wieder da","水没せしウトザールが今現れた","물에 잠긴 웃자알이 모습을 드러냅니다","Utzaal, a afogada, agora foi revelada","Затопленный Утцааль наконец обнажился","Utzaal, la sumergida, ahora se ha revelado","อุทซาลจมน้ำปรากฏแก่โลกา","淹沒的奧札爾已然顯現",0,0,""
195,"C_G3_9","The Molten Vault","La Chambre forte magmatique","Das Geschmolzene Gewölbe","溶融した宝物庫","녹아내린 금고","O Cofre Derretido","Расплавленные залы","La cámara fundida","พระคลังหลอมเหลว","熔岩寶庫",9,"",1,[194],62,28337,4,6,"[""Art/Textures/Interface/LoadingImages/Act3Sacrifice.dds""]",[3769],[3848],6,[514],184,900,"","",[1161],[],[],[],"",[],"","",[],0,"",100,0,"",20,124,164,28,20,8004,16402,120,20,26,0,"[63,1129]","","",20,36,26,28,20,38,20,32,20,26,0,"",[],"","","",20,36,26,28,20,38,20,32,20,26,0,2,1412,42500,"",0,0,"",1,52,24000,0,[],105,15,0,0,"","",0,"",[],"[0,5,95]","[0,92,8]",[],4205,"Forge of the forgotten wealth of Kamasa","Forge de la richesse oubliée de Kamasa","Schmiede des vergessenen Reichtums von Kamasa","カマサの忘れられし富の炉","카마사의 잊힌 보물이 제련되는 대장간","Forja da riqueza esquecida de Kamasa","Здесь ковались несметные богатства Камасы","La forja de la riqueza olvidada de Kamasa","โรงหลอมแห่งทรัพย์สมบัติที่ถูกลืมของคามาซา","卡瑪薩久經遺亡財富的熔爐",0,0,""
196,"C_G3_10_Airlock","The Temple of Chaos","Le Temple de Chaos","Der Tempel des Chaos","混沌の寺院","혼돈의 사원","O Templo do Caos","Храм Хаоса","El templo de Caos","วิหารเคออส","混沌神殿",9,"",1,"[190,137,137]",60,2375,0,0,"[""Art/Textures/Interface/LoadingImages/ChaosTempleTrial.dds""]",[3770],[4586],6,[515],184,900,"","",[],[],[],[],"",[],"","",[],0,"",100,0,"",20,30,648,28,20,32,92,8338,20,26,0,[],"","",20,36,26,28,20,38,20,32,20,26,0,"",[],"","","",20,36,26,28,20,38,20,32,20,26,0,2,1415,35000,"",0,0,"",1,52,0,0,[],0,0,0,0,80,"",0,"",[],[0],[0],[],4205,"Testing grounds for the Vaal High Priests","Terrains d'essais pour les grands prêtres Vaal","Prüfungsgelände für die Hohepriester der Vaal","ヴァールの高位神官のための試練場","바알 고위 사제의 실험장","Terrenos de provações para os Altos Sacerdotes Vaal","Испытания для верховных жрецов ваал","Campos de pruebas para los altos sacerdotes vaal","สถานที่ทดสอบนักบวชระดับสูงแห่งวาล์","瓦爾大祭司的考驗地點",0,0,""
197,"C_G3_11","Apex of Filth","Apex des immondices","Gipfel des Unflats","不潔の頂","오물의 정점","Ápice da Imundice","Осквернённая вершина","Ápice de la inmundicia","ยอดแห่งความโสมม","污垢頂峰",9,"",1,[194],61,-1037,4,6,"[""Art/Textures/Interface/LoadingImages/Act3Sacrifice.dds""]",[3806],[3848],6,"[517,518,519,520,521,522]",184,900,"","",[1101],[],[],[],"",[],"","",[],0,"",100,0,"",20,30,648,28,20,32,9620,8338,20,26,0,"[169,1129]","","",20,36,26,28,20,38,20,32,20,26,0,"",[],"","","",20,36,26,28,20,38,20,32,20,26,0,2,1427,60000,"",0,0,"",1,52,9000,2000,[],107,15,0,0,"","",0,"",[],"[0,0,55,45]","[92,8]",[],4205,"The rot and mire of unspeakable centuries","La pourriture et la fange de siècles innombrables","Die Fäulnis und der Morast unaussprechlicher Jahrhunderte","言葉にできぬ数百年分の腐敗物や泥","수백 년의 끔찍한 세월 동안 쌓인 부패와 진창","A podridão e o lodo de séculos indescritíveis","Ил и гниль невыразимых веков","La podredumbre y el fango de siglos indescriptibles","โคลนตมเน่าเปื่อยหมักหมมมาหลายต่อหลายศตวรรษ","無法形容的世代留下的腐水與泥沼",0,0,""
198,"C_G3_12","Temple of Kopec","Temple de Kopec","Tempel von Kopec","コペク神殿","코펙의 사원","Templo de Kopec","Храм Копека","Templo de Kopec","วิหารโคเปค","科佩克神殿",9,"","","[184,184]",62,31576,4,6,"[""Art/Textures/Interface/LoadingImages/Act3Sacrifice.dds""]",[3807],[4644],6,"[523,524,525,526,527,528,529,530]",184,900,"","",[1086],[],[],[],"",[],"","",[],0,"",100,0,"",20,124,648,28,20,32,92,8338,20,26,0,"[63,1129]","","",20,36,26,28,20,38,20,32,20,26,0,"",[],"","","",20,36,26,28,20,38,20,32,20,26,0,2,1423,40000,"",0,0,"",1,52,16000,0,[],108,15,0,0,"","",0,"",[],"[0,5,95]","[52,48]",[],4205,"Unfathomable energy resides within the Ziggurat","Une énergie insondable réside dans la Ziggourat","Unfassbare Energie wohnt in der Zikkurat","ジッグラトの内には理解できぬエネルギーが眠っている","지구라트 안에는 깊이를 알 수 없는 에너지가 깃들어 있습니다","Energia insondável reside dentro do Zigurate","В зиккурате заключена немыслимая энергия","Una energía incomprensible reside en interior del Zigurat","พลังงานเกินหยั่งถึงสถิตอยู่ในซิกกุรัต","高地神塔蘊含深不可測的能量",0,0,""
199,"C_G3_14","Utzaal","Utzaal","Utzaal","ウトザール","웃자알","Utzaal","Утцааль","Utzaal","อุทซาล","奧札爾",9,"",1,"[184,201]",62,2991,4,6,"[""Art/Textures/Interface/LoadingImages/Act3Sacrifice.dds""]",[3809],"[4647,3814]",6,"[531,532,533,534,1245,1246]",184,900,"","",[953],[],[],[],"",[],"","",[],0,"",100,0,"",20,30,164,28,20,8004,92,120,20,26,0,"[169,1129]","","",20,36,26,28,20,38,20,32,20,26,0,"",[],"","","",20,36,26,28,20,38,20,32,20,26,0,2,1429,67500,"",0,0,"",1,52,10000,22000,[],109,15,0,0,"","",0,"",[],"[0,5,95]","[52,48]",[],4205,"The Cradle of Vaal Ambition","Le berceau de l'ambition Vaal","Die Wiege der Ambition der Vaal","ヴァールの野望の揺り籠","바알의 야심의 요람","O Berço da Ambição Vaal ","Колыбель гордыни ваал","La cuna de la ambición vaal","บ่อเกิดความทะยานอยากแห่งวาล์","瓦爾野心的搖籃",0,0,""
200,"C_G3_15","Library of Kamasa","La Bibliothèque de Kamasa","Bibliothek von Kamasa","カマサの図書館","카마사의 도서관","Biblioteca de Kamasa","Библиотека Камасы","Biblioteca de Kamasa","ห้องสมุดคามาซา","卡瑪薩圖書館",9,"",1,[],63,30023,4,6,"[""Art/Textures/Interface/LoadingImages/Act3Sacrifice.dds""]",[3810],[72],6,[535],184,900,"","",[],[],[],[],"",[],"","",[],0,"",100,0,"",20,124,20,28,20,32,9620,120,20,26,0,"[63,1129]","","",20,36,26,28,20,38,20,32,20,26,0,"",[],"","","",20,36,26,28,20,38,20,32,20,26,0,2,1432,44000,10,0,0,"",1,52,6000,5000,[],110,15,0,0,"","",0,"",[],[0],[0],[],4205,"","","","","","","","","","",0,0,""
201,"C_G3_16_","Aggorat","L'Aggorat","Die Aggorat","アゴラット","아고라트","Aggorat","Аггорат","Aggorat","แอ็กโกแรท","阿戈拉",9,"",1,"[199,202]",63,11111,4,6,"[""Art/Textures/Interface/LoadingImages/Act3Sacrifice.dds""]",[3811],"[4819,3814]",6,"[536,537,538,539,540,541]",184,900,"","",[],[],[],[],"",[],"","",[],0,"",100,0,"",20,30,20,28,20,32,92,8338,20,26,0,"[169,1129]","","",20,36,26,28,20,38,20,32,20,26,0,"",[],"","","",20,36,26,28,20,38,20,32,20,26,0,2,1433,68000,"",0,0,"",1,52,15000,10000,[],111,15,0,0,"","",0,"",[],"[0,0,55,45]","[22,78]",[],4205,"Salvation sought in beauty and blood","Le salut recherché dans la beauté et le sang","Erlösung sucht in Schönheit und Blut","美と血により求めた救済","아름다움과 피에서 찾는 구원","Salvação buscada na beleza e no sangue ","Спасение, искомое в красоте и крови","Salvación buscada en la belleza y la sangre","แสวงหาการรอดพ้นด้วยความงามและโลหิต","在美麗與鮮血中尋得的救贖",0,0,""
202,"C_G3_17","The Black Chambers","Les Chambres noires","Die Schwarzen Kammern","黒の間","검은 내실","As Câmaras Sombrias","Чёрные залы","Las cámaras negras","โถงดำ","漆黑密室",9,"",1,[201],64,24923,4,6,"[""Art/Textures/Interface/LoadingImages/Act3Sacrifice.dds""]",[3812],"[4819,3814]",6,[542],184,900,"","","[1142,1144]",[],[],[],"",[],"","",[],0,"",100,0,"",20,13970,1048,28,20,24416,16402,14106,20,26,0,"[169,1129]","","",20,36,26,28,20,38,20,32,20,26,0,"",[],"","","",20,36,26,28,20,38,20,32,20,26,0,2,1434,60000,"",0,0,"",1,52,25000,0,[],112,15,0,0,"","",0,"",[],"[0,0,55,45]","[22,78]",[],4205,"Doryani toiled in her name and his own","Doryani a œuvré en son nom et au sien","Doryani schuftete in ihrem und seinem Namen","ドリヤニは彼女と彼自身の名において苦心した","도리아니는 그녀의 이름으로, 그리고 자신을 위해 피땀 흘려 일했습니다","Doryani trabalhou em nome dela e em seu próprio nome ","Трудом Дориани обессмертил её имя и своё собственное","Doryani se afanó en su nombre y en el suyo propio","ดอร์ยานีตรากตรำในนามของเธอและตัวเขาเอง","多里亞尼以她和他的名義辛勤工作",0,0,""
203,"MapLeaguePortal","The Realmgate","La Porte des Royaumes","Das Weltentor","レルムゲート","세계관문","O Portal do Reino","Врата миров","La puerta del reino","ประตูข้ามอาณาจักร","界域之門",10,"","",[],65,28941,0,0,"[""Art/Textures/Interface/LoadingImages/AtlasLoadingScreen.dds""]",[],[],6,[],141,900,"","",[],[],[],[],1,[],"","",[],0,"",100,0,"",20,124,164,28,20,32,16402,120,20,26,0,[],"","",20,36,26,28,20,38,20,32,20,26,0,"",[],"","","",20,36,26,28,20,38,20,32,20,26,0,6,"",0,"",0,0,1,1,52,0,0,[],0,0,0,0,"","",0,"",[],[0],[0],[],4205,"","","","","","","","","","",0,0,""
204,"MapVoidReliquary","The Reliquary Vault","La Chambre forte du Reliquaire","Die Reliquienkammer","聖遺物の宝物庫","성유물 보관실 금고","Cofre do Relicário","Хранилище реликвария","La cámara del relicario","คลังวัตถุโบราณ","聖物寶庫",10,"","",[],65,24730,0,0,"[""Art/Textures/Interface/LoadingImages/AtlasLoadingScreen.dds""]",[45],[],6,[1093],141,900,"","",[],[],[],[],1,[],"","",[],0,"",100,0,"",20,124,20,28,20,32,92,120,20,26,0,[57],"","",20,36,26,28,20,38,20,32,20,26,0,"",[],1,"","",20,36,26,28,20,38,20,32,20,26,0,7,1716,0,"",0,0,1,1,52,0,0,[],0,0,0,0,"","",0,"",[],[0],[0],[],4205,"","","","","","","","","","",0,0,""
205,"MapSpiderJungle","Spider Jungle","Jungle aux araignées","Spinnendschungel","スパイダージャングル","거미 밀림","Selva da Aranha","Паучьи джунгли","Jungla arácnida","Spider Jungle","蜘蛛叢林",10,"","",[],65,22479,4,6,"[""Art/Textures/Interface/LoadingImages/AtlasLoadingScreen.dds""]",[],[59],6,[553],141,900,"","",[373],[],[],[],1,[],"","",[],0,"",100,0,"",20,124,648,28,20,8004,16402,120,20,26,0,"[57,65,1129]","","",20,36,26,28,20,38,20,32,20,26,0,"",[],"","","",20,36,26,28,20,38,20,32,20,26,0,6,1575,50000,"",0,0,1,1,52,5000,5000,[],55,7,0,0,"","",0,"",[],"[0,50,25,15,5,4,1]","[100,25,8,2]",[],4170,"","","","","","","","","","",0,0,""
206,"MapRustbowl","Rustbowl","Friche","Rosttal","錆の窪地","녹그릇","Ferrabismo","Ржавь","Ruinas oxidadas","Rustbowl","銹碗",10,"","",[],65,-3471,4,6,"[""Art/Textures/Interface/LoadingImages/AtlasLoadingScreen.dds""]",[2341],[59],6,"[554,555,556,557]",141,900,"","",[242],[],[],[],1,[],"","",[],0,"",100,0,"",20,124,164,28,20,32,9620,14106,20,26,0,"[57,1070,1130]","","",20,36,26,28,20,38,20,32,20,26,0,"",[],"","","",20,36,26,28,20,38,20,32,20,26,0,6,1576,50000,"",0,0,1,1,52,5000,5000,[],58,7,0,0,"","",0,"",[],"[0,50,25,15,5,4,1]","[100,25,8,2]",[],4170,"","","","","","","","","","",0,0,""
207,"MapRustbowl_NoBoss","Rustbowl","Friche","Rosttal","錆の窪地","녹그릇","Ferrabismo","Ржавь","Ruinas oxidadas","Rustbowl","銹碗",10,"","",[],65,-25767,4,6,"[""Art/Textures/Interface/LoadingImages/AtlasLoadingScreen.dds""]",[2341],[59],6,"[558,559,560,561]",141,900,"","",[],[],[],[],1,[],"","",[],0,"",100,0,"",20,124,164,28,20,32,9620,14106,20,26,0,"[57,1070,1130]","","",20,36,26,28,20,38,20,32,20,26,0,"",[],"","","",20,36,26,28,20,38,20,32,20,26,0,6,1576,50000,"",0,0,1,1,52,5000,5000,[],58,7,0,0,"","",0,"",[],"[0,50,25,15,5,4,1]","[100,25,8,2]",[],4170,"","","","","","","","","","",0,0,""
208,"MapBackwash","Backwash","Ressac","Spülsaum","引き波","역류","Retrofluxo","Стоячие воды","Desaguadero","Backwash","餘波",10,"","",[],65,-8928,4,6,"[""Art/Textures/Interface/LoadingImages/AtlasLoadingScreen.dds""]",[2333],[59],6,"[566,567,568,569,570,571,572,573]",141,900,"","",[1102],[],[],[],1,[],"","",[],0,"",100,0,"",20,30,648,28,20,32,10694,8338,20,26,0,"[57,1068,1069,1129]","","",20,36,26,28,20,38,20,32,20,26,0,"",[],"","","",20,36,26,28,20,38,20,32,20,26,0,6,1581,52000,"",0,0,1,1,52,5000,5000,[],58,7,0,0,"","",0,"",[],"[0,50,25,15,5,4,1]","[100,25,8,2]",[],4170,"","","","","","","","","","",0,0,""
209,"MapBackwash_NoBoss","Backwash","Ressac","Spülsaum","引き波","역류","Retrofluxo","Стоячие воды","Desaguadero","Backwash","餘波",10,"","",[],65,-23560,4,6,"[""Art/Textures/Interface/LoadingImages/AtlasLoadingScreen.dds""]",[2333],[59],6,"[574,575,576,577,578,579,580,581]",141,900,"","",[],[],[],[],1,[],"","",[],0,"",100,0,"",20,30,648,28,20,32,10694,8338,20,26,0,"[57,1068,1069,1129]","","",20,36,26,28,20,38,20,32,20,26,0,"",[],"","","",20,36,26,28,20,38,20,32,20,26,0,6,1581,52000,"",0,0,1,1,52,5000,5000,[],58,7,0,0,"","",0,"",[],"[0,50,25,15,5,4,1]","[100,25,8,2]",[],4170,"","","","","","","","","","",0,0,""
210,"MapBurialBog","Burial Bog","Tourbière funéraire","Begräbnismoor","埋葬の沼","매장용 습지대","Pântano Fúnebre","Погребальная трясина","Ciénaga funeraria","Burial Bog","埋葬沼澤",10,"","",[],65,-11987,4,6,"[""Art/Textures/Interface/LoadingImages/AtlasLoadingScreen.dds""]",[2336],[59],6,"[582,583,584]",141,900,"","",[804],[],[],[],1,[],"","",[],0,"",100,0,"",20,124,164,28,20,32,9620,120,20,26,0,"[57,1069,1129]","","",20,36,26,28,20,38,20,32,20,26,0,"",[],"","","",20,36,26,28,20,38,20,32,20,26,0,6,1582,52000,"",0,0,1,1,52,5000,5000,[],57,7,0,0,"","",0,"",[],"[0,50,25,15,5,4,1]","[100,25,8,2]",[],4170,"","","","","","","","","","",0,0,""
211,"MapBurialBog_NoBoss","Burial Bog","Tourbière funéraire","Begräbnismoor","埋葬の沼","매장용 습지대","Pântano Fúnebre","Погребальная трясина","Ciénaga funeraria","Burial Bog","埋葬沼澤",10,"","",[],65,-4950,4,6,"[""Art/Textures/Interface/LoadingImages/AtlasLoadingScreen.dds""]",[2336],[59],6,"[585,586,587]",141,900,"","",[],[],[],[],1,[],"","",[],0,"",100,0,"",20,124,164,28,20,32,9620,120,20,26,0,"[57,1069,1129]","","",20,36,26,28,20,38,20,32,20,26,0,"",[],"","","",20,36,26,28,20,38,20,32,20,26,0,6,1582,52000,"",0,0,1,1,52,5000,5000,[],57,7,0,0,"","",0,"",[],"[0,50,25,15,5,4,1]","[100,25,8,2]",[],4170,"","","","","","","","","","",0,0,""
212,"MapInferno","Inferno","Fournaise","Inferno","業火","지옥불","Inferno","Пожарище","Infierno","Inferno","煉獄",10,"","",[],65,-5693,4,6,"[""Art/Textures/Interface/LoadingImages/AtlasLoadingScreen.dds""]",[2337],[59],6,"[588,589,590,591]",141,900,"","",[373],[],[],[],1,[],"","",[],0,"",100,0,"",20,124,164,28,20,32,162,8338,20,26,0,"[57,1068,1129]","","",20,36,26,28,20,38,20,32,20,26,0,"",[],"","","",20,36,26,28,20,38,20,32,20,26,0,6,1583,50000,"",0,0,1,1,52,5000,5000,[],55,7,0,0,"","",0,"",[],"[0,50,25,15,5,4,1]","[100,25,8,2]",[],4170,"","","","","","","","","","",0,0,""
213,"MapInferno_NoBoss","Inferno","Fournaise","Inferno","業火","지옥불","Inferno","Пожарище","Infierno","Inferno","煉獄",10,"","",[],65,-13757,4,6,"[""Art/Textures/Interface/LoadingImages/AtlasLoadingScreen.dds""]",[2337],[59],6,"[592,593,594,595]",141,900,"","",[],[],[],[],1,[],"","",[],0,"",100,0,"",20,124,164,28,20,32,162,8338,20,26,0,"[57,1068,1129]","","",20,36,26,28,20,38,20,32,20,26,0,"",[],"","","",20,36,26,28,20,38,20,32,20,26,0,6,1583,50000,"",0,0,1,1,52,5000,5000,[],55,7,0,0,"","",0,"",[],"[0,50,25,15,5,4,1]","[100,25,8,2]",[],4170,"","","","","","","","","","",0,0,""
214,"MapWetlands","Wetlands","Paluns","Sumpfgebiet","湿地帯","습지대","Lameiro","Топи","Humedales","Wetlands","濕地",10,"","",[],65,-25567,4,6,"[""Art/Textures/Interface/LoadingImages/AtlasLoadingScreen.dds""]",[2340],[59],6,"[604,605,606,607]",141,900,"","","[149,151]",[],[],[],1,[],"","",[],0,"",100,0,"",20,13024,164,28,20,32,10694,13132,20,26,0,"[57,1069,1131,1129]","","",20,36,26,28,20,38,20,32,20,26,0,"",[],"","","",20,36,26,28,20,38,20,32,20,26,0,6,1585,82000,"",0,0,1,1,52,5000,5000,[],55,7,0,0,"","",0,"",[],"[0,50,25,15,5,4,1]","[100,25,8,2]",[],4170,"","","","","","","","","","",0,0,""
215,"MapWetlands_NoBoss","Wetlands","Paluns","Sumpfgebiet","湿地帯","습지대","Lameiro","Топи","Humedales","Wetlands","濕地",10,"","",[],65,-2523,4,6,"[""Art/Textures/Interface/LoadingImages/AtlasLoadingScreen.dds""]",[2340],[59],6,"[608,609,610,611]",141,900,"","",[],[],[],[],1,[],"","",[],0,"",100,0,"",20,13024,164,28,20,32,10694,13132,20,26,0,"[57,1069,1131,1129]","","",20,36,26,28,20,38,20,32,20,26,0,"",[],"","","",20,36,26,28,20,38,20,32,20,26,0,6,1585,82000,"",0,0,1,1,52,5000,5000,[],55,7,0,0,"","",0,"",[],"[0,50,25,15,5,4,1]","[100,25,8,2]",[],4170,"","","","","","","","","","",0,0,""
216,"MapBloomingField","Blooming Field","Champ fleuri","Blumenwiese","花咲く野原","꽃피는 들판","Campos Floridos","Цветущий луг","Campo floreciente","Blooming Field","盛放田野",10,"","",[],65,-5160,4,6,"[""Art/Textures/Interface/LoadingImages/AtlasLoadingScreen.dds""]",[2342],[59],6,"[596,597,598,599]",141,900,"","",[130],[],[],[],1,[],"","",[],0,"",100,0,"",20,30,20,28,20,32,92,8338,20,26,0,"[57,1068,1067,1131]","","",20,36,26,28,20,38,20,32,20,26,0,"",[],"","","",20,36,26,28,20,38,20,32,20,26,0,6,1584,93000,"",0,0,1,1,52,5000,5000,[],55,7,0,0,"","",0,"",[],"[0,50,25,15,5,4,1]","[100,25,8,2]",[],4170,"","","","","","","","","","",0,0,""
217,"MapBloomingField_NoBoss","Blooming Field","Champ fleuri","Blumenwiese","花咲く野原","꽃피는 들판","Campos Floridos","Цветущий луг","Campo floreciente","Blooming Field","盛放田野",10,"","",[],65,-18043,4,6,"[""Art/Textures/Interface/LoadingImages/AtlasLoadingScreen.dds""]",[2342],[59],6,"[600,601,602,603]",141,900,"","",[],[],[],[],1,[],"","",[],0,"",100,0,"",20,30,20,28,20,32,92,8338,20,26,0,"[57,1068,1067,1131]","","",20,36,26,28,20,38,20,32,20,26,0,"",[],"","","",20,36,26,28,20,38,20,32,20,26,0,6,1584,93000,"",0,0,1,1,52,5000,5000,[],55,7,0,0,"","",0,"",[],"[0,50,25,15,5,4,1]","[100,25,8,2]",[],4170,"","","","","","","","","","",0,0,""
218,"MapCrimsonShores","Crimson Shores","Rivages cramoisis","Purpurküste","深紅の岸","붉은 물가","Praias Carmesim","Багровые берега","Costas carmesís","Crimson Shores","緋紅海岸",10,"","",[],65,26330,4,6,"[""Art/Textures/Interface/LoadingImages/AtlasLoadingScreen.dds""]",[2338],[59],6,"[613,614,615,616,617,618,619,620,621,622,623,624]",141,900,"","",[620],[],[],[],1,[],"","",[],0,"",100,0,"",20,13024,20,28,20,24416,16402,14106,20,26,0,"[57,1065,1130]","","",20,36,26,28,20,38,20,32,20,26,0,"",[],"","","",20,36,26,28,20,38,20,32,20,26,0,6,1587,62000,"",0,0,1,1,52,5000,5000,[],55,7,0,0,"","",0,"",[],"[0,50,25,15,5,4,1]","[100,25,8,2]",[],4170,"","","","","","","","","","",0,0,""
219,"MapCrimsonShores_NoBoss","Crimson Shores","Rivages cramoisis","Purpurküste","深紅の岸","붉은 물가","Praias Carmesim","Багровые берега","Costas carmesís","Crimson Shores","緋紅海岸",10,"","",[],65,7525,4,6,"[""Art/Textures/Interface/LoadingImages/AtlasLoadingScreen.dds""]",[2338],[59],6,"[625,626,627,628,629,630,631,632,633,634,635,636]",141,900,"","",[],[],[],[],1,[],"","",[],0,"",100,0,"",20,13024,20,28,20,24416,16402,14106,20,26,0,"[57,1065,1130]","","",20,36,26,28,20,38,20,32,20,26,0,"",[],"","","",20,36,26,28,20,38,20,32,20,26,0,6,1587,62000,"",0,0,1,1,52,5000,5000,[],55,7,0,0,"","",0,"",[],"[0,50,25,15,5,4,1]","[100,25,8,2]",[],4170,"","","","","","","","","","",0,0,""
220,"MapCenotes","Cenotes","Cénotes","Cenoten","セノーテ","세노테","Cenotal","Сеноты","Cenotes","Cenotes","天然井",10,"","",[],65,-28729,4,6,"[""Art/Textures/Interface/LoadingImages/AtlasLoadingScreen.dds""]",[],[59],6,[637],141,900,"","",[1434],[],[],[],1,[],"","",[],0,"",100,0,"",20,13024,48340,28,20,32,16402,13132,20,26,0,"[57,1066,1129]","","",20,36,26,28,20,38,20,32,20,26,0,"",[],"","","",20,36,26,28,20,38,20,32,20,26,0,6,1588,40000,"",0,0,1,1,52,5000,5000,[],55,7,0,0,"","",0,"",[],"[0,50,25,15,5,4,1]","[100,25,8,2]",[],4170,"","","","","","","","","","",0,0,""
221,"MapCenotes_NoBoss","Cenotes","Cénotes","Cenoten","セノーテ","세노테","Cenotal","Сеноты","Cenotes","Cenotes","天然井",10,"","",[],65,32533,4,6,"[""Art/Textures/Interface/LoadingImages/AtlasLoadingScreen.dds""]",[],[59],6,"[641,642,643,644]",141,900,"","",[],[],[],[],1,[],"","",[],0,"",100,0,"",20,13024,48340,28,20,32,16402,13132,20,26,0,"[57,1066,1129]","","",20,36,26,28,20,38,20,32,20,26,0,"",[],"","","",20,36,26,28,20,38,20,32,20,26,0,6,1588,57500,"",0,0,1,1,52,5000,5000,[],55,7,0,0,"","",0,"",[],"[0,50,25,15,5,4,1]","[100,25,8,2]",[],4170,"","","","","","","","","","",0,0,""
222,"MapSavanna","Savannah","Savane","Savanne","サバンナ","사바나","Savana","Саванна","Sabana","Savannah","大草原",10,"","",[],65,2467,4,6,"[""Art/Textures/Interface/LoadingImages/AtlasLoadingScreen.dds""]",[2339],[59],6,"[645,646,647,648,649,650,651,652]",141,900,"","",[634],[],[],[],1,[],"","",[],0,"",100,0,"",20,124,20,28,20,8004,9620,120,20,26,0,"[57,1067,1070,1130]","","",20,36,26,28,20,38,20,32,20,26,0,"",[],"","","",20,36,26,28,20,38,20,32,20,26,0,6,1589,82000,"",0,0,1,1,52,5000,5000,[],55,7,0,0,"","",0,"",[],"[0,50,25,15,5,4,1]","[100,25,8,2]",[],4170,"","","","","","","","","","",0,0,""
223,"MapSavanna_NoBoss","Savannah","Savane","Savanne","サバンナ","사바나","Savana","Саванна","Sabana","Savannah","大草原",10,"","",[],65,-25915,4,6,"[""Art/Textures/Interface/LoadingImages/AtlasLoadingScreen.dds""]",[2339],[59],6,"[653,654,655,656,657,658,659,660]",141,900,"","",[],[],[],[],1,[],"","",[],0,"",100,0,"",20,124,20,28,20,8004,9620,120,20,26,0,"[57,1067,1070,1130]","","",20,36,26,28,20,38,20,32,20,26,0,"",[],"","","",20,36,26,28,20,38,20,32,20,26,0,6,1589,82000,"",0,0,1,1,52,5000,5000,[],55,7,0,0,"","",0,"",[],"[0,50,25,15,5,4,1]","[100,25,8,2]",[],4170,"","","","","","","","","","",0,0,""
224,"MapFortress","Fortress","Forteresse","Trutzburg","要塞","요새","Fortaleza","Крепость","Fortaleza","Fortress","堡壘",10,"","",[],65,24986,4,6,"[""Art/Textures/Interface/LoadingImages/AtlasLoadingScreen.dds""]",[2355],[59],6,"[662,663,664,665]",141,900,"","",[383],[],[],[],1,[],"","",[],0,"",100,0,"",20,124,20,28,20,8004,9620,120,20,26,0,"[57,1070,1130]","","",20,36,26,28,20,38,20,32,20,26,0,"",[],"","","",20,36,26,28,20,38,20,32,20,26,0,6,1591,80000,"",0,0,1,1,52,5000,5000,[],55,7,0,0,"","",0,"",[],"[0,50,25,15,5,4,1]","[100,25,8,2]",[],4170,"","","","","","","","","","",0,0,""
225,"MapFortress_NoBoss","Fortress","Forteresse","Trutzburg","要塞","요새","Fortaleza","Крепость","Fortaleza","Fortress","堡壘",10,"","",[],65,-11856,4,6,"[""Art/Textures/Interface/LoadingImages/AtlasLoadingScreen.dds""]",[2355],[59],6,"[666,667,668,669]",141,900,"","",[],[],[],[],1,[],"","",[],0,"",100,0,"",20,124,20,28,20,8004,9620,120,20,26,0,"[57,1070,1130]","","",20,36,26,28,20,38,20,32,20,26,0,"",[],"","","",20,36,26,28,20,38,20,32,20,26,0,6,1591,80000,"",0,0,1,1,52,5000,5000,[],55,7,0,0,"","",0,"",[],"[0,50,25,15,5,4,1]","[100,25,8,2]",[],4170,"","","","","","","","","","",0,0,""
226,"MapPenitentiary","Penitentiary","Pénitencier","Zuchthaus","刑務所","교도소","Penitenciária","Каторга","Penitenciaría","Penitentiary","監獄",10,"","",[],65,-5495,6,6,"[""Art/Textures/Interface/LoadingImages/AtlasLoadingScreen.dds""]",[2356],[59],6,"[671,672,673,674,675]",141,900,"","",[138],[],[],[],1,[],"","",[],0,"",100,0,"",20,30,164,28,20,8004,9620,120,20,26,0,"[57,1067,1071,1131]","","",20,36,26,28,20,38,20,32,20,26,0,"",[],"","","",20,36,26,28,20,38,20,32,20,26,0,6,1596,78000,"",0,0,1,1,52,5000,5000,[],59,7,0,0,"","",0,"",[],"[0,50,25,15,5,4,1]","[100,25,8,2]",[],4170,"","","","","","","","","","",0,0,""
227,"MapPenitentiary_NoBoss","Penitentiary","Pénitencier","Zuchthaus","刑務所","교도소","Penitenciária","Каторга","Penitenciaría","Penitentiary","監獄",10,"","",[],65,-1125,6,6,"[""Art/Textures/Interface/LoadingImages/AtlasLoadingScreen.dds""]",[2356],[59],6,"[676,677,678,679,680]",141,900,"","",[],[],[],[],1,[],"","",[],0,"",100,0,"",20,30,164,28,20,8004,9620,120,20,26,0,"[57,1067,1071,1131]","","",20,36,26,28,20,38,20,32,20,26,0,"",[],"","","",20,36,26,28,20,38,20,32,20,26,0,6,1596,78000,"",0,0,1,1,52,5000,5000,[],59,7,0,0,"","",0,"",[],"[0,50,25,15,5,4,1]","[100,25,8,2]",[],4170,"","","","","","","","","","",0,0,""
228,"MapLostTowers","Lost Towers","Tours perdues","Verlorene Türme","失われた塔","잃어버린 탑","Torres Perdidas","Утраченные башни","Torres perdidas","หอคอยสาบสูญ","失落之塔",10,"","",[],65,-6948,4,6,"[""Art/Textures/Interface/LoadingImages/AtlasLoadingScreen.dds""]","[2357,74,113]",[59],6,"[681,682,683,684,685,686]",141,900,"","",[284],[],[],[],1,[],"","",[],0,"",100,0,"",20,13970,48340,28,20,24416,10694,14106,20,26,0,"[57,1074,1068,1129]","","",20,36,26,28,20,38,20,32,20,26,0,"",[],"","","",20,36,26,28,20,38,20,32,20,26,0,6,1594,45000,"",0,0,1,1,52,5000,5000,[],58,7,0,0,"","",0,"",[],"[0,50,25,15,5,4,1]","[100,25,8,2]",[],4111,"","","","","","","","","","",0,0,""
229,"MapLostTowers_NoBoss","Lost Towers","Tours perdues","Verlorene Türme","失われた塔","잃어버린 탑","Torres Perdidas","Утраченные башни","Torres perdidas","หอคอยสาบสูญ","失落之塔",10,"","",[],65,-6379,4,6,"[""Art/Textures/Interface/LoadingImages/AtlasLoadingScreen.dds""]","[2357,74,113]",[59],6,"[687,688,689,690,691,692]",141,900,"","",[],[],[],[],1,[],"","",[],0,"",100,0,"",20,13970,48340,28,20,24416,10694,14106,20,26,0,"[57,1074,1068,1129]","","",20,36,26,28,20,38,20,32,20,26,0,"",[],"","","",20,36,26,28,20,38,20,32,20,26,0,6,1594,45000,"",0,0,1,1,52,5000,5000,[],58,7,0,0,"","",0,"",[],"[0,50,25,15,5,4,1]","[100,25,8,2]",[],4111,"","","","","","","","","","",0,0,""
230,"MapBloodwood","Bloodwood","Boisanglant","Blutwald","ブラッドウッド","피숲","Bosque Sangrento","Кроволесье","Bosque sangriento","Bloodwood","血林",10,"","",[],65,23951,4,10,"[""Art/Textures/Interface/LoadingImages/AtlasLoadingScreen.dds""]",[2733],[59],6,"[693,694,695,696]",141,900,"","",[150],[],[],[],1,[],"","",[],0,"",100,0,"",20,30,648,28,20,32,162,8338,20,26,0,"[57,1068,1131]","","",20,36,26,28,20,38,20,32,20,26,0,"",[],"","","",20,36,26,28,20,38,20,32,20,26,0,6,1595,58000,"",0,0,1,1,52,5000,5000,[],55,7,0,0,"","",0,"",[],"[0,50,25,15,5,4,1]","[100,25,8,2]",[],4170,"","","","","","","","","","",0,0,""
231,"MapBloodwood_NoBoss","Bloodwood","Boisanglant","Blutwald","ブラッドウッド","피숲","Bosque Sangrento","Кроволесье","Bosque sangriento","Bloodwood","血林",10,"","",[],65,-8095,4,6,"[""Art/Textures/Interface/LoadingImages/AtlasLoadingScreen.dds""]",[2733],[59],6,"[697,698,699,700]",141,900,"","",[],[],[],[],1,[],"","",[],0,"",100,0,"",20,30,648,28,20,32,162,8338,20,26,0,"[57,1068,1131]","","",20,36,26,28,20,38,20,32,20,26,0,"",[],"","","",20,36,26,28,20,38,20,32,20,26,0,6,1595,58000,"",0,0,1,1,52,5000,5000,[],57,7,0,0,"","",0,"",[],"[0,50,25,15,5,4,1]","[100,25,8,2]",[],4170,"","","","","","","","","","",0,0,""
232,"MapSandspit","Sandspit","Presqu'île","Sandbank","砂の岬","모래 구덩이","Banco de Areia","Песчаная коса","Foso de arena","Sandspit","沙吐",10,"","",[],65,27971,4,6,"[""Art/Textures/Interface/LoadingImages/AtlasLoadingScreen.dds""]",[],[59],6,"[702,703,704,705]",141,900,"","",[373],[],[],[],1,[],"","",[],0,"",100,0,"",20,124,20,28,20,32,9620,8338,20,26,0,"[57,1065,1130]","","",20,36,26,28,20,38,20,32,20,26,0,"",[],"","","",20,36,26,28,20,38,20,32,20,26,0,6,1597,44000,"",0,0,1,1,52,5000,5000,[],55,7,0,0,"","",0,"",[],"[0,50,25,15,5,4,1]","[100,25,8,2]",[],4170,"","","","","","","","","","",0,0,""
233,"MapSandspit_NoBoss","Sandspit","Presqu'île","Sandbank","砂の岬","모래 구덩이","Banco de Areia","Песчаная коса","Foso de arena","Sandspit","沙吐",10,"","",[],65,-17869,4,6,"[""Art/Textures/Interface/LoadingImages/AtlasLoadingScreen.dds""]",[],[59],6,"[706,707,708,709]",141,900,"","",[],[],[],[],1,[],"","",[],0,"",100,0,"",20,124,20,28,20,32,9620,8338,20,26,0,"[57,1065,1130]","","",20,36,26,28,20,38,20,32,20,26,0,"",[],"","","",20,36,26,28,20,38,20,32,20,26,0,6,1597,44000,"",0,0,1,1,52,5000,5000,[],55,7,0,0,"","",0,"",[],"[0,50,25,15,5,4,1]","[100,25,8,2]",[],4170,"","","","","","","","","","",0,0,""
234,"MapForge","Forge","Forge","Schmiede","鍜治炉","대장간","Forja","Кузница","Forja","Forge","鍛造",10,"","",[],65,28068,4,9,"[""Art/Textures/Interface/LoadingImages/AtlasLoadingScreen.dds""]",[2686],[59],6,"[710,711,712,713]",141,900,"","",[378],[],[],[],1,[],"","",[],0,"",100,0,"",20,124,20,28,20,8004,9620,120,20,26,0,"[57,1066,1070,1130]","","",20,36,26,28,20,38,20,32,20,26,0,"",[],"","","",20,36,26,28,20,38,20,32,20,26,0,6,1598,40000,"",0,0,1,1,52,10000,5000,[],56,7,0,0,"","",0,"",[],"[0,0,0,50,25,15,5,4,1]","[0,100,40,5]",[],4170,"","","","","","","","","","",0,0,""
235,"MapForge_NoBoss","Forge","Forge","Schmiede","鍜治炉","대장간","Forja","Кузница","Forja","Forge","鍛造",10,"","",[],65,21780,4,9,"[""Art/Textures/Interface/LoadingImages/AtlasLoadingScreen.dds""]",[2686],[59],6,"[714,715,716,717]",141,900,"","",[],[],[],[],1,[],"","",[],0,"",100,0,"",20,124,20,28,20,8004,9620,120,20,26,0,"[57,1066,1070,1130]","","",20,36,26,28,20,38,20,32,20,26,0,"",[],"","","",20,36,26,28,20,38,20,32,20,26,0,6,1598,40000,"",0,0,1,1,52,10000,5000,[],56,7,0,0,"","",0,"",[],"[0,0,0,50,25,15,5,4,1]","[0,100,40,5]",[],4170,"","","","","","","","","","",0,0,""
236,"MapSulphuricCaverns","Sulphuric Caverns","Cavernes sulfureuses","Schwefelkavernen","硫黄の洞窟","유황 동굴","Cavernas Sulfúricas","Серные пещеры","Cavernas sulfurosas","Sulphuric Caverns","硫化洞窟",10,"","",[],65,10429,4,6,"[""Art/Textures/Interface/LoadingImages/AtlasLoadingScreen.dds""]",[2735],[59],6,[718],141,900,"","","[624,715]",[],[],[],1,[],"","",[],0,"",100,0,"",20,13970,1048,28,20,24416,10694,14106,20,26,0,"[57,1066,1069,1070,1131]","","",20,36,26,28,20,38,20,32,20,26,0,"",[],"","","",20,36,26,28,20,38,20,32,20,26,0,6,1599,55000,"",0,0,1,1,52,5000,5000,[],55,7,0,0,"","",0,"",[],"[0,50,25,15,5,4,1]","[100,25,8,2]",[],4170,"","","","","","","","","","",0,0,""
237,"MapSulphuricCaverns_NoBoss","Sulphuric Caverns","Cavernes sulfureuses","Schwefelkavernen","硫黄の洞窟","유황 동굴","Cavernas Sulfúricas","Серные пещеры","Cavernas sulfurosas","Sulphuric Caverns","硫化洞窟",10,"","",[],65,11169,4,6,"[""Art/Textures/Interface/LoadingImages/AtlasLoadingScreen.dds""]",[2735],[59],6,[719],141,900,"","",[],[],[],[],1,[],"","",[],0,"",100,0,"",20,13970,1048,28,20,24416,10694,14106,20,26,0,"[57,1066,1069,1070,1131]","","",20,36,26,28,20,38,20,32,20,26,0,"",[],"","","",20,36,26,28,20,38,20,32,20,26,0,6,1599,55000,"",0,0,1,1,52,5000,5000,[],55,7,0,0,"","",0,"",[],"[0,50,25,15,5,4,1]","[100,25,8,2]",[],4170,"","","","","","","","","","",0,0,""
238,"MapMire","Mire","Bourbier","Morast","泥沼","진창","Pântano","Трясина","Barrizal","Mire","泥沼",10,"","",[],65,-222,6,9,"[""Art/Textures/Interface/LoadingImages/AtlasLoadingScreen.dds""]",[2687],[59],6,"[721,722,723,724]",141,900,"","",[213],[],[],[],1,[],"","",[],0,"",100,0,"",20,30,648,28,20,32,9620,8338,20,26,0,"[57,1068,1069,1129]","","",20,36,26,28,20,38,20,32,20,26,0,"",[],"","","",20,36,26,28,20,38,20,32,20,26,0,6,1601,40000,"",0,0,1,1,52,7500,5000,[],56,7,0,0,"","",0,"",[],"[0,50,25,15,5,4,1]","[100,25,8,2]",[],4170,"","","","","","","","","","",0,0,""
239,"MapMire_NoBoss","Mire","Bourbier","Morast","泥沼","진창","Pântano","Трясина","Barrizal","Mire","泥沼",10,"","",[],65,1938,6,9,"[""Art/Textures/Interface/LoadingImages/AtlasLoadingScreen.dds""]",[2687],[59],6,"[725,726,727,728]",141,900,"","",[],[],[],[],1,[],"","",[],0,"",100,0,"",20,30,648,28,20,32,9620,8338,20,26,0,"[57,1068,1069,1129]","","",20,36,26,28,20,38,20,32,20,26,0,"",[],"","","",20,36,26,28,20,38,20,32,20,26,0,6,1601,40000,"",0,0,1,1,52,7500,5000,[],56,7,0,0,"","",0,"",[],"[0,50,25,15,5,4,1]","[100,25,8,2]",[],4170,"","","","","","","","","","",0,0,""
240,"MapAugury","Augury","Augure","Prophezeiung","予兆","점술","Presságio","Ауспиции","Premonición","Augury","預兆",10,"","",[],65,-32319,4,6,"[""Art/Textures/Interface/LoadingImages/AtlasLoadingScreen.dds""]",[2688],[59],6,[730],141,900,"","",[280],[],[],[],1,[],"","",[],0,"",100,0,"",20,30,20,28,20,32,10694,120,20,26,0,"[57,1067,1068,1069,1129]","","",20,36,26,28,20,38,20,32,20,26,0,"",[],"","","",20,36,26,28,20,38,20,32,20,26,0,6,1603,55000,"",0,0,1,1,52,5000,5000,[],55,7,0,0,"","",0,"",[],"[0,50,25,15,5,4,1]","[100,25,8,2]",[],4170,"","","","","","","","","","",0,0,""
241,"MapAugury_NoBoss","Augury","Augure","Prophezeiung","予兆","점술","Presságio","Ауспиции","Premonición","Augury","預兆",10,"","",[],65,-12258,6,6,"[""Art/Textures/Interface/LoadingImages/AtlasLoadingScreen.dds""]",[2688],[59],6,[731],141,900,"","",[],[],[],[],1,[],"","",[],0,"",100,0,"",20,30,20,28,20,32,10694,120,20,26,0,"[57,1067,1068,1069,1129]","","",20,36,26,28,20,38,20,32,20,26,0,"",[],"","","",20,36,26,28,20,38,20,32,20,26,0,6,1603,31000,"",0,0,1,1,52,5000,5000,[],56,7,0,0,"","",0,"",[],"[0,50,25,15,5,4,1]","[100,25,8,2]",[],4170,"","","","","","","","","","",0,0,""
242,"MapWoodland","Woodland","Forêt claire","Waldland","森林地帯","밀림","Mata","Редколесье","Bosque","Woodland","木林",10,"","",[],65,19067,4,6,"[""Art/Textures/Interface/LoadingImages/AtlasLoadingScreen.dds""]",[],[59],6,"[733,734,735,736,737,738]",141,900,"","",[169],[],[],[],1,[],"","",[],0,"",100,0,"",20,124,164,28,20,8004,162,8338,20,26,0,"[57,1068,1131]","","",20,36,26,28,20,38,20,32,20,26,0,"",[],"","","",20,36,26,28,20,38,20,32,20,26,0,6,1605,59000,"",0,0,1,1,52,5000,5000,[],60,7,0,0,"","",0,"",[],"[0,50,25,15,5,4,1]","[100,25,8,2]",[],4170,"","","","","","","","","","",0,0,""
243,"MapWoodland_NoBoss","Woodland","Forêt claire","Waldland","森林地帯","밀림","Mata","Редколесье","Bosque","Woodland","木林",10,"","",[],65,8353,4,6,"[""Art/Textures/Interface/LoadingImages/AtlasLoadingScreen.dds""]",[],[59],6,"[739,740,741,742,743,744]",141,900,"","",[],[],[],[],1,[],"","",[],0,"",100,0,"",20,124,164,28,20,8004,162,8338,20,26,0,"[57,1068,1131]","","",20,36,26,28,20,38,20,32,20,26,0,"",[],"","","",20,36,26,28,20,38,20,32,20,26,0,6,1605,59000,"",0,0,1,1,52,5000,5000,[],60,7,0,0,"","",0,"",[],"[0,50,25,15,5,4,1]","[100,25,8,2]",[],4170,"","","","","","","","","","",0,0,""
244,"MapSump","Sump","Puisard","Sickergrube","汚水溜め","웅덩이","Lamaçal","Водоотлив","Foso séptico","Sump","污水坑",10,"","",[],65,24670,4,6,"[""Art/Textures/Interface/LoadingImages/AtlasLoadingScreen.dds""]",[2731],[59],6,"[745,746,747,748]",141,900,"","",[913],[],[],[],1,[],"","",[],0,"",100,0,"",20,30,20,28,20,32,92,8338,20,26,0,"[57,1069,1129]","","",20,36,26,28,20,38,20,32,20,26,0,"",[],"","","",20,36,26,28,20,38,20,32,20,26,0,6,1606,48000,"",0,0,1,1,52,10000,4000,[],55,7,0,0,"","",0,"",[],"[0,0,0,50,25,15,5,4,1]","[0,100,40,5]",[],4170,"","","","","","","","","","",0,0,""
245,"MapSump_NoBoss","Sump","Puisard","Sickergrube","汚水溜め","웅덩이","Lamaçal","Водоотлив","Foso séptico","Sump","污水坑",10,"","",[],65,17811,4,6,"[""Art/Textures/Interface/LoadingImages/AtlasLoadingScreen.dds""]",[2731],[59],6,"[749,750,751,752]",141,900,"","",[],[],[],[],1,[],"","",[],0,"",100,0,"",20,30,20,28,20,32,92,8338,20,26,0,"[57,1069,1129]","","",20,36,26,28,20,38,20,32,20,26,0,"",[],"","","",20,36,26,28,20,38,20,32,20,26,0,6,1606,48000,"",0,0,1,1,52,10000,4000,[],55,7,0,0,"","",0,"",[],"[0,0,0,50,25,15,5,4,1]","[0,100,40,5]",[],4170,"","","","","","","","","","",0,0,""
246,"MapWillow","Willow","Bosquet","Laubwald","柳","버드나무","Salgueiro","Ивняк","Saucedal","Willow","垂柳",10,"","",[],65,-11170,4,6,"[""Art/Textures/Interface/LoadingImages/AtlasLoadingScreen.dds""]",[],[59],6,"[753,754,755,756]",141,900,"","",[177],[],[],[],1,[],"","",[],0,"",100,0,"",20,30,648,28,20,32,92,8338,20,26,0,"[57,1068,1131]","","",20,36,26,28,20,38,20,32,20,26,0,"",[],"","","",20,36,26,28,20,38,20,32,20,26,0,6,1607,77000,"",0,0,1,1,52,5000,5000,[],55,7,0,0,"","",0,"",[],"[0,50,25,15,5,4,1]","[100,25,8,2]",[],4170,"","","","","","","","","","",0,0,""
247,"MapWillow_NoBoss","Willow","Bosquet","Laubwald","柳","버드나무","Salgueiro","Ивняк","Saucedal","Willow","垂柳",10,"","",[],65,-25902,4,6,"[""Art/Textures/Interface/LoadingImages/AtlasLoadingScreen.dds""]",[],[59],6,"[757,758,759,760]",141,900,"","",[],[],[],[],1,[],"","",[],0,"",100,0,"",20,30,648,28,20,32,92,8338,20,26,0,"[57,1068,1131]","","",20,36,26,28,20,38,20,32,20,26,0,"",[],"","","",20,36,26,28,20,38,20,32,20,26,0,6,1607,77000,"",0,0,1,1,52,5000,5000,[],55,7,0,0,"","",0,"",[],"[0,50,25,15,5,4,1]","[100,25,8,2]",[],4170,"","","","","","","","","","",0,0,""
248,"MapHive","Hive","Ruche","Nest","巣穴","벌레집","Colmeia","Улей","Colmena","Hive","巢穴",10,"","",[],65,-16649,4,6,"[""Art/Textures/Interface/LoadingImages/AtlasLoadingScreen.dds""]",[2689],[59],6,[761],141,900,"","",[1397],[],[],[],1,[],"","",[],0,"",100,0,"",20,124,164,28,20,8004,92,120,20,26,0,"[57,1070,1130]","","",20,36,26,28,20,38,20,32,20,26,0,"",[],"","","",20,36,26,28,20,38,20,32,20,26,0,6,1608,60000,"",0,0,1,1,52,5000,5000,[],55,7,0,0,"","",0,"",[],"[0,50,25,15,5,4,1]","[100,25,8,2]",[],4170,"","","","","","","","","","",0,0,""
249,"MapHive_NoBoss","Hive","Ruche","Nest","巣穴","벌레집","Colmeia","Улей","Colmena","Hive","巢穴",10,"","",[],65,32467,4,6,"[""Art/Textures/Interface/LoadingImages/AtlasLoadingScreen.dds""]",[2689],[59],6,[762],141,900,"","",[],[],[],[],1,[],"","",[],0,"",100,0,"",20,124,164,28,20,8004,92,120,20,26,0,"[57,1070,1130]","","",20,36,26,28,20,38,20,32,20,26,0,"",[],"","","",20,36,26,28,20,38,20,32,20,26,0,6,1608,52000,"",0,0,1,1,52,5000,5000,[],55,7,0,0,"","",0,"",[],"[0,50,25,15,5,4,1]","[100,25,8,2]",[],4170,"","","","","","","","","","",0,0,""
250,"MapHeadland","Headland","Promontoire","Landzunge","岬","갑","Cabo","Мыс","Cabo","Headland","海角",10,"","",[],65,28568,6,6,"[""Art/Textures/Interface/LoadingImages/AtlasLoadingScreen.dds""]",[2730],[59],6,"[764,765,766,767,768,769]",141,900,"","",[375],[],[],[],1,[],"","",[],0,"",100,0,"",20,30,20,28,20,32,92,8338,20,26,0,"[57,1066,1072,1130]","","",20,36,26,28,20,38,20,32,20,26,0,"",[],"","","",20,36,26,28,20,38,20,32,20,26,0,6,1610,51000,"",0,0,1,1,52,5000,5000,[],59,7,0,0,"","",0,"",[],"[0,50,25,15,5,4,1]","[100,25,8,2]",[],4170,"","","","","","","","","","",0,0,""
251,"MapHeadland_NoBoss","Headland","Promontoire","Landzunge","岬","갑","Cabo","Мыс","Cabo","Headland","海角",10,"","",[],65,19476,6,6,"[""Art/Textures/Interface/LoadingImages/AtlasLoadingScreen.dds""]",[2730],[59],6,"[770,771,772,773,774,775]",141,900,"","",[],[],[],[],1,[],"","",[],0,"",100,0,"",20,30,20,28,20,32,92,8338,20,26,0,"[57,1066,1072,1130]","","",20,36,26,28,20,38,20,32,20,26,0,"",[],"","","",20,36,26,28,20,38,20,32,20,26,0,6,1610,51000,"",0,0,1,1,52,5000,5000,[],59,7,0,0,"","",0,"",[],"[0,50,25,15,5,4,1]","[100,25,8,2]",[],4170,"","","","","","","","","","",0,0,""
252,"MapLoftySummit","Lofty Summit","Haut sommet","Hoher Gipfel","そびえる山頂","높은 정상","Cume Elevado","Вершина","Cima prominente","Lofty Summit","崇高之巔",10,"","",[],65,-11202,4,6,"[""Art/Textures/Interface/LoadingImages/AtlasLoadingScreen.dds""]",[],[59],6,[776],141,900,"","",[908],[],[],[],1,[],"","",[],0,"",100,0,"",20,30,648,28,20,32,9620,120,20,26,0,"[57,1066,1129]","","",20,36,26,28,20,38,20,32,20,26,0,"",[],"","","",20,36,26,28,20,38,20,32,20,26,0,6,1611,45000,13,0,0,1,1,52,5000,5000,[],56,7,0,0,"","",0,"",[],"[0,50,25,15,5,4,1]","[100,25,8,2]",[],4170,"","","","","","","","","","",0,0,""
253,"MapLoftySummit_NoBoss","Lofty Summit","Haut sommet","Hoher Gipfel","そびえる山頂","높은 정상","Cume Elevado","Вершина","Cima prominente","Lofty Summit","崇高之巔",10,"","",[],65,8368,4,6,"[""Art/Textures/Interface/LoadingImages/AtlasLoadingScreen.dds""]",[],[59],6,[777],141,900,"","",[],[],[],[],1,[],"","",[],0,"",100,0,"",20,30,648,28,20,32,9620,120,20,26,0,"[57,1066,1129]","","",20,36,26,28,20,38,20,32,20,26,0,"",[],"","","",20,36,26,28,20,38,20,32,20,26,0,6,1611,45000,13,0,0,1,1,52,5000,5000,[],56,7,0,0,"","",0,"",[],"[0,50,25,15,5,4,1]","[100,25,8,2]",[],4170,"","","","","","","","","","",0,0,""
254,"MapNecropolis","Necropolis","Nécropole","Nekropole","共同墓地","매장지","Necrópole","Некрополь","Necrópolis","Necropolis","魔影墓場",10,"","",[],65,7491,6,6,"[""Art/Textures/Interface/LoadingImages/AtlasLoadingScreen.dds""]",[],[59],6,"[816,817,818,819,820,821,822,823,824,825,826,827]",141,900,"","",[1287],[],[],[],1,[],"","",[],0,"",100,0,"",20,124,20,28,20,8004,92,120,20,26,0,"[57,1068,1071,1131]","","",20,36,26,28,20,38,20,32,20,26,0,"",[],"","","",20,36,26,28,20,38,20,32,20,26,0,6,1613,54000,"",0,0,1,1,52,5000,5000,[],57,7,0,0,"","",0,"",[],"[0,50,25,15,5,4,1]","[100,25,8,2]",[],4170,"","","","","","","","","","",0,0,""
255,"MapNecropolis_NoBoss","Necropolis","Nécropole","Nekropole","共同墓地","매장지","Necrópole","Некрополь","Necrópolis","Necropolis","魔影墓場",10,"","",[],65,-15780,6,6,"[""Art/Textures/Interface/LoadingImages/AtlasLoadingScreen.dds""]",[],[59],6,"[828,829,830,831,832,833,834,835,836,837,838,839]",141,900,"","",[],[],[],[],1,[],"","",[],0,"",100,0,"",20,124,20,28,20,8004,92,120,20,26,0,"[57,1068,1071,1131]","","",20,36,26,28,20,38,20,32,20,26,0,"",[],"","","",20,36,26,28,20,38,20,32,20,26,0,6,1613,54000,"",0,0,1,1,52,5000,5000,[],57,7,0,0,"","",0,"",[],"[0,50,25,15,5,4,1]","[100,25,8,2]",[],4170,"","","","","","","","","","",0,0,""
256,"MapCrypt","Crypt","Crypte","Beinhaus","地下納骨堂","묘실","Cripta","Крипта","Cripta","Crypt","靜謐陵墓",10,"","",[],65,32391,4,6,"[""Art/Textures/Interface/LoadingImages/AtlasLoadingScreen.dds""]",[],[59],6,"[840,841,842,843,844,845,846,847,848,849,850,851]",141,900,"","",[1354],[],[],[],1,[],"","",[],0,"",100,0,"",20,124,164,28,20,8004,9620,120,20,26,0,"[57,1066,1067,1070,1131]","","",20,36,26,28,20,38,20,32,20,26,0,"",[],"","","",20,36,26,28,20,38,20,32,20,26,0,6,1614,52000,"",0,0,1,1,52,10000,5000,[],57,7,0,0,"","",0,"",[],"[0,50,25,15,5,4,1]","[100,25,8,2]",[],4170,"","","","","","","","","","",0,0,""
257,"MapCrypt_NoBoss","Crypt","Crypte","Beinhaus","地下納骨堂","묘실","Cripta","Крипта","Cripta","Crypt","靜謐陵墓",10,"","",[],65,2828,4,6,"[""Art/Textures/Interface/LoadingImages/AtlasLoadingScreen.dds""]",[],[59],6,"[852,853,854,855,856,857,858,859,860,861,862,863]",141,900,"","",[],[],[],[],1,[],"","",[],0,"",100,0,"",20,124,164,28,20,8004,9620,120,20,26,0,"[57,1066,1067,1070,1131]","","",20,36,26,28,20,38,20,32,20,26,0,"",[],"","","",20,36,26,28,20,38,20,32,20,26,0,6,1614,52000,"",0,0,1,1,52,10000,5000,[],57,7,0,0,"","",0,"",[],"[0,50,25,15,5,4,1]","[100,25,8,2]",[],4170,"","","","","","","","","","",0,0,""
258,"MapHiddenGrotto","Hidden Grotto","Grotte cachée","Versteckte Grotte","隠れ岩屋","숨겨진 석굴","Gruta Oculta","Тайный грот","Gruta oculta","Hidden Grotto","隱密石窟",10,"","",[],65,18157,4,6,"[""Art/Textures/Interface/LoadingImages/AtlasLoadingScreen.dds""]",[],[59],6,"[779,780,781,782]",141,900,"","",[757],[],[],[],1,[],"","",[],0,"",100,0,"",20,124,20,28,20,8004,92,120,20,26,0,"[57,1066,1067,1068,1069,1130]","","",20,36,26,28,20,38,20,32,20,26,0,"",[],"","","",20,36,26,28,20,38,20,32,20,26,0,6,1615,50000,"",0,0,1,1,52,5000,5000,[],55,7,0,0,"","",0,"",[],"[0,50,25,15,5,4,1]","[100,25,8,2]",[],4170,"","","","","","","","","","",0,0,""
259,"MapHiddenGrotto_NoBoss","Hidden Grotto","Grotte cachée","Versteckte Grotte","隠れ岩屋","숨겨진 석굴","Gruta Oculta","Тайный грот","Gruta oculta","Hidden Grotto","隱密石窟",10,"","",[],65,2649,4,6,"[""Art/Textures/Interface/LoadingImages/AtlasLoadingScreen.dds""]",[],[59],6,"[783,784,785,786]",141,900,"","",[],[],[],[],1,[],"","",[],0,"",100,0,"",20,124,20,28,20,8004,92,120,20,26,0,"[57,1066,1067,1068,1069,1130]","","",20,36,26,28,20,38,20,32,20,26,0,"",[],"","","",20,36,26,28,20,38,20,32,20,26,0,6,1615,52500,"",0,0,1,1,52,5000,5000,[],58,7,0,0,"","",0,"",[],"[0,50,25,15,5,4,1]","[100,25,8,2]",[],4170,"","","","","","","","","","",0,0,""
260,"MapSteamingSprings","Steaming Springs","Sources thermales","Heisse Quellen","蒸気泉","증기 뿜는 샘","Fontes Vaporizantes","Горячие источники","Manantiales vaporosos","Steaming Springs","蒸氣之泉",10,"","",[],65,-9186,4,6,"[""Art/Textures/Interface/LoadingImages/AtlasLoadingScreen.dds""]",[],[59],6,"[787,788,789,790,791,792]",141,900,"","",[709],[],[],[],1,[],"","",[],0,"",100,0,"",20,13970,1048,28,20,24416,16402,13132,20,26,0,"[57,1066,1067,1068,1130]","","",20,36,26,28,20,38,20,32,20,26,0,"",[],"","","",20,36,26,28,20,38,20,32,20,26,0,6,1616,61000,"",0,0,1,1,52,5000,5000,[],55,7,0,0,"","",0,"",[],"[0,50,25,15,5,4,1]","[100,25,8,2]",[],4170,"","","","","","","","","","",0,0,""
261,"MapSteamingSprings_NoBoss","Steaming Springs","Sources thermales","Heisse Quellen","蒸気泉","증기 뿜는 샘","Fontes Vaporizantes","Горячие источники","Manantiales vaporosos","Steaming Springs","蒸氣之泉",10,"","",[],65,-10665,4,6,"[""Art/Textures/Interface/LoadingImages/AtlasLoadingScreen.dds""]",[],[59],6,"[793,794,795,796,797,798]",141,900,"","",[],[],[],[],1,[],"","",[],0,"",100,0,"",20,13970,1048,28,20,24416,16402,13132,20,26,0,"[57,1066,1067,1068,1130]","","",20,36,26,28,20,38,20,32,20,26,0,"",[],"","","",20,36,26,28,20,38,20,32,20,26,0,6,1616,61000,"",0,0,1,1,52,5000,5000,[],55,7,0,0,"","",0,"",[],"[0,50,25,15,5,4,1]","[100,25,8,2]",[],4170,"","","","","","","","","","",0,0,""
262,"MapSeepage","Seepage","Infiltration","Sickerwasser","漏出","누수","Infiltração","Затон","Drenaje","Seepage","滲漏",10,"","",[],65,6675,4,6,"[""Art/Textures/Interface/LoadingImages/AtlasLoadingScreen.dds""]",[2732],[59],6,"[799,800]",141,900,"","",[1397],[],[],[],1,[],"","",[],0,"",100,0,"",20,124,164,28,20,8004,92,8338,20,26,0,"[57,1067,1068,1069,1129]","","",20,36,26,28,20,38,20,32,20,26,0,"",[],"","","",20,36,26,28,20,38,20,32,20,26,0,6,1617,50000,"",0,0,1,1,52,10000,5000,[],55,7,0,0,"","",0,"",[],"[0,0,0,50,25,15,5,4,1]","[0,100,40,5]",[],4170,"","","","","","","","","","",0,0,""
263,"MapSeepage_NoBoss","Seepage","Infiltration","Sickerwasser","漏出","누수","Infiltração","Затон","Drenaje","Seepage","滲漏",10,"","",[],65,-1857,4,6,"[""Art/Textures/Interface/LoadingImages/AtlasLoadingScreen.dds""]",[2732],[59],6,"[801,802]",141,900,"","",[],[],[],[],1,[],"","",[],0,"",100,0,"",20,124,164,28,20,8004,92,8338,20,26,0,"[57,1067,1068,1069,1129]","","",20,36,26,28,20,38,20,32,20,26,0,"",[],"","","",20,36,26,28,20,38,20,32,20,26,0,6,1617,50000,"",0,0,1,1,52,10000,5000,[],55,7,0,0,"","",0,"",[],"[0,0,0,50,25,15,5,4,1]","[0,100,40,5]",[],4170,"","","","","","","","","","",0,0,""
264,"MapRiverside","Riverside","Berge","Flussufer","川辺","강변","Ribeirão","Приречье","Ribera","Riverside","河畔",10,"","",[],65,-31815,4,6,"[""Art/Textures/Interface/LoadingImages/AtlasLoadingScreen.dds""]",[2734],[59],6,"[803,804,805,806]",141,900,"","",[864],[],[],[],1,[],"","",[],0,"",100,0,"",20,124,164,28,20,32,162,120,20,26,0,"[57,1068,1131]","","",20,36,26,28,20,38,20,32,20,26,0,"",[],"","","",20,36,26,28,20,38,20,32,20,26,0,6,1618,44500,"",0,0,1,1,52,5000,5000,[],60,7,0,0,"","",0,"",[],"[0,50,25,15,5,4,1]","[100,25,8,2]",[],4170,"","","","","","","","","","",0,0,""
265,"MapRiverside_NoBoss","Riverside","Berge","Flussufer","川辺","강변","Ribeirão","Приречье","Ribera","Riverside","河畔",10,"","",[],65,23758,4,6,"[""Art/Textures/Interface/LoadingImages/AtlasLoadingScreen.dds""]",[2734],[59],6,"[807,808,809,810]",141,900,"","",[],[],[],[],1,[],"","",[],0,"",100,0,"",20,124,164,28,20,32,162,120,20,26,0,"[57,1068,1131]","","",20,36,26,28,20,38,20,32,20,26,0,"",[],"","","",20,36,26,28,20,38,20,32,20,26,0,6,1618,44500,"",0,0,1,1,52,5000,5000,[],60,7,0,0,"","",0,"",[],"[0,50,25,15,5,4,1]","[100,25,8,2]",[],4170,"","","","","","","","","","",0,0,""
266,"MapRavine","Ravine","Ravin","Hohlweg","渓谷","심곡","Ravina","Ущелье","Desfiladero","Ravine","溪谷",10,"","",[],65,-6841,4,6,"[""Art/Textures/Interface/LoadingImages/AtlasLoadingScreen.dds""]",[],[59],6,[864],141,900,"","",[1282],[],[],[],1,[],"","",[],0,"",100,0,"",20,30,648,28,20,8004,162,8338,20,26,0,"[57,1066,1129]","","",20,36,26,28,20,38,20,32,20,26,0,"",[],"","","",20,36,26,28,20,38,20,32,20,26,0,6,1625,50000,"",0,0,1,1,52,5000,5000,[],55,7,0,0,"","",0,"",[],"[0,50,25,15,5,4,1]","[100,25,8,2]",[],4170,"","","","","","","","","","",0,0,""
267,"MapRavine_NoBoss","Ravine","Ravin","Hohlweg","渓谷","심곡","Ravina","Ущелье","Desfiladero","Ravine","溪谷",10,"","",[],65,-18957,4,6,"[""Art/Textures/Interface/LoadingImages/AtlasLoadingScreen.dds""]",[],[59],6,[865],141,900,"","",[],[],[],[],1,[],"","",[],0,"",100,0,"",20,30,648,28,20,8004,162,8338,20,26,0,"[57,1066,1129]","","",20,36,26,28,20,38,20,32,20,26,0,"",[],"","","",20,36,26,28,20,38,20,32,20,26,0,6,1625,43000,"",0,0,1,1,52,5000,5000,[],55,7,0,0,"","",0,"",[],"[0,50,25,15,5,4,1]","[100,25,8,2]",[],4170,"","","","","","","","","","",0,0,""
268,"MapSpiderWoods","Spider Woods","Bois aux araignées","Spinnenwald","蜘蛛の森","거미 숲","Matas da Aranha","Паучьи леса","Bosque arácnido","Spider Woods","蜘蛛之林",10,"","",[],65,-3788,4,6,"[""Art/Textures/Interface/LoadingImages/AtlasLoadingScreen.dds""]",[2332],[59],6,"[866,867,868,869,870]",141,900,"","",[1402],[],[],[],1,[],"","",[],0,"",100,0,"",20,13024,648,28,20,24416,16402,8338,20,26,0,"[57,1068,1131]","","",20,36,26,28,20,38,20,32,20,26,0,"",[],"","","",20,36,26,28,20,38,20,32,20,26,0,6,1626,50000,"",0,0,1,1,52,5000,5000,[],60,7,0,0,"","",0,"",[],"[0,50,25,15,5,4,1]","[100,25,8,2]",[],4170,"","","","","","","","","","",0,0,""
269,"MapSpiderWoods_NoBoss","Spider Woods","Bois aux araignées","Spinnenwald","蜘蛛の森林","거미 숲","Matas da Aranha","Паучьи леса","Bosque arácnido","Spider Woods","蜘蛛之林",10,"","",[],65,-13594,4,6,"[""Art/Textures/Interface/LoadingImages/AtlasLoadingScreen.dds""]",[2332],[59],6,"[871,872,873,874,875]",141,900,"","",[],[],[],[],1,[],"","",[],0,"",100,0,"",20,13024,648,28,20,24416,16402,8338,20,26,0,"[57,1068,1131]","","",20,36,26,28,20,38,20,32,20,26,0,"",[],"","","",20,36,26,28,20,38,20,32,20,26,0,6,1626,50000,"",0,0,1,1,52,5000,5000,[],60,7,0,0,"","",0,"",[],"[0,50,25,15,5,4,1]","[100,25,8,2]",[],4170,"","","","","","","","","","",0,0,""
270,"MapAbyss","Abyss","Abîme","Abgrund","深淵","심연","Abismo","Бездна","Abismo","Abyss","絕望深淵",10,"","",[],65,-28852,4,6,"[""Art/Textures/Interface/LoadingImages/AtlasLoadingScreen.dds""]",[],[59],6,"[876,877,878,879]",141,900,"","",[757],[],[],[],1,[],"","",[],0,"",100,0,"",20,30,648,28,20,32,9620,8338,20,26,0,"[57,1066,1070,1130]","","",20,36,26,28,20,38,20,32,20,26,0,"",[],"","","",20,36,26,28,20,38,20,32,20,26,0,6,1627,42000,"",0,0,1,1,52,5000,5000,[],55,7,0,0,"","",0,"",[],"[0,50,25,15,5,4,1]","[100,25,8,2]",[],4170,"","","","","","","","","","",0,0,""
271,"MapAbyss_NoBoss","Abyss","Abîme","Abgrund","深淵","심연","Abismo","Бездна","Abismo","Abyss","絕望深淵",10,"","",[],65,-130,4,6,"[""Art/Textures/Interface/LoadingImages/AtlasLoadingScreen.dds""]",[],[59],6,"[880,881,882,883]",141,900,"","",[],[],[],[],1,[],"","",[],0,"",100,0,"",20,30,648,28,20,32,9620,8338,20,26,0,"[57,1066,1070,1130]","","",20,36,26,28,20,38,20,32,20,26,0,"",[],"","","",20,36,26,28,20,38,20,32,20,26,0,6,1627,42000,"",0,0,1,1,52,5000,5000,[],55,7,0,0,"","",0,"",[],"[0,50,25,15,5,4,1]","[100,25,8,2]",[],4170,"","","","","","","","","","",0,0,""
272,"MapGrimhaven","Grimhaven","Havre sinistre","Geisterhafen","グリムヘブン","그림헤이븐","Abrigo Macabro","Мрачная гавань","Refugio sombrío","Grimhaven","肅穆之地",10,"","",[],65,-60,4,6,"[""Art/Textures/Interface/LoadingImages/AtlasLoadingScreen.dds""]",[],[59],6,[885],141,900,"","",[1358],[],[],[],1,[],"","",[],0,"",100,0,"",20,30,648,28,20,32,9620,8338,20,26,0,"[57,1067,1071,1131]","","",20,36,26,28,20,38,20,32,20,26,0,"",[],"","","",20,36,26,28,20,38,20,32,20,26,0,6,1632,61000,"",0,0,1,1,52,10000,5000,[],59,7,0,0,"","",0,"",[],"[0,0,0,50,25,15,5,4,1]","[0,100,40,5]",[],4170,"","","","","","","","","","",0,0,""
273,"MapGrimhaven_NoBoss","Grimhaven","Havre sinistre","Geisterhafen","グリムヘブン","그림헤이븐","Abrigo Macabro","Мрачная гавань","Refugio sombrío","Grimhaven","肅穆之地",10,"","",[],65,2124,4,6,"[""Art/Textures/Interface/LoadingImages/AtlasLoadingScreen.dds""]",[],[59],6,[886],141,900,"","",[],[],[],[],1,[],"","",[],0,"",100,0,"",20,30,648,28,20,32,9620,8338,20,26,0,"[57,1067,1071,1131]","","",20,36,26,28,20,38,20,32,20,26,0,"",[],"","","",20,36,26,28,20,38,20,32,20,26,0,6,1632,61000,"",0,0,1,1,52,10000,5000,[],59,7,0,0,"","",0,"",[],"[0,0,0,50,25,15,5,4,1]","[0,100,40,5]",[],4170,"","","","","","","","","","",0,0,""
274,"MapVaalVillage","Vaal Village","Village vaal","Dorf der Vaal","ヴァールの村","바알 마을","Aldeia Vaal","Поселение ваал","Aldea vaal","Vaal Village","瓦爾村莊",10,"","",[],65,14616,4,6,"[""Art/Textures/Interface/LoadingImages/AtlasLoadingScreen.dds""]",[],[59],6,[887],141,900,"","",[373],[],[],[],1,[],"","",[],0,"",100,0,"",20,30,164,28,20,8004,92,120,20,26,0,"[57,1069,1073,1129]","","",20,36,26,28,20,38,20,32,20,26,0,"",[],"","","",20,36,26,28,20,38,20,32,20,26,0,6,1633,50000,"",0,0,1,1,52,5000,5000,[],55,7,0,0,"","",0,"",[],"[0,50,25,15,5,4,1]","[100,25,8,2]",[],4170,"","","","","","","","","","",0,0,""
275,"MapVaalOutskirts","Vaal Outskirts","Abords vaal","Stadtrand der Vaal","ヴァールの郊外","바알 외곽","Arredores Vaal","Окраины ваал","Suburbios vaal","Vaal Outskirts","瓦爾郊區",10,"","",[],65,14489,4,6,"[""Art/Textures/Interface/LoadingImages/AtlasLoadingScreen.dds""]",[],[59],6,[888],141,900,"","",[373],[],[],[],1,[],"","",[],0,"",100,0,"",20,13024,648,28,20,15804,10694,13132,20,26,0,"[57,311,173,1062,169,1060,1064,54,74,122,50,62,322,127,708,75,56,1059,224,1063,704,76,79,1061,312,113,398,102,65,73,49,709,1056,707,51,1057,95,706,703,705,69,310,309,66,53,1058]","","",20,36,26,28,20,38,20,32,20,26,0,"",[],"","","",20,36,26,28,20,38,20,32,20,26,0,6,1634,50000,"",0,0,1,1,52,5000,5000,[],55,7,0,0,"","",0,"",[],"[0,50,25,15,5,4,1]","[100,25,8,2]",[],4170,"","","","","","","","","","",0,0,""
276,"MapSlick","Slick","Nappe souterraine","Öl-Lache","水面","미끌","Viscoso","Гладь","Cámaras oleosas","Slick","浮油",10,"","",[],65,28476,4,6,"[""Art/Textures/Interface/LoadingImages/AtlasLoadingScreen.dds""]",[],[59],6,"[889,891]",141,900,"","",[793],[],[],[],1,[],"","",[],0,"",100,0,"",20,124,20,28,20,32,9620,14106,20,26,0,"[57,1066,1070,1130]","","",20,36,26,28,20,38,20,32,20,26,0,"",[],"","","",20,36,26,28,20,38,20,32,20,26,0,6,1635,55000,"",0,0,1,1,52,5000,5000,[],55,7,0,0,"","",0,"",[],"[0,50,25,15,5,4,1]","[100,25,8,2]",[],4170,"","","","","","","","","","",0,0,""
277,"MapSlick_NoBoss","Slick","Nappe souterraine","Öl-Lache","水面","미끌","Viscoso","Гладь","Cámaras oleosas","Slick","浮油",10,"","",[],65,8958,4,6,"[""Art/Textures/Interface/LoadingImages/AtlasLoadingScreen.dds""]",[],[59],6,"[890,892]",141,900,"","",[],[],[],[],1,[],"","",[],0,"",100,0,"",20,124,20,28,20,32,9620,14106,20,26,0,"[57,1066,1070,1130]","","",20,36,26,28,20,38,20,32,20,26,0,"",[],"","","",20,36,26,28,20,38,20,32,20,26,0,6,1635,66000,"",0,0,1,1,52,10000,5000,[],55,7,0,0,"","",0,"",[],"[0,50,25,15,5,4,1]","[100,25,8,2]",[],4170,"","","","","","","","","","",0,0,""
278,"MapVaalCity","Vaal City","Cité vaal","Stadt der Vaal","ヴァールの都市","바알 도시","Cidade Vaal","Город ваал","Ciudad vaal","Vaal City","瓦爾古城",10,"","",[],65,-27623,8,6,"[""Art/Textures/Interface/LoadingImages/AtlasLoadingScreen.dds""]",[],[59],6,"[893,894,895]",141,900,"","",[954],[],[],[],1,[],"","",[],0,"",100,0,"",20,124,20,28,20,8004,92,120,20,26,0,"[57,1069,1073,1129]","","",20,36,26,28,20,38,20,32,20,26,0,"",[],"","","",20,36,26,28,20,38,20,32,20,26,0,6,1636,61000,"",0,0,1,1,52,5000,5000,[],59,7,0,0,"","",0,"",[],"[0,50,25,15,5,4,1]","[100,25,8,2]",[],4170,"","","","","","","","","","",0,0,""
279,"MapVaalCity_NoBoss","Vaal City","Cité vaal","Stadt der Vaal","ヴァールの都市","바알 도시","Cidade Vaal","Город ваал","Ciudad vaal","Vaal City","瓦爾古城",10,"","",[],65,22402,8,6,"[""Art/Textures/Interface/LoadingImages/AtlasLoadingScreen.dds""]",[],[59],6,"[896,897,898]",141,900,"","",[],[],[],[],1,[],"","",[],0,"",100,0,"",20,124,20,28,20,8004,92,120,20,26,0,"[57,1069,1073,1129]","","",20,36,26,28,20,38,20,32,20,26,0,"",[],"","","",20,36,26,28,20,38,20,32,20,26,0,6,1636,61000,"",0,0,1,1,52,5000,5000,[],59,7,0,0,"","",0,"",[],"[0,50,25,15,5,4,1]","[100,25,8,2]",[],4170,"","","","","","","","","","",0,0,""
280,"MapSteppe","Steppe","Steppe","Steppe","草原","아열대 초원","Estepe","Степь","Estepa","Steppe","乾草原",10,"","",[],65,16117,4,6,"[""Art/Textures/Interface/LoadingImages/AtlasLoadingScreen.dds""]",[],[59],6,"[899,900,901,902]",141,900,"","",[242],[],[],[],1,[],"","",[],0,"",100,0,"",20,124,20,28,20,8004,9620,120,20,26,0,"[57,1067,1129]","","",20,36,26,28,20,38,20,32,20,26,0,"",[],"","","",20,36,26,28,20,38,20,32,20,26,0,6,1637,100000,"",0,0,1,1,52,5000,5000,[],55,7,0,0,"","",0,"",[],"[0,50,25,15,5,4,1]","[100,25,8,2]",[],4170,"","","","","","","","","","",0,0,""
281,"MapSteppe_NoBoss","Steppe","Steppe","Steppe","草原","아열대 초원","Estepe","Степь","Estepa","Steppe","乾草原",10,"","",[],65,-11116,4,6,"[""Art/Textures/Interface/LoadingImages/AtlasLoadingScreen.dds""]",[],[59],6,"[903,904,905,906]",141,900,"","",[],[],[],[],1,[],"","",[],0,"",100,0,"",20,124,20,28,20,8004,9620,120,20,26,0,"[57,1067,1129]","","",20,36,26,28,20,38,20,32,20,26,0,"",[],"","","",20,36,26,28,20,38,20,32,20,26,0,6,1637,100000,"",0,0,1,1,52,5000,5000,[],55,7,0,0,"","",0,"",[],"[0,50,25,15,5,4,1]","[100,25,8,2]",[],4170,"","","","","","","","","","",0,0,""
282,"MapSwampTower","Sinking Spire","Cîme engloutie","Sinkende Spitze","沈む尖塔","가라앉는 첨탑","Torre Submersa","Тонущий шпиль","Torre pantanosa","ยอดแหลมที่จม","沉溺尖塔",10,"","",[],65,17902,4,6,"[""Art/Textures/Interface/LoadingImages/AtlasLoadingScreen.dds""]","[2357,25,113]",[59],6,"[911,912,913,914,915,916,917,918,919,920,921,922]",141,900,"","",[911],[],[],[],1,[],"","",[],0,"",100,0,"",20,124,20,28,20,8004,92,120,20,26,0,"[57,1069,1074,1129]","","",20,36,26,28,20,38,20,32,20,26,0,"",[],"","","",20,36,26,28,20,38,20,32,20,26,0,6,1641,40000,"",0,0,1,1,52,5000,5000,[],58,7,0,0,"","",0,"",[],"[0,50,25,15,5,4,1]","[100,25,8,2]",[],4111,"","","","","","","","","","",0,0,""
283,"MapSwampTower_NoBoss","Sinking Spire","Cîme engloutie","Sinkende Spitze","沈む尖塔","가라앉는 첨탑","Torre Submersa","Тонущий шпиль","Torre pantanosa","ยอดแหลมที่จม","沉溺尖塔",10,"","",[],65,-1387,4,6,"[""Art/Textures/Interface/LoadingImages/AtlasLoadingScreen.dds""]","[2357,25,113]",[59],6,"[923,924,925,926,927,928,929,930,931,932,933,934]",141,900,"","",[],[],[],[],1,[],"","",[],0,"",100,0,"",20,124,20,28,20,8004,92,120,20,26,0,"[57,1069,1074,1129]","","",20,36,26,28,20,38,20,32,20,26,0,"",[],"","","",20,36,26,28,20,38,20,32,20,26,0,6,1641,54500,"",0,0,1,1,52,5000,5000,[],58,7,0,0,"","",0,"",[],"[0,50,25,15,5,4,1]","[100,25,8,2]",[],4111,"","","","","","","","","","",0,0,""
284,"MapRockpools","Rockpools","Estran","Felsentümpel","潮だまり","바위틈 웅덩이","Piscinas Rochosas","Литораль","Estanques","Rockpools","岩池",10,"","",[],65,-32194,4,6,"[""Art/Textures/Interface/LoadingImages/AtlasLoadingScreen.dds""]",[],[59],6,[935],141,900,"","",[373],[],[],[],1,[],"","",[],0,"",100,0,"",20,30,48340,28,20,24416,9620,13132,20,26,0,"[57,1068,1069,1129]","","",20,36,26,28,20,38,20,32,20,26,0,"",[],"","","",20,36,26,28,20,38,20,32,20,26,0,6,1645,50000,"",0,0,1,1,52,5000,5000,[],55,7,0,0,"","",0,"",[],"[0,50,25,15,5,4,1]","[100,25,8,2]",[],4170,"","","","","","","","","","",0,0,""
285,"MapRockpools_NoBoss","Rockpools","Estran","Felsentümpel","潮だまり","바위틈 웅덩이","Piscinas Rochosas","Литораль","Estanques","Rockpools","岩池",10,"","",[],65,-30397,4,6,"[""Art/Textures/Interface/LoadingImages/AtlasLoadingScreen.dds""]",[],[59],6,[936],141,900,"","",[],[],[],[],1,[],"","",[],0,"",100,0,"",20,30,48340,28,20,24416,9620,13132,20,26,0,"[57,1068,1069,1129]","","",20,36,26,28,20,38,20,32,20,26,0,"",[],"","","",20,36,26,28,20,38,20,32,20,26,0,6,1645,50000,"",0,0,1,1,52,5000,5000,[],55,7,0,0,"","",0,"",[],"[0,50,25,15,5,4,1]","[100,25,8,2]",[],4170,"","","","","","","","","","",0,0,""
286,"MapCreek","Creek","Crique","Bach","小川","개울","Riacho","Ручей","Arroyo","Creek","小溪",10,"","",[],65,-26165,4,6,"[""Art/Textures/Interface/LoadingImages/AtlasLoadingScreen.dds""]",[],[59],6,"[941,942,943,944]",141,900,"","",[169],[],[],[],1,[],"","",[],0,"",100,0,"",20,124,648,28,20,32,92,8338,20,26,0,"[57,1068,1129]","","",20,36,26,28,20,38,20,32,20,26,0,"",[],"","","",20,36,26,28,20,38,20,32,20,26,0,6,1647,60000,"",0,0,1,1,52,5000,5000,[],55,7,0,0,"","",0,"",[],"[0,50,25,15,5,4,1]","[100,25,8,2]",[],4170,"","","","","","","","","","",0,0,""
287,"MapCreek_NoBoss","Creek","Crique","Bach","小川","개울","Riacho","Ручей","Arroyo","Creek","小溪",10,"","",[],65,-29317,4,6,"[""Art/Textures/Interface/LoadingImages/AtlasLoadingScreen.dds""]",[],[59],6,"[945,946,947,948]",141,900,"","",[],[],[],[],1,[],"","",[],0,"",100,0,"",20,124,648,28,20,32,92,8338,20,26,0,"[57,1068,1129]","","",20,36,26,28,20,38,20,32,20,26,0,"",[],"","","",20,36,26,28,20,38,20,32,20,26,0,6,1647,60000,"",0,0,1,1,52,5000,5000,[],55,7,0,0,"","",0,"",[],"[0,50,25,15,5,4,1]","[100,25,8,2]",[],4170,"","","","","","","","","","",0,0,""
288,"MapDerelictMansion_NoBoss","Derelict Mansion","Manoir délabré","Verfallenes Herrenhaus","廃屋敷","방치된 저택","Mansão Abandonada","Заброшенное поместье","Mansión ruinosa","Derelict Mansion","廢棄宅邸",10,"","",[],65,18353,4,6,"[""Art/Textures/Interface/LoadingImages/AtlasLoadingScreen.dds""]",[],[59],6,[908],141,900,"","",[],[],[],[],1,[],"","",[],0,"",100,0,"",20,30,164,28,20,8004,162,120,20,26,0,"[57,1067,1068,1070,1131]","","",20,36,26,28,20,38,20,32,20,26,0,"",[],"","","",20,36,26,28,20,38,20,32,20,26,0,6,1639,50000,"",0,0,1,1,52,5000,5000,[],55,7,0,0,"","",0,"",[],"[0,50,25,15,5,4,1]","[100,25,8,2]",[],4170,"","","","","","","","","","",0,0,""
289,"MapOutlands","Outlands","Terres lointaines","Vorlande","辺境","외곽 지역","Terras Distantes","Дальние земли","Las afueras","Outlands","外域",10,"","",[],65,7969,4,6,"[""Art/Textures/Interface/LoadingImages/AtlasLoadingScreen.dds""]",[],[59],6,[909],141,900,"","",[],[],[],[],1,[],"","",[],0,"",100,0,"",20,13970,1048,28,20,24416,10694,14106,20,26,0,"[57,1070,1072,1130]","","",20,36,26,28,20,38,20,32,20,26,0,"",[],"","","",20,36,26,28,20,38,20,32,20,26,0,6,1640,50000,"",0,0,1,1,52,5000,5000,[],55,7,0,0,"","",0,"",[],"[0,50,25,15,5,4,1]","[100,25,8,2]",[],4170,"","","","","","","","","","",0,0,""
290,"MapOutlands_NoBoss","Outlands","Terres lointaines","Vorlande","辺境","외곽 지역","Terras Distantes","Дальние земли","Las afueras","Outlands","外域",10,"","",[],65,3566,4,6,"[""Art/Textures/Interface/LoadingImages/AtlasLoadingScreen.dds""]",[],[59],6,[910],141,900,"","",[],[],[],[],1,[],"","",[],0,"",100,0,"",20,13970,1048,28,20,24416,10694,14106,20,26,0,"[57,1070,1072,1130]","","",20,36,26,28,20,38,20,32,20,26,0,"",[],"","","",20,36,26,28,20,38,20,32,20,26,0,6,1640,50000,"",0,0,1,1,52,5000,5000,[],55,7,0,0,"","",0,"",[],"[0,50,25,15,5,4,1]","[100,25,8,2]",[],4170,"","","","","","","","","","",0,0,""
291,"MapBastille","Bastille","Bastille","Gefängnis","監獄","방어탑","Bastilha","Форт","Bastilla","Bastille","堡壘",10,"","",[],65,-13808,4,6,"[""Art/Textures/Interface/LoadingImages/AtlasLoadingScreen.dds""]",[],[59],6,"[965,966,967,968]",141,900,"","",[169],[],[],[],1,[],"","",[],0,"",100,0,"",20,124,164,28,20,8004,92,120,20,26,0,"[57,1066,1067,1070,1129]","","",20,36,26,28,20,38,20,32,20,26,0,"",[],"","","",20,36,26,28,20,38,20,32,20,26,0,6,1656,50000,"",0,0,1,1,52,5000,5000,[],55,7,0,0,"","",0,"",[],"[0,50,25,15,5,4,1]","[100,25,8,2]",[],4170,"","","","","","","","","","",0,0,""
292,"MapBastille_NoBoss","Bastille","Bastille","Gefängnis","監獄","방어탑","Bastilha","Форт","Bastilla","Bastille","堡壘",10,"","",[],65,16876,4,6,"[""Art/Textures/Interface/LoadingImages/AtlasLoadingScreen.dds""]",[],[59],6,"[969,970,971,972]",141,900,"","",[],[],[],[],1,[],"","",[],0,"",100,0,"",20,124,164,28,20,8004,92,120,20,26,0,"[57,1066,1067,1070,1129]","","",20,36,26,28,20,38,20,32,20,26,0,"",[],"","","",20,36,26,28,20,38,20,32,20,26,0,6,1656,50000,"",0,0,1,1,52,5000,5000,[],55,7,0,0,"","",0,"",[],"[0,50,25,15,5,4,1]","[100,25,8,2]",[],4170,"","","","","","","","","","",0,0,""
293,"MapDecay","Decay","Déclin","Verfall","腐敗","부패","Podridão","Гниль","Decaimiento","Decay","腐蝕",10,"","",[],65,-8212,4,9,"[""Art/Textures/Interface/LoadingImages/AtlasLoadingScreen.dds""]",[],[59],6,[954],141,900,"","",[1397],[],[],[],1,[],"","",[],0,"",100,0,"",20,30,648,28,20,8004,9620,8338,20,26,0,"[57,1067,1068,1069,1131]","","",20,36,26,28,20,38,20,32,20,26,0,"",[],"","","",20,36,26,28,20,38,20,32,20,26,0,6,1652,58000,"",0,0,1,1,52,5000,5000,[],55,7,0,0,"","",0,"",[],"[0,50,25,15,5,4,1]","[100,25,8,2]",[],4170,"","","","","","","","","","",0,0,""
294,"MapDecay_NoBoss","Decay","Déclin","Verfall","腐敗","부패","Podridão","Гниль","Decaimiento","Decay","腐蝕",10,"","",[],65,14458,4,9,"[""Art/Textures/Interface/LoadingImages/AtlasLoadingScreen.dds""]",[],[59],6,[955],141,900,"","",[],[],[],[],1,[],"","",[],0,"",100,0,"",20,30,648,28,20,8004,9620,8338,20,26,0,"[57,1067,1068,1069,1131]","","",20,36,26,28,20,38,20,32,20,26,0,"",[],"","","",20,36,26,28,20,38,20,32,20,26,0,6,1652,58000,"",0,0,1,1,52,5000,5000,[],55,7,0,0,"","",0,"",[],"[0,50,25,15,5,4,1]","[100,25,8,2]",[],4170,"","","","","","","","","","",0,0,""
295,"MapMineshaft","Mineshaft","Puits de mine","Minenschacht","坑道","갱도","Poço da Mina","Шахтный колодец","Mina","Mineshaft","礦井",10,"","",[],65,8497,4,6,"[""Art/Textures/Interface/LoadingImages/AtlasLoadingScreen.dds""]",[23],[59],6,"[956,957,958,959]",141,900,"","",[793],[],[],[],1,[],"","",[],0,"",100,0,"",20,30,648,28,20,32,92,120,20,26,0,"[57,1066,1070,1130]","","",20,36,26,28,20,38,20,32,20,26,0,"",[],"","","",20,36,26,28,20,38,20,32,20,26,0,6,1654,37000,"",0,0,1,1,52,10000,3500,[],58,7,0,0,"","",0,"",[],"[0,0,0,50,25,15,5,4,1]","[0,100,40,5]",[],4170,"","","","","","","","","","",0,0,""
296,"MapMineshaft_NoBoss","Mineshaft","Puits de mine","Minenschacht","坑道","갱도","Poço da Mina","Шахтный колодец","Mina","Mineshaft","礦井",10,"","",[],65,6239,4,6,"[""Art/Textures/Interface/LoadingImages/AtlasLoadingScreen.dds""]",[23],[59],6,"[960,961,962,963]",141,900,"","",[],[],[],[],1,[],"","",[],0,"",100,0,"",20,30,648,28,20,32,92,120,20,26,0,"[57,1066,1070,1130]","","",20,36,26,28,20,38,20,32,20,26,0,"",[],"","","",20,36,26,28,20,38,20,32,20,26,0,6,1654,37000,"",0,0,1,1,52,10000,3500,[],58,7,0,0,"","",0,"",[],"[0,0,0,50,25,15,5,4,1]","[0,100,40,5]",[],4170,"","","","","","","","","","",0,0,""
297,"MapDeserted","Deserted","Contrée déserte","Verlassenheit","荒涼地","인적 없는","Desértico","Пустошь","Baldío","Deserted","棄置之地",10,"","",[],65,-31123,5,7,"[""Art/Textures/Interface/LoadingImages/AtlasLoadingScreen.dds""]",[],[59],6,"[973,975,977,979]",141,900,"","",[716],[],[],[],1,[],"","",[],0,"",100,0,"",20,124,20,28,20,32,9620,8338,20,26,0,"[57,1070,1130]","","",20,36,26,28,20,38,20,32,20,26,0,"",[],"","","",20,36,26,28,20,38,20,32,20,26,0,6,1657,50000,"",0,0,1,1,52,5000,5000,[],55,7,0,0,"","",0,"",[],"[0,50,25,15,5,4,1]","[100,25,8,2]",[],4170,"","","","","","","","","","",0,0,""
298,"MapDeserted_NoBoss","Deserted","Contrée déserte","Verlassenheit","荒涼地","인적 없는","Desértico","Пустошь","Baldío","Deserted","棄置之地",10,"","",[],65,286,6,6,"[""Art/Textures/Interface/LoadingImages/AtlasLoadingScreen.dds""]",[],[59],6,"[974,976,978,980]",141,900,"","",[],[],[],[],1,[],"","",[],0,"",100,0,"",20,124,20,28,20,32,9620,8338,20,26,0,"[57,1070,1130]","","",20,36,26,28,20,38,20,32,20,26,0,"",[],"","","",20,36,26,28,20,38,20,32,20,26,0,6,1657,50000,"",0,0,1,1,52,5000,5000,[],55,7,0,0,"","",0,"",[],"[0,50,25,15,5,4,1]","[100,25,8,2]",[],4170,"","","","","","","","","","",0,0,""
299,"MapOasis","Oasis","Oasis","Oase","オアシス","오아시스","Oásis","Оазис","Oasis","Oasis","幻景綠洲",10,"","",[],65,-32653,4,6,"[""Art/Textures/Interface/LoadingImages/AtlasLoadingScreen.dds""]",[],[59],6,[984],141,900,"","",[654],[],[],[],1,[],"","",[],0,"",100,0,"",20,30,20,28,20,32,92,8338,20,26,0,"[57,1070,1072,1130]","","",20,36,26,28,20,38,20,32,20,26,0,"",[],"","","",20,36,26,28,20,38,20,32,20,26,0,6,1355,91500,"",0,0,1,1,52,5000,5000,[],55,7,0,0,"","",0,"",[],"[0,50,25,15,5,4,1]","[100,25,8,2]",[],4170,"","","","","","","","","","",0,0,""
300,"MapOasis_NoBoss","Oasis","Oasis","Oase","オアシス","오아시스","Oásis","Оазис","Oasis","Oasis","幻景綠洲",10,"","",[],65,20910,4,6,"[""Art/Textures/Interface/LoadingImages/AtlasLoadingScreen.dds""]",[],[59],6,[985],141,900,"","",[],[],[],[],1,[],"","",[],0,"",100,0,"",20,30,20,28,20,32,92,8338,20,26,0,"[57,1070,1072,1130]","","",20,36,26,28,20,38,20,32,20,26,0,"",[],"","","",20,36,26,28,20,38,20,32,20,26,0,6,1355,91500,"",0,0,1,1,52,5000,5000,[],55,7,0,0,"","",0,"",[],"[0,50,25,15,5,4,1]","[100,25,8,2]",[],4170,"","","","","","","","","","",0,0,""
301,"MapBastion","Bastion","Bastion","Bastion","砦","보루","Bastião","Бастион","Bastión","Bastion","堅堡",10,"","",[],65,-11641,4,6,"[""Art/Textures/Interface/LoadingImages/AtlasLoadingScreen.dds""]",[],[59],6,[986],141,900,"","",[373],[],[],[],1,[],"","",[],0,"",100,0,"",20,30,20,28,20,32,92,8338,20,26,0,"[57,1072,1130]","","",20,36,26,28,20,38,20,32,20,26,0,"",[],"","","",20,36,26,28,20,38,20,32,20,26,0,6,1651,50000,"",0,0,1,1,52,5000,5000,[],55,7,0,0,"","",0,"",[],"[0,50,25,15,5,4,1]","[100,25,8,2]",[],4170,"","","","","","","","","","",0,0,""
302,"MapBastion_NoBoss","Bastion","Bastion","Bastion","砦","보루","Bastião","Бастион","Bastión","Bastion","堅堡",10,"","",[],65,24319,4,6,"[""Art/Textures/Interface/LoadingImages/AtlasLoadingScreen.dds""]",[],[59],6,[987],141,900,"","",[],[],[],[],1,[],"","",[],0,"",100,0,"",20,30,20,28,20,32,92,8338,20,26,0,"[57,1072,1130]","","",20,36,26,28,20,38,20,32,20,26,0,"",[],"","","",20,36,26,28,20,38,20,32,20,26,0,6,1651,50000,"",0,0,1,1,52,5000,5000,[],55,7,0,0,"","",0,"",[],"[0,50,25,15,5,4,1]","[100,25,8,2]",[],4170,"","","","","","","","","","",0,0,""
303,"MapRefuge","Refuge","Refuge","Zuflucht","逃げ場","피난처","Refúgio","Пристанище","Refugio","Refuge","庇護所",10,"","",[],65,8936,4,6,"[""Art/Textures/Interface/LoadingImages/AtlasLoadingScreen.dds""]",[],[59],6,[563],141,900,"","",[373],[],[],[],1,[],"","",[],0,"",100,0,"",20,30,20,28,20,32,162,8338,20,26,0,"[57,73,49,1068,1129]","","",20,36,26,28,20,38,20,32,20,26,0,"",[],"","","",20,36,26,28,20,38,20,32,20,26,0,6,1579,50000,"",0,0,1,1,52,5000,5000,[],55,7,0,0,"","",0,"",[],"[0,50,25,15,5,4,1]","[100,25,8,2]",[],4170,"","","","","","","","","","",0,0,""
304,"MapRefuge_NoBoss","Refuge","Refuge","Zuflucht","逃げ場","피난처","Refúgio","Пристанище","Refugio","Refuge","庇護所",10,"","",[],65,-17184,4,6,"[""Art/Textures/Interface/LoadingImages/AtlasLoadingScreen.dds""]",[],[59],6,[564],141,900,"","",[],[],[],[],1,[],"","",[],0,"",100,0,"",20,30,20,28,20,32,162,8338,20,26,0,"[57,73,49,1068,1129]","","",20,36,26,28,20,38,20,32,20,26,0,"",[],"","","",20,36,26,28,20,38,20,32,20,26,0,6,1579,50000,"",0,0,1,1,52,5000,5000,[],55,7,0,0,"","",0,"",[],"[0,50,25,15,5,4,1]","[100,25,8,2]",[],4170,"","","","","","","","","","",0,0,""
305,"MapAlpineRidge","Alpine Ridge","Crête alpine","Bergkamm","高山の尾根","고산지대 산등성이","Cume Alpino","Горный хребет","Cumbre alpina","Alpine Ridge","高山山脊",10,"","",[],65,15378,4,6,"[""Art/Textures/Interface/LoadingImages/AtlasLoadingScreen.dds""]","[2357,34,113]",[59],6,[981],141,900,"","","[915,215]",[],[],[],1,[],"","",[],0,"",100,0,"",20,124,648,28,20,32,92,120,20,26,0,"[57,1066,1074,1131]","","",20,36,26,28,20,38,20,32,20,26,0,"",[],"","","",20,36,26,28,20,38,20,32,20,26,0,6,1649,44000,13,0,0,1,1,52,5000,5000,[],58,7,0,0,"","",0,"",[],"[0,50,25,15,5,4,1]","[100,25,8,2]",[],4111,"","","","","","","","","","",0,0,""
306,"MapAlpineRidge_NoBoss","Alpine Ridge","Crête alpine","Bergkamm","高山の尾根","고산지대 산등성이","Cume Alpino","Горный хребет","Cumbre alpina","Alpine Ridge","高山山脊",10,"","",[],65,2143,4,6,"[""Art/Textures/Interface/LoadingImages/AtlasLoadingScreen.dds""]","[2357,34,113]",[59],6,[982],141,900,"","",[],[],[],[],1,[],"","",[],0,"",100,0,"",20,124,648,28,20,32,92,120,20,26,0,"[57,1066,1074,1131]","","",20,36,26,28,20,38,20,32,20,26,0,"",[],"","","",20,36,26,28,20,38,20,32,20,26,0,6,1649,44000,13,0,0,1,1,52,5000,5000,[],58,7,0,0,"","",0,"",[],"[0,50,25,15,5,4,1]","[100,25,8,2]",[],4111,"","","","","","","","","","",0,0,""
307,"MapSunTemple","Sun Temple","Temple du Soleil","Sonnentempel","太陽の神殿","태양의 사원","Templo do Sol","Храм солнца","Templo del sol","Sun Temple","太陽神殿",10,"","",[],65,20136,6,9,"[""Art/Textures/Interface/LoadingImages/AtlasLoadingScreen.dds""]",[],[59],6,"[988,989,990,991,992,993,994,995]",141,900,"","",[1087],[],[],[],1,[],"","",[],0,"",100,0,"",20,30,648,28,20,32,92,8338,20,26,0,"[57,1073,1129]","","",20,36,26,28,20,38,20,32,20,26,0,"",[],"","","",20,36,26,28,20,38,20,32,20,26,0,6,1423,51000,"",0,0,1,1,52,5000,5000,[],59,7,0,0,"","",0,"",[],"[0,50,25,15,5,4,1]","[100,25,8,2]",[],4170,"","","","","","","","","","",0,0,""
308,"MapSunTemple_NoBoss","Sun Temple","Temple du Soleil","Sonnentempel","太陽の神殿","태양의 사원","Templo do Sol","Храм солнца","Templo del sol","Sun Temple","太陽神殿",10,"","",[],65,-1734,6,9,"[""Art/Textures/Interface/LoadingImages/AtlasLoadingScreen.dds""]",[],[59],6,"[996,997,998,999,1000,1001,1002,1003]",141,900,"","",[],[],[],[],1,[],"","",[],0,"",100,0,"",20,30,648,28,20,32,92,8338,20,26,0,"[57,1073,1129]","","",20,36,26,28,20,38,20,32,20,26,0,"",[],"","","",20,36,26,28,20,38,20,32,20,26,0,6,1423,51000,"",0,0,1,1,52,5000,5000,[],59,7,0,0,"","",0,"",[],"[0,50,25,15,5,4,1]","[100,25,8,2]",[],4170,"","","","","","","","","","",0,0,""
309,"MapChannel","Channel","Chenal","Kanal","水路","물길","Canal","Канал","Canal","Channel","通道",10,"","",[],65,-24550,8,6,"[""Art/Textures/Interface/LoadingImages/AtlasLoadingScreen.dds""]",[],[59],6,"[1004,1006,1008,1010]",141,900,"","",[375],[],[],[],1,[],"","",[],0,"",100,0,"",20,30,648,28,20,32,92,120,20,26,0,"[57,1070,1072,1130]","","",20,36,26,28,20,38,20,32,20,26,0,"",[],"","","",20,36,26,28,20,38,20,32,20,26,0,6,1658,56000,"",0,0,1,1,52,10000,5000,[],59,7,0,0,"","",0,"",[],"[0,0,0,50,25,15,5,4,1]","[0,100,40,5]",[],4170,"","","","","","","","","","",0,0,""
310,"MapChannel_NoBoss","Channel","Chenal","Kanal","水路","물길","Canal","Канал","Canal","Channel","通道",10,"","",[],65,-9893,8,6,"[""Art/Textures/Interface/LoadingImages/AtlasLoadingScreen.dds""]",[],[59],6,"[1005,1007,1009,1011]",141,900,"","",[],[],[],[],1,[],"","",[],0,"",100,0,"",20,30,648,28,20,32,92,120,20,26,0,"[57,1070,1072,1130]","","",20,36,26,28,20,38,20,32,20,26,0,"",[],"","","",20,36,26,28,20,38,20,32,20,26,0,6,1658,56000,"",0,0,1,1,52,10000,5000,[],59,7,0,0,"","",0,"",[],"[0,0,0,50,25,15,5,4,1]","[0,100,40,5]",[],4170,"","","","","","","","","","",0,0,""
311,"MapVaalFoundry","Vaal Foundry","Fonderie vaal","Vaal-Gießerei","ヴァールの鍛冶場","바알 주조소","Fundição Vaal","Литейная ваал","Fundición vaal","Vaal Foundry","瓦爾鑄造廠",10,"","",[],65,-5278,4,9,"[""Art/Textures/Interface/LoadingImages/AtlasLoadingScreen.dds""]",[],[59],6,[1012],141,900,"","",[1162],[],[],[],1,[],"","",[],0,"",100,0,"",20,124,20,28,20,8004,9620,120,20,26,0,"[57,1073,1129]","","",20,36,26,28,20,38,20,32,20,26,0,"",[],"","","",20,36,26,28,20,38,20,32,20,26,0,6,1412,30000,"",0,0,1,1,52,10000,5000,[],55,7,0,0,"","",0,"",[],"[0,0,0,50,25,15,5,4,1]","[0,100,40,5]",[],4170,"","","","","","","","","","",0,0,""
312,"MapVaalFoundry_NoBoss","Vaal Foundry","Fonderie vaal","Vaal-Gießerei","ヴァールの鍛冶場","바알 주조소","Fundição Vaal","Литейная ваал","Fundición vaal","Vaal Foundry","瓦爾鑄造廠",10,"","",[],65,-9607,4,9,"[""Art/Textures/Interface/LoadingImages/AtlasLoadingScreen.dds""]",[],[59],6,[1013],141,900,"","",[],[],[],[],1,[],"","",[],0,"",100,0,"",20,124,20,28,20,8004,9620,120,20,26,0,"[57,1073,1129]","","",20,36,26,28,20,38,20,32,20,26,0,"",[],"","","",20,36,26,28,20,38,20,32,20,26,0,6,1412,30000,"",0,0,1,1,52,10000,5000,[],55,7,0,0,"","",0,"",[],"[0,0,0,50,25,15,5,4,1]","[0,100,40,5]",[],4170,"","","","","","","","","","",0,0,""
313,"MapVaalFactory","Vaal Factory","Manufacture vaal","Vaal-Fabrik","ヴァールの工場","바알 공장","Fábrica Vaal","Фактория ваал","Fábrica vaal","Vaal Factory","瓦爾工廠",10,"","",[],65,690,4,6,"[""Art/Textures/Interface/LoadingImages/AtlasLoadingScreen.dds""]",[],[59],6,[1014],141,900,"","",[1282],[],[],[],1,[],"","",[],0,"",100,0,"",20,124,20,28,20,8004,9620,120,20,26,0,"[57,1073,1129]","","",20,36,26,28,20,38,20,32,20,26,0,"",[],"","","",20,36,26,28,20,38,20,32,20,26,0,6,1405,60000,"",0,0,1,1,52,5000,5000,[],55,7,0,0,"","",0,"",[],"[0,50,25,15,5,4,1]","[100,25,8,2]",[],4170,"","","","","","","","","","",0,0,""
314,"MapVaalFactory_NoBoss","Vaal Factory","Manufacture vaal","Vaal-Fabrik","ヴァールの工場","바알 공장","Fábrica Vaal","Фактория ваал","Fábrica vaal","Vaal Factory","瓦爾工廠",10,"","",[],65,-22029,4,6,"[""Art/Textures/Interface/LoadingImages/AtlasLoadingScreen.dds""]",[],[59],6,[1015],141,900,"","",[],[],[],[],1,[],"","",[],0,"",100,0,"",20,124,20,28,20,8004,9620,120,20,26,0,"[57,1073,1129]","","",20,36,26,28,20,38,20,32,20,26,0,"",[],"","","",20,36,26,28,20,38,20,32,20,26,0,6,1405,60000,"",0,0,1,1,52,5000,5000,[],55,7,0,0,"","",0,"",[],"[0,50,25,15,5,4,1]","[100,25,8,2]",[],4170,"","","","","","","","","","",0,0,""
315,"MapMesa","Mesa","Mesa","Hochebene","台地","메사","Mesa","Плоскогорье","Mesa","Mesa","平頂荒漠",10,"","",[],65,19863,4,6,"[""Art/Textures/Interface/LoadingImages/AtlasLoadingScreen.dds""]","[2357,24,113]",[59],6,"[1016,1017,1018,1019]",141,900,"","",[1448],[],[],[],1,[],"","",[],0,"",100,0,"",20,124,20,28,20,8004,162,120,20,26,0,"[57,1074,1070,1130]","","",20,36,26,28,20,38,20,32,20,26,0,"",[],"","","",20,36,26,28,20,38,20,32,20,26,0,6,1659,35000,"",0,0,1,1,52,5000,5000,[],58,7,0,0,"","",0,"",[],"[0,50,25,15,5,4,1]","[100,25,8,2]",[],4111,"","","","","","","","","","",0,0,""
316,"MapMesa_NoBoss","Mesa","Mesa","Hochebene","台地","메사","Mesa","Плоскогорье","Mesa","Mesa","平頂荒漠",10,"","",[],65,-6429,4,6,"[""Art/Textures/Interface/LoadingImages/AtlasLoadingScreen.dds""]","[2357,24,113]",[59],6,"[1020,1021,1022,1023]",141,900,"","",[],[],[],[],1,[],"","",[],0,"",100,0,"",20,124,20,28,20,8004,162,120,20,26,0,"[57,1074,1070,1130]","","",20,36,26,28,20,38,20,32,20,26,0,"",[],"","","",20,36,26,28,20,38,20,32,20,26,0,6,1659,35000,"",0,0,1,1,52,5000,5000,[],58,7,0,0,"","",0,"",[],"[0,50,25,15,5,4,1]","[100,25,8,2]",[],4111,"","","","","","","","","","",0,0,""
317,"MapBluff","Bluff","Falaise","Klippe","絶壁","절벽","Penhasco","Утёс","Peñascos","Bluff","絕壁",10,"","",[],65,4192,4,6,"[""Art/Textures/Interface/LoadingImages/AtlasLoadingScreen.dds""]","[2357,35,113]",[59],6,"[1024,1025,1026,1027,1028,1029]",141,900,"","",[280],[],[],[],1,[],"","",[],0,"",100,0,"",20,124,20,28,20,32,92,13132,20,26,0,"[57,1074,1067,1129]","","",20,36,26,28,20,38,20,32,20,26,0,"",[],"","","",20,36,26,28,20,38,20,32,20,26,0,6,1660,32000,"",0,0,1,1,52,5000,5000,[],58,7,0,0,"","",0,"",[],"[0,50,25,15,5,4,1]","[100,25,8,2]",[],4111,"","","","","","","","","","",0,0,""
318,"MapBluff_NoBoss","Bluff","Falaise","Klippe","絶壁","절벽","Penhasco","Утёс","Peñascos","Bluff","絕壁",10,"","",[],65,-14628,4,6,"[""Art/Textures/Interface/LoadingImages/AtlasLoadingScreen.dds""]","[2357,35,113]",[59],6,"[1030,1031,1032,1033,1034,1035]",141,900,"","",[],[],[],[],1,[],"","",[],0,"",100,0,"",20,124,20,28,20,32,92,13132,20,26,0,"[57,1074,1067,1129]","","",20,36,26,28,20,38,20,32,20,26,0,"",[],"","","",20,36,26,28,20,38,20,32,20,26,0,6,1660,32000,"",0,0,1,1,52,5000,5000,[],58,7,0,0,"","",0,"",[],"[0,50,25,15,5,4,1]","[100,25,8,2]",[],4111,"","","","","","","","","","",0,0,""
319,"MapPerch","Perch","Perchoir","Hochsitz","高台","홰","Poleiro","Карниз","Observatorio","Perch","棲枝",10,"","",[],65,10906,4,6,"[""Art/Textures/Interface/LoadingImages/AtlasLoadingScreen.dds""]",[],[59],6,[1036],141,900,"","",[373],[],[],[],1,[],"","",[],0,"",100,0,"",20,30,648,28,20,32,92,8338,20,26,0,"[57,1066,1129]","","",20,36,26,28,20,38,20,32,20,26,0,"",[],"","","",20,36,26,28,20,38,20,32,20,26,0,6,1661,45000,"",0,0,1,1,52,5000,5000,[],55,7,0,0,"","",0,"",[],"[0,50,25,15,5,4,1]","[100,25,8,2]",[],4170,"","","","","","","","","","",0,0,""
320,"MapPerch_NoBoss","Perch","Perchoir","Hochsitz","高台","홰","Poleiro","Карниз","Observatorio","Perch","棲枝",10,"","",[],65,-18863,4,6,"[""Art/Textures/Interface/LoadingImages/AtlasLoadingScreen.dds""]",[],[59],6,[1037],141,900,"","",[],[],[],[],1,[],"","",[],0,"",100,0,"",20,30,648,28,20,32,92,8338,20,26,0,"[57,1066,1129]","","",20,36,26,28,20,38,20,32,20,26,0,"",[],"","","",20,36,26,28,20,38,20,32,20,26,0,6,1661,45000,"",0,0,1,1,52,5000,5000,[],55,7,0,0,"","",0,"",[],"[0,50,25,15,5,4,1]","[100,25,8,2]",[],4170,"","","","","","","","","","",0,0,""
321,"MapUniqueUntaintedParadise","Untainted Paradise","Paradis immaculé","Unberührtes Paradies","汚れなき楽園","때묻지 않은 낙원","Paraíso Imaculado","Нетронутый рай","Paraíso prístino","เกาะสวรรค์ไร้มลทิน","純淨樂園",10,"","",[],65,6552,8,12,"[""Art/Textures/Interface/LoadingImages/AtlasLoadingScreen.dds""]",[36],[59],6,"[1049,1050,1051]",141,900,"","",[],[],[],[],1,[],"","","[4419,4420]",0,"",100,0,"",20,30,164,28,20,32,92,8338,20,26,0,[57],"","",20,36,26,28,20,38,20,32,20,26,0,"",[],1,"","",20,36,26,28,20,38,20,32,20,26,0,7,1663,60000,"",0,0,1,1,52,5000,5000,[],0,15,0,0,"","",0,"",[],"[0,50,25,15,5,4,1]","[100,25,8,2]",[],4170,"","","","","","","","","","",0,0,""
322,"MapUniqueVault","Vaults of Kamasa","Salle des coffres de Kamasa","Schatzkammer von Kamasa","カマサの宝物庫","카마사의 금고","Cofres de Kamasa","Сокровищница Камасы","Cámaras de Kamasa","พระคลังแห่งคามาซา","卡瑪薩秘寶庫",10,"","",[],65,-29617,0,0,"[""Art/Textures/Interface/LoadingImages/AtlasLoadingScreen.dds""]",[37],[59],6,"[1048,1055]",141,900,"","",[],[],[],[],1,[],"","","[6250,6251]",0,"",100,0,"",20,124,20,28,20,15804,9620,14106,20,26,0,[57],"","",20,36,26,28,20,38,20,32,20,26,0,"",[],1,"","",20,36,26,28,20,38,20,32,20,26,0,7,1662,0,"",0,0,1,1,52,50000,50000,[],0,0,0,0,"","",0,"",[],[0],[0],[],4170,"","","","","","","","","","",0,0,""
323,"MapUniqueCastaway","Castaway","Naufrage","Schiffbruch","難破","추방자","Náufrago","Изгой","Naufragio","ซากเรืออับปาง","漂流者之所",10,"","",[],65,24975,4,6,"[""Art/Textures/Interface/LoadingImages/AtlasLoadingScreen.dds""]",[995],[59],6,[1052],141,900,"","",[1121],[],[],[],1,[],"","","[13374,13375,13376]",0,"",100,0,"",20,30,648,28,20,32,92,8338,20,26,0,[57],"","",20,36,26,28,20,38,20,32,20,26,0,"",[],1,"","",20,36,26,28,20,38,20,32,20,26,0,7,1664,36000,"",0,0,1,1,52,5000,5000,[],0,15,0,0,85,"",0,"",[],"[0,50,25,15,5,4,1]","[100,25,8,2]",[],4170,"","","","","","","","","","",0,0,""
324,"MapUniqueMegalith","The Phaaryl Megalith","Le Mégalithe de Phaaryl","Der Megalith von Phaaryl","ファーリルのメガリス","파아릴 거석","O Megalito Phaaryl","Мегалиты Фаарила","El megalito de Phaaryl","อนุสาวรีย์ฟาร์ริล","法瑞爾巨石",10,"","",[],65,-26532,4,6,"[""Art/Textures/Interface/LoadingImages/AtlasLoadingScreen.dds""]",[38],[59],6,"[1053,1098,1099,1100]",141,900,"","",[],[],[],[],1,[],"","",[13472],0,"",100,0,"",20,13970,1048,28,20,32,16402,13132,20,26,0,[57],"","",20,36,26,28,20,38,20,32,20,26,0,"",[],1,"","",20,36,26,28,20,38,20,32,20,26,0,7,1675,36000,"",0,0,1,1,52,5000,5000,[],0,7,0,0,"","",0,"",[],"[0,50,25,15,5,4,1]","[100,25,8,2]",[],4170,"","","","","","","","","","",0,0,""
325,"MapUniqueLake","The Fractured Lake","Le Lac fracturé","Der zerbrochene See","ひび割れた湖","분열된 호수","Lago Fraturado","Расколотое озеро","El lago fracturado","ทะเลสาบแตกร้าว","破裂迷湖",10,"","",[],65,4024,4,6,"[""Art/Textures/Interface/LoadingImages/AtlasLoadingScreen.dds""]",[40],[59],6,[1054],141,900,"","",[],[],[],[],1,[],"","","[4421,4422]",0,"",100,0,"",20,30,648,28,20,32,162,8338,20,26,0,"[57,1065]","","",20,36,26,28,20,38,20,32,20,26,0,"",[],1,"","",20,36,26,28,20,38,20,32,20,26,0,7,1680,36000,"",0,0,1,1,52,0,0,[],0,7,0,0,87,"",0,"",[],[0],[0],[],4170,"","","","","","","","","","",0,0,""
326,"MapUniqueSelenite","The Silent Cave","La Caverne silencieuse","Die schweigende Höhle","静かな洞窟","고요한 동굴","A Caverna Silenciosa","Безмолвная пещера","La cueva silenciosa","ถ้ำสงัด","沉默洞穴",10,"","",[],65,19166,0,0,"[""Art/Textures/Interface/LoadingImages/AtlasLoadingScreen.dds""]",[],[59],6,[1097],141,900,"","",[],[],[],[],1,[],"","",[13471],0,"",100,0,"",20,124,20,28,20,8004,9620,120,20,26,0,"[57,1066]","","",20,36,26,28,20,38,20,32,20,26,0,"",[],1,"","",20,36,26,28,20,38,20,32,20,26,0,7,1719,0,"",0,0,1,1,52,0,0,[],0,2,0,0,83,"",0,"",[],[0],[0],[],4170,"","","","","","","","","","",0,0,1
327,"MapUniqueMerchant01_Chimeral","Merchant's Campsite","Campement du marchand","Händlerlager","商人の野営場","상인의 야영지","Acampamento Mercante","Лагерь торговца","Campamento del mercader","ค่ายพ่อค้า","商人營地",10,"","",[],65,-16314,4,6,"[""Art/Textures/Interface/LoadingImages/AtlasLoadingScreen.dds""]",[],[59],6,[1038],141,900,"","",[],[],[],[],1,[],"","",[],0,"",100,0,"",20,30,164,28,20,32,92,8338,20,26,0,[57],"","",20,36,26,28,20,38,20,32,20,26,0,"",[],1,"","",20,36,26,28,20,38,20,32,20,26,0,7,1665,50000,"",0,0,1,1,52,5000,5000,[],0,0,0,0,"","",0,"",[],"[0,50,25,15,5,4,1]","[100,25,8,2]",[],4170,"","","","","","","","","","",0,0,""
328,"MapUniqueMerchant01_Oasis","Merchant's Campsite","Campement du marchand","Händlerlager","商人の野営場","상인의 야영지","Acampamento Mercante","Лагерь торговца","Campamento del mercader","ค่ายพ่อค้า","商人營地",10,"","",[],65,26681,4,6,"[""Art/Textures/Interface/LoadingImages/AtlasLoadingScreen.dds""]",[],[59],6,[1039],141,900,"","",[],[],[],[],1,[],"","",[],0,"",100,0,"",20,30,164,28,20,32,92,8338,20,26,0,[57],"","",20,36,26,28,20,38,20,32,20,26,0,"",[],1,"","",20,36,26,28,20,38,20,32,20,26,0,7,1666,50000,"",0,0,1,1,52,5000,5000,[],0,0,0,0,"","",0,"",[],"[0,50,25,15,5,4,1]","[100,25,8,2]",[],4170,"","","","","","","","","","",0,0,""
329,"MapUniqueMerchant01_Sandswept","Merchant's Campsite","Campement du marchand","Händlerlager","商人の野営場","상인의 야영지","Acampamento Mercante","Лагерь торговца","Campamento del mercader","ค่ายพ่อค้า","商人營地",10,"","",[],65,-19633,4,6,"[""Art/Textures/Interface/LoadingImages/AtlasLoadingScreen.dds""]",[],[59],6,[1040],141,900,"","",[],[],[],[],1,[],"","",[],0,"",100,0,"",20,30,164,28,20,32,92,8338,20,26,0,[57],"","",20,36,26,28,20,38,20,32,20,26,0,"",[],1,"","",20,36,26,28,20,38,20,32,20,26,0,7,1667,50000,"",0,0,1,1,52,5000,5000,[],0,0,0,0,"","",0,"",[],"[0,50,25,15,5,4,1]","[100,25,8,2]",[],4170,"","","","","","","","","","",0,0,""
330,"MapUniqueMerchant02_Crimson","Merchant's Campsite","Campement du marchand","Händlerlager","商人の野営場","상인의 야영지","Acampamento Mercante","Лагерь торговца","Campamento del mercader","ค่ายพ่อค้า","商人營地",10,"","",[],65,27663,4,6,"[""Art/Textures/Interface/LoadingImages/AtlasLoadingScreen.dds""]",[],[59],6,[1041],141,900,"","",[],[],[],[],1,[],"","",[],0,"",100,0,"",20,30,164,28,20,32,92,8338,20,26,0,[57],"","",20,36,26,28,20,38,20,32,20,26,0,"",[],1,"","",20,36,26,28,20,38,20,32,20,26,0,7,1668,50000,"",0,0,1,1,52,5000,5000,[],0,0,0,0,"","",0,"",[],"[0,50,25,15,5,4,1]","[100,25,8,2]",[],4170,"","","","","","","","","","",0,0,""
331,"MapUniqueMerchant02_Farmland","Merchant's Campsite","Campement du marchand","Händlerlager","商人の野営場","상인의 야영지","Acampamento Mercante","Лагерь торговца","Campamento del mercader","ค่ายพ่อค้า","商人營地",10,"","",[],65,-23059,4,6,"[""Art/Textures/Interface/LoadingImages/AtlasLoadingScreen.dds""]",[],[59],6,[1042],141,900,"","",[],[],[],[],1,[],"","",[],0,"",100,0,"",20,30,164,28,20,32,92,8338,20,26,0,[57],"","",20,36,26,28,20,38,20,32,20,26,0,"",[],1,"","",20,36,26,28,20,38,20,32,20,26,0,7,1669,50000,"",0,0,1,1,52,5000,5000,[],0,0,0,0,"","",0,"",[],"[0,50,25,15,5,4,1]","[100,25,8,2]",[],4170,"","","","","","","","","","",0,0,""
332,"MapUniqueMerchant02_Riverbank","Merchant's Campsite","Campement du marchand","Händlerlager","商人の野営場","상인의 야영지","Acampamento Mercante","Лагерь торговца","Campamento del mercader","ค่ายพ่อค้า","商人營地",10,"","",[],65,-12578,4,6,"[""Art/Textures/Interface/LoadingImages/AtlasLoadingScreen.dds""]",[],[59],6,[1043],141,900,"","",[],[],[],[],1,[],"","",[],0,"",100,0,"",20,30,164,28,20,32,92,8338,20,26,0,[57],"","",20,36,26,28,20,38,20,32,20,26,0,"",[],1,"","",20,36,26,28,20,38,20,32,20,26,0,7,1670,50000,"",0,0,1,1,52,5000,5000,[],0,0,0,0,"","",0,"",[],"[0,50,25,15,5,4,1]","[100,25,8,2]",[],4170,"","","","","","","","","","",0,0,""
333,"MapUniqueMerchant03_Beach","Moment of Zen","Moment de quiétude","Augenblick des Zen","禅の刹那","한 순간의 선","Momento Zen","Безмятежность","Momento zen","ช่วงเวลาสงบเงียบ","禪意時刻",10,"","",[],65,2955,4,6,"[""Art/Textures/Interface/LoadingImages/AtlasLoadingScreen.dds""]",[],[59],6,[1044],141,900,"","",[],[],[],[],1,[],"","",[],0,"",100,0,"",20,30,648,28,20,32,9620,8338,20,26,0,[57],"","",20,36,26,28,20,38,20,32,20,26,0,"",[],1,"","",20,36,26,28,20,38,20,32,20,26,0,7,1671,50000,"",0,0,1,1,52,5000,5000,[],0,0,0,0,"","",0,"",[],"[0,50,25,15,5,4,1]","[100,25,8,2]",[],4170,"","","","","","","","","","",0,0,""
334,"MapUniqueMerchant03_Tropical","Moment of Zen","Moment de quiétude","Augenblick des Zen","禅の刹那","한 순간의 선","Momento Zen","Безмятежность","Momento zen","ช่วงเวลาสงบเงียบ","禪意時刻",10,"","",[],65,19514,4,6,"[""Art/Textures/Interface/LoadingImages/AtlasLoadingScreen.dds""]",[],[59],6,[1046],141,900,"","",[],[],[],[],1,[],"","",[],0,"",100,0,"",20,30,648,28,20,32,9620,8338,20,26,0,[57],"","",20,36,26,28,20,38,20,32,20,26,0,"",[],1,"","",20,36,26,28,20,38,20,32,20,26,0,7,1673,50000,"",0,0,1,1,52,5000,5000,[],0,0,0,0,"","",0,"",[],"[0,50,25,15,5,4,1]","[100,25,8,2]",[],4170,"","","","","","","","","","",0,0,""
335,"MapUniqueMerchant03_Raft","Moment of Zen","Moment de quiétude","Augenblick des Zen","禅の刹那","한 순간의 선","Momento Zen","Безмятежность","Momento zen","ช่วงเวลาสงบเงียบ","禪意時刻",10,"","",[],65,10001,0,0,"[""Art/Textures/Interface/LoadingImages/AtlasLoadingScreen.dds""]",[],[59],6,[1045],141,900,"","",[],[],[],[],1,[],"","",[],0,"",100,0,"",20,30,648,28,20,32,9620,8338,20,26,0,[57],"","",20,36,26,28,20,38,20,32,20,26,0,"",[],1,"","",20,36,26,28,20,38,20,32,20,26,0,7,1672,0,"",0,0,1,1,52,0,0,[],0,0,0,0,"","",0,"",[],[0],[0],[],4170,"","","","","","","","","","",0,0,""
336,"MapUniqueMerchant04_PirateShip","The Voyage","La Traversée","Die Überfahrt","航海","항해","A Jornada","«Путешествие»","El viaje","การเดินทาง","航程",10,"","",[],65,528,4,6,"[""Art/Textures/Interface/LoadingImages/AtlasLoadingScreen.dds""]",[],[59],6,[1047],141,900,"","",[],[],[],[],1,[],"","",[],0,"",100,0,"",20,30,20,28,20,32,162,8338,20,26,0,[57],"","",20,36,26,28,20,38,20,32,20,26,0,"",[],1,"","",20,36,26,28,20,38,20,32,20,26,0,7,1673,50000,"",0,0,1,1,52,5000,5000,[],0,0,0,0,"","",0,"",[],"[0,50,25,15,5,4,1]","[100,25,8,2]",[],4170,"","","","","","","","","","",0,0,""
337,"MapUniqueWildwood","The Viridian Wildwood","La Sylve viridienne","Der Viridische Finsterwald","青緑の原生林","취록의 야생림","A Selva Viridiana","Диколесье Вириди","El bosque viridino","ป่าวิเศษวิริเดียน","翠綠荒林",10,"","",[],65,-18408,4,6,"[""Art/Textures/Interface/LoadingImages/AtlasLoadingScreen.dds""]",[93],[59],6,"[1056,1057,1058,1059,1060]",141,900,"","",[],[],[],[],1,[],"","",[13473],0,"",100,0,"",20,124,648,28,20,8004,162,8338,20,26,0,[57],"","",20,36,26,28,20,38,20,32,20,26,0,"",[],1,"","",20,36,26,28,20,38,20,32,20,26,0,7,1681,40000,"",0,0,1,1,52,5000,5000,[],0,7,0,0,84,"",0,"",[],"[0,50,25,15,5,4,1]","[100,25,8,2]",[],4170,"","","","","","","","","","",0,0,1
338,"MapUberBoss_IronCitadel","The Iron Citadel","La Citadelle de fer","Die Eisenzitadelle","鉄の城塞","철의 성채","A Cidadela de Ferro","Железная цитадель","La ciudadela de hierro","ปราการเหล็ก","鋼鐵城塞",10,"","",[],80,-22768,8,9,"[""Art/Textures/Interface/LoadingImages/AtlasLoadingScreen.dds""]",[],[59],6,"[1062,1063]",141,900,"","","[1220,1224]",[],[],[],1,[],"","",[],0,"",100,0,"",20,124,20,28,20,8004,9620,120,20,26,0,"[57,1071,1131]","","",20,36,26,28,20,38,20,32,20,26,0,"",[],"","","",20,36,26,28,20,38,20,32,20,26,0,6,1684,62000,"",0,0,1,1,52,10000,5000,[],59,7,0,0,"","",0,"",[],"[0,0,0,50,25,15,5,4,1]","[0,100,40,5]",[],4080,"","","","","","","","","","",0,0,""
339,"MapUberBoss_CopperCitadel","The Copper Citadel","La Citadelle de cuivre","Die Kupferzitadelle","銅の城塞","구리의 성채","A Cidadela de Cobre","Медная цитадель","La ciudadela de cobre","ปราการทองแดง","青銅城塞",10,"","",[],80,-13623,8,6,"[""Art/Textures/Interface/LoadingImages/AtlasLoadingScreen.dds""]",[],[59],6,"[1064,1094]",141,900,"","",[1239],[],[],[],1,[],"","",[],0,"",100,0,"",20,124,20,28,20,8004,9620,120,20,26,0,"[57,1072,1130]","","",20,36,26,28,20,38,20,32,20,26,0,"",[],"","","",20,36,26,28,20,38,20,32,20,26,0,6,1688,22000,"",0,0,1,1,52,10000,5000,[],55,7,0,0,74,"",0,"",[],"[0,0,0,50,25,15,5,4,1]","[0,100,40,5]",[],4081,"","","","","","","","","","",0,0,""
340,"MapUberBoss_StoneCitadel","The Stone Citadel","La Citadelle de pierre","Die Steinzitadelle","石の城塞","돌의 성채","A Cidadela de Pedra","Каменная цитадель","La ciudadela de piedra","ปราการศิลา","岩石城塞",10,"","",[],80,23173,8,9,"[""Art/Textures/Interface/LoadingImages/AtlasLoadingScreen.dds""]",[],[59],6,"[1065,1066]",141,900,"","","[1143,1145]",[],[],[],1,[],"","",[],0,"",100,0,"",20,124,20,28,20,8004,9620,120,20,26,0,"[57,1073,1129]","","",20,36,26,28,20,38,20,32,20,26,0,"",[],"","","",20,36,26,28,20,38,20,32,20,26,0,6,1687,74000,"",0,0,1,1,52,5000,5000,[],55,7,0,0,"","",0,"",[],"[0,50,25,15,5,4,1]","[100,25,8,2]",[],4082,"","","","","네 번째 칙령의 불을 뿜는 의례","","","","","",0,0,""
341,"MapUberBoss_Monolith","The Burning Monolith","Le Monolithe ardent","Der Brennende Monolith","燃えるモノリス","불타는 거석","O Monólito Ardente","Горящий монолит","El monolito ardiente","อนุสาวรีย์เพลิงพิโรธ","燃燒豐碑",10,"","",[],80,26079,4,6,"[""Art/Textures/Interface/LoadingImages/AtlasLoadingScreen.dds""]",[],[59],6,[1061],141,900,"","",[1566],[],[],[],1,[],"","",[13417],0,"",100,0,"",20,30,648,28,20,32,92,8338,20,26,0,"[57,311,173,1062,169,1060,1064,54,74,122,50,62,322,127,708,75,56,1059,224,1063,704,76,79,1061,312,113,398,102,65,73,49,709,1056,707,51,1057,95,706,703,705,69,310,309,66,53,1058]","","",20,36,26,28,20,38,20,32,20,26,0,"",[],"","","",20,36,26,28,20,38,20,32,20,26,0,6,1683,50000,"",0,0,1,1,52,0,0,[],0,7,0,0,"","",0,"",[],[0],[0],[],4073,"Flaming rite of the Fourth Edict","Rite des flammes du quatrième Édit","Flammender Ritus des Vierten Edikts","第四の布告の炎の儀","네 번째 칙령의 불을 뿜는 의례","Rito flamejante do Quarto Édito","Огненный обряд Четвёртого эдикта","El rito ardiente del cuarto edicto","พิธีอัคคีแห่งโองการที่สี่","第四戒律的烈焰儀式",0,0,""
342,"ExpeditionLogBook_Peninsula","Craggy Peninsula","Péninsule escarpée","Zerklüftete Halbinsel","岩だらけの半島","바위투성이 반도","Península Escarpada","Скалистый утёс","Península escarpada","ชะง่อนคาบสมุทร","崎嶇半島",10,"","",[],65,27874,4,6,"[""Art/Textures/Interface/LoadingImages/AtlasLoadingScreen.dds""]","[75,104]",[59],6,[1068],141,900,"","",[],[],[],[],"",[],"","",[],0,"",100,0,"",20,124,20,28,20,8004,92,120,20,26,0,"[169,1131]","","",20,36,26,28,20,38,20,32,20,26,0,"",[],"","","",20,36,26,28,20,38,20,32,20,26,0,29,1691,50000,"",0,0,1,1,52,0,0,[],0,7,0,0,"","",0,"",[],[0],[0],[],4205,"","","","","","","","","","",0,0,""
343,"ExpeditionLogBook_Tropical","Lush Isle","Île luxuriante","Üppige Insel","生い茂った島","우거진 섬","Ilha Viçosa","Зелёный островок","Isla frondosa","เกาะเขียวขจี","蓊鬱群島",10,"","",[],65,-4425,4,6,"[""Art/Textures/Interface/LoadingImages/AtlasLoadingScreen.dds""]","[75,104]",[59],6,[1067],141,900,"","",[],[],[],[],"",[],"","",[],0,"",100,0,"",20,124,20,28,20,8004,92,120,20,26,0,"[169,1131]","","",20,36,26,28,20,38,20,32,20,26,0,"",[],"","","",20,36,26,28,20,38,20,32,20,26,0,29,1690,50000,"",0,0,1,1,52,0,0,[],0,7,0,0,10,"",0,"",[],[0],[0],[],4205,"","","","","","","","","","",0,0,""
344,"ExpeditionLogBook_Tundra","Frigid Bluffs","Falaises glaciales","Kalte Klippen","凍てついた断崖","차디찬 절벽","Penhascos Frígidos","Холодные скалы","Peñascos helados","ผาชันเยือกเย็น","寒風峭壁",10,"","",[],65,-13217,4,6,"[""Art/Textures/Interface/LoadingImages/AtlasLoadingScreen.dds""]","[75,104]",[59],6,[1069],141,900,"","",[],[],[],[],"",[],"","",[],0,"",100,0,"",20,13970,1048,28,20,32,10694,13132,20,26,0,"[169,1131]","","",20,36,26,28,20,38,20,32,20,26,0,"",[],"","","",20,36,26,28,20,38,20,32,20,26,0,29,1692,50000,"",0,0,1,1,52,0,0,[],0,7,0,0,"","",0,"",[],[0],[0],[],4205,"","","","","","","","","","",0,0,""
345,"ExpeditionLogBook_Atoll","Barren Atoll","Atoll stérile","Ödes Atoll","荒れ果てた環礁","불모의 산호섬","Atoleiro Estéril","Бесплодный риф","Atolón desierto","เกาะวงแหวนแห้งแล้ง","貧瘠環礁",10,"","",[],65,-15366,4,6,"[""Art/Textures/Interface/LoadingImages/AtlasLoadingScreen.dds""]","[75,104]",[59],6,[1070],141,900,"","",[],[],[],[],"",[],"","",[],0,"",100,0,"",20,30,164,28,20,32,92,8338,20,26,0,"[169,1131]","","",20,36,26,28,20,38,20,32,20,26,0,"",[],"","","",20,36,26,28,20,38,20,32,20,26,0,29,1693,50000,"",0,0,1,1,52,0,0,[],0,7,0,0,"","",0,"",[],[0],[0],[],4205,"","","","","","","","","","",0,0,""
346,"ExpeditionLogBook_Digsite","Abandonded Excavation","Excavation abandonnée","Verlassene Ausgrabung","放棄された発掘現場","버려진 발굴터","Escavação Abandonada","Заброшенный карьер","Excavación abandonada","ถิ่นขุดเจาะที่ถูกทอดทิ้ง","廢棄挖掘場",10,"","",[],65,-1695,4,6,"[""Art/Textures/Interface/LoadingImages/AtlasLoadingScreen.dds""]","[75,104]",[59],6,[1071],141,900,"","",[],[],[],[],"",[],"","",[],0,"",100,0,"",20,124,20,28,20,8004,92,120,20,26,0,"[169,1131]","","",20,36,26,28,20,38,20,32,20,26,0,"",[],"","","",20,36,26,28,20,38,20,32,20,26,0,29,1694,50000,"",0,0,1,1,52,0,0,[],0,7,0,0,"","",0,"",[],[0],[0],[],4205,"","","","","","","","","","",0,0,""
347,"ExpeditionSubArea_Cavern","Smuggler's Den","Tanière de contrebandier","Schmugglerhöhle","密輸人のアジト","밀수범 소굴","Covil do Contrabandista","Притон контрабандистов","Guarida del contrabandista","ดงโจร","走私者老巢",10,"","",[],65,-16939,4,6,"[""Art/Textures/Interface/LoadingImages/AtlasLoadingScreen.dds""]",[],[],6,[1074],141,900,"","",[],[],[],[],"",[],"","",[],0,"",100,0,"",20,124,20,28,20,32,92,120,20,26,0,[],"","",20,36,26,28,20,38,20,32,20,26,0,"",[],"","","",20,36,26,28,20,38,20,32,20,26,0,29,1697,50000,"",0,0,1,1,52,0,0,[],0,7,0,0,"","",0,"",[],[0],[0],[],4205,"","","","","","","","","","",0,0,""
348,"ExpeditionSubArea_Kalguur","Kalguuran Tomb","Tombeau kalguurien","Kalguurisches Grab","カルグール人の墓","칼구르 무덤","Tumba Kalguurana","Калгууранская гробница","Tumba kalgurana","สุสานคาลเกอร์","卡爾葛陵墓",10,"","",[],65,-5934,4,6,"[""Art/Textures/Interface/LoadingImages/AtlasLoadingScreen.dds""]",[],[],6,[1075],141,900,"","",[],[],[],[],"",[],"","",[],0,"",100,0,"",20,30,164,28,20,8004,9620,120,20,26,0,[],"","",20,36,26,28,20,38,20,32,20,26,0,"",[],"","","",20,36,26,28,20,38,20,32,20,26,0,29,1701,50000,"",0,0,1,1,52,0,0,[],0,7,0,0,"","",0,"",[],[0],[0],[],4205,"","","","","","","","","","",0,0,""
349,"ExpeditionSubArea_OlrothBoss","Kalguuran Tomb","Tombeau kalguurien","Kalguurisches Grab","カルグール人の墓","칼구르 무덤","Tumba Kalguurana","Калгууранская гробница","Tumba kalgurana","สุสานคาลเกอร์","卡爾葛陵墓",10,"","",[],65,-31673,4,6,"[""Art/Textures/Interface/LoadingImages/AtlasLoadingScreen.dds""]",[],[],6,[1076],141,900,"","",[473],[],[],[],"",[],"","",[13417],0,"",100,0,"",20,30,164,28,20,8004,9620,120,20,26,0,[],"","",20,36,26,28,20,38,20,32,20,26,0,"",[],"","","",20,36,26,28,20,38,20,32,20,26,0,29,1701,50000,"",0,0,1,1,52,0,0,[],0,7,0,0,"","",0,"",[],[0],[0],[],4205,"","","","","","","","","","",0,0,""
350,"ExpeditionSubArea_Shrike","Rancid Nest","Nid putride","Verschmutztes Nest","悪臭のする巣","악취 나는 둥지","Ninho Rançoso","Зловонное гнездо","Nido rancio","รังเน่าเหม็น","腐臭巢穴",10,"","",[],65,13654,4,6,"[""Art/Textures/Interface/LoadingImages/AtlasLoadingScreen.dds""]",[],[],6,[1078],141,900,"","",[],[],[],[],"",[],"","",[],0,"",100,0,"",20,30,164,28,20,32,162,8338,20,26,0,[],"","",20,36,26,28,20,38,20,32,20,26,0,"",[],"","","",20,36,26,28,20,38,20,32,20,26,0,29,1699,50000,"",0,0,1,1,52,0,0,[],0,7,0,0,"","",0,"",[],[0],[0],[],4205,"","","","","","","","","","",0,0,""
351,"ExpeditionSubArea_Siren","Hidden Aquifer","Aquifère caché","Versteckter Aquifer","隠れ帯水層","숨겨진 대수층","Aquífero Oculto","Укромный водосбор","Acuífero oculto","ชั้นน้ำเร้นลับ","隱匿含水層",10,"","",[],65,18387,4,6,"[""Art/Textures/Interface/LoadingImages/AtlasLoadingScreen.dds""]",[],[],6,[1079],141,900,"","",[],[],[],[],"",[],"","",[],0,"",100,0,"",20,30,648,28,20,32,92,8338,20,26,0,[],"","",20,36,26,28,20,38,20,32,20,26,0,"",[],"","","",20,36,26,28,20,38,20,32,20,26,0,29,1700,50000,"",0,0,1,1,52,0,0,[],0,7,0,0,"","",0,"",[],[0],[0],[],4205,"","","","","","","","","","",0,0,""
352,"ExpeditionSubArea_Volcano","Sulphur Mines","Mines de soufre","Schwefelminen","硫黄鉱山","유황 광산","Minas de Enxofre","Серные шахты","Minas de azufre","เหมืองซัลเฟอร์","硫磺礦坑",10,"","",[],65,-24892,4,6,"[""Art/Textures/Interface/LoadingImages/AtlasLoadingScreen.dds""]",[],[],6,[1080],141,900,"","",[],[],[],[],"",[],"","",[],0,"",100,0,"",20,13970,1048,28,20,24416,10694,14106,20,26,0,[],"","",20,36,26,28,20,38,20,32,20,26,0,"",[],"","","",20,36,26,28,20,38,20,32,20,26,0,29,1698,50000,"",0,0,1,1,52,0,0,[],0,7,0,0,"","",0,"",[],[0],[0],[],4205,"","","","","","","","","","",0,0,""
353,"Delirium_Act1Town","Clearfell Lumbermill","Scierie de la Clairière","Sägemühle von Lichtfall","クリアフェルの製材所","클리어펠 제재소","Serraria de Clearfell","Лесопилка Клирфелла","Serrería de Sierraclara","โรงฟืนเคลียร์เฟล","皆伐伐木場",10,"","",[],80,-15815,4,6,"[""Art/Textures/Interface/LoadingImages/AtlasLoadingScreen.dds""]",[56],[59],6,[1081],141,900,"","",[],[],[],[],1,[],"","","[11408,13417]",0,"",100,0,"",20,124,20,28,20,8004,9620,120,20,26,0,[],"","",20,36,26,28,20,38,20,32,20,26,0,"",[],"","","",20,36,26,28,20,38,20,32,20,26,0,7,1705,50000,"",0,0,1,1,52,0,0,[],0,5,0,0,"","",0,"",[],[0],[0],[],4205,"","","","","","","","","","",0,0,""
354,"BreachDomain_01","Twisted Domain","Domaine distordu","Verzerrtes Reich","歪んだ領域","뒤틀린 영역","Domínio Deformado","Искажённые владения","Dominio retorcido","แดนวิปลาส","扭曲領域",10,"","",[],80,10413,6,9,"[""Art/Textures/Interface/LoadingImages/AtlasLoadingScreen.dds""]",[54],[59],6,[1086],141,900,"","",[1558],[],[],[],1,[],"","","[9820,13293,13355,13417]",0,"",100,0,"",20,30,164,28,20,32,12728,8338,20,26,0,[],"","",20,36,26,28,20,38,20,32,20,26,0,"",[],"","","",20,36,26,28,20,38,20,32,20,26,0,7,1714,40000,"",0,0,1,1,52,350,0,[],0,15,0,0,"","",0,"",[],[0],[0],[],4205,"","","","","","","","","","",0,0,""
355,"RitualLeagueBoss","Crux of Nothingness","Cœur du Rien","Der Kern des Nichts","虚無の中枢","허무의 핵심","Crux da Inexistência","Суть небытия","El quid de la nada","รากฐานความว่างเปล่า","無量困境",10,"","",[],80,-2563,4,6,"[""Art/Textures/Interface/LoadingImages/AtlasLoadingScreen.dds""]",[68],[59],6,[1087],141,900,"","","[1415,1418]",[],[],[],1,[],"","",[13417],0,"",100,0,"",20,30,648,28,20,8004,9620,8338,20,26,0,[57],"","",20,36,26,28,20,38,20,32,20,26,0,"",[],1,"","",20,36,26,28,20,38,20,32,20,26,0,7,1715,50000,"",0,0,1,1,52,0,0,[],0,0,0,0,"","",0,"",[],[0],[0],[],4205,"","","","","","","","","","",0,0,""
356,"MapHideoutFelled_Claimable","Felled Hideout","Repaire abattu","Versteckte Abholzung","伐採された隠れ家","벌채된 은신처","Refúgio Caído","Снесённое убежище","Guarida talada","ที่ซ่อน Felled","藏身處：殞落",10,"","",[],65,-6460,4,50,"[""Art/Textures/Interface/LoadingImages/AtlasLoadingScreen.dds""]",[],[59],6,[1088],141,900,"","",[],[],[],[],1,[],"","",[],0,"",100,0,"",20,30,20,28,20,32,162,120,20,26,0,"[57,1068,1131]","","",20,36,26,28,20,38,20,32,20,26,0,"",[],"","","",20,36,26,28,20,38,20,32,20,26,0,6,952,8000,"",0,0,1,1,52,5000,5000,[],55,7,0,0,30,"",0,"",[],"[0,50,25,15,5,4,1]","[100,25,8,2]",[],4170,"","","","","","","","","","",0,0,""
357,"MapHideoutLimestone_Claimable","Limestone Hideout","Repaire de calcaire","Kalkstein-Versteck","石灰岩の隠れ家","석회암 은신처","Refúgio de Calcário","Известняковое убежище","Guarida de caliza","ที่ซ่อน Limestone","藏身處：石灰岩",10,"","",[],65,-5897,4,50,"[""Art/Textures/Interface/LoadingImages/AtlasLoadingScreen.dds""]",[],[59],6,[1089],141,900,"","",[],[],[],[],1,[],"","",[],0,"",100,0,"",20,30,164,28,20,32,162,120,20,26,0,"[57,1065,1131]","","",20,36,26,28,20,38,20,32,20,26,0,"",[],"","","",20,36,26,28,20,38,20,32,20,26,0,6,954,10000,"",0,0,1,1,52,5000,5000,[],55,7,0,0,30,"",0,"",[],"[0,50,25,15,5,4,1]","[100,25,8,2]",[],4170,"","","","","","","","","","",0,0,""
358,"MapHideoutShrine_Claimable","Shrine Hideout","Repaire du Sanctuaire","Versteckter Schrein","神殿の隠れ家","성소 은신처","Refúgio do Altar","Убежище с алтарём","Guarida de sagrario","ที่ซ่อน Shrine","藏身處：神殿",10,"","",[],65,-23216,4,50,"[""Art/Textures/Interface/LoadingImages/AtlasLoadingScreen.dds""]",[],[59],6,[1091],141,900,"","",[],[],[],[],1,[],"","",[],0,"",100,0,"",20,30,648,28,20,32,162,120,20,26,0,"[57,1070,1130]","","",20,36,26,28,20,38,20,32,20,26,0,"",[],"","","",20,36,26,28,20,38,20,32,20,26,0,6,953,8000,"",0,0,1,1,52,5000,5000,[],55,7,0,0,30,"",0,"",[],"[0,50,25,15,5,4,1]","[100,25,8,2]",[],4170,"","","","","","","","","","",0,0,""
359,"MapHideoutCanal_Claimable","Canal Hideout","Repaire du Canal","Versteckter Kanal","運河の隠れ家","운하 은신처","Refúgio do Canal","Убежище в каналах","Guarida de canal","ที่ซ่อน Canal","藏身處：運河",10,"","",[],65,27095,4,50,"[""Art/Textures/Interface/LoadingImages/AtlasLoadingScreen.dds""]",[],[59],6,[1092],141,900,"","",[],[],[],[],1,[],"","",[],0,"",100,0,"",20,30,648,28,20,32,162,120,20,26,0,"[57,1067,1129]","","",20,36,26,28,20,38,20,32,20,26,0,"",[],"","","",20,36,26,28,20,38,20,32,20,26,0,6,955,8000,"",0,0,1,1,52,5000,5000,[],55,7,0,0,30,"",0,"",[],"[0,50,25,15,5,4,1]","[100,25,8,2]",[],4170,"","","","","이곳의 광맥이 흘린 피로부터 전쟁의 도구가 빚어집니다","","","","","",0,0,""
360,"MapAzmerianRanges_NoBoss","Azmerian Ranges","Crêtes azmériennes","Azmerische Gebirge","アズメリ山脈","아즈메리 산맥","Cordilheiras Azmerianas","Хребты азмири","Cordillera azmeriana","Azmerian Ranges","阿茲莫里山脈",10,"","",[],65,24160,4,6,"[""Art/Textures/Interface/LoadingImages/AtlasLoadingScreen.dds""]",[],[59],6,[1111],141,900,"","",[],[],[],[],1,[],"","",[],0,"",100,0,"",20,124,1048,28,20,24416,16402,120,20,26,0,"[57,1068,1066,1131]","","",20,36,26,28,20,38,20,32,20,26,0,"",[],"","","",20,36,26,28,20,38,20,32,20,26,0,6,1720,50500,"",0,0,1,1,52,5000,5000,[],55,7,0,0,"","",0,"",[],"[0,50,25,15,5,4,1]","[100,25,8,2]",[],4170,"","","","","","","","","","",0,0,""
361,"MapAzmerianRanges","Azmerian Ranges","Crêtes azmériennes","Azmerische Gebirge","アズメリ山脈","아즈메리 산맥","Cordilheiras Azmerianas","Хребты азмири","Cordillera azmeriana","Azmerian Ranges","阿茲莫里山脈",10,"","",[],65,23755,4,6,"[""Art/Textures/Interface/LoadingImages/AtlasLoadingScreen.dds""]",[],[59],6,[1101],141,900,"","","[1419,1405]",[],[],[],1,[],"","",[],0,"",100,0,"",20,124,1048,28,20,24416,16402,120,20,26,0,"[57,1068,1066,1131]","","",20,36,26,28,20,38,20,32,20,26,0,"",[],"","","",20,36,26,28,20,38,20,32,20,26,0,6,1720,50500,"",0,0,1,1,52,5000,5000,[],55,7,0,0,"","",0,"",[],"[0,50,25,15,5,4,1]","[100,25,8,2]",[],4170,"","","","","","","","","","",0,0,""
362,"MapTrenches","Trenches","Tranchées","Gräben","塹壕","참호","Trincheiras","Траншеи","Trincheras","Trenches","壕溝",10,"","",[],65,-16688,4,6,"[""Art/Textures/Interface/LoadingImages/AtlasLoadingScreen.dds""]",[],[59],6,[1201],141,900,"","",[149],[],[],[],1,[],"","",[],0,"",100,0,"",20,13970,1048,28,20,24416,10694,14106,20,26,0,"[57,1068,1069,1131]","","",20,36,26,28,20,38,20,32,20,26,0,"",[],"","","",20,36,26,28,20,38,20,32,20,26,0,6,1745,39000,"",0,0,1,1,52,5000,5000,[],55,7,0,0,"","",0,"",[],"[0,50,25,15,5,4,1]","[100,25,8,2]",[],4170,"","","","","","","","","","",0,0,""
363,"MapTrenches_Noboss","Trenches","Tranchées","Gräben","塹壕","참호","Trincheiras","Траншеи","Trincheras","Trenches","壕溝",10,"","",[],65,16034,4,6,"[""Art/Textures/Interface/LoadingImages/AtlasLoadingScreen.dds""]",[],[59],6,[1202],141,900,"","",[],[],[],[],1,[],"","",[],0,"",100,0,"",20,13970,1048,28,20,24416,10694,14106,20,26,0,"[57,1068,1069,1131]","","",20,36,26,28,20,38,20,32,20,26,0,"",[],"","","",20,36,26,28,20,38,20,32,20,26,0,6,1745,39000,"",0,0,1,1,52,5000,5000,[],55,7,0,0,"","",0,"",[],"[0,50,25,15,5,4,1]","[100,25,8,2]",[],4170,"","","","","","","","","","",0,0,""
364,"MapFrozenFalls","Frozen Falls","Chutes gelées","Gefrorene Wasserfälle","凍った滝","얼어붙은 폭포","Cataratas Congeladas","Замёрзшие водопады","Cataratas congeladas","Frozen Falls","冰凍瀑布",10,"","",[],65,22867,6,6,"[""Art/Textures/Interface/LoadingImages/AtlasLoadingScreen.dds""]",[],[59],6,"[1203,1204,1205,1206]",141,900,"","",[213],[],[],[],1,[],"","",[],0,"",100,0,"",20,13970,1048,28,20,24416,16402,14106,20,26,0,"[57,1066,1065,1131]","","",20,36,26,28,20,38,20,32,20,26,0,"",[],"","","",20,36,26,28,20,38,20,32,20,26,0,6,1746,72000,"",0,0,1,1,52,5000,5000,[],55,7,0,0,"","",0,"",[],"[0,50,25,15,5,4,1]","[100,25,8,2]",[],4170,"","","","","","","","","","",0,0,""
365,"MapFrozenFalls_NoBoss","Frozen Falls","Chutes gelées","Gefrorene Wasserfälle","凍った滝","얼어붙은 폭포","Cataratas Congeladas","Замёрзшие водопады","Cataratas congeladas","Frozen Falls","冰凍瀑布",10,"","",[],65,49,6,6,"[""Art/Textures/Interface/LoadingImages/AtlasLoadingScreen.dds""]",[],[59],6,"[1207,1208,1209,1210]",141,900,"","",[],[],[],[],1,[],"","",[],0,"",100,0,"",20,13970,1048,28,20,24416,16402,14106,20,26,0,"[57,1066,1065,1131]","","",20,36,26,28,20,38,20,32,20,26,0,"",[],"","","",20,36,26,28,20,38,20,32,20,26,0,6,1746,72000,"",0,0,1,1,52,5000,5000,[],55,7,0,0,"","",0,"",[],"[0,50,25,15,5,4,1]","[100,25,8,2]",[],4170,"","","","","","","","","","",0,0,""
