"rownum","Name","ModSellPriceTypesKeys","bool"
0,"IncreasedLife",[1],""
1,"FireDamage",[0],""
2,"FireDamageWithBows",[0],""
3,"FireDamageWithBowsJewel",[0],""
4,"ColdDamage",[0],""
5,"LightningDamage",[0],""
6,"EnergyShield",[1],""
7,"EnergyShieldImplicit",[1],""
8,"LocalEnergyShield",[1],""
9,"LocalEnergyShieldPercent",[1],""
10,"LocalEnergyShieldPercentSuffix",[2],""
11,"IncreasedMana",[0],""
12,"LocalIncreasedPhysicalDamagePercentAndAccuracyRating",[1],""
13,"LocalColdDamage",[0],""
14,"LocalColdDamageTwoHand",[0],""
15,"LocalColdDamageRanged",[0],""
16,"PhysicalDamage",[1],""
17,"PhysicalDamageWithBows",[1],""
18,"PhysicalDamageWithBowsJewel",[1],""
19,"LifeLeech",[1],""
20,"LifeLeechLocal",[1],""
21,"LifeLeechPermyriad",[1],""
22,"LifeLeechLocalPermyriad",[1],""
23,"MonsterLifeLeech",[],""
24,"MonsterLifeLeechAndDegen",[],""
25,"ManaLeech",[2],""
26,"ManaLeechLocal",[2],""
27,"ManaLeechPermyriad",[2],""
28,"ManaLeechLocalPermyriad",[2],""
29,"AdditionalArrows",[6],""
30,"LocalKnockback",[4],""
31,"CannotBeFrozen",[5],""
32,"CannotBeSlowedBelowValue",[],""
33,"ShieldArmourIncrease",[1],""
34,"MaxQuality",[],""
35,"IncreasedShieldBlockPercentage",[5],""
36,"LocalEvasionRatingIncreasePercent",[1],""
37,"LocalEvasionRatingIncreasePercentSuffix",[2],""
38,"LocalEvasionRatingAndStunRecoveryIncreasePercent",[1],""
39,"LocalPhysicalDamageReductionRatingAndStunRecoveryPercent",[1],""
40,"LocalPhysicalDamageReductionRatingPercentAndBlockChance",[1],""
41,"LocalEnergyShieldAndStunRecoveryPercent",[1],""
42,"GlobalEvasionRatingPercent",[1],""
43,"GlobalEvasionAndArmourPercent",[6],""
44,"MonsterEvasionRatingPercent",[],""
45,"LocalPhysicalDamage",[2],""
46,"LocalPhysicalDamageTwoHanded",[2],""
47,"EvasionRating",[1],""
48,"LocalEvasionRating",[1],""
49,"PhysicalDamageReductionRating",[1],""
50,"LocalPhysicalDamageReductionRating",[1],""
51,"GlobalPhysicalDamageReductionRatingPercent",[1],""
52,"GlobalPhysicalDamageReductionRatingPercentUnused",[1],""
53,"MonsterPhysicalDamageReductionRatingPercent",[],""
54,"LocalPhysicalDamageReductionRatingPercent",[1],""
55,"LocalPhysicalDamageReductionRatingPercentSuffix",[2],""
56,"GlobalEnergyShieldPercent",[1],""
57,"LocalBaseArmourAndEvasionRating",[1],""
58,"LocalBaseArmourAndEnergyShield",[1],""
59,"LocalBaseEvasionRatingAndEnergyShield",[1],""
60,"LocalBaseArmourEvasionRatingAndLife",[1],""
61,"LocalBaseArmourEnergyShieldAndLife",[1],""
62,"LocalBaseEvasionRatingEnergyShieldAndLife",[1],""
63,"LocalBaseArmourAndLife",[1],""
64,"LocalBaseEnergyShieldAndLife",[1],""
65,"LocalBaseEvasionRatingAndLife",[1],""
66,"LocalBaseEnergyShieldAndMana",[1],""
67,"LocalIncreasedArmourAndEvasionAndLife",[1],""
68,"LocalIncreasedArmourAndEnergyShieldAndLife",[1],""
69,"LocalIncreasedEvasionAndEnergyShieldAndLife",[1],""
70,"LocalIncreasedArmourAndLife",[1],""
71,"LocalIncreasedEvasionAndLife",[1],""
72,"LocalIncreasedEnergyShieldAndLife",[1],""
73,"LocalIncreasedDefencesAndLife",[1],""
74,"MonsterEnergyShieldPercent",[],""
75,"WeaponSpellDamage",[2],""
76,"TwoHandWeaponSpellDamage",[2],""
77,"WeaponSpellDamageAddedAsChaos",[2],""
78,"WeaponSpellDamageAndMana",[1],""
79,"TwoHandWeaponSpellDamageAndMana",[1],""
80,"LocalIncreasedPhysicalDamagePercentAndLeech",[1],""
81,"LocalIncreasedPhysicalDamagePercentAndAttackSpeed",[1],""
82,"LocalIncreasedPhysicalDamagePercentAndCritChance",[1],""
83,"LocalIncreasedPhysicalDamagePercentAndCritMulti",[1],""
84,"LocalIncreasedPhysicalDamagePercentAndStun",[1],""
85,"LocalIncreasedPhysicalDamagePercentAndArea",[1],""
86,"LocalIncreasedPhysicalDamagePercentAndProjSpeed",[1],""
87,"LocalIncreasedPhysicalDamagePercentAndPierce",[1],""
88,"ReducedChillDuration",[5],""
89,"ReducedFreezeDuration",[5],""
90,"ReducedFreezeDurationMaven",[5],""
91,"ReducedBurnDuration",[5],""
92,"ReducedBurnDurationMaven",[5],""
93,"ReducedShockDuration",[5],""
94,"ReducedPoisonDuration",[5],""
95,"ReducedBleedDuration",[5],""
96,"IncreasedCastSpeed",[1],""
97,"IncreasedCastSpeedFishing",[1],""
98,"IncreasedCastSpeedAddedChaos",[1],""
99,"IncreasedAttackSpeed",[1],""
100,"MonsterIncreasedAttackSpeed",[],""
101,"MonsterIncreasedCastSpeed",[],""
102,"MonsterIncreasedAttackAndCastSpeed",[],""
103,"MonsterMoreAttackSpeed",[],""
104,"IncreasedAccuracy",[0],""
105,"MonsterIncreasedAccuracyPercent",[],""
106,"LifeRegeneration",[0],""
107,"ManaRegeneration",[0],""
108,"ManaRegenerationMaven",[0],""
109,"EnergyShieldRegeneration",[5],""
110,"LifeRegenerationAndManaRegeneration",[1],""
111,"ArrowSpeed",[],""
112,"StunDurationIncreasePercent",[1],""
113,"StunRecovery",[0],""
114,"FireResistance",[0],""
115,"ColdResistance",[0],""
116,"LightningResistance",[0],""
117,"AllResistances",[2],""
118,"AllResistancesMaven",[2],""
119,"AllResistancesWithChaos",[2],""
120,"FireResistancePrefix",[2],""
121,"ColdResistancePrefix",[2],""
122,"LightningResistancePrefix",[2],""
123,"ArrowPiercePer10",[],""
124,"ArrowAdditionalPierce",[1],""
125,"CorruptionBowArrowPierce",[],""
126,"AdditionalArrowPierce",[],""
127,"ArrowsAlwaysPierce",[],""
128,"MovementVelocity",[2],""
129,"MonsterMovementVelocity",[],""
130,"ItemFoundQuantityIncrease",[6],""
131,"ItemFoundRarityIncrease",[5],""
132,"ItemFoundRarityIncreasePrefix",[5],""
133,"EnergyShieldDelay",[5],""
134,"FireDamagePercentage",[1],""
135,"FireDamagePercentagePrefix",[2],""
136,"FireDamageWeaponPrefix",[1],""
137,"TwoHandFireDamageWeaponPrefix",[1],""
138,"FireDamageWeaponPrefixAndFlat",[1],""
139,"TwoHandFireDamageWeaponPrefixAndFlat",[1],""
140,"ColdDamagePercentage",[1],""
141,"ColdDamagePercentagePrefix",[2],""
142,"ColdDamageWeaponPrefix",[1],""
143,"TwoHandColdDamageWeaponPrefix",[1],""
144,"ColdDamageWeaponPrefixAndFlat",[1],""
145,"TwoHandColdDamageWeaponPrefixAndFlat",[1],""
146,"LightningDamagePercentage",[1],""
147,"LightningDamagePercentagePrefix",[2],""
148,"LightningDamageWeaponPrefix",[1],""
149,"TwoHandLightningDamageWeaponPrefix",[1],""
150,"LightningDamageWeaponPrefixAndFlat",[1],""
151,"TwoHandLightningDamageWeaponPrefixAndFlat",[1],""
152,"ChaosDamageWeaponPrefix",[1],""
153,"TwoHandChaosDamageWeaponPrefix",[1],""
154,"LocalLightningDamage",[1],""
155,"LocalLightningDamageTwoHand",[1],""
156,"LocalLightningDamageRanged",[1],""
157,"LocalFireDamage",[1],""
158,"LocalFireDamageTwoHand",[1],""
159,"LocalFireDamageRanged",[1],""
160,"LocalFireDamageAndPen",[1],""
161,"LocalFireDamageTwoHandAndPen",[1],""
162,"LocalColdDamageAndPen",[1],""
163,"LocalColdDamageTwoHandAndPen",[1],""
164,"LocalLightningDamageAndPen",[1],""
165,"LocalLightningDamageTwoHandAndPen",[1],""
166,"LocalFireDamagePenetrationHybrid",[1],""
167,"LocalColdDamagePenetrationHybrid",[1],""
168,"LocalLightningDamagePenetrationHybrid",[1],""
169,"LocalChaosDamagePenetrationHybrid",[1],""
170,"FireResistancePhysTakenAsFire",[0],""
171,"ColdResistancePhysTakenAsCold",[0],""
172,"LightningResistancePhysTakenAsLightning",[0],""
173,"FireResistanceLeech",[0],""
174,"ColdResistanceLeech",[0],""
175,"LightningResistanceLeech",[0],""
176,"FireResistanceAilments",[0],""
177,"ColdResistanceAilments",[0],""
178,"LightningResistanceAilments",[0],""
179,"FireDamagePhysConvertedToFire",[0],""
180,"ColdDamagePhysConvertedToCold",[0],""
181,"LightningDamagePhysConvertedToLightning",[0],""
182,"IncreasedLifeAndPercent",[1],""
183,"LifeRegenerationAndPercent",[0],""
184,"EnergyShieldAndPercent",[1],""
185,"EnergyShieldAndRegen",[1],""
186,"IncreasedManaAndPercent",[0],""
187,"IncreasedManaAndOnHit",[0],""
188,"IncreasedManaAndRegen",[0],""
189,"IncreasedManaAndReservation",[0],""
190,"IncreasedManaAndReservationEfficiency",[0],""
191,"IncreasedManaAndCost",[0],""
192,"IncreasedManaAndCostNew",[0],""
193,"MovementVelocitySpeed",[2],""
194,"MovementVelocityDodge",[2],""
195,"MovementVelocitySpellDodge",[2],""
196,"ItemQuantityIncrease",[6],""
197,"MonsterDamageIncrease",[],""
198,"MonsterDamageFromRarity",[],""
199,"MonsterDamageLifeIncrease",[],""
200,"EssenceMonsterRarityAndQuantity",[],""
201,"MonsterSlainExperienceIncrease",[],""
202,"MonsterSlainExperienceIncreaseFinal",[],""
203,"MonsterDroppedItemRarityIncrease",[],""
204,"MonsterDroppedItemQuantityIncrease",[],""
205,"TormentSlainMonsterLootBonus",[],""
206,"MaximumLifeIncreasePercent",[2],""
207,"MonsterMaximumLifeIncreasePercent",[],""
208,"LocalPhysicalDamagePercent",[2],""
209,"PhysicalDamagePercent",[2],""
210,"PhysicalDamagePercentPrefix",[2],""
211,"LocalIncreasedAttackSpeed",[1],""
212,"LocalIncreasedAttackSpeedAddedChaos",[1],""
213,"LocalPhysicalDamagePercentAddedAsChaos",[2],""
214,"StunThresholdReduction",[0],""
215,"CriticalStrikeChance",[1],""
216,"CriticalStrikeChanceWithBows",[1],""
217,"CriticalStrikeChanceDaggerImplicit1",[],""
218,"CriticalStrikeChanceDaggerImplicit2",[],""
219,"CriticalStrikeChanceDaggerImplicit3",[],""
220,"ChaosResistance",[4],""
221,"ChaosResistancePrefix",[4],""
222,"ChaosResistanceDamageOverTime",[2],""
223,"CriticalStrikeMultiplier",[2],""
224,"CriticalStrikeMultiplierWithBows",[2],""
225,"SpellCriticalStrikeChance",[1],""
226,"NoCriticalStrikeMultiplier",[2],""
227,"AxeBonuses",[],""
228,"StaffBonuses",[],""
229,"ClawBonuses",[],""
230,"DaggerBonuses",[],""
231,"MaceBonuses",[],""
232,"BowBonuses",[],""
233,"SwordBonuses",[],""
234,"WandBonuses",[],""
235,"ProjectileSpeed",[1],""
236,"IncreasedAccuracyPercent",[0],""
237,"IncreasedAccuracyPercentWithSwords",[0],""
238,"LifeGainPerTarget",[0],""
239,"LifeGainPerTargetLocal",[0],""
240,"IncreasedWeaponElementalDamagePercent",[1],""
241,"FlaskIncreasedRecoverySpeed",[0],""
242,"FlaskIncreasedRecoveryAmount",[1],""
243,"FlaskIncreasedDuration",[2],""
244,"FlaskUtilityIncreasedDuration",[2],""
245,"FlaskIncreasedRecoveryOnLowLife",[0],""
246,"FlaskInstantRecoveryOnLowLife",[0],1
247,"FlaskPartialInstantRecovery",[0],1
248,"FlaskFullInstantRecovery",[1],""
249,"FlaskExtraManaCostsLife",[0],""
250,"FlaskExtraLifeCostsMana",[0],""
251,"FlaskExtraLifeCostsLife",[0],""
252,"FlaskExtraLife",[],""
253,"FlaskDispellsChill",[2],""
254,"FlaskDispellsBurning",[2],""
255,"FlaskExtraMaxCharges",[0],""
256,"FlaskIncreasedChargesAdded",[0],""
257,"FlaskIncreasedRecoveryReducedEffect",[0],""
258,"FlaskBuffArmourWhileHealing",[1],""
259,"FlaskBuffEvasionWhileHealing",[1],""
260,"FlaskBuffEnergyShieldWhileHealing",[1],""
261,"FlaskBuffMovementSpeedWhileHealing",[1],""
262,"FlaskBuffStunRecoveryWhileHealing",[1],""
263,"FlaskBuffResistancesWhileHealing",[1],""
264,"FlaskBuffLifeLeechWhileHealing",[1],""
265,"FlaskBuffLifeLeechPermyriadWhileHealing",[1],""
266,"FlaskBuffManaLeechWhileHealing",[1],""
267,"FlaskBuffManaLeechPermyriadWhileHealing",[1],""
268,"FlaskBuffKnockbackWhileHealing",[0],""
269,"FlaskBuffAttackLifeLeechWhileHealing",[1],""
270,"FlaskBuffSpellEnergyShieldLeechWhileHealing",[1],""
271,"FlaskBuffAttackSpeedWhileHealing",[1],""
272,"FlaskBuffCastSpeedWhileHealing",[1],""
273,"FlaskBuffFreezeShockIgniteChanceWhileHealing",[1],""
274,"FlaskBuffReducedManaCostWhileHealing",[1],""
275,"FlaskBuffAccuracyWhileHealing",[1],""
276,"FlaskBuffWardWhileHealing",[1],""
277,"FlaskBuffAvoidStunWhileHealing",[1],""
278,"FlaskHealsMinions",[0],""
279,"FlaskFullRechargeOnCrit",[2],""
280,"FlaskChanceRechargeOnCrit",[2],""
281,"FlaskFullRechargeOnTakeCrit",[2],""
282,"FlaskDispellsPoison",[2],""
283,"FlaskEffectReducedDuration",[0],1
284,"FlaskEffectLocal",[],""
285,"FlaskChargesUsed",[0],""
286,"FlaskFullRechargeOnHit",[0],""
287,"FlaskIncreasedHealingCharges",[1],""
288,"FlaskManaRecoveryAtEnd",[2],""
289,"FlaskEffectNotRemovedOnFullMana",[2],""
290,"FlaskEffectNotRemovedOnFullManaReducedRecovery",[2],""
291,"LocalCriticalStrikeChance",[1],""
292,"LocalCriticalStrikeMultiplier",[2],""
293,"FlaskBuffPreventsDeathWhileHealing",[8],""
294,"FlaskBuffAvoidChillFreeze",[0],""
295,"FlaskBuffAvoidIgnite",[0],""
296,"FlaskBuffAvoidShock",[0],""
297,"FlaskBuffBleedDuration",[0],""
298,"FlaskBuffChillFreezeDuration",[0],""
299,"FlaskBuffCurseEffect",[0],""
300,"FlaskBuffIgniteDuration",[0],""
301,"FlaskBuffPoisonDuration",[0],""
302,"FlaskBuffShockEffect",[0],""
303,"FlaskLevelRequirement",[],""
304,"RingLevelRequirement",[],""
305,"FireDamageAsPortionOfDamage",[6],""
306,"ColdDamageAsPortionOfDamage",[6],""
307,"LightningDamageAsPortionOfDamage",[],""
308,"MonsterFireDamageAsPortionOfDamage",[],""
309,"MonsterColdDamageAsPortionOfDamage",[],""
310,"MonsterLightningDamageAsPortionOfDamage",[],""
311,"LifeRegenerationRatePercentage",[5],""
312,"LifeRegenerationRatePercentagePerTotem",[5],""
313,"MonsterLifeRegenerationRatePercentage",[],""
314,"LifeRegenerationPercentAndMovementSpeed",[],""
315,"MonsterSlainFlaskChargesIncrease",[],""
316,"MonsterSlainGrantNoFlaskCharges",[],""
317,"LifeGainedFromEnemyDeath",[0],""
318,"ManaGainedFromEnemyDeath",[0],""
319,"MonsterDoesNotFlee",[],""
320,"LocalIncreaseSocketedFireGemLevel",[6],""
321,"LocalIncreaseSocketedFireGemLevelMaven",[6],""
322,"LocalIncreaseSocketedColdGemLevel",[6],""
323,"LocalIncreaseSocketedColdGemLevelMaven",[6],""
324,"LocalIncreaseSocketedLightningGemLevel",[6],""
325,"LocalIncreaseSocketedLightningGemLevelMaven",[6],""
326,"LocalIncreaseSocketedChaosGemLevel",[2],""
327,"LocalIncreaseSocketedChaosGemLevelMaven",[2],""
328,"LocalIncreaseSocketedProjectileGemLevel",[6],""
329,"LocalIncreaseSocketedSpellGemLevel",[6],""
330,"LocalIncreaseSocketedMeleeGemLevel",[6],""
331,"LocalIncreaseSocketedBowGemLevel",[6],""
332,"LocalIncreaseSocketedMinionGemLevel",[6],""
333,"LocalIncreaseSocketedTrapGemLevel",[6],""
334,"LocalIncreaseSocketedGemLevel",[6],""
335,"LocalIncreaseSocketedAuraLevel",[6],""
336,"LocalIncreaseSocketedStrengthGemLevel",[6],""
337,"LocalIncreaseSocketedAuraLevelCorrupted",[6],""
338,"LocalIncreaseSocketedCurseLevelCorrupted",[6],""
339,"LocalIncreaseSocketedProjectileLevelCorrupted",[6],""
340,"LocalIncreaseSocketedFireGemLevelCorrupted",[6],""
341,"LocalIncreaseSocketedColdGemLevelCorrupted",[6],""
342,"LocalIncreaseSocketedLightningGemLevelCorrupted",[6],""
343,"GlobalIncreaseSpellSkillGemLevel",[6],""
344,"GlobalIncreaseFireSpellSkillGemLevel",[6],""
345,"GlobalIncreaseColdSpellSkillGemLevel",[6],""
346,"GlobalIncreaseLightningSpellSkillGemLevel",[6],""
347,"GlobalIncreaseChaosSpellSkillGemLevel",[6],""
348,"GlobalIncreasePhysicalSpellSkillGemLevel",[6],""
349,"GlobalIncreaseMinionSpellSkillGemLevel",[6],""
350,"GlobalIncreaseMeleeSkillGemLevel",[6],""
351,"MonsterAuraPhysicalThorns",[],""
352,"MonsterAuraElementalThorns",[],""
353,"MonsterAuraMediumDamage",[],""
354,"MonsterAuraLargeDamage",[],""
355,"MonsterAuraLargeDamageAll",[],""
356,"MonsterAuraSpeed",[],""
357,"MonsterAuraLifeRegen",[],""
358,"MonsterAuraResists",[],""
359,"MonsterAuraEnergyShield",[],""
360,"MonsterAuraAccuracyAndCrit",[],""
361,"MonsterAuraEnemyLifeDegen",[],""
362,"MonsterAuraElementalDamage",[],""
363,"MonsterAuraEnemyLifeDegenCold",[],""
364,"MonsterAuraEnemyLifeDegenFire",[],""
365,"MonsterAuraEnemyLifeDegenLightning",[],""
366,"LocalAccuracyRating",[0],""
367,"LocalAccuracyRatingAndDexterityPercent",[0],""
368,"LocalAccuracyRatingAndEvasionPercent",[0],""
369,"LocalAccuracyRatingIncrease",[0],""
370,"Strength",[1],""
371,"StrengthImplicit",[1],""
372,"PercentageStrength",[6],""
373,"PercentageStrengthMaven",[6],""
374,"Dexterity",[1],""
375,"DexterityImplicit",[1],""
376,"PercentageDexterity",[6],""
377,"PercentageDexterityMaven",[6],""
378,"Intelligence",[1],""
379,"IntelligenceImplicit",[1],""
380,"AllAttributes",[2],""
381,"StaffBlockPercent",[1],""
382,"StaffBlockPercentLocalAdditional",[1],""
383,"StaffSpellBlockPercent",[1],""
384,"ElementalDamagePercent",[1],""
385,"ElementalDamagePercentMaven",[1],""
386,"MonsterElementalDamageFinal",[],""
387,"MonsterActBoss",[],""
388,"BlockingBlocksSpells",[6],""
389,"CannotCull",[],""
390,"CullingStrike",[6],""
391,"CullingStrikeMaven",[6],""
392,"PhysicalDamagePercentOnLowLife",[6],""
393,"BlockRecovery",[0],""
394,"AlwaysHits",[7],""
395,"AlwaysHitsAndLocalAttackSpeed",[7],""
396,"AlwaysHitsAndLocalCriticalStrikeChance",[7],""
397,"AlwaysHitsGlobal",[7],""
398,"HitsCauseMonsterFlee",[5],""
399,"ChaosDamage",[4],""
400,"MaximumEnduranceCharges",[7],""
401,"MaximumEnduranceChargesMaven",[7],""
402,"AddPowerChargeOnCrit",[7],""
403,"ActorSize",[6],""
404,"MonsterActorSize",[],""
405,"MaximumManaIncreasePercent",[6],""
406,"MaximumManaIncreasePercentMaven",[6],""
407,"MaximumManaIncreaseShaper",[6],""
408,"AreaOfEffect",[7],""
409,"MovementVelocityPenalty",[],""
410,"OshabiCombatVineOrange",[],""
411,"OshabiCombatVineBlue",[],""
412,"OshabiCombatVineGreen",[],""
413,"OshabiCombatVineRed",[],""
414,"MonsterConvertPhysicalDamageToFire",[],""
415,"MonsterConvertPhysicalDamageToCold",[],""
416,"MonsterConvertPhysicalDamageToLightning",[],""
417,"MonsterConvertPhysicalDamageToChaos",[],""
418,"BurnDamage",[5],""
419,"CannotCrit",[],""
420,"ManaCostReduction",[6],""
421,"BloodMagic",[6],""
422,"CannotEvade",[],""
423,"MinionRunSpeed",[5],""
424,"MinionLife",[5],""
425,"MinionLifeMaven",[5],""
426,"MinionDamage",[6],""
427,"MinionChaosResistance",[1],""
428,"MinionElementalResistance",[1],""
429,"MinionGrantsConvocation",[1],""
430,"MinionFlatAccuracyRating",[1],""
431,"MinionFlatAccuracyRatingAndEffectOfAurasOnMinions",[1],""
432,"MinionFlatAccuracyRatingAndMinionEvasionPercent",[1],""
433,"MinionMaxElementalResistance",[1],""
434,"MinionPhysicalDamageReduction",[1],""
435,"MinionDuration",[1],""
436,"MinionDamageOnWeapon",[1],""
437,"MinionDamageOnWeaponDoubleDamage",[1],""
438,"MinionDamageOnWeaponAndMana",[1],""
439,"MinionAttackAndCastSpeedOnWeapon",[1],""
440,"MinionAttackSpeedAndCastSpeed",[1],""
441,"MinionAttackSpeedAndCastSpeedAndMinionNoExtraCritDamage",[1],""
442,"MinionAttackSpeedAndCastSpeedAndMinionDamageTaken",[1],""
443,"MinionAlwaysHitAndCannotCrit",[1],""
444,"CannotStun",[],""
445,"CannotBeStunned",[7],""
446,"AdditionalCurseOnEnemies",[6],""
447,"OLDAdditionalCurseOnEnemiesMaven",[6],""
448,"AdditionalCurseOnEnemiesMaven",[6],""
449,"ConvertPhysicalToFire",[7],""
450,"ConvertPhysicalToFireMaven",[7],""
451,"ConvertPhysicalToFireVeiledFamilyRestriction",[2],""
452,"ConvertPhysicalToFireImplicit",[7],""
453,"MonsterMultipleProjectile",[],""
454,"MonsterMultipleProjectileShotgun",[],""
455,"MonsterFasterProjectile",[],""
456,"MonsterWealth",[],""
457,"MonsterCriticalStrikes",[],""
458,"MonsterResists",[],""
459,"MonsterCannotBeStunned",[],""
460,"LocalArmourAndEnergyShield",[1],""
461,"LocalArmourAndEnergyShieldSuffix",[2],""
462,"LocalArmourAndEvasion",[1],""
463,"LocalArmourAndEvasionSuffix",[2],""
464,"LocalEvasionAndEnergyShield",[1],""
465,"LocalEvasionAndEnergyShieldSuffix",[2],""
466,"LocalArmourAndEvasionAndEnergyShield",[1],""
467,"LocalArmourAndEvasionAndEnergyShieldSuffix",[2],""
468,"LocalArmourAndEnergyShieldAndStunRecovery",[1],""
469,"LocalArmourAndEvasionAndStunRecovery",[1],""
470,"LocalEvasionAndEnergyShieldAndStunRecovery",[1],""
471,"LocalArmourAndEvasionAndEnergyShieldAndStunRecovery",[1],""
472,"BeltIncreasedFlaskChargesGained",[0],""
473,"BeltReducedFlaskChargesUsed",[0],""
474,"BeltIncreasedFlaskDuration",[0],""
475,"BeltFlaskLifeRecoveryRate",[0],""
476,"BeltFlaskLifeRecovery",[0],""
477,"GlobalFlaskLifeRecovery",[2],""
478,"BeltFlaskManaRecoveryRate",[0],""
479,"BeltFlaskManaRecovery",[0],""
480,"CannotCurse",[],""
481,"MonsterImmuneToCurses",[],""
482,"MonsterExtraCurses",[],""
483,"MonsterHexproof",[],""
484,"MonsterAuraCannotDie",[],""
485,"MonsterAuraSlow",[],""
486,"MonsterAuraDamageReduction",[],""
487,"MonsterAuraActionSpeed",[],""
488,"MonsterGrantsFrenzyChargesToAlliesOnDeath",[],""
489,"MonsterGainsFrenzyChargeAsKilled",[],""
490,"MonsterGainsPowerChargeAsKilled",[],""
491,"MonsterGainsFrenzyChargeOnHit",[],""
492,"MonsterGainsPowerChargeOnHit",[],""
493,"MonsterGainsEnduranceChargeOnHit",[],""
494,"MonsterGainsFrenzyChargeOnHitReducedMapDropChance",[],""
495,"MonsterGainsPowerChargeOnHitReducedMapDropChance",[],""
496,"MonsterGainsEnduranceChargeOnHitReducedMapDropChance",[],""
497,"MonsterIncreasedCastSpeedPerPowerCharge",[],""
498,"IncreasedChillDuration",[5],""
499,"Acrobatics",[7],""
500,"HasNoSockets",[8],""
501,"ReducedShockChance",[6],""
502,"AttackerTakesDamage",[0],""
503,"TakesDamageWhenAttacked",[],""
504,"PainAttunement",[7],""
505,"ExperienceIncrease",[8],""
506,"ChanceToAvoidFreezeAndChill",[6],""
507,"ReducedManaCostOnLowLife",[6],""
508,"ElementalResistsOnLowLife",[5],""
509,"EvasionOnLowLife",[5],""
510,"LifeRegenerationOnLowLife",[5],""
511,"ItemRarityOnLowLife",[7],""
512,"MovementVelocityOnLowLife",[5],""
513,"MovementVelocityOnFullLife",[5],""
514,"ConvertPhysicalToCold",[7],""
515,"ConvertPhysicalToColdMaven",[7],""
516,"ConvertPhysicalToColdVeiledFamilyRestriction",[2],""
517,"ConvertPhysicalToColdImplicit",[7],""
518,"AttackerTakesColdDamage",[4],""
519,"AttackerTakesColdDamageNoRange",[4],""
520,"AttackerTakesLightningDamageNoRange",[4],""
521,"AttackSpeedOnFullLife",[5],""
522,"CastSpeedOnFullLife",[5],""
523,"CastSpeedOnLowLife",[5],""
524,"Conduit",[8],""
525,"MinionInstability",[7],""
526,"PhysicalAttackDamageTaken",[5],""
527,"BlockPercentAppliedToSpellsOnLowLife",[6],""
528,"MaximumColdResist",[6],""
529,"MeleeAttackerTakesColdDamage",[4],""
530,"RangedAttackDamageTaken",[5],""
531,"MonsterSpeedAndDamageFixup",[],""
532,"MonsterSpeedAndDamageFixupRarity",[],""
533,"PercentDamageToDealToAttacker",[6],""
534,"Nothing",[],""
535,"StanceScavengerRun",[],""
536,"StanceMarakethGeneral",[],""
537,"StanceOrionThrone",[],""
538,"StanceSandLeaperHaste",[],""
539,"StanceChieftainRuckus",[],""
540,"StanceSnakeSlither",[],""
541,"StanceVilentaEnrage",[],""
542,"StanceVilentaEnrageMap",[],""
543,"StanceThaneEnrage",[],""
544,"StanceWestBossWalk",[],""
545,"StanceAfflictionDemonRun",[],""
546,"StanceBlightWheelRun",[],""
547,"StanceHarvestStriderRun",[],""
548,"StanceHarvestCatBossProwl",[],""
549,"StanceHarvestCatBossStealth",[],""
550,"StanceHarvestBossVinePhase",[],""
551,"StanceHarvestBrambleHulkRun",[],""
552,"StanceHarvestOshabiCrownOfThorns",[],""
553,"StanceHeistMovementSpeed",[],""
554,"StaceScytheHand",[],""
555,"StanceVelocity",[],""
556,"StanceVelocityAndImmune",[],""
557,"MonsterGainFrenzyChargeOnKinDeath",[],""
558,"MonsterChanceToIgnite",[],""
559,"MonsterGroundFireOnDeath",[],""
560,"MonsterGroundHolyFireOnDeath",[],""
561,"MonsterCausticCloudOnDeath",[],""
562,"MonsterNecromancerRaisable",[],""
563,"MonsterAuraRange",[],""
564,"MonsterTemporalChainsOnHit",[],""
565,"MonsterEnfeebleOnHit",[],""
566,"MonsterChanceToTemporalChainsOnHit",[],""
567,"MonsterChanceToVulnerabilityOnHit",[],""
568,"MonsterChanceToFlammabilityOnHit",[],""
569,"MonsterAuraAddedColdDamage",[],""
570,"MonsterAuraAddedFireDamage",[],""
571,"MonsterAuraAddedLightningDamage",[],""
572,"MonsterCastsFirestormText",[],""
573,"MonsterCastsPunctureText",[],""
574,"MonsterCastsColdsnapText",[],""
575,"MonsterCastsCriticalWeaknessCurseText",[],""
576,"MonsterCastsElementralWeaknessCurseText",[],""
577,"MonsterCastsEnfeebleCurseText",[],""
578,"MonsterCastsFireballText",[],""
579,"MonsterCastsIceNovaText",[],""
580,"MonsterCastsIceSpearText",[],""
581,"MonsterCastsMoltenShellText",[],""
582,"MonsterCastsProjectileWeaknessCurseText",[],""
583,"MonsterCastsShockNovaText",[],""
584,"MonsterCastsSparkText",[],""
585,"MonsterCastsVulnerabilityCurseText",[],""
586,"MonsterCastsWarlordsMarkCurseText",[],""
587,"MonsterCastsArcticBreathText",[],""
588,"MonsterCastsGlacialCascadeText",[],""
589,"MonsterDetonatesCorpsesText",[],""
590,"MonsterExplodes",[],""
591,"MonsterExplodesOnItsTargetText",[],""
592,"MonsterFiresRainOfArrowsText",[],""
593,"MonsterFiresBurningArrowsText",[],""
594,"MonsterFiresExplosiveArrowText",[],""
595,"MonsterFiresLightningArrowsText",[],""
596,"MonsterFiresCausticArrowsText",[],""
597,"MonsterFiresSplitArrowsText",[],""
598,"MonsterLeapsOntoEnemiesText",[],""
599,"MonsterRaisesUndeadText",[],""
600,"MonsterSummonsExplodingSpawnText",[],""
601,"MonsterSummonsMonkeysText",[],""
602,"MonsterSummonsSkeletonsText",[],""
603,"MonsterSummonsSpawnText",[],""
604,"MonsterUsesEnduringCryText",[],""
605,"MonsterUsesFlickerStrikeText",[],""
606,"MonsterUsesGlacialHammerText",[],""
607,"MonsterUsesGroundSlamText",[],""
608,"MonsterUsesLightningStrikeText",[],""
609,"MonsterUsesPhaseRunText",[],""
610,"MonsterCastsShieldChargeText",[],""
611,"MonsterCastsMassFrenzyText",[],""
612,"MonsterCastsTemporalChainsText",[],""
613,"MonsterCastsFrenzyText",[],""
614,"MonsterCastsViperStrikeText",[],""
615,"MonsterCastsGroundDesecrationText",[],""
616,"MonsterCastsWitherText",[],""
617,"MonsterCastsElementalHitText",[],""
618,"MonsterCurseCastSpeed",[],""
619,"FrenzyChargeOnCriticalHit",[6],""
620,"GainEnduranceChargeWhenTakeCriticalStrike",[6],""
621,"DisableOffhandSlot",[6],""
622,"MaximumResistances",[7],""
623,"CannotBlockAttacks",[],""
624,"DisplaySocketedGemGetsConcentratedAreaOfEffectLevel",[5],""
625,"PhysicalDamageReductionOnLowLife",[6],""
626,"TotemPhysicalDamageReduction",[],""
627,"ShareEnduranceChargesWithParty",[6],""
628,"GainEnduranceChargeWhenCriticallyHit",[6],""
629,"MonsterGroundIceOnDeath",[],""
630,"MonsterGroundTarOnDeath",[],""
631,"BlindingHit",[5],""
632,"CannotBlind",[],""
633,"DisplaySocketedGemGetsBlindLevel",[5],""
634,"SpellDamageAndMana",[1],""
635,"SpellDamage",[1],""
636,"MapLarger",[],""
637,"MapBranchyDungeon",[],""
638,"MapTotems",[7],""
639,"MapBellyTotems",[],""
640,"MapTotemsMap2Tier",[],""
641,"MapTotemsMapWorlds",[],""
642,"MapCorruptedSideAreaTotems",[7],""
643,"MapMonsterPacksSkeletons",[],""
644,"MapMonsterPacksSkeletonsMap2Tier",[],""
645,"MapMonsterPacksSkeletonsMapWorlds",[],""
646,"MapMonsterPacksSkeletonsStrDexIntMission",[],""
647,"MapMonsterPacksBandits",[],""
648,"MapMonsterPacksBanditsMap2Tier",[],""
649,"MapMonsterPacksGoatmen",[],""
650,"MapMonsterPacksGoatmenMap2Tier",[],""
651,"MapMonsterPacksGoatmenMapWorlds",[],""
652,"MapMonsterPacksSpawnsSeaWitches",[],""
653,"MapMonsterPacksSpawnsSeaWitchesMap2Tier",[],""
654,"MapMonsterPacksSpawnsSeaWitchesStrDexIntMission",[],""
655,"MapMonsterPacksSpawnsSeaWitchesMapWorlds",[],""
656,"MapMonsterPacksUndeadNecromancers",[],""
657,"MapMonsterPacksUndeadNecromancersMap2Tier",[],""
658,"MapMonsterPacksUndeadNecromancersStrDexIntmission",[],""
659,"MapMonsterPacksUndeadNecromancersMapWorlds",[],""
660,"MapMonsterPacksRanged",[],""
661,"MapMonsterPacksRangedMap2Tier",[],""
662,"MapMonsterPacksRangedMapWorlds",[],""
663,"MapMonsterPacksAnimals",[],""
664,"MapMonsterPacksAnimalsMap2Tier",[],""
665,"MapMonsterPacksAnimalsStrDexIntMission",[],""
666,"MapMonsterPacksAnimalsMapWorlds",[],""
667,"MapMonsterPacksDemons",[],""
668,"MapMosnterPacksDemonsMap2Tier",[],""
669,"MapMonsterPacksDemonsStrDexIntMission",[],""
670,"MapMonsterPacksDemonsMapWorlds",[],""
671,"MapMonsterPacksHumanoids",[],""
672,"MapMonsterPacksHumanoidsMap2Tier",[],""
673,"MapMonsterPacksHumanoidsStrDexIntMission",[],""
674,"MapMonsterPacksHumanoidsMapWorlds",[],""
675,"MapMonsterPacksSpidersMap2Tier",[],""
676,"MapMonsterPacksBlackguardsMap2Tier",[],""
677,"MapMonsterPacksSolarisMap2Tier",[],""
678,"MapMonsterPacksSolarisMapWorlds",[],""
679,"MapMonsterPacksLunarisMap2Tier",[],""
680,"MapMonsterPacksLunarisMapWorlds",[],""
681,"MapMonsterPacksGhostsMap2TIer",[],""
682,"MapMonsterPacksGhostsMapWorlds",[],""
683,"MapMonsterPacksKitavaMapWorlds",[],""
684,"MapLargePacks",[],""
685,"MapMagicMonsters",[],""
686,"MapRareMonsters",[],""
687,"MapMoreMonsterPackVariety",[],""
688,"MapMoreMonsterPackVarietyMap2Tier",[],""
689,"MapMoreMonsterPackVarietyMapWorlds",[],""
690,"MapUseChaosPacksWithVariety",[],""
691,"MapTwoBosses",[],""
692,"MapTwoBossesMap2Tier",[],""
693,"MapTwoBossesMapWorlds",[],""
694,"MapCorruptedSideAreaTwoBosses",[],""
695,"MapDangerousBoss",[7],""
696,"MapDangerousBossMap2Tier",[],""
697,"MapDangerousBoss2Map2Tier",[],""
698,"MapDangerousBossMapWorlds",[],""
699,"MapDangerousBoss2MapWorlds",[],""
700,"MapDangerousBossUnique",[],""
701,"MapPathOfEnduranceDangerousBoss",[],""
702,"MapCorruptedSideAreaDangerousBoss",[7],""
703,"MapMassiveBossMap2Tier",[],""
704,"MapMassiveBoss2Map2Tier",[],""
705,"MapMassiveBossMapWorlds",[],""
706,"MapMassiveBoss2MapWorlds",[],""
707,"MapMassiveBossMechanicalTotems",[],""
708,"MapMonsterLifeLeechImmunityMap2Tier",[],""
709,"MapMonsterLifeLeechImmunityMapWorlds",[],""
710,"MapMonsterStatusAilmentImmunityMap2Tier",[],""
711,"MapMonsterStatusAilmentImmunityMapWorlds",[],""
712,"MapMonsterAvoidShock",[8],""
713,"MapMonsterFireResistance",[],""
714,"MapMonsterFireResistanceMap2Tier",[],""
715,"MapMonsterColdResistance",[],""
716,"MapMonsterColdResistanceMap2Tier",[],""
717,"MapMonsterLightningResistance",[],""
718,"MapMonsterLightningResistanceMap2Tier",[],""
719,"MapMonsterPhysicalResistance",[],""
720,"MapMonsterPhysicalResistanceMap2Tier",[],""
721,"MapMonsterPhysicalResistanceMapWorlds",[],""
722,"MapCorruptedSideAreaMonsterPhysicalResistance",[],""
723,"MapMonsterCannotBeStunned",[],""
724,"MapMonsterCannotBeStunnedMap2Tier",[],""
725,"MapMonsterCannotBeStunnedMapWorlds",[],""
726,"MapCorruptedSideAreaMonsterCannotBeStunned",[],""
727,"MapMonsterUnwavering",[],""
728,"MapMonsterLife",[],""
729,"MapMonsterLifeMap2Tier",[],""
730,"MapMonsterLifeMapWorlds",[],""
731,"MapCorruptedSideAreaMonsterLife",[],""
732,"MapMonsterDamage",[],""
733,"MapMonsterDamageMap2Tier",[],""
734,"MapMonsterDamageMapWorlds",[],""
735,"MapCorruptedSideAreaMonsterDamage",[],""
736,"MapMonsterFireDamage",[],""
737,"MapMonsterFireDamageMap2Tier",[],""
738,"MapMonsterFireDamageMapWorlds",[],""
739,"MapMonsterFireDamage2",[],""
740,"MapMonsterFireDamage2Map2Tier",[],""
741,"MapMonsterFireDamage2MapWorlds",[],""
742,"MapCorruptedSideAreaMonsterFireDamage",[],""
743,"MapMonsterColdDamage",[],""
744,"MapMonsterColdDamageMap2Tier",[],""
745,"MapMonsterColdDamageMapWorlds",[],""
746,"MapMonsterColdDamage2",[],""
747,"MapMonsterColdDamage2Map2Tier",[],""
748,"MapMonsterColdDamage2MapWorlds",[],""
749,"MapCorruptedSideAreaMonsterColdDamage",[],""
750,"MapMonsterLightningDamage",[],""
751,"MapMonsterLightningDamageMap2Tier",[],""
752,"MapMonsterLightningDamageMapWorlds",[],""
753,"MapMonsterLightningDamage2",[],""
754,"MapMonsterLightningDamage2Map2Tier",[],""
755,"MapMonsterLightningDamage2MapWorlds",[],""
756,"MapCorruptedSideAreaMonsterLightningDamage",[],""
757,"MapMonsterChaosDamage2MapWorlds",[],""
758,"MapMonsterFast",[],""
759,"MapMonsterFastMap2Tier",[],""
760,"MapMonsterFastMapWorlds",[],""
761,"MapCorruptedSideAreaMonsterFast",[],""
762,"MapMonsterFrenzy",[],""
763,"MapMonsterFrenzyMap2Tier",[],""
764,"MapMonsterEndurance",[],""
765,"MapMonsterEnduranceMap2Tier",[],""
766,"MapMonsterPower",[],""
767,"MapMonsterPowerMap2Tier",[],""
768,"MapMonsterPhysicalReflection",[],""
769,"MapMonsterPhysicalReflectionMap2Tier",[],""
770,"MapMonsterPhysicalReflectionMapWorlds",[],""
771,"MapMonsterElementalReflection",[],""
772,"MapMonsterElementalReflectionMap2Tier",[],""
773,"MapMonsterElementalReflectionMapWorlds",[],""
774,"MapMonsterMultipleProjectiles",[],""
775,"MapMonsterMultipleProjectilesMap2Tier",[],""
776,"MapMonsterMultipleProjectilesMapWorlds",[],""
777,"MapCorruptedSideAreaMonsterMultipleProjectiles",[],""
778,"MapMonsterAreaOfEffect",[],""
779,"MapMonsterAreaOfEffectMap2Tier",[],""
780,"MapMonsterAreaOfEffectMapWorlds",[],""
781,"MapCorruptedSideAreaMonsterAreaOfEffect",[],""
782,"MapMonsterCriticalStrikesAndDamage",[],""
783,"MapMonsterCriticalStrikesAndDamageMap2Tier",[],""
784,"MapMonsterCriticalStrikesAndDamageMapWorlds",[],""
785,"MapCorruptedSideAreaMonsterCriticalStrikesAndDamage",[],""
786,"MapPlayerCurseWarlordsMark",[],""
787,"MapPlayerCurseElementalWeakness",[],""
788,"MapPlayerCurseElementalWeaknessMap2Tier",[],""
789,"MapPlayerCurseElementalWeakness2Map2Tier",[],""
790,"MapPlayerCurseElementalWeaknessMapWorlds",[],""
791,"MapPlayerCurseElementalWeakness2MapWorlds",[],""
792,"MapCorruptedSideAreaPlayerCurseElementalWeakness",[],""
793,"MapPlayerCurseVulnerability",[],""
794,"MapPlayerCurseVulnerabilityMap2Tier",[],""
795,"MapPlayerCurseVulnerability2Map2Tier",[],""
796,"MapPlayerCurseVulnerabilityMapWorlds",[],""
797,"MapPlayerCurseVulnerability2MapWorlds",[],""
798,"MapCorruptedSideAreaPlayerCurseVulnerability",[],""
799,"MapPlayerCurseEnfeeblement",[],""
800,"MapPlayerCurseEnfeeblementMap2Tier",[],""
801,"MapPlayerCurseEnfeeblement2Map2Tier",[],""
802,"MapPlayerCurseEnfeeblementMapWorlds",[],""
803,"MapPlayerCurseEnfeeblement2MapWorlds",[],""
804,"MapCorruptedSideAreaPlayerCurseEnfeeblement",[],""
805,"MapPlayerCurseTemporalChains",[],""
806,"MapPlayerCurseTemporalChainsMap2Tier",[],""
807,"MapPlayerCurseTemporalChains2Map2Tier",[],""
808,"MapPlayerCurseTemporalChainsMapWorlds",[],""
809,"MapPlayerCurseTemporalChains2MapWorlds",[],""
810,"MapCorruptedSideAreaPlayerCurseTemporalChains",[],""
811,"MapPlayerCursePunishmentMap2Tier",[],""
812,"MapPlayerCursePunishment2Map2Tier",[],""
813,"MapPlayerNoRegen",[],""
814,"MapPlayerNoRegenMap2Tier",[],""
815,"MapPlayerNoRegenMapWorlds",[],""
816,"MapPlayerNoLifeESRegen",[],""
817,"MapPlayerNoLifeESRegenMap2Tier",[],""
818,"MapPlayerNoLifeESRegenMapWorlds",[],""
819,"MapPlayerReducedRegen",[],""
820,"MapPlayerReducedRegenMap2Tier",[],""
821,"MapPlayerReducedRegenMapWorlds",[],""
822,"MapCorruptedSideAreaPlayerReducedRegen",[],""
823,"MapPlayerBloodMagic",[],""
824,"MapPlayerBloodMagicMap2Tier",[],""
825,"MapPlayerElementalEquilibrium",[],""
826,"MapPlayerElementalEquilibriumMap2Tier",[],""
827,"MapPlayerElementalEquilibriumMapWorlds",[],""
828,"MapCorruptedSideAreaPlayerElementalEquilibrium",[],""
829,"MapPlayerMaxResists",[],""
830,"MapPlayerMaxResistsMap2Tier",[],""
831,"MapPlayerMaxResistsMapWorlds",[],""
832,"MapCorruptedSideAreaPlayerMaxResists",[],""
833,"MapPlayerContinuousDamage",[],""
834,"MapBurningGround",[],""
835,"MapBurningGroundMap2Tier",[],""
836,"MapBurningGroundMapWorlds",[],""
837,"MapChilledGround",[],""
838,"MapChilledGroundMap2Tier",[],""
839,"MapChilledGroundMapWorlds",[],""
840,"MapTarredGround",[],""
841,"MapTarredGroundMap2Tier",[],""
842,"MapTarredGroundMapWorlds",[],""
843,"MapShockedGround",[],""
844,"MapShockedGroundMap2Tier",[],""
845,"MapShockedGroundMapWorlds",[],""
846,"MapDesecratedGround",[],""
847,"MapDesecratedGroundMap2Tier",[],""
848,"MapDesecratedGroundMapWorlds",[],""
849,"MapCorruptedSideAreaDesecratedGround",[],""
850,"MapMonstersBaseSelfCriticalMultiplierMap2Tier",[],""
851,"MapMonstersBaseSelfCriticalMultiplierMapWorlds",[],""
852,"MapWolfUniqueMagicMonsters",[],""
853,"MapWolfUniqueRareMonsters",[],""
854,"MapPerandusUniqueRareMonsters",[],""
855,"MapProphecyTempestQuantityRarity",[],""
856,"MapPlayersGainReducedFlaskCharges",[],""
857,"MapPlayersGainReducedFlaskChargesMapWorlds",[],""
858,"MapMonstersCurseEffectOnSelfFinal",[],""
859,"MapMonstersCurseEffectOnSelfFinalMapWorlds",[],""
860,"MapMonstersChanceToInflictStatusAilments",[],""
861,"MapMonstersChanceToInflictStatusAilmentsMapWorlds",[],""
862,"MapMonsterPacksAbomination",[],""
863,"MapMonsterPacksAbominationMapWorlds",[],""
864,"MapMonstersCantBeSlowedOrTaunted",[],""
865,"MapMonstersCantBeSlowedOrTauntedMapWorlds",[],""
866,"MapMonstersAllDamageAlwaysIgnites",[],""
867,"MapMonstersAllDamageAlwaysIgnitesMapWorlds",[],""
868,"MapCorruptedSideAreaAllDamageAlwaysIgnites",[],""
869,"MapMonstersAllResistances",[],""
870,"MapCorruptedSideAreaMonstersAllResistances",[],""
871,"MapMonstersAllResistancesMapWorlds",[],""
872,"MapMonstersAvoidPoisonBleedBlind",[],""
873,"MapMonstersAvoidPoisonBleedBlindMapWorlds",[],""
874,"MapMonstersAvoidAilmentsMapWorlds",[],""
875,"MapPlayersPointBlank",[],""
876,"MapPlayersPointBlankMapWorlds",[],""
877,"MapPlayersBlockAndArmour",[],""
878,"MapPlayersBlockAndArmourMapWorlds",[],""
879,"MapMonsterAccuracyPlayersUnlockyDodge",[],""
880,"MapMonsterAccuracyPlayersUnlockyDodgeMapWorlds",[],""
881,"MapMonsterAllBossesAtOnceMaven",[],""
882,"MapPlayersAoERadius",[],""
883,"MapPlayersAoERadiusMapWorlds",[],""
884,"MapCorruptedSideAreaVesselDropBuff",[],""
885,"MapCorruptedSideAreaVesselFragmentDrop",[],""
886,"MapCorruptedSideAreaVesselUberFragmentDrop",[],""
887,"MapCorruptedSideAreaVesselLevelledGemDrop",[],""
888,"MapCorruptedSideAreaVesselDoubleImplicitDrop",[],""
889,"MapCorruptedSideAreaVesselSingleImplicitDrop",[],""
890,"MapCorruptedSideAreaVesselFossilDrop",[],""
891,"MapCorruptedSideAreaVesselProphecyDrop",[],""
892,"MapCorruptedSideAreaVesselDivinationCardDrop",[],""
893,"MapCorruptedSideAreaVesselTempleItemDrop",[],""
894,"MapCorruptedSideAreaVesselVaalOrbDrop",[],""
895,"MapCorruptedSideAreaVaalImplicitMapDrop",[],""
896,"MapCorruptedSideAreaVaalTempleDrop",[],""
897,"MapCorruptedSideAreaTrialmasterFragmentDrop",[],""
898,"MapCorruptedSideAreaVaalGemDrop",[],""
899,"MapCorruptedSideAreaLevel21GemDrop",[],""
900,"MapCorruptedSideAreaQuality23GemDrop",[],""
901,"MapCorruptedSideAreaPackSize",[],""
902,"MapCorruptedSideAreaExperienceGain",[],""
903,"MapCorruptedSideAreaRareAndUniqueMonstersArePossessed",[],""
904,"MapCorruptedSideAreaCorruptingTempest",[],""
905,"MapCorruptedSideAreaRecursivePortalUnique",[],""
906,"MapCorruptedSideAreaSpawnIncursionArchitectsUnique",[],""
907,"MapCorruptedSideAreaAtziriBossUnique",[],""
908,"MapCorruptedSideAreaVesselTrialmasterMapDrop",[],""
909,"MapCorruptedSideAreaVesselFracturedIncrusionItemDrop",[],""
910,"MonsterMapBoss",[],""
911,"MonsterUberMapBoss",[],""
912,"BossHealOnPlayerDeath",[],""
913,"MonsterWbDrops",[],""
914,"MonsterDescentBoss",[],""
915,"MonsterDescent2Boss",[],""
916,"MonsterDescent2FinalBoss",[],""
917,"MonsterAbyssDropModifiers",[],""
918,"MonsterBetrayalRankModifiers",[],""
919,"MapNoMonsters",[],""
920,"MapChestItemQuantity",[],""
921,"MapChestItemRarity",[7],""
922,"MapPoisoning",[],""
923,"MapPoisoningMap2Tier",[],""
924,"MapPoisoningMapWorlds",[],""
925,"MapCorruptedSideAreaPoisoning",[],""
926,"MapDropNoItems",[],""
927,"MapDisplayInhabitedByBeasts",[],""
928,"MapDisplayBossDropsAdditionalMaps",[7],""
929,"MonsterAuraAlwaysCrit",[],""
930,"MonsterAuraEvasion",[],""
931,"MonsterNecromancerRaritiesRaised",[],""
932,"MonsterUsesShockwaveText",[],""
933,"MonsterUsesMassEnduranceText",[],""
934,"MonsterUsesMassPowerText",[],""
935,"FacebreakerPhysicalUnarmedDamage",[7],""
936,"DisplaySocketedGemGetsIncreasedAreaOfEffectLevel",[5],""
937,"EnemiesCantLifeLeech",[5],""
938,"ExtraGore",[],""
939,"OneSocketEachColour",[4],""
940,"BlockWhileDualWielding",[5],""
941,"MaximumMinionCount",[6],""
942,"MaximumMinionCountAndMinionLife",[6],""
943,"MaximumSpectreCount",[],""
944,"MaximumZombieCount",[],""
945,"MaximumSkeletonCount",[],""
946,"MinionGlobalSkillLevel",[6],""
947,"SkeletonSpeedOld",[6],""
948,"SkeletonMovementSpeed",[5],""
949,"SkeletonAttackSpeed",[5],""
950,"SkeletonCastSpeed",[5],""
951,"ManaReservationReduced",[7],""
952,"DisplaySocketedGemGetsBloodMagic",[5],""
953,"DisplaySocketedGemGetsFlee",[5],""
954,"AttackerTakesLightningDamage",[4],""
955,"PhysicalDamageConvertToChaos",[7],""
956,"PhysicalDamageConvertToChaosImplicit",[7],""
957,"PhysicalDamageConvertToChaosPerLevel",[7],""
958,"ReservesLife",[5],""
959,"ChaosInoculation",[8],""
960,"PhysicalDamagePercentTakesAsChaosDamage",[7],""
961,"ChinSolPhysicalBowDamageAtCloseRange",[6],""
962,"ChinSolCloseRangeKnockBack",[4],""
963,"PercentDamageGoesToMana",[5],""
964,"LightningDamageTakenRecoupedAsLife",[],""
965,"FireDamageTakenRecoupedAsLife",[],""
966,"ColdDamageTakenRecoupedAsLife",[],""
967,"ChaosDamageTakenRecoupedAsLife",[],""
968,"LightningDamageTakenRecoupedAsMana",[],""
969,"FireDamageTakenRecoupedAsMana",[],""
970,"ColdDamageTakenRecoupedAsMana",[],""
971,"ChaosDamageTakenRecoupedAsMana",[],""
972,"LightningDamageTakenRecoupedAsEnergyShield",[],""
973,"FireDamageTakenRecoupedAsEnergyShield",[],""
974,"ColdDamageTakenRecoupedAsEnergyShield",[],""
975,"ChaosDamageTakenRecoupedAsEnergyShield",[],""
976,"QuillRainWeaponDamageFinalPercent",[6],""
977,"ChanceToIgnite",[6],""
978,"BurnDuration",[5],""
979,"PhysicalDamageTakenAsFirePercent",[7],""
980,"PhysicalDamageTakenAsFireAndLightningPercent",[7],""
981,"BannerEffect",[7],""
982,"WarcryBuffEffect",[7],""
983,"FireDamageTakenAsPhysicalNegate",[7],""
984,"FireDamageTakenAsPhysical",[7],""
985,"AttackerTakesFireDamage",[4],""
986,"AvoidIgnite",[5],""
987,"RangedWeaponPhysicalDamagePlusPercent",[5],""
988,"PhysicalDamageTakenPercentToReflect",[6],""
989,"AdditionalBlock",[5],""
990,"LeechEnergyShieldInsteadofLife",[8],""
991,"BlockWhileDualWieldingClaws",[5],""
992,"ArmourPercentVsProjectiles",[5],""
993,"BlockVsProjectiles",[5],""
994,"MonsterBlock",[],""
995,"CannotLeech",[4],""
996,"DewathsHidePhysicalDamageDealt",[4],""
997,"DisplaySocketedGemsGetReducedReservation",[5],""
998,"MonsterSpellDamage",[],""
999,"ChanceToFreeze",[6],""
1000,"FrozenMonstersTakeIncreasedDamage",[7],""
1001,"IncreasedIntelligenceRequirements",[4],""
1002,"DisplaySocketedGemsGetAddedChaosDamage",[5],""
1003,"EnergyShieldGainedOnBlockBasedOnArmour",[8],""
1004,"LocalPoisonOnHit",[5],""
1005,"CannotCausePoison",[],""
1006,"SkeletonDuration",[5],""
1007,"IncreasedStrengthRequirements",[4],""
1008,"IncreasedDexterityRequirements",[4],""
1009,"StrengthRequirements",[4],""
1010,"DexterityRequirements",[4],""
1011,"IntelligenceRequirements",[4],""
1012,"StrengthIntelligenceRequirements",[4],""
1013,"SpellDamageTakenOnLowMana",[4],""
1014,"EvasionOnFullLife",[5],""
1015,"ReflectCurses",[5],""
1016,"FlaskCurseImmunity",[2],""
1017,"MonsterCastsEtherealKnivesText",[],""
1018,"MonsterThrowsBeartrapsText",[],""
1019,"MonsterCastsLightningThornsText",[],""
1020,"MonsterThrowsFireBombsText",[],""
1021,"MonsterThrowsPoisonBombsText",[],""
1022,"MonsterThrowsChaosBombsText",[],""
1023,"MonsterCastsFreezingPulseText",[],""
1024,"MonsterCleavesText",[],""
1025,"MonsterFiresIceShotArrowsText",[],""
1026,"MonsterCastsConductivityText",[],""
1027,"MonsterCastsFlammabilityText",[],""
1028,"MonsterCastsAugmentedFireballsText",[],""
1029,"MonsterChannelsLightningText",[],""
1030,"MonsterCastsArcText",[],""
1031,"MonsterRaisesZombiesText",[],""
1032,"MonsterCastsIceShieldText",[],""
1033,"MonsterCastsUnholyFireText",[],""
1034,"MonsterGainsPowerChargeOnKinDeath",[],""
1035,"MonsterCastsDischargeText",[],""
1036,"MonsterSummonsWaterElementalsText",[],""
1037,"MonsterUsesDoubleStrikeText",[],""
1038,"MonsterRollsOverEnemiesText",[],""
1039,"CausesBleeding",[5],""
1040,"CausesBleeding25PercentChance",[5],""
1041,"CausesBleeding50PercentChance",[5],""
1042,"CausesBleedingChance",[5],""
1043,"AttacksDealNoPhysicalDamage",[4],""
1044,"GoldenLightBeam",[4],""
1045,"CannotBeStunnedOnLowLife",[6],""
1046,"MonsterCastsLightningWarpText",[],""
1047,"MonsterCastsFrostbiteText",[],""
1048,"MapTierDifficulty",[],""
1049,"MonsterNoDropsOrExperience",[],""
1050,"MonsterNoDrops",[],""
1051,"AuraEffect",[6],""
1052,"AuraEffectOnMinions",[6],""
1053,"RestlessDead",[7],""
1054,"RestlessDeadDescent2",[],""
1055,"AreaDamage",[6],""
1056,"ChaosTakenOnES",[8],""
1057,"AllDamage",[6],""
1058,"AllDamageOnWeapon",[6],""
1059,"LocalStunThresholdReduction",[0],""
1060,"UndeadSiegeNumWaves",[7],""
1061,"UndeadSiegeWaveTime",[],""
1062,"UndeadSiegeNumWaveMonsterInitial",[],""
1063,"UndeadSiegeNumWaveMonsterIncrement",[],""
1064,"LightRadius",[0],""
1065,"EnfeebleOnHit",[5],""
1066,"EnfeebleOnHitUncursed",[5],""
1067,"VulnerabilityOnHit",[5],""
1068,"GroundTarOnCritTaken",[5],""
1069,"GroundTarOnHitTaken",[5],""
1070,"SpellsHaveCullingStrike",[5],""
1071,"MapMonstersImmuneRandomStatusAilmentStun",[],""
1072,"MapMonsterAttacksApplyRandomCurses",[7],""
1073,"MapMonstersReflectCurses",[7],""
1074,"DisplaySocketedGemsGetAddedFireDamage",[5],""
1075,"DisplaySocketedGemsGetColdToFire",[5],""
1076,"DisplaySocketedGemsGetFirePenetration",[5],""
1077,"DisplaySocketedGemsGetAddedLightningDamage",[],""
1078,"DisplaySocketedGemsGetElementalFocus",[],""
1079,"EvasionRatingPercentOnLowLife",[5],""
1080,"MapItemDropRarity",[],""
1081,"LocalLifeLeechIsInstant",[7],""
1082,"LocalManaLeechIsInstant",[7],""
1083,"ReducedManaReservationsCost",[7],""
1084,"ReducedReservation",[7],""
1085,"ReducedAllReservationLegacy",[7],""
1086,"ManaReservationEfficiency",[7],""
1087,"ReservationEfficiency",[7],""
1088,"MaximumFireResist",[6],""
1089,"FireResistOnLowLife",[5],""
1090,"AvoidIgniteOnLowLife",[5],""
1091,"DisplaySocketedGemGetsElementalProliferation",[5],""
1092,"SkillEffectDuration",[5],""
1093,"SparkSkillEffectDuration",[5],""
1094,"DisplayMapLargerMaze",[7],""
1095,"DisplayMapRestlessDead",[],""
1096,"DisplayMapTwoBosses",[],""
1097,"DisplayMapLargeChest",[],""
1098,"LocalIncreaseSocketedMovementGemLevel",[7],""
1099,"MapPlayerProjectileDamage",[],""
1100,"MapProjectileSpeed",[],""
1101,"NecromancerRevivableEvenIfCorpseUnusable",[],""
1102,"ItemHasSixLinkedWhiteSockets",[8],""
1103,"MovementVelocityPerFrenzyCharge",[5],""
1104,"ChanceToDodgePerFrenzyCharge",[5],""
1105,"MaximumFrenzyCharges",[6],""
1106,"MaximumFrenzyChargesMaven",[6],""
1107,"WeaponPhysicalDamagePerStrength",[5],""
1108,"AttackSpeedPerDexterity",[5],""
1109,"IncreasedAreaOfEffectPerIntelligence",[5],""
1110,"RemoveStatsFromTabulaRasa",[4],""
1111,"FrenzyChargeDuration",[5],""
1112,"MagicWaveIncrease",[],""
1113,"AdditionalTotems",[7],""
1114,"AncestralBond",[7],""
1115,"IncreasedTotemLife",[5],""
1116,"MonsterIncreasedMinionLife",[],""
1117,"MonsterMinionInstability",[7],""
1118,"DisplaySocketedGemGetsSpellTotemLevel",[5],""
1119,"DisplaySocketedGemGetsIncreasedDurationLevel",[5],""
1120,"RandomlyCursedWhenTotemsDie",[4],""
1121,"DisplaySocketedGemGetsAddedLightningDamageLevel",[5],""
1122,"ShockDuration",[5],""
1123,"PhysicalDamageTaken",[4],""
1124,"LocalAttributeRequirements",[0],""
1125,"LightRadiusAndAccuracy",[0],""
1126,"LightRadiusAndAccuracyPercent",[0],""
1127,"LocalLightRadiusAndAccuracy",[0],""
1128,"LocalLightRadiusAndAccuracyPercent",[0],""
1129,"TemporalChainsOnHit",[6],""
1130,"PunishmentOnHit",[],""
1131,"MapMonsterChain",[],""
1132,"MapMonsterChainMap2Tier",[],""
1133,"MapMonsterChainMapWorlds",[],""
1134,"MeleeWeaponCriticalStrikeMultiplier",[2],""
1135,"FlaskRemovesBleeding",[2],""
1136,"FlaskRemovesShock",[2],""
1137,"DisablesOtherRingSlot",[4],""
1138,"GlobalItemAttributeRequirements",[6],""
1139,"ReducedCurseEffect",[6],""
1140,"ManaGainPerTarget",[5],""
1141,"ManaGainPerTargetMaven",[5],""
1142,"ManaGainPerTargetLocal",[5],""
1143,"DisplaySocketedGemGetsChancetoFleeLevel",[5],""
1144,"EnemyCriticalMultiplier",[4],""
1145,"PlayerLightAlternateColour",[4],""
1146,"ChaosResistanceOnLowLife",[6],""
1147,"EnemyHitsRollLowDamage",[5],""
1148,"BlockPercent",[4],""
1149,"BlockPercentMaven",[4],""
1150,"DisplaySocketedGemGetsFasterAttackLevel",[5],""
1151,"DisplaySocketedGemGetsMeleePhysicalDamageLevel",[5],""
1152,"ChanceToGainEnduranceChargeOnBlock",[6],""
1153,"EnemyExtraDamageRollsOnLowLife",[5],""
1154,"LeagueOfFireConvertDamage",[],""
1155,"LeagueOfFireGroundFire",[],""
1156,"MapFixedSeed",[],""
1157,"MapMinimapRevealed",[],""
1158,"MapMinimapMainAreaRevealed",[],""
1159,"MapNoRefills",[],""
1160,"MapMaximumArchnemesisMods",[],""
1161,"ItemDropsOnDeath",[4],""
1162,"LightningDamageOnChargeExpiry",[5],""
1163,"MonsterExplodesOnDeathFire",[],""
1164,"MonsterSummonsVolatileCoreOnDeath",[],""
1165,"MonsterSummonsVolatileCoreOnDeathNoDelete",[],""
1166,"MonsterExplodesOnDeathLightning",[],""
1167,"MonsterExplodesOnDeathCold",[],""
1168,"MonsterExplodesOnDeathChaos",[],""
1169,"AttackerTakesChaosDamage",[5],""
1170,"AttackerTakesChaosDamageNoRange",[5],""
1171,"IncreasedMaximumPowerCharges",[6],""
1172,"IncreasedMaximumPowerChargesMaven",[6],""
1173,"IncreasedPowerChargeDuration",[5],""
1174,"IncreasedSpellDamagePerPowerCharge",[6],""
1175,"ConsecratedGroundOnBlock",[6],""
1176,"DesecratedGroundOnBlock",[6],""
1177,"DisableChestSlot",[4],""
1178,"LocalIncreaseSocketedElementalGem",[6],""
1179,"EnergyShieldGainedFromEnemyDeath",[6],""
1180,"IncreasedClawDamageOnLowLife",[5],""
1181,"IncreasedClawAllDamageOnLowLife",[5],""
1182,"IncreasedAccuracyWhenOnLowLife",[4],""
1183,"IncreasedAttackSpeedWhenOnLowLife",[5],""
1184,"ProjectileDamageTaken",[5],""
1185,"ProjectileDamage",[5],""
1186,"MapIncreasedExperienceGain",[7],""
1187,"NoItemRarity",[],""
1188,"NoItemQuantity",[],""
1189,"CannotDieToElementalReflect",[7],""
1190,"CurseEffect",[],""
1191,"CurseEffectMap",[],""
1192,"MeleeAttacksUsableWithoutMana",[8],""
1193,"MeleeAttacksUsableWithoutLife",[],""
1194,"MapTurbo",[],""
1195,"MapExiles",[],""
1196,"MapExilesMemoryLine",[],""
1197,"HybridStrDex",[1],""
1198,"HybridStrInt",[1],""
1199,"HybridDexInt",[1],""
1200,"MonsterChaosDamageDealtToEnergyShield",[8],""
1201,"MonsterRegenerateEnergyShieldInsteadOfLife",[],""
1202,"MeleeWeaponAndUnarmedRange",[6],""
1203,"LocalMeleeWeaponRange",[6],""
1204,"EnduranceChargeDuration",[5],""
1205,"FrenzyChargeOnKillChance",[6],""
1206,"FrenzyChargeOnKillChanceMaven",[6],""
1207,"PowerChargeOnKillChance",[6],""
1208,"PowerChargeOnKillChanceMaven",[6],""
1209,"EnduranceChargeOnPowerChargeExpiry",[8],""
1210,"MeleeDamageOnFullLife",[5],""
1211,"ChillAndFreezeDurationBasedOnEnergyShield",[6],""
1212,"ConsecrateOnCritChanceToCreate",[6],""
1213,"ProjectileSpeedPerFrenzyCharge",[5],""
1214,"ProjectileDamagePerPowerCharge",[5],""
1215,"NoManaRegeneration",[],""
1216,"RightRingSlotNoManaRegen",[4],""
1217,"RightRingSlotEnergyShieldRegen",[7],""
1218,"LeftRingSlotManaRegen",[7],""
1219,"LeftRingSlotNoEnergyShieldRegen",[4],""
1220,"EnergyShieldRegenerationPerMinute",[2],""
1221,"EnergyShieldRegenerationPerMinuteMaven",[2],""
1222,"FlatEnergyShieldRegenerationPerMinute",[5],""
1223,"NoEnergyShieldRegen",[],""
1224,"NoEnergyShieldRecharge",[],""
1225,"NoEnergyShield",[5],""
1226,"LocalNoEnergyShield",[5],""
1227,"EnergyShieldDamageTakenPerMinute",[],""
1228,"GhostReaverOnFullLife",[],""
1229,"LifeLeechAnyDamage",[],""
1230,"KilledMonsterItemRarityOnCrit",[6],""
1231,"OnslaughtBuffOnKill",[6],""
1232,"AttackAndCastSpeedPerFrenzyCharge",[5],""
1233,"LifeRegenerationPerFrenzyCharge",[5],""
1234,"EnemiesOnLowLifeTakeMoreDamagePerFrenzyCharge",[5],""
1235,"DisplaySupportedSkillsHaveAChanceToIgnite",[5],""
1236,"DisplaySupportedSkillsDealDamageOnLowLife",[5],""
1237,"MovementVelocityWhileCursed",[5],""
1238,"GlobalShieldBlockChanceIncrease",[4],""
1239,"ReflectDamageToAttackersOnBlock",[4],""
1240,"GainLifeOnBlock",[5],""
1241,"GainManaOnBlock",[5],""
1242,"GainEnergyShieldOnBlock",[5],""
1243,"ZombieIncreasedLife",[5],""
1244,"ZombieLife",[5],""
1245,"ZombieDamage",[5],""
1246,"ZombieChaosElementalResists",[5],""
1247,"ZombieSize",[5],""
1248,"ZombiesExplodeEnemiesOnHit",[5],""
1249,"NumberOfZombiesSummonedPercentage",[4],""
1250,"IncreasedIntelligencePerUnique",[6],""
1251,"IncreasedChanceForMonstersToDropWisdomScrolls",[4],""
1252,"ConvertColdToFire",[7],""
1253,"IgnitedEnemiesTurnToAsh",[4],""
1254,"UndyingRageOnCrit",[6],""
1255,"NoBonusesFromCriticalStrikes",[4],""
1256,"FlaskItemRarity",[6],""
1257,"FlaskItemQuantity",[6],""
1258,"FlaskLightRadius",[4],""
1259,"FlaskMaximumElementalResistances",[5],""
1260,"FlaskElementalResistances",[5],""
1261,"FlaskFireResistances",[],""
1262,"FlaskColdResistances",[],""
1263,"FlaskLightningResistances",[],""
1264,"FlaskChaosResistances",[],""
1265,"FlaskAllResistances",[],""
1266,"SpellDamageModifiersApplyToAttackDamage",[8],""
1267,"SpellDamageModifiersApplyToAttackDamage150Percent",[8],""
1268,"ConvertFireToChaos60PercentValue",[7],""
1269,"ConvertFireToChaos",[7],""
1270,"ConvertColdToChaos",[7],""
1271,"ConvertAllElementalToChaos",[7],""
1272,"MovementVelicityPerEvasion",[7],""
1273,"PhysicalDamageCanChill",[5],""
1274,"ItemQuantityWhenFrozen",[6],""
1275,"ItemRarityWhenShocked",[6],""
1276,"MapUniqueObasTrial",[7],""
1277,"PietyFireFormMod",[],""
1278,"ManaLeechPerPowerCharge",[5],""
1279,"ManaLeechPermyriadPerPowerCharge",[5],""
1280,"LocalChaosDamage",[5],""
1281,"LocalChaosDamageTwoHand",[5],""
1282,"LocalFireDamageHybrid",[1],""
1283,"LocalColdDamageHybrid",[1],""
1284,"LocalLightningDamageHybrid",[1],""
1285,"LocalChaosDamageHybrid",[5],""
1286,"ChaosDegen",[6],""
1287,"CountsAsDualWielding",[7],""
1288,"ChaosDegenerationOnKill",[4],""
1289,"ItemBloodFootprints",[4],""
1290,"DisplayChaosDegenerationAura",[],""
1291,"ItemSilverFootsteps",[4],""
1292,"MaximumBlockChance",[5],""
1293,"ExilesEverywhereLeague",[],""
1294,"FasterBurnFromAttacks",[5],""
1295,"CannotLeechMana",[4],""
1296,"EnemiesCannotLeechMana",[4],""
1297,"CannotLeechOnLowLife",[4],""
1298,"MeleeDamage",[6],""
1299,"IronReflexes",[8],""
1300,"ChanceToIgniteWithAttacks",[5],""
1301,"DisplayDamageAura",[],""
1302,"MainHandAddedFireDamage",[5],""
1303,"OffHandAddedChaosDamage",[5],""
1304,"OffHandAddedColdDamage",[5],""
1305,"ChaosDamageCanShock",[6],""
1306,"ConvertLightningDamageToChaos60PercentValue",[7],""
1307,"ConvertLightningDamageToChaos",[7],""
1308,"EnemiesExplodeOnDeath",[5],""
1309,"DisplaySocketedGemGetsReducedManaCost",[5],""
1310,"DisplaySocketedGemsGetFasterCast",[5],""
1311,"FlaskRemovePercentageOfEnergyShield",[5],""
1312,"FlaskTakeChaosDamagePercentageOfLife",[5],""
1313,"FlaskGainFrenzyCharge",[5],""
1314,"FlaskGainPowerCharge",[5],""
1315,"FlaskGainEnduranceCharge",[5],""
1316,"CanOnlyDealDamageWithThisWeapon",[4],""
1317,"LocalFlaskChargesUsed",[1],""
1318,"LeftRingSlotElementalReflectDamageTaken",[5],""
1319,"RightRingSlotPhysicalReflectDamageTaken",[5],""
1320,"EnemyFireResistance",[6],""
1321,"UsingFlasksDispelsBurning",[1],""
1322,"UniqueMapBossExtraDropsOfItemClass",[],""
1323,"NonCriticalDamageMultiplier",[4],""
1324,"PurpleShockEffect",[],""
1325,"DamageRemovedFromManaBeforeLife",[8],""
1326,"OffHandVisualIdentityOverride",[],""
1327,"ChanceToShock",[5],""
1328,"FishingCastDistance",[0],""
1329,"FishingLineStrength",[1],""
1330,"FishingQuantity",[2],""
1331,"FishingRarity",[2],""
1332,"FishingPoolConsumption",[1],""
1333,"FishingLureType",[1],""
1334,"FishingHookType",[0],""
1335,"SpellDamagePerBlockChance",[5],""
1336,"LifeGainedOnSpellHit",[6],""
1337,"ManaGainedOnSpellHit",[0],""
1338,"AttackSpeedPerGreenSocket",[5],""
1339,"PhysicalDamgePerRedSocket",[5],""
1340,"ManaLeechFromPhysicalDamagePerBlueSocket",[5],""
1341,"ManaLeechPermyriadFromPhysicalDamagePerBlueSocket",[5],""
1342,"MeleeRangePerWhiteSocket",[5],""
1343,"MeleeDamageTaken",[4],""
1344,"ProximityShield",[4],""
1345,"ProximityShieldDamageProtection",[4],""
1346,"GainEnduranceChargesWhenHit",[5],""
1347,"OnslaughtOnMaximumEnduranceCharges",[6],""
1348,"LoseEnduranceChargesOnMaximumEnduranceCharges",[6],""
1349,"CantGainEnduranceChargesWhileOnslaught",[6],""
1350,"ArmourAsLifeRegnerationOnBlock",[8],""
1351,"LoseEnergyShieldOnBlock",[4],""
1352,"ChaosDamageAsPortionOfDamage",[7],""
1353,"ChaosDamageAsPortionOfFireDamage",[2],""
1354,"ChaosDamageAsPortionOfColdDamage",[2],""
1355,"ChaosDamageAsPortionOfLightningDamage",[2],""
1356,"PhysicalDamageTakenAsLightningPercent",[7],""
1357,"ArmourPerPlayerLevel",[7],""
1358,"LifePerPlayerLevel",[7],""
1359,"ElementalResistancesPerPlayerLevel",[7],""
1360,"ChanceToGainRandomCurseWhenHitPerPlayerLevel",[4],""
1361,"MainHandChanceToIgnite",[5],""
1362,"OffHandChillDuration",[5],""
1363,"BurningDamageToChilledEnemies",[6],""
1364,"TrapThrowSpeed",[6],""
1365,"MovementSpeedOnTrapThrow",[5],""
1366,"MovementSpeedOnTrapThrowSpeed",[],""
1367,"DisplaySupportedByTrap",[5],""
1368,"TrapDuration",[5],""
1369,"TrapDamage",[5],""
1370,"TrapDamageOnWeapon",[1],""
1371,"MineDamageOnWeapon",[1],""
1372,"TrapThrowSpeedOnWeapon",[1],""
1373,"MineLayingSpeedOnWeapon",[1],""
1374,"TrapAndMineThrowSpeed",[1],""
1375,"TrapCooldownRecoveryAndDuration",[1],""
1376,"MineDetonationSpeed",[1],""
1377,"MineDetonationSpeedAndDuration",[1],""
1378,"BaseTrapDuration",[],""
1379,"TrapsTriggerAtEndOfDuration",[],""
1380,"FarShot",[5],""
1381,"MonsterFarShot",[],""
1382,"ImmuneToKnockback",[5],""
1383,"MeleeSplash",[5],""
1384,"SuppressingFire",[5],""
1385,"DisplayCastsIceSpearNovaOnDeath",[],""
1386,"DisplayCastsSpikeNovaOnDeath",[],""
1387,"MapNoExiles",[],""
1388,"FireAndColdResistance",[1],""
1389,"FireAndLightningResistance",[1],""
1390,"ColdAndLightningResistance",[1],""
1391,"MonsterDaemonTest",[],""
1392,"MonsterReviveDaemon",[],""
1393,"MonsterDaemonCausticCloud",[],""
1394,"MonsterDaemonBlastRain",[],""
1395,"MapNemesisMods",[],""
1396,"MonsterNemesisRaisesAfterDeath",[],""
1397,"MonsterNemesisApparition",[],""
1398,"MonsterNemesisSpawnsMonsters",[],""
1399,"TotemVariation",[],""
1400,"ChanceToFreezeShockIgnite",[6],""
1401,"DamageWhileIgnited",[6],""
1402,"ArmourWhileFrozen",[5],""
1403,"ManaLeechOnShockedEnemies",[5],""
1404,"ManaLeechPermyriadOnFrozenEnemies",[5],""
1405,"LifeLeechOnFrozenEnemies",[5],""
1406,"LifeLeechPermyriadOnFrozenEnemies",[5],""
1407,"LifeLeechPermyriadOnShockedEnemies",[5],""
1408,"EnergyShieldLeechPermyriadOnFrozenEnemies",[5],""
1409,"DamageOnRareMonsters",[5],""
1410,"DamageOnMagicMonsters",[5],""
1411,"DamagePerStatusAilmentOnEnemies",[8],""
1412,"ShrineBuffEffect",[6],""
1413,"ShrineEffectDuration",[6],""
1414,"LocalFlaskCannotRecoverLifeWhileHealing",[4],""
1415,"LocalFlaskLifeOnFlaskDurationEnd",[7],""
1416,"LocalFlaskNoManaCostWhileHealing",[7],""
1417,"ShockNearbyEnemyOnShockedKill",[6],""
1418,"IgniteNearbyEnemyOnIgnitedKill",[6],""
1419,"GainRareMonsterModsOnKill",[8],""
1420,"GainMagicMonsterModsOnKill",[8],""
1421,"MonsterNemesisCorruptedBlood",[],""
1422,"MonsterNemesisUniqueDrop",[],""
1423,"MonsterAdditionalVaalItemDrop",[],""
1424,"MonsterNemesisOndarsGuile",[7],""
1425,"MonsterNemesisElementalHit",[],""
1426,"MonsterNemesisTransformOnLowLife",[],""
1427,"MonsterNemesisTransformed",[],""
1428,"MonsterNemesisSoulEater",[],""
1429,"MonsterNemesisRemoveFlaskAndChargeBuffsOnHit",[],""
1430,"MonsterNemesisSmokeDaemon",[],""
1431,"MonsterNemesisSummonSkeletons",[],""
1432,"MonsterNemesisProximityShield",[],""
1433,"MonsterNemesisPoisonAttacks",[],""
1434,"MonsterNemesisEnfeebleOnHit",[],""
1435,"MonsterNemesisVulnerabilityOnHit",[],""
1436,"MonsterNemesisTemporalChainsOnHit",[],""
1437,"MonsterNemesisCurseDaemon",[],""
1438,"MonsterNemesisTotemDaemon",[],""
1439,"AddedManaRegeneration",[5],""
1440,"AddedManaRegenerationMaven",[5],""
1441,"ArmourWhileNotIgnitedFrozenShocked",[5],""
1442,"ManaShield",[8],""
1443,"MonsterNemesisLightningStormDaemon",[],""
1444,"MonsterNemesisStealthMode",[],""
1445,"MonsterStealthModeBossSideArea",[],""
1446,"MonsterNemesisVines",[],""
1447,"MonsterNemesisImmortalGhost",[],""
1448,"MonsterNemesisPhysicalProjectilesDaemon",[],""
1449,"MonsterNemesisFireProjectilesDaemon",[],""
1450,"MonsterNemesisLightningClone",[],""
1451,"MonsterNemesisColdBeam",[],""
1452,"MonsterArchnemesisPoisoner",[],""
1453,"MonsterArchnemesisPoisonerMinion",[],""
1454,"MonsterArchnemesisVoidTouched",[],""
1455,"MonsterArchnemesisVoidTouchedMinion",[],""
1456,"MonsterArchnemesisFrostTouched",[],""
1457,"MonsterArchnemesisFrostTouchedMinion",[],""
1458,"MonsterArchnemesisFreezer",[],""
1459,"MonsterArchnemesisFreezerMinion",[],""
1460,"MonsterArchnemesisAssassin",[],""
1461,"MonsterArchnemesisRaider",[],""
1462,"MonsterArchnemesisRaiderMinion",[],""
1463,"MonsterArchnemesisDeadeye",[],""
1464,"MonsterArchnemesisDeadeyeMagic",[],""
1465,"MonsterArchnemesisTrickster",[],""
1466,"MonsterArchnemesisBombardier",[],""
1467,"MonsterArchnemesisMultiProjectiles",[],""
1468,"MonsterArchnemesisFlameTouched",[],""
1469,"MonsterArchnemesisFlameTouchedMinion",[],""
1470,"MonsterArchnemesisIgniter",[],""
1471,"MonsterArchnemesisIgniterMinion",[],""
1472,"MonsterArchnemesisArcaneGuarded",[],""
1473,"MonsterArchnemesisArcaneEnchantedMinion",[],""
1474,"MonsterArchnemesisVampiric",[],""
1475,"MonsterArchnemesisVampiricMinion",[],""
1476,"MonsterArchnemesisNecromancer",[],""
1477,"MonsterArchnemesisNecromancerMinion",[],""
1478,"MonsterArchnemesisNecromancerRevives",[],""
1479,"MonsterArchnemesisEchoist",[],""
1480,"MonsterArchnemesisDefender",[],""
1481,"MonsterArchnemesisDefenderMinion",[],""
1482,"MonsterArchnemesisStormTouched",[],""
1483,"MonsterArchnemesisStormTouchedMinion",[],""
1484,"MonsterArchnemesisShocker",[],""
1485,"MonsterArchnemesisShockerMinion",[],""
1486,"MonsterArchnemesisBonebreaker",[],""
1487,"MonsterArchnemesisBonebreakerMagic",[],""
1488,"MonsterArchnemesisBonebreakerMinion",[],""
1489,"MonsterArchnemesisBloodletter",[],""
1490,"MonsterArchnemesisBloodletterMinion",[],""
1491,"MonsterArchnemesisJuggernaut",[],""
1492,"MonsterArchnemesisJuggernautMinion",[],""
1493,"MonsterArchnemesisSteelAttuned",[],""
1494,"MonsterArchnemesisSteelAttunedMinion",[],""
1495,"MonsterArchnemesisGargantuan",[],""
1496,"MonsterArchnemesisRejuvenating",[],""
1497,"MonsterArchnemesisBerserker",[],""
1498,"MonsterArchnemesisChargeGenerator",[],""
1499,"MonsterArchnemesisSoulConduit",[],""
1500,"MonsterArchnemesisWealthy",[],""
1501,"MonsterArchnemesisOppressor",[],""
1502,"MonsterArchnemesisConsecration",[],""
1503,"MonsterArchnemesisRampage",[],""
1504,"MonsterArchnemesisHeraldOfTheObelisk",[],""
1505,"MonsterArchnemesisHeraldOfTheObeliskMinion",[],""
1506,"MonsterArchnemesisFlameWalkerMinion",[],""
1507,"MonsterArchnemesisFrostWalkerMinion",[],""
1508,"MonsterArchnemesisLightningWalkerMinion",[],""
1509,"MonsterArchnemesisMinionDivineTouched",[],""
1510,"MonsterArchnemesisUnionOfSouls",[],""
1511,"MonsterArchnemesisUnionOfSoulsMinion",[],""
1512,"MonsterArchnemesisExecutioner",[],""
1513,"MonsterArchnemesisHexer",[],""
1514,"MonsterArchnemesisFlaskDrain",[],""
1515,"MonsterArchnemesisGraspingVines",[],""
1516,"MonsterArchnemesisTimeBubble",[],""
1517,"MonsterCrucibleBossTimeBubble",[],""
1518,"MonsterArchnemesisSaplings",[],""
1519,"MonsterArchnemesisSaplingsMinion",[],""
1520,"MonsterArchnemesisFrostWalker",[],""
1521,"MonsterArchnemesisGlacialCage",[],""
1522,"MonsterArchnemesisSoulEater",[],""
1523,"MonsterArchnemesisFlameWalker",[],""
1524,"MonsterArchnemesisCorpseExploder",[],""
1525,"MonsterArchnemesisElemental",[],""
1526,"MonsterArchnemesisElementalMinion",[],""
1527,"MonsterArchnemesisVolatileFlameBlood",[],""
1528,"MonsterArchnemesisMirrorImage",[],""
1529,"MonsterArchnemesisLightningWalker",[],""
1530,"MonsterArchnemesisManaDonut",[],""
1531,"MonsterArchnemesisCorrupter",[],""
1532,"MonsterArchnemesisCorrupterMinion",[],""
1533,"MonsterArchnemesisDivineTouched",[],""
1534,"MonsterArchnemesisLivingCrystals",[],""
1535,"MonsterArchnemesisCycleOfElements",[],""
1536,"MonsterArchnemesisVoodooDoll",[],""
1537,"MonsterArchnemesisSplitting",[],""
1538,"MonsterArchnemesisLunaris",[],""
1539,"MonsterArchnemesisSolaris",[],""
1540,"MonsterArchnemesisArakaali",[],""
1541,"MonsterArchnemesisBrineKing",[],""
1542,"MonsterArchnemesisTukohama",[],""
1543,"MonsterArchnemesisAbberath",[],""
1544,"MonsterArchnemesisShakari",[],""
1545,"MonsterArchnemesisInnocence",[],""
1546,"MonsterArchnemesisKitava",[],""
1547,"MonsterArchnemesisLightningStorm",[],""
1548,"MonsterArchnemesisFinalGasp",[],""
1549,"MonsterArchnemesisHeraldOfTheObeliskMagic",[],""
1550,"MonsterArchnemesisSpiritWalkersMagic",[],""
1551,"MonsterArchnemesisUnionOfSoulsMagic",[],""
1552,"MonsterArchnemesisVoidspawnOfAbaxothMagic",[],""
1553,"AllowShrines",[],""
1554,"FarShotDisplay",[],""
1555,"MonsterMercilessDrops",[],""
1556,"MonsterSideAreaBoss",[],""
1557,"MonsterInvasionBoss",[],""
1558,"TrapsAllowed",[5],""
1559,"DisplayMonsterDevour",[],""
1560,"DisplayMonsterSuppressingFire",[],""
1561,"ElementalResistancePerEnduranceCharge",[5],""
1562,"ReturningProjectiles",[5],""
1563,"ReturningProjectilesNoHitObject",[],""
1564,"DisplayMonsterCastsLightningNova",[],""
1565,"MaximumCriticalStrikeChance",[5],""
1566,"DamagePerStrengthInMainHand",[5],""
1567,"ArmourPerStrengthInOffHand",[5],""
1568,"DisplaySocketedGemsSupportedByIronWill",[5],""
1569,"DisplaySocketedGemsHaveIronWill",[5],""
1570,"CriticalStrikeChanceFinal",[5],""
1571,"SkillArtVariation",[],""
1572,"ChanceToSuppressSpells",[2],""
1573,"ChanceToSuppressSpellsOld",[2],""
1574,"SpellDamageSuppressed",[2],""
1575,"LifeRegenerationRate",[2],""
1576,"EnduranceChargeOnKill",[6],""
1577,"LoseEnduranceChargesWhenHit",[4],""
1578,"GainOnslaughtWhenHit",[6],""
1579,"MonsterDaemonSparkTotem",[],""
1580,"LeechLifeOnCast",[5],""
1581,"MapHexproof",[],""
1582,"MapHexproofMap2Tier",[],""
1583,"MapHexproofMapWorlds",[],""
1584,"MapCorruptedSideAreaHexproof",[],""
1585,"MonsterHigherLevelDrops",[],""
1586,"Phasing",[],""
1587,"PhasingNoVisual",[],""
1588,"DisplayMapFinalBossDropsHigherLevelGear",[7],""
1589,"CullingCriticalStrikes",[5],""
1590,"VariableEmergeSpeed",[],""
1591,"FireDamageTaken",[4],""
1592,"FlatFireDamageTaken",[],""
1593,"FlatColdDamageTaken",[],""
1594,"FlatLightningDamageTaken",[],""
1595,"FrenzyChargeOnIgnite",[6],""
1596,"CullingAgainstBurningEnemies",[6],""
1597,"CullingAgainstFrozenEnemies",[6],""
1598,"ChaosDamageTaken",[4],""
1599,"CurseDuration",[6],""
1600,"IncreaseSocketedCurseGemLevel",[7],""
1601,"PoisonSpreadAndHealOnPoisonedKill",[7],""
1602,"SelfCurseDuration",[5],""
1603,"ChaosResistanceWhileUsingFlask",[5],""
1604,"SetElementalResistances",[5],""
1605,"AllDefences",[6],""
1606,"LightningDamageOnBlock",[5],""
1607,"DuplicatesRingStats",[8],""
1608,"DegenerationDamage",[1],""
1609,"FishingExoticFish",[5],""
1610,"FireCannotIgnite",[],""
1611,"ColdCannotFreeze",[],""
1612,"ColdCannotChill",[],""
1613,"LightningCannotShock",[],""
1614,"FireShocks",[6],""
1615,"ColdIgnites",[6],""
1616,"LightningFreezes",[6],""
1617,"AllFireDamageCanShock",[6],""
1618,"AllColdDamageCanIgnite",[6],""
1619,"AllLightningDamageCanFreeze",[6],""
1620,"SocketedCursesAreReflected",[5],""
1621,"ChillImmunityWhenChilled",[5],""
1622,"FreezeImmunityWhenFrozen",[5],""
1623,"IgniteImmunityWhenIgnited",[5],""
1624,"ShockImmunityWhenShocked",[5],""
1625,"GrantFrenzyChargesToAlliesOnDeath",[5],""
1626,"PowerChargeOnNonCrit",[6],""
1627,"ConsumeAllPowerChargesOnCrit",[5],""
1628,"MapFracturing",[],""
1629,"MapMonsterFracturing",[],""
1630,"MapMonsterFracturingMap2Tier",[],""
1631,"CastSocketedLightningSpellsOnHit",[8],""
1632,"UndyingBreathCurseAura",[5],""
1633,"UndyingBreathCurseAuraDisplay",[5],""
1634,"UndyingBreathDamageAura",[5],""
1635,"UndyingBreathDamageAuraDisplay",[5],""
1636,"CurseAreaOfEffect",[5],""
1637,"AuraIncreasedIncreasedAreaOfEffect",[5],""
1638,"DamageTaken",[4],""
1639,"AttackSpeedPerFrenzyCharge",[5],""
1640,"AccuracyRatingPerFrenzyCharge",[5],""
1641,"FrenzyChargeDurationPerFrenzyCharge",[5],""
1642,"PoisonDotMultiplierPerFrenzyCharge",[5],""
1643,"AtMaximumFrenzyChargesPoison",[6],""
1644,"AtMaximumFrenzyChargesChanceToPoison",[6],""
1645,"NecromanticAegis",[8],""
1646,"MinionBlockChance",[5],""
1647,"MinionSpellBlockChance",[5],""
1648,"MinionLifeRegeneration",[5],""
1649,"MinionArmour",[5],""
1650,"MapInvasionMonsterPacks",[],""
1651,"ChestIncreasedHiddenQuantity",[],""
1652,"ChestIncreasedHiddenRarity",[],""
1653,"ChestSummonSkeletons",[],""
1654,"ChestSummonMonsters",[],""
1655,"ChestSummonPacks",[],""
1656,"ChestSummonPacksAndVaalSideAreaBoss",[],""
1657,"ChestFreeze",[],""
1658,"ChestIceNova",[],""
1659,"ChestItemQuantity",[],""
1660,"ChestItemRarity",[],""
1661,"ChestItemRarityMultiplicative",[],""
1662,"ChestDropUnique",[],""
1663,"ChestDropKaomsUnique",[],""
1664,"ChestDropPoolTypeUnique",[],""
1665,"ChestDropMapsUnique",[],""
1666,"ChestSpawnRogueExile",[],""
1667,"ChestSpawnStandaloneMapBoss",[],""
1668,"ChestReviveMonsters",[],""
1669,"ChestSpawnContinuousMonsters",[],""
1670,"ChestSpawnContinuousTormentSpirits",[],""
1671,"ChestSpawnFireWarband",[],""
1672,"ChestSpawnColdWarband",[],""
1673,"ChestSpawnLightningWarband",[],""
1674,"ChestSpawnChaosWarband",[],""
1675,"ChestExplodeCorpses",[],""
1676,"ChestCamoflage",[],""
1677,"ChestRandomCurse",[],""
1678,"ChestKaomsTotems",[],""
1679,"ChestIgnite",[],""
1680,"ChestFireStorm",[],""
1681,"ChestLightningStorm",[],""
1682,"ChestPoisonCloud",[],""
1683,"ChestExplosion",[],""
1684,"ChestGemsExperience",[],""
1685,"ChestExtraUtilityFlasks",[],""
1686,"ChestDropsIdentified",[],""
1687,"ChestExtraNormalItems",[],""
1688,"ChestExtraMagicItems",[],""
1689,"ChestExtraRareItems",[],""
1690,"ChestItemQuality",[],""
1691,"ChestItemSockets",[],""
1692,"ChestItemLinks",[],""
1693,"ChestItemLevel",[],""
1694,"ChestItemLevelVariable",[],""
1695,"ChestItemDuplicated",[],""
1696,"ChestDropsOnlyHybridFlasks",[],""
1697,"ChestDropsOnlySupportGems",[],""
1698,"ChestExtraVaalGems",[],""
1699,"ChestBarrelExplode",[],""
1700,"ChestBarrelOfSpidersUnique",[],""
1701,"DisplaySocketedSkillsChain",[5],""
1702,"DisplaySocketedSkillsFork",[5],""
1703,"MonsterReflectDamage",[],""
1704,"MonsterImmuneToStatusAilments",[],""
1705,"MonsterImmuneToPoison",[],""
1706,"MonsterImmuneToBleed",[],""
1707,"MonsterTrapsInvulnerable",[],""
1708,"LocalIncreaseSocketedVaalGemLevel",[8],""
1709,"LocalIncreaseSocketedNonVaalGemLevel",[6],""
1710,"LocalIncreasedBlockPercentage",[1],""
1711,"SpellBlockPercentage",[1],""
1712,"SpellBlockPercentageMaven",[6],""
1713,"SpellBlockPercentageOnLowLife",[6],""
1714,"SpellBlockPercentageRainbowstride",[6],""
1715,"SpellBlockPercentagePrefix",[6],""
1716,"AdditionalSpellBlock",[],""
1717,"SpellDodgePercentageMaven",[6],""
1718,"ChanceToSuppressSpellsMavenOld",[6],""
1719,"ChanceToSuppressSpellsMaven",[6],""
1720,"FireDamageLifeLeech",[6],""
1721,"FireDamageLifeLeechPermyriad",[6],""
1722,"ColdDamageLifeLeech",[6],""
1723,"ColdDamageLifeLeechPermyriad",[6],""
1724,"LightningDamageLifeLeech",[6],""
1725,"LightningDamageLifeLeechPermyriad",[6],""
1726,"PhysicalDamageLifeLeech",[6],""
1727,"PhysicalDamageLifeLeechPermyriad",[6],""
1728,"FireDamageESLeech",[6],""
1729,"ColdDamageESLeech",[6],""
1730,"LightningDamageESLeech",[6],""
1731,"ChanceToIgnightWhileUsingFlask",[6],""
1732,"ChanceToFreezeWhileUsingFlask",[6],""
1733,"ChanceToShockWhileUsingFlask",[6],""
1734,"ReducedStunThresholdWhileUsingFlask",[6],""
1735,"AddedChaosDamageAsPercentOfPhysicalWhileUsingFlask",[6],""
1736,"AddedChaosDamageAsPercentOfElementalWhileUsingFlask",[6],""
1737,"ChaosDamageLifeLeechWhileUsingFlask",[6],""
1738,"ChaosDamageLifeLeechPermyriadWhileUsingFlask",[6],""
1739,"DisplaySupportedByEcho",[5],""
1740,"DisplaySupportedByEchoLevel10Boolean",[5],""
1741,"MapAmbushChests",[],""
1742,"CriticalStrikesLeechIsInstant",[8],""
1743,"MapItemDropQuantity",[],""
1744,"VaalSacrificeFragment",[],""
1745,"VaalMortalFragment",[],""
1746,"HasXSockets",[6],""
1747,"SocketedSkillsHaveReducedManaCost",[5],""
1748,"MinionUnholyMightOnKill",[7],""
1749,"DemonBossSideAreaEnrageOnLowLife",[],""
1750,"DexMissionEnrageOnLowLife",[],""
1751,"ArrowPierceAppliesToProjectileDamage",[7],""
1752,"ArrowDamageAgainstPiercedTargets",[7],""
1753,"OnslaughtOnVaalSkillUse",[7],""
1754,"ElementalDamageLeechedAsLife",[7],""
1755,"ElementalDamageLeechedAsLifePermyriad",[7],""
1756,"MoreLifeBelowLevel11",[],""
1757,"MoreLifeBelowLevel33",[],""
1758,"LocalIncreaseSocketedSupportGemLevel",[7],""
1759,"LocalIncreaseSocketedSupportGemLevelAndQuality",[7],""
1760,"LocalIncreaseSocketedSupportGemLevelMaven",[7],""
1761,"MonsterUsesVaalDetonateDeadAtLowLifeDisplay",[],""
1762,"CurseOnHitLevelTemporalChains",[5],""
1763,"CurseOnHitLevelVulnerability",[5],""
1764,"CurseOnHitLevelElementalWeakness",[5],""
1765,"CurseOnHitLevelElementalWeaknessChance",[5],""
1766,"CurseOnHitLevelVulnerabilityMod",[5],""
1767,"CurseOnHitLevelElementalWeaknessMod",[5],""
1768,"CurseOnHitCriticalWeakness",[5],""
1769,"CurseOnHitPoachersMark",[5],""
1770,"CurseOnHitWarlordsMark",[5],""
1771,"TriggerOnRareWarlordsMark",[5],""
1772,"TriggerOnRarePoachersMark",[5],""
1773,"TriggerOnRareAssassinsMark",[5],""
1774,"SupportedByCastOnCrit",[5],""
1775,"SupportedByCastOnStun",[5],""
1776,"SupportedByMeleeSplash",[5],""
1777,"AdditionalPierce",[1],""
1778,"AdditionalPiercePer15Old",[],""
1779,"Quiver1AdditionalPierceOld",[5],""
1780,"Quiver2AdditionalPierceOld",[5],""
1781,"OldTalismanPierce",[],""
1782,"CorruptFish",[6],""
1783,"MapMultipleExiles",[],""
1784,"MapMultipleExilesMap2Tier",[],""
1785,"MapMultipleExilesMapWorlds",[],""
1786,"MapMultipleExilesSideArea",[],""
1787,"TempestExiles",[],""
1788,"MapMultipleExilesRace",[],""
1789,"ClaritySkill",[5],""
1790,"ClaritySkillReduced",[5],""
1791,"VitalitySkill",[5],""
1792,"PuritySkill",[5],""
1793,"PuritySkillReduced",[5],""
1794,"CriticalWeaknessSkill",[5],""
1795,"PurityOfFireSkill",[5],""
1796,"PurityOfColdSkill",[5],""
1797,"PurityOfLightningSkill",[5],""
1798,"WrathSkill",[5],""
1799,"WrathSkillReduced",[5],""
1800,"HatredSkill",[5],""
1801,"HatredSkillReducedReservation",[5],""
1802,"MalevolenceSkill",[5],""
1803,"ZealotrySkill",[5],""
1804,"PrideSkill",[5],""
1805,"AngerSkill",[5],""
1806,"DeterminationSkill",[5],""
1807,"GraceSkill",[5],""
1808,"DisciplineSkill",[5],""
1809,"ProjectileWeaknessSkill",[5],""
1810,"ElementalWeaknessSkill",[5],""
1811,"VulnerabilitySkill",[5],""
1812,"FrostbiteSkill",[5],""
1813,"FlammabilitySkill",[5],""
1814,"ConductivitySkill",[5],""
1815,"HasteSkill",[5],""
1816,"HasteSkillReducedReservation",[5],""
1817,"TemporalChainsSkill",[5],""
1818,"HeraldOfAshSkill",[5],""
1819,"HeraldOfIceSkill",[5],""
1820,"HeraldOfThunderSkill",[5],""
1821,"HeraldOfPuritySkill",[5],""
1822,"HeraldOfAgonySkill",[5],""
1823,"EnduringCrySkill",[5],""
1824,"RallyingCrySkill",[5],""
1825,"AbyssalCrySkill",[5],""
1826,"BattlemagesCry",[5],""
1827,"DecoyTotemSkill",[5],""
1828,"SupportedByStun",[5],""
1829,"SocketedSkillsManaMultiplier",[5],""
1830,"SupportedByAccuracy",[5],""
1831,"SupportedByMultistrike",[5],""
1832,"SupportedByProjectileSpeed",[5],""
1833,"SupportedByLifeLeech",[5],""
1834,"SupportedByChanceToBleed",[5],""
1835,"SupportedByCriticalMultiplier",[5],""
1836,"SupportedByFork",[5],""
1837,"SupportedByWeaponElementalDamage",[5],""
1838,"CannotCauseBleeding",[],""
1839,"AdditionalChainChance",[],""
1840,"AdditionalChain",[6],""
1841,"AdditionalArrowChain",[6],""
1842,"ProjectilesCannotChain",[],""
1843,"ProjectilesCannotPierce",[],""
1844,"ProjectilesCannotFork",[],""
1845,"ProjectilesCannotSplit",[],""
1846,"MapNemesisModOnRares",[],""
1847,"MapNemesisModOnRaresMap2Tier",[],""
1848,"MapNemesisModOnRaresMapWorlds",[],""
1849,"MapCorruptedSideAreaRareMonsters",[],""
1850,"MapBloodlinesModOnMagics",[],""
1851,"MapBloodlinesModOnMagicsMap2Tier",[],""
1852,"MapBloodlinesModOnMagicsMapWorlds",[],""
1853,"MapCorruptedSideAreaBloodlinesMod",[],""
1854,"MapCorruptedSideAreaMagicMonsters",[],""
1855,"CurseTransferOnKill",[6],""
1856,"AdditionalMeleeDamageToBurningEnemies",[5],""
1857,"AdditionalMeleeDamageToShockedEnemies",[5],""
1858,"AdditionalMeleeDamageToFrozenEnemies",[5],""
1859,"ProjectileIgniteChance",[5],""
1860,"ProjectileFreezeChance",[5],""
1861,"ProjectileShockChance",[5],""
1862,"ElementalDamageTakenAsChaos",[6],""
1863,"ArcaneVision",[6],""
1864,"DisplayMonsterVaalStormCall",[],""
1865,"PhysicalDamageFromBeasts",[5],""
1866,"LightningWeaponDamage",[5],""
1867,"ThisWeaponWeaponElementalDamage",[5],""
1868,"WeaponPhysicalDamageAddedAsRandomElement",[6],""
1869,"LocalPhysicalDamageAddedAsEachElement",[6],""
1870,"PhysicalDamageAddedAsRandomElement",[6],""
1871,"WeaponPhysicalDamageAddedAsColdOrLightning",[6],""
1872,"IncreaseDamageTakenPerFrenzyCharge",[4],""
1873,"IncreaseLightningDamagePerFrenzyCharge",[6],""
1874,"LifeGainedOnEnemyDeathPerFrenzyCharge",[6],""
1875,"CannotBeKnockedBack",[5],""
1876,"MapQuantityRarityGarena",[],""
1877,"UniqueChestNoRegularDrops",[],""
1878,"WeaponHowling",[],""
1879,"WeaponDistortSound",[],""
1880,"MapSideAreaChance",[],""
1881,"MapForceSideArea",[],""
1882,"UnwaveringStance",[7],""
1883,"LocalFlaskInstantRecoverPercentOfLife",[7],""
1884,"LocalFlaskChaosDamageOfLifeTakenPerMinuteWhileHealing",[4],""
1885,"PowerChargeOnKnockback",[7],""
1886,"BearTrapSkill",[6],""
1887,"MapDisplayIncreasedBossExperience",[6],""
1888,"MapDeathAndTaxesBossCurrencyDrops",[],""
1889,"MapRampage",[],""
1890,"PowerChargeOnTrapThrow",[5],""
1891,"MapBeyond",[],""
1892,"CritChancePercentPerStrength",[5],""
1893,"MapMissionSubAreaMods",[],""
1894,"AttackSpeedIncreasedWhileIgnited",[5],""
1895,"CastSpeedIncreasedWhileIgnited",[5],""
1896,"ChanceToIgniteIncreasedWhileIgnited",[5],""
1897,"IncreasedChanceToBeIgnited",[5],""
1898,"CausesBleedingOnCrit",[5],""
1899,"LocalCausesBleedingOnCrit",[5],""
1900,"LocalCausesBleedingOnCrit50PercentChance",[5],""
1901,"CausesPoisonOnCrit",[5],""
1902,"LocalCausesPoisonOnCrit",[5],""
1903,"BlockDuringFlaskEffect",[5],""
1904,"MaximumAttackBlockDuringFlaskEffect",[],""
1905,"SpellBlockDuringFlaskEffect",[6],""
1906,"MaximumSpellBlockDuringFlaskEffect",[],""
1907,"FlaskAdditionalQuality",[],""
1908,"MapCaganHasHiddenMods",[5],""
1909,"DarkExileWitchCurseDuration",[],""
1910,"EvasionRatingIncreasesWeaponDamage",[7],""
1911,"IncreasedDamageToIgnitedTargets",[5],""
1912,"MovementSpeedWhileOnFullEnergyShield",[6],""
1913,"ChanceForEnemyToFleeOnBlock",[4],""
1914,"IncreasedChaosDamage",[5],""
1915,"IncreasedChaosDamagePrefix",[2],""
1916,"IncreasedLifeLeechRate",[6],""
1917,"IncreasedManaLeechRate",[6],""
1918,"SpellAddedChaosDamage",[6],""
1919,"TalkingAxe",[],""
1920,"MonsterExileSpellBlock",[],""
1921,"HealOnRampage",[6],""
1922,"DispelStatusAilmentsOnRampage",[6],""
1923,"PhysicalDamageImmunityOnRampage",[6],""
1924,"VaalSoulsOnRampage",[6],""
1925,"GroundSmokeOnRampage",[6],""
1926,"PhasingOnRampage",[6],""
1927,"AdditionalVaalSoulOnRampage",[6],""
1928,"GlobalChanceToBlindOnHit",[5],""
1929,"GlobalChanceToBlindOnHitMaven",[5],""
1930,"LifeRegenerationPerLevel",[6],""
1931,"CriticalStrikeChancePerLevel",[7],""
1932,"AttackDamageIncreasedPerLevel",[6],""
1933,"SpellDamageIncreasedPerLevel",[5],""
1934,"FlaskChargesOnCrit",[7],""
1935,"LifeLeechOnCrit",[5],""
1936,"LifeLeechOnCritPermyriad",[5],""
1937,"ChanceToReflectChaosDamageToSelf",[4],""
1938,"SimulatedRampage",[6],""
1939,"SimulatedRampageMeleeHits",[6],""
1940,"AuraEffectGlobal",[5],""
1941,"YourAuraEffectOnYou",[6],""
1942,"ImmunityToBlind",[5],""
1943,"LocalIncreaseSocketedActiveSkillGemLevel",[6],""
1944,"LocalIncreaseSocketedActiveSkillGemLevelMaven",[6],""
1945,"UnholyMightOnRampage",[7],""
1946,"ChaosDamagePerLevel",[5],""
1947,"ElementalDamagePerLevel",[5],""
1948,"LifeGainedOnEnemyDeathPerLevel",[5],""
1949,"ManaGainedOnEnemyDeathPerLevel",[5],""
1950,"EnergyShieldGainedOnEnemyDeathPerLevel",[5],""
1951,"CannotBeDamaged",[],""
1952,"UnholyMightBuff",[6],""
1953,"MissionStrMonsters",[],""
1954,"RampageDaemonBlindDuration",[],""
1955,"RampageDaemonBlindOnHit",[],""
1956,"IncreaseManaCostFlat",[4],""
1957,"IncreaseLifeRegenerationPercent",[5],""
1958,"LifeLeechSpeed",[6],""
1959,"IncreaseSocketedSupportGemQuality",[4],""
1960,"ManaRegenerationPercentPerMinute",[4],""
1961,"MapTotemsStrMission",[],""
1962,"ChillAndFreezeDuration",[5],""
1963,"TrapAndMineDamage",[4],""
1964,"TrapAndMineSpeed",[4],""
1965,"ReturningAttackProjectiles",[4],""
1966,"CannotSpawnBeyondPortals",[],""
1967,"MapDisableMissions",[],""
1968,"MonsterDamagePer10Levels",[],""
1969,"MonsterProjectileSpiral",[],""
1970,"AddedFireDamageAndIgnite",[4],""
1971,"MonsterAddedFireDamage",[],""
1972,"AddedColdDamageAndFreeze",[4],""
1973,"MonsterAddedColdDamage",[],""
1974,"AddedLightningDamageAndShock",[4],""
1975,"MonsterAddedLightningDamage",[],""
1976,"AddedPhysicalDamageAndBleed",[4],""
1977,"TormentAddedPhysicalDamageAndBleed",[],""
1978,"MapExtraInvasionBosses",[],""
1979,"MapExtraInvasionBossesEvent",[],""
1980,"MapExtraStrongBoxes",[],""
1981,"MapExtraStrongBoxesMemoryLine",[],""
1982,"MapExtraStrongBoxesEvent",[],""
1983,"MapExtraShrines",[],""
1984,"MapExtraShrinesMemoryLine",[],""
1985,"MapExtraShrinesEvent",[],""
1986,"MapAllPacksRare",[],""
1987,"MapNemesisExtraRaresZana",[],""
1988,"MapForcedMission",[],""
1989,"MapOnslaught",[],""
1990,"MapOnslaughtEvent",[],""
1991,"IsDummyEvent",[],""
1992,"SocketedGemsSupportedByBloodMagic",[5],""
1993,"SocketedGemsSupportedByLifetap",[5],""
1994,"DexMissionChieftainBossAreaOfEffect",[],""
1995,"DexMissionChieftainBossBaseTotemRange",[],""
1996,"ItemGenerationCannotChangeSuffixes",[4],""
1997,"ItemGenerationCannotRollAttackAffixes",[4],""
1998,"ItemGenerationCannotRollCasterAffixes",[4],""
1999,"ItemGenerationCanHaveMultipleCraftedMods",[4],""
2000,"ItemGenerationCannotChangePrefixes",[4],""
2001,"MapAnarchyLeagueCrafted",[],""
2002,"MapRampageLeagueCrafted",[],""
2003,"MapBeyondLeagueCrafted",[],""
2004,"SocketedGemHasElementalEquilibrium",[5],""
2005,"SocketedGemHasSecretsOfSuffering",[5],""
2006,"FireResistanceWhenSocketedWithRedGem",[5],""
2007,"LightningResistanceWhenSocketedWithBlueGem",[5],""
2008,"ColdResistanceWhenSocketedWithGreenGem",[5],""
2009,"ReducedLevelRequirement",[],""
2010,"LightningResistancePenetration",[6],""
2011,"LightningManaLeech",[5],""
2012,"LightningManaLeechPermyriad",[5],""
2013,"ChaosResistancePenetration",[],""
2014,"AllSocketsAreWhite",[4],""
2015,"PunishmentOnMeleeBlock",[5],""
2016,"TemporalChainsOnProjectileBlock",[5],""
2017,"ElementalWeaknessOnSpellBlock",[5],""
2018,"MovementSpeedCantBeDamaged",[],""
2019,"SocketedGemsGetIncreasedItemQuantity",[5],""
2020,"DisablePartyScalingForChests",[],""
2021,"MapQuantityAndRarity",[7],""
2022,"MapHasOxygen",[7],""
2023,"RaceDaemon",[],""
2024,"MonsterBloodlinesBeaconOnDeath",[],""
2025,"MapBloodlines",[],""
2026,"MapBloodlinesLeagueCrafted",[],""
2027,"MonsterBloodlinesUnionOfSouls",[],""
2028,"MonsterBloodlinesShrouded",[],""
2029,"MonsterBloodlinesNecrovigil",[],""
2030,"MonsterBloodlinesDaemon",[],""
2031,"VulnerabilityOnBlock",[5],""
2032,"MonsterShockAura",[],""
2033,"TormentShockAura",[],""
2034,"MonsterBloodlinesDamageCharges",[],""
2035,"MonsterBloodlinesSpeedCharges",[],""
2036,"MonsterBloodlinesMarkOfCannibalism",[],""
2037,"MarkOfCannibalismGemlingLegionnaire",[],""
2038,"MonsterBloodlinesFlaringPulseblood",[],""
2039,"MonsterBloodlinesRimePulseblood",[],""
2040,"MonsterBloodlinesStaticPulseblood",[],""
2041,"MonsterBloodlinesCongealingBloodRed",[],""
2042,"MonsterBloodlinesCongealingBloodYellow",[],""
2043,"MonsterBloodlinesCongealingBloodMud",[],""
2044,"MonsterBloodlinesThorns",[],""
2045,"GrandmasterLifeLeech",[],""
2046,"GrandmasterManaLeech",[],""
2047,"GrandmasterManaRegeneration",[],""
2048,"GrandmasterLifeRegeneration",[],""
2049,"GrandmasterMaximumLeechRates",[],""
2050,"GrandmasterManaReservation",[],""
2051,"GrandmasterNoManaCosts",[],""
2052,"GrandmasterNoEnergyShield",[],""
2053,"GrandmasterFakeMultistrike",[],""
2054,"GrandmasterFireBeamStacks",[],""
2055,"MapBeyondLeagueRolled",[],""
2056,"MapBeyondLeagueRolledMap2Tier",[],""
2057,"MapBeyondLeagueRolledMapWorlds",[],""
2058,"MapNoStrongboxes",[],""
2059,"HealAlliesOnDeath",[6],""
2060,"ShocksReflectToSelf",[5],""
2061,"DamageIncreaseWhileShocked",[5],""
2062,"MovementVelocityWhileShocked",[5],""
2063,"SelfShockDuration",[5],""
2064,"DamagePercentageWhenOnLowLife",[6],""
2065,"SocketedGemsSupportedByCastOnDeath",[5],""
2066,"MonsterBloodlinesSharedEnduranceCharge",[],""
2067,"MonsterBloodlinesSharedFrenzyCharge",[],""
2068,"MonsterBloodlinesSharedPowerCharge",[],""
2069,"MonsterBloodlinesBurningAura",[],""
2070,"MonsterBloodlinesChillingAura",[],""
2071,"MonsterBloodlinesShockingAura",[],""
2072,"DamageOnBlindedEnemies",[5],""
2073,"SmokeCloudWhenHit",[7],""
2074,"MonsterBloodlinesFirestorm",[],""
2075,"HiddenCantBeDamagedOrStunned",[],""
2076,"MonsterBloodlinesGhostTotem",[],""
2077,"TormentTouchedMonsterExperimenter",[],""
2078,"TormentHauntedMonsterExperimenter",[],""
2079,"TormentSpiritBlasphemerDaemon",[],""
2080,"TormentTouchedMonsterBlasphemer",[],""
2081,"TormentHauntedMonsterBlasphemer",[],""
2082,"TormentSpiritRagingSpiritsDaemon",[],""
2083,"TormentTouchedMonsterNecromancer",[],""
2084,"WbSummonSkeletonOnDeath",[],""
2085,"TormentSpiritNecromancerDaemon",[],""
2086,"TormentSpiritArsonTrail",[],""
2087,"TormentTouchedMonsterArsonist",[],""
2088,"TormentHauntedMonsterArsonist",[],""
2089,"TormentSpiritPoisonDaemon",[],""
2090,"TormentTouchedMonsterPoisoner",[],""
2091,"TormentHauntedMonsterPoisoner",[],""
2092,"TormentSpiritCorrupterDaemon",[],""
2093,"TormentTouchedMonsterCorrupter",[],""
2094,"TormentHauntedMonsterCorrupter",[],""
2095,"TormentSpiritCharlatanRegenerationAura",[],""
2096,"TormentSpiritCharlatanDegenerationAura",[],""
2097,"TormentHauntedMonsterCharlatan",[],""
2098,"TormentSpiritThug",[],""
2099,"TormentMonsterHauntedThug",[],""
2100,"TormentSpiritRogue",[],""
2101,"TormentMonsterTouchedRogue",[],""
2102,"TormentMonsterHauntedRogue",[],""
2103,"TormentFisherman",[],""
2104,"TormentSpiritLibrarian",[],""
2105,"TormentTouchedMonsterLibrarian",[],""
2106,"TormentHauntedMonsterLibrarian",[],""
2107,"TormentSpiritCutthroat",[],""
2108,"TormentTouchedMonsterCutthroat",[],""
2109,"TormentHauntedMonsterCutthroat",[],""
2110,"TormentHasteAura",[],""
2111,"TormentSpiritThief",[],""
2112,"TormentTouchedMonsterThief",[],""
2113,"TormentHauntedMonsterThief",[],""
2114,"TormentSpiritSpy",[],""
2115,"TormentTouchedMonsterSpy",[],""
2116,"TormentHauntedMonsterSpy",[],""
2117,"TormentSpiritCannibal",[],""
2118,"TormentTouchedMonsterCannibal",[],""
2119,"TormentHauntedMonsterCannibal",[],""
2120,"TormentSpiritMutilator",[],""
2121,"TormentTouchedMonsterMutilator",[],""
2122,"TormentHauntedMonsterMutilator",[],""
2123,"TormentSpiritEmbezzler",[],""
2124,"TormentTouchedMonsterEmbezzler",[],""
2125,"TormentHauntedMonsterEmbezzler",[],""
2126,"TormentEmbezzlerStatueMelee",[],""
2127,"TormentEmbezzlerStatueRanged",[],""
2128,"TormentSpiritMartyr",[],""
2129,"TormentTouchedMonsterMartyr",[],""
2130,"TormentHauntedMonsterMartyr",[],""
2131,"TormentSpiritCounterfeiter",[],""
2132,"TormentTouchedMonsterCounterfeiter",[],""
2133,"TormentHauntedMonsterCounterfeiter",[],""
2134,"TormentSpiritWarlord",[],""
2135,"TormentTouchedMonsterWarlord",[],""
2136,"TormentHauntedMonsterWarlord",[],""
2137,"TormentSpiritFreezer",[],""
2138,"TormentTouchedMonsterFreezer",[],""
2139,"TormentHauntedMonsterFreezer",[],""
2140,"TormentSpiritSmuggler",[],""
2141,"TormentTouchedMonsterSmuggler",[],""
2142,"TormentHauntedMonsterSmuggler",[],""
2143,"TormentSpiritShavronne",[],""
2144,"TormentTouchedMonsterShavronne",[],""
2145,"TormentSpiritBootlegger",[],""
2146,"TormentTouchedMonsterBootlegger",[],""
2147,"TormentHauntedMonsterBootlegger",[],""
2148,"TormentSpiritBuccaneer",[],""
2149,"TormentTouchedMonsterBuccaneer",[],""
2150,"TormentHauntedMonsterBuccaneer",[],""
2151,"TormentSpiritMiner",[],""
2152,"TormentTouchedMonsterMiner",[],""
2153,"TormentHauntedMonsterMiner",[],""
2154,"ProphecyDaemon",[],""
2155,"MonsterBloodlinesSpiritWalkers",[],""
2156,"MapSpawnTormentedSpirits",[],""
2157,"MapTormentLeagueCrafted",[],""
2158,"MapTormentLeagueMemoryLine",[],""
2159,"MonsterBloodlinesGuardian",[],""
2160,"MonsterBloodlinesUnholyMight",[],""
2161,"ItemDropsOnGuardianDeath",[4],""
2162,"LightRadiusScalesWithEnergyShield",[4],""
2163,"MonsterBloodlinesPhylacteralLink",[],""
2164,"MonsterBloodlinesDropRareItem",[],""
2165,"IncreasedWeaponElementalDamageDuringFlask",[6],""
2166,"MonsterBloodlinesCorruptedBlood",[],""
2167,"MonsterBloodlinesVoidspawn",[],""
2168,"TormentSpiritDropsIncrease",[],""
2169,"CantTouchThis",[],""
2170,"CantPossessThis",[],""
2171,"TormentTouched",[],""
2172,"TormentTouchedEffect",[],""
2173,"TormentPossessed",[],""
2174,"TormentPossessedEffect",[],""
2175,"TormentTouchedDropsIncrease",[],""
2176,"ReducedCriticalStrikeDamageTaken",[7],""
2177,"TormentSpiritPhasing",[],""
2178,"IncreasedDamageToShockedTargets",[5],""
2179,"LeechLifeVsShockedEnemies",[5],""
2180,"LeechLifePermyriadVsShockedEnemies",[5],""
2181,"AddedPhysicalDamageOnFrozenEnemies",[5],""
2182,"ReducedChillDurationOnSelf",[5],""
2183,"LifeGainOnHitVsIgnitedEnemies",[5],""
2184,"SocketedRedGemsHaveAddedFireDamage",[6],""
2185,"SocketedMeleeGemsHaveIncreasedAoE",[6],""
2186,"PhysicalDamageConvertedToFireVsBurningEnemy",[6],""
2187,"PhysicalTakenAsColdFlask",[7],""
2188,"PhysicalAddedAsColdFlask",[7],""
2189,"FlaskPhysicalDamageTakenDuringFlaskEffect",[],""
2190,"FlaskElementalDamageTakenDuringFlaskEffect",[],""
2191,"FlaskDamageTakenDuringFlaskEffect",[],""
2192,"AvoidChillFlask",[4],""
2193,"AvoidFreezeFlask",[5],""
2194,"FireDamageTakenCausesExtraPhysicalDamage",[4],""
2195,"IncreasedBlockChance",[5],""
2196,"TemporalChainsEffectivenessOnSelf",[5],""
2197,"UnaffectedByTemporalChains",[5],""
2198,"ChillEffectivenessOnSelf",[5],""
2199,"PhysicalDamageOnSkillUse",[7],""
2200,"ReducedEnemyBlockChance",[5],""
2201,"GlobalFlaskChargeWhenCrit",[4],""
2202,"DegenDamageTaken",[5],""
2203,"AvoidKnockback",[4],""
2204,"AvoidStun",[4],""
2205,"AvoidFreeze",[5],""
2206,"AvoidFreezeAndChill",[5],""
2207,"AvoidChill",[5],""
2208,"AvoidShock",[5],""
2209,"MaxModRequiredLevelOverride",[],""
2210,"MonsterDropAdditionalRareItems",[],""
2211,"MapBrutal",[],""
2212,"SqueakingWhenTakingFireDamage",[],""
2213,"AddedFireDamageVsIgnitedEnemies",[6],""
2214,"MirrorArrowEnergyShield",[],""
2215,"MapDebugCrashInstance",[],""
2216,"MapDebugPauseInstance",[],""
2217,"CastSocketedMinionSpellsOnKill",[8],""
2218,"IncreasedMinionDamagePerDexterity",[6],""
2219,"CastSocketedSpellsOnShockedEnemyKill",[8],""
2220,"MaxPowerChargesIsZero",[4],""
2221,"IncreasedDamagePerCurse",[6],""
2222,"StealChargesOnHitPercent",[6],""
2223,"ElementalPenetrationPerFrenzyCharge",[5],""
2224,"IncreasedPhysicalDamagePerEnduranceCharge",[5],""
2225,"DamageVsFullLifePerPowerCharge",[5],""
2226,"DamageVsLowLivePerPowerCharge",[5],""
2227,"ChargeDuration",[5],""
2228,"PercentageIntelligence",[6],""
2229,"PercentageIntelligenceMaven",[6],""
2230,"ElementalStatusAilmentDuration",[6],""
2231,"MaximumLightningResistance",[6],""
2232,"MaximumChaosResistance",[6],""
2233,"MapDisplayGrandmasters",[8],""
2234,"CanOnlyKillFrozenEnemies",[4],""
2235,"ChestExtraVaalFragments",[],""
2236,"ChestSameBaseTypeRares",[],""
2237,"ElementalPenetration",[5],""
2238,"IgniteArtVariation",[],""
2239,"SelfPhysicalDamageOnMinionDeath",[4],""
2240,"SelfPhysicalDamageOnMinionDeathPerES",[4],""
2241,"MinionAreaOfEffect",[6],""
2242,"DealNoPhysicalDamage",[4],""
2243,"DealNoNonPhysicalDamage",[6],""
2244,"RangedAttacksConsumeAmmo",[5],""
2245,"AdditionalProjectilesAfterAmmoConsumed",[5],""
2246,"LifeLeechFromAttacksAgainstChilledEnemies",[5],""
2247,"LifeLeechPermyriadFromAttacksAgainstChilledEnemies",[5],""
2248,"LifeLeechFromAttacksPermyriad",[5],""
2249,"FasterBurnFromAttacksEnemies",[5],""
2250,"DisplaySocketedGemsNova",[5],""
2251,"DisplaySocketedSpellsNova",[5],""
2252,"DisplaySocketedGemAdditionalProjectiles",[5],""
2253,"DisplaySocketedSpellsAdditionalProjectiles",[5],""
2254,"DisplaySocketedGemReducedDuration",[5],""
2255,"DisplaySocketedGemGenerosity",[5],""
2256,"ChaosDamagePoisons",[6],""
2257,"ChaosDamageChanceToPoison",[6],""
2258,"IncreasedElementalDamagePerFrenzyCharge",[5],""
2259,"MinesMultipleDetonation",[7],""
2260,"GainOnslaughtOnCull",[6],""
2261,"CannotBeChilledDuringOnslaught",[5],""
2262,"CannotBeAffectedByOnslaught",[],""
2263,"MineLayingSpeed",[5],""
2264,"MineArmingSpeed",[5],""
2265,"LessMineDamage",[5],""
2266,"SupportedByRemoteMineLevel",[5],""
2267,"ColdWeaponDamage",[5],""
2268,"AddedLightningDamageWhileUnarmed",[6],""
2269,"AddedLightningDamagetoSpellsWhileUnarmed",[6],""
2270,"GainEnergyShieldOnKillShockedEnemy",[4],""
2271,"ShapersSeedAura",[7],""
2272,"BarrelOfSpidersDaemon",[],""
2273,"WeylamsWarChestDaemon",[],""
2274,"UniqueDivStrongboxDaemon",[],""
2275,"CannotKnockBack",[4],""
2276,"ChillOnAttackStun",[6],""
2277,"DisplayLifeRegenerationAura",[],""
2278,"DisplayManaRegenerationAua",[],""
2279,"IncreasedRarityWhenSlayingFrozen",[5],""
2280,"ActionSpeedReduction",[],""
2281,"LocalSixLinkedSockets",[5],""
2282,"IgnitesReflectedToSelf",[5],""
2283,"AvoidFreezeChillIgniteWhileOnslaught",[5],""
2284,"SwordPhysicalDamageToAddAsFire",[5],""
2285,"GainOnslaughtWhenIgnited",[5],""
2286,"BlindNearbyEnemiesWhenIgnited",[5],""
2287,"CannotBeBuffedByAlliedAuras",[5],""
2288,"AurasCannotBuffAllies",[4],""
2289,"IncreasedBuffEffectiveness",[6],""
2290,"CorpseCannotBeDestroyed",[],""
2291,"MapWeather",[],""
2292,"MapWeatherCrafted",[],""
2293,"EnemyKnockbackDirectionReversed",[7],""
2294,"DisplaySupportedByKnockback",[5],""
2295,"LifeRegenPerMinutePerEnduranceCharge",[5],""
2296,"MapEclipseNonUniqueEquipmentsDropsAsSellPrice",[],""
2297,"MapEclipseItemsDropCorrupted",[],""
2298,"MapEclipseWeaponsDropAnimated",[],""
2299,"MapEclipseItemsHaveRandomQuality",[],""
2300,"MonstersFleeOnFlaskUse",[4],""
2301,"PhysicalDamageOnFlaskUse",[6],""
2302,"KnockbackOnFlaskUse",[6],""
2303,"LifeAndManaOnHit",[4],""
2304,"LifeAndManaOnHitLocal",[4],""
2305,"LifeAndManaOnHitSeparatedLocal",[4],""
2306,"LifeAndManaLeechLocal",[4],""
2307,"PassiveJewelTest",[4],""
2308,"LocalIncreaseSocketedDexterityGemLevel",[7],""
2309,"IcestormActiveSkill",[7],""
2310,"PowerChargeOnMeleeStun",[6],""
2311,"UnholyMightOnMeleeCrit",[7],""
2312,"AvoidElementalStatusAilments",[6],""
2313,"AvoidStunAndElementalStatusAilments",[6],""
2314,"AvoidElementalStatusAilmentsAndBleed",[],""
2315,"BaseManaRegeneration",[1],""
2316,"ProjectilesAlwaysPierceYou",[4],""
2317,"IronWill",[8],""
2318,"DisplayGluttonyOfElements",[8],""
2319,"DisplaySupportedByPierce",[5],""
2320,"LifeRegenPerBuff",[7],""
2321,"IncreasedDamageWithFireSkills",[1],""
2322,"IncreasedDamageWithColdSkills",[1],""
2323,"IncreasedDamageWithLightningSkills",[1],""
2324,"IncreasedCastSpeedWithFireSpells",[1],""
2325,"IncreasedCastSpeedWithColdSpells",[1],""
2326,"IncreasedCastSpeedWithLightningSpells",[1],""
2327,"IncreasedPhysicalMaceDamageForJewel",[0],""
2328,"IncreasedPhysicalAxeDamageForJewel",[0],""
2329,"IncreasedPhysicalSwordDamageForJewel",[0],""
2330,"IncreasedPhysicalBowDamageForJewel",[0],""
2331,"IncreasedPhysicalClawDamageForJewel",[0],""
2332,"IncreasedPhysicalDaggerDamageForJewel",[0],""
2333,"IncreasedPhysicalWandDamageForJewel",[0],""
2334,"IncreasedPhysicalStaffDamageForJewel",[0],""
2335,"IncreasedMaceDamageForJewel",[0],""
2336,"IncreasedAxeDamageForJewel",[0],""
2337,"IncreasedSwordDamageForJewel",[0],""
2338,"IncreasedBowDamageForJewel",[0],""
2339,"IncreasedClawDamageForJewel",[0],""
2340,"IncreasedDaggerDamageForJewel",[0],""
2341,"IncreasedWandDamageForJewel",[0],""
2342,"IncreasedStaffDamageForJewel",[0],""
2343,"IncreasedOneHandedMeleeDamageForJewel",[1],""
2344,"IncreasedTwoHandedMeleeDamageForJewel",[1],""
2345,"IncreasedDualWieldlingDamageForJewel",[1],""
2346,"IncreasedUnarmedDamageForJewel",[1],""
2347,"MeleeDamageForJewel",[2],""
2348,"ProjectileDamageForJewel",[2],""
2349,"SpellDamageForJewel",[2],""
2350,"StaffSpellDamageForJewel",[0],""
2351,"DualWieldingSpellDamageForJewel",[0],""
2352,"ShieldSpellDamageForJewel",[0],""
2353,"TrapDamageForJewel",[0],""
2354,"MineDamageForJewel",[0],""
2355,"DamageForJewel",[2],""
2356,"MinionDamageForJewel",[0],""
2357,"FireDamageForJewel",[1],""
2358,"ColdDamageForJewel",[1],""
2359,"LightningDamageForJewel",[1],""
2360,"PhysicalDamageForJewel",[1],""
2361,"DamageOverTimeForJewel",[1],""
2362,"ChaosDamageForJewel",[4],""
2363,"AreaDamageForJewel",[4],""
2364,"MaceAttackSpeedForJewel",[0],""
2365,"AxeAttackSpeedForJewel",[0],""
2366,"SwordAttackSpeedForJewel",[0],""
2367,"BowAttackSpeedForJewel",[0],""
2368,"ClawAttackSpeedForJewel",[0],""
2369,"DaggerAttackSpeedForJewel",[0],""
2370,"WandAttackSpeedForJewel",[0],""
2371,"StaffAttackSpeedForJewel",[0],""
2372,"OneHandedMeleeAttackSpeedForJewel",[1],""
2373,"TwoHandedMeleeAttackSpeedForJewel",[1],""
2374,"AttackSpeedWhileDualWieldingForJewel",[1],""
2375,"CastSpeedWhileDualWieldingForJewel",[1],""
2376,"AttackSpeedWithAShieldForJewel",[1],""
2377,"CastSpeedWithAShieldForJewel",[1],""
2378,"CastSpeedWithAStaffForJewel",[0],""
2379,"AttackSpeedWhileUnarmedForJewel",[0],""
2380,"PhysicalDamageWhileHoldingAShieldForJewel",[1],""
2381,"DamageWhileHoldingAShieldForJewel",[1],""
2382,"TrapThrowSpeedForJewel",[4],""
2383,"MineLaySpeedForJewel",[4],""
2384,"IncreasedAttackSpeedForJewel",[2],""
2385,"IncreasedProjectileSpeedForJewel",[1],""
2386,"IncreasedCastSpeedForJewel",[2],""
2387,"AttackAndCastSpeedForJewel",[3],""
2388,"FireGemCastSpeedForJewel",[1],""
2389,"ColdGemCastSpeedForJewel",[1],""
2390,"LightningGemCastSpeedForJewel",[1],""
2391,"ChaosGemCastSpeedForJewel",[4],""
2392,"CurseCastSpeedForJewel",[4],""
2393,"FireResistanceForJewel",[0],""
2394,"ColdResistanceForJewel",[0],""
2395,"LightningResistanceForJewel",[0],""
2396,"FireColdResistanceForJewel",[1],""
2397,"FireLightningResistanceForJewel",[1],""
2398,"ColdLightningResistanceForJewel",[1],""
2399,"AllResistancesForJewel",[2],""
2400,"ChaosResistanceForJewel",[4],""
2401,"MaximumFireResistanceForJewel",[4],""
2402,"MaximumColdResistanceForJewel",[4],""
2403,"MaximumLightningResistanceForJewel",[4],""
2404,"StunDurationForJewel",[0],""
2405,"StunRecoveryForJewel",[0],""
2406,"ExperienceGainForJewel",[3],""
2407,"AuraEffectForJewel",[5],""
2408,"ReducedManaReservationForJewel",[5],""
2409,"ReducedReservationForJewel",[5],""
2410,"ReservationEfficiencyForJewel",[5],""
2411,"ManaCostReductionForJewel",[4],""
2412,"FasterAilmentDamageForJewel",[4],""
2413,"FasterAilmentDamage",[4],""
2414,"AuraRadiusForJewel",[4],""
2415,"CurseRadiusForJewel",[4],""
2416,"CurseEffectivenessForJewel",[5],""
2417,"CurseEffectiveness",[5],""
2418,"StrengthForJewel",[0],""
2419,"DexterityForJewel",[0],""
2420,"IntelligenceForJewel",[0],""
2421,"StrengthDexterityForJewel",[1],""
2422,"StrengthIntelligenceForJewel",[1],""
2423,"DexterityIntelligenceForJewel",[1],""
2424,"AllAttributesForJewel",[2],""
2425,"LifeGainPerTargetForJewel",[1],""
2426,"ManaGainPerTargetForJewel",[1],""
2427,"EnergyShieldGainPerTargetForJewel",[1],""
2428,"LifeRecoupForJewel",[2],""
2429,"IncreasedArmourForJewel",[0],""
2430,"IncreasedEvasionForJewel",[0],""
2431,"ArmourEvasionForJewel",[1],""
2432,"ArmourEnergyShieldForJewel",[1],""
2433,"EvasionEnergyShieldForJewel",[1],""
2434,"IncreasedDefensesForJewel",[2],""
2435,"ItemRarityForJewel",[5],""
2436,"IncreasedLifeForJewel",[2],""
2437,"PercentIncreasedLifeForJewel",[4],""
2438,"IncreasedLifeRegenForJewel",[0],""
2439,"IncreasedManaForJewel",[1],""
2440,"PercentIncreasedManaForJewel",[1],""
2441,"IncreasedManaRegenForJewel",[1],""
2442,"IncreasedEnergyShieldForJewel",[2],""
2443,"EnergyShieldForJewel",[4],""
2444,"LifeAndManaForJewel",[2],""
2445,"PercentageLifeAndManaForJewel",[4],""
2446,"PercentageLifeAndMana",[2],""
2447,"LifeAndEnergyShieldForJewel",[4],""
2448,"EnergyShieldAndManaForJewel",[4],""
2449,"IncreasedAccuracyForJewel",[0],""
2450,"IncreasedAccuracyPercentForJewel",[0],""
2451,"AccuracyAndCritsForJewel",[1],""
2452,"CritChanceForJewel",[1],""
2453,"CritMultiplierForJewel",[4],""
2454,"CritChanceWithMaceForJewel",[0],""
2455,"CritChanceWithAxeForJewel",[0],""
2456,"CritChanceWithSwordForJewel",[0],""
2457,"CritChanceWithBowForJewel",[0],""
2458,"CritChanceWithClawForJewel",[0],""
2459,"CritChanceWithDaggerForJewel",[0],""
2460,"CritChanceWithWandForJewel",[0],""
2461,"CritChanceWithStaffForJewel",[0],""
2462,"CritMultiplierWithMaceForJewel",[1],""
2463,"CritMultiplierWithAxeForJewel",[1],""
2464,"CritMultiplierWithSwordForJewel",[1],""
2465,"CritMultiplierWithBowForJewel",[1],""
2466,"CritMultiplierWithClawForJewel",[1],""
2467,"CritMultiplierWithDaggerForJewel",[1],""
2468,"CritMultiplierWithWandForJewel",[1],""
2469,"CritMultiplierWithStaffForJewel",[1],""
2470,"OneHandedCritChanceForJewel",[1],""
2471,"TwoHandedCritChanceForJewel",[1],""
2472,"DualWieldingCritChanceForJewel",[1],""
2473,"ShieldCritChanceForJewel",[1],""
2474,"MeleeCritChanceForJewel",[2],""
2475,"SpellCritChanceForJewel",[2],""
2476,"TrapCritChanceForJewel",[1],""
2477,"MineCritChanceForJewel",[1],""
2478,"FireCritChanceForJewel",[1],""
2479,"ColdCritChanceForJewel",[1],""
2480,"LightningCritChanceForJewel",[1],""
2481,"ElementalCritChanceForJewel",[2],""
2482,"ChaosCritChanceForJewel",[4],""
2483,"OneHandCritMultiplierForJewel",[2],""
2484,"TwoHandCritMultiplierForJewel",[2],""
2485,"DualWieldingCritMultiplierForJewel",[2],""
2486,"ShieldCritMultiplierForJewel",[2],""
2487,"MeleeCritMultiplierForJewel",[3],""
2488,"SpellCritMultiplierForJewel",[3],""
2489,"TrapCritMultiplierForJewel",[2],""
2490,"MineCritMultiplierForJewel",[2],""
2491,"FireCritMultiplierForJewel",[2],""
2492,"ColdCritMultiplierForJewel",[2],""
2493,"LightningCritMultiplierForJewel",[2],""
2494,"ElementalCritMultiplierForJewel",[3],""
2495,"ChaosCritMultiplierForJewel",[4],""
2496,"AvoidStatusEffectsForJewel",[5],""
2497,"AvoidIgniteForJewel",[4],""
2498,"AvoidShockForJewel",[4],""
2499,"AvoidFreezeForJewel",[4],""
2500,"AvoidChillForJewel",[4],""
2501,"AvoidStunForJewel",[4],""
2502,"ChanceToFreezeForJewel",[6],""
2503,"ChanceToIgniteForJewel",[6],""
2504,"ChanceToShockForJewel",[6],""
2505,"EnduranceChargeDurationForJewel",[5],""
2506,"FrenzyChargeDurationForJewel",[5],""
2507,"PowerChargeDurationForJewel",[5],""
2508,"KnockbackChanceForJewel",[0],""
2509,"BlockForJewel",[5],""
2510,"BlockDualWieldingForJewel",[4],""
2511,"BlockShieldForJewel",[4],""
2512,"BlockStaffForJewel",[4],""
2513,"BlockToSpellBlockForJewel",[5],""
2514,"DualWieldingSpellBlockForJewel",[5],""
2515,"ShieldSpellBlockForJewel",[5],""
2516,"StaffSpellBlockForJewel",[5],""
2517,"FreezeDurationForJewel",[2],""
2518,"ShockDurationForJewel",[2],""
2519,"BurnDurationForJewel",[2],""
2520,"ChillAndShockEffectOnYouJewel",[4],""
2521,"CurseEffectOnYouJewel",[4],""
2522,"FreezeChanceAndDurationForJewel",[4],""
2523,"ShockChanceAndDurationForJewel",[4],""
2524,"IgniteChanceAndDurationForJewel",[4],""
2525,"PoisonChanceAndDurationForJewel",[4],""
2526,"BleedChanceAndDurationForJewel",[4],""
2527,"ImpaleChanceForJewel",[4],""
2528,"PoisonDamageForJewel",[2],""
2529,"BleedDamageForJewel",[2],""
2530,"BurningDamageForJewel",[2],""
2531,"EnergyShieldDelayForJewel",[4],""
2532,"EnergyShieldRechargeRateForJewel",[4],""
2533,"MinionBlockForJewel",[4],""
2534,"MinionLifeForJewel",[2],""
2535,"MinionElementalResistancesForJewel",[2],""
2536,"MinionAccuracyRatingForJewel",[2],""
2537,"MinionAccuracyRatingFlat",[2],""
2538,"TotemLifeForJewel",[2],""
2539,"TotemDamageForJewel",[2],""
2540,"TotemElementalResistancesForJewel",[2],""
2541,"TotemElementalResistances",[2],""
2542,"MapWbCrafted",[],""
2543,"BlackguardZombieSpeedStance",[],""
2544,"JewelStrToDex",[6],""
2545,"JewelDexToInt",[6],""
2546,"JewelIntToStr",[6],""
2547,"JewelStrToInt",[6],""
2548,"CycloneExtraDistance",[],""
2549,"AoEKnockBackOnFlaskUse",[4],""
2550,"AttacksCostNoMana",[7],""
2551,"NoManaLeechOrRegen",[4],""
2552,"ResoluteTechnique",[8],""
2553,"TauntImmunityDuration",[4],""
2554,"TauntImmunity",[],""
2555,"JewelUniqueAllocateDisconnectedPassives",[8],""
2556,"AllocateDisconnectedPassivesDonut",[7],""
2557,"JewelRingRadiusValues",[7],""
2558,"LocalChanceToBleed",[5],""
2559,"ChanceToBleed",[5],""
2560,"ChanceToAggravateBleed",[5],""
2561,"MonsterMaximumLifeIncreasePercentFromRarity",[],""
2562,"PowerChargeOnStun",[6],""
2563,"UnholyMightOnCrit",[6],""
2564,"JewelStealRareMod",[8],""
2565,"UnarmedAreaOfEffect",[7],""
2566,"UniqueJewelMeleeToBow",[7],""
2567,"ChaosDamageIncreasedPerInt",[6],""
2568,"PassivesApplyToMinionsJewel",[8],""
2569,"ExtraCurseThresholdJewel",[8],""
2570,"SpellDamagePerIntelligence",[6],""
2571,"LifeLeechForJewel",[2],""
2572,"LifeLeechPermyriadForJewel",[2],""
2573,"ManaLeechForJewel",[2],""
2574,"ManaLeechPermyriadForJewel",[2],""
2575,"SpellLifeLeechForJewel",[2],""
2576,"SpellLifeLeechPermyriadForJewel",[2],""
2577,"SpellManaLeechForJewel",[2],""
2578,"SpellManaLeechPermyriadForJewel",[2],""
2579,"GrantsCullingStrike",[6],""
2580,"IncreasedItemRarity",[5],""
2581,"LifeOnCorpseRemoval",[7],""
2582,"TotemLifePerStrengthInRadius",[6],""
2583,"TotemsCannotBeStunned",[5],""
2584,"MinionSpellDodgeChance",[7],""
2585,"FireDamagePerBuff",[7],""
2586,"FireSpellDamagePerBuff",[7],""
2587,"MinionLifeRecoveryOnBlock",[6],""
2588,"IncreasedDamageWhileLeechingLife",[6],""
2589,"MovementVelocityWhileIgnited",[6],""
2590,"LifeRegenerationOnFullEnergyShield",[6],""
2591,"ChanceToTakeCriticalStrike",[4],""
2592,"ChanceToTakeCriticalStrikeUpdated",[4],""
2593,"FortifyOnMeleeHit",[8],""
2594,"UnarmedRange",[6],""
2595,"IncreasedDamagePerMagicItem",[7],""
2596,"AdditionalTotemProjectiles",[7],""
2597,"IncreasedSpellDamageOnFullEnergyShield",[7],""
2598,"MonsterCastSpeedFinal",[],""
2599,"UnholyMightOnMeleeKill",[7],""
2600,"SpellDamageWithNoManaReserved",[7],""
2601,"DamageWhileDead",[5],""
2602,"VaalSkillDamage",[6],""
2603,"ChaosDamagePerCorruptedItem",[6],""
2604,"LifeLeechRatePerCorruptedItem",[6],""
2605,"ManaLeechRatePerCorrupteditem",[6],""
2606,"ImmuneToSilence",[4],""
2607,"SpellDamageWhileNotOnLowMana",[6],""
2608,"ReducedManaCostWhileNotOnLowMana",[6],""
2609,"AllAttributesPerAssignedKeystone",[8],""
2610,"LifeOnHitPerStatusAilmentOnEnemy",[6],""
2611,"LifeOnSpellHitPerStatusAilmentOnEnemy",[6],""
2612,"JewelIntToDex",[6],""
2613,"JewelDexToStr",[6],""
2614,"LocalItemLimit",[4],""
2615,"IntelligencePerUnassignedPassive",[8],""
2616,"PhysicalAddedAsChaosThreshold",[7],""
2617,"LifeRecoveryRateThreshold",[7],""
2618,"DisplayGrantsCullingStrike",[9],""
2619,"DisplayIncreasedItemRarity",[],""
2620,"DisplayGrantsCriticalStrikeMultiplier",[],""
2621,"DisplayGrantsFortify",[],""
2622,"AdditionalVaalSoulOnKill",[6],""
2623,"VaalSkillDuration",[6],""
2624,"VaalSkillRefundChance",[6],""
2625,"VaalSkillCriticalStrikeChance",[6],""
2626,"VaalSkillCriticalStrikeMultiplier",[6],""
2627,"AttackDamage",[6],""
2628,"MonsterAttackDamageFinal",[],""
2629,"FlaskEffect",[5],""
2630,"MagicUtilityFlaskEffect",[5],""
2631,"FlaskChargesUnique",[5],""
2632,"IncreasedFlaskChargesGained",[0],""
2633,"MonsterDoNotFracture",[],""
2634,"ManaCostOfTotemAuras",[],""
2635,"AdditionalVaalSoulOnShatter",[6],""
2636,"IncreasedCorruptedGemExperience",[6],""
2637,"CorruptThresholdSoulEaterOnVaalSkillUse",[7],""
2638,"CorruptThresholdPhysBypassesES",[7],""
2639,"CorruptThresholdLifeLeechUsesChaosDamage",[7],""
2640,"ManaGainedOnKillPercentage",[5],""
2641,"LifeLostOnKillPercentage",[5],""
2642,"EnergyShieldLostOnKillPercentage",[5],""
2643,"PunishmentSelfCurseOnKill",[5],""
2644,"DamageTakenOnFullES",[5],""
2645,"DamageTakenOnFullLife",[],""
2646,"PantheonPowersDisabled",[],""
2647,"MonsterThornsPhysical",[],""
2648,"MonsterThornsElemental",[],""
2649,"ConvertLightningToCold",[7],""
2650,"SpellChanceToShockFrozenEnemies",[5],""
2651,"ClawPhysDamageAndEvasionPerDex",[6],""
2652,"ColdAndPhysicalNodesInRadiusSwapProperties",[6],""
2653,"AllDamageInRadiusBecomesFire",[7],""
2654,"EnergyShieldInRadiusIncreasesArmourDoubled",[7],""
2655,"EnergyShieldInRadiusIncreasesArmour",[7],""
2656,"LifeInRadiusBecomesManaDoubled",[6],""
2657,"LifeInRadiusBecomesEnergyShield",[7],""
2658,"LifeInRadiusBecomesEnergyShieldAtHalfValue",[7],""
2659,"LifePerIntelligenceInRadus",[6],""
2660,"AddedLightningDamagePerDexInRadius",[6],""
2661,"LifePassivesBecomeManaPassivesInRadius",[6],""
2662,"DexterityAndIntelligenceGiveStrengthMeleeBonusInRadius",[6],""
2663,"MonsterDamageVersusMinions",[],""
2664,"LifeGainOnEnduranceChargeConsumption",[5],""
2665,"SummonTotemCastSpeed",[5],""
2666,"TotemDuration",[],""
2667,"TalkingSwordUniqueOneHandSword10",[],""
2668,"TalkingSwordUniqueOneHandSword26",[],""
2669,"AttackDamageAgainstBleeding",[6],""
2670,"FlammabilityOnHit",[6],""
2671,"FlammabilityOnHitLevel",[3],""
2672,"FrostbiteOnHitLevel",[3],""
2673,"FrostbiteOnHit",[],""
2674,"ConductivityOnHitLevel",[3],""
2675,"CurseOnHitConductivityChance",[],""
2676,"ConvertPhysicalToLightning",[7],""
2677,"ConvertPhysicalToLightningMaven",[7],""
2678,"ConvertPhysicalToLightningVeiledFamilyRestriction",[2],""
2679,"ConvertPhysicalToLightningImplicit",[7],""
2680,"LightningWarpSkill",[6],""
2681,"PhysicalAddedAsCold",[7],""
2682,"PhysicalAddedAsLightning",[7],""
2683,"PhysicalAddedAsFire",[7],""
2684,"PhysicalAddedAndConvertedToCold",[],""
2685,"PhysicalAddedAndConvertedToLightning",[],""
2686,"PhysicalAddedAndConvertedToFire",[],""
2687,"MeleeDamageAgainstBleeding",[6],""
2688,"MonsterNoMapDrops",[],""
2689,"MapMonsterNoMapDrops",[],""
2690,"SpellAddedFireDamage",[1],""
2691,"SpellAddedFireDamageTwoHand",[1],""
2692,"SpellAddedColdDamage",[1],""
2693,"SpellAddedColdDamageTwoHand",[1],""
2694,"SpellAddedLightningDamage",[1],""
2695,"SpellAddedLightningDamageTwoHand",[1],""
2696,"SpellAddedPhysicalDamage",[2],""
2697,"SpellAddedFireDamageUber",[2],""
2698,"SpellAddedColdDamageUber",[2],""
2699,"SpellAddedLightningDamageUber",[2],""
2700,"IncreasedDamagePerCurseOnSelf",[5],""
2701,"SpellAddedFireDamageHybrid",[1],""
2702,"SpellAddedColdDamageHybrid",[1],""
2703,"SpellAddedLightningDamageHybrid",[1],""
2704,"SpellAddedChaosDamageHybrid",[1],""
2705,"SpellAddedPhysicalDamageHybrid",[1],""
2706,"SpellAddedFireDamagePenetrationHybrid",[2],""
2707,"SpellAddedColdDamagePenetrationHybrid",[2],""
2708,"SpellAddedLightningDamagePenetrationHybrid",[2],""
2709,"GladiatorBossEliteSharingEnduranceCharges",[],""
2710,"GladiatorBossEliteGainFrenzyChargeOnHit",[],""
2711,"GladiatorBossEliteGetEnduranceChargeOnHit",[],""
2712,"MapEclipseSummonExplodingBuffStorms",[],""
2713,"MapTempestSummonStorms",[],""
2714,"MapEclipseSummonRunicCircles",[],""
2715,"MapWarbands",[],""
2716,"MapTempestTotems",[],""
2717,"MapTempestDeviance",[],""
2718,"MapTempestFire",[],""
2719,"MapTempestCold",[],""
2720,"MapTempestLightning",[],""
2721,"MapTempestPoison",[],""
2722,"MapTempestTormentSpirits",[],""
2723,"MapTempestFishing",[],""
2724,"MapTormentSpiritsEverywhere",[],""
2725,"MapTempestStormDuration",[],""
2726,"MapTempestStormDurationAndDelay",[],""
2727,"MapTempestStormDelayAndBuffDuration",[],""
2728,"MapTempestStormAoE",[],""
2729,"MapTempestStormBuffDurationOnLowLife",[],""
2730,"MapTempestMonsterDropsUnique",[],""
2731,"MapTempestMonsterDropsMap",[],""
2732,"MapTempestMonsterDropsVaalFragment",[],""
2733,"MapTempestInvadersEverywhere",[],""
2734,"DamageWithMovementSkills",[5],""
2735,"AttackSpeedWithMovementSkills",[5],""
2736,"LifeGainedOnKillingIgnitedEnemies",[6],""
2737,"DamageTakenFromSkeletons",[4],""
2738,"DamageTakenFromGhosts",[],""
2739,"CannotBeShockedWhileFrozen",[4],""
2740,"LifeLeechPhysicalAgainstBleedingEnemies",[5],""
2741,"AdditionalCurseOnSelf",[4],""
2742,"DoedreCurseZoneAuraVulnerability",[],""
2743,"DoedreCurseZoneAuraTemporalChains",[],""
2744,"DoedreCurseZoneAuraEnfeeble",[],""
2745,"RarityDuringFlaskEffect",[5],""
2746,"DamageDuringFlaskEffect",[5],""
2747,"MapPhylacteralLinkBosses",[],""
2748,"LocalSocketedGolemLevel",[6],""
2749,"DisplaySocketedGemsSupportedByMinionLife",[5],""
2750,"DisplaySocketedGemsSupportedByLesserMultipleProjectiles",[5],""
2751,"DisplaySocketedGemsSupportedByIncreasedMinionDamage",[5],""
2752,"DisplaySocketedGemsSupportedByIncreasedCriticalDamage",[5],""
2753,"DisplaySocketedGemsSupportedByMinionSpeed",[5],""
2754,"LocalSocketedWarcryGemLevel",[6],""
2755,"ManaOnHitVsTauntedEnemy",[5],""
2756,"LifeGainedOnTauntingEnemy",[6],""
2757,"TauntDuration",[4],""
2758,"OnslaughtOnKillingTauntedEnemy",[7],""
2759,"DaressoSwordTrapDaemon",[],""
2760,"TotemAreaOfEffect",[6],""
2761,"LifeLeechFromTotemSkills",[6],""
2762,"AnimateWeaponDuration",[4],""
2763,"NumberOfAdditionalAnimateWeaponCopies",[7],""
2764,"DamageYouReflectGainedAsLife",[8],""
2765,"MapMonsterLifeMerciless",[],""
2766,"ElementalEquilibrium",[8],""
2767,"IronGrip",[7],""
2768,"PointBlank",[7],""
2769,"MonsterPointBlank",[7],""
2770,"ArrowDodging",[7],""
2771,"VaalPact",[7],""
2772,"ElementalOverload",[7],""
2773,"AvatarOfFire",[7],""
2774,"EldritchBattery",[7],""
2775,"ChilledGroundEffectEffectiveness",[7],""
2776,"BurningGroundEffectEffectiveness",[7],""
2777,"ShockedGroundEffectEffectiveness",[7],""
2778,"DesecratedGroundEffectEffectiveness",[6],""
2779,"ChilledGroundEffectEffectivenessMaven",[7],""
2780,"BurningGroundEffectEffectivenessMaven",[7],""
2781,"ShockedGroundEffectEffectivenessMaven",[7],""
2782,"DesecratedGroundEffectEffectivenessMaven",[6],""
2783,"RandomCurseOnHitChance",[6],""
2784,"RandomCurseWhenHitChance",[6],""
2785,"AddedLightningDamageSpellsAndAttacks",[6],""
2786,"AddedFireDamageSpellsAndAttacks",[6],""
2787,"ShockedGroundWhenHit",[7],""
2788,"ShockedGroundWhenHitSkill",[7],""
2789,"ShockedGroundOnHitSkill",[7],""
2790,"MonsterChanceToBeStunned",[],""
2791,"MonsterProjectileSpeedVariation",[],""
2792,"CriticalMultiplierIs100",[4],""
2793,"CanInflictMultipleIgnites",[8],""
2794,"EmberwakeLessBurningDamage",[],""
2795,"EmberwakeLessBurningDamageNew",[],""
2796,"MonsterLessLifeNormalCruel",[],""
2797,"MapIgnition",[],""
2798,"FireResistancePenetration",[6],""
2799,"ColdResistancePenetration",[6],""
2800,"GainPhasingOnVaalSkillUse",[6],""
2801,"MovementSpeedWhilePhased",[5],""
2802,"LifePerRedSocket",[6],""
2803,"EnergyShieldPerBlueSocket",[6],""
2804,"ManaPerGreenSocket",[6],""
2805,"ItemRarityPerWhiteSocket",[],""
2806,"MapMonsterFreezeAndChillAvoidance",[],""
2807,"MapMonsterIgniteAvoidance",[],""
2808,"MapMonsterShockAvoidance",[],""
2809,"MapMonsterAilmentAvoidance",[],""
2810,"MapMonsterCriticalStrikeChance",[],""
2811,"MapMonsterCriticalStrikeMultiplier",[],""
2812,"MapMonsterLifeLeechResistance",[],""
2813,"MapMonsterManaLeechResistance",[],""
2814,"MapBossLife",[],""
2815,"MapBossAreaOfEffect",[],""
2816,"TempestIncreasedExperienceGain",[],""
2817,"MapForceChaosWarband",[],""
2818,"MapForceNoMonstersDebug",[],""
2819,"MapSimulateWarband",[],""
2820,"IncreasedDamageOnZeroEnergyShield",[5],""
2821,"IncreasedArmourOnZeroEnergyShield",[5],""
2822,"UnholyMightOnBlockChance",[7],""
2823,"UnholyMightOnBlockChanceDuration",[7],""
2824,"IncreasedDamageOnBurningGround",[6],""
2825,"LifeRegenerationPercentOnChilledGround",[6],""
2826,"MovementVelocityOnShockedGround",[6],""
2827,"ChaosDamageLifeLeechPermyriad",[6],""
2828,"PhysicalDamageAddedAsChaos",[7],""
2829,"ItemQuantityPerWhiteSocket",[7],""
2830,"ChaosDamageDoesNotBypassESDuringFlaskEffect",[6],""
2831,"RemoveLifeAndAddThatMuchEnergyShieldOnFlaskUse",[6],""
2832,"BallLightningDamage",[4],""
2833,"UniqueAnimateWeapon",[6],""
2834,"UniqueAnimateWeaponAura",[6],""
2835,"DamageTakeFromManaBeforeLifePerPowerCharge",[6],""
2836,"IncreasedManaRegenerationPerPowerCharge",[5],""
2837,"CriticalStrikeChancePerPowerCharge",[4],""
2838,"FortifyNearbyAlliesWithVigilantStrikeJewel",[6],""
2839,"IncreasedFireballRadiusAtLongRangeJewel",[6],""
2840,"AdditionalGlacialCascadeSequenceJewel",[6],""
2841,"AnimateBowsAndWandsJewel",[6],""
2842,"ExtraArrowForSplitArrowJewel",[6],""
2843,"EnchantmentOfTheGraveOnKill",[4],""
2844,"EnchantmentOfFlamesOnHit",[4],""
2845,"EnchantmentOfFrostOnKill",[4],""
2846,"EnchantmentOfBladesOnHit",[4],""
2847,"EnchantmentOfReflectionWhenHit",[4],""
2848,"EnchantmentOfForceOnHit",[4],""
2849,"EnchantmentOfLightWhenCrit",[4],""
2850,"EnchantmentOfThunderOnKill",[4],""
2851,"EnchantmentOfWarOnKill",[4],""
2852,"EnchantmentOfInfernoOnKill",[4],""
2853,"EnchantmentOfWinterWhenHit",[4],""
2854,"EnchantmentOfTempestOnHit",[4],""
2855,"EnchantmentOfFuryOnHit",[4],""
2856,"EnchantmentOfSpiteWhenHit",[4],""
2857,"EnchantmentOfIreWhenHit",[4],""
2858,"LifeAndManaRegenerationWhenHit",[4],""
2859,"EnchantmentManaCostsWhenHit",[4],""
2860,"EnchantmentStunAvoidanceOnKill",[4],""
2861,"EnchantmentSpellDodgeWhenHitBySpells",[4],""
2862,"EnchantmentAttackAndCastSpeedOnKill",[4],""
2863,"EnchantmentColdDamageWhenHit",[4],""
2864,"EnchantmentLightningDamageWhileHaventKilled",[4],""
2865,"EnchantmentLifeAndManaLeechOnKill",[4],""
2866,"EnchantmentAddedFireDamageOnKill",[4],""
2867,"EnchantmentMovementVelocityWhileHaventBeenHit",[4],""
2868,"EnchantmentChanceCauseStatusAilmentsWhileHaventCrit",[4],""
2869,"EnchantmentDodgeChanceWhenCriticallyHit",[4],""
2870,"EnchantmentCriticalChanceWhenNoCrit",[4],""
2871,"EnchantmentElementalPenetrationWhileHaventKilled",[4],""
2872,"EnchantmentAddedChaosDamageWhenCrit",[4],""
2873,"EnchantmentManaRegenerationOnSpellCast",[4],""
2874,"EnchantmentFrostBladesDamage",[4],""
2875,"EnchantmentFrostBladesProjectileSpeed",[4],""
2876,"EnchantmentSummonedRagingSpiritDuration",[4],""
2877,"EnchantmentSummonedRagingSpiritChanceToSpawnAdditionalMinion",[4],""
2878,"EnchantmentDischargeRadius",[4],""
2879,"EnchantmentDischargeChanceToNotConsumeCharges",[4],""
2880,"EnchantmentDischargeActiveSkillBaseRadius",[],""
2881,"EnchantmentAngerReservationCost",[4],""
2882,"EnchantmentAngerManaReservationEfficiency",[4],""
2883,"EnchantmentAngerAuraEffect",[4],""
2884,"EnchantmentLightningTrapAdditionalProjectiles",[4],""
2885,"EnchantmentLightningTrapCooldownSpeed",[4],""
2886,"EnchantmentAbyssalCryDamage",[4],""
2887,"EnchantmentAncestorTotemDamage",[4],""
2888,"EnchantmentAncestorTotemSlamDamage",[4],""
2889,"EnchantmentAncestorTotemSlashDamage",[4],""
2890,"EnchantmentAncestorTotemPlacementSpeed",[4],""
2891,"EnchantmentAncestorTotemElementalResistances",[],""
2892,"EnchantmentAnimateGuardianDamage",[4],""
2893,"EnchantmentAnimateWeaponDamage",[4],""
2894,"EnchantmentArcDamage",[4],""
2895,"EnchantmentArcitcBreathDamage",[4],""
2896,"EnchantmentArmageddonBrandDamage",[4],""
2897,"EnchantmentBaneDamage",[4],""
2898,"EnchantmentBarrageDamage",[4],""
2899,"EnchantmentBearTrapDamage",[4],""
2900,"EnchantmentBladeTrapDamage",[4],""
2901,"EnchantmentBladeVortexDamage",[4],""
2902,"EnchantmentBladefallDamage",[4],""
2903,"EnchantmentBlastRainDamage",[4],""
2904,"EnchantmentBlazingSalvoDamage",[4],""
2905,"EnchantmentBlightDamage",[4],""
2906,"EnchantmentBlinkArrowDamage",[4],""
2907,"EnchantmentBloodreapDamage",[4],""
2908,"EnchantmentBurningArrowDamage",[4],""
2909,"EnchantmentCausticArrowDamage",[4],""
2910,"EnchantmentChargedAttackDamage",[4],""
2911,"EnchantmentChargedDashDamage",[4],""
2912,"EnchantmentCleaveDamage",[4],""
2913,"EnchantmentColdSnapDamage",[4],""
2914,"EnchantmentConsecratedPathDamage",[4],""
2915,"EnchantmentContagionDamage",[4],""
2916,"EnchantmentCorruptingFeverDamage",[4],""
2917,"EnchantmentConversionTrapDamage",[4],""
2918,"EnchantmentCracklingLanceDamage",[4],""
2919,"EnchantmentCycloneDamage",[4],""
2920,"EnchantmentDetonateDeadDamage",[4],""
2921,"EnchantmentDischargeDamage",[4],""
2922,"EnchantmentDivineIreDamage",[4],""
2923,"EnchantmentDoubleSlash",[4],""
2924,"EnchantmentDoubleStrikeDamage",[4],""
2925,"EnchantmentDualStrikeDamage",[4],""
2926,"EnchantmentEarthquakeDamage",[4],""
2927,"EnchantmentElementalHitDamage",[4],""
2928,"EnchantmentEssenceDrainDamage",[4],""
2929,"EnchantmentEtherealKnivesDamage",[4],""
2930,"EnchantmentExplosiveArrowDamage",[4],""
2931,"EnchantmentExplosiveConcoctionDamage",[4],""
2932,"EnchantmentExsanguinateDamage",[4],""
2933,"EnchantmentEyeOfWinterDamage",[4],""
2934,"EnchantmentFireBeamLength",[4],""
2935,"EnchantmentFireNovaMineDamage",[4],""
2936,"EnchantmentFireStormDamage",[4],""
2937,"EnchantmentFireTrapDamage",[4],""
2938,"EnchantmentFireballDamage",[4],""
2939,"EnchantmentFireBeamDamage",[4],""
2940,"EnchantmentFlameDashDamage",[4],""
2941,"EnchantmentFlameSurgeDamage",[4],""
2942,"EnchantmentFlamethrowerTrapDamage",[4],""
2943,"EnchantmentFlameTotemDamage",[4],""
2944,"EnchantmentFlameblastDamage",[4],""
2945,"EnchantmentFlameWallDamage",[4],""
2946,"EnchantmentFlickerStrikeDamage",[4],""
2947,"EnchantmentForbiddenRiteDamage",[4],""
2948,"EnchantmentFreezingPulseDamage",[4],""
2949,"EnchantmentFrenzyDamage",[4],""
2950,"EnchantmentFrostBombDamage",[4],""
2951,"EnchantmentFrostShieldBaseAddedCooldownCount",[4],""
2952,"EnchantmentFrostShieldHealthPerStage",[4],""
2953,"EnchantmentGlacialCascadeDamage",[4],""
2954,"EnchantmentGlacialHammerDamage",[4],""
2955,"EnchantmentGroundSlamDamage",[4],""
2956,"EnchantmentHeavyStrikeDamage",[4],""
2957,"EnchantmentHeraldOfAshDamage",[4],""
2958,"EnchantmentHeraldOfIceDamage",[4],""
2959,"EnchantmentHeraldOfThunderDamage",[4],""
2960,"EnchantmentHexblastDamage",[4],""
2961,"EnchantmentHolyRelicDamage",[4],""
2962,"EnchantmentIceCrashDamage",[4],""
2963,"EnchantmentIceNovaDamage",[4],""
2964,"EnchantmentIceShotDamage",[4],""
2965,"EnchantmentIceSiphonTrapDamage",[4],""
2966,"EnchantmentIceSpearDamage",[4],""
2967,"EnchantmentIceTrapDamage",[4],""
2968,"EnchantmentIncinerateDamage",[4],""
2969,"EnchantmentInfernalBlowDamage",[4],""
2970,"EnchantmentKineticBlastDamage",[4],""
2971,"EnchantmentLancingSteelDamage",[4],""
2972,"EnchantmentLeapSlamDamage",[4],""
2973,"EnchantmentLightningArrowDamage",[4],""
2974,"EnchantmentLightningStrikeDamage",[4],""
2975,"EnchantmentLightningTendrilsDamage",[4],""
2976,"EnchantmentLightningTowerTrapDamage",[4],""
2977,"EnchantmentLightningTrapDamage",[4],""
2978,"EnchantmentLightningWarpDamage",[4],""
2979,"EnchantmentMagmaOrbDamage",[4],""
2980,"EnchantmentManabondDamage",[4],""
2981,"EnchantmentMirrorArrowDamage",[4],""
2982,"EnchantmentMoltenShellDuration",[4],""
2983,"EnchantmentMoltenShellArmour",[4],""
2984,"EnchantmentMoltenStrikeDamage",[4],""
2985,"EnchantmentOrbOfStormsDamage",[4],""
2986,"EnchantmentOrbOfStormsCastSpeed",[4],""
2987,"EnchantmentPhysicalCascadeTrapDamage",[4],""
2988,"EnchantmentPoisonousConcoctionDamage",[4],""
2989,"EnchantmentPowerSiphonDamage",[4],""
2990,"EnchantmentPunctureDamage",[4],""
2991,"EnchantmentPurifyingFlameDamage",[4],""
2992,"EnchantmentRainOfArrowsDamage",[4],""
2993,"EnchantmentRaiseSpectreDamage",[4],""
2994,"EnchantmentRaiseZombieDamage",[4],""
2995,"EnchantmentRallyingCryBuffEffect",[4],""
2996,"EnchantmentRallyingCryBuffEffectOldDivide5",[4],""
2997,"EnchantmentRallyingCryBuffEffectOldDivide3",[4],""
2998,"EnchantmentReaveDamage",[4],""
2999,"EnchantmentReckoningDamage",[4],""
3000,"EnchantmentRighteousFireDamage",[4],""
3001,"EnchantmentRiposteDamage",[4],""
3002,"EnchantmentScourgeArrowDamage",[4],""
3003,"EnchantmentSearingBondDamage",[4],""
3004,"EnchantmentShieldChargeDamage",[4],""
3005,"EnchantmentShockNovaDamage",[4],""
3006,"EnchantmentShrapnelTrapDamage",[4],""
3007,"EnchantmentSunderDamage",[4],""
3008,"EnchantmentShatteringSteelDamage",[4],""
3009,"EnchantmentShockwaveTotemDamage",[4],""
3010,"EnchantmentShrapnelShotDamage",[4],""
3011,"EnchantmentSiegeBallistaDamage",[4],""
3012,"EnchantmentSkeletalChainsDamage",[4],""
3013,"EnchantmentSkeletalChainsCastSpeed",[4],""
3014,"EnchantmentSkeletalChainsAreaOfEffect",[4],""
3015,"EnchantmentSmiteDamage",[4],""
3016,"EnchantmentSoulrendDamage",[4],""
3017,"EnchantmentSparkDamage",[4],""
3018,"EnchantmentSpectralHelixDamage",[4],""
3019,"EnchantmentSpectralShieldThrowDamage",[4],""
3020,"EnchantmentSpectralThrowDamage",[4],""
3021,"EnchantmentSplitArrowDamage",[4],""
3022,"EnchantmentSplittingSteelDamage",[4],""
3023,"EnchantmentStaticStrikeDamage",[4],""
3024,"EnchantmentStormBrandDamage",[4],""
3025,"EnchantmentStormBurstDamage",[4],""
3026,"EnchantmentStormCallDamage",[4],""
3027,"EnchantmentSumonChaosGolemDamage",[4],""
3028,"EnchantmentSummonFlameGolemDamage",[4],""
3029,"EnchantmentSummonIceGolemDamage",[4],""
3030,"EnchantmentSummonLightningGolemDamage",[4],""
3031,"EnchantmentSummonRagingSpiritDamage",[4],""
3032,"EnchantmentSummonSkeletonsDamage",[4],""
3033,"EnchantmentSummonStoneGolemDamage",[4],""
3034,"EnchantmentSweepDamage",[4],""
3035,"EnchantmentTectonicSlamDamage",[4],""
3036,"EnchantmentTempestShieldDamage",[4],""
3037,"EnchantmentTornadoDamage",[4],""
3038,"EnchantmentTornadoShotDamage",[4],""
3039,"EnchantmentToxicRainDamage",[4],""
3040,"EnchantmentVengeanceDamage",[4],""
3041,"EnchantmentVigilantStrikeDamage",[4],""
3042,"EnchantmentViperStrikeDamage",[4],""
3043,"EnchantmentWaveOfConvictionDamage",[4],""
3044,"EnchantmentWhirlingBladesDamage",[4],""
3045,"EnchantmentWildStrikeDamage",[4],""
3046,"EnchantmentWinterOrbDamage",[4],""
3047,"EnchantmentAbsolutionDuration",[4],""
3048,"EnchantmentAbsolutionCastSpeed",[4],""
3049,"EnchantmentAbsolutionMinionAreaOfEffect",[4],""
3050,"EnchantmentAbyssalCryDuration",[4],""
3051,"EnchantmentAnimateGuardianElementalResistances",[4],""
3052,"EnchantmentAnimateWeaponDuration",[4],""
3053,"EnchantmentAnimateWeaponChanceToCreateAdditionalCopy",[4],""
3054,"EnchantmentArcNumOfAdditionalProjectilesInChain",[4],""
3055,"EnchantmentArcShockChance",[4],""
3056,"EnchantmentArcDamagePerChain",[4],""
3057,"EnchantmentArcaneCloakAdditionalManaSpent",[4],""
3058,"EnchantmentArcaneCloakGrantsLifeRegeneration",[4],""
3059,"ArmageddonBrandRepeatFrequency",[4],""
3060,"ArmageddonBrandAttachedTargetFirePenetration",[4],""
3061,"EnchantmentAncestorTotemSlamRadius",[4],""
3062,"EnchantmentAncestorTotemSlashRadius",[4],""
3063,"EnchantmentAncestralCryExertedDamage",[4],""
3064,"EnchantmentAncestralCryMinimumPower",[4],""
3065,"EnchantmentArcticArmourBuffEffect",[4],""
3066,"EnchantmentArcticArmourManaReservation",[4],""
3067,"EnchantmentArcticArmourManaReservationEfficiency",[4],""
3068,"EnchantmentArcticBreathDuration",[4],""
3069,"EnchantmentArcticBreathRadius",[4],""
3070,"EnchantmentArcticBreathChillingAreaMovementVelocity",[4],""
3071,"EnchantmentAssassinsMarkCurseEffect",[4],""
3072,"EnchantmentAssassinsMarkDuration",[4],""
3073,"EnchantmentBallLightningProjectileSpeed",[4],""
3074,"EnchantmentBallLightningRadius",[4],""
3075,"EnchantmentBallLightningAdditionalProjectiles",[4],""
3076,"EnchantmentBaneAreaOfEffect",[4],""
3077,"EnchantmentBaneLinkedCurseEffect",[4],""
3078,"EnchantmentBarrageAttackSpeed",[4],""
3079,"EnchantmentBarrageNumOfAdditionalProjectiles",[4],""
3080,"EnchantmentBattlemagesCryBuffEffect",[4],""
3081,"EnchantmentBattlemagesCryAdditionalExert",[4],""
3082,"EnchantmentBearTrapCooldownSpeed",[4],""
3083,"EnchantmentBearTrapDamageTaken",[4],""
3084,"EnchantmentBladefallCriticalStrikeChance",[4],""
3085,"EnchantmentBladefallRadius",[4],""
3086,"EnchantmentBladefallAdditionalVolley",[4],""
3087,"EnchantmentBladeTrapRadius",[4],""
3088,"EnchantmentBladeTrapAdditionalRotation",[4],""
3089,"EnchantmentBladeVortexDuration",[4],""
3090,"EnchantmentBladeVortexRadius",[4],""
3091,"EnchantmentBladeVortexCritMultiPerBlade",[4],""
3092,"EnchantmentBlastRainRadius",[4],""
3093,"EnchantmentBlazingSalvoNumberOfAdditionalProjectiles",[4],""
3094,"EnchantmentBlazingSalvoProjectileSpreadArea",[4],""
3095,"EnchantmentBlightRadius",[4],""
3096,"EnchantmentBlightSecondarySkillDuration",[4],""
3097,"EnchantmentBlastRainAdditionalBlast",[4],""
3098,"EnchantmentBlastRainAdditionalProjectile",[4],""
3099,"EnchantmentBlinkArrowAttackSpeed",[4],""
3100,"EnchantmentBlinkArrowCooldownSpeed",[4],""
3101,"EnchantmentBloodRageAttackSpeed",[4],""
3102,"EnchantmentBloodRageFrenzyOnKill",[4],""
3103,"EnchantmentBloodreapRadius",[4],""
3104,"EnchantmentBloodreapMaxBloodCharge",[4],""
3105,"EnchantmentBoneOfferingDuration",[4],""
3106,"EnchantmentBoneOfferingBlockChance",[4],""
3107,"EnchantmentBurningArrowIgniteChance",[4],""
3108,"EnchantmentBurningArrowPhysicalDamagePercentToAddAsFireDamage",[4],""
3109,"EnchantmentCausticArrowDuration",[4],""
3110,"EnchantmentCausticArrowRadius",[4],""
3111,"EnchantmentCausticArrowWitherOnHit",[4],""
3112,"EnchantmentChaosGolemGrantedBuffEffect",[4],""
3113,"EnchantmentChaosGolemElementalResistances",[4],""
3114,"EnchantmentChargedAttackMaxCharges1",[4],""
3115,"EnchantmentChargedAttackRadius",[4],""
3116,"EnchantmentChargedAttackMaxStage",[4],""
3117,"EnchantmentChargedDashRadiusFinalExplosion",[4],""
3118,"EnchantmentChargedDashMovementSpeed",[4],""
3119,"EnchantmentClarityManaReservation",[4],""
3120,"EnchantmentClarityManaReservationEfficiency",[4],""
3121,"EnchantmentCleaveAttackSpeed",[4],""
3122,"EnchantmentCleaveRadius",[4],""
3123,"EnchantmentColdSnapCooldownSpeed",[4],""
3124,"EnchantmentColdSnapRadius",[4],""
3125,"EnchantmentConductivityCurseEffect",[4],""
3126,"EnchantmentConductivityDuration",[4],""
3127,"EnchantmentConsecratedPathRange",[4],""
3128,"EnchantmentContagionDuration",[4],""
3129,"EnchantmentContagionRadius",[4],""
3130,"EnchantmentConsecratedPathRadius",[4],""
3131,"EnchantmentCorruptingFeverDuration",[4],""
3132,"EnchantmentCorruptingFeverAdditionalStack",[4],""
3133,"EnchantmentConversionTrapCooldownSpeed",[4],""
3134,"EnchantmentConvocationCooldownSpeed",[4],""
3135,"EnchantmentConvocationLifeRegeneration",[4],""
3136,"EnchantmentCracklingLanceBaseCastSpeed",[4],""
3137,"EnchantmentCracklingLanceSecondaryBeamAngle",[4],""
3138,"EnchantmentCycloneAttackSpeed",[4],""
3139,"EnchantmentDarkPactCastSpeed",[4],""
3140,"EnchantmentDarkPactRadius",[4],""
3141,"EnchantmentDecoyTotemLife",[4],""
3142,"EnchantmentDecoyTotemRadius",[4],""
3143,"EnchantmentDesecrateCooldownSpeed",[4],""
3144,"EnchantmentDesecrateDuration",[4],""
3145,"EnchantmentDesecrateAdditionalCorpse",[4],""
3146,"EnchantmentDespairDuration",[4],""
3147,"EnchantmentDespairEffect",[4],""
3148,"EnchantmentDeterminationManaReservation",[4],""
3149,"EnchantmentDeterminationManaReservationEfficiency",[4],""
3150,"EnchantmentDetonateDeadPercentChanceToDetonateAdditionalCorpse",[4],""
3151,"EnchantmentDetonateDeadRadius",[4],""
3152,"EnchantmentDestructiveLinkDuration",[4],""
3153,"EnchantmentDevouringTotemPercentChanceToConsumeAdditionalCorpse",[4],""
3154,"EnchantmentDevouringTotemLeechPerSecond",[4],""
3155,"EnchantmentDisciplineManaReservation",[4],""
3156,"EnchantmentDisciplineManaReservationEfficiency",[4],""
3157,"EnchantmentDivineIreBeamWidth",[4],""
3158,"EnchantmentDivineIreNumberOfAdditionalNearbyEnemiesToZap",[4],""
3159,"EnchantmentDominatingBlowDuration",[4],""
3160,"EnchantmentDominatingBlowMinionDamage",[4],""
3161,"EnchantmentDominatingBlowAttackDamage",[4],""
3162,"EnchantmentDominatingBlowAdditionalMagic",[4],""
3163,"EnchantmentDominatingBlowAdditionalRare",[4],""
3164,"EnchantmentDoubleSlashCriticalStrikes",[4],""
3165,"EnchantmentDoubleSlashRadius",[4],""
3166,"EnchantmentDoubleSlashAddedPhysToBleeding",[4],""
3167,"EnchantmentDoubleStrikeAttackSpeed",[4],""
3168,"EnchantmentDoubleStrikeCriticalStrikeChance",[4],""
3169,"EnchantmentDoubleStrikeDoubleDamageVsBleeding",[4],""
3170,"EnchantmentDreadBannerEffect",[4],""
3171,"EnchantmentDualStrikeAttackSpeed",[4],""
3172,"EnchantmentDualStrikeCriticalStrikeChance",[4],""
3173,"EnchantmentEarthquakeDuration",[4],""
3174,"EnchantmentEarthquakeRadius",[4],""
3175,"EnchantmentEarthquakeDamagePerDuration",[4],""
3176,"EnchantmentElementalHitAttackSpeed",[4],""
3177,"EnchantmentElementalHitChanceToFreezeShockIgnite",[4],""
3178,"EnchantmentElementalWeaknessCurseEffect",[4],""
3179,"EnchantmentElementalWeaknessDuration",[4],""
3180,"EnchantmentEnduringCryCooldownSpeed",[4],""
3181,"EnchantmentEnduringCryAdditionalCharge",[4],""
3182,"EnchantmentEnergyBladeLocalAttackSpeed",[4],""
3183,"EnchantmentEnergyBladeLocalLightningPenetration",[4],""
3184,"EnchantmentEnduringCryLifeRegeneration",[4],""
3185,"EnchantmentEnfeebleCurseEffect",[4],""
3186,"EnchantmentEnfeebleDuration",[4],""
3187,"EnchantmentEtherealKnivesProjectileSpeed",[4],""
3188,"EnchantmentEtherealKnivesNumberOfTargetsToPierce",[4],""
3189,"EnchantmentEtherealKnivesNova",[4],""
3190,"EnchantmentExplosiveArrowRadius",[4],""
3191,"EnchantmentExplosiveArrowAttackSpeed",[4],""
3192,"EnchantmentExplosiveConcoctionRadius",[4],""
3193,"EnchantmentExplosiveConcoctionCharges",[4],""
3194,"EnchantmentExsanguinateDuration",[4],""
3195,"EnchantmentExsanguinateChainChance",[4],""
3196,"EnchantmentEyeOfWinterProjectileSpeed",[4],""
3197,"EnchantmentEyeOfWinterShardFrequency",[4],""
3198,"EnchantmentFireballCastSpeed",[4],""
3199,"EnchantmentFireballIgniteChance",[4],""
3200,"EnchantmentFireBeamCastSpeed",[4],""
3201,"EnchantmentFireNovaMineCastSpeed",[4],""
3202,"EnchantmentFireNovaMineNumOfAdditionalRepeats",[4],""
3203,"EnchantmentFirestormDuration",[4],""
3204,"EnchantmentFirestormExplosionAreaOfEffect",[4],""
3205,"EnchantmentFireTrapBurningDamage",[4],""
3206,"EnchantmentFireTrapCooldownSpeed",[4],""
3207,"EnchantmentFireTrapBurningGroundDuration",[4],""
3208,"EnchantmentFlameblastCriticalStrikeChance",[4],""
3209,"EnchantmentFlameblastRadius",[4],""
3210,"EnchantmentFlameDashCooldownSpeed",[4],""
3211,"EnchantmentFlameGolemElementalResistances",[4],""
3212,"EnchantmentFlameGolemGrantedBuffEffect",[4],""
3213,"EnchantmentFlameSurgeCriticalStrikeChance",[4],""
3214,"EnchantmentFlameSurgeVsBurningEnemies",[4],""
3215,"EnchantmentFlamethrowerTrapCastSpeed",[4],""
3216,"EnchantmentFlamethrowerTrapTrapThrowingSpeed",[4],""
3217,"EnchantmentFlamethrowerTrapCooldownSpeed",[4],""
3218,"EnchantmentFlamethrowerTrapDuration",[4],""
3219,"EnchantmentFlamethrowerAdditionalFlamethrowers",[4],""
3220,"EnchantmentFlameTotemNumOfAdditionalProjectiles",[4],""
3221,"EnchantmentFlameTotemProjectileSpeed",[4],""
3222,"EnchantmentFlameTotemConsecratedGroundEnemyDamageTaken",[4],""
3223,"EnchantmentFlameWallAddedFireDamage",[4],""
3224,"EnchantmentFlameWallNumberAllowed",[4],""
3225,"EnchantmentFlammabilityCurseEffect",[4],""
3226,"EnchantmentFlammabilityDuration",[4],""
3227,"EnchantmentFleshOfferingDuration",[4],""
3228,"EnchantmentFleshOfferingAttackSpeed",[4],""
3229,"EnchantmentSpiritOfferingDuration",[4],""
3230,"EnchantmentSpiritOfferingPhysicalAddedAsChaos",[4],""
3231,"EnchantmentSpiritOfferingCriticalStrikeMultiplier",[4],""
3232,"EnchantmentFlameLinkDuration",[4],""
3233,"EnchantmentFlickerStrikeCooldownSpeed",[4],""
3234,"EnchantmentFlickerStrikeDamagePerFrenzyCharge",[4],""
3235,"EnchantmentForbiddenRiteProjectileSpeed",[4],""
3236,"EnchantmentForbiddenRiteAdditionalProjectile",[4],""
3237,"EnchantmentFreezeMineRadius",[4],""
3238,"EnchantmentFreezeMineColdPenetration",[4],""
3239,"EnchantmentFreezingPulseCastSpeed",[4],""
3240,"EnchantmentFreezingPulseProjectileSpeed",[4],""
3241,"EnchantmentFrenzyPercentChanceToGainAdditionalFrenzyCharge",[4],""
3242,"EnchantmentFrenzyDamagePerFrenzyCharge",[4],""
3243,"EnchantmentFrostbiteCurseEffect",[4],""
3244,"EnchantmentFrostbiteDuration",[4],""
3245,"EnchantmentFrostBombCooldownSpeed",[4],""
3246,"EnchantmentFrostBombRadius",[4],""
3247,"EnchantmentFrostBombIncreasedDuration",[4],""
3248,"EnchantmentFrostShieldBaseAddedCooldownCountCopy",[4],""
3249,"EnchantmentFrostShieldHealthPerStageCopy",[4],""
3250,"EnchantmentFrostWallCooldownSpeed",[4],""
3251,"EnchantmentFrostWallDuration",[4],""
3252,"EnchantmentGeneralsCryCooldownSpeed",[4],""
3253,"EnchantmentGeneralsCryAdditionalWarrior",[4],""
3254,"EnchantmentGlacialCascadePhysicalDamagePercentToConvertToCold",[4],""
3255,"EnchantmentGlacialCascadeRadius",[4],""
3256,"EnchantmentGlacialCascadePhysicalDamageToAddAsCold",[4],""
3257,"EnchantmentGlacialHammerFreezeChance",[4],""
3258,"EnchantmentGlacialHammerPhysicalDamagePercentToAddAsColdDamage",[4],""
3259,"EnchantmentGolemGrantsAttackAndCastSpeed",[4],""
3260,"EnchantmentGraceManaReservation",[4],""
3261,"EnchantmentGraceManaReservationEfficiency",[4],""
3262,"EnchantmentGroundSlamRadius",[4],""
3263,"EnchantmentGroundSlamAngle",[4],""
3264,"EnchantmentHasteManaReservation",[4],""
3265,"EnchantmentHasteManaReservationEfficiency",[4],""
3266,"EnchantmentHatredManaReservation",[4],""
3267,"EnchantmentHatredManaReservationEfficiency",[4],""
3268,"EnchantmentHeavyStrikeAttackSpeed",[4],""
3269,"EnchantmentHeavyStrikeDoubleDamage",[4],""
3270,"EnchantmentHeraldOfAgonyManaReservation",[4],""
3271,"EnchantmentHeraldOfAgonyManaReservationEfficiency",[4],""
3272,"EnchantmentHeraldOfAgonyNumOfSecondaryProjectiles",[4],""
3273,"EnchantmentHeraldOfAshManaReservation",[4],""
3274,"EnchantmentHeraldOfAshManaReservationEfficiency",[4],""
3275,"EnchantmentHeraldOfIceManaReservation",[4],""
3276,"EnchantmentHeraldOfIceManaReservationEfficiency",[4],""
3277,"EnchantmentHeraldOfPurityManaReservation",[4],""
3278,"EnchantmentHeraldOfPurityManaReservationEfficiency",[4],""
3279,"EnchantmentHeraldOfPurityAdditionalMinion",[4],""
3280,"EnchantmentHeraldOfThunderManaReservation",[4],""
3281,"EnchantmentHeraldOfThunderManaReservationEfficiency",[4],""
3282,"EnchantmentHexblastRadius",[4],""
3283,"EnchantmentHexblastChanceToNotConsume",[4],""
3284,"EnchantmentHolyRelicRadius",[4],""
3285,"EnchantmentHolyRelicBuffEffect",[4],""
3286,"EnchantmentIceCrashPhysicalDamagePercentToAddAsColdDamage",[4],""
3287,"EnchantmentIceCrashRadius",[4],""
3288,"EnchantmentIceGolemElementalResistances",[4],""
3289,"EnchantmentIceGolemGrantedBuffEffect",[4],""
3290,"EnchantmentIceNovaFreezeChance",[4],""
3291,"EnchantmentIceNovaRadius",[4],""
3292,"EnchantmentIceNovaMinimumChill",[4],""
3293,"EnchantmentIceShotDuration",[4],""
3294,"EnchantmentIceShotRadius",[4],""
3295,"EnchantmentIceShotConeAngle",[4],""
3296,"EnchantmentIceSiphonTrapDuration",[4],""
3297,"EnchantmentIceSiphonTrapDamageTaken",[4],""
3298,"EnchantmentIceSiphonTrapChillEffect",[4],""
3299,"EnchantmentIceSpearPercentChanceToGainPowerChargeOnCriticalStrike",[4],""
3300,"EnchantmentIceSpearSecondFormCriticalStrikeChance",[4],""
3301,"EnchantmentIceSpearAdditionalProjectile",[4],""
3302,"EnchantmentIceSpearDistanceBeforeFormChange",[4],""
3303,"EnchantmentIceTrapCooldownSpeed",[4],""
3304,"EnchantmentIceTrapRadius",[4],""
3305,"EnchantmentIceTrapColdPenetration",[4],""
3306,"EnchantmentImmortalCallPercentChanceToNotConsumeEnduranceCharges",[4],""
3307,"EnchantmentImmortalCallDuration",[4],""
3308,"EnchantmentIncinerateDamagePerStage",[4],""
3309,"EnchantmentIncinerateProjectileSpeed",[4],""
3310,"EnchantmentIncinerateAreaOfEffect",[4],""
3311,"EnchantmentIncinerateMaximumStages",[4],""
3312,"EnchantmentIncinerateDamagePerStage2",[4],""
3313,"EnchantmentInfernalBlowPhysicalDamagePercentToAddAsFireDamage",[4],""
3314,"EnchantmentInfernalBlowRadius",[4],""
3315,"EnchantmentInfernalBlowIncreasedDamagePerStack",[4],""
3316,"EnchantmentInfernalCryCooldownSpeed",[4],""
3317,"EnchantmentInfernalCryCombustAreaOfEffect",[4],""
3318,"EnchantmentIntimidatingCryCooldownSpeed",[4],""
3319,"EnchantmentIntimidatingCryAreaOfEffect",[4],""
3320,"EnchantmentIntuitiveLinkDuration",[4],""
3321,"EnchantmentKineticBlastRadius",[4],""
3322,"EnchantmentKineticBlastExplosions",[4],""
3323,"EnchantmentLancingSteelPrimaryProjPierceNum",[4],""
3324,"EnchantmentLancingSteelImpaleChance",[4],""
3325,"EnchantmentLancingSteelChanceToNotConsumeShards",[4],""
3326,"EnchantmentLancingSteelNumberOfAdditionalProjectiles",[4],""
3327,"EnchantmentLeapSlamAttackSpeed",[4],""
3328,"EnchantmentLeapSlamRadius",[4],""
3329,"EnchantmentLightningArrowRadius",[4],""
3330,"EnchantmentLightningArrowExtraTargets",[4],""
3331,"EnchantmentLightningGolemGrantedBuffEffect",[4],""
3332,"EnchantmentLightningGolemElementalResistances",[4],""
3333,"EnchantmentLightningStrikeNumOfAdditionalProjectiles",[4],""
3334,"EnchantmentLightningStrikeAdditionalPierce",[4],""
3335,"EnchantmentLightningStrikeAdditionalPierceOld",[4],""
3336,"EnchantmentLightningTendrilsRadius",[4],""
3337,"EnchantmentLightningTendrilsCriticalStrikeChance",[4],""
3338,"EnchantmentLightningTowerTrapCastSpeed",[4],""
3339,"EnchantmentLightningTowerTrapTrapThrowingSpeed",[4],""
3340,"EnchantmentLightningTowerTrapDuration",[4],""
3341,"EnchantmentLightningTowerTrapCooldownSpeed",[4],""
3342,"EnchantmentLightningTowerTrapAdditionalBeams",[4],""
3343,"EnchantmentLightningTrapAdditionalPierceOld",[4],""
3344,"EnchantmentLightningTrapAdditionalPierce",[4],""
3345,"EnchantmentLightningTrapPenetration",[4],""
3346,"EnchantmentLightningTrapShockEffect",[4],""
3347,"EnchantmentLightningWarpCastSpeed",[4],""
3348,"EnchantmentLightningWarpDuration",[4],""
3349,"EnchantmentMagmaOrbNumOfAdditionalProjectilesInChain",[4],""
3350,"EnchantmentMagmaOrbRadius",[4],""
3351,"EnchantmentMalevolenceManaReservation",[4],""
3352,"EnchantmentMalevolenceManaReservationEfficiency",[4],""
3353,"EnchantmentManabondRadius",[4],""
3354,"EnchantmentManabondPenetrationLowMana",[4],""
3355,"EnchantmentMirrorArrowAttackSpeed",[4],""
3356,"EnchantmentMirrorArrowCooldownSpeed",[4],""
3357,"EnchantmentMoltenStrikeNumOfAdditionalProjectiles",[4],""
3358,"EnchantmentMoltenStrikeRadius",[4],""
3359,"EnchantmentPhaseRunPercentChanceToNotConsumeFrenzyCharges",[4],""
3360,"EnchantmentPhaseRunDuration",[4],""
3361,"EnchantmentPhysicalCascadeTrapDuration",[4],""
3362,"EnchantmentPhysicalCascadeCooldownSpeed",[4],""
3363,"EnchantmentPhysicalCascadeAdditionalCascades",[4],""
3364,"EnchantmentPetrifiedBloodReservation",[4],""
3365,"EnchantmentPetrifiedBloodReservationEfficiency",[4],""
3366,"EnchantmentPoachersMarkCurseEffect",[4],""
3367,"EnchantmentPoachersMarkDuration",[4],""
3368,"EnchantmentPoisonousConcoctionRadius",[4],""
3369,"EnchantmentPoisonousConcoctionCharges",[4],""
3370,"EnchantmentPowerSiphonPercentChanceToGainPowerChargeOnKill",[4],""
3371,"EnchantmentPowerSiphonAttackSpeed",[4],""
3372,"EnchantmentPowerSiphonAdditionalProjectiles",[4],""
3373,"EnchantmentPrideManaReservation",[4],""
3374,"EnchantmentPrideManaReservationEfficiency",[4],""
3375,"EnchantmentPrecisionManaReservation",[4],""
3376,"EnchantmentPrecisionManaReservationEfficiency",[4],""
3377,"EnchantmentProjectileWeaknessCurseEffect",[4],""
3378,"EnchantmentProjectileWeaknessDuration",[4],""
3379,"EnchantmentProtectiveLinkDuration",[4],""
3380,"EnchantmentPunctureDuration",[4],""
3381,"EnchantmentPunctureMaimOnHitPercentChance",[4],""
3382,"EnchantmentPunishmentCurseEffect",[4],""
3383,"EnchantmentPunishmentDuration",[4],""
3384,"EnchantmentPurifyingFlameAreaOfEffectWhenTargetingConsecratedGround",[4],""
3385,"EnchantmentPurifyingFlameConsecratedGroundEnemyDamageTaken",[4],""
3386,"EnchantmentPurityOfElementsManaReservation",[4],""
3387,"EnchantmentPurityOfElementsManaReservationEfficiency",[4],""
3388,"EnchantmentPurityOfFireManaReservation",[4],""
3389,"EnchantmentPurityOfFireManaReservationEfficiency",[4],""
3390,"EnchantmentPurityOfIceManaReservation",[4],""
3391,"EnchantmentPurityOfIceManaReservationEfficiency",[4],""
3392,"EnchantmentPurityOfLightningManaReservation",[4],""
3393,"EnchantmentPurityOfLightningManaReservationEfficiency",[4],""
3394,"EnchantmentRainOfArrowsAttackSpeed",[4],""
3395,"EnchantmentRainOfArrowsRadius",[4],""
3396,"EnchantmentRainOfArrowsAdditionalSequenceChance",[4],""
3397,"EnchantmentRallyingCryDuration",[4],""
3398,"EnchantmentRallyingCryAdditionalExert",[4],""
3399,"EnchantmentReaveAttackSpeedPerReaveStack",[4],""
3400,"EnchantmentReaveRadius",[4],""
3401,"EnchantmentReckoningCooldownSpeed",[4],""
3402,"EnchantmentRejuvinationTotemPercentLifeRegenerationAddedAsManaRegeneration",[4],""
3403,"EnchantmentRejuvinationTotemLifeRegeneration",[4],""
3404,"EnchantmentRighteousFireRadius",[4],""
3405,"EnchantmentRighteousFireSpellDamage",[4],""
3406,"EnchantmentRiposteCooldownSpeed",[4],""
3407,"EnchantmentScourgeArrowChanceToPoison",[4],""
3408,"EnchantmentScourgeArrowAdditionalSpore",[4],""
3409,"EnchantmentSearingBondTotemPlacementSpeed",[4],""
3410,"EnchantmentSearingBondTotemElementalResistances",[4],""
3411,"EnchantmentSeismicCryExertedDamage",[4],""
3412,"EnchantmentSeismicCryMinimumPower",[4],""
3413,"EnchantmentShatteringSteelChanceToNotConsumeAmmo",[4],""
3414,"EnchantmentShieldChargeAttackSpeed",[4],""
3415,"EnchantmentShieldChargeDamagePerTargetHit",[4],""
3416,"EnchantmentShockNovaLargerRingDamage",[4],""
3417,"EnchantmentShockNovaRadius",[4],""
3418,"EnchantmentSigilOfPowerManaUpgrade",[4],""
3419,"EnchantmentSigilOfPowerCriticalStrikeChance",[4],""
3420,"EnchantmentSmiteAdditionalTargetChance",[4],""
3421,"EnchantmentSmiteAuraEffect",[4],""
3422,"EnchantmentSnipeMaxStacks",[4],""
3423,"EnchantmentSnipeAttackSpeed",[4],""
3424,"EnchantmentSnipeStunAvoidance",[4],""
3425,"EnchantmentSpectralHelixProjectileSpeed",[4],""
3426,"EnchantmentSpectralHelixExtraRotation",[4],""
3427,"EnchantmentSoulrendAppliesHinderMovementSpeed",[4],""
3428,"EnchantmentSoulrendNumberOfAdditionalProjectiles",[4],""
3429,"EnchantmentSplittingSteelBaseSkillAreaOfEffect",[4],""
3430,"EnchantmentSplittingSteelChanceToNotConsumeAmmo",[4],""
3431,"StormBrandAdditionalChainChance",[4],""
3432,"StormBrandAttachedTargetLightningPenetration",[4],""
3433,"EnchantmentStormBurstAdditionalObjectChance",[4],""
3434,"EnchantmentStormBurstAvoidInterruptionWhileCasting",[4],""
3435,"EnchantmentStormBurstRadius",[4],""
3436,"EnchantmentStormBurstAdditionalProjectile",[4],""
3437,"EnchantmentSunderAttackSpeed",[4],""
3438,"EnchantmentSunderRadius",[4],""
3439,"EnchantmentSunderWaveSpeed",[4],""
3440,"EnchantmentShatteringSteelAdditionalProjectile",[4],""
3441,"EnchantmentShatteringSteelFortifyOnHitCloseRange",[4],""
3442,"EnchantmentShockwaveTotemCastSpeed",[4],""
3443,"EnchantmentShockwaveTotemRadius",[4],""
3444,"EnchantmentShrapnelTrapRadius",[4],""
3445,"EnchantmentShrapnelTrapSecondaryExplosions",[4],""
3446,"EnchantmentShrapnelShotPhysicalDamagePercentToAddAsLightningDamage",[4],""
3447,"EnchantmentShrapnelShotRadius",[4],""
3448,"EnchantmentGalvanicArrowProjectileSpeed",[4],""
3449,"EnchantmentSiegeBallistaAttackSpeed",[4],""
3450,"EnchantmentSiegeBallistaTotemPlacementSpeed",[4],""
3451,"EnchantmentSiphonDuration",[4],""
3452,"EnchantmentSmokeMineDuration",[4],""
3453,"EnchantmentSmokeMineMovementSpeed",[4],""
3454,"EnchantmentSoulLinkDuration",[4],""
3455,"EnchantmentSparkNumOfAdditionalProjectiles",[4],""
3456,"EnchantmentSparkProjectilesNova",[4],""
3457,"EnchantmentSparkProjectileSpeed",[4],""
3458,"EnchantmentSpectralShieldThrowProjectileSpeed",[4],""
3459,"EnchantmentSpectralShieldThrowNumOfAdditionalProjectiles",[4],""
3460,"EnchantmentSpectralThrowProjectileDeceleration",[4],""
3461,"EnchantmentSpectralThrowProjectileSpeed",[4],""
3462,"EnchantmentSpectreAttackAndCastSpeed",[4],""
3463,"EnchantmentSpectreElementalResistances",[4],""
3464,"EnchantmentSplitArrowCriticalStrikeChance",[4],""
3465,"EnchantmentSplitArrowNumOfAdditionalProjectiles",[4],""
3466,"EnchantmentStaticStrikeDuration",[4],""
3467,"EnchantmentStaticStrikeRadius",[4],""
3468,"EnchantmentStaticStrikeMaximumBeamTargets",[4],""
3469,"EnchantmentStoneGolemElementalResistances",[4],""
3470,"EnchantmentStoneGolemGrantedBuffEffect",[4],""
3471,"EnchantmentStormCallDuration",[4],""
3472,"EnchantmentStormCallRadius",[4],""
3473,"EnchantmentStormCloudCriticalStrikeChance",[4],""
3474,"EnchantmentStormCloudRadius",[4],""
3475,"EnchantmentSummonSkeletonsNumAdditionalWarriorSkeletons",[4],""
3476,"EnchantmentSummonSkeletonsNumAdditionalWarriorSkeletonsUpdated",[4],""
3477,"EnchantmentSweepKnockbackChance",[4],""
3478,"EnchantmentSweepEnduranceChargeOnHit",[4],""
3479,"EnchantmentSweepRadius",[4],""
3480,"EnchantmentTectonicSlamAreaOfEffect",[4],""
3481,"EnchantmentTectonicSlamOLDChanceToChargedSlamPer2",[4],""
3482,"EnchantmentTectonicSlamChanceToChargedSlam",[4],""
3483,"EnchantmentTectonicSlamSideCrackChance",[4],""
3484,"EnchantmentTectonicSlamSideCrackChancePer2",[4],""
3485,"EnchantmentTempestShieldNumOfAdditionalProjectilesInChain",[4],""
3486,"EnchantmentTemporalChainsCurseEffect",[4],""
3487,"EnchantmentTemporalChainsDuration",[4],""
3488,"EnchantmentTemporalRiftBaseCooldownSpeed",[4],""
3489,"EnchantmentTornadoRadius",[4],""
3490,"EnchantmentTornadoMovementSpeed",[4],""
3491,"EnchantmentTornadoShotCriticalStrikeChance",[4],""
3492,"EnchantmentTornadoShotNumOfSecondaryProjectiles",[4],""
3493,"EnchantmentToxicRainPhysicalAddedAsChaos",[4],""
3494,"EnchantmentToxicRainNumOfAdditionalProjectiles",[4],""
3495,"EnchantmentVampiricLinkDuration",[4],""
3496,"EnchantmentVengeanceCooldownSpeed",[4],""
3497,"EnchantmentVigilantStrikeFortifyDuration",[4],""
3498,"EnchantmentViperStrikeCriticalStrikeChance",[4],""
3499,"EnchantmentViperStrikePoisonDuration",[4],""
3500,"EnchantmentVitalityManaReservation",[4],""
3501,"EnchantmentVitalityManaReservationEfficiency",[4],""
3502,"EnchantmentVoidSphereBaseCooldownSpeed",[4],""
3503,"EnchantmentVoidSphereDamageTaken",[4],""
3504,"EnchantmentVoidSpherePulseFrequency",[4],""
3505,"EnchantmentVoltaxicBurstRadius",[4],""
3506,"EnchantmentVoltaxicBurstDamagePerDuration",[4],""
3507,"EnchantmentVulnerabilityCurseEffect",[4],""
3508,"EnchantmentVulnerabilityDuration",[4],""
3509,"EnchantmentWarBannerEffect",[4],""
3510,"EnchantmentWarlordsMarkCurseEffect",[4],""
3511,"EnchantmentWarlordsMarkDuration",[4],""
3512,"EnchantmentWaveOfConvictionAdditionalEnemyResistance",[4],""
3513,"EnchantmentWaveOfConvictionDuration",[4],""
3514,"EnchantmentWhirlingBladesAttackSpeed",[4],""
3515,"EnchantmentWildStrikeNumOfAdditionalProjectilesInChain",[4],""
3516,"EnchantmentWildStrikeRadius",[4],""
3517,"EnchantmentFrostFuryAdditionalMaxNumberOfStages",[4],""
3518,"EnchantmentFrostFuryAreaOfEffectPerStage",[4],""
3519,"EnchantmentWitherDuration",[4],""
3520,"EnchantmentWitherRadius",[4],""
3521,"EnchantmentWrathManaReservation",[4],""
3522,"EnchantmentWrathManaReservationEfficiency",[4],""
3523,"EnchantmentZombieAttackSpeed",[4],""
3524,"EnchantmentZombieElementalResistances",[4],""
3525,"EnchantmentZealotryManaReservation",[4],""
3526,"EnchantmentZealotryManaReservationEfficiency",[4],""
3527,"EnchantmentVolatileDeadOrbs",[4],""
3528,"EnchantmentVolatileDeadOrbsBoolean",[4],""
3529,"EnchantmentVolatileDeadDamage",[4],""
3530,"EnchantmentVolatileDeadCastSpeed",[4],""
3531,"EnchantmentBoneLanceCorpseLevel",[4],""
3532,"EnchantmentBoneLanceDamage",[4],""
3533,"EnchantmentBoneLanceCastSpeed",[4],""
3534,"EnchantmentCorpseEruptionMaximumGeysers",[4],""
3535,"EnchantmentCorpseEruptionDamage",[4],""
3536,"EnchantmentCorpseEruptionCastSpeed",[4],""
3537,"EnchantmentBodySwapDamage",[4],""
3538,"EnchantmentBodySwapCastSpeed",[4],""
3539,"EnchantmentSteelskinAdditionalPhysicalDamageReduction",[4],""
3540,"EnchantmentSteelskinDamageLimit",[4],""
3541,"EnchantmentDashTravelDistance",[4],""
3542,"EnchantmentDashAddedCooldownCount",[4],""
3543,"EnchantmentBladestormMaximumNumberOfStormsAllowed",[4],""
3544,"EnchantmentBladestormSandstormMovementSpeed",[4],""
3545,"EnchantmentBladestormDamage",[4],""
3546,"EnchantmentBloodAndSandBuffEffect",[4],""
3547,"EnchantmentPerforateNumberOfSpears",[4],""
3548,"EnchantmentPerforateAreaOfEffect",[4],""
3549,"EnchantmentPerforateDamage",[4],""
3550,"EnchantmentFrostblinkCooldownSpeed",[4],""
3551,"EnchantmentFrostblinkTravelDistance",[4],""
3552,"EnchantmentFleshAndStoneManaReservation",[4],""
3553,"EnchantmentFleshAndStoneManaReservationEfficiency",[4],""
3554,"EnchantmentChainHookGainRageOnHitChance",[4],""
3555,"EnchantmentChainHookConeRadiusPer12Rage",[4],""
3556,"EnchantmentChainHookDamage",[4],""
3557,"EnchantmentBerserkRageLoss",[4],""
3558,"EnchantmentBerserkEffect",[4],""
3559,"EnchantmentArtilleryBallistaFirePenetration",[4],""
3560,"EnchantmentArtilleryBallistaExtraArrows",[4],""
3561,"EnchantmentArtilleryBallistaCrossPattern",[4],""
3562,"EnchantmentShrapnelBallistaExtraArrows",[4],""
3563,"EnchantmentShrapnelBallistaExtraPierce",[4],""
3564,"EnchantmentShrapnelBallistaProjectileSpeed",[4],""
3565,"EnchantmentKineticBoltAttackSpeed",[4],""
3566,"EnchantmentKineticBoltProjectileSpeed",[4],""
3567,"EnchantmentKineticBoltExtraZigZags",[4],""
3568,"EnchantmentBladeBlastAreaOfEffect",[4],""
3569,"EnchantmentBladeBlastDetonationArea",[4],""
3570,"EnchantmentBladeBlastDamage",[4],""
3571,"EnchantmentStormbindAreaOfEffect",[4],""
3572,"EnchantmentStormbindDamage",[4],""
3573,"EnchantmentRuneBlastTeleport1500",[4],""
3574,"EnchantmentRuneBlastTeleport1000",[4],""
3575,"EnchantmentSpellslingerManaReservation",[4],""
3576,"EnchantmentSpellslingerManaReservationEfficiency",[4],""
3577,"EnchantmentSpellslingerCooldownRecovery",[4],""
3578,"EnchantmentWinterBrandDamage",[4],""
3579,"EnchantmentWinterBrandStages",[4],""
3580,"EnchantmentWinterBrandChillEfffect",[4],""
3581,"EnchantmentPenanceBrandDamage",[4],""
3582,"EnchantmentPenanceBrandCastSpeed",[4],""
3583,"EnchantmentPenanceBrandRadius",[4],""
3584,"EnchantmentEarthshatterDamage",[4],""
3585,"EnchantmentEarthshatterRadius",[4],""
3586,"EnchantmentEarthshatterSpikes",[4],""
3587,"EnchantmentArcanistBrandCastSpeed",[4],""
3588,"EnchantmentArcanistBrandUnnerve",[4],""
3589,"EnchantmentDefianceBannerAuraEffect",[4],""
3590,"EnchantmentStormRainDamage",[4],""
3591,"EnchantmentStormRainFrequency",[4],""
3592,"EnchantmentStormRainAdditionalArrow",[4],""
3593,"EnchantmentRageVortexDamage",[4],""
3594,"EnchantmentRageVortexAreaOfEffect",[4],""
3595,"EnchantmentRageVortexSacrificeMoreRage",[4],""
3596,"EnchantmentShieldCrushDamage",[4],""
3597,"EnchantmentShieldCrushAttackSpeed",[4],""
3598,"EnchantmentShieldCrushCentralConeArea",[4],""
3599,"EnchantmentSummonedReaperDamage",[4],""
3600,"EnchantmentSummonedReaperPhysicalDamageOverTimeMultiplier",[4],""
3601,"EnchantmentSummonReaperCooldownRecovery",[4],""
3602,"EnchantmentBoneshatterDamage",[4],""
3603,"EnchantmentBoneshatterStunDuration",[4],""
3604,"EnchantmentBoneshatterAdditionalTrauma",[4],""
3605,"EnchantmentAmbushCooldownRecovery",[4],""
3606,"EnchantmentAmbushCriticalStrikeMultiplier",[4],""
3607,"EnchantmentGalvanicFieldDamage",[4],""
3608,"EnchantmentGalvanicFieldCastSpeed",[4],""
3609,"EnchantmentGalvanicFieldChain",[4],""
3610,"EnchantmentLightningConduitDamage",[4],""
3611,"EnchantmentLightningConduitCastSpeed",[4],""
3612,"EnchantmentLightningConduitArea",[4],""
3613,"EnchantmentAlchemistsMarkCurseEffect",[4],""
3614,"VolcanicFissureDamage",[4],""
3615,"VolcanicFissureCooldownRecovery",[4],""
3616,"VolcanicFissureFissureSpeed",[4],""
3617,"FrozenLegionDamage",[4],""
3618,"FrozenLegionCooldownRecovery",[4],""
3619,"FrozenLegionAdditionalCooldowns",[4],""
3620,"MapSpawnTalismans",[],""
3621,"MapSpawnExtraTalismans",[],""
3622,"TalismanMonsterHasSkillDaemon",[],""
3623,"TalismanMonsterExplodesOnDeath",[],""
3624,"TalismanMonsterPhysicalDamageAndLife",[],""
3625,"TalismanMonsterEnergyShieldAndCastSpeed",[],""
3626,"TalismanMonsterDamageAddedAsRandomElement",[],""
3627,"TalismanMonsterPower",[],""
3628,"TalismanMonsterFireLens",[],""
3629,"TalismanMonsterColdLens",[],""
3630,"TalismanMonsterLightningLens",[],""
3631,"LionWolfColdBossColdBeaconDaemon",[],""
3632,"IzaroDaemon",[],""
3633,"MonsterDeletesOnDeath",[],""
3634,"DropBearBossWitherDaemon",[],""
3635,"PercentageAllAttributes",[7],""
3636,"FireDamageTakenAsCold",[6],""
3637,"FireDamageTakenAsLightning",[6],""
3638,"ColdDamageTakenAsFire",[6],""
3639,"ColdDamageTakenAsLightning",[6],""
3640,"LightningDamageTakenAsFire",[6],""
3641,"LightningDamageTakenAsCold",[6],""
3642,"PowerChargeArtVariation",[],""
3643,"FlaskChargeRecoveryDuringFlaskEffect",[5],""
3644,"ManaRegenerationDuringFlaskEffect",[5],""
3645,"ManaRegenerationWhileShocked",[5],""
3646,"MovementSpeedDuringFlaskEffect",[5],""
3647,"EnemiesLoseLifePlayerLeeches",[8],""
3648,"MapPlayerCorruptingBlood",[],""
3649,"NoExtraBleedDamageWhileMoving",[6],""
3650,"AttacksHaveBloodMagic",[7],""
3651,"FlaskKnockforward",[],""
3652,"SocketedTrapSkillsCreateSmokeCloudWhenDetonated",[5],""
3653,"FireDamageToBlindEnemies",[5],""
3654,"SpellDamageTakenFromBlindEnemies",[6],""
3655,"BurningArrowThresholdJewel",[6],""
3656,"BurningArrowThresholdJewel2",[6],""
3657,"BurningArrowThresholdJewel3",[6],""
3658,"GlacialHammerThresholdJewel",[6],""
3659,"GlacialHammerThresholdJewel2",[6],""
3660,"SpectralThrowThresholdJewel",[6],""
3661,"DoubleStrikeThresholdJewel",[6],""
3662,"ViperStrikeThresholdJewel",[6],""
3663,"ViperStrikeThresholdJewel2",[6],""
3664,"HeavyStrikeThresholdJewel",[6],""
3665,"CleaveThresholdJewel",[6],""
3666,"FreezingPulseThresholdJewel",[6],""
3667,"IceShotThresholdJewelOld",[6],""
3668,"IceShotThresholdJewel",[6],""
3669,"MoltenStrikeThresholdJewel",[],""
3670,"MoltenStrikeThresholdJewel2",[],""
3671,"FrostBladesThresholdJewel",[],""
3672,"DualStrikeThresholdJewel",[],""
3673,"DualStrikeThresholdJewelAxe",[],""
3674,"DualStrikeThresholdJewelClaw",[],""
3675,"DualStrikeThresholdJewelDagger",[],""
3676,"DualStrikeThresholdJewelMace",[],""
3677,"DualStrikeThresholdJewelSword",[],""
3678,"DualStrikeThresholdJewelDamageRadius",[],""
3679,"FrostboltThresholdJewel",[],""
3680,"EtherealKnivesThresholdJewel",[],""
3681,"LightningTendrilsThresholdJewel",[],""
3682,"MagmaOrbThresholdJewel",[],""
3683,"MagmaOrbThresholdJewel2",[],""
3684,"BlightThresholdJewel",[],""
3685,"BlightThresholdJewel2",[],""
3686,"RaiseZombieThresholdJewel",[],""
3687,"SparkThresholdJewel2",[],""
3688,"SparkThresholdJewel",[],""
3689,"FireTrapThresholdJewel",[],""
3690,"SplitArrowThresholdJewel",[],""
3691,"GlacialCascadeThresholdJewel",[],""
3692,"CausticArrowThresholdJewel1",[5],""
3693,"CausticArrowThresholdJewel2",[5],""
3694,"CausticArrowThresholdJewel3",[5],""
3695,"SpectralShieldThrowThresholdJewel1",[5],""
3696,"SpectralShieldThrowThresholdJewel2",[5],""
3697,"SpectralShieldThrowThresholdJewel3",[5],""
3698,"ShieldCritChancePerEsOnShieldJewel1",[5],""
3699,"ShieldCritMultiplierPerEsOnShieldJewel1",[5],""
3700,"IncreasedStunThreshold",[5],""
3701,"StunThresholdBasedOnMana",[6],""
3702,"PowerChargeOnCriticalStrikeChance",[6],""
3703,"PowerChargeOnCriticalStrikeChanceMaven",[6],""
3704,"NoLifeRegeneration",[4],""
3705,"NeverBlock",[5],""
3706,"LocalShieldHasNoBlockChance",[4],""
3707,"LocalFlaskOnslaughtPerFrenzyCharge",[7],""
3708,"MapCurseEvery10Seconds",[],""
3709,"HerBlessingOnIgnite",[4],""
3710,"AvoidAilmentsDuringHerBlessing",[5],""
3711,"AttackAndMoveSpeedDuringHerBlessing",[5],""
3712,"BlindOnGainingHerBlessing",[5],""
3713,"RallyingCryThresholdJewel",[6],""
3714,"VigilantStrikeThresholdJewel",[6],""
3715,"InfernalCryThresholdJewel",[5],""
3716,"FireballThresholdJewel",[6],""
3717,"FireballThresholdJewel2",[6],""
3718,"FireballThresholdJewel3",[6],""
3719,"ColdSnapThresholdJewel",[6],""
3720,"EnchantedWeaponProjectileOnHit",[4],""
3721,"ShockNearbyEnemiesDuringFlaskEffect",[5],""
3722,"ShockSelfDuringFlaskEffect",[4],""
3723,"ChillSelfDuringFlaskEffect",[],""
3724,"ScorchSelfDuringFlaskEffect",[],""
3725,"BrittleSelfDuringFlaskEffect",[],""
3726,"SapSelfDuringFlaskEffect",[],""
3727,"BlindSelfDuringFlaskEffect",[],""
3728,"HinderSelfDuringFlaskEffect",[],""
3729,"LightningLifeLeechDuringFlaskEffect",[6],""
3730,"LightningManaLeechDuringFlaskEffect",[6],""
3731,"LeechInstantDuringFlaskEffect",[6],""
3732,"AddedLightningDamageDuringFlaskEffect",[6],""
3733,"AddedSpellLightningDamageDuringFlaskEffect",[6],""
3734,"PhysicalToLightningDuringFlaskEffect",[6],""
3735,"LightningPenetrationDuringFlaskEffect",[6],""
3736,"MinionAttackAndCastSpeedPerSkeleton",[5],""
3737,"MinionDurationPerZombie",[5],""
3738,"MinionDamagePerSpectre",[5],""
3739,"MinionLifeRegenerationPerRagingSpirit",[5],""
3740,"IsPlayer",[],""
3741,"ObliterationExplodeOnKillChaos",[5],""
3742,"ReduceManaCostPerEnduranceCharge",[5],""
3743,"RampageWhileAtMaxEnduranceCharges",[7],""
3744,"LoseEnduranceChargesOnRampageEnd",[4],""
3745,"IncreasedDamageAgainstFrozenEnemies",[6],""
3746,"AttackerTakesDamageNoRange",[0],""
3747,"AttackerTakesFireDamageNoRange",[0],""
3748,"MapTalismanLeague",[],""
3749,"MapTalismanLeagueCrafted",[],""
3750,"MapDarkShrine",[],""
3751,"PhysicalDamageWhileFrozen",[6],""
3752,"AttacksThatStunCauseBleeding",[6],""
3753,"MonsterFireDamageAndMoveSpeedTalisman",[],""
3754,"MonsterPoisonAndEnergyShieldTalisman",[],""
3755,"MonsterNoStatsTalisman",[],""
3756,"MonsterColdDamageAndPhysicalDamageReduction",[],""
3757,"MonsterDamageAuraTalisman",[],""
3758,"MonsterDamageSizeAndReducedDamageTakenTalisman",[],""
3759,"MonsterElementalDamageAndAilments",[],""
3760,"GrantEnemiesUnholyMightOnKill",[4],""
3761,"GrantEnemiesOnslaughtOnKill",[4],""
3762,"UnholyMightOnKillPercentChance",[6],""
3763,"UnholyMightOnKill10SecondsPercentChance",[6],""
3764,"OnslaugtOnKillPercentChance",[6],""
3765,"OnslaugtOnKill10SecondsPercentChance",[6],""
3766,"MaximumLifeOnKillPercent",[5],""
3767,"MaximumLifeOnKillPercentMaven",[5],""
3768,"MaximumManaOnKillPercent",[5],""
3769,"MaximumManaOnKillPercentMaven",[5],""
3770,"MaximumEnergyShieldOnKillPercent",[5],""
3771,"MaximumEnergyShieldOnKillPercentMaven",[5],""
3772,"BurningArrowGroundTarAndFire",[6],""
3773,"DisplayManifestWeapon",[6],""
3774,"ImmuneToLavaDamage",[6],""
3775,"BarrageThreshold",[6],""
3776,"GroundSlamThreshold",[6],""
3777,"GroundSlamThreshold2",[6],""
3778,"SummonSkeletonsThreshold",[6],""
3779,"AdditionalSnipeTotemsPerDexterity",[6],""
3780,"AdditionalShrapnelBallistaePerStrength",[6],""
3781,"AddedDamagePerDexterity",[6],""
3782,"AddedDamagePerStrength",[6],""
3783,"BlindAura",[6],""
3784,"DisplayBlindAura",[],""
3785,"FireDamageToNearbyEnemiesOnKill",[4],""
3786,"NearbyEnemiesAreHindered",[8],""
3787,"DisplayNearbyEnemiesAreSlowed",[],""
3788,"DisplaySupportedByHypothermia",[5],""
3789,"DisplaySupportedByIceBite",[5],""
3790,"DisplaySupportedByColdPenetration",[5],""
3791,"DisplaySupportedByManaLeech",[5],""
3792,"DisplaySupportedByManaLeechMaven",[5],""
3793,"DisplaySupportedByAddedColdDamage",[5],""
3794,"DisplaySupportedByReducedMana",[5],""
3795,"DisplaySupportedByBonechill",[5],""
3796,"FlaskConsumesFrenzyCharges",[4],""
3797,"CriticalChanceAgainstBlindedEnemies",[5],""
3798,"DamageAgainstNearEnemies",[5],""
3799,"MapDisableTorment",[],""
3800,"MapDisableNemesis",[],""
3801,"MapDisableBloodlines",[],""
3802,"MapForceStoneCircle",[],""
3803,"BeltSoulEaterDuringFlaskEffect",[8],""
3804,"BeltSoulsRemovedOnFlaskUse",[4],""
3805,"MapSoulEaterOnRareKill",[],""
3806,"MapHeadhunter",[],""
3807,"MapHeadhunterCustomLeague",[],""
3808,"CustomLeagueImbue",[],""
3809,"LabyrinthSpikeTrapDamageTaken",[],""
3810,"LabyrinthArrowTrapDamageTaken",[],""
3811,"LabyrinthDegenTrapDamageTaken",[],""
3812,"LabyrinthDegenTrapImmunity",[],""
3813,"LabyrinthGuillotineTrapDamageTaken",[],""
3814,"RatTalismanPoisonOnHit",[],""
3815,"MonsterPoisonOnHitAndDuration",[],""
3816,"TalismanCanBePickedUpByMonster",[],""
3817,"MapNoPortals",[],""
3818,"MonsterTalismanDifficultyBonus",[],""
3819,"MonsterTalismanRarityBonus",[],""
3820,"MonsterDaemonDamage",[],""
3821,"SocketedAurasReserveNoMana",[8],""
3822,"TalismanRigwaldSideAreaInfo",[],""
3823,"ItemGrantsIllusoryWarp",[6],""
3824,"SelfStunThreshold",[5],""
3825,"LocalModifiesImplicitMods",[8],""
3826,"NoTalismans",[],""
3827,"UnarmedDamageVsBleedingEnemies",[6],""
3828,"ClawDamageModsAlsoAffectUnarmed",[6],""
3829,"BaseUnarmedCriticalStrikeChance",[6],""
3830,"LifeGainVsBleedingEnemies",[6],""
3831,"ReducedPhysicalDamageTaken",[2],""
3832,"ReducedPhysicalDamageTakenMaven",[2],""
3833,"BleedAndMaimOnHit",[5],""
3834,"CorruptedBloodAndMaimOnHit",[5],""
3835,"SummonWolfOnKill",[6],""
3836,"SummonWolfOnKillOld",[6],""
3837,"SummonWolfOnCrit",[6],""
3838,"SwordAttackSpeed",[7],""
3839,"AxePhysicalDamage",[7],""
3840,"DualWieldingPhysicalDamage",[5],""
3841,"ProjectilesFork",[8],""
3842,"ArrowsFork",[8],""
3843,"ClawAttackSpeedModsAlsoAffectUnarmed",[6],""
3844,"ClawCritModsAlsoAffectUnarmed",[6],""
3845,"EnergyShieldDelayDuringFlaskEffect",[6],""
3846,"ESRechargeRateDuringFlaskEffect",[6],""
3847,"MonsterDropAdditionalMaps",[],""
3848,"EnduranceChargeOnKillChance",[6],""
3849,"EnduranceChargeOnKillChanceMaven",[6],""
3850,"FishingBiteSensitivity",[5],""
3851,"IncreasedColdDamagePerBlockChance",[6],""
3852,"IncreasedManaPerSpellBlockChance",[6],""
3853,"IncreasedArmourWhileChilledOrFrozen",[5],""
3854,"AddedColdDamageToSpellsAndAttacks",[6],""
3855,"AttackAndCastSpeed",[2],""
3856,"MapActionSpeedWhileChilled",[],""
3857,"MapQuantityAddedAsRarity",[],""
3858,"MapDroppedItemLevel",[],""
3859,"UtilityFlaskSmokeCloud",[],""
3860,"UtilityFlaskConsecrate",[],""
3861,"UtilityFlaskOnslaught",[],""
3862,"UtilityFlaskTaunt",[],""
3863,"UtilityFlaskChilledGround",[],""
3864,"UtilityFlaskWard",[],""
3865,"SummonsWormsOnUse",[],""
3866,"PowerChargeOnHit",[7],""
3867,"LosePowerChargesOnMaxPowerCharges",[4],""
3868,"LoseEnduranceChargesOnMaxEnduranceCharges",[4],""
3869,"ShockOnMaxPowerCharges",[4],""
3870,"MoltenBurstOnMeleeHit",[6],""
3871,"PenetrateEnemyFireResist",[6],""
3872,"DisplayGrantsElementalPenetrationToHelm",[],""
3873,"DisplayGrantsAreaRadiusToGloves",[],""
3874,"DisplayGrantsReducedManaToBoots",[],""
3875,"LocalFlaskPetrified",[],""
3876,"LocalFlaskPhysicalDamageReduction",[],""
3877,"LightningDegenAura",[8],""
3878,"LightningDegenAuraDisplay",[],""
3879,"CannotBeAffectedByFlasks",[4],""
3880,"FlasksApplyToMinions",[8],""
3881,"RepeatingShockwave",[8],""
3882,"LifeRegenerationWhileFrozen",[8],""
3883,"KnockbackOnCounterattack",[5],""
3884,"EnergyShieldRechargeOnBlock",[8],""
3885,"AttacksAlwaysCrit",[8],""
3886,"LocalAttacksAlwaysCrit",[],""
3887,"LocalDoubleDamageToChilledEnemies",[6],""
3888,"FlaskZealotsOath",[7],""
3889,"FlaskEldritchBattery",[7],""
3890,"DamageOnNoFrenzyCharges",[7],""
3891,"CriticalChanceAgainstEnemiesOnFullLife",[6],""
3892,"CriticalStrikeAttackLifeLeech",[6],""
3893,"AddedPhysicalToMinionAttacks",[6],""
3894,"AttackPhysicalDamageAddedAsLightning",[6],""
3895,"AttackPhysicalDamageAddedAsFire",[6],""
3896,"EnergyShieldPer5Strength",[7],""
3897,"MaximumGolems",[8],""
3898,"GrantsStoneGolemSkill",[5],""
3899,"ZealotsOath",[8],""
3900,"CountsAsAllOneHandMeleeWeapons",[8],""
3901,"DisplaySocketedGemsSupportedByFortify",[5],""
3902,"CannotBeAffectedByFortify",[],""
3903,"CannotBePoisoned",[5],""
3904,"EnergyShieldRecoveryRate",[7],""
3905,"EnergyShieldRecoveryRateMaven",[7],""
3906,"MapPerandusLeague",[],""
3907,"MapPerandusLeagueCrafted",[],""
3908,"LocalElementalPenetration",[5],""
3909,"LocalFirePenetration",[2],""
3910,"LocalColdPenetration",[2],""
3911,"LocalLightningPenetration",[2],""
3912,"FlaskImmuneToDamage",[8],""
3913,"LocalAlwaysCrit",[8],""
3914,"PerandusDaemon",[],""
3915,"IncreasePhysicalDegenDamagePerDexterity",[6],""
3916,"IncreaseBleedDurationPerIntelligence",[6],""
3917,"PerandusCoinStacksToDrop",[],""
3918,"BleedingEnemiesFleeOnHit",[4],""
3919,"FireDamageAvoidance",[7],""
3920,"FireDamageAvoidanceMaven",[7],""
3921,"ColdDamageAvoidance",[7],""
3922,"ColdDamageAvoidanceMaven",[7],""
3923,"LightningDamageAvoidance",[7],""
3924,"LightningDamageAvoidanceMaven",[7],""
3925,"PhysicalDamageAvoidance",[7],""
3926,"TrapTriggerRadius",[6],""
3927,"SpreadChilledGroundOnFreeze",[7],""
3928,"SpreadConsecratedGroundOnKill",[6],""
3929,"SpreadConsecratedGroundOnShatter",[],""
3930,"ChanceToPoisonWithAttacks",[6],""
3931,"TrapTriggerTwiceChance",[7],""
3932,"TrapAndMineAddedPhysicalDamage",[6],""
3933,"FlaskZerphisLastBreath",[8],""
3934,"TrapPoisonChance",[5],""
3935,"DisplaySocketedGemsSupportedByBlasphemy",[5],""
3936,"DisplaySocketedCurseGemsGetReducedReservation",[6],""
3937,"TempestuousSteelSounds",[],""
3938,"GrantAlliesPowerChargeOnKill",[6],""
3939,"GrantAlliesFrenzyChargeOnHit",[6],""
3940,"LabyrinthIzaroLifeCruelMerciless",[],""
3941,"LabyrinthIzaroObjectivesLifeCruelMerciless",[],""
3942,"CrabParasiteChaosExplode",[],""
3943,"SummonRagingSpiritOnKill",[],""
3944,"DamnedWeaponEffects",[],""
3945,"PhysicalDamageConvertedToChaos",[2],""
3946,"MapLabyrinthHiddenDamageLife",[],""
3947,"FishingDetection",[6],""
3948,"LocalMaimOnHit",[6],""
3949,"LocalChanceToMaim",[6],""
3950,"LocalChanceToMaimPhysicalDamage",[6],""
3951,"AlwaysCritShockedEnemies",[8],""
3952,"CannotCritNonShockedEnemies",[],""
3953,"ItemDestroyedOnDeath",[],""
3954,"ProjectilesDropShockedGround",[],""
3955,"MinionChanceToBlindOnHit",[6],""
3956,"MinionBlindImmunity",[6],""
3957,"DisplaySocketedMinionGemsSupportedByLifeLeech",[5],""
3958,"MagicItemsDropIdentified",[7],""
3959,"ManaPerStackableJewel",[6],""
3960,"ArmourPerStackableJewel",[6],""
3961,"IncreasedDamagePerStackableJewel",[6],""
3962,"CriticalStrikeChancePerStackableJewel",[6],""
3963,"AllResistancePerStackableJewel",[6],""
3964,"MaximumLifePerStackableJewel",[6],""
3965,"AvoidElementalAilmentsPerStackableJewel",[6],""
3966,"MinionCriticalStrikeMultiplierPerStackableJewel",[6],""
3967,"MinimumEnduranceChargesPerStackableJewel",[6],""
3968,"MinimumFrenzyChargesPerStackableJewel",[6],""
3969,"MinimumPowerChargesPerStackableJewel",[6],""
3970,"AddedColdDamagePerPowerCharge",[6],""
3971,"GainManaOnKillingFrozenEnemy",[5],""
3972,"GainPowerChargeOnKillingFrozenEnemy",[6],""
3973,"IncreasedDamageIfFrozenRecently",[6],""
3974,"AddedLightningDamagePerIntelligence",[6],""
3975,"IncreasedAttackSpeedPerDexterity",[6],""
3976,"MovementVelocityWhileBleeding",[5],""
3977,"IncreasedPhysicalDamageTakenWhileMoving",[5],""
3978,"PhysicalDamageReductionWhileNotMoving",[6],""
3979,"AddedLightningDamagePerShockedEnemyKilled",[5],""
3980,"ColdPenetrationAgainstChilledEnemies",[7],""
3981,"GainLifeOnIgnitingEnemy",[7],""
3982,"ReflectsShocks",[6],""
3983,"ReflectsShockToEnemiesInRadius",[6],""
3984,"ChaosDamageDoesNotBypassESNotLowLifeOrMana",[7],""
3985,"FrenzyChargeOnHitWhileBleeding",[7],""
3986,"IncreasedColdDamagePerFrenzyCharge",[6],""
3987,"OnHitBlindChilledEnemies",[6],""
3988,"RecoverLifeOnBlock",[7],""
3989,"GrantsLevel30Reckoning",[6],""
3990,"MinionsRecoverLifeOnKillingPoisonedEnemy",[5],""
3991,"WhenReachingMaxPowerChargesGainAFrenzyCharge",[6],""
3992,"GrantsEnvy",[6],""
3993,"GainArmourIfBlockedRecently",[6],""
3994,"EnemiesBlockedAreIntimidated",[6],""
3995,"MinionsPoisonEnemiesOnHit",[7],""
3996,"GrantsLevel20BoneNovaTrigger",[6],""
3997,"GrantsLevel20IcicleNovaTrigger",[6],""
3998,"AttacksCauseBleedingOnCursedEnemyHit",[6],""
3999,"AttacksCauseBleedingOnCursedEnemyHit25Percent",[6],""
4000,"ReceiveBleedingWhenHit",[6],""
4001,"ArmourIncreasedByUncappedFireResistance",[7],""
4002,"EvasionIncreasedByUncappedColdResistance",[7],""
4003,"CriticalChanceIncreasedByUncappedLightningResistance",[7],""
4004,"CoverInAshOnHit",[],""
4005,"CoverInFrostOnHit",[],""
4006,"CoverInAshWhenHit",[5],""
4007,"CriticalStrikesDealIncreasedLightningDamage",[6],""
4008,"MaximumEnergyShieldAsPercentageOfLife",[6],""
4009,"GlobalIgniteProlif",[6],""
4010,"ChillEnemiesWhenHit",[6],""
4011,"Roll6LinkedRandomColourSockets",[],""
4012,"OnlySocketCorruptedGems",[],""
4013,"CurseLevel10VulnerabilityOnHit",[5],""
4014,"ColdAndLightningResistToMeleeDamageJewel",[],""
4015,"FireAndLightningResistToProjectileAttackDamageJewel",[],""
4016,"FireAndColdResistToSpellDamageJewel",[],""
4017,"FireResistConvertedToBlockChanceScaledJewel",[6],""
4018,"ColdResistConvertedToDodgeChanceScaledJewel",[6],""
4019,"LightningResistConvertedToSpellBlockChanceScaledJewel",[6],""
4020,"FireResistAlsoGrantsEnduranceChargeOnKillJewel",[6],""
4021,"ColdResistAlsoGrantsFrenzyChargeOnKillJewel",[6],""
4022,"LightningResistAlsoGrantsPowerChargeOnKillJewel",[6],""
4023,"JewelEffectBaseRadius",[],""
4024,"LightningStrikesOnCrit",[6],""
4025,"ArcticArmourBuffEffect",[6],""
4026,"FleshAndStoneAreaOfEffect",[6],""
4027,"TempestShieldBuffEffect",[6],""
4028,"ArcticArmourReservationCost",[6],""
4029,"ArcticArmourReservationEfficiency",[6],""
4030,"ArcticArmourNoReservation",[6],""
4031,"MinionLeechOnPoisonedEnemies",[6],""
4032,"BleedingEnemiesExplode",[],""
4033,"ChilledGroundEffect",[],""
4034,"HeraldOfIceDamage",[],""
4035,"IncreasedLightningDamageTaken",[],""
4036,"PercentLightningDamageTakenFromManaBeforeLife",[7],""
4037,"PercentManaRecoveredWhenYouShock",[6],""
4038,"ChanceToCastOnManaSpent",[],""
4039,"AdditionalChanceToBlockInOffHand",[5],""
4040,"CriticalStrikeChanceInMainHand",[5],""
4041,"CriticalStrikeMultiplierPerGreenSocket",[5],""
4042,"LifeLeechFromPhysicalAttackDamagePerRedSocket",[5],""
4043,"FlaskIncreasedDurationUnique1",[6],""
4044,"IncreasedFlaskChargesForOtherFlasksDuringEffect",[6],""
4045,"CannotGainFlaskChargesDuringFlaskEffect",[6],""
4046,"CannotGainFlaskChargesFromKills",[],""
4047,"CanOnlyGainFlaskChargesFromKills",[],""
4048,"IncreasedLightningDamagePer10Intelligence",[7],""
4049,"IncreasedDamagePerEnduranceCharge",[5],""
4050,"CannotBeShockedWhileMaximumEnduranceCharges",[5],""
4051,"IncreasedStunDurationOnSelf",[5],""
4052,"MapProphecyMaster",[],""
4053,"ExileElementalDamageIncreaseRotation",[],""
4054,"ReducedDamageIfNotHitRecently",[7],""
4055,"IncreasedEvasionIfHitRecently",[7],""
4056,"MonsterCannotBeChainedFrom",[],""
4057,"MovementSpeedIfUsedWarcryRecently",[5],""
4058,"LifeRegeneratedAfterSavageHit",[5],""
4059,"ReducedDamageIfTakenASavageHitRecently",[5],""
4060,"IncreasedDamagePerLevelDifferenceAgainstHigherLevelEnemies",[],""
4061,"IncreasedCostOfMovementSkills",[5],""
4062,"IncreasedEvasionWithOnslaught",[5],""
4063,"AttackDamageLifeLeechAgainstBleedingEnemies",[],""
4064,"AttackDamageManaLeechAgainstPoisonedEnemies",[],""
4065,"IIQFromMaimedEnemies",[],""
4066,"IIRFromMaimedEnemies",[],""
4067,"AdditionalChainWhileAtMaxFrenzyCharges",[7],""
4068,"CriticalStrikesDoNotFreeze",[],""
4069,"ChanceToGainFrenzyChargeOnKillingFrozenEnemy",[6],""
4070,"GainPhasingFor4SecondsOnBeginESRecharge",[5],""
4071,"ChanceToDodgeAttacksWhilePhasing",[5],""
4072,"AvoidElementalStatusAilmentsPhasing",[5],""
4073,"IIRWhilePhasing",[5],""
4074,"ManaRegenerationWhilePhasing",[5],""
4075,"AdditionalChanceToBlockAgainstTauntedEnemies",[],""
4076,"IncreasedArmourAndEvasionIfKilledTauntedEnemyRecently",[],""
4077,"SummonMaximumNumberOfSocketedTotems",[],""
4078,"TotemElementalResistPerActiveTotem",[],""
4079,"SpellsCastByTotemsHaveReducedCastSpeedPerTotem",[],""
4080,"AttacksByTotemsHaveReducedAttackSpeedPerTotem",[],""
4081,"ManaRecoveryRate",[1],""
4082,"ManaRecoveryRateMaven",[1],""
4083,"AttacksChainInMainHand",[6],""
4084,"AttacksExtraProjectileInOffHand",[5],""
4085,"CounterAttacksAddedColdDamage",[],""
4086,"IncreasedGolemDamagePerGolem",[6],""
4087,"IncreasedLifeWhileNoCorruptedItems",[6],""
4088,"LifeRegenerationPerMinuteWhileNoCorruptedItems",[6],""
4089,"EnergyShieldRegenerationPerMinuteWhileAllCorruptedItems",[6],""
4090,"BaseManaRegenerationWhileAllCorruptedItems",[6],""
4091,"GlobalAddedChaosDamage",[6],""
4092,"GlobalAddedPhysicalDamage",[6],""
4093,"GlobalAddedFireDamage",[6],""
4094,"GlobalAddedColdDamage",[6],""
4095,"GlobalAddedLightningDamage",[6],""
4096,"EnergyShieldRegenerationperMinuteWhileOnLowLife",[6],""
4097,"MapProphecyLeague",[],""
4098,"ReflectPhysicalDamageToSelfOnHit",[],""
4099,"IgnoreHexproof",[7],""
4100,"PoisonCursedEnemiesOnHit",[5],""
4101,"ChanceToPoisonCursedEnemiesOnHit",[5],""
4102,"ChanceToBeShocked",[],""
4103,"EnchantmentAncestorTotemSlashAddedFireDamage",[],""
4104,"EnchantmentFrostBoltDamage",[],""
4105,"EnchantmentFrostBoltCastSpeed",[],""
4106,"EnchantmentFrostBoltFreezeChance",[],""
4107,"EnchantmentVoltaxicBurstDamage",[4],""
4108,"EnchantmentVortexDamage",[],""
4109,"EnchantmentVortexRadius",[],""
4110,"EnchantmentVortexDuration",[],""
4111,"EnchantmentVortexAoEOnFrostbolt",[],""
4112,"EnchantmentVortexCooldownRecovery",[4],""
4113,"EnchantmentWaterSphereDamage",[],""
4114,"EnchantmentWaterSpherePulseFrequency",[],""
4115,"EnchantmentWaterSphereExposureAmount",[],""
4116,"ChestDropFireWarbandUnique",[],""
4117,"ChestDropColdWarbandUnique",[],""
4118,"ChestDropLightningWarbandUnique",[],""
4119,"ChestDropChaosWarbandUnique",[],""
4120,"ChestDroppedWeaponsAnimate",[],""
4121,"EnchantmentAncestorTotemSlamMeleeDamage",[],""
4122,"EnchantmentAncestorTotemAttackSpeed",[],""
4123,"GlobalDefensesPerWhiteSocket",[],""
4124,"ChestDropMarakethWeapons",[],""
4125,"ChestDropDeshretUnique",[],""
4126,"ItemQuantityWhileWearingAMagicItem",[7],""
4127,"ItemRarityWhileWearingANormalItem",[7],""
4128,"AdditionalAttackTotems",[7],""
4129,"MonsterAdditionalCurrencyItems",[],""
4130,"MinionColdResist",[6],""
4131,"MinionFireResist",[6],""
4132,"MinionPhysicalDamageAddedAsCold",[6],""
4133,"FlaskStunImmunity",[],""
4134,"PhasingOnTrapTriggered",[6],""
4135,"GainEnergyShieldOnTrapTriggered",[6],""
4136,"GainLifeOnTrapTriggered",[6],""
4137,"GainFrenzyChargeOnTrapTriggered",[6],""
4138,"BleedingImmunity",[6],""
4139,"SelfStatusAilmentDuration",[6],""
4140,"PoisonOnMeleeHit",[7],""
4141,"LifeLeechVsCursedEnemies",[7],""
4142,"MovementSpeedIfKilledRecently",[7],""
4143,"ControlledDestructionSupport",[7],""
4144,"ControlledDestructionSupportLevel10Boolean",[7],""
4145,"LifeRegenerationPercentPerEnduranceCharge",[7],""
4146,"ChanceForDoubleStunDuration",[7],""
4147,"AttackCastMoveOnWarcryRecently",[7],""
4148,"MapDroppedItemsAreMirrored",[],""
4149,"ChaosSkillEffectDuration",[6],""
4150,"PoisonDuration",[6],""
4151,"PoisonDurationChaosDamage",[1],""
4152,"KiarasDeterminationBuff",[8],""
4153,"MonsterIsCorruptedDisplay",[],""
4154,"TotemCastsIceNovaText",[],""
4155,"TotemCastsShockNovaText",[],""
4156,"TotemCastsFireNovaText",[],""
4157,"TotemCastsFlaskChargeNovaText",[],""
4158,"TotemHasDamageAuraText",[],""
4159,"TotemHasTemporalChainsAuraText",[],""
4160,"TotemHasMovementSkillDamageAuraText",[],""
4161,"TotemCastsBleedNovaText",[],""
4162,"ItemsDropCorrupted",[],""
4163,"ColdDamageAlsoIgnites",[7],""
4164,"ProphecyMagicBanditPackDropAdditionalCurrency",[],""
4165,"BleedOnMeleeHitChance",[7],""
4166,"EssenceDaemon",[],""
4167,"EssenceBuffHorror",[],""
4168,"ChestDropsCardsFromCurrentWorldArea",[],""
4169,"MonsterTotemDuration",[],""
4170,"SummonMonsterOnDeath",[],""
4171,"EssenceInsectSummonedOnDeath",[],""
4172,"EssenceElementalSummonedOnDeath",[],""
4173,"EssenceDaemonArcticGolemOnDeath",[],""
4174,"EssenceFleshmonsterSummonedOnDeath",[],""
4175,"ArmourAndEvasionRating",[1],""
4176,"ArmourAndEvasionRatingImplicit",[],""
4177,"EssenceDaemonAlternatingBuffsSpeedDodge",[],""
4178,"EssenceDaemonAlternatingBuffsDamage",[],""
4179,"EssenceDaemonAlternatingBuffsCrit",[],""
4180,"MapRaceData",[],""
4181,"MapMonsterLethal",[],""
4182,"SocketedGemsDealAdditionalFireDamage",[5],""
4183,"SocketedGemsHaveMoreAttackAndCastSpeed",[5],""
4184,"SocketedGemsAddPercentageOfPhysicalAsLightning",[5],""
4185,"SocketedGemsDealMoreElementalDamage",[5],""
4186,"ElementalDamageTakenWhileStationary",[2],""
4187,"BurningGroundWhileMoving",[2],""
4188,"ShockedGroundWhileMoving",[],""
4189,"PhysicalDamageTakenAsCold",[2],""
4190,"ReducedDamageFromCriticalStrikesPerEnduranceCharge",[2],""
4191,"MapLabyrinthPopUpTraps",[],""
4192,"MirageOfBonesPerMinionDeath",[],""
4193,"MirageOfBonesDamageTaken",[],""
4194,"FireSeaWitchHealFromLava",[],""
4195,"MapBossesUnionOfSouls",[],""
4196,"ChaosDamageOverTimeTaken",[1],""
4197,"SocketedSkillsCriticalChance",[2],""
4198,"AttackAndCastSpeedDuringFlaskEffect",[1],""
4199,"AddedColdDamagePerFrenzyCharge",[2],""
4200,"AddedFireDamageIfBlockedRecently",[1],""
4201,"AddedFireDamagePer100LowestOfLifeOrMana",[],""
4202,"ElementalPenetrationDuringFlaskEffect",[1],""
4203,"AdditionalPhysicalDamageReductionDuringFlaskEffect",[1],""
4204,"ReflectDamageTaken",[1],""
4205,"PowerChargeOnBlock",[1],""
4206,"NearbyEnemiesChilledOnBlock",[1],""
4207,"PoisonDamage",[1],""
4208,"PoisonDamageAddedChaosToAttacks",[1],""
4209,"PoisonDamageAddedChaosToSpells",[1],""
4210,"ChanceToRecoverManaOnSkillUse",[1],""
4211,"CrushOnHitChance",[1],""
4212,"AlchemistsGeniusOnFlaskUseChance",[1],""
4213,"FortifyEffect",[1],""
4214,"FortifyEffectMaven",[1],""
4215,"MapEssenceLeague",[],""
4216,"MapEssenceLeagueExtra",[],""
4217,"MapEssenceLeagueCrafted",[],""
4218,"MapEssenceLeagueMemoryLine",[],""
4219,"PowerFrenzyOrEnduranceChargeOnKill",[1],""
4220,"SocketedGemsNonCurseAuraEffect",[2],""
4221,"FireBurstOnHit",[2],""
4222,"FireBurstOnHitLevel",[],""
4223,"FireBurstOnHitMonster",[],""
4224,"MonsterBuff",[],""
4225,"ChestDropsAddedCardsThatGiveUniques",[],""
4226,"ChestDropsAddedCardsThatGivesCorruptedItems",[],""
4227,"ChestDropsAddedCardsThatGiveCurrency",[],""
4228,"ChestDropsAddedCardsThatGiveWeapons",[],""
4229,"ChestDropsAddedCardsThatGiveArmour",[],""
4230,"ChestDropsAdditionalSocketCurrency",[],""
4231,"ChestDropsAdditionalSpecialCurrency",[],""
4232,"ChestDropsAdditionalVaalOrbs",[],""
4233,"ChestDropsAdditionalInfluenceScarabs",[],""
4234,"ChestDropsAdditionalSulphiteScarabs",[],""
4235,"ChestDropsAdditionalBreachScarabs",[],""
4236,"ChestDropsAdditionalCartographyScarabs",[],""
4237,"ChestDropsAdditionalDivinationScarabs",[],""
4238,"ChestDropsAdditionalAnarchyScarabs",[],""
4239,"ChestDropsAdditionalHarbingerScarabs",[],""
4240,"ChestDropsAdditionalMiscScarabs",[],""
4241,"ChestDropsAdditionalDeliriumScarabs",[],""
4242,"ChestDropsAdditionalBeyondScarabs",[],""
4243,"ChestDropsAdditionalTormentScarabs",[],""
4244,"ChestDropsAdditionalLegionScarabs",[],""
4245,"ChestDropsAdditionalBlightScarabs",[],""
4246,"ChestDropsAdditionalRitualScarabs",[],""
4247,"ChestDropsAdditionalHarvestScarabs",[],""
4248,"ChestDropsAdditionalStrongboxScarabs",[],""
4249,"ChestDropsAdditionalDominationScarabs",[],""
4250,"ChestDropsAdditionalBetrayalScarabs",[],""
4251,"ChestDropsAdditionalUltimatumScarabs",[],""
4252,"ChestDropsAdditionalEssenceScarabs",[],""
4253,"ChestDropsAdditionalBeastScarabs",[],""
4254,"ChestDropsAdditionalAbyssScarabs",[],""
4255,"ChestDropsAdditionalExpeditionScarabs",[],""
4256,"ChestDropsAdditionalReliquaryScarabs",[],""
4257,"ChestDropsAdditionalIncursionScarabs",[],""
4258,"ChestDropsAdditionalMapCurrency",[],""
4259,"ChestDropsAdditionalFragments",[],""
4260,"ChestEngineerOrbReopenableChance",[],""
4261,"ChestAllScarabsSameType",[],""
4262,"ChestDropsArmourLifeMod",[],""
4263,"ChestDropsArmourMovementSpeedMod",[],""
4264,"ChestDropsWeaponPhysicalMod",[],""
4265,"ChestDropsWeaponElementalMod",[],""
4266,"ChestDropsAddedCardsFromTheSameSet",[],""
4267,"RemnantOfCorruptionMonsterBuff",[],""
4268,"RemnantOfCorruptionMonsterAura",[],""
4269,"RemnantOfCorruptionMonsterStats",[],""
4270,"VaultTreasureDaemon",[],""
4271,"MonsterCannotBeSlowed",[],""
4272,"GrantsEssenceMinion",[2],""
4273,"OnslaughtWhenHitChance",[1],""
4274,"OnslaughtWhenHitForDuration",[1],""
4275,"SupportDamageOverTime",[2],""
4276,"DecayOnHit",[2],""
4277,"DecayOnHitVariable",[],""
4278,"MovementSpeedOnBurningChilledShockedGround",[1],""
4279,"ManaGainedOnBlock",[1],""
4280,"CannotLeechFromCriticalStrikes",[],""
4281,"ChanceToBlindOnCriticalStrikes",[7],""
4282,"BleedOnMeleeCriticalStrike",[6],""
4283,"StunDurationBasedOnEnergyShield",[8],""
4284,"SilverCoinsStrongbox",[],""
4285,"ChestSpecificDivinationCards",[7],""
4286,"MonsterTauntDamageReduction",[],""
4287,"TakeNoExtraDamageFromCriticalStrikes",[8],""
4288,"ShockedEnemyCastSpeed",[6],""
4289,"ShockedEnemyMovementSpeed",[6],""
4290,"IncreasedBurningDamageIfYouHaveIgnitedRecently",[6],""
4291,"RecoverLifePercentOnIgnite",[7],""
4292,"IncreasedMeleePhysicalDamageAgainstIgnitedEnemies",[5],""
4293,"NormalMonsterItemQuantity",[6],""
4294,"MagicMonsterItemRarity",[6],""
4295,"MapAtlasBossAdditionalUnique",[],""
4296,"MapAtlasBossDropsShaperGuardianMap",[],""
4297,"MapAtlasBossDropsElderGuardianMap",[],""
4298,"MapAtlasBossDropsConquerorMap",[],""
4299,"MapAtlasUnIDedMapsGrantQuantity",[],""
4300,"MapAtlasContainsAdditionalInvasionBoss",[],""
4301,"MapAtlasFireDamageAndPacks",[],""
4302,"MapAtlasColdDamageAndPacks",[],""
4303,"MapAtlasLightningDamageAndPacks",[],""
4304,"MapAtlasPhysicalDamageAndPacks",[],""
4305,"MapAtlasChaosDamageAndPacks",[],""
4306,"MapAtlasUniqueMonstersDropCorruptedItems",[],""
4307,"MapAtlasMapsHave20PercentQuality",[],""
4308,"MapAtlasMapQualityBonusAlsoAppliesToRarity",[],""
4309,"MapAtlasFishy",[],""
4310,"MapAtlasContainsMission",[],""
4311,"MapAtlasStrongboxesAreCorruptedAndUnided",[],""
4312,"MapAtlasCorruptedMapBossesDropAdditionalVaalItems",[],""
4313,"MapAtlasMagicPackSize",[],""
4314,"MapAtlasRogueExilesDamageAndDropAdditionalJewels",[],""
4315,"MapAtlasMagicAndRareMapsHaveAdditionalPacks",[],""
4316,"MapAtlasReducedReflectedDamageTakenMirroredRares",[],""
4317,"MapAtlasClustersOfWealthyBarrels",[],""
4318,"MapAtlasClustersOfVolatileBarrels",[],""
4319,"MapAtlasClustersOfBloodwormBarrels",[],""
4320,"MapAtlasClustersOfParasiteBarrels",[],""
4321,"MapAtlasClustersOfBeaconBarrels",[],""
4322,"MapAtlasStrongboxMonstersEnrageAndDrops",[],""
4323,"MapAtlasHighValueEnemiesOnOwnTeam",[],""
4324,"MapAtlasMontersThatConvertOnDeath",[],""
4325,"MapAtlasInstantFlasksAndHealingMonsters",[],""
4326,"MapAtlasBodyguardsAndBossMapDrops",[],""
4327,"MapAtlasAdditionalBreaches",[],""
4328,"MapAtlasBreachIsSpecificType",[],""
4329,"MapAtlasAdditionalAbysses",[],""
4330,"MapAtlasAdditionalEssencesAndRemnantChance",[],""
4331,"MapAtlasMapDropsAreCorruptedAndHave8Modifiers",[],""
4332,"MapAtlasCapturedBeastsDuplicateChance",[],""
4333,"MapAtlasExpeditionAdditionalRunicMonsterMarkers",[],""
4334,"MapAtlasLegionSplintersEmblemsDuplicated",[],""
4335,"MapAtlasMetamorphCatalystsDuplicated",[],""
4336,"MapAtlasBlightOilsChanceToDropOneTierHigher",[],""
4337,"MapAtlasBetrayalIntelligence",[],""
4338,"MapAtlasDeliriumRewardsFillFaster",[],""
4339,"MapAtlasHarvestSeedsOneTierHigher",[],""
4340,"MapAtlasHeistContractsHaveImplicitModifier",[],""
4341,"MapAtlasRitualsInAreasCanBeRerolledOnceAtNoCost",[],""
4342,"HeistContractChestRewardsDuplicated",[],""
4343,"HeistContractAdditionalIntelligence",[],""
4344,"HeistContractNPCPerksDoubled",[],""
4345,"HeistContractBetterTargetValue",[],""
4346,"CriticalStrikeChanceForForkingArrows",[5],""
4347,"ArrowsAlwaysCritAfterPiercing",[5],""
4348,"ArrowsThatPierceCauseBleeding",[5],""
4349,"ArrowsThatPierceCauseBleeding25Percent",[5],""
4350,"IncreaseProjectileAttackDamagePerAccuracy",[7],""
4351,"AdditionalSpellProjectiles",[7],""
4352,"IncreasedMinionDamageIfYouHitEnemy",[5],""
4353,"MinionDamageAlsoAffectsYou",[6],""
4354,"ChimeraMinionFerocity",[],""
4355,"AbberathsFuryStance",[],""
4356,"GlobalCriticalStrikeChanceAgainstChilled",[6],""
4357,"CastSocketedColdSpellsOnMeleeCriticalStrike",[7],""
4358,"IncreasedAttackAreaOfEffect",[6],""
4359,"PhysicalDamageCanShock",[7],""
4360,"DealNoElementalDamage",[],""
4361,"MonsterMaimOnHit",[],""
4362,"MonsterMaimOnHitChance",[],""
4363,"MonsterBleedOnHitChance",[],""
4364,"LocalMaimOnHitChance",[],""
4365,"TakeFireDamageOnIgnite",[],""
4366,"FireDamageLeechedAsLifeWhileIgnited",[6],""
4367,"ChanceForSpectersToGainSoulEaterOnKill",[7],""
4368,"MovementSkillsDealNoPhysicalDamage",[],""
4369,"GainPhasingIfKilledRecently",[6],""
4370,"MovementSkillsCostNoMana",[],""
4371,"ProjectileAttackDamage",[1],""
4372,"ManaPerStrength",[5],""
4373,"EnergyShieldPerStrength",[5],""
4374,"LifePerDexterity",[5],""
4375,"MeleePhysicalDamagePerDexterity",[5],""
4376,"AccuracyPerIntelligence",[5],""
4377,"EvasionRatingPerIntelligence",[5],""
4378,"TotemBossTeamAAtollDaemon",[],""
4379,"DaemonAlternatingBuffsStatueMaker",[],""
4380,"ChanceToGainFrenzyChargeOnStun",[7],""
4381,"IncreasedDamageOverTimeDuringFlaskEffect",[6],""
4382,"VulnerabilityAuraDuringFlaskEffect",[6],""
4383,"VulnerabilityAuraDuringFlaskEffectNew",[6],""
4384,"PrrojectilesPierceWhilePhasing",[6],""
4385,"AdditionalPierceWhilePhasing",[],""
4386,"ChanceToAvoidProjectilesWhilePhasing",[6],""
4387,"FlaskAdditionalProjectilesDuringEffect",[6],""
4388,"FlaskIncreasedAreaOfEffectDuringEffect",[6],""
4389,"VaultBossStanceMods",[],""
4390,"VaultBossTreasurePileDamageBuff",[],""
4391,"MapEnemiesDropStackedDeck",[],""
4392,"MapPlayerCurseProjectileWeakness",[],""
4393,"MapPlayerCurseConductivity",[],""
4394,"MapPlayerCurseFlammability",[],""
4395,"MapPlayerCurseFrostbite",[],""
4396,"MapMonsterLevelOverride",[7],""
4397,"CelestialFootprints",[],""
4398,"MonsterDaemonSlowingTotem",[],""
4399,"MonsterChanceToSpreadTarOnHit",[],""
4400,"ShaperTouched",[],""
4401,"ShaperHealed",[],""
4402,"MapDisplayBossDropsDivinationCards",[7],""
4403,"HallowedGroundBonus",[],""
4404,"MinionAttackSpeed",[6],""
4405,"MinionCastSpeed",[],""
4406,"MinionAccuracyRating",[1],""
4407,"MapFlaskChargeRecovery",[],""
4408,"MapBossLessIgnitePoisonBleedDuration",[],""
4409,"IncreasedDamageVersusTikiTotems",[],""
4410,"IsSpider",[],""
4411,"DamageAgainstSpidersWhileSpider",[],""
4412,"DamageTakenFromSpidersWhileSpider",[],""
4413,"MovementSpeedWhileSpider",[],""
4414,"PhasingWhileSpider",[],""
4415,"MapDropsAllMaps",[],""
4416,"MapBreachLeague",[],""
4417,"MapBreachLeagueCrafted",[],""
4418,"MapBreachLeagueMemoryLine",[],""
4419,"MonsterSextantLifeQualityQuantity",[],""
4420,"Deprecated",[],""
4421,"ThrowTrapsInCircleSunblast",[],""
4422,"SpellMaximumActionDistance",[],""
4423,"MonsterConvertsOnDeath",[],""
4424,"StrongboxEnrageEnchantment",[],""
4425,"ChestBarrelRarity",[],""
4426,"ChestBarrelSummonWorm",[],""
4427,"ChestBarrelSummonParasite",[],""
4428,"ChestBarrelBeacon",[],""
4429,"ChestBarrelCausticCloud",[],""
4430,"ChestBarrelArchnemesisGreedDebuff",[],""
4431,"GolemPerPrimordialJewel",[],""
4432,"PrimordialJewelCount",[],""
4433,"GolemLifeUnique",[6],""
4434,"GolemLifeRegenerationUnique",[6],""
4435,"IncreasedDamageIfGolemSummonedRecently",[6],""
4436,"IncreasedGolemDamageIfGolemSummonedRecently",[6],""
4437,"GolemSkillsCooldownRecoveryUnique",[6],""
4438,"GolemsSkillsCooldownRecoveryUnique",[6],""
4439,"GolemBuffEffectUnique",[6],""
4440,"GolemAttackAndCastSpeedUnique",[6],""
4441,"GolemArmourRatingUnique",[6],""
4442,"MonsterVoriciNonTargetBonus",[],""
4443,"MonsterDisableLifePartyScaling",[],""
4444,"ArmourPerTotem",[7],""
4445,"ElementalDamagePercentAddedAsChaos",[6],""
4446,"SpellDamageIfYouHaveCritRecently",[7],""
4447,"SpellDamageIfCritPast8Seconds",[7],""
4448,"CriticalStrikesDealNoDamage",[],""
4449,"CriticalStrikesDealNoExtraDamage",[],""
4450,"IncreasedManaRegenerationWhileStationary",[6],""
4451,"AddedArmourWhileStationary",[6],""
4452,"SpreadChilledGroundWhenHitByAttack",[6],""
4453,"LocalFlaskUnholyMight",[7],""
4454,"NonCriticalStrikesDealNoDamage",[],""
4455,"CritMultiIfDealtNonCritRecently",[7],""
4456,"EnemiesDestroyedOnKill",[6],""
4457,"RecoverPercentMaxLifeOnKill",[6],""
4458,"MapDisableProphecies",[],""
4459,"CriticalMultiplierPerBlockChance",[],""
4460,"AttackDamagePerLowestArmourOrEvasion",[6],""
4461,"FortifyOnMeleeStun",[6],""
4462,"OnslaughtWhileFortified",[6],""
4463,"StatsDoubledInBreach",[],""
4464,"GrantsSpiderMinion",[7],""
4465,"CannotCastSpells",[5],""
4466,"CannotDealSpellDamage",[5],""
4467,"CannotReseveMana",[5],""
4468,"MinionDamageWhileASpider",[],""
4469,"GoatHoofFootprints",[],""
4470,"FireDamagePerStrength",[],""
4471,"GolemLargerAggroRadius",[6],""
4472,"MaximumLifeConvertedToEnergyShield",[7],""
4473,"BreachFireUnique",[10],""
4474,"BreachColdUnique",[11],""
4475,"BreachLightningUnique",[12],""
4476,"BreachPhysicalUnique",[13],""
4477,"BreachChaosUnique",[14],""
4478,"BreachFireUniqueUnleashed",[15],""
4479,"BreachColdUniqueUnleashed",[16],""
4480,"BreachLightningUniqueUnleashed",[17],""
4481,"BreachPhysicalUniqueUnleashed",[18],""
4482,"BreachChaosUniqueUnleashed",[19],""
4483,"MonsterCurseOnHitVulnerability",[],""
4484,"MonsterCurseOnHitChanceVulnerability",[],""
4485,"CannotBeUsedAsMinion",[],""
4486,"BreachDomainTiming",[],""
4487,"LocalChanceToPoisonOnHit",[6],""
4488,"LocalChanceToPoisonOnHitChaosDamage",[6],""
4489,"BreachDomainBossMod",[],""
4490,"IncreasedSpellDamageWhileShocked",[5],""
4491,"MaximumResistanceWithNoEnduranceCharges",[6],""
4492,"BeyondPortalChance",[],""
4493,"OnslaughtWithMaxEnduranceCharges",[6],""
4494,"MinionsGainYourStrength",[5],""
4495,"AdditionalZombiesPerXStrength",[5],""
4496,"ZombiesLeechLifeToYouAt1000Strength",[6],""
4497,"BleedDuration",[5],""
4498,"IncreasedRarityPerRampageStacks",[6],""
4499,"MonsterDaemonSummonRagingSpirits",[],""
4500,"VaalKillFromNoExpMonsters",[],""
4501,"ShrapnelShotThresholdJewel",[],""
4502,"ImmuneToBurningShockedChilledGround",[6],""
4503,"FlatLifePer10Dexterity",[6],""
4504,"LifeRegenerationWhileMoving",[6],""
4505,"SpellsAreDisabled",[7],""
4506,"MovementSkillsAreDisabled",[],""
4507,"MaxLifePerItemRarity",[6],""
4508,"PercentDamagePerItemQuantity",[6],""
4509,"ItemQuantityPerChestOpenedRecently",[5],""
4510,"MovementSpeedPerChestOpenedRecently",[5],""
4511,"PirateChestUniques",[],""
4512,"LunarisGuardGloomElementalDaemon",[],""
4513,"SolarisGuardRighteousFireDaemon",[],""
4514,"WarcryKnockback",[6],""
4515,"AttackAndCastSpeedOnUsingMovementSkill",[],""
4516,"CannotBeSlowedBelowBase",[],""
4517,"MapBlightLeagueCrafted",[],""
4518,"MapBlightLeagueMemoryLine",[],""
4519,"MapAtlasBlight",[],""
4520,"MovementCannotBeSlowedBelowBase",[5],""
4521,"IncreasedEnergyShieldAndStunRecovery",[],""
4522,"AttackDamageManaLeech",[5],""
4523,"ClassicLeaguestoneAdditionalAreas",[],""
4524,"EnergyShieldStartsAtZero",[],""
4525,"FlaskElementalPenetrationOfHighestResist",[6],""
4526,"FlaskElementalDamageTakenOfLowestResist",[6],""
4527,"DisplaySupportedByEnduranceChargeOnStun",[7],""
4528,"KaomWarriorSlowFireBeam",[],""
4529,"KaomWarriorSlowFireBeam2",[],""
4530,"LeaguestoneAreaContainsBreaches",[],""
4531,"LeaguestoneAreaContainsAdditionalBreaches",[],""
4532,"MapRareBreachMonsterDropsAdditionalShards",[],""
4533,"MapBreachContainsBoss",[],""
4534,"MapBreachContainsLargeChest",[],""
4535,"MapIncreasedBreachMonsterQuantity",[],""
4536,"MapAreaContainsMonoliths",[],""
4537,"MapAreaContainsAdditionalMonoliths",[],""
4538,"MapEssenceMonstersHaveAdditionalEssences",[],""
4539,"MapEssenceMonstersAreCorrupted",[],""
4540,"MapEssenceMonstersContainHigherTierEssences",[],""
4541,"LeaguestoneAreaContainsTalismans",[],""
4542,"LeaguestoneAreaContainsAdditionalTalismans",[],""
4543,"MapTalismansDropAtHigherTiers",[],""
4544,"MapTalismansDropAsRare",[],""
4545,"MapAreaContainsAStoneCircle",[],""
4546,"MapAreaContainsATalismanBoss",[],""
4547,"LeaguestoneAreaContainsRogueExiles",[],""
4548,"MapRogueExilesAreTwinned",[],""
4549,"MapRogueExileDropsQualityGem",[],""
4550,"MapRogueExilesDealExtraDamage",[],""
4551,"MapRogueExileAttackCastMovementSpeed",[],""
4552,"MapRogueExilesDealExtraDamageAndAreFaster",[],""
4553,"MapClassicLeague",[],""
4554,"DisplayGrantsVengeance",[5],""
4555,"CannotLeechLife",[6],""
4556,"CannotLeechEnergyShield",[],""
4557,"AllResistanceAt200Strength",[5],""
4558,"LifeRegenerationAt400Strength",[5],""
4559,"LifeRegenerationIfHitRecently",[],""
4560,"AttackBlockIfBlockedSpellRecently",[5],""
4561,"SpellBlockIfBlockedAttackRecently",[5],""
4562,"AttackBlockIfBlockedAttackRecently",[5],""
4563,"SpellBlockIfBlockedSpellRecently",[5],""
4564,"AddedChaosDamageWhileUsingAFlask",[],""
4565,"GainPowerChargesOnUsingWarcry",[],""
4566,"AttackLeechAgainstTauntedEnemy",[],""
4567,"WarcryCooldownSpeed",[1],""
4568,"WarcryEffect",[1],""
4569,"OnslaughtOnUsingWarcry",[6],""
4570,"AddedColdDamageAgainstFrozenEnemies",[6],""
4571,"AvoidShockWhileChilled",[5],""
4572,"ChanceToShockChilledEnemies",[5],""
4573,"AvoidFreezeAndChillIfFireSkillUsedRecently",[],""
4574,"HeraldOfThunderBuffEffect",[],""
4575,"TotemLeechLifeToYou",[],""
4576,"TriggeredConsecrate",[],""
4577,"IncreasedDamageOnConsecratedGround",[],""
4578,"BlockChanceOnConsecratedGround",[],""
4579,"ChillEnemiesOnHitWithWeapon",[],""
4580,"SupportFlatAddedFireDamage",[],""
4581,"PhysicalDamageToAttacksPerLevel",[7],""
4582,"RightRingSlotMaximumMana",[],""
4583,"LeftRingSlotMaximumEnergyShield",[],""
4584,"LeftRingSlotFlatManaRegen",[],""
4585,"NearbyEnemiesAreIntimidated",[7],""
4586,"NearbyAlliesMovementVelocity",[7],""
4587,"WeaponElementalPenetration",[7],""
4588,"IncreasedElementalDamageIfUsedWarcryRecently",[7],""
4589,"TriggeredAnimateWeapon",[],""
4590,"AddedFireDamagePerStrength",[2],""
4591,"AddedColdDamagePerDexterity",[2],""
4592,"LocalGolemBuffEffect",[7],""
4593,"LocalGolemLifeAddedAsES",[7],""
4594,"LocalGolemIncreasedAttackAndCastSpeed",[7],""
4595,"LocalGolemGrantsOnslaughtOnSummon",[7],""
4596,"LocalGolemTauntOnHit",[7],""
4597,"LocalGolemLifeRegeneration",[7],""
4598,"LocalVaalDamage",[7],""
4599,"LocalVaalSoulRequirement",[7],""
4600,"LocalVaalUsesToStore",[7],""
4601,"LocalVaalIgnoreMonsterResistances",[7],""
4602,"LocalVaalIgnoreMonsterPhysicalReduction",[7],""
4603,"LocalVaalElusiveOnUse",[7],""
4604,"LocalVaalTailwindIfUsedRecently",[7],""
4605,"LocalVaalAreaOfEffect",[7],""
4606,"LocalVaalProjectileSpeed",[7],""
4607,"LocalVaalSkillEffectDuration",[7],""
4608,"LocalVaalSoulGainPrevention",[7],""
4609,"LocalVaalLuckyDamage",[7],""
4610,"LocalVaalAuraEffect",[7],""
4611,"MapAreaHasRandomProphecy",[],""
4612,"MapAreaContainsYamaTheWhite",[],""
4613,"MapAreaContainsAvatarOfProphecy",[],""
4614,"MapAreaContainsAvatarOfBreach",[],""
4615,"MapAreaContainsAvatarOfEssence",[],""
4616,"MapAreaContainsAvatarOfPerandus",[],""
4617,"MapAreaContainsAvatarOfAnarchy",[],""
4618,"MapAreaContainsAvatarOfTalisman",[],""
4619,"MapAreaContainsAvatarOfTempest",[],""
4620,"AvatarConvocationDaemon",[],""
4621,"MapLeaguestoneSilverCoinImplicit",[],""
4622,"MapMonstersDropAdditionalSilverCoins",[],""
4623,"MapMonstersThatDropCoinsHaveIncreasedItemQuantity",[],""
4624,"IncreasedDamageToChilledEnemies",[],""
4625,"LeaguestoneSpawnBasePerandusChests",[],""
4626,"MapCadiroSpawnChance",[],""
4627,"MapAreaContainsPerandusMapChest",[],""
4628,"MapAreaContainsPerandusUniqueItemChest",[],""
4629,"MapAreaContainsPerandusCurrencyChest",[],""
4630,"MapAreaContainsPerandusCoinChest",[],""
4631,"MapAreaContainsPerandusJewelleryChest",[],""
4632,"MapDoublePerandusCoinsFound",[],""
4633,"MapVaalTempleContainsVaalVessels",[],""
4634,"MonsterExileLifeInMerciless",[],""
4635,"IncreasedFireDamgeIfHitRecently",[5],""
4636,"ImmuneToFreezeAndChillWhileIgnited",[6],""
4637,"FirePenetrationIfBlockedRecently",[5],""
4638,"DisplayGrantsBloodOffering",[7],""
4639,"TriggeredSummonLesserShrine",[7],""
4640,"MonsterFiresVaalBurningArrowText",[],""
4641,"MonsterCurseOnHitProjectileWeakness",[],""
4642,"MonsterIncursionArchitect",[],""
4643,"MonsterIncursionBoss",[],""
4644,"MapAreaContainsAdditionalPerandusChests",[],""
4645,"CastLevel1SummonLesserShrineOnKill",[],""
4646,"ChestDropReliquaryItems",[],""
4647,"MapAreaContainsAdditionalShrines",[],""
4648,"MapShrinesAreGuardedByMonsterOfRarity",[],""
4649,"MapAreaContainsASpecificShrine",[],""
4650,"MapAreaContainsAvatarOfDomination",[],""
4651,"MapNumberOfWarbandPacksOverride",[],""
4652,"MapAreaContainsAdditionalWarbandPacks",[],""
4653,"MapAreaContainsWarbandOfTypeOverride",[],""
4654,"MapAreaContainsWarbandLeader",[],""
4655,"MapWarbandItemRarityQuantity",[],""
4656,"MapIncreasedRampageDuration",[],""
4657,"MapAreaContainsAdditionalAnimatedWeaponPacks",[],""
4658,"MapGainCurrencyOnRampageStackNumber",[],""
4659,"MapSummonMonsterOnRampageStackNumber",[],""
4660,"MapItemRarityPerRampageStack",[],""
4661,"MapBossIsPossessed",[],""
4662,"MapTormentedSpiritsDropAdditionalItems",[],""
4663,"MapAreaContainsTormentedVaalCultist",[],""
4664,"MapAreaContainsTormentedSeditionist",[],""
4665,"MapAreaContainsTormentedEmbezzler",[],""
4666,"MapLeaguestoneTorment",[],""
4667,"MapAdditionalTormentedSpirits",[],""
4668,"MapAreaContainsKeepersOfTheTrovePack",[],""
4669,"MapAreaContainsWealthyPack",[],""
4670,"MapAreaContainsAdditionalMagicPacks",[],""
4671,"MapAreaContainsARandomTempest",[],""
4672,"MapAreaContainsSpecificTempest",[],""
4673,"MapTempestItemQuantity",[],""
4674,"MapTempestItemRarity",[],""
4675,"LeaguestoneMaximumArea",[],""
4676,"LeaguestoneMinimumArea",[],""
4677,"LifeGainedOnStun",[5],""
4678,"RyuslathaMinimumDamageModifier",[6],""
4679,"RyuslathaMaximumDamageModifier",[7],""
4680,"MapBeyondMonsterIncreasedItemQuantityAndRarity",[],""
4681,"MapFirstSlainBeyondBossDropsAUniqueItem",[],""
4682,"MapMonsterWillSummonBeyondBoss",[],""
4683,"MapMonsterWillSummonAbaxoth",[],""
4684,"MapGainOnslaughtFor4SecondsOnKill",[],""
4685,"MapMonsterOnslaughtEffectAndExperience",[],""
4686,"MapMonsterPackHasTurbo",[],""
4687,"MapAreaContainsAdditionalRarePacks",[],""
4688,"MapRareMonstersDropAdditionalRareItems",[],""
4689,"MapAreaContainsInnerTreasureRareMonster",[],""
4690,"MapInvasionBossItemQuantityAndRarity",[],""
4691,"MapFirstInvasionBossSlainDropsCurrency",[],""
4692,"MapInvasionBossGuardedByMagicPacks",[],""
4693,"MapLeaguestoneStrongboxImplicit",[],""
4694,"MapLeaguestoneAdditionalStrongbox",[],""
4695,"MapLeaguestoneAdditionalRareMonstersFromStrongbox",[],""
4696,"MapLeaguestoneAreaContainsGemcuttersStrongbox",[],""
4697,"MapLeaguestoneAreaContainsCartographersStrongbox",[],""
4698,"MapLeaguestoneAreaContainsUniqueStrongbox",[],""
4699,"MapLeaguestoneAdditionalRareItemsFromStrongbox",[],""
4700,"MapLeaguestoneAreaContainsArcanistsStrongbox",[],""
4701,"MapLeaguestoneTalismanMonstersDropAdditionalRareItems",[],""
4702,"MapLeaguestoneShrinesDropCurrencyOnActivation",[],""
4703,"MapLeaguestoneShrinesGrantAnAdditionalShrineEffect",[],""
4704,"MapLeaguestoneWarbandsExtraGrunts",[],""
4705,"MapLeaguestoneWarbandsExtraSupports",[],""
4706,"MapLeaguestoneWarbandsExtraElites",[],""
4707,"MapLeaguestoneOtherEssenceMonstersAreMagic",[],""
4708,"MapLeaguestoneMonstersNearShrinesAreChilled",[],""
4709,"MapLeaguestoneIncreasedShrineEffectDuration",[],""
4710,"MapLeaguestoneStrongboxRarity",[],""
4711,"MapLeaguestoneVaalOrbFromStrongboxChance",[],""
4712,"MapLeaguestoneEssenceMonsterDamageDealtAndTaken",[],""
4713,"MapLeaguestoneEssenceMonsterItemQuantity",[],""
4714,"MapLeaguestoneEssenceMonsterItemRarity",[],""
4715,"MapLeaguestoneBreachMonsterDamageDealtAndTaken",[],""
4716,"MapLeaguestoneRareBreachMonsterDropsBreachRingChance",[],""
4717,"MapLeaguestoneAreaContainsAdditionalLeaguestone",[],""
4718,"MapLeaguestoneAreaContainsSpecificEssence",[],""
4719,"MapLeaguestoneAreaContainsUulNetolBreach",[],""
4720,"MapLeaguestoneAreaContainsChayulaBreach",[],""
4721,"LeaguestoneChanceToGainSecondRampageKill",[],""
4722,"MapLeaguestoneAreaContainsVoidspawnOfAbaxothBloodline",[],""
4723,"MapLeaguestoneAreaContainsBearersOfTheGuardianBloodline",[],""
4724,"MapInvasionBossDropsAdditionalVaalOrb",[],""
4725,"MapInvasionBossDropsItemsWithAdditionalSocket",[],""
4726,"MapInvasionBossDropsFullyLinkedItems",[],""
4727,"MapRareMonstersDropRarePrismaticRingChance",[],""
4728,"MapStealModOnRareKillChance",[],""
4729,"MonsterIsBeyondBoss",[],""
4730,"MapDamageTakenFromBeyondMonsters",[],""
4731,"MapSummonBeyondBossOnBeyondBossDeathChance",[],""
4732,"MapBloodlinePackDropsCurrencyOnDeath",[],""
4733,"MapBloodlinePackDropsRareItemOnDeath",[],""
4734,"MapGainOnslaughtOnRareKill",[],""
4735,"MapPossessedMonstersTakeIncreasedDamage",[],""
4736,"MapLeaguestonePlayersHaveRampage",[],""
4737,"MapLeaguestoneBloodlines",[],""
4738,"MapLeaguestoneBeyond",[],""
4739,"MapLeaguestoneOnslaught",[],""
4740,"MapLeaguestoneNemesis",[],""
4741,"MapLeaguestoneInvasion",[],""
4742,"MapLeaguestoneAdditionalRogueExile",[],""
4743,"MapPerandusChestQuantityAndRarity",[],""
4744,"MapPerandusMonsterChanceToDropCoins",[],""
4745,"MapPerandusGuardsAreRare",[],""
4746,"MapAreaContainsPerandusUniqueMonster",[],""
4747,"MapSilverCoinMonstersDropAdditionalRareItems",[],""
4748,"MapSilverCoinMonstersDropAdditionalCurrencyItems",[],""
4749,"MapTempestAreaOfEffect",[],""
4750,"MapLeaguestoneAdditionalShrines",[],""
4751,"MapLeaguestoneMagicMonsterDamageDealtAndTaken",[],""
4752,"MapLeaguestoneOnslaughtOnOpeningStrongbox",[],""
4753,"MapLeaguestonePlayerSpellDodge",[],""
4754,"MapLeaguestonePlayerMovementSpeed",[],""
4755,"MapLeaguestoneOnslaughtDuringFlaskEffect",[],""
4756,"MapLeaguestoneRareMonstersAreHindered",[],""
4757,"MapLeaguestoneRareMonstersHaveInnerTreasure",[],""
4758,"MapLeaguestoneStealAllModsOnRareKill",[],""
4759,"MapLeaguestoneTormentSpiritDuration",[],""
4760,"MapLeaguestoneTormentSpiritMovementSpeed",[],""
4761,"MapLeaguestoneInvasionBossesAreTwinned",[],""
4762,"MapLeaguestoneAdditionalInvasionBoss",[],""
4763,"MapLeaguestoneAdditionalSilverCoinMonsters",[],""
4764,"MapIncreasedBeyondPortalChance",[],""
4765,"MonsterIsInvasionBoss",[],""
4766,"MapRogueExileDropsAreFullyLinked",[],""
4767,"MapRogueExileDropsAreCorrupted",[],""
4768,"MapRogueExileDropsAreMirrored",[],""
4769,"MapRogueExileDropsAdditionalCurrency",[],""
4770,"MapAreaContainsMandibleTalisman",[],""
4771,"MapAreaContainsChrysalisTalisman",[],""
4772,"MapAreaContainsWrithingTalisman",[],""
4773,"MapAreaContainsFangjawTalisman",[],""
4774,"MapAreaContainsClutchingTalisman",[],""
4775,"MapAreaContainsThreeRatTalisman",[],""
4776,"MapAreaContainsUniqueTalisman",[],""
4777,"MapReducedDamageTakenWhileOnRampage",[],""
4778,"MapLifeRegenerationPer10RampageStacks",[],""
4779,"MapIncreasedTempestFrequency",[],""
4780,"MapAreaContainsCorruptedStrongbox",[],""
4781,"MonsterIsBeyondMonsterDaemon",[],""
4782,"MapRogueExileDropsAdditionalJewels",[],""
4783,"HoundBossDaemon",[],""
4784,"AlwaysIgniteWhileBurning",[5],""
4785,"AdditionalBlockWhileNotCursed",[5],""
4786,"AdditionalSpellBlockWhileCursed",[5],""
4787,"LifePerLevel",[6],""
4788,"ManaPerLevel",[6],""
4789,"EnergyShieldPerLevel",[6],""
4790,"ChaosDegenAuraUnique",[7],""
4791,"HeraldsAlwaysCost45",[7],""
4792,"StunAvoidancePerHerald",[6],""
4793,"IncreasedDamageIfShockedRecently",[6],""
4794,"ShockedEnemiesExplode",[6],""
4795,"UnaffectedByShock",[6],""
4796,"DisplayWeylamsWarChest",[],""
4797,"MonsterInflictsBleedingText",[],""
4798,"MonsterInflictsMaimText",[],""
4799,"MinionAttackSpeedPerXDex",[6],""
4800,"MinionMovementSpeedPerXDex",[6],""
4801,"MinionHitsOnlyKillIgnitedEnemies",[6],""
4802,"BrineKingTideRush",[],""
4803,"MonsterSummonSewerZombieGiant",[],""
4804,"MapBossesSpawnZombieGiant",[],""
4805,"BleedingDamage",[],""
4806,"MonsterKillTrapsMinesTotemsOnDeath",[],""
4807,"DisplayMonsterBlocksProjectilesWhileCharging",[],""
4808,"LocalIncreaseSocketedHeraldLevel",[6],""
4809,"IncreasedAreaOfSkillsWithNoFrenzyCharges",[6],""
4810,"GlobalCriticalMultiplierWithNoFrenzyCharges",[6],""
4811,"AccuracyRatingWithMaxFrenzyCharges",[6],""
4812,"ReducedAttackSpeedOfMovementSkills",[6],""
4813,"IncreasedColdDamageIfUsedFireSkillRecently",[6],""
4814,"IncreasedFireDamageIfUsedColdSkillRecently",[6],""
4815,"IncreasedDamagePerPowerCharge",[5],""
4816,"ChanceToGainMaximumPowerCharges",[8],""
4817,"FireDamageCanPoison",[8],""
4818,"ColdDamageCanPoison",[8],""
4819,"LightningDamageCanPoison",[8],""
4820,"FireSkillsChanceToPoison",[5],""
4821,"ColdSkillsChanceToPoison",[5],""
4822,"LightningSkillsChanceToPoison",[5],""
4823,"GainManaAsExtraEnergyShield",[5],""
4824,"EverythingEverywhereExiles",[],""
4825,"EverythingEverywhereInvaders",[],""
4826,"EverythingEverywhereBreaches",[],""
4827,"EverythingEverywhereStrongboxes",[],""
4828,"EverythingEverywhereTormentedSpirits",[],""
4829,"EverythingEverywhereWarbands",[],""
4830,"EverythingEverywhereBeyond",[],""
4831,"EverythingEverywherePerandus",[],""
4832,"EverythingEverywhereBloodlines",[],""
4833,"EverythingEverywhereNemesis",[],""
4834,"EverythingEverywhereAbysses",[],""
4835,"EverythingEverywhereHarbingers",[],""
4836,"EverythingEverywhereLegion",[],""
4837,"EverythingEverywhereBlight",[],""
4838,"EverythingEverywhereMetamorph",[],""
4839,"EverythingEverywhereDelirium",[],""
4840,"EverythingEverywhereScourge",[],""
4841,"EverythingEverywhereRitual",[],""
4842,"EverythingEverywhereHarvest",[],""
4843,"EverythingEverywhereExpedition",[],""
4844,"EverythingEverywhereHeist",[],""
4845,"MayhemEventDifficulty",[],""
4846,"MayhemEventDifficultyPhysicalDamageAsAdded",[],""
4847,"MayhemEventDifficultyCritical",[],""
4848,"MayhemEventDifficultyHinderOnHit",[],""
4849,"MayhemEventDifficultyMaimOnHit",[],""
4850,"AltLeaguesEverywhereTormentedSpirits",[],""
4851,"AltLeaguesEverywhereBlight",[],""
4852,"AltLeaguesEverywhereLegion",[],""
4853,"AltLeaguesEverywhereDelirium",[],""
4854,"AltLeaguesEverywhereBeyond",[],""
4855,"GrantsTouchOfGod",[7],""
4856,"GrantsFireChasm",[],""
4857,"PantheonFlask",[],""
4858,"GrantsSummonBeast",[7],""
4859,"ChaosResistDoubled",[7],""
4860,"PlayerFarShot",[7],""
4861,"MinionSkillManaCost",[6],""
4862,"TriggeredAbyssalCry",[6],""
4863,"TriggeredLightningWarp",[6],""
4864,"TriggerCascadeTargetVariation",[],""
4865,"TriggerCascadeBehaviourVariation",[],""
4866,"KeystoneGhostReaver",[2],""
4867,"SummonSkeletonsNumberOfSkeletonsToSummon",[7],""
4868,"SummonSkeletonsCooldownTime",[5],""
4869,"MapSpawnHarbingers",[],""
4870,"MapSpawnHarbingersCrafted",[],""
4871,"HarbingerMapAreaContainsAdditionalHarbingers",[8],""
4872,"HarbingerCurrencyShards",[],""
4873,"EnergyShieldRechargeStartsWhenStunned",[8],""
4874,"TrapCooldownRecovery",[5],""
4875,"LabyrinthDarkshrineIzaroDropsAdditionalKeys",[],""
4876,"LabyrinthDarkshrineIzaroDropsAdditionalUnique",[],""
4877,"LabyrinthDarkshrineAdditionalDivineFontUseDisplay",[],""
4878,"LabyrinthDarkshrinePlayersHaveShrineRowEffect",[],""
4879,"LabyrinthDarkshrineBossRoomTrapsAreDisabled",[],""
4880,"LabyrinthDarkshrinePlayersTakeReducedDamageFromLabyrinthTraps",[],""
4881,"ReducedExtraDamageFromCritsWithNoPowerCharges",[6],""
4882,"PhysAddedAsChaosWithMaxPowerCharges",[6],""
4883,"ScorchingRaySkill",[7],""
4884,"BlightSkill",[7],""
4885,"HarbingerSkillOnEquip",[7],""
4886,"ChannelledSkillDamage",[6],""
4887,"VolkuurLessPoisonDuration",[5],""
4888,"ProjectileAttackCriticalStrikeChance",[6],""
4889,"SupportedByLesserPoison",[6],""
4890,"SupportedByVileToxins",[6],""
4891,"SupportedByInnervate",[6],""
4892,"SupportedByIceBite",[6],""
4893,"DummyStatDisplayNothing",[],""
4894,"GrantsVoidGaze",[7],""
4895,"AddedChaosDamageVsEnemiesWith5Poisons",[6],""
4896,"PoisonDurationPerPowerCharge",[5],""
4897,"PoisonDamagePerFrenzyCharge",[5],""
4898,"GainFrenzyChargeOnKillVsEnemiesWith5Poisons",[5],""
4899,"GainPowerChargeOnKillVsEnemiesWithLessThan5Poisons",[5],""
4900,"LocalDisplaySocketedGemsSupportedByXLesserPoison",[6],""
4901,"PoisonDurationWithOver150Intelligence",[5],""
4902,"PoisonDamageWithOver300Dexterity",[5],""
4903,"LocalDisplaySocketedGemsSupportedByXVileToxins",[6],""
4904,"LocalDisplayGrantsSkillBlightLevel",[6],""
4905,"YouCannotBeHindered",[6],""
4906,"CannotHinder",[],""
4907,"BlightSecondarySkillEffectDuration",[5],""
4908,"MonsterChanceToAvoid",[],""
4909,"GlobalCooldownRecovery",[7],""
4910,"DebuffTimePassed",[7],""
4911,"LifeAndEnergyShieldRecoveryRate",[7],""
4912,"LocalDisplayGrantsStormCascadeOnAttack",[7],""
4913,"ProjectileAttacksChanceToBleedBeastialMinion",[6],""
4914,"ProjectileAttacksChanceToPoisonBeastialMinion",[6],""
4915,"ProjectileAttacksChanceToMaimBeastialMinion",[6],""
4916,"AddedPhysicalDamageToAttacksBeastialMinion",[6],""
4917,"AddedChaosDamageToAttacksBeastialMinion",[6],""
4918,"AttackAndMovementSpeedBeastialMinion",[6],""
4919,"LifeLeechFromAttackDamageAgainstMaimedEnemies",[6],""
4920,"MaximumMinionCountHalfSkeletons",[6],""
4921,"GrantsDarktongueKiss",[8],""
4922,"ShockEffect",[5],""
4923,"AdditionalDropSlotsAndExperienceWhenDeletedOnDeath",[],""
4924,"MapDropTencentEventShards",[],""
4925,"MapDropTencentEventCoins",[],""
4926,"MapDropTencentEventCoins2",[],""
4927,"MapDropTencentEventCoins3",[],""
4928,"LocalCanSocketIgnoringColour",[7],""
4929,"LocalNoAttributeRequirements",[5],""
4930,"SocketedGemsInRedSocketEffect",[5],""
4931,"SocketedGemsInGreenSocketEffect",[5],""
4932,"SocketedGemsInBlueSocketEffect",[5],""
4933,"SocketedGemsInWhiteSocketEffect",[5],""
4934,"GainThaumaturgyBuffRotation",[7],""
4935,"FireBeamLength",[5],""
4936,"SpiritChargeTier",[],""
4937,"SpectreLife",[6],""
4938,"SpectreIncreasedLife",[6],""
4939,"PowerChargeOnManaSpent",[7],""
4940,"IncreasedCastSpeedPerPowerCharge",[5],""
4941,"ManaRegeneratedPerSecondPerPowerCharge",[5],""
4942,"GainARandomChargePerSecondWhileStationary",[8],""
4943,"LoseAllChargesOnMove",[],""
4944,"DisplayMapInhabitedBySolarisFanatics",[],""
4945,"DisplayMapInhabitedByLunarisFanatics",[],""
4946,"ConsumesSupportGemsUnique",[8],""
4947,"HungryLoopSupportedByAddedFireDamage",[],""
4948,"HungryLoopSupportedByColdPenetration",[],""
4949,"HungryLoopSupportedByIceBite",[],""
4950,"HungryLoopSupportedByManaLeech",[],""
4951,"HungryLoopSupportedByAddedColdDamage",[],""
4952,"HungryLoopSupportedByReducedManaCost",[],""
4953,"HungryLoopSupportedByAdditionalAccuracy",[],""
4954,"HungryLoopSupportedByBloodMagic",[],""
4955,"HungryLoopSupportedByFork",[],""
4956,"HungryLoopSupportedByInnervate",[],""
4957,"HungryLoopSupportedByLesserPoison",[],""
4958,"HungryLoopSupportedByHypothermia",[],""
4959,"HungryLoopSupportedByLifeLeech",[],""
4960,"HungryLoopSupportedByMeleeSplash",[],""
4961,"HungryLoopSupportedByMultistrike",[],""
4962,"HungryLoopSupportedByFasterProjectiles",[],""
4963,"HungryLoopSupportedByRemoteMine",[],""
4964,"HungryLoopSupportedByRemoteMine2",[],""
4965,"HungryLoopSupportedByStun",[],""
4966,"HungryLoopSupportedByCastOnCrit",[],""
4967,"HungryLoopSupportedByCastWhenStunned",[],""
4968,"HungryLoopSupportedByVileToxins",[],""
4969,"HungryLoopSupportedByWeaponElementalDamage",[],""
4970,"HungryLoopSupportedByIncreasedArea",[],""
4971,"HungryLoopSupportedByKnockback",[],""
4972,"HungryLoopSupportedByIncreasedMinionLife",[],""
4973,"HungryLoopSupportedByIncreasedMinionSpeed",[],""
4974,"HungryLoopSupportedByLesserMultipleProjectiles",[],""
4975,"HungryLoopSupportedByIncreasedMinionDamage",[],""
4976,"HungryLoopSupportedByIncreasedCriticalDamage",[],""
4977,"HungryLoopSupportedByBlind",[],""
4978,"HungryLoopSupportedByEnduranceChargeOnStun",[],""
4979,"HungryLoopSupportedByBlasphemy",[],""
4980,"HungryLoopSupportedByTrap",[],""
4981,"HungryLoopSupportedByIronWill",[],""
4982,"HungryLoopSupportedByFasterCast",[],""
4983,"HungryLoopSupportedByFlee",[],""
4984,"HungryLoopSupportedByColdToFire",[],""
4985,"HungryLoopSupportedBySpellTotem",[],""
4986,"HungryLoopSupportedByGreaterMultipleProjectiles",[],""
4987,"HungryLoopSupportedByIncreasedCriticalStrikes",[],""
4988,"HungryLoopSupportedByItemQuantity",[],""
4989,"HungryLoopSupportedByItemRarity",[],""
4990,"HungryLoopSupportedByIncreasedDuration",[],""
4991,"HungryLoopSupportedByChanceToIgnite",[],""
4992,"HungryLoopSupportedByBloodlust",[],""
4993,"HungryLoopSupportedByLifeGainOnHit",[],""
4994,"HungryLoopSupportedByCullingStrike",[],""
4995,"HungryLoopSupportedByPointBlank",[],""
4996,"HungryLoopSupportedByIronGrip",[],""
4997,"HungryLoopSupportedByMeleeDamageOnFullLife",[],""
4998,"HungryLoopSupportedByRangedAttackTotem",[],""
4999,"HungryLoopSupportedByFirePenetration",[],""
5000,"HungryLoopSupportedByLightningPenetration",[],""
5001,"HungryLoopSupportedByChain",[],""
5002,"HungryLoopSupportedByMulticast",[],""
5003,"HungryLoopSupportedByPowerChargeOnCrit",[],""
5004,"HungryLoopSupportedByIncreasedBurningDamage",[],""
5005,"HungryLoopSupportedBySummonElementalResistance",[],""
5006,"HungryLoopSupportedByCurseOnHit",[],""
5007,"HungryLoopSupportedByCastOnKill",[],""
5008,"HungryLoopSupportedByMultiTrap",[],""
5009,"HungryLoopSupportedByEmpower",[],""
5010,"SupportedByEmpower",[2],""
5011,"HungryLoopSupportedBySlowerProjectiles",[],""
5012,"HungryLoopSupportedByReducedDuration",[],""
5013,"HungryLoopSupportedByCastOnDamageTaken",[],""
5014,"HungryLoopSupportedByEnhance",[],""
5015,"SupportedByEnhance",[2],""
5016,"HungryLoopSupportedByPhysicalProjectileAttackDamage",[],""
5017,"HungryLoopSupportedByEnlighten",[],""
5018,"SupportedByEnlighten",[2],""
5019,"HungryLoopSupportedByPhysicalToLightning",[],""
5020,"HungryLoopSupportedByTrapAndMineDamage",[],""
5021,"HungryLoopSupportedByPoison",[],""
5022,"HungryLoopSupportedByVoidManipulation",[],""
5023,"HungryLoopSupportedByRapidDecay",[],""
5024,"HungryLoopSupportedByClusterTrap",[],""
5025,"HungryLoopSupportedByElementalFocus",[],""
5026,"HungryLoopSupportedByMinefield",[],""
5027,"HungryLoopSupportedByTrapCooldown",[],""
5028,"HungryLoopSupportedByCastWhileChannelling",[],""
5029,"HungryLoopSupportedByIgniteProliferation",[],""
5030,"SupportedByIgniteProliferation",[2],""
5031,"HungryLoopSupportedByChanceToBleed",[],""
5032,"HungryLoopSupportedByDeadlyAilments",[],""
5033,"HungryLoopSupportedByDecay",[],""
5034,"HungryLoopSupportedByEfficacy",[],""
5035,"HungryLoopSupportedByMaim",[],""
5036,"SupportedByMaim",[2],""
5037,"HungryLoopSupportedByImmolate",[],""
5038,"HungryLoopSupportedByUnboundAilments",[],""
5039,"HungryLoopSupportedByBrutality",[],""
5040,"HungryLoopSupportedByRuthless",[],""
5041,"HungryLoopSupportedByOnslaught",[],""
5042,"HungryLoopSupportedByArcaneSurge",[],""
5043,"HungryLoopSupportedByBarrage",[],""
5044,"HungryLoopSupportedByArrowNova",[],""
5045,"SupportedByArcaneSurge",[2],""
5046,"StanceSpeed",[],""
5047,"HungryLoopSupportedByPierce",[],""
5048,"HungryLoopSupportedByFasterAttacks",[],""
5049,"HungryLoopSupportedByMeleePhysicalDamage",[],""
5050,"HungryLoopSupportedByGenerosity",[],""
5051,"HungryLoopSupportedByFortify",[],""
5052,"HungryLoopSupportedByElementalProliferation",[],""
5053,"HungryLoopSupportedByControlledDestruction",[],""
5054,"HungryLoopSupportedByConcentratedEffect",[],""
5055,"HungryLoopSupportedByCastOnDeath",[],""
5056,"HungryLoopSupportedByAddedLightningDamage",[],""
5057,"HungryLoopSupportedByAddedChaosDamage",[],""
5058,"HungryLoopSupportedByReducedBlockChance",[],""
5059,"HungryLoopSupportedByNOTHING",[],""
5060,"HungryLoopSupportedByStormBarrier",[],""
5061,"HungryLoopSupportedByParallelProjectiles",[],""
5062,"HungryLoopSupportedByGreaterVolley",[],""
5063,"HungryLoopSupportedBySpellCascade",[],""
5064,"HungryLoopSupportedBySpiritStrike",[],""
5065,"HungryLoopSupportedBySummonGhostOnKill",[],""
5066,"HungryLoopSupportedByMirageArcher",[],""
5067,"HungryLoopSupportedByFrenzyPowerOnTrapTrigger",[],""
5068,"HungryLoopSupportedByChaosAttacks",[],""
5069,"HungryLoopSupportedByBonechill",[],""
5070,"HungryLoopSupportedByMultiTotem",[],""
5071,"HungryLoopSupportedByEnergyLeech",[],""
5072,"HungryLoopSupportedBySpellFocus",[],""
5073,"HungryLoopSupportedByUnleash",[],""
5074,"HungryLoopSupportedByImpale",[],""
5075,"HungryLoopSupportedByPulverise",[],""
5076,"HungryLoopSupportedByRage",[],""
5077,"HungryLoopSupportedByCloseCombat",[],""
5078,"HungryLoopSupportedByShockwave",[],""
5079,"HungryLoopSupportedByFeedingFrenzy",[],""
5080,"HungryLoopSupportedByMeatShield",[],""
5081,"HungryLoopSupportedByDeathmark",[],""
5082,"HungryLoopSupportedByNightblade",[],""
5083,"HungryLoopSupportedByInfernalLegion",[],""
5084,"HungryLoopSupportedBySwiftAssembly",[],""
5085,"HungryLoopSupportedByChargedMines",[],""
5086,"HungryLoopSupportedByAwakenedAddedFireDamage",[],""
5087,"HungryLoopSupportedByAwakenedAncestralCall",[],""
5088,"HungryLoopSupportedByAwakenedBrutality",[],""
5089,"HungryLoopSupportedByAwakenedBurningDamage",[],""
5090,"HungryLoopSupportedByAwakenedWeaponElementalDamage",[],""
5091,"HungryLoopSupportedByAwakenedFirePenetration",[],""
5092,"HungryLoopSupportedByAwakenedGenerosity",[],""
5093,"HungryLoopSupportedByAwakenedMeleePhysicalDamage",[],""
5094,"HungryLoopSupportedByAwakenedMeleeSplash",[],""
5095,"HungryLoopSupportedByAwakenedMultistrike",[],""
5096,"HungryLoopSupportedByAwakenedAddedColdDamage",[],""
5097,"HungryLoopSupportedByAwakenedArrowNova",[],""
5098,"HungryLoopSupportedByAwakenedCastOnCrit",[],""
5099,"HungryLoopSupportedByAwakenedChain",[],""
5100,"HungryLoopSupportedByAwakenedColdPenetration",[],""
5101,"HungryLoopSupportedByAwakenedDeadlyAilments",[],""
5102,"HungryLoopSupportedByAwakenedFork",[],""
5103,"HungryLoopSupportedByAwakenedGreaterMultipleProjectiles",[],""
5104,"HungryLoopSupportedByAwakenedSwiftAffliction",[],""
5105,"HungryLoopSupportedByAwakenedVoidManipulation",[],""
5106,"HungryLoopSupportedByAwakenedViciousProjectiles",[],""
5107,"HungryLoopSupportedByAwakenedAddedChaosDamage",[],""
5108,"HungryLoopSupportedByAwakenedAddedLightningDamage",[],""
5109,"HungryLoopSupportedByAwakenedBlasphemy",[],""
5110,"HungryLoopSupportedByAwakenedCastWhileChannelling",[],""
5111,"HungryLoopSupportedByAwakenedControlledDestruction",[],""
5112,"HungryLoopSupportedByAwakenedCurseOnHit",[],""
5113,"HungryLoopSupportedByAwakenedElementalFocus",[],""
5114,"HungryLoopSupportedByAwakenedIncreasedAreaOfEffect",[],""
5115,"HungryLoopSupportedByAwakenedLightningPenetration",[],""
5116,"HungryLoopSupportedByAwakenedMinionDamage",[],""
5117,"HungryLoopSupportedByAwakenedSpellCascade",[],""
5118,"HungryLoopSupportedByAwakenedSpellEcho",[],""
5119,"HungryLoopSupportedByAwakenedUnboundAilments",[],""
5120,"HungryLoopSupportedByAwakenedUnleash",[],""
5121,"HungryLoopSupportedByAwakenedEmpower",[],""
5122,"HungryLoopSupportedByAwakenedEnlighten",[],""
5123,"HungryLoopSupportedByAwakenedEnhance",[],""
5124,"HungryLoopSupportedBySecondWind",[],""
5125,"HungryLoopSupportedByArchmage",[],""
5126,"HungryLoopSupportedByUrgentOrders",[],""
5127,"HungryLoopSupportedByFistofWar",[],""
5128,"HungryLoopSupportedBySwiftBrand",[],""
5129,"HungryLoopSupportedByElementalPenetration",[],""
5130,"HungryLoopSupportedByImpendingDoom",[],""
5131,"HungryLoopSupportedByBloodthirst",[],""
5132,"HungryLoopSupportedByFragility",[],""
5133,"HungryLoopSupportedByLifetap",[],""
5134,"HungryLoopSupportedByFocussedBallista",[],""
5135,"HungryLoopSupportedByEarthbreaker",[],""
5136,"HungryLoopSupportedByBehead",[],""
5137,"HungryLoopSupportedByMarkOnHit",[],""
5138,"HungryLoopSupportedByDivineBlessing",[],""
5139,"HungryLoopSupportedByEternalBlessing",[],""
5140,"HungryLoopSupportedByPureShock",[],""
5141,"HungryLoopSupportedByCursedGround",[],""
5142,"HungryLoopSupportedByHexBloom",[],""
5143,"HungryLoopSupportedByManaforgedArrows",[],""
5144,"HungryLoopSupportedByPrismaticBurst",[],""
5145,"HungryLoopSupportedByReturningProjectiles",[],""
5146,"HungryLoopSupportedByTrauma",[],""
5147,"HungryLoopSupportedBySpellblade",[],""
5148,"HungryLoopSupportedByDevour",[],""
5149,"HungryLoopSupportedByFreshMeat",[],""
5150,"HungryLoopSupportedByFlamewood",[],""
5151,"HungryLoopSupportedByCorruptingCry",[],""
5152,"HungryLoopSupportedByVolatility",[],""
5153,"HungryLoopSupportedByGuardiansBlessing",[],""
5154,"HungryLoopSupportedBySacrifice",[],""
5155,"HungryLoopSupportedByFrigidBond",[],""
5156,"HungryLoopSupportedByLocusMine",[],""
5157,"HungryLoopSupportedBySadism",[],""
5158,"HungryLoopSupportedByControlledBlaze",[],""
5159,"HungryLoopSupportedByAutomation",[],""
5160,"HungryLoopSupportedByCallToArms",[],""
5161,"HungryLoopSupportedBySacredWisps",[],""
5162,"HungryLoopSupportedByOverexertion",[],""
5163,"HungryLoopSupportedByExpertRetaliation",[],""
5164,"HungryLoopSupportedByRupture",[],""
5165,"SocketedGemLevelPer25PlayerLevels",[],""
5166,"SocketedTriggeredSkillsDoubleDamage",[5],""
5167,"TriggerSocketedSpellOnAttack",[],""
5168,"TriggerSocketedSpellOnBowAttack",[5],""
5169,"AddsPhysicalDamagePer3PlayerLevels",[6],""
5170,"FlaskPoisonDuration",[5],""
5171,"FlaskHitsHaveNoCritMulti",[5],""
5172,"FlaskGrantsPerfectAgony",[7],""
5173,"FlaskChanceToPoison",[5],""
5174,"FlaskTakeChaosDamagePerSecond",[5],""
5175,"FlaskCriticalStrikeDoTMultiplier",[5],""
5176,"AbyssJewelLife",[1],""
5177,"AbyssJewelMana",[1],""
5178,"AbyssJewelChillEffect",[2],""
5179,"AbyssJewelShockEffect",[2],""
5180,"StarterPassiveJewel7",[5],""
5181,"AbyssJewelSocket",[7],""
5182,"StarterPassiveJewel1",[5],""
5183,"StarterPassiveJewel2",[5],""
5184,"StarterPassiveJewel3",[5],""
5185,"StarterPassiveJewel4",[5],""
5186,"StarterPassiveJewel5",[5],""
5187,"StarterPassiveJewel6",[5],""
5188,"StarterPassiveJewel8",[5],""
5189,"StarterPassiveJewel9",[5],""
5190,"StarterPassiveJewel10",[5],""
5191,"StarterPassiveJewel11",[5],""
5192,"StarterPassiveJewel12",[5],""
5193,"StarterPassiveJewel13",[5],""
5194,"StarterPassiveJewel14",[5],""
5195,"IncreasedCriticalStrikeChancePerAccuracyRating",[7],""
5196,"DamageOverTimeWhileDualWielding",[0],""
5197,"DamageOverTimeWhileWieldingTwoHandedWeapon",[0],""
5198,"DamageOverTimeWhileHoldingAShield",[0],""
5199,"MinionAddedFireDamage",[0],""
5200,"MinionAddedColdDamage",[0],""
5201,"MinionAddedLightningDamage",[0],""
5202,"MinionAddedPhysicalDamage",[0],""
5203,"MinionAddedChaosDamage",[0],""
5204,"SpellAddedFireDamageWhileDualWielding",[0],""
5205,"SpellAddedColdDamageWhileDualWielding",[0],""
5206,"SpellAddedLightningDamageWhileDualWielding",[0],""
5207,"SpellAddedPhysicalDamageWhileDualWielding",[0],""
5208,"SpellAddedChaosDamageWhileDualWielding",[0],""
5209,"SpellAddedFireDamageWhileWieldingTwoHandedWeapon",[0],""
5210,"SpellAddedColdDamageWhileWieldingTwoHandedWeapon",[0],""
5211,"SpellAddedLightningDamageWhileWieldingTwoHandedWeapon",[0],""
5212,"SpellAddedPhysicalDamageWhileWieldingTwoHandedWeapon",[0],""
5213,"SpellAddedChaosDamageWhileWieldingTwoHandedWeapon",[0],""
5214,"SpellAddedFireDamageWhileHoldingAShield",[0],""
5215,"SpellAddedColdDamageWhileHoldingAShield",[0],""
5216,"SpellAddedLightningDamageWhileHoldingAShield",[0],""
5217,"SpellAddedPhysicalDamageWhileHoldingAShield",[0],""
5218,"SpellAddedChaosDamageWhileHoldingAShield",[0],""
5219,"AbyssLeague",[],""
5220,"AbyssLeagueCrafted",[],""
5221,"AbyssLeagueMemoryLine",[],""
5222,"MapAreaContainsAbysses",[],""
5223,"AddedPhysicalDamageWithWands",[0],""
5224,"AddedPhysicalDamageWithDaggers",[0],""
5225,"AddedPhysicalDamageWithClaws",[0],""
5226,"AddedPhysicalDamageWithSwords",[0],""
5227,"AddedPhysicalDamageWithAxes",[0],""
5228,"AddedPhysicalDamageWithMaces",[0],""
5229,"AddedPhysicalDamageWithStaves",[0],""
5230,"AddedLightningDamageWithWands",[0],""
5231,"AddedLightningDamageWithDaggers",[0],""
5232,"AddedLightningDamageWithClaws",[0],""
5233,"AddedLightningDamageWithBows",[0],""
5234,"AddedLightningDamageWithSwords",[0],""
5235,"AddedLightningDamageWithAxes",[0],""
5236,"AddedLightningDamageWithMaces",[0],""
5237,"AddedLightningDamageWithStaves",[0],""
5238,"AddedFireDamageWithWands",[0],""
5239,"AddedFireDamageWithDaggers",[0],""
5240,"AddedFireDamageWithClaws",[0],""
5241,"AddedFireDamageWithSwords",[0],""
5242,"AddedFireDamageWithAxes",[0],""
5243,"AddedFireDamageWithMaces",[0],""
5244,"AddedFireDamageWithStaves",[0],""
5245,"AddedColdDamageWithWands",[0],""
5246,"AddedColdDamageWithDaggers",[0],""
5247,"AddedColdDamageWithClaws",[0],""
5248,"AddedColdDamageWithBows",[0],""
5249,"AddedColdDamageWithSwords",[0],""
5250,"AddedColdDamageWithAxes",[0],""
5251,"AddedColdDamageWithMaces",[0],""
5252,"AddedColdDamageWithStaves",[0],""
5253,"AddedChaosDamageWithClaws",[0],""
5254,"AddedChaosDamageWithDaggers",[0],""
5255,"AddedChaosDamageWithBows",[0],""
5256,"AddedPhysicalDamageWhileUnarmed",[0],""
5257,"AddedPhysicalDamageWhileHoldingAShield",[0],""
5258,"FlatMinionLifeRegeneration",[0],""
5259,"FlatEnergyShieldRegeneration",[0],""
5260,"AttacksBlindOnHitChance",[1],""
5261,"AttacksTauntOnHitChance",[1],""
5262,"SpellsHinderOnHitChance",[1],""
5263,"MinionAttacksBlindOnHitChance",[1],""
5264,"MinionAttacksTauntOnHitChance",[1],""
5265,"MinionSpellsHinderOnHitChance",[1],""
5266,"AbyssMinionPoisonOnHitChance",[1],""
5267,"AbyssMinionIgniteOnHitChance",[1],""
5268,"AbyssMinionAttacksBleedOnHitChance",[1],""
5269,"DamageVSAbyssMonsters",[2],""
5270,"MinionDamageVSAbyssMonsters",[2],""
5271,"ReducedPhysicalDamageTakenVsAbyssMonsters",[0],""
5272,"ChanceToAvoidBleeding",[0],""
5273,"ChanceToAvoidPoison",[0],""
5274,"ChanceToAvoidImpale",[0],""
5275,"AvoidBleedAndPoison",[0],""
5276,"SpellAddedFireSuffix",[0],""
5277,"SpellAddedColdSuffix",[0],""
5278,"SpellAddedLightningSuffix",[0],""
5279,"SpellAddedPhysicalSuffix",[0],""
5280,"SpellAddedChaosSuffix",[0],""
5281,"AddedFireSuffix",[0],""
5282,"AddedColdSuffix",[0],""
5283,"AddedLightningSuffix",[0],""
5284,"AddedPhysicalSuffix",[0],""
5285,"AddedChaosSuffix",[0],""
5286,"MinionAttackAndCastSpeed",[0],""
5287,"MinionLifeLeech",[0],""
5288,"MinionMovementSpeed",[0],""
5289,"PassiveEffectivenessJewel",[7],""
5290,"DegradingMovementSpeedDuringFlaskEffect",[8],""
5291,"SpellBlockChanceIfHitRecently",[1],""
5292,"ReducedPhysicalDamageTakenIfNotHitRecently",[1],""
5293,"MovementSpeedIfNotDamagedRecently",[1],""
5294,"DamageIfEnemySlainRecently",[1],""
5295,"CriticalStrikeMultiplierIfEnemySlainRecently",[1],""
5296,"IncreasedArmourIfNoEnemySlainRecently",[1],""
5297,"AccuracyIfNoEnemySlainRecently",[1],""
5298,"DamagePenetratesElementalResistancesIfNoEnemySlainRecently",[1],""
5299,"CastSpeedIfMinionKilledRecently",[1],""
5300,"MinionDamageIfMinionSkillUsedRecently",[1],""
5301,"EvasionRatingWhileMoving",[1],""
5302,"ManaRegenerationRateWhileMoving",[1],""
5303,"LifeRegenerationRateWhileMoving",[1],""
5304,"PhysicalDamageAddedAsExtraFireIfCriticalStrikeDealtRecently",[1],""
5305,"AttackSpeedIfCriticalStrikeDealtRecently",[1],""
5306,"CastSpeedIfCriticalStrikeDealtRecently",[1],""
5307,"CriticalStrikeChanceIfNoCriticalStrikeDealtRecently",[1],""
5308,"MinionAttackAndCastSpeedIfEnemySlainRecently",[1],""
5309,"MovementSpeedIfEnemySlainRecently",[1],""
5310,"AddedFireDamageWithBowsForUnique",[0],""
5311,"AddedColdDamageWithBowsForUnique",[0],""
5312,"AddedLightningDamageWithWandsForUnique",[0],""
5313,"TriggeredFireAegisSkill",[8],""
5314,"TriggeredColdAegisSkill",[8],""
5315,"TriggeredLightningAegisSkill",[8],""
5316,"TriggeredElementalAegisSkill",[8],""
5317,"TriggeredPhysicalAegisSkill",[8],""
5318,"ChanceToBlockIfDamagedRecently",[0],""
5319,"SupportedByBlasphemyUnique",[7],""
5320,"GrantCursePillarSkillUnique",[7],""
5321,"GrantCursePillarSkillUnique__",[7],""
5322,"SocketedCursesUncastableUnique",[7],""
5323,"ReflectPoisonsToSelf",[5],""
5324,"ReflectBleedingToSelf",[5],""
5325,"ChaosResistancePerPoisonOnSelf",[6],""
5326,"DamagePerPoisonOnSelf",[6],""
5327,"MovementSpeedPerPoisonOnSelf",[6],""
5328,"TravelSkillsReflectPoison",[7],""
5329,"IncreasedArmourWhileBleeding",[6],""
5330,"ChanceToGainOnslaughtOnKill",[4],""
5331,"ChanceToGainOnslaughtOnKillMaven",[4],""
5332,"ChancetoGainPhasingOnKill",[4],""
5333,"ChanceToGainUnholyMightOnKill",[],""
5334,"ChanceToGainUnholyMightOnKillAbyss",[4],""
5335,"CannotBeAffectedByPhasing",[],""
5336,"MoveDaemonSpeed",[],""
5337,"MoveDaemonXPerRepeat",[],""
5338,"MapShaped",[],""
5339,"MapElder",[],""
5340,"MonsterAreaOfEffectVariance",[],""
5341,"SummonSpecificMonsterInFrontSpawnRadius",[],""
5342,"SkillEffectDurationSupported",[2],""
5343,"ChanceToAvoidProjectiles",[2],""
5344,"ChanceToAvoidProjectilesMaven",[2],""
5345,"TotemDamageSpellSupported",[2],""
5346,"TotemSpeedSpellSupported",[2],""
5347,"TotemDamageAttackSupported",[2],""
5348,"TotemSpeedAttackSupported",[2],""
5349,"UniqueMapGenericBounses",[7],""
5350,"SpectreCriticalStrikeChance",[6],""
5351,"SpectreHaveBaseDuration",[],""
5352,"SupportedByEnduranceChargeOnStunWeapon",[2],""
5353,"SupportedByOnslaughtWeapon",[2],""
5354,"SupportedByPowerChargeOnCritWeapon",[2],""
5355,"SupportedByFortifyWeapon",[2],""
5356,"SupportedByArcaneSurgeWeapon",[2],""
5357,"SupportedByInspirationWeapon",[2],""
5358,"SupportedByCastOnMeleeKillWeapon",[2],""
5359,"SupportedByCastOnCritWeapon",[2],""
5360,"SupportedByCastWhileChannellingWeapon",[2],""
5361,"LocalPhysicalDamagePercentMeleePhysicalDamage",[2],""
5362,"LocalPhysicalDamagePercentBrutality",[2],""
5363,"LocalPhysicalDamagePercentAddedFireDamage",[2],""
5364,"LocalPhysicalDamagePercentRuthless",[2],""
5365,"LocalPhysicalDamagePercentOnslaught",[2],""
5366,"LocalPhysicalDamagePercentEnduranceChargeOnStun",[2],""
5367,"LocalPhysicalDamagePercentFortify",[2],""
5368,"LocalIncreasedPhysicalDamagePercentPowerChargeOnCrit",[2],""
5369,"LocalIncreasedPhysicalDamagePercentIronGrip",[2],""
5370,"LocalIncreasedPhysicalDamagePercentFasterProjectiles",[2],""
5371,"LocalIncreasedPhysicalDamagePercentProjectileAttackDamage",[2],""
5372,"WeaponSpellDamageControlledDestruction",[2],""
5373,"WeaponSpellDamageEfficacy",[2],""
5374,"WeaponSpellDamageArcaneSurge",[2],""
5375,"WeaponSpellDamageReducedMana",[2],""
5376,"WeaponSpellDamagePowerChargeOnCrit",[2],""
5377,"ElementalDamagePrefixElementalFocus",[2],""
5378,"FireDamagePrefixFirePenetration",[2],""
5379,"ColdDamagePrefixColdPenetration",[2],""
5380,"LightningDamagePrefixLightningPenetration",[2],""
5381,"LocalIncreasedAttackSpeedMultistrike",[2],""
5382,"LocalIncreasedAttackSpeedFasterAttacks",[2],""
5383,"LocalIncreasedAttackSpeedOnslaught",[2],""
5384,"AttackSpeedDoubleDamage",[2],""
5385,"AttackSpeedKilledRecently",[2],""
5386,"IncreasedCastSpeedSpellEcho",[2],""
5387,"IncreasedCastSpeedFasterCasting",[2],""
5388,"IncreasedCastSpeedTwoHandedAvoidInterruption",[2],""
5389,"IncreasedCastSpeedTwoHandedKilledRecently",[2],""
5390,"CriticalStrikeChanceSupported",[2],""
5391,"CriticalStrikeChanceTwoHandedCritChanceRecently",[2],""
5392,"CriticalStrikeChanceTwoHandedCritMultiRecently",[2],""
5393,"CriticalStrikeMultiplierSupported",[2],""
5394,"CriticalMultiplierSupportedTwoHanded",[2],""
5395,"CriticalStrikeChanceSpellsSupported",[2],""
5396,"CriticalStrikeChanceSpellsTwoHandedPowerCharge",[2],""
5397,"ChanceToFreezeShockIgniteProliferation",[2],""
5398,"ChanceToFreezeShockIgniteUnboundAilments",[2],""
5399,"SpellDamagePer16Strength",[2],""
5400,"SpellDamagePer16Dexterity",[2],""
5401,"SpellDamagePer16Intelligence",[2],""
5402,"SpellDamagePer10Strength",[2],""
5403,"SpellDamagePer10Intelligence",[2],""
5404,"PoisonDamageWeaponSupported",[2],""
5405,"PoisonDurationWeaponSupported",[2],""
5406,"SupportedByIncreasedAreaOfEffectDamage",[2],""
5407,"SupportedBySpellCascadeArea",[2],""
5408,"SupportedByLesserMultipleProjectilesDamage",[2],""
5409,"SupportedByVolleySpeed",[2],""
5410,"IncreasedWeaponElementalDamagePercentSupported",[2],""
5411,"ChanceToMaimSupported",[2],""
5412,"ChanceToPoisonSupported",[2],""
5413,"ChanceToBleedSupported",[2],""
5414,"GainCriticalStrikeChanceOnManaSpent",[7],""
5415,"GainHerEmbraceOnIgnite",[7],""
5416,"TakeDamagePerLevelWhileHerEmbrace",[7],""
5417,"GainArmourEqualToManaReserved",[7],""
5418,"MapPillarsOfArunDisplay",[7],""
5419,"MapPlayersMovementSkillsCooldownRecovery",[6],""
5420,"VaalPactIfCritRecently",[7],""
5421,"ShaperInfluenceAnomaliesWithPacks",[],""
5422,"ShaperInfluenceShaperFriendSpawns",[],""
5423,"ShaperInfluenceAdditionalSpacePacks",[],""
5424,"ShaperInfluenceAdditionalBossPack",[],""
5425,"ShaperInfluenceSpawnMaelstromCell",[],""
5426,"ElderInfluenceTentacleFiendsWithPacks",[],""
5427,"IncreasedAttackSpeedSupported",[2],""
5428,"IncreasedCastSpeedSupported",[2],""
5429,"IncreasedAttackAndCastSpeedSupported",[2],""
5430,"IncreasedAttackAndCastSpeedSupportedMaven",[2],""
5431,"ProjectileSpeedSupported",[2],""
5432,"ProjectileDamageSupported",[2],""
5433,"AvoidInterruptionWhileCasting",[2],""
5434,"AdditionalTrapsThrownSupported",[2],""
5435,"TrapDamageSupported",[2],""
5436,"TrapDamageCooldownSupported",[2],""
5437,"TrapSpeedCooldownSupported",[2],""
5438,"TrapDamageMineSupported",[2],""
5439,"IncreasedAccuracyPercentSupported",[2],""
5440,"PoisonDamageSupported",[2],""
5441,"PoisonDurationSupported",[2],""
5442,"BleedingDamageSupported",[2],""
5443,"BleedingDamageChance",[2],""
5444,"BleedingDamageChanceWeaponSuffix",[2],""
5445,"BlindOnHitSupported",[2],""
5446,"SocketedSpellCriticalMultiplier",[2],""
5447,"SocketedAttackCriticalMultiplier",[2],""
5448,"SocketedSpellCriticalStrikeChance",[2],""
5449,"SocketedAttackCriticalStrikeChance",[2],""
5450,"AreaDamageSupported",[2],""
5451,"AreaOfEffectSupported",[2],""
5452,"MinionDamageSupported",[2],""
5453,"MinionLifeSupported",[2],""
5454,"AdditionalMinesPlacedSupported",[2],""
5455,"MineDamageSupported",[2],""
5456,"MineDamageTrapSupported",[2],""
5457,"ChillEffectSupported",[2],""
5458,"ShockEffectSupported",[2],""
5459,"BurningDamageSupported",[2],""
5460,"SupportedByLessDuration",[2],""
5461,"IgniteDurationSupported",[2],""
5462,"AdditionalRemoteMinesAllowed",[],""
5463,"ReducedIgniteDurationOnSelf",[2],""
5464,"ReducedElementalReflectTaken",[2],""
5465,"ReducedElementalReflectTakenMaven",[2],""
5466,"ReducedPhysicalReflectTaken",[2],""
5467,"ReducedPhysicalReflectTakenMaven",[2],""
5468,"DamageCannotBeReflected",[7],""
5469,"SupportedByItemRarityUnique",[2],""
5470,"PhysicalDamageTakenAsFireUber",[2],""
5471,"PhysicalDamageTakenAsFireUberMaven",[2],""
5472,"PhysicalDamageTakenAsColdUber",[2],""
5473,"PhysicalDamageTakenAsColdUberMaven",[2],""
5474,"PhysicalDamageTakenAsLightningUber",[2],""
5475,"PhysicalDamageTakenAsLightningUberMaven",[2],""
5476,"PhysicalDamageTakenAsFireBodyUber",[2],""
5477,"PhysicalDamageTakenAsColdBodyUber",[2],""
5478,"PhysicalDamageTakenAsLightningBodyUber",[2],""
5479,"CannotBeIgnitedWithStrHigherThanDex",[6],""
5480,"CannotBeFrozenWithDexHigherThanInt",[6],""
5481,"CannotBeShockedWithIntHigherThanStr",[6],""
5482,"IncreasedDamagePerLowestAttribute",[6],""
5483,"IncreasedAilmentDuration",[6],""
5484,"IncreasedAilmentDurationMaven",[6],""
5485,"SharedSuffering",[8],""
5486,"CreateSmokeCloudWhenTrapTriggered",[7],""
5487,"SupportedByMeleeSplashDamage",[2],""
5488,"SupportedBySpiritStrikeArea",[2],""
5489,"MaximumLifeLeechRate",[2],""
5490,"MaximumLifeLeechRateOldFix",[2],""
5491,"LifeRecoveryRate",[2],""
5492,"LifeRecoveryRateMaven",[2],""
5493,"FlaskDuration",[2],""
5494,"FlaskChanceToNotConsumeCharges",[2],""
5495,"PoisonOnHit",[2],""
5496,"PoisonOnHitAndDamage",[2],""
5497,"PoisonDamageAndLocalChanceOnHit",[2],""
5498,"PoisonDamageAndChanceOnHit",[2],""
5499,"BleedOnHitAndDamage",[2],""
5500,"PoisonDamageAndDuration",[2],""
5501,"BleedDamageAndDuration",[2],""
5502,"GlobalMaimOnHit",[2],""
5503,"CannotMaim",[],""
5504,"SupportedByCastOnDamageTaken",[2],""
5505,"FlammabilityReservationCost",[6],""
5506,"FlammabilityNoReservation",[6],""
5507,"FrostbiteReservationCost",[6],""
5508,"FrostbiteNoReservation",[6],""
5509,"ConductivityReservationCost",[6],""
5510,"ConductivityNoReservation",[6],""
5511,"VulnerabilityReservationCost",[6],""
5512,"VulnerabilityNoReservation",[6],""
5513,"DespairReservationCost",[6],""
5514,"DespairNoReservation",[6],""
5515,"TemporalChainsReservationCost",[6],""
5516,"TemporalChainsNoReservation",[6],""
5517,"EnfeebleNoReservation",[6],""
5518,"PunishmentNoReservation",[6],""
5519,"ElementalWeaknessNoReservation",[6],""
5520,"SupportedByCastOnMeleeKill",[2],""
5521,"SupportedByCastWhileChannelling",[2],""
5522,"ChanceToDodgeWhileOffhandIsEmpty",[7],""
5523,"IncreasedColdDamageWhileOffhandIsEmpty",[6],""
5524,"DisplayIronReflexesFor8Seconds",[6],""
5525,"ArborixMoreDamageAtCloseRange",[5],""
5526,"FarShotWhileYouDoNotHaveIronReflexes",[5],""
5527,"AttackCastMovementSpeedWhileYouDoNotHaveIronReflexes",[6],""
5528,"ElementalDamageCanShock",[7],""
5529,"EnemiesTakeIncreasedDamagePerAilmentType",[6],""
5530,"DeathWalk",[8],""
5531,"DamagePerAbyssJewelType",[5],""
5532,"AdditionalPhysicalDamageReductionWhileMoving",[6],""
5533,"ReducedElementalDamageTakenWhileStationary",[6],""
5534,"AdditionalArrowWhileAccuracyIs3000",[2],""
5535,"AccuracyRatingIsDoubled",[2],""
5536,"MeleePhysicalDamagePerStrengthWhileFortified",[2],""
5537,"IncreasedEvasionRatingWhileLeeching",[2],""
5538,"IncreasedEvasionRatingIfHitEnemyRecently",[2],""
5539,"EnemiesHaveReducedEvasionIfHitRecently",[2],""
5540,"GainRareMonsterModsOnKillChance",[2],""
5541,"CriticalStrikeMultiplierIfHaventCritRecently",[2],""
5542,"CriticalStrikeChanceAgainstBleedingEnemies",[2],""
5543,"CriticalStrikeChanceAgainstPoisonedEnemies",[2],""
5544,"AreaOfEffectWith500Strength",[2],""
5545,"AreaOfEffectIfStunnedEnemyRecently",[2],""
5546,"GainEnduranceChargeOnHittingBleedingEnemy",[2],""
5547,"DisplayMovementSkillsCostNoMana",[2],""
5548,"HitsCantBeEvadedIfBlockedRecently",[2],""
5549,"AdditionalBlockChancePerEnduranceChargeUber",[2],""
5550,"AccuracyRatingPerFrenzyChargeUber",[2],""
5551,"AttackSpeedIfBlockedRecently",[2],""
5552,"AreaOfEffectWhileFortified",[2],""
5553,"MeleeWeaponRangeIfKilledRecently",[2],""
5554,"MeleeWeaponRangeWhileFortified",[2],""
5555,"StunDurationPerStrength",[2],""
5556,"ReducedStunThresholdWith500Strength",[2],""
5557,"AreaOfEffectPerEnduranceCharge",[2],""
5558,"AreaDamagePerStrength",[2],""
5559,"IncreasedDamageAgainstTauntedEnemies",[2],""
5560,"BleedingDamagePerEnduranceCharge",[2],""
5561,"MovementSpeedWhileFortified",[2],""
5562,"MovementSkillsFortifyOnHitChance",[2],""
5563,"MeleeWeaponRangeAtMaximumFrenzyCharges",[2],""
5564,"GainEnduranceChargeWhileStationary",[2],""
5565,"BlindEnemiesWhenHit",[2],""
5566,"PoisonDamageAgainstBleedingEnemies",[2],""
5567,"GainEnduranceChargeOnTauntingEnemies",[2],""
5568,"ChanceToBleedOnTauntedEnemies",[2],""
5569,"AreaOfEffectPerPowerCharge",[2],""
5570,"IncreasedLifePerAbyssalJewel",[6],""
5571,"IncreasedManaPerAbyssalJewel",[6],""
5572,"ElementalPenetrationPerAbyssalJewel",[6],""
5573,"AdditionalCriticalStrikeChanceWithAttacks",[2],""
5574,"AdditionalCriticalStrikeChanceWithSpells",[2],""
5575,"AdditionalBlockWith5NearbyEnemies",[2],""
5576,"GainRandomChargeOnBlock",[2],""
5577,"AdditionalChanceToEvade",[2],""
5578,"AdditionalChanceToEvadeMaven",[2],""
5579,"RemoveIgniteOnFlaskUse",[2],""
5580,"RemoveFreezeOnFlaskUse",[2],""
5581,"RemoveShockOnFlaskUse",[2],""
5582,"AttackSpeedDuringFlaskEffect",[2],""
5583,"CastSpeedDuringFlaskEffect",[2],""
5584,"MeleeDamageDuringFlaskEffect",[2],""
5585,"ProjectileAttackDamageDuringFlaskEffect",[2],""
5586,"SpellDamageDuringFlaskEffect",[2],""
5587,"DamagePer15Strength",[2],""
5588,"DamagePer15Dexterity",[2],""
5589,"DamagePer15Intelligence",[2],""
5590,"DamagePerBlockChance",[2],""
5591,"ChanceToChillAttackersOnBlock",[2],""
5592,"ChanceToShockAttackersOnBlock",[2],""
5593,"RecoverLifePercentOnBlock",[2],""
5594,"RecoverManaPercentOnBlock",[2],""
5595,"RecoverEnergyShieldPercentOnBlock",[2],""
5596,"ChanceToIgniteAddedDamage",[2],""
5597,"ChanceToFreezeAddedDamage",[2],""
5598,"ChanceToShockAddedDamage",[2],""
5599,"BleedDamageAgainstPoisonedEnemies",[2],""
5600,"CriticalStrikeMultiplierIfBlockedRecentlyUber",[2],""
5601,"GainEnduranceChargeOnStunChance",[2],""
5602,"RemoveBleedingOnWarcry",[2],""
5603,"FortifyEffectWhileStationary",[2],""
5604,"FortifyDurationPerStrength",[2],""
5605,"GainFortifyOnStunChance",[2],""
5606,"ReducedElementalDamageTakenPerEnduranceCharge",[2],""
5607,"AreaOfEffectIfBlockedRecently",[2],""
5608,"AreaOfEffectIfKilledRecently",[2],""
5609,"ElementalDamagePer12Intelligence",[2],""
5610,"AdditionalBlockChanceIfCritRecently",[2],""
5611,"ElementalDamagePer12Strength",[2],""
5612,"ElementalDamagePerPowerCharge",[2],""
5613,"LifeGainPerBlindedEnemyHit",[2],""
5614,"CullingStrikeIfCritRecently",[2],""
5615,"AreaOfEffectPer50Strength",[2],""
5616,"CritsHaveCullingStrike",[2],""
5617,"CullingStrikeOnBleedingEnemiesUber",[2],""
5618,"IncreasedLifePerElderItem",[5],""
5619,"AilmentEffectPerElderItem",[5],""
5620,"AilmentDamagePerElderItem",[5],""
5621,"AilmentDamageOverTimeMultiplierPerElderItem",[5],""
5622,"RemoveAilmentOnFlaskUseIfAllItemsAreElder",[5],""
5623,"StrengthDamageBonus3Per10",[2],""
5624,"LocalWeaponRangeUber",[2],""
5625,"CannotBlockSpells",[],""
5626,"NonChaosAddedAsChaos",[2],""
5627,"FireAddedAsChaos",[2],""
5628,"ColdAddedAsChaos",[2],""
5629,"LightningAddedAsChaos",[2],""
5630,"PhysicalAddedAsChaos",[2],""
5631,"GainEnduranceChargeOnLosingFortify",[2],""
5632,"LifeGainOnHitWhileLeeching",[2],""
5633,"ProjectileDamagePerEnemyPierced",[2],""
5634,"LocalIncreasedEvasionAndEnergyShield",[1],""
5635,"IntimidateOnHitWithMeleeAbyssJewel",[5],""
5636,"FortifyOnHitWithMeleeAbyssJewel",[5],""
5637,"RageOnHitWithMeleeAbyssJewel",[5],""
5638,"MaimOnHitWithRangedAbyssJewel",[5],""
5639,"BlindOnHitWithRangedAbyssJewel",[5],""
5640,"OnslaughtOnKillWithRangedAbyssJewel",[5],""
5641,"ArcaneSurgeOnHitWithSpellAbyssJewel",[5],""
5642,"MinionAccuracyWithMinionAbyssJewel",[5],""
5643,"AbyssJewelEffect",[5],""
5644,"MovementVelocityWithMagicAbyssJewel",[5],""
5645,"ElementalAilmentDurationWithRareAbyssJewel",[5],""
5646,"ReservationEfficiencyWithUniqueAbyssJewel",[5],""
5647,"MapMonstersFrenzyChargeOnHit",[],""
5648,"MapMonstersEnduranceChargeOnHit",[],""
5649,"MapMonstersPowerChargeOnHit",[],""
5650,"MapMonstersImpaleOnHit",[],""
5651,"MapMonstersChanceToSuppressSpells",[],""
5652,"MapMonstersMaximumLifeAddedEnergyShield",[],""
5653,"MapBossPossessed",[],""
5654,"MapMonstersBlindOnHit",[],""
5655,"MapMonstersMaimOnHit",[],""
5656,"MapMonstersHinderOnHit",[],""
5657,"MapMonstersStealChargesOnHit",[],""
5658,"MapConsecratedGround",[],""
5659,"MapPlayersLessCooldownRecovery",[],""
5660,"MapPlayersBuffsExpireFaster",[],""
5661,"MapPlayersReducedAuraEffect",[],""
5662,"MapPlayersAccuracyRating",[],""
5663,"MonsterModUberMapShaperTouched",[],""
5664,"MapUberModChaining",[],""
5665,"MapUberModUnionOfSouls",[],""
5666,"MapUberModPowerCharges",[],""
5667,"MapUberModFrenzyCharges",[],""
5668,"MapUberModEnduranceCharges",[],""
5669,"MapUberModMinusMax",[],""
5670,"MapUberModDamageRotation",[],""
5671,"MapUberModProjAOE",[],""
5672,"MapUberModCrit",[],""
5673,"MapUberModPoison",[],""
5674,"MapUberModMonsterDamage",[],""
5675,"MapUberModLifeAsEnergyShield",[],""
5676,"MapUberModPossessedBoss",[],""
5677,"MapUberModMonsterSuppress",[],""
5678,"MapUberModMonsterAttackBlock",[],""
5679,"MapUberModNoLeech",[],""
5680,"MapUberModLessPlayerLeech",[],""
5681,"MapUberModReflect",[],""
5682,"MapUberModCurses",[],""
5683,"MapUberModAOEPlayer",[],""
5684,"MapUberModCritDefence",[],""
5685,"MapUberModMonsterLife",[],""
5686,"MapUberModRareMonsters",[],""
5687,"MapUberModShrineBuff",[],""
5688,"MapUberModVines",[],""
5689,"MapUberModVolatiles",[],""
5690,"MapUberModPetrify",[],""
5691,"MapUberModBarrels",[],""
5692,"MapUberModDamageAsElemental",[],""
5693,"MapUberModDamageAsChaos",[],""
5694,"MapUberModTurbo",[],""
5695,"MapUberModNoCharges",[],""
5696,"MapUberModSawblades",[],""
5697,"MapUberModJuggernaut",[],""
5698,"MapUberModFlaskMeteor",[],""
5699,"MapUberModGlobalDefences",[],""
5700,"MapUberModNoRegen",[],""
5701,"MapUberModNoBlockNoSuppress",[],""
5702,"MapUberModPlayerCurseEffect",[],""
5703,"MapUberModDrowningOrbs",[],""
5704,"MapUberModAuraEffect",[],""
5705,"MapUberModResistancePDR",[],""
5706,"MapUberModMonsterAilments",[],""
5707,"MapUberModRecoveryRate",[],""
5708,"MapUberModBuffExpiry",[],""
5709,"MapUberModEleDamagePenetration",[],""
5710,"MapUberModActionSpeed",[],""
5711,"MapUberModMarkedForDeath",[],""
5712,"MapUberModPercentDamage",[],""
5713,"MapUberModSirusMeteors",[],""
5714,"MapUberModElderNovas",[],""
5715,"MapUberModImpaleDetonation",[],""
5716,"MapUberModSirusGround",[],""
5717,"MapUberModLowLifeTorment",[],""
5718,"MapUberModShaperTouched",[],""
5719,"MapUberModTotemCount",[],""
5720,"MapUberModTrapMineCount",[],""
5721,"MapUberModMinionSpeed",[],""
5722,"MapUberModTotemLife",[],""
5723,"MapUberModAllyPunishment",[],""
5724,"MapUberModSynthMiniboss",[],""
5725,"MapUberModMonsterDebuffSpeed",[],""
5726,"MapUberModExarch",[],""
5727,"MapUberModMavenFollower",[],""
5728,"MapUberModRareFracture",[],""
5729,"MapCorruptionItemQuantity",[],""
5730,"MapCorruptionItemRarity",[],""
5731,"MapCorruptionPackSize",[],""
5732,"MapCorruptionModEffect",[],""
5733,"MapCorruptionVaalSideArea",[],""
5734,"MapCorruptionVaalVessel",[],""
5735,"MapCorruptionBossCorruption",[],""
5736,"MapCorruptionSoulGainPrevention",[],""
5737,"MapCorruptionFreeCraft",[],""
5738,"MapCorruptionAtlasEffect",[],""
5739,"MapCorruptionQualityToPackSize",[],""
5740,"MapCorruptionRandomScarab",[],""
5741,"MapCorruptionRandomAtlasNotables",[],""
5742,"MapUberScarabCraftPrefixes",[],""
5743,"MapUberScarabCraftSuffixes",[],""
5744,"MapUberScarabCraftAbyss",[],""
5745,"MapUberScarabCraftEssence",[],""
5746,"MapUberScarabCraftAnarchy",[],""
5747,"MapUberScarabCraftDomination",[],""
5748,"MapUberScarabCraftAmbush",[],""
5749,"MapUberScarabCraftBreach",[],""
5750,"MapUberScarabCraftTorment",[],""
5751,"MapUberScarabCraftBeyond",[],""
5752,"MapUberScarabCraftBlight",[],""
5753,"MapUberScarabCraftHarbinger",[],""
5754,"MapUberScarabCraftHeist",[],""
5755,"MapUberScarabCraftLegion",[],""
5756,"MapUberScarabCraftExpedition",[],""
5757,"MapUberScarabCraftDelirium",[],""
5758,"MapUberScarabCraftRitual",[],""
5759,"MapUberScarabCraftUltimatum",[],""
5760,"MapUberScarabCraftHarvest",[],""
5761,"PowerChargeOnBlockUber",[2],""
5762,"BlockingBlocksSpellsUber",[2],""
5763,"SpellBlockAndBlockUber",[2],""
5764,"CriticalStrikeChanceIfNoCriticalStrikeDealtRecentlyUber",[2],""
5765,"CriticalStrikeMultiplierAgainstEnemiesOnFullLife",[2],""
5766,"GainEnduranceChargeOnCritUber",[2],""
5767,"CriticalStrikeChanceIfKilledRecently",[2],""
5768,"StunDurationAndThresholdUber",[2],""
5769,"IncreasedArmourWhileStationary",[6],""
5770,"NumberOfProjectilesIfHitRecently",[6],""
5771,"GainIronReflexesWhileStationary",[6],""
5772,"NumberOfProjectilesIfUsedAMovementSkillRecently",[6],""
5773,"AddedPhysicalDamageVersusIgnitedEnemies",[5],""
5774,"AddedFireDamageVersusBleedingEnemies",[5],""
5775,"GainAvatarOfFireEvery8Seconds",[7],""
5776,"ChanceToBleedIgnitedEnemies",[5],""
5777,"IncreasedCriticalStrikeChanceWithAvatarOfFire",[6],""
5778,"ArmourWithoutAvatarOfFire",[6],""
5779,"ConvertPhysicalToFireWithAvatarOfFire",[6],""
5780,"GainElementalOverloadEvery16Seconds",[6],""
5781,"GainResoluteTechniqueWithoutElementalOverload",[6],""
5782,"ProjectilesGainPercentOfNonChaosAsChaos",[6],""
5783,"ProjectilesGainPercentOfNonChaosAsChaos2",[6],""
5784,"DeterminationPhysicalDamageReduction",[7],""
5785,"DeterminationAdditionalBlock",[7],""
5786,"DeterminationUnaffectedByVulnerability",[7],""
5787,"DeterminationReducedExtraDamageFromCrits",[7],""
5788,"DeterminationReducedReflectedPhysicalDamage",[7],""
5789,"DeterminationAdditionalArmour",[7],""
5790,"GraceAdditionalChanceToEvade",[7],""
5791,"GraceChanceToDodge",[7],""
5792,"GraceUnaffectedByEnfeeble",[7],""
5793,"GraceIncreasedMovementSpeed",[7],""
5794,"GraceBlindEnemiesWhenHit",[7],""
5795,"DisciplineEnergyShieldRegen",[7],""
5796,"DisciplineAdditionalSpellBlock",[7],""
5797,"DisciplineFasterStartOfRecharge",[7],""
5798,"DisciplineEnergyShieldPerHit",[7],""
5799,"DisciplineEnergyShieldRecoveryRate",[7],""
5800,"WrathLightningPenetration",[7],""
5801,"WrathLightningDamageManaLeech",[7],""
5802,"WrathLightningDamageESLeech",[7],""
5803,"WrathPhysicalAddedAsLightning",[7],""
5804,"WrathPhysicalConvertedToLightning",[7],""
5805,"WrathIncreasedLightningDamage",[7],""
5806,"WrathIncreasedCriticalStrikeChance",[7],""
5807,"AngerFirePenetration",[7],""
5808,"AngerFireDamageLifeLeech",[7],""
5809,"AngerPhysicalAddedAsFire",[7],""
5810,"AngerPhysicalConvertedToFire",[7],""
5811,"AngerIncreasedFireDamage",[7],""
5812,"AngerIncreasedCriticalStrikeMultiplier",[7],""
5813,"HatredColdPenetration",[7],""
5814,"HatredAdditionalCriticalStrikeChance",[7],""
5815,"HatredAddedColdDamage",[7],""
5816,"HatredPhysicalConvertedToCold",[7],""
5817,"HatredIncreasedColdDamage",[7],""
5818,"VitalityDamageLifeLeech",[7],""
5819,"VitalityFlatLifeRegen",[7],""
5820,"VitalityPercentLifeRegen",[7],""
5821,"VitalityLifeRecoveryRate",[7],""
5822,"VitalityLifeGainPerHit",[7],""
5823,"VitalityLifeRecoveryFromFlasks",[7],""
5824,"ClarityReducedManaCost",[7],""
5825,"ClarityReducedManaCostNonChannelled",[7],""
5826,"ClarityDamageTakenFromManaBeforeLife",[7],""
5827,"ClarityRecoverManaOnSkillUse",[7],""
5828,"ClarityManaAddedAsEnergyShield",[7],""
5829,"ClarityManaRecoveryRate",[7],""
5830,"ClarityDamageTakenGainedAsMana",[7],""
5831,"HasteChanceToDodgeSpells",[7],""
5832,"HasteGainOnslaughtOnKill",[7],""
5833,"HasteGainPhasing",[7],""
5834,"HasteUnaffectedByTemporalChains",[7],""
5835,"HasteDebuffsExpireFaster",[7],""
5836,"HasteCooldownRecoveryForMovementSkills",[7],""
5837,"PurityOfFireTakePhysicalAsFire",[7],""
5838,"PurityOfFireImmuneToIgnite",[7],""
5839,"PurityOfFireUnaffectedByBurningGround",[7],""
5840,"PurityOfFireUnaffectedByFlammability",[7],""
5841,"PurityOfFireReducedReflectedFireDamage",[7],""
5842,"PurityOfFireColdAndLightningTakenAsFire",[7],""
5843,"PurityOfIceTakePhysicalAsIce",[7],""
5844,"PurityOfIceImmuneToFreeze",[7],""
5845,"PurityOfIceUnaffectedByChilledGround",[7],""
5846,"PurityOfIceUnaffectedByFrostbite",[7],""
5847,"PurityOfIceReducedReflectedColdDamage",[7],""
5848,"PurityOfIceFireAndLightningTakenAsCold",[7],""
5849,"PurityOfLightningTakePhysicalAsLightning",[7],""
5850,"PurityOfLightningImmuneToShock",[7],""
5851,"PurityOfLightningUnaffectedByShockedGround",[7],""
5852,"PurityOfLightningUnaffectedByConductivity",[7],""
5853,"PurityOfLightningReducedReflectedLightningDamage",[7],""
5854,"PurityOfLightningFireAndColdTakenAsLightning",[7],""
5855,"PurityOfElementsTakePhysicalAsFire",[7],""
5856,"PurityOfElementsTakePhysicalAsCold",[7],""
5857,"PurityOfElementsTakePhysicalAsLightning",[7],""
5858,"PurityOfElementsUnaffectedByElementalWeakness",[7],""
5859,"PurityOfElementsReducedReflectedElementalDamage",[7],""
5860,"PurityOfElementsChaosResistance",[7],""
5861,"PurityOfElementsMaximumElementalResistances",[7],""
5862,"PrecisionIncreasedCriticalStrikeMultiplier",[7],""
5863,"PrecisionIncreasedAttackDamage",[7],""
5864,"PrecisionFlaskChargeOnCrit",[7],""
5865,"PrecisionIncreasedAttackSpeed",[7],""
5866,"PrecisionCannotBeBlinded",[7],""
5867,"PrideChanceForDoubleDamage",[7],""
5868,"PrideIntimidateOnHit",[7],""
5869,"PrideIncreasedPhysicalDamage",[7],""
5870,"PrideChanceToImpale",[7],""
5871,"PrideImpaleAdditionalHits",[7],""
5872,"SublimeVisionAnger",[7],""
5873,"SublimeVisionClarity",[7],""
5874,"SublimeVisionDetermination",[7],""
5875,"SublimeVisionDiscipline",[7],""
5876,"SublimeVisionGrace",[7],""
5877,"SublimeVisionHaste",[7],""
5878,"SublimeVisionHatred",[7],""
5879,"SublimeVisionMalevolence",[7],""
5880,"SublimeVisionPrecision",[7],""
5881,"SublimeVisionPride",[7],""
5882,"SublimeVisionPurityOfElements",[7],""
5883,"SublimeVisionPurityOfIce",[7],""
5884,"SublimeVisionPurityOfLightning",[7],""
5885,"SublimeVisionPurityOfFire",[7],""
5886,"SublimeVisionVitality",[7],""
5887,"SublimeVisionWrath",[7],""
5888,"SublimeVisionZealotry",[7],""
5889,"SpiritBurstOnSkillUseUnique",[7],""
5890,"MonsterTentacles",[],""
5891,"ElderInfluencePortalPacks",[],""
5892,"ElderInfluenceTentacleMinions",[],""
5893,"ElderInfluenceSpawnTentacleSlammer",[],""
5894,"DealNoNonElementalDamage",[6],""
5895,"DisplaySupportedByElementalPenetration",[6],""
5896,"ParasiticSquidGraspingTentaclesStats",[],""
5897,"GainSpiritChargeOnKillChance",[],""
5898,"GainLifeWhenSpiritChargeExpiresOrConsumed",[],""
5899,"GainESWhenSpiritChargeExpiresOrConsumed",[],""
5900,"PhysAddedAsEachElementPerSpiritCharge",[5],""
5901,"LocalDisplayGrantLevelXSpiritBurst",[],""
5902,"GainSpiritChargeEverySecond",[6],""
5903,"LoseSpiritChargesOnSavageHit",[5],""
5904,"MaximumSpiritChargesPerAbyssJewelEquipped",[],""
5905,"GainDebilitatingPresence",[6],""
5906,"ElderChargeVariation",[7],""
5907,"LocalDisplayGrantLevelXShadeForm",[6],""
5908,"TriggerShadeFormWhenHit",[6],""
5909,"AddedPhysicalDamagePerEnduranceCharge",[6],""
5910,"ChaosResistancePerEnduranceCharge",[6],""
5911,"ReducedElementalDamageTakenHitsPerEnduranceCharge",[6],""
5912,"ArmourPerEnduranceCharge",[6],""
5913,"AvoidElementalDamagePerFrenzyCharge",[6],""
5914,"AttackDamageLeechPerFrenzyCharge",[6],""
5915,"AddedLightningDamagePerPowerCharge",[6],""
5916,"AdditionalCriticalStrikeChancePerPowerCharge",[6],""
5917,"CriticalMultiplierPerPowerCharge",[6],""
5918,"ChanceToBlockSpellsPerPowerCharge",[6],""
5919,"DamageTakenPerEnduranceChargeWhenHit",[6],""
5920,"DamageTakenPerFrenzyChargeMoving",[6],""
5921,"DamageTakenPerPowerChargeOnCrit",[6],""
5922,"TentacleFiendAuraMonster",[],""
5923,"RaiseSpectreManaCost",[6],""
5924,"ProjectileDistanceOverride",[],""
5925,"SideareaLevelOverride",[],""
5926,"VoidShotOnSkillUse",[7],""
5927,"MaximumVoidArrows",[7],""
5928,"CannotBeStunnedByAttacksElderItem",[5],""
5929,"AttackDamageShaperItem",[5],""
5930,"SpellDamageElderItem",[5],""
5931,"CannotBeStunnedBySpellsShaperItem",[5],""
5932,"RecoverLifeInstantlyOnManaFlask",[5],""
5933,"NonInstantManaRecoveryAlsoAffectsLife",[5],""
5934,"SpellDamagePer200ManaSpentRecently",[5],""
5935,"ManaCostPer200ManaSpentRecently",[5],""
5936,"SiphoningChargeOnSkillUse",[7],""
5937,"MaximumSiphoningChargePerElderOrShaperItem",[7],""
5938,"PhysicalDamageToAttacksPerSiphoningCharge",[],""
5939,"LifeLeechPerSiphoningCharge",[],""
5940,"NonChaosDamageAddedAsChaosPerSiphoningCharge",[],""
5941,"AdditionalPhysicalDamageReductionPerSiphoningCharge",[],""
5942,"DamageTakenPerSiphoningChargeOnSkillUse",[],""
5943,"TentacleSmashOnKill",[7],""
5944,"GlimpseOfEternityWhenHit",[7],""
5945,"SummonVoidSphereOnKill",[7],""
5946,"NumberOfProjectilesOverride",[],""
5947,"GrantsPetrificationStatue",[7],""
5948,"GrantsIntimidatingCry",[],""
5949,"GrantsCatAspect",[2],""
5950,"GrantsBirdAspect",[2],""
5951,"GrantsSpiderAspect",[2],""
5952,"GrantsCrabAspect",[2],""
5953,"MapAtlasInfluence",[],""
5954,"MapMissionDetails",[],""
5955,"ItemQuantityOnLowLife",[5],""
5956,"DamagePer10Dexterity",[5],""
5957,"LifeRegeneratedPerMinuteWhileIgnited",[5],""
5958,"IncreasedElementalDamageIfKilledCursedEnemyRecently",[5],""
5959,"DoubleDamageChance",[5],""
5960,"DoubleDamagePer500Strength",[5],""
5961,"BestiaryLeague",[],""
5962,"BestiaryLeagueMemoryLine",[],""
5963,"RagingSpiritDurationResetOnIgnitedEnemy",[5],""
5964,"FrenzyChargePer50RampageStacks",[7],""
5965,"AreaOfEffectPer25RampageStacks",[5],""
5966,"UnaffectedByCurses",[8],""
5967,"SupportedByTrapAndMineDamage",[5],""
5968,"SupportedByClusterTrap",[5],""
5969,"AviansMightColdDamage",[5],""
5970,"AviansMightLightningDamage",[5],""
5971,"AviansMightDuration",[5],""
5972,"GrantAviansAspectToAllies",[5],""
5973,"AvianAspectBuffEffect",[5],""
5974,"AviansFlightLifeRegeneration",[5],""
5975,"AviansFlightManaRegeneration",[5],""
5976,"AviansFlightDuration",[5],""
5977,"GrantsAvianTornado",[],""
5978,"BestiaryMod1",[],""
5979,"BestiaryMod2",[],""
5980,"BestiaryMod3",[],""
5981,"BestiaryMod4",[],""
5982,"BestiaryMod5",[],""
5983,"BestiaryMod6",[],""
5984,"BestiaryMod7",[],""
5985,"BestiaryMod8",[],""
5986,"BestiaryMod9",[],""
5987,"BestiaryMod10",[],""
5988,"BestiaryMod11",[],""
5989,"BestiaryMod12",[],""
5990,"BestiaryMod13",[],""
5991,"BestiaryMod14",[],""
5992,"BestiaryMod15",[],""
5993,"BestiaryMod16",[],""
5994,"BestiaryMod17",[],""
5995,"BestiaryMod18",[],""
5996,"BestiaryMod19",[],""
5997,"BestiaryMod20",[],""
5998,"BestiaryMod21",[],""
5999,"BestiaryMod22",[],""
6000,"BestiaryMod23",[],""
6001,"BestiaryMod24",[],""
6002,"BestiaryMod25",[],""
6003,"BeastChanceToNotBeConsumed",[],""
6004,"BestiaryModTigerSpiritBossMinions",[],""
6005,"CatsStealthTriggeredIntimidatingCry",[],""
6006,"MaximumCrabBarriers",[5],""
6007,"AdditionalBlockChance5CrabBarriers",[5],""
6008,"AdditionalBlockChance10CrabBarriers",[5],""
6009,"CrabBarriersLostWhenHit",[5],""
6010,"DamagePerCrabBarrier",[5],""
6011,"ChanceToGainMaximumCrabBarriers",[5],""
6012,"CannotBeStunned10CrabBarriers",[5],""
6013,"CannotLoseCrabBarriersIfLostRecently",[5],""
6014,"MonsterTrapVariation",[],""
6015,"GainPhasingWhileCatsStealth",[5],""
6016,"GainOnslaughtWhileCatsAgility",[5],""
6017,"CatsStealthDuration",[5],""
6018,"CatsAgilityDuration",[5],""
6019,"CatAspectReservesNoMana",[5],""
6020,"GainMaxFrenzyAndPowerOnCatsStealth",[7],""
6021,"GainMaxFrenzyAndEnduranceOnCatsAgility",[7],""
6022,"AttacksBleedOnHitWithCatsStealth",[5],""
6023,"GainCrimsonDanceWithCatsStealth",[5],""
6024,"MovementSpeedWithCatsStealth",[5],""
6025,"AdditionalCriticalStrikeChanceWithCatAspect",[5],""
6026,"CritsBlindChanceWithCatsStealth",[5],""
6027,"DamageAgainstBleedingEnemies",[5],""
6028,"DamageAgainstBlindedEnemies",[5],""
6029,"AccuracyAgainstBleedingEnemies",[5],""
6030,"CommandmentOfInfernoOnCrit",[7],""
6031,"MaximumResistancesOverride",[7],""
6032,"BurningDamagePerEnemyShockedRecently",[5],""
6033,"AddedLightningDamageAgainstIgnitedEnemies",[5],""
6034,"LightningDamageCanIgnite",[7],""
6035,"EnemyExtraDamageRollsOnFullLife",[5],""
6036,"ProjectileAttackDamageAt200Dexterity",[5],""
6037,"CriticalStrikeChanceAt200Intelligence",[5],""
6038,"AddedFireDamageWhileNoLifeReserved",[5],""
6039,"AddedColdDamageWhileNoLifeReserved",[5],""
6040,"AddedLightningDamageWhileNoLifeReserved",[5],""
6041,"OnslaughtOnLowLife",[5],""
6042,"IgnoreEnemyFireResistWhileIgnited",[5],""
6043,"CrimsonDanceIfCritRecently",[5],""
6044,"AnimateGuardianWeaponOnGuardianKillUnique",[6],""
6045,"AnimateGuardianWeaponOnAnimatedWeaponKill",[6],""
6046,"SkillVisualScale",[],""
6047,"CannnotHaveNonAnimatedMinions",[],""
6048,"AnimatedGuardianDamagePerAnimatedWeapon",[5],""
6049,"AnimatedMinionsHaveMeleeSplash",[5],""
6050,"IncreasedAnimatedMinionSplashDamage",[5],""
6051,"AnimatedGuardianDefensesApplyToAnimatedWeapon",[5],""
6052,"FireDamageToAttacksPerStrength",[5],""
6053,"ColdDamageToAttacksPerDexterity",[5],""
6054,"LightningDamageToAttacksPerIntelligence",[5],""
6055,"EffectOfChillIsReversed",[5],""
6056,"CountAsLowLifeWhenNotOnFullLife",[],""
6057,"CountAsLowLifeWhileAffectedByVulnerability",[7],""
6058,"IncreasedSpiderWebCount",[5],""
6059,"AspectOfSpiderDuration",[5],""
6060,"ESOnHitWebbedEnemies",[5],""
6061,"AspectOfSpiderWebInterval",[5],""
6062,"PowerChargeOnHitWebbedEnemy",[5],""
6063,"PoisonChancePerPowerCharge",[5],""
6064,"PoisonDamagePerPowerCharge",[5],""
6065,"ChaosDamagePerWebOnEnemy",[5],""
6066,"DamageAgainstEnemiesWith3Webs",[5],""
6067,"AreaOfEffectAspectOfSpider",[5],""
6068,"DamageDealtByWebbedEnemies",[5],""
6069,"ResistancesOfWebbedEnemies",[5],""
6070,"NoArmourOrEnergyShield",[],""
6071,"PoachersMarkCurseOnHitHexproof",[7],""
6072,"CullingStrikePoachersMark",[],""
6073,"DamageOnMovementSkill",[],""
6074,"RagingSpiritDamage",[5],""
6075,"RagingSpiritAlwaysIgnite",[5],""
6076,"ReducedRagingSpiritsAllowed",[5],""
6077,"BlindingAuraSkill",[7],""
6078,"AddedFireDamageAgainstBlindedEnemies",[5],""
6079,"LightRadiusAppliesToAccuracy",[5],""
6080,"FirePenetrationAgainstBlindedEnemies",[5],""
6081,"HitsCannotBeEvadedAgainstBlindedEnemies",[7],""
6082,"ManifestExtraDancingDervishCopies",[5],""
6083,"ChillEffect",[5],""
6084,"OnHitWhileCursedTriggeredCurseNova",[],""
6085,"IncursionLeague",[],""
6086,"IncursionLeagueCrafted",[],""
6087,"IncursionLeagueMemoryLine",[],""
6088,"BestiaryModYellowMonsters",[],""
6089,"ChanceToBePoisoned",[5],""
6090,"PoisonExpiresSlower",[5],""
6091,"MaximumResistancesWhilePoisoned",[7],""
6092,"EnergyShieldRegenPerPoison",[5],""
6093,"BleedOnSelfDealChaosDamage",[7],""
6094,"MaximumLifePerCorruptedItem",[6],""
6095,"MaximumEnergyShieldPerCorruptedItem",[6],""
6096,"AllResistancesPerCorruptedItem",[6],""
6097,"NoManaRecoveryDuringFlaskEffect",[5],""
6098,"FlaskGainVaalSoulPerSecond",[6],""
6099,"FlaskGainVaalSoulsOnUse",[6],""
6100,"FlaskLoseChargesOnNewArea",[6],""
6101,"FlaskVaalSkillDamage",[6],""
6102,"FlaskVaalSkillMoreDamage",[6],""
6103,"FlaskVaalSkillCriticalStrikeChance",[6],""
6104,"FlaskVaalSkillCost",[6],""
6105,"FlaskVaalSoulPreventionDuration",[6],""
6106,"FlaskVaalNoSoulPrevention",[6],""
6107,"CannotGainFlaskChargesDuringEffect",[5],""
6108,"FlaskVaalConsumeMaximumCharges",[5],""
6109,"FlaskVaalGainSoulsAsCharges",[7],""
6110,"BestiaryModYellowNoMinionCorpse",[],""
6111,"UniqueSelfCurseVulnerability",[5],""
6112,"SelfCurseDespair",[],""
6113,"SelfCurseElementalWeakness",[],""
6114,"SelfCurseEnfeeble",[],""
6115,"SelfCurseTemporalChains",[],""
6116,"SelfCurseVulnerability",[],""
6117,"SelfCurseConductivity",[],""
6118,"SelfCurseFlammability",[],""
6119,"SelfCurseFrostbite",[],""
6120,"EnemiesExtraDamageRollsWhileAffectedByVulnerability",[5],""
6121,"TrapAreaOfEffect",[5],""
6122,"MineAreaOfEffect",[5],""
6123,"CastSpeedAppliesToTrapSpeed",[7],""
6124,"RandomChargeOnTrapTrigger",[5],""
6125,"TrapSkillsHaveBloodMagic",[5],""
6126,"CannotGainEnergyShield",[5],""
6127,"LifeRegenerationWith500EnergyShield",[5],""
6128,"LifeRegenerationWith1000EnergyShield",[5],""
6129,"LifeRegenerationWith1500EnergyShield",[5],""
6130,"IncreasedLifePerIntelligence",[5],""
6131,"NoMaximumLifePerStrength",[5],""
6132,"NoMaximumManaPerIntelligence",[5],""
6133,"LifeRegenerationPer500EnergyShield",[5],""
6134,"SkeletonsTakeFireDamagrPerSecond",[5],""
6135,"SkeletonsCoverEnemiesInAsh",[5],""
6136,"SkeletonsHaveAvatarOfFire",[5],""
6137,"AreaOfEffectPerEnemyKilledRecently",[5],""
6138,"ZealotsOathIfHaventBeenHitRecently",[5],""
6139,"LifeGainOnHitIfVaalSkillUsedRecently",[5],""
6140,"MovementVelocityIfVaalSkillUsedRecently",[5],""
6141,"GainPowerChargeOnUsingVaalSkill",[5],""
6142,"ChaosDamageCanIgniteChillAndShock",[5],""
6143,"GainSoulEaterOnVaalSkillUse",[8],""
6144,"CriticalStrikeMultiplierPerUnallocatedStrengthJewel",[5],""
6145,"AdditionalPhysicalReductionPerAllocatedStrengthJewel",[5],""
6146,"AdditionalStrengthPerAllocatedStrengthJewel",[5],""
6147,"FlatManaRegenPerUnallocatedDexterityJewel",[5],""
6148,"MovementSpeedPerAllocatedDexterityJewel",[5],""
6149,"MovementSpeedPerUnallocatedDexterityJewel",[5],""
6150,"AdditionalDexterityPerAllocatedDexterityJewel",[5],""
6151,"AccuracyRatingPerUnallocatedIntelligenceJewel",[5],""
6152,"EnergyShieldRegenPerAllocatedIntelligenceJewel",[5],""
6153,"AdditionalIntelligencePerAllocatedIntelligenceJewel",[5],""
6154,"AccuracyRatingPerUnallocatedDexterityJewel",[5],""
6155,"LifeRecoveryRatePerAllocatedStrengthJewel",[5],""
6156,"LifeRecoveryRatePerUnallocatedStrengthJewel",[5],""
6157,"ManaRecoveryRatePerAllocatedIntelligenceJewel",[5],""
6158,"ManaRecoveryRatePerUnallocatedIntelligenceJewel",[5],""
6159,"DamageOverTimeMultiplierPerUnallocatedIntelligenceJewel",[5],""
6160,"DamageConversionToRandomElement",[7],""
6161,"LocalDamageConversionToRandomElement",[7],""
6162,"LocalAlwaysInflictElementalAilments",[5],""
6163,"LocalElementalDamageAgainstIgnitedEnemies",[5],""
6164,"LocalElementalDamageAgainstFrozenEnemies",[5],""
6165,"LocalElementalDamageAgainstShockedEnemies",[5],""
6166,"OnslaughtWhileNotOnLowMana",[5],""
6167,"HellscapeLoseManaPerSecond",[5],""
6168,"LoseManaPerSecond",[5],""
6169,"LoseManaPercentPerSecond",[5],""
6170,"DodgeAndSpellDodgePerMaximumMana",[7],""
6171,"DisplayHasAdditionalMod",[7],""
6172,"AdditionalProjectiles",[2],""
6173,"AdditionalProjectilesCorrupted",[],""
6174,"AvoidIgniteCorrupted",[],""
6175,"IncreasedAilmentEffectOnEnemies",[1],""
6176,"DamageOverTime",[],""
6177,"IncreasedDamage",[],""
6178,"AvoidMaimChance",[],""
6179,"PhysicalDamageTakenAsChaos",[],""
6180,"PhysicalDamageTakenAsChaosUber",[7],""
6181,"PhysicalDamageTakenAsChaosUberMaven",[7],""
6182,"PhysicalDamageTakenAsChaosBodyUber",[7],""
6183,"ColdDamageTakenPercentage",[1],""
6184,"LightningDamageTaken",[1],""
6185,"ReducedExtraDamageFromCrits",[1],""
6186,"SupportedByBlind",[],""
6187,"SupportedByFortify",[],""
6188,"SupportedByLifeGainOnHit",[],""
6189,"SupportedByOnslaught",[],""
6190,"SupportedByReducedMana",[],""
6191,"MaximumEnergyShieldPercent",[],""
6192,"IncreasedItemQuantity",[],""
6193,"IncreasedAuraEffectWrathCorrupted",[],""
6194,"IncreasedAuraEffectAngerCorrupted",[],""
6195,"IncreasedAuraEffectHatredCorrupted",[],""
6196,"IncreasedAuraEffectDeterminationCorrupted",[],""
6197,"IncreasedAuraEffectDisciplineCorrupted",[],""
6198,"IncreasedAuraEffectGraceCorrupted",[],""
6199,"IncreasedAuraEffectMalevolenceCorrupted",[],""
6200,"IncreasedAuraEffectZealotryCorrupted",[],""
6201,"IncreasedAuraEffectPrideCorrupted",[],""
6202,"IncreasedIntelligenceDexterityCorrupted",[],""
6203,"IncreasedDexterityStrengthCorrupted",[],""
6204,"IncreasedStrengthIntelligenceCorrupted",[],""
6205,"AllResistancesCorrupted",[],""
6206,"ChaosDamageTakenPercentage",[1],""
6207,"AddedColdDamageToBowAttacksCorrupted",[],""
6208,"AddedEvasionWhileMovingCorrupted",[],""
6209,"AddedFireDamageToBowAttacksCorrupted",[],""
6210,"AddedLightningDamageToBowAttacksCorrupted",[],""
6211,"AddedPhysicalDamageToBowAttacksCorrupted",[],""
6212,"AddedChaosDamageToBowAttacksCorrupted",[],""
6213,"AdditionalCriticalStrikeMultiplierUnderFlaskEffect",[],""
6214,"AngerAuraEffect",[1],""
6215,"HatredAuraEffect",[1],""
6216,"WrathAuraEffect",[1],""
6217,"MalevolenceAuraEffect",[1],""
6218,"ZealotryAuraEffect",[1],""
6219,"PrideAuraEffect",[],""
6220,"DeterminationAuraEffect",[],""
6221,"GraceAuraEffect",[],""
6222,"DisciplineAuraEffect",[],""
6223,"HasteAuraEffect",[],""
6224,"PurityOfElementsEffect",[],""
6225,"PurityOfFireEffect",[],""
6226,"PurityOfIceEffect",[],""
6227,"PurityOfLightningEffect",[],""
6228,"AngerSkillReduced",[5],""
6229,"ChanceToBleedOnHitAndIncreasedDamageToBleedingTargets",[],""
6230,"CorruptedBloodImmunity",[2],""
6231,"CurseOnHitDespair",[5],""
6232,"CurseOnHitDespairChance",[5],""
6233,"CurseOnHitDespairMod",[5],""
6234,"CurseOnHitEnfeeble",[],""
6235,"DespairSkill",[],""
6236,"DodgeSpellHitsWhileMoving",[],""
6237,"GainFrenzyChargeAfterSpending200Mana",[],""
6238,"IncreasedCriticalStrikeUnderFlaskEffect",[],""
6239,"IncreasedProjectileDamageForEachChain",[],""
6240,"AreaOfEffectDamageTaken",[],""
6241,"IncreasedSocketedTrapOrMineGemLevel",[2],""
6242,"IncreaseSocketedDurationGemLevel",[],""
6243,"IncreasedSocketedAoEGemLevel",[],""
6244,"VaalPurityOfFireSkill",[5],""
6245,"VaalPurityOfIceSkill",[5],""
6246,"VaalPurityOfLightningSkill",[5],""
6247,"IncursionTemplePoisonClusters",[],""
6248,"IncursionTempleLargePoisonClusters",[],""
6249,"IncursionTempleParasiticPoisonClusters",[],""
6250,"IncursionTempleAttackCastSpeed",[],""
6251,"IncursionPlayerMaxResists",[],""
6252,"IncursionMonsterDensity",[],""
6253,"IncursionMonsterRarity",[],""
6254,"IncursionAdditionalBreaches",[],""
6255,"IncursionTempestItemsDropCorrupted",[],""
6256,"MonsterKillAndDeleteOnHit",[],""
6257,"IncursionMonsterDamageMap",[],""
6258,"IncursionMonsterLife",[],""
6259,"IncursionQuantity",[],""
6260,"IncursionMonsterRegen",[],""
6261,"IncursionMonsterAreaOfEffect",[],""
6262,"IncursionMonsterResists",[],""
6263,"IncursionMonsterCrits",[],""
6264,"IncursionMonsterAddedAsFire",[],""
6265,"IncursionMonsterAddedAsLightning",[],""
6266,"IncursionMonsterMagicPacks",[],""
6267,"IncursionTempleMonstersCurseEffectOnSelf",[],""
6268,"IncursionTempleMonstersPoisoning",[],""
6269,"IncursionMonsterTormentedSpirit",[],""
6270,"IncursionMonsterTormentedSpirit2",[],""
6271,"IncursionTempleTempestBuffDuration",[],""
6272,"IncursionTempleRoomBonus",[],""
6273,"IncursionTempleItemLevel",[],""
6274,"IncursionArchitectMapCurrency",[],""
6275,"PerandusManorCadiro",[],""
6276,"MapMonsterPacksVaalMapWorlds",[],""
6277,"ElementalHitJewel",[5],""
6278,"ElementalHitDisableFireJewel",[7],""
6279,"ElementalHitDisableColdJewel",[7],""
6280,"ElementalHitDisableLightningJewel",[7],""
6281,"IncursionTempestWeightTier1",[],""
6282,"IncursionTempestWeightTier2",[],""
6283,"IncursionTempestWeightTier3",[],""
6284,"IncursionTempleFirePacks",[],""
6285,"IncursionTempleLightningPacks",[],""
6286,"IncursionTempleMinionPacks",[],""
6287,"IncursionTempleTrapVialChance",[],""
6288,"IncursionTempleHealingVialChance",[],""
6289,"IncursionTemplePoisonVialChance",[],""
6290,"IncursionTempleLightningVialChance",[],""
6291,"IncursionTempleFireVialChance",[],""
6292,"IncursionTempleMinionVialChance",[],""
6293,"IncursionTempleFlaskVialChance",[],""
6294,"IncursionTempleJewelVialChance",[],""
6295,"IncursionTempleAmuletVialChance",[],""
6296,"MapItemsDropCorrupted",[],""
6297,"MapCorruptedSideAreaItemsDropCorrupted",[],""
6298,"MapCorruptedSideAreaAdditionalVaalPacks",[],""
6299,"MapCorruptedSideAreaAdditionalVaalPacksImplicit",[],""
6300,"DelveTest",[],""
6301,"MapDelveLeague",[],""
6302,"TriggerSummonPhantasmOnCorpseConsume",[7],""
6303,"CastSpeedPerCorpseConsumedRecently",[5],""
6304,"LifeRegenerationIfCorpseConsumedRecently",[5],""
6305,"CannotHaveNonGolemMinions",[5],""
6306,"UniqueTriggerSocketedWarcriesOnEnduranceChargeExpireOrUse",[],""
6307,"UniqueCurseWithSocketedCurseOnHit",[7],""
6308,"LessGolemDamage",[5],""
6309,"LessGolemLife",[5],""
6310,"GolemSize",[5],""
6311,"GolemMovementSpeed",[5],""
6312,"SacrificeLifeToGainES",[7],""
6313,"PhysicalDamageReductionPerKeystone",[8],""
6314,"CannotGainEnduranceCharges",[5],""
6315,"GrantsStatsFromNonNotablesInRadius",[8],""
6316,"AllocatedNonNotablesGrantNothing",[5],""
6317,"DamageIsUnlucky",[],""
6318,"DamageIsLucky",[],""
6319,"UniqueNearbyAlliesAreLuckyDisplay",[],""
6320,"UniqueNearbyAlliesAreLucky",[7],""
6321,"MonsterDamageIsUnlucky",[],""
6322,"EnemyExtraDamageRollsWithLightningDamage",[5],""
6323,"PlaceAdditionalMineWith600Intelligence",[6],""
6324,"PlaceAdditionalMineWith600Dexterity",[6],""
6325,"DoubleModSellPrice1",[20],""
6326,"DoubleModSellPrice2",[21],""
6327,"DoubleModSellPrice3",[22],""
6328,"DoubleModSellPrice4",[23],""
6329,"DoubleModSellPrice5",[24],""
6330,"DoubleModSellPrice6",[25],""
6331,"DoubleModSellPrice7",[26],""
6332,"DoubleModSellPrice8",[27],""
6333,"DoubleModSellPrice9",[28],""
6334,"BlockChancePer50Strength",[7],""
6335,"ExtraRollsSpellBlock",[7],""
6336,"MovementVelocityPerEnduranceCharge",[5],""
6337,"MovementVelocityPerPowerCharge",[5],""
6338,"LifeRegenerationPercentPerPowerCharge",[5],""
6339,"DamagePerEnduranceCharge",[5],""
6340,"DamagePerFrenzyCharge",[5],""
6341,"GlobalAddedFireDamagePerEnduranceCharge",[5],""
6342,"GlobalAddedLightningDamagePerPowerCharge",[5],""
6343,"BlockChancePerEnduranceCharge",[5],""
6344,"BlockChancePerFrenzyCharge",[5],""
6345,"BlockChancePerPowerCharge",[5],""
6346,"DodgeChancePerEnduranceCharge",[5],""
6347,"DodgeChancePerPowerCharge",[5],""
6348,"FireDamageAddedAsChaosPerEnduranceCharge",[5],""
6349,"ColdDamageAddedAsChaosPerFrenzyCharge",[5],""
6350,"LightningDamageAddedAsChaosPerPowerCharge",[5],""
6351,"IncreasedArmourPerEnduranceCharge",[5],""
6352,"IncreasedEvasionRatingPerFrenzyCharge",[5],""
6353,"IncreasedEnergyShieldPerPowerCharge",[5],""
6354,"ChanceToGainMaximumEnduranceCharges",[5],""
6355,"ChanceToGainMaximumFrenzyCharges",[5],""
6356,"EnduranceChargeIfHitRecently",[5],""
6357,"EnduranceChargeIfHitRecentlyMaven",[5],""
6358,"FrenzyChargeOnHitChance",[5],""
6359,"FrenzyChargeOnHitChanceMaven",[5],""
6360,"AttackAndCastSpeedPerEnduranceCharge",[5],""
6361,"AttackAndCastSpeedPerPowerCharge",[5],""
6362,"CriticalStrikeChancePerEnduranceCharge",[5],""
6363,"CriticalStrikeChancePerFrenzyCharge",[5],""
6364,"PhysicalDamageReductionPerFrenzyCharge",[5],""
6365,"PhysicalDamageReductionPerPowerCharge",[5],""
6366,"IntimidateOnHitMaximumEnduranceCharge",[5],""
6367,"OnslaughtOnHitMaximumFrenzyCharge",[5],""
6368,"ArcaneSurgeOnHitMaximumPowerCharge",[5],""
6369,"CannotBeStunnedMaximumEnduranceCharge",[5],""
6370,"FlaskChargeOnCritMaximumFrenzyCharge",[5],""
6371,"AdditionalCurseMaximumPowerCharge",[5],""
6372,"VaalPactMaximumEnduranceCharge",[5],""
6373,"IronReflexesMaximumFrenzyCharge",[5],""
6374,"MindOverMatterMaximumPowerCharge",[5],""
6375,"NearbyEnemiesReducedStunRecovery",[5],""
6376,"NearbyEnemiesGrantIncreasedFlaskCharges",[5],""
6377,"NearbyEnemiesHaveIncreasedChanceToBeCrit",[5],""
6378,"NearbyEnemiesHaveIncreasedChanceToBeCrit2",[5],""
6379,"NearbyEnemiesHaveReducedAllResistances",[5],""
6380,"AuraAddedFireDamagePerRedSocket",[5],""
6381,"AuraAddedColdDamagePerGreenSocket",[5],""
6382,"AuraAddedLightningDamagePerBlueSocket",[5],""
6383,"AuraAddedChaosDamagePerWhiteSocket",[5],""
6384,"ArmourPerEvasionRatingOnShield",[5],""
6385,"EvasionRatingPerEnergyShieldOnShield",[5],""
6386,"EnergyShieldPerArmourOnShield",[5],""
6387,"LifeLeechFromSpellsWith30BlockOnShield",[5],""
6388,"AngerNoReservation",[],""
6389,"ClarityNoReservation",[],""
6390,"DeterminationNoReservation",[],""
6391,"DisciplineNoReservation",[],""
6392,"GraceNoReservation",[],""
6393,"HasteNoReservation",[],""
6394,"HatredNoReservation",[],""
6395,"PurityOfElementsNoReservation",[],""
6396,"PurityOfFireNoReservation",[],""
6397,"PurityOfIceNoReservation",[],""
6398,"PurityOfLightningNoReservation",[],""
6399,"VitalityNoReservation",[],""
6400,"WrathNoReservation",[],""
6401,"EnvyNoReservation",[],""
6402,"MalevolenceNoReservation",[],""
6403,"ZealotryNoReservation",[],""
6404,"PrideNoReservation",[],""
6405,"MapDoryanisMachinariumDisplay",[],""
6406,"FlatPhysicalDamageTaken",[2],""
6407,"DamageOnFullLife",[2],""
6408,"NearbyEnemyFireDamageResistanceNoResistance",[],""
6409,"NearbyEnemyColdDamageResistanceNoResistance",[],""
6410,"NearbyEnemyLightningDamageResistanceNoResistance",[],""
6411,"NearbyEnemyChaosDamageResistanceNoResistance",[],""
6412,"NearbyEnemyPhysicalDamageTakenNoResistance",[],""
6413,"NearbyEnemyZeroChaosDamageResistance",[2],""
6414,"NearbyEnemyFireDamageResistance",[2],""
6415,"NearbyEnemyColdDamageResistance",[2],""
6416,"NearbyEnemyLightningDamageResistance",[2],""
6417,"NearbyEnemyChaosDamageResistance",[2],""
6418,"NearbyEnemyPhysicalDamageTaken",[2],""
6419,"NearbyEnemyElementalDamageTaken",[2],""
6420,"ChanceToIntimidateOnHit",[2],""
6421,"ChanceToUnnerveOnHit",[2],""
6422,"LocalChanceToIntimidateOnHit",[2],""
6423,"PhysicalDamageReductionRatingIfYouHaveHitAnEnemyRecently",[2],""
6424,"EvasionRatingIfYouHaveHitAnEnemyRecently",[2],""
6425,"EnergyShieldRegenerationRatePerMinuteIfYouHaveHitAnEnemyRecently",[2],""
6426,"MaximumEnergyShieldFromBodyArmour",[2],""
6427,"ChanceWhenHitForArmourToBeDoubled",[2],""
6428,"LocalChanceForPoisonDamage100FinalInflictedWithThisWeapon",[2],""
6429,"LocalChanceForBleedingDamage100FinalInflictedWithThisWeapon",[2],""
6430,"LocalAttackReduceEnemyElementalResistance",[2],""
6431,"SocketedSpellsDamageFinal",[2],""
6432,"SocketedAttacksDamageFinal",[2],""
6433,"AddedPhysicalDamageVsPoisonedEnemies",[2],""
6434,"AddedPhysicalDamageVsBleedingEnemies",[2],""
6435,"SocketedSkillsCastSpeed",[2],""
6436,"SocketedSpellsManaCost",[2],""
6437,"SocketedSkillsAttackSpeed",[2],""
6438,"SocketedAttacksManaCost",[2],""
6439,"SocketedAttacksManaCostMaven",[2],""
6440,"AilmentDamage",[2],""
6441,"IncreasedDamageFromAuras",[2],""
6442,"DelveStrengthGemLevel",[2],""
6443,"DelveDexterityGemLevel",[2],""
6444,"DelveIntelligenceGemLevel",[2],""
6445,"VaalSoulCost",[2],""
6446,"MonsterAgroRadius",[],""
6447,"LocalAccuracyRatingAndAttackSpeed",[0],""
6448,"LifeAndPercentLife",[2],""
6449,"IgnoreArmourMovementPenalties",[2],""
6450,"FrenzyChargeOnHittingRareOrUnique",[2],""
6451,"AdditionalHolyRelic",[5],""
6452,"HolyRelicCooldownRecovery",[7],""
6453,"ManaRegeneratedIfYouveHitRecently",[2],""
6454,"FrenzyChargeWhenHit",[2],""
6455,"MovementSpeedIfHitRecently",[2],""
6456,"AttackAndCastSpeedIfHitRecently",[2],""
6457,"CannotBeChilledOrFrozenWhileMoving",[2],""
6458,"ChanceToGainOnslaughtOnFlaskUse",[2],""
6459,"CannotBeShockedOrIgnitedWhileMoving",[2],""
6460,"PhysicalDamageOverTimeTaken",[2],""
6461,"ColdDamageTakenIfHitRecently",[7],""
6462,"OnslaughtEffect",[7],""
6463,"AttackAndCastSpeedWithOnslaught",[7],""
6464,"PhysicalDamageWithUnholyMight",[7],""
6465,"PhysicalDamageWhileResoluteTechnique",[5],""
6466,"IncreasedWeaponElementalDamagePercentPerPowerCharge",[5],""
6467,"ArrowsAlwaysPierceAfterForking",[5],""
6468,"ArrowsThatPierceHaveCritMulti",[5],""
6469,"SupportedByGreaterVolley",[5],""
6470,"ChanceToBleedWithoutAvatarOfFire",[5],""
6471,"FireDamageVersusBleedingEnemies",[5],""
6472,"PhysicalDamageVersusIgnitedEnemies",[5],""
6473,"PhysicalDamageTakenAsRandomElement",[5],""
6474,"StartEnergyShieldRechargeOnSkillChance",[5],""
6475,"SpellCriticalStrikeChancePerSpectre",[5],""
6476,"GainArcaneSurgeOnCrit",[5],""
6477,"SpectresGainArcaneSurgeWhenYouDo",[5],""
6478,"TriggerFeastOfFleshSkill",[5],""
6479,"TriggerRandomOfferingSkill",[5],""
6480,"TriggerBoneOfferingSkill",[],""
6481,"TriggerSpiritOfferingSkill",[],""
6482,"SelfOfferingEffect",[5],""
6483,"LeftRingSpellProjectilesFork",[5],""
6484,"LeftRingSpellProjectilesCannotChain",[5],""
6485,"RightRingSpellProjectilesChain",[5],""
6486,"RightRingSpellProjectilesCannotFork",[5],""
6487,"Fortify",[5],""
6488,"MapMonstersOnslaughtDelve",[],""
6489,"MapMonstersDropsItemLevel",[],""
6490,"MapMonstersPackSizeDelve",[],""
6491,"MapMonstersResistPenetration",[],""
6492,"MapMonstersRemoveCharges",[],""
6493,"ChaosResistanceAgainstDamageOverTime",[2],""
6494,"CrimsonDance",[7],""
6495,"PerfectAgony",[7],""
6496,"Runebinder",[7],""
6497,"WickedWard",[7],""
6498,"MortalConviction",[7],""
6499,"GlancingBlows",[7],""
6500,"CallToArms",[7],""
6501,"EternalYouth",[7],""
6502,"WindDancer",[7],""
6503,"TheAgnostic",[7],""
6504,"SupremeEgo",[7],""
6505,"SacredBastion",[7],""
6506,"Impaler",[7],""
6507,"SoulTether",[7],""
6508,"CorruptedSoul",[7],""
6509,"HexMaster",[7],""
6510,"DivineFlesh",[7],""
6511,"EverlastingSacrifice",[7],""
6512,"ShepherdOfSouls",[7],""
6513,"LetheShade",[7],""
6514,"GhostDance",[7],""
6515,"VersatileCombatant",[7],""
6516,"Magebane",[7],""
6517,"Solipsism",[7],""
6518,"DivineShield",[7],""
6519,"PreciseTechnique",[7],""
6520,"SupremeDecadence",[7],""
6521,"LeagueBetrayal",[],""
6522,"LeagueBetrayalCrafted",[],""
6523,"LeagueBetrayalMemoryLine",[],""
6524,"MonsterUnaffectedByLifeModifers",[],""
6525,"MasterDamageFinalVsUniqueMonsters",[],""
6526,"VeiledPrefix",[],""
6527,"VeiledSuffix",[],""
6528,"LocalIncreasedPhysicalDamageAndImpaleChance",[1],""
6529,"LocalIncreasedPhysicalDamageAndBleedChance",[1],""
6530,"LocalIncreasedPhysicalDamageAndBlindChance",[1],""
6531,"LocalIncreasedPhysicalDamageAndPoisonChance",[1],""
6532,"AreaDamageAndAreaOfEffect",[1],""
6533,"ProjectileDamageAndProjectileSpeed",[1],""
6534,"MeleeDamageAndMeleeRange",[1],""
6535,"FireDamageAndChanceToIgnite",[1],""
6536,"ColdDamageAndBaseChanceToFreeze",[1],""
6537,"LightningDamageAndChanceToShock",[1],""
6538,"ChaosDamageAndChaosSkillDuration",[1],""
6539,"SpellDamageAndManaRegenerationRate",[1],""
6540,"SpellDamageAndNonChaosDamageToAddAsChaosDamage",[1],""
6541,"MinionDamageAndMinionMaximumLife",[1],""
6542,"LuckyCriticalsDuringFocus",[1],""
6543,"LuckyCriticalsDuringFocusCDR",[1],""
6544,"DodgeChanceDuringFocus",[1],""
6545,"PhysicalDamageReductionDuringFocus",[1],""
6546,"ChillNearbyEnemiesOnFocus",[],""
6547,"ShockNearbyEnemiesOnFocus",[1],""
6548,"ShockNearbyEnemiesOnFocusCDR",[1],""
6549,"LifeRegenerationPerEvasionDuringFocus",[1],""
6550,"RestoreManaAndEnergyShieldOnFocus",[1],""
6551,"LocalIncreasedPhysicalDamageAndAlwaysHits",[3],""
6552,"LocalAddedPhysicalDamageAndCausesBleeding",[5],""
6553,"IncreasedChaosAndPhysicalDamage",[1],""
6554,"IncreasedFireAndLightningDamage",[1],""
6555,"LifeAddedAsEnergyShield",[1],""
6556,"ElementalPenetrationWithAttacks",[],""
6557,"ChaosPenetrationWithAttacks",[],""
6558,"DamageWhileLeeching",[1],""
6559,"DamageWhileLeechingLife",[],""
6560,"DamageWhileLeechingMana",[],""
6561,"MovementVelocityAndMovementVelocityIfNotHitRecently",[1],""
6562,"MovementVelocityAndOnslaughtOnKill",[1],""
6563,"MovementVelocityAndCannotBeChilled",[1],""
6564,"AvoidElementalDamageChanceDuringSoulGainPrevention",[1],""
6565,"PhysicalDamageReductionRatingDuringSoulGainPrevention",[1],""
6566,"GainOnslaughtDuringSoulGainPrevention",[1],""
6567,"DamageWithNonVaalSkillsDuringSoulGainPrevention",[1],""
6568,"SkillAreaOfEffectPercentAndAreaOfEffectGemLevel",[1],""
6569,"ProjectilePierceAndProjectileGemLevel",[1],""
6570,"MeleeRangeAndMeleeGemLevel",[1],""
6571,"AddedFireAndColdDamage",[1],""
6572,"AddedFireAndLightningDamage",[1],""
6573,"AddedColdAndLightningDamage",[1],""
6574,"MonsterAreaOfEffectFinalVariance",[],""
6575,"MonsterCannotBeStopped",[],""
6576,"MonsterModAuraBase",[],""
6577,"MonsterPeriodicHealingAura",[],""
6578,"StrengthAndDexterity",[1],""
6579,"StrengthAndIntelligence",[1],""
6580,"DexterityAndIntelligence",[1],""
6581,"TriggerArcaneWakeSkillUnique",[],""
6582,"DoubleDamageWithWeapon",[7],""
6583,"FocusCooldownRecovery",[5],""
6584,"LifeRegenPerUncorruptedItem",[5],""
6585,"TotalManaCostPerCorruptedItem",[5],""
6586,"DamageWithHitsAndAilmentsAgainstChilledEnemy",[5],""
6587,"ElementalDamageWhileAffectedBySextant",[5],""
6588,"ElementalDamagePerSextant",[5],""
6589,"AttackSpeedPerMapMod",[5],""
6590,"AttackDamagePerMapMod",[5],""
6591,"BleedOnCrit",[5],""
6592,"MaimOnCrit",[5],""
6593,"EnemiesYouBleedGrantIncreasedFlaskCharges",[5],""
6594,"LifeRegenerationIfBlockedRecently",[5],""
6595,"GroundTarOnBlock",[5],""
6596,"GainShapersPresence",[5],""
6597,"SpellsCannotPierce",[5],""
6598,"EnemiesIgnitedTakeIncreasedDamage",[5],""
6599,"GainChargeOnConsumingIgnitedCorpse",[5],""
6600,"RecoverMaximumLifeOnKillFlaskEffect",[5],""
6601,"RecoverMaximumManaOnKillFlaskEffect",[5],""
6602,"RecoverMaximumEnergyShieldOnKillFlaskEffect",[5],""
6603,"AlternateFireAilment",[7],""
6604,"AlternateColdAilment",[7],""
6605,"AlternateLightningAilment",[7],""
6606,"SocketedGemQuality",[1],""
6607,"CriticalStrikeMultiplierIfRareOrUniqueEnemyNearby",[1],""
6608,"AttackSpeedPercentIfRareOrUniqueEnemyNearby",[1],""
6609,"EnergyShieldRegenerationRatePerMinuteIfRareOrUniqueEnemyNearby",[1],""
6610,"CriticalChanceAndGainFrenzyChargeOnCriticalStrikePercent",[1],""
6611,"CriticalChanceAndElementalDamagePercentIfHaveCritRecently",[1],""
6612,"CriticalChanceAndAddedChaosDamageIfHaveCritRecently",[1],""
6613,"BaseLifeAndMana",[1],""
6614,"BaseLifeAndManaRegen",[1],""
6615,"BaseManaAndLifeRegen",[1],""
6616,"CustomLeagueMonsterDamage",[],""
6617,"CustomLeagueMonsterLife",[],""
6618,"CustomLeagueMonsterSpeed",[],""
6619,"CustomLeagueMonsterElementalDamage",[],""
6620,"CustomLeagueMultipleProjectiles",[],""
6621,"CustomLeagueFamine",[],""
6622,"CustomLeaguePlayerResistances",[],""
6623,"CustomLeagueNoStashes",[],""
6624,"CustomLeagueNoMagicRareDrops",[],""
6625,"CustomLeagueNoVendors",[],""
6626,"CustomLeagueMonsterAreaOfEffect",[],""
6627,"CustomLeagueGauntlet",[],""
6628,"MonsterFireDamageAndIgnite",[],""
6629,"MonsterColdDamageAndChill",[],""
6630,"MonsterLightningDamageAndShock",[],""
6631,"MonsterExtraEnergyShield",[],""
6632,"MonsterFireResistance",[],""
6633,"MonsterColdResistance",[],""
6634,"MonsterLightningResistance",[],""
6635,"MonsterPhysicalDamageReduction",[],""
6636,"MonsterChaosResistance",[],""
6637,"MonsterColdResistanceAndMaximumColdResistance",[],""
6638,"MonsterCriticalStrikeAndAccuracy",[],""
6639,"MonsterChanceToStun",[],""
6640,"MonsterAdditionalProjectiles",[],""
6641,"MonsterAvoidAilments",[],""
6642,"MonsterAreaOfEffect",[],""
6643,"MonsterOnslaughtWhenHit",[],""
6644,"MinimumEnduranceCharges",[1],""
6645,"MinimumPowerCharges",[1],""
6646,"MinimumFrenzyCharges",[1],""
6647,"MinimumEndurancePowerFrenzyCharges",[],""
6648,"MinimumEnduranceChargesAndOnKillChance",[1],""
6649,"MinimumPowerChargesAndOnKillChance",[1],""
6650,"MinimumFrenzyChargesAndOnKillChance",[1],""
6651,"ManaAndManaCostPercent",[1],""
6652,"ManaAndDamageTakenGoesToManaPercent",[1],""
6653,"ArmourAndEnergyShield",[1],""
6654,"EvasionRatingAndEnergyShield",[1],""
6655,"FlaskEffectAndFlaskChargesGained",[1],""
6656,"MaximumZombieAndSkeletons",[2],""
6657,"ChaosNonAilmentDamageOverTimeMultiplier",[],""
6658,"ColdDamageOverTimeMultiplier",[2],""
6659,"FireDamageOverTimeMultiplier",[2],""
6660,"PhysicalDamageOverTimeMultiplier",[2],""
6661,"ChaosDamageOverTimeMultiplier",[2],""
6662,"GlobalDamageOverTimeMultiplier",[2],""
6663,"FireDamageOverTimeMultiplierWithAttacks",[2],""
6664,"PhysicalDamageOverTimeMultiplierWithAttacks",[2],""
6665,"ChaosDamageOverTimeMultiplierWithAttacks",[2],""
6666,"GlobalDamageOverTimeMultiplierWithAttacks",[2],""
6667,"ChanceToDealDoubleDamageWhileFocused",[1],""
6668,"AttackAndCastSpeedWhileFocused",[1],""
6669,"StatusAilmentsYouInflictDurationWhileFocused",[1],""
6670,"ImmuneToStatusAilmentsWhileFocused",[1],""
6671,"ImmuneToStatusAilmentsWhileFocusedCDR",[1],""
6672,"ImmuneToElementalAilmentsWhileLifeAndManaClose",[],""
6673,"LifeLeechFromAnyDamagePermyriadWhileFocusedAndVaalPact",[1],""
6674,"FortifyEffectWhileFocused",[1],""
6675,"TriggerSocketedSpellWhenYouFocus",[1],""
6676,"TriggerSocketedSpellWhenYouFocusCDR",[1],""
6677,"DamageRemovedFromManaBeforeLifeWhileFocused",[1],""
6678,"MinionsRecoverMaximumLifeWhenYouFocus",[1],""
6679,"MinionsRecoverMaximumLifeWhenYouFocusCDR",[1],""
6680,"GainVaalPactWhileFocused",[1],""
6681,"SkillsCostNoManaWhileFocused",[2],""
6682,"SkillsCostNoManaWhileFocusedCDR",[1],""
6683,"LocalFlaskLifeRegenerationPerMinuteDuringFlaskEffect",[1],""
6684,"LocalFlaskAvoidStunChanceAndMovementSpeedDuringFlaskEffect",[1],""
6685,"LocalFlaskAvoidStunChanceDuringFlaskEffect",[1],""
6686,"LocalFlaskSkillManaCostDuringFlaskEffect",[1],""
6687,"LocalFlaskItemFoundRarityDuringFlaskEffect",[1],""
6688,"FlaskBuffCriticalWhileHealing",[0],""
6689,"LocalFlaskCriticalStrikeChanceDuringFlaskEffect",[1],""
6690,"LocalFlaskLifeLeechOnDamageTakenPermyriadDuringFlaskEffect",[1],""
6691,"LocalAttackSpeedAndLocalItemQuality",[1],""
6692,"LocalCriticalStrikeChanceAndLocalItemQuality",[1],""
6693,"LocalAccuracyRatingAndLocalItemQuality",[1],""
6694,"LocalAttackSpeedDexterityIntelligence",[1],""
6695,"LocalCriticalStrikeChanceStrengthIntelligence",[1],""
6696,"LocalAccuracyRatingStrengthDexterity",[1],""
6697,"LocalAttackSpeedAndLocalDisplayTriggerLevel1BloodRageOnKillChance",[1],""
6698,"CastSpeedAndGainArcaneSurgeOnKillChance",[1],""
6699,"TriggerSocketedSpellOnSkillUse",[1],""
6700,"TriggerSocketedSpellOnSkillUseFourSeconds",[1],""
6701,"FireAndChaosDamageResistance",[1],""
6702,"LightningAndChaosDamageResistance",[1],""
6703,"ColdAndChaosDamageResistance",[1],""
6704,"StrengthAndLocalItemQuality",[1],""
6705,"DexterityAndLocalItemQuality",[1],""
6706,"IntelligenceAndLocalItemQuality",[1],""
6707,"StrengthAndAvoidIgnite",[1],""
6708,"DexterityAndAvoidFreeze",[1],""
6709,"IntelligenceAndAvoidShock",[1],""
6710,"LifeRegenerationRatePerMinuteWhileUsingFlask",[1],""
6711,"BetrayalBannerAuraMod",[],""
6712,"RareOrUniqueMonsterDroppedItemRarity",[1],""
6713,"CritChanceAndCriticalStrikeMultiplierIfEnemyShatteredRecently",[1],""
6714,"MonsterImpaleOnHit",[],""
6715,"MonsterArcaneSurgeOnHit",[],""
6716,"MonsterSilenceWhenHit",[],""
6717,"ScarabModMaps",[],""
6718,"ScarabMapsMoreMapsPerMod",[],""
6719,"ScarabMapsRandomModifiers",[],""
6720,"ScarabMapsUberPacks",[],""
6721,"ScarabMapsCorrupted",[],""
6722,"ScarabMapsUnique",[],""
6723,"ScarabModBreaches",[],""
6724,"ScarabAdditionalBreach",[],""
6725,"ScarabChayulaBreaches",[],""
6726,"ScarabBossBreach",[],""
6727,"ScarabSplintersBreach",[],""
6728,"ScarabGuardedBreach",[],""
6729,"ScarabBreachFasterBreaches",[],""
6730,"ScarabModUniques",[],""
6731,"ScarabUniqueMonsterPackSize",[],""
6732,"ScarabUniqueMonsterRewardIcons",[],""
6733,"ScarabUniqueMonsterMods",[],""
6734,"ScarabModBeasts",[],""
6735,"ScarabModBeastsFamilyWilds",[],""
6736,"ScarabModBeastsFamilySands",[],""
6737,"ScarabModBeastsFamilyCaverns",[],""
6738,"ScarabModBeastsFamilyDeep",[],""
6739,"ScarabBeastsNew",[],""
6740,"ScarabBeastsDuplicate",[],""
6741,"ScarabBeastsRedBeasts",[],""
6742,"ScarabBeastsMorrigan",[],""
6743,"ScarabModShaperRares",[],""
6744,"ScarabModElderRares",[],""
6745,"ScarabInfluenceShaper",[],""
6746,"ScarabInfluenceElder",[],""
6747,"ScarabInfluenceMapConvert",[],""
6748,"ScarabInfluencePackSize",[],""
6749,"ScarabModSulphite",[],""
6750,"ScarabModSulphiteNew",[],""
6751,"ScarabModSulphiteSulphite",[],""
6752,"ScarabModSulphiteEnrage",[],""
6753,"ScarabModDivinationPacks",[],""
6754,"ScarabDivinationBossCards",[],""
6755,"ScarabDivinationMagicMonsters",[],""
6756,"ScarabModTorment",[],""
6757,"ScarabTormentRareSpirits",[],""
6758,"ScarabTormentRelease",[],""
6759,"ScarabTormentRarePossession",[],""
6760,"ScarabModStrongbox",[],""
6761,"ScarabStrongboxNew",[],""
6762,"ScarabStrongboxReopen",[],""
6763,"ScarabStrongboxModEffect",[],""
6764,"ScarabStrongboxMonstrousTreasure",[],""
6765,"ScarabStrongboxLessCommon",[],""
6766,"ScarabModHarbinger",[],""
6767,"ScarabHarbingerObelisks",[],""
6768,"ScarabHarbingerDupeCurrency",[],""
6769,"ScarabHarbingerBoss",[],""
6770,"ScarabModExpedition",[],""
6771,"ScarabExpeditionNew",[],""
6772,"ScarabExpeditionRunic",[],""
6773,"ScarabExpeditionExplosives",[],""
6774,"ScarabExpeditionRemnants",[],""
6775,"ScarabExpeditionDannig",[],""
6776,"ScarabModLegion",[],""
6777,"ScarabLegionNew",[],""
6778,"ScarabLegionSergeants",[],""
6779,"ScarabLegionGenerals",[],""
6780,"ScarabLegionMaraketh",[],""
6781,"ScarabLegionRewards",[],""
6782,"ScarabModMetamorph",[],""
6783,"ScarabModBlight",[],""
6784,"ScarabModAbyss",[],""
6785,"ScarabAbyssNew",[],""
6786,"ScarabAbyssMonsters",[],""
6787,"ScarabAbyssSpire",[],""
6788,"ScarabAbyssHollow",[],""
6789,"ScarabAbyssHarderMonsters",[],""
6790,"ScarabModUltimatum",[],""
6791,"ScarabAnarchy",[],""
6792,"ScarabAnarchyGiants",[],""
6793,"ScarabAnarchyPairs",[],""
6794,"ScarabEssence",[],""
6795,"ScarabEssenceTier",[],""
6796,"ScarabManyEssences",[],""
6797,"ScarabStableCorruption",[],""
6798,"ScarabEssenceSpreadingEssences",[],""
6799,"ScarabRareShrines",[],""
6800,"ScarabEvolvingShrines",[],""
6801,"ScarabAddedShrines",[],""
6802,"ScarabGuardedShrines",[],""
6803,"ScarabRitualReroll",[],""
6804,"ScarabRitualFriendlyWisp",[],""
6805,"ScarabRitualRewards",[],""
6806,"ScarabHarvest",[],""
6807,"ScarabHarvestT4Seeds",[],""
6808,"ScarabHarvestDupe",[],""
6809,"ScarabIncursion",[],""
6810,"ScarabIncursionMonsters",[],""
6811,"ScarabIncursionTemple",[],""
6812,"ScarabIncursionMagicPacks",[],""
6813,"ScarabBetrayal",[],""
6814,"ScarabBetrayalIntel",[],""
6815,"ScarabBetrayalScarabs",[],""
6816,"ScarabBetrayalReinforced",[],""
6817,"ScarabBeyond",[],""
6818,"ScarabBeyondCorrupted",[],""
6819,"ScarabBeyondMerge",[],""
6820,"ScarabBeyondUniquePortals",[],""
6821,"ScarabBeyondEnragedBosses",[],""
6822,"ScarabUltimatumNew",[],""
6823,"ScarabUltimatumImproved",[],""
6824,"ScarabUltimatumBoss",[],""
6825,"ScarabUltimatumCatalysts",[],""
6826,"ScarabUltimatumInscribed",[],""
6827,"ScarabDelirium",[],""
6828,"ScarabDeliriumFasterRewards",[],""
6829,"ScarabDeliriumMoreRewards",[],""
6830,"ScarabDeliriumBosses",[],""
6831,"ScarabDeliriumMaps",[],""
6832,"ScarabBlight",[],""
6833,"ScarabBlightReopen",[],""
6834,"ScarabBlightGigaBlights",[],""
6835,"ScarabBlightChallenge",[],""
6836,"ScarabBlightEmpowerTower",[],""
6837,"ScarabMiscMagic",[],""
6838,"ScarabMiscRare",[],""
6839,"ScarabMiscBarrels",[],""
6840,"ScarabMiscTraitors",[],""
6841,"ScarabMiscPortalStability",[],""
6842,"ScarabMiscKiracMission",[],""
6843,"ScarabMiscMagicPackUpgrade",[],""
6844,"ScarabMiscWildwoodWisps",[],""
6845,"ScarabMiscNullifyAffixes",[],""
6846,"ScarabMiscUnionOfSouls",[],""
6847,"ScarabMiscResplendentTempest",[],""
6848,"ScarabMiscPantheon",[],""
6849,"ScarabUberMagicMonsters",[],""
6850,"ScarabUberRareMonsterModifiers",[],""
6851,"ScarabUberScarabPreservation",[],""
6852,"ScarabUberMapDevice",[],""
6853,"ScarabUberRareMonsterRewards",[],""
6854,"ScarabUberWhaka",[],""
6855,"ScarabUberAtlasBosses",[],""
6856,"ScarabUberCurrencyConversion",[],""
6857,"MonsterModScarabUber5",[],""
6858,"MapMissionJuiceAbyss",[],""
6859,"MapMissionJuiceMetamorph",[],""
6860,"MapMissionJuiceLegion",[],""
6861,"MapMissionJuiceBlight",[],""
6862,"MapMissionJuiceExpedition",[],""
6863,"MapMissionJuiceHarbinger",[],""
6864,"MapAreaContainsTormentedSpirits",[],""
6865,"MapAreaContainsBreaches",[],""
6866,"MapAreaContainsHarbingers",[],""
6867,"MapAreaContainsExpeditions",[],""
6868,"MapAreaContainsGuardedVaalVessels",[],""
6869,"LocalChaosPenetration",[1],""
6870,"MapBetrayalBreachUpgrade",[],""
6871,"BrandAttachmentRange",[1],""
6872,"PrecisionAuraBonus",[],""
6873,"PrecisionReservationEfficiency",[],""
6874,"VitalityReservation",[2],""
6875,"VitalityReservationEfficiency",[2],""
6876,"DeterminationReservation",[2],""
6877,"DeterminationReservationEfficiency",[2],""
6878,"GraceReservation",[2],""
6879,"GraceReservationEfficiency",[2],""
6880,"DisciplineReservation",[2],""
6881,"DisciplineReservationEfficiency",[2],""
6882,"PurityOfFireReservation",[2],""
6883,"PurityOfFireReservationEfficiency",[2],""
6884,"PurityOfIceReservation",[2],""
6885,"PurityOfIceReservationEfficiency",[2],""
6886,"PurityOfLightningReservation",[2],""
6887,"PurityOfLightningReservationEfficiency",[2],""
6888,"PurityOfElementsReservation",[2],""
6889,"PurityOfElementsReservationEfficiency",[2],""
6890,"AngerReservation",[2],""
6891,"AngerReservationEfficiency",[2],""
6892,"HatredReservation",[2],""
6893,"HatredReservationEfficiency",[2],""
6894,"WrathReservation",[2],""
6895,"WrathReservationEfficiency",[2],""
6896,"ZealotryReservation",[2],""
6897,"ZealotryReservationEfficiency",[2],""
6898,"MalevolenceReservation",[2],""
6899,"MalevolenceReservationEfficiency",[2],""
6900,"PrideReservation",[2],""
6901,"PrideReservationEfficiency",[2],""
6902,"CurseEffectFlammability",[],""
6903,"CurseEffectFrostbite",[],""
6904,"CurseEffectConductivity",[],""
6905,"CurseEffectVulnerability",[],""
6906,"CurseEffectElementalWeakness",[],""
6907,"CurseEffectDespair",[],""
6908,"CurseEffectTemporalChains",[],""
6909,"CurseEffectEnfeeble",[],""
6910,"CurseEffectPunishment",[],""
6911,"FireGolemBuffEffect",[],""
6912,"IceGolemBuffEffect",[],""
6913,"LightningGolemBuffEffect",[],""
6914,"RockGolemBuffEffect",[],""
6915,"ChaosGolemBuffEffect",[],""
6916,"CarrionGolemBuffEffect",[],""
6917,"FleshOfferingEffect",[],""
6918,"BoneOfferingEffect",[],""
6919,"SpiritOfferingEffect",[],""
6920,"EnduringCryCooldownRecovery",[],""
6921,"IntimidatingCryCooldownRecovery",[],""
6922,"SeismicCryExertedDamage",[],""
6923,"AncestralCryExertedDamage",[],""
6924,"AncestralCryAdditionalExert",[],""
6925,"RallyingCryWarcryEffect",[],""
6926,"BattlemagesCryWarcryEffect",[],""
6927,"InfernalCryWarcryAreaOfEffect",[],""
6928,"GeneralsCryCooldownRecovery",[],""
6929,"MaximumFireResistanceImplicit",[],""
6930,"MaximumColdResistanceImplicit",[],""
6931,"MaximumLightningResistanceImplicit",[],""
6932,"MaximumChaosResistanceImplicit",[],""
6933,"MaximumElementalResistanceImplicit",[],""
6934,"MaximumElementalResistance",[],""
6935,"MaximumFireResistanceEldritch",[],""
6936,"MaximumColdResistanceEldritch",[],""
6937,"MaximumLightningResistanceEldritch",[],""
6938,"MaximumManaLeechRate",[2],""
6939,"LocalIncreaseSocketedIntelligenceGemLevel",[],""
6940,"EnergyShieldLeechPermyriad",[1],""
6941,"EnergyShieldGainPerTarget",[],""
6942,"MaceIncreasedAttackSpeed",[],""
6943,"AxeIncreasedAttackSpeed",[],""
6944,"SwordIncreasedAttackSpeed",[],""
6945,"BowIncreasedAttackSpeed",[],""
6946,"ClawIncreasedAttackSpeed",[],""
6947,"DaggerIncreasedAttackSpeed",[],""
6948,"WandIncreasedAttackSpeed",[],""
6949,"StaffIncreasedAttackSpeed",[],""
6950,"MaceIncreasedPhysicalDamage",[],""
6951,"AxeIncreasedPhysicalDamage",[],""
6952,"SwordIncreasedPhysicalDamage",[],""
6953,"BowIncreasedPhysicalDamage",[],""
6954,"ClawIncreasedPhysicalDamage",[],""
6955,"DaggerIncreasedPhysicalDamage",[],""
6956,"WandIncreasedPhysicalDamage",[],""
6957,"StaffIncreasedPhysicalDamage",[],""
6958,"MaceCriticalStrikeMultiplier",[],""
6959,"AxeCriticalStrikeMultiplier",[],""
6960,"SwordCriticalStrikeMultiplier",[],""
6961,"BowCriticalStrikeMultiplier",[],""
6962,"ClawCriticalStrikeMultiplier",[],""
6963,"DaggerCriticalStrikeMultiplier",[],""
6964,"WandCriticalStrikeMultiplier",[],""
6965,"StaffCriticalStrikeMultiplier",[],""
6966,"MaceIncreasedAccuracyRating",[],""
6967,"AxeIncreasedAccuracyRating",[],""
6968,"SwordIncreasedAccuracyRating",[],""
6969,"BowIncreasedAccuracyRating",[],""
6970,"ClawIncreasedAccuracyRating",[],""
6971,"DaggerIncreasedAccuracyRating",[],""
6972,"WandIncreasedAccuracyRating",[],""
6973,"StaffIncreasedAccuracyRating",[],""
6974,"FireDamageAttackSkills",[],""
6975,"ColdDamageAttackSkills",[],""
6976,"LightningDamageAttackSkills",[],""
6977,"PhysicalDamageAttackSkills",[],""
6978,"ChaosDamageAttackSkills",[],""
6979,"EnemiesExplodeOnDeathPhysical",[3],""
6980,"EnemiesExplodeOnDeathPhysicalMaven",[3],""
6981,"EnemiesExplodeOnDeathPhysicalChance",[3],""
6982,"EnemiesExplodeOnDeathPhysicalChanceMaven",[3],""
6983,"FireDamageSpellSkills",[],""
6984,"ColdDamageSpellSkills",[],""
6985,"LightningDamageSpellSkills",[],""
6986,"PhysicalDamageSpellSkills",[],""
6987,"ChaosDamageSpellSkills",[],""
6988,"SpellDamageWithStaff",[],""
6989,"SpellDamageWithDualWield",[],""
6990,"SpellDamageWithShield",[],""
6991,"CastSpeedWithStaff",[],""
6992,"CastSpeedWithDualWield",[],""
6993,"CastSpeedWithShield",[],""
6994,"SpellCriticalChanceWithStaff",[],""
6995,"SpellCriticalChanceWithDualWield",[],""
6996,"SpellCriticalChanceWithShield",[],""
6997,"SpellCriticalMultiplierWithStaff",[],""
6998,"SpellCriticalMultiplierWithDualWield",[],""
6999,"SpellCriticalMultiplierWithShield",[],""
7000,"AddedManaRegenWithStaff",[],""
7001,"AddedManaRegenWithDualWield",[],""
7002,"AddedManaRegenWithShield",[],""
7003,"SocketedMinionGemQuality",[],""
7004,"SocketedFireGemQuality",[],""
7005,"SocketedColdGemQuality",[],""
7006,"SocketedLightningGemQuality",[],""
7007,"SocketedChaosGemQuality",[],""
7008,"SocketedMeleeGemQuality",[],""
7009,"SocketedBowGemQuality",[],""
7010,"SocketedAuraGemQuality",[],""
7011,"SocketedStrengthGemQuality",[],""
7012,"SocketedDexterityGemQuality",[],""
7013,"SocketedIntelligenceGemQuality",[],""
7014,"SocketedAoEGemQuality",[],""
7015,"SocketedProjectileGemQuality",[],""
7016,"DamageTakenPer250Strength",[],""
7017,"DamageTakenPer250Dexterity",[],""
7018,"DamageTakenPer250Intelligence",[],""
7019,"FasterIgniteDamage",[1],""
7020,"FasterIgniteDamageMaven",[1],""
7021,"FasterPoisonDamage",[1],""
7022,"FasterPoisonDamageMaven",[1],""
7023,"FasterBleedDamage",[1],""
7024,"FasterBleedDamageMaven",[1],""
7025,"HasOnslaught",[7],""
7026,"CannotImpale",[],""
7027,"AttackImpaleChance",[1],""
7028,"AttackImpaleChanceMaven",[1],""
7029,"MaximumSpellBlockChance",[2],""
7030,"DamageWithTriggeredSpells",[],""
7031,"ArmourEvasionWithFortify",[],""
7032,"GlobalKnockbackChance",[0],""
7033,"CurseCastSpeed",[5],""
7034,"TriggerCurseOnCurse",[7],""
7035,"EnergyShieldLeechPerCurse",[5],""
7036,"ElementalDamagePercentAddedAsChaosPerShaperItem",[7],""
7037,"HitsIgnoreChaosResistanceAllShaperItems",[],""
7038,"HitsIgnoreChaosResistanceAllElderItems",[],""
7039,"FireDamagePerResistanceAbove75",[7],""
7040,"ColdDamagePerResistanceAbove75",[7],""
7041,"LightningDamagePerResistanceAbove75",[7],""
7042,"FlaskConsecratedGroundDuration",[5],""
7043,"FlaskConsecratedGroundAreaOfEffect",[5],""
7044,"FlaskConsecratedGroundDamageTaken",[5],""
7045,"FlaskConsecratedGroundEffect",[5],""
7046,"FlaskConsecratedGroundEffectCriticalStrike",[5],""
7047,"ShockProliferation",[5],""
7048,"ShockProliferationShield",[5],""
7049,"ShockProliferationDuringFlaskEffect",[7],""
7050,"ShockEffectDuringFlaskEffect",[6],""
7051,"ShockOnKill",[5],""
7052,"DivineChargeOnHit",[5],""
7053,"ElementalDamagePerDivineCharge",[5],""
7054,"GainDivinityOnMaxDivineCharge",[5],""
7055,"NearbyEnemiesCannotCrit",[5],""
7056,"NearbyAlliesCannotBeSlowed",[5],""
7057,"ManaReservationPerAttribute",[5],""
7058,"ManaReservationEfficiencyPerAttribute",[5],""
7059,"DefencesPer100StrengthAura",[5],""
7060,"BlockPer100StrengthAura",[5],""
7061,"CriticalMultiplierPer100DexterityAura",[5],""
7062,"CastSpeedPer100IntelligenceAura",[5],""
7063,"PhysicalDamageRemovedFromManaBeforeLife",[5],""
7064,"AccuracyAuraSkill",[7],""
7065,"SupportedByBlessing",[7],""
7066,"SupportedByPulverise",[7],""
7067,"TriggerBowSkillsOnBowAttack",[7],""
7068,"TriggerBowSkillsOnCast",[7],""
7069,"MaximumLifeLeechAmount",[5],""
7070,"LifeLeechNotRemovedOnFullLife",[7],""
7071,"DamageAffectedByAuras",[],""
7072,"AttackDamagePerMana",[],""
7073,"SpellDamagePerMana",[],""
7074,"SkeletonDamage",[],""
7075,"SpectreDamage",[],""
7076,"ZombieIncreasedDamage",[],""
7077,"AnimateGuardianResistances",[],""
7078,"IntimidateOnHit",[6],""
7079,"OnslaughtOnHit",[],""
7080,"ArcaneSurgeOnHit",[],""
7081,"SpellsDoubleDamageChance",[1],""
7082,"FirePenetrationWeapon",[],""
7083,"ColdPenetrationWeapon",[],""
7084,"LightningPenetrationWeapon",[],""
7085,"MovementVelocityCorruptedItem",[],""
7086,"AttackAndCastSpeedCorruptedItem",[],""
7087,"AllElementalResistanceCorruptedItem",[],""
7088,"DamageTakenCorruptedItem",[],""
7089,"IncreasedLifeCorruptedItem",[],""
7090,"IncreasedEnergyShieldCorruptedItem",[],""
7091,"AllDamageCorruptedItem",[],""
7092,"GlobalCriticalStrikeChanceCorruptedItem",[],""
7093,"ImmuneToCursesCorruptedItem",[],""
7094,"AttackDamageCorruptedItem",[],""
7095,"SpellDamageCorruptedItem",[],""
7096,"VaalSkillDamageAffectsSkillDamage",[],""
7097,"MaximumEnergyShieldLeechRate",[2],""
7098,"RagingSpiritLife",[],""
7099,"RagingSpiritDuration",[],""
7100,"RagingSpiritChaosDamageTaken",[],""
7101,"LosePowerChargeWhenHit",[],""
7102,"SpellDamagePerLife",[],""
7103,"SpellCriticalStrikeChancePerLife",[],""
7104,"SacrificeLifeOnSpellSkill",[],""
7105,"PercentDexterityIfStrengthHigherThanIntelligence",[5],""
7106,"CriticalStrikeMultiplierIfDexterityHigherThanIntelligence",[5],""
7107,"ElementalDamagePerDexterity",[5],""
7108,"LifePer10Intelligence",[5],""
7109,"HeraldBonusExtraMod",[5],""
7110,"HeraldBonusThunderReservation",[5],""
7111,"HeraldBonusThunderReservationEfficiency",[5],""
7112,"HeraldBonusThunderLightningDamage",[5],""
7113,"HeraldBonusThunderEffect",[5],""
7114,"HeraldBonusThunderMaxLightningResist",[5],""
7115,"HeraldBonusThunderLightningResist",[5],""
7116,"HeraldBonusAshReservation",[5],""
7117,"HeraldBonusAshReservationEfficiency",[5],""
7118,"HeraldBonusAshFireDamage",[5],""
7119,"HeraldBonusAshEffect",[5],""
7120,"HeraldBonusAshMaxFireResist",[5],""
7121,"HeraldBonusFireResist",[5],""
7122,"HeraldBonusIceReservation",[5],""
7123,"HeraldBonusIceReservationEfficiency",[5],""
7124,"HeraldBonusIceColdDamage",[5],""
7125,"HeraldBonusIceEffect",[5],""
7126,"HeraldBonusMaxColdResist",[5],""
7127,"HeraldBonusColdResist",[5],""
7128,"HeraldBonusPurityReservation",[5],""
7129,"HeraldBonusPurityReservationEfficiency",[5],""
7130,"HeraldBonusPurityPhysicalDamage",[5],""
7131,"HeraldBonusPurityEffect",[5],""
7132,"HeraldBonusPurityMinionDamage",[5],""
7133,"HeraldBonusPurityPhysicalDamageReduction",[5],""
7134,"HeraldBonusAgonyReservation",[5],""
7135,"HeraldBonusAgonyReservationEfficiency",[5],""
7136,"HeraldBonusAgonyChaosDamage",[5],""
7137,"HeraldBonusAgonyEffect",[5],""
7138,"HeraldBonusAgonyMinionDamage",[5],""
7139,"HeraldBonusAgonyChaosResist",[5],""
7140,"MapSynthesisLeague",[],""
7141,"MapSynthesisLeagueCrafted",[],""
7142,"MapSynthesisedMonsterDamage",[],""
7143,"MapSynthesisedMonsterLife",[],""
7144,"MapSynthesisedMonsterSpeed",[],""
7145,"MapSynthesisedRareMonsterAdditionalCurrencyDrops",[],""
7146,"MapSynthesisedRareMonsterAdditionalCurrencyDropsDiscrete",[],""
7147,"MapSynthesisedMagicMonsterAdditionalCurrencyDrops",[],""
7148,"MapSynthesisedMagicMonsterAdditionalCurrencyDropsDiscrete",[],""
7149,"MapSynthesisedMonsterAdditionalCurrencyDrops",[],""
7150,"MapSynthesisedRareMonsterAdditionalQualityCurrencyDrops",[],""
7151,"MapSynthesisedRareMonsterAdditionalQualityCurrencyDropsDiscrete",[],""
7152,"MapSynthesisedMagicMonsterAdditionalQualityCurrencyDrops",[],""
7153,"MapSynthesisedMagicMonsterAdditionalQualityCurrencyDropsDiscrete",[],""
7154,"MapSynthesisedMonsterAdditionalQualityCurrencyDrops",[],""
7155,"MapSynthesisedRareMonsterIncreasedFracturedItemDrops",[],""
7156,"MapSynthesisedMagicMonsterIncreasedFracturedItemDrops",[],""
7157,"MapSynthesisedMonsterIncreasedFracturedItemDrops",[],""
7158,"MapSynthesisedRareMonsterCorruptDrops",[],""
7159,"MapSynthesisedMagicMonsterCorruptDrops",[],""
7160,"MapSynthesisedMonsterCorruptDrops",[],""
7161,"MapSynthesisedRareMonsterIncreasedMapDrops",[],""
7162,"MapSynthesisedMagicMonsterIncreasedMapDrops",[],""
7163,"MapSynthesisedMonsterIncreasedMapDrops",[],""
7164,"MapSynthesisedRareMonsterAdditionalDivinationCardDrops",[],""
7165,"MapSynthesisedMagicMonsterAdditionalDivinationCardDrops",[],""
7166,"MapSynthesisedMonsterAdditionalDivinationCardDrops",[],""
7167,"MapSynthesisedRareMonsterIncreasedUniqueItemDrops",[],""
7168,"MapSynthesisedMagicMonsterIncreasedUniqueItemDrops",[],""
7169,"MapSynthesisedMonsterIncreasedUniqueItemDrops",[],""
7170,"MapSynthesisedRareMonsterDroppedItemQuantity",[],""
7171,"MapSynthesisedMagicMonsterDroppedItemQuantity",[],""
7172,"MapSynthesisedMonsterDroppedItemQuantity",[],""
7173,"MapSynthesisedRareMonsterDroppedItemRarity",[],""
7174,"MapSynthesisedMagicMonsterDroppedItemRarity",[],""
7175,"MapSynthesisedMonsterDroppedItemRarity",[],""
7176,"MapSynthesisedRareMonsterIncreasedExperience",[],""
7177,"MapSynthesisedMagicMonsterIncreasedExperience",[],""
7178,"MapSynthesisedMonsterIncreasedExperience",[],""
7179,"MapSynthesisedRareMonsterAdditionalCurrencyShardDrops",[],""
7180,"MapSynthesisedRareMonsterAdditionalCurrencyShardDropsDiscrete",[],""
7181,"MapSynthesisedMagicMonsterAdditionalCurrencyShardDrops",[],""
7182,"MapSynthesisedMagicMonsterAdditionalCurrencyShardDropsDiscrete",[],""
7183,"MapSynthesisedMonsterAdditionalCurrencyShardDrops",[],""
7184,"MapSynthesisedRareMonsterAdditionalShaperItemDrops",[],""
7185,"MapSynthesisedMagicMonsterAdditionalShaperItemDrops",[],""
7186,"MapSynthesisedMonsterAdditionalShaperItemDrops",[],""
7187,"MapSynthesisedRareMonsterAdditionalElderItemDrops",[],""
7188,"MapSynthesisedMagicMonsterAdditionalElderItemDrops",[],""
7189,"MapSynthesisedMonsterAdditionalElderItemDrops",[],""
7190,"MapSynthesisedRareMonsterAdditionalBreachSplinterDrops",[],""
7191,"MapSynthesisedRareMonsterAdditionalBreachSplinterDropsDiscrete",[],""
7192,"MapSynthesisedMagicMonsterAdditionalBreachSplinterDrops",[],""
7193,"MapSynthesisedMonsterAdditionalBreachSplinterDrops",[],""
7194,"MapSynthesisedRareMonsterAdditionalFossilDrops",[],""
7195,"MapSynthesisedMagicMonsterAdditionalFossilDrops",[],""
7196,"MapSynthesisedMonsterAdditionalFossilDrops",[],""
7197,"MapSynthesisedRareMonsterAdditionalJewelDrops",[],""
7198,"MapSynthesisedRareMonsterAdditionalAbyssJewelDrops",[],""
7199,"MapSynthesisedRareMonsterAdditionalMapDrop",[],""
7200,"MapSynthesisedRareMonsterAdditionalTalismanDrops",[],""
7201,"MapSynthesisedRareMonsterAdditionalEssenceDrops",[],""
7202,"MapSynthesisedRareMonsterResurrectAsAlly",[],""
7203,"MapSynthesisedRareMonsterGiveModsToKiller",[],""
7204,"MapSynthesisedRareMonsterAdditionalVaalFragmentDrops",[],""
7205,"MapSynthesisedRareMonsterAdditionalVeiledItemDrops",[],""
7206,"MapSynthesisedRareMonsterDuplicated",[],""
7207,"MapSynthesisedUpgradePackToMagic",[],""
7208,"MapSynthesisedUpgradePackToRare",[],""
7209,"MapSynthesisedAdditionalRareInPack",[],""
7210,"MapSynthesisedSynthesisPackSize",[],""
7211,"MonsterTagSynthesised",[],""
7212,"BlightThresholdJewel3",[],""
7213,"BlightThresholdJewel4",[],""
7214,"SynthesisMapDoubleGlobalMods",[],""
7215,"SynthesisMapTripleGlobalMods",[],""
7216,"SynthesisMapMonsterExperience",[],""
7217,"SynthesisMapMemoriesDoNotCollapse",[],""
7218,"SynthesisMapNearbyMemoriesHaveBonus",[],""
7219,"MapSynthesisedAdditionalPoisonChestClusters",[],""
7220,"MapSynthesisedAdditionalSkeletonChestClusters",[],""
7221,"MapSynthesisedAdditionalExplosiveBarrelClusters",[],""
7222,"MapSynthesisedAdditionalBloodwormRockClusters",[],""
7223,"MapSynthesisedAdditionalParasiteNestClusters",[],""
7224,"MapSynthesisedAdditionalCursedPotClusters",[],""
7225,"MapSynthesisedAdditionalSarcophagusChests",[],""
7226,"MapSynthesisedAdditionalScrollRackChests",[],""
7227,"MapSynthesisedAdditionalNormalAmbushChest",[],""
7228,"MapSynthesisedAdditionalMagicAmbushChest",[],""
7229,"MapSynthesisedAdditionalRareAmbushChest",[],""
7230,"MapSynthesisedCannotDropFractured",[],""
7231,"ChestSpawnZombie",[],""
7232,"MonsterRarity",[],""
7233,"MalevolenceSkillEffectDuration",[7],""
7234,"MalevolenceChaosNonAilmentDamageOverTimeMultiplier",[7],""
7235,"MalevolenceColdDamageOverTimeMultiplier",[7],""
7236,"MalevolenceLifeAndEnergyShieldRecoveryRate",[7],""
7237,"MalevolenceUnaffectedByPoison",[7],""
7238,"MalevolenceUnaffectedByBleeding",[7],""
7239,"MalevolenceYourAilmentsDealDamageFaster",[7],""
7240,"MalevolenceDamageOverTimeMultiplier",[],""
7241,"ZealotryCriticalStrikesPenetratesElementalResistances",[7],""
7242,"ZealotryCastSpeed",[7],""
7243,"ZealotryConsecratedGroundEffectLingersForMsAfterLeavingTheArea",[7],""
7244,"ZealotryConsecratedGroundEnemyDamageTaken",[7],""
7245,"ZealotryGainArcaneSurgeFor4SecondsWhenYouCreateConsecratedGround",[7],""
7246,"ZealotryMaximumEnergyShieldPerSecondToMaximumEnergyShieldLeechRateOld",[7],""
7247,"ZealotryMaximumEnergyShieldPerSecondToMaximumEnergyShieldLeechRate",[7],""
7248,"ZealotryCriticalStrikeChanceAgainstEnemiesOnConsecratedGround",[7],""
7249,"SynthesisMapNodeGrantsNoGlobalMod",[],""
7250,"SynthesisMapAdjacentNodesGlobalModValuesDoubled",[],""
7251,"SynthesisMapNodeAdditionalUses",[],""
7252,"SynthesisMapNodeLevel",[],""
7253,"SynthesisMapNodeMonstersDropNoItems",[],""
7254,"SynthesisMapNodeItemQuantityIncreasesDoubled",[],""
7255,"SynthesisMapNodeItemRarityIncreasesDoubled",[],""
7256,"SynthesisMapNodePackSizeIncreasesDoubled",[],""
7257,"SynthesisMapNodeGrantsAdditionalGlobalMod",[],""
7258,"SynthesisMapNodeSignatureMonstersReplacedBySynthesisedMonsters",[],""
7259,"SynthesisMapNodeGlobalModValuesTrippledIfAdjacentSquaresHaveMemories",[],""
7260,"SynthesisMapNodeGrantsNoGlobalModAndAdjacentMemoryGlobalModEffectsDoubled",[],""
7261,"SynthesisMapNodeMonstersDropNoItemsAndGrantIncreasedExperience",[],""
7262,"SynthesisMapNodeDoubledQuantityRarityPackSize",[],""
7263,"SynthesisMapNodeIncreasedItemRarity",[],""
7264,"SynthesisMapNodeIncreasedItemQuantity",[],""
7265,"SynthesisMapNodeIncreasedPackSize",[],""
7266,"SynthesisMapNodeIncreasedExperience",[],""
7267,"SynthesisMapNodeAdjacentMemoryGlobalModEffectsDoubled",[],""
7268,"MapLegionLeague",[],""
7269,"LocalNoWeaponPhysicalDamage",[2],""
7270,"MapAtlasHarbingerAndBossAdditionalCurrencyShards",[],""
7271,"TormentSpiritSextantBetrayer",[],""
7272,"TormentTouchedMonsterSextantBetrayer",[],""
7273,"TormentHauntedMonsterSextantBetrayer_",[],""
7274,"TormentSpiritSextantFelon",[],""
7275,"TormentTouchedMonsterSextantFelon_",[],""
7276,"TormentHauntedMonsterSextantFelon",[],""
7277,"TormentSpiritSextantTrespasser",[],""
7278,"TormentTouchedMonsterSextantTrespasser",[],""
7279,"TormentHauntedMonsterSextantTrespasser",[],""
7280,"MapAtlasVaalSoulsOnKillAndExtraVaalPacks",[],""
7281,"MonsterTagAncientVaal",[],""
7282,"MapAtlasCorruptedDropsWithExtraVaalPacks",[],""
7283,"MapAtlasBeyondAndExtraBeyondDemon",[],""
7284,"MapAtlasTormentedBetrayerAndRustedScarabDropChance",[],""
7285,"MapAtlasTormentedBetrayerAndPolishedScarabDropChance",[],""
7286,"MapAtlasTormentedBetrayerAndGildedScarabDropChance",[],""
7287,"MapAtlasTormentedBetrayerAndWingedScarabDropChance",[],""
7288,"MapAtlasTormentedHereticAndMapDropChance",[],""
7289,"MapAtlasTormentedGraverobberAndUniqueDropChance",[],""
7290,"ZombiesCountAsCorpses",[7],""
7291,"ZombiesNeedNoCorpses",[5],""
7292,"AdditionalPhysicalDamageReductionWhileBleeding",[5],""
7293,"DamageTakenGainedAsLife",[7],""
7294,"MinimumEnduranceChargeOnLowLife",[5],""
7295,"MinimumPowerChargeOnLowLife",[5],""
7296,"SpellCriticalStrikeChanceIfKilledRecently",[5],""
7297,"SpellCriticalStrikeMultiplierIfNotKilledRecently",[5],""
7298,"GrantsSmiteLevel",[5],""
7299,"ElementalAilmentsOnYouInsteadOfAllies",[7],""
7300,"UnaffectedByPoison",[5],""
7301,"KeystoneInnerConviction",[7],""
7302,"TriggerRainOfArrowsOnBowAttack",[7],""
7303,"TriggerToxicRainOnBowAttack",[7],""
7304,"CursesRemainOnDeath",[5],""
7305,"EnemiesNearCursesBlindAndExplode",[5],""
7306,"WarcryCooldownIs2Seconds",[7],""
7307,"CriticalStrikeMultiplierIs250",[8],""
7308,"RageOnAttackCrit",[],""
7309,"PhysicalAddedAsFirePerRage",[],""
7310,"LocalChanceForPoisonDamage300FinalInflictedWithThisWeapon",[7],""
7311,"MapAtlasUniqueStrongboxChanceWithExtraVaalPacks",[],""
7312,"UniqueVaalStrongboxSacrificeDaemon",[],""
7313,"UniqueVaalStrongboxMortalDaemon",[],""
7314,"MapAtlasNoSoulGainPreventionWithExtraVaalPacks",[],""
7315,"MapAtlasGloomShrineEffectAndDuration",[],""
7316,"MapAtlasResonatingShrineEffectAndDuration",[],""
7317,"LegionMapFragmentKarui",[],""
7318,"LegionMapFragmentMaraketh",[],""
7319,"LegionMapFragmentEternal",[],""
7320,"LegionMapFragmentTemplar",[],""
7321,"LegionMapFragmentVaal",[],""
7322,"LegionMapFragmentKarui2",[],""
7323,"LegionMapFragmentMaraketh2",[],""
7324,"LegionMapFragmentEternal2",[],""
7325,"LegionMapFragmentTemplar2",[],""
7326,"LegionMapFragmentVaal2",[],""
7327,"LegionMapFragmentKaruiUber",[],""
7328,"LegionMapFragmentMarakethUber",[],""
7329,"LegionMapFragmentEternalUber",[],""
7330,"LegionMapFragmentTemplarUber",[],""
7331,"LegionMapFragmentVaalUber",[],""
7332,"LegionMapFragmentKarui2Uber",[],""
7333,"LegionMapFragmentMaraketh2Uber",[],""
7334,"LegionMapFragmentEternal2Uber",[],""
7335,"LegionMapFragmentTemplar2Uber",[],""
7336,"LegionMapFragmentVaal2Uber",[],""
7337,"DisplaySupportedByGreaterEcho",[5],""
7338,"MonsterBlockAttackAndBypass",[],""
7339,"MonsterBlockSpellAndBypass",[],""
7340,"MonsterBlockAttackSpellAndBypass",[],""
7341,"MapIsLegionEndgameMap",[],""
7342,"DisplayCowardsTrialWavesOfMonsters",[7],""
7343,"DisplayCowardsTrialWavesOfUndeadMonsters",[7],""
7344,"CowardsTrialExtraGhosts",[6],""
7345,"CowardsTrialExtraPhantasms",[6],""
7346,"CowardsTrialExtraZombies",[6],""
7347,"CowardsTrialExtraRagingSpirits",[6],""
7348,"CowardsTrialExtraRhoas",[6],""
7349,"CowardsTrialExtraOriathCitizens",[6],""
7350,"CowardsTrialExtraSkeletonCannons",[6],""
7351,"CorruptedVaalMonsterCorruptedDrop",[],""
7352,"ShieldCrabBossDefenseStance",[],""
7353,"UniqueJewelAlternateTreeInRadius",[],""
7354,"LegionVaalJewel",[29],""
7355,"LegionKaruiJewel",[30],""
7356,"LegionMarakethJewel",[31],""
7357,"LegionTemplarJewel",[32],""
7358,"LegionEternalEmpireJewel",[33],""
7359,"SurvivalJewelDisplay",[],""
7360,"TotemDamagePerDevotion",[],""
7361,"BrandDamagePerDevotion",[],""
7362,"ChannelledSkillDamagePerDevotion",[],""
7363,"AreaDamagePerDevotion",[],""
7364,"ElementalDamagePerDevotion",[],""
7365,"ElementalResistancesPerDevotion",[],""
7366,"AilmentEffectPerDevotion",[],""
7367,"ElementalAilmentSelfDurationPerDevotion",[],""
7368,"CurseSelfDurationPerDevotion",[],""
7369,"MinionAttackAndCastSpeedPerDevotion",[],""
7370,"MinionAccuracyRatingPerDevotion",[],""
7371,"AddedManaRegenerationPerDevotion",[],""
7372,"ReducedManaCostPerDevotion",[],""
7373,"AuraEffectPerDevotion",[],""
7374,"ShieldDefencesPerDevotion",[],""
7375,"DealNoChaosDamage",[5],""
7376,"LightRadiusModifiersApplyToDamage",[7],""
7377,"LightRadiusModifiersApplyToAreaOfEffect",[7],""
7378,"AttackDamageWhileHoldingShield",[5],""
7379,"MonsterRangeVariance",[],""
7380,"ChanceToDodgeAndSpellDodge",[2],""
7381,"LocalItemQuality",[2],""
7382,"GlobalEvasionRatingPercentOnFullLife",[2],""
7383,"CannotGainCharges",[],""
7384,"MapBlightLeague",[],""
7385,"RareMonsterPack",[],""
7386,"StrongboxDaemonEnrageSummonedMonsters",[],""
7387,"CanRollMinionModifiers",[],""
7388,"AllResistancesMinionResistances",[1],""
7389,"ManaCostTotalChannelled",[4],""
7390,"ManaCostTotalNonChannelled",[4],""
7391,"MinionPhysicalToFirePerRedSocket",[5],""
7392,"MinionPhysicalToColdPerGreenSocket",[5],""
7393,"MinionPhysicalToLightningPerBlueSocket",[5],""
7394,"MinionPhysicalToChaosPerWhiteSocket",[5],""
7395,"MinionChanceToFreezeShockIgnite",[5],""
7396,"NonChilledEnemiesBleedAndChill",[5],""
7397,"ChilledWhileBleeding",[5],""
7398,"BleedingEnemiesShatterOnKill",[5],""
7399,"NonChilledEnemiesPoisonAndChill",[5],""
7400,"ChilledWhilePoisoned",[5],""
7401,"PoisonedEnemiesShatterOnKill",[5],""
7402,"DamagePerZombie",[7],""
7403,"ElementalDamageTakenPerZombie",[7],""
7404,"LoseEnduranceChargeOnFortifyGain",[7],""
7405,"LoseFrenzyChargeOnTravelSkill",[5],""
7406,"LosePowerChargeOnElusiveGain",[5],""
7407,"ElusiveBuffEffectPerPowerCharge",[5],""
7408,"TravelSkillCooldownRecoveryPerFrenzyCharge",[5],""
7409,"MaximumFortification",[],""
7410,"MaximumFortificationPerEnduranceCharge",[5],""
7411,"MaximumFrenzyChargesEqualToMaximumPowerCharges",[7],""
7412,"MaximumEnduranceChargesEqualToMaximumFrenzyCharges",[7],""
7413,"MinionCausticCloudOnDeath",[7],""
7414,"MinionBurningCloudOnDeath",[7],""
7415,"TotemReflectFireDamage",[7],""
7416,"MineDamageLeechedToYou",[7],""
7417,"LifeEnergyShieldRecoveryRate",[7],""
7418,"LifeAndEnergyShieldRecoveryRatePerPowerCharge",[5],""
7419,"LosePowerChargeIfNotDetonatedRecently",[5],""
7420,"NotablesGrantMinionDamageTaken",[7],""
7421,"NotablesGrantMinionMovementSpeed",[7],""
7422,"PassivesGrantTrapMineAddedPhysical",[7],""
7423,"PassivesGrantUnarmedAttackSpeed",[7],""
7424,"MovementVelocityOverride",[7],""
7425,"TravelSkillCooldownRecovery",[5],""
7426,"DamageRemovedFromSpectres",[7],""
7427,"MinionElementalDamageAddedAsChaos",[7],""
7428,"LifeRegenerationPerZombie",[5],""
7429,"ManaRegenerationPerSpectre",[5],""
7430,"AttackBlockPerSkeleton",[5],""
7431,"AttackAndCastSpeedPerRagingSpirit",[5],""
7432,"ReviveEnemiesOnKill",[7],""
7433,"FireResistanceOverride",[7],""
7434,"ColdResistanceOverride",[7],""
7435,"LightningResistanceOverride",[7],""
7436,"IncreasedFireResistance",[7],""
7437,"IncreasedColdResistance",[7],""
7438,"IncreasedLightningResistance",[7],""
7439,"FungalAroundWhenStationary",[7],""
7440,"TriggerFungalGroundOnKill",[7],""
7441,"EnemiesOnFungalGroundExplode",[7],""
7442,"FrostblinkDuration",[7],""
7443,"GrantsFrostblinkSkill",[7],""
7444,"SupportedByMeatShield",[5],""
7445,"MapLegionLeagueCrafted",[],""
7446,"MapLegionLeagueMemoryLine",[],""
7447,"MapAtlasLegion",[],""
7448,"BlightFireType",[],""
7449,"BlightColdType",[],""
7450,"BlightLightningType",[],""
7451,"BlightPhysicalType",[],""
7452,"BlightChaosType",[],""
7453,"BlightFlyingType",[],""
7454,"BlightLessDamageAgainstFireType",[],""
7455,"BlightLessDamageAgainstColdType",[],""
7456,"BlightLessDamageAgainstLightningType",[],""
7457,"BlightLessDamageAgainstPhysicalType",[],""
7458,"BlightLessDamageAgainstChaosType",[],""
7459,"BlightLessDamageAgainstFlyingType",[],""
7460,"BlightUnaffectedByWeakeningTower",[],""
7461,"BlightUnaffectedByTemporalTower",[],""
7462,"InfectedMap",[],""
7463,"UberInfectedMap",[],""
7464,"EnchantmentLightningExplosionMineDamage",[4],""
7465,"EnchantmentLightningExplosionMineThrowingSpeed",[4],""
7466,"EnchantmentLightningExplosionMineAuraEffect",[4],""
7467,"EnchantmentColdProjectileMineDamage",[4],""
7468,"EnchantmentColdProjectileMineThrowingSpeed",[4],""
7469,"EnchantmentColdProjectileMineThrowingSpeedNegated",[4],""
7470,"EnchantmentColdProjectileMineCritMulti",[4],""
7471,"EnchantmentMortarBarrageMineDamage",[4],""
7472,"EnchantmentMortarBarrageMineThrowingSpeed",[4],""
7473,"EnchantmentMortarBarrageMineThrowingSpeedHalved",[4],""
7474,"EnchantmentMortarBarrageMineNumProjectiles",[4],""
7475,"EnchantmentCobraLashDamage",[4],""
7476,"EnchantmentCobraLashProjectileSpeed",[4],""
7477,"EnchantmentCobraLashNumberOfAdditionalChains",[4],""
7478,"EnchantmentWitheringStepWitherStacks",[4],""
7479,"EnchantmentWitheringStepElusiveEffect",[4],""
7480,"EnchantmentSnappingAdderDamage",[4],""
7481,"EnchantmentSnappingAdderWitheredOnHitFor2SecondsChance",[4],""
7482,"EnchantmentSnappingAdderChanceToRetainProjectileOnRelease",[4],""
7483,"EnchantmentPlagueBearerPoisonDotMultiplierWhileAuraActive",[4],""
7484,"EnchantmentPlagueBearerStoredPoisonDamageToDealPerSecond",[4],""
7485,"EnchantmentMambaStrikeDamage",[4],""
7486,"EnchantmentMambaStrikeDuration",[4],""
7487,"EnchantmentMambaStrikeAreaOfEffect",[4],""
7488,"EnchantmentCarrionGolemDamage",[4],""
7489,"EnchantmentCarrionGolemGrantedBuffEffect",[4],""
7490,"EnchantmentCarrionGolemElementalResistances",[4],""
7491,"EnchantmentSummonSkitterbotsAreaOfEffect",[4],""
7492,"EnchantmentSummonSkitterbotsManaReservation",[4],""
7493,"EnchantmentSummonSkitterbotsManaReservationEfficiency",[4],""
7494,"ImmuneToPetrification",[],""
7495,"GrantedPassive",[],""
7496,"GrantedPassive2",[],""
7497,"GrantedPassive3",[],""
7498,"GrantedPassive4",[],""
7499,"BlightModDaemon",[],""
7500,"BlightDoesntEngage",[],""
7501,"AttackSkillsHavePhysToExtraFireDamagePerSocketedRedGem",[6],""
7502,"VaalPactIfAllSocketedGemsAreRed",[6],""
7503,"MultipleEnchantmentsAllowed",[7],""
7504,"IncursionTempleLegion",[],""
7505,"MonsterIgnoresDelveDarkness",[],""
7506,"SynthesisDisallowFracturedItems",[],""
7507,"BlightEnchantmentChillingTowerDamage",[4],""
7508,"BlightEnchantmentChillingTowerRange",[4],""
7509,"BlightEnchantmentChillingTowerChillEffect",[4],""
7510,"BlightEnchantmentChillingTowerDuration",[4],""
7511,"BlightEnchantmentChillingTowerSpecial",[4],""
7512,"BlightEnchantmentFrostboltNovaTowerDamage",[4],""
7513,"BlightEnchantmentFrostboltNovaTowerRange",[4],""
7514,"BlightEnchantmentFrostboltNovaTowerFullDamage",[4],""
7515,"BlightEnchantmentFrostboltNovaTowerProjectile",[4],""
7516,"BlightEnchantmentGlacialCageTowerDuration",[4],""
7517,"BlightEnchantmentGlacialCageTowerRange",[4],""
7518,"BlightEnchantmentGlacialCageTowerCooldown",[4],""
7519,"BlightEnchantmentGlacialCageTowerIncreasedDamage",[4],""
7520,"BlightEnchantmentShockNovaTowerDamage",[4],""
7521,"BlightEnchantmentShockNovaTowerRange",[4],""
7522,"BlightEnchantmentShockNovaTowerFullDamage",[4],""
7523,"BlightEnchantmentShockNovaTowerShockEffect",[4],""
7524,"BlightEnchantmentShockNovaTowerSpecial",[4],""
7525,"BlightEnchantmentLightningStormTowerDamage",[4],""
7526,"BlightEnchantmentLightningStormTowerRange",[4],""
7527,"BlightEnchantmentLightningStormTowerDelay",[4],""
7528,"BlightEnchantmentLightningStormTowerExplosionArea",[4],""
7529,"BlightEnchantmentArcTowerDamage",[4],""
7530,"BlightEnchantmentArcTowerRange",[4],""
7531,"BlightEnchantmentArcTowerRepeat",[4],""
7532,"BlightEnchantmentArcTowerChain",[4],""
7533,"BlightEnchantmentEmpoweringTowerEffect",[4],""
7534,"BlightEnchantmentEmpoweringTowerRange",[4],""
7535,"BlightEnchantmentEmpoweringTowerCastSpeed",[4],""
7536,"BlightEnchantmentEmpoweringTowerDamage",[4],""
7537,"BlightEnchantmentEmpoweringTowerDoubleDamage",[4],""
7538,"BlightEnchantmentImbuingTowerEffect",[4],""
7539,"BlightEnchantmentImbuingTowerRange",[4],""
7540,"BlightEnchantmentImbuingTowerCritical",[4],""
7541,"BlightEnchantmentImbuingTowerDamage",[4],""
7542,"BlightEnchantmentSmotheringTowerEffect",[4],""
7543,"BlightEnchantmentSmotheringTowerRange",[4],""
7544,"BlightEnchantmentSmotheringTowerReducedSpeed",[4],""
7545,"BlightEnchantmentSmotheringTowerReducedDamage",[4],""
7546,"BlightEnchantmentSeismicTowerDamage",[4],""
7547,"BlightEnchantmentSeismicTowerRange",[4],""
7548,"BlightEnchantmentSeismicTowerStunDuration",[4],""
7549,"BlightEnchantmentSeismicTowerAdditional",[4],""
7550,"BlightEnchantmentSeismicTowerSpecial",[4],""
7551,"BlightEnchantmentTemporalTowerEffect",[4],""
7552,"BlightEnchantmentTemporalTowerRange",[4],""
7553,"BlightEnchantmentTemporalTowerTick",[4],""
7554,"BlightEnchantmentTemporalTowerDuration",[4],""
7555,"BlightEnchantmentStoneGazeTowerDuration",[4],""
7556,"BlightEnchantmentStoneGazeTowerRange",[4],""
7557,"BlightEnchantmentStoneGazeTowerCooldown",[4],""
7558,"BlightEnchantmentStoneGazeTowerPetrifyDuration",[4],""
7559,"BlightEnchantmentSummoningTowerDamage",[4],""
7560,"BlightEnchantmentSummoningTowerRange",[4],""
7561,"BlightEnchantmentSummoningTowerSpeed",[4],""
7562,"BlightEnchantmentSummoningTowerLife",[4],""
7563,"BlightEnchantmentSummoningTowerSpecial",[4],""
7564,"BlightEnchantmentScoutTowerDamage",[4],""
7565,"BlightEnchantmentScoutTowerRange",[4],""
7566,"BlightEnchantmentScoutTowerSpeed",[4],""
7567,"BlightEnchantmentScoutTowerLife",[4],""
7568,"BlightEnchantmentSentinelTowerDamage",[4],""
7569,"BlightEnchantmentSentinelTowerRange",[4],""
7570,"BlightEnchantmentSentinelTowerSpeed",[4],""
7571,"BlightEnchantmentSentinelTowerLife",[4],""
7572,"BlightEnchantmentFireballTowerDamage",[4],""
7573,"BlightEnchantmentFireballTowerRange",[4],""
7574,"BlightEnchantmentFireballTowerCastSpeed",[4],""
7575,"BlightEnchantmentFireballTowerProjectile",[4],""
7576,"BlightEnchantmentFireballTowerSpecial",[4],""
7577,"BlightEnchantmentFlamethrowerTowerDamage",[4],""
7578,"BlightEnchantmentFlamethrowerTowerRange",[4],""
7579,"BlightEnchantmentFlamethrowerTowerFullDamage",[4],""
7580,"BlightEnchantmentFlamethrowerTowerCastSpeed",[4],""
7581,"BlightEnchantmentMeteorTowerDamage",[4],""
7582,"BlightEnchantmentMeteorTowerRange",[4],""
7583,"BlightEnchantmentMeteorTowerStun",[4],""
7584,"BlightEnchantmentMeteorTowerAdditionalMeteor",[4],""
7585,"BlightEnchantmentFreezeboltTowerBrittleChance",[],""
7586,"BlightEnchantmentGlacialCageTowerAreaOfEffect",[],""
7587,"BlightEnchantmentLightningStormTowerStormsOnEnemies",[],""
7588,"BlightEnchantmentArcTowerSapChance",[],""
7589,"BlightEnchantmentImbuingTowerOnslaught",[],""
7590,"BlightEnchantmentSmotheringTowerFreezeShockIgniteChance",[],""
7591,"BlightEnchantmentTemporalTowerStunImmunity",[],""
7592,"BlightEnchantmentStoneGazeTowerPetrifiedEnemiesTakeIncreasedDamage",[],""
7593,"BlightEnchantmentScoutTowerMinionsInflictMalediction",[],""
7594,"BlightEnchantmentSentinelTowerMinionsHaveLifeLeech",[],""
7595,"BlightEnchantmentFlamethrowerTowerScorchChance",[],""
7596,"BlightEnchantmentMeteorTowerBurningGround",[],""
7597,"BlightEnchantmentTowerDamagePerTowerType",[],""
7598,"BlightEnchantmentScoutTowerExtraMinion",[],""
7599,"BlightFragmentMushrune1",[],""
7600,"BlightFragmentMushrune2",[],""
7601,"BlightFragmentMushrune3",[],""
7602,"BlightFragmentMushrune4",[],""
7603,"BlightFragmentMushrune5",[],""
7604,"BlightFragmentMushrune6",[],""
7605,"BlightFragmentMushrune6New",[],""
7606,"BlightFragmentMushrune6b",[],""
7607,"BlightFragmentMushrune7",[],""
7608,"BlightFragmentMushrune8",[],""
7609,"BlightFragmentMushrune8New",[],""
7610,"BlightFragmentMushrune9",[],""
7611,"BlightFragmentMushrune10",[],""
7612,"BlightFragmentMushrune10New",[],""
7613,"BlightFragmentMushrune11",[],""
7614,"BlightFragmentMushrune12",[],""
7615,"MapMetamorphosisLeague",[],""
7616,"MapAreaLevel",[],""
7617,"ProjectilesSplitCount",[],""
7618,"ProjectileModifiersApplyToSplits",[8],""
7619,"MaximumLifeManaEnergyShield",[5],""
7620,"TransfigurationOfBody",[7],""
7621,"TransfigurationOfMind",[7],""
7622,"TransfigurationOfSoul",[7],""
7623,"MaximumEnergyShieldPerReservedLife",[7],""
7624,"ChaosDamageRemovedFromManaBeforeLife",[7],""
7625,"DrainAllManaLightningDamage",[7],""
7626,"MultipleOfferingsAllowed",[7],""
7627,"OfferingDuration",[5],""
7628,"OfferingEffect",[5],""
7629,"MaximumBlockChanceIfNotBlockedRecently",[7],""
7630,"MaximumSpellBlockIfNotBlockedRecently",[7],""
7631,"PhasingIfBlockedRecently",[5],""
7632,"AvoidElementalDamagePhasing",[5],""
7633,"ApplyAilmentsMoreDamage",[7],""
7634,"CriticalStrikesNotAlwaysApplyAilments",[5],""
7635,"PermanentPhantasm",[7],""
7636,"PhantasmGrantsBuff",[7],""
7637,"AtlasCrusaderClericAura",[],""
7638,"BossAilmentReduction",[],""
7639,"ModifyableWhileCorrupted",[],""
7640,"ModifyableWhileCorruptedAndSpecialCorruption",[],""
7641,"MinionsUseFlaskOnSummon",[7],""
7642,"MinionFlaskChargesUsed",[5],""
7643,"MinionFlaskDuration",[5],""
7644,"StrikeSkillMemory",[7],""
7645,"NovaSkillsTargetLocation",[7],""
7646,"AttackAndCastSpeedFortify",[5],""
7647,"AlternateFortify",[7],""
7648,"MetamorphosisItemisedBossRewards",[],""
7649,"MetamorphosisItemisedBossDifficult",[],""
7650,"MapAreaContainsExiles",[],""
7651,"UniqueWatchstoneExiles",[5],""
7652,"UniqueWatchstoneTier",[5],""
7653,"UniqueWatchstoneInfluenceWarlord",[7],""
7654,"UniqueWatchstoneLevelDamage",[5],""
7655,"UniqueWatchstoneLevelLife",[5],""
7656,"UniqueWatchstoneLevelModEffect",[5],""
7657,"UniqueWatchstoneMonsterDamageFinal",[5],""
7658,"UniqueWatchstoneMonsterLifeFinal",[5],""
7659,"UniqueWatchstoneMapModEffect",[5],""
7660,"UniqueWatchstoneMapAdditionalPrefix",[5],""
7661,"UniqueWatchstoneMapAdditionalSuffix",[5],""
7662,"UniqueWatchstoneAdditionalElderMonsters",[5],""
7663,"UniqueWatchstoneAdditionalShaperMonsters",[5],""
7664,"UniqueWatchstoneMapPackSize",[],""
7665,"UniqueWatchstoneUses",[5],""
7666,"SummonDoubleOnCrit",[7],""
7667,"FireExposureOnHit",[7],""
7668,"ColdExposureOnHit",[7],""
7669,"LightningExposureOnHit",[7],""
7670,"CannotInflictFireExposure",[],""
7671,"CannotInflictColdExposure",[],""
7672,"CannotInflictLightningExposure",[],""
7673,"NearbyEnemiesIncreasedFireColdResist",[7],""
7674,"JewelleryElementalQuality",[],""
7675,"JewelleryCasterQuality",[],""
7676,"JewelleryAttackQuality",[],""
7677,"JewelleryDefenseQuality",[],""
7678,"JewelleryResourceQuality",[],""
7679,"JewelleryResistanceQuality",[],""
7680,"JewelleryAttributeQuality",[],""
7681,"JewelleryPhysicalChaosQuality",[],""
7682,"JewellerySpeedQuality",[],""
7683,"JewelleryCriticalQuality",[],""
7684,"MapElderContainsBoss",[],""
7685,"MapConquerorContainsBoss",[],""
7686,"StrikeSkillsAdditionalTarget",[2],""
7687,"TailwindOnCriticalStrike",[2],""
7688,"TailwindOnCriticalStrikeMaven",[2],""
7689,"CannotGainElusive",[],""
7690,"ElusiveOnKill",[],""
7691,"ElusiveOnCriticalStrike",[2],""
7692,"ElusiveOnCriticalStrikeMaven",[2],""
7693,"GainAccuracyEqualToStrength",[2],""
7694,"GainAccuracyEqualToStrengthMaven",[2],""
7695,"SingleConflux",[2],""
7696,"IgnitingConfluxMaven",[2],""
7697,"ChillingConfluxMaven",[2],""
7698,"ShockingConfluxMaven",[2],""
7699,"SpellsAdditionalUnleashSeal",[2],""
7700,"SpellsAdditionalUnleashSealMaven",[2],""
7701,"ConsecratedGroundStationary",[2],""
7702,"ConsecratedGroundStationaryMaven",[2],""
7703,"NearbyEnemiesAreBlinded",[2],""
7704,"NearbyEnemiesAreBlindedMaven",[2],""
7705,"NearbyEnemiesHaveMalediction",[2],""
7706,"NearbyEnemiesAreCrushed",[2],""
7707,"RegenerateLifeOver1Second",[2],""
7708,"NoExtraDamageFromBleedMoving",[2],""
7709,"FlaskChargeOnCrit",[2],""
7710,"AttackSpeedHitRecently",[2],""
7711,"IgniteChanceAndDamage",[2],""
7712,"IgniteChanceAndDamageMaven",[2],""
7713,"FreezeChanceAndDuration",[2],""
7714,"FreezeChanceAndDurationMaven",[2],""
7715,"ShockChanceAndEffect",[2],""
7716,"ShockChanceAndEffectMaven",[2],""
7717,"AddedFireBurningEnemies",[2],""
7718,"DamageChilledEnemies",[2],""
7719,"CritChanceShockedEnemies",[2],""
7720,"AddedPhysicalDamageIfCritRecently",[2],""
7721,"AddedFireDamageIfCritRecently",[2],""
7722,"AddedColdDamageIfCritRecently",[2],""
7723,"AddedLightningDamageIfCritRecently",[2],""
7724,"GlobalFireGemLevel",[2],""
7725,"GlobalColdGemLevel",[2],""
7726,"GlobalLightningGemLevel",[2],""
7727,"GlobalPhysicalGemLevel",[2],""
7728,"GlobalChaosGemLevel",[2],""
7729,"GlobalStrengthGemLevel",[2],""
7730,"GlobalDexterityGemLevel",[2],""
7731,"GlobalIntelligenceGemLevel",[2],""
7732,"GlobalVaalGemLevel",[2],""
7733,"BurnDamagePrefix",[5],""
7734,"BleedingDamagePrefix",[2],""
7735,"PoisonDamagePrefix",[2],""
7736,"PhysicalDamageOverTimePrefix",[2],""
7737,"ChaosDamageOverTimePrefix",[2],""
7738,"AttackSpeedIfEnemyKilledRecently",[2],""
7739,"CastSpeedIfEnemyKilledRecently",[2],""
7740,"AttackSpeedWithFortify",[2],""
7741,"ImpaleEffect",[2],""
7742,"ArmourPenetration",[2],""
7743,"LocalArmourPenetration",[2],""
7744,"ChanceToIgnoreEnemyArmour",[2],""
7745,"EnchantmentEnsnaringArrowDebuffEffect",[4],""
7746,"EnchantmentEnsnaringArrowAreaOfEffect",[4],""
7747,"EnchantmentBurningArrowDebuffEffect",[4],""
7748,"EnchantmentExplosiveArrowDuration",[4],""
7749,"MapAddsExtraSynthesisMods",[],""
7750,"MapAddsExtraSynthesisSpecialMods",[],""
7751,"MapCortexModEffect",[],""
7752,"MetamorphosisKitava",[],""
7753,"MaximumShockOverride",[7],""
7754,"WeaponShockAsIfDealingMoreDamage",[6],""
7755,"NovaSpellsAreaOfEffect",[7],""
7756,"RingAttackSpeed",[7],""
7757,"MapNoArrowAttachment",[],""
7758,"MapDelirium",[],""
7759,"MapDeliriumCrafted",[],""
7760,"MapDeliriumMemoryLine",[],""
7761,"MapAtlasDelirium",[],""
7762,"MonsterAfflictionFixed",[],""
7763,"MonsterAfflictionPackTeleportDaemon",[],""
7764,"MonsterAfflictionNormalMagicSkillDaemon",[],""
7765,"MonsterAfflictionNormalMagicOnDeath",[],""
7766,"MonsterAfflictionMagicRewardDebuffRecoveryRate",[],""
7767,"MonsterAfflictionMagicRewardDebuffActionSpeed",[],""
7768,"MonsterAfflictionMagicRewardDebuffDamageTaken",[],""
7769,"MonsterAfflictionMagicRewardDebuffFlaskEffect",[],""
7770,"MonsterAfflictionRare",[],""
7771,"MonsterAfflictionUnique",[],""
7772,"MonsterAfflictionExplodeOnDeath",[],""
7773,"MonsterAfflictionDaemonOnDeath",[],""
7774,"ChillingAreasAlsoGrantLightningDamageTaken",[7],""
7775,"ChanceToSapVsEnemiesInChillingAreas",[6],""
7776,"Allow2ActiveBanners",[7],""
7777,"BannerFortifyDuration",[],""
7778,"BannerMaxFortification",[],""
7779,"BannerAdrenalineDuration",[],""
7780,"BannerTauntDuration",[],""
7781,"Add1StageToBannersOnMeleeHitUpTo5PerSecond",[],""
7782,"AdditionanalMaxStackSnipeUnique",[],""
7783,"GrantsSnipeSkill",[7],""
7784,"GrantsSnipeSkillSupport",[],""
7785,"SupportedBowSkillsDealMoreDamage",[6],""
7786,"ChanceToDodgeSpellsWhileChannelling",[6],""
7787,"JewelExpansionPassiveNodes",[],""
7788,"JewelExpansionJewelNodes",[4],""
7789,"JewelExpansionNotableTest",[],""
7790,"UniqueExpansionJewel3JewelSockets",[8],""
7791,"UniqueExpansionJewelEmptyPassive",[6],""
7792,"JewelExpansionKeystoneDiscipleOfKitava",[7],""
7793,"JewelExpansionLoneMessenger",[7],""
7794,"JewelExpansionNaturesPatience",[7],""
7795,"JewelExpansionSecretsOfSuffering",[7],""
7796,"JewelExpansionKineticism",[7],""
7797,"JewelExpansionPitfighter",[7],""
7798,"JewelExpansionVeteransAwareness",[7],""
7799,"JewelExpansionHollowPalmTechnique",[7],""
7800,"LocalIncreasedEffectPathToClassStart",[7],""
7801,"UniqueReplaceSkitterbotAilmentAura",[],""
7802,"AttackLightningDamageMaximumMana",[7],""
7803,"AttackFireDamageMaximumMana",[7],""
7804,"AttackColdDamageEnergyShield",[7],""
7805,"LoseManaOnAttackSkill",[7],""
7806,"AfflictionNotableProdigiousDefense",[2],""
7807,"AfflictionNotableAdvanceGuard",[2],""
7808,"AfflictionNotableGladiatorialCombat",[2],""
7809,"AfflictionNotableStrikeLeader",[2],""
7810,"AfflictionNotablePowerfulWard",[2],""
7811,"AfflictionNotableEnduringWard",[2],""
7812,"AfflictionNotableGladiatorsFortitude",[2],""
7813,"AfflictionNotablePreciseRetaliation",[2],""
7814,"AfflictionNotableVeteranDefender",[2],""
7815,"AfflictionNotableIronBreaker",[2],""
7816,"AfflictionNotableDeepCuts",[2],""
7817,"AfflictionNotableMastertheFundamentals",[2],""
7818,"AfflictionNotableForceMultiplier",[2],""
7819,"AfflictionNotableFuriousAssault",[2],""
7820,"AfflictionNotableViciousSkewering",[2],""
7821,"AfflictionNotableGrimOath",[2],""
7822,"AfflictionNotableBattleHardened",[2],""
7823,"AfflictionNotableReplenishingPresence",[2],""
7824,"AfflictionNotableMasterofCommand",[2],""
7825,"AfflictionNotableFirstAmongEquals",[2],""
7826,"AfflictionNotablePurposefulHarbinger",[2],""
7827,"AfflictionNotablePreciseCommander",[2],""
7828,"AfflictionNotablePureCommander",[2],""
7829,"AfflictionNotableSummerCommander",[2],""
7830,"AfflictionNotableWinterCommander",[2],""
7831,"AfflictionNotableGroundedCommander",[2],""
7832,"AfflictionNotableStalwartCommander",[2],""
7833,"AfflictionNotableVengefulCommander",[2],""
7834,"AfflictionNotableSkullbreaker",[2],""
7835,"AfflictionNotablePressurePoints",[2],""
7836,"AfflictionNotableOverwhelmingMalice",[2],""
7837,"AfflictionNotableMagnifier",[2],""
7838,"AfflictionNotableSavageResponse",[2],""
7839,"AfflictionNotableEyeoftheStorm",[2],""
7840,"AfflictionNotableBasicsofPain",[2],""
7841,"AfflictionNotableQuickGetaway",[2],""
7842,"AfflictionNotableAssertDominance",[2],""
7843,"AfflictionNotableVastPower",[2],""
7844,"AfflictionNotablePowerfulAssault",[2],""
7845,"AfflictionNotableIntensity",[2],""
7846,"AfflictionNotableTitanicSwings",[2],""
7847,"AfflictionNotableToweringThreat",[2],""
7848,"AfflictionNotableAncestralEcho",[2],""
7849,"AfflictionNotableAncestralReach",[2],""
7850,"AfflictionNotableAncestralMight",[2],""
7851,"AfflictionNotableAncestralPreservation",[2],""
7852,"AfflictionNotableSnaringSpirits",[2],""
7853,"AfflictionNotableSleeplessSentries",[2],""
7854,"AfflictionNotableAncestralGuidance",[2],""
7855,"AfflictionNotableAncestralInspiration",[2],""
7856,"AfflictionNotableVitalFocus",[2],""
7857,"AfflictionNotableRapidInfusion",[2],""
7858,"AfflictionNotableUnwaveringFocus",[2],""
7859,"AfflictionNotableEnduringFocus",[2],""
7860,"AfflictionNotablePreciseFocus",[2],""
7861,"AfflictionNotableStoicFocus",[2],""
7862,"AfflictionNotableHexBreaker",[2],""
7863,"AfflictionNotableArcaneAdept",[2],""
7864,"AfflictionNotableDistilledPerfection",[2],""
7865,"AfflictionNotableSpikedConcoction",[2],""
7866,"AfflictionNotableFasting",[2],""
7867,"AfflictionNotableMendersWellspring",[2],""
7868,"AfflictionNotableSpecialReserve",[2],""
7869,"AfflictionNotableNumbingElixir",[2],""
7870,"AfflictionNotableMobMentality",[2],""
7871,"AfflictionNotableCryWolf",[2],""
7872,"AfflictionNotableHauntingShout",[2],""
7873,"AfflictionNotableLeadByExample",[2],""
7874,"AfflictionNotableProvocateur",[2],""
7875,"AfflictionNotableWarningCall",[2],""
7876,"AfflictionNotableRattlingBellow",[2],""
7877,"AfflictionNotableBloodscent",[2],""
7878,"AfflictionNotableRunThrough",[2],""
7879,"AfflictionNotableWoundAggravation",[2],""
7880,"AfflictionNotableOverlord",[2],""
7881,"AfflictionNotableExpansiveMight",[2],""
7882,"AfflictionNotableWeightAdvantage",[2],""
7883,"AfflictionNotableWindup",[2],""
7884,"AfflictionNotableFanofBlades",[2],""
7885,"AfflictionNotableDiseaseVector",[2],""
7886,"AfflictionNotableArcingShot",[2],""
7887,"AfflictionNotableTemperedArrowheads",[2],""
7888,"AfflictionNotableBroadside",[2],""
7889,"AfflictionNotableExplosiveForce",[2],""
7890,"AfflictionNotableOpportunisticFusilade",[2],""
7891,"AfflictionNotableStormsHand",[2],""
7892,"AfflictionNotableBattlefieldDominator",[2],""
7893,"AfflictionNotableMartialMastery",[2],""
7894,"AfflictionNotableSurefootedStriker",[2],""
7895,"AfflictionNotableGracefulExecution",[2],""
7896,"AfflictionNotableBrutalInfamy",[2],""
7897,"AfflictionNotableFearsomeWarrior",[2],""
7898,"AfflictionNotableCombatRhythm",[2],""
7899,"AfflictionNotableHitandRun",[2],""
7900,"AfflictionNotableInsatiableKiller",[2],""
7901,"AfflictionNotableMageBane",[2],""
7902,"AfflictionNotableMartialMomentum",[2],""
7903,"AfflictionNotableDeadlyRepartee",[2],""
7904,"AfflictionNotableQuickandDeadly",[2],""
7905,"AfflictionNotableSmitetheWeak",[2],""
7906,"AfflictionNotableHeavyHitter",[2],""
7907,"AfflictionNotableMartialProwess",[2],""
7908,"AfflictionNotableCalamitous",[2],""
7909,"AfflictionNotableDevastator",[2],""
7910,"AfflictionNotableFueltheFight",[2],""
7911,"AfflictionNotableDrivetheDestruction",[2],""
7912,"AfflictionNotableFeedtheFury",[2],""
7913,"AfflictionNotableSealMender",[2],""
7914,"AfflictionNotableConjuredWall",[2],""
7915,"AfflictionNotableArcaneHeroism",[2],""
7916,"AfflictionNotablePracticedCaster",[2],""
7917,"AfflictionNotableBurdenProjection",[2],""
7918,"AfflictionNotableThaumophage",[2],""
7919,"AfflictionNotableEssenceRush",[2],""
7920,"AfflictionNotableSapPsyche",[2],""
7921,"AfflictionNotableSadist",[2],""
7922,"AfflictionNotableCorrosiveElements",[2],""
7923,"AfflictionNotableDoryanisLesson",[2],""
7924,"AfflictionNotableDisorientingDisplay",[2],""
7925,"AfflictionNotablePrismaticHeart",[2],""
7926,"AfflictionNotableWidespreadDestruction",[2],""
7927,"AfflictionNotableMasterofFire",[2],""
7928,"AfflictionNotableSmokingRemains",[2],""
7929,"AfflictionNotableCremator",[2],""
7930,"AfflictionNotableSnowstorm",[2],""
7931,"AfflictionNotableStormDrinker",[2],""
7932,"AfflictionNotableParalysis",[2],""
7933,"AfflictionNotableSupercharge",[2],""
7934,"AfflictionNotableBlanketedSnow",[2],""
7935,"AfflictionNotableColdtotheCore",[2],""
7936,"AfflictionNotableColdBloodedKiller",[2],""
7937,"AfflictionNotableTouchofCruelty",[2],""
7938,"AfflictionNotableUnwaveringlyEvil",[2],""
7939,"AfflictionNotableUnspeakableGifts",[2],""
7940,"AfflictionNotableDarkIdeation",[2],""
7941,"AfflictionNotableUnholyGrace",[2],""
7942,"AfflictionNotableWickedPall",[2],""
7943,"AfflictionNotableRenewal",[2],""
7944,"AfflictionNotableRazeandPillage",[2],""
7945,"AfflictionNotableRottenClaws",[2],""
7946,"AfflictionNotableCalltotheSlaughter",[2],""
7947,"AfflictionNotableSkeletalAtrophy",[2],""
7948,"AfflictionNotableHulkingCorpses",[2],""
7949,"AfflictionNotableViciousBite",[2],""
7950,"AfflictionNotablePrimordialBond",[2],""
7951,"AfflictionNotableBlowback",[2],""
7952,"AfflictionNotableFantheFlames",[2],""
7953,"AfflictionNotableCookedAlive",[2],""
7954,"AfflictionNotableBurningBright",[2],""
7955,"AfflictionNotableWrappedinFlame",[2],""
7956,"AfflictionNotableVividHues",[2],""
7957,"AfflictionNotableRend",[2],""
7958,"AfflictionNotableDisorientingWounds",[2],""
7959,"AfflictionNotableCompoundInjury",[2],""
7960,"AfflictionNotableBloodArtist",[2],""
7961,"AfflictionNotablePhlebotomist",[2],""
7962,"AfflictionNotableSepticSpells",[2],""
7963,"AfflictionNotableLowTolerance",[2],""
7964,"AfflictionNotableSteadyTorment",[2],""
7965,"AfflictionNotableEternalSuffering",[2],""
7966,"AfflictionNotableEldritchInspiration",[2],""
7967,"AfflictionNotableWastingAffliction",[2],""
7968,"AfflictionNotableHaemorrhage",[2],""
7969,"AfflictionNotableFlowofLife",[2],""
7970,"AfflictionNotableExposureTherapy",[2],""
7971,"AfflictionNotableBrushwithDeath",[2],""
7972,"AfflictionNotableVileReinvigoration",[2],""
7973,"AfflictionNotableCirclingOblivion",[2],""
7974,"AfflictionNotableBrewedforPotency",[2],""
7975,"AfflictionNotableAstonishingAffliction",[2],""
7976,"AfflictionNotableColdConduction",[2],""
7977,"AfflictionNotableInspiredOppression",[2],""
7978,"AfflictionNotableChillingPresence",[2],""
7979,"AfflictionNotableDeepChill",[2],""
7980,"AfflictionNotableBlastFreeze",[2],""
7981,"AfflictionNotableThunderstruck",[2],""
7982,"AfflictionNotableStormrider",[2],""
7983,"AfflictionNotableOvershock",[2],""
7984,"AfflictionNotableEvilEye",[2],""
7985,"AfflictionNotableWhispersofDeath",[2],""
7986,"AfflictionNotableWardbreaker",[2],""
7987,"AfflictionNotableDarkDiscourse",[2],""
7988,"AfflictionNotableVictimMaker",[2],""
7989,"AfflictionNotableMasterofFear",[2],""
7990,"AfflictionNotableWishforDeath",[2],""
7991,"AfflictionNotableLordofDrought",[2],""
7992,"AfflictionNotableBlizzardCaller",[2],""
7993,"AfflictionNotableTempttheStorm",[2],""
7994,"AfflictionNotableMiseryEverlasting",[2],""
7995,"AfflictionNotableExploitWeakness",[2],""
7996,"AfflictionNotableHoundsMark",[2],""
7997,"AfflictionNotableDoedresGluttony",[2],""
7998,"AfflictionNotableDoedresApathy",[2],""
7999,"AfflictionNotableMasterOfTheMaelstrom",[2],""
8000,"AfflictionNotableHeraldry",[2],""
8001,"AfflictionNotableEndbringer",[2],""
8002,"AfflictionNotableCultLeader",[2],""
8003,"AfflictionNotableEmpoweredEnvoy",[2],""
8004,"AfflictionNotableDarkMessenger",[2],""
8005,"AfflictionNotableAgentofDestruction",[2],""
8006,"AfflictionNotableLastingImpression",[2],""
8007,"AfflictionNotableSelfFulfillingProphecy",[2],""
8008,"AfflictionNotableInvigoratingPortents",[2],""
8009,"AfflictionNotablePureAgony",[2],""
8010,"AfflictionNotableDisciples",[2],""
8011,"AfflictionNotableDreadMarch",[2],""
8012,"AfflictionNotableBlessedRebirth",[2],""
8013,"AfflictionNotableLifefromDeath",[2],""
8014,"AfflictionNotableFeastingFiends",[2],""
8015,"AfflictionNotableBodyguards",[2],""
8016,"AfflictionNotableFollowThrough",[2],""
8017,"AfflictionNotableStreamlined",[2],""
8018,"AfflictionNotableShriekingBolts",[2],""
8019,"AfflictionNotableEyetoEye",[2],""
8020,"AfflictionNotableRepeater",[2],""
8021,"AfflictionNotableAerodynamics",[2],""
8022,"AfflictionNotableChipAway",[2],""
8023,"AfflictionNotableSeekerRunes",[2],""
8024,"AfflictionNotableRemarkable",[2],""
8025,"AfflictionNotableBrandLoyalty",[2],""
8026,"AfflictionNotableHolyConquest",[2],""
8027,"AfflictionNotableGrandDesign",[2],""
8028,"AfflictionNotableSetandForget",[2],""
8029,"AfflictionNotableExpertSabotage",[2],""
8030,"AfflictionNotableGuerillaTactics",[2],""
8031,"AfflictionNotableExpendability",[2],""
8032,"AfflictionNotableArcanePyrotechnics",[2],""
8033,"AfflictionNotableSurpriseSabotage",[2],""
8034,"AfflictionNotableCarefulHandling",[2],""
8035,"AfflictionNotablePeakVigour",[2],""
8036,"AfflictionNotableFettle",[2],""
8037,"AfflictionNotableFeastofFlesh",[2],""
8038,"AfflictionNotableSublimeSensation",[2],""
8039,"AfflictionNotableSurgingVitality",[2],""
8040,"AfflictionNotablePeaceAmidstChaos",[2],""
8041,"AfflictionNotableAdrenaline",[2],""
8042,"AfflictionNotableWallofMuscle",[2],""
8043,"AfflictionNotableMindfulness",[2],""
8044,"AfflictionNotableLiquidInspiration",[2],""
8045,"AfflictionNotableOpenness",[2],""
8046,"AfflictionNotableDaringIdeas",[2],""
8047,"AfflictionNotableClarityofPurpose",[2],""
8048,"AfflictionNotableScintillatingIdea",[2],""
8049,"AfflictionNotableHolisticHealth",[2],""
8050,"AfflictionNotableGenius",[2],""
8051,"AfflictionNotableImprovisor",[2],""
8052,"AfflictionNotableStubbornStudent",[2],""
8053,"AfflictionNotableSavourtheMoment",[2],""
8054,"AfflictionNotableEnergyFromNaught",[2],""
8055,"AfflictionNotableWillShaper",[2],""
8056,"AfflictionNotableSpringBack",[2],""
8057,"AfflictionNotableConservationofEnergy",[2],""
8058,"AfflictionNotableSelfControl",[2],""
8059,"AfflictionNotableHeartofIron",[2],""
8060,"AfflictionNotablePrismaticCarapace",[2],""
8061,"AfflictionNotableMilitarism",[2],""
8062,"AfflictionNotableSecondSkin",[2],""
8063,"AfflictionNotableDragonHunter",[2],""
8064,"AfflictionNotableEnduringComposure",[2],""
8065,"AfflictionNotableUncompromising",[2],""
8066,"AfflictionNotablePrismaticDance",[2],""
8067,"AfflictionNotableNaturalVigour",[2],""
8068,"AfflictionNotableUntouchable",[2],""
8069,"AfflictionNotableShiftingShadow",[2],""
8070,"AfflictionNotableReadiness",[2],""
8071,"AfflictionNotableSublimeForm",[2],""
8072,"AfflictionNotableConfidentCombatant",[2],""
8073,"AfflictionNotableFlexibleSentry",[2],""
8074,"AfflictionNotableViciousGuard",[2],""
8075,"AfflictionNotableMysticalWard",[2],""
8076,"AfflictionNotableRoteReinforcement",[2],""
8077,"AfflictionNotableMageHunter",[2],""
8078,"AfflictionNotableRiotQueller",[2],""
8079,"AfflictionNotableOnewiththeShield",[2],""
8080,"AfflictionNotableAerialist",[2],""
8081,"AfflictionNotableElegantForm",[2],""
8082,"AfflictionNotableDartingMovements",[2],""
8083,"AfflictionNotableNoWitnesses",[2],""
8084,"AfflictionNotableMoltenOnesMark",[2],""
8085,"AfflictionNotableFireAttunement",[2],""
8086,"AfflictionNotablePureMight",[2],""
8087,"AfflictionNotableBlacksmith",[2],""
8088,"AfflictionNotableNonFlammable",[2],""
8089,"AfflictionNotableWinterProwler",[2],""
8090,"AfflictionNotableHibernator",[2],""
8091,"AfflictionNotablePureGuile",[2],""
8092,"AfflictionNotableAlchemist",[2],""
8093,"AfflictionNotableAntifreeze",[2],""
8094,"AfflictionNotableWizardry",[2],""
8095,"AfflictionNotableCapacitor",[2],""
8096,"AfflictionNotablePureAptitude",[2],""
8097,"AfflictionNotableSage",[2],""
8098,"AfflictionNotableInsulated",[2],""
8099,"AfflictionNotableBornofChaos",[2],""
8100,"AfflictionNotableAntivenom",[2],""
8101,"AfflictionNotableRotResistant",[2],""
8102,"AfflictionNotableBlessed",[2],""
8103,"AfflictionNotableStudentofDecay",[2],""
8104,"AfflictionNotableAggressiveDefence",[2],""
8105,"MapAtlasMetamorph",[],""
8106,"StrengthPerPointToClassStart",[],""
8107,"DexterityPerPointToClassStart",[],""
8108,"IntelligencePerPointToClassStart",[],""
8109,"LifePerPointToClassStart",[],""
8110,"ManaPerPointToClassStart",[],""
8111,"EnergyShieldPerPointToClassStart",[],""
8112,"ArmourPerPointToClassStart",[],""
8113,"EvasionPerPointToClassStart",[],""
8114,"AccuracyPerPointToClassStart",[],""
8115,"AfflictionJewelSmallPassivesGrantLife",[2],""
8116,"AfflictionJewelSmallPassivesGrantMana",[2],""
8117,"AfflictionJewelSmallPassivesGrantES",[2],""
8118,"AfflictionJewelSmallPassivesGrantArmour",[2],""
8119,"AfflictionJewelSmallPassivesGrantEvasion",[2],""
8120,"AfflictionJewelSmallPassivesGrantStr",[2],""
8121,"AfflictionJewelSmallPassivesGrantDex",[2],""
8122,"AfflictionJewelSmallPassivesGrantInt",[2],""
8123,"AfflictionJewelSmallPassivesGrantAttributes",[2],""
8124,"AfflictionJewelSmallPassivesGrantManaRegen",[2],""
8125,"AfflictionJewelSmallPassivesGrantLifeRegen",[2],""
8126,"AfflictionJewelSmallPassivesGrantFireRes",[2],""
8127,"AfflictionJewelSmallPassivesGrantColdRes",[2],""
8128,"AfflictionJewelSmallPassivesGrantLightningRes",[2],""
8129,"AfflictionJewelSmallPassivesGrantElementalRes",[2],""
8130,"AfflictionJewelSmallPassivesGrantChaosRes",[2],""
8131,"AfflictionJewelSmallPassivesGrantDamage",[2],""
8132,"AfflictionJewelSmallPassivesHaveIncreasedEffect",[2],""
8133,"AfflictionJewelSmallPassivesGrantAttackSpeed",[2],""
8134,"AfflictionJewelSmallPassivesGrantCastSpeed",[2],""
8135,"AfflictionJewelSmallPassivesGrantDamageOverTime",[2],""
8136,"AfflictionJewelSmallPassivesGrantElementalAilmentDuration",[2],""
8137,"AfflictionJewelSmallPassivesGrantAuraAreaOfEffect",[2],""
8138,"AfflictionJewelSmallPassivesGrantCurseAreaOfEffect",[2],""
8139,"AfflictionJewelSmallPassivesGrantWarcryDuration",[2],""
8140,"AfflictionJewelSmallPassivesGrantCriticalStrikeMultiplier",[2],""
8141,"AfflictionJewelSmallPassivesGrantMinionLifeRegen",[2],""
8142,"AfflictionJewelSmallPassivesGrantAreaOfEffect",[2],""
8143,"AfflictionJewelSmallPassivesGrantProjectileSpeed",[2],""
8144,"AfflictionJewelSmallPassivesGrantTrapAndMineSpeed",[2],""
8145,"AfflictionJewelSmallPassivesGrantTotemPlacementSpeed",[2],""
8146,"AfflictionJewelSmallPassivesGrantBrandAttachmentRange",[2],""
8147,"AfflictionJewelSmallPassivesGrantChannelledAttackAndCastSpeed",[2],""
8148,"AfflictionJewelSmallPassivesGrantFlaskChargesGained",[2],""
8149,"AfflictionJewelSmallPassivesGrantFireSkillAttackAndCastSpeed",[2],""
8150,"AfflictionJewelSmallPassivesGrantColdSkillAttackAndCastSpeed",[2],""
8151,"AfflictionJewelSmallPassivesGrantLightningSkillAttackAndCastSpeed",[2],""
8152,"AfflictionJewelSmallPassivesGrantChaosSkillAttackAndCastSpeed",[2],""
8153,"AfflictionJewelSmallPassivesGrantPhysicalSkillAttackAndCastSpeed",[2],""
8154,"AfflictionJewelSmallPassivesGrantElementalSkillAttackAndCastSpeed",[2],""
8155,"AfflictionJewelSmallPassivesGrantMinionAttackAndCastSpeed",[2],""
8156,"AfflictionJewelSmallPassivesGrantHeraldAttackAndCastSpeed",[2],""
8157,"AfflictionJewelSmallPassivesGrantHeraldMinionAttackAndCastSpeed",[2],""
8158,"MonsterAfflictionDaemon",[],""
8159,"AfflictionMapDeliriumStacks",[],""
8160,"AfflictionMapReward1",[],""
8161,"AfflictionMapReward2",[],""
8162,"AfflictionMapReward3",[],""
8163,"AfflictionMapReward4",[],""
8164,"AfflictionMapReward5",[],""
8165,"AfflictionMapReward6",[],""
8166,"AfflictionMapReward7",[],""
8167,"AfflictionMapReward8",[],""
8168,"AfflictionMapReward9",[],""
8169,"CannotBeAfflicted",[],""
8170,"CannotGainAfflictedMods",[],""
8171,"MapSimulacrumAllDamageIgnites",[],""
8172,"MapSimulacrumAllDamageChills",[],""
8173,"MapSimulacrumAllDamageShocks",[],""
8174,"MapSimulacrumInflictBrittle",[],""
8175,"MapSimulacrumInflictScorch",[],""
8176,"MapSimulacrumInflictSapped",[],""
8177,"MapSimulacrumProjectilesChain",[],""
8178,"MapSimulacrumProjectileAdditional",[],""
8179,"MapSimulacrumAreaOfEffect",[],""
8180,"MapSimulacrumExtraFireAndResistance",[],""
8181,"MapSimulacrumExtraFireAndPenetration",[],""
8182,"MapSimulacrumExtraFireAndAilment",[],""
8183,"MapSimulacrumExtraColdAndResistance",[],""
8184,"MapSimulacrumExtraColdAndPenetration",[],""
8185,"MapSimulacrumExtraColdAndAilment",[],""
8186,"MapSimulacrumExtraLightningAndResistance",[],""
8187,"MapSimulacrumExtraLightningAndPenetration",[],""
8188,"MapSimulacrumExtraLightningAndAilment",[],""
8189,"MapSimulacrumExtraChaosAndResistance",[],""
8190,"MapSimulacrumExtraChaosAndPenetration",[],""
8191,"MapSimulacrumExtraChaosAndPoison",[],""
8192,"MapSimulacrumPhysicalPenetrationAndResistance",[],""
8193,"MapSimulacrumPhysicalPenetrationAndImpale",[],""
8194,"MapSimulacrumImpale",[],""
8195,"MapSimulacrumInflictAilmentsAndAilmentResistance",[],""
8196,"MapSimulacrumInflictAilmentsAndPenetration",[],""
8197,"MapSimulacrumIncreasedSpeed",[],""
8198,"MapSimulacrumAttackSpeedAndMaim",[],""
8199,"MapSimulacrumCastSpeedAndHinder",[],""
8200,"MapSimulacrumMovementSpeedAndUnstoppable",[],""
8201,"MapSimulacrumManaDrain",[],""
8202,"MapSimulacrumFlaskDrain",[],""
8203,"MapSimulacrumChargeDrain",[],""
8204,"MapSimulacrumCurseResistanceAndCurseOnHit",[],""
8205,"MapSimulacrumLife",[],""
8206,"MapSimulacrumDamage",[],""
8207,"MapSimulacrumCriticals",[],""
8208,"MapSimulacrumHiddenReducedPackSize",[],""
8209,"MonsterMovementSpeedMinimum",[],""
8210,"EnemiesExplodeOnDeathChaosGloriousMadness",[5],""
8211,"AllDamageCanPoisonGloriousMadness",[5],""
8212,"FortifyEffectSelfGloriousMadness",[5],""
8213,"DoubleDamageChanceGloriousMadness",[5],""
8214,"ElementalConfluxesGloriousMadness",[5],""
8215,"ElementalAilmentImmunityGloriousMadness",[5],""
8216,"GrantEmbraceMadnessSkillDisplay",[6],""
8217,"MapSimulacrumDamageLifeExpAccu",[],""
8218,"MapSimulacrumUberPerWave",[],""
8219,"DeliriumMapBossUnderling",[],""
8220,"LocalAfflictionJewelDisplaySmallNodesGrantNothing",[7],""
8221,"HeistLeague",[],""
8222,"HeistLeagueCrafted",[],""
8223,"HeistLeagueMemoryLine",[],""
8224,"MapAreaContainsHeistCaches",[],""
8225,"MapAtlasHeist",[],""
8226,"HarvestLeague",[],""
8227,"HarvestLeagueCrafted",[],""
8228,"HarvestLeagueMemoryLine",[],""
8229,"MapUltimatumLeagueCrafted",[],""
8230,"MapAtlasHarvest",[],""
8231,"AttackSpeedAfterSavageHitTaken",[],""
8232,"FrenzyChargeOnCritCloseRange",[7],""
8233,"BleedDotMultiplierPerFrenzyCharge",[5],""
8234,"FasterBleedPerFrenzyCharge",[5],""
8235,"CriticalBleedDotMultiplier",[],""
8236,"BleedDotMultiplier",[],""
8237,"LocalWitherOnHitChance",[5],""
8238,"WitherOnHitChance",[5],""
8239,"CannotPenetrateResistances",[5],""
8240,"WitherGrantsElementalDamageTaken",[7],""
8241,"ActivateHeraldOfThunderOnShock",[7],""
8242,"TakeDamageWhenHeraldOfThunderHits",[5],""
8243,"HeraldOfThunderBoltFrequency",[5],""
8244,"RagingSpiritSplashDamage",[5],""
8245,"FragileRegrowthLifeRegeneration",[7],""
8246,"FragileRegrowthLifeRegenerationReverse",[7],""
8247,"MaximumESLeechAmount",[5],""
8248,"ESLeechFromAttacksNotRemovedOnFullES",[],""
8249,"EnemiesKilledApplyImpaleDamage",[7],""
8250,"ArmourAppliesToLightningDamage",[7],""
8251,"LightningResistNoReduction",[5],""
8252,"DealNoNonLightningDamage",[5],""
8253,"NearbyEnemyLightningResistanceEqual",[7],""
8254,"SupportedByIntensify",[5],""
8255,"SupportedByIntensifyLevel10Boolean",[5],""
8256,"TriggerGoreShockwaveOnMeleeHitWith150Strength",[5],""
8257,"ProjectileDamageBloodStance",[5],""
8258,"LifeRegenerationBloodStance",[5],""
8259,"AreaOfEffectSandStance",[5],""
8260,"EvasionRatingSandStance",[5],""
8261,"MaxRagePerEquippedSword",[7],""
8262,"BleedDotMultiplierPerRagePerEquippedAxe",[7],""
8263,"LifeManaESLeechRate",[6],""
8264,"RandomSupport1",[7],""
8265,"GrantsDash",[6],""
8266,"DisableTravelSkillsExceptDash",[6],""
8267,"ArrowsIfHaventUsedDashRecently",[6],""
8268,"AttackSpeedIfHaventUsedDashRecently",[5],""
8269,"MovementSpeedIfUsedDashRecently",[5],""
8270,"EvasionRatingIfUsedDashRecently",[5],""
8271,"RandomSkill",[7],""
8272,"RandomSupport2",[7],""
8273,"MinionLifeConvertedToEnergyShield",[7],""
8274,"MinionChaosDamageDoesNotBypassES",[7],""
8275,"MinionHitsIgnoreResistanceWithES",[7],""
8276,"MinionEnergyShieldRechargeDelay",[5],""
8277,"DamageBypassEnergyShieldBlock",[7],""
8278,"CannotBlockWithNoEnergyShield",[5],""
8279,"BlindReflectedToSelf",[7],""
8280,"BlindDoesNotAffectLightRadius",[5],""
8281,"NotablesGrantManaCostAndSpellDamage",[7],""
8282,"UnleashSealGainFrequency",[7],""
8283,"UnholyMightOnZeroEnergyShield",[5],""
8284,"ProfaneGroundInsteadOfConsecratedGround",[7],""
8285,"StalkingPustuleOnKill",[5],""
8286,"BlindDoesNotAffectHitChance",[7],""
8287,"MaledictionOnBlindWhileBlinded",[5],""
8288,"GrantsBrandDetonate",[7],""
8289,"BrandDuration",[5],""
8290,"SummonAdditionalBrand",[5],""
8291,"AttackSpeedChangedStance",[5],""
8292,"WarcryInfiniteEnemyPower",[7],""
8293,"WarcryGrantsArcaneSurge",[7],""
8294,"WarcryTauntChaosExplosion",[7],""
8295,"WarcryAreaOfEffect",[5],""
8296,"WarcryAreaOfEffectMaven",[5],""
8297,"WarcrySpeed",[5],""
8298,"WarcryTauntedEnemiesTakeIncreasedDamage",[5],""
8299,"ExertedAttackDamage",[5],""
8300,"DoubleDamageStunnedRecently",[5],""
8301,"Curse25PercentHinderEnemy",[5],""
8302,"Curse50PercentCurseEffect",[5],""
8303,"Curse75PercentEnemyDamageTaken",[5],""
8304,"SpellsAlwaysCritFinalRepeat",[5],""
8305,"SpellsNeverCritExceptFinalRepeat",[5],""
8306,"SpellsCriticalMultiplierFinalRepeat",[5],""
8307,"MaximumRage",[7],""
8308,"PhysicalDamagePerRage",[5],""
8309,"EnemiesCrushedWithRage",[5],""
8310,"MapMetamorphLeagueCrafted",[],""
8311,"MapMetamorphLeagueMemoryLine",[],""
8312,"MapAreaContainsMetamorphs",[],""
8313,"FlaskDurationConsumedPerUse",[],""
8314,"RemoveCorruptionUntilNextModification",[],""
8315,"MapDoesntConsumeSextantCharge",[],""
8316,"MapDoesntConsumeSextantChargeChance",[],""
8317,"MapGainsRandomZanaMod",[],""
8318,"MapBossSurroundedByTormentedSpirits",[],""
8319,"QualityAffectsLifeAndManaInstead",[],""
8320,"MapHarbingerPortalAdditionalFragments",[],""
8321,"LabyrinthChestsOverride",[],""
8322,"LabyrinthOwnerExtraEnchants",[],""
8323,"StrongboxDropAdditionalSpecialHarvestItems",[],""
8324,"MapHarbingerBehaviourVariationOverride",[],""
8325,"LabyrinthEnchantModLevelRangeUp",[],""
8326,"ReducedShockEffectOnSelf",[5],""
8327,"ReducedShockEffectOnSelfMaven",[5],""
8328,"ReducedElementalAilmentEffectOnSelf",[5],""
8329,"MonsterStunRepeatImmunity",[],""
8330,"JewelImplicitLifeRegeneration",[],""
8331,"JewelImplicitEnergyShieldRechargeRate",[],""
8332,"JewelImplicitTotemPlacementSpeed",[],""
8333,"JewelImplicitDamageTakenGainedAsMana",[],""
8334,"JewelImplicitLifeLeechRate",[],""
8335,"JewelImplicitManaLeechRate",[],""
8336,"JewelImplicitAuraAreaOfEffect",[],""
8337,"JewelImplicitMinionLife",[],""
8338,"JewelImplicitMovementSpeed",[],""
8339,"JewelImplicitLightRadius",[],""
8340,"JewelImplicitFlaskDuration",[],""
8341,"JewelImplicitReducedChillEffect",[],""
8342,"JewelImplicitReducedFreezeDuration",[],""
8343,"JewelImplicitReducedShockEffect",[],""
8344,"JewelImplicitReducedIgniteDuration",[],""
8345,"JewelImplicitChanceToAvoidStun",[],""
8346,"JewelImplicitChanceToAvoidChill",[],""
8347,"JewelImplicitChanceToAvoidFreeze",[],""
8348,"JewelImplicitChanceToAvoidShock",[],""
8349,"JewelImplicitChanceToAvoidIgnite",[],""
8350,"JewelImplicitChanceToAvoidPoison",[],""
8351,"JewelImplicitReducedElementalReflect",[],""
8352,"JewelImplicitReducedPhysicalReflect",[],""
8353,"JewelImplicitFrenzyChargeDuration",[],""
8354,"JewelImplicitPowerChargeDuration",[],""
8355,"JewelImplicitEnduranceChargeDuration",[],""
8356,"VolleyFirstPointPierce",[5],""
8357,"VolleySecondPointFork",[5],""
8358,"VolleyThirdPointReturn",[5],""
8359,"VolleyFourthPointChain",[5],""
8360,"HarvestFlaskEnchantmentDurationLoweredOnUse",[],""
8361,"HarvestFlaskEnchantmentEffectLoweredOnUse",[],""
8362,"HarvestFlaskEnchantmentMaximumChargesLoweredOnUse",[],""
8363,"HarvestFlaskEnchantmentChargesUsedLoweredOnUse",[],""
8364,"LabyrinthExtraPackSize",[],""
8365,"HarvestAlternateWeaponQualityLocalCriticalStrikeChance",[],""
8366,"HarvestAlternateWeaponQualityAccuracyRatingIncrease",[],""
8367,"HarvestAlternateWeaponQualityLocalIncreasedAttackSpeed",[],""
8368,"HarvestAlternateWeaponQualityLocalMeleeWeaponRange",[],""
8369,"HarvestAlternateWeaponQualityElementalDamagePercent",[],""
8370,"HarvestAlternateWeaponQualityAreaOfEffect",[],""
8371,"EnchantmentArcaneSurge",[4],""
8372,"EnchantmentFortify",[4],""
8373,"EnchantmentRage",[4],""
8374,"EnchantmentPhasing",[4],""
8375,"EnchantmentElusive",[4],""
8376,"EnchantmentConsecratedGround",[4],""
8377,"EnchantmentOnslaught",[4],""
8378,"EnchantmentHinder",[4],""
8379,"EnchantmentExposure",[4],""
8380,"EnchantmentMaim",[4],""
8381,"EnchantmentTaunt",[4],""
8382,"EnchantmentWither",[4],""
8383,"EnchantmentBlind",[4],""
8384,"EnchantmentIntimidate",[4],""
8385,"EnchantmentUnnerve",[4],""
8386,"AfflictionAddExtraContentWeighting",[],""
8387,"LabyrinthCommonScaling",[],""
8388,"LabyrinthCommonMonsterScaling",[],""
8389,"LabyrinthCommonIzaroScaling",[],""
8390,"LabyrinthExtraMonsterScaling",[],""
8391,"LabyrinthExtraIzaroScaling",[],""
8392,"HarvestAlternateArmourQualityIncreasedLife",[],""
8393,"HarvestAlternateArmourQualityIncreasedMana",[],""
8394,"HarvestAlternateArmourQualityStrength",[],""
8395,"HarvestAlternateArmourQualityDexterity",[],""
8396,"HarvestAlternateArmourQualityIntelligence",[],""
8397,"HarvestAlternateArmourQualityFireResistance",[],""
8398,"HarvestAlternateArmourQualityColdResistance",[],""
8399,"HarvestAlternateArmourQualityLightningResistance",[],""
8400,"TravelSkillsCannotBeExerted",[1],""
8401,"HeistContractNemesisModOnRares",[],""
8402,"HeistContractMonsterChain",[],""
8403,"HeistContractMonsterMultipleProjectiles",[],""
8404,"HeistContractMonstersCantBeSlowedOrTaunted",[],""
8405,"HeistContractMonstersAllDamageAlwaysIgnites",[],""
8406,"HeistContractHexproof",[],""
8407,"HeistContractMonsterCannotBeStunned",[],""
8408,"HeistContractMonsterPhysicalResistance",[],""
8409,"HeistContractMonsterLife",[],""
8410,"HeistContractMonsterDamage",[],""
8411,"HeistContractMonsterFireDamage",[],""
8412,"HeistContractMonsterColdDamage",[],""
8413,"HeistContractMonsterLightningDamage",[],""
8414,"HeistContractMonsterChaosDamage",[],""
8415,"HeistContractMonsterFast",[],""
8416,"HeistContractMonsterPhysicalReflection",[],""
8417,"HeistContractMonsterElementalReflection",[],""
8418,"HeistContractMonstersCurseEffectOnSelfFinal",[],""
8419,"HeistContractMonstersChanceToInflictStatusAilments",[],""
8420,"HeistContractMonstersAllResistances",[],""
8421,"HeistContractMonstersAvoidPoisonBleedBlind",[],""
8422,"HeistContractMonstersImpaleOnHit",[],""
8423,"HeistContractMonstersChanceToSuppressSpells",[],""
8424,"HeistContractMonstersMaximumLifeAddedEnergyShield",[],""
8425,"HeistContractMonsterPatrolAdditionalElite",[],""
8426,"HeistContractMonsterPatrolDamage",[],""
8427,"HeistContractMonsterPatrolDamageReduction",[],""
8428,"HeistContractMonsterSideAreaDamage",[],""
8429,"HeistContractMonsterSideAreaDamageReduction",[],""
8430,"HeistContractMonsterGuardingDamage",[],""
8431,"HeistContractMonsterGuardingDamageReduction",[],""
8432,"HeistContractObjectiveSpeed",[0],""
8433,"HeistContractMonsterRewardRoomDamage",[],""
8434,"HeistContractMonsterRewardRoomDamageReduction",[],""
8435,"HeistContractSideAreaIncreasedMonsters",[],""
8436,"HeistContractReinforcementsFast",[],""
8437,"HeistContractPatrolsMagic",[],""
8438,"HeistContractGuardsRare",[],""
8439,"HeistContractLockdownInstant",[],""
8440,"HeistContractBloodlinesModOnMagics",[],""
8441,"HeistContractPoisoning",[],""
8442,"HeistContractPlayerElementalEquilibrium",[],""
8443,"HeistContractPlayersPointBlank",[],""
8444,"HeistContractMonstersFrenzyChargeOnHit",[],""
8445,"HeistContractMonstersEnduranceChargeOnHit",[],""
8446,"HeistContractMonstersPowerChargeOnHit",[],""
8447,"HeistContractMonsterAreaOfEffect",[],""
8448,"HeistContractMonsterCriticalStrikesAndDamage",[],""
8449,"HeistContractPlayerReducedRegen",[],""
8450,"HeistContractBurningGround",[],""
8451,"HeistContractChilledGround",[],""
8452,"HeistContractShockedGround",[],""
8453,"HeistContractDesecratedGround",[],""
8454,"HeistContractConsecratedGround",[],""
8455,"HeistContractPlayerCurseElementalWeakness",[],""
8456,"HeistContractPlayerCurseVulnerability",[],""
8457,"HeistContractPlayerCurseEnfeeblement",[],""
8458,"HeistContractPlayerCurseTemporalChains",[],""
8459,"HeistContractPlayerNoLifeESRegen",[],""
8460,"HeistContractPlayerMaxResists",[],""
8461,"HeistContractMonsterLifeLeechImmunity",[],""
8462,"HeistContractMonsterStatusAilmentImmunity",[],""
8463,"HeistContractMonstersBaseSelfCriticalMultiplier",[],""
8464,"HeistContractPlayersGainReducedFlaskCharges",[],""
8465,"HeistContractPlayersBlockAndArmour",[],""
8466,"HeistContractMonsterAccuracyPlayersUnlockyDodge",[],""
8467,"HeistContractPlayersAoERadius",[],""
8468,"HeistContractMonstersBlindOnHit",[],""
8469,"HeistContractMonstersMaimOnHit",[],""
8470,"HeistContractMonstersHinderOnHit",[],""
8471,"HeistContractMonstersStealChargesOnHit",[],""
8472,"HeistContractPlayersCooldownRecovery",[],""
8473,"HeistContractPlayersBuffsExpireFaster",[],""
8474,"HeistContractPlayersAuraEffect",[],""
8475,"HeistContractPlayersAccuracyRating",[],""
8476,"HeistContractTotalCost",[],""
8477,"HeistContractChestAlertLevel",[],""
8478,"HeistContractMonsterAlertLevel",[],""
8479,"HeistContractNoGangCut",[],""
8480,"HeistContractNoTravelCost",[],""
8481,"HeistContractGainAlertLevelPassive",[],""
8482,"HeistContractGuardsLoseAlertLevel",[],""
8483,"HeistContractPlayerMaxResistsAlertLevel",[],""
8484,"HeistContractPlayerFireResistAlertLevel",[],""
8485,"HeistContractPlayerColdResistAlertLevel",[],""
8486,"HeistContractPlayerLightningResistAlertLevel",[],""
8487,"HeistContractPlayerArmourAlertLevel",[],""
8488,"HeistContractPlayerEvasionAlertLevel",[],""
8489,"HeistContractPlayerEnergyShieldReducedRegenAlertLevel",[],""
8490,"HeistContractPlayerLifeReducedRegenAlertLevel",[],""
8491,"HeistContractPlayerManaReducedRegenAlertLevel",[],""
8492,"HeistContractPlayersGainReducedFlaskChargesAlertLevel",[],""
8493,"SummonSkeletonsSkeletonIsWarrior",[],""
8494,"SummonSkeletonsWarriorsGetWeaponStatsInMainHand",[5],""
8495,"SkeletonWarriorsTripleDamage",[5],""
8496,"GrantsUnholyMight",[5],""
8497,"NearbyEnemiesAreChilled",[5],""
8498,"FreezeChilledEnemiesMoreDamage",[7],""
8499,"AllDamageCanFreeze",[8],""
8500,"CriticalStrikeMultiplierIfGainedPowerCharge",[5],""
8501,"PowerChargeDurationFinal",[5],""
8502,"ElementalDamageTaken",[4],""
8503,"DisplaySupportedByImmolate",[5],""
8504,"DisplaySupportedByUnboundAilments",[5],""
8505,"CorpseWalk",[7],""
8506,"GainAreaOfEffectPluspercentOnManaSpent",[7],""
8507,"LifeRegenerationPerNearbyCorpse",[5],""
8508,"DamageAgainstMarkedEnemies",[5],""
8509,"MarkCastSpeed",[5],""
8510,"TransferMarkOnDeath",[5],""
8511,"LoseLifeIfHitRecently",[],""
8512,"PerfectAgonyIfCritRecently",[7],""
8513,"BrandDamage",[2],""
8514,"AdditionalBrand",[7],""
8515,"CriticalStrikeChancePerBrand",[7],""
8516,"GrantsDeathWish",[],""
8517,"EnemyTemporalChainsOnHit",[5],""
8518,"GainRageOnLosingTemporalChains",[7],""
8519,"ImmuneToCursesWithRage",[5],""
8520,"WeaponCritChanceIs",[7],""
8521,"NoIntelligence",[5],""
8522,"FlaskLifeRecoveryAllies",[7],""
8523,"DamageIfConsumedCorpse",[5],""
8524,"HexExpiresMaxDoom",[7],""
8525,"DoubleDoomEffect",[7],""
8526,"RemoveHexVariance",[5],""
8527,"HasMassiveShrineBuff",[7],""
8528,"HasBrutalShrineBuff",[7],""
8529,"SocketedSkillsDoubleDamage",[7],""
8530,"TotalRecoveryLifeLeechDoubled",[7],""
8531,"DamageLeechWith5Charges",[5],""
8532,"ReflectElementalAilmentsToSelf",[5],""
8533,"ProlifElementalAilmentsFromSelf",[7],""
8534,"LosePowerChargesOnBlock",[5],""
8535,"GainPowerChargesNotLostRecently",[5],""
8536,"FireHitAndDoTDamageTakenAsLightning",[7],""
8537,"ColdHitAndDoTDamageTakenAsLightning",[7],""
8538,"PhysicalHitAndDoTDamageTakenAsFire",[7],""
8539,"ColdHitAndDoTDamageTakenAsFire",[7],""
8540,"LightningHitAndDoTDamageTakenAsFire",[7],""
8541,"ScorchOnEnemiesOnBlock",[5],""
8542,"EnemyShockedConvertedToLightning",[7],""
8543,"EnemyIgnitedConvertedToFire",[7],""
8544,"NearbyEnemiesAvoidProjectiles",[6],""
8545,"ScorchingBrittleSappingConflux",[8],""
8546,"CannotIgniteChillFreezeShock",[6],""
8547,"LifeGainOnHitCursedEnemy",[6],""
8548,"ManaGainOnHitCursedEnemy",[6],""
8549,"CullingStrikeCursedEnemy",[6],""
8550,"NearbyEnemiesAreBlindedPhysicalAegis",[5],""
8551,"CriticalStrikeChanceWithoutPhysicalAegis",[5],""
8552,"AttackAndCastSpeedWithoutPhysicalAegis",[5],""
8553,"SpellsGainIntensity",[7],""
8554,"SpellsLoseIntensity",[7],""
8555,"CriticalStrikeChancePerIntensity",[5],""
8556,"LifeFlaskPassiveChargeGain",[5],""
8557,"ManaFlaskPassiveChargeGain",[],""
8558,"UtilityFlaskPassiveChargeGain",[],""
8559,"FlaskPassiveChargeGain",[],""
8560,"FlaskChargesGainedOnHittingRareOrUnique",[],""
8561,"FlaskPhysicalDamageDuringFlaskEffect",[],""
8562,"FlaskElementalDamageDuringFlaskEffect",[],""
8563,"FlaskChaosDamageDuringFlaskEffect",[],""
8564,"FlaskBaseCriticalStrikeDuringFlaskEffect",[],""
8565,"FlaskBaseCriticalStrikeMultiplierDuringFlaskEffect",[],""
8566,"FlaskChanceToDodgeAttacksDuringFlaskEffect",[],""
8567,"FlaskChanceToDodgeSpellsDuringFlaskEffect",[],""
8568,"ElementalDamageLowestResist",[8],""
8569,"AttackSpeedWhilePhasing",[5],""
8570,"PhysicalDamageAddedAsRandomWhileIgnited",[],""
8571,"ElementalPenetrationWhileChilled",[],""
8572,"ElementalDamageLuckyWhileShocked",[],""
8573,"WeaponEnchantmentHeistPhysicalModifierEffect",[],""
8574,"WeaponEnchantmentHeistFireModifierEffect",[],""
8575,"WeaponEnchantmentHeistLightningModifierEffect",[],""
8576,"WeaponEnchantmentHeistColdModifierEffect",[],""
8577,"WeaponEnchantmentHeistChaosModifierEffect",[],""
8578,"WeaponEnchantmentHeistCasterDamageModifierEffect",[],""
8579,"WeaponEnchantmentHeistManaModifierEffect",[],""
8580,"WeaponEnchantmentHeistSpeedModifierEffect",[],""
8581,"WeaponEnchantmentHeistCriticalModifierEffect",[],""
8582,"WeaponEnchantmentHeistAttributeModifierEffect",[],""
8583,"WeaponEnchantmentHeistAilmentModifierEffect",[],""
8584,"WeaponEnchantmentHeistAttributeRequirement",[],""
8585,"WeaponEnchantmentHeistSocketsAreLinked",[],""
8586,"WeaponEnchantmentHeistWhiteSockets",[],""
8587,"WeaponEnchantmentHeistPhysicalModifierEffectSpeedModifierEffect",[],""
8588,"WeaponEnchantmentHeistPhysicalModifierEffectCriticalModifierEffect",[],""
8589,"WeaponEnchantmentHeistPhysicalModifierEffectAttributeModifierEffect",[],""
8590,"WeaponEnchantmentHeistPhysicalModifierEffectAilmentModifierEffect",[],""
8591,"WeaponEnchantmentHeistPhysicalModifierEffectAttributeRequirement",[],""
8592,"WeaponEnchantmentHeistPhysicalModifierEffectSocketsAreLinked",[],""
8593,"WeaponEnchantmentHeistPhysicalModifierEffectNoRedSockets",[],""
8594,"WeaponEnchantmentHeistPhysicalModifierEffectNoBlueSockets",[],""
8595,"WeaponEnchantmentHeistPhysicalModifierEffectNoGreenSockets",[],""
8596,"WeaponEnchantmentHeistPhysicalModifierEffectWhiteSockets",[],""
8597,"WeaponEnchantmentHeistFireModifierEffectSpeedModifierEffect",[],""
8598,"WeaponEnchantmentHeistFireModifierEffectCriticalModifierEffect",[],""
8599,"WeaponEnchantmentHeistFireModifierEffectAttributeModifierEffect",[],""
8600,"WeaponEnchantmentHeistFireModifierEffectAilmentModifierEffect",[],""
8601,"WeaponEnchantmentHeistFireModifierEffectAttributeRequirement",[],""
8602,"WeaponEnchantmentHeistFireModifierEffectSocketsAreLinked",[],""
8603,"WeaponEnchantmentHeistFireModifierEffectNoRedSockets",[],""
8604,"WeaponEnchantmentHeistFireModifierEffectNoBlueSockets",[],""
8605,"WeaponEnchantmentHeistFireModifierEffectNoGreenSockets",[],""
8606,"WeaponEnchantmentHeistFireModifierEffectWhiteSockets",[],""
8607,"WeaponEnchantmentHeistLightningModifierEffectSpeedModifierEffect",[],""
8608,"WeaponEnchantmentHeistLightningModifierEffectCriticalModifierEffect",[],""
8609,"WeaponEnchantmentHeistLightningModifierEffectAttributeModifierEffect",[],""
8610,"WeaponEnchantmentHeistLightningModifierEffectAilmentModifierEffect",[],""
8611,"WeaponEnchantmentHeistLightningModifierEffectAttributeRequirement",[],""
8612,"WeaponEnchantmentHeistLightningModifierEffectSocketsAreLinked",[],""
8613,"WeaponEnchantmentHeistLightningModifierEffectNoRedSockets",[],""
8614,"WeaponEnchantmentHeistLightningModifierEffectNoBlueSockets",[],""
8615,"WeaponEnchantmentHeistLightningModifierEffectNoGreenSockets",[],""
8616,"WeaponEnchantmentHeistLightningModifierEffectWhiteSockets",[],""
8617,"WeaponEnchantmentHeistColdModifierEffectSpeedModifierEffect",[],""
8618,"WeaponEnchantmentHeistColdModifierEffectCriticalModifierEffect",[],""
8619,"WeaponEnchantmentHeistColdModifierEffectAttributeModifierEffect",[],""
8620,"WeaponEnchantmentHeistColdModifierEffectAilmentModifierEffect",[],""
8621,"WeaponEnchantmentHeistColdModifierEffectAttributeRequirement",[],""
8622,"WeaponEnchantmentHeistColdModifierEffectSocketsAreLinked",[],""
8623,"WeaponEnchantmentHeistColdModifierEffectNoRedSockets",[],""
8624,"WeaponEnchantmentHeistColdModifierEffectNoBlueSockets",[],""
8625,"WeaponEnchantmentHeistColdModifierEffectNoGreenSockets",[],""
8626,"WeaponEnchantmentHeistColdModifierEffectWhiteSockets",[],""
8627,"WeaponEnchantmentHeistChaosModifierEffectSpeedModifierEffect",[],""
8628,"WeaponEnchantmentHeistChaosModifierEffectCriticalModifierEffect",[],""
8629,"WeaponEnchantmentHeistChaosModifierEffectAttributeModifierEffect",[],""
8630,"WeaponEnchantmentHeistChaosModifierEffectAilmentModifierEffect",[],""
8631,"WeaponEnchantmentHeistChaosModifierEffectAttributeRequirement",[],""
8632,"WeaponEnchantmentHeistChaosModifierEffectSocketsAreLinked",[],""
8633,"WeaponEnchantmentHeistChaosModifierEffectNoRedSockets",[],""
8634,"WeaponEnchantmentHeistChaosModifierEffectNoBlueSockets",[],""
8635,"WeaponEnchantmentHeistChaosModifierEffectNoGreenSockets",[],""
8636,"WeaponEnchantmentHeistChaosModifierEffectWhiteSockets",[],""
8637,"WeaponEnchantmentHeistCasterDamageModifierEffectSpeedModifierEffect",[],""
8638,"WeaponEnchantmentHeistCasterDamageModifierEffectCriticalModifierEffect",[],""
8639,"WeaponEnchantmentHeistCasterDamageModifierEffectAttributeModifierEffect",[],""
8640,"WeaponEnchantmentHeistCasterDamageModifierEffectAilmentModifierEffect",[],""
8641,"WeaponEnchantmentHeistCasterDamageModifierEffectAttributeRequirement",[],""
8642,"WeaponEnchantmentHeistCasterDamageModifierEffectSocketsAreLinked",[],""
8643,"WeaponEnchantmentHeistCasterDamageModifierEffectNoRedSockets",[],""
8644,"WeaponEnchantmentHeistCasterDamageModifierEffectNoBlueSockets",[],""
8645,"WeaponEnchantmentHeistCasterDamageModifierEffectNoGreenSockets",[],""
8646,"WeaponEnchantmentHeistCasterDamageModifierEffectWhiteSockets",[],""
8647,"WeaponEnchantmentHeistManaModifierEffectSpeedModifierEffect",[],""
8648,"WeaponEnchantmentHeistManaModifierEffectCriticalModifierEffect",[],""
8649,"WeaponEnchantmentHeistManaModifierEffectAttributeModifierEffect",[],""
8650,"WeaponEnchantmentHeistManaModifierEffectAilmentModifierEffect",[],""
8651,"WeaponEnchantmentHeistManaModifierEffectAttributeRequirement",[],""
8652,"WeaponEnchantmentHeistManaModifierEffectSocketsAreLinked",[],""
8653,"WeaponEnchantmentHeistManaModifierEffectNoRedSockets",[],""
8654,"WeaponEnchantmentHeistManaModifierEffectNoBlueSockets",[],""
8655,"WeaponEnchantmentHeistManaModifierEffectNoGreenSockets",[],""
8656,"WeaponEnchantmentHeistManaModifierEffectWhiteSockets",[],""
8657,"WeaponEnchantmentHeistSpeedModifierEffectAttributeRequirement",[],""
8658,"WeaponEnchantmentHeistSpeedModifierEffectSocketsAreLinked",[],""
8659,"WeaponEnchantmentHeistSpeedModifierEffectNoRedSockets",[],""
8660,"WeaponEnchantmentHeistSpeedModifierEffectNoBlueSockets",[],""
8661,"WeaponEnchantmentHeistSpeedModifierEffectNoGreenSockets",[],""
8662,"WeaponEnchantmentHeistSpeedModifierEffectWhiteSockets",[],""
8663,"WeaponEnchantmentHeistCriticalModifierEffectAttributeRequirement",[],""
8664,"WeaponEnchantmentHeistCriticalModifierEffectSocketsAreLinked",[],""
8665,"WeaponEnchantmentHeistCriticalModifierEffectNoRedSockets",[],""
8666,"WeaponEnchantmentHeistCriticalModifierEffectNoBlueSockets",[],""
8667,"WeaponEnchantmentHeistCriticalModifierEffectNoGreenSockets",[],""
8668,"WeaponEnchantmentHeistCriticalModifierEffectWhiteSockets",[],""
8669,"WeaponEnchantmentHeistAttributeModifierEffectAttributeRequirement",[],""
8670,"WeaponEnchantmentHeistAttributeModifierEffectSocketsAreLinked",[],""
8671,"WeaponEnchantmentHeistAttributeModifierEffectNoRedSockets",[],""
8672,"WeaponEnchantmentHeistAttributeModifierEffectNoBlueSockets",[],""
8673,"WeaponEnchantmentHeistAttributeModifierEffectNoGreenSockets",[],""
8674,"WeaponEnchantmentHeistAttributeModifierEffectWhiteSockets",[],""
8675,"WeaponEnchantmentHeistAilmentModifierEffectAttributeRequirement",[],""
8676,"WeaponEnchantmentHeistAilmentModifierEffectSocketsAreLinked",[],""
8677,"WeaponEnchantmentHeistAilmentModifierEffectNoRedSockets",[],""
8678,"WeaponEnchantmentHeistAilmentModifierEffectNoBlueSockets",[],""
8679,"WeaponEnchantmentHeistAilmentModifierEffectNoGreenSockets",[],""
8680,"WeaponEnchantmentHeistAilmentModifierEffectWhiteSockets",[],""
8681,"WeaponEnchantmentHeistPhysicalModifierEffectSpeedModifierEffectPenalty",[],""
8682,"WeaponEnchantmentHeistPhysicalModifierEffectCriticalModifierEffectPenalty",[],""
8683,"WeaponEnchantmentHeistPhysicalModifierEffectSocketPenalty",[],""
8684,"WeaponEnchantmentHeistPhysicalModifierEffectAttributeRequirementPenalty",[],""
8685,"WeaponEnchantmentHeistPhysicalModifierEffectOnlyRedSockets",[],""
8686,"WeaponEnchantmentHeistPhysicalModifierEffectOnlyBlueSockets",[],""
8687,"WeaponEnchantmentHeistPhysicalModifierEffectOnlyGreenSockets",[],""
8688,"WeaponEnchantmentHeistFireModifierEffectSpeedModifierEffectPenalty",[],""
8689,"WeaponEnchantmentHeistFireModifierEffectCriticalModifierEffectPenalty",[],""
8690,"WeaponEnchantmentHeistFireModifierEffectSocketPenalty",[],""
8691,"WeaponEnchantmentHeistFireModifierEffectAttributeRequirementPenalty",[],""
8692,"WeaponEnchantmentHeistFireModifierEffectOnlyRedSockets",[],""
8693,"WeaponEnchantmentHeistFireModifierEffectOnlyBlueSockets",[],""
8694,"WeaponEnchantmentHeistFireModifierEffectOnlyGreenSockets",[],""
8695,"WeaponEnchantmentHeistLightningModifierEffectSpeedModifierEffectPenalty",[],""
8696,"WeaponEnchantmentHeistLightningModifierEffectCriticalModifierEffectPenalty",[],""
8697,"WeaponEnchantmentHeistLightningModifierEffectSocketPenalty",[],""
8698,"WeaponEnchantmentHeistLightningModifierEffectAttributeRequirementPenalty",[],""
8699,"WeaponEnchantmentHeistLightningModifierEffectOnlyRedSockets",[],""
8700,"WeaponEnchantmentHeistLightningModifierEffectOnlyBlueSockets",[],""
8701,"WeaponEnchantmentHeistLightningModifierEffectOnlyGreenSockets",[],""
8702,"WeaponEnchantmentHeistColdModifierEffectSpeedModifierEffectPenalty",[],""
8703,"WeaponEnchantmentHeistColdModifierEffectCriticalModifierEffectPenalty",[],""
8704,"WeaponEnchantmentHeistColdModifierEffectSocketPenalty",[],""
8705,"WeaponEnchantmentHeistColdModifierEffectAttributeRequirementPenalty",[],""
8706,"WeaponEnchantmentHeistColdModifierEffectOnlyRedSockets",[],""
8707,"WeaponEnchantmentHeistColdModifierEffectOnlyBlueSockets",[],""
8708,"WeaponEnchantmentHeistColdModifierEffectOnlyGreenSockets",[],""
8709,"WeaponEnchantmentHeistChaosModifierEffectSpeedModifierEffectPenalty",[],""
8710,"WeaponEnchantmentHeistChaosModifierEffectCriticalModifierEffectPenalty",[],""
8711,"WeaponEnchantmentHeistChaosModifierEffectSocketPenalty",[],""
8712,"WeaponEnchantmentHeistChaosModifierEffectAttributeRequirementPenalty",[],""
8713,"WeaponEnchantmentHeistChaosModifierEffectOnlyRedSockets",[],""
8714,"WeaponEnchantmentHeistChaosModifierEffectOnlyBlueSockets",[],""
8715,"WeaponEnchantmentHeistChaosModifierEffectOnlyGreenSockets",[],""
8716,"WeaponEnchantmentHeistCasterDamageModifierEffectSpeedModifierEffectPenalty",[],""
8717,"WeaponEnchantmentHeistCasterDamageModifierEffectCriticalModifierEffectPenalty",[],""
8718,"WeaponEnchantmentHeistCasterDamageModifierEffectSocketPenalty",[],""
8719,"WeaponEnchantmentHeistCasterDamageModifierEffectAttributeRequirementPenalty",[],""
8720,"WeaponEnchantmentHeistCasterDamageModifierEffectOnlyRedSockets",[],""
8721,"WeaponEnchantmentHeistCasterDamageModifierEffectOnlyBlueSockets",[],""
8722,"WeaponEnchantmentHeistCasterDamageModifierEffectOnlyGreenSockets",[],""
8723,"WeaponEnchantmentHeistManaModifierEffectSpeedModifierEffectPenalty",[],""
8724,"WeaponEnchantmentHeistManaModifierEffectCriticalModifierEffectPenalty",[],""
8725,"WeaponEnchantmentHeistManaModifierEffectSocketPenalty",[],""
8726,"WeaponEnchantmentHeistManaModifierEffectAttributeRequirementPenalty",[],""
8727,"WeaponEnchantmentHeistManaModifierEffectOnlyRedSockets",[],""
8728,"WeaponEnchantmentHeistManaModifierEffectOnlyBlueSockets",[],""
8729,"WeaponEnchantmentHeistManaModifierEffectOnlyGreenSockets",[],""
8730,"WeaponEnchantmentHeistSpeedModifierEffectDamageModifierEffectPenalty",[],""
8731,"WeaponEnchantmentHeistSpeedModifierEffectSocketPenalty",[],""
8732,"WeaponEnchantmentHeistSpeedModifierEffectAttributeRequirementPenalty",[],""
8733,"WeaponEnchantmentHeistSpeedModifierEffectOnlyRedSockets",[],""
8734,"WeaponEnchantmentHeistSpeedModifierEffectOnlyBlueSockets",[],""
8735,"WeaponEnchantmentHeistSpeedModifierEffectOnlyGreenSockets",[],""
8736,"WeaponEnchantmentHeistCriticalModifierEffectDamageModifierEffectPenalty",[],""
8737,"WeaponEnchantmentHeistCriticalModifierEffectSocketPenalty",[],""
8738,"WeaponEnchantmentHeistCriticalModifierEffectAttributeRequirementPenalty",[],""
8739,"WeaponEnchantmentHeistCriticalModifierEffectOnlyRedSockets",[],""
8740,"WeaponEnchantmentHeistCriticalModifierEffectOnlyBlueSockets",[],""
8741,"WeaponEnchantmentHeistCriticalModifierEffectOnlyGreenSockets",[],""
8742,"WeaponEnchantmentHeistAttributeModifierEffectDamageModifierEffectPenalty",[],""
8743,"WeaponEnchantmentHeistAttributeModifierEffectSocketPenalty",[],""
8744,"WeaponEnchantmentHeistAttributeModifierEffectAttributeRequirementPenalty",[],""
8745,"WeaponEnchantmentHeistAttributeModifierEffectOnlyRedSockets",[],""
8746,"WeaponEnchantmentHeistAttributeModifierEffectOnlyBlueSockets",[],""
8747,"WeaponEnchantmentHeistAttributeModifierEffectOnlyGreenSockets",[],""
8748,"WeaponEnchantmentHeistAilmentModifierEffectDamageModifierEffectPenalty",[],""
8749,"WeaponEnchantmentHeistAilmentModifierEffectSocketPenalty",[],""
8750,"WeaponEnchantmentHeistAilmentModifierEffectAttributeRequirementPenalty",[],""
8751,"WeaponEnchantmentHeistAilmentModifierEffectOnlyRedSockets",[],""
8752,"WeaponEnchantmentHeistAilmentModifierEffectOnlyBlueSockets",[],""
8753,"WeaponEnchantmentHeistAilmentModifierEffectOnlyGreenSockets",[],""
8754,"WeaponEnchantmentHeistWhiteSocketsDamageModifierEffectPenalty",[],""
8755,"WeaponEnchantmentHeistWhiteSocketsSpeedModifierEffectPenalty",[],""
8756,"WeaponEnchantmentHeistWhiteSocketsCriticalModifierEffectPenalty",[],""
8757,"WeaponEnchantmentHeistAdditionalCraftingModifier",[],""
8758,"HeistNPCIncreasedRarity",[0],""
8759,"HeistNPCIncreasedQuantity",[0],""
8760,"HeistNPCIncreasedCoins",[0],""
8761,"HeistNPCChestAlertLevel",[0],""
8762,"HeistNPCPatrolAlertLevel",[0],""
8763,"HeistNPCGuardsAlertLevel",[0],""
8764,"HeistNPCMonsterAlertLevel",[0],""
8765,"HeistNPCGenericAlertLevel",[],""
8766,"HeistNPCAvoidAlarmChanceKill",[0],""
8767,"HeistNPCAvoidAlarmChanceChest",[0],""
8768,"HeistNPCAvoidBlueprintAlarm",[0],""
8769,"HeistContractNPCCost",[0],""
8770,"HeistContractGangCut",[0],""
8771,"HeistContractTravelCost",[0],""
8772,"HeistNPCLockdownTimer",[0],""
8773,"HeistNPCLockdownTimerHalved",[0],""
8774,"HeistNPCObjectiveSpeed",[0],""
8775,"HeistContractNPCExperience",[0],""
8776,"HeistContractNPCLevel",[2],""
8777,"HeistNPCDamageFullLife",[2],""
8778,"HeistNPCDamageNotEscaping",[0],""
8779,"HeistNPCCriticalChanceNotEscaping",[0],""
8780,"HeistNPCCriticalMultiplierNotEscaping",[0],""
8781,"HeistNPCMovementVelocityNotEscaping",[0],""
8782,"HeistNPCHitResistance",[0],""
8783,"HeistNPCAllJobLevel",[3],""
8784,"HeistLockpickLevel",[3],""
8785,"HeistBruteForceLevel",[3],""
8786,"HeistPerceptionLevel",[3],""
8787,"HeistDemolitionLevel",[3],""
8788,"HeistCounterThaumaturgyLevel",[3],""
8789,"HeistTrapDisarmamentLevel",[3],""
8790,"HeistAgilityLevel",[3],""
8791,"HeistDeceptionLevel",[3],""
8792,"HeistEngineeringLevel",[3],""
8793,"HeistLockpickExperienceGain",[2],""
8794,"HeistBruteForceExperienceGain",[2],""
8795,"HeistPerceptionExperienceGain",[2],""
8796,"HeistDemolitionExperienceGain",[2],""
8797,"HeistCounterThaumaturgyExperienceGain",[2],""
8798,"HeistTrapDisarmamentExperienceGain",[2],""
8799,"HeistAgilityExperienceGain",[2],""
8800,"HeistDeceptionExperienceGain",[2],""
8801,"HeistEngineeringExperienceGain",[2],""
8802,"HeistNPCLockpickSpeed",[2],""
8803,"HeistNPCBruteForceSpeed",[2],""
8804,"HeistNPCPerceptionSpeed",[2],""
8805,"HeistNPCDemolitionSpeed",[2],""
8806,"HeistNPCCounterThaumaturgySpeed",[2],""
8807,"HeistNPCTrapDisarmamentSpeed",[2],""
8808,"HeistNPCAgilitySpeed",[2],""
8809,"HeistNPCDeceptionSpeed",[2],""
8810,"HeistNPCEngineeringSpeed",[2],""
8811,"HeistNPCLockpickChestAvoidAlert",[2],""
8812,"HeistNPCBruteForceChestAvoidAlert",[2],""
8813,"HeistNPCPerceptionChestAvoidAlert",[2],""
8814,"HeistNPCDemolitionChestAvoidAlert",[2],""
8815,"HeistNPCCounterThaumaturgyChestAvoidAlert",[2],""
8816,"HeistNPCTrapDisarmamentChestAvoidAlert",[2],""
8817,"HeistNPCAgilityChestAvoidAlert",[2],""
8818,"HeistNPCDeceptionChestAvoidAlert",[2],""
8819,"HeistNPCEngineeringChestAvoidAlert",[2],""
8820,"HeistNPCLockpickNoAlertMultiplier",[2],""
8821,"HeistNPCBruteForceNoAlertMultiplier",[2],""
8822,"HeistNPCDemolitionNoAlertMultiplier",[2],""
8823,"HeistNPCCounterThaumaturgyNoAlertMultiplier",[2],""
8824,"HeistNPCEngineeringNoAlertMultiplier",[2],""
8825,"HeistNPCLockpickCost",[1],""
8826,"HeistNPCBruteForceCost",[1],""
8827,"HeistNPCPerceptionCost",[1],""
8828,"HeistNPCDemolitionCost",[1],""
8829,"HeistNPCCounterThaumaturgyCost",[1],""
8830,"HeistNPCTrapDisarmamentCost",[1],""
8831,"HeistNPCAgilityCost",[1],""
8832,"HeistNPCDeceptionCost",[1],""
8833,"HeistNPCEngineeringCost",[1],""
8834,"HeistNPCAdditionalIntelligenceChance",[2],""
8835,"HeistNPCFlatLockdownTime",[2],""
8836,"HeistNPCFlatLockdownTimeHalved",[2],""
8837,"HeistNPCPrimaryTargetValue",[2],""
8838,"DischargeThresholdJewel1",[7],""
8839,"DisplaySupportedByUnleash",[5],""
8840,"HeistNPCGlobalAddedPhysicalDamage",[6],""
8841,"HeistNPCGlobalAddedFireDamage",[6],""
8842,"HeistNPCGlobalAddedColdDamage",[6],""
8843,"HeistNPCGlobalAddedLightningDamage",[6],""
8844,"HeistNPCLifeRegenerationRatePercentage",[5],""
8845,"HeistNPCManaRegeneration",[0],""
8846,"HeistNPCAngerAura",[2],""
8847,"HeistNPCDeterminationAura",[2],""
8848,"HeistNPCFireResistAura",[2],""
8849,"HeistNPCPrideAura",[2],""
8850,"HeistNPCHatredAura",[2],""
8851,"HeistNPCGraceAura",[2],""
8852,"HeistNPCColdResistAura",[2],""
8853,"HeistNPCHasteAura",[2],""
8854,"HeistNPCWrathAura",[2],""
8855,"HeistNPCDisciplineAura",[2],""
8856,"HeistNPCLightningResistAura",[2],""
8857,"HeistNPCZealotryAura",[2],""
8858,"HeistNPCMalevolenceAura",[2],""
8859,"HeistNPCChestDoubleCurrency",[2],""
8860,"HeistNPCChestDoubleJewel",[2],""
8861,"HeistNPCChestDoubleMap",[2],""
8862,"HeistNPCChestDoubleSextant",[2],""
8863,"HeistNPCChestDoubleMapFragment",[2],""
8864,"HeistNPCChestDoubleDivination",[2],""
8865,"HeistNPCChestDoubleDelirium",[2],""
8866,"HeistNPCChestDoubleBlight",[2],""
8867,"HeistNPCChestDoubleEssence",[2],""
8868,"HeistNPCChestDoubleBreach",[2],""
8869,"HeistNPCChestDoubleScarab",[2],""
8870,"HeistNPCChestDoubleCatalyst",[2],""
8871,"HeistNPCChestDoubleLegion",[2],""
8872,"HeistNPCChestDoubleOil",[2],""
8873,"HasEveryInfluenceType",[],""
8874,"ArmourEnchantmentHeistLifeModifierEffect",[],""
8875,"ArmourEnchantmentHeistDefenceModifierEffect",[],""
8876,"ArmourEnchantmentHeistManaModifierEffect",[],""
8877,"ArmourEnchantmentHeistResistanceModifierEffect",[],""
8878,"ArmourEnchantmentHeistAttributeModifierEffect",[],""
8879,"ArmourEnchantmentHeistAttributeRequirements",[],""
8880,"ArmourEnchantmentHeistSocketsAreLinked",[],""
8881,"ArmourEnchantmentHeistWhiteSockets",[],""
8882,"ArmourEnchantmentHeistLifeModifierEffectResistanceModifierEffect",[],""
8883,"ArmourEnchantmentHeistLifeModifierEffectAttributeModifierEffect",[],""
8884,"ArmourEnchantmentHeistLifeModifierEffectAttributeRequirements",[],""
8885,"ArmourEnchantmentHeistLifeModifierEffectSocketsAreLinked",[],""
8886,"ArmourEnchantmentHeistLifeModifierEffectNoRedSockets",[],""
8887,"ArmourEnchantmentHeistLifeModifierEffectNoBlueSockets",[],""
8888,"ArmourEnchantmentHeistLifeModifierEffectNoGreenSockets",[],""
8889,"ArmourEnchantmentHeistLifeModifierEffectWhiteSocket",[],""
8890,"ArmourEnchantmentHeistDefenceModifierEffectResistanceModifierEffect",[],""
8891,"ArmourEnchantmentHeistDefenceModifierEffectAttributeModifierEffect",[],""
8892,"ArmourEnchantmentHeistDefenceModifierEffectAttributeRequirements",[],""
8893,"ArmourEnchantmentHeistDefenceModifierEffectSocketsAreLinked",[],""
8894,"ArmourEnchantmentHeistDefenceModifierEffectNoRedSockets",[],""
8895,"ArmourEnchantmentHeistDefenceModifierEffectNoBlueSockets",[],""
8896,"ArmourEnchantmentHeistDefenceModifierEffectNoGreenSockets",[],""
8897,"ArmourEnchantmentHeistDefenceModifierEffectWhiteSocket",[],""
8898,"ArmourEnchantmentHeistManaModifierEffectResistanceModifierEffect",[],""
8899,"ArmourEnchantmentHeistManaModifierEffectAttributeModifierEffect",[],""
8900,"ArmourEnchantmentHeistManaModifierEffectAttributeRequirements",[],""
8901,"ArmourEnchantmentHeistManaModifierEffectSocketsAreLinked",[],""
8902,"ArmourEnchantmentHeistManaModifierEffectNoRedSockets",[],""
8903,"ArmourEnchantmentHeistManaModifierEffectNoBlueSockets",[],""
8904,"ArmourEnchantmentHeistManaModifierEffectNoGreenSockets",[],""
8905,"ArmourEnchantmentHeistManaModifierEffectWhiteSocket",[],""
8906,"ArmourEnchantmentHeistResistanceModifierEffectSocketsAreLinked",[],""
8907,"ArmourEnchantmentHeistResistanceModifierEffectNoRedSockets",[],""
8908,"ArmourEnchantmentHeistResistanceModifierEffectNoBlueSockets",[],""
8909,"ArmourEnchantmentHeistResistanceModifierEffectNoGreenSockets",[],""
8910,"ArmourEnchantmentHeistResistanceModifierEffectWhiteSocket",[],""
8911,"ArmourEnchantmentHeistAttributeModifierEffectSocketsAreLinked",[],""
8912,"ArmourEnchantmentHeistAttributeModifierEffectNoRedSockets",[],""
8913,"ArmourEnchantmentHeistAttributeModifierEffectNoBlueSockets",[],""
8914,"ArmourEnchantmentHeistAttributeModifierEffectNoGreenSockets",[],""
8915,"ArmourEnchantmentHeistAttributeModifierEffectWhiteSocket",[],""
8916,"ArmourEnchantmentHeistLifeModifierEffectResistanceModifierEffectPenalty",[],""
8917,"ArmourEnchantmentHeistLifeModifierEffectSocketPenalty",[],""
8918,"ArmourEnchantmentHeistLifeModifierEffectAttributeRequirementsPenalty",[],""
8919,"ArmourEnchantmentHeistLifeModifierEffectOnlyRedSockets",[],""
8920,"ArmourEnchantmentHeistLifeModifierEffectOnlyBlueSockets",[],""
8921,"ArmourEnchantmentHeistLifeModifierEffectOnlyGreenSockets",[],""
8922,"ArmourEnchantmentHeistDefenceModifierEffectResistanceModifierEffectPenalty",[],""
8923,"ArmourEnchantmentHeistDefenceModifierEffectSocketPenalty",[],""
8924,"ArmourEnchantmentHeistDefenceModifierEffectAttributeRequirementsPenalty",[],""
8925,"ArmourEnchantmentHeistDefenceModifierEffectOnlyRedSockets",[],""
8926,"ArmourEnchantmentHeistDefenceModifierEffectOnlyBlueSockets",[],""
8927,"ArmourEnchantmentHeistDefenceModifierEffectOnlyGreenSockets",[],""
8928,"ArmourEnchantmentHeistManaModifierEffectResistanceModifierEffectPenalty",[],""
8929,"ArmourEnchantmentHeistManaModifierEffectSocketPenalty",[],""
8930,"ArmourEnchantmentHeistManaModifierEffectAttributeRequirementsPenalty",[],""
8931,"ArmourEnchantmentHeistManaModifierEffectOnlyRedSockets",[],""
8932,"ArmourEnchantmentHeistManaModifierEffectOnlyBlueSockets",[],""
8933,"ArmourEnchantmentHeistManaModifierEffectOnlyGreenSockets",[],""
8934,"ArmourEnchantmentHeistResistanceModifierEffectLifeModifierEffectPenalty",[],""
8935,"ArmourEnchantmentHeistResistanceModifierEffectDefenceModifierEffectPenalty",[],""
8936,"ArmourEnchantmentHeistResistanceModifierEffectSocketPenalty",[],""
8937,"ArmourEnchantmentHeistResistanceModifierEffectAttributeRequirementsPenalty",[],""
8938,"ArmourEnchantmentHeistResistanceModifierEffectOnlyRedSockets",[],""
8939,"ArmourEnchantmentHeistResistanceModifierEffectOnlyBlueSockets",[],""
8940,"ArmourEnchantmentHeistResistanceModifierEffectOnlyGreenSockets",[],""
8941,"ArmourEnchantmentHeistAttributeModifierEffectLifeModifierEffectPenalty",[],""
8942,"ArmourEnchantmentHeistAttributeModifierEffectDefenceModifierEffectPenalty",[],""
8943,"ArmourEnchantmentHeistAttributeModifierEffectSocketPenalty",[],""
8944,"ArmourEnchantmentHeistAttributeModifierEffectAttributeRequirementsPenalty",[],""
8945,"ArmourEnchantmentHeistAttributeModifierEffectOnlyRedSockets",[],""
8946,"ArmourEnchantmentHeistAttributeModifierEffectOnlyBlueSockets",[],""
8947,"ArmourEnchantmentHeistAttributeModifierEffectOnlyGreenSockets",[],""
8948,"ArmourEnchantmentHeistWhiteSocketsLifeModifierEffectPenalty",[],""
8949,"ArmourEnchantmentHeistWhiteSocketsDefenceModifierEffectPenalty",[],""
8950,"ArmourEnchantmentHeistWhiteSocketsResistanceModifierEffectPenalty",[],""
8951,"ArmourEnchantmentHeistAdditionalCraftingModifier",[],""
8952,"WarcriesExertAnAdditionalAttack",[],""
8953,"GrantHiddenBladeSkillUnique",[7],""
8954,"LightningAilmentEffect",[5],""
8955,"LightningAilmentDuration",[5],""
8956,"CannotApplyFireAilments",[],""
8957,"CannotApplyColdAilments",[],""
8958,"CannotApplyLightningAilments",[],""
8959,"ChanceForDoubleItemsFromHeistChests",[7],""
8960,"EnergyShieldRegenerationWhileShocked",[8],""
8961,"UniqueTriggerShieldShatter",[7],""
8962,"UniqueTriggerAtziriStormCall",[7],""
8963,"UniqueTriggerAtziriFlameBlast",[7],""
8964,"UniqueStaffGrantQueensDemand",[7],""
8965,"UniqueGrantBloodSacrament",[7],""
8966,"ImmuneToChill",[6],""
8967,"ColdDamageCannotFreeze",[6],""
8968,"FleshAndStoneManaReservation",[6],""
8969,"FleshAndStoneNoReservation",[6],""
8970,"KeystoneHollowPalmTechnique",[],""
8971,"ElusiveEffect",[],""
8972,"GrantsWintertideBrand",[7],""
8973,"WintertideBrandChillEffect",[5],""
8974,"PhysicalDamageCanFreeze",[7],""
8975,"SupportedByArrowNova",[5],""
8976,"DealNoColdDamage",[7],""
8977,"DealNoFireDamage",[],""
8978,"DealNoLightningDamage",[],""
8979,"OneHandedMeleeCriticalStrikeMultiplier",[5],""
8980,"ChanceToBeFrozenShockedIgnited",[5],""
8981,"CallOfSteelAreaOfEffect",[7],""
8982,"CallOfSteelReflectDamage",[7],""
8983,"CallOfSteelUseSpeed",[7],""
8984,"SecretsOfSufferingKeystone",[],""
8985,"TriggerFlameDashOnSocketedSkillUse",[],""
8986,"GainRandomChargesEvery6Seconds",[],""
8987,"EnergyShieldLocalDisplaySpendEnergyShieldForCostsBeforeManaForSocketedSkills",[],""
8988,"AttackCriticalStrikesIgnoreElementalResistances",[],""
8989,"LocalMaximumQuality",[],""
8990,"LocalAugmentedQuality",[],""
8991,"CannotUseFlaskInFifthSlotFlaskEffect",[],""
8992,"MaximumPowerandEnduranceCharges",[],""
8993,"SummonTauntingContraptionOnFlaskUse",[],""
8994,"MinionChanceToMaimOnHit",[6],""
8995,"PhysicalDamagePercentAddedAsChaosPerElderItem",[7],""
8996,"AddedChaosDamageToAttacksPer50Strength",[1],""
8997,"CannotDealNonChaosDamage",[6],""
8998,"TravelSkillMoreDamage",[5],""
8999,"DamageTakenWhilePhasing",[5],""
9000,"ProjectilesChainWhilePhasing",[5],""
9001,"MinionPhysicalDamageAddedAsFire",[5],""
9002,"ChaosDamageCanIgnite",[5],""
9003,"ChanceToIgniteWithChaosSkills",[6],""
9004,"UniqueVolkuursGuidanceIgniteDurationFinal",[5],""
9005,"ManaRegenerationAura",[5],""
9006,"AvoidPhysicalDamageWhilePhasing",[5],""
9007,"GrantsAlliesFrenzyChargeOnKill",[6],""
9008,"GrantsAlliesEnduranceChargeOnHit",[6],""
9009,"ChanceToImpaleWithSpells",[2],""
9010,"AttackDamagePer450Armour",[6],""
9011,"ZombiesTakeFireDamagePerSecond",[5],""
9012,"ZombiesHaveAvatarOfFire",[5],""
9013,"ZombiesCoverInAshOnHit",[5],""
9014,"EnduranceChargeIfAttackFreezes",[6],""
9015,"PowerChargeOnHittingFrozenEnemy",[6],""
9016,"TakeColdDamageOnMaximumPowerCharges",[6],""
9017,"MovementVelocityWhileChilled",[6],""
9018,"AttackSpeedWhileChilled",[5],""
9019,"CastSpeedWhileChilled",[5],""
9020,"ReflectFireDamageOnBlock",[5],""
9021,"DealNoDamageWhenNotOnLowLife",[5],""
9022,"TriggeredFieryImpactOnHitWithWeapon",[],""
9023,"MaxPrefixMaxSuffixImplicit",[],""
9024,"MaxPrefixMaxSuffixModEffectImplicit",[],""
9025,"ReflectedDurationRingImplicit",[],""
9026,"ReflectedFireColdDamageTakenConversion",[],""
9027,"ReflectedFireLightningDamageTakenConversion",[],""
9028,"ReflectedColdLightningDamageTakenConversion",[],""
9029,"ReflectedCurseEffectOnSelf",[],""
9030,"ReflectedMinionDamageTaken",[],""
9031,"ReflectedAilmentDurationOnSelf",[],""
9032,"CurseEffectElementalAilmentDurationOnSelf",[],""
9033,"HeistMonsterReinforcementBonusesFromMapStat",[],""
9034,"HeistMonsterSideRoomBonusesFromMapStat",[],""
9035,"HeistMonsterLifeBonusesFromSextantStat",[],""
9036,"LocalAllDamageCanPoison",[],""
9037,"ChanceToInflictBrittleOnHit",[],""
9038,"ChanceToInflictScorchOnHit",[],""
9039,"ChanceToInflictSapOnHit",[],""
9040,"ChanceToInflictScorchOnEnemyOnBlockCopy",[],""
9041,"ChanceToInflictBrittleOnEnemyOnBlockCopy",[],""
9042,"ChanceToInflictSapOnEnemyOnBlock",[],""
9043,"ItemNecroticFootprints",[],""
9044,"ChaosResistanceWhileStationary",[6],""
9045,"PowerChargeOnHitWhilePoisoned",[6],""
9046,"MovementSpeedWhilePoisoned",[5],""
9047,"ChanceToBePoisonedBySpells",[5],""
9048,"SpiritMinionRefreshOnUniqueHit",[5],""
9049,"MovementVelocityPerPowerChargeCopy",[6],""
9050,"LifeRegenerationPerPowerCharge",[6],""
9051,"LocalFlaskAttackAndCastSpeedWhileHealing",[5],""
9052,"IncreasedElementalResistances",[5],""
9053,"DefencesAreZero",[7],""
9054,"ChaosResistanceIsZero",[6],""
9055,"ZeroChaosResistanceDelve",[6],""
9056,"ElementalDamageDuringFlaskEffect",[5],""
9057,"TauntedEnemiesTakeIncreasedDamage",[5],""
9058,"ChaosDamageCanChill",[7],""
9059,"ElementalDamageIfCritRecently",[5],""
9060,"SupportedByMultiTotem",[5],""
9061,"AttackAdditionalProjectiles",[5],""
9062,"ExtraMaximumPhantasms",[6],""
9063,"ExtraRagingSpirits",[6],""
9064,"HungryLoopSupportedByPinpoint",[],""
9065,"SpellBlockIfNotBlockedRecently",[6],""
9066,"LocalEnergyShieldRegenerationIfCritRecently",[7],""
9067,"ColdDamagePerMissingColdResistance",[6],""
9068,"FireDamagePerMissingFireResistance",[6],""
9069,"HyrrisTruthHatredManaReservationFinal",[6],""
9070,"WingsOfEntropyMainHandAttackSpeedFinal",[],""
9071,"OffHandBaseCriticalStrikeChance",[],""
9072,"FlammabilityOnBlockChance",[6],""
9073,"HeistTrinketCoinsDroppedByMonstersDouble",[2],""
9074,"HeistTrinketCoinsFromWorldChestsDouble",[2],""
9075,"HeistTrinketDropsDoubleCurrency",[2],""
9076,"HeistTrinketItemRarity",[2],""
9077,"HeistTrinketItemQuantity",[2],""
9078,"HeistTrinketItemsDropCorrupted",[2],""
9079,"HeistTrinketItemsDropIdentified",[2],""
9080,"HeistTrinketItemsHaveOneAdditionalSocket",[2],""
9081,"HeistTrinketItemsAreFullyLinked",[4],""
9082,"HeistTrinketItemsHaveShaperInfluence",[4],""
9083,"HeistTrinketItemsHaveElderInfluence",[4],""
9084,"HeistTrinketCurrencyTransmutationDropsAsAlchemy",[2],""
9085,"HeistTrinketCurrencyTransmutationDropsAsChaos",[2],""
9086,"HeistTrinketCurrencyTransmutationDropsAsRegal",[2],""
9087,"HeistTrinketCurrencyAlterationDropsAsAlchemy",[2],""
9088,"HeistTrinketCurrencyAlterationDropsAsChaos",[2],""
9089,"HeistTrinketCurrencyAlterationDropsAsRegal",[2],""
9090,"HeistTrinketCurrencyAugmentationDropsAsAlchemy",[2],""
9091,"HeistTrinketCurrencyAugmentationDropsAsChaos",[2],""
9092,"HeistTrinketCurrencyAugmentationDropsAsRegal",[2],""
9093,"HeistTrinketCurrencyAlchemyDropsAsBlessed",[2],""
9094,"HeistTrinketCurrencyAlchemyDropsAsDivine",[2],""
9095,"HeistTrinketCurrencyAlchemyDropsAsExalted",[7],""
9096,"HeistTrinketCurrencyChaosDropsAsBlessed",[4],""
9097,"HeistTrinketCurrencyChaosDropsAsDivine",[4],""
9098,"HeistTrinketCurrencyChaosDropsAsExalted",[7],""
9099,"HeistTrinketCurrencyRegalDropsAsBlessed",[4],""
9100,"HeistTrinketCurrencyRegalDropsAsDivine",[4],""
9101,"HeistTrinketCurrencyRegalDropsAsExalted",[7],""
9102,"HeistTrinketCurrencyScouringDropsAsRegret",[2],""
9103,"HeistTrinketCurrencyScouringDropsAsAnnulment",[4],""
9104,"HeistTrinketCurrencyRegretDropsAsAnnulment",[4],""
9105,"HeistTrinketCurrencyChromaticDropsAsJewellers",[2],""
9106,"HeistTrinketCurrencyChromaticDropsAsFusing",[2],""
9107,"HeistTrinketCurrencyJewellersDropsAsFusing",[2],""
9108,"HeistTrinketChestsDoubleCurrency",[4],""
9109,"HeistTrinketChestsUniqueRarity",[7],""
9110,"HeistTrinketAdditionalArmourRewardsFromRewardChests",[2],""
9111,"HeistTrinketAdditionalWeaponsRewardsFromRewardChests",[2],""
9112,"HeistTrinketAdditionalJewelleryRewardsFromRewardChests",[2],""
9113,"HeistTrinketAdditionalGemsRewardsFromRewardChests",[2],""
9114,"HeistTrinketAdditionalCorruptedRewardsFromRewardChests",[2],""
9115,"HeistTrinketAdditionalEssencesRewardsFromRewardChests",[2],""
9116,"HeistTrinketAdditionalDivinationRewardsFromRewardChests",[2],""
9117,"HeistTrinketAdditionalUniquesRewardsFromRewardChests",[2],""
9118,"HeistTrinketAdditionalTalismanRewardsFromRewardChests",[2],""
9119,"HeistTrinketAdditionalAbyssRewardsFromRewardChests",[2],""
9120,"HeistTrinketAdditionalPerandusRewardsFromRewardChests",[2],""
9121,"HeistTrinketAdditionalBreachRewardsFromRewardChests",[2],""
9122,"HeistTrinketAdditionalMetamorphRewardsFromRewardChests",[2],""
9123,"HeistTrinketAdditionalDeliriumRewardsFromRewardChests",[2],""
9124,"HeistTrinketAdditionalLegionRewardsFromRewardChests",[2],""
9125,"HeistTrinketAdditionalBlightRewardsFromRewardChests",[2],""
9126,"HeistTrinketAdditionalHarbingerRewardsFromRewardChests",[2],""
9127,"HeistTrinketAdditionalDelveRewardsFromRewardChests",[2],""
9128,"AttackProjectilesFork",[6],""
9129,"AttackProjectilesForkExtraTimes",[7],""
9130,"ImpalePhysicalReductionPenalty",[7],""
9131,"MinionLargerAggroRadius",[6],""
9132,"MinionSmallerAggroRadius",[6],""
9133,"RitualLeague",[],""
9134,"MapAtlasRitual",[],""
9135,"MapAtlasUltimatum",[],""
9136,"HungryLoopSupportedByTrinity",[],""
9137,"LoseLifePercentOnCrit",[5],""
9138,"LoseEnergyShieldPercentOnCrit",[5],""
9139,"DamageOverTimeMultiplierIfCrit8Seconds",[7],""
9140,"LifeRegenerationIfCrit8Seconds",[6],""
9141,"ArmourPerStrength",[6],""
9142,"EnemiesIgniteChaosDamage",[7],""
9143,"EnemiesIgniteWitherNeverExpires",[6],""
9144,"GrantsVampiricIconSkill",[7],""
9145,"LocalBleedDamageOverTimeMultiplier",[7],""
9146,"LocalPoisonDamageOverTimeMultiplier",[7],""
9147,"SacrificialZealOnSkillUse",[7],""
9148,"ArmourPenetrationSacrificialZeal",[7],""
9149,"RightRingMagicHexproof",[7],""
9150,"LeftRingMagicNoCritDamage",[7],""
9151,"AnyRingMagicDamageExtraRoll",[7],""
9152,"WatchstoneItemQuantity",[2],""
9153,"WatchstoneAdditionalEssenceChance",[1],""
9154,"WatchstoneLegionFragmentChance",[3],""
9155,"WatchstoneFullyLinkedChance",[2],""
9156,"WatchstoneMaximumSocketsChance",[2],""
9157,"WatchstoneLuckyLinks",[2],""
9158,"WatchstonePlusTwoSocketsChance",[2],""
9159,"WatchstoneWhiteSocketChance",[3],""
9160,"WatchstoneWeaponQualityChance",[1],""
9161,"WatchstoneArmourQualityChance",[1],""
9162,"WatchstoneGemQualityChance",[1],""
9163,"WatchstoneFlaskQualityChance",[1],""
9164,"WatchstoneBossCurrencyDrops",[2],""
9165,"WatchstoneRareMapCorruptedChance",[2],""
9166,"WatchstoneInfluenceItemChance",[1],""
9167,"WatchstoneChestItemQuantity",[2],""
9168,"WatchstoneCorruptedItemChance",[3],""
9169,"WatchstoneInfluenceMonsterWeaponChance",[1],""
9170,"WatchstoneInfluenceMonsterArmourChance",[1],""
9171,"WatchstoneInfluenceMonsterJewelleryChance",[1],""
9172,"WatchstoneInfluenceMonsterCurrencyChance",[1],""
9173,"WatchstoneInfluenceMonsterGemChance",[1],""
9174,"WatchstoneMagicMonsterWeaponChance",[1],""
9175,"WatchstoneMagicMonsterArmourChance",[1],""
9176,"WatchstoneMagicMonsterJewelleryChance",[1],""
9177,"WatchstoneMagicMonsterCurrencyChance",[1],""
9178,"WatchstoneMagicMonsterGemChance",[1],""
9179,"WatchstoneRareMonsterWeaponChance",[1],""
9180,"WatchstoneRareMonsterArmourChance",[1],""
9181,"WatchstoneRareMonsterJewelleryChance",[1],""
9182,"WatchstoneRareMonsterCurrencyChance",[1],""
9183,"WatchstoneRareMonsterGemChance",[1],""
9184,"WatchstoneKaruiLegionChance",[1],""
9185,"WatchstoneEmpireLegionChance",[1],""
9186,"WatchstoneVaalLegionChance",[1],""
9187,"WatchstoneTemplarLegionChance",[1],""
9188,"WatchstoneMarakethLegionChance",[1],""
9189,"WatchstoneFireBreachChance",[1],""
9190,"WatchstoneColdBreachChance",[1],""
9191,"WatchstoneLightningBreachChance",[1],""
9192,"WatchstonePhysicalBreachChance",[1],""
9193,"WatchstoneChaosBreachChance",[1],""
9194,"WatchstoneHigherTierOilChance",[2],""
9195,"WatchstoneBreachstoneChance",[3],""
9196,"WatchstoneJewelToCurrencyChance",[2],""
9197,"WatchstoneUniqueMapReplacementChance",[2],""
9198,"WatchstoneBreachMonsterLifeAndDamage",[3],""
9199,"WatchstoneHarbingerLuckyDrops",[3],""
9200,"WatchstoneAbyssalDepthsChance",[2],""
9201,"WatchstoneDeepBeastChance",[2],""
9202,"WatchstoneWildsBeastChance",[2],""
9203,"WatchstoneCavernsBeastChance",[2],""
9204,"WatchstoneSandsBeastChance",[2],""
9205,"WatchstoneMoreSulphite",[3],""
9206,"WatchstoneBlightChestDuplicateRewards",[1],""
9207,"WatchstoneMetamorphSampleRewardChance",[1],""
9208,"WatchstoneDeliriumAdditionalRewardChance",[1],""
9209,"WatchstoneDeliriumSplinterQuantity",[1],""
9210,"WatchstoneDeliriumMonsterClusterJewelDropChance",[1],""
9211,"WatchstoneHarvestAdditionalCraftChance",[1],""
9212,"WatchstoneHarvestHigherTierSeedRolls",[1],""
9213,"WatchstoneHarvestBossChance",[1],""
9214,"WatchstoneHeistCacheChance",[1],""
9215,"WatchstoneHeistBlueprintDropChance",[1],""
9216,"WatchstoneHeistCoinStackSize",[1],""
9217,"WatchstoneTwinnedBossChance",[1],""
9218,"WatchstoneConsecratedGround",[1],""
9219,"WatchstoneInfluenceDoubleTickChance",[1],""
9220,"WatchstoneVaalSideAreaChance",[1],""
9221,"WatchstoneTrialChance",[1],""
9222,"WatchstonePlusOneDropLevelChance",[1],""
9223,"WatchstoneMapBossDivinationCardChance",[1],""
9224,"WatchstoneUniqueMapAreaLevel",[1],""
9225,"WatchstoneMapBossInfluencedItemDropChance",[1],""
9226,"WatchstoneMapBossItemRarity",[1],""
9227,"WatchstoneCurrencyDropAsFullStackChance",[1],""
9228,"WatchstoneRogueExilePossessionChance",[1],""
9229,"WatchstoneStrongboxRareChance",[1],""
9230,"WatchstoneBeyondMonsterItemQuantityAndDamage",[1],""
9231,"WatchstonePerandusChestItemQuantity",[1],""
9232,"WatchstonePerandusHoardChance",[1],""
9233,"WatchstonePerandusCatalogueChance",[1],""
9234,"WatchstonePerandusArchiveChance",[1],""
9235,"WatchstonePerandusCofferChance",[1],""
9236,"WatchstonePerandusTreasuryChance",[1],""
9237,"WatchstoneExpeditionExplosivePlacement",[1],""
9238,"WatchstoneExpeditionRerollCurrency",[1],""
9239,"WatchstoneExpeditionArtifactQuantity",[1],""
9240,"WatchstoneEssenceModdedItemChance",[1],""
9241,"WatchstoneMagicItemFracturedModChance",[1],""
9242,"WatchstoneTormentedSpiritDuration",[1],""
9243,"WatchstoneRegalToExalt",[1],""
9244,"WatchstoneRegretToDivine",[1],""
9245,"WatchstoneTransmuteToAlteration",[1],""
9246,"WatchstoneAlchemyToChaos",[1],""
9247,"WatchstoneChiselToMap",[1],""
9248,"WatchstoneChanceToUnique",[1],""
9249,"WatchstoneExaltAsStackOfThree",[1],""
9250,"WatchstoneSkillGemToScarab",[1],""
9251,"WatchstoneSupportGemToJewel",[1],""
9252,"WatchstoneMasterFavour",[1],""
9253,"WatchstoneMagicMonstersFlat",[1],""
9254,"WatchstoneRareMonstersFlat",[1],""
9255,"WatchstoneMagicMonstersPercent",[1],""
9256,"WatchstoneRareMonstersPercent",[1],""
9257,"WatchstoneExperience",[1],""
9258,"WatchstonePackSize",[1],""
9259,"WatchstoneMapModEffect",[1],""
9260,"WatchstoneItemRarity",[1],""
9261,"WatchstoneRogueExileChance",[1],""
9262,"WatchstoneShrineDuration",[2],""
9263,"WatchstoneShrineChance",[1],""
9264,"WatchstoneStrongboxUniqueChance",[2],""
9265,"WatchstoneTormentedTouchedItemQuantity",[1],""
9266,"WatchstoneTormentedSpiritChance",[1],""
9267,"WatchstoneHarbingerShardChance",[2],""
9268,"WatchstoneHarbingerChance",[1],""
9269,"WatchstoneInvasionBossChance",[1],""
9270,"WatchstoneBeyondPortalChance",[2],""
9271,"WatchstoneBeyondPortalAdditionalDemonChance",[1],""
9272,"WatchstoneBeyondExperience",[1],""
9273,"WatchstonePerandusCadiroChance",[1],""
9274,"WatchstoneBreachExperience",[1],""
9275,"WatchstoneAbyssExperience",[1],""
9276,"WatchstoneAbyssTroveAbyssalSocketChance",[2],""
9277,"WatchstoneBlightRewardTypeChance",[2],""
9278,"WatchstoneMetamorphExtraSamples",[2],""
9279,"WatchstoneMetamorphDoubleRewardChance",[2],""
9280,"WatchstoneRitualTribute",[2],""
9281,"WatchstoneRitualRerollCost",[2],""
9282,"WatchstoneRitualEncounterCountOverride",[2],""
9283,"WatchstoneStackFusing",[1],""
9284,"WatchstoneStackChromatic",[1],""
9285,"WatchstoneStackJeweller",[1],""
9286,"WatchstoneStackChaos",[1],""
9287,"WatchstoneStackAlchemy",[1],""
9288,"WatchstoneStackAlteration",[1],""
9289,"WatchstoneStackScouring",[1],""
9290,"WatchstoneStackChance",[1],""
9291,"WatchstoneStackChisel",[1],""
9292,"WatchstoneStackTransmuatation",[1],""
9293,"WatchstoneStackWhetstone",[1],""
9294,"WatchstoneStackArmourers",[1],""
9295,"WatchstoneStackGemcutter",[2],""
9296,"WatchstoneStackRegal",[2],""
9297,"WatchstoneStackDivine",[3],""
9298,"WatchstoneStackAnnulment",[3],""
9299,"WatchstoneStackRegret",[2],""
9300,"WatchstoneStackBlessed",[2],""
9301,"WatchstoneStackMirror",[3],""
9302,"WatchstoneStackVaal",[2],""
9303,"WatchstoneAmuletAsTalisman",[1],""
9304,"WatchstoneMapBossAtlasBaseChance",[1],""
9305,"WatchstoneNikoChance",[1],""
9306,"WatchstoneZanaChance",[1],""
9307,"WatchstoneJunChance",[1],""
9308,"WatchstoneAlvaChance",[1],""
9309,"WatchstoneEinharChance",[1],""
9310,"WatchstoneMasterChance",[3],""
9311,"WatchstoneRedBeastChance",[1],""
9312,"WatchstoneTwiceCaptureChance",[2],""
9313,"WatchstoneLuckyBeastChance",[2],""
9314,"WatchstoneRedBeastExperience",[1],""
9315,"WatchstoneIncursionItemQuantity",[1],""
9316,"WatchstoneIncursionArchitectExperience",[1],""
9317,"WatchstoneIncursionArchitectIncursionRareChance",[1],""
9318,"WatchstoneIncursionPossessionChance",[2],""
9319,"WatchstoneBetrayalExtraTarget",[2],""
9320,"WatchstoneBetrayalTargetExperience",[1],""
9321,"WatchstoneBetrayalExtraRankChance",[2],""
9322,"WatchstoneBetrayalAdditionalVeiledItemChance",[1],""
9323,"WatchstoneDelveSulphiteMined",[1],""
9324,"WatchstoneSulphiteExtraPackChance",[2],""
9325,"WatchstoneZanaExtraOptions",[2],""
9326,"WatchstoneZanaMapQuality",[1],""
9327,"WatchstoneZanaUniqueMapChance",[1],""
9328,"WatchstoneZanaSynthesisMapChance",[1],""
9329,"WatchstoneZanaShaperInfluencedMapChance",[1],""
9330,"WatchstoneZanaElderInfluencedMapChance",[1],""
9331,"WatchstoneZanaCorruptedMapChance",[1],""
9332,"WatchstoneMapBossScarabChance",[1],""
9333,"WatchstoneMapBossUniqueChance",[1],""
9334,"WatchstoneMapBossMapCurrencyChance",[1],""
9335,"WatchstoneMapBossTalismanChance",[1],""
9336,"WatchstoneMapBossEssenceChance",[1],""
9337,"WatchstoneMapBossSilverCoinChance",[1],""
9338,"WatchstoneMapBossMapChance",[1],""
9339,"WatchstoneMapBossFragmentChance",[1],""
9340,"SocketedGemsApplyExposureReducedResists",[],""
9341,"SocketedActiveGemLevelSupportGemPenalty",[],""
9342,"ChanceToBlockAndDamageTakenFromBlockedHits",[],""
9343,"IncreasedStunRecoveryReducedStunThreshold",[],""
9344,"MovementSkillCooldownReducedMoveSpeed",[],""
9345,"AddedLightningDamagePerAccuracyReducedAccuracy",[],""
9346,"MainHandOffHandDamage",[],""
9347,"TrapSkillEffectDurationTrapCooldownPenalty",[],""
9348,"GainManaOnManaPaidManaCost",[],""
9349,"ExertedDamageWarcryCooldown",[],""
9350,"FortifyEffectCrushed",[],""
9351,"MaxChaosResistanceCrushed",[],""
9352,"AddedColdDamageColdPenetration",[],""
9353,"GrantsUnhingeSkill",[7],""
9354,"PhysicalChaosDamageTakenNotUnhinged",[7],""
9355,"RegenerateLifeNotUnhinged",[7],""
9356,"CriticalStrikeChanceFinalUnhinged",[7],""
9357,"EnemiesExplodeOnKillUnhinged",[7],""
9358,"CurseAurasAffectYou",[7],""
9359,"HitAndAilmentDamageCursedEnemies",[5],""
9360,"ScorchedGroundWhileMoving",[7],""
9361,"NearbyEnemiesAreScorched",[7],""
9362,"ScorchedGroundMovingImplicit",[],""
9363,"BrittleGroundMovingImplicit",[],""
9364,"SappedGroundMovingImplicit",[],""
9365,"ScorchEffect",[5],""
9366,"ScorchedEnemiesDegenExplode",[7],""
9367,"AttackSpeedFrenzyChargeNotGained",[5],""
9368,"CriticalStrikeChancePowerChargeNotGained",[5],""
9369,"ExtendFrenzyPowerChargeDurationCull",[7],""
9370,"LifeGainOnCull",[5],""
9371,"ManaGainOnCull",[5],""
9372,"GainBrutalChargesInsteadOfEndurance",[8],""
9373,"GainAfflictionChargesInsteadOfFrenzy",[8],""
9374,"GainAbsorptionChargesInsteadOfPower",[8],""
9375,"MaximumBrutalChargesEqualsEndurance",[6],""
9376,"MaximumAfflictionChargesEqualsFrenzy",[6],""
9377,"MaximumAbsorptionChargesEqualsPower",[6],""
9378,"MinimumBrutalChargeModifiersEqualsEndurance",[6],""
9379,"MinimumAfflictionChargeModifiersEqualsFrenzy",[6],""
9380,"MinimumAbsorptionChargeModifiersEqualsPower",[6],""
9381,"MinionsCrazyOnCrit",[8],""
9382,"MinionCriticalStrikeChanceIncrease",[1],""
9383,"MinionCriticalStrikeChanceMaximumPowerCharge",[6],""
9384,"MinionBaseCriticalStrikeChance",[1],""
9385,"MinionBaseCriticalStrikeChanceAndMinionAttackAndCastSpeed",[1],""
9386,"MinionBaseCriticalStrikeChanceAndMultiplier",[1],""
9387,"MinionBaseCriticalStrikeChanceAndAuraEffectOnMinions",[1],""
9388,"SellPriceIsWisdomFragment",[34],""
9389,"LocalDisplayYouAndNearbyAlliesHaveIncreasedItemRarity",[8],""
9390,"KeystoneBattlemage",[7],""
9391,"MonsterSirusInfluenced",[],""
9392,"MapAdditionalBlightEnchantment",[],""
9393,"MapAdditionalBreachEnchantment",[],""
9394,"UltimatumLeague",[],""
9395,"UltimatumDaemon",[],""
9396,"MapContainsAtlasExile",[],""
9397,"ReflectCursesAndNonDamagingAilments",[],""
9398,"UltimatumAcceleratingMonsters",[],""
9399,"UltimatumMonsterSlowProtection",[],""
9400,"UltimatumMonsterExtraRareModifiers",[],""
9401,"UltimatumMonsterBlock",[],""
9402,"UltimatumMonsterHitsCantBeEvaded",[],""
9403,"UltimatumMonsterOverwhelm",[],""
9404,"UltimatumMonsterHitsAreCriticalStrikes",[],""
9405,"UltimatumMonsterPhysAsExtraEachElement",[],""
9406,"UltimatumMonsterResistances",[],""
9407,"UltimatumMonsterSuppressionAndEvasion",[],""
9408,"UltimatumMonsterRemoveEnergyShieldAndManaOnHit",[],""
9409,"UltimatumMonsterReducedExtraDamageFromCriticalStrikes",[],""
9410,"UltimatumMonsterUnaffectedByCurses",[],""
9411,"MonsterIncreasedIntensityLoss",[],""
9412,"ChainOffTerrainChancePerRangedAbyssJewel",[6],""
9413,"MainHandCriticalStrikeChancePerMeleeAbyssJewel",[6],""
9414,"OffHandCriticalStrikeMultiplierPerMeleeAbyssJewel",[6],""
9415,"MinionDamageOverTimeMultiplierPerMinionAbyssJewel",[6],""
9416,"ArcaneSurgeEffectPerCasterAbyssJewel",[6],""
9417,"GrantsCallOfSteelSkill",[7],""
9418,"LocalVeiledModEffect",[6],""
9419,"LocalFreezeAsThoughDealingMoreDamage",[6],""
9420,"LocalShockAsThoughDealingMoreDamage",[6],""
9421,"LocalWeaponMoreIgniteDamage",[6],""
9422,"ChanceToThrowFourAdditionalTraps",[7],""
9423,"GainMaximumPowerChargesOnVaalSkillUse",[7],""
9424,"GainRandomChargeOnVaalSkillUse",[7],""
9425,"CountOnFullLifeWhileAffectedByVulnerability",[7],""
9426,"VaalAttacksUseRageInsteadOfSouls",[7],""
9427,"CannotGainRageDuringSoulGainPrevention",[6],""
9428,"SupportedByRage",[5],""
9429,"RageCost",[5],""
9430,"LifeAndReducedFireResistance",[7],""
9431,"ManaAndReducedColdResistance",[7],""
9432,"EnergyShieldAndReducedLightningResistance",[7],""
9433,"VaalSoulGainPrevention",[6],""
9434,"LuckyCriticalsOnLowLife",[7],""
9435,"MarkEffect",[2],""
9436,"ProjectileRetaliationDaemon",[],""
9437,"MonsterNemesisAlliesCannotTakeDamagePulse",[],""
9438,"UltimatumWaveMonsterDamage",[],""
9439,"UltimatumWaveMonsterLife",[],""
9440,"IncursionTempleAdditionalTormentedSpirit",[],""
9441,"IncursionTempleBreachSpeed",[],""
9442,"LevelRequirementOverride",[],""
9443,"ItemsDropIdentified",[],""
9444,"RoyaleAdditionalMonsterDrops",[],""
9445,"ExpeditionLeague",[],""
9446,"ExpeditionLeagueMemoryLine",[],""
9447,"MapRitualLeagueCrafted",[],""
9448,"MapRitualLeagueMemoryLine",[],""
9449,"MapAreaContainsRituals",[],""
9450,"FlaskEnchantmentEnkindlingEffect",[],""
9451,"FlaskEnchantmentEnkindlingDuration",[],""
9452,"FlaskEnchantmentEnkindlingChargesGained",[],""
9453,"FlaskEnchantmentEnkindlingChargesUsed",[],""
9454,"FlaskEnchantmentEnkindlingMaximumCharges",[],""
9455,"FlaskEnchantmentInjectorAdjacentFlasks",[],""
9456,"FlaskEnchantmentInjectorFlaskEffectEnd",[],""
9457,"FlaskEnchantmentInjectorOnFullCharges",[],""
9458,"FlaskEnchantmentInjectorOnGuardSkillUsed",[],""
9459,"FlaskEnchantmentInjectorOnTravelSkillUsed",[],""
9460,"FlaskEnchantmentInjectorOnGuardSkillExpired",[],""
9461,"FlaskEnchantmentInjectorOnHittingRareOrUnique",[],""
9462,"FlaskEnchantmentInjectorOnAffectedByFreeze",[],""
9463,"FlaskEnchantmentInjectorOnAffectedByChill",[],""
9464,"FlaskEnchantmentInjectorOnAffectedByShock",[],""
9465,"FlaskEnchantmentInjectorOnAffectedByIgnite",[],""
9466,"FlaskEnchantmentInjectorOnAffectedByBleed",[],""
9467,"FlaskEnchantmentInjectorOnAffectedByPoison",[],""
9468,"FlaskEnchantmentInjectorOnDamageBlocked",[],""
9469,"FlaskEnchantmentInjectorOnTakingSavageHit",[],""
9470,"FlaskEnchantmentInjectorOnUsingLifeFlask",[],""
9471,"ExpeditionRelicModifierTemplarDeliriumElite",[],""
9472,"ExpeditionRelicModifierTemplarDeliriumChest",[],""
9473,"ExpeditionRelicModifierTemplarCatalystElite",[],""
9474,"ExpeditionRelicModifierTemplarCatalystChest",[],""
9475,"ExpeditionRelicModifierTemplarHeistContractsElite",[],""
9476,"ExpeditionRelicModifierTemplarHeistContractsChest",[],""
9477,"ExpeditionRelicModifierVaalOilsElite",[],""
9478,"ExpeditionRelicModifierVaalOilsChest",[],""
9479,"ExpeditionRelicModifierVaalGemsElite",[],""
9480,"ExpeditionRelicModifierVaalGemsChest",[],""
9481,"ExpeditionRelicModifierKaruiShardsElite",[],""
9482,"ExpeditionRelicModifierKaruiShardsChest",[],""
9483,"ExpeditionRelicModifierKaruiFossilElite",[],""
9484,"ExpeditionRelicModifierKaruiFossilChest",[],""
9485,"ExpeditionRelicModifierEternalEmpireRitualElite",[],""
9486,"ExpeditionRelicModifierEternalEmpireRitualChest",[],""
9487,"ExpeditionRelicModifierEternalEmpireLegionElite",[],""
9488,"ExpeditionRelicModifierEternalEmpireLegionChest",[],""
9489,"ExpeditionRelicModifierMarakethDivinationElite",[],""
9490,"ExpeditionRelicModifierMarakethDivinationChest",[],""
9491,"ExpeditionRelicModifierMarakethIncubatorElite",[],""
9492,"ExpeditionRelicModifierMarakethIncubatorChest",[],""
9493,"ExpeditionRelicModifierSirensBreachElite",[],""
9494,"ExpeditionRelicModifierSirensBreachChest",[],""
9495,"ExpeditionRelicModifierSirensScarabElite",[],""
9496,"ExpeditionRelicModifierSirensScarabChest",[],""
9497,"ExpeditionRelicModifierMonkeyTribeAbyssElite",[],""
9498,"ExpeditionRelicModifierMonkeyTribeAbyssChest",[],""
9499,"ExpeditionRelicModifierMonkeyTribeFragmentsElite",[],""
9500,"ExpeditionRelicModifierMonkeyTribeFragmentsChest",[],""
9501,"ExpeditionRelicModifierLostMenEssenceElite",[],""
9502,"ExpeditionRelicModifierLostMenEssenceChest",[],""
9503,"ExpeditionRelicModifierLostMenUniqueElite",[],""
9504,"ExpeditionRelicModifierLostMenUniqueChest",[],""
9505,"ExpeditionRelicModifierSpeed",[],""
9506,"ExpeditionRelicModifierDamage",[],""
9507,"ExpeditionRelicModifierLife",[],""
9508,"ExpeditionRelicModifierAcrobatic",[],""
9509,"ExpeditionRelicModifierHitsCannotBeEvaded",[],""
9510,"ExpeditionRelicModifierAlwaysCrit",[],""
9511,"ExpeditionRelicModifierCannotBeCrit",[],""
9512,"ExpeditionRelicModifierCannotBeLeechedFrom",[],""
9513,"ExpeditionRelicModifierImmunePhysicalDamage",[],""
9514,"ExpeditionRelicModifierImmuneColdDamage",[],""
9515,"ExpeditionRelicModifierImmuneFireDamage",[],""
9516,"ExpeditionRelicModifierImmuneLightningDamage",[],""
9517,"ExpeditionRelicModifierImmuneChaosDamage",[],""
9518,"ExpeditionRelicModifierImmuneStatusAilments",[],""
9519,"ExpeditionRelicModifierElitesDeathGeasOnHit",[],""
9520,"ExpeditionRelicModifierElitesRandomCurseOnHit",[],""
9521,"ExpeditionRelicModifierElitesPetrifyOnHit",[],""
9522,"ExpeditionRelicModifierElitesDuplicated",[],""
9523,"ExpeditionRelicModifierImmuneToCurses",[],""
9524,"ExpeditionRelicModifierIgnoreArmour",[],""
9525,"ExpeditionRelicModifierGrantNoFlaskCharges",[],""
9526,"ExpeditionRelicModifierElitesRegenerateLifeEveryFourSeconds",[],""
9527,"ExpeditionRelicModifierReducedDamageTaken",[],""
9528,"ExpeditionRelicModifierDamageAttackCastMovementSpeedLowLife",[],""
9529,"ExpeditionRelicModifierCriticalAgainstFullLife",[],""
9530,"ExpeditionRelicModifierWard",[],""
9531,"ExpeditionRelicModifierResistancesAndMaxResistances",[],""
9532,"ExpeditionRelicModifierImpaleOnHitImpaleEffect",[],""
9533,"ExpeditionRelicModifierBleedOnHitBleedDuration",[],""
9534,"ExpeditionRelicModifierAllDamagePoisonsPoisonDuration",[],""
9535,"ExpeditionRelicModifierAllDamageIgnitesIgniteDuration",[],""
9536,"ExpeditionRelicModifierAllDamageFreezesFreezeDuration",[],""
9537,"ExpeditionRelicModifierAllDamageShocksShockEffect",[],""
9538,"ExpeditionRelicModifierAttackBlockSpellBlockMaxBlockChance",[],""
9539,"ExpeditionRelicModifierFirePenetration",[],""
9540,"ExpeditionRelicModifierColdPenetration",[],""
9541,"ExpeditionRelicModifierLightningPenetration",[],""
9542,"ExpeditionRelicModifierChaosPenetration",[],""
9543,"ExpeditionRelicModifierDamageAddedAsChaos",[],""
9544,"ExpeditionRelicModifierHitsRemoveManaAndEnergyShieldOnHit",[],""
9545,"ExpeditionRelicModifierCullingStrikeTwentyPercent",[],""
9546,"ExpeditionRelicModifierPackSize",[],""
9547,"ExpeditionRelicModifierItemQuantityMonster",[],""
9548,"ExpeditionRelicModifierItemQuantityChest",[],""
9549,"ExpeditionRelicModifierItemRarityMonster",[],""
9550,"ExpeditionRelicModifierItemRarityChest",[],""
9551,"ExpeditionRelicModifierExperience",[],""
9552,"ExpeditionRelicModifierMagicMonsterChance",[],""
9553,"ExpeditionRelicModifierRareMonsterChance",[],""
9554,"ExpeditionRelicModifierExpeditionCurrencyQuantityMonster",[],""
9555,"ExpeditionRelicModifierExpeditionCurrencyQuantityChest",[],""
9556,"ExpeditionRelicModifierExpeditionLogbookQuantityMonster",[],""
9557,"ExpeditionRelicModifierExpeditionLogbookQuantityChest",[],""
9558,"ExpeditionRelicModifierExpeditionVendorCurrencyFactionElite1_1_",[],""
9559,"ExpeditionRelicModifierExpeditionVendorCurrencyFactionElite2_1",[],""
9560,"ExpeditionRelicModifierExpeditionVendorCurrencyFactionElite3_1",[],""
9561,"ExpeditionRelicModifierExpeditionVendorCurrencyFactionElite4_1",[],""
9562,"ExpeditionRelicModifierExpeditionVendorCurrencyFactionChest1_1",[],""
9563,"ExpeditionRelicModifierExpeditionVendorCurrencyFactionChest2_1",[],""
9564,"ExpeditionRelicModifierExpeditionVendorCurrencyFactionChest3_1",[],""
9565,"ExpeditionRelicModifierExpeditionVendorCurrencyFactionChest4_1",[],""
9566,"ExpeditionRelicModifierExpeditionRareArmourChest",[],""
9567,"ExpeditionRelicModifierExpeditionRareTrinketChest",[],""
9568,"ExpeditionRelicModifierExpeditionRareWeaponChest",[],""
9569,"ExpeditionRelicModifierExpeditionRareArmourElite",[],""
9570,"ExpeditionRelicModifierExpeditionRareTrinketElite",[],""
9571,"ExpeditionRelicModifierExpeditionRareWeaponElite",[],""
9572,"ExpeditionRelicModifierExpeditionBasicCurrencyElite",[],""
9573,"ExpeditionRelicModifierExpeditionBasicCurrencyChest",[],""
9574,"ExpeditionRelicModifierExpeditionUniqueElite",[],""
9575,"ExpeditionRelicModifierExpeditionUniqueChest",[],""
9576,"ExpeditionRelicModifierExpeditionGemsElite",[],""
9577,"ExpeditionRelicModifierExpeditionGemsChest",[],""
9578,"ExpeditionRelicModifierExpeditionTalismanElite",[],""
9579,"ExpeditionRelicModifierExpeditionTalismanChest",[],""
9580,"ExpeditionRelicModifierExpeditionMapsElite",[],""
9581,"ExpeditionRelicModifierExpeditionMapsChest",[],""
9582,"ExpeditionRelicModifierExpeditionCorruptedItemsElite",[],""
9583,"ExpeditionRelicModifierExpeditionFracturedItemsElite",[],""
9584,"ExpeditionRelicModifierExpeditionFracturedItemsChest",[],""
9585,"ExpeditionRelicModifierExpeditionFullyLinkedElite",[],""
9586,"ExpeditionRelicModifierExpeditionInfluencedItemsElite",[],""
9587,"ExpeditionRelicModifierExpeditionInfluencedtemsChest",[],""
9588,"ExpeditionRelicModifierHarbingerCurrencyElite",[],""
9589,"ExpeditionRelicModifierBreachSplintersElite",[],""
9590,"ExpeditionRelicModifierEssencesElite",[],""
9591,"ExpeditionRelicModifierAtziriFragmentsElite",[],""
9592,"ExpeditionRelicModifierFossilsElite",[],""
9593,"ExpeditionRelicModifierStackedDeckElite",[],""
9594,"ExpeditionRelicModifierLegionSplintersElite",[],""
9595,"ExpeditionRelicModifierBlightOilsElite",[],""
9596,"ExpeditionRelicModifierMetamorphCatalystsElite",[],""
9597,"ExpeditionRelicModifierDeliriumSplintersElite",[],""
9598,"ExpeditionRelicModifierHeistContractElite",[],""
9599,"ExpeditionRelicModifierHarbingerCurrencyChest",[],""
9600,"ExpeditionRelicModifierBreachSplintersChest",[],""
9601,"ExpeditionRelicModifierEssencesChest",[],""
9602,"ExpeditionRelicModifierAtziriFragmentsChest",[],""
9603,"ExpeditionRelicModifierFossilsChest",[],""
9604,"ExpeditionRelicModifierStackedDeckChest",[],""
9605,"ExpeditionRelicModifierLegionSplintersChest",[],""
9606,"ExpeditionRelicModifierBlightOilsChest",[],""
9607,"ExpeditionRelicModifierMetamorphCatalystsChest",[],""
9608,"ExpeditionRelicModifierDeliriumSplintersChest",[],""
9609,"ExpeditionRelicModifierHeistContractChest",[],""
9610,"MapExpeditionRelics",[],""
9611,"MapExpeditionExplosionRadius",[],""
9612,"MapExpeditionExplosives",[],""
9613,"MapExpeditionSagaContainsBoss",[],""
9614,"MapExpeditionChestDoubleDropsChance",[],""
9615,"MapExpeditionExtraRelicSuffixChance",[],""
9616,"MapExpeditionMaximumPlacementDistance",[],""
9617,"MapExpeditionNumberOfMonsterMarkers",[],""
9618,"MapExpeditionSagaAdditionalTerrainFeatures",[],""
9619,"LocalWard",[1],""
9620,"LocalWardPercent",[1],""
9621,"LocalWardAndStunRecoveryPercent",[1],""
9622,"LocalBaseWardAndLife",[1],""
9623,"GlobalAddedChaosDamageWard",[7],""
9624,"DamageBypassesWardPercent",[6],""
9625,"FlaskWardUnbreakableDuringEffect",[7],""
9626,"MonsterChilledAura",[],""
9627,"MonsterShockingAura",[],""
9628,"EnergyShieldAdditiveModifiersInsteadApplyToWard",[7],""
9629,"WardDelayRecovery",[6],""
9630,"GrantsSummonArbalistsSkill",[7],""
9631,"AdrenalineOnWardBreak",[],""
9632,"FlaskChargesFromKillsFinal",[7],""
9633,"FlaskChargePerSecondUniqueEnemy",[7],""
9634,"FlaskEffectEndsWhenHitByPlayer",[],""
9635,"MonsterGainLifeAsWard",[],""
9636,"SummonArbalistNumberOfArbalistsAllowed",[5],""
9637,"SummonArbalistNumberOfAdditionalProjectiles",[6],""
9638,"SummonArbalistAttackSpeed",[6],""
9639,"SummonArbalistTargetsToPierce",[6],""
9640,"SummonArbalistProjectilesFork",[6],""
9641,"SummonArbalistChains",[6],""
9642,"SummonArbalistNumberOfSplits",[6],""
9643,"SummonArbalistChanceToDealDoubleDamage",[6],""
9644,"SummonArbalistChanceToMaimfor4secondsOnHit",[6],""
9645,"SummonArbalistChanceToIntimidateFor4SecondsOnHit",[6],""
9646,"SummonArbalistChanceToUnnerveFor4SecondsOnHit",[6],""
9647,"SummonArbalistChanceToInflictFireExposureOnHit",[6],""
9648,"SummonArbalistChanceToInflictColdExposureonHit",[6],""
9649,"SummonArbalistChanceToInflictLightningExposureOnHit",[6],""
9650,"SummonArbalistChanceToCrushOnHit",[6],""
9651,"SummonArbalistPhysicalDamageToConvertToFire",[6],""
9652,"SummonArbalistPhysicalDamageToConvertToCold",[6],""
9653,"SummonArbalistPhysicalDamageToConvertToLightning",[6],""
9654,"SummonArbalistPhysicalDamageToAddAsFire",[6],""
9655,"SummonArbalistPhysicalDamageToAddAsCold",[6],""
9656,"SummonArbalistPhysicalDamageToAddAsLightning",[6],""
9657,"SummonArbalistChanceToBleed",[6],""
9658,"SummonArbalistChanceToPoison",[6],""
9659,"SummonArbalistChanceToIgniteFreezeShock",[6],""
9660,"MonsterTagExpedition",[],""
9661,"FlaskMoreWardUnique1",[],""
9662,"FlaskFireColdLightningExposureOnNearbyEnemies",[],""
9663,"FlaskNonDamagingAilmentIncreasedEffect",[],""
9664,"FlaskEnduranceChargePerSecond",[],""
9665,"FlaskLoseAllEnduranceChargesGainLifePerLostCharge",[],""
9666,"FlaskCullingStrike",[],""
9667,"FlaskRemoveEffectWhenWardBreaks",[],""
9668,"FlaskDebilitateNearbyEnemiesWhenEffectEnds",[],""
9669,"ExpeditionNPCStealth",[],""
9670,"MapExpeditionEliteMonsterQuantity",[],""
9671,"MapExpeditionChestCount",[],""
9672,"MapExpeditionEpicChestCount",[],""
9673,"MapExpeditionUncommonChestCount",[],""
9674,"MapExpeditionCommonChestCount",[],""
9675,"MapExpeditionArtifactQuantity",[],""
9676,"MapExpeditionVendorRerollCurrencyQuantity",[],""
9677,"BaseAdaptationRating",[],""
9678,"GainMaximumAdaptationOnHit",[],""
9679,"BaseFrozenEffectOnSelf",[2],""
9680,"CannotGainCorruptedBloodWhileYouHaveAtLeast5Stacks",[],""
9681,"BaseChanceToDealTripleDamage",[],""
9682,"BaseMaximumLifeInflictedAsAoeFireDamageWhenHit",[],""
9683,"ConsecrateGroundFor3SecondsWhenHit",[],""
9684,"BasePenetrateElementalResistances",[],""
9685,"GuardSkillCooldownRecovery",[],""
9686,"HellscapeDownsideStrengthRequirement",[],""
9687,"HellscapeDownsideDexterityRequirement",[],""
9688,"HellscapeDownsideIntelligenceRequirement",[],""
9689,"HellscapeDownsideCannotCrit",[],""
9690,"HellscapeDownsideCannotBlock",[],""
9691,"HellscapeDownsideCannotEvade",[],""
9692,"HellscapeDownsideReducedFireResistance",[],""
9693,"HellscapeDownsideReducedColdResistance",[],""
9694,"HellscapeDownsideReducedLightningResistance",[],""
9695,"HellscapeDownsideReducedChaosResistance",[],""
9696,"HellscapeDownsideMinusMaximumLife",[],""
9697,"HellscapeDownsideMinusMaximumMana",[],""
9698,"HellscapeDownsideReducedGlobalDefences",[],""
9699,"HellscapeDownsideDealNoDamageYourself",[],""
9700,"HellscapeDownsideReducedMinionLife",[],""
9701,"HellscapeDownsideIncreasedReservationCost",[],""
9702,"HellscapeDownsideIncreasedChanceToBeCrit",[],""
9703,"HellscapeDownsideHinderedOnHitBySpells",[],""
9704,"HellscapeDownsideChanceToBeSilencedWhenHit",[],""
9705,"HellscapeLeague",[],""
9706,"EnemiesKilledCountAsYours",[8],""
9707,"MagicUtilityFlasksAlwaysApply",[8],""
9708,"MagicUtilityFlasksCannotUse",[6],""
9709,"MagicUtilityFlasksCannotRemove",[6],""
9710,"BreachstoneCommanderRewards1",[],""
9711,"BreachstoneCommanderRewards2",[],""
9712,"BreachstoneCommanderRewards3",[],""
9713,"BreachstoneCommanderRewards4",[],""
9714,"BreachstoneCommanderRewards5",[],""
9715,"MonstersYouTauntAreEnraged",[],""
9716,"BreachstoneExtraRandomMods1",[],""
9717,"BreachstoneExtraRandomMods2",[],""
9718,"MapEnfeebleAndLessMonsterCurseEffect",[],""
9719,"MapTemporalChainsAndLessMonsterCurseEffect",[],""
9720,"MapVulnerabilityAndLessMonsterCurseEffect",[],""
9721,"DoedresSkinLessCurseEffect",[],""
9722,"LocalManaFlaskHinderNearbyEnemies",[0],""
9723,"LocalLifeFlaskHinderNearbyEnemies",[0],""
9724,"LocalFlaskImmuneToMaimAndHinder",[0],""
9725,"LocalLifeFlaskAdditionalLifeRecovery",[1],""
9726,"FlaskChillFreezeImmunity",[0],""
9727,"FlaskIgniteImmunity",[0],""
9728,"FlaskPoisonImmunity",[0],""
9729,"FlaskBleedCorruptingBloodImmunity",[0],""
9730,"FlaskShockImmunity",[0],""
9731,"StormBladeImplicitLocalLightningDamage",[],""
9732,"DelveBiomeExtraInsectsPacks",[],""
9733,"DelveBiomeCanContainSpecialDelveChest",[],""
9734,"SupportGemsSocketedInOffHandAlsoSupportMainHandSkills",[7],""
9735,"SupportGemsSocketedInAmuletAlsoSupportBodySkills",[7],""
9736,"ColdAilmentDuration",[2],""
9737,"MinionCriticalStrikeMultiplier",[2],""
9738,"AuraEffectOnEnemies",[1],""
9739,"LifeReservationEfficiency",[3],""
9740,"DelveRarerEncounters",[],""
9741,"DelveBossBoost1",[],""
9742,"DelveBossBoost2",[],""
9743,"DelveBossBoost3",[],""
9744,"DelveIncreasedAzuriteGain",[],""
9745,"DelveLessSulphiteCost",[],""
9746,"DelveExtraRewardChestChance",[],""
9747,"DelveMoreFossilChests",[],""
9748,"DelveMoreResonatorChests",[],""
9749,"DelveMoreCurrencyChests",[],""
9750,"DelveMoreAzuriteChests",[],""
9751,"DelveOnlyFossilChests",[],""
9752,"DelveOnlyResonatorChests",[],""
9753,"DelveOnlyCurrencyChests",[],""
9754,"DelveOnlyAzuriteChests",[],""
9755,"DelveMonsterFossilDropChance",[],""
9756,"DelveMonsterProjectilesPierce",[],""
9757,"DelveCitySpecialChests",[],""
9758,"DelveExtraInsectPacks",[],""
9759,"ChronomanceReservesNoMana",[],""
9760,"BaseBlockDamageTaken",[],""
9761,"FlaskPoisonImmunityDuringEffect",[0],1
9762,"FlaskShockImmunityDuringEffect",[0],1
9763,"FlaskFreezeAndChillImmunityDuringEffect",[0],1
9764,"FlaskBleedingAndCorruptedBloodImmunityDuringEffect",[0],1
9765,"FlaskIgniteImmunityDuringEffect",[0],1
9766,"FlaskLifeLeechIsInstantDuringEffect",[1],""
9767,"BaseAilmentThreshold",[],""
9768,"FlaskDurationFinalUniqueJewel",[],""
9769,"FlaskMoreDuration",[2],""
9770,"FlaskChargesFromKillUniqueJewel",[],""
9771,"FlaskChargeOnHitNonUnique",[],""
9772,"FlaskChargePerSecondInactive",[],""
9773,"SpiritAndPhantasmRefreshOnUnique",[2],""
9774,"FlaskReflectReductionDuringFlaskEffect",[1],""
9775,"HellscapeDownsideMapLoseLifePerSecondWhileInHellscape",[],""
9776,"HellscapeDownsideMapLoseEnergyShieldPerSecondWhileInHellscape_",[],""
9777,"HellscapeDownsideMapArmourWhileInHellscape",[],""
9778,"HellscapeDownsideMapEvasionWhileInHellscape",[],""
9779,"HellscapeDownsideMapBlockChanceWhileInHellscape",[],""
9780,"HellscapeDownsideMapSpellSuppressionWhileInHellscape",[],""
9781,"HellscapeDownsideMapMovementSpeedWhileInHellscape",[],""
9782,"HellscapeDownsideMapHellscapeMonsterLife",[],""
9783,"HellscapeDownsideMapHellscapeMonsterDamage_",[],""
9784,"HellscapeDownsideMapHellscapeMonstersTakeLessDamage_",[],""
9785,"HellscapeDownsideMapHellscapeMonstersRegenerateLife_",[],""
9786,"HellscapeDownsideMapTakePhysicalDamageWhenShifting",[],""
9787,"HellscapeDownsideMapTakeFireDamageWhenShifting",[],""
9788,"HellscapeDownsideMapTakeLightningDamageWhenShifting",[],""
9789,"HellscapeUpsideMapHellscapeMonstersExperience",[],""
9790,"HellscapeUpsideMapHellscapeMonstersPackSize",[],""
9791,"HellscapeUpsideMapHellscapeItemQuantity",[],""
9792,"HellscapeUpsideMapHellscapeItemRarity",[],""
9793,"HellscapeUpsideMapHellscapeAdditionalBoss",[],""
9794,"HellscapeUpsideMapHellscapeTaintedCurrencyDrops",[],""
9795,"HellscapeUpsideMapHellscapeScourgedItemDrops",[],""
9796,"HellscapeUpsideMapHellscapeRareMonstersMapDropChance",[],""
9797,"HellscapeUpsideMapHellscapeRareMonstersInfluenceItemDropChance",[],""
9798,"HellscapeUpsideMapHellscapeRareMonstersBasicCurrencyItemDropChance",[],""
9799,"HellscapeUpsideMapHellscapeRareMonstersDropItemsOneLevelHigher",[],""
9800,"HellscapeUpsideMapHellscapeRareMonstersAbyssJewel",[],""
9801,"HellscapeUpsideMapHellscapeRareMonstersBlightOil",[],""
9802,"HellscapeUpsideMapHellscapeRareMonstersBreachSplinters",[],""
9803,"HellscapeUpsideMapHellscapeRareMonstersDeliriumSplinters",[],""
9804,"HellscapeUpsideMapHellscapeRareMonstersDelveFossils",[],""
9805,"HellscapeUpsideMapHellscapeRareMonstersEnchantedItem",[],""
9806,"HellscapeUpsideMapHellscapeRareMonstersEssence",[],""
9807,"HellscapeUpsideMapHellscapeRareMonstersExpeditionCurrency",[],""
9808,"HellscapeUpsideMapHellscapeRareMonstersFracturedItem",[],""
9809,"HellscapeUpsideMapHellscapeRareMonstersGems",[],""
9810,"HellscapeUpsideMapHellscapeRareMonstersIncubators",[],""
9811,"HellscapeUpsideMapHellscapeRareMonstersLegionSplinters",[],""
9812,"HellscapeUpsideMapHellscapeRareMonstersMetamorphCatalysts",[],""
9813,"HellscapeUpsideMapHellscapeRareMonstersScarabs",[],""
9814,"HellscapeUpsideMapHellscapeRareMonstersStackedDecks",[],""
9815,"HellscapeUpsideMapHellscapeRareMonstersUniqueItem",[],""
9816,"HellscapeGimmickShiftOnDefeatingRareUniqueEnemy",[],""
9817,"HellscapeGimmickShiftOnReachingFullResourceKillsDrainResource",[],""
9818,"HellscapeGimmickShiftRandomly",[],""
9819,"HellscapeGimmickLoseStackOverTimeDoubleStackGain",[],""
9820,"HellscapeGimmickTakePhysicalDamagePerSecondWhileYouCanShiftIntoNightmare",[],""
9821,"StormBladeExplicitLocalIncreasedCriticalStrikeChance",[],""
9822,"StormBladeExplicitShockChance",[],""
9823,"StormBladeExplicitAttackLightningConvertToChaos",[],""
9824,"StormBladeEnchantmentLocalIncreasedAttackSpeed",[],""
9825,"StormBladeEnchantmentLocalLightningPenetration",[],""
9826,"ElementalResistanceHighestMaxResistance",[8],""
9827,"EnergyShieldRechargeOnKill",[7],""
9828,"LessRechargeRateSoullessElegance",[5],""
9829,"GlobalSkillGemLevel",[7],""
9830,"GlobalSkillGemQuality",[7],""
9831,"GlobalGemExperienceGain",[7],""
9832,"ElementalSkillsTripleDamage",[8],""
9833,"SocketedGemsMoreDamageForSpellsCast",[7],""
9834,"SocketedGemsAddedCooldown",[7],""
9835,"SocketedGemsLessDuration",[5],""
9836,"AttributeModifiersAscendance",[8],""
9837,"ElementalResistPerAscendance",[7],""
9838,"ElementalPenPerAscendance",[7],""
9839,"AttributeRequirementsAscendance",[7],""
9840,"LeftRingCoveredInAsh",[7],""
9841,"RightRingCoveredInFrost",[7],""
9842,"LifeLossReservesLife",[8],""
9843,"AttackCorrosionOnHitChance",[7],""
9844,"SpellCorrosionOnHitChance",[7],""
9845,"EnduranceChargeNoArmour",[7],""
9846,"FrenzyChargeNoEvasionRating",[7],""
9847,"BowAttacksFrenzyChargesArrows",[7],""
9848,"CriticalStrikeMultiplierFrenzyCharges",[5],""
9849,"FrenzyChargePerEnemyCrit",[5],""
9850,"MoreMaximumReservedLife",[7],""
9851,"LoseManaOnSkill",[4],""
9852,"DamageWithBowSkills",[1],""
9853,"PuzzlePieceCleansingFire",[7],""
9854,"PuzzlePieceGreatTangle",[7],""
9855,"RageOnHitImplicit",[],""
9856,"RageOnAttackHit",[],""
9857,"RageOnMeleeHit",[],""
9858,"RageEffect",[],""
9859,"ExtinguishOnHitChance",[],""
9860,"FireExposureEffectOnHit",[],""
9861,"ColdExposureEffectOnHit",[],""
9862,"LightningExposureEffectOnHit",[],""
9863,"WitherExpireSpeed",[],""
9864,"DaytimeFishSize",[],""
9865,"CanCatchScourgedFish",[],""
9866,"StrengthAppliesToFishingReelSpeed",[],""
9867,"FishRotWhenCaught",[],""
9868,"FishingReelStability",[],""
9869,"CannotFishFromWater",[],""
9870,"ProjectileTerrainChainChance",[],""
9871,"ArchnemesisLeague",[],""
9872,"MapMapBossesEverywhere",[],""
9873,"MapGaunletUniqueMonsterLife",[],""
9874,"MapDeliriumEverywhere",[],""
9875,"MapAreaContainsLegionMonoliths",[],""
9876,"MapAreaContainsHarvest",[],""
9877,"MapAreaContainsUltimatum",[],""
9878,"NearbyStationaryEnemiesGainVines",[7],""
9879,"GainVinesOnCriticalStrike",[5],""
9880,"AllDamagePoisonsGraspingVines",[5],""
9881,"ReducedCriticalDamageTakenPoison",[],""
9882,"AttackBlockPerFireDamageTaken",[5],""
9883,"ChampionsFragment",[],""
9884,"AttackCriticalStrikeChance",[],""
9885,"FreezeProliferation",[],""
9886,"FreezeProliferationAmulet",[],""
9887,"IncreasedAccuracyPerFrenzy",[],""
9888,"DamagePer100STR",[],""
9889,"DamagePer100DEX",[],""
9890,"DamagePer100INT",[],""
9891,"FireDamageTakenGainedAsLife",[],""
9892,"ColdDamageTakenGainedAsLife",[],""
9893,"LightningDamageTakenGainedAsLife",[],""
9894,"PhysicalDamageTakenGainedAsLife",[],""
9895,"ReducedAttackManaCost",[],""
9896,"ArcaneSurgeEffect",[5],""
9897,"BlindEffect",[],""
9898,"EnemyLifeRegenerationRate",[],""
9899,"FireDamageLifeLeechHundredThousand",[],""
9900,"ColdDamageLifeLeechHundredThousand",[],""
9901,"LightningDamageLifeLeechHundredThousand",[],""
9902,"PhysicalDamageLifeLeechHundredThousand",[],""
9903,"ChaosDamageLifeLeechHundredThousand",[],""
9904,"ActionSpeedImplicit",[],""
9905,"PlayerReflectedDamage",[],""
9906,"MinionReflectedDamage",[],""
9907,"EvasionRatingFromHelmetBoots",[],""
9908,"EnergyShieldFromGlovesBoots",[],""
9909,"ArmourFromHelmetGloves",[],""
9910,"SpellCriticalStrikeMultiplier",[],""
9911,"AttackCriticalStrikeMultiplier",[],""
9912,"FlaskGainPerSecond",[],""
9913,"EnduranceChargePerSecond",[],""
9914,"FrenzyChargePerSecond",[],""
9915,"PowerChargePerSecond",[],""
9916,"BodyDamageTakenPerStrength",[],""
9917,"BodyDamageTakenPerDexterity",[],""
9918,"BodyDamageTakenPerIntelligence",[],""
9919,"IncreasedAttackSpeedUniquePresence",[],""
9920,"AttackCriticalStrikeChanceUniquePresence",[],""
9921,"PhysicalDamageUniquePresence",[],""
9922,"FireDamageUniquePresence",[],""
9923,"ColdDamageUniquePresence",[],""
9924,"LightningDamageUniquePresence",[],""
9925,"ChaosDamageUniquePresence",[],""
9926,"FireDamageOverTimeMultiplierUniquePresence",[],""
9927,"ColdDamageOverTimeMultiplierUniquePresence",[],""
9928,"PhysicalDamageOverTimeMultiplierUniquePresence",[],""
9929,"ChaosDamageOverTimeMultiplierUniquePresence",[],""
9930,"HeraldBonusAshEffectUniquePresence",[],""
9931,"HeraldBonusIceEffectUniquePresence",[],""
9932,"HeraldBonusThunderEffectUniquePresence",[],""
9933,"HeraldBonusPurityEffectUniquePresence",[],""
9934,"HeraldBonusAgonyEffectUniquePresence",[],""
9935,"GlobalIgniteProlifUniquePresence",[],""
9936,"FreezeProliferationUniquePresence",[],""
9937,"ShockProliferationUniquePresence",[],""
9938,"StunThresholdReductionUniquePresence",[],""
9939,"MinionDamageUniquePresence",[],""
9940,"TrapThrowSpeedUniquePresence",[],""
9941,"MineLayingSpeedUniquePresence",[],""
9942,"ExtinguishOnHitUniquePresence",[],""
9943,"MaximumColdResistanceUniquePresence",[],""
9944,"DamagePerFrenzyChargeUniquePresence",[],""
9945,"StrikeSkillsAdditionalTargetUniquePresence",[],""
9946,"RageOnHitImplicitUniquePresence",[],""
9947,"RageOnAttackHitUniquePresence",[],""
9948,"ChanceToIntimidateOnHitUniquePresence",[],""
9949,"ChanceToUnnerveOnHitUniquePresence",[],""
9950,"IncreasedAttackSpeedPinnaclePresence",[],""
9951,"AttackCriticalStrikeChancePinnaclePresence",[],""
9952,"PhysicalDamagePinnaclePresence",[],""
9953,"FireDamagePinnaclePresence",[],""
9954,"ColdDamagePinnaclePresence",[],""
9955,"LightningDamagePinnaclePresence",[],""
9956,"ChaosDamagePinnaclePresence",[],""
9957,"FireDamageOverTimeMultiplierPinnaclePresence",[],""
9958,"ColdDamageOverTimeMultiplierPinnaclePresence",[],""
9959,"PhysicalDamageOverTimeMultiplierPinnaclePresence",[],""
9960,"ChaosDamageOverTimeMultiplierPinnaclePresence",[],""
9961,"HeraldBonusAshEffectPinnaclePresence",[],""
9962,"HeraldBonusIceEffectPinnaclePresence",[],""
9963,"HeraldBonusThunderEffectPinnaclePresence",[],""
9964,"HeraldBonusPurityEffectPinnaclePresence",[],""
9965,"HeraldBonusAgonyEffectPinnaclePresence",[],""
9966,"GlobalIgniteProlifPinnaclePresence",[],""
9967,"FreezeProliferationPinnaclePresence",[],""
9968,"ShockProliferationPinnaclePresence",[],""
9969,"StunThresholdReductionPinnaclePresence",[],""
9970,"MinionDamagePinnaclePresence",[],""
9971,"TrapThrowSpeedPinnaclePresence",[],""
9972,"MineLayingSpeedPinnaclePresence",[],""
9973,"ExtinguishOnHitPinnaclePresence",[],""
9974,"MaximumColdResistancePinnaclePresence",[],""
9975,"DamagePerFrenzyChargePinnaclePresence",[],""
9976,"StrikeSkillsAdditionalTargetPinnaclePresence",[],""
9977,"RageOnHitImplicitPinnaclePresence",[],""
9978,"RageOnAttackHitPinnaclePresence",[],""
9979,"ChanceToIntimidateOnHitPinnaclePresence",[],""
9980,"ChanceToUnnerveOnHitPinnaclePresence",[],""
9981,"ChanceToSuppressSpellsUniquePresence",[],""
9982,"EvasionRatingHelmetBootsUniquePresence",[],""
9983,"FireExposureEffectOnHitUniquePresence",[],""
9984,"ColdExposureEffectOnHitUniquePresence",[],""
9985,"LightningExposureEffectOnHitUniquePresence",[],""
9986,"ArmourPenetrationUniquePresence",[],""
9987,"ChanceToIgnoreEnemyArmourUniquePresence",[],""
9988,"WitherExpireSpeedUniquePresence",[],""
9989,"ConvertPhysicalToFireUniquePresence",[],""
9990,"ConvertPhysicalToColdUniquePresence",[],""
9991,"ConvertPhysicalToLightningUniquePresence",[],""
9992,"ConvertPhysicalToChaosUniquePresence",[],""
9993,"FireDamageLifeLeechUniquePresence",[],""
9994,"ColdDamageLifeLeechUniquePresence",[],""
9995,"LightningDamageLifeLeechUniquePresence",[],""
9996,"PhysicalDamageLifeLeechUniquePresence",[],""
9997,"ChaosDamageLifeLeechUniquePresence",[],""
9998,"DamagePer100STRUniquePresence",[],""
9999,"DamagePer100DEXUniquePresence",[],""
10000,"DamagePer100INTUniquePresence",[],""
10001,"BlindEffectUniquePresence",[],""
10002,"ExertedAttackDamageUniquePresence",[],""
10003,"GlobalMaimOnHitUniquePresence",[],""
10004,"SpellsHinderOnHitChanceUniquePresence",[],""
10005,"IncreasedAccuracyPercentUniquePresence",[],""
10006,"MarkEffectUniquePresence",[],""
10007,"FlatAccuracyPerFrenzyChargeUniquePresence",[],""
10008,"AdditionalPierceUniquePresence",[],""
10009,"PoisonOnHitUniquePresence",[],""
10010,"ChanceToBleedUniquePresence",[],""
10011,"ChanceToAggravateBleedUniquePresence",[],""
10012,"AttackImpaleChanceUniquePresence",[],""
10013,"ChanceToSuppressSpellsPinnaclePresence",[],""
10014,"EvasionRatingHelmetBootsPinnaclePresence",[],""
10015,"FireExposureEffectOnHitPinnaclePresence",[],""
10016,"ColdExposureEffectOnHitPinnaclePresence",[],""
10017,"LightningExposureEffectOnHitPinnaclePresence",[],""
10018,"ArmourPenetrationPinnaclePresence",[],""
10019,"ChanceToIgnoreEnemyArmourPinnaclePresence",[],""
10020,"WitherExpireSpeedPinnaclePresence",[],""
10021,"ConvertPhysicalToFirePinnaclePresence",[],""
10022,"ConvertPhysicalToColdPinnaclePresence",[],""
10023,"ConvertPhysicalToLightningPinnaclePresence",[],""
10024,"ConvertPhysicalToChaosPinnaclePresence",[],""
10025,"FireDamageLifeLeechPinnaclePresence",[],""
10026,"ColdDamageLifeLeechPinnaclePresence",[],""
10027,"LightningDamageLifeLeechPinnaclePresence",[],""
10028,"PhysicalDamageLifeLeechPinnaclePresence",[],""
10029,"ChaosDamageLifeLeechPinnaclePresence",[],""
10030,"DamagePer100STRPinnaclePresence",[],""
10031,"DamagePer100DEXPinnaclePresence",[],""
10032,"DamagePer100INTPinnaclePresence",[],""
10033,"BlindEffectPinnaclePresence",[],""
10034,"ExertedAttackDamagePinnaclePresence",[],""
10035,"GlobalMaimOnHitPinnaclePresence",[],""
10036,"SpellsHinderOnHitChancePinnaclePresence",[],""
10037,"IncreasedAccuracyPercentPinnaclePresence",[],""
10038,"MarkEffectPinnaclePresence",[],""
10039,"FlatAccuracyPerFrenzyChargePinnaclePresence",[],""
10040,"AdditionalPiercePinnaclePresence",[],""
10041,"PoisonOnHitPinnaclePresence",[],""
10042,"ChanceToBleedPinnaclePresence",[],""
10043,"ChanceToAggravateBleedPinnaclePresence",[],""
10044,"AttackImpaleChancePinnaclePresence",[],""
10045,"IncreasedCastSpeedUniquePresence",[],""
10046,"SpellCriticalStrikeChanceUniquePresence",[],""
10047,"SpellAddedFireDamageUniquePresence",[],""
10048,"SpellAddedColdDamageUniquePresence",[],""
10049,"SpellAddedLightningDamageUniquePresence",[],""
10050,"SpellAddedPhysicalDamageUniquePresence",[],""
10051,"SpellAddedChaosDamageUniquePresence",[],""
10052,"FireDamageTakenGainedAsLifeUniquePresence",[],""
10053,"ColdDamageTakenGainedAsLifeUniquePresence",[],""
10054,"LightningDamageTakenGainedAsLifeUniquePresence",[],""
10055,"PhysicalDamageTakenGainedAsLifeUniquePresence",[],""
10056,"CurseEffectFlammabilityUniquePresence",[],""
10057,"CurseEffectFrostbiteUniquePresence",[],""
10058,"CurseEffectConductivityUniquePresence",[],""
10059,"CurseEffectVulnerabilityUniquePresence",[],""
10060,"CurseEffectElementalWeaknessUniquePresence",[],""
10061,"CurseEffectDespairUniquePresence",[],""
10062,"CurseEffectTemporalChainsUniquePresence",[],""
10063,"CurseEffectEnfeebleUniquePresence",[],""
10064,"CurseEffectPunishmentUniquePresence",[],""
10065,"ReducedAttackManaCostUniquePresence",[],""
10066,"MaximumLightningResistanceImplicitUniquePresence",[],""
10067,"IncreasedDamagePerPowerChargeUniquePresence",[],""
10068,"MinionLifeUniquePresence",[],""
10069,"MinionRunSpeedUniquePresence",[],""
10070,"AreaOfEffectUniquePresence",[],""
10071,"IncreasedCastSpeedPinnaclePresence",[],""
10072,"SpellCriticalStrikeChancePinnaclePresence",[],""
10073,"SpellAddedFireDamagePinnaclePresence",[],""
10074,"SpellAddedColdDamagePinnaclePresence",[],""
10075,"SpellAddedLightningDamagePinnaclePresence",[],""
10076,"SpellAddedPhysicalDamagePinnaclePresence",[],""
10077,"SpellAddedChaosDamagePinnaclePresence",[],""
10078,"FireDamageTakenGainedAsLifePinnaclePresence",[],""
10079,"ColdDamageTakenGainedAsLifePinnaclePresence",[],""
10080,"LightningDamageTakenGainedAsLifePinnaclePresence",[],""
10081,"PhysicalDamageTakenGainedAsLifePinnaclePresence",[],""
10082,"CurseEffectFlammabilityPinnaclePresence",[],""
10083,"CurseEffectFrostbitePinnaclePresence",[],""
10084,"CurseEffectConductivityPinnaclePresence",[],""
10085,"CurseEffectVulnerabilityPinnaclePresence",[],""
10086,"CurseEffectElementalWeaknessPinnaclePresence",[],""
10087,"CurseEffectDespairPinnaclePresence",[],""
10088,"CurseEffectTemporalChainsPinnaclePresence",[],""
10089,"CurseEffectEnfeeblePinnaclePresence",[],""
10090,"CurseEffectPunishmentPinnaclePresence",[],""
10091,"ReducedAttackManaCostPinnaclePresence",[],""
10092,"MaximumLightningResistanceImplicitPinnaclePresence",[],""
10093,"IncreasedDamagePerPowerChargePinnaclePresence",[],""
10094,"MinionLifePinnaclePresence",[],""
10095,"MinionRunSpeedPinnaclePresence",[],""
10096,"AreaOfEffectPinnaclePresence",[],""
10097,"EnergyShieldRegenerationUniquePresence",[],""
10098,"EnergyShieldFromGlovesBootsUniquePresence",[],""
10099,"FireResistancePenetrationUniquePresence",[],""
10100,"ColdResistancePenetrationUniquePresence",[],""
10101,"LightningResistancePenetrationUniquePresence",[],""
10102,"IncreasedAilmentDurationUniquePresence",[],""
10103,"IncreasedAilmentEffectOnEnemiesUniquePresence",[],""
10104,"PhysicalDamageTakenAsFireUberUniquePresence",[],""
10105,"PhysicalDamageTakenAsColdUberUniquePresence",[],""
10106,"PhysicalDamageTakenAsLightningUberUniquePresence",[],""
10107,"PhysicalDamageTakenAsChaosUberUniquePresence",[],""
10108,"PhysicalDamageTakenAsFireBodyUberUniquePresence",[],""
10109,"PhysicalDamageTakenAsColdBodyUberUniquePresence",[],""
10110,"PhysicalDamageTakenAsLightningBodyUberUniquePresence",[],""
10111,"PhysicalDamageTakenAsChaosBodyUberUniquePresence",[],""
10112,"ManaReservationEfficiencyUniquePresence",[],""
10113,"ChanceToIgniteUniquePresence",[],""
10114,"ChanceToFreezeUniquePresence",[],""
10115,"ChanceToShockUniquePresence",[],""
10116,"ReducedIgniteDurationOnSelfUniquePresence",[],""
10117,"ReducedFreezeDurationUniquePresence",[],""
10118,"ReducedShockEffectOnSelfUniquePresence",[],""
10119,"ManaRegenerationUniquePresence",[],""
10120,"EnemyLifeRegenerationRateUniquePresence",[],""
10121,"IncreasedManaRegenerationPerPowerChargeUniquePresence",[],""
10122,"AttackDamageUniquePresence",[],""
10123,"SpellDamageUniquePresence",[],""
10124,"ArcaneSurgeEffectUniquePresence",[],""
10125,"EnergyShieldRegenerationPinnaclePresence",[],""
10126,"EnergyShieldFromGlovesBootsPinnaclePresence",[],""
10127,"FireResistancePenetrationPinnaclePresence",[],""
10128,"ColdResistancePenetrationPinnaclePresence",[],""
10129,"LightningResistancePenetrationPinnaclePresence",[],""
10130,"IncreasedAilmentDurationPinnaclePresence",[],""
10131,"IncreasedAilmentEffectOnEnemiesPinnaclePresence",[],""
10132,"PhysicalDamageTakenAsFireUberPinnaclePresence",[],""
10133,"PhysicalDamageTakenAsColdUberPinnaclePresence",[],""
10134,"PhysicalDamageTakenAsLightningUberPinnaclePresence",[],""
10135,"PhysicalDamageTakenAsChaosUberPinnaclePresence",[],""
10136,"PhysicalDamageTakenAsFireBodyUberPinnaclePresence",[],""
10137,"PhysicalDamageTakenAsColdBodyUberPinnaclePresence",[],""
10138,"PhysicalDamageTakenAsLightningBodyUberPinnaclePresence",[],""
10139,"PhysicalDamageTakenAsChaosBodyUberPinnaclePresence",[],""
10140,"ManaReservationEfficiencyPinnaclePresence",[],""
10141,"ChanceToIgnitePinnaclePresence",[],""
10142,"ChanceToFreezePinnaclePresence",[],""
10143,"ChanceToShockPinnaclePresence",[],""
10144,"ReducedIgniteDurationOnSelfPinnaclePresence",[],""
10145,"ReducedFreezeDurationPinnaclePresence",[],""
10146,"ReducedShockEffectOnSelfPinnaclePresence",[],""
10147,"ManaRegenerationPinnaclePresence",[],""
10148,"EnemyLifeRegenerationRatePinnaclePresence",[],""
10149,"IncreasedManaRegenerationPerPowerChargePinnaclePresence",[],""
10150,"AttackDamagePinnaclePresence",[],""
10151,"SpellDamagePinnaclePresence",[],""
10152,"ArcaneSurgeEffectPinnaclePresence",[],""
10153,"MovementVelocityUniquePresence",[],""
10154,"ActionSpeedImplicitUniquePresence",[],""
10155,"ScorchedGroundWhileMovingUniquePresence",[],""
10156,"BrittleGroundWhileMovingUniquePresence",[],""
10157,"SappedGroundWhileMovingUniquePresence",[],""
10158,"FireResistanceUniquePresence",[],""
10159,"ColdResistanceUniquePresence",[],""
10160,"LightningResistanceUniquePresence",[],""
10161,"ChaosResistanceUniquePresence",[],""
10162,"DamagePerEnduranceChargeUniquePresence",[],""
10163,"MaximumFireResistanceImplicitUniquePresence",[],""
10164,"SummonTotemCastSpeedUniquePresence",[],""
10165,"BrandAttachmentRangeUniquePresence",[],""
10166,"FireGolemBuffEffectUniquePresence",[],""
10167,"IceGolemBuffEffectUniquePresence",[],""
10168,"LightningGolemBuffEffectUniquePresence",[],""
10169,"RockGolemBuffEffectUniquePresence",[],""
10170,"ChaosGolemBuffEffectUniquePresence",[],""
10171,"CarrionGolemBuffEffectUniquePresence",[],""
10172,"FleshOfferingEffectUniquePresence",[],""
10173,"BoneOfferingEffectUniquePresence",[],""
10174,"SpiritOfferingEffectUniquePresence",[],""
10175,"AvoidIgniteUniquePresence",[],""
10176,"AvoidFreezeUniquePresence",[],""
10177,"AvoidShockUniquePresence",[],""
10178,"AvoidStunUniquePresence",[],""
10179,"OnslaughtEffectUniquePresence",[],""
10180,"MovementVelocityPinnaclePresence",[],""
10181,"ActionSpeedImplicitPinnaclePresence",[],""
10182,"ScorchedGroundWhileMovingPinnaclePresence",[],""
10183,"BrittleGroundWhileMovingPinnaclePresence",[],""
10184,"SappedGroundWhileMovingPinnaclePresence",[],""
10185,"FireResistancePinnaclePresence",[],""
10186,"ColdResistancePinnaclePresence",[],""
10187,"LightningResistancePinnaclePresence",[],""
10188,"ChaosResistancePinnaclePresence",[],""
10189,"DamagePerEnduranceChargePinnaclePresence",[],""
10190,"MaximumFireResistanceImplicitPinnaclePresence",[],""
10191,"SummonTotemCastSpeedPinnaclePresence",[],""
10192,"BrandAttachmentRangePinnaclePresence",[],""
10193,"FireGolemBuffEffectPinnaclePresence",[],""
10194,"IceGolemBuffEffectPinnaclePresence",[],""
10195,"LightningGolemBuffEffectPinnaclePresence",[],""
10196,"RockGolemBuffEffectPinnaclePresence",[],""
10197,"ChaosGolemBuffEffectPinnaclePresence",[],""
10198,"CarrionGolemBuffEffectPinnaclePresence",[],""
10199,"FleshOfferingEffectPinnaclePresence",[],""
10200,"BoneOfferingEffectPinnaclePresence",[],""
10201,"SpiritOfferingEffectPinnaclePresence",[],""
10202,"AvoidIgnitePinnaclePresence",[],""
10203,"AvoidFreezePinnaclePresence",[],""
10204,"AvoidShockPinnaclePresence",[],""
10205,"AvoidStunPinnaclePresence",[],""
10206,"OnslaughtEffectPinnaclePresence",[],""
10207,"LifeRegenerationRateUniquePresence",[],""
10208,"ArmourFromHelmetGlovesUniquePresence",[],""
10209,"FasterIgniteDamageUniquePresence",[],""
10210,"FasterPoisonDamageUniquePresence",[],""
10211,"FasterBleedDamageUniquePresence",[],""
10212,"PhysicalAddedAsFireUniquePresence",[],""
10213,"PhysicalAddedAsColdUniquePresence",[],""
10214,"PhysicalAddedAsLightningUniquePresence",[],""
10215,"PhysicalDamageAddedAsChaosUniquePresence",[],""
10216,"LifeRegenerationPercentPerEnduranceChargeUniquePresence",[],""
10217,"IncreasedStunThresholdUniquePresence",[],""
10218,"TravelSkillCooldownRecoveryUniquePresence",[],""
10219,"WarcrySpeedUniquePresence",[],""
10220,"EnduringCryCooldownRecoveryUniquePresence",[],""
10221,"IntimidatingCryCooldownRecoveryUniquePresence",[],""
10222,"SeismicCryExertedDamageUniquePresence",[],""
10223,"AncestralCryExertedDamageUniquePresence",[],""
10224,"RallyingCryWarcryEffectUniquePresence",[],""
10225,"BattlemagesCryWarcryEffectUniquePresence",[],""
10226,"InfernalCryWarcryAreaOfEffectUniquePresence",[],""
10227,"GeneralsCryCooldownRecoveryUniquePresence",[],""
10228,"AvoidElementalStatusAilmentsUniquePresence",[],""
10229,"ChanceToAvoidBleedingUniquePresence",[],""
10230,"ChanceToAvoidPoisonUniquePresence",[],""
10231,"GlobalCooldownRecoveryUniquePresence",[],""
10232,"ElusiveEffectUniquePresence",[],""
10233,"LifeRegenerationRatePinnaclePresence",[],""
10234,"ArmourFromHelmetGlovesPinnaclePresence",[],""
10235,"FasterIgniteDamagePinnaclePresence",[],""
10236,"FasterPoisonDamagePinnaclePresence",[],""
10237,"FasterBleedDamagePinnaclePresence",[],""
10238,"PhysicalAddedAsFirePinnaclePresence",[],""
10239,"PhysicalAddedAsColdPinnaclePresence",[],""
10240,"PhysicalAddedAsLightningPinnaclePresence",[],""
10241,"PhysicalDamageAddedAsChaosPinnaclePresence",[],""
10242,"LifeRegenerationPercentPerEnduranceChargePinnaclePresence",[],""
10243,"IncreasedStunThresholdPinnaclePresence",[],""
10244,"TravelSkillCooldownRecoveryPinnaclePresence",[],""
10245,"WarcrySpeedPinnaclePresence",[],""
10246,"EnduringCryCooldownRecoveryPinnaclePresence",[],""
10247,"IntimidatingCryCooldownRecoveryPinnaclePresence",[],""
10248,"SeismicCryExertedDamagePinnaclePresence",[],""
10249,"AncestralCryExertedDamagePinnaclePresence",[],""
10250,"RallyingCryWarcryEffectPinnaclePresence",[],""
10251,"BattlemagesCryWarcryEffectPinnaclePresence",[],""
10252,"InfernalCryWarcryAreaOfEffectPinnaclePresence",[],""
10253,"GeneralsCryCooldownRecoveryPinnaclePresence",[],""
10254,"AvoidElementalStatusAilmentsPinnaclePresence",[],""
10255,"ChanceToAvoidBleedingPinnaclePresence",[],""
10256,"ChanceToAvoidPoisonPinnaclePresence",[],""
10257,"GlobalCooldownRecoveryPinnaclePresence",[],""
10258,"ElusiveEffectPinnaclePresence",[],""
10259,"SpellCriticalStrikeMultiplierUniquePresence",[],""
10260,"AttackCriticalStrikeMultiplierUniquePresence",[],""
10261,"FireDamagePercentageUniquePresence",[],""
10262,"ColdDamagePercentageUniquePresence",[],""
10263,"LightningDamagePercentageUniquePresence",[],""
10264,"IncreasedChaosDamageUniquePresence",[],""
10265,"PhysicalDamagePercentUniquePresence",[],""
10266,"ArcticArmourBuffEffectUniquePresence",[],""
10267,"FleshAndStoneAreaOfEffectUniquePresence",[],""
10268,"TempestShieldBuffEffectUniquePresence",[],""
10269,"DamageRemovedFromManaBeforeLifeUniquePresence",[],""
10270,"GolemBuffEffectUniqueUniquePresence",[],""
10271,"AuraEffectUniquePresence",[],""
10272,"CurseEffectivenessUniquePresence",[],""
10273,"OfferingEffectUniquePresence",[],""
10274,"WarcryEffectUniquePresence",[],""
10275,"FlaskEffectUniquePresence",[],""
10276,"DamageTakenGainedAsLifeUniquePresence",[],""
10277,"FlaskGainPerSecondUniquePresence",[],""
10278,"MaximumResistancesUniquePresence",[],""
10279,"MaximumFireResistanceEldritchUniquePresence",[],""
10280,"MaximumColdResistanceEldritchUniquePresence",[],""
10281,"MaximumLightningResistanceEldritchUniquePresence",[],""
10282,"MaximumChaosResistanceImplicitUniquePresence",[],""
10283,"EnduranceChargePerSecondUniquePresence",[],""
10284,"FrenzyChargePerSecondUniquePresence",[],""
10285,"PowerChargePerSecondUniquePresence",[],""
10286,"SpellCriticalStrikeMultiplierPinnaclePresence",[],""
10287,"AttackCriticalStrikeMultiplierPinnaclePresence",[],""
10288,"FireDamagePercentagePinnaclePresence",[],""
10289,"ColdDamagePercentagePinnaclePresence",[],""
10290,"LightningDamagePercentagePinnaclePresence",[],""
10291,"IncreasedChaosDamagePinnaclePresence",[],""
10292,"PhysicalDamagePercentPinnaclePresence",[],""
10293,"ArcticArmourBuffEffectPinnaclePresence",[],""
10294,"FleshAndStoneAreaOfEffectPinnaclePresence",[],""
10295,"TempestShieldBuffEffectPinnaclePresence",[],""
10296,"DamageRemovedFromManaBeforeLifePinnaclePresence",[],""
10297,"GolemBuffEffectUniquePinnaclePresence",[],""
10298,"AuraEffectPinnaclePresence",[],""
10299,"CurseEffectivenessPinnaclePresence",[],""
10300,"OfferingEffectPinnaclePresence",[],""
10301,"WarcryEffectPinnaclePresence",[],""
10302,"FlaskEffectPinnaclePresence",[],""
10303,"DamageTakenGainedAsLifePinnaclePresence",[],""
10304,"FlaskGainPerSecondPinnaclePresence",[],""
10305,"MaximumResistancesPinnaclePresence",[],""
10306,"MaximumFireResistanceEldritchPinnaclePresence",[],""
10307,"MaximumColdResistanceEldritchPinnaclePresence",[],""
10308,"MaximumLightningResistanceEldritchPinnaclePresence",[],""
10309,"MaximumChaosResistanceImplicitPinnaclePresence",[],""
10310,"EnduranceChargePerSecondPinnaclePresence",[],""
10311,"FrenzyChargePerSecondPinnaclePresence",[],""
10312,"PowerChargePerSecondPinnaclePresence",[],""
10313,"BlockPercentUniquePresence",[],""
10314,"SpellBlockPercentageUniquePresence",[],""
10315,"GlobalPhysicalDamageReductionRatingPercentUniquePresence",[],""
10316,"GlobalEvasionRatingPercentUniquePresence",[],""
10317,"GlobalEnergyShieldPercentUniquePresence",[],""
10318,"PlayerReflectedDamageUniquePresence",[],""
10319,"MinionReflectedDamageUniquePresence",[],""
10320,"AngerAuraEffectUniquePresence",[],""
10321,"HatredAuraEffectUniquePresence",[],""
10322,"WrathAuraEffectUniquePresence",[],""
10323,"MalevolenceAuraEffectUniquePresence",[],""
10324,"ZealotryAuraEffectUniquePresence",[],""
10325,"PrideAuraEffectUniquePresence",[],""
10326,"DeterminationAuraEffectUniquePresence",[],""
10327,"GraceAuraEffectUniquePresence",[],""
10328,"DisciplineAuraEffectUniquePresence",[],""
10329,"HasteAuraEffectUniquePresence",[],""
10330,"PurityOfElementsEffectUniquePresence",[],""
10331,"PurityOfFireEffectUniquePresence",[],""
10332,"PurityOfIceEffectUniquePresence",[],""
10333,"PurityOfLightningEffectUniquePresence",[],""
10334,"FortifyOnMeleeHitUniquePresence",[],""
10335,"AllResistancesUniquePresence",[],""
10336,"LifeRecoveryRateUniquePresence",[],""
10337,"ManaRecoveryRateUniquePresence",[],""
10338,"EnergyShieldRecoveryRateUniquePresence",[],""
10339,"BodyDamageTakenPerStrengthUniquePresence",[],""
10340,"BodyDamageTakenPerDexterityUniquePresence",[],""
10341,"BodyDamageTakenPerIntelligenceUniquePresence",[],""
10342,"SkillEffectDurationUniquePresence",[],""
10343,"BlockPercentPinnaclePresence",[],""
10344,"SpellBlockPercentagePinnaclePresence",[],""
10345,"GlobalPhysicalDamageReductionRatingPercentPinnaclePresence",[],""
10346,"GlobalEvasionRatingPercentPinnaclePresence",[],""
10347,"GlobalEnergyShieldPercentPinnaclePresence",[],""
10348,"PlayerReflectedDamagePinnaclePresence",[],""
10349,"MinionReflectedDamagePinnaclePresence",[],""
10350,"AngerAuraEffectPinnaclePresence",[],""
10351,"HatredAuraEffectPinnaclePresence",[],""
10352,"WrathAuraEffectPinnaclePresence",[],""
10353,"MalevolenceAuraEffectPinnaclePresence",[],""
10354,"ZealotryAuraEffectPinnaclePresence",[],""
10355,"PrideAuraEffectPinnaclePresence",[],""
10356,"DeterminationAuraEffectPinnaclePresence",[],""
10357,"GraceAuraEffectPinnaclePresence",[],""
10358,"DisciplineAuraEffectPinnaclePresence",[],""
10359,"HasteAuraEffectPinnaclePresence",[],""
10360,"PurityOfElementsEffectPinnaclePresence",[],""
10361,"PurityOfFireEffectPinnaclePresence",[],""
10362,"PurityOfIceEffectPinnaclePresence",[],""
10363,"PurityOfLightningEffectPinnaclePresence",[],""
10364,"FortifyOnMeleeHitPinnaclePresence",[],""
10365,"AllResistancesPinnaclePresence",[],""
10366,"LifeRecoveryRatePinnaclePresence",[],""
10367,"ManaRecoveryRatePinnaclePresence",[],""
10368,"EnergyShieldRecoveryRatePinnaclePresence",[],""
10369,"BodyDamageTakenPerStrengthPinnaclePresence",[],""
10370,"BodyDamageTakenPerDexterityPinnaclePresence",[],""
10371,"BodyDamageTakenPerIntelligencePinnaclePresence",[],""
10372,"SkillEffectDurationPinnaclePresence",[],""
10373,"TangledAltarDownsideBossColdAndLightningResist",[],""
10374,"TangledAltarDownsideBossPhysicalDamageReduction",[],""
10375,"TangledAltarDownsideBossAllDamageCanChill",[],""
10376,"TangledAltarDownsideBossAllDamageCanShock",[],""
10377,"TangledAltarDownsideBossSuppressSpells",[],""
10378,"TangledAltarDownsideBossPenetrateElementalResistances",[],""
10379,"TangledAltarDownsideBossCoveredInFrostOnHit",[],""
10380,"TangledAltarDownsideBossBlindOnHit",[],""
10381,"TangledAltarDownsideBossMaxLifeAsEnergyShield",[],""
10382,"TangledAltarDownsideBossPhysToAddAsCold",[],""
10383,"TangledAltarDownsideBossPhysToAddAsLightning",[],""
10384,"TangledAltarDownsideBossTangleTentacles",[],""
10385,"TangledAltarDownsideMonsterOverwhelm",[],""
10386,"TangledAltarDownsideMonsterChanceToIgnoreArmour",[],""
10387,"TangledAltarDownsideMonsterExtraProjectiles",[],""
10388,"TangledAltarDownsideMonsterSpeed",[],""
10389,"TangledAltarDownsideMonsterColdAndLightningResist",[],""
10390,"TangledAltarDownsideMonsterPhysicalDamageReduction",[],""
10391,"TangledAltarDownsideMonsterSupressSpells",[],""
10392,"TangledAltarDownsideMonsterRemoveChargeOnHit",[],""
10393,"TangledAltarDownsideMonsterChilledGroundOnDeath",[],""
10394,"TangledAltarDownsideMonsterShockedGroundOnDeath",[],""
10395,"TangledAltarDownsideMonsterGraspingVineStackOnHit",[],""
10396,"TangledAltarDownsideMonsterCurseWithPunishmentOnHit",[],""
10397,"TangledAltarDownsideMonsterLightningDamage",[],""
10398,"TangledAltarDownsideMonsterColdDamage",[],""
10399,"TangledAltarDownsidePlayerReducedColdAndLightningResist",[],""
10400,"TangledAltarDownsidePlayerReducedPhysicalDamageReduction",[],""
10401,"TangledAltarDownsidePlayerTaintedFrenzy",[],""
10402,"TangledAltarDownsidePlayerTaintedEndurance",[],""
10403,"TangledAltarDownsidePlayerTaintedPower",[],""
10404,"TangledAltarDownsidePlayerChilledGroundWhenHit",[],""
10405,"TangledAltarDownsidePlayerShockedGroundWhenHit",[],""
10406,"TangledAltarDownsidePlayerSapped",[],""
10407,"TangledAltarDownsidePlayerColdMonsterAura",[],""
10408,"TangledAltarDownsidePlayerLightningMonsterAura",[],""
10409,"TangledAltarDownsidePlayerRandomProjectileDirection",[],""
10410,"TangledAltarDownsidePlayerHinderWhenHitBySpell",[],""
10411,"TangledAltarDownsidePlayerNonDamagingAilmentsReflectedToSelf",[],""
10412,"TangledAltarDownsidePlayerGraspingVines",[],""
10413,"CleansingAltarDownsideBossConsecrateOnHit",[],""
10414,"CleansingAltarDownsideBossFireAndChaosResist",[],""
10415,"CleansingAltarDownsideBossArmour",[],""
10416,"CleansingAltarDownsideBossCoveredInAshOnHit",[],""
10417,"CleansingAltarDownsideBossAllDamageCanIgnite",[],""
10418,"CleansingAltarDownsideBossAllDamageCanPoison",[],""
10419,"CleansingAltarDownsideBossRemoveFlaskChargeOnHit",[],""
10420,"CleansingAltarDownsideBossPenetrateElementalResist",[],""
10421,"CleansingAltarDownsideBossMaledictionOnHit",[],""
10422,"CleansingAltarDownsideBossPhysToAddAsFire",[],""
10423,"CleansingAltarDownsideBossPhysToAddAsChaos",[],""
10424,"CleansingAltarDownsideBossIncreasedArmourAndEvasion",[],""
10425,"CleansingAltarDownsideBossFirewallDaemon",[],""
10426,"CleansingAltarDownsideBossHinderAura",[],""
10427,"CleansingAltarDownsideBossRighteousFireAura",[],""
10428,"CleansingAltarDownsideMonsterBurningGroundOnDeath_t1",[],""
10429,"CleansingAltarDownsideMonsterConsecratedGroundOnDeath",[],""
10430,"CleansingAltarDownsideMonsterExposureOnHit",[],""
10431,"CleansingAltarDownsideMonsterFlaskDegenOnHit",[],""
10432,"CleansingAltarDownsideMonsterFireAndChaosResist",[],""
10433,"CleansingAltarDownsideMonsterArmour",[],""
10434,"CleansingAltarDownsideMonsterIncreasedArea",[],""
10435,"CleansingAltarDownsideMonsterIncreasedEvasion",[],""
10436,"CleansingAltarDownsideMonsterAllDamageIgnites",[],""
10437,"CleansingAltarDownsideMonsterAllDamagePoisons",[],""
10438,"CleansingAltarDownsideMonsterCurseOnHitVulnerability",[],""
10439,"CleansingAltarDownsideMonsterChaosDamage",[],""
10440,"CleansingAltarDownsideMonsterFireDamage",[],""
10441,"CleansingAltarDownsideMonsterSearingMonsters",[],""
10442,"CleansingAltarDownsidePlayerReducedFireAndChaosResist",[],""
10443,"CleansingAltarDownsidePlayerReducedArmourAndEvasion",[],""
10444,"CleansingAltarDownsidePlayerIncreasedFlaskChargesUsed",[],""
10445,"CleansingAltarDownsidePlayerChaosDegenDuringFlaskDuration",[],""
10446,"CleansingAltarDownsidePlayerHinderWhenHitBySpell",[],""
10447,"CleansingAltarDownsidePlayerScorched",[],""
10448,"CleansingAltarDownsidePlayerCurseReflect",[],""
10449,"CleansingAltarDownsidePlayerBurningGroundWhenHit",[],""
10450,"CleansingAltarDownsidePlayerMeteorOnFlaskUse",[],""
10451,"CleansingAltarDownsidePlayerFireMonsterAura",[],""
10452,"CleansingAltarDownsidePlayerChaosMonsterAura",[],""
10453,"TangleAltarUpsideBossDivineOrb",[],""
10454,"TangleAltarUpsideBossExaltedOrb",[],""
10455,"TangleAltarUpsideBossRegalOrb",[],""
10456,"TangleAltarUpsideBossLesserEldritchIchor",[],""
10457,"TangleAltarUpsideBossGreaterEldritchIchor",[],""
10458,"TangleAltarUpsideBossGrandEldritchIchor",[],""
10459,"TangleAltarUpsideBossEldritchChaosOrb",[],""
10460,"TangleAltarUpsideBossEldritchExaltedOrb",[],""
10461,"TangleAltarUpsideBossEldritchOrbOfAnnulment",[],""
10462,"TangleAltarUpsideBossChaosOrb",[],""
10463,"TangleAltarUpsideBossVeiledChaos",[],""
10464,"TangleAltarUpsideBossOrbOfAlteration",[],""
10465,"TangleAltarUpsideBossBlessedOrb",[],""
10466,"TangleAltarUpsideBossOrbOfScouring",[],""
10467,"TangleAltarUpsideBossChromaticOrb",[],""
10468,"TangleAltarUpsideBossFusingOrb",[],""
10469,"TangleAltarUpsideBossJewellersOrb",[],""
10470,"TangleAltarUpsideMonsterDivineOrb",[],""
10471,"TangleAltarUpsideMonsterExaltedOrb",[],""
10472,"TangleAltarUpsideMonsterRegalOrb",[],""
10473,"TangleAltarUpsideMonsterLesserEldritchIchor",[],""
10474,"TangleAltarUpsideMonsterGreaterEldritchIchor",[],""
10475,"TangleAltarUpsideMonsterGrandEldritchIchor",[],""
10476,"TangleAltarUpsideMonsterEldritchChaosOrb",[],""
10477,"TangleAltarUpsideMonsterEldritchExaltedOrb",[],""
10478,"TangleAltarUpsideMonsterEldritchOrbOfAnnulment",[],""
10479,"TangleAltarUpsideMonsterChaosOrb",[],""
10480,"TangleAltarUpsideMonsterVeiledChaos",[],""
10481,"TangleAltarUpsideMonsterOrbOfAlteration",[],""
10482,"TangleAltarUpsideMonsterBlessedOrb",[],""
10483,"TangleAltarUpsideMonsterOrbOfScouring",[],""
10484,"TangleAltarUpsideMonsterChromaticOrb",[],""
10485,"TangleAltarUpsideMonsterFusingOrb",[],""
10486,"TangleAltarUpsideMonsterJewellersOrb",[],""
10487,"TangledAltarUpsideMonsterDivinationCards",[],""
10488,"TangledAltarUpsideMonsterDivinationCardsCurrency",[],""
10489,"TangledAltarUpsideMonsterDivinationCardsCurrencyBasic",[],""
10490,"TangledAltarUpsideMonsterDivinationCardsCurrencyExotic",[],""
10491,"TangledAltarUpsideMonsterDivinationCardsCurrencyLeague",[],""
10492,"TangledAltarUpsideMonsterDivinationCardsGivesOtherDivinationCards",[],""
10493,"TangledAltarUpsideMonsterDivinationCardsGems",[],""
10494,"TangledAltarUpsideMonsterDivinationCardsGemsLevelled",[],""
10495,"TangledAltarUpsideMonsterDivinationCardsGemsQuality",[],""
10496,"TangledAltarUpsideBossDivinationCards",[],""
10497,"TangledAltarUpsideBossDivinationCardsCurrency",[],""
10498,"TangledAltarUpsideBossDivinationCardsCurrencyBasic",[],""
10499,"TangledAltarUpsideBossDivinationCardsCurrencyExotic",[],""
10500,"TangledAltarUpsideBossDivinationCardsCurrencyLeague",[],""
10501,"TangledAltarUpsideBossDivinationCardsGivesOtherDivinationCards",[],""
10502,"TangledAltarUpsideBossDivinationCardsGems",[],""
10503,"TangledAltarUpsideBossDivinationCardsGemsLevelled",[],""
10504,"TangledAltarUpsideBossDivinationCardsGemsQuality",[],""
10505,"TangledAltarUpsidePlayerDuplicateDroppedCurrency",[],""
10506,"TangledAltarUpsidePlayerDuplicateDroppedGems",[],""
10507,"TangledAltarUpsidePlayerDuplicateDroppedUniques",[],""
10508,"TangledAltarUpsidePlayerDuplicateDroppedScarabs",[],""
10509,"TangledAltarUpsidePlayerDuplicateDroppedMaps",[],""
10510,"TangledAltarUpsidePlayerDuplicateDroppedDivinationCards",[],""
10511,"TangledAltarUpsidePlayerIncreasedQuantityAndQuality",[],""
10512,"TangledAltarUpsidePlayerIncreasedQuantity",[],""
10513,"TangledAltarUpsidePlayerIncreasedRarity",[],""
10514,"TangledAltarUpsidePlayerIncreasedExperience",[],""
10515,"TangledAltarUpsideMonsterScarabBreach",[],""
10516,"TangledAltarUpsideBossScarabBreach",[],""
10517,"TangledAltarUpsideMonsterScarabDelirium",[],""
10518,"TangledAltarUpsideBossScarabDelirium",[],""
10519,"TangledAltarUpsideMonsterScarabLegion",[],""
10520,"TangledAltarUpsideBossScarabLegion",[],""
10521,"TangledAltarUpsideMonsterScarabBlight",[],""
10522,"TangledAltarUpsideBossScarabBlight",[],""
10523,"TangledAltarUpsideMonsterScarabRitual",[],""
10524,"TangledAltarUpsideBossScarabRitual",[],""
10525,"TangledAltarUpsideMonsterScarabHarvest",[],""
10526,"TangledAltarUpsideBossScarabHarvest",[],""
10527,"TangledAltarUpsideMonsterScarabUltimatum",[],""
10528,"TangledAltarUpsideBossScarabUltimatum",[],""
10529,"TangledAltarUpsideMonsterScarabAbyss",[],""
10530,"TangledAltarUpsideBossScarabAbyss",[],""
10531,"TangledAltarUpsideMonsterScarabExpedition",[],""
10532,"TangledAltarUpsideBossScarabExpedition",[],""
10533,"TangledAltarUpsideMonsterScarabBetrayal",[],""
10534,"TangledAltarUpsideBossScarabBetrayal",[],""
10535,"TangledAltarUpsideMonsterScarabBeasts",[],""
10536,"TangledAltarUpsideBossScarabBeasts",[],""
10537,"TangledAltarUpsideMonsterScarabIncursion",[],""
10538,"TangledAltarUpsideBossScarabIncursion",[],""
10539,"TangledAltarUpsideMonsterScarabSulphite",[],""
10540,"TangledAtlarUpsideBossScarabSulphite",[],""
10541,"CleansingAltarUpsideBossDivineOrb",[],""
10542,"CleansingAltarUpsideBossAwakenedSextant",[],""
10543,"CleansingAltarUpsideBossOrbOfBinding",[],""
10544,"CleansingAltarUpsideBossOrbOfHorizons",[],""
10545,"CleansingAltarUpsideBossOrbOfUnmaking",[],""
10546,"CleansingAltarUpsideBossCartographersChisel",[],""
10547,"CleansingAltarUpsideBossLesserEldritchEmber",[],""
10548,"CleansingAltarUpsideBossGreaterEldritchEmber",[],""
10549,"CleansingAltarUpsideBossGrandEldritchEmber",[],""
10550,"CleansingAltarUpsideBossEldritchChaosOrb",[],""
10551,"CleansingAltarUpsideBossEldritchExaltedOrb",[],""
10552,"CleansingAltarUpsideBossEldritchOrbOfAnnulment",[],""
10553,"CleansingAltarUpsideBossOrbOfAnnulment",[],""
10554,"CleansingAltarUpsideBossVaalOrb",[],""
10555,"CleansingAltarUpsideBossEnkindlingOrb",[],""
10556,"CleansingAltarUpsideBossInstillingOrb",[],""
10557,"CleansingAltarUpsideBossOrbOfRegret",[],""
10558,"CleansingAltarUpsideBossGlassblowersBauble",[],""
10559,"CleansingAltarUpsideBossGemcuttersPrism",[],""
10560,"CleansingAltarUpsideBossChaosOrb",[],""
10561,"CleansingAltarUpsideMonsterDivineOrb",[],""
10562,"CleansingAltarUpsideMonsterAwakenedSextant",[],""
10563,"CleansingAltarUpsideMonsterOrbOfBinding",[],""
10564,"CleansingAltarUpsideMonsterOrbOfHorizons",[],""
10565,"CleansingAltarUpsideMonsterOrbOfUnmaking",[],""
10566,"CleansingAltarUpsideMonsterCartographersChisel",[],""
10567,"CleansingAltarUpsideMonsterLesserEldritchEmber",[],""
10568,"CleansingAltarUpsideMonsterGreaterEldritchEmber",[],""
10569,"CleansingAltarUpsideMonsterGrandEldritchEmber",[],""
10570,"CleansingAltarUpsideMonsterEldritchChaosOrb",[],""
10571,"CleansingAltarUpsideMonsterEldritchExaltedOrb",[],""
10572,"CleansingAltarUpsideMonsterEldritchOrbOfAnnulment",[],""
10573,"CleansingAltarUpsideMonsterOrbOfAnnulment",[],""
10574,"CleansingAltarUpsideMonsterVaalOrb",[],""
10575,"CleansingAltarUpsideMonsterEnkindlingOrb",[],""
10576,"CleansingAltarUpsideMonsterInstillingOrb",[],""
10577,"CleansingAltarUpsideMonsterOrbOfRegret",[],""
10578,"CleansingAltarUpsideMonsterGlassblowersBauble",[],""
10579,"CleansingAltarUpsideMonsterGemcuttersPrism",[],""
10580,"CleansingAltarUpsideMonsterChaosOrb",[],""
10581,"CleansingAltarUpsideMonsterDivinationCards",[],""
10582,"CleansingAltarUpsideMonsterDivinationCardsUnique",[],""
10583,"CleansingAltarUpsideMonsterDivinationCardsUniqueWeapon",[],""
10584,"CleansingAltarUpsideMonsterDivinationCardsUniqueArmour",[],""
10585,"CleansingAltarUpsideMonsterDivinationCardsUniqueJewellery",[],""
10586,"CleansingAltarUpsideMonsterDivinationCardsUniqueCorrupted",[],""
10587,"CleansingAltarUpsideMonsterDivinationCardsMap",[],""
10588,"CleansingAltarUpsideMonsterDivinationCardsMapUnique",[],""
10589,"CleansingAltarUpsideMonsterDivinationCardsCorrupted",[],""
10590,"CleansingAltarUpsideBossScarab",[],""
10591,"CleansingAltarUpsideBossDivinationCards",[],""
10592,"CleansingAltarUpsideBossDivinationCardsUnique",[],""
10593,"CleansingAltarUpsideBossDivinationCardsUniqueWeapon",[],""
10594,"CleansingAltarUpsideBossDivinationCardsUniqueArmour",[],""
10595,"CleansingAltarUpsideBossDivinationCardsUniqueJewellery",[],""
10596,"CleansingAltarUpsideBossDivinationCardsUniqueCorrupted",[],""
10597,"CleansingAltarUpsideBossDivinationCardsMap",[],""
10598,"CleansingAltarUpsideBossDivinationCardsMapUnique",[],""
10599,"CleansingAltarUpsideBossDivinationCardsCorrupted",[],""
10600,"CleansingAltarUpsidePlayerDuplicateDroppedCurrency",[],""
10601,"CleansingAltarUpsidePlayerDuplicateDroppedGems",[],""
10602,"CleansingAltarUpsidePlayerDuplicateDroppedUniques",[],""
10603,"CleansingAltarUpsidePlayerDuplicateDroppedScarabs",[],""
10604,"CleansingAltarUpsidePlayerDuplicateDroppedMaps",[],""
10605,"CleansingAltarUpsidePlayerDuplicateDroppedDivinationCards",[],""
10606,"CleansingAltarUpsidePlayerIncreasedQuantityAndQuality",[],""
10607,"CleansingAltarUpsidePlayerIncreasedQuantity",[],""
10608,"CleansingAltarUpsidePlayerIncreasedRarity",[],""
10609,"CleansingAltarUpsidePlayerIncreasedExperience",[],""
10610,"CleansingAltarUpsideMonsterScarabInfluence",[],""
10611,"CleansingAltarUpsideBossScarabInfluence",[],""
10612,"CleansingAltarUpsideMonsterScarabMaps",[],""
10613,"CleansingAltarUpsideBossScarabMaps",[],""
10614,"CleansingAltarUpsideMonsterScarabDivination",[],""
10615,"CleansingAltarUpsideBossScarabDivination",[],""
10616,"CleansingAltarUpsideMonsterScarabAnarchy",[],""
10617,"CleansingAltarUpsideBossScarabAnarchy",[],""
10618,"CleansingAltarUpsideMonsterScarabHarbinger",[],""
10619,"CleansingAltarUpsideBossScarabHarbinger",[],""
10620,"CleansingAltarUpsideMonsterScarabMisc",[],""
10621,"CleansingAltarUpsideBossScarabMisc",[],""
10622,"CleansingAltarUpsideMonsterScarabBeyond",[],""
10623,"CleansingAltarUpsideBossScarabBeyond",[],""
10624,"CleansingAltarUpsideMonsterScarabTorment",[],""
10625,"CleansingAltarUpsideBossScarabTorment",[],""
10626,"CleansingAltarUpsideMonsterScarabStrongbox",[],""
10627,"CleansingAltarUpsideBossScarabStrongbox",[],""
10628,"CleansingAltarUpsideMonsterScarabDomination",[],""
10629,"CleansingAltarUpsideBossScarabDomination",[],""
10630,"CleansingAltarUpsideMonsterScarabEssence",[],""
10631,"CleansingAltarUpsideBossScarabEssence",[],""
10632,"CleansingAltarUpsideMonsterScarabUniques",[],""
10633,"CleansingAltarUpsideBossScarabUniques",[],""
10634,"PinnacleAtlasBoss",[],""
10635,"MavenInvitation",[],""
10636,"UpgradedVaalSideArea",[],""
10637,"UpgradedLabyrinthTrial",[],""
10638,"CorruptingTempest",[],""
10639,"MonstrousTreasure",[],""
10640,"AlluringVaalSideArea",[],""
10641,"ImprovedLabyrinthTrial",[],""
10642,"BreachstoneAdditionalRewardAndModifierCrafted",[],""
10643,"DisplayLabyrinthTrial",[],""
10644,"SentinelTagBase",[],""
10645,"SentinelTagDrone3",[],""
10646,"MonsterTaggingSpecificMapBoss",[],""
10647,"SentinelTagOnlyRareOrUnique",[],""
10648,"SentinelOnlyOneUse",[],""
10649,"SentinelTagOnlyRare",[],""
10650,"ChaosDamageDoesNotBypassEnergyShieldPercent",[],""
10651,"NonChaosDamageBypassEnergyShieldPercent",[],""
10652,"KillEnemyInstantlyExarchDominant",[],""
10653,"MalignantMadnessCritEaterDominant",[],""
10654,"SocketedWarcryCooldownCount",[],""
10655,"TakePhysicalDamagePerWarcryExerting",[],""
10656,"MoreDamagePerWarcryExerting",[],""
10657,"AllDamageCanChill",[7],""
10658,"AllDamageTakenCanChill",[7],""
10659,"AllDamageTakenCanIgnite",[7],""
10660,"ChillHitsCauseShattering",[],""
10661,"EnemiesChilledIncreasedDamageTaken",[],""
10662,"EnemiesChilledLessDamageDealt",[],""
10663,"SelfMaimHinderEffect",[0],""
10664,"RelicEffect",[2],""
10665,"SentinelLeague",[],""
10666,"SentinelDroneAggroRadius",[1],""
10667,"SentinelDroneDurationIncrease",[1],""
10668,"SentinelDroneAdditionalTags",[1],""
10669,"SentinelDroneLocalCharge",[1],""
10670,"SentinelTagIncreasedDamage",[],""
10671,"JewelUniqueAllocateDisconnectedPassivesAroundKeystone",[8],""
10672,"SentinelDroneTagSpecificUnique",[5],""
10673,"SentinelDroneDestroyOnTag",[],""
10674,"SentinelDroneTagMapQuantityAppliesToRewards",[],""
10675,"SentinelDroneTagDropsCurrencyRewards",[6],""
10676,"SentinelDroneTagDropsSentinel",[6],""
10677,"SentinelDroneTagDropsDivinationCards",[6],""
10678,"SentinelDroneTagDropsScarabs",[6],""
10679,"SentinelDroneTagDropsUniques",[6],""
10680,"SentinelDroneTagDropsMaps",[6],""
10681,"SentinelDroneTagDropsFragments",[6],""
10682,"SentinelDroneGrantModsToKiller",[7],""
10683,"SentinelTagDifficulty",[],""
10684,"SentinelDronePetrifyTaggedMonsters",[7],""
10685,"SentinelDronePlayerUnholyMightOnSummon",[2],""
10686,"SentinelDroneIncreasedDifficulty",[1],""
10687,"SentinelDroneReducedDifficulty",[1],""
10688,"SentinelDroneExtraChains",[1],""
10689,"SentinelDroneChainDistance",[1],""
10690,"SentinelDroneExtraBeams",[1],""
10691,"SentinelDroneBaseDuration",[1],""
10692,"SentinelDroneTagLimitPercentage",[1],""
10693,"SentinelDronePlayerTailwindOnSummon",[2],""
10694,"SentinelAcceleratingOnUse",[2],""
10695,"SentinelResonatingOnUse",[2],""
10696,"SentinelDiamondOnUse",[2],""
10697,"SentinelGloomOnUse",[2],""
10698,"SentinelResistanceOnUse",[2],""
10699,"SentinelMassiveOnUse",[2],""
10700,"SentinelEchoingOnUse",[2],""
10701,"SentinelWarlordOnUse",[2],""
10702,"SentinelCrusaderOnUse",[2],""
10703,"SentinelRedeemerOnUse",[2],""
10704,"SentinelHunterOnUse",[2],""
10705,"SentinelVaalOnUse",[2],""
10706,"SentinelEvolutionOnUse",[2],""
10707,"SentinelImpenetrableOnUse",[2],""
10708,"SentinelAdrenalineOnUse",[2],""
10709,"SentinelEnduranceChargeOnUse",[2],""
10710,"SentinelPowerChargeOnUse",[2],""
10711,"SentinelFrenzyChargeOnUse",[2],""
10712,"SentinelDroneDebilitateMonster",[],""
10713,"SentinelDroneCurrencyRewardChance",[2],""
10714,"SentinelDroneEssenceRewardChance",[2],""
10715,"SentinelDroneUniqueRewardChance",[2],""
10716,"SentinelDroneGemsRewardChance",[2],""
10717,"SentinelDroneMapsRewardChance",[2],""
10718,"SentinelDroneTrinketsRewardChance",[2],""
10719,"SentinelDroneArmourRewardChance",[2],""
10720,"SentinelDroneWeaponRewardChance",[2],""
10721,"SentinelDroneFragmentsRewardChance",[2],""
10722,"SentinelDroneScarabsRewardChance",[2],""
10723,"SentinelDroneDivinationCardsRewardChance",[2],""
10724,"SentinelDroneAbyssRewardChance",[2],""
10725,"SentinelDroneHarbingerRewardChance",[2],""
10726,"SentinelDroneBreachRewardChance",[2],""
10727,"SentinelDroneFossilsRewardChance",[2],""
10728,"SentinelDroneLegionRewardChance",[2],""
10729,"SentinelDroneBlightRewardChance",[2],""
10730,"SentinelDroneMetamorphosisRewardChance",[2],""
10731,"SentinelDroneExpeditionRewardChance",[2],""
10732,"SentinelDroneHeistRewardChance",[2],""
10733,"SentinelDroneRitualRewardChance",[2],""
10734,"SentinelDroneDeliriumRewardChance",[2],""
10735,"SentinelDroneDuplicateRewardChance",[2],""
10736,"SentinelDroneRefreshOnUseChance",[2],""
10737,"SentinelDroneTaggedMonsterItemQuantity",[1],""
10738,"SentinelDroneTaggedMonsterItemRarity",[1],""
10739,"SentinelDroneTaggedMonsterExperience",[1],""
10740,"SentinelDroneRewardChance",[2],""
10741,"SentinelDroneRewardCount",[2],""
10742,"SentinelDroneAngerAura",[2],""
10743,"SentinelDroneDeterminationAura",[2],""
10744,"SentinelDroneFireResistAura",[2],""
10745,"SentinelDronePurityAura",[2],""
10746,"SentinelDroneHatredAura",[2],""
10747,"SentinelDroneGraceAura",[2],""
10748,"SentinelDroneColdReistAura",[2],""
10749,"SentinelDroneHasteAura",[2],""
10750,"SentinelDroneWrathAura",[2],""
10751,"SentinelDroneDisciplineAura",[2],""
10752,"SentinelDroneLightningResistAura",[2],""
10753,"SentinelDroneZealotryAura",[2],""
10754,"SentinelDroneMalevolenceAura",[2],""
10755,"SentinelDroneCannotTagEnemies",[6],""
10756,"SentinelDroneCannotAddRewards",[6],""
10757,"SentinelDroneEmpowermentPerMonsterTagged",[6],""
10758,"SentinelDroneRewardChancePerMonsterTagged",[6],""
10759,"SentinelDroneUpgradeToRareChance",[7],""
10760,"SentinelDroneSpawnWorms",[8],""
10761,"SentinelDroneCleanseFish",[8],""
10762,"SentinelDronePurifyCorruptedWater",[8],""
10763,"SentinelDroneNoDrops",[],""
10764,"SummonSkeletonsSkeletonIsMage",[],""
10765,"LakeLeague",[],""
10766,"GainSoulEaterStackOnHit",[8],""
10767,"SoulEaterMaximumStackCount",[5],""
10768,"SoulEaterStackCount",[5],""
10769,"LoseSoulEaterWhileNoUniqueInPresence",[5],""
10770,"LifeRegenerationNotApplied",[5],""
10771,"RageRegenerationPerLifeRegeneration",[7],""
10772,"GrantsTouchOfFireSkill",[7],""
10773,"GainAdrenalineFireTouchedGain",[6],""
10774,"LoseAdrenalineFireTouchedLoss",[6],""
10775,"FireDamageTakenFireTouched",[6],""
10776,"MinionPhysicalConvertToCold",[5],""
10777,"MinionOnlyDealColdDamage",[5],""
10778,"LifeRegenerationFlatOnLowLife",[5],""
10779,"TouchedByTormentedSpirits",[6],""
10780,"QuicksilverFlaskAppliesToAllies",[6],""
10781,"ColdAddedAsFireChilledEnemy",[5],""
10782,"ColdAddedAsFireFrozenEnemy",[5],""
10783,"LightningAddedAsColdShockedEnemy",[5],""
10784,"DoubleDamageWith200Strength",[5],""
10785,"TripleDamageWith400Strength",[5],""
10786,"BlockChanceVersusCursedEnemies",[5],""
10787,"ApplyDecayOnCurse",[7],""
10788,"FrenzyChargeOnHitBlinded",[5],""
10789,"RecoverLifeOnSuppress",[5],""
10790,"PhasingOnLowLife",[5],""
10791,"ElusiveOnLowLife",[7],""
10792,"KnockbackDistance",[5],""
10793,"StrikeSkillKnockback",[5],""
10794,"AdrenalineOnKill",[7],""
10795,"LifeCostAsManaCost",[7],""
10796,"EnergyShieldCostAsManaCost",[7],""
10797,"BowAttacksCullingStrike",[7],""
10798,"MovementVelocityPerNearbyCorpse",[6],""
10799,"FlatLifeRegenerationPerNearbyCorpse",[6],""
10800,"WeaponAddedLightningDamagePerEnergyShield",[7],""
10801,"SkillsExertAttacksDoNotCountChance",[7],""
10802,"CannotHaveNonSpectreMinions",[7],""
10803,"MinimumChargesEqualToMaximumWhileStationary",[7],""
10804,"TrapsCannotBeTriggeredByEnemies",[5],""
10805,"AdditionalTrapsThrown",[7],""
10806,"FreezeEnemiesWhenHitChance",[7],""
10807,"AddedChaosDamagePerCurse",[5],""
10808,"GolemsAddedPhysicalDamage",[5],""
10809,"GainMaximumEnduranceChargesWhenCrit",[5],""
10810,"ShareMaximumEnduranceChargesParty",[5],""
10811,"SkeletonWarriorsPermanentMinion",[7],""
10812,"LifeDegenerationGracePeriod",[0],""
10813,"ManaDegenerationGracePeriod",[0],""
10814,"SelfPhysicalDamageTaken",[1],""
10815,"SelfFireDamageTaken",[0],""
10816,"SelfColdDamageTaken",[0],""
10817,"SelfLightningDamageTaken",[0],""
10818,"SelfChaosDamageTaken",[0],""
10819,"EnemyLifeLeechPermyriad",[1],""
10820,"EnemyManaLeechPermyriad",[1],""
10821,"LifeDegenerationAndPercentGracePeriod",[0],""
10822,"EnergyShieldAndDegenGracePeriod",[1],""
10823,"FireResistanceEnemyLeech",[0],""
10824,"ColdResistanceEnemyLeech",[0],""
10825,"LightningResistanceEnemyLeech",[0],""
10826,"IncreasedManaAndDegenGracePeriod",[0],""
10827,"IncreasedManaAndBaseCost",[0],""
10828,"SelfPhysAsExtraFireTaken",[6],""
10829,"SelfColdDamageTakenPerFrenzy",[1],""
10830,"ChanceToLoseManaOnSkillUse",[1],""
10831,"EnemyPhysicalDamageLifeLeechPermyriad",[1],""
10832,"EnemyFireDamageLifeLeechPermyriad",[1],""
10833,"EnemyColdDamageLifeLeechPermyriad",[1],""
10834,"EnemyLightningDamageLifeLeechPermyriad",[1],""
10835,"EnemyChaosDamageLifeLeechPermyriad",[1],""
10836,"SelfFireAndColdDamageTaken",[1],""
10837,"SelfFireAndLightningDamageTaken",[1],""
10838,"SelfColdAndLightningDamageTaken",[1],""
10839,"MinimumEnduranceChargesAndOnKillLose",[1],""
10840,"MinimumPowerChargesAndOnKillLose",[1],""
10841,"MinimumFrenzyChargesAndOnKillLose",[1],""
10842,"EnemyLifeLeechPermyriadWhileFocusedAndVaalPact",[1],""
10843,"BaseLifeAndManaDegenGracePeriod",[1],""
10844,"BaseManaAndLifeDegenGracePeriod",[1],""
10845,"ManaCostBaseChannelled",[4],""
10846,"ManaCostBaseNonChannelled",[4],""
10847,"ShockYourselfOnFocus",[2],""
10848,"ShockYourselfOnFocusCDR",[1],""
10849,"MemoryLineAnarchy1",[],""
10850,"MemoryLineAnarchy2",[],""
10851,"MemoryLineDomination1",[],""
10852,"MemoryLineDomination2",[],""
10853,"MemoryLineEssence1",[],""
10854,"MemoryLineEssence2",[],""
10855,"MemoryLineAmbush1",[],""
10856,"MemoryLineAmbush2",[],""
10857,"MemoryLineBreach1",[],""
10858,"MemoryLineBreach2",[],""
10859,"MemoryLineTorment1",[],""
10860,"MemoryLineTorment2",[],""
10861,"MemoryLineHarbinger1",[],""
10862,"MemoryLineHarbinger2",[],""
10863,"MemoryLineBestiary1",[],""
10864,"MemoryLineBestiary2",[],""
10865,"MemoryLineIncursion1",[],""
10866,"MemoryLineBetrayal1",[],""
10867,"MemoryLineHarvest1",[],""
10868,"MemoryLineAbyss1",[],""
10869,"UltimatumUniqueMap",[],""
10870,"UltimatumUniqueMapChaosCloud",[],""
10871,"UltimatumUniqueMapLightningRune",[],""
10872,"UltimatumUniqueMapFlamespitter",[],""
10873,"UltimatumUniqueMapFrostInfection",[],""
10874,"UltimatumUniqueMapGraveyard",[],""
10875,"UltimatumUniqueMapRevenant",[],""
10876,"UltimatumUniqueMapSawblade",[],""
10877,"UltimatumUniqueMapPhysicalTotem",[],""
10878,"UltimatumUniqueMapElementalTotem",[],""
10879,"UltimatumUniqueMapRecoveryReduction",[],""
10880,"UltimatumUniqueMapAreaProjectileSpeed",[],""
10881,"UltimatumUniqueMapBuffExpiry",[],""
10882,"UltimatumUniqueMapCooldownSpeed",[],""
10883,"UltimatumUniqueMapVulnerability",[],""
10884,"UltimatumUniqueMapAcceleratingSpeed",[],""
10885,"UltimatumUniqueMapNonChaosAsExtraChaos",[],""
10886,"UltimatumUniqueMapExtraCriticalRolls",[],""
10887,"UltimatumUniqueMapHinderOnFlaskUse",[],""
10888,"UltimatumUniqueMapCancelFlaskOnFlaskUse",[],""
10889,"UltimatumUniqueMapReflectAilmentsAndCurses",[],""
10890,"UltimatumUniqueMapAurasAffectAllies",[],""
10891,"UltimatumUniqueMapDealNoDamagePeriodically",[],""
10892,"UltimatumUniqueMapLoseCharges",[],""
10893,"MemoryLineDomination2Map",[],""
10894,"MemoryLineEssence2Map",[],""
10895,"MemoryLineAmbush1Map",[],""
10896,"MemoryLineBreach1Map",[],""
10897,"MemoryLineBreach2Map",[],""
10898,"MemoryLineTorment2Map",[],""
10899,"MemoryLineHarbinger1Map",[],""
10900,"MemoryLineHarbinger2Map",[],""
10901,"MemoryLineBestiary1Map",[],""
10902,"MemoryLineIncursion1Map",[],""
10903,"MemoryLineHarvest1Map",[],""
10904,"MemoryLineAbyss1Map",[],""
10905,"MemoryLineMapBaseStats",[],""
10906,"MonsterTagMirrored",[],""
10907,"MonsterTagSanctumGuard",[],""
10908,"MonsterTagSanctumBraomBoss",[],""
10909,"MonsterTagSanctumUzarBoss",[],""
10910,"MonsterSanctumGuardDaemon",[],""
10911,"MonsterDroppedItemsInfluence",[],""
10912,"MonsterDroppedItemsElderShaper",[],""
10913,"MonsterDroppedItemsConqueror",[],""
10914,"DroppedItemsFractured",[],""
10915,"DroppedItemsWhiteSockets",[],""
10916,"DroppedItemsMaximumSockets",[],""
10917,"DroppedItemsFullyLinked",[],""
10918,"ConsecratedGroundStationarySTRHighest",[5],""
10919,"ProfaneGroundCriticalStrikeINTHighest",[5],""
10920,"ConsecratedGroundLingers",[5],""
10921,"ProfaneGroundLingers",[5],""
10922,"RandomProjectileDirection",[],""
10923,"SanctumLeague",[],""
10924,"LifeLossToPreventDuringFlaskEffectToLoseOverTime",[],""
10925,"EnemyExplosionRandomElementFlaskEffect",[8],""
10926,"CastSpeedAppliesToAttackSpeed",[8],""
10927,"SpellImpaleOnCritChance",[7],""
10928,"SpellImpaleEffect",[7],""
10929,"AncestorTotemBuffLingers",[7],""
10930,"OneAncestorTotemBuff",[6],""
10931,"AncestorTotemBuffEffect",[6],""
10932,"DamageTakenFromTotemLifeBeforePlayer",[6],""
10933,"ElementalDamageReductionChaosResist",[7],""
10934,"MapGrantsLevel20Dash",[],""
10935,"SelfIgniteDurationAllElementalAilments",[5],""
10936,"ShockAvoidanceAllElementalAilments",[5],""
10937,"CurseLimitMaximumPowerCharges",[8],""
10938,"PowerChargeOnCurse",[5],""
10939,"ImmuneToCursesRemainingDuration",[7],""
10940,"SpellCritChanceEqualsWeaponCritChance",[8],""
10941,"AttacksCannotCrit",[5],""
10942,"CursedEnemiesCannotInflictElementalAilments",[8],""
10943,"MaximumCritChanceIs50",[5],""
10944,"DealNoElementalPhysicalDamage",[5],""
10945,"TemporalChainsCooldownRecovery",[7],""
10946,"TemporalChainsCannotBeSlowed",[7],""
10947,"DespairWitherOnHit",[7],""
10948,"DespairImmuneToCurses",[7],""
10949,"ElementalWeaknessPhysicalAsRandomElement",[7],""
10950,"ElementalWeaknessImmuneToExposure",[7],""
10951,"EnfeebleCriticalStrikeMultiplier",[7],""
10952,"EnfeebleNoExtraCritDamage",[7],""
10953,"ConductivityUnaffectedByShock",[7],""
10954,"ConductivityLightningExposureOnHit",[7],""
10955,"FlammabilityUnaffectedByIgnite",[7],""
10956,"FlammabilityFireExposureOnHit",[7],""
10957,"FrostbiteUnaffectedByFreeze",[7],""
10958,"FrostbiteColdExposureOnHit",[7],""
10959,"PunishmentImmuneToReflectedDamage",[7],""
10960,"PunishmentIntimidateOnHit",[7],""
10961,"VulnerabilityUnaffectedByBleed",[7],""
10962,"VulnerabilityDoubleDamage",[7],""
10963,"CannotRecoverLife",[],""
10964,"MonsterModOverwhelmPDR",[],""
10965,"MonsterModCrushOnHit",[],""
10966,"MonsterModExtraFireDamage",[],""
10967,"MonsterModExtraColdDamage",[],""
10968,"MonsterModExtraLightningDamage",[],""
10969,"MonsterModExtraChaosDamage",[],""
10970,"MonsterModExtraElementalDamage",[],""
10971,"MonsterModPhysicalDamageReduction",[],""
10972,"MonsterModResistantToFire",[],""
10973,"MonsterModResistantToCold",[],""
10974,"MonsterModResistantToLightning",[],""
10975,"MonsterModResistantToChaos",[],""
10976,"MonsterModIncreasedEvasionRating",[],""
10977,"MonsterModFasterStartOfEnergyShield",[],""
10978,"MonsterModIncreasedLife",[],""
10979,"MonsterModIncreasedAccuracy",[],""
10980,"MonsterModIncreasedCriticalStrikeChance",[],""
10981,"MonsterModLifeRegeneration",[],""
10982,"MonsterModApplyIgnite",[],""
10983,"MonsterModApplyShock",[],""
10984,"MonsterModApplyPoison",[],""
10985,"MonsterModApplyBleed",[],""
10986,"MonsterModApplyFreeze",[],""
10987,"MonsterModApplyStun",[],""
10988,"MonsterModAreaOfEffect",[],""
10989,"MonsterModAttackCastMovementSpeed",[],""
10990,"MonsterModSkillRepeat",[],""
10991,"MonsterModAdditionalProjectiles",[],""
10992,"MonsterModDamageLeechedAsLife",[],""
10993,"MonsterModCannotLeech",[],""
10994,"MonsterModGainCharges",[],""
10995,"MonsterModEnduranceChargeGain",[],""
10996,"MonsterModFrenzyChargeGain",[],""
10997,"MonsterModPowerChargeGain",[],""
10998,"MonsterModCannotBeSlowed",[],""
10999,"MonsterModCannotBeStunned",[],""
11000,"MonsterModFrenzied",[],""
11001,"MonsterModAlwaysCrit",[],""
11002,"MonsterModApplyBlind",[],""
11003,"MonsterModNoExtraDamageFromCrits",[],""
11004,"MonsterModHexproof",[],""
11005,"MonsterModAdditionalChain",[],""
11006,"MonsterModProjectilesGainDamage",[],""
11007,"MonsterModDamagePerMissingLife",[],""
11008,"MonsterModRemoveChargesOnHit",[],""
11009,"MonsterModCorruptedBlood",[],""
11010,"MonsterModSpellResistant",[],""
11011,"MonsterModAttackBlock",[],""
11012,"MonsterModReflectNonDamagingAilments",[],""
11013,"MonsterModReflectHexes",[],""
11014,"MonsterModSpeedAura",[],""
11015,"MonsterModEnergyShieldAura",[],""
11016,"MonsterModApplyRandomMark",[],""
11017,"MonsterModAccuracyAndCritAura",[],""
11018,"MonsterModFlameBeacon",[],""
11019,"MonsterModFrostBeacon",[],""
11020,"MonsterModLightningBeacon",[],""
11021,"MonsterModTreantHorde",[],""
11022,"MonsterModGraspingVines",[],""
11023,"MonsterModHinderAura",[],""
11024,"MonsterModPhysicalDamageAura",[],""
11025,"MonsterModSoulConduit",[],""
11026,"MonsterModStrongerMinions",[],""
11027,"MonsterModRevivesMinions",[],""
11028,"MonsterModSkeletonZombieSummons",[],""
11029,"MonsterModHealingAura",[],""
11030,"MonsterModPreventRecoveryAura",[],""
11031,"MonsterModTemporalAura",[],""
11032,"MonsterModSoulEater",[],""
11033,"MonsterModManaSiphonAura",[],""
11034,"MonsterModBenevolentGuardian",[],""
11035,"MonsterModRemoveFlaskChargeAura",[],""
11036,"MonsterModEmpoweringMinions",[],""
11037,"MonsterModShockedGroundOnDeath",[],""
11038,"MonsterModBurningGroundOnDeath",[],""
11039,"MonsterModChilledGroundOnDeath",[],""
11040,"MonsterModConsecratedGround",[],""
11041,"MonsterModBurningGroundTrail",[],""
11042,"MonsterModChilledGroundTrail",[],""
11043,"MonsterModShockedGroundTrail",[],""
11044,"MonsterModEnergyShieldStunNova",[],""
11045,"MonsterModInfernoBolt",[],""
11046,"MonsterModSnowBolt",[],""
11047,"MonsterModLightningMirage",[],""
11048,"MonsterModIcePrison",[],""
11049,"MonsterModToxicVolatiles",[],""
11050,"MonsterModShroudWalker",[],""
11051,"MonsterModHexingEffigy",[],""
11052,"MonsterModMirrorImage",[],""
11053,"MonsterModFireMortar",[],""
11054,"MonsterModDetonateCorpses",[],""
11055,"MonsterModMagmaBarrier",[],""
11056,"MonsterModVolatileFlameblood",[],""
11057,"MonsterModStormHerald",[],""
11058,"MonsterModExplodingCrystals",[],""
11059,"MonsterModHeraldingMinionTotems",[],""
11060,"MonsterModFinalGasp",[],""
11061,"MonsterModBerserker",[],""
11062,"MonsterModDamageTypeCycling",[],""
11063,"MonsterModSummonEffigy",[],""
11064,"MonsterModFleeing",[],""
11065,"MonsterModLunarisTouched",[],""
11066,"MonsterModSolarisTouched",[],""
11067,"MonsterModArakaaliTouched",[],""
11068,"MonsterModBrineKingTouched",[],""
11069,"MonsterModTukohamaTouched",[],""
11070,"MonsterModAbberathTouched",[],""
11071,"MonsterModShakariTouched",[],""
11072,"MonsterModInnocenceTouched",[],""
11073,"MonsterModKitavaTouched",[],""
11074,"MonsterModSpiritWalkers",[],""
11075,"MonsterModUnionOfSouls",[],""
11076,"SanctumMaximumResolve",[0],""
11077,"SanctumResolveRecovery",[0],""
11078,"SanctumShieldAtStartOfFloor",[0],""
11079,"SanctumShieldOnGainingAffliction",[0],""
11080,"SanctumMonstersDoubleGoldChance",[0],""
11081,"SanctumChestDoubleGoldChance",[0],""
11082,"SanctumMerchantReducedCosts",[0],""
11083,"SanctumMaximumResolvePercent",[0],""
11084,"SanctumMaximumResolveOnBossKill",[0],""
11085,"SanctumMaximumResolveOnFountainUse",[0],""
11086,"SanctumStartingGold",[0],""
11087,"SanctumGoldOnRoomCompletion",[0],""
11088,"SanctumStartingShield",[0],""
11089,"SanctumResolveOnRoomComplete",[0],""
11090,"SanctumResolveOnBossKill",[0],""
11091,"SanctumResolveOnFountainUse",[0],""
11092,"SanctumRevealExtraRoomEachFloor",[0],""
11093,"SanctumAvoidAfflictionChance",[0],""
11094,"SanctumMonstersIncreasedDamageTaken",[0],""
11095,"SanctumGuardsIncreasedDamageTaken",[0],""
11096,"SanctumBossIncreasedDamageTaken",[0],""
11097,"SanctumMerchantExtraOptions",[0],""
11098,"SanctumMonstersReducedDamage",[0],""
11099,"SanctumGuardsReducedDamage",[0],""
11100,"SanctumBossReducedDamage",[0],""
11101,"SanctumRelicQuantity",[0],""
11102,"SanctumAvoidResolveLossFromMeleeHitChance",[0],""
11103,"SanctumAvoidResolveLossFromProjectileHitChance",[0],""
11104,"SanctumResolveReductionBasedOnArmour",[0],""
11105,"SanctumIncreasedResolveAegis",[0],""
11106,"SanctumAvoidResolveIfHitRecently",[0],""
11107,"SanctumResolveReductionDoubledChance",[0],""
11108,"SanctumResolveAegisFasterRecovery",[0],""
11109,"AtlasRustedScarabInsteadGrantsPackSize",[],""
11110,"AtlasPolishedScarabInsteadGrantsPackSize",[],""
11111,"AtlasGildedScarabInsteadGrantsPackSize",[],""
11112,"AtlasWingedScarabInsteadGrantsPackSize",[],""
11113,"CannotBeShocked",[5],""
11114,"CannotBeIgnited",[5],""
11115,"CannotBeChilled",[5],""
11116,"CannotBeChilledOrFrozen",[5],""
11117,"NearbyEnemyReservesLife",[7],""
11118,"ChaosDamageOverTimeHealsLeechLife",[7],""
11119,"ModifiersToSuppressionApplyToAilmentAvoid",[7],""
11120,"ShockEffectLeechingES",[5],""
11121,"ChillEffectLeechingMana",[5],""
11122,"UnaffectedByShockLeechingES",[5],""
11123,"UnaffectedByChillLeechingMana",[5],""
11124,"QuiverModifierEffect",[7],""
11125,"LifeRegenerationPercentPerAilment",[7],""
11126,"AdrenalineOnFillingLifeLeech",[7],""
11127,"OnslaughtOnFillingLifeLeech",[5],""
11128,"CannotBeStunnedSuppressedDamage",[5],""
11129,"DebilitateEnemiesSuppressedDamage",[5],""
11130,"StunningHitsRecoverLife",[5],""
11131,"StunningHitsRecoverEnergyShield",[5],""
11132,"ArmourAppliesToChaosDamage",[7],""
11133,"PhysicalDamageBypassesEnergyShield",[5],""
11134,"RecoverLifeAlterating",[7],""
11135,"LinkLoseNoExperience",[7],""
11136,"LinkTargetCannotDie",[7],""
11137,"LinkSkillCastSpeed",[5],""
11138,"LinkSkillEffectDuration",[5],""
11139,"LinkSkillFlaskEffects",[7],""
11140,"MinionWitherOnHit",[5],""
11141,"MinionCriticalStrikeMultiplierAgainstWithered",[5],""
11142,"BleedingExpiresSlowerWhileMoving",[5],""
11143,"CannotBeStunnedWhileBleeding",[5],""
11144,"CannotBePoisonedWhileBleeding",[5],""
11145,"ExertedAttackKnockbackChance",[5],""
11146,"AlwaysPierceBurningEnemies",[5],""
11147,"ArrowAddedFireDamagePerEnemyPierced",[5],""
11148,"MinionLifeIncreasedByOvercappedFireResistance",[7],""
11149,"SupportedByInfernalLegion",[5],""
11150,"NearbyEnemiesCoveredInAsh",[5],""
11151,"ColdExposureAdditionalResistance",[7],""
11152,"CriticalStrikeChancePerIntelligence",[5],""
11153,"LightningNonCriticalStrikesLucky",[7],""
11154,"AddedLightningDamagePerDexterity",[2],""
11155,"SanctumRelicDestroyedOnRunEnd",[2],""
11156,"SanctumUniqueRelicSanctifiedRelicCorruptionCurrency",[2],""
11157,"SanctumUniqueRelicDuplicateDeferrals",[2],""
11158,"SanctumUniqueRelicAdditionalSanctumKey",[2],""
11159,"SanctumUniqueRelicBalanceOfTerror",[2],""
11160,"SanctumUniqueRelicOriginalSin",[2],""
11161,"SanctumUniqueRelicSandstormVisage",[2],""
11162,"SanctumUniqueRelicEternalDamnation",[2],""
11163,"SanctumUniqueRelicWindsOfFate",[2],""
11164,"SanctumUniqueRelicLyciaDamageTaken",[2],""
11165,"SanctumUniqueRelicLyciaDamage",[2],""
11166,"SanctumUniqueRelicConvertAureusToExperience",[2],""
11167,"SanctumUniqueRelicConvertAureusToRelics",[2],""
11168,"SanctumUniqueRelicConvertAureusToTaintedCurrency",[2],""
11169,"SanctumUniqueRelicCannotHaveBoons",[2],""
11170,"SanctumUniqueRelicMapIsHidden",[2],""
11171,"SanctumUniqueRelicCannotRecoverResolve",[2],""
11172,"SanctumUniqueRelicCannotHaveInspiration",[2],""
11173,"SanctumUniqueRelicMaximumResolveIsOne",[2],""
11174,"SanctumUniqueRelicNoSanctumDefences",[2],""
11175,"SanctumUniqueRelicLevelRequirement",[0],""
11176,"AddedLightningDamageSpellsAndAttacksImplicit",[],""
11177,"AddedFireDamageSpellsAndAttacksImplicit",[],""
11178,"AddedColdDamageSpellsAndAttacksImplicit",[],""
11179,"CrucibleLeague",[],""
11180,"AncestralLeague",[],""
11181,"LocalPhysicalDamageAndAttackSpeed",[2],""
11182,"LocalPhysicalDamageAndFireConversion",[2],""
11183,"LocalPhysicalDamageAndColdConversion",[2],""
11184,"LocalPhysicalDamageAndLightningConversion",[2],""
11185,"LocalPhysicalDamageAndChaosConversion",[2],""
11186,"LocalPhysicalDamageAndRandomElementConversion",[2],""
11187,"LocalPhysicalDamageAndBleedChance",[2],""
11188,"LocalPhysicalDamageAndImpaleChance",[2],""
11189,"LocalFireDamageAndAttackSpeed",[1],""
11190,"LocalFireDamageAndIgniteChance",[1],""
11191,"LocalFireDamageAndImplicitEffect",[1],""
11192,"LocalColdDamageAndCannotChill",[0],""
11193,"LocalColdDamageAndFreezeChance",[0],""
11194,"LocalColdDamageAndAttackSpeed",[0],""
11195,"LocalLightningDamageAndDamageTaken",[1],""
11196,"LocalLightningDamageAndShockChance",[1],""
11197,"LocalLightningDamageAndCriticalStrikeChance",[1],""
11198,"LocalChaosDamageAndMaximumLife",[1],""
11199,"LocalChaosDamageAndPoisonChance",[1],""
11200,"LocalChaosDamageAndWitheredEffect",[1],""
11201,"LocalElementalDamageAndCannotInflictElementalAilments",[],""
11202,"LocalElementalDamage",[],""
11203,"LocalElementalDamageAndElementalAilmentChance",[],""
11204,"LocalElementalDamageAndElementalAilmentEffect",[],""
11205,"LocalAddedChaosDamagePerLowestAttribute",[],""
11206,"SpellAddedPhysicalDamageAndCastSpeed",[2],""
11207,"SpellAddedPhysicalDamageAndFireConversion",[2],""
11208,"SpellAddedPhysicalDamageAndColdConversion",[2],""
11209,"SpellAddedPhysicalDamageAndLightningConversion",[2],""
11210,"SpellAddedPhysicalDamageAndChaosConversion",[2],""
11211,"SpellAddedPhysicalDamageAndOverwhelm",[2],""
11212,"SpellAddedFireDamageAndCastSpeed",[1],""
11213,"SpellAddedFireDamageAndIgniteChance",[1],""
11214,"SpellAddedFireDamageAndImplicitEffect",[1],""
11215,"SpellAddedColdDamageAndCannotChill",[1],""
11216,"SpellAddedColdDamageAndFreezeChance",[1],""
11217,"SpellAddedColdDamageAndCastSpeed",[1],""
11218,"SpellAddedLightningDamageAndDamageTaken",[1],""
11219,"SpellAddedLightningDamageAndShockChance",[1],""
11220,"SpellAddedLightningDamageAndSpellCriticalStrikeChance",[1],""
11221,"SpellAddedChaosDamageAndMaximumLife",[6],""
11222,"SpellAddedChaosDamageAndPoisonChance",[6],""
11223,"SpellAddedChaosDamageAndWitherEffect",[6],""
11224,"SpellDamageAndSpellCriticalStrikeChance",[1],""
11225,"SpellDamageAndIncreasedMana",[1],""
11226,"SpellDamageAndIncreasedEnergyShield",[1],""
11227,"MinionAddedPhysicalDamageAndMinionAttackAndCastSpeed",[0],""
11228,"MinionAddedPhysicalDamageAndMinionFireConversion",[0],""
11229,"MinionAddedPhysicalDamageAndMinionColdConversion",[0],""
11230,"MinionAddedPhysicalDamageAndMinionLightningConversion",[0],""
11231,"MinionAddedPhysicalDamageAndMinionChaosConversion",[0],""
11232,"MinionAddedPhysicalDamageAndMinionOverwhelm",[0],""
11233,"MinionAddedFireDamageAndMinionAttackAndCastSpeed",[0],""
11234,"MinionAddedFireDamageAndMinionIgniteChance",[0],""
11235,"MinionAddedFireDamageAndImplicitEffect",[0],""
11236,"MinionAddedColdDamageAndMinionCriticalStrikeChance",[0],""
11237,"MinionAddedColdDamageAndMinionFreezeChance",[0],""
11238,"MinionAddedColdDamageAndMinionAttackAndCastSpeed",[0],""
11239,"MinionAddedLightningDamageAndDamageTaken",[0],""
11240,"MinionAddedLightningDamageAndMinionShockChance",[0],""
11241,"MinionAddedLightningDamageAndMinionCriticalStrikeChance",[0],""
11242,"MinionAddedChaosDamageAndMaximumLife",[0],""
11243,"MinionAddedChaosDamageAndMinionPoisonChance",[0],""
11244,"MinionAddedChaosDamageAndChaosResistance",[0],""
11245,"MinionDamageAndMinionCriticalStrikeChance",[1],""
11246,"MinionDamageAndIncreasedMana",[1],""
11247,"MinionDamageAndIncreasedEnergyShield",[1],""
11248,"DamageOverTimeAndLifeRecoveryRate",[1],""
11249,"DamageOverTimeAndSkillEffectDuration",[1],""
11250,"DamageOverTimeAndSelfAilmentDuration",[1],""
11251,"IncreasedDamageAndSkillCost",[],""
11252,"IncreasedDamageAndIncreasedAttributes",[],""
11253,"LocalBaseCriticalStrikeChance",[2],""
11254,"LocalBaseCriticalStrikeChanceAndNoExtraDamageFromCrits",[2],""
11255,"LocalBaseCriticalStrikeChanceAndMultiplier",[2],""
11256,"LocalBaseCriticalStrikeChanceAndAttackSpeed",[2],""
11257,"LocalBaseCriticalStrikeChanceAndAccuracy",[2],""
11258,"LocalAttackSpeedAndLessDamage",[2],""
11259,"LocalIncreasedAttackSpeedAndOnslaughtOnKill",[2],""
11260,"LocalIncreasedAttackSpeedAndFrenzyOnKill",[2],""
11261,"LocalIncreasedAttackSpeedAndLocalDoubleDamageChance",[2],""
11262,"AdditionalCriticalStrikeChanceWithSpellsAndSpellCriticalStrikeMultiplier",[2],""
11263,"AdditionalCriticalStrikeChanceWithSpellsAndNoExtraDamageWithCrits",[2],""
11264,"AdditionalCriticalStrikeChanceWithSpellsAndReservationEfficiencyOfSkills",[2],""
11265,"WeaponTreeCastSpeedAndDamage",[],""
11266,"WeaponTreeCastSpeed",[],""
11267,"WeaponTreeCastSpeedAndSkillCost",[],""
11268,"WeaponTreeCastSpeedAndAddedSpellDamageFromWeaponDamage",[],""
11269,"BaseManaRegenerationAndMultiplicativeMana",[2],""
11270,"BaseManaRegenerationAndReservationEfficiencyOfSkills",[2],""
11271,"BaseManaRegenerationAndManaCostOfSkills",[2],""
11272,"AdditionalBallistaTotem",[],""
11273,"ArrowsReturn",[],""
11274,"WeaponTreeNotableBow",[],""
11275,"WeaponTreeNotableStaff",[],""
11276,"WeaponTreeNotableWand",[],""
11277,"WeaponTreeNotableClaw",[],""
11278,"WeaponTreeNotableDagger",[],""
11279,"WeaponTreeNotableSword",[],""
11280,"WeaponTreeNotableSword2H",[],""
11281,"WeaponTreeNotableAxe",[],""
11282,"WeaponTreeNotableAxe2H",[],""
11283,"WeaponTreeNotableMace",[],""
11284,"WeaponTreeNotableMace2H",[],""
11285,"WeaponTreeNotableShield",[],""
11286,"WeaponTreeSkillTornadoShotSplitArrow",[],""
11287,"WeaponTreeSkillMirrorArrowBlinkArrow",[],""
11288,"WeaponTreeSkillCleaveReave",[],""
11289,"WeaponTreeSkillBodySwapDetonateDead",[],""
11290,"WeaponTreeSkillGlacialCascadeIceNova",[],""
11291,"WeaponTreeSkillLaceratePerforate",[],""
11292,"WeaponTreeSkillStormBurstDivineIre",[],""
11293,"WeaponTreeSkillHeavyStrikeBoneshatter",[],""
11294,"WeaponTreeSkillBladeFlurryChargedDash",[],""
11295,"DesecrateCorpse",[],""
11296,"WeaponTreeSkillBurningArrowExplosiveArrow",[],""
11297,"WeaponTreeSkillBlastRainArtilleryBallista",[],""
11298,"WeaponTreeSkillShrapnelBallistaSiegeBallista",[],""
11299,"WeaponTreeSkillLightningArrowIceShot",[],""
11300,"WeaponTreeSkillGalvanicArrowStormRain",[],""
11301,"WeaponTreeSkillElementalHitWildStrike",[],""
11302,"WeaponTreeSkillBarrageFrenzy",[],""
11303,"WeaponTreeSkillToxicRainRainofArrows",[],""
11304,"WeaponTreeSkillCausticArrowScourgeArrow",[],""
11305,"WeaponTreeSkillPunctureEnsnaringArrow",[],""
11306,"WeaponTreeSkillFrostBladesLightningStrike",[],""
11307,"WeaponTreeSkillViperStrikePestilentStrike",[],""
11308,"WeaponTreeSkillDominatingBlowAbsolution",[],""
11309,"WeaponTreeSkillVolcanicFissureMoltenStrike",[],""
11310,"WeaponTreeSkillStaticStrikeSmite",[],""
11311,"WeaponTreeSkillVigilantStrikeFlickerStrike",[],""
11312,"WeaponTreeSkillDoubleStrikeDualStrike",[],""
11313,"WeaponTreeSkillIceCrashGlacialHammer",[],""
11314,"WeaponTreeSkillEarthquakeEarthshatter",[],""
11315,"WeaponTreeSkillGroundSlamSunder",[],""
11316,"WeaponTreeSkillTectonicSlamInfernalBlow",[],""
11317,"WeaponTreeSkillTectonicSlamInfernalBlow2H",[],""
11318,"WeaponTreeSkillRageVortexBladestorm",[],""
11319,"WeaponTreeSkillShieldCrushSpectralShieldThrow",[],""
11320,"WeaponTreeSkillCycloneSweep",[],""
11321,"WeaponTreeSkillCobraLashVenomGyre",[],""
11322,"WeaponTreeSkillPoisonousConcoctionExplosiveConcoction",[],""
11323,"WeaponTreeSkillSplittingSteelLancingSteelShatteringSteel",[],""
11324,"WeaponTreeSkillSpectralHelixSpectralThrow",[],""
11325,"WeaponTreeSkillChainHookShieldCharge",[],""
11326,"WeaponTreeSkillConsecratedPathPurifyingFlame",[],""
11327,"WeaponTreeSkillFrozenLegionGeneralsCry",[],""
11328,"WeaponTreeSkillAncestralProtectorAncestralWarchief",[],""
11329,"WeaponTreeSkillKineticBoltKineticBlastPowerSiphon",[],""
11330,"WeaponTreeSkillExsanguinateReap",[],""
11331,"WeaponTreeSkillFirestormBladefall",[],""
11332,"WeaponTreeSkillEtherealKnives",[],""
11333,"WeaponTreeSkillFireballRollingMagma",[],""
11334,"WeaponTreeSkillFreezingPulseEyeOfWinter",[],""
11335,"WeaponTreeSkillBladeVortexBladeBlast",[],""
11336,"WeaponTreeSkillShockNovaStormCall",[],""
11337,"WeaponTreeSkillCreepingFrostColdSnap",[],""
11338,"WeaponTreeSkillLightningConduitGalvanicField",[],""
11339,"WeaponTreeSkillManabondStormbind",[],""
11340,"WeaponTreeSkillIceSpearBallLightning",[],""
11341,"WeaponTreeSkillFlameblastIncinerate",[],""
11342,"WeaponTreeSkillHexblastDoomBlast",[],""
11343,"WeaponTreeSkillForbiddenRiteDarkPact",[],""
11344,"WeaponTreeSkillBaneContagion",[],""
11345,"WeaponTreeSkillEssenceDrainSoulrend",[],""
11346,"WeaponTreeSkillSparkLightningTendrils",[],""
11347,"WeaponTreeSkillFrostBombOrbofStorms",[],""
11348,"WeaponTreeSkillWinterOrbHydrosphere",[],""
11349,"WeaponTreeSkillWintertideBrandArcanistBrand",[],""
11350,"WeaponTreeSkillAnimateWeapon",[],""
11351,"WeaponTreeSkillSummonCarrionGolemSummonStoneGolemSummonChaosGolem",[],""
11352,"WeaponTreeSkillSummonFlameGolemSummonIceGolemSummonLightningGolem",[],""
11353,"WeaponTreeSkillSummonHolyRelicSummonSkeletons",[],""
11354,"WeaponTreeSkillRaiseSpectreRaiseZombie",[],""
11355,"WeaponTreeSkillSummonRagingSpiritSummonPhantasmSupport",[],""
11356,"WeaponTreeSkillFireTrapExplosiveTrap",[],""
11357,"WeaponTreeSkillIceTrapLightningTrap",[],""
11358,"WeaponTreeSkillFlamethrowerTrapSeismicTrapLightningSpireTrap",[],""
11359,"WeaponTreeSkillStormblastMinePyroclastMineIcicleMine",[],""
11360,"WeaponTreeSkillBearTrapSiphoningTrap",[],""
11361,"WeaponTreeSkillHolyFlameTotemShockwaveTotem",[],""
11362,"WeaponTreeSkillDecoyTotemRejuvenationTotemDevouringTotem",[],""
11363,"WeaponTreeSkillRighteousFireScorchingRay",[],""
11364,"WeaponTreeSkillBlightWither",[],""
11365,"WeaponTreeSkillVoltaxicBurstDischarge",[],""
11366,"WeaponTreeSkillAlchemistsMarkFlameSurge",[],""
11367,"WeaponTreeSkillStormArmageddonBrandSummonReaper",[],""
11368,"WeaponTreeSkillArcCracklingLance",[],""
11369,"WeaponTreeSkillAnimateGuardian",[],""
11370,"WeaponTreeSkillBladeTrapWhirlingBlades",[],""
11371,"WeaponTreeSkillBlazingSalvoFlameWall",[],""
11372,"WeaponTreeSkillVolatileDeadCremation",[],""
11373,"WeaponTreeSkillWaveofConviction",[],""
11374,"WeaponTreeSkillVortexFrostbolt",[],""
11375,"MapGoldCoins",[],""
11376,"MapSanctumRelicDropChance",[],""
11377,"MapSanctumRareMonsterLifePenalty",[],""
11378,"MapFriendlyFire",[],""
11379,"MapDealNoDamageIfLessThanNumPlayersNearby",[],""
11380,"MapPolarity",[],""
11381,"WeaponTreeSupportManaLeech",[],""
11382,"WeaponTreeSupportAdditionalAccuracy",[],""
11383,"WeaponTreeSupportArrogance",[],""
11384,"WeaponTreeSupportFork",[],""
11385,"WeaponTreeSupportChanceToPoison",[],""
11386,"WeaponTreeSupportLifeLeech",[],""
11387,"WeaponTreeSupportMeleeSplash",[],""
11388,"WeaponTreeSupportFasterProjectiles",[],""
11389,"WeaponTreeSupportStun",[],""
11390,"WeaponTreeSupportIncreasedArea",[],""
11391,"WeaponTreeSupportKnockback",[],""
11392,"WeaponTreeSupportMinionLife",[],""
11393,"WeaponTreeSupportMinionSpeed",[],""
11394,"WeaponTreeSupportLesserMultipleProjectiles",[],""
11395,"WeaponTreeSupportBlind",[],""
11396,"WeaponTreeSupportBlasphemy",[],""
11397,"WeaponTreeSupportIronWill",[],""
11398,"WeaponTreeSupportFasterCast",[],""
11399,"WeaponTreeSupportChanceToFlee",[],""
11400,"WeaponTreeSupportItemRarity",[],""
11401,"WeaponTreeSupportChanceToIgnite",[],""
11402,"WeaponTreeSupportLifeGainOnHit",[],""
11403,"WeaponTreeSupportCullingStrike",[],""
11404,"WeaponTreeSupportPointBlank",[],""
11405,"WeaponTreeSupportIronGrip",[],""
11406,"WeaponTreeSupportChain",[],""
11407,"WeaponTreeSupportElementalArmy",[],""
11408,"WeaponTreeSupportEmpower",[],""
11409,"WeaponTreeSupportSlowerProjectiles",[],""
11410,"WeaponTreeSupportLessDuration",[],""
11411,"WeaponTreeSupportEnhance",[],""
11412,"WeaponTreeSupportEnlighten",[],""
11413,"WeaponTreeSupportPhysicalToLightning",[],""
11414,"WeaponTreeSupportAdvancedTraps",[],""
11415,"WeaponTreeSupportIgniteProliferation",[],""
11416,"WeaponTreeSupportChanceToBleed",[],""
11417,"WeaponTreeSupportDecay",[],""
11418,"WeaponTreeSupportMaim",[],""
11419,"WeaponTreeSupportOnslaught",[],""
11420,"WeaponTreeSupportArcaneSurge",[],""
11421,"WeaponTreeSupportArrowNova",[],""
11422,"WeaponTreeSupportPierce",[],""
11423,"WeaponTreeSupportGenerosity",[],""
11424,"WeaponTreeSupportFortify",[],""
11425,"WeaponTreeSupportElementalProliferation",[],""
11426,"WeaponTreeSupportVolley",[],""
11427,"WeaponTreeSupportSpellCascade",[],""
11428,"WeaponTreeSupportAncestralCall",[],""
11429,"WeaponTreeSupportSummonGhostOnKill",[],""
11430,"WeaponTreeSupportWitheringTouch",[],""
11431,"WeaponTreeSupportEnergyLeech",[],""
11432,"WeaponTreeSupportIntensify",[],""
11433,"WeaponTreeSupportImpale",[],""
11434,"WeaponTreeSupportRage",[],""
11435,"WeaponTreeSupportShockwave",[],""
11436,"WeaponTreeSupportFeedingFrenzy",[],""
11437,"WeaponTreeSupportPredator",[],""
11438,"WeaponTreeSupportInfernalLegion",[],""
11439,"WeaponTreeSupportSwiftAssembly",[],""
11440,"WeaponTreeSupportSecondWind",[],""
11441,"WeaponTreeSupportUrgentOrders",[],""
11442,"WeaponTreeSupportSwiftBrand",[],""
11443,"WeaponTreeSupportImpendingDoom",[],""
11444,"WeaponTreeSupportLifetap",[],""
11445,"WeaponTreeSupportBehead",[],""
11446,"WeaponTreeSupportDivineBlessing",[],""
11447,"WeaponTreeSupportEternalBlessing",[],""
11448,"WeaponTreeSupportOvercharge",[],""
11449,"WeaponTreeSupportCursedGround",[],""
11450,"WeaponTreeSupportHexBloom",[],""
11451,"WeaponTreeSupportPinpoint",[],""
11452,"WeaponTreeSupportAddedChaos",[],""
11453,"WeaponTreeSupportAddedCold",[],""
11454,"WeaponTreeSupportAddedLightning",[],""
11455,"WeaponTreeSupportArchmage",[],""
11456,"WeaponTreeSupportBonechill",[],""
11457,"WeaponTreeSupportConcentratedEffect",[],""
11458,"WeaponTreeSupportControlledDestruction",[],""
11459,"WeaponTreeSupportEfficacy",[],""
11460,"WeaponTreeSupportElementalFocus",[],""
11461,"WeaponTreeSupportElementalPenetration",[],""
11462,"WeaponTreeSupportImmolate",[],""
11463,"WeaponTreeSupportIncreasedCriticalDamage",[],""
11464,"WeaponTreeSupportIncreasedCriticalStrikes",[],""
11465,"WeaponTreeSupportInfusedChannelling",[],""
11466,"WeaponTreeSupportInnervate",[],""
11467,"WeaponTreeSupportFirePenetration",[],""
11468,"WeaponTreeSupportColdPenetration",[],""
11469,"WeaponTreeSupportLightningPenetration",[],""
11470,"WeaponTreeSupportPowerChargeOnCrit",[],""
11471,"WeaponTreeSupportSpellEcho",[],""
11472,"WeaponTreeSupportTrinity",[],""
11473,"WeaponTreeSupportUnboundAilments",[],""
11474,"WeaponTreeSupportUnleash",[],""
11475,"WeaponTreeSupportBurningDamage",[],""
11476,"WeaponTreeSupportColdToFire",[],""
11477,"WeaponTreeSupportInspiration",[],""
11478,"WeaponTreeSupportIceBite",[],""
11479,"WeaponTreeSupportCriticalStrikeAffliction",[],""
11480,"WeaponTreeSupportDeadlyAilments",[],""
11481,"WeaponTreeSupportHypothermia",[],""
11482,"WeaponTreeSupportSwiftAffliction",[],""
11483,"WeaponTreeHeraldOfAgonyEffectAndReservation",[],""
11484,"WeaponTreeHeraldOfAshEffectAndReservation",[],""
11485,"WeaponTreeHeraldOfIceEffectAndReservation",[],""
11486,"WeaponTreeHeraldOfPurityEffectAndReservation",[],""
11487,"WeaponTreeHeraldOfLightningEffectAndReservation",[],""
11488,"WeaponTreeAngerEffectAndReservation",[],""
11489,"WeaponTreeWrathEffectAndReservation",[],""
11490,"WeaponTreeHatredEffectAndReservation",[],""
11491,"WeaponTreeDeterminationEffectAndReservation",[],""
11492,"WeaponTreeDisciplineEffectAndReservation",[],""
11493,"WeaponTreeGraceEffectAndReservation",[],""
11494,"WeaponTreeZealotryEffectAndReservation",[],""
11495,"WeaponTreePrideEffectAndReservation",[],""
11496,"WeaponTreePurityOfFireEffectAndReservation",[],""
11497,"WeaponTreePurityOfIceEffectAndReservation",[],""
11498,"WeaponTreePurityOfLightningEffectAndReservation",[],""
11499,"WeaponTreePurityOfElementsEffectAndReservation",[],""
11500,"WeaponTreeMalevolenceEffectAndReservation",[],""
11501,"WeaponTreeHasteEffectAndReservation",[],""
11502,"WeaponTreePrecisionEffectAndReservation",[],""
11503,"WeaponTreeBannerEffectAndReservation",[],""
11504,"WeaponTreeMaximumCharges",[],""
11505,"WeaponTreeMinimumChargesFrenzyAndPower",[],""
11506,"WeaponTreeMinimumChargesPowerAndEndurance",[],""
11507,"WeaponTreeMinimumChargesEnduranceAndFrenzy",[],""
11508,"WeaponTreeAllMinimumCharges",[],""
11509,"WeaponTreeFrenzyChargeOnKill",[],""
11510,"WeaponTreePowerChargeOnKill",[],""
11511,"WeaponTreeEnduranceChargeOnKill",[],""
11512,"WeaponTreeRandomChargeOnKill",[],""
11513,"WeaponTreeDamagePerCharge",[],""
11514,"WeaponTreeCooldownRecoveryPerPowerCharge",[],""
11515,"WeaponTreeAreaOfEffectPerEnduranceCharge",[],""
11516,"WeaponTreeMovementSpeedPerFrenzyCharge",[],""
11517,"WeaponTreeModEffectMinion",[],""
11518,"WeaponTreeModEffectElementalDamage",[],""
11519,"WeaponTreeModEffectPhysicalAndChaosDamage",[],""
11520,"WeaponTreeModEffectCasterDamage",[],""
11521,"WeaponTreeModEffectCritical",[],""
11522,"WeaponTreeModEffectSpeed",[],""
11523,"WeaponTreeModEffectMana",[],""
11524,"WeaponTreeModEffectLife",[],""
11525,"WeaponTreeModEffectDefence",[],""
11526,"WeaponTreeModEffectResistance",[],""
11527,"WeaponTreeModEffectAttributes",[],""
11528,"WeaponTreeDexterityAndNoInherentBonusFromDexterity",[],""
11529,"WeaponTreeIntelligenceAndNoInherentBonusFromIntelligence",[],""
11530,"WeaponTreeStrengthAndNoInherentBonusFromStrength",[],""
11531,"WeaponTreePercentDexterityAndIntelligence",[],""
11532,"WeaponTreePercentDexterityAndStrength",[],""
11533,"WeaponTreePercentStrengthAndIntelligence",[],""
11534,"WeaponTreeMovementSpeedIfLowDexterity",[],""
11535,"WeaponTreeAreaOfEffectIfLowIntelligence",[],""
11536,"WeaponTreeDoubleDamageChanceIfLowStrength",[],""
11537,"WeaponTreeAllExposureOnHit",[],""
11538,"WeaponTreeFireExposureOnHit",[],""
11539,"WeaponTreeColdExposureOnHit",[],""
11540,"WeaponTreeLightningExposureOnHit",[],""
11541,"WeaponTreeWitherOnHitChance",[],""
11542,"WeaponTreeOvewhelm",[],""
11543,"WeaponTreeStunDuration",[],""
11544,"WeaponTreeFreezeDuration",[],""
11545,"WeaponTreeIgniteDuration",[],""
11546,"WeaponTreeBleedDuration",[],""
11547,"WeaponTreePoisonDuration",[],""
11548,"WeaponTreeChillEffect",[],""
11549,"WeaponTreeShockEffect",[],""
11550,"WeaponTreeImpaleEffect",[],""
11551,"WeaponTreeMineDetonateTwiceChance",[],""
11552,"WeaponTreeMineAuraEffect",[],""
11553,"WeaponTreeTrapThrowingSpeed",[],""
11554,"WeaponTreeTrapsThrowInACircle",[],""
11555,"WeaponTreeBrandAreaOfEffectAtLowDuration",[],""
11556,"WeaponTreeBrandSearchRange",[],""
11557,"WeaponTreeTotemChanceToSpawnTwo",[],""
11558,"WeaponTreeTotemExplodeOnDeath",[],""
11559,"WeaponTreeUnaffectedByChillWhileChannelling",[],""
11560,"WeaponTreeUnaffectedByShockWhileChannelling",[],""
11561,"WeaponTreeWarcryBuffEffect",[],""
11562,"WeaponTreeWarcryDamagePerWarcryUsedRecently",[],""
11563,"MapPassiveTreeIsObscured",[],""
11564,"MapPassiveTreeIsShuffled",[],""
11565,"ItemCanHaveShieldWeaponTree",[],""
11566,"CrucibleAreaGeodeDropChance",[],""
11567,"CrucibleMapGrantsCombiningForgeImplicit",[],""
11568,"CrucibleMapGrantsUberCombiningForgeImplicit",[],""
11569,"CrucibleMapRareUniqueMonstersDropUniqueWeaponDivinationCards",[],""
11570,"CrucibleMapRareUniqueMonstersDropItemisedWeaponTreeExperience",[],""
11571,"CrucibleMapRareUniqueForgeCanApplyWeaponTreeToUnique",[],""
11572,"CrucibleMapForgeCanRemoveWeaponTreeFromNonUnique",[],""
11573,"CrucibleMapWeaponAndShieldDropFullyLinkedChance",[],""
11574,"CrucibleMapWeaponAndShieldDropFullySocketedChance",[],""
11575,"CrucibleMapWeaponAndShieldDropFracturedChance",[],""
11576,"CrucibleMapWeaponAndShieldDropCorruptedWithImplicitsChance",[],""
11577,"CrucibleMapUniqueMonstersDropMeleeUniqueWeaponChance",[],""
11578,"CrucibleMapUniqueMonstersDropRangedUniqueWeaponChance",[],""
11579,"CrucibleMapUniqueMonstersDropShieldUniqueChance",[],""
11580,"CrucibleMapRareUniqueMonstersDropMeleeWeaponWithTree",[],""
11581,"CrucibleMapRareUniqueMonstersDropRangedWeaponWithTree",[],""
11582,"CrucibleMapRareUniqueMonstersDropShieldWithTree",[],""
11583,"CrucibleMapUniqueMonstersDropUniqueWithTree",[],""
11584,"CrucibleMapCombiningThirtyQuality",[],""
11585,"CrucibleMapCombiningCorruptionImplicit",[],""
11586,"CrucibleMapCombiningFullyLinked",[],""
11587,"CrucibleMapCombiningModValuesRerolled",[],""
11588,"CrucibleMapCombiningTiersCannotBeUpgraded",[],""
11589,"CrucibleMapCombiningTiersUpgradedChance",[],""
11590,"CrucibleMapCombiningMoreLikelySkillsAreKept",[],""
11591,"CrucibleMapCombiningContainsSellNode",[],""
11592,"CrucibleMapMoreUniqueMonster",[],""
11593,"CrucibleMapMoreRareMonsters",[],""
11594,"CrucibleMapExperienceGain",[],""
11595,"CrucibleMapRareMonstersAdditionalModifiers",[],""
11596,"CrucibleMapBeyond",[],""
11597,"CrucibleMapQuantity",[],""
11598,"CrucibleMapRarity",[],""
11599,"CrucibleMapMonsterAlwaysCrit",[],""
11600,"CrucibleMapMonsterMaximumLife",[],""
11601,"CrucibleMapMonsterOverwhelmPhysicalDamageReduction",[],""
11602,"CrucibleMapMonsterAlwaysHits",[],""
11603,"CrucibleMapMonsterLifeAsExtraEnergyShield",[],""
11604,"CrucibleMapMonsterAttackAndSpellBlock",[],""
11605,"CrucibleMapMonsterUnaffectedByCurses",[],""
11606,"CrucibleMapPlayerMinusMaximumResistances",[],""
11607,"CrucibleMapPlayerAuraEffectOnSelf",[],""
11608,"CrucibleMapMonsterBleedChanceAndDuration",[],""
11609,"CrucibleMapMonsterIgniteChanceAndDuration",[],""
11610,"CrucibleMapMonsterPoisonChanceAndDuration",[],""
11611,"CrucibleMapMonsterShockChanceAndEffect",[],""
11612,"CrucibleMapMonsterFreezeChanceAndDuration",[],""
11613,"CrucibleMapMonsterResistancesAndMaximumResistances",[],""
11614,"CrucibleMapPlayerNoFlaskCharges",[],""
11615,"CrucibleMapMonsterCannotBeLeechedFrom",[],""
11616,"CrucibleMapMonsterPhysicalDamageAddedAsChaos",[],""
11617,"CrucibleMapMonsterPhysicalDamageAddedAsRandomElement",[],""
11618,"CrucibleMapMonsterReducedDamageTaken",[],""
11619,"CrucibleMapMonsterIncreasedSpeed",[],""
11620,"CrucibleMapMonsterAreaOfEffect",[],""
11621,"CrucibleMapMonsterSpellSuppression",[],""
11622,"CrucibleMapPlayerMeteorOnFlaskUse",[],""
11623,"CrucibleMapMonsterAdditionalPhysicalDamageReduction",[],""
11624,"CrucibleMapPlayerCannotBlockAttacksOrSpells",[],""
11625,"CrucibleMapPlayerCannotSuppressSpells",[],""
11626,"CrucibleMapPlayerNoRegen",[],""
11627,"CrucibleMapMonsterAdditionalProjectiles",[],""
11628,"WeaponTreeIncreasedLifeReducedDamage",[],""
11629,"WeaponTreeIncreasedLifeReducedAllResistance",[],""
11630,"WeaponTreeIncreasedLifeReducedLocalDefences",[],""
11631,"WeaponTreeIncreasedLifeAndLifeRegen",[],""
11632,"WeaponTreeIncreasedLifeAndStunThreshold",[],""
11633,"WeaponTreeIncreasedLifeAndLifeOnKill",[],""
11634,"WeaponTreeLocalArmourIncreasedDamageOverTimeTaken",[],""
11635,"WeaponTreeLocalArmourIncreasedDamageFromCriticalStrikes",[],""
11636,"WeaponTreeLocalArmourIncreasedStrength",[],""
11637,"WeaponTreeLocalArmourImplicitEffect",[],""
11638,"WeaponTreeLocalArmourLocalBlock",[],""
11639,"WeaponTreeLocalEvasionRatingIncreasedAilmentDurationOnSelf",[],""
11640,"WeaponTreeLocalEvasionRatingReducedStunRecovery",[],""
11641,"WeaponTreeLocalEvasionRatingIncreasedDexterity",[],""
11642,"WeaponTreeLocalEvasionRatingImplicitEffect",[],""
11643,"WeaponTreeLocalEvasionRatingSuppression",[],""
11644,"WeaponTreeLocalEnergyShieldReducedRechargeRate",[],""
11645,"WeaponTreeLocalEnergyShieldReducedManaRegeneration",[],""
11646,"WeaponTreeLocalEnergyShieldIncreasedIntelligence",[],""
11647,"WeaponTreeLocalEnergyShieldImplicitEffect",[],""
11648,"WeaponTreeLocalEnergyShieldAndMana",[],""
11649,"WeaponTreeFireDamagePercentageMinusFireResistance",[],""
11650,"WeaponTreeFireDamagePercentageDamageTakenAsFire",[],""
11651,"WeaponTreeColdDamagePercentageMinusColdResistance",[],""
11652,"WeaponTreeColdDamagePercentageDamageTakenAsCold",[],""
11653,"WeaponTreeLightningDamagePercentageMinusLightningResistance",[],""
11654,"WeaponTreeLightningDamagePercentageDamageTakenAsLightning",[],""
11655,"WeaponTreeChaosDamagePercentageMinusChaosResistance",[],""
11656,"WeaponTreeChaosDamagePercentageDamageTakenAsChaos",[],""
11657,"WeaponTreePhysicalDamagePercentReducedLifeRegenerationRate",[],""
11658,"WeaponTreePhysicalDamagePercentPhysicalDamageReduction",[],""
11659,"WeaponTreeSellPriceSpecificUnique",[],""
11660,"WeaponTreeSellPriceMagmaticOre",[],""
11661,"WeaponTreeSpellBlockNoChanceToBlock",[],""
11662,"WeaponTreeSpellBlockReducedLocalBlock",[],""
11663,"WeaponTreeSpellBlockDamageFromBlockedHits",[],""
11664,"WeaponTreeSpellBlock",[],""
11665,"WeaponTreeSpellBlockMoreMana",[],""
11666,"WeaponTreeLocalBlockCannotBlockSpells",[],""
11667,"WeaponTreeLocalBlockDamageFromBlockedHits",[],""
11668,"WeaponTreeLocalBlockReducedLocalDefences",[],""
11669,"WeaponTreeLocalBlock",[],""
11670,"WeaponTreeLocalBlockLifeOnBlock",[],""
11671,"WeaponTreeLocalBlockBlockRecovery",[],""
11672,"WeaponTreeLocalDefencesReducedMaximumLife",[],""
11673,"WeaponTreeLocalDefencesReducedLocalBlock",[],""
11674,"WeaponTreeLocalDefences",[],""
11675,"WeaponTreeLocalDefencesReflectDamageTaken",[],""
11676,"WeaponTreeLocalDefencesOffHandAttackDamage",[],""
11677,"WeaponTreeFireResistanceReducedColdResistance",[],""
11678,"WeaponTreeFireResistanceReducedLightningResistance",[],""
11679,"WeaponTreeColdResistanceReducedFireResistance",[],""
11680,"WeaponTreeColdResistanceReducedLightningResistance",[],""
11681,"WeaponTreeLightningResistanceReducedColdResistance",[],""
11682,"WeaponTreeLightningResistanceReducedFireResistance",[],""
11683,"WeaponTreeChaosResistanceReducedElementalResistance",[],""
11684,"WeaponTreeElementalResistanceReducedChaosResistance",[],""
11685,"WeaponTreeElementalResistanceReducedLocalDefences",[],""
11686,"WeaponTreeElementalResistanceReducedLocalBlock",[],""
11687,"WeaponTreeChaosResistanceReducedMaximumLife",[],""
11688,"WeaponTreeMaximumFireResistanceReducedMaximumColdResistance",[],""
11689,"WeaponTreeMaximumFireResistanceReducedMaximumLightningResistance",[],""
11690,"WeaponTreeMaximumColdResistanceReducedMaximumFireResistance",[],""
11691,"WeaponTreeMaximumColdResistanceReducedMaximumLightningResistance",[],""
11692,"WeaponTreeMaximumLightningResistanceMaximumColdResistance",[],""
11693,"WeaponTreeMaximumLightningResistanceMaximumFireResistance",[],""
11694,"WeaponTreeMaximumElementalResistanceReducedMaximumChaosResistance",[],""
11695,"WeaponTreeMaximumChaosResistanceReducedMaximumElementalResistance",[],""
11696,"WeaponTreeIncreasedLife",[],""
11697,"WeaponTreeLocalEnergyShield",[],""
11698,"WeaponTreeLocalColdDamage",[],""
11699,"WeaponTreeLocalKnockback",[],""
11700,"WeaponTreeLocalPhysicalDamage",[],""
11701,"WeaponTreeLocalEvasionRating",[],""
11702,"WeaponTreeLocalPhysicalDamageReductionRating",[],""
11703,"WeaponTreeFireDamagePercentage",[],""
11704,"WeaponTreeColdDamagePercentage",[],""
11705,"WeaponTreeLightningDamagePercentage",[],""
11706,"WeaponTreeLocalLightningDamage",[],""
11707,"WeaponTreeLocalFireDamage",[],""
11708,"WeaponTreePhysicalDamagePercent",[],""
11709,"WeaponTreeLocalIncreasedAttackSpeed",[],""
11710,"WeaponTreeLocalIncreaseSocketedSpellGemLevel",[],""
11711,"WeaponTreeLocalIncreaseSocketedMeleeGemLevel",[],""
11712,"WeaponTreeLocalIncreaseSocketedBowGemLevel",[],""
11713,"WeaponTreeLocalIncreaseSocketedMinionGemLevel",[],""
11714,"WeaponTreeLocalIncreaseSocketedStrengthGemLevel",[],""
11715,"WeaponTreeLocalAccuracyRating",[],""
11716,"WeaponTreeLocalAccuracyRatingAndDexterityPercent",[],""
11717,"WeaponTreeLocalAccuracyRatingAndEvasionPercent",[],""
11718,"WeaponTreeAlwaysHitsAndLocalAttackSpeed",[],""
11719,"WeaponTreeAlwaysHitsAndLocalCriticalStrikeChance",[],""
11720,"WeaponTreeBloodMagic",[],""
11721,"WeaponTreeMinionDamage",[],""
11722,"WeaponTreeMinionFlatAccuracyRating",[],""
11723,"WeaponTreeMinionFlatAccuracyRatingAndEffectOfAurasOnMinions",[],""
11724,"WeaponTreeMinionFlatAccuracyRatingAndMinionEvasionPercent",[],""
11725,"WeaponTreeMinionAttackSpeedAndCastSpeed",[],""
11726,"WeaponTreeMinionAttackSpeedAndCastSpeedAndMinionNoExtraCritDamage",[],""
11727,"WeaponTreeMinionAttackSpeedAndCastSpeedAndMinionDamageTaken",[],""
11728,"WeaponTreeMinionAlwaysHitAndCannotCrit",[],""
11729,"WeaponTreeAcrobatics",[],""
11730,"WeaponTreePainAttunement",[],""
11731,"WeaponTreeConduit",[],""
11732,"WeaponTreeMinionInstability",[],""
11733,"WeaponTreeSpellDamage",[],""
11734,"WeaponTreeAllDamageOnWeapon",[],""
11735,"WeaponTreeAncestralBond",[],""
11736,"WeaponTreeLocalAttributeRequirements",[],""
11737,"WeaponTreeLocalChaosDamage",[],""
11738,"WeaponTreeIronReflexes",[],""
11739,"WeaponTreeManaShield",[],""
11740,"WeaponTreeUnwaveringStance",[],""
11741,"WeaponTreeIncreasedChaosDamage",[],""
11742,"WeaponTreeSpellAddedChaosDamage",[],""
11743,"WeaponTreeSimulatedRampage",[],""
11744,"WeaponTreeStealChargesOnHitPercent",[],""
11745,"WeaponTreeChargeDuration",[],""
11746,"WeaponTreeLocalIncreaseSocketedDexterityGemLevel",[],""
11747,"WeaponTreeBaseManaRegeneration",[],""
11748,"WeaponTreeIronWill",[],""
11749,"WeaponTreeResoluteTechnique",[],""
11750,"WeaponTreeSpellAddedFireDamage",[],""
11751,"WeaponTreeSpellAddedColdDamage",[],""
11752,"WeaponTreeSpellAddedLightningDamage",[],""
11753,"WeaponTreeSpellAddedPhysicalDamage",[],""
11754,"WeaponTreeElementalEquilibrium",[],""
11755,"WeaponTreeIronGrip",[],""
11756,"WeaponTreePointBlank",[],""
11757,"WeaponTreeArrowDodging",[],""
11758,"WeaponTreeVaalPact",[],""
11759,"WeaponTreeElementalOverload",[],""
11760,"WeaponTreeAvatarOfFire",[],""
11761,"WeaponTreeEldritchBattery",[],""
11762,"WeaponTreeZealotsOath",[],""
11763,"WeaponTreeAddedLightningDamagePerIntelligence",[],""
11764,"WeaponTreeAddedFireDamagePerStrength",[],""
11765,"WeaponTreeAddedColdDamagePerDexterity",[],""
11766,"WeaponTreeKeystoneGhostReaver",[],""
11767,"WeaponTreeMinionAddedFireDamage",[],""
11768,"WeaponTreeMinionAddedColdDamage",[],""
11769,"WeaponTreeMinionAddedLightningDamage",[],""
11770,"WeaponTreeMinionAddedPhysicalDamage",[],""
11771,"WeaponTreeMinionAddedChaosDamage",[],""
11772,"WeaponTreeAdditionalCriticalStrikeChanceWithSpells",[],""
11773,"WeaponTreeDamageOverTime",[],""
11774,"WeaponTreeCrimsonDance",[],""
11775,"WeaponTreePerfectAgony",[],""
11776,"WeaponTreeRunebinder",[],""
11777,"WeaponTreeWickedWard",[],""
11778,"WeaponTreeGlancingBlows",[],""
11779,"WeaponTreeCallToArms",[],""
11780,"WeaponTreeEternalYouth",[],""
11781,"WeaponTreeWindDancer",[],""
11782,"WeaponTreeTheAgnostic",[],""
11783,"WeaponTreeSupremeEgo",[],""
11784,"WeaponTreeSacredBastion",[],""
11785,"WeaponTreeImpaler",[],""
11786,"WeaponTreeHexMaster",[],""
11787,"WeaponTreeLetheShade",[],""
11788,"WeaponTreeGhostDance",[],""
11789,"WeaponTreeVersatileCombatant",[],""
11790,"WeaponTreeMagebane",[],""
11791,"WeaponTreeSolipsism",[],""
11792,"WeaponTreeDivineShield",[],""
11793,"WeaponTreePreciseTechnique",[],""
11794,"WeaponTreeLocalIncreaseSocketedIntelligenceGemLevel",[],""
11795,"WeaponTreeMinionBaseCriticalStrikeChance",[],""
11796,"WeaponTreeMinionBaseCriticalStrikeChanceAndMinionAttackAndCastSpeed",[],""
11797,"WeaponTreeMinionBaseCriticalStrikeChanceAndMultiplier",[],""
11798,"WeaponTreeMinionBaseCriticalStrikeChanceAndAuraEffectOnMinions",[],""
11799,"WeaponTreeMarkEffect",[],""
11800,"WeaponTreeLocalPhysicalDamageAndAttackSpeed",[],""
11801,"WeaponTreeLocalPhysicalDamageAndFireConversion",[],""
11802,"WeaponTreeLocalPhysicalDamageAndColdConversion",[],""
11803,"WeaponTreeLocalPhysicalDamageAndLightningConversion",[],""
11804,"WeaponTreeLocalPhysicalDamageAndChaosConversion",[],""
11805,"WeaponTreeLocalPhysicalDamageAndRandomElementConversion",[],""
11806,"WeaponTreeLocalPhysicalDamageAndBleedChance",[],""
11807,"WeaponTreeLocalPhysicalDamageAndImpaleChance",[],""
11808,"WeaponTreeLocalFireDamageAndAttackSpeed",[],""
11809,"WeaponTreeLocalFireDamageAndIgniteChance",[],""
11810,"WeaponTreeLocalFireDamageAndImplicitEffect",[],""
11811,"WeaponTreeLocalColdDamageAndCannotChill",[],""
11812,"WeaponTreeLocalColdDamageAndFreezeChance",[],""
11813,"WeaponTreeLocalColdDamageAndAttackSpeed",[],""
11814,"WeaponTreeLocalLightningDamageAndDamageTaken",[],""
11815,"WeaponTreeLocalLightningDamageAndShockChance",[],""
11816,"WeaponTreeLocalLightningDamageAndCriticalStrikeChance",[],""
11817,"WeaponTreeLocalChaosDamageAndMaximumLife",[],""
11818,"WeaponTreeLocalChaosDamageAndPoisonChance",[],""
11819,"WeaponTreeLocalChaosDamageAndWitheredEffect",[],""
11820,"WeaponTreeLocalElementalDamageAndCannotInflictElementalAilments",[],""
11821,"WeaponTreeLocalElementalDamage",[],""
11822,"WeaponTreeLocalElementalDamageAndElementalAilmentChance",[],""
11823,"WeaponTreeLocalElementalDamageAndElementalAilmentEffect",[],""
11824,"WeaponTreeLocalAddedChaosDamagePerLowestAttribute",[],""
11825,"WeaponTreeSpellAddedPhysicalDamageAndCastSpeed",[],""
11826,"WeaponTreeSpellAddedPhysicalDamageAndFireConversion",[],""
11827,"WeaponTreeSpellAddedPhysicalDamageAndColdConversion",[],""
11828,"WeaponTreeSpellAddedPhysicalDamageAndLightningConversion",[],""
11829,"WeaponTreeSpellAddedPhysicalDamageAndChaosConversion",[],""
11830,"WeaponTreeSpellAddedPhysicalDamageAndOverwhelm",[],""
11831,"WeaponTreeSpellAddedFireDamageAndCastSpeed",[],""
11832,"WeaponTreeSpellAddedFireDamageAndIgniteChance",[],""
11833,"WeaponTreeSpellAddedFireDamageAndImplicitEffect",[],""
11834,"WeaponTreeSpellAddedColdDamageAndCannotChill",[],""
11835,"WeaponTreeSpellAddedColdDamageAndFreezeChance",[],""
11836,"WeaponTreeSpellAddedColdDamageAndCastSpeed",[],""
11837,"WeaponTreeSpellAddedLightningDamageAndDamageTaken",[],""
11838,"WeaponTreeSpellAddedLightningDamageAndShockChance",[],""
11839,"WeaponTreeSpellAddedLightningDamageAndSpellCriticalStrikeChance",[],""
11840,"WeaponTreeSpellAddedChaosDamageAndMaximumLife",[],""
11841,"WeaponTreeSpellAddedChaosDamageAndPoisonChance",[],""
11842,"WeaponTreeSpellAddedChaosDamageAndWitherEffect",[],""
11843,"WeaponTreeSpellDamageAndSpellCriticalStrikeChance",[],""
11844,"WeaponTreeSpellDamageAndIncreasedMana",[],""
11845,"WeaponTreeSpellDamageAndIncreasedEnergyShield",[],""
11846,"WeaponTreeMinionAddedPhysicalDamageAndMinionAttackAndCastSpeed",[],""
11847,"WeaponTreeMinionAddedPhysicalDamageAndMinionFireConversion",[],""
11848,"WeaponTreeMinionAddedPhysicalDamageAndMinionColdConversion",[],""
11849,"WeaponTreeMinionAddedPhysicalDamageAndMinionLightningConversion",[],""
11850,"WeaponTreeMinionAddedPhysicalDamageAndMinionChaosConversion",[],""
11851,"WeaponTreeMinionAddedPhysicalDamageAndMinionOverwhelm",[],""
11852,"WeaponTreeMinionAddedFireDamageAndMinionAttackAndCastSpeed",[],""
11853,"WeaponTreeMinionAddedFireDamageAndMinionIgniteChance",[],""
11854,"WeaponTreeMinionAddedFireDamageAndImplicitEffect",[],""
11855,"WeaponTreeMinionAddedColdDamageAndMinionCriticalStrikeChance",[],""
11856,"WeaponTreeMinionAddedColdDamageAndMinionFreezeChance",[],""
11857,"WeaponTreeMinionAddedColdDamageAndMinionAttackAndCastSpeed",[],""
11858,"WeaponTreeMinionAddedLightningDamageAndDamageTaken",[],""
11859,"WeaponTreeMinionAddedLightningDamageAndMinionShockChance",[],""
11860,"WeaponTreeMinionAddedLightningDamageAndMinionCriticalStrikeChance",[],""
11861,"WeaponTreeMinionAddedChaosDamageAndMaximumLife",[],""
11862,"WeaponTreeMinionAddedChaosDamageAndMinionPoisonChance",[],""
11863,"WeaponTreeMinionAddedChaosDamageAndChaosResistance",[],""
11864,"WeaponTreeMinionDamageAndMinionCriticalStrikeChance",[],""
11865,"WeaponTreeMinionDamageAndIncreasedMana",[],""
11866,"WeaponTreeMinionDamageAndIncreasedEnergyShield",[],""
11867,"WeaponTreeDamageOverTimeAndLifeRecoveryRate",[],""
11868,"WeaponTreeDamageOverTimeAndSkillEffectDuration",[],""
11869,"WeaponTreeDamageOverTimeAndSelfAilmentDuration",[],""
11870,"WeaponTreeIncreasedDamageAndSkillCost",[],""
11871,"WeaponTreeIncreasedDamageAndIncreasedAttributes",[],""
11872,"WeaponTreeLocalBaseCriticalStrikeChance",[],""
11873,"WeaponTreeLocalBaseCriticalStrikeChanceAndNoExtraDamageFromCrits",[],""
11874,"WeaponTreeLocalBaseCriticalStrikeChanceAndMultiplier",[],""
11875,"WeaponTreeLocalBaseCriticalStrikeChanceAndAttackSpeed",[],""
11876,"WeaponTreeLocalBaseCriticalStrikeChanceAndAccuracy",[],""
11877,"WeaponTreeLocalAttackSpeedAndLessDamage",[],""
11878,"WeaponTreeLocalIncreasedAttackSpeedAndOnslaughtOnKill",[],""
11879,"WeaponTreeLocalIncreasedAttackSpeedAndFrenzyOnKill",[],""
11880,"WeaponTreeLocalIncreasedAttackSpeedAndLocalDoubleDamageChance",[],""
11881,"WeaponTreeAdditionalCriticalStrikeChanceWithSpellsAndSpellCriticalStrikeMultiplier",[],""
11882,"WeaponTreeAdditionalCriticalStrikeChanceWithSpellsAndNoExtraDamageWithCrits",[],""
11883,"WeaponTreeAdditionalCriticalStrikeChanceWithSpellsAndReservationEfficiencyOfSkills",[],""
11884,"WeaponTreeBaseManaRegenerationAndMultiplicativeMana",[],""
11885,"WeaponTreeBaseManaRegenerationAndReservationEfficiencyOfSkills",[],""
11886,"WeaponTreeBaseManaRegenerationAndManaCostOfSkills",[],""
11887,"WeaponTreeScorchChanceCannotIgnite",[],""
11888,"WeaponTreeBrittleChanceCannotFreezeChill",[],""
11889,"WeaponTreeSapChanceCannotShock",[],""
11890,"WeaponTreeSellNodeScouringOrb",[35],""
11891,"WeaponTreeSellNodeScouringOrbHigh",[36],""
11892,"WeaponTreeSellNodeChaosOrb",[37],""
11893,"WeaponTreeSellNodeChaosOrbHigh",[38],""
11894,"WeaponTreeSellNodeOrbOfRegret",[39],""
11895,"WeaponTreeSellNodeOrbOfRegretHigh",[40],""
11896,"WeaponTreeSellNodeRegalOrb",[41],""
11897,"WeaponTreeSellNodeRegalOrbHigh",[42],""
11898,"WeaponTreeSellNodeVaalOrb",[43],""
11899,"WeaponTreeSellNodeVaalOrbHigh",[44],""
11900,"WeaponTreeSellNodeGemcutters",[45],""
11901,"WeaponTreeSellNodeGemcuttersHigh",[46],""
11902,"WeaponTreeSellNodeBlessedOrb",[47],""
11903,"WeaponTreeSellNodeBlessedOrbHigh",[48],""
11904,"WeaponTreeSellNodeAwakenedSextant",[49],""
11905,"WeaponTreeSellNodeAwakenedSextantHigh",[50],""
11906,"WeaponTreeSellNodeVaultKey",[51],""
11907,"WeaponTreeSellNodeAncientOrb",[52],""
11908,"WeaponTreeSellNodeAncientOrbHigh",[53],""
11909,"WeaponTreeSellNodeOrbOfAnnulment",[54],""
11910,"WeaponTreeSellNodeOrbOfAnnulmentHigh",[55],""
11911,"WeaponTreeSellNodeExaltedOrb",[56],""
11912,"WeaponTreeSellNodeExaltedOrbHigh",[57],""
11913,"WeaponTreeSellNodeDivineOrb",[58],""
11914,"WeaponTreeSellNodeDivineOrbHigh",[59],""
11915,"WeaponTreeSellNodeSacredOrb",[60],""
11916,"WeaponTreeSellNodeSacredOrbHigh",[61],""
11917,"WeaponTreeSellNodeMirrorShard",[62],""
11918,"WeaponTreeSellNodeMirrorShardHigh",[63],""
11919,"WeaponTreeSellNodeIgneousGeode",[64],""
11920,"WeaponTreeSellNodeCrystallineGeode",[65],""
11921,"WeaponTreeSellNodeDouble",[],""
11922,"WeaponTreeSpellSuppressionSpellDamageSuppressed",[],""
11923,"WeaponTreeSpellDamageSuppressedSpellSuppression",[],""
11924,"WeaponTreeSpellSuppressionSpellSuppressionIfSuppressedRecently",[],""
11925,"WeaponTreeLifeOnSupress",[],""
11926,"WeaponTreeLifeOnBlock",[],""
11927,"WeaponTreeEnergyShieldOnBlock",[],""
11928,"WeaponTreeManaOnBlock",[],""
11929,"WeaponTreeChillOnBlock",[],""
11930,"WeaponTreeShockOnBlock",[],""
11931,"WeaponTreeScorchOnBlock",[],""
11932,"WeaponTreeBrittleOnBlock",[],""
11933,"WeaponTreeSapOnBlock",[],""
11934,"WeaponTreeMaxBlockDamageFromBlockedHits",[],""
11935,"WeaponTreeMaxSpellBlockDamageFromBlockedHits",[],""
11936,"WeaponTreeAvoidIgniteChanceToBeShocked",[],""
11937,"WeaponTreeAvoidFreezeChanceToBeIgnited",[],""
11938,"WeaponTreeAvoidShockChanceToBeFrozen",[],""
11939,"WeaponTreeAvoidBleedChanceToBePoisoned",[],""
11940,"WeaponTreeAvoidPoisonBleedDurationOnSelf",[],""
11941,"WeaponTreeCorruptingBloodImmunityExposureEffectOnSelf",[],""
11942,"WeaponTreeExposureImmunityChanceToBeMaimed",[],""
11943,"WeaponTreeCurseEffectOnSelfReducedDamagePerCurseOnSelf",[],""
11944,"WeaponTreeDamagePerCurseOnSelfCurseEffectOnSelf",[],""
11945,"WeaponTreeStunThresholdStunDurationOnSelf",[],""
11946,"WeaponTreeStunRecoveryReducedStunThreshold",[],""
11947,"WeaponTreeEnemyCritChanceAgainstSelfReducedDamageFromCrits",[],""
11948,"WeaponTreeEnemyCritChanceAgainstSelfIncreasedDamageFromCrits",[],""
11949,"WeaponTreeElementalDamageReflectImmunePhysicalReflectDamageTaken",[],""
11950,"WeaponTreePhysicalDamageReflectImmuneElementalReflectDamageTaken",[],""
11951,"WeaponTreeDamageYouReflectGainedAsLife",[],""
11952,"WeaponTreeLifeRecoveryRateReducedMaximumLife",[],""
11953,"WeaponTreeEnergyShieldRecoveryRateReducedLocalEnergyShield",[],""
11954,"WeaponTreeManaRecoveryRateReducedMaximumMana",[],""
11955,"WeaponTreeLifeRegenOnLowLife",[],""
11956,"WeaponTreeEnergyShieldRegenOnLowLife",[],""
11957,"WeaponTreeSpellProjectileBlockReducedAttackProjectileBlock",[],""
11958,"WeaponTreeAttackProjectileBlockReducedSpellProjectileBlock",[],""
11959,"WeaponTreeElusiveOnLowLifeReducedElusiveEffect",[],""
11960,"WeaponTreeCannotBeStunnedOnLowLifeDamageTakenOnLowLife",[],""
11961,"WeaponTreeConsecratedGroundAilmentImmunityConsecratedGroundEffect",[],""
11962,"WeaponTreeConsecratedGroundEffectConsecratedGroundArea",[],""
11963,"WeaponTreeGuardSkillCooldownRecoveryGuardDuration",[],""
11964,"WeaponTreeDebuffTimePassed",[],""
11965,"WeaponTreeAvoidAilmentsFromCriticalStrikes",[],""
11966,"WeaponTreeCounterattacksMoreDamageCounterattackCooldownRecovery",[],""
11967,"WeaponTreeFortificationDurationMaximumFortification",[],""
11968,"ItemCanHaveTwoHandedSwordWeaponTree",[],""
11969,"ItemCanHaveSupportGemsOnlyTree",[],""
11970,"WeaponTreeFireDoTMultiplierReducedFireResistance",[],""
11971,"WeaponTreeColdDoTMultiplierReducedColdResisatance",[],""
11972,"WeaponTreeChaosDoTMultiplierReducedChaosResistance",[],""
11973,"WeaponTreePhysicalDoTMultiplierEnemyOverwhelm",[],""
11974,"WeaponTreeLocalElementalPenetrationReducedElementalResistance",[],""
11975,"WeaponTreeLocalChaosPenetrationReducedChaosResistance",[],""
11976,"WeaponTreeAreaOfEffectIfKilledRecentlyReducedAreaOfEffect",[],""
11977,"WeaponTreeAreaOfEffectReducedAreaOfEffectIfKilledRecently",[],""
11978,"WeaponTreeProjectileSpeedReducedProjectileDamage",[],""
11979,"WeaponTreeArrowsChainChainingRange",[],""
11980,"WeaponTreeChainingRange",[],""
11981,"WeaponTreeAdditionalPierce",[],""
11982,"WeaponTreeForkExtraProjectileChance",[],""
11983,"WeaponTreeMarkEffectIncreasedMarkCost",[],""
11984,"WeaponTreeFrenzyOnHittingMarkedEnemyReducedMarkEffect",[],""
11985,"WeaponTreeCullingStrikeVsMarkedEnemyReducedAccuracyVsMarkedEnemy",[],""
11986,"WeaponTreeLocalWeaponRange",[],""
11987,"WeaponTreeLocalLifeLeechAndSpeed",[],""
11988,"WeaponTreeLocalManaLeechAndSpeed",[],""
11989,"WeaponTreeSpellEnergyShieldLeechAndSpeed",[],""
11990,"WeaponTreeMaxLifeLeech",[],""
11991,"WeaponTreeMaxManaLeech",[],""
11992,"WeaponTreeMaxEnergyShield",[],""
11993,"WeaponTreeLocalLifeOnHitReducedManaOnHit",[],""
11994,"WeaponTreeLocalManaOnHitReducedLifeOnHit",[],""
11995,"WeaponTreeTravelSkillCooldownSpeedReducedMovementSpeed",[],""
11996,"WeaponTreeMovementSpeedTravelSkillsDisabled",[],""
11997,"WeaponTreeArcaneSurgeOnCriticalStrikeReducedArcaneSurgeEffect",[],""
11998,"WeaponTreeArcaneSurgeEffectReducedSelfBuffExpiry",[],""
11999,"WeaponTreeOnslaughtSurgeEffectReducedSelfBuffExpiry",[],""
12000,"WeaponTreeOnslaughtOnKillReducedOnslaughtEffect",[],""
12001,"WeaponTreeUnholyMightChanceReducedSelfBuffExpiry",[],""
12002,"WeaponTreePhasingOnKillReducedSelfBuffExpiry",[],""
12003,"WeaponTreeLocalStunThresholdEnduranceChargeOnMeleeStun",[],""
12004,"WeaponTreeDoubleStunDurationEnemyStunThreshold",[],""
12005,"WeaponTreeFortifyOnMeleeStunChanceReducedFortifyDuration",[],""
12006,"WeaponTreeSkillEffectDurationReducedCooldownRecovery",[],""
12007,"WeaponTreeCooldownRecoveryReducedSkillEffectDuration",[],""
12008,"WeaponTreeFlaskChargeOnCriticalStrikeReducedFlaskEffect",[],""
12009,"WeaponTreeFlaskEffectReducedFlaskChargesGained",[],""
12010,"WeaponTreeCurseEffectIfMostlyExpiredReducedCurseEffect",[],""
12011,"WeaponTreeCurseEffectIncreasedCurseEffectOnSelf",[],""
12012,"WeaponTreeCurseDurationReducedCurseAreaOfEffect",[],""
12013,"WeaponTreeQuiverModEffect",[],""
12014,"WeaponTreeNumberOfCorpsesReducedCorpseLife",[],""
12015,"WeaponTreeCorpseLifeReducedNumberOfCorpses",[],""
12016,"WeaponTreeCastSpeedIfConsumedCorpseRecently",[],""
12017,"WeaponTreeMinionCooldownRecoveryReducedMinionDuration",[],""
12018,"WeaponTreeMinionDurationReducedCooldownRecovery",[],""
12019,"WeaponTreeMinionAreaOfEffectReducedDamage",[],""
12020,"WeaponTreeMinionElementalResistanceReducedChaosResistance",[],""
12021,"WeaponTreeMinionChaosResistanceReducedElementalResistance",[],""
12022,"WeaponTreeMinionArmour",[],""
12023,"WeaponTreeMinionEvasion",[],""
12024,"WeaponTreeMinionSpellSuppressionChanceReducedEvasion",[],""
12025,"WeaponTreeMinionLifeReducedLifeRecoveryRate",[],""
12026,"WeaponTreeMinionLifeRecoveryRateReducedMaximumLife",[],""
12027,"WeaponTreeMinionLifeAsExtraEnergyShieldReducedElementalResistance",[],""
12028,"WeaponTreeMinionMaximumElementalResistances",[],""
12029,"WeaponTreeMinionBlindOnHitChance",[],""
12030,"WeaponTreeMinionHinderOnHitChance",[],""
12031,"WeaponTreeMinionMovementSpeed",[],""
12032,"WeaponTreeMinionProjectileSpeed",[],""
12033,"WeaponTreeMinionBleedChanceBleedDurationOnSelf",[],""
12034,"WeaponTreeMinionPoisonChancePoisonDurationOnSelf",[],""
12035,"WeaponTreeMinionIgniteChanceIgniteDurationOnSelf",[],""
12036,"WeaponTreeMinionFreezeChanceFreezeDurationOnSelf",[],""
12037,"WeaponTreeMinionShockChanceShockDurationOnSelf",[],""
12038,"WeaponTreeLinkSkillsEffectReducedLinkManaCost",[],""
12039,"WeaponTreeLinkToExtraAlliesReducedLinkBuffEffect",[],""
12040,"WeaponTreeConvocationCooldownSpeedReducedBuffEffect",[],""
12041,"WeaponTreeOfferingEffectReducedDuration",[],""
12042,"WeaponTreeOfferingDurationReducedEffect",[],""
12043,"WeaponTreeMinionOnslaughtChanceReducedMovementSpeed",[],""
12044,"WeaponTreeMinionUnholyMightChanceReducedChaosResistance",[],""
12045,"WeaponTreeMinionBlockReducedSpellBlock",[],""
12046,"WeaponTreeMinionSpellBlockReducedBlock",[],""
12047,"WeaponTreeMinionRecoverLifeOnBlockReducedMaximumLife",[],""
12048,"WeaponTreeGolemsAllowedReducedGolemBuffEffect",[],""
12049,"WeaponTreeGolemBuffEffectReducedGolemsAllowed",[],""
12050,"WeaponTreeFishingLineStrength",[],""
12051,"WeaponTreeFishingQuantity",[],""
12052,"WeaponTreeFishingRarity",[],""
12053,"WeaponTreeFishingPoolConsumption",[],""
12054,"WeaponTreeFishingLureType",[],""
12055,"WeaponTreeFishingHookType",[],""
12056,"WeaponTreeFishingExoticFish",[],""
12057,"WeaponTreeFishingBiteSensitivity",[],""
12058,"WeaponTreeFishingReelStability",[],""
12059,"WeaponTreeFishingChanceToCatchBoots",[],""
12060,"WeaponTreeFishingChanceToCatchDivineOrb",[],""
12061,"WeaponTreeFishingCanCatchDivineFish",[],""
12062,"WeaponTreeFishingGhastlyFishermanCannotSpawn",[],""
12063,"WeaponTreeFishingGhastlyFishermanSpawnsBehindYou",[],""
12064,"WeaponTreeFishingTasalioIrePerFishCaught",[],""
12065,"WeaponTreeFishingValakoAidPerStormyDay",[],""
12066,"WeaponTreeFishingBestiaryLuresAtFishingHoles",[],""
12067,"WeaponTreeFishingCorruptedFishCleansedChance",[],""
12068,"WeaponTreeFishingKrillsonAffectionPerFishGifted",[],""
12069,"WeaponTreeFishingLifeOfFishWithThisRod",[],""
12070,"WeaponTreeFishingFishAlwaysTellTruthWithThisRod",[],""
12071,"WeaponTreeFishingWishPerFish",[],""
12072,"WeaponTreeFishingWishEffectOfAncientFish",[],""
12073,"WeaponTreeFishingMagmaticFishAreCooked",[],""
12074,"WeaponTreeFishingMoltenOneConfusionPerFishGifted",[],""
12075,"RedbladeWarlord",[],""
12076,"LowLifeInstantLifeRecovery",[5],""
12077,"LowManaInstantManaRecovery",[5],""
12078,"IncreasedLifeNoLifeModifiers",[7],""
12079,"HinekoraButterflyEffect",[7],""
12080,"SoulTattooEffect",[7],""
12081,"GainSpellCostAsES",[7],""
12082,"LocalTreatElementalResistanceAsInverted",[7],""
12083,"MinionsUseMainHandBaseCrit",[7],""
12084,"TreatResistancesAsMaxChance",[6],""
12085,"TakeNoBurningDamageIfStopBurning",[5],""
12086,"GainMissingLifeOnHit",[7],""
12087,"ImmuneToDamagingAilments",[5],""
12088,"UnaffectedByDamagingAilments",[5],""
12089,"NonExertedAttacksNoDamage",[5],""
12090,"LifeLeechInstantExertedAttacks",[7],""
12091,"QuiverChillAsThoughtDealingMoreDamage",[5],""
12092,"NgamahusEmbraceOnKill",[5],""
12093,"KitavasEmbraceOnKill",[5],""
12094,"TukohamasEmbraceOnKill",[5],""
12095,"RongokuraisEmbraceOnKill",[5],""
12096,"TasaliosEmbraceOnKill",[5],""
12097,"ArohonguisEmbraceOnKill",[5],""
12098,"RamakosEmbraceOnKill",[5],""
12099,"HinekorasEmbraceOnKill",[5],""
12100,"TawhoasEmbraceOnKill",[5],""
12101,"ValakosEmbraceOnKill",[5],""
12102,"MapCorruptedSideAreaLifeAsExtraEnergyShield",[],""
12103,"MapCorruptedSideAreaOverwhelmPhysicalDamageReduction",[],""
12104,"MapCorruptedSideAreaPhysicalDamageAddedAsChaos",[],""
12105,"MapCorruptedSideAreaAuraEffectOnSelf",[],""
12106,"MapCorruptedSideAreaPlayerNoFlaskCharges",[],""
12107,"MapCorruptedSideAreaMonsterCannotBeLeechedFrom",[],""
12108,"MapCorruptedSideAreaSpellSuppression",[],""
12109,"MapCorruptedSideAreaPlayerCannotBlockAttacksOrSpells",[],""
12110,"MapCorruptedSideAreaPlayerCannotSuppressSpells",[],""
12111,"MapCorruptedSideAreaPlayerNoRegen",[],""
12112,"MapCorruptedSideAreaBeyond",[],""
12113,"MapCorruptedSideAreaMonsterElementalReflection",[],""
12114,"MapCorruptedSideAreaMonsterPhysicalReflection",[],""
12115,"MapCorruptedSideAreaMonsterAttackAndSpellBlock",[],""
12116,"MapCorruptedSideAreaMonsterUnaffectedByCurses",[],""
12117,"MapCorruptedSideAreaMonstersAvoidAilments",[],""
12118,"MapAbyssDepths",[],""
12119,"AncestralTrialKnockbackAndMovementSpeed",[],""
12120,"AncestralTrialProximityShield",[],""
12121,"AncestralTrialExplodeOnDeath",[],""
12122,"AncestralTrialRespawnTimerPercent",[],""
12123,"AncestralTrialMonsterForestTuataraCamo",[],""
12124,"AncestralTrialChilledGroundTrail",[],""
12125,"AncestralItemAlwaysIgnite",[],""
12126,"AncestralItemSlainEnemiesHaveExtraRespawnTimer",[],""
12127,"AncestralTrialMonsterDeathCasterLongerRespawn",[],""
12128,"AncestralItemRighteousFireAura",[],""
12129,"AncestralItemChanceForNoRespawnTimerOnDeath",[],""
12130,"AncestralItemSnareEnemiesOnHit",[],""
12131,"AncestralItemLifeAsExtraEnergyShield",[],""
12132,"AncestralItemCannotBeChilledOrFrozen",[],""
12133,"AncestralItemFreezeEnemiesNearYouOrYourTotem",[],""
12134,"AncestralItemChannellingDoesntPreventRespawnTimer",[],""
12135,"AncestralItemTotemLifeRegeneration",[],""
12136,"AncestralItemTotemCannotRecoverLifeWhileBeingChannelled",[],""
12137,"AncestralItemDamageTakenRecoveredByTotem",[],""
12138,"AncestralItemLifeRegenerationWhileChannellingTotem",[],""
12139,"AncestralItemNearbyEnemiesNoLifeRecovery",[],""
12140,"AncestralItemTailwindAura",[],""
12141,"AncestralItemChannellingDamageToTotems",[],""
12142,"AncestralItemCannotBeSlowed",[],""
12143,"AncestralItemStunEnemiesOnRespawn",[],""
12144,"AncestralItemTotemLife",[],""
12145,"AncestralItemStealth",[],""
12146,"AncestralItemShroudWalker",[],""
12147,"AncestralItemChannellingInterruptDuration",[],""
12148,"AncestralItemDefensiveTeammatesGainCharges",[],""
12149,"AncestralItemLightningThornsDaemon",[],""
12150,"AncestralItemBlockAndSpellBlock",[],""
12151,"AncestralItemHinderDaemon",[],""
12152,"AncestralItemMaximumLifeOnRespawn",[],""
12153,"AncestralItemNearbyPlayersGainFlaskChargesAura",[],""
12154,"AncestralItemAttackSpeedPerNearbyEnemy",[],""
12155,"AncestralItemBonusesOnLowLife",[],""
12156,"AncestralItemAdrenalineForOffensiveTeammates",[],""
12157,"AncestralItemDebilitateWhenHit",[],""
12158,"NearbyEnemyPhysicalDamageConvertedToFire",[],""
12159,"AncestralTrialMonsterTotemDestructionRange",[],""
12160,"AncestralTrialMonsterInterruptDuration",[],""
12161,"AncestralTrailMonsterStunThreshold",[],""
12162,"AncestralTrialMonsterStealsFlaskCharges",[],""
12163,"AncestralTrialMonsterStealsMana",[],""
12164,"AncestralTrailMonsterCriticalResistance",[],""
12165,"AncestralTrialMonsterCurseEffect",[],""
12166,"AncestralTrailMonsterAilmentResistance",[],""
12167,"AmcestralTrialMonsterLeechResistance",[],""
12168,"AncestralTrialMonsterAccuracy",[],""
12169,"AncestralTrialMonsterBlockReduction",[],""
12170,"AncestralTrialMonsterOverwhelm",[],""
12171,"AncestralTrialFleeAndDamageFinal",[],""
12172,"AncestralTrialChieftainBalance",[],""
12173,"AncestralKaomAxeStance",[],""
12174,"AzmeriLeague",[],""
12175,"AtziriDaemonDamage",[],""
12176,"IncreasedLifeEmptyRedSocket",[5],""
12177,"IncreasedAccuracyEmptyGreenSocket",[5],""
12178,"IncreasedManaEmptyBlueSocket",[5],""
12179,"AllResistEmptyWhiteSocket",[6],""
12180,"LocalIncreaseSocketedGemLevelPerFilledSocket",[],""
12181,"CorruptedMagicJewelModEffect",[7],""
12182,"MaximumQualityOverride",[7],""
12183,"RandomMovementVelocityWhenHit",[7],""
12184,"EnemyElementalResistanceZeroWhenHit",[7],""
12185,"SkeletonAddedChaosDamageShield",[7],""
12186,"ElementalDamageTakenAsPhysical",[5],""
12187,"ElementalDamageFromBlockedHits",[5],""
12188,"SpellAddedChaosDamageMaximumLife",[7],""
12189,"CriticalStrikeMultiplierMonsterPower",[5],""
12190,"LeechInstantMonsterPower",[5],""
12191,"GainEnduranceChargeEverySecond",[5],""
12192,"GainFrenzyChargeEverySecond",[5],""
12193,"GainPowerChargeEverySecond",[5],""
12194,"MapSupporterAdditionalModifiers",[],""
12195,"MapSupporterRevivingMonsters",[],""
12196,"MapSupporterTheFeared",[],""
12197,"MapSupporterTheHidden",[],""
12198,"MapSupporterTheTwisted",[],""
12199,"MapSupporterTheFormed",[],""
12200,"MapSupporterTheForgotten",[],""
12201,"MapSupporterTheElderslayers",[],""
12202,"MapSupporterAtlasBosses",[],""
12203,"MapSupporterPlayerCannotSuppress",[],""
12204,"MapSupporterCreepingAgony",[],""
12205,"MapSupporterCannotBlock",[],""
12206,"MapSupporterRareMonsterModOnKill",[],""
12207,"MapSupporterInhabitedBySpikers",[],""
12208,"MapSupporterCorruptingTempest",[],""
12209,"MapSupporterPetrifyOnHit",[],""
12210,"MapSupporterCannotGainFlasks",[],""
12211,"MapSupporterActorScale",[],""
12212,"MapSupporterFrenzyOnHit",[],""
12213,"MapSupporterPowerOnHit",[],""
12214,"MapSupporterEnduranceOnHit",[],""
12215,"MapSupporterAdditionalRareMonsterMods",[],""
12216,"MapSupporterVendoredDrops",[],""
12217,"MapSupporterRampage",[],""
12218,"MapSupporterAnimatedWeapons",[],""
12219,"MapSupporterAdditionalFrogPacks",[],""
12220,"MapSupporterInhabitedByHeralds",[],""
12221,"MapSupporterInhabitedByBoneHusks",[],""
12222,"MapSupporterPortalLimit",[],""
12223,"MapSupporterAbyss",[],""
12224,"MapSupporterSulphiteGolems",[],""
12225,"MapSupporterRampingDamage",[],""
12226,"MapSupporterBreach",[],""
12227,"MapSupporterHarvestBoss1",[],""
12228,"MapSupporterHarvestBoss2",[],""
12229,"MapSupporterHarvestBoss3",[],""
12230,"MapSupporterUntaintedPacks",[],""
12231,"MapSupporterEvilEinhar",[],""
12232,"MapSupporterCannotEvade",[],""
12233,"MapSupporterSuperCull",[],""
12234,"MapSupporterMaxAffliction",[],""
12235,"MapSupporterInsanity",[],""
12236,"MapSupporterMultipleProjectiles",[],""
12237,"MapSupporterMalediction",[],""
12238,"MapSupporterGraspingVines",[],""
12239,"MapSupporterNoCorpseRemoval",[],""
12240,"MapSupporterDebuffsExpireSlower",[],""
12241,"MapSupporterInstabilityCharges",[],""
12242,"MapSupporterIncursion",[],""
12243,"MapSupporterMovement",[],""
12244,"MapSupporterTorment",[],""
12245,"MapSupporterNoItems",[],""
12246,"MapSupporterNoExperience",[],""
12247,"MapSupporterRogueGiants",[],""
12248,"MapSupporterPossessed",[],""
12249,"MapSupporterVolatilesOnDeath",[],""
12250,"MapSupporterBaranApparitions",[],""
12251,"MapSupporterDroxApparitions",[],""
12252,"MapSupporterVeritaniaApparitions",[],""
12253,"MapSupporterAlHezminApparitions",[],""
12254,"MapSupporterSirusApparitions",[],""
12255,"MapSupporterShaperApparitions",[],""
12256,"MapSupporterElderApparitions",[],""
12257,"MapSupporterAtziriApparitions",[],""
12258,"MapSupporterAllApparitions",[],""
12259,"MapSupporterLegionVolatiles",[],""
12260,"MapSupporterBeyond",[],""
12261,"MapSupporterDamagePerSlot",[],""
12262,"MapSupporterMaddeningTentacles",[],""
12263,"MapSupporterUnionOfSouls",[],""
12264,"MapSupporterShroudWalker",[],""
12265,"MapSupporterMeteor",[],""
12266,"MapSupporterFatal",[],""
12267,"MapSupporterPortalLoss",[],""
12268,"MapSupporterGenerousPortals",[],""
12269,"MapSupporterSkillCosts",[],""
12270,"MapSupporterDetonateTotems",[],""
12271,"MapSupporterRareMonsterSpawnBoss",[],""
12272,"MapSupporterGigaReflect",[],""
12273,"MapSupporterEnrage",[],""
12274,"MapSupporterVoidOnDeath",[],""
12275,"MapSupporterAuraEffect",[],""
12276,"MapSupporterHeist",[],""
12277,"MapSupporterInfluencePacks",[],""
12278,"MapSupporterPlayerThorns",[],""
12279,"MapSupporterPlayerDamageWhileDead",[],""
12280,"MapSupporterRoamingCurses",[],""
12281,"MapSupporterSirusStorms",[],""
12282,"MapSupporterExpedition",[],""
12283,"MapSupporterMavenFollower",[],""
12284,"MapSupporterTricksters",[],""
12285,"MapSupporterVariableMovement",[],""
12286,"MapSupporterRuinGhosts",[],""
12287,"MapSupporterDomination",[],""
12288,"MapSupporterRitual",[],""
12289,"MapSupporterBlight",[],""
12290,"MapSupporterEssence",[],""
12291,"MapSupporterUltimatum",[],""
12292,"MapSupporterDamageRadius",[],""
12293,"MapSupporterSoloMode",[],""
12294,"MapSupporterHarbinger",[],""
12295,"ChestSupporterVaalCausticArrow",[],""
12296,"ChestSupporterVaalFirestorm",[],""
12297,"ChestSupporterVaalBladeVortex",[],""
12298,"ChestSupporterVaalSpark",[],""
12299,"ChestSupporterVaalFlameblast",[],""
12300,"ChestSupporterVaalThrownWeapon",[],""
12301,"ChestSupporterVaalVolcanicFissure",[],""
12302,"MapSupporterVaalEmpoweredChests",[],""
12303,"MonsterSupporterGigantism",[],""
12304,"MonsterSupporterEssenceContempt",[],""
12305,"MonsterSupporterEssenceAnger",[],""
12306,"MonsterSupporterEssenceHatred",[],""
12307,"MonsterSupporterEssenceWrath",[],""
12308,"MonsterSupporterEssenceMisery",[],""
12309,"MonsterSupporterEssenceEnvy",[],""
12310,"MonsterSupporterEssenceRage",[],""
12311,"MonsterSupporterEssenceGreed",[],""
12312,"MonsterSupporterEssenceWoe",[],""
12313,"MonsterSupporterEnrageDaemon",[],""
12314,"ImplicitSupporterHidden",[],""
12315,"AnimalCharmMovementSpeedCannotBeBelowBase",[5],""
12316,"AnimalCharmArmourAppliesToElementalDamage",[5],""
12317,"AnimalCharmEnduranceChargeOnStun",[5],""
12318,"AnimalCharmAreaOfEffectPerEnduranceCharge",[5],""
12319,"AnimalCharmEnchangeChargeWhenHit",[5],""
12320,"AnimalCharmChaosResistancePerEnduranceCharge",[5],""
12321,"AnimalCharmLIfeRegenerationRate",[5],""
12322,"AnimalCharmTotemTauntEnemiesWhenSummoned",[5],""
12323,"AnimalCharmTotemRecoup",[5],""
12324,"AnimalCharmFireExplode",[5],""
12325,"AnimalCharmAshOnHittingRareUniqueEnemy",[5],""
12326,"AnimalCharmStrengthPercent",[5],""
12327,"AnimalCharmMaximumFireDamageResistance",[5],""
12328,"AnimalCharmIgniteDurationOnSelf",[5],""
12329,"AnimalCharmStunImmuneWith25Rage",[5],""
12330,"AnimalCharmAddedPhysicalDamageIfCritRecently",[5],""
12331,"AnimalCharmMaximumRage",[5],""
12332,"AnimalCharmWarcriesGrantRage",[5],""
12333,"AnimalCharmLeechPercentIsInstant",[5],""
12334,"AnimalCharmLeechIfKilledRecently",[5],""
12335,"AnimalCharmCorpseExplodeOnWarcry",[5],""
12336,"AnimalCharmStunImmuneWhileFortified",[5],""
12337,"AnimalCharmTauntOnHitChance",[5],""
12338,"AnimalCharmBannersNoReservation",[5],""
12339,"AnimalCharmRecoverBannerStagesOnPlacingBanner",[5],""
12340,"AnimalCharmGainAdrenalineOnReachingLowLife",[5],""
12341,"AnimalCharmImpaleLastsForExtraHits",[5],""
12342,"AnimalCharmFortifyOnMeleeHitChance",[5],""
12343,"AnimalCharmBleedExplode",[5],""
12344,"AnimalCharmBlindOnHitVsBleedingEnemies",[5],""
12345,"AnimalCharmMaimOnHitVsBlindedEnemies",[5],""
12346,"AnimalCharmStunImmuneAgainstBlockedHits",[5],""
12347,"AnimalCharmMaximumBlock",[5],""
12348,"AnimalCharmOverwhelmIfBlockedinPast20Seconds",[5],""
12349,"AnimalCharmArmourAndEvasionPerBlock",[5],""
12350,"AnimalCharmAttackBlock",[5],""
12351,"AnimalCharmAttackSpeedOnKillingRareUnique",[5],""
12352,"AnimalCharmPhysicalReflectImmune",[5],""
12353,"AnimalCharmStunImmuneWhileLeeching",[5],""
12354,"AnimalCharmUnaffectedbyBleedingWhileLeeching",[5],""
12355,"AnimalCharmOverkillLeech",[5],""
12356,"AnimalCharmMaximumAmountPerLifeLeech",[5],""
12357,"AnimalCharmAreaOfEffectIfKilledRecently",[5],""
12358,"AnimalCharmCullingStrike",[5],""
12359,"AnimalCharmStrengthAndIntelligence",[5],""
12360,"AnimalCharmCriticalStrikesNonDamagingAilmentEffect",[5],""
12361,"AnimalCharmConsecratedGroundLingerDuration",[5],""
12362,"AnimalCharmConsecratedGroundDamageTaken",[5],""
12363,"AnimalCharmElementalPenetration",[5],""
12364,"AnimalCharmConsecratedGroundVsRareUnique",[5],""
12365,"AnimalCharmCriticalStrikeChanceIfNotCritRecently",[5],""
12366,"AnimalCharmDamageRemovedFromManaBeforeLife",[5],""
12367,"AnimalCharmManaReservationEfficiency",[5],""
12368,"AnimalCharmManaToAddAsExtraEnergyShield",[5],""
12369,"AnimalCharmArcaneSurgeOnHit",[5],""
12370,"AnimalCharmNonDamagingAilmentEffectOnSelfWithArcaneSurge",[5],""
12371,"AnimalCharmDamageRemovedFromTotemLifeBeforeSelf",[5],""
12372,"AnimalCharmMinimumEnduranceAndPowerCharges",[5],""
12373,"AnimalCharmChanceToSummonTwoTotems",[5],""
12374,"AnimalCharmBlockChanceIfAttackedRecently",[5],""
12375,"AnimalCharmSpellBlockChanceIfCastSpellRecently",[5],""
12376,"AnimalCharmRemoveCursesAndAilmentsEvery10seconds",[5],""
12377,"AnimalCharmReservedManaGrantedAsArmour",[5],""
12378,"AnimalCharmEnemiesInLinkBeamCannotInflictElementalAilments",[5],""
12379,"AnimalCharmLifeRegenerationForASecondEvery10Seconds",[5],""
12380,"AnimalCharmNearbyEnemiesCannotGainCharges",[5],""
12381,"AnimalCharmNearbyAlliesHaveOnslaughtIfYouHaveAtLeast5Nearby",[5],""
12382,"AnimalCharmExposureExtraResistance",[5],""
12383,"AnimalCharmAllDamageCanIgnite",[5],""
12384,"AnimalCharmShockMinimumDamageIncrease",[5],""
12385,"AnimalCharmChillMinimumSlow",[5],""
12386,"AnimalCharmGolemBuffEffect",[5],""
12387,"AnimalCharmIgniteFreezeShockChance",[5],""
12388,"AnimalCharmElementalReflectImmune",[5],""
12389,"AnimalCharmIgnoreHexproofEnemies",[5],""
12390,"AnimalCharmChaosExplode",[5],""
12391,"AnimalCharmAreaofEffectPerPowerCharge",[5],""
12392,"AnimalCharmCurseEffect",[5],""
12393,"AnimalCharmNearbyEnemiesAreChilled",[5],""
12394,"AnimalCharmEnergyShieldRegeneration",[5],""
12395,"AnimalCharmSpellHinderOnHitChance",[5],""
12396,"AnimalCharmMinionUnholyMightChance",[5],""
12397,"AnimalCharmOfferingEffect",[5],""
12398,"AnimalCharmRegenerateManaOnConsumeCorpse",[5],""
12399,"AnimalCharmRegenerateEnergyShieldOnConsumeCorpse",[5],""
12400,"AnimalCharmElementalResistancesForAuraAffectedAllies",[5],""
12401,"AnimalCharmMinionPhysicalDamageBasedOffHelmetEnergyShield",[5],""
12402,"AnimalCharmCorpseLife",[5],""
12403,"AnimalCharmMinionPhysicalDamageReduction",[5],""
12404,"AnimalCharmPowerChargeOnCriticalStrike",[5],""
12405,"AnimalCharmCriticalStrikeMultiplierPerPowerCharge",[5],""
12406,"AnimalCharmAdditionalCriticalStrikeChanceAtMaximumPowerCharges",[5],""
12407,"AnimalCharmCriticalStrikesHaveCullingStrike",[5],""
12408,"AnimalCharmCriticalStrikeChanceAgainstFullLifeEnemies",[5],""
12409,"AnimalCharmCriticalStrikeDamageCannotBeReflected",[5],""
12410,"AnimalCharmElusiveEffect",[5],""
12411,"AnimalCharmNoExtraDamageFromCriticalStrikesIfElusive",[5],""
12412,"AnimalCharmPoisonDurationPerPoisonAppliedRecently",[5],""
12413,"AnimalCharmCannotBeBlinded",[5],""
12414,"AnimalCharmBlindOnHitChance",[5],""
12415,"AnimalCharmMineAuraEffect",[5],""
12416,"AnimalCharmTakeHalfAreaDamageChance",[5],""
12417,"AnimalCharmChanceFor150%AreaDamage",[5],""
12418,"AnimalCharmCooldownRecoveryRate",[5],""
12419,"AnimalCharmChanceToThrow4AdditionalTraps",[5],""
12420,"AnimalCharmCritVsBurningAndShockedEnemies",[5],""
12421,"AnimalCharmChargeDuration",[5],""
12422,"AnimalCharmLifeManaESOnKill",[5],""
12423,"AnimalCharmChanceForEnergyShieldRechargeOnSuppress",[5],""
12424,"AnimalCharmChanceFor25%NonChaosToAddAsChaosDamage",[5],""
12425,"AnimalCharmEvasionPerEnergyShieldOnHelmet",[5],""
12426,"AnimalCharmSpellDamageSuppressedOnFullEnergyShield",[5],""
12427,"AnimalCharmEnergyShieldLeech",[5],""
12428,"AnimalCharmRecover10PercentManaOnSkillUseChance",[5],""
12429,"AnimalCharmNoBarrageSpread",[5],""
12430,"AnimalCharmMarkEffect",[5],""
12431,"AnimalCharmProjectileChainFromTerrainChance",[5],""
12432,"AnimalCharmAdditionalProjectiles",[5],""
12433,"AnimalCharmMirageArcherDuration",[5],""
12434,"AnimalCharmProjectileDamageWithDistanceTravelled",[5],""
12435,"AnimalCharmLifeOnHitVsBleedingEnemies",[5],""
12436,"AnimalCharmAccuracyIfCritInLast8Seconds",[5],""
12437,"AnimalCharmOnslaughtEffect",[5],""
12438,"AnimalCharmPhasingOnKillChance",[5],""
12439,"AnimalCharmSpellSuppressionChance",[5],""
12440,"AnimalCharmAvoidElementalAilmentsChanceWhilePhasing",[5],""
12441,"AnimalCharmOnslaughtOnKillChance",[5],""
12442,"AnimalCharmEvasionRatingPerFrenzyCharge",[5],""
12443,"AnimalCharmMovementSpeedPerFrenzyCharge",[5],""
12444,"AnimalCharmFrenzyOnHItChance",[5],""
12445,"AnimalCharmFlaskChargesEvery3Seconds",[5],""
12446,"AnimalCharmRemoveBleedOnFlaskUse",[5],""
12447,"AnimalCharmMagicUtilityFlaskEffect",[5],""
12448,"AnimalCharmWitheredOnHitChance",[5],""
12449,"AnimalCharmRecoverLifeOnFlaskUse",[5],""
12450,"AnimalCharmWitheredEffect",[5],""
12451,"AnimalCharmFlaskChargesGainedFromEnemiesWithAilments",[5],""
12452,"AnimalCharmPhysicalDamageAsRandomElement",[5],""
12453,"AzmeriAltarBat",[],""
12454,"AzmeriAltarBear",[],""
12455,"AzmeriAltarCat",[],""
12456,"AzmeriAltarCrow",[],""
12457,"AzmeriAltarDeer",[],""
12458,"AzmeriAltarLemur",[],""
12459,"AzmeriAltarRabbit",[],""
12460,"AzmeriAltarRaccoon",[],""
12461,"AzmeriAltarRat",[],""
12462,"AzmeriAltarToad",[],""
12463,"AzmeriDustWarden",[],""
12464,"AzmeriDustVoodooShaman",[],""
12465,"AzmeriDustPrimalist",[],""
12466,"WeaponAllDamageCanIgnite",[],""
12467,"WeaponAllDamageCanShock",[],""
12468,"WeaponAllDamageCanFreeze",[],""
12469,"WeaponAllDamageCanPoison",[],""
12470,"WeaponCritChanceVsFullLifeEnemies",[],""
12471,"WeaponBleedingDamageVsNonBleedingEnemies",[],""
12472,"WeaponAlwaysStunEnemiesOnFullLife",[],""
12473,"WeaponCullingStrike",[1],""
12474,"WeaponStealPowerChargesOnHit",[1],""
12475,"WeaponStealFrenzyChargesOnHit",[1],""
12476,"WeaponStealEnduranceChargesOnHit",[1],""
12477,"WeaponApplyWitherStacksOnHit",[2],""
12478,"WeaponDamageVsLowLifeEnemies",[1],""
12479,"WeaponGainRareModOnKillingBlowFor60SecondsChance",[6],""
12480,"WeaponFireExplodeChance",[2],""
12481,"WeaponInstantLeechVsLowLife",[2],""
12482,"WeaponShatterOnKill",[2],""
12483,"WeaponCriticalStrikeMultiplierVsFullLife",[1],""
12484,"WeaponOnslaughtOnKill",[1],""
12485,"WeaponCoverInAshVsFullLife",[2],""
12486,"WeaponCoverInFrostVsFullLife",[2],""
12487,"WeaponCrushOnHitVsFullLife",[2],""
12488,"WeaponOverwhelm",[1],""
12489,"WeaponChaosPenetration",[1],""
12490,"MonsterNearbyAlliesOnslaught",[1],""
12491,"MonsterHasOnslaught",[1],""
12492,"MonsterFlaskEffect",[1],""
12493,"MonsterNearbyEnemyLifeRegen",[1],""
12494,"MonsterBleedingStacks",[1],""
12495,"MonsterWeaponPhysicalDamagePerStrength",[1],""
12496,"WeaponRageOnHitVsRareUnique",[1],""
12497,"WeaponDamagePerSpellCast8Seconds",[1],""
12498,"PhasingOnWeaponKill",[1],""
12499,"LifeLeechOnWeaponOverkillDamage",[1],""
12500,"WeaponAreaOfEffectIfKilledRecently",[1],""
12501,"RefreshBleedDurationOnWeaponHit",[1],""
12502,"RefreshIgniteDurationOnWeaponHit",[1],""
12503,"ManaGainedOnWeaponKill",[1],""
12504,"WeaponRange",[1],""
12505,"WeaponAttackSpeedIfBlockedRecently",[1],""
12506,"AdditionalWeaponProjectilesIfHitRecently",[1],""
12507,"WeaponPoisonDamagevsNonPoisonedEnemies",[1],""
12508,"ConsecratedGroundVsRareUniqueOnWeaponHit",[1],""
12509,"ItemRarityFromWeaponKills",[1],""
12510,"FlaskChargesFromWeaponKills",[1],""
12511,"LifeOnWeaponKillVsRareUnique",[1],""
12512,"ManaRegenerationOnWeaponShock",[1],""
12513,"WeaponMinimumChill",[1],""
12514,"WeaponHitsCannotBeEvadedOnLowLife",[1],""
12515,"WeaponProjectilesChainFromTerrain",[1],""
12516,"GraspingVineOnWeaponHit",[1],""
12517,"RandomCurseOnWeaponHit",[1],""
12518,"MeleeSplashOnWeaponHit",[1],""
12519,"BlockChanceIfStunnedEnemyRecently",[1],""
12520,"TinctureCriticalStrikeChance",[],""
12521,"TinctureElementalDamage",[],""
12522,"TinctureStunThresholdDuration",[],""
12523,"TinctureChanceToIgniteDamage",[],""
12524,"TinctureChanceToFreezeEffect",[],""
12525,"TinctureChanceToShockEffect",[],""
12526,"TinctureChanceToPoisonDamage",[],""
12527,"TinctureChanceToBleedDamage",[],""
12528,"TinctureRageOnHit",[],""
12529,"TinctureChanceToBlindEffect",[],""
12530,"TinctureEffect",[1],""
12531,"TinctureToxicityRate",[0],""
12532,"TinctureCooldownRecovery",[1],""
12533,"TinctureEffectFasterToxicity",[2],1
12534,"TinctureEffectSlowerToxicity",[2],1
12535,"TinctureIncreasedAilmentDuration",[0],""
12536,"TinctureDamageOverTimeMultiplier",[1],""
12537,"TinctureElementalPenetration",[2],""
12538,"TinctureCriticalStrikeMultiplier",[1],""
12539,"TinctureIncreasedAttackSpeed",[1],""
12540,"TinctureLifeGainedFromEnemyDeath",[0],""
12541,"TinctureLifeGainPerTarget",[0],""
12542,"TinctureManaGainPerTarget",[0],""
12543,"TinctureIgnorePhysDR",[1],""
12544,"TinctureToxicityOnHit",[5],""
12545,"TinctureRarityPerToxicity",[7],""
12546,"TincturePenetrationPerToxicity",[5],""
12547,"TinctureFireDamageTakenPerToxicity",[6],""
12548,"CannotShock",[],""
12549,"SpectreReviveAfterTime",[],""
12550,"CountAsHavingMaxEnduranceFrenzyPowerCharges",[7],""
12551,"LinkBuffEffectOnSelf",[],""
12552,"IsUberMap",[],""
12553,"NecropolisMaximumLife",[],""
12554,"NecropolisDamage",[],""
12555,"NecropolisSpeed",[],""
12556,"NecropolisMovementSpeed",[],""
12557,"NecropolisExtraChaosDamage",[],""
12558,"NecropolisExtraElementalDamage",[],""
12559,"NecropolisExtraFireDamage",[],""
12560,"NecropolisExtraColdDamage",[],""
12561,"NecropolisExtraLightningDamage",[],""
12562,"NecropolisResistance",[],""
12563,"NecropolisOverwhelmPhysicalDamageReduction",[],""
12564,"NecropolisPhysicalDamageReduction",[],""
12565,"NecropolisIncreasedCriticalStrikes",[],""
12566,"NecropolisFreeze",[],""
12567,"NecropolisIgnite",[],""
12568,"NecropolisShock",[],""
12569,"NecropolisChill",[],""
12570,"NecropolisPoison",[],""
12571,"NecropolisStun",[],""
12572,"NecropolisAreaOfEffect",[],""
12573,"NecropolisExtraProjectiles",[],""
12574,"NecropolisSlowImmune",[],""
12575,"NecropolisBlock",[],""
12576,"NecropolisSuppression",[],""
12577,"NecropolisEvasion",[],""
12578,"NecropolisUnaffectedByCurses",[],""
12579,"NecropolisReflectAilments",[],""
12580,"NecropolisEnergyShield",[],""
12581,"NecropolisLifeRegeneration",[],""
12582,"NecropolisAccuracy",[],""
12583,"NecropolisFrenzyCharge",[],""
12584,"NecropolisPowerCharge",[],""
12585,"NecropolisEnduranceCharge",[],""
12586,"NecropolisHinder",[],""
12587,"NecropolisMaim",[],""
12588,"NecropolisRemoveKillerFlaskChargesWhenSlain",[],""
12589,"NecropolisStrongestMonsterMaximumLife",[],""
12590,"NecropolisStrongestMonsterDamage",[],""
12591,"NecropolisStrongestMonsterAttackAndCastSpeed",[],""
12592,"NecropolisStrongestMonsterAdrenaline",[],""
12593,"NecropolisStrongestMonsterAccelerationShrine",[],""
12594,"NecropolisStrongestMonsterDropsConvertedToDivinationCards",[],""
12595,"NecropolisStrongestMonsterDropsConvertedToScarabs",[],""
12596,"NecropolisStrongestMonsterDropsConvertedToMaps",[],""
12597,"NecropolisStrongestMonsterItemQuantity",[],""
12598,"NecropolisStrongestMonsterItemRarity",[],""
12599,"NecropolisStrongestMonsterExperienceGain",[],""
12600,"NecropolisMonsterOrbOfAnnulment",[],""
12601,"NecropolisMonsterVaalOrb",[],""
12602,"NecropolisMonsterEnkindlingOrb",[],""
12603,"NecropolisMonsterInstillingOrb",[],""
12604,"NecropolisMonsterOrbOfRegret",[],""
12605,"NecropolisMonsterGlassblowersBauble",[],""
12606,"NecropolisMonsterGemcuttersPrism",[],""
12607,"NecropolisMonsterChaosOrb",[],""
12608,"NecropolisMonsterDivineOrb",[],""
12609,"NecropolisMonsterOrbOfBinding",[],""
12610,"NecropolisMonsterOrbOfHorizons",[],""
12611,"NecropolisMonsterOrbOfUnmaking",[],""
12612,"NecropolisMonsterCartographersChisel",[],""
12613,"NecropolisMonsterOrbOfAlteration",[],""
12614,"NecropolisMonsterBlessedOrb",[],""
12615,"NecropolisMonsterOrbOfScouring",[],""
12616,"NecropolisMonsterChromaticOrb",[],""
12617,"NecropolisMonsterFusingOrb",[],""
12618,"NecropolisMonsterJewellersOrb",[],""
12619,"NecropolisMonsterExaltedOrb",[],""
12620,"NecropolisMonsterRegalOrb",[],""
12621,"NecropolisStrongestMonsterOrbOfAnnulment",[],""
12622,"NecropolisStrongestMonsterVaalOrb",[],""
12623,"NecropolisStrongestMonsterEnkindlingOrb",[],""
12624,"NecropolisStrongestMonsterInstillingOrb",[],""
12625,"NecropolisStrongestMonsterOrbOfRegret",[],""
12626,"NecropolisStrongestMonsterGlassblowersBauble",[],""
12627,"NecropolisStrongestMonsterGemcuttersPrism",[],""
12628,"NecropolisStrongestMonsterChaosOrb",[],""
12629,"NecropolisStrongestMonsterDivineOrb",[],""
12630,"NecropolisStrongestMonsterOrbOfBinding",[],""
12631,"NecropolisStrongestMonsterOrbOfHorizons",[],""
12632,"NecropolisStrongestMonsterOrbOfUnmaking",[],""
12633,"NecropolisStrongestMonsterCartographersChisel",[],""
12634,"NecropolisStrongestMonsterOrbOfAlteration",[],""
12635,"NecropolisStrongestMonsterBlessedOrb",[],""
12636,"NecropolisStrongestMonsterOrbOfScouring",[],""
12637,"NecropolisStrongestMonsterChromaticOrb",[],""
12638,"NecropolisStrongestMonsterFusingOrb",[],""
12639,"NecropolisStrongestMonsterJewellersOrb",[],""
12640,"NecropolisStrongestMonsterExaltedOrb",[],""
12641,"NecropolisStrongestMonsterRegalOrb",[],""
12642,"NecropolisItemQuantity",[],""
12643,"NecropolisItemRarity",[],""
12644,"NecropolisExperienceGain",[],""
12645,"NecropolisTormentedSpiritOnPackDeath",[],""
12646,"NecropolisMeteorShowerOnPackDeath",[],""
12647,"NecropolisMonsterLevel",[],""
12648,"NecropolisLeague",[],""
12649,"NecropolisMonsterDamageFromAlivePack",[],""
12650,"NecropolisMonsterLifeFromAlivePack",[],""
12651,"NecropolisMonsterAttackAndCastSpeedFromAlivePack",[],""
12652,"NecropolisEnhancePackDamageOnDeath",[],""
12653,"NecropolisEnhancePackLifeOnDeath",[],""
12654,"NecropolisEnhancePackSpeedOnDeath",[],""
12655,"NecropolisEnhanceOtherTypedPacksOnDeath",[],""
12656,"NecropolisLastPackSummonsNamelessSeer",[],""
12657,"NecropolisPackSpawnsShrineOnDeath",[],""
12658,"NecropolisCorruptingTempestOnPackDeath",[],""
12659,"NecropolisPackIsTormented",[],""
12660,"NecropolisUpgradeToMagicChance",[],""
12661,"NecropolisUpgradeToRareChance",[],""
12662,"NecropolisPackSize",[],""
12663,"NecropolisMonsterConvertOnDeath",[],""
12664,"NecropolisPackAccompaniedByStandaloneMapBosses",[],""
12665,"NecropolisPackAccompaniedByHarbingers",[],""
12666,"NecropolisPackAccompaniedByRogueExiles",[],""
12667,"MapPreventIntitatorSpawns",[],""
12668,"MapBossTrappedInEssence",[],""
12669,"MapActsRitualSpawn",[],""
12670,"UberBossKeyImplicit",[],""
12671,"MonsterNecropolisCollectable",[],""
12672,"MapHarvestAlwaysHighTierSeeds",[],""
12673,"MapMorriganBeast",[],""
12674,"MapNecropolisActivated",[],""
12675,"WarcriesOpenChests",[7],""
12676,"ArcaneSurgeOnSpendingMana",[6],""
12677,"MeleeKnockback",[6],""
12678,"FireResistanceCannotBePenetrated",[6],""
12679,"ColdResistanceCannotBePenetrated",[6],""
12680,"LightningResistanceCannotBePenetrated",[6],""
12681,"ManaPer2Intelligence",[7],""
12682,"AccuracyPer2Dexterity",[7],""
12683,"SpellUnnerveOnHit",[5],""
12684,"LifeFromEnergyShieldArmour",[7],""
12685,"FlaskDurationPerLevel",[5],""
12686,"FlaskEffectPerLevel",[5],""
12687,"StrikeSkillsFortify",[7],""
12688,"AttackSpeedPerFortification",[7],""
12689,"RageCasterStats",[7],""
12690,"GainRageOnManaSpent",[7],""
12691,"GrantsRavenousSkill",[7],""
12692,"AdditionalSacredWisp",[7],""
12693,"AttackCriticalStrikesUnnerve",[5],""
12694,"SpellCriticalStrikesIntimidate",[5],""
12695,"EnemiesCountAsMovingElementalAilments",[7],""
12696,"MinionsHaveChargesYouHave",[7],""
12697,"AurasOnlyApplyToLinkedTarget",[7],""
12698,"AuraEffectWhileLinked",[5],""
12699,"MaximumSpectrePerGhastlyEye",[],""
12700,"HeraldReservationEfficiency",[],""
12701,"UniqueJewelNodeIncreasedLife",[7],""
12702,"UniqueJewelNodeIncreasedMana",[7],""
12703,"UniqueJewelNodeCriticalStrikeChance",[7],""
12704,"UniqueJewelNodeAllAttributes",[7],""
12705,"UniqueJewelNodeChaosResist",[7],""
12706,"UniqueJewelNodePhysicalDamage",[7],""
12707,"UniqueJewelNodeFireDamage",[7],""
12708,"UniqueJewelNodeColdDamage",[7],""
12709,"UniqueJewelNodeLightningDamage",[7],""
12710,"UniqueJewelNodeChaosDamage",[7],""
12711,"UniqueJewelNodeArmour",[7],""
12712,"UniqueJewelNodeEvasion",[7],""
12713,"UniqueJewelNodeEnergyShield",[7],""
12714,"ConvertToFracturedChance",[],""
12715,"NecropolisExclusiveCraftBreachRing",[],""
12716,"NecropolisExclusiveCraftStygianVise",[],""
12717,"NecropolisExclusiveCraftTalisman",[],""
12718,"NecropolisExclusiveCraftExperimientedWeapon",[],""
12719,"NecropolisExclusiveCraftWardArmour",[],""
12720,"NecropolisExclusiveCraftRitualArmour",[],""
12721,"NecropolisExclusiveCraftShaperAndElderInfluence",[],""
12722,"NecropolisExclusiveCraftConquerorInfluence",[],""
12723,"NecropolisExclusiveCraftGraspingMail",[],""
12724,"NecropolisExclusiveCraftSacrificialGarb",[],""
12725,"NecropolisImmuneToUnionOfSouls",[],""
12726,"NecropolisRatFrogDropsPenalty",[],""
12727,"NecropolisTaintedCurrencyIncrease",[],""
12728,"MonsterReducedAoE",[],""
12729,"NecropolisMonsterShaperItemDropChance",[],""
12730,"NecropolisMonsterElderItemDropChance",[],""
12731,"NecropolisMonsterCrusaderItemDropChance",[],""
12732,"NecropolisMonsterBasiliskItemDropChance",[],""
12733,"NecropolisMonsterEyrieItemDropChance",[],""
12734,"NecropolisMonsterAdjudicatorItemDropChance",[],""
12735,"MapCanHaveUnderLevelledBlight",[],""
12736,"VillageLeague",[],""
12737,"LocalDoubleImplicitMagnitudes",[],""
12738,"LocalTripleImplicitMagnitudes",[],""
12739,"MapWildwoodWisps",[],""
12740,"AzmeriTankyZombieTauntOnHit",[],""
12741,"LeagueDropPenalty",[],""
12742,"RitualRingPenanceMark",[6],""
12743,"RitualRingAffliction",[6],""
12744,"RitualRingPacify",[6],""
12745,"RetaliationHits",[],""
12746,"ConvertBodyArmourEvasionToWard",[7],""
12747,"GrantsTawhoasChosen",[7],""
12748,"BlockIsLucky",[],""
12749,"WarcryCorpseExplosion",[7],""
12750,"TinctureRemoveToxicityOnKill",[],""
12751,"AdditionalTincture",[],""
12752,"ChanceToGainMaximumRage",[],""
12753,"MonsterModDivinationTouched",[],""
12754,"TriggerSocketedSpellOnHit",[1],""
12755,"AttackConvertToFire",[1],""
12756,"AttackConvertToCold",[1],""
12757,"AttackConvertToLightning",[1],""
12758,"LocalElementalDamageNoPhysical",[1],""
12759,"TriggerSocketedElementalSpellOnBlock",[1],""
12760,"MaximumShock",[],""
12761,"AdditionalProjectilesRandomDirection",[],""
12762,"AggravateBleedOnAttack",[],""
12763,"SpellChanceToBlind",[],""
12764,"WardRestoreChance",[],""
12765,"MarkedEnemyNoBlockSuppress",[],""
12766,"ArcaneSurgeOnLifeSpent",[],""
12767,"OnslaughtOnManaSpent",[],""
12768,"CriticalAilmentDamageOverTimeMultiplier",[],""
12769,"ChaosDamageLuck",[],""
12770,"ExplosionConflux",[],""
12771,"TormentHauntedItem",[1],""
12772,"BannerResourceGained",[5],""
12773,"CannotGainPowerCharges",[5],""
12774,"WeaponSpellDamageTriggerSkill",[2],""
12775,"FireLightningTakenSsColdUniquFlask8",[5],""
12776,"BurningEnemiesExplode",[],""
12777,"ConsumeCorpseLifeRecovery",[],""
12778,"IncreasedGold",[],""
12779,"AlternatingShrineBuff",[],""
12780,"BloodsoakedBlade",[],""
12781,"CannotBeAugmented",[],""
12782,"MapVillageT16Eldritch",[],""
12783,"MapVillageModEffectPluspercent",[],""
12784,"MaximumEnduranceFrenzyPowerChargesIs0",[5],""
12785,"LegionEndlessGeneralGold",[],""
12786,"VillageTripleEnchant1H",[5],""
12787,"MapGoldDropsOnlyForOwner",[],""
