"rownum","SetId","AchievementsRequired","Rewards","TotemPieceEveryNAchievements","Message","Message (French)","Message (German)","Message (Japanese)","Message (Korean)","Message (Portuguese)","Message (Russian)","Message (Spanish)","Message (Thai)","Message (Traditional Chinese)","NotificationIcon","HideoutName","HideoutName (French)","HideoutName (German)","HideoutName (Japanese)","HideoutName (Korean)","HideoutName (Portuguese)","HideoutName (Russian)","HideoutName (Spanish)","HideoutName (Thai)","HideoutName (Traditional Chinese)","Id"
0,8,1,[227],0,"","","","","","","","","","","","","","","","","","","","","","SeraphBootsCerulean"
1,8,2,[226],0,"","","","","","","","","","","","","","","","","","","","","","SeraphBodyCerulean"
2,8,3,[228],0,"","","","","","","","","","","","","","","","","","","","","","SeraphGlovesCerulean"
3,8,4,[229],0,"","","","","","","","","","","","","","","","","","","","","","SeraphHelmetCerulean"
4,9,1,[239],0,"","","","","","","","","","","","","","","","","","","","","","SeraphBootsSanguine"
5,9,2,[238],0,"","","","","","","","","","","","","","","","","","","","","","SeraphBodySanguine"
6,9,3,[240],0,"","","","","","","","","","","","","","","","","","","","","","SeraphGlovesSanguine"
7,9,4,[241],0,"","","","","","","","","","","","","","","","","","","","","","SeraphHelmetSanguine"
8,7,1,[5601],1,"","","","","","","","","","","","","","","","","","","","","","HideoutTotemPole1"
9,10,1,[5603],1,"","","","","","","","","","","","","","","","","","","","","","HideoutTotemPole2"
10,11,5,[231],0,"","","","","","","","","","","","","","","","","","","","","","SeraphBootsGolden"
11,11,10,[232],0,"","","","","","","","","","","","","","","","","","","","","","SeraphGlovesGolden"
12,11,15,[230],0,"","","","","","","","","","","","","","","","","","","","","","SeraphBodyGolden"
13,11,20,[233],0,"","","","","","","","","","","","","","","","","","","","","","SeraphHelmetGolden"
14,12,7,[378],0,"","","","","","","","","","","","","","","","","","","","","","RigwaldBoots"
15,12,14,[379],0,"","","","","","","","","","","","","","","","","","","","","","RigwaldGloves"
16,12,21,[380],0,"","","","","","","","","","","","","","","","","","","","","","RigwaldBody"
17,12,28,[377],0,"","","","","","","","","","","","","","","","","","","","","","RigwaldHelmet"
18,12,18,[5605],2,"","","","","","","","","","","","","","","","","","","","","","HideoutTotemPole3"
19,13,12,[413],0,"","","","","","","","","","","","","","","","","","","","","","PerandusFootprints"
20,13,24,[414],0,"","","","","","","","","","","","","","","","","","","","","","PerandusWeapon"
21,13,36,[415],0,"","","","","","","","","","","","","","","","","","","","","","PerandusPortal"
22,13,19,[5607],3,"","","","","","","","","","","","","","","","","","","","","","HideoutTotemPole4"
23,14,12,[436],0,"","","","","","","","","","","","","","","","","","","","","","ProphecyFootprints"
24,14,24,[437],0,"","","","","","","","","","","","","","","","","","","","","","ProphecyWeapon"
25,14,36,[4775],0,"","","","","","","","","","","","","","","","","","","","","","NavaliMonkey"
26,14,19,[5609],3,"","","","","","","","","","","","","","","","","","","","","","HideoutTotemPole5"
27,15,12,[504],0,"","","","","","","","","","","","","","","","","","","","","","EssenceFootprints"
28,15,24,[502],0,"","","","","","","","","","","","","","","","","","","","","","EssenceWings"
29,15,36,[503],0,"","","","","","","","","","","","","","","","","","","","","","EssencePortal"
30,15,19,[5611],3,"","","","","","","","","","","","","","","","","","","","","","HideoutTotemPole6"
31,16,12,[561],0,"","","","","","","","","","","","","","","","","","","","","","BreachFootprints"
32,16,24,[542],0,"","","","","","","","","","","","","","","","","","","","","","BreachPortal"
33,16,36,[532],0,"","","","","","","","","","","","","","","","","","","","","","DemonicWings"
34,16,19,[5613],3,"","","","","","","","","","","","","","","","","","","","","","HideoutTotemPole7"
35,17,12,[619],0,"","","","","","","","","","","","","","","","","","","","","","LegacyFootprintsEffect"
36,17,24,[625],0,"","","","","","","","","","","","","","","","","","","","","","LegacyWeaponEffect"
37,17,36,[574],0,"","","","","","","","","","","","","","","","","","","","","","LegacyPortalEffect"
38,17,19,[5615],3,"","","","","","","","","","","","","","","","","","","","","","HideoutTotemPole8"
39,18,12,[725],0,"","","","","","","","","","","","","","","","","","","","","","HarbingerEyes"
40,18,24,"[726,727]",0,"","","","","","","","","","","","","","","","","","","","","","HarbingerCrownBundle"
41,18,36,[728],0,"","","","","","","","","","","","","","","","","","","","","","HarbingerCharacterEffect"
42,18,19,[5617],3,"","","","","","","","","","","","","","","","","","","","","","HideoutTotemPole9"
43,19,12,[925],0,"","","","","","","","","","","","","","","","","","","","","","AbyssHelmet"
44,19,24,[801],0,"","","","","","","","","","","","","","","","","","","","","","AbyssWings"
45,19,36,[928],0,"","","","","","","","","","","","","","","","","","","","","","AbyssPortalEffect"
46,19,19,[5619],3,"","","","","","","","","","","","","","","","","","","","","","HideoutTotemPole10"
47,20,12,[1313],0,"","","","","","","","","","","","","","","","","","","","","","BestiaryHelmet"
48,20,24,[1293],0,"","","","","","","","","","","","","","","","","","","","","","BestiaryWings"
49,20,36,[1314],0,"","","","","","","","","","","","","","","","","","","","","","BestiaryPortalEffect"
50,20,19,[5621],3,"","","","","","","","","","","","","","","","","","","","","","HideoutTotemPole11"
51,21,1,[],0,"Congratulations!\nYou earned a Sin and Innocence Mystery Box!","Félicitations !\nVous avez remporté une Boîte mystère Péché & Innocence !","Glückwunsch!\nDu hast eine Sin und Innocence Überraschungskiste freigespielt!","Congratulations!\nYou earned a Sin and Innocence Mystery Box!","축하합니다!\n씬과 이노센스 미스터리 박스를 획득하셨습니다!","Parabéns!\nVocê ganhou uma Caixa Misteriosa do Pecado e Inocência!","Поздравляем!\nВы получили Загадочную коробку Греха и Невинности!","¡Felicitaciones!\n¡Has obtenido una Caja misteriosa de Inocencia y Pecado!","ยินดีด้วย!\nคุณได้รับกล่องปริศนา Sin and Innocence แล้ว!","恭喜！你獲得 1 個善與惡神秘寶箱！","Art/2DItems/Effects/MysteryChest/SinInnocenceMysteryBox.dds","Sin and Innocence Mystery Box","Boîte mystère Péché & Innocence","Sin und Innocence Überraschungskiste","Sin and Innocence Mystery Box","씬과 이노센스 미스터리 박스","Caixa Misteriosa do Pecado e Inocência","Загадочная коробка Греха и Невинности","Caja misteriosa de Inocencia y Pecado","กล่องปริศนา Sin and Innocence","善與惡神秘寶箱","MysteryPackSinAndInnocenceBox"
52,22,12,[1350],0,"","","","","","","","","","","","","","","","","","","","","","IncursionBandana"
53,22,24,[1352],0,"","","","","","","","","","","","","","","","","","","","","","IncursionCloak"
54,22,36,[1353],0,"","","","","","","","","","","","","","","","","","","","","","IncursionPortalEffect"
55,22,19,[5623],3,"","","","","","","","","","","","","","","","","","","","","","HideoutTotemPole12"
56,23,1,[],0,"Congratulations!\nYou earned an Apocalypse Mystery Box!","Félicitations !\nVous avez remporté une Boîte mystère Apocalypse !","Glückwunsch!\nDu hast eine Apokalypse-Überraschungskiste freigespielt!","Congratulations!\nYou earned an Apocalypse Mystery Box!","축하합니다!\n종말의 미스터리 박스를 획득하셨습니다!","Parabéns!\nVocê ganhou uma Caixa Misteriosa do Apocalipse!","Поздравляем!\nВы получили Загадочную коробку Апокалипсиса!","¡Felicitaciones!\n¡Has obtenido una Caja misteriosa del Apocalipsis!","ยินดีด้วย!\nคุณได้รับกล่องปริศนา Apocalypse แล้ว!","恭喜！你獲得 1 個天啟神秘寶箱！","Art/2DItems/Effects/MysteryChest/ApocalypseMysteryBox.dds","Apocalypse Mystery Box","Boîte mystère Apocalypse","Apokalypse-Überraschungskiste","Apocalypse Mystery Box","종말의 미스터리 박스","Caixa Misteriosa do Apocalipse","Загадочная коробка Апокалипсиса","Caja misteriosa del Apocalipsis","กล่องปริศนา Apocalypse","天啟神秘寶箱","MysteryPackApocalypseBox"
57,24,12,[4839],0,"","","","","","","","","","","","","","","","","","","","","","DelvePet"
58,24,24,[1528],0,"","","","","","","","","","","","","","","","","","","","","","DelveBackAttachment"
59,24,36,[1518],0,"","","","","","","","","","","","","","","","","","","","","","DelvePortalEffect"
60,24,19,[5625],3,"","","","","","","","","","","","","","","","","","","","","","HideoutTotemPole13"
61,25,12,[1584],0,"","","","","","","","","","","","","","","","","","","","","","BetrayalHelmetAttachment"
62,25,24,[1585],0,"","","","","","","","","","","","","","","","","","","","","","BetrayalAuraEffect"
63,25,36,[1586],0,"","","","","","","","","","","","","","","","","","","","","","BetrayalCloak"
64,25,19,[5627],3,"","","","","","","","","","","","","","","","","","","","","","HideoutTotemPole14"
65,26,12,"[1767,1768]",0,"","","","","","","","","","","","","","","","","","","","","","SynthesisHelmetBundle"
66,26,24,[4853],0,"","","","","","","","","","","","","","","","","","","","","","SynthesisPet"
67,26,36,[1769],0,"","","","","","","","","","","","","","","","","","","","","","SynthesisWings"
68,26,19,[5629],3,"","","","","","","","","","","","","","","","","","","","","","HideoutTotemPole15"
69,27,1,[],0,"Congratulations!\nYou earned a Glimmerwood Mystery Box!","Félicitations !\nVous avez remporté une Boîte mystère de Boiscintillant !","Glückwunsch!\nDu hast eine Düsterwald-Überraschungskiste freigespielt!","Congratulations!\nYou earned a Glimmerwood Mystery Box!","축하합니다!\n미광의 숲 미스터리 박스를 획득하셨습니다!","Parabéns!\nVocê ganhou uma Caixa Misteriosa da Madeira Cintilante!","Поздравляем!\nВы получили Загадочную коробку Мерцающего леса!","¡Felicitaciones!\n¡Has obtenido una Caja misteriosa de Bosque Encantado!","ยินดีด้วย!\nคุณได้รับกล่องปริศนา Glimmerwood แล้ว!","恭喜！你獲得 1 個微熠之森神秘寶箱！","Art/2DItems/Effects/MysteryChest/DarkwoodMysteryBox.dds","Glimmerwood Mystery Box","Boîte mystère de Boiscintillant","Düsterwald-Überraschungskiste","Glimmerwood Mystery Box","미광의 숲 미스터리 박스","Caixa Misteriosa da Madeira Cintilante","Загадочная коробка Мерцающего леса","Caja misteriosa de Bosque encantado","กล่องปริศนา Glimmerwood","微熠之森神秘寶箱","MysteryPackGlimmerwoodBox"
70,28,12,[1953],0,"Earned Monolith Crown Microtransaction!","Vous avez remporté la microtransaction Couronne du Monolithe !","Du hast die Mikrotransaktion 'Monolith-Krone' freigespielt!","Earned Monolith Crown Microtransaction!","기둥 왕관 포인트 아이템을 획득했습니다!","Ganhou a Microtransação Coroa do Monólito!","Получена микротранзакция: корона Монолита!","¡Has obtenido la Microtransacción \""Corona de Monolito\""!","ได้รับของแฟชั่น Monolith Crown แล้ว!","獲得頭部外觀：石陣之冠！","","","","","","","","","","","","LegionHelmet"
71,28,24,[1954],0,"Earned Monolith Aura Effect Microtransaction!","Vous avez remporté la microtransaction Effet d'aura du Monolithe !","Du hast die Mikrotransaktion 'Monolith-Auraeffekt' freigespielt!","Earned Monolith Aura Effect Microtransaction!","기둥 오라 이펙트 포인트 아이템을 획득했습니다!","Ganhou a Microtransação Efeito: Aura do Monólito!","Получена микротранзакция: эффект ауры Монолита!","¡Has obtenido la Microtransacción \""Efecto de Aura de Monolito\""!","ได้รับของแฟชั่น Monolith Aura Effect แล้ว!","獲得光環效果．永恆石陣！","","","","","","","","","","","","LegionAuraEffect"
72,28,36,[1955],0,"Earned Monolith Wings Microtransaction!","Vous avez remporté la microtransaction Ailes du Monolithe !","Du hast die Mikrotransaktion 'Monolith-Flügel' freigespielt!","Earned Monolith Wings Microtransaction!","기둥 날개 포인트 아이템을 획득했습니다!","Ganhou a Microtransação Asas do Monólito!","Получена микротранзакция: крылья Монолита!","¡Has obtenido la Microtransacción \""Alas de Monolito\""!","ได้รับของแฟชั่น Monolith Wings แล้ว!","獲得背飾：石陣之翼！","","","","","","","","","","","","LegionWings"
73,28,19,[5631],3,"Earned Legion Totem!\nThe more challenges you complete, the bigger it gets!","Vous avez remporté le Totem Legion !\nPlus vous réussirez de défis, plus il sera imposant !","Du hast das Legion-Totem freigespielt!\nSchließe mehr Herausforderungen ab, um weitere davon zu erhalten!","Earned Legion Totem!\nThe more challenges you complete, the bigger it gets!","군단 토템을 획득했습니다!\n도전과제를 완료할수록 더 큰 보상이 기다립니다!","Ganhou o Totem Legion!\nQuanto mais desafios completar, maior ele fica!","Получена часть тотема Легиона!\nЗавершайте больше испытаний, чтобы получить оставшиеся части тотема!","¡Has obtenido el Tótem de Legion!\n¡Cuantos más desafíos completes, más grande será!","ได้รับชิ้นส่วนโทเทม Legion แล้ว!\nยิ่งคุณผ่านภารกิจท้าทายมากเท่าไหร่ โทเทมก็จะยิ่งสูงขึ้นเท่านั้น!","獲得戰亂圖騰！\n你完成越多挑戰，圖騰就越長！","","","","","","","","","","","","HideoutTotemPole16"
74,29,12,[2042],0,"Earned Blight Helmet Microtransaction!","Vous avez remporté la microtransaction Casque Blight !","Du hast die Mikrotransaktion 'Blight-Helm' freigespielt!","Earned Blight Helmet Microtransaction!","메마름의 시대 투구 포인트 아이템을 획득했습니다!","Ganhou a Microtransação Elmo Infestado!","Получена микротранзакция: шлем Скверны!","¡Has obtenido la Microtransacción \""Casco de Blight\""!","ได้รับของแฟชั่น หมวกไบล์ท แล้ว!","獲得頭部外觀：凋落禁地！","","","","","","","","","","","","BlightHelmet"
75,29,24,[2043],0,"Earned Blight Portal Effect Microtransaction!","Vous avez remporté la microtransaction Portail Blight !","Du hast die Mikrotransaktion 'Blight-Portaleffekt' freigespielt!","Earned Blight Portal Effect Microtransaction!","메마름의 시대 포탈 이펙트 포인트 아이템을 획득했습니다!","Ganhou a Microtransação Efeito Portal Infestado!","Получена микротранзакция: портал Скверны!","¡Has obtenido la Microtransacción \""Efecto de portal de Blight\""!","ได้รับของแฟชั่น เอฟเฟควาร์ปไบล์ท แล้ว!","獲得時空之門．凋落禁地","","","","","","","","","","","","BlightPortalEffect"
76,29,36,[2044],0,"Earned Blight Wings Microtransaction!","Vous avez remporté la microtransaction Ailes Blight !","Du hast die Mikrotransaktion 'Blight-Flügel' freigespielt!","Earned Blight Wings Microtransaction!","메마름의 시대 날개 포인트 아이템을 획득했습니다!","Ganhou a Microtransação Asas Infestadas!","Получена микротранзакция: крылья Скверны!","¡Has obtenido la Microtransacción \""Alas de Blight\""!","ได้รับของแฟชั่น ปีกไบล์ท แล้ว!","獲得背飾：凋落禁地！","","","","","","","","","","","","BlightWings"
77,29,19,[5633],3,"Earned Blight Totem!\nThe more challenges you complete, the bigger it gets!","Vous avez remporté le Totem Blight !\nPlus vous réussirez de défis, plus il sera imposant !","Du hast das Blight-Totem freigespielt!\nSchließe mehr Herausforderungen ab, um weitere davon zu erhalten!","Earned Blight Totem!\nThe more challenges you complete, the bigger it gets!","메마름의 시대 토템을 획득했습니다!\n도전과제를 완료할수록 더 큰 보상을 얻을 수 있습니다!","Ganhou o Totem Infestado!\nQuanto mais desafios completar, maior ele fica!","Получена часть тотема Скверны!\nЗавершайте больше испытаний, чтобы получить оставшиеся части тотема!","¡Has obtenido el Tótem de Blight!\n¡Cuantos más desafíos completes, más grande será!","ได้รับชิ้นส่วนโทเทมไบล์ทแล้ว!\nยิ่งคุณผ่านภารกิจท้าทายมากเท่าไหร่ โทเทมก็จะยิ่งสูงขึ้นเท่านั้น!","獲得凋落圖騰！\n你完成越多挑戰，圖騰就越長！","","","","","","","","","","","","HideoutTotemPole17"
78,30,12,[2171],0,"Earned Metamorph Footprints Effect Microtransaction!","Vous avez remporté la microtransaction Empreintes Metamorph !","Du hast die Mikrotransaktion 'Metamorph-Fußspuren' freigespielt!","Earned Metamorph Footprints Effect Microtransaction!","변형 발자국 이펙트 포인트 아이템을 획득했습니다!","Ganhou a Microtransação Efeito Pegadas Metamorfas","Получена микротранзакция: следы метаморфа!","¡Has obtenido la microtransacción \""Efecto de huellas de Metamorph\""!","ได้รับของแฟชั่น Metamorph Footprints Effect แล้ว!","獲得行走特效：鍊獄幻魔！","","","","","","","","","","","","MetamorphFootprintsEffect"
79,30,24,[2172],0,"Earned Metamorph Weapon Effect Microtransaction!","Vous avez remporté la microtransaction Effet d'arme Metamorph !","Du hast die Mikrotransaktion 'Metamorph-Waffeneffekt' freigespielt!","Earned Metamorph Weapon Effect Microtransaction!","변형 무기 이펙트 포인트 아이템을 획득했습니다!","Ganhou a Microtransação Efeito Arma Metamorfa","Получена микротранзакция: эффект оружия метаморфа!","¡Has obtenido la microtransacción \""Efecto de arma de Metamorph\""!","ได้รับของแฟชั่น Metamorph Weapon Effect แล้ว!","獲得武器特效：鍊獄幻魔！","","","","","","","","","","","","MetamorphWeaponEffect"
80,30,36,[2173],0,"Earned Metamorph Portal Effect Microtransaction!","Vous avez remporté la microtransaction Portail Metamorph !","Du hast die Mikrotransaktion 'Metamorph-Portaleffekt' freigespielt!","Earned Metamorph Portal Effect Microtransaction!","변형 포탈 이펙트 포인트 아이템을 획득했습니다!","Ganhou a Microtransação Efeito Portal Metamorfo!","Получена микротранзакция: портал метаморфа!","¡Has obtenido la microtransacción \""Efecto de portal de Metamorph\""!","ได้รับของแฟชั่น Metamorph Portal Effect แล้ว!","獲得時空之門．鍊獄幻魔！","","","","","","","","","","","","MetamorphPortalEffect"
81,30,19,[5635],3,"Earned Metamorph Totem!\nThe more challenges you complete, the bigger it gets!","Vous avez remporté le Totem Metamorph !\nPlus vous réussirez de défis, plus il sera imposant !","Du hast das Metamorph-Totem freigespielt!\nSchließe mehr Herausforderungen ab, um weitere Stufen zu erhalten!","Earned Metamorph Totem!\nThe more challenges you complete, the bigger it gets!","변형 토템을 획득했습니다!\n도전과제를 완료할수록 더 큰 보상을 얻을 수 있습니다!","Ganhou o Totem Metamorfo!\nQuanto mais desafios completar, maior ele fica!","Получена часть тотема Метаморфа!\nЗавершайте больше испытаний, чтобы получить оставшиеся части тотема!","¡Has obtenido el Tótem de Metamorph!\n¡Cuantos más desafíos completes, más grande será!","ได้รับชิ้นส่วนโทเทม Metamorph แล้ว!\nยิ่งคุณผ่านภารกิจท้าทายมากเท่าไหร่ โทเทมก็จะยิ่งสูงขึ้นเท่านั้น!","獲得鍊魔圖騰！\n你完成越多挑戰，圖騰就越長！","","","","","","","","","","","","HideoutTotemPole18"
82,31,12,[2284],0,"Earned Delirium Horn Microtransaction!","Vous avez remporté la microtransaction Cornes Delirium !","Du hast die Mikrotransaktion 'Delirium-Hörner' freigespielt!","Earned Delirium Horn Microtransaction!","환영 뿔 포인트 아이템을 획득했습니다!","Ganhou a Microtransação Chifres do Delírio!","Получена микротранзакция: рога Делириума!","¡Has obtenido la microtransacción \""Cuernos de Delirium\""!","ได้รับของแฟชั่น Delirium Horn แล้ว!","獲得頭部外觀：譫妄犄角！","","","","","","","","","","","","DeliriumHorns"
83,31,24,[2285],0,"Earned Delirium Cloak Microtransaction!","Vous avez remporté la microtransaction Cape Delirium !","Du hast die Mikrotransaktion 'Delirium-Umhang' freigespielt!","Earned Delirium Cloak Microtransaction!","환영 망토 포인트 아이템을 획득했습니다!","Ganhou a Microtransação Capa do Delírio!","Получена микротранзакция: плащ Делириума!","¡Has obtenido la microtransacción \""Capa de Delirium\""!","ได้รับของแฟชั่น Delirium Cloak แล้ว!","獲得背飾：譫妄披風！","","","","","","","","","","","","DeliriumCloak"
84,31,36,[2286],0,"Earned Delirium Wings Microtransaction!","Vous avez remporté la microtransaction Ailes Delirium !","Du hast die Mikrotransaktion 'Delirium-Flügel' freigespielt!","Earned Delirium Wings Microtransaction!","환영 날개 포인트 아이템을 획득했습니다!","Ganhou a Microtransação Asas do Delírio!","Получена микротранзакция: крылья Делириума!","¡Has obtenido la microtransacción \""Alas de Delirium\""!","ได้รับของแฟชั่น Delirium Wings แล้ว!","獲得背飾：譫妄之翼！","","","","","","","","","","","","DeliriumWings"
85,31,19,[5637],3,"Earned Delirium Totem!\nThe more challenges you complete, the bigger it gets!","Vous avez remporté le Totem Delirium !\nPlus vous réussirez de défis, plus il sera imposant !","Du hast das Delirium-Totem freigespielt!\nSchließe mehr Herausforderungen ab, um weitere Stufen zu erhalten!","Earned Delirium Totem!\nThe more challenges you complete, the bigger it gets!","환영 토템을 획득했습니다!\n도전과제를 완료할수록 더 큰 보상을 얻을 수 있습니다!","Ganhou o Totem do Delírio!\nQuanto mais desafios completar, maior ele fica!","Получена часть тотема Делириума!\nЗавершайте больше испытаний, чтобы получить оставшиеся части тотема!","¡Has obtenido el Tótem de Delirium!\n¡Cuantos más desafíos completes, más grande será!","ได้รับชิ้นส่วนเสาอนุสรณ์แห่งการท้าทาย Delirium แล้ว!\nยิ่งคุณผ่านภารกิจท้าทายมากเท่าไหร่ เสาอนุสรณ์ก็จะยิ่งสูงขึ้นเท่านั้น!","獲得譫妄圖騰！\n你完成越多挑戰，圖騰就越長！","","","","","","","","","","","","HideoutTotemPole19"
86,32,12,[2446],0,"Earned Harvest Footprints Effect Microtransaction!","Vous avez remporté la microtransaction Empreintes Harvest !","Du hast die Mikrotransaktion 'Harvest-Fußspuren' freigespielt!","Earned Harvest Footprints Effect Microtransaction!","수확 발자국 이펙트 포인트 아이템을 획득했습니다!","Ganhou a Microtransação Efeito Pegadas da Colheita!","Получена микротранзакция: следы Жатвы!","¡Has obtenido la microtransacción \""Efecto de huellas de Harvest\""!","ได้รับของแฟชั่น Harvest Footprints แล้ว!","獲得行走特效：豐收忌劫！","","","","","","","","","","","","HarvestFootprintsEffect"
87,32,24,[2447],0,"Earned Harvest Cloak Microtransaction!","Vous avez remporté la microtransaction Cape Harvest !","Du hast die Mikrotransaktion 'Harvest-Umhang' freigespielt!","Earned Harvest Cloak Microtransaction!","수확 망토 포인트 아이템을 획득했습니다!","Ganhou a Microtransação Capa da Colheita!","Получена микротранзакция: плащ Жатвы!","¡Has obtenido la microtransacción \""Capa de Harvest\""!","ได้รับของแฟชั่น Harvest Cloak แล้ว!","獲得背飾：豐收忌劫披風！","","","","","","","","","","","","HarvestCloak"
88,32,36,[2448],0,"Earned Harvest Portal Effect Microtransaction!","Vous avez remporté la microtransaction Portail Harvest !","Du hast die Mikrotransaktion 'Harvest-Portaleffekt' freigespielt!","Earned Harvest Portal Effect Microtransaction!","수확 포탈 이펙트 포인트 아이템을 획득했습니다!","Ganhou a Microtransação Efeito Portal da Colheita!","Получена микротранзакция: портал Жатвы!","¡Has obtenido la microtransacción \""Efecto de portal de Harvest\""!","ได้รับของแฟชั่น Harvest Portal Effect แล้ว!","獲得時空之門．豐收忌劫！","","","","","","","","","","","","HarvestPortalEffect"
89,32,19,[5639],3,"Earned Harvest Totem!\nThe more challenges you complete, the bigger it gets!","Vous avez remporté le Totem Harvest !\nPlus vous réussirez de défis, plus il sera imposant !","Du hast ein Harvest-Totem freigespielt!\nSchließe mehr Herausforderungen ab, um weitere Stufen zu erhalten!","Earned Harvest Totem!\nThe more challenges you complete, the bigger it gets!","수확 토템을 획득했습니다!\n도전과제를 완료할수록 더 큰 보상이 기다립니다!","Ganhou o Totem da Colheita!\nQuanto mais desafios completar, maior ele fica!","Получена часть тотема Жатвы!\nЗавершайте больше испытаний, чтобы получить оставшиеся части тотема!","¡Has obtenido el Tótem de Harvest!\n¡Cuantos más desafíos completes, más grande será!","ได้รับชิ้นส่วนเสาอนุสรณ์แห่งการท้าทาย Harvest แล้ว!\nยิ่งคุณผ่านภารกิจท้าทายมากเท่าไหร่ เสาอนุสรณ์ก็จะยิ่งสูงขึ้นเท่านั้น!","獲得豐收圖騰！\n你完成越多挑戰，圖騰就越長！","","","","","","","","","","","","HideoutTotemPole20"
90,33,12,"[2564,2565,2566]",0,"Earned Heist Helmet Pack!","Vous avez remporté le Pack de casques Heist !","Du hast die Mikrotransaktion 'Heist-Helmpaket' freigespielt!","Earned Heist Helmet Pack!","강탈 투구 팩을 획득했습니다!","Ganhou o Pacote de Elmos Heist!","Получен набор головных уборов Кражи!","¡Has obtenido el paquete de cascos de Heist!","ได้รับของแฟชั่น Heist Helmet Pack แล้ว!","獲得劫盜同盟頭部外觀包！","Art/2DItems/Effects/Hats/HeistHelmetPack.dds","","","","","","","","","","","HeistHelmetPack"
91,33,24,[4937],0,"Earned Heist Cat Pet Microtransaction!","Vous avez remporté la microtransaction Chat-sse du siècle !","Du hast die Mikrotransaktion 'Heist-Katze' freigespielt!","Earned Heist Cat Pet Microtransaction!","강탈 고양이 애완동물 포인트 아이템을 획득했습니다!","Ganhou a Microtransação Mascote Gato Heist!","Получена микротранзакция: кошка Кражи!","¡Has obtenido la microtransacción \""Mascota Gato de Heist\""!","ได้รับของแฟชั่น Heist Cat Pet แล้ว!","獲得寵物：劫盜萌貓！","","","","","","","","","","","","HeistPet"
92,33,36,[2567],0,"Earned Heist Portal Effect Microtransaction!","Vous avez remporté la microtransaction Portail Heist !","Du hast die Mikrotransaktion 'Heist-Portaleffekt' freigespielt!","Earned Heist Portal Effect Microtransaction!","강탈 포탈 이펙트 포인트 아이템을 획득했습니다!","Ganhou a Microtransação Efeito Portal Heist!","Получена микротранзакция: портал Кражи!","¡Has obtenido la microtransacción \""Efecto de Heist para portal\""!","ได้รับของแฟชั่น Heist Portal Effect แล้ว!","獲得時空之門．劫盜同盟！","","","","","","","","","","","","HeistPortalEffect"
93,33,19,[5641],3,"Earned Heist Totem!\nThe more challenges you complete, the bigger it gets!","Vous avez remporté le Totem Heist !\nPlus vous réussirez de défis, plus il sera imposant !","Du hast das Heist-Totem freigespielt!\nSchließe mehr Herausforderungen ab, um weitere Stufen zu erhalten!","Earned Heist Totem!\nThe more challenges you complete, the bigger it gets!","강탈 토템을 획득했습니다!\n도전과제를 완료할수록 더 큰 보상이 기다립니다!","Ganhou o Totem Heist!\nQuanto mais desafios completar, maior ele fica!","Получена часть тотема Кражи!\nЗавершайте больше испытаний, чтобы получить оставшиеся части тотема!","¡Has obtenido el Tótem de Heist!\n¡Cuantos más desafíos completes, más grande será!","ได้รับชิ้นส่วนเสาอนุสรณ์แห่งการท้าทาย Harvest แล้ว!\nยิ่งคุณผ่านภารกิจท้าทายมากเท่าไหร่ เสาอนุสรณ์ก็จะยิ่งสูงขึ้นเท่านั้น!","獲得劫盜圖騰！\n你完成越多挑戰，圖騰就越長！","","","","","","","","","","","","HideoutTotemPole21"
94,34,1,[],0,"Congratulations!\nYou earned a Twilight Mystery Box!","Félicitations !\nVous avez remporté une Boîte mystère du Crépuscule !","Herzlichen Glückwunsch!\nDu hast eine Zwielicht-Überraschungskiste gewonnen!","Congratulations!\nYou earned a Twilight Mystery Box!","축하합니다!\n황혼 미스터리 박스를 획득하셨습니다!","Parabéns!\nVocê ganhou uma Caixa Misteriosa do Crepúsculo!","Поздравляем!\nВы получили Загадочную коробку Сумрака!","¡Felicidades!\n¡Has obtenido una Caja misteriosa del Crepúsculo!","ยินดีด้วย!\nคุณได้รับกล่องปริศนา แดนสนธยา แล้ว!","恭喜！你獲得 1 個傾城暮光神秘寶箱！","Art/2DItems/Effects/MysteryChest/TwilightMysteryBox.dds","Twilight Mystery Box","Boîte mystère du Crépuscule","Zwielicht-Überraschungskiste","Twilight Mystery Box","황혼 미스터리 박스","Caixa Misteriosa do Crepúsculo","Загадочная коробка Сумрака","Caja misteriosa del Crepúsculo","กล่องปริศนา แดนสนธยา","傾城暮光神秘寶箱","MysteryPackTwilightBox"
95,35,1,[],0,"Congratulations!\nYou earned a Twilight Mystery Box!","Félicitations !\nVous avez remporté une Boîte mystère du Crépuscule !","Herzlichen Glückwunsch!\nDu hast eine Zwielicht-Überraschungskiste gewonnen!","Congratulations!\nYou earned a Twilight Mystery Box!","축하합니다!\n황혼 미스터리 박스를 획득하셨습니다!","Parabéns!\nVocê ganhou uma Caixa Misteriosa do Crepúsculo!","Поздравляем!\nВы получили Загадочную коробку Сумрака!","¡Felicidades!\n¡Has obtenido una Caja misteriosa del Crepúsculo!","ยินดีด้วย!\nคุณได้รับกล่องปริศนา แดนสนธยา แล้ว!","恭喜！你獲得 1 個傾城暮光神秘寶箱！","Art/2DItems/Effects/MysteryChest/TwilightMysteryBox.dds","Twilight Mystery Box","Boîte mystère du Crépuscule","Zwielicht-Überraschungskiste","Twilight Mystery Box","황혼 미스터리 박스","Caixa Misteriosa do Crepúsculo","Загадочная коробка Сумрака","Caja misteriosa del Crepúsculo","กล่องปริศนา แดนสนธยา","傾城暮光神秘寶箱","MysteryPackTwilightBox"
96,36,1,[],0,"Congratulations!\nYou earned a Twilight Mystery Box!","Félicitations !\nVous avez remporté une Boîte mystère du Crépuscule !","Herzlichen Glückwunsch!\nDu hast eine Zwielicht-Überraschungskiste gewonnen!","Congratulations!\nYou earned a Twilight Mystery Box!","축하합니다!\n황혼 미스터리 박스를 획득하셨습니다!","Parabéns!\nVocê ganhou uma Caixa Misteriosa do Crepúsculo!","Поздравляем!\nВы получили Загадочную коробку Сумрака!","¡Felicidades!\n¡Has obtenido una Caja misteriosa del Crepúsculo!","ยินดีด้วย!\nคุณได้รับกล่องปริศนา แดนสนธยา แล้ว!","恭喜！你獲得 1 個傾城暮光神秘寶箱！","Art/2DItems/Effects/MysteryChest/TwilightMysteryBox.dds","Twilight Mystery Box","Boîte mystère du Crépuscule","Zwielicht-Überraschungskiste","Twilight Mystery Box","황혼 미스터리 박스","Caixa Misteriosa do Crepúsculo","Загадочная коробка Сумрака","Caja misteriosa del Crepúsculo","กล่องปริศนา แดนสนธยา","傾城暮光神秘寶箱","MysteryPackTwilightBox"
97,37,12,[2770],0,"Congratulations!\nYou earned the Ritual Weapon Effect!","Félicitations !\nVous avez remporté l'Effet d'arme Ritual !","Glückwunsch!\nDu hast die Mikrotransaktion 'Ritual-Waffeneffekt' freigespielt!","Congratulations!\nYou earned the Ritual Weapon Effect!","축하합니다!\n의식 무기 이펙트를 획득했습니다!","Parabéns!\nVocê ganhou o Efeito Arma do Ritual","Поздравляем!\nВы получили эффект оружия Ритуала!","¡Felicidades!\n¡Has obtenido el Efecto de Ritual para arma!","ยินดีด้วย!\nคุณได้รับเอฟเฟคอาวุธ Ritual แล้ว!","恭喜！你獲得武器特效：邪靈祭祀！","","","","","","","","","","","","RitualWeaponEffect"
98,37,24,[2771],0,"Congratulations!\nYou earned the Ritual Character Effect!","Félicitations !\nVous avez remporté l'Effet de personnage Ritual !","Glückwunsch!\nDu hast die Mikrotransaktion 'Ritual-Charaktereffekt' freigespielt!","Congratulations!\nYou earned the Ritual Character Effect!","축하합니다!\n의식 캐릭터 이펙트를 획득했습니다!","Parabéns!\nVocê ganhou o Efeito Personagem do Ritual","Поздравляем!\nВы получили эффект Ритуала для персонажа!","¡Felicidades!\n¡Has obtenido el Efecto de Ritual para el personaje!","ยินดีด้วย!\nคุณได้รับเอฟเฟคตัวละคร Ritual แล้ว!","恭喜！你獲得角色特效：邪靈祭祀！","","","","","","","","","","","","RitualCharacterEffect"
99,37,36,[],0,"Congratulations!\nYou earned the Ritualist's Hideout!","Félicitations !\nVous avez remporté le Repaire du Ritualiste !","Glückwunsch!\nDu hast die Mikrotransaktion 'Rituelles Versteck' freigespielt!","Congratulations!\nYou earned the Ritualist's Hideout!","축하합니다!\n의식술사의 은신처를 획득했습니다!","Parabéns!\nVocê ganhou o Refúgio Ritualístico","Поздравляем!\nВы получили убежище ритуалиста!","¡Felicidades!\n¡Has obtenido la Guarida del ritualista!","ยินดีด้วย!\nคุณได้รับที่ซ่อน Ritualist แล้ว!","恭喜！你獲得藏身處：邪靈祭祀！","Art/2DItems/Hideout/RitualHideout.dds","Ritualist's Hideout","Repaire du Ritualiste","Rituelles Versteck","Ritualist's Hideout","의식술사의 은신처","Refúgio Ritualístico","Убежище ритуалиста","Guarida del Ritualista","ที่ซ่อน Ritualist","藏身處：邪靈祭祀","HideoutRitualLeague"
100,37,19,[5643],3,"Congratulations! You earned the Ritual Totem!\nThe more challenges you complete, the bigger it gets!","Félicitations ! Vous avez remporté le Totem Ritual !\nPlus vous réussirez de défis, plus il sera imposant !","Glückwunsch!\nDu hast das Ritual-Totem freigespielt!\nSchließe mehr Herausforderungen ab, um weitere Stufen zu erhalten!","Congratulations! You earned the Ritual Totem!\nThe more challenges you complete, the bigger it gets!","축하합니다! 의식 토템을 획득했습니다!\n도전과제를 완료할수록 더 큰 보상이 기다립니다!","Ganhou o Totem do Ritual!\nQuanto mais desafios completar, maior ele fica!","Поздравляем!\nВы получили часть тотема Ритуала!\nЗавершайте больше испытаний, чтобы получить оставшиеся части тотема!","¡Felicidades! Has obtenido el Tótem de Ritual!\n¡Cuantos más desafíos completes, más grande será!","ยินดีด้วย!\nคุณได้รับเสาอนุสรณ์ Ritual!\nยิ่งคุณผ่านภารกิจท้าทายมากเท่าไหร่ มันยิ่งมีขนาดใหญ่ขึ้นเท่านั้น!","恭喜！你獲得祭祀圖騰！\n你完成越多挑戰，圖騰就越長！","","","","","","","","","","","","HideoutTotemPole22"
101,38,12,[2851],0,"Congratulations!\nYou earned the Ultimatum Helmet Skin!","Félicitations !\nVous avez remporté l'Apparence de casque Ultimatum !","Glückwunsch!\nDu hast die Mikrotransaktion 'Ultimatum-Helm' freigespielt!","Congratulations!\nYou earned the Ultimatum Helmet Skin!","축하합니다!\n결전 투구 스킨을 획득했습니다!","Parabéns!\nVocê ganhou o Visual de Elmo Ultimaum!","Поздравляем!\nВы получили шлем Ультиматума!","¡Felicidades!\n¡Has obtenido el Aspecto de Ultimatum para casco!","ยินดีด้วย!\nคุณได้รับสกินหมวก Ultimatum แล้ว!","恭喜！\n你獲得頭部外觀：最後通牒！","","","","","","","","","","","","UltimatumHelmet"
102,38,24,[4971],0,"Congratulations!\nYou earned the Ultimatum Pet!","Félicitations !\nVous avez remporté le Familier Ultimatum !","Glückwunsch!\nDu hast die Mikrotransaktion 'Ultimatum-Begleiter' freigespielt!","Congratulations!\nYou earned the Ultimatum Pet!","축하합니다!\n결전 애완동물을 획득했습니다!","Parabéns!\nVocê ganhou o Mascote Ultimaum!","Поздравляем!\nВы получили питомца Ультиматума!","¡Felicidades!\n¡Has obtenido la Mascota de Ultimatum!","ยินดีด้วย!\nคุณได้รับสัตว์เลี้ยง Ultimatum แล้ว!","恭喜！\n你獲得寵物：最後通牒！","","","","","","","","","","","","UltimatumPet"
103,38,36,[2852],0,"Congratulations!\nYou earned the Ultimatum Portal Effect!","Félicitations !\nVous avez remporté le Portail Ultimatum !","Glückwunsch!\nDu hast die Mikrotransaktion 'Ultimatum-Portaleffekt' freigespielt!","Congratulations!\nYou earned the Ultimatum Portal Effect!","축하합니다!\n결전 포탈 이펙트를 획득했습니다!","Parabéns!\nVocê ganhou o Efeito Portal Ultimaum!","Поздравляем!\nВы получили портал Ультиматума!","¡Felicidades!\n¡Has obtenido el Efecto de Ultimatum para portal!","ยินดีด้วย!\nคุณได้รับเอฟเฟควาร์ป Ultimatum แล้ว!","恭喜！\n你獲得時空之門．最後通牒！","","","","","","","","","","","","UltimatumPortalEffect"
104,38,19,[5645],3,"Congratulations! You earned the Ultimatum Totem!\nThe more challenges you complete, the bigger it gets!","Félicitations !\nVous avez remporté le Totem Ultimatum ! Plus vous réussirez de défis, plus il grandira !","Glückwunsch!\nDu hast das Ultimatum-Totem freigespielt!\nSchließe mehr Herausforderungen ab, um weitere Stufen zu erhalten!","Congratulations! You earned the Ultimatum Totem!\nThe more challenges you complete, the bigger it gets!","축하합니다! 결전 토템을 획득했습니다!\n도전과제를 완료할수록 더 큰 보상이 기다립니다!","Parabéns!\nVocê ganhou o Totem Ultimatum!\nQuanto mais desafios você completar, mais ele cresce!","Поздравляем!\nВы получили часть тотема Ультиматума!\nЗавершайте больше испытаний, чтобы получить оставшиеся части тотема!","¡Felicidades! Has obtenido el Tótem de Ultimatum!\n¡Cuantos más desafíos completes, más grande será!","ยินดีด้วย!\nคุณได้รับเสาอนุสรณ์ Ultimatum!\nยิ่งคุณผ่านภารกิจท้าทายมากเท่าไหร่ มันยิ่งมีขนาดใหญ่ขึ้นเท่านั้น!","恭喜！你獲得通牒圖騰！\n你完成越多挑戰，圖騰就越長！","","","","","","","","","","","","HideoutTotemPole23"
105,39,12,[2994],0,"Congratulations!\nYou earned the Expedition Footprints Effect!","Félicitations !\nVous avez remporté les Empreintes Expedition !","Glückwunsch!\nDu hast die Mikrotransaktion 'Expedition-Fußspuren' freigespielt!","Congratulations!\nYou earned the Expedition Footprints Effect!","축하합니다!\n탐험 발자국 이펙트를 획득했습니다!","Parabéns!\nVocê ganhou o Efeito Pegadas da Expedição!","Поздравляем!\nВы получили следы Экспедиции!","¡Felicitaciones!\n¡Has obtenido el Efecto de Expedition para huellas!","ยินดีด้วย!\nคุณได้รับเอฟเฟครอยเท้า Expedition แล้ว!","恭喜！\n你獲得行走特效：死境探險！","","","","","","","","","","","","ExpeditionFootprintsEffect"
106,39,24,[2995],0,"Congratulations!\nYou earned the Expedition Weapon Effect!","Félicitations !\nVous avez remporté l'Effet d'arme Expedition !","Glückwunsch!\nDu hast die Mikrotransaktion 'Expedition-Waffeneffekt' freigespielt!","Congratulations!\nYou earned the Expedition Weapon Effect!","축하합니다!\n탐험 무기 이펙트를 획득했습니다!","Parabéns!\nVocê ganhou o Efeito Arma da Expedição!","Поздравляем!\nВы получили эффект оружия Экспедиции!","¡Felicitaciones!\n¡Has obtenido el Efecto de Expedition para arma!","ยินดีด้วย!\nคุณได้รับเอฟเฟคอาวุธ Expedition แล้ว!","恭喜！\n你獲得武器特效：死境探險！","","","","","","","","","","","","ExpeditionWeaponEffect"
107,39,36,[2996],0,"Congratulations!\nYou earned the Expedition Portal Effect!","Félicitations !\nVous avez remporté le Portail Expedition !","Glückwunsch!\nDu hast die Mikrotransaktion 'Expedition-Portaleffekt' freigespielt!","Congratulations!\nYou earned the Expedition Portal Effect!","축하합니다!\n탐험 포탈 이펙트를 획득했습니다!","Parabéns!\nVocê ganhou o Efeito Portal da Expedição!","Поздравляем!\nВы получили портал Экспедиции!","¡Felicitaciones!\n¡Has obtenido el Efecto de Expedition para portal!","ยินดีด้วย!\nคุณได้รับเอฟเฟควาร์ป Expedition แล้ว!","恭喜！\n你獲得時空之門．死境探險！","","","","","","","","","","","","ExpeditionPortalEffect"
108,39,19,[5647],3,"Congratulations! You earned the Expedition Totem!\nThe more challenges you complete, the bigger it gets!","Félicitations !\nVous avez remporté le Totem Ultimatum ! Plus vous réussirez de défis, plus il grandira !","Glückwunsch!\nDu hast ein Expedition-Totem freigespielt!\nSchließe mehr Herausforderungen ab, um weitere Stufen zu erhalten!","Congratulations! You earned the Expedition Totem!\nThe more challenges you complete, the bigger it gets!","축하합니다! 탐험 토템을 획득했습니다!\n도전과제를 완료할수록 더 큰 보상이 기다립니다!","Parabéns! Você ganhou o Totem da Expedição!\nQuanto mais desafios você completar, maior ele fica!","Поздравляем!\nВы получили часть тотема Экспедиции!\nЗавершайте больше испытаний, чтобы получить оставшиеся части тотема!","¡Felicitaciones!\n¡Has obtenido el Tótem de Expedition!\n¡Cuantos más desafíos completes, más grande será!","ยินดีด้วย!\nคุณได้รับเสาอนุสรณ์ Expedition!\nยิ่งคุณผ่านภารกิจท้าทายมากเท่าไหร่ มันยิ่งมีขนาดใหญ่ขึ้นเท่านั้น!","恭喜！你獲得探險圖騰！\n你完成越多挑戰，圖騰就越長！","","","","","","","","","","","","HideoutTotemPole24"
109,40,12,[3208],0,"Congratulations!\nYou earned the Scourge Weapon!","Félicitations !\nVous avez remporté les Empreintes Scourge !","Glückwunsch!\nDu hast die Mikrotransaktion 'Scourge-Waffe' freigespielt!","Congratulations!\nYou earned the Scourge Weapon!","축하합니다!\n스컬지 무기를 획득했습니다!","Parabéns!\nVocê ganhou o Efeito Arma do Castigo!","Поздравляем!\nВы получили оружие Нашествия!","¡Felicitaciones!\n¡Has obtenido el Arma de Scourge!","ยินดีด้วย!\nคุณได้รับอาวุธ Scourge แล้ว!","恭喜！\n你獲得武器特效：轉世災魘！","","","","","","","","","","","","ScourgeWeapon"
110,40,24,[3209],0,"Congratulations!\nYou earned the Scourge Wings!","Félicitations !\nVous avez remporté les Ailes Scourge !","Glückwunsch!\nDu hast die Mikrotransaktion 'Scourge-Flügel' freigespielt!","Congratulations!\nYou earned the Scourge Wings!","축하합니다!\n스컬지 날개를 획득했습니다!","Parabéns!\nVocê ganhou as Asas do Castigo!","Поздравляем!\nВы получили крылья Нашествия!","¡Felicitaciones!\n¡Has obtenido las Alas de Scourge!","ยินดีด้วย!\nคุณได้รับปีก Scourge แล้ว!","恭喜！\n你獲得背飾：轉世災魘！","","","","","","","","","","","","ScourgeWings"
111,40,36,[5005],0,"Congratulations!\nYou earned the Scourge Pet!","Félicitations !\nVous avez remporté le Familier Scourge !","Glückwunsch!\nDu hast die Mikrotransaktion 'Scourge-Begleiter' freigespielt!","Congratulations!\nYou earned the Scourge Pet!","축하합니다!\n스컬지 애완동물을 획득했습니다!","Parabéns!\nVocê ganhou o Mascote do Castigo!","Поздравляем!\nВы получили питомца Нашествия!","¡Felicitaciones!\n¡Has obtenido la Mascota de Scourge!","ยินดีด้วย!\nคุณได้รับสัตว์เลี้ยง Scourge แล้ว!","恭喜！\n你獲得寵物：轉世災魘！","","","","","","","","","","","","ScourgePet"
112,40,19,[5649],3,"Congratulations! You earned the Scourge Totem!\nThe more challenges you complete, the bigger it gets!","Félicitations !\nVous avez remporté le Totem Scourge ! Plus vous réussirez de défis, plus il grandira !","Glückwunsch!\nDu hast das Scourge-Totem freigespielt!\nSchließe mehr Herausforderungen ab, um weitere Stufen zu erhalten!","Congratulations! You earned the Scourge Totem!\nThe more challenges you complete, the bigger it gets!","축하합니다! 스컬지 토템을 획득했습니다!\n도전과제를 완료할수록 더 큰 보상이 기다립니다!","Parabéns! Você ganhou o Totem do Castigo!\nQuanto mais desafios você completar, maior ele fica!","Поздравляем!\nВы получили часть тотема Нашествия!\nЗавершайте больше испытаний, чтобы получить оставшиеся части тотема!","¡Felicitaciones! ¡Has obtenido el Tótem de Scourge!\n¡Cuantos más desafíos completes, más grande será!","ยินดีด้วย!\nคุณได้รับเสาอนุสรณ์ Scourge แล้ว!\nยิ่งคุณผ่านภารกิจท้าทายมากเท่าไหร่ มันยิ่งมีขนาดใหญ่ขึ้นเท่านั้น!","恭喜！你獲得災魘圖騰！\n你完成越多挑戰，圖騰就越長！","","","","","","","","","","","","HideoutTotemPole25"
113,41,1,[],0,"Congratulations!\nYou earned a Atlantis Mystery Box!","Félicitations !\nVous avez remporté une Boîte mystère de l'Atlantide !","Herzlichen Glückwunsch!\nDu hast eine Atlantis-Überraschungskiste gewonnen!","Congratulations!\nYou earned a Atlantis Mystery Box!","축하합니다!\n아틀란티스 미스터리 박스를 획득하셨습니다!","Parabéns!\nVocê recebeu uma Caixa Misteriosa de Atlantis","Поздравляем!\nВы получили Загадочную коробку Атлантиды!","¡Felicitaciones!\n¡Has obtenido una Caja misteriosa de Atlantis!","ยินดีด้วย!\nคุณได้รับกล่องปริศนา Atlantis แล้ว!","恭喜！\n你獲得 1 個亞特蘭提斯神秘寶箱！","Art/2DItems/Effects/MysteryChest/AtlantisMysteryBox.dds","Atlantis Mystery Box","Boîte mystère de l'Atlantide","Atlantis-Überraschungskiste","Atlantis Mystery Box","아틀란티스 미스터리 박스","Caixa Misteriosa de Atlantis","Загадочная коробка Атлантиды","Caja misteriosa de Atlantis","กล่องปริศนา Atlantis","亞特蘭提斯神秘寶箱","MysteryPackAtlantisBox"
114,42,1,[],0,"Congratulations!\nYou earned a Atlantis Mystery Box!","Félicitations !\nVous avez remporté une Boîte mystère de l'Atlantide !","Herzlichen Glückwunsch!\nDu hast eine Atlantis-Überraschungskiste gewonnen!","Congratulations!\nYou earned a Atlantis Mystery Box!","축하합니다!\n아틀란티스 미스터리 박스를 획득하셨습니다!","Parabéns!\nVocê recebeu uma Caixa Misteriosa de Atlantis","Поздравляем!\nВы получили Загадочную коробку Атлантиды!","¡Felicitaciones!\n¡Has obtenido una Caja misteriosa de Atlantis!","ยินดีด้วย!\nคุณได้รับกล่องปริศนา Atlantis แล้ว!","恭喜！\n你獲得 1 個亞特蘭提斯神秘寶箱！","Art/2DItems/Effects/MysteryChest/AtlantisMysteryBox.dds","Atlantis Mystery Box","Boîte mystère de l'Atlantide","Atlantis-Überraschungskiste","Atlantis Mystery Box","아틀란티스 미스터리 박스","Caixa Misteriosa de Atlantis","Загадочная коробка Атлантиды","Caja misteriosa de Atlantis","กล่องปริศนา Atlantis","亞特蘭提斯神秘寶箱","MysteryPackAtlantisBox"
115,43,1,[],0,"Congratulations!\nYou earned a Atlantis Mystery Box!","Félicitations !\nVous avez remporté une Boîte mystère de l'Atlantide !","Herzlichen Glückwunsch!\nDu hast eine Atlantis-Überraschungskiste gewonnen!","Congratulations!\nYou earned a Atlantis Mystery Box!","축하합니다!\n아틀란티스 미스터리 박스를 획득하셨습니다!","Parabéns!\nVocê recebeu uma Caixa Misteriosa de Atlantis","Поздравляем!\nВы получили Загадочную коробку Атлантиды!","¡Felicitaciones!\n¡Has obtenido una Caja misteriosa de Atlantis!","ยินดีด้วย!\nคุณได้รับกล่องปริศนา Atlantis แล้ว!","恭喜！\n你獲得 1 個亞特蘭提斯神秘寶箱！","Art/2DItems/Effects/MysteryChest/AtlantisMysteryBox.dds","Atlantis Mystery Box","Boîte mystère de l'Atlantide","Atlantis-Überraschungskiste","Atlantis Mystery Box","아틀란티스 미스터리 박스","Caixa Misteriosa de Atlantis","Загадочная коробка Атлантиды","Caja misteriosa de Atlantis","กล่องปริศนา Atlantis","亞特蘭提斯神秘寶箱","MysteryPackAtlantisBox"
116,44,1,[],0,"Congratulations!\nYou earned a Atlantis Mystery Box!","Félicitations !\nVous avez remporté une Boîte mystère de l'Atlantide !","Herzlichen Glückwunsch!\nDu hast eine Atlantis-Überraschungskiste gewonnen!","Congratulations!\nYou earned a Atlantis Mystery Box!","축하합니다!\n아틀란티스 미스터리 박스를 획득하셨습니다!","Parabéns!\nVocê recebeu uma Caixa Misteriosa de Atlantis","Поздравляем!\nВы получили Загадочную коробку Атлантиды!","¡Felicitaciones!\n¡Has obtenido una Caja misteriosa de Atlantis!","ยินดีด้วย!\nคุณได้รับกล่องปริศนา Atlantis แล้ว!","恭喜！\n你獲得 1 個亞特蘭提斯神秘寶箱！","Art/2DItems/Effects/MysteryChest/AtlantisMysteryBox.dds","Atlantis Mystery Box","Boîte mystère de l'Atlantide","Atlantis-Überraschungskiste","Atlantis Mystery Box","아틀란티스 미스터리 박스","Caixa Misteriosa de Atlantis","Загадочная коробка Атлантиды","Caja misteriosa de Atlantis","กล่องปริศนา Atlantis","亞特蘭提斯神秘寶箱","MysteryPackAtlantisBox"
117,45,1,[],0,"Congratulations!\nYou earned a Atlantis Mystery Box!","Félicitations !\nVous avez remporté une Boîte mystère de l'Atlantide !","Herzlichen Glückwunsch!\nDu hast eine Atlantis-Überraschungskiste gewonnen!","Congratulations!\nYou earned a Atlantis Mystery Box!","축하합니다!\n아틀란티스 미스터리 박스를 획득하셨습니다!","Parabéns!\nVocê recebeu uma Caixa Misteriosa de Atlantis","Поздравляем!\nВы получили Загадочную коробку Атлантиды!","¡Felicitaciones!\n¡Has obtenido una Caja misteriosa de Atlantis!","ยินดีด้วย!\nคุณได้รับกล่องปริศนา Atlantis แล้ว!","恭喜！\n你獲得 1 個亞特蘭提斯神秘寶箱！","Art/2DItems/Effects/MysteryChest/AtlantisMysteryBox.dds","Atlantis Mystery Box","Boîte mystère de l'Atlantide","Atlantis-Überraschungskiste","Atlantis Mystery Box","아틀란티스 미스터리 박스","Caixa Misteriosa de Atlantis","Загадочная коробка Атлантиды","Caja misteriosa de Atlantis","กล่องปริศนา Atlantis","亞特蘭提斯神秘寶箱","MysteryPackAtlantisBox"
118,46,12,[3339],0,"Congratulations!\nYou earned the Archnemesis Ice Character Effect!","Félicitations !\nVous avez remporté l'Effet de personnage glaçant Archnemesis !","Glückwunsch!\nDu hast die Mikrotransaktion 'Archnemesis-Kälte-Charaktereffekt' freigespielt!","Congratulations!\nYou earned the Archnemesis Ice Character Effect!","축하합니다!\n강적 얼음 캐릭터 이펙트를 획득했습니다!","Parabéns!\n Você ganhou o Efeito Personagem Gélido Archnemesis!","Поздравляем!\nВы получили ледяной эффект Возмездия для персонажа!","¡Felicitaciones!\n¡Has obtenido el Efecto de Archnemesis de hielo para el personaje!","ยินดีด้วย!\nคุณได้รับเอฟเฟคตัวละครน้ำแข็ง Archnemesis แล้ว!","恭喜！\n你獲得角色特效：強襲宿敵．冰！","","","","","","","","","","","","ArchnemesisIceCharacterEffect"
119,46,24,[3342],0,"Congratulations!\nYou earned the Archnemesis Weapon Skin!","Félicitations !\nVous avez remporté l'Arme Archnemesis !","Glückwunsch!\nDu hast die Mikrotransaktion 'Archnemesis-Waffe' freigespielt!","Congratulations!\nYou earned the Archnemesis Weapon Skin!","축하합니다!\n강적 무기 스킨을 획득했습니다!","Parabéns!\nVocê ganhou o Visual Arma Archnemesis!","Поздравляем!\nВы получили оружие Возмездия!","¡Felicitaciones!\n¡Has obtenido el Aspecto de Archnemesis para arma!","ยินดีด้วย!\nคุณได้รับสกินอาวุธ Archnemesis แล้ว!","恭喜！\n你獲得武器外觀：強襲宿敵！","","","","","","","","","","","","ArchnemesisWeapon"
120,46,32,[3340],0,"Congratulations!\nYou earned the Archnemesis Lightning Character Effect!","Félicitations !\nVous avez remporté l'Effet de personnage foudroyant Archnemesis !","Glückwunsch!\nDu hast die Mikrotransaktion 'Archnemesis-Blitz-Charaktereffekt' freigespielt!","Congratulations!\nYou earned the Archnemesis Lightning Character Effect!","축하합니다!\n강적 번개 캐릭터 이펙트를 획득했습니다!","Parabéns!\n Você ganhou o Efeito Personagem Relampejante Archnemesis!","Поздравляем!\nВы получили грозовой эффект Возмездия для персонажа!","¡Felicitaciones!\n¡Has obtenido el Efecto de Archnemesis de rayo para el personaje!","ยินดีด้วย!\nคุณได้รับเอฟเฟคตัวละครสายฟ้า Archnemesis แล้ว!","恭喜！\n你獲得角色特效：強襲宿敵．雷！","","","","","","","","","","","","ArchnemesisLightningCharacterEffect"
121,46,34,[3338],0,"Congratulations!\nYou earned the Archnemesis Fire Character Effect!","Félicitations !\nVous avez remporté l'Effet de personnage enflammé Archnemesis !","Glückwunsch!\nDu hast die Mikrotransaktion 'Archnemesis-Feuer-Charaktereffekt' freigespielt!","Congratulations!\nYou earned the Archnemesis Fire Character Effect!","축하합니다!\n강적 화염 캐릭터 이펙트를 획득했습니다!","Parabéns!\n Você ganhou o Efeito Personagem Flamejante Archnemesis!","Поздравляем!\nВы получили огненный эффект Возмездия для персонажа!","¡Felicitaciones!\n¡Has obtenido el Efecto de Archnemesis de fuego para el personaje!","ยินดีด้วย!\nคุณได้รับเอฟเฟคตัวละครไฟ Archnemesis แล้ว!","恭喜！\n你獲得角色特效：強襲宿敵．炎！","","","","","","","","","","","","ArchnemesisFireCharacterEffect"
122,46,36,[3343],0,"Congratulations!\nYou earned the Archnemesis Wings!","Félicitations !\nVous avez remporté les Ailes Archnemesis !","Glückwunsch!\nDu hast die Mikrotransaktion 'Archnemesis-Flügel' freigespielt!","Congratulations!\nYou earned the Archnemesis Wings!","축하합니다!\n강적 날개를 획득했습니다!","Parabéns\nVocê ganhou as Asas Archnemesis!","Поздравляем!\nВы получили крылья Возмездия!","¡Felicitaciones!\n¡Has obtenido las Alas de Archnemesis!","ยินดีด้วย!\nคุณได้รับปีก Archnemesis แล้ว!","恭喜！\n你獲得背飾：強襲宿敵之翼！","","","","","","","","","","","","ArchnemesisWings"
123,46,38,[3341],0,"Congratulations!\nYou earned the Archnemesis Prismatic Character Effect!","Félicitations !\nVous avez remporté l'Effet de personnage prismatique Archnemesis !","Glückwunsch!\nDu hast die Mikrotransaktion 'Archnemesis-Prisma-Charaktereffekt' freigespielt!","Congratulations!\nYou earned the Archnemesis Prismatic Character Effect!","축하합니다!\n강적 분광 캐릭터 이펙트를 획득했습니다!","Parabéns!\n Você ganhou o Efeito Personagem Prismático Archnemesis!","Поздравляем!\nВы получили радужный эффект Возмездия для персонажа!","¡Felicitaciones!\n¡Has obtenido el Efecto de Archnemesis prismático para el personaje!","ยินดีด้วย!\nคุณได้รับเอฟเฟคตัวละครหลากธาตุ Archnemesis แล้ว!","恭喜！\n你獲得角色特效：強襲宿敵．三相！","","","","","","","","","","","","ArchnemesisElementalCharacterEffect"
124,46,19,[5651],3,"Congratulations! You earned the Archnemesis Totem!\nThe more challenges you complete, the bigger it gets!","Félicitations !\nVous avez remporté le Totem Archnemesis ! Plus vous réussirez de défis, plus il grandira !","Glückwunsch!\nDu hast das Archnemesis-Totem freigespielt!\nSchließe mehr Herausforderungen ab, um weitere Stufen zu erhalten!","Congratulations! You earned the Archnemesis Totem!\nThe more challenges you complete, the bigger it gets!","축하합니다! 강적 토템을 획득했습니다!\n도전과제를 완료할수록 더 큰 보상이 기다립니다!","Parabéns! Você ganhou o Totem Archnemesis!\nQuanto mais desafios você completar, mais ele cresce!","Поздравляем!\nВы получили часть тотема Возмездия!\nЗавершайте больше испытаний, чтобы получить оставшиеся части тотема!","¡Felicitaciones! ¡Has obtenido el Tótem de Archnemesis!\n¡Cuantos más desafíos completes, más grande será!","ยินดีด้วย! คุณได้รับเสาอนุสรณ์ Archnemesis แล้ว!\nยิ่งคุณผ่านภารกิจท้าทายมากเท่าไหร่ เสาอนุสรณ์ก็จะยิ่งสูงขึ้นเท่านั้น!","恭喜！你獲得宿敵圖騰！\n你完成越多挑戰，圖騰就越長！","","","","","","","","","","","","HideoutTotemPole26"
125,47,6,[3596],0,"Congratulations!\nYou earned the Ophidian Gloves!","Félicitations !\nVous avez remporté les Gants de l'Ophidien !","Glückwunsch!\nDu hast die Mikrotransaktion 'Schlangen-Handschuhe' freigespielt!","おめでとうございます！\nオフィディアングローブを獲得しました！","축하합니다!\n장충 장갑을 획득했습니다!","Parabéns!\nVocê recebeu as Luvas Ofídias!","Поздравляем!\nВы получили змеиные перчатки!","¡Felicitaciones!\n¡Has obtenido los Guantes de Ofidio!","ยินดีด้วย!\nคุณได้ครอบครองถุงมือ Ophidian แล้ว!","恭喜！\n你獲得手部外觀：巨蛇毒牙！","","","","","","","","","","","","OphidianGloves"
126,47,12,[3595],0,"Congratulations!\nYou earned the Ophidian Boots!","Félicitations !\nVous avez remporté les Bottes de l'Ophidien !","Glückwunsch!\nDu hast die Mikrotransaktion 'Schlangen-Stiefel' freigespielt!","おめでとうございます！\nオフィディアンブーツを獲得しました！","축하합니다!\n장충 장화를 획득했습니다!","Parabéns!\nVocê recebeu as Botas Ofídias!","Поздравляем!\nВы получили змеиные сапоги!","¡Felicitaciones!\n¡Has obtenido las Botas de Ofidio!","ยินดีด้วย!\nคุณได้ครอบครองรองเท้า Ophidian แล้ว!","恭喜！\n你獲得腳部外觀：巨蛇毒牙！","","","","","","","","","","","","OphidianBoots"
127,47,16,[3594],0,"Congratulations!\nYou earned the Ophidian Helmet!","Félicitations !\nVous avez remporté le Casque de l'Ophidien !","Glückwunsch!\nDu hast die Mikrotransaktion 'Schlangen-Helm' freigespielt!","おめでとうございます！\nオフィディアンヘルメットを獲得しました！","축하합니다!\n장충 투구를 획득했습니다!","Parabéns!\nVocê recebeu o Elmo Ofídio!","Поздравляем!\nВы получили змеиный шлем!","¡Felicitaciones!\n¡Has obtenido el Casco de Ofidio!","ยินดีด้วย!\nคุณได้ครอบครองหมวก Ophidian แล้ว!","恭喜！\n你獲得頭部外觀：巨蛇毒牙！","","","","","","","","","","","","OphidianHelmet"
128,47,20,[3597],0,"Congratulations!\nYou earned the Ophidian Body Armour!","Félicitations !\nVous avez remporté l'Armure de l'Ophidien !","Glückwunsch!\nDu hast die Mikrotransaktion 'Schlangen-Körperrüstung' freigespielt!","おめでとうございます！\nオフィディアンアーマーを獲得しました！","축하합니다!\n장충 갑옷을 획득했습니다!","Parabéns!\nVocê recebeu o Peitoral Ofídio!","Поздравляем!\nВы получили змеиный нательный доспех!","¡Felicitaciones!\n¡Has obtenido la Armadura de Ofidio!","ยินดีด้วย!\nคุณได้ครอบครองเสื้อเกราะ Ophidian แล้ว!","恭喜！\n你獲得身體外觀：巨蛇毒牙！","","","","","","","","","","","","OphidianBodyArmour"
129,47,24,[3598],0,"Congratulations!\nYou earned the Ophidian Wings!","Félicitations !\nVous avez remporté les Ailes de l'Ophidien !","Glückwunsch!\nDu hast die Mikrotransaktion 'Schlangen-Flügel' freigespielt!","おめでとうございます！\nオフィディアンの翼を獲得しました！","축하합니다!\n장충 날개를 획득했습니다!","Parabéns!\nVocê recebeu as Asas Ofídias!","Поздравляем!\nВы получили змеиные крылья!","¡Felicitaciones!\n¡Has obtenido las Alas de Ofidio!","ยินดีด้วย!\nคุณได้ครอบครองปีก Ophidian แล้ว!","恭喜！\n你獲得背飾：巨蛇毒牙之翼！","","","","","","","","","","","","OphidianWings"
130,47,28,[3601],0,"Congratulations!\nYou earned the Ophidian Lord Gloves!","Félicitations !\nVous avez remporté les Gants du Seigneur ophidien !","Glückwunsch!\nDu hast die Mikrotransaktion 'Schlangenfürst-Handschuhe' freigespielt!","おめでとうございます！\nオフィディアンロードグローブを獲得しました！","축하합니다!\n장충 군주 장갑을 획득했습니다!","Parabéns!\nVocê recebeu as Luvas do Lorde Ofídio!","Поздравляем!\nВы получили перчатки владыки змей!","¡Felicitaciones!\n¡Has obtenido los Guantes de Ofidio alfa!","ยินดีด้วย!\nคุณได้ครอบครองถุงมือ Ophidian Lord แล้ว!","恭喜！\n你獲得手部外觀：巨蛇君王！","","","","","","","","","","","","OphidianLordGloves"
131,47,31,[3600],0,"Congratulations!\nYou earned the Ophidian Lord Boots!","Félicitations !\nVous avez remporté les Bottes du Seigneur ophidien !","Glückwunsch!\nDu hast die Mikrotransaktion 'Schlangenfürst-Stiefel' freigespielt!","おめでとうございます！\nオフィディアンロードブーツを獲得しました！","축하합니다!\n장충 군주 장화를 획득했습니다!","Parabéns!\nVocê recebeu as Botas do Lorde Ofídio!","Поздравляем!\nВы получили сапоги владыки змей!","¡Felicitaciones!\n¡Has obtenido las Botas de Ofidio alfa!","ยินดีด้วย!\nคุณได้ครอบครองรองเท้า Ophidian Lord แล้ว!","恭喜！\n你獲得腳部外觀：巨蛇君王！","","","","","","","","","","","","OphidianLordBoots"
132,47,34,[3599],0,"Congratulations!\nYou earned the Ophidian Lord Helmet!","Félicitations !\nVous avez remporté le Casque du Seigneur ophidien !","Glückwunsch!\nDu hast die Mikrotransaktion 'Schlangenfürst-Helm' freigespielt!","おめでとうございます！\nオフィディアンロードヘルメットを獲得しました！","축하합니다!\n장충 군주 투구를 획득했습니다!","Parabéns!\nVocê recebeu o Elmo do Lorde Ofídio!","Поздравляем!\nВы получили шлем владыки змей!","¡Felicitaciones!\n¡Has obtenido el Casco de Ofidio alfa!","ยินดีด้วย!\nคุณได้ครอบครองหมวก Ophidian Lord แล้ว!","恭喜！\n你獲得頭部外觀：巨蛇君王！","","","","","","","","","","","","OphidianLordHelmet"
133,47,36,[3602],0,"Congratulations!\nYou earned the Ophidian Lord Body Armour!","Félicitations !\nVous avez remporté l'Armure du Seigneur ophidien !","Glückwunsch!\nDu hast die Mikrotransaktion 'Schlangenfürst-Körperrüstung' freigespielt!","おめでとうございます！\nオフィディアンロードアーマーを獲得しました！","축하합니다!\n장충 군주 갑옷을 획득했습니다!","Parabéns!\nVocê recebeu o Peitoral do Lorde Ofídio!","Поздравляем!\nВы получили нательный доспех владыки змей!","¡Felicitaciones!\n¡Has obtenido la Armadura de Ofidio alfa!","ยินดีด้วย!\nคุณได้ครอบครองเสื้อเกราะ Ophidian Lord แล้ว!","恭喜！\n你獲得身體外觀：巨蛇君王！","","","","","","","","","","","","OphidianLordBodyArmour"
134,47,38,[3603],0,"Congratulations!\nYou earned the Ophidian Lord Wings!","Félicitations !\nVous avez remporté les Ailes du Seigneur ophidien !","Glückwunsch!\nDu hast die Mikrotransaktion 'Schlangenfürst-Flügel' freigespielt!","おめでとうございます！\nオフィディアンロードの翼を獲得しました！","축하합니다!\n장충 군주 날개를 획득했습니다!","Parabéns!\nVocê recebeu as Asas do Lorde Ofídio!","Поздравляем!\nВы получили крылья владыки змей!","¡Felicitaciones!\n¡Has obtenido las Alas de Ofidio alfa!","ยินดีด้วย!\nคุณได้ครอบครองปีก Ophidian Lord แล้ว!","恭喜！\n你獲得背飾：巨蛇君王之翼！","","","","","","","","","","","","OphidianLordWings"
135,47,19,[5653],3,"Congratulations! You earned the Sentinel Totem!\nThe more challenges you complete, the bigger it gets!","Félicitations !\nVous avez remporté le Totem Sentinel ! Plus vous réussirez de défis, plus il grandira !","Glückwunsch!\nDu hast das Sentinel-Totem freigespielt!\nSchließe mehr Herausforderungen ab, um weitere Stufen zu erhalten!","おめでとうございます！センチネルトーテムを獲得しました！\nさらにチャレンジを完了することで大きくなります！","축하합니다! 파수꾼 토템을 획득했습니다!\n도전과제를 완료할수록 더 큰 보상이 기다립니다!","Parabéns! Você ganhou o Totem Sentinela!\nQuanto mais desafios você completar, mais ele cresce!","Поздравляем!\nВы получили часть тотема Дозора!\nЗавершайте больше испытаний, чтобы получить оставшиеся части тотема!","¡Felicitaciones! ¡Has obtenido el Tótem de Sentinel!\n¡Cuantos más desafíos completes, más grande será!","ยินดีด้วย!\nคุณได้ครอบครองเสาอนุสรณ์ Sentinel แล้ว!\nยิ่งคุณผ่านภารกิจท้าทายมากเท่าไหร่ เสาอนุสรณ์ก็จะยิ่งสูงขึ้นเท่านั้น!","恭喜！你獲得守望圖騰！\n你完成越多挑戰，圖騰就越長！","","","","","","","","","","","","HideoutTotemPole27"
136,48,4,[3504],0,"Congratulations! You earned the Iridescent Helmet Attachment!\nThis appearance of this helmet attachment improves as you complete 12, 20 and 29 challenges.","Félicitations ! Vous avez remporté l'Accessoire de casque de l'Iridescent !\nL'apparence de cet Accessoire de casque s'améliore lorsque vous terminez 12, 20 et 29 défis.","Glückwunsch!\nDu hast die Mikrotransaktion 'Schillernder Helmzusatz' freigespielt!\nDas Erscheinungsbild verbessert sich mit Abschluss von 12, 20 und 29 Herausforderungen.","おめでとうございます！玉虫色のヘルメット装飾品を獲得しました！\nこのヘルメット装飾品の見た目はチャレンジを12、20、29個完了すると向上します。","축하합니다! 무지갯빛의 투구 부착물을 획득했습니다!\n이 투구의 외형은 도전과제를 12개, 20개, 29개 완료하는 시점에 더 멋있어집니다.","Parabéns! Você ganhou o Acessório de Elmo Iridescente!\nA aparência deste acessório de elmo melhora na medida em que você completar os desafios número 12, 20 e 29.","Поздравляем!\nВы получили переливающееся украшение для шлема!\nВнешний вид этого украшения для шлема меняется по завершению вами 12, 20 и 29 испытаний.","¡Felicitaciones! ¡Has obtenido el Accesorio para casco Iridiscente!\nLa apariencia de este accesorio para casco mejorará cuando completes 12, 20 y 29 desafíos.","ยินดีด้วย!\nคุณได้ครอบครองแฟชั่นติดหมวก Iridescent แล้ว!\nแฟชั่นติดหมวกนี้จะมีรูปลักษณ์ที่ดียิ่งขึ้นเมื่อคุณผ่านภารกิจท้าทาย 12, 20 และ 29 ภารกิจ","恭喜！你獲得頭部特效：彩虹光輝！\n此頭部特效外觀會在你完成 12、20和29個挑戰時優化。","","Iridescent Helmet Attachment (Tier 1)","Accessoire de casque de l'Iridescent (Palier 1)","Schillernder Helmzusatz (Level 1)","玉虫色のヘルメット装飾品（ティア1）","무지갯빛의 투구 부착물 (1등급)","Acessório de Elmo Iridescente (Tier 1)","Переливающееся украшение для шлема (1 уровень)","Accesorio para casco Iridiscente (nivel 1)","แฟชั่นติดหมวก Iridescent (ระดับ 1)","頭部特效：彩虹光輝（T1）","IridescentHelmetAttachment"
137,48,6,[3505],0,"Congratulations! You earned the Iridescent Weapon Effect!\nThis weapon effect increases in intensity as you complete 14, 22 and 32 challenges.","Félicitations ! Vous avez remporté l'Effet d'arme de l'Iridescent !\nCet Effet d'arme gagne en intensité lorsque vous terminez 14, 22 et 32 défis.","Glückwunsch!\nDu hast die Mikrotransaktion 'Schillernder Waffeneffekt' freigespielt!\nDie Intensität des Waffeneffekts nimmt mit Abschluss von 14, 22 und 32 Herausforderungen zu.","おめでとうございます！玉虫色の武器エフェクトを獲得しました！\nこの武器エフェクトの強度はチャレンジを14、22、32個完了すると強くなります。","축하합니다! 무지갯빛의 무기 이펙트를 획득했습니다!\n이 무기 이펙트는 도전과제를 14개, 22개, 32개 완료하는 시점에 더 강렬해집니다.","Parabéns! Você ganhou o Efeito Arma Iridescente!\nEste efeito de arma melhora em intensidade na medida em que você completar os desafios de número 14, 22 e 32.","Поздравляем!\nВы получили переливающийся эффект оружия!\nЭтот эффект усиливается по завершению вами 14, 22 и 32 испытаний.","¡Felicitaciones! ¡Has obtenido el Efecto Iridiscente para arma!\nLa intensidad de este efecto para arma aumentará cuando completes 14, 22 y 32 desafíos.","ยินดีด้วย!\nคุณได้ครอบครองเอฟเฟคอาวุธ Iridescent แล้ว!\nเอฟเฟคอาวุธนี้จะมีความแรงกล้ายิ่งขึ้นเมื่อคุณผ่านภารกิจท้าทาย 14, 22 และ 32 ภารกิจ","恭喜！你獲得武器特效：彩虹光輝！\n此武器特效外觀會在你完成 14、22和32個挑戰時優化。","","Iridescent Weapon Effect (Tier 1)","Effet d'arme de l'Iridescent (Palier 1)","Schillernder Waffeneffekt (Level 1)","玉虫色の武器エフェクト（ティア1）","무지갯빛의 무기 이펙트 (1등급)","Efeito Arma Iridescente (Tier 1)","Переливающийся эффект оружия (1 уровень)","Efecto Iridiscente para arma (nivel 1)","เอฟเฟคอาวุธ Iridescent (ระดับ 1)","武器特效：彩虹光輝（T1）","IridescentWeaponEffect"
138,48,8,[3509],0,"Congratulations! You earned the Iridescent Character Effect!\nThis character effect increases in intensity as you complete 16, 24 and 35 challenges.","Félicitations ! Vous avez remporté l'Effet de personnage de l'Iridescent !\nCet Effet de personnage gagne en intensité lorsque vous terminez 16, 24 et 35 défis.","Glückwunsch!\nDu hast die Mikrotransaktion 'Schillernder Charaktereffekt' freigespielt!\nDie Intensität des Charaktereffekts nimmt mit Abschluss von 16, 24 und 35 Herausforderungen zu.","おめでとうございます！玉虫色のキャラクターエフェクトを獲得しました！\nこのキャラクターエフェクトの強度はチャレンジを16、24、35個完了すると強くなります。","축하합니다! 무지갯빛의 캐릭터 이펙트를 획득했습니다!\n이 무기 이펙트는 도전과제를 16개, 24개, 35개 완료하는 시점에 더 강렬해집니다.","Parabéns! Você ganhou o Efeito Personagem Iridescente!\nEste efeito de personagem melhora em intensidade na medida em que você completar os desafios de número 16, 24 e 35.","Поздравляем!\nВы получили переливающийся эффект для персонажа!\nЭтот эффект усиливается по завершению вами 16, 24 и 35 испытаний.","¡Felicitaciones! ¡Has obtenido el Efecto Iridiscente para el personaje!\nLa intensidad de este efecto para el personaje aumentará cuando completes 16, 24 y 35 desafíos.","ยินดีด้วย!\nคุณได้ครอบครองเอฟเฟคตัวละคร Iridescent แล้ว!\nเอฟเฟคตัวละครนี้จะมีความแรงกล้ายิ่งขึ้นเมื่อคุณผ่านภารกิจท้าทาย 16, 24 และ 35 ภารกิจ","恭喜！你獲得角色特效：彩虹光輝！\n此角色特效外觀會在你完成 16、24和35個挑戰時優化。","","Iridescent Character Effect (Tier 1)","Effet de personnage de l'Iridescent (Palier 1)","Schillernder Charaktereffekt (Level 1)","玉虫色のキャラクターエフェクト（ティア1）","무지갯빛의 캐릭터 이펙트 (1등급)","Efeito Personagem Iridescente (Tier 1)","Переливающийся эффект для персонажа (1 уровень)","Efecto Iridiscente para el personaje (nivel 1)","เอฟเฟคตัวละคร Iridescent (ระดับ 1)","角色特效：彩虹光輝（T1）","IridescentCharacterEffect"
139,48,10,[3507],0,"Congratulations! You earned the Iridescent Wings!\nThe appearance of these wings improves as you complete 10, 18 and 38 challenges.","Félicitations ! Vous avez remporté les Ailes de l'Iridescent !\nL'apparence de ces Ailes s'améliore lorsque vous terminez 10, 18 et 38 défis.","Glückwunsch!\nDu hast die Mikrotransaktion 'Schillernde Flügel' freigespielt!\nDas Erscheinungsbild verbessert sich mit Abschluss von 10, 18 und 38 Herausforderungen.","おめでとうございます！玉虫色の翼を獲得しました！\nこの翼の見た目はチャレンジを10、18、38個完了すると向上します。","축하합니다! 무지갯빛의 날개를 획득했습니다!\n이 날개의 외형은 도전과제를 10개, 18개, 38개 완료하는 시점에 더 멋있어집니다.","Parabéns! Você ganhou as Asas Iridescentes!\nA aparência destas asas melhora na medida em que você completar os desafios de número 10, 18 e 38.","Поздравляем!\nВы получили переливающиеся крылья!\nВнешний вид этих крыльев меняется по завершению вами  10, 18 и 38 испытаний.","¡Felicitaciones! ¡Has obtenido las Alas Iridiscentes!\nLa apariencia de estas alas mejorará cuando completes 10, 18 y 38 desafíos.","ยินดีด้วย!\nคุณได้ครอบครองปีก Iridescent แล้ว!\nปีกนี้จะมีรูปลักษณ์ที่ดียิ่งขึ้นเมื่อคุณผ่านภารกิจท้าทาย 10, 18 และ 38 ภารกิจ","恭喜！你獲得背飾：彩虹光輝之翼！\n此背飾外觀會在你完成 10、18和38個挑戰時優化。","","Iridescent Wings (Tier 1)","Ailes de l'Iridescent (Palier 1)","Schillernde Flügel (Level 1)","玉虫色の翼（ティア1）","무지갯빛의 날개 (1등급)","Asas Iridescentes (Tier 1)","Переливающиеся крылья (1 уровень)","Alas Iridiscentes (nivel 1)","ปีก Iridescent (ระดับ 1)","背飾：彩虹光輝之翼（T1）","IridescentWings"
140,48,19,[5655],3,"Congratulations! You earned the Lake of Kalandra Totem!\nThe more challenges you complete, the bigger it gets!","Félicitations !\nVous avez remporté le Totem Lake of Kalandra ! Plus vous réussirez de défis, plus il grandira !","Glückwunsch!\nDu hast das Lake of Kalandra-Totem freigespielt!\nSchließe mehr Herausforderungen ab, um weitere Stufen zu erhalten!","おめでとうございます！レイクオブカランドラトーテムを獲得しました！\nさらにチャレンジを完了することで大きくなります！","축하합니다! 칼란드라 호수 토템을 획득했습니다!\n도전과제를 완료할수록 더 큰 보상이 기다립니다!","Parabéns! Você ganhou o Totem do Lago de Kalandra!\nQuanto mais desafios você completar, mais ele cresce!","Поздравляем!\nВы получили часть тотема Озера Каландры!\nЗавершайте больше испытаний, чтобы получить оставшиеся части тотема!","¡Felicitaciones! ¡Has obtenido el Tótem de Lake of Kalandra!\n¡Cuantos más desafíos completes, más grande será!","ยินดีด้วย!\nคุณได้ครอบครองเสาอนุสรณ์ Lake of Kalandra แล้ว!\nยิ่งคุณผ่านภารกิจท้าทายมากเท่าไหร่ เสาอนุสรณ์ก็จะยิ่งสูงขึ้นเท่านั้น!","恭喜！你獲得卡蘭德迷湖圖騰！\n你完成越多挑戰，圖騰就越長！","","","","","","","","","","","","HideoutTotemPole28"
141,48,12,[],0,"Congratulations!\nYou earned another tier of the Iridescent Helmet Attachment!","Félicitations ! Vous avez remporté un autre palier de l'Accessoire de casque de l'Iridescent !","Glückwunsch!\nDu hast einen weiteren Level der Mikrotransaktion 'Schillernder Helmzusatz' freigespielt!","おめでとうございます！\n第二段階の玉虫色のヘルメット装飾品を獲得しました！","축하합니다!\n무지갯빛의 투구 부착물이 1등급 올랐습니다!","Parabéns! Você ganhou outro tier do Acessório de Elmo Iridescente!","Поздравляем!\nВы получили ещё один уровень переливающегося украшения для шлема!","¡Felicitaciones!\n¡Has conseguido otro nivel del Accesorio para casco Iridiscente!","ยินดีด้วย!\nคุณได้ครอบครองแฟชั่นติดหมวก Iridescent ระดับใหม่แล้ว!","恭喜！你獲得另一階級的頭部特效：彩虹光輝！","Art/2DItems/Effects/Hats/IridescentEmperorHelmetAttachment.dds","Iridescent Helmet Attachment (Tier 2)","Accessoire de casque de l'Iridescent (Palier 2)","Schillernder Helmzusatz (Level 2)","玉虫色のヘルメット装飾品（ティア2）","무지갯빛의 투구 부착물 (2등급)","Acessório de Elmo Iridescente (Tier 2)","Переливающееся украшение для шлема (2 уровень)","Accesorio para casco Iridiscente (nivel 2)","แฟชั่นติดหมวก Iridescent (ระดับ 2)","頭部特效：彩虹光輝（T2）",""
142,48,14,[],0,"Congratulations!\nYou earned another tier of the Iridescent Weapon Effect!","Félicitations ! Vous avez remporté un autre palier de l'Effet d'arme de l'Iridescent !","Glückwunsch!\nDu hast einen weiteren Level der Mikrotransaktion 'Schillernder Waffeneffekt' freigespielt!","おめでとうございます！\n第二段階の玉虫色の武器エフェクトを獲得しました！","축하합니다!\n무지갯빛의 무기 이펙트가 1등급 올랐습니다!","Parabéns! Você ganhou outro tier do Efeito Arma Iridescente!","Поздравляем!\nВы получили ещё один уровень переливающегося эффекта оружия!","¡Felicitaciones!\n¡Has conseguido otro nivel del Efecto Iridiscente para arma!","ยินดีด้วย!\nคุณได้ครอบครองเอฟเฟคอาวุธ Iridescent ระดับใหม่แล้ว!","恭喜！你獲得另一階級的武器特效：彩虹光輝！","Art/2DItems/Effects/Weapon/weapon_IridescentEmperor.dds","Iridescent Weapon Effect (Tier 2)","Effet d'arme de l'Iridescent (Palier 2)","Schillernder Waffeneffekt (Level 2)","玉虫色の武器エフェクト（ティア2）","무지갯빛의 무기 이펙트 (2등급)","Efeito Arma Iridescente (Tier 2)","Переливающийся эффект оружия (2 уровень)","Efecto Iridiscente para arma (nivel 2)","เอฟเฟคอาวุธ Iridescent (ระดับ 2)","武器特效：彩虹光輝（T2）",""
143,48,16,[],0,"Congratulations!\nYou earned another tier of the Iridescent Character Effect!","Félicitations ! Vous avez remporté un autre palier de l'Effet de personnage de l'Iridescent !","Glückwunsch!\nDu hast einen weiteren Level der Mikrotransaktion 'Schillernder Charaktereffekt' freigespielt!","おめでとうございます！\n第二段階の玉虫色のキャラクターエフェクトを獲得しました！","축하합니다!\n무지갯빛의 캐릭터 이펙트가 1등급 올랐습니다!","Parabéns! Você ganhou outro tier do Efeito Personagem Iridescente!","Поздравляем!\nВы получили ещё один уровень переливающегося эффекта для персонажа!","¡Felicitaciones!\n¡Has conseguido otro nivel del Efecto Iridiscente para el personaje!","ยินดีด้วย!\nคุณได้ครอบครองเอฟเฟคตัวละคร Iridescent ระดับใหม่แล้ว!","恭喜！你獲得另一階級的角色特效：彩虹光輝！","Art/2DItems/Effects/Character/IridescentEmperorCharacterEffect.dds","Iridescent Character Effect (Tier 2)","Effet de personnage de l'Iridescent (Palier 2)","Schillernder Charaktereffekt (Level 2)","玉虫色のキャラクターエフェクト（ティア2）","무지갯빛의 캐릭터 이펙트 (2등급)","Efeito Personagem Iridescente (Tier 2)","Переливающийся эффект для персонажа (2 уровень)","Efecto Iridiscente para el personaje (nivel 2)","เอฟเฟคตัวละคร Iridescent (ระดับ 2)","角色特效：彩虹光輝（T2）",""
144,48,18,[],0,"Congratulations!\nYou earned another tier of the Iridescent Wings!","Félicitations ! Vous avez remporté un autre palier des Ailes de l'Iridescent !","Glückwunsch!\nDu hast einen weiteren Level der Mikrotransaktion 'Schillernde Flügel' freigespielt!","おめでとうございます！\n第二段階の玉虫色の翼を獲得しました！","축하합니다!\n무지갯빛의 날개가 1등급 올랐습니다!","Parabéns! Você ganhou outro tier das Asas Iridescentes!","Поздравляем!\nВы получили ещё один уровень переливающихся крыльев!","¡Felicitaciones!\n¡Has conseguido otro nivel de las Alas Iridiscentes!","ยินดีด้วย!\nคุณได้ครอบครองปีก Iridescent ระดับใหม่แล้ว!","恭喜！你獲得另一階級的背飾：彩虹光輝之翼！","Art/2DItems/Effects/Wings/IridescentMonarchWings.dds","Iridescent Wings (Tier 2)","Ailes de l'Iridescent (Palier 2)","Schillernde Flügel (Level 2)","玉虫色の翼（ティア2）","무지갯빛의 날개 (2등급)","Asas Iridescentes (Tier 2)","Переливающиеся крылья (2 уровень)","Alas Iridiscentes (nivel 2)","ปีก Iridescent (ระดับ 2)","背飾：彩虹光輝之翼（T2）",""
145,48,20,[],0,"Congratulations!\nYou earned another tier of the Iridescent Helmet Attachment!","Félicitations ! Vous avez remporté un autre palier de l'Accessoire de casque de l'Iridescent !","Glückwunsch!\nDu hast einen weiteren Level der Mikrotransaktion 'Schillernder Helmzusatz' freigespielt!","おめでとうございます！\n第三段階の玉虫色のヘルメット装飾品を獲得しました！","축하합니다!\n무지갯빛의 투구 부착물이 1등급 올랐습니다!","Parabéns! Você ganhou outro tier do Acessório de Elmo Iridescente!","Поздравляем!\nВы получили ещё один уровень переливающегося украшения для шлема!","¡Felicitaciones!\n¡Has conseguido otro nivel del Accesorio para casco Iridiscente!","ยินดีด้วย!\nคุณได้ครอบครองแฟชั่นติดหมวก Iridescent ระดับใหม่แล้ว!","恭喜！你獲得另一階級的頭部特效：彩虹光輝！","Art/2DItems/Effects/Hats/IridescentEmperorHelmetAttachment.dds","Iridescent Helmet Attachment (Tier 3)","Accessoire de casque de l'Iridescent (Palier 3)","Schillernder Helmzusatz (Level 3)","玉虫色のヘルメット装飾品（ティア3）","무지갯빛의 투구 부착물 (3등급)","Acessório de Elmo Iridescente (Tier 3)","Переливающееся украшение для шлема (3 уровень)","Accesorio para casco Iridiscente (nivel 3)","แฟชั่นติดหมวก Iridescent (ระดับ 3)","頭部特效：彩虹光輝（T3）",""
146,48,22,[],0,"Congratulations!\nYou earned another tier of the Iridescent Weapon Effect!","Félicitations ! Vous avez remporté un autre palier de l'Effet d'arme de l'Iridescent !","Glückwunsch!\nDu hast einen weiteren Level der Mikrotransaktion 'Schillernder Waffeneffekt' freigespielt!","おめでとうございます！\n第三段階の玉虫色の武器エフェクトを獲得しました！","축하합니다!\n무지갯빛의 무기 이펙트가 1등급 올랐습니다!","Parabéns! Você ganhou outro tier do Efeito Arma Iridescente!","Поздравляем!\nВы получили ещё один уровень переливающегося эффекта оружия!","¡Felicitaciones!\n¡Has conseguido otro nivel del Efecto Iridiscente para arma!","ยินดีด้วย!\nคุณได้ครอบครองเอฟเฟคอาวุธ Iridescent ระดับใหม่แล้ว!","恭喜！你獲得另一階級的武器特效：彩虹光輝！","Art/2DItems/Effects/Weapon/weapon_IridescentEmperor.dds","Iridescent Weapon Effect (Tier 3)","Effet d'arme de l'Iridescent (Palier 3)","Schillernder Waffeneffekt (Level 3)","玉虫色の武器エフェクト（ティア3）","무지갯빛의 무기 이펙트 (3등급)","Efeito Arma Iridescente (Tier 3)","Переливающийся эффект оружия (3 уровень)","Efecto Iridiscente para arma (nivel 3)","เอฟเฟคอาวุธ Iridescent (ระดับ 3)","武器特效：彩虹光輝（T3）",""
147,48,24,[],0,"Congratulations!\nYou earned another tier of the Iridescent Character Effect!","Félicitations ! Vous avez remporté un autre palier de l'Effet de personnage de l'Iridescent !","Glückwunsch!\nDu hast einen weiteren Level der Mikrotransaktion 'Schillernder Charaktereffekt' freigespielt!","おめでとうございます！\n第三段階の玉虫色のキャラクターエフェクトを獲得しました！","축하합니다!\n무지갯빛의 캐릭터 이펙트가 1등급 올랐습니다!","Parabéns! Você ganhou outro tier do Efeito Personagem Iridescente!","Поздравляем!\nВы получили ещё один уровень переливающегося эффекта для персонажа!","¡Felicitaciones!\n¡Has conseguido otro nivel del Efecto Iridiscente para el personaje!","ยินดีด้วย!\nคุณได้ครอบครองเอฟเฟคตัวละคร Iridescent ระดับใหม่แล้ว!","恭喜！你獲得另一階級的角色特效：彩虹光輝！","Art/2DItems/Effects/Character/IridescentEmperorCharacterEffect.dds","Iridescent Character Effect (Tier 3)","Effet de personnage de l'Iridescent (Palier 3)","Schillernder Charaktereffekt (Level 3)","玉虫色のキャラクターエフェクト（ティア3）","무지갯빛의 캐릭터 이펙트 (3등급)","Efeito Personagem Iridescente (Tier 3)","Переливающийся эффект для персонажа (3 уровень)","Efecto Iridiscente para el personaje (nivel 3)","เอฟเฟคตัวละคร Iridescent (ระดับ 3)","角色特效：彩虹光輝（T3）",""
148,48,26,[],0,"Congratulations!\nYou earned another tier of the Iridescent Wings!","Félicitations ! Vous avez remporté un autre palier des Ailes de l'Iridescent !","Glückwunsch!\nDu hast einen weiteren Level der Mikrotransaktion 'Schillernde Flügel' freigespielt!","おめでとうございます！\n第三段階の玉虫色の翼を獲得しました！","축하합니다!\n무지갯빛의 날개가 1등급 올랐습니다!","Parabéns! Você ganhou outro tier das Asas Iridescentes!","Поздравляем!\nВы получили ещё один уровень переливающихся крыльев!","¡Felicitaciones!\n¡Has conseguido otro nivel de las Alas Iridiscentes!","ยินดีด้วย!\nคุณได้ครอบครองปีก Iridescent ระดับใหม่แล้ว!","恭喜！你獲得另一階級的背飾：彩虹光輝之翼！","Art/2DItems/Effects/Wings/IridescentMonarchWings.dds","Iridescent Wings (Tier 3)","Ailes de l'Iridescent (Palier 3)","Schillernde Flügel (Level 3)","玉虫色の翼（ティア3）","무지갯빛의 날개 (3등급)","Asas Iridescentes (Tier 3)","Переливающиеся крылья (3 уровень)","Alas Iridiscentes (nivel 3)","ปีก Iridescent (ระดับ 3)","背飾：彩虹光輝之翼（T3）",""
149,48,29,[],0,"Congratulations!\nYou earned the final tier of the Iridescent Helmet Attachment!","Félicitations ! Vous avez remporté un autre palier de l'Accessoire de casque de l'Iridescent !","Glückwunsch!\nDu hast den letzten Level der Mikrotransaktion 'Schillernder Helmzusatz' freigespielt!","おめでとうございます！\n最終段階の玉虫色のヘルメット装飾品を獲得しました！","축하합니다!\n무지갯빛의 투구 부착물이 최종 등급에 도달했습니다!","Parabéns! Você ganhou outro tier do Acessório de Elmo Iridescente!","Поздравляем!\nВы получили последний уровень переливающегося украшения для шлема!","¡Felicitaciones!\n¡Has conseguido otro nivel del Accesorio para casco Iridiscente!","ยินดีด้วย!\nคุณได้ครอบครองแฟชั่นติดหมวก Iridescent ระดับสุดท้ายแล้ว!","恭喜！你獲得另一階級的頭部特效：彩虹光輝！","Art/2DItems/Effects/Hats/IridescentEmperorHelmetAttachment.dds","Iridescent Helmet Attachment (Tier 4)","Accessoire de casque de l'Iridescent (Palier 4)","Schillernder Helmzusatz (Level 4)","玉虫色のヘルメット装飾品（ティア4）","무지갯빛의 투구 부착물 (4등급)","Acessório de Elmo Iridescente (Tier 4)","Переливающееся украшение для шлема (4 уровень)","Accesorio para casco Iridiscente (nivel 4)","แฟชั่นติดหมวก Iridescent (ระดับ 4)","頭部特效：彩虹光輝（T4）",""
150,48,32,[],0,"Congratulations!\nYou earned the final tier of the Iridescent Weapon Effect!","Félicitations ! Vous avez remporté un autre palier de l'Effet d'arme de l'Iridescent !","Glückwunsch!\nDu hast den letzten Level der Mikrotransaktion 'Schillernder Waffeneffekt' freigespielt!","おめでとうございます！\n最終段階の玉虫色の武器エフェクトを獲得しました！","축하합니다!\n무지갯빛의 무기 이펙트가 최종 등급에 도달했습니다!","Parabéns! Você ganhou outro tier do Efeito Arma Iridescente!","Поздравляем!\nВы получили последний уровень переливающегося эффекта оружия!","¡Felicitaciones!\n¡Has conseguido otro nivel del Efecto Iridiscente para arma!","ยินดีด้วย!\nคุณได้ครอบครองเอฟเฟคอาวุธ Iridescent ระดับสุดท้ายแล้ว!","恭喜！你獲得另一階級的武器特效：彩虹光輝！","Art/2DItems/Effects/Weapon/weapon_IridescentEmperor.dds","Iridescent Weapon Effect (Tier 4)","Effet d'arme de l'Iridescent (Palier 4)","Schillernder Waffeneffekt (Level 4)","玉虫色の武器エフェクト（ティア4）","무지갯빛의 무기 이펙트 (4등급)","Efeito Arma Iridescente (Tier 4)","Переливающийся эффект оружия (4 уровень)","Efecto Iridiscente para arma (nivel 4)","เอฟเฟคอาวุธ Iridescent (ระดับ 4)","武器特效：彩虹光輝（T4）",""
151,48,35,[],0,"Congratulations!\nYou earned the final tier of the Iridescent Character Effect!","Félicitations ! Vous avez remporté un autre palier de l'Effet de personnage de l'Iridescent !","Glückwunsch!\nDu hast den letzten Level der Mikrotransaktion 'Schillernder Charaktereffekt' freigespielt!","おめでとうございます！\n最終段階の玉虫色のキャラクターエフェクトを獲得しました！","축하합니다!\n무지갯빛의 캐릭터 이펙트가 최종 등급에 도달했습니다!","Parabéns! Você ganhou outro tier do Efeito Personagem Iridescente!","Поздравляем!\nВы получили последний уровень переливающегося эффекта для персонажа!","¡Felicitaciones!\n¡Has conseguido otro nivel del Efecto Iridiscente para el personaje!","ยินดีด้วย!\nคุณได้ครอบครองเอฟเฟคตัวละคร Iridescent ระดับสุดท้ายแล้ว!","恭喜！你獲得另一階級的角色特效：彩虹光輝！","Art/2DItems/Effects/Character/IridescentEmperorCharacterEffect.dds","Iridescent Character Effect (Tier 4)","Effet de personnage de l'Iridescent (Palier 4)","Schillernder Charaktereffekt (Level 4)","玉虫色のキャラクターエフェクト（ティア4）","무지갯빛의 캐릭터 이펙트 (4등급)","Efeito Personagem Iridescente (Tier 4)","Переливающийся эффект для персонажа (4 уровень)","Efecto Iridiscente para el personaje (nivel 4)","เอฟเฟคตัวละคร Iridescent (ระดับ 4)","角色特效：彩虹光輝（T4）",""
152,48,38,[],0,"Congratulations!\nYou earned the final tier of the Iridescent Wings!","Félicitations ! Vous avez remporté un autre palier des Ailes de l'Iridescent !","Glückwunsch!\nDu hast den letzten Level der Mikrotransaktion 'Schillernde Flügel' freigespielt!","おめでとうございます！\n最終段階の玉虫色の翼を獲得しました！","축하합니다!\n무지갯빛의 날개가 최종 등급에 도달했습니다!","Parabéns! Você ganhou outro tier das Asas Iridescentes!","Поздравляем!\nВы получили последний уровень переливающихся крыльев!","¡Felicitaciones!\n¡Has conseguido otro nivel de las Alas Iridiscentes!","ยินดีด้วย!\nคุณได้ครอบครองปีก Iridescent ระดับสุดท้ายแล้ว!","恭喜！你獲得另一階級的背飾：彩虹光輝之翼！","Art/2DItems/Effects/Wings/IridescentMonarchWings.dds","Iridescent Wings (Tier 4)","Ailes de l'Iridescent (Palier 4)","Schillernde Flügel (Level 4)","玉虫色の翼（ティア4）","무지갯빛의 날개 (4등급)","Asas Iridescentes (Tier 4)","Переливающиеся крылья (4 уровень)","Alas Iridiscentes (nivel 4)","ปีก Iridescent (ระดับ 4)","背飾：彩虹光輝之翼（T4）",""
153,49,1,[],0,"Congratulations!\nYou earned a Kalandra Mystery Box!","Félicitations !\nVous avez remporté une Boîte mystère Kalandra !","Glückwunsch!\nDu hast eine Kalandra-Überraschungskiste gewonnen!","おめでとうございます!\nカランドラミステリーボックスを獲得しました!","축하합니다!\n칼란드라 미스터리 박스를 획득하셨습니다!","Parabéns!\nVocê ganhou uma Caixa Misteriosa de Kalandra!","Поздравляем!\nВы получили Загадочную коробку Каландры!","¡Felicitaciones!\n¡Has obtenido una Caja misteriosa de Kalandra!","ยินดีด้วย!\nคุณได้ครอบครองกล่องปริศนา Kalandra แล้ว!","恭喜！你獲得一個卡蘭德神秘寶箱！","Art/2DItems/Effects/MysteryChest/LakeOfKalandraMysteryBox.dds","Kalandra Mystery Box","Boîte mystère Kalandra","Kalandra-Überraschungskiste","カランドラミステリーボックス","칼란드라 미스터리 박스","Caixa Misteriosa de Kalandra","Загадочная коробка Каландры","Caja misteriosa de Kalandra","กล่องปริศนา Kalandra","卡蘭德神秘寶箱","MysteryPackLakeOfKalandraBox"
154,50,4,[3772],0,"Congratulations! You earned the Victorious Gloves!\nThe appearance of this glove improves as you complete 12, 20 and 29 challenges.","Félicitations ! Vous avez remporté les Gants de la Victoire !\n L'apparence de ces gants s'améliore lorsque vous terminez 12, 20 et 29 défis.","Glückwunsch!\nDu hast die Mikrotransaktion 'Glorreiche Handschuhe' freigespielt!\nDas Erscheinungsbild verbessert sich mit dem Abschluss von 12, 20 und 29 Herausforderungen.","おめでとうございます！\n勝利のグローブを獲得しました！\nこのグローブの見た目はチャンレンジを12, 20, 29個完了すると向上します。","축하합니다! 승리의 장갑을 획득했습니다!\n이 장갑의 외형은 도전과제를 12개, 20개, 29개 완료하는 시점에 더 멋있어집니다.","Parabéns! Você recebeu as Luvas Vitoriosas!\nA aparência destas luvas é melhorada quando você completar os desafios de número 12, 20 e 29.","Поздравляем!\nВы получили победоносные перчатки!\nВнешний вид этих перчаток меняется по завершении вами 12, 20 и 29 испытаний.","¡Felicitaciones! ¡Has conseguido los Guantes Victoriosos!\nLa apariencia de estos guantes mejorará cuando completes 12, 20 y 29 desafíos.","ยินดีด้วย!\nคุณครอบครองถุงมือ Victorious แล้ว!\nถุงมือนี้จะมีรูปลักษณ์ที่ดียิ่งขึ้นเมื่อคุณผ่านภารกิจท้าทาย 12, 20 และ 29 ภารกิจ","恭喜！你獲得手部外觀：鬪陣勝利！\n此手部外觀會在你完成 12、20和29個挑戰時優化。","","Victorious Gloves (Tier 1)","Gants de la Victoire (Palier 1)","Glorreiche Handschuhe (Level 1)","勝利のグローブ（ティア1）","승리의 장갑 (1등급)","Luvas Vitoriosas (Tier 1)","Победоносные перчатки (1 уровень)","Guantes Victoriosos (nivel 1)","ถุงมือ Victorious (ระดับ 1)","手部外觀：鬪陣勝利（T1）","VictoriousGloves"
155,50,6,[3771],0,"Congratulations! You earned the Victorious Boots!\nThe appearance of this boot improves as you complete 14, 22 and 32 challenges.","Félicitations ! Vous avez remporté les Bottes de la Victoire !\n L'apparence de ces bottes s'améliore lorsque vous terminez 14, 22 et 32 défis.","Glückwunsch!\nDu hast die Mikrotransaktion 'Glorreiche Stiefel' freigespielt!\nDas Erscheinungsbild verbessert sich mit dem Abschluss von 14, 22 und 32 Herausforderungen zu.","おめでとうございます！\n勝利のブーツを獲得しました！\nこのブーツの見た目はチャンレンジを14, 22, 32個完了すると向上します。","축하합니다! 승리의 장화를 획득했습니다!\n이 장화의 외형은 도전과제를 14개, 22개, 32개 완료하는 시점에 더 멋있어집니다.","Parabéns! Você recebeu as Botas Vitoriosas!\nA aparência destas botas é melhorada quando você completar os desafios de número 14, 22 e 32.","Поздравляем!\nВы получили победоносные сапоги!\nВнешний вид этих сапог меняется по завершении вами 14, 22 и 32 испытаний.","¡Felicitaciones! ¡Has conseguido las Botas Victoriosas!\nLa apariencia de estas botas mejorará cuando completes 14, 22 y 32 desafíos.","ยินดีด้วย!\nคุณครอบครองรองเท้า Victorious แล้ว!\nรองเท้านี้จะมีรูปลักษณ์ที่ดียิ่งขึ้นเมื่อคุณผ่านภารกิจท้าทาย 14, 22 และ 32 ภารกิจ","恭喜！你獲得腳部外觀：鬪陣勝利！\n此腳部外觀會在你完成 14、22和32個挑戰時優化。","","Victorious Boots (Tier 1)","Bottes de la Victoire (Palier 1)","Glorreiche Stiefel (Level 1)","勝利のブーツ（ティア1）","승리의 장화 (1등급)","Botas Vitoriosas (Tier 1)","Победоносные сапоги (1 уровень)","Botas Victoriosas (nivel 1)","รองเท้า Victorious (ระดับ 1)","腳部外觀：鬪陣勝利（T1）","VictoriousBoots"
156,50,8,[3770],0,"Congratulations! You earned the Victorious Helmet!\nThe appearance of this helmet improves as you complete 16, 24 and 35 challenges.","Félicitations ! Vous avez remporté le Casque de la Victoire !\n L'apparence de ce casque s'améliore lorsque vous terminez 16, 24 et 35 défis.","Glückwunsch!\nDu hast die Mikrotransaktion 'Glorreicher Helm' freigespielt!\nDas Erscheinungsbild verbessert sich mit dem Abschluss von 16, 24 und 35 Herausforderungen zu.","おめでとうございます！\n勝利のヘルメットを獲得しました！\nこのヘルメットの見た目はチャンレンジを16, 24, 35個完了すると向上します。","축하합니다! 승리의 투구를 획득했습니다!\n이 투구의 외형은 도전과제를 16개, 24개, 35개 완료하는 시점에 더 멋있어집니다.","Parabéns! Você recebeu o Elmo Vitorioso!\nA aparência deste Elmo é melhorada quando você completar os desafios de número 16, 24 e 35.","Поздравляем!\nВы получили победоносные шлем!\nВнешний вид этого шлема меняется по завершении вами 16, 24 и 35 испытаний.","¡Felicitaciones! ¡Has conseguido el Casco Victorioso!\nLa apariencia de este casco mejorará cuando completes 16, 24 y 35 desafíos.","ยินดีด้วย!\nคุณครอบครองหมวก Victorious แล้ว!\nหมวกนี้จะมีรูปลักษณ์ที่ดียิ่งขึ้นเมื่อคุณผ่านภารกิจท้าทาย 16, 24 และ 35 ภารกิจ","恭喜！你獲得頭部外觀：鬪陣勝利！\n此頭部外觀會在你完成 16、24和35個挑戰時優化。","","Victorious Helmet (Tier 1)","Casque de la Victoire (Palier 1)","Glorreicher Helm (Level 1)","勝利のヘルメット（ティア1）","승리의 투구 (1등급)","Elmo Vitorioso (Tier 1)","Победоносный шлем (1 уровень)","Casco Victorioso (nivel 1)","หมวก Victorious (ระดับ 1)","頭部外觀：鬪陣勝利（T1）","VictoriousHelmet"
157,50,10,[3773],0,"Congratulations! You earned the Victorious Body Armour!\nThe appearance of this body armour improves as you complete 18, 26 and 38 challenges.","Félicitations ! Vous avez remporté l'Armure de la Victoire !\n L'apparence de cette armure s'améliore lorsque vous terminez 18, 26 et 38 défis.","Glückwunsch!\nDu hast die Mikrotransaktion 'Glorreiche Körperrüstung' freigespielt!\nDas Erscheinungsbild verbessert sich mit dem Abschluss von 18, 26 und 38 Herausforderungen zu.","おめでとうございます！\n勝利のアーマーを獲得しました！\nこの鎧の見た目はチャンレンジを10, 18, 38個完了すると向上します。","축하합니다! 승리의 갑옷을 획득했습니다!\n이 갑옷의 외형은 도전과제를 18개, 26개, 38개 완료하는 시점에 더 멋있어집니다.","Parabéns! Você recebeu o Peitoral Vitorioso!\nA aparência deste Elmo é melhorada quando você completar os desafios de número 16, 24 e 35.","Поздравляем!\nВы получили победоносный нательный доспех!\nВнешний вид этого нательного доспеха меняется по завершении вами 18, 26 и 38 испытаний.","¡Felicitaciones! ¡Has conseguido la Armadura Victoriosa!\nLa apariencia de esta armadura mejorará cuando completes 18, 26 y 38 desafíos.","ยินดีด้วย!\nคุณครอบครองเสื้อเกราะ Victorious แล้ว!\nหมวกนี้จะมีรูปลักษณ์ที่ดียิ่งขึ้นเมื่อคุณผ่านภารกิจท้าทาย 10, 18 และ 38 ภารกิจ","恭喜！你獲得身體外觀：鬪陣勝利！\n此身體外觀會在你完成 18、26和38個挑戰時優化。","","Victorious Body Armour (Tier 1)","Armure de la Victoire (Palier 1)","Glorreiche Körperrüstung (Level 1)","勝利のアーマー（ティア1）","승리의 갑옷 (1등급)","Peitoral Vitorioso (Tier 1)","Победоносный нательный доспех (1 уровень)","Armadura Victoriosa (nivel 1)","เสื้อเกราะ Victorious (ระดับ 1)","身體外觀：鬪陣勝利（T1）","VictoriousBodyArmour"
158,50,19,[5657],3,"Congratulations! You earned the Sanctum Totem!\nThe more challenges you complete, the bigger it gets!","Félicitations !\nVous avez remporté le Totem Sanctum ! Plus vous réussirez de défis, plus il grandira !","Du hast das Sanctum-Totem freigespielt!\nSchließe mehr Herausforderungen ab, um weitere davon zu erhalten!","おめでとうございます！Forbidden Sanctumトーテムを獲得しました！\nさらにチャレンジを完了することで大きくなります！","축하합니다! 성역 토템을 획득했습니다!\n이 토템은 도전과제를 많이 완료할수록 커집니다!","Parabéns! Você recebeu o Totem do Sanctum Proibido!\nQuanto mais desafios você completar, mais ele cresce!","Поздравляем!\nВы получили часть тотема Святилища!\nЗавершайте больше испытаний, чтобы получить оставшиеся части тотема!","¡Felicitaciones! ¡Has conseguido el Tótem de Sanctum!\n¡Cuantos más desafíos completes, más grande será!","ยินดีด้วย!\nคุณได้ครอบครองเสาอนุสรณ์ Sanctum แล้ว!\nยิ่งคุณผ่านภารกิจท้าทายมากเท่าไหร่ เสาอนุสรณ์ก็จะยิ่งสูงขึ้นเท่านั้น!","恭喜！你獲得聖域圖騰！\n你完成越多挑戰，圖騰就越長！","","","","","","","","","","","","HideoutTotemPole29"
159,50,12,[],0,"Congratulations!\nYou earned another tier of the Victorious Gloves!","Félicitations ! Vous avez remporté un autre palier des Gants de la Victoire !","Glückwunsch!\nDu hast einen weiteren Level der Mikrotransaktion 'Glorreiche Handschuhe' freigespielt!","おめでとうございます！\n第二段階の勝利のグローブを獲得しました！","축하합니다!\n승리의 장갑이 1등급 올랐습니다!","Parabéns! Você ganhou outro tier das Luvas Vitoriosas!","Поздравляем!\nВы получили ещё один уровень победоносных перчаток!","¡Felicitaciones!\n¡Has conseguido otro nivel de los Guantes Victoriosos!","ยินดีด้วย!\nคุณได้ครอบครองถุงมือ Victorious ระดับใหม่แล้ว!","恭喜！你獲得另一階級的手部外觀：鬪陣勝利！","Art/2DItems/Effects/gloves/VictoriousGloves.dds","Victorious Gloves (Tier 2)","Gants de la Victoire (Palier 2)","Glorreiche Handschuhe (Level 2)","勝利のグローブ（ティア2）","승리의 장갑 (2등급)","Luvas Vitoriosas (Tier 2)","Победоносные перчатки (2 уровень)","Guantes Victoriosos (nivel 2)","ถุงมือ Victorious (ระดับ 2)","手部外觀：鬪陣勝利（T2）",""
160,50,14,[],0,"Congratulations!\nYou earned another tier of the Victorious Boots!","Félicitations ! Vous avez remporté un autre palier des Bottes de la Victoire !","Glückwunsch!\nDu hast einen weiteren Level der Mikrotransaktion 'Glorreiche Stiefel' freigespielt!","おめでとうございます！\n第二段階の勝利のブーツを獲得しました！","축하합니다!\n승리의 장화가 1등급 올랐습니다!","Parabéns! Você ganhou outro tier das Botas Vitoriosas!","Поздравляем!\nВы получили ещё один уровень победоносных сапог!","¡Felicitaciones!\n¡Has conseguido otro nivel de las Botas Victoriosas!","ยินดีด้วย!\nคุณได้ครอบครองรองเท้า Victorious ระดับใหม่แล้ว!","恭喜！你獲得另一階級的腳部外觀：鬪陣勝利！","Art/2DItems/Effects/shoes/VictoriousBoots.dds","Victorious Boots (Tier 2)","Bottes de la Victoire (Palier 2)","Glorreiche Stiefel (Level 2)","勝利のブーツ（ティア2）","승리의 장화 (2등급)","Botas Vitoriosas (Tier 2)","Победоносные сапоги (2 уровень)","Botas Victoriosas (nivel 2)","รองเท้า Victorious (ระดับ 2)","腳部外觀：鬪陣勝利（T2）",""
161,50,16,[],0,"Congratulations!\nYou earned another tier of the Victorious Helmet!","Félicitations ! Vous avez remporté un autre palier du Casque de la Victoire !","Glückwunsch!\nDu hast einen weiteren Level der Mikrotransaktion 'Glorreicher Helm' freigespielt!","おめでとうございます！\n第二段階の勝利のヘルメットを獲得しました！","축하합니다!\n승리의 투구가 1등급 올랐습니다!","Parabéns! Você ganhou outro tier do Elmo Vitorioso!","Поздравляем!\nВы получили ещё один уровень победоносного шлема!","¡Felicitaciones!\n¡Has conseguido otro nivel del Casco Victorioso!","ยินดีด้วย!\nคุณได้ครอบครองหมวก Victorious ระดับใหม่แล้ว!","恭喜！你獲得另一階級的頭部外觀：鬪陣勝利！","Art/2DItems/Effects/Hats/VictoriousHelmet.dds","Victorious Helmet (Tier 2)","Casque de la Victoire (Palier 2)","Glorreicher Helm (Level 2)","勝利のヘルメット（ティア2）","승리의 투구 (2등급)","Elmo Vitorioso (Tier 2)","Победоносный шлем (2 уровень)","Casco Victorioso (nivel 2)","หมวก Victorious (ระดับ 2)","頭部外觀：鬪陣勝利（T2）",""
162,50,18,[],0,"Congratulations!\nYou earned another tier of the Victorious Body Armour!","Félicitations ! Vous avez remporté un autre palier de l'Armure de la Victoire !","Glückwunsch!\nDu hast einen weiteren Level der Mikrotransaktion 'Glorreiche Körperrüstung' freigespielt!","おめでとうございます！\n第二段階の勝利のアーマーを獲得しました！","축하합니다!\n승리의 갑옷이 1등급 올랐습니다!","Parabéns! Você ganhou outro tier do Peitoral Vitorioso!","Поздравляем!\nВы получили ещё один уровень победоносного нательного доспеха!","¡Felicitaciones!\n¡Has conseguido otro nivel de la Armadura Victoriosa!","ยินดีด้วย!\nคุณได้ครอบครองเสื้อเกราะ Victorious ระดับใหม่แล้ว!","恭喜！你獲得另一階級的身體外觀：鬪陣勝利！","Art/2DItems/Effects/BodyArmour/VictoriousBody.dds","Victorious Body Armour (Tier 2)","Armure de la Victoire (Palier 2)","Glorreiche Körperrüstung (Level 2)","勝利のアーマー（ティア2）","승리의 갑옷 (2등급)","Peitoral Vitorioso (Tier 2)","Победоносный нательный доспех (2 уровень)","Armadura Victoriosa (nivel 2)","เสื้อเกราะ Victorious (ระดับ 2)","身體外觀：鬪陣勝利（T2）",""
163,50,20,[],0,"Congratulations!\nYou earned another tier of the Victorious Gloves!","Félicitations ! Vous avez remporté un autre palier des Gants de la Victoire !","Glückwunsch!\nDu hast einen weiteren Level der Mikrotransaktion 'Glorreiche Handschuhe' freigespielt!","おめでとうございます！\n第三段階の勝利のグローブを獲得しました！","축하합니다!\n승리의 장갑이 1등급 올랐습니다!","Parabéns! Você ganhou outro tier das Luvas Vitoriosas!","Поздравляем!\nВы получили ещё один уровень победоносных перчаток!","¡Felicitaciones!\n¡Has conseguido otro nivel de los Guantes Victoriosos!","ยินดีด้วย!\nคุณได้ครอบครองถุงมือ Victorious ระดับใหม่แล้ว!","恭喜！你獲得另一階級的手部外觀：鬪陣勝利！","Art/2DItems/Effects/gloves/VictoriousGloves.dds","Victorious Gloves (Tier 3)","Gants de la Victoire (Palier 3)","Glorreiche Handschuhe (Level 3)","勝利のグローブ（ティア3）","승리의 장갑 (3등급)","Luvas Vitoriosas (Tier 3)","Победоносные перчатки (3 уровень)","Guantes Victoriosos (nivel 3)","ถุงมือ Victorious (ระดับ 3)","手部外觀：鬪陣勝利（T3）",""
164,50,22,[],0,"Congratulations!\nYou earned another tier of the Victorious Boots!","Félicitations ! Vous avez remporté un autre palier des Bottes de la Victoire !","Glückwunsch!\nDu hast einen weiteren Level der Mikrotransaktion 'Glorreiche Stiefel' freigespielt!","おめでとうございます！\n第三段階の勝利のブーツを獲得しました！","축하합니다!\n승리의 장화가 1등급 올랐습니다!","Parabéns! Você ganhou outro tier das Botas Vitoriosas!","Поздравляем!\nВы получили ещё один уровень победоносных сапог!","¡Felicitaciones!\n¡Has conseguido otro nivel de las Botas Victoriosas!","ยินดีด้วย!\nคุณได้ครอบครองรองเท้า Victorious ระดับใหม่แล้ว!","恭喜！你獲得另一階級的腳部外觀：鬪陣勝利！","Art/2DItems/Effects/shoes/VictoriousBoots.dds","Victorious Boots (Tier 3)","Bottes de la Victoire (Palier 3)","Glorreiche Stiefel (Level 3)","勝利のブーツ（ティア3）","승리의 장화 (3등급)","Botas Vitoriosas (Tier 3)","Победоносные сапоги (3 уровень)","Botas Victoriosas (nivel 3)","รองเท้า Victorious (ระดับ 3)","腳部外觀：鬪陣勝利（T3）",""
165,50,24,[],0,"Congratulations!\nYou earned another tier of the Victorious Helmet!","Félicitations ! Vous avez remporté un autre palier du Casque de la Victoire !","Glückwunsch!\nDu hast einen weiteren Level der Mikrotransaktion 'Glorreicher Helm' freigespielt!","おめでとうございます！\n第三段階の勝利のヘルメットを獲得しました！","축하합니다!\n승리의 투구가 1등급 올랐습니다!","Parabéns! Você ganhou outro tier do Elmo Vitorioso!","Поздравляем!\nВы получили ещё один уровень победоносного шлема!","¡Felicitaciones!\n¡Has conseguido otro nivel del Casco Victorioso!","ยินดีด้วย!\nคุณได้ครอบครองหมวก Victorious ระดับใหม่แล้ว!","恭喜！你獲得另一階級的頭部外觀：鬪陣勝利！","Art/2DItems/Effects/Hats/VictoriousHelmet.dds","Victorious Helmet (Tier 3)","Casque de la Victoire (Palier 3)","Glorreicher Helm (Level 3)","勝利のヘルメット（ティア3）","승리의 투구 (3등급)","Elmo Vitorioso (Tier 3)","Победоносный шлем (3 уровень)","Casco Victorioso (nivel 3)","หมวก Victorious (ระดับ 3)","頭部外觀：鬪陣勝利（T3）",""
166,50,26,[],0,"Congratulations!\nYou earned another tier of the Victorious Body Armour!","Félicitations ! Vous avez remporté un autre palier de l'Armure de la Victoire !","Glückwunsch!\nDu hast einen weiteren Level der Mikrotransaktion 'Glorreiche Körperrüstung' freigespielt!","おめでとうございます！\n第三段階の勝利のアーマーを獲得しました！","축하합니다!\n승리의 갑옷이 1등급 올랐습니다!","Parabéns! Você ganhou outro tier do Peitoral Vitorioso!","Поздравляем!\nВы получили ещё один уровень победоносного нательного доспеха!","¡Felicitaciones!\n¡Has conseguido otro nivel de la Armadura Victoriosa!","ยินดีด้วย!\nคุณได้ครอบครองเสื้อเกราะ Victorious ระดับใหม่แล้ว!","恭喜！你獲得另一階級的身體外觀：鬪陣勝利！","Art/2DItems/Effects/BodyArmour/VictoriousBody.dds","Victorious Body Armour (Tier 3)","Armure de la Victoire (Palier 3)","Glorreiche Körperrüstung (Level 3)","勝利のアーマー（ティア3）","승리의 갑옷 (3등급)","Peitoral Vitorioso (Tier 3)","Победоносный нательный доспех (3 уровень)","Armadura Victoriosa (nivel 3)","เสื้อเกราะ Victorious (ระดับ 3)","身體外觀：鬪陣勝利（T3）",""
167,50,29,[],0,"Congratulations!\nYou earned the final tier of the Victorious Gloves!","Félicitations ! Vous avez remporté un autre palier des Gants de la Victoire !","Glückwunsch!\nDu hast den letzten Level der Mikrotransaktion 'Glorreiche Handschuhe' freigespielt!","おめでとうございます！\n最終段階の勝利のグローブを獲得しました！","축하합니다!\n승리의 장갑이 최종 등급에 도달했습니다!","Parabéns! Você ganhou outro tier das Luvas Vitoriosas!","Поздравляем!\nВы получили последний уровень победоносных перчаток!","¡Felicitaciones!\n¡Has conseguido otro nivel de los Guantes Victoriosos!","ยินดีด้วย!\nคุณได้ครอบครองถุงมือ Victorious ระดับสุดท้ายแล้ว!","恭喜！你獲得另一階級的手部外觀：鬪陣勝利！","Art/2DItems/Effects/gloves/VictoriousGloves.dds","Victorious Gloves (Tier 4)","Gants de la Victoire (Palier 4)","Glorreiche Handschuhe (Level 4)","勝利のグローブ（ティア4）","승리의 장갑 (4등급)","Luvas Vitoriosas (Tier 4)","Победоносные перчатки (4 уровень)","Guantes Victoriosos (nivel 4)","ถุงมือ Victorious (ระดับ 4)","手部外觀：鬪陣勝利（T4）",""
168,50,32,[],0,"Congratulations!\nYou earned the final tier of the Victorious Boots!","Félicitations ! Vous avez remporté un autre palier des Bottes de la Victoire !","Glückwunsch!\nDu hast den letzten Level der Mikrotransaktion 'Glorreiche Stiefel' freigespielt!","おめでとうございます！\n最終段階の勝利のブーツを獲得しました！","축하합니다!\n승리의 장화가 최종 등급에 도달했습니다!","Parabéns! Você ganhou outro tier das Botas Vitoriosas!","Поздравляем!\nВы получили последний уровень победоносных сапог!","¡Felicitaciones!\n¡Has conseguido otro nivel de las Botas Victoriosas!","ยินดีด้วย!\nคุณได้ครอบครองรองเท้า Victorious ระดับสุดท้ายแล้ว!","恭喜！你獲得另一階級的腳部外觀：鬪陣勝利！","Art/2DItems/Effects/shoes/VictoriousBoots.dds","Victorious Boots (Tier 4)","Bottes de la Victoire (Palier 4)","Glorreiche Stiefel (Level 4)","勝利のブーツ（ティア4）","승리의 장화 (4등급)","Botas Vitoriosas (Tier 4)","Победоносные сапоги (4 уровень)","Botas Victoriosas (nivel 4)","รองเท้า Victorious (ระดับ 4)","腳部外觀：鬪陣勝利（T4）",""
169,50,35,[],0,"Congratulations!\nYou earned the final tier of the Victorious Helmet!","Félicitations ! Vous avez remporté un autre palier du Casque de la Victoire !","Glückwunsch!\nDu hast den letzten Level der Mikrotransaktion 'Glorreicher Helm' freigespielt!","おめでとうございます！\n最終段階の勝利のヘルメットを獲得しました！","축하합니다!\n승리의 투구가 최종 등급에 도달했습니다!","Parabéns! Você ganhou outro tier do Elmo Vitorioso!","Поздравляем!\nВы получили последний уровень победоносного шлема!","¡Felicitaciones!\n¡Has conseguido otro nivel del Casco Victorioso!","ยินดีด้วย!\nคุณได้ครอบครองหมวก Victorious ระดับสุดท้ายแล้ว!","恭喜！你獲得另一階級的頭部外觀：鬪陣勝利！","Art/2DItems/Effects/Hats/VictoriousHelmet.dds","Victorious Helmet (Tier 4)","Casque de la Victoire (Palier 4)","Glorreicher Helm (Level 4)","勝利のヘルメット（ティア4）","승리의 투구 (4등급)","Elmo Vitorioso (Tier 4)","Победоносный шлем (4 уровень)","Casco Victorioso (nivel 4)","หมวก Victorious (ระดับ 4)","頭部外觀：鬪陣勝利（T4）",""
170,50,38,[],0,"Congratulations!\nYou earned the final tier of the Victorious Body Armour!","Félicitations ! Vous avez remporté un autre palier de l'Armure de la Victoire !","Glückwunsch!\nDu hast den letzten Level der Mikrotransaktion 'Glorreiche Körperrüstung' freigespielt!","おめでとうございます！\n最終段階の勝利のアーマーを獲得しました！","축하합니다!\n승리의 갑옷이 최종 등급에 도달했습니다!","Parabéns! Você ganhou outro tier do Peitoral Vitorioso!","Поздравляем!\nВы получили последний уровень победоносного нательного доспеха!","¡Felicitaciones!\n¡Has conseguido otro nivel de la Armadura Victoriosa!","ยินดีด้วย!\nคุณได้ครอบครองเสื้อเกราะ Victorious ระดับสุดท้ายแล้ว!","恭喜！你獲得另一階級的身體外觀：鬪陣勝利！","Art/2DItems/Effects/BodyArmour/VictoriousBody.dds","Victorious Body Armour (Tier 4)","Armure de la Victoire (Palier 4)","Glorreiche Körperrüstung (Level 4)","勝利のアーマー（ティア4）","승리의 갑옷 (4등급)","Peitoral Vitorioso (Tier 4)","Победоносный нательный доспех (4 уровень)","Armadura Victoriosa (nivel 4)","เสื้อเกราะ Victorious (ระดับ 4)","身體外觀：鬪陣勝利（T4）",""
171,51,1,[],0,"Congratulations!\nYou earned a Sanctum Mystery Box!","Félicitations ! Vous avez remporté une Boîte mystère Sanctum","Glückwunsch!\nDu hast eine Sanctum-Überraschungskiste gewonnen!","おめでとうございます!\nサンクタムミステリーボックスを獲得しました！","축하합니다!\n성역 미스터리 박스를 획득하셨습니다!"," Parabéns! Você ganhou uma Caixa Misteriosa Sanctum!","Поздравляем!\nВы получили Загадочную коробку Святилища!","¡Felicitaciones!\n¡Has conseguido una Caja misteriosa de Sanctum!","ยินดีด้วย!\nคุณได้ครอบครองกล่องปริศนา Sanctum แล้ว!","恭喜！你獲得一個禁忌聖域神秘寶箱！","Art/2DItems/Effects/MysteryChest/SanctumMysteryBox.dds","Sanctum Mystery Box","Boîte mystère Sanctum","Sanctum-Überraschungskiste","サンクタムミステリーボックス","성역 미스터리 박스","Caixa Misteriosa Sanctum","Загадочная коробка Святилища","Caja misteriosa de Sanctum","กล่องปริศนา Sanctum","禁忌聖域神秘寶箱","MysteryPackSanctumBox"
172,52,4,[3936],0,"Congratulations! You earned the Chaosborn Gloves!\nThe appearance of this glove improves as you complete 12, 20 and 29 challenges.","Félicitations ! Vous avez remporté les Gants Nés du Chaos !\n L'apparence de ces gants s'améliore lorsque vous terminez 12, 20 et 29 défis.","Glückwunsch!\nDu hast die Mikrotransaktion 'Chaosgeborene Handschuhe' freigespielt!\nDas Erscheinungsbild verbessert sich mit dem Abschluss von 12, 20 und 29 Herausforderungen.","おめでとうございます！カオスボーングローブを獲得しました\nこのグローブの見た目はチャンレンジを12, 20, 29個完了すると向上します。","축하합니다! 혼돈의 시초 장갑을 획득했습니다!\n이 장갑의 외형은 도전과제를 12개, 20개, 29개 완료하는 시점에 더 멋있어집니다.","Parabéns! Você ganhou as Luvas Nascidas do Caos!\nSua aparência é aprimorada quando você completar os desafios de número 12, 20 e 29.","Поздравляем!\nВы получили перчатки Рождённого Хаосом!\nВнешний вид этих перчаток меняется по завершении вами 12, 20 и 29 испытаний.","¡Felicitaciones! ¡Has conseguido los Guantes de Nacido del caos!\nLa apariencia de estos guantes mejorará cuando completes 12, 20 y 29 desafíos.","ยินดีด้วย! คุณ​ได้​ครอบครอง​ถุงมือ Chaosborn แล้ว! ถุงมือ​นี้​จะ​มี​รูปลักษณ์​ที่​ดี​ขึ้น​เมื่อ​คุณ​ผ่าน​ภารกิจ​ท้าทาย 12, 20 และ 29 ภารกิจ","恭喜！你獲得手部外觀：混沌石！\n此手部外觀會在你完成 12、20和29個挑戰時優化。","","Chaosborn Gloves (Tier 1)","Gants Nés du Chaos (Palier 1)","Chaosgeborene Handschuhe","カオスボーングローブ (ティア1)","혼돈의 시초 장갑 (1등급)","Luvas Nascidas do Caos","Перчатки Рождённого Хаосом","Guantes de Nacido del caos (nivel 1)","ถุงมือ Chaosborn (ระดับ 1)","手部外觀：混沌魔王（T1）","ChaosbornGloves"
173,52,6,[3935],0,"Congratulations! You earned the Chaosborn Boots!\nThe appearance of this boot improves as you complete 14, 22 and 32 challenges.","Félicitations ! Vous avez remporté les Bottes Nées du Chaos !\n L'apparence de ces bottes s'améliore lorsque vous terminez 14, 22 et 32 défis.","Glückwunsch!\nDu hast die Mikrotransaktion 'Chaosgeborene Stiefel' freigespielt!\nDas Erscheinungsbild verbessert sich mit dem Abschluss von 14, 22 und 32 Herausforderungen.","おめでとうございます！カオスボーンブーツを獲得しました\nこのブーツの見た目はチャンレンジを14, 22, 32個完了すると向上します。","축하합니다! 혼돈의 시초 장화를 획득했습니다!\n이 장화의 외형은 도전과제를 14개, 22개, 32개 완료하는 시점에 더 멋있어집니다.","Parabéns! Você ganhou as Botas Nascidas do Caos!\nSua aparência é aprimorada quando você completar os desafios de número 14, 22 e 35.","Поздравляем!\nВы получили сапоги Рождённого Хаосом!\nВнешний вид этих сапог меняется по завершении вами 14, 22 и 32 испытаний.","¡Felicitaciones! ¡Has conseguido las Botas de Nacido del caos!\nLa apariencia de estas botas mejorará cuando completes 14, 22 y 32 desafíos.","ยินดี​ด้วย! คุณ​ได้​ครอบครอง​รองเท้า Chaosborn แล้ว! รองเท้า​นี้​จะ​มี​รูปลักษณ์​ที่​ดี​ขึ้น​เมื่อ​คุณ​ผ่าน​ภารกิจ​ท้าทาย 14, 22 และ 32 ภารกิจ","恭喜！你獲得腳部外觀：混沌石！\n此腳部外觀會在你完成 14、22和32個挑戰時優化。","","Chaosborn Boots (Tier 1)","Bottes Nées du Chaos (Palier 1)","Chaosgeborene Stiefel","カオスボーンブーツ (ティア1)","혼돈의 시초 장화 (1등급)","Botas Nascidas do Caos","Сапоги Рождённого Хаосом","Botas de Nacido del caos (nivel 1)","รองเท้า Chaosborn (ระดับ 1)","腳部外觀：混沌魔王（T1）","ChaosbornBoots"
174,52,8,[3934],0,"Congratulations! You earned the Chaosborn Helmet!\nThe appearance of this helmet improves as you complete 16, 24 and 35 challenges.","Félicitations ! Vous avez remporté le Casque Né du Chaos !\n L'apparence de ce casque s'améliore lorsque vous terminez 16, 24 et 35 défis.","Glückwunsch!\nDu hast die Mikrotransaktion 'Chaosgeborener Helm' freigespielt!\nDas Erscheinungsbild verbessert sich mit dem Abschluss von 16, 24 und 35 Herausforderungen.","おめでとうございます！カオスボーンヘルメットを獲得しました\nこのヘルメットの見た目はチャンレンジを16, 24, 35個完了すると向上します。","축하합니다! 혼돈의 시초 투구를 획득했습니다!\n이 투구의 외형은 도전과제를 16개, 24개, 35개 완료하는 시점에 더 멋있어집니다.","Parabéns! Você ganhou o Elmo Nascido do Caos!\nSua aparência é aprimorada quando você completar os desafios de número 16, 24 e 35.","Поздравляем!\nВы получили шлем Рождённого Хаосом!\nВнешний вид этого шлема меняется по завершении вами 16, 24 и 35 испытаний.","¡Felicitaciones! ¡Has conseguido el Casco de Nacido del caos!\nLa apariencia de este casco mejorará cuando completes 16, 24 y 35 desafíos.","ยินดี​ด้วย! คุณ​ได้​ครอบครอง​หมวก Chaosborn แล้ว! หมวก​นี้​จะ​มี​รูปลักษณ์​ที่​ดี​ขึ้น​เมื่อ​คุณ​ผ่าน​ภารกิจ​ท้าทาย 16, 24 และ 35 ภารกิจ","恭喜！你獲得頭部外觀：混沌石！\n此頭部外觀會在你完成 16、24和35個挑戰時優化。","","Chaosborn Helmet (Tier 1)","Casque Né du Chaos (Palier 1)","Chaosgeborener Helm","カオスボーンヘルメット (ティア1)","혼돈의 시초 투구 (1등급)","Elmo Nascido do Caos","Шлем Рождённого Хаосом","Casco de Nacido del caos (nivel 1)","หมวก Chaosborn (ระดับ 1)","頭部外觀：混沌魔王（T1）","ChaosbornHelmet"
175,52,10,[3937],0,"Congratulations! You earned the Chaosborn Body Armour!\nThe appearance of this body armour improves as you complete 18, 26 and 38 challenges.","Félicitations ! Vous avez remporté l'Armure Née du Chaos !\n L'apparence de cette armure s'améliore lorsque vous terminez 18, 26 et 38 défis.","Glückwunsch!\nDu hast die Mikrotransaktion 'Chaosgeborene Körperrüstung' freigespielt!\nDas Erscheinungsbild verbessert sich mit dem Abschluss von 18, 26 und 38 Herausforderungen.","おめでとうございます！カオスボーンアーマーを獲得しました\nこの鎧の見た目はチャンレンジを18, 26, 38個完了すると向上します。","축하합니다! 혼돈의 시초 갑옷을 획득했습니다!\n이 갑옷의 외형은 도전과제를 18개, 26개, 38개 완료하는 시점에 더 멋있어집니다.","Parabéns! Você ganhou o Peitoral Nascido do Caos!\nSua aparência é aprimorada quando você completar os desafios de número 18, 26 e 38.","Поздравляем!\nВы получили нательный доспех Рождённого Хаосом!\nВнешний вид этого нательного доспеха меняется по завершении вами 18, 26 и 38 испытаний.","¡Felicitaciones! ¡Has conseguido la Armadura de Nacido del caos!\nLa apariencia de esta armadura mejorará cuando completes 18, 26 y 38 desafíos.","ยินดี​ด้วย! คุณ​ได้​ครอบ​ครอง​เสื้อ​เกราะ Chaosborn แล้ว! เสื้อ​เกราะ​นี้​จะ​มี​รูปลักษณ์​ที่​ดี​ขึ้น​เมื่อ​คุณ​ผ่าน​ภารกิจ​ท้าทาย 18, 26 และ 38 ภารกิจ","恭喜！你獲得身體外觀：混沌石！\n此身體外觀會在你完成 18、26和38個挑戰時優化。","","Chaosborn Body Armour (Tier 1)","Armure Née du Chaos (Palier 1)","Chaosgeborene Körperrüstung","カオスボーンアーマー (ティア1)","혼돈의 시초 갑옷 (1등급)","Peitoral Nascido do Caos","Нательный доспех Рождённого Хаосом","Armadura de Nacido del caos (nivel 1)","เสื้อเกราะ Chaosborn (ระดับ 1)","身體外觀：混沌魔王（T1）","ChaosbornBodyArmour"
176,52,12,[],0,"Congratulations!\nYou earned another tier of the Chaosborn Gloves!","Félicitations ! Vous avez remporté un autre palier des Gants Nés du Chaos !","Glückwunsch!\nDu hast einen weiteren Level der Mikrotransaktion 'Chaosgeborene Handschuhe' freigespielt!","おめでとうございます！\n第二段階のカオスボーングローブを獲得しました！","축하합니다!\n혼돈의 시초 장갑이 1등급 올랐습니다!","Parabéns\nVocê ganhou outro tier das Luvas Nascidas do Caos!","Поздравляем!\nВы получили ещё один уровень перчаток Рождённого Хаосом!","¡Felicitaciones!\n¡Has conseguido otro nivel de los Guantes de Nacido del caos!","ยินดี​ด้วย! คุณ​ได้​ครอบครอง​ถุงมือ Chaosborn ระดับ​ใหม่​แล้ว!","恭喜！你獲得另一階級的手部外觀：混沌石！","Art/2DItems/Effects/gloves/ChaosOrbGloves.dds","Chaosborn Gloves (Tier 2)","Gants Nés du Chaos (Palier 2)","Chaosgeborene Handschuhe (Level 2)","カオスボーングローブ（ティア2）","혼돈의 시초 장갑 (2등급)","Luvas Nascidas do Caos (Tier 2)","Перчатки Рождённого Хаосом (2 уровень)","Guantes de Nacido del caos (nivel 2)","ถุงมือ Chaosborn (ระดับ 2)","手部外觀：混沌魔王（T2）",""
177,52,14,[],0,"Congratulations!\nYou earned another tier of the Chaosborn Boots!","Félicitations ! Vous avez remporté un autre palier des Bottes Nées du Chaos !","Glückwunsch!\nDu hast einen weiteren Level der Mikrotransaktion 'Chaosgeborene Stiefel' freigespielt!","おめでとうございます！\n第二段階のカオスボーンブーツを獲得しました！","축하합니다!\n혼돈의 시초 장화가 1등급 올랐습니다!","Parabéns\nVocê ganhou outro tier das Botas Nascidas do Caos!","Поздравляем!\nВы получили ещё один уровень сапог Рождённого Хаосом!","¡Felicitaciones!\n¡Has conseguido otro nivel de las Botas de Nacido del caos!","ยินดี​ด้วย! คุณ​ได้​ครอบครอง​รองเท้า Chaosborn ระดับ​ใหม่​แล้ว!","恭喜！你獲得另一階級的腳部外觀：混沌石！","Art/2DItems/Effects/shoes/ChaosOrbBoots.dds","Chaosborn Boots (Tier 2)","Bottes Nées du Chaos (Palier 2)","Chaosgeborene Stiefel (Level 2)","カオスボーンブーツ（ティア2）","혼돈의 시초 장화 (2등급)","Botas Nascidas do Caos (Tier 2)","Сапоги Рождённого Хаосом (2 уровень)","Botas de Nacido del caos (nivel 2)","รองเท้า Chaosborn (ระดับ 2)","腳部外觀：混沌魔王（T2）",""
178,52,16,[],0,"Congratulations!\nYou earned another tier of the Chaosborn Helmet!","Félicitations ! Vous avez remporté un autre palier du Casque Né du Chaos !","Glückwunsch!\nDu hast einen weiteren Level der Mikrotransaktion 'Chaosgeborener Helm' freigespielt!","おめでとうございます！\n第二段階のカオスボーンヘルメットを獲得しました！","축하합니다!\n혼돈의 시초 투구가 1등급 올랐습니다!","Parabéns\nVocê ganhou outro tier do Elmo Nascido do Caos!","Поздравляем!\nВы получили ещё один уровень шлема Рождённого Хаосом!","¡Felicitaciones!\n¡Has conseguido otro nivel del Casco de Nacido del caos!","ยินดี​ด้วย! คุณ​ได้​ครอบครอง​หมวก Chaosborn ระดับ​ใหม่​แล้ว!","恭喜！你獲得另一階級的頭部外觀：混沌石！","Art/2DItems/Effects/Hats/ChaosOrbHelmet.dds","Chaosborn Helmet (Tier 2)","Casque Né du Chaos (Palier 2)","Chaosgeborener Helm (Level 2)","カオスボーンヘルメット（ティア2）","혼돈의 시초 투구 (2등급)","Elmo Nascido do Caos (Tier 2)","Шлем Рождённого Хаосом (2 уровень)","Casco de Nacido del caos (nivel 2)","หมวก Chaosborn (ระดับ 2)","頭部外觀：混沌魔王（T2）",""
179,52,18,[],0,"Congratulations!\nYou earned another tier of the Chaosborn Body Armour!","Félicitations ! Vous avez remporté un autre palier de l'Armure Née du Chaos !","Glückwunsch!\nDu hast einen weiteren Level der Mikrotransaktion 'Chaosgeborene Körperrüstung' freigespielt!","おめでとうございます！\n第二段階のカオスボーンアーマーを獲得しました！","축하합니다!\n혼돈의 시초 갑옷이 1등급 올랐습니다!","Parabéns\nVocê ganhou outro tier do Peitoral Nascido do Caos!","Поздравляем!\nВы получили ещё один уровень нательного доспеха Рождённого Хаосом!","¡Felicitaciones!\n¡Has conseguido otro nivel de la Armadura de Nacido del caos!","ยินดี​ด้วย! คุณ​ได้​ครอบครอง​เสื้อ​เกราะ Chaosborn ระดับ​ใหม่​แล้ว!","恭喜！你獲得另一階級的身體外觀：混沌石！","Art/2DItems/Effects/BodyArmour/ChaosOrbBody.dds","Chaosborn Body Armour (Tier 2)","Armure Née du Chaos (Palier 2)","Chaosgeborene Körperrüstung (Level 2)","カオスボーンアーマー（ティア2）","혼돈의 시초 갑옷 (2등급)","Peitoral Nascido do Caos (Tier 2)","Нательный доспех Рождённого Хаосом (2 уровень)","Armadura de Nacido del caos (nivel 2)","เสื้อเกราะ Chaosborn (ระดับ 2)","身體外觀：混沌魔王（T2）",""
180,52,20,[],0,"Congratulations!\nYou earned another tier of the Chaosborn Gloves!","Félicitations ! Vous avez remporté un autre palier des Gants Nés du Chaos !","Glückwunsch!\nDu hast einen weiteren Level der Mikrotransaktion 'Chaosgeborene Handschuhe' freigespielt!","おめでとうございます！\n第三段階のカオスボーングローブを獲得しました！","축하합니다!\n혼돈의 시초 장갑이 1등급 올랐습니다!","Parabéns\nVocê ganhou outro tier das Luvas Nascidas do Caos!","Поздравляем!\nВы получили ещё один уровень перчаток Рождённого Хаосом!","¡Felicitaciones!\n¡Has conseguido otro nivel de los Guantes de Nacido del caos!","ยินดี​ด้วย! คุณ​ได้​ครอบครอง​ถุงมือ Chaosborn ระดับ​ใหม่​แล้ว!","恭喜！你獲得另一階級的手部外觀：混沌石！","Art/2DItems/Effects/gloves/ChaosOrbGloves.dds","Chaosborn Gloves (Tier 3)","Gants Nés du Chaos (Palier 3)","Chaosgeborene Handschuhe (Level 3)","カオスボーングローブ（ティア3）","혼돈의 시초 장갑 (3등급)","Luvas Nascidas do Caos (Tier 3)","Перчатки Рождённого Хаосом (3 уровень)","Guantes de Nacido del caos (nivel 3)","ถุงมือ Chaosborn (ระดับ 3)","手部外觀：混沌魔王（T3）",""
181,52,22,[],0,"Congratulations!\nYou earned another tier of the Chaosborn Boots!","Félicitations ! Vous avez remporté un autre palier des Bottes Nées du Chaos !","Glückwunsch!\nDu hast einen weiteren Level der Mikrotransaktion 'Chaosgeborene Stiefel' freigespielt!","おめでとうございます！\n第三段階のカオスボーンブーツを獲得しました！","축하합니다!\n혼돈의 시초 장화가 1등급 올랐습니다!","Parabéns\nVocê ganhou outro tier das Botas Nascidas do Caos!","Поздравляем!\nВы получили ещё один уровень сапог Рождённого Хаосом!","¡Felicitaciones!\n¡Has conseguido otro nivel de las Botas de Nacido del caos!","ยินดี​ด้วย! คุณ​ได้​ครอบครอง​รองเท้า Chaosborn ระดับ​ใหม่​แล้ว!","恭喜！你獲得另一階級的腳部外觀：混沌石！","Art/2DItems/Effects/shoes/ChaosOrbBoots.dds","Chaosborn Boots (Tier 3)","Bottes Nées du Chaos (Palier 3)","Chaosgeborene Stiefel (Level 3)","カオスボーンブーツ（ティア3）","혼돈의 시초 장화 (3등급)","Botas Nascidas do Caos (Tier 3)","Сапоги Рождённого Хаосом (3 уровень)","Botas de Nacido del caos (nivel 3)","รองเท้า Chaosborn (ระดับ 3)","腳部外觀：混沌魔王（T3）",""
182,52,24,[],0,"Congratulations!\nYou earned another tier of the Chaosborn Helmet!","Félicitations ! Vous avez remporté un autre palier du Casque Né du Chaos !","Glückwunsch!\nDu hast einen weiteren Level der Mikrotransaktion 'Chaosgeborener Helm' freigespielt!","おめでとうございます！\n第三段階のカオスボーンヘルメットを獲得しました！","축하합니다!\n혼돈의 시초 투구가 1등급 올랐습니다!","Parabéns\nVocê ganhou outro tier do Elmo Nascido do Caos!","Поздравляем!\nВы получили ещё один уровень шлема Рождённого Хаосом!","¡Felicitaciones!\n¡Has conseguido otro nivel del Casco de Nacido del caos!","ยินดี​ด้วย! คุณ​ได้​ครอบครอง​หมวก Chaosborn ระดับ​ใหม่​แล้ว!","恭喜！你獲得另一階級的頭部外觀：混沌石！","Art/2DItems/Effects/Hats/ChaosOrbHelmet.dds","Chaosborn Helmet (Tier 3)","Casque Né du Chaos (Palier 3)","Chaosgeborener Helm (Level 3)","カオスボーンヘルメット（ティア3）","혼돈의 시초 투구 (3등급)","Elmo Nascido do Caos (Tier 3)","Шлем Рождённого Хаосом (3 уровень)","Casco de Nacido del caos (nivel 3)","หมวก Chaosborn (ระดับ 3)","頭部外觀：混沌魔王（T3）",""
183,52,26,[],0,"Congratulations!\nYou earned another tier of the Chaosborn Body Armour!","Félicitations ! Vous avez remporté un autre palier de l'Armure Née du Chaos !","Glückwunsch!\nDu hast einen weiteren Level der Mikrotransaktion 'Chaosgeborene Körperrüstung' freigespielt!","おめでとうございます！\n第三段階のカオスボーンアーマーを獲得しました！","축하합니다!\n혼돈의 시초 갑옷이 1등급 올랐습니다!","Parabéns\nVocê ganhou outro tier do Peitoral Nascido do Caos!","Поздравляем!\nВы получили ещё один уровень нательного доспеха Рождённого Хаосом!","¡Felicitaciones!\n¡Has conseguido otro nivel de la Armadura de Nacido del caos!","ยินดี​ด้วย! คุณ​ได้​ครอบครอง​เสื้อ​เกราะ Chaosborn ระดับ​ใหม่​แล้ว!","恭喜！你獲得另一階級的身體外觀：混沌石！","Art/2DItems/Effects/BodyArmour/ChaosOrbBody.dds","Chaosborn Body Armour (Tier 3)","Armure Née du Chaos (Palier 3)","Chaosgeborene Körperrüstung (Level 3)","カオスボーンアーマー（ティア3）","혼돈의 시초 갑옷 (3등급)","Peitoral Nascido do Caos (Tier 3)","Нательный доспех Рождённого Хаосом (3 уровень)","Armadura de Nacido del caos (nivel 3)","เสื้อเกราะ Chaosborn (ระดับ 3)","身體外觀：混沌魔王（T3）",""
184,52,29,[],0,"Congratulations!\nYou earned the final tier of the Chaosborn Gloves!","Félicitations ! Vous avez remporté un autre palier des Gants Nés du Chaos !","Glückwunsch!\nDu hast den letzten Level der Mikrotransaktion 'Chaosgeborene Handschuhe' freigespielt!","おめでとうございます！\n最終段階のカオスボーングローブを獲得しました！","축하합니다!\n혼돈의 시초 장갑이 최종 등급에 도달했습니다!","Parabéns\nVocê ganhou outro tier das Luvas Nascidas do Caos!","Поздравляем!\nВы получили последний уровень перчаток Рождённого Хаосом!","¡Felicitaciones!\n¡Has conseguido el nivel final de los Guantes de Nacido del caos!","ยินดี​ด้วย! คุณ​ได้​ครอบครอง​ถุงมือ Chaosborn ระดับ​สุดท้าย​แล้ว!","恭喜！你獲得另一階級的手部外觀：混沌石！","Art/2DItems/Effects/gloves/ChaosOrbGloves.dds","Chaosborn Gloves (Tier 4)","Gants Nés du Chaos (Palier 4)","Chaosgeborene Handschuhe (Level 4)","カオスボーングローブ（ティア4）","혼돈의 시초 장갑 (4등급)","Luvas Nascidas do Caos (Tier 4)","Перчатки Рождённого Хаосом (4 уровень)","Guantes de Nacido del caos (nivel 4)","ถุงมือ Chaosborn (ระดับ 4)","手部外觀：混沌魔王（T4）",""
185,52,32,[],0,"Congratulations!\nYou earned the final tier of the Chaosborn Boots!","Félicitations ! Vous avez remporté un autre palier des Bottes Nées du Chaos !","Glückwunsch!\nDu hast den letzten Level der Mikrotransaktion 'Chaosgeborene Stiefel' freigespielt!","おめでとうございます！\n最終段階のカオスボーンブーツを獲得しました！","축하합니다!\n혼돈의 시초 장화가 최종 등급에 도달했습니다!","Parabéns\nVocê ganhou outro tier das Botas Nascidas do Caos!","Поздравляем!\nВы получили последний уровень сапог Рождённого Хаосом!","¡Felicitaciones!\n¡Has conseguido el nivel final de las Botas de Nacido del caos!","ยินดี​ด้วย! คุณ​ได้​ครอบครอง​รองเท้า Chaosborn ระดับ​สุดท้าย​แล้ว!","恭喜！你獲得另一階級的腳部外觀：混沌石！","Art/2DItems/Effects/shoes/ChaosOrbBoots.dds","Chaosborn Boots (Tier 4)","Bottes Nées du Chaos (Palier 4)","Chaosgeborene Stiefel (Level 4)","カオスボーンブーツ（ティア4）","혼돈의 시초 장화 (4등급)","Botas Nascidas do Caos (Tier 4)","Сапоги Рождённого Хаосом (4 уровень)","Botas de Nacido del caos (nivel 4)","รองเท้า Chaosborn (ระดับ 4)","腳部外觀：混沌魔王（T4）",""
186,52,35,[],0,"Congratulations!\nYou earned the final tier of the Chaosborn Helmet!","Félicitations ! Vous avez remporté un autre palier du Casque Né du Chaos !","Glückwunsch!\nDu hast den letzten Level der Mikrotransaktion 'Chaosgeborener Helm' freigespielt!","おめでとうございます！\n最終段階のカオスボーンヘルメットを獲得しました！","축하합니다!\n혼돈의 시초 투구가 최종 등급에 도달했습니다!","Parabéns\nVocê ganhou outro tier do Elmo Nascido do Caos!","Поздравляем!\nВы получили последний уровень шлема Рождённого Хаосом!","¡Felicitaciones!\n¡Has conseguido el nivel final del Casco de Nacido del caos!","ยินดี​ด้วย! คุณ​ได้​ครอบครอง​หมวก Chaosborn ระดับ​สุดท้าย​แล้ว!","恭喜！你獲得另一階級的頭部外觀：混沌石！","Art/2DItems/Effects/Hats/ChaosOrbHelmet.dds","Chaosborn Helmet (Tier 4)","Casque Né du Chaos (Palier 4)","Chaosgeborener Helm (Level 4)","カオスボーンヘルメット（ティア4）","혼돈의 시초 투구 (4등급)","Elmo Nascido do Caos (Tier 4)","Шлем Рождённого Хаосом (4 уровень)","Casco de Nacido del caos (nivel 4)","หมวก Chaosborn (ระดับ 4)","頭部外觀：混沌魔王（T4）",""
187,52,38,[],0,"Congratulations!\nYou earned the final tier of the Chaosborn Body Armour!","Félicitations ! Vous avez remporté un autre palier de l'Armure Née du Chaos !","Glückwunsch!\nDu hast den letzten Level der Mikrotransaktion 'Chaosgeborene Körperrüstung' freigespielt!","おめでとうございます！\n最終段階のカオスボーンアーマーを獲得しました！","축하합니다!\n혼돈의 시초 갑옷이 최종 등급에 도달했습니다!","Parabéns\nVocê ganhou outro tier do Peitoral Nascido do Caos!","Поздравляем!\nВы получили последний уровень нательного доспеха Рождённого Хаосом!","¡Felicitaciones!\n¡Has conseguido el nivel final de la Armadura de Nacido del caos!","ยินดี​ด้วย! คุณ​ได้​ครอบครอง​เสื้อ​เกราะ Chaosborn ระดับ​สุดท้าย​แล้ว!","恭喜！你獲得另一階級的身體外觀：混沌石！","Art/2DItems/Effects/BodyArmour/ChaosOrbBody.dds","Chaosborn Body Armour (Tier 4)","Armure Née du Chaos (Palier 4)","Chaosgeborene Körperrüstung (Level 4)","カオスボーンアーマー（ティア4）","혼돈의 시초 갑옷 (4등급)","Peitoral Nascido do Caos (Tier 4)","Нательный доспех Рождённого Хаосом (4 уровень)","Armadura de Nacido del caos (nivel 4)","เสื้อเกราะ Chaosborn (ระดับ 4)","身體外觀：混沌魔王（T4）",""
188,52,19,[5659],3,"Congratulations! You earned the Crucible Totem!\nThe more challenges you complete, the bigger it gets!","Félicitations ! Vous avez remporté le Totem Crucible !\nPlus vous réussirez de défis, plus il grandira !","Glückwunsch!\nDu hast das Crucible-Totem freigespielt!\nSchließe mehr Herausforderungen ab, um weitere Stufen zu erhalten!","おめでとうございます！Crucibleトーテムを獲得しました！\nさらにルースレスチャレンジを完了することで大きくなります！","축하합니다! 시련 토템을 획득했습니다!\n이 토템은 도전과제를 많이 완료할수록 커집니다!","Parabéns! Você ganhou o Totem Crucible!\nQuanto mais desafios você completar, maior ele fica!","Поздравляем!\nВы получили часть тотема Горнила!\nЗавершайте больше испытаний, чтобы получить оставшиеся части тотема!","¡Felicitaciones! ¡Has conseguido el Tótem de Crucible!\n¡Cuantos más desafíos completes, más grande será!","ยินดีด้วย! คุณ​ได้​ครอบครอง​เสาอนุสรณ์ Crucible แล้ว! ยิ่ง​คุณ​ผ่าน​ภารกิจ​ท้าทาย​มาก​เท่า​ไหร่ เสา​อนุสรณ์​ก็​จะ​ยิ่ง​สูง​ขึ้น​เท่านั้น!","恭喜！你獲得熔火冥獄圖騰！\n你完成越多挑戰，圖騰就越長！","","","","","","","","","","","","HideoutTotemPole30"
189,53,1,[5661],1,"Congratulations! You earned the Ruthless Crucible Totem!\nThe more ruthless challenges you complete, the bigger it gets!","Félicitations ! Vous avez remporté le Totem Crucible (Ruthless) !\nPlus vous réussirez de défis en Ruthless, plus il grandira !","Glückwunsch!\nDu hast das Erbarmunglos-Crucible-Totem freigespielt!\nSchließe mehr Herausforderungen im Modus Erbarmungslos ab, um weitere Stufen zu erhalten!","おめでとうございます！ルースレスCrucibleトーテムを獲得しました！\nさらにルースレスチャレンジを完了することで大きくなります！","축하합니다! 무자비 시련 토템을 획득했습니다!\n이 토템은 도전과제를 많이 완료할수록 커집니다!","Parabéns! Você ganhou o Totem Crucible Ruthless!\nQuanto mais desafios você completar, maior ele fica!","Поздравляем!\nВы получили часть тотема Безжалостного Горнила!\nЗавершайте больше испытаний, чтобы получить оставшиеся части тотема!","¡Felicitaciones! ¡Has conseguido el Tótem de Crucible de Ruthless!\n¡Cuantos más desafíos de Ruthless completes, más grande será!","ยินดี​ด้วย! คุณ​ได้​ครอบครอง​เสา​อนุสรณ์ Ruthless Crucible แล้ว! ยิ่ง​คุณ​ผ่าน​ภารกิจ​ท้าทาย Ruthless มาก​เท่า​ไหร่ เสา​อนุสรณ์​ก็​จะ​ยิ่ง​สูง​ขึ้น​เท่านั้น!","恭喜！你獲得熔火冥獄．殘暴圖騰！\n你完成越多挑戰，圖騰就越長！","","","","","","","","","","","","HideoutRuthlessTotemPole30"
190,53,2,"[3935,3936,3934,3937]",0,"Congratulations! You earned the Chaosborn Armour Set!\nThe more ruthless challenges you complete, the more impressive they get!","Félicitations ! Vous avez remporté l'Ensemble d'armure Né du Chaos !\nPlus vous réussirez de défis en Ruthless, plus il sera impressionnant !","Glückwunsch!\nDu hast die Mikrotransaktion 'Chaosgeborenes Rüstungsset' freigespielt!\nDas Erscheinungsbild verbessert sich, je mehr Herausforderungen du in \""Erbarmungslos\"" abschließt!","おめでとうございます！カオスボーンアーマーセットを獲得しました！\nさらにチャレンジを完了することで、より豪華になります！","축하합니다! 혼돈의 시초 방어구 세트를 획득했습니다!\n방어구 세트는 도전과제를 많이 완료할수록 커집니다!","Parabéns! Você ganhou o Conjunto de Armadura Nascido do Caos!\nQuanto mais desafios Ruthless você completar, mais impressionante ele fica!","Поздравляем!\nВы получили набор доспехов Рождённого Хаосом!\nВнешний вид этого набора меняется по завершении вами большего числа испытаний в Беспощадном режиме!","¡Felicitaciones! ¡Has conseguido el Set de armadura de Nacido del caos!\n¡Cuantos más desafíos de Ruthless completes, más increíble será!","ยินดี​ด้วย! คุณ​ได้​ครอบครอง​ชุด​เกราะเซ็ต Chaosborn แล้ว! ยิ่ง​คุณ​ผ่าน​ภารกิจ​ท้าทาย Ruthless มาก​เท่า​ไหร่ มัน​ยิ่ง​งดงาม​ขึ้น​เท่านั้น!","恭喜！你獲得混沌魔王組合包！\n你完成越多挑戰，它的外觀會變得更厲害！","Art/2DItems/Effects/ArmourSet/ChaosOrbArmour.dds","Chaosborn Armour Set","Ensemble d'armure Né du Chaos","Chaosgeborenes Rüstungsset","カオスボーン防具セット","혼돈의 시초 방어구 세트","Conjunto de Armadura Nascido do Caos","Набор доспехов Рождённого Хаосом","Set de armadura de Nacido del caos","ชุดเกราะเซ็ต Chaosborn","混沌魔王組合包","RuthlessCrucibleChallengeBundle"
191,53,3,[],0,"Congratulations!\nYou earned another tier of the Chaosborn Gloves and Chaosborn Boots!","Félicitations ! Vous avez remporté un autre palier des Gants Nés du Chaos et des Bottes Nées du Chaos !","Glückwunsch!\nDu hast einen weiteren Level der Mikrotransaktionen 'Chaosgeborene Handschuhe' und 'Chaosgeborene Stiefel' freigespielt!","おめでとうございます！\n第二段階のカオスボーングローブとカオスボーンブーツを獲得しました！","축하합니다!\n혼돈의 시초 장갑과 혼돈의 시초 장화가 1등급 올랐습니다!","Parabéns!\nVocê ganhou outro tier das Luvas e Botas Nascidas do Caos!","Поздравляем!\nВы получили ещё один уровень перчаток и сапог Рождённого Хаосом!","¡Felicitaciones!\n¡Has conseguido otro nivel de los Guantes de Nacido del caos y las Botas de Nacido del caos!","ยินดี​ด้วย! คุณ​ได้​ครอบครอง​ถุงมือ Chaosborn และ​รองเท้า Chaosborn ระดับ​ใหม่​แล้ว!","恭喜！你獲得另一階級的手部和腳部外觀：混沌魔王！","Art/2DItems/Effects/ChaosOrbGlovesBootsPack.dds","Chaosborn Gloves (Tier 2) and Chaosborn Boots (Tier 2)","Gants Nés du Chaos (Palier 2) et Bottes Nées du Chaos (Palier 2)","Chaosgeborene Handschuhe (Level 2) und Chaosgeborene Stiefel (Level 2)","カオスボーングローブ（ティア2）およびカオスボーンブーツ（ティア2）","혼돈의 시초 장갑(2등급)과 혼돈의 시초 장화(2등급)","Luvas Nascidas do Caos (Tier 2) e Botas Nascidas do Caos (Tier 2)","Перчатки Рождённого Хаосом (2 уровень) и сапоги Рождённого Хаосом (2 уровень)","Guantes y botas de Nacido del caos (nivel 2)","ถุงมือ Chaosborn (ระดับ 2) และรองเท้า Chaosborn (ระดับ 2)","手部和腳部外觀：混沌魔王（T2）",""
192,53,5,[],0,"Congratulations!\nYou earned another tier of the Chaosborn Gloves and Chaosborn Boots!","Félicitations ! Vous avez remporté un autre palier des Gants Nés du Chaos et des Bottes Nées du Chaos !","Glückwunsch!\nDu hast einen weiteren Level der Mikrotransaktionen 'Chaosgeborene Handschuhe' und 'Chaosgeborene Stiefel' freigespielt!","おめでとうございます！\n第三段階のカオスボーングローブとカオスボーンブーツを獲得しました！","축하합니다!\n혼돈의 시초 장갑과 혼돈의 시초 장화가 1등급 올랐습니다!","Parabéns!\nVocê ganhou outro tier das Luvas e Botas Nascidas do Caos!","Поздравляем!\nВы получили ещё один уровень перчаток и сапог Рождённого Хаосом!","¡Felicitaciones!\n¡Has conseguido otro nivel de los Guantes de Nacido del caos y las Botas de Nacido del caos!","ยินดี​ด้วย! คุณ​ได้​ครอบครอง​ถุงมือ Chaosborn และ​รองเท้า Chaosborn ระดับ​ใหม่​แล้ว!","恭喜！你獲得另一階級的手部和腳部外觀：混沌魔王！","Art/2DItems/Effects/ChaosOrbGlovesBootsPack.dds","Chaosborn Gloves (Tier 3) and Chaosborn Boots (Tier 3)","Gants Nés du Chaos (Palier 3) et Bottes Nées du Chaos (Palier 3)","Chaosgeborene Handschuhe (Level 3) und Chaosgeborene Stiefel (Level 3)","カオスボーングローブ（ティア3）およびカオスボーンブーツ（ティア3）","혼돈의 시초 장갑(3등급)과 혼돈의 시초 장화(3등급)","Luvas Nascidas do Caos (Tier 3) e Botas Nascidas do Caos (Tier 3)","Перчатки Рождённого Хаосом (3 уровень) и сапоги Рождённого Хаосом (3 уровень)","Guantes y botas de Nacido del caos (nivel 3)","ถุงมือ Chaosborn (ระดับ 3) และรองเท้า Chaosborn (ระดับ 3)","手部和腳部外觀：混沌魔王（T3）",""
193,53,7,[],0,"Congratulations!\nYou earned another tier of the Chaosborn Gloves and Chaosborn Boots!","Félicitations ! Vous avez remporté un autre palier des Gants Nés du Chaos et des Bottes Nées du Chaos !","Glückwunsch!\nDu hast einen weiteren Level der Mikrotransaktionen 'Chaosgeborene Handschuhe' und 'Chaosgeborene Stiefel' freigespielt!","おめでとうございます！\n最終段階のカオスボーングローブとカオスボーンブーツを獲得しました！","축하합니다!\n혼돈의 시초 장갑과 혼돈의 시초 장화가 1등급 올랐습니다!","Parabéns!\nVocê ganhou outro tier das Luvas e Botas Nascidas do Caos!","Поздравляем!\nВы получили ещё один уровень перчаток и сапог Рождённого Хаосом!","¡Felicitaciones!\n¡Has conseguido otro nivel de los Guantes de Nacido del caos y las Botas de Nacido del caos!","ยินดี​ด้วย! คุณ​ได้​ครอบครอง​ถุงมือ Chaosborn และ​รองเท้า Chaosborn ระดับ​ใหม่​แล้ว!","恭喜！你獲得另一階級的手部和腳部外觀：混沌魔王！","Art/2DItems/Effects/ChaosOrbGlovesBootsPack.dds","Chaosborn Gloves (Tier 4) and Chaosborn Boots (Tier 4)","Gants Nés du Chaos (Palier 4) et Bottes Nées du Chaos (Palier 4)","Chaosgeborene Handschuhe (Level 4) und Chaosgeborene Stiefel (Level 4)","カオスボーングローブ（ティア4）およびカオスボーンブーツ（ティア4）","혼돈의 시초 장갑(4등급)과 혼돈의 시초 장화(4등급)","Luvas Nascidas do Caos (Tier 4) e Botas Nascidas do Caos (Tier 4)","Перчатки Рождённого Хаосом (4 уровень) и сапоги Рождённого Хаосом (4 уровень)","Guantes y botas de Nacido del caos (nivel 4)","ถุงมือ Chaosborn (ระดับ 4) และรองเท้า Chaosborn (ระดับ 4)","手部和腳部外觀：混沌魔王（T4）",""
194,53,4,[],0,"Congratulations!\nYou earned another tier of the Chaosborn Helmet and Chaosborn Body Armour!","Félicitations ! Vous avez remporté un autre palier du Casque Né du Chaos et de l'Armure Née du Chaos !","Glückwunsch!\nDu hast einen weiteren Level der Mikrotransaktionen 'Chaosgeborener Helm' und 'Chaosgeborene Körperrüstung' freigespielt!","おめでとうございます！\n第二段階のカオスボーンヘルメットとカオスボーンアーマーを獲得しました！","축하합니다!\n혼돈의 시초 투구와 혼돈의 시초 갑옷이 1등급 올랐습니다!","Parabéns!\nVocê ganhou outro tier do Peitoral e Elmo Nascido do Caos!","Поздравляем!\nВы получили ещё один уровень шлема и нательного доспеха Рождённого Хаосом!","¡Felicitaciones!\n¡Has conseguido otro nivel del Casco de Nacido del caos y la Armadura de Nacido del caos!","ยินดี​ด้วย! คุณ​ได้​ครอบครอง​หมวก Chaosborn และ​เสื้อเกราะ Chaosborn ระดับ​ใหม่​แล้ว!","恭喜！你獲得另一階級的頭部和身體外觀：混沌魔王！","Art/2DItems/Effects/ChaosOrbBodyHelmetPack.dds","Chaosborn Helmet (Tier 2) and Chaosborn Body Armour (Tier 2)","Casque Né du Chaos (Palier 2) et Armure Née du Chaos (Palier 2)","Chaosgeborener Helm (Level 2) und Chaosgeborene Körperrüstung (Level 2)","カオスボーンヘルメット（ティア2）およびカオスボーンアーマー（ティア2）","혼돈의 시초 투구(2등급)와 혼돈의 시초 갑옷(2등급)","Elmo Nascido do Caos (Tier 2) e Peitoral Nascido do Caos (Tier 2)","Шлем Рождённого Хаосом (2 уровень) и нательный доспех Рождённого Хаосом (2 уровень)","Casco y armadura de Nacido del caos (nivel 2)","หมวก Chaosborn (ระดับ 2) และเสื้อเกราะ Chaosborn (ระดับ 2)","頭部和身體外觀：混沌魔王（T2）",""
195,53,6,[],0,"Congratulations!\nYou earned another tier of the Chaosborn Helmet and Chaosborn Body Armour!","Félicitations ! Vous avez remporté un autre palier du Casque Né du Chaos et de l'Armure Née du Chaos !","Glückwunsch!\nDu hast einen weiteren Level der Mikrotransaktionen 'Chaosgeborener Helm' und 'Chaosgeborene Körperrüstung' freigespielt!","おめでとうございます！\n第三段階のカオスボーンヘルメットとカオスボーンアーマーを獲得しました！","축하합니다!\n혼돈의 시초 투구와 혼돈의 시초 갑옷이 1등급 올랐습니다!","Parabéns!\nVocê ganhou outro tier do Peitoral e Elmo Nascido do Caos!","Поздравляем!\nВы получили ещё один уровень шлема и нательного доспеха Рождённого Хаосом!","¡Felicitaciones!\n¡Has conseguido otro nivel del Casco de Nacido del caos y la Armadura de Nacido del caos!","ยินดี​ด้วย! คุณ​ได้​ครอบครอง​หมวก Chaosborn และ​เสื้อเกราะ Chaosborn ระดับ​ใหม่​แล้ว!","恭喜！你獲得另一階級的頭部和身體外觀：混沌魔王！","Art/2DItems/Effects/ChaosOrbBodyHelmetPack.dds","Chaosborn Helmet (Tier 3) and Chaosborn Body Armour (Tier 3)","Casque Né du Chaos (Palier 3) et Armure Née du Chaos (Palier 3)","Chaosgeborener Helm (Level 3) und Chaosgeborene Körperrüstung (Level 3)","カオスボーンヘルメット（ティア3）およびカオスボーンアーマー（ティア3）","혼돈의 시초 투구(3등급)와 혼돈의 시초 갑옷(3등급)","Elmo Nascido do Caos (Tier 3) e Peitoral Nascido do Caos (Tier 3)","Шлем Рождённого Хаосом (3 уровень) и нательный доспех Рождённого Хаосом (3 уровень)","Casco y armadura de Nacido del caos (nivel 3)","หมวก Chaosborn (ระดับ 3) และเสื้อเกราะ Chaosborn (ระดับ 3)","頭部和身體外觀：混沌魔王（T3）",""
196,53,8,[],0,"Congratulations!\nYou earned another tier of the Chaosborn Helmet and Chaosborn Body Armour!","Félicitations ! Vous avez remporté un autre palier du Casque Né du Chaos et de l'Armure Née du Chaos !","Glückwunsch!\nDu hast einen weiteren Level der Mikrotransaktionen 'Chaosgeborener Helm' und 'Chaosgeborene Körperrüstung' freigespielt!","おめでとうございます！\n最終段階のカオスボーンヘルメットとカオスボーンアーマーを獲得しました！","축하합니다!\n혼돈의 시초 투구와 혼돈의 시초 갑옷이 1등급 올랐습니다!","Parabéns!\nVocê ganhou outro tier do Peitoral e Elmo Nascido do Caos!","Поздравляем!\nВы получили ещё один уровень шлема и нательного доспеха Рождённого Хаосом!","¡Felicitaciones!\n¡Has conseguido otro nivel del Casco de Nacido del caos y la Armadura de Nacido del caos!","ยินดี​ด้วย! คุณ​ได้​ครอบครอง​หมวก Chaosborn และ​เสื้อเกราะ Chaosborn ระดับ​ใหม่​แล้ว!","恭喜！你獲得另一階級的頭部和身體外觀：混沌魔王！","Art/2DItems/Effects/ChaosOrbBodyHelmetPack.dds","Chaosborn Helmet (Tier 4)  and Chaosborn Body Armour (Tier 4)","Casque Né du Chaos (Palier 4) et Armure Née du Chaos (Palier 4)","Chaosgeborener Helm (Level 4) und Chaosgeborene Körperrüstung (Level 4)","カオスボーンヘルメット（ティア4）およびカオスボーンアーマー（ティア4）","혼돈의 시초 투구(4등급)와 혼돈의 시초 갑옷(4등급)","Elmo Nascido do Caos (Tier 4) e Peitoral Nascido do Caos (Tier 4)","Шлем Рождённого Хаосом (4 уровень) и нательный доспех Рождённого Хаосом (4 уровень)","Casco y armadura de Nacido del caos (nivel 4)","หมวก Chaosborn (ระดับ 4) และเสื้อเกราะ Chaosborn (ระดับ 4)","頭部和身體外觀：混沌魔王（T4）",""
197,54,4,[4026],0,"Congratulations!\nYou earned the Beastmaster Boots!","Félicitations ! Vous avez remporté les Bottes du Belluaire !","Glückwunsch!\nDu hast die Mikrotransaktion 'Bestienmeister-Stiefel' freigespielt!","おめでとうございます！ビーストマスターブーツを獲得しました","축하합니다!\n야수의 대가 장화를 획득했습니다!","Parabéns!\nVocê recebeu as Botas do Homem Bestial!","Поздравляем!\nВы получили сапоги Мастера зверей!","¡Felicitaciones!\n¡Has conseguido las Botas de Maestro de bestias!","ยินดี​ด้วย! คุณ​ได้​รับ​รองเท้า Beastmaster แล้ว!","恭喜！\n你獲得腳部外觀：野獸大師！","","","","","","","","","","","","BeastmasterBoots"
198,54,8,[4027],0,"Congratulations! You earned the Beastmaster Gloves!\nThe appearance of this glove improves as you complete 20 and 26 challenges.","Félicitations ! Vous avez remporté les Gants du Belluaire !\n L'apparence de ces gants s'améliore lorsque vous terminez 20 et 26 défis.","Glückwunsch!\nDu hast die Mikrotransaktion 'Bestienmeister-Handschuhe' freigespielt!\nDas Erscheinungsbild verbessert sich mit dem Abschluss von 20 und 26 Herausforderungen.","おめでとうございます！ビーストマスターグローブを獲得しました\nこのグローブの見た目はチャンレンジを20、26個完了すると向上します。","축하합니다! 야수의 대가 장갑을 획득했습니다!\n이 장갑의 외형은 도전과제를 20개, 26개 완료하는 시점에 더 멋있어집니다. ","Parabéns!\nVocê recebeu as Luvas do Homem bestial!\nA aparência destas luvas é melhorada quando você completar o 20° e 26° desafios.","Поздравляем!\nВы получили перчатки Мастера зверей!\nВнешний вид этих перчаток меняется по завершении вами 20 и 26 испытаний.","¡Felicitaciones! ¡Has conseguido los Guantes de Maestro de bestias!\nLa apariencia de estos guantes mejorará cuando completes 20 y 26 desafíos.","ยินดีด้วย! คุณ​ได้​รับ​ถุงมือ Beastmaster แล้ว! ถุงมือ​นี้​จะ​มี​รูปลักษณ์​ที่​ดี​ขึ้น​เมื่อ​คุณ​ผ่าน​ภารกิจ​ท้าทาย 12, 20 และ 29 ภารกิจ","恭喜！\n你獲得手部外觀：野獸大師！\n此手部外觀會在你完成 20和26個挑戰時優化。","","Beastmaster Gloves (Tier 1)","Gants du Belluaire (Palier 1)","Bestienmeister-Handschuhe (Level 1)","ビーストマスターグローブ (ティア1)","야수의 대가 장갑 (1등급)","Luvas do Homem Bestial (Tier 1)","Перчатки Мастера зверей (1 уровень)","Guantes de Maestro de bestias (nivel 1)","ถุงมือ Beastmaster (ระดับ 1)","手部外觀：野獸大師（T1）","BeastmasterGloves"
199,54,12,[4028],0,"Congratulations! You earned the Beastmaster Body Armour!\nThe appearance of this body armour improves as you complete 22, 29 and 35 challenges.","Félicitations ! Vous avez remporté l'Armure du Belluaire !\n L'apparence de cette armure s'améliore lorsque vous terminez 22, 29 et 35 défis.","Glückwunsch!\nDu hast die Mikrotransaktion 'Bestienmeister-Körperrüstung' freigespielt!\nDas Erscheinungsbild verbessert sich mit dem Abschluss von 22, 29 und 35 Herausforderungen.","おめでとうございます！ビーストマスターアーマーを獲得しました\nこのボディアーマーの見た目はチャンレンジを22、29、35個完了すると向上します。","축하합니다! 야수의 대가 갑옷을 획득했습니다!\n이 갑옷의 외형은 도전과제를 22개, 29개, 35개 완료하는 시점에 더 멋있어집니다. ","Parabéns!\nVocê recebeu o Peitoral do Homem bestial!\nA aparência deste peitoral é melhorada quando você completar o 22° e 29° desafios.","Поздравляем!\nВы получили нательный доспех Мастера зверей!\nВнешний вид этого нательного доспеха меняется по завершении вами 22, 29 и 35 испытаний.","¡Felicitaciones! ¡Has conseguido la Armadura de Maestro de bestias!\nLa apariencia de esta armadura mejorará cuando completes 22, 29 y 35 desafíos.","ยินดี​ด้วย! คุณ​ได้​รับ​เสื้อ​เกราะ Beastmaster แล้ว! เสื้อ​เกราะ​นี้​จะ​มี​รูปลักษณ์​ที่​ดี​ขึ้น​เมื่อ​คุณ​ผ่าน​ภารกิจ​ท้าทาย 22, 29 และ 35 ภารกิจ","恭喜！\n你獲得身體外觀：野獸大師！\n此身體外觀會在你完成 22、29和35個挑戰時優化。","","Beastmaster Body Armour (Tier 1)","Armure du Belluaire (Palier 1)","Bestienmeister-Körperrüstung (Level 1)","ビーストマスターアーマー (ティア1)","야수의 대가 갑옷 (1등급)","Peitoral do Homem Bestial (Tier 1)","Нательный доспех Мастера зверей (1 уровень)","Armadura de Maestro de bestias (nivel 1)","เสื้อเกราะ Beastmaster (ระดับ 1)","身體外觀：野獸大師（T1）","BeastmasterBodyArmour"
200,54,16,[4025],0,"Congratulations! You earned the Beastmaster Helmet!\nThe appearance of this helmet improves as you complete 24, 32 and 38 challenges.","Félicitations ! Vous avez remporté le Casque du Belluaire !\n L'apparence de ce casque s'améliore lorsque vous terminez 24, 32 et 38 défis.","Glückwunsch!\nDu hast die Mikrotransaktion 'Bestienmeister-Helm' freigespielt!\nDas Erscheinungsbild verbessert sich mit dem Abschluss von 24, 32 und 38 Herausforderungen.","おめでとうございます！ビーストマスターヘルメットを獲得しました\nこのヘルメットの見た目はチャンレンジを24、32、38個完了すると向上します。","축하합니다! 야수의 대가 투구를 획득했습니다!\n이 투구의 외형은 도전과제를 24개, 32개, 38개 완료하는 시점에 더 멋있어집니다. ","Parabéns!\nVocê recebeu o Peitoral do Homem bestial!\nA aparência deste peitoral é melhorada quando você completar o 24°, 32° e 38°desafios.","Поздравляем!\nВы получили шлем Мастера зверей!\nВнешний вид этого шлема меняется по завершении вами 24, 32 и 38 испытаний.","¡Felicitaciones! ¡Has conseguido el Casco de Maestro de bestias!\nLa apariencia de este casco mejorará cuando completes 24, 32 y 38 desafíos.","ยินดี​ด้วย! คุณ​ได้​รับหมวก Beastmaster แล้ว! หมวก​นี้​จะ​มี​รูปลักษณ์​ที่​ดี​ขึ้น​เมื่อ​คุณ​ผ่าน​ภารกิจ​ท้าทาย 24, 32 และ 38 ภารกิจ","恭喜！\n你獲得頭部外觀：野獸大師！\n此頭部外觀會在你完成 24、32和38個挑戰時優化。","","Beastmaster Helmet (Tier 1)","Casque du Belluaire (Palier 1)","Bestienmeister-Helm (Level 1)","ビーストマスターヘルメット (ティア1)","야수의 대가 투구 (1등급)","Elmo do Homem Bestial (Tier 1)","Шлем Мастера зверей (1 уровень)","Casco de Maestro de bestias (nivel 1)","หมวก Beastmaster (ระดับ 1)","頭部外觀：野獸大師（T1）","BeastmasterHelmet"
201,54,20,[],0,"Congratulations!\nYou earned another tier of the Beastmaster Gloves!","Félicitations ! Vous avez remporté un autre palier des Gants du Belluaire !","Glückwunsch!\nDu hast einen weiteren Level der Mikrotransaktion 'Bestienmeister-Handschuhe' freigespielt!","おめでとうございます！\n第二段階のビーストマスターグローブを獲得しました！","축하합니다!\n야수의 대가 장갑이 1등급 올랐습니다!","Parabéns!\nVocê recebeu outro tier das Luvas do Homem Bestial!","Поздравляем!\nВы получили ещё один уровень перчаток Мастера зверей!","¡Felicitaciones!\n¡Has conseguido otro nivel de los Guantes de Maestro de bestias!","ยินดี​ด้วย! คุณ​ได้​รับ​​ถุงมือ Beastmaster ระดับ​ใหม่​แล้ว!","恭喜！\n你獲得另一階級的手部外觀：野獸大師！","Art/2DItems/Effects/gloves/BeastmasterGloves.dds","Beastmaster Gloves (Tier 2)","Gants du Belluaire (Palier 2)","Bestienmeister-Handschuhe (Level 2)","ビーストマスターグローブ (ティア2)","야수의 대가 장갑 (2등급)","Luvas do Homem Bestial (Tier 2)","Перчатки Мастера зверей (2 уровень)","Guantes de Maestro de bestias (nivel 2)","ถุงมือ Beastmaster (ระดับ 2)","手部外觀：野獸大師（T2）",""
202,54,22,[],0,"Congratulations!\nYou earned another tier of the Beastmaster Body Armour!","Félicitations ! Vous avez remporté un autre palier de l'Armure du Belluaire !","Glückwunsch!\nDu hast einen weiteren Level der Mikrotransaktion 'Bestienmeister-Körperrüstung' freigespielt!","おめでとうございます！\n第二段階のビーストマスターアーマーを獲得しました！","축하합니다!\n야수의 대가 갑옷이 1등급 올랐습니다!","Parabéns!\nVocê recebeu outro tier do Peitoral do Homem Bestial!","Поздравляем!\nВы получили ещё один уровень нательного доспеха Мастера зверей!","¡Felicitaciones!\n¡Has conseguido otro nivel de la Armadura de Maestro de bestias!","ยินดี​ด้วย! คุณ​ได้​รับ​​เสื้อเกราะ Beastmaster ระดับ​ใหม่​แล้ว!","恭喜！\n你獲得另一階級的身體外觀：野獸大師！","Art/2DItems/Effects/BodyArmour/BeastmasterBody.dds","Beastmaster Body Armour (Tier 2)","Armure du Belluaire (Palier 2)","Bestienmeister-Körperrüstung (Level 2)","ビーストマスターアーマー (ティア2)","야수의 대가 갑옷 (2등급)","Peitoral do Homem Bestial (Tier 2)","Нательный доспех Мастера зверей (2 уровень)","Armadura de Maestro de bestias (nivel 2)","เสื้อเกราะ Beastmaster (ระดับ 2)","身體外觀：野獸大師（T2）",""
203,54,24,[],0,"Congratulations!\nYou earned another tier of the Beastmaster Helmet!","Félicitations ! Vous avez remporté un autre palier du Casque du Belluaire !","Glückwunsch!\nDu hast einen weiteren Level der Mikrotransaktion 'Bestienmeister-Helm' freigespielt!","おめでとうございます！\n第二段階のビーストマスターヘルメットを獲得しました！","축하합니다!\n야수의 대가 투구가 1등급 올랐습니다!","Parabéns!\nVocê recebeu outro tier do Elmo do Homem Bestial!","Поздравляем!\nВы получили ещё один уровень шлема Мастера зверей!","¡Felicitaciones!\n¡Has conseguido otro nivel del Casco de Maestro de bestias!","ยินดี​ด้วย! คุณ​ได้​รับ​​หมวก Beastmaster ระดับ​ใหม่​แล้ว!","恭喜！\n你獲得另一階級的頭部外觀：野獸大師！","Art/2DItems/Effects/Hats/BeastmasterHelmet.dds","Beastmaster Helmet (Tier 2)","Casque du Belluaire (Palier 2)","Bestienmeister-Helm (Level 2)","ビーストマスターヘルメット (ティア2)","야수의 대가 투구 (2등급)","Elmo do Homem Bestial (Tier 2)","Шлем Мастера зверей (2 уровень)","Casco de Maestro de bestias (nivel 2)","หมวก Beastmaster (ระดับ 2)","頭部外觀：野獸大師（T2）",""
204,54,26,[],0,"Congratulations!\nYou earned the final tier of the Beastmaster Gloves!","Félicitations ! Vous avez remporté un autre palier des Gants du Belluaire !","Glückwunsch!\nDu hast einen weiteren Level der Mikrotransaktion 'Bestienmeister-Handschuhe' freigespielt!","おめでとうございます！\n最終段階のビーストマスターグローブを獲得しました！","축하합니다!\n야수의 대가 장갑이 최종 등급에 도달했습니다!","Parabéns!\nVocê recebeu o tier final das Luvas do Homem Bestial!","Поздравляем!\nВы получили последний уровень перчаток Мастера зверей!","¡Felicitaciones!\n¡Has conseguido el nivel final de los Guantes de Maestro de bestias!","ยินดี​ด้วย! คุณ​ได้​รับ​ถุงมือ Beastmaster ระดับ​สุดท้าย​แล้ว!","恭喜！\n你獲得最終階級的手部外觀：野獸大師！","Art/2DItems/Effects/gloves/BeastmasterGloves.dds","Beastmaster Gloves (Tier 3)","Gants du Belluaire (Palier 3)","Bestienmeister-Handschuhe (Level 3)","ビーストマスターグローブ (ティア3)","야수의 대가 장갑 (3등급)","Luvas do Homem Bestial (Tier 3)","Перчатки Мастера зверей (3 уровень)","Guantes de Maestro de bestias (nivel 3)","ถุงมือ Beastmaster (ระดับ 3)","手部外觀：野獸大師（T3）",""
205,54,29,[],0,"Congratulations!\nYou earned another tier of the Beastmaster Body Armour!","Félicitations ! Vous avez remporté un autre palier de l'Armure du Belluaire !","Glückwunsch!\nDu hast einen weiteren Level der Mikrotransaktion 'Bestienmeister-Körperrüstung' freigespielt!","おめでとうございます！\n第三段階のビーストマスターアーマーを獲得しました！","축하합니다!\n야수의 대가 갑옷이 1등급 올랐습니다!","Parabéns!\nVocê recebeu outro tier do Peitoral do Homem Bestial!","Поздравляем!\nВы получили ещё один уровень нательного доспеха Мастера зверей!","¡Felicitaciones!\n¡Has conseguido otro nivel de la Armadura de Maestro de bestias!","ยินดี​ด้วย! คุณ​ได้​รับ​​เสื้อเกราะ Beastmaster ระดับ​ใหม่​แล้ว!","恭喜！\n你獲得另一階級的身體外觀：野獸大師！","Art/2DItems/Effects/BodyArmour/BeastmasterBody.dds","Beastmaster Body Armour (Tier 3)","Armure du Belluaire (Palier 3)","Bestienmeister-Körperrüstung (Level 3)","ビーストマスターアーマー (ティア3)","야수의 대가 갑옷 (3등급)","Peitoral do Homem Bestial (Tier 3)","Нательный доспех Мастера зверей (3 уровень)","Armadura de Maestro de bestias (nivel 3)","เสื้อเกราะ Beastmaster (ระดับ 3)","身體外觀：野獸大師（T3）",""
206,54,32,[],0,"Congratulations!\nYou earned another tier of the Beastmaster Helmet!","Félicitations ! Vous avez remporté un autre palier du Casque du Belluaire !","Glückwunsch!\nDu hast einen weiteren Level der Mikrotransaktion 'Bestienmeister-Helm' freigespielt!","おめでとうございます！\n第三段階のビーストマスターヘルメットを獲得しました！","축하합니다!\n야수의 대가 투구가 1등급 올랐습니다!","Parabéns!\nVocê recebeu outro tier do Elmo do Homem Bestial!","Поздравляем!\nВы получили ещё один уровень шлема Мастера зверей!","¡Felicitaciones!\n¡Has conseguido otro nivel del Casco de Maestro de bestias!","ยินดี​ด้วย! คุณ​ได้​รับ​หมวก Beastmaster ระดับ​ใหม่​แล้ว!","恭喜！\n你獲得另一階級的頭部外觀：野獸大師！","Art/2DItems/Effects/Hats/BeastmasterHelmet.dds","Beastmaster Helmet (Tier 3)","Casque du Belluaire (Palier 3)","Bestienmeister-Helm (Level 3)","ビーストマスターヘルメット (ティア3)","야수의 대가 투구 (3등급)","Elmo do Homem Bestial (Tier 3)","Шлем Мастера зверей (3 уровень)","Casco de Maestro de bestias (nivel 3)","หมวก Beastmaster (ระดับ 3)","頭部外觀：野獸大師（T3）",""
207,54,35,[],0,"Congratulations!\nYou earned the final tier of the Beastmaster Body Armour!","Félicitations ! Vous avez remporté un autre palier de l'Armure du Belluaire !","Glückwunsch!\nDu hast den letzten Level der Mikrotransaktion 'Bestienmeister-Körperrüstung' freigespielt!","おめでとうございます！\n最終段階のビーストマスターアーマーを獲得しました！","축하합니다!\n야수의 대가 갑옷이 최종 등급에 도달했습니다!","Parabéns!\nVocê recebeu o tier final do Peitoral do Homem Bestial!","Поздравляем!\nВы получили последний уровень нательного доспеха Мастера зверей!","¡Felicitaciones!\n¡Has conseguido el nivel final de la Armadura de Maestro de bestias!","ยินดี​ด้วย! คุณ​ได้​รับ​​เสื้อ​เกราะ Beastmaster ระดับ​สุดท้าย​แล้ว!","恭喜！\n你獲得最終階級的身體外觀：野獸大師！","Art/2DItems/Effects/BodyArmour/BeastmasterBody.dds","Beastmaster Body Armour (Tier 4) and Beastmaster Body Armour (Tier 5)","Armure du Belluaire (Palier 4) et Armure du Belluaire (Palier 5)","Bestienmeister-Körperrüstung (Level 4) und Bestienmeister-Körperrüstung (Level 5)","ビーストマスターアーマー (ティア4)およびビーストマスターアーマー (ティア5)","야수의 대가 갑옷 (4등급) 및 야수의 대가 갑옷 (5등급)","Peitoral do Homem Bestial (Tiers 4 e 5)","Нательный доспех Мастера зверей (4 и 5 уровень)","Armadura de Maestro de bestias (nivel 4) y Armadura de Maestro de bestias (nivel 5)","เสื้อเกราะ Beastmaster (ระดับ 4) และเสื้อเกราะ Beastmaster (ระดับ 5)","身體外觀：野獸大師（T4、5）",""
208,54,38,[],0,"Congratulations!\nYou earned the final tier of the Beastmaster Helmet!","Félicitations ! Vous avez remporté un autre palier du Casque du Belluaire !","Glückwunsch!\nDu hast den letzten Level der Mikrotransaktion 'Bestienmeister-Helm' freigespielt!","おめでとうございます！\n最終段階のビーストマスターヘルメットを獲得しました！","축하합니다!\n야수의 대가 투구가 최종 등급에 도달했습니다!","Parabéns!\nVocê recebeu o tier final do Elmo do Homem Bestial!","Поздравляем!\nВы получили последний уровень шлема Мастера зверей!","¡Felicitaciones!\n¡Has conseguido el nivel final del Casco de Maestro de bestias!","ยินดี​ด้วย! คุณ​ได้​รับ​​หมวก Beastmaster ระดับ​สุดท้าย​แล้ว!","恭喜！\n你獲得最終階級的頭部外觀：野獸大師！","Art/2DItems/Effects/Hats/BeastmasterHelmet.dds","Beastmaster Helmet (Tier 4)","Casque du Belluaire (Palier 4)","Bestienmeister-Helm (Level 4)","ビーストマスターヘルメット (ティア4)","야수의 대가 투구 (4등급)","Elmo do Homem Bestial (Tier 4)","Шлем Мастера зверей (4 уровень)","Casco de Maestro de bestias (nivel 4)","หมวก Beastmaster (ระดับ 4)","頭部外觀：野獸大師（T4）",""
209,54,19,[5663],3,"Congratulations! You earned the Ancestor Totem!\nThe more challenges you complete, the bigger it gets!","Félicitations ! Vous avez remporté le Totem Ancestor !\nPlus vous réussirez de défis, plus il grandira !","Glückwunsch!\nDu hast das Ancestor-Totem freigespielt!\nSchließe mehr Herausforderungen ab, um weitere Stufen zu erhalten!","おめでとうございます！Ancestorトーテムを獲得しました！\nさらにチャレンジを完了することで大きくなります！","축하합니다! 선조 토템을 획득했습니다!\n이 토템은 도전과제를 많이 완료할수록 커집니다!","Parabéns! Você ganhou o Totem Ancestral!\nQuanto mais desafios você completar, mais ele cresce!","Поздравляем!\nВы получили часть тотема Испытания предков!\nЗавершайте больше испытаний, чтобы получить оставшиеся части тотема!","¡Felicitaciones! ¡Has conseguido el Tótem de Ancestor!\n¡Cuantos más desafíos completes, más grande será!","ยินดีด้วย! คุณ​ได้​รับ​​เสาอนุสรณ์ Ancestor แล้ว! ยิ่ง​คุณ​ผ่าน​ภารกิจ​ท้าทาย​มาก​เท่า​ไหร่ เสา​อนุสรณ์​ก็​จะ​ยิ่ง​สูง​ขึ้น​เท่านั้น!","恭喜！你獲得祖靈圖騰！\n你完成越多挑戰，圖騰就越長！","","","","","","","","","","","","HideoutTotemPole31"
210,55,2,"[4025,4026,4027,4028]",0,"Congratulations! You earned the Beastmaster Armour Set!\nThe more ruthless challenges you complete, the more impressive they get!","Félicitations ! Vous avez remporté l'Ensemble d'armure du Belluaire !\nPlus vous réussirez de défis en Ruthless, plus il sera impressionnant !","Glückwunsch!\nDu hast die Mikrotransaktion 'Bestienmeister-Körperrüstung' freigespielt!\nDas Erscheinungsbild verbessert sich, je mehr Herausforderungen du in Erbarmungslos abschließt!","おめでとうございます！ビーストマスター防具セットを獲得しました！\nさらにルースレスチャレンジを完了することで、より豪華になります！","축하합니다!\n야수의 대가 방어구 세트를 획득했습니다!\n방어구 세트는 도전과제를 많이 완료할수록 멋있어 집니다!","Parabéns!\nVocê recebeu o Conjunto de Armadura do Homem Bestial!\nQuanto mais desafios ruthless você completar, mais impressionante ele fica!","Поздравляем!\nВы получили набор доспехов Мастера зверей!\nВнешний вид этого набора меняется по завершении вами большего числа испытаний в Беспощадном режиме!","¡Felicitaciones! ¡Has conseguido el Set de armadura de Maestro de bestias!\n¡Cuantos más desafíos de Ruthless completes, más impresionante será!","ยินดี​ด้วย! คุณ​ได้​รับ​​ชุด​เกราะเซ็ต Beastmaster แล้ว! ยิ่ง​คุณ​ผ่าน​ภารกิจ​ท้าทาย Ruthless มาก​เท่า​ไหร่ มัน​ยิ่ง​งดงาม​ขึ้น​เท่านั้น!","恭喜！你獲得野獸大師組合包！\n你完成越多挑戰，組合包就會越優化！","Art/2DItems/Effects/ArmourSet/BeastmasterArmour.dds","Beastmaster Armour Set","Ensemble d'armure du Belluaire","Bestienmeister-Körperrüstung","ビーストマスター防具セット","야수의 대가 방어구 세트","Conjunto de Armadura do Homem Bestial","Набор доспехов Мастера зверей","Set de armadura de Maestro de bestias","ชุดเกราะเซ็ต Beastmaster","野獸大師組合包","BeastmasterArmourPack"
211,55,3,[],0,"Congratulations!\nYou earned another tier of the Beastmaster Gloves!","Félicitations ! Vous avez remporté un autre palier des Gants du Belluaire !","Glückwunsch!\nDu hast einen weiteren Level der Mikrotransaktion 'Bestienmeister-Handschuhe' freigespielt!","おめでとうございます！\n第二段階のビーストマスターグローブを獲得しました！","축하합니다!\n야수의 대가 장갑이 1등급 올랐습니다!","Parabéns!\nVocê recebeu outro tier das Luvas do Homem Bestial!","Поздравляем!\nВы получили ещё один уровень перчаток Мастера зверей!","¡Felicitaciones!\n¡Has conseguido otro nivel de los Guantes de Maestro de bestias!","ยินดี​ด้วย! คุณ​ได้​รับ​​ถุงมือ Beastmaster ระดับ​ใหม่​แล้ว!","恭喜！\n你獲得另一階級的手部外觀：野獸大師！","Art/2DItems/Effects/gloves/BeastmasterGloves.dds","Beastmaster Gloves (Tier 2)","Gants du Belluaire (Palier 2)","Bestienmeister-Handschuhe (Level 2)","ビーストマスターグローブ (ティア2)","야수의 대가 장갑 (2등급)","Luvas do Homem Bestial (Tier 2)","Перчатки Мастера зверей (2 уровень)","Guantes de Maestro de bestias (nivel 2)","ถุงมือ Beastmaster (ระดับ 2)","手部外觀：野獸大師（T2）",""
212,55,4,[],0,"Congratulations!\nYou earned another tier of the Beastmaster Body Armour!","Félicitations ! Vous avez remporté un autre palier de l'Armure du Belluaire !","Glückwunsch!\nDu hast einen weiteren Level der Mikrotransaktion 'Bestienmeister-Körperrüstung' freigespielt!","おめでとうございます！\n第二段階のビーストマスターアーマーを獲得しました！","축하합니다!\n야수의 대가 갑옷이 1등급 올랐습니다!","Parabéns!\nVocê recebeu outro tier do Peitoral do Homem Bestial!","Поздравляем!\nВы получили ещё один уровень нательного доспеха Мастера зверей!","¡Felicitaciones!\n¡Has conseguido otro nivel de la Armadura de Maestro de bestias!","ยินดี​ด้วย! คุณ​ได้​รับ​​เสื้อเกราะ Beastmaster ระดับ​ใหม่​แล้ว!","恭喜！\n你獲得另一階級的身體外觀：野獸大師！","Art/2DItems/Effects/BodyArmour/BeastmasterBody.dds","Beastmaster Body Armour (Tier 2)","Armure du Belluaire (Palier 2)","Bestienmeister-Helm (Level 2)","ビーストマスターアーマー (ティア2)","야수의 대가 갑옷 (2등급)","Peitoral do Homem Bestial (Tier 2)","Нательный доспех Мастера зверей (2 уровень)","Armadura de Maestro de bestias (nivel 2)","เสื้อเกราะ Beastmaster (ระดับ 2)","身體外觀：野獸大師（T2）",""
213,55,5,[],0,"Congratulations!\nYou earned another tier of the Beastmaster Helmet!","Félicitations ! Vous avez remporté un autre palier du Casque du Belluaire !","Glückwunsch!\nDu hast einen weiteren Level der Mikrotransaktion 'Bestienmeister-Helm' freigespielt!","おめでとうございます！\n第二段階のビーストマスターヘルメットを獲得しました！","축하합니다!\n야수의 대가 투구가 1등급 올랐습니다!","Parabéns!\nVocê recebeu outro tier do Elmo do Homem Bestial!","Поздравляем!\nВы получили ещё один уровень шлема Мастера зверей!","¡Felicitaciones!\n¡Has conseguido otro nivel del Casco de Maestro de bestias!","ยินดี​ด้วย! คุณ​ได้​รับ​หมวก Beastmaster ระดับ​ใหม่​แล้ว!","恭喜！\n你獲得另一階級的頭部外觀：野獸大師！","Art/2DItems/Effects/Hats/BeastmasterHelmet.dds","Beastmaster Helmet (Tier 2)","Casque du Belluaire (Palier 2)","Bestienmeister-Helm (Level 2)","ビーストマスターヘルメット (ティア2)","야수의 대가 투구 (2등급)","Elmo do Homem Bestial (Tier 2)","Шлем Мастера зверей (2 уровень)","Casco de Maestro de bestias (nivel 2)","หมวก Beastmaster (ระดับ 2)","頭部外觀：野獸大師（T2）",""
214,55,6,[],0,"Congratulations!\nYou earned the final tier of the Beastmaster Gloves!","Félicitations ! Vous avez remporté un autre palier des Gants du Belluaire !","Glückwunsch!\nDu hast den letzten Level der Mikrotransaktion 'Bestienmeister-Handschuhe' freigespielt!","おめでとうございます！\n最終段階のビーストマスターグローブを獲得しました！","축하합니다!\n야수의 대가 장갑이 최종 등급에 도달했습니다!","Parabéns!\nVocê recebeu o tier final das Luvas do Homem Bestial!","Поздравляем!\nВы получили последний уровень перчаток Мастера зверей!","¡Felicitaciones!\n¡Has conseguido el nivel final de los Guantes de Maestro de bestias!","ยินดี​ด้วย! คุณ​ได้​รับ​ถุงมือ Beastmaster ระดับ​สุดท้าย​แล้ว!","恭喜！\n你獲得最終階級的手部外觀：野獸大師！","Art/2DItems/Effects/gloves/BeastmasterGloves.dds","Beastmaster Gloves (Tier 3)","Gants du Belluaire (Palier 3)","Bestienmeister-Handschuhe (Level 3)","ビーストマスターグローブ (ティア3)","야수의 대가 장갑 (3등급)","Luvas do Homem Bestial (Tier 3)","Перчатки Мастера зверей (3 уровень)","Guantes de Maestro de bestias (nivel 3)","ถุงมือ Beastmaster (ระดับ 3)","手部外觀：野獸大師（T3）",""
215,55,7,[],0,"Congratulations!\nYou another tier of the Beastmaster Body Armour and Beastmaster Helmet!","Félicitations ! Vous avez remporté un autre palier de l'Armure et du Casque du Belluaire !","Glückwunsch!\nDu hast einen weiteren Level der Mikrotransaktionen 'Bestienmeister-Körperrüstung' und 'Bestienmeister-Helm' freigespielt!","おめでとうございます！\n第三段階のビーストマスターアーマーとビーストマスターヘルメットを獲得しました！","축하합니다!\n야수의 대가 갑옷과 야수의 대가 투구가 1등급 올랐습니다!","Parabéns!\nVocê recebeu outro tier do Peitoral e Elmo do Homem Bestial!","Поздравляем!\nВы получили ещё один уровень нательного доспеха Мастера зверей и шлема Мастера зверей!","¡Felicitaciones!\n¡Has conseguido otro nivel de la Armadura de Maestro de bestias y del Casco de Maestro de bestias!","ยินดี​ด้วย! คุณ​ได้​รับ​​เสื้อเกราะ Beastmaster และ​หมวก Beastmaster ระดับ​ใหม่​แล้ว!","恭喜！\n你獲得另一階級的身體和頭部外觀：野獸大師！","Art/2DItems/Effects/BeastmasterBodyHelmetPack.dds","Beastmaster Body Armour (Tier 3) and Beastmaster Helmet (Tier 3)","Armure du Belluaire (Palier 3) et Casque du Belluaire (Palier 3)","Bestienmeister-Körperrüstung (Level 3) und Bestienmeister-Helm (Level 3)","ビーストマスターアーマー (ティア3)およびビーストマスターヘルメット (ティア3)","야수의 대가 갑옷 (3등급) 및 야수의 대가 투구 (3등급)","Peitoral do Homem Bestial (Tier 3) e Elmo do Homem Bestial (Tier 3)","Нательный доспех Мастера зверей (3 уровень) и шлем Мастера зверей (3 уровень)","Armadura de Maestro de bestias (nivel 3) y Casco de Maestro de bestias (nivel 3)","เสื้อเกราะ Beastmaster (ระดับ 3) และหมวก Beastmaster (ระดับ 3)","身體和頭部外觀：野獸大師（T3）",""
216,55,8,[],0,"Congratulations!\nYou earned the final tier of the Beastmaster Body Armour and Beastmaster Helmet!","Félicitations ! Vous avez remporté le palier final de l'Armure et du Casque du Belluaire !","Glückwunsch!\nDu hast den letzten Level der Mikrotransaktionen 'Bestienmeister-Körperrüstung' und 'Bestienmeister-Helm' freigespielt!","おめでとうございます！\n最終段階のビーストマスターアーマーとビーストマスターヘルメットを獲得しました！","축하합니다!\n야수의 대가 갑옷과 야수의 대가 투구가 최종 등급에 도달했습니다!","Parabéns!\nVocê recebeu o tier final do Peitoral e Elmo do Homem Bestial!","Поздравляем!\nВы получили последний уровень нательного доспеха Мастера зверей и шлема Мастера зверей!","¡Felicitaciones!\n¡Has conseguido el nivel final de la Armadura de Maestro de bestias y del Casco de Maestro de bestias!","ยินดี​ด้วย! คุณ​ได้​รับ​​เสื้อเกราะ Beastmaster และ​หมวก Beastmaster ระดับ​สุดท้าย​แล้ว!","恭喜！\n你獲得最終階級的身體和頭部外觀：野獸大師！","Art/2DItems/Effects/BeastmasterBodyHelmetPack.dds","Beastmaster Body Armour (Tier 4), Beastmaster Body Armour (Tier 5) and Beastmaster Helmet (Tier 4)","Armure du Belluaire (Palier 4), Armure du Belluaire (Palier 5) et Casque du Belluaire (Palier 4)","Bestienmeister-Körperrüstung (Level 4), Bestienmeister-Körperrüstung (Level 5) und Bestienmeister-Helm (Level 4)","ビーストマスターアーマー (ティア4)、ビーストマスターアーマー (ティア5)およびビーストマスターヘルメット (ティア4)","야수의 대가 갑옷 (4등급), 야수의 대가 갑옷 (5등급) 및 야수의 대가 투구 (4등급)","Peitoral do Homem Bestial (Tiers 4 e 5) e Elmo do Homem Bestial (Tier 4)","Нательный доспех Мастера зверей (4 и 5 уровень) и шлем Мастера зверей (4 уровень)","Armadura de Maestro de bestias (nivel 4), Armadura de Maestro de bestias (nivel 5) y Casco de Maestro de bestias (nivel 4)","เสื้อเกราะ Beastmaster (ระดับ 4), เสื้อเกราะ Beastmaster (ระดับ 5) และหมวก Beastmaster (ระดับ 4)","身體外觀：野獸大師（T4、5）和頭部外觀：野獸大師（T4）",""
217,55,1,[5665],1,"Congratulations! You earned the Ruthless Ancestor Totem!\nThe more ruthless challenges you complete, the bigger it gets!","Félicitations ! Vous avez remporté le Totem Ancestor (Ruthless) !\nPlus vous réussirez de défis en Ruthless, plus il grandira !","Glückwunsch!\nDu hast das Erbarmunglos-Ancestor-Totem freigespielt!\nSchließe mehr Herausforderungen im Modus Erbarmungslos ab, um weitere Stufen zu erhalten!","おめでとうございます！ルースレスAncestorトーテムを獲得しました！\nさらにルースレスチャレンジを完了することで大きくなります！","축하합니다! 무자비 선조 토템을 획득했습니다!\n이 토템은 도전과제를 많이 완료할수록 커집니다!","Parabéns! Você ganhou o Totem Ancestral Ruthless!\nQuanto mais desafios ruthless você completar, mais ele cresce!","Поздравляем!\nВы получили часть тотема Беспощадного Испытания предков!\nЗавершайте больше испытаний, чтобы получить оставшиеся части тотема!","¡Felicitaciones! ¡Has conseguido el Tótem de Ancestor de Ruthless!\n¡Cuantos más desafíos de Ruthless completes, más grande será!","ยินดี​ด้วย! คุณ​ได้รับ​​เสา​อนุสรณ์ Ruthless Ancestor แล้ว! ยิ่ง​คุณ​ผ่าน​ภารกิจ​ท้าทาย Ruthless มาก​เท่า​ไหร่ เสา​อนุสรณ์​ก็​จะ​ยิ่ง​สูง​ขึ้น​เท่านั้น!","恭喜！你獲得祖靈．殘暴圖騰！\n你完成越多挑戰，圖騰就越長！","","","","","","","","","","","","HideoutRuthlessTotemPole31"
218,56,1,[],0,"Congratulations!\nYou earned an Ancestor Mystery Box!","Félicitations ! Vous avez remporté une Boîte mystère Ancestor !","Glückwunsch!\nDu hast eine Ancestor-Überraschungskiste gewonnen!","おめでとうございます!\nアンセスターミステリーボックスを獲得しました！","축하합니다!\n선조들의 심판 미스터리 박스를 획득하셨습니다!","Parabéns!\nVocê recebeu uma Caixa Misteriosa Ancestral!","Поздравляем!\nВы получили Загадочную коробку Испытания предков!","¡Felicitaciones!\n¡Has conseguido una Caja misteriosa de Ancestor!","ยินดีด้วย! คุณ​ได้​รับ​กล่อง​ปริศนา Ancestor 1 กล่อง​แล้ว!","恭喜！你獲得祖靈試煉神秘寶箱！","Art/2DItems/Effects/MysteryChest/AncestorsMysteryBox.dds","","","","","","","","","","","MysteryPackAncestorBox"
219,57,1,[],0,"Congratulations!\nYou earned an Ancestor Mystery Box!","Félicitations ! Vous avez remporté une Boîte mystère Ancestor !","Glückwunsch!\nDu hast eine Ancestor-Überraschungskiste gewonnen!","おめでとうございます!\nアンセスターミステリーボックスを獲得しました！","축하합니다!\n선조들의 심판 미스터리 박스를 획득하셨습니다!","Parabéns!\nVocê recebeu uma Caixa Misteriosa Ancestral!","Поздравляем!\nВы получили Загадочную коробку Испытания предков!","¡Felicitaciones!\n¡Has conseguido una Caja misteriosa de Ancestor!","ยินดีด้วย! คุณ​ได้​รับ​กล่อง​ปริศนา Ancestor 1 กล่อง​แล้ว!","恭喜！你獲得祖靈試煉神秘寶箱！","Art/2DItems/Effects/MysteryChest/AncestorsMysteryBox.dds","","","","","","","","","","","MysteryPackAncestorBox"
220,58,1,[],0,"Congratulations!\nYou earned an Ancestor Mystery Box!","Félicitations ! Vous avez remporté une Boîte mystère Ancestor !","Glückwunsch!\nDu hast eine Ancestor-Überraschungskiste gewonnen!","おめでとうございます!\nアンセスターミステリーボックスを獲得しました！","축하합니다!\n선조들의 심판 미스터리 박스를 획득하셨습니다!","Parabéns!\nVocê recebeu uma Caixa Misteriosa Ancestral!","Поздравляем!\nВы получили Загадочную коробку Испытания предков!","¡Felicitaciones!\n¡Has conseguido una Caja misteriosa de Ancestor!","ยินดีด้วย! คุณ​ได้​รับ​กล่อง​ปริศนา Ancestor 1 กล่อง​แล้ว!","恭喜！你獲得祖靈試煉神秘寶箱！","Art/2DItems/Effects/MysteryChest/AncestorsMysteryBox.dds","","","","","","","","","","","MysteryPackAncestorBox"
221,59,4,[4227],0,"Congratulations! You earned the Night Lotus Boots!\nThe appearance of this boot will improve as you complete 26 challenges.","Félicitations ! Vous avez remporté les Bottes du Lotus nocturne !\n L'apparence de ces bottes s'améliore lorsque vous terminez 26 défis.","Glückwunsch!\nDu hast die Mikrotransaktion 'Nachtlotus-Stiefel' freigespielt!\nDas Erscheinungsbild verbessert sich mit dem Abschluss von 20 und 26 Herausforderungen.","おめでとうございます！夜の睡蓮のブーツを獲得しました\nこのブーツの見た目はチャンレンジを26個完了すると向上します。","축하합니다! 밤의 연꽃 장화를 획득했습니다!\n이 장화의 외형은 도전과제를 26개 완료하는 시점에 더 멋있어집니다.","Parabéns! Você recebeu as Botas da Lotus Noturna!\nA aparência desta bota será melhorada quando você completar 26 desafios.","Поздравляем!\nВы получили сапоги ночного лотоса! Внешний вид этих сапог меняется по завершении вами 20 и 26 испытаний.","¡Felicitaciones! ¡Has conseguido las Botas de Loto nocturno!\nLa apariencia de estas botas mejorará cuando completes 26 desafíos .","ยินดี​ด้วย! คุณ​ได้​รับ​รองเท้า Night Lotus แล้ว! รองเท้า​นี้​จะ​มี​รูปลักษณ์​ที่​ดี​ขึ้น​เมื่อ​คุณ​ผ่าน​ภารกิจ​ท้าทาย 26 ภารกิจ","恭喜！\n你獲得腳部外觀：夜蓮！此腳部外觀會在你完成26個挑戰時優化。","Art/2DItems/Effects/shoes/NightLotusBoots.dds","Night Lotus Boots (Tier 1)","Bottes du Lotus nocturne (Palier 1)","Nachtlotus-Stiefel (Level 1)","夜の睡蓮のブーツ (ティア1)","밤의 연꽃 장화 (1등급)","Botas da Lotus Noturna (Tier 1)","Сапоги ночного лотоса (1 уровень)","Botas de Loto nocturno (nivel 1)","รองเท้า Night Lotus (ระดับ 1)","腳部外觀：夜蓮（T1）","NightLotusBoots"
222,59,8,[4228],0,"Congratulations! You earned the Night Lotus Gloves!\nThe appearance of this glove improves as you complete 20 and 32 challenges.","Félicitations ! Vous avez remporté les Gants du Lotus nocturne !\n L'apparence de ces gants s'améliore lorsque vous terminez 20 et 32 défis.","Glückwunsch!\nDu hast die Mikrotransaktion 'Nachtlotus-Handschuhe' freigespielt!\nDas Erscheinungsbild verbessert sich mit dem Abschluss von 20 und 32 Herausforderungen.","おめでとうございます！夜の睡蓮のグローブを獲得しました\nこのブーツの見た目はチャンレンジを20、32個完了すると向上します。","축하합니다! 밤의 연꽃 장갑을 획득했습니다!\n이 장갑의 외형은 도전과제를 20개, 32개 완료하는 시점에 더 멋있어집니다.","Parabéns! Você recebeu as Luvas da Lotus Noturna!\nA aparência destas luvas será melhorada quando você completar 20 e 32 desafios.","Поздравляем!\nВы получили перчатки ночного лотоса! Внешний вид этих перчаток  меняется по завершении вами 20 и 32 испытаний.","¡Felicitaciones! ¡Has conseguido los Guantes de Loto nocturno!\nLa apariencia de estos guantes mejorará cuando completes 20 y 32 desafíos.","ยินดี​ด้วย! คุณ​ได้​รับ​ถุงมือ Night Lotus แล้ว! ถุงมือ​นี้​จะ​มี​รูปลักษณ์​ที่​ดี​ขึ้น​เมื่อ​คุณ​ผ่าน​ภารกิจ​ท้าทาย 20 และ 32 ภารกิจ","恭喜！\n你獲得手部外觀：夜蓮！此腳部外觀會在你完成20和32個挑戰時優化。","Art/2DItems/Effects/gloves/NightLotusGloves.dds","Night Lotus Gloves (Tier 1)","Gants du Lotus nocturne (Palier 1)","Nachtlotus-Handschuhe (Level 1)","夜の睡蓮のグローブ (ティア1)","밤의 연꽃 장갑 (1등급)","Luvas da Lotus Noturna (Tier 1)","Перчатки ночного лотоса (1 уровень)","Guantes de Loto nocturno (nivel 1)","ถุงมือ Night Lotus (ระดับ 1)","手部外觀：夜蓮（T1）","NightLotusGloves"
223,59,12,[4229],0,"Congratulations! You earned the Night Lotus Body Armour!\nThe appearance of this body armour improves as you complete 22, 28 and 35 challenges.","Félicitations ! Vous avez remporté l'Armure du Lotus nocturne !\n L'apparence de cette armure s'améliore lorsque vous terminez 22, 28 et 35 défis.","Glückwunsch!\nDu hast die Mikrotransaktion 'Nachtlotus-Körperrüstung' freigespielt!\nDas Erscheinungsbild verbessert sich mit dem Abschluss von 22, 28 und 35 Herausforderungen.","おめでとうございます！夜の睡蓮のアーマーを獲得しました\nこのブーツの見た目はチャンレンジを22、28、35個完了すると向上します。","축하합니다! 밤의 연꽃 갑옷을 획득했습니다!\n이 갑옷의 외형은 도전과제를 22개, 28개, 35개 완료하는 시점에 더 멋있어집니다.","Parabéns! Você recebeu o Peitoral da Lotus Noturna!\nA aparência deste peitoral será melhorada quando você completar 22, 28 e 35 desafios.","Поздравляем!\nВы получили нательный доспех ночного лотоса!\nВнешний вид этого нательного доспеха меняется по завершении вами 22, 28 и 35 испытаний.","¡Felicitaciones! ¡Has conseguido la Armadura de Loto nocturno!\nLa apariencia de esta armadura mejorará cuando completes 22, 28 y 35 desafíos.","ยินดี​ด้วย! คุณ​ได้​รับ​เสื้อเกราะ Night Lotus แล้ว! เสื้อเกราะ​นี้​จะ​มี​รูปลักษณ์​ที่​ดี​ขึ้น​เมื่อ​คุณ​ผ่าน​ภารกิจ​ท้าทาย 22, 28 และ 35 ภารกิจ","恭喜！\n你獲得身體外觀：夜蓮！此腳部外觀會在你完成22、28和35個挑戰時優化。","Art/2DItems/Effects/BodyArmour/NightLotusBody.dds","Night Lotus Body Armour (Tier 1)","Armure du Lotus nocturne (Palier 1)","Nachtlotus-Körperrüstung (Level 1)","夜の睡蓮のアーマー (ティア1)","밤의 연꽃 갑옷 (1등급)","Peitoral da Lotus Noturna (Tier 1)","Нательный доспех ночного лотоса (1 уровень)","Armadura de Loto nocturno (nivel 1)","เสื้อเกราะ Night Lotus (ระดับ 1)","身體外觀：夜蓮（T1）","NightLotusBodyArmour"
224,59,16,[4226],0,"Congratulations! You earned the Night Lotus Helmet!\nThe appearance of this helmet improves as you complete 24 and 38 challenges.","Félicitations ! Vous avez remporté le Casque du Lotus nocturne !\n L'apparence de ce casque s'améliore lorsque vous terminez 24 et 38 défis.","Glückwunsch!\nDu hast die Mikrotransaktion 'Nachtlotus-Helm' freigespielt!\nDas Erscheinungsbild verbessert sich mit dem Abschluss von 24 und 38 Herausforderungen.","おめでとうございます！夜の睡蓮のヘルメットを獲得しました\nこのブーツの見た目はチャンレンジを24、38個完了すると向上します。","축하합니다! 밤의 연꽃 투구를 획득했습니다!\n이 투구의 외형은 도전과제를 24개, 38개 완료하는 시점에 더 멋있어집니다.","Parabéns! Você recebeu o Elmo da Lotus Noturna!\nA aparência deste elmo será melhorada quando você completar 24 e 38 desafios.","Поздравляем!\nВы получили шлем ночного лотоса!\nВнешний вид этого шлема меняется по завершении вами 24 и 38 испытаний.","¡Felicitaciones! ¡Has conseguido el Casco de Loto nocturno!\nLa apariencia de este casco mejorará cuando completes 24 y 38 desafíos.","ยินดี​ด้วย! คุณ​ได้​รับ​หมวก Night Lotus แล้ว! หมวก​นี้​จะ​มี​รูปลักษณ์​ที่​ดี​ขึ้น​เมื่อ​คุณ​ผ่าน​ภารกิจ​ท้าทาย 24 และ 38 ภารกิจ","恭喜！\n你獲得頭部外觀：夜蓮！此腳部外觀會在你完成24和38個挑戰時優化。","Art/2DItems/Effects/Hats/NightLotusHelmet.dds","Night Lotus Helmet (Tier 1)","Casque du Lotus nocturne (Palier 1)","Nachtlotus-Helm (Level 1)","夜の睡蓮のヘルメット (ティア1)","밤의 연꽃 투구 (1등급)","Elmo da Lotus Noturna (Tier 1)","Шлем ночного лотоса (1 уровень)","Casco de Loto nocturno (nivel 1)","หมวก Night Lotus (ระดับ 1)","頭部外觀：夜蓮（T1）","NightLotusHelmet"
225,59,19,[5667],3,"Congratulations! You earned the Affliction Totem!\nThe more challenges you complete, the bigger it gets!","Félicitations ! Vous avez remporté le Totem Affliction !\nPlus vous réussirez de défis, plus il grandira !","Glückwunsch!\nDu hast das Affliction-Totem freigespielt!\nSchließe mehr Herausforderungen ab, um weitere Stufen zu erhalten!","おめでとうございます！Afflictionトーテムを獲得しました！\nさらにチャレンジを完了することで大きくなります！","축하합니다! 고난 토템을 획득했습니다!\n이 토템은 도전과제를 많이 완료할수록 커집니다!","Parabéns! Você ganhou o Totem Affliction!\nQuanto mais desafios ruthless você completar, maior ele fica!","Поздравляем!\nВы получили часть тотема Заклятия!\nЗавершайте больше испытаний, чтобы получить оставшиеся части тотема!","¡Felicitaciones! ¡Has conseguido el Tótem de Affliction!\n¡Cuantos más desafíos completes, más grande será!","ยินดีด้วย! คุณ​ได้​รับ​​เสาอนุสรณ์ Affliction แล้ว! ยิ่ง​คุณ​ผ่าน​ภารกิจ​ท้าทาย​มาก​เท่า​ไหร่ เสา​อนุสรณ์​ก็​จะ​ยิ่ง​สูง​ขึ้น​เท่านั้น!","恭喜！你獲得禁咒圖騰！\n你完成越多挑戰，圖騰就越長！","","","","","","","","","","","","HideoutTotemPole32"
226,59,20,[],0,"Congratulations!\nYou earned another tier of the Night Lotus Gloves!","Félicitations ! Vous avez remporté un autre palier des Gants du Lotus nocturne !","Glückwunsch!\nDu hast einen weiteren Level der Mikrotransaktion 'Nachtlotus-Handschuhe' freigespielt!","おめでとうございます！\n第二段階の夜の睡蓮のグローブを獲得しました！","축하합니다!\n밤의 연꽃 장갑이 1등급 올랐습니다!","Parabéns!\nVocê ganhou outro tier das Luvas da Lotus Noturna!","Поздравляем!\nВы получили ещё один уровень перчаток ночного лотоса!","¡Felicitaciones!\n¡Has conseguido otro nivel de los Guantes de Loto nocturno!","ยินดี​ด้วย! คุณ​ได้​รับ​​ถุงมือ Night Lotus ระดับ​ใหม่​แล้ว!","恭喜！\n你獲得另一階級的手部外觀：夜蓮！","Art/2DItems/Effects/gloves/NightLotusGloves.dds","Night Lotus Gloves (Tier 2)","Gants du Lotus nocturne (Palier 2)","Nachtlotus-Handschuhe (Level 2)","夜の睡蓮のグローブ (ティア2)","밤의 연꽃 장갑 (2등급)","Luvas da Lotus Noturna (Tier 2)","Перчатки ночного лотоса (2 уровень)","Guantes de Loto nocturno (nivel 2)","ถุงมือ Night Lotus (ระดับ 2)","手部外觀：夜蓮（T2）",""
227,59,22,[],0,"Congratulations!\n You earned another tier of the Night Lotus Body Armour!","Félicitations ! Vous avez remporté un autre palier de l'Armure du Lotus nocturne !","Glückwunsch!\nDu hast einen weiteren Level der Mikrotransaktion 'Nachtlotus-Körperrüstung' freigespielt!","おめでとうございます！\n第二段階の夜の睡蓮のアーマーを獲得しました！","축하합니다!\n밤의 연꽃 갑옷이 1등급 올랐습니다!","Parabéns!\nVocê ganhou outro tier do Peitoral da Lotus Noturna!","Поздравляем!\nВы получили ещё один уровень нательного доспеха ночного лотоса!","¡Felicitaciones!\n¡Has conseguido otro nivel de la Armadura de Loto nocturno!","ยินดี​ด้วย! คุณ​ได้​รับ​เสื้อเกราะ Night Lotus ระดับ​ใหม่​แล้ว!","恭喜！\n你獲得另一階級的身體外觀：夜蓮！","Art/2DItems/Effects/BodyArmour/NightLotusBody.dds","Night Lotus Body Armour (Tier 2)","Armure du Lotus nocturne (Palier 2)","Nachtlotus-Körperrüstung (Level 2)","夜の睡蓮のアーマー (ティア2)","밤의 연꽃 갑옷 (2등급)","Peitoral da Lotus Noturna (Tier 2)","Нательный доспех ночного лотоса (2 уровень)","Armadura de Loto nocturno (nivel 2)","เสื้อเกราะ Night Lotus (ระดับ 2)","身體外觀：夜蓮（T2）",""
228,59,24,[],0,"Congratulations!\n You earned another tier of the Night Lotus Helmet!","Félicitations ! Vous avez remporté un autre palier du Casque du Lotus nocturne !","Glückwunsch!\nDu hast einen weiteren Level der Mikrotransaktion 'Nachtlotus-Helm' freigespielt!","おめでとうございます！\n第二段階の夜の睡蓮のヘルメットを獲得しました！","축하합니다!\n밤의 연꽃 투구가 1등급 올랐습니다!","Parabéns!\nVocê ganhou outro tier do Elmo da Lotus Noturna!","Поздравляем!\nВы получили ещё один уровень шлема ночного лотоса!","¡Felicitaciones!\n¡Has conseguido otro nivel del Casco de Loto nocturno!","ยินดี​ด้วย! คุณ​ได้​รับ​หมวก Night Lotus ระดับ​ใหม่​แล้ว!","恭喜！\n你獲得另一階級的頭部外觀：夜蓮！","Art/2DItems/Effects/Hats/NightLotusHelmet.dds","Night Lotus Helmet (Tier 2)","Casque du Lotus nocturne (Palier 2)","Nachtlotus-Helm (Level 2)","夜の睡蓮のヘルメット (ティア2)","밤의 연꽃 투구 (2등급)","Elmo da Lotus Noturna (Tier 2)","Шлем ночного лотоса (2 уровень)","Casco de Loto nocturno (nivel 2)","หมวก Night Lotus (ระดับ 2)","頭部外觀：夜蓮（T2）",""
229,59,26,[],0,"Congratulations!\nYou earned the final tier of the Night Lotus Boots!","Félicitations ! Vous avez remporté le palier final des Bottes du Lotus nocturne !","Glückwunsch!\nDu hast einen weiteren Level der Mikrotransaktion 'Nachtlotus-Stiefel' freigespielt!","おめでとうございます！\n最終段階の夜の睡蓮のブーツを獲得しました！","축하합니다!\n밤의 연꽃 장화가 최종 등급에 도달했습니다!","Parabéns!\nVocê ganhou outro tier das Botas da Lotus Noturna!","Поздравляем!\nВы получили последний уровень сапог ночного лотоса!","¡Felicitaciones!\n¡Has conseguido el nivel final de las Botas de Loto nocturno!","ยินดี​ด้วย! คุณ​ได้​รับ​รองเท้า Night Lotus ระดับ​สุดท้าย​แล้ว!","恭喜！\n你獲得另一階級的腳部外觀：夜蓮！","Art/2DItems/Effects/shoes/NightLotusBoots.dds","Night Lotus Boots (Tier 2)","Bottes du Lotus nocturne (Palier 2)","Nachtlotus-Stiefel (Level 2)","夜の睡蓮のブーツ (ティア2)","밤의 연꽃 장화 (2등급)","Botas da Lotus Noturna (Tier 2)","Сапоги ночного лотоса (2 уровень)","Botas de Loto nocturno (nivel 2)","รองเท้า Night Lotus (ระดับ 2)","腳部外觀：夜蓮（T2）",""
230,59,28,[],0,"Congratulations!\nYou earned another tier of the Night Lotus Body Armour!","Félicitations ! Vous avez remporté un autre palier de l'Armure du Lotus nocturne !","Glückwunsch!\nDu hast einen weiteren Level der Mikrotransaktion 'Nachtlotus-Körperrüstung' freigespielt!","おめでとうございます！\n第三段階の夜の睡蓮のアーマーを獲得しました！","축하합니다!\n밤의 연꽃 갑옷이 1등급 올랐습니다!","Parabéns!\nVocê ganhou outro tier do Peitoral da Lotus Noturna!","Поздравляем!\nВы получили ещё один уровень нательного доспеха ночного лотоса!","¡Felicitaciones!\n¡Has conseguido otro nivel de la Armadura de Loto nocturno!","ยินดี​ด้วย! คุณ​ได้​รับ​เสื้อเกราะ Night Lotus ระดับ​ใหม่​แล้ว!","恭喜！\n你獲得另一階級的身體外觀：夜蓮！","Art/2DItems/Effects/BodyArmour/NightLotusBody.dds","Night Lotus Body Armour (Tier 3)","Armure du Lotus nocturne (Palier 3)","Nachtlotus-Körperrüstung (Level 3)","夜の睡蓮のアーマー (ティア3)","밤의 연꽃 갑옷 (3등급)","Peitoral da Lotus Noturna (Tier 3)","Нательный доспех ночного лотоса (3 уровень)","Armadura de Loto nocturno (nivel 3)","เสื้อเกราะ Night Lotus (ระดับ 3)","身體外觀：夜蓮（T3）",""
231,59,32,[],0,"Congratulations!\nYou earned the final tier of the Night Lotus Gloves!","Félicitations ! Vous avez remporté le palier final des Gants du Lotus nocturne !","Glückwunsch!\nDu hast einen weiteren Level der Mikrotransaktion 'Nachtlotus-Handschuhe' freigespielt!","おめでとうございます！\n最終段階の夜の睡蓮のグローブを獲得しました！","축하합니다!\n밤의 연꽃 장갑이 최종 등급에 도달했습니다!","Parabéns!\nVocê ganhou outro tier das Luvas da Lotus Noturna!","Поздравляем!\nВы получили последний уровень перчаток ночного лотоса!","¡Felicitaciones!\n¡Has conseguido el nivel final de los Guantes de Loto nocturno!","ยินดี​ด้วย! คุณ​ได้​รับ​ถุงมือ Night Lotus ระดับ​สุดท้าย​แล้ว!","恭喜！\n你獲得另一階級的手部外觀：夜蓮！","Art/2DItems/Effects/gloves/NightLotusGloves.dds","Night Lotus Gloves (Tier 3)","Gants du Lotus nocturne (Palier 3)","Nachtlotus-Handschuhe (Level 3)","夜の睡蓮のグローブ (ティア3)","밤의 연꽃 장갑 (3등급)","Luvas da Lotus Noturna (Tier 3)","Перчатки ночного лотоса (3 уровень)","Guantes de Loto nocturno (nivel 3)","ถุงมือ Night Lotus (ระดับ 3)","手部外觀：夜蓮（T3）",""
232,59,35,[],0,"Congratulations!\nYou earned the final tier of the Night Lotus Body Armour!","Félicitations ! Vous avez remporté le palier final de l'Armure du Lotus nocturne !","Glückwunsch!\nDu hast einen weiteren Level der Mikrotransaktion 'Nachtlotus-Körperrüstung' freigespielt!","おめでとうございます！\n最終段階の夜の睡蓮のアーマーを獲得しました！","축하합니다!\n밤의 연꽃 갑옷이 최종 등급에 도달했습니다!","Parabéns!\nVocê ganhou outro tier do Peitoral da Lotus Noturna!","Поздравляем!\nВы получили последний уровень нательного доспеха ночного лотоса!","¡Felicitaciones!\n¡Has conseguido el nivel final de la Armadura de Loto nocturno!","ยินดี​ด้วย! คุณ​ได้​รับ​เสื้อเกราะ Night Lotus ระดับ​สุดท้าย​แล้ว!","恭喜！\n你獲得另一階級的身體外觀：夜蓮！","Art/2DItems/Effects/BodyArmour/NightLotusBody.dds","Night Lotus Body Armour (Tier 4)","Armure du Lotus nocturne (Palier 4)","Nachtlotus-Körperrüstung (Level 4)","夜の睡蓮のアーマー (ティア4)","밤의 연꽃 갑옷 (4등급)","Peitoral da Lotus Noturna (Tier 4)","Нательный доспех ночного лотоса (4 уровень)","Armadura de Loto nocturno (nivel 4)","เสื้อเกราะ Night Lotus (ระดับ 4)","身體外觀：夜蓮（T4）",""
233,59,38,[],0,"Congratulations!\nYou earned the final tier of the Night Lotus Helmet!","Félicitations ! Vous avez remporté le palier final du Casque du Lotus nocturne !","Glückwunsch!\nDu hast einen weiteren Level der Mikrotransaktion 'Nachtlotus-Helm' freigespielt!","おめでとうございます！\n最終段階の夜の睡蓮のヘルメットを獲得しました！","축하합니다!\n밤의 연꽃 투구가 최종 등급에 도달했습니다!","Parabéns!\nVocê ganhou outro tier do Elmo da Lotus Noturna!","Поздравляем!\nВы получили последний уровень шлема ночного лотоса!","¡Felicitaciones!\n¡Has conseguido el nivel final del Casco de Loto nocturno!","ยินดี​ด้วย! คุณ​ได้​รับ​หมวก Night Lotus ระดับ​สุดท้าย​แล้ว!","恭喜！\n你獲得另一階級的頭部外觀：夜蓮！","Art/2DItems/Effects/Hats/NightLotusHelmet.dds","Night Lotus Helmet (Tier 3)","Casque du Lotus nocturne (Palier 3)","Nachtlotus-Helm (Level 3)","夜の睡蓮のヘルメット (ティア3)","밤의 연꽃 투구 (3등급)","Elmo da Lotus Noturna (Tier 3)","Шлем ночного лотоса (3 уровень)","Casco de Loto nocturno (nivel 4)","หมวก Night Lotus (ระดับ 3)","頭部外觀：夜蓮（T3）",""
234,60,1,[5669],1,"Congratulations! You earned the Ruthless Affliction Totem!\nThe more ruthless challenges you complete, the bigger it gets!","Félicitations ! Vous avez remporté le Totem Affliction (Ruthless) !\nPlus vous réussirez de défis en Ruthless, plus il grandira !","Glückwunsch!\nDu hast das Erbarmunglos-Affliction-Totem freigespielt!\nSchließe mehr Herausforderungen im Modus Erbarmungslos ab, um weitere Stufen zu erhalten!","おめでとうございます！ルースレスAfflictionトーテムを獲得しました！\nさらにルースレスチャレンジを完了することで大きくなります！","축하합니다! 무자비 고난 토템을 획득했습니다!\n이 토템은 무자비 도전과제를 많이 완료할수록 커집니다!","Parabéns! Você ganhou o Totem Affliction Ruthless!\nQuanto mais desafios ruthless você completar, maior ele fica!","Поздравляем!\nВы получили часть тотема Беспощадного Заклятия!\nЗавершайте больше испытаний, чтобы получить оставшиеся части тотема!","¡Felicitaciones! ¡Has conseguido el Tótem de Affliction de Ruthless!\n¡Cuantos más desafíos de Ruthless completes, más grande será!","ยินดี​ด้วย! คุณ​ได้รับ​​เสา​อนุสรณ์ Ruthless Affliction แล้ว! ยิ่ง​คุณ​ผ่าน​ภารกิจ​ท้าทาย Ruthless มาก​เท่า​ไหร่ เสา​อนุสรณ์​ก็​จะ​ยิ่ง​สูง​ขึ้น​เท่านั้น!","恭喜！你獲得禁咒．殘暴圖騰！\n你完成越多挑戰，圖騰就越長！","","","","","","","","","","","","HideoutRuthlessTotemPole32"
235,60,2,"[4227,4228,4226,4229]",0,"Congratulations! You earned the Night Lotus Armour Set!\nThe more ruthless challenges you complete, the more impressive they get!","Félicitations ! Vous avez remporté l'Ensemble d'armure du Lotus nocturne !\nPlus vous réussirez de défis en Ruthless, plus il sera impressionnant !","Glückwunsch!\nDu hast die Mikrotransaktion 'Nachtlotus-Rüstungsset' freigespielt!\nDas Erscheinungsbild verbessert sich, je mehr Herausforderungen du in \""Erbarmungslos\"" abschließt!","おめでとうございます！夜の睡蓮の防具セットを獲得しました！\nさらにルースレスチャレンジを完了することで、より豪華になります！","축하합니다!\n밤의 연꽃 방어구 세트를 획득했습니다! 방어구 세트는 도전과제를 많이 완료할수록 멋있어집니다!","Parabéns! Você recebeu o Conjunto de Armadura da Lotus Noturna!\nQuando mais desafios ruthless você completar, mais impressionante ele fica!","Поздравляем!\nВы получили набор доспехов ночного лотоса!\nВнешний вид этого набора меняется по завершении вами большего числа испытаний в Беспощадном режиме!","¡Felicitaciones! ¡Has conseguido el Set de armadura de Loto nocturno!\nCuantos más desafíos de Ruthless completes, ¡más impresionante será!","ยินดี​ด้วย! คุณ​ได้​รับ​​ชุด​เกราะเซ็ต Night Lotus แล้ว! ยิ่ง​คุณ​ผ่าน​ภารกิจ​ท้าทาย Ruthless มาก​เท่า​ไหร่ มัน​ยิ่ง​งดงาม​ขึ้น​เท่านั้น!","恭喜！你獲得夜蓮組合包！\n你完成越多挑戰，組合包就會越優化！","Art/2DItems/Effects/ArmourSet/NightLotusArmour.dds","Night Lotus Armour Pack (Tier 1)","Ensemble d'armure du Lotus nocturne (Palier 1)","Nachtlotus-Rüstungsset (Level 1)","夜の睡蓮の防具セット (ティア1)","밤의 연꽃 방어구 팩 (1등급)","Pacote de Armadura da Lotus Noturna (Tier 1)","Набор доспехов ночного лотоса (1 уровень)","Paquete de armadura de Loto nocturno (nivel 1)","ชุดเกราะเซ็ต Night Lotus (ระดับ 1)","夜蓮組合包（T1）","AfflictionChallengeBundle"
236,60,3,[],0,"Congratulations!\nYou earned another tier of the Night Lotus Gloves!","Félicitations ! Vous avez remporté un autre palier des Gants du Lotus nocturne !","Glückwunsch!\nDu hast einen weiteren Level der Mikrotransaktion 'Nachtlotus-Handschuhe' freigespielt!","おめでとうございます！\n第二段階の夜の睡蓮のグローブを獲得しました！","축하합니다!\n밤의 연꽃 장갑이 1등급 올랐습니다!","Parabéns!\nVocê ganhou outro tier das Luvas da Lotus Noturna!","Поздравляем!\nВы получили ещё один уровень перчаток ночного лотоса!","¡Felicitaciones!\n¡Has conseguido otro nivel de los Guantes de Loto nocturno!","ยินดี​ด้วย! คุณ​ได้​รับ​​ถุงมือ Night Lotus ระดับ​ใหม่​แล้ว!","恭喜！\n你獲得另一階級的手部外觀：夜蓮！","Art/2DItems/Effects/gloves/NightLotusGloves.dds","Night Lotus Gloves (Tier 2)","Gants du Lotus nocturne (Palier 2)","Nachtlotus-Handschuhe (Level 2)","夜の睡蓮のグローブ (ティア2)","밤의 연꽃 장갑 (2등급)","Luvas da Lotus Noturna (Tier 2)","Перчатки ночного лотоса (2 уровень)","Guantes de Loto nocturno (nivel 2)","ถุงมือ Night Lotus (ระดับ 2)","手部外觀：夜蓮（T2）",""
237,60,4,[],0,"Congratulations!\nYou earned another tier of the Night Lotus Helmet and Night Lotus Body Armour!","Félicitations ! Vous avez remporté un autre palier du Casque du Lotus nocturne et de l'Armure du Lotus nocturne !","Glückwunsch!\nDu hast einen weiteren Level der Mikrotransaktion 'Nachtlotus-Helm' und 'Nachtlotus-Körperrüstung' freigespielt!","おめでとうございます！\n第二段階の夜の睡蓮のアーマーおよび夜の睡蓮のヘルメットを獲得しました！","축하합니다!\n밤의 연꽃 투구와 밤의 연꽃 갑옷이 1등급 올랐습니다!","Parabéns!\nVocê ganhou outro tier do Elmo e Peitoral da Lotus Noturna!","Поздравляем!\nВы получили ещё один уровень шлема ночного лотоса и нательного доспеха ночного лотоса!","¡Felicitaciones!\n¡Has conseguido otro nivel del Casco de Loto nocturno y la Armadura de Loto nocturno!","ยินดี​ด้วย! คุณ​ได้​รับ​​หมวก Night Lotus และ​เสื้อเกราะ Night Lotus ระดับ​ใหม่​แล้ว!","恭喜！\n你獲得另一階級的頭部和身體外觀：夜蓮！","Art/2DItems/Effects/NightLotusBodyHelmetPack.dds","Night Lotus Helmet (Tier 2) and Night Lotus Body Armour (Tier 2)","Casque du Lotus nocturne (Palier 2) et Armure du Lotus nocturne (Palier 2)","Nachtlotus-Helm (Level 2) und Nachtlotus-Körperrüstung (Level 2)","夜の睡蓮のヘルメット (ティア2)および夜の睡蓮のアーマー (ティア2)","밤의 연꽃 투구 (2등급) 및 밤의 연꽃 갑옷 (2등급)","Elmo e Peitoral da Lotus Noturna (Tier 2)","Шлем ночного лотоса (2 уровень) и нательный доспех ночного лотоса (2 уровень)","Casco de Loto nocturno (nivel 2) y Armadura de Loto nocturno (nivel 2)","หมวก Night Lotus (ระดับ 2) และเสื้อเกราะ Night Lotus (ระดับ 2)","頭部外觀：夜蓮（T2）和身體外觀：夜蓮（T2）",""
238,60,5,[],0,"Congratulations!\nYou earned the final tier of the Night Lotus Boots!","Félicitations ! Vous avez remporté le palier final des Bottes du Lotus nocturne !","Glückwunsch!\nDu hast einen weiteren Level der Mikrotransaktion 'Nachtlotus-Stiefel' freigespielt!","おめでとうございます！\n最終段階の夜の睡蓮のブーツを獲得しました！","축하합니다!\n밤의 연꽃 장화가 최종 등급에 도달했습니다!","Parabéns!\nVocê ganhou outro tier das Botas da Lotus Noturna!","Поздравляем!\nВы получили последний уровень сапог ночного лотоса!","¡Felicitaciones!\n¡Has conseguido el nivel final de las Botas de Loto nocturno!","ยินดี​ด้วย! คุณ​ได้​รับ​รองเท้า Night Lotus ระดับ​สุดท้าย​แล้ว!","恭喜！\n你獲得另一階級的腳部外觀：夜蓮！","Art/2DItems/Effects/shoes/NightLotusBoots.dds","Night Lotus Boots (Tier 2)","Bottes du Lotus nocturne (Palier 2)","Nachtlotus-Stiefel (Level 2)","夜の睡蓮のブーツ (ティア2)","밤의 연꽃 장화 (2등급)","Botas da Lotus Noturna (Tier 2)","Сапоги ночного лотоса (2 уровень)","Botas de Loto nocturno (nivel 2)","รองเท้า Night Lotus (ระดับ 3)","腳部外觀：夜蓮（T2）",""
239,60,6,[],0,"Congratulations!\nYou earned another tier of the Night Lotus Body Armour!","Félicitations ! Vous avez remporté un autre palier de l'Armure du Lotus nocturne !","Glückwunsch!\nDu hast einen weiteren Level der Mikrotransaktion 'Nachtlotus-Körperrüstung' freigespielt!","おめでとうございます！\n第三段階の夜の睡蓮のアーマーを獲得しました！","축하합니다!\n밤의 연꽃 갑옷이 1등급 올랐습니다!","Parabéns!\nVocê ganhou outro tier do Peitoral da Lotus Noturna!","Поздравляем!\nВы получили ещё один уровень нательного доспеха ночного лотоса!","¡Felicitaciones!\n¡Has conseguido otro nivel de la Armadura de Loto nocturno!","ยินดี​ด้วย! คุณ​ได้​รับ​เสื้อเกราะ Night Lotus ระดับ​ใหม่​แล้ว!","恭喜！\n你獲得另一階級的身體外觀：夜蓮！","Art/2DItems/Effects/BodyArmour/NightLotusBody.dds","Night Lotus Body Armour (Tier 3)","Armure du Lotucs nocturne (Palier 3)","Nachtlotus-Körperrüstung (Level 3)","夜の睡蓮のアーマー (ティア3)","밤의 연꽃 갑옷 (3등급)","Peitoral da Lotus Noturna (Tier 3)","Нательный доспех ночного лотоса (3 уровень)","Armadura de Loto nocturno (nivel 3)","เสื้อเกราะ Night Lotus (ระดับ 3)","身體外觀：夜蓮（T3）",""
240,60,7,[],0,"Congratulations!\nYou earned the final tier of the Night Lotus Gloves!","Félicitations ! Vous avez remporté le palier final des Gants du Lotus nocturne !","Glückwunsch!\nDu hast einen weiteren Level der Mikrotransaktion 'Nachtlotus-Handschuhe' freigespielt!","おめでとうございます！\n最終段階の夜の睡蓮のグローブを獲得しました！","축하합니다!\n밤의 연꽃 장갑이 최종 등급에 도달했습니다!","Parabéns!\nVocê ganhou outro tier das Luvas da Lotus Noturna!","Поздравляем!\nВы получили последний уровень перчаток ночного лотоса!","¡Felicitaciones!\n¡Has conseguido el nivel final de los Guantes de Loto nocturno!","ยินดี​ด้วย! คุณ​ได้​รับ​ถุงมือ Night Lotus ระดับ​สุดท้าย​แล้ว!","恭喜！\n你獲得另一階級的手部外觀：夜蓮！","Art/2DItems/Effects/gloves/NightLotusGloves.dds","Night Lotus Gloves (Tier 3)","Gants du Lotus nocturne (Palier 3)","Nachtlotus-Handschuhe (Level 3)","夜の睡蓮のグローブ (ティア3)","밤의 연꽃 장갑 (3등급)","Luvas da Lotus Noturna (Tier 3)","Перчатки ночного лотоса (3 уровень)","Guantes de Loto nocturno (nivel 3)","ถุงมือ Night Lotus (ระดับ 3)","手部外觀：夜蓮（T3）",""
241,60,8,[],0,"Congratulations!\nYou earned the final tier of the Night Lotus Helmet and Night Lotus Body Armour!","Félicitations ! Vous avez remporté le palier final du Casque du Lotus nocturne et de l'Armure du Lotus nocturne !","Glückwunsch!\nDu hast einen weiteren Level der Mikrotransaktion 'Nachtlotus-Helm' und 'Nachtlotus-Körperrüstung' freigespielt!","おめでとうございます！\n最終段階の夜の睡蓮のアーマーおよび夜の睡蓮のヘルメットを獲得しました！","축하합니다!\n밤의 연꽃 투구와 밤의 연꽃 갑옷이 최종 등급에 도달했습니다!","Parabéns!\nVocê ganhou outro tier do Elmo e Peitoral da Lotus Noturna!","Поздравляем!\nВы получили последний уровень шлема ночного лотоса и нательного доспеха ночного лотоса!","¡Felicitaciones!\n¡Has conseguido el nivel final del Casco de Loto nocturno y la Armadura de Loto nocturno!","ยินดี​ด้วย! คุณ​ได้​รับ​หมวก Night Lotus และ​เสื้อเกราะ Night Lotus ระดับ​สุดท้าย​แล้ว!","恭喜！\n你獲得另一階級的頭部和身體外觀：夜蓮！","Art/2DItems/Effects/NightLotusBodyHelmetPack.dds","Night Lotus Helmet (Tier 3) and Night Lotus Body Armour (Tier 4)","Casque du Lotus nocturne (Palier 3) et Armure du Lotus nocturne (Palier 4)","Nachtlotus-Helm (Level 3) und Nachtlotus-Körperrüstung (Level 4)","夜の睡蓮のヘルメット (ティア3)および夜の睡蓮のアーマー (ティア4)","밤의 연꽃 투구 (3등급) 및 밤의 연꽃 갑옷 (4등급)","Elmo da Lotus Noturna (Tier 3) e Peitoral da Lotus Noturna (Tier 4)","Шлем ночного лотоса (3 уровень) и нательный доспех ночного лотоса (4 уровень)","Casco de Loto nocturno (nivel 3) y Armadura de Loto nocturno (nivel 4)","หมวก Night Lotus (ระดับ 3) และเสื้อเกราะ Night Lotus (ระดับ 4)","頭部外觀：夜蓮（T3）和身體外觀：夜蓮（T4）",""
242,61,4,[4430],0,"Congratulations! You earned the Mischievous Hawker Gloves!\nThe appearance of this glove improves as you complete 20 and 33 challenges.","Félicitations ! Vous avez remporté les Gants du Charlatan malicieux !\n L'apparence de ces gants s'améliore lorsque vous terminez 20 et 33 défis.","Glückwunsch!\nDu hast die Mikrotransaktion 'Schelmischer Händler'-Handschuhe freigespielt!\nDas Erscheinungsbild verbessert sich mit dem Abschluss von 20 und 33 Herausforderungen.","おめでとうございます！いたずら行商人のグローブを獲得しました\nこのグローブの見た目はチャンレンジを20、33個完了すると向上します。","축하합니다! 짓궂은 행상 장갑을 획득했습니다!\n이 장갑의 외형은 도전과제를 20개, 33개 완료하는 시점에 더 멋있어집니다.","Parabéns! Você recebeu as Luvas do Mercador Maldoso!\nA aparência destas luvas será melhorada quando você completar 20 e 33 desafios.","Поздравляем!\nВы получили перчатки озорного барахольщика! Внешний вид этих перчаток  меняется по завершении вами 20 и 33 испытаний.","¡Felicitaciones! ¡Has conseguido los Guantes de Buhonero pícaro!\nLa apariencia de estos guantes mejorará cuando completes 20 y 33 desafíos.","ยินดี​ด้วย! คุณ​ได้​รับถุงมือ Mischievous Hawker แล้ว! ถุงมือ​นี้​จะ​มี​รูปลักษณ์​ที่​ดี​ขึ้น​เมื่อ​คุณ​ผ่าน​ภารกิจ​ท้าทาย 26 และ 33 ภารกิจ","恭喜！你獲得手部外觀：淘氣小販！\n此手部外觀會在你完成 20 和 33 個挑戰時進化。","Art/2DItems/Effects/gloves/KrampusGloves.dds","Mischievous Hawker Gloves (Tier 1)","Gants du Charlatan malicieux (Palier 1)","Schelmischer Händler'-Handschuhe (Level 1)","いたずら行商人のグローブ (ティア1)","짓궂은 행상 장갑 (1등급)","Luvas do Mercador Maldoso (Tier 1)","Перчатки озорного барахольщика (1 уровень)","Guantes de Buhonero pícaro (nivel 1)","ถุงมือ Mischievous Hawker (ระดับ 1)","手部外觀：淘氣小販（T1）","MischievousHawkerGloves"
243,61,8,[4431],0,"Congratulations! You earned the Mischievous Hawker Body Armour!\nThe appearance of this body armour improves as you complete 22, 28 and 36 challenges.","Félicitations ! Vous avez remporté l'Armure du Charlatan malicieux !\n L'apparence de cette armure s'améliore lorsque vous terminez 22, 28 et 36 défis.","Glückwunsch!\nDu hast die Mikrotransaktion 'Schelmischer Händler'-Körperrüstung freigespielt!\nDas Erscheinungsbild verbessert sich mit dem Abschluss von 22, 28 und 36 Herausforderungen.","おめでとうございます！いたずら行商人のアーマーを獲得しました\nこのアーマーの見た目はチャンレンジを22、28、36個完了すると向上します。","축하합니다! 짓궂은 행상 갑옷을 획득했습니다!\n이 갑옷의 외형은 도전과제를 22개, 28개, 36개 완료하는 시점에 더 멋있어집니다.","Parabéns! Você recebeu o Peitoral do Mercador Maldoso!\nA aparência deste peitoral será melhorada quando você completar 22, 28 e 36 desafios.","Поздравляем!\nВы получили нательный доспех озорного барахольщика!\nВнешний вид этого нательного доспеха меняется по завершении вами 22, 28 и 36 испытаний.","¡Felicitaciones! ¡Has conseguido la Armadura de Buhonero pícaro!\nLa apariencia de esta armadura mejorará cuando completes 22, 28 y 36 desafíos.","ยินดี​ด้วย! คุณ​ได้​รับเสื้อเกราะ Mischievous Hawker แล้ว! เสื้อเกราะ​นี้​จะ​มี​รูปลักษณ์​ที่​ดี​ขึ้น​เมื่อ​คุณ​ผ่าน​ภารกิจ​ท้าทาย 22, 28 36 ภารกิจ","恭喜！你獲得身體外觀：淘氣小販！\n此身體外觀會在你完成 22、28 和 36 個挑戰時進化。","Art/2DItems/Effects/BodyArmour/KrampusBody.dds","Mischievous Hawker Body Armour (Tier 1)","Armure du Charlatan malicieux (Palier 1)","'Schelmischer Händler'-Körperrüstung (Level 1)","いたずら行商人のアーマー (ティア1)","짓궂은 행상 갑옷 (1등급)","Peitoral do Mercador Maldoso (Tier 1)","Нательный доспех озорного барахольщика (1 уровень)","Armadura de Buhonero pícaro (nivel 1)","เสื้อเกราะ Mischievous Hawker (ระดับ 1)","身體外觀：淘氣小販（T1）","MischievousHawkerBodyArmour"
244,61,12,[4428],0,"Congratulations! You earned the Mischievous Hawker Helmet!\nThe appearance of this helmet improves as you complete 24 and 38 challenges.","Félicitations ! Vous avez remporté le Casque du Charlatan malicieux !\n L'apparence de ce casque s'améliore lorsque vous terminez 24 et 38 défis.","Glückwunsch!\nDu hast die Mikrotransaktion 'Schelmischer Händler'-Helm freigespielt!\nDas Erscheinungsbild verbessert sich mit dem Abschluss von 24 und 38 Herausforderungen.","おめでとうございます！いたずら行商人のヘルメットを獲得しました\nこのヘルメットの見た目はチャンレンジを24、38個完了すると向上します。","축하합니다! 짓궂은 행상 투구를 획득했습니다!\n이 투구의 외형은 도전과제를 24개, 38개 완료하는 시점에 더 멋있어집니다.","Parabéns! Você recebeu o Elmo do Mercador Maldoso!\nA aparência deste elmo será melhorada quando você completar 24 e 38 desafios.","Поздравляем!\nВы получили шлем озорного барахольщика!\nВнешний вид этого шлема меняется по завершении вами 24 и 38 испытаний.","¡Felicitaciones! ¡Has conseguido el Casco de Buhonero pícaro!\nLa apariencia de este casco mejorará cuando completes 24 y 38 desafíos.","ยินดี​ด้วย! คุณ​ได้​รับ​หมวก Mischievous Hawker แล้ว! หมวก​นี้​จะ​มี​รูปลักษณ์​ที่​ดี​ขึ้น​เมื่อ​คุณ​ผ่าน​ภารกิจ​ท้าทาย 24 และ 38 ภารกิจ","恭喜！你獲得頭部外觀：淘氣小販！\n此頭部外觀會在你完成 24 和 38 個挑戰時進化。","Art/2DItems/Effects/Hats/KrampusHelmet.dds","Mischievous Hawker Helmet (Tier 1)","Casque du Charlatan malicieux (Palier 1)","'Schelmischer Händler'-Helm (Level 1)","いたずら行商人のヘルメット (ティア1)","짓궂은 행상 투구 (1등급)","Elmo do Mercador Maldoso (Tier 1)","Шлем озорного барахольщика (1 уровень)","Casco de Buhonero pícaro (nivel 1)","หมวก Mischievous Hawker (ระดับ 1)","頭部外觀：淘氣小販（T1）","MischievousHawkerHelmet"
245,61,16,[4429],0,"Congratulations! You earned the Mischievous Hawker Boots!","Félicitations ! Vous avez remporté les Bottes du Charlatan malicieux !","Glückwunsch!\nDu hast die Mikrotransaktion 'Schelmischer Händler'-Stiefel freigespielt!","おめでとうございます！いたずら行商人のブーツを獲得しました。","축하합니다! 짓궂은 행상 장화를 획득했습니다!","Parabéns! Você recebeu as Botas do Mercador Maldoso!","Поздравляем!\nВы получили сапоги озорного барахольщика!","¡Felicitaciones! ¡Has conseguido las Botas de Buhonero pícaro!","ยินดี​ด้วย! คุณ​ได้​รับ​รองเท้า Mischievous Hawker แล้ว!","恭喜！你獲得腳部外觀：淘氣小販！","Art/2DItems/Effects/shoes/KrampusBoots.dds","","Casque du Krampus (Palier 1)","Krampus-Helm (Level 1)","お茶目な鷹匠のヘルメット (ティア1)","크람푸스 투구 (1등급)","","","Casco de Krampus (nivel 1)","หมวก Krampus (ระดับ 1)","","MischievousHawkerBoots"
246,61,19,[5671],3,"Congratulations! You earned the Necropolis Totem!\nThe more challenges you complete, the bigger it gets!","Félicitations ! Vous avez remporté le Totem Necropolis !\nPlus vous réussirez de défis, plus il grandira !","Glückwunsch!\nDu hast das Necropolis-Totem freigespielt!\nSchließe mehr Herausforderungen ab, um weitere Stufen zu erhalten!","おめでとうございます！Necropolisトーテムを獲得しました！\nさらにチャレンジを完了することで大きくなります！","축하합니다! 네크로폴리스 토템을 획득했습니다!\n이 토템은 도전과제를 많이 완료할수록 커집니다!","Parabéns! Você ganhou o Totem Necropolis!\nQuanto mais desafios ruthless você completar, maior ele fica!","Поздравляем!\nВы получили часть тотема Некрополя!\nЗавершайте больше испытаний, чтобы получить оставшиеся части тотема!","¡Felicitaciones! ¡Has conseguido el Tótem de Necropolis!\n¡Cuantos más desafíos completes, más grande será!","ยินดีด้วย! คุณ​ได้​รับ​​เสาอนุสรณ์ Necropolis แล้ว! ยิ่ง​คุณ​ผ่าน​ภารกิจ​ท้าทาย​มาก​เท่า​ไหร่ เสา​อนุสรณ์​ก็​จะ​ยิ่ง​สูง​ขึ้น​เท่านั้น!","恭喜！你獲得魔影墓場圖騰！\n你完成越多挑戰，圖騰就越長！","","","","","","","","","","","","HideoutTotemPole33"
247,61,20,[],0,"Congratulations!\nYou earned another tier of the Mischievous Hawker Gloves!","Félicitations ! Vous avez remporté un autre palier des Gants du Charlatan malicieux !","Glückwunsch!\nDu hast einen weiteren Level der Mikrotransaktion 'Schelmischer Händler'-Handschuhe freigespielt!","おめでとうございます！\n第二段階のいたずら行商人のグローブを獲得しました！","축하합니다!\n짓궂은 행상 장갑이 1등급 올랐습니다!","Parabéns! Você ganhou mais um tier das Luvas do Mercador Maldoso!","Поздравляем!\nВы получили ещё один уровень перчаток озорного барахольщика!","¡Felicitaciones!\n¡Has conseguido otro nivel de los Guantes de Buhonero pícaro!","ยินดี​ด้วย! คุณ​ได้​รับ​​ถุงมือ Mischievous Hawker ระดับ​ใหม่​แล้ว!","恭喜！\n你獲得另一階級的手部外觀：淘氣小販！","Art/2DItems/Effects/gloves/KrampusGloves.dds","Mischievous Hawker Gloves (Tier 2)","Gants du Charlatan malicieux (Palier 2)","Schelmischer Händler'-Handschuhe (Level 2)","いたずら行商人のグローブ (ティア2)","짓궂은 행상 장갑 (2등급)","Luvas do Mercador Maldoso (Tier 2)","Перчатки озорного барахольщика (2 уровень)","Guantes de Buhonero pícaro (nivel 2)","ถุงมือ Mischievous Hawker (ระดับ 2)","手部外觀：淘氣小販（T2）",""
248,61,22,[],0,"Congratulations!\nYou earned another tier of the Mischievous Hawker Body Armour!","Félicitations ! Vous avez remporté un autre palier de l'Armure du Charlatan malicieux !","Glückwunsch!\nDu hast einen weiteren Level der Mikrotransaktion 'Schelmischer Händler'-Körperrüstung freigespielt!","おめでとうございます！\n第二段階のいたずら行商人のアーマーを獲得しました！","축하합니다!\n짓궂은 행상 갑옷이 1등급 올랐습니다!","Parabéns! Você ganhou mais um tier do Peitoral do Mercador Maldoso!","Поздравляем!\nВы получили ещё один уровень нательного доспеха озорного барахольщика!","¡Felicitaciones!\n¡Has conseguido otro nivel de la Armadura de Buhonero pícaro!","ยินดี​ด้วย! คุณ​ได้​รับ​​เสื้อเกราะ Mischievous Hawker ระดับ​ใหม่​แล้ว!","恭喜！\n你獲得另一階級的身體外觀：淘氣小販！","Art/2DItems/Effects/BodyArmour/KrampusBody.dds","Mischievous Hawker Body Armour (Tier 2)","Armure du Charlatan malicieux (Palier 2)","'Schelmischer Händler'-Körperrüstung (Level 2)","いたずら行商人のアーマー (ティア2)","짓궂은 행상 갑옷 (2등급)","Peitoral do Mercador Maldoso (Tier 2)","Нательный доспех озорного барахольщика (2 уровень)","Armadura de Buhonero pícaro (nivel 2)","เสื้อเกราะ Mischievous Hawker (ระดับ 2)","身體外觀：淘氣小販（T2）",""
249,61,24,[],0,"Congratulations!\nYou earned another tier of the Mischievous Hawker Helmet!","Félicitations ! Vous avez remporté un autre palier du Casque du Charlatan malicieux !","Glückwunsch!\nDu hast einen weiteren Level der Mikrotransaktion 'Schelmischer Händler'-Helm freigespielt!","おめでとうございます！\n第二段階のいたずら行商人のヘルメットを獲得しました！","축하합니다!\n짓궂은 행상 투구가 1등급 올랐습니다!","Parabéns! Você ganhou mais um tier do Elmo do Mercador Maldoso!","Поздравляем!\nВы получили ещё один уровень шлема озорного барахольщика!","¡Felicitaciones!\n¡Has conseguido otro nivel del Casco de Buhonero pícaro!","ยินดี​ด้วย! คุณ​ได้​รับ​​หมวก Mischievous Hawker ระดับ​ใหม่​แล้ว!","恭喜！\n你獲得另一階級的頭部外觀：淘氣小販！","Art/2DItems/Effects/Hats/KrampusHelmet.dds","Mischievous Hawker Helmet (Tier 2)","Casque du Charlatan malicieux (Palier 2)","'Schelmischer Händler'-Helm (Level 2)","いたずら行商人のヘルメット (ティア2)","짓궂은 행상 투구 (2등급)","Elmo do Mercador Maldoso (Tier 2)","Шлем озорного барахольщика (2 уровень)","Casco de Buhonero pícaro (nivel 2)","หมวก Mischievous Hawker (ระดับ 2)","頭部外觀：淘氣小販（T2）",""
250,61,26,[],0,"Congratulations!\nYou earned the final tier of the Mischievous Hawker Boots!","Félicitations ! Vous avez remporté le palier final des Bottes du Charlatan malicieux !","Glückwunsch!\nDu hast den letzten Level der Mikrotransaktion 'Schelmischer Händler'-Stiefel freigespielt!","おめでとうございます！\n第三段階のいたずら行商人のアーマーを獲得しました！","축하합니다!\n짓궂은 행상 장화가 최종 등급에 도달했습니다!","Parabéns! Você ganhou o último tier das Botas do Mercador Maldoso!","Поздравляем!\nВы получили последний уровень сапог озорного барахольщика!","¡Felicitaciones!\n¡Has conseguido el nivel final de las Botas de Buhonero pícaro!","ยินดี​ด้วย! คุณ​ได้​รับรองเท้า Mischievous Hawker ระดับ​สุดท้าย​แล้ว!","恭喜！\n你獲得最終階級的腳部外觀：淘氣小販！","Art/2DItems/Effects/BodyArmour/KrampusBody.dds","Mischievous Hawker Body Armour (Tier 3)","Armure du Charlatan malicieux (Palier 3)","'Schelmischer Händler'-Körperrüstung (Level 3)","いたずら行商人のアーマー (ティア3)","짓궂은 행상 갑옷 (3등급)","Peitoral do Mercador Maldoso (Tier 3)","Нательный доспех озорного барахольщика (3 уровень)","Armadura de Buhonero pícaro (nivel 3)","เสื้อเกราะ Mischievous Hawker (ระดับ 3)","身體外觀：淘氣小販（T3）",""
251,61,28,[],0,"Congratulations!\nYou earned another tier of the Mischievous Hawker Helmet!","Félicitations ! Vous avez remporté un autre palier du Casque du Charlatan malicieux !","Glückwunsch!\nDu hast einen weiteren Level der Mikrotransaktion 'Schelmischer Händler'-Helm freigespielt!","おめでとうございます！\n第三段階のいたずら行商人のヘルメットを獲得しました！","축하합니다!\n짓궂은 행상 투구가 1등급 올랐습니다!","Parabéns! Você ganhou mais um tier do Elmo do Mercador Maldoso!","Поздравляем!\nВы получили ещё один уровень шлема озорного барахольщика!","¡Felicitaciones!\n¡Has conseguido otro nivel del Casco de Buhonero pícaro!","ยินดี​ด้วย! คุณ​ได้​รับ​​หมวก Mischievous Hawker ระดับ​ใหม่​แล้ว!","恭喜！\n你獲得另一階級的頭部外觀：淘氣小販！","Art/2DItems/Effects/Hats/KrampusHelmet.dds","Mischievous Hawker Helmet (Tier 3)","Casque du Charlatan malicieux (Palier 3)","'Schelmischer Händler'-Helm (Level 3)","いたずら行商人のヘルメット (ティア3)","짓궂은 행상 투구 (3등급)","Elmo do Mercador Maldoso (Tier 3)","Шлем озорного барахольщика (3 уровень)","Casco de Buhonero pícaro (nivel 3)","หมวก Mischievous Hawker (ระดับ 3)","頭部外觀：淘氣小販（T3）",""
252,61,32,[],0,"Congratulations!\nYou earned the final tier of the Mischievous Hawker Gloves!","Félicitations ! Vous avez remporté le palier final des Gants du Charlatan malicieux !","Glückwunsch!\nDu hast den letzten Level der Mikrotransaktion 'Schelmischer Händler'-Handschuhe freigespielt!","おめでとうございます！\n最終段階のいたずら行商人のグローブを獲得しました！","축하합니다!\n짓궂은 행상 장갑이 최종 등급에 도달했습니다!","Parabéns! Você ganhou mais um tier das Luvas do Mercador Maldoso!","Поздравляем!\nВы получили последний уровень перчаток озорного барахольщика!","¡Felicitaciones!\n¡Has conseguido el nivel final de los Guantes de Buhonero pícaro!","ยินดี​ด้วย! คุณ​ได้​รับถุงมือ Mischievous Hawker ระดับ​สุดท้าย​แล้ว!","恭喜！\n你獲得最終階級的手部外觀：淘氣小販！","Art/2DItems/Effects/gloves/KrampusGloves.dds","Mischievous Hawker Gloves (Tier 3)","Gants du Charlatan malicieux (Palier 3)","Schelmischer Händler'-Handschuhe (Level 3)","いたずら行商人のグローブ (ティア3)","짓궂은 행상 장갑 (3등급)","Luvas do Mercador Maldoso (Tier 3)","Перчатки озорного барахольщика (3 уровень)","Guantes de Buhonero pícaro (nivel 3)","ถุงมือ Mischievous Hawker (ระดับ 3)","手部外觀：淘氣小販（T3）",""
253,61,35,[],0,"Congratulations!\nYou earned the final tier of the Mischievous Hawker Body Armour!","Félicitations ! Vous avez remporté le palier final de l'Armure du Charlatan malicieux !","Glückwunsch!\nDu hast den letzten Level der Mikrotransaktion 'Schelmischer Händler'-Körperrüstung freigespielt!","おめでとうございます！\n最終段階のいたずら行商人のアーマーを獲得しました！","축하합니다!\n짓궂은 행상 갑옷이 최종 등급에 도달했습니다!","Parabéns! Você ganhou mais um tier do Peitoral do Mercador Maldoso!","Поздравляем!\nВы получили последний уровень нательного доспеха озорного барахольщика!","¡Felicitaciones!\n¡Has conseguido el nivel final de la Armadura de Buhonero pícaro!","ยินดี​ด้วย! คุณ​ได้​รับเสื้อเกราะ Mischievous Hawker ระดับ​สุดท้าย​แล้ว!","恭喜！\n你獲得最終階級的身體外觀：淘氣小販！","Art/2DItems/Effects/BodyArmour/KrampusBody.dds","Mischievous Hawker Body Armour (Tier 4)","Armure du Charlatan malicieux (Palier 4)","'Schelmischer Händler'-Körperrüstung (Level 4)","いたずら行商人のアーマー (ティア4)","짓궂은 행상 갑옷 (4등급)","Peitoral do Mercador Maldoso (Tier 4)","Нательный доспех озорного барахольщика (4 уровень)","Armadura de Buhonero pícaro (nivel 4)","เสื้อเกราะ Mischievous Hawker (ระดับ 4)","身體外觀：淘氣小販（T4）",""
254,61,38,[],0,"Congratulations!\nYou earned the final tier of the Mischievous Hawker Helmet!","Félicitations ! Vous avez remporté le palier final du Casque du Charlatan malicieux !","Glückwunsch!\nDu hast die Mikrotransaktion 'Schelmischer Händler'-Helm freigespielt!","おめでとうございます！\n最終段階のいたずら行商人のヘルメットを獲得しました！","축하합니다!\n짓궂은 행상 투구가 최종 등급에 도달했습니다!","Parabéns! Você ganhou o último tier do Elmo do Mercador Maldoso!","Поздравляем!\nВы получили последний уровень шлема озорного барахольщика!","¡Felicitaciones!\n¡Has conseguido el nivel final del Casco de Buhonero pícaro!","ยินดี​ด้วย! คุณ​ได้​รับ​หมวก Mischievous Hawker ระดับ​สุดท้าย​แล้ว!","恭喜！\n你獲得最終階級的頭部外觀：淘氣小販！","Art/2DItems/Effects/Hats/KrampusHelmet.dds","Mischievous Hawker Helmet (Tier 4)","Casque du Charlatan malicieux (Palier 4)","'Schelmischer Händler'-Helm (Level 4)","いたずら行商人のヘルメット (ティア4)","짓궂은 행상 투구 (4등급)","Elmo do Mercador Maldoso (Tier 4)","Шлем озорного барахольщика (4 уровень)","Casco de Buhonero pícaro (nivel 4)","หมวก Mischievous Hawker (ระดับ 4)","頭部外觀：淘氣小販（T4）",""
255,62,1,[5673],1,"Congratulations! You earned the Ruthless Necropolis Totem!\nThe more ruthless challenges you complete, the bigger it gets!","Félicitations ! Vous avez remporté le Totem Necropolis (Ruthless) !\nPlus vous réussirez de défis en Ruthless, plus il grandira !","Glückwunsch!\nDu hast das Erbarmunglos-Necropolis-Totem freigespielt!\nSchließe mehr Herausforderungen im Modus Erbarmungslos ab, um weitere Stufen zu erhalten!","おめでとうございます！ルースレスNecropolisトーテムを獲得しました！\nさらにルースレスチャレンジを完了することで大きくなります！","축하합니다! 무자비 네크로폴리스 토템을 획득했습니다!\n이 토템은 무자비 도전과제를 많이 완료할수록 커집니다!","Parabéns! Você ganhou o Totem Necropolis Ruthless!\nQuanto mais desafios ruthless você completar, maior ele fica!","Поздравляем!\nВы получили часть тотема Беспощадного Некрополя!\nЗавершайте больше испытаний, чтобы получить оставшиеся части тотема!","¡Felicitaciones! ¡Has conseguido el Tótem de Necropolis de Ruthless!\n¡Cuantos más desafíos de Ruthless completes, más grande será!","ยินดี​ด้วย! คุณ​ได้รับ​​เสา​อนุสรณ์ Ruthless Necropolis แล้ว! ยิ่ง​คุณ​ผ่าน​ภารกิจ​ท้าทาย Ruthless มาก​เท่า​ไหร่ เสา​อนุสรณ์​ก็​จะ​ยิ่ง​สูง​ขึ้น​เท่านั้น!","恭喜！你獲得魔影墓場．殘暴圖騰！\n你完成越多挑戰，圖騰就越長！","","","","","","","","","","","","HideoutRuthlessTotemPole33"
256,62,2,"[4428,4429,4430,4431]",0,"Congratulations! You earned the Mischievous Hawker Armour Set!\nThe more ruthless challenges you complete, the more impressive they get!","Félicitations ! Vous avez remporté l'Ensemble d'armure du Charlatan malicieux !\nPlus vous réussirez de défis en Ruthless, plus il sera impressionnant !","Glückwunsch!\nDu hast die Mikrotransaktion 'Schelmischer Händler'-Körperrüstung freigespielt!\nDas Erscheinungsbild verbessert sich, je mehr Herausforderungen du in \""Erbarmungslos\"" abschließt!","おめでとうございます！いたずら行商人の防具セットを獲得しました！\nさらにルースレスチャレンジを完了することで、より豪華になります！","축하합니다! 짓궂은 행상 방어구 세트를 획득했습니다!\n방어구 세트는 도전과제를 많이 완료할수록 멋있어 집니다!","Parabéns! Você recebeu o Peitoral do Mercador Maldoso!\nQuanto mais desafios Ruthless você completar, mais impressionante ele fica!","Поздравляем!\nВы получили набор доспехов озорного барахольщика!\nВнешний вид этого набора меняется по завершении вами большего числа испытаний в Беспощадном режиме!","¡Felicitaciones! ¡Has conseguido el Set de armadura de Buhonero pícaro!\nCuantos más desafíos de Ruthless completes, ¡más impresionante será!","ยินดี​ด้วย! คุณ​ได้​รับ​​ชุด​เกราะเซ็ต Mischievous Hawker แล้ว! ยิ่ง​คุณ​ผ่าน​ภารกิจ​ท้าทาย Ruthless มาก​เท่า​ไหร่ มัน​ยิ่ง​งดงาม​ขึ้น​เท่านั้น!","恭喜！你獲得淘氣小販組合包！\n你完成越多挑戰，它的外觀就會變得越華麗！","Art/2DItems/Effects/ArmourSet/KrampusArmour.dds","Mischievous Hawker Armour Set","Ensemble d'armure du Charlatan malicieux","'Schelmischer Händler'-Körperrüstung","いたずら行商人の防具セット","짓궂은 행상 방어구 세트","Conjunto de Armadura do Mercador Maldoso","Набор доспехов озорного барахольщика","Set de armadura de Buhonero pícaro","ชุดเกราะเซ็ต Mischievous Hawker","淘氣小販組合包","NecropolisChallengeBundle"
257,62,3,[],0,"Congratulations!\nYou earned another tier of the Mischievous Hawker Gloves!","Félicitations ! Vous avez remporté un autre palier des Gants du Charlatan malicieux !","Glückwunsch!\nDu hast die Mikrotransaktion 'Schelmischer Händler'-Handschuhe freigespielt!","おめでとうございます！\n第二段階のいたずら行商人のグローブを獲得しました！","축하합니다!\n짓궂은 행상 장갑이 1등급 올랐습니다!","Parabéns! Você ganhou mais um tier das Luvas do Mercador Maldoso!","Поздравляем!\nВы получили ещё один уровень перчаток озорного барахольщика!","¡Felicitaciones!\n¡Has conseguido otro nivel de los Guantes de Buhonero pícaro!","ยินดี​ด้วย! คุณ​ได้​รับ​​ถุงมือ Mischievous Hawker ระดับ​ใหม่​แล้ว!","恭喜！\n你獲得另一階級的手部外觀：淘氣小販！","Art/2DItems/Effects/gloves/KrampusGloves.dds","Mischievous Hawker Gloves (Tier 2)","Gants du Charlatan malicieux (Palier 2)","Schelmischer Händler'-Handschuhe (Level 2)","いたずら行商人のグローブ (ティア2)","짓궂은 행상 장갑 (2등급)","Luva do Mercador Maldoso (Tier 2)","Перчатки озорного барахольщика (2 уровень)","Guantes de Buhonero pícaro (nivel 2)","ถุงมือ Mischievous Hawker (ระดับ 2)","手部外觀：淘氣小販（T2）",""
258,62,4,[],0,"Congratulations!\nYou earned another tier of the Mischievous Hawker Body Armour and Mischievous Hawker Helmet!","Félicitations ! Vous avez remporté un autre palier de l'Armure du Charlatan malicieux et du Casque du Charlatan malicieux !","Glückwunsch!\nDu hast einen weiteren Level der Mikrotransaktionen 'Schelmischer Händler'-Körperrüstung' und 'Schelmischer Händler'-Helm freigespielt!","おめでとうございます！\n第二段階のいたずら行商人のアーマーおよびいたずら行商人のヘルメットを獲得しました！","축하합니다!\n짓궂은 행상 갑옷과 짓궂은 행상 투구가 1등급 올랐습니다!","Parabéns! Você ganhou mais um tier do Peitoral e Elmo do Mercador Maldoso!","Поздравляем!\nВы получили ещё один уровень нательного доспеха озорного барахольщика и шлема озорного барахольщика!","¡Felicitaciones!\n¡Has conseguido otro nivel de la Armadura y el Casco de Buhonero pícaro!","ยินดี​ด้วย! คุณ​ได้​รับ​เสื้อเกราะ Mischievous Hawker และ​หมวก Mischievous Hawker ระดับ​ใหม่​แล้ว!","恭喜！你獲得另一階級的身體外觀和頭部外觀：淘氣小販！","Art/2DItems/Effects/KrampusBodyHelmetPack.dds","Mischievous Hawker Body Armour (Tier 2) and Mischievous Hawker Helmet (Tier 2)","Armure du Charlatan malicieux (Palier 2) et Casque du Charlatan malicieux (Palier 2)","'Schelmischer Händler'-Körperrüstung (Level 2) und 'Schelmischer Händler'-Helm (Level 2)","いたずら行商人のアーマー (ティア2)およびいたずら行商人のヘルメット (ティア2)","짓궂은 행상 갑옷 (2등급) 및 짓궂은 행상 투구 (2등급)","Peitoral do Mercador Maldoso (Tier 2) e Elmo do Mercador Maldoso (Tier 2)","Нательный доспех озорного барахольщика (2 уровень) и шлем озорного барахольщика (2 уровень)","Armadura de Buhonero pícaro (nivel 2) y Casco de Buhonero pícaro (nivel 2)","เสื้อเกราะ Mischievous Hawker (ระดับ 2) และหมวก Mischievous Hawker (ระดับ 2)","身體和頭部外觀：淘氣小販（T2）",""
259,62,5,[],0,"Congratulations!\nYou earned another tier of the Mischievous Hawker Body Armour!","Félicitations ! Vous avez remporté un autre palier de l'Armure du Charlatan malicieux !","Glückwunsch!\nDu hast den letzten Level der Mikrotransaktion 'Schelmischer Händler'-Körperrüstung freigespielt!","おめでとうございます！\n第三段階のいたずら行商人のアーマーを獲得しました！","축하합니다!\n짓궂은 행상 갑옷이 1등급 올랐습니다!","Parabéns! Você ganhou mais um tier do Peitoral do Mercador Maldoso!","Поздравляем!\nВы получили ещё один уровень нательного доспеха озорного барахольщика!","¡Felicitaciones!\n¡Has conseguido otro nivel de la Armadura de Buhonero pícaro!","ยินดี​ด้วย! คุณ​ได้​รับเสื้อเกราะ Mischievous Hawker ระดับ​สุดท้าย​แล้ว!","恭喜！你獲得另一階級的身體外觀：淘氣小販！","Art/2DItems/Effects/BodyArmour/KrampusBody.dds","Mischievous Hawker Body Armour (Tier 3)","Armure du Charlatan malicieux (Palier 3)","'Schelmischer Händler'-Körperrüstung (Level 3)","いたずら行商人のアーマー (ティア3)","짓궂은 행상 갑옷 (3등급)","Peitoral do Mercador Maldoso (Tier 3)","Нательный доспех озорного барахольщика (3 уровень)","Armadura de Buhonero pícaro (nivel 3)","เสื้อเกราะ Mischievous Hawker (ระดับ 3)","身體外觀：淘氣小販（T3）",""
260,62,6,[],0,"Congratulations!\nYou earned the final tier of the Mischievous Hawker Gloves and another tier of the Mischievous Hawker Helmet!","Félicitations ! Vous avez remporté le palier final des Gants du Charlatan malicieux et un autre palier du Casque du Charlatan malicieux!","Glückwunsch!\nDu hast einen weiteren Level der Mikrotransaktion 'Schelmischer Händler'-Handschuhe und 'Schelmischer Händler'-Helm freigespielt!","おめでとうございます！\n最終段階のいたずら行商人のグローブおよび第三段階のいたずら行商人のヘルメットを獲得しました！","축하합니다!\n짓궂은 행상 장갑이 최종 등급에 도달하고 짓궂은 행상 투구가 1등급 올랐습니다!","Parabéns! Você ganhou o último tier das Luvas do Mercador Maldoso e mais um tier do Elmo do Mercador Maldoso!","Поздравляем!\nВы получили последний уровень перчаток озорного барахольщика и ещё один уровень шлема озорного барахольщика!","¡Felicitaciones!\n¡Has conseguido el nivel final de los Guantes de Buhonero pícaro y otro nivel del Casco de Buhonero pícaro!","ยินดี​ด้วย! คุณ​ได้​รับ​ถุงมือ Mischievous Hawker ระดับ​สุดท้าย​และ​หมวก Mischievous Hawker ระดับ​ใหม่​แล้ว!","恭喜！\n你獲得另一階級的頭部外觀和最終階級的手部外觀：淘氣小販！","Art/2DItems/Effects/KrampusGlovesHelmetPack.dds","Mischievous Hawker Gloves (Tier 3) and Mischievous Hawker Helmet (Tier 3)","Gants du Charlatan malicieux (Palier 3) et Casque du Charlatan malicieux (Palier 3)","Schelmischer Händler'-Handschuhe (Level 3) und 'Schelmischer Händler'-Helm (Level 3)","いたずら行商人のグローブ (ティア3)およびいたずら行商人のヘルメット (ティア3)","짓궂은 행상 장갑 (3등급) 및 짓궂은 행상 투구 (3등급)","Luvas do Mercador Maldoso (Tier 3) e Elmo do Mercador Maldoso (Tier 3)","Перчатки озорного барахольщика (3 уровень) и шлем озорного барахольщика (3 уровень)","Guantes de Buhonero pícaro (nivel 3) y Casco de Buhonero pícaro (nivel 3)","ถุงมือ Mischievous Hawker (ระดับ 3) และหมวก Mischievous Hawker (ระดับ 3)","手部和頭部外觀：淘氣小販（T3）",""
261,62,7,[],0,"Congratulations!\nYou earned the final tier of the Mischievous Hawker Body Armour!","Félicitations ! Vous avez remporté le palier final de l'Armure du Charlatan malicieux !","Glückwunsch!\nDu hast den letzten Level der Mikrotransaktion 'Schelmischer Händler'-Körperrüstung freigespielt!","おめでとうございます！\n最終段階のいたずら行商人のアーマーを獲得しました！","축하합니다!\n짓궂은 행상 갑옷이 최종 등급에 도달했습니다!","Parabéns! Você ganhou o último tier do Peitoral do Mercador Maldoso!","Поздравляем!\nВы получили последний уровень нательного доспеха озорного барахольщика!","¡Felicitaciones!\n¡Has conseguido el nivel final de la Armadura de Buhonero pícaro!","ยินดี​ด้วย! คุณ​ได้​รับเสื้อเกราะ Mischievous Hawker ระดับสุดท้าย​แล้ว!","恭喜！\n你獲得最終階級的身體外觀：淘氣小販！","Art/2DItems/Effects/BodyArmour/KrampusBody.dds","Mischievous Hawker Body Armour (Tier 4)","Armure du Charlatan malicieux (Palier 4)","'Schelmischer Händler'-Körperrüstung (Level 4)","いたずら行商人のアーマー (ティア4)","짓궂은 행상 갑옷 (4등급)","Peitoral do Mercador Maldoso (Tier 4)","Нательный доспех озорного барахольщика (4 уровень)","Armadura de Buhonero pícaro (nivel 4)","เสื้อเกราะ Mischievous Hawker (ระดับ 4)","身體外觀：淘氣小販（T4）",""
262,62,8,[],0,"Congratulations!\nYou earned the final tier of the Mischievous Hawker Helmet!","Félicitations ! Vous avez remporté le palier final du Casque du Charlatan malicieux !","Glückwunsch!\nDu hast den letzten Level der Mikrotransaktion 'Schelmischer Händler'-Helm freigespielt!","おめでとうございます！\n最終段階のいたずら行商人のヘルメットを獲得しました！","축하합니다!\n짓궂은 행상 투구가 최종 등급에 도달했습니다!","Parabéns! Você ganhou o último tier do Elmo do Mercador Maldoso!","Поздравляем!\nВы получили последний уровень шлема озорного барахольщика!","¡Felicitaciones!\n¡Has conseguido el nivel final del Casco de Buhonero pícaro!","ยินดี​ด้วย! คุณ​ได้​รับหมวก Mischievous Hawker ระดับสุดท้าย​แล้ว!","恭喜！\n你獲得最終階級的頭部外觀：淘氣小販！","Art/2DItems/Effects/KrampusBodyHelmetPack.dds","Mischievous Hawker Helmet (Tier 4)","Casque du Charlatan malicieux (Palier 4)","'Schelmischer Händler'-Helm (Level 4)","いたずら行商人のヘルメット (ティア4)","짓궂은 행상 투구 (4등급)","Elmo do Mercador Maldoso (Tier 4)","Шлем озорного барахольщика (4 уровень)","Casco de Buhonero pícaro (nivel 4)","หมวก Mischievous Hawker (ระดับ 4)","頭部外觀：淘氣小販（T4）",""
263,63,12,[4508],0,"Congratulations!\nYou earned the Runebind Weapon Effect!","Félicitations ! Vous avez remporté l'Effet d'arme : Lien runique !","Glückwunsch!\nDu hast die Mikrotransaktion 'Runenbinder-Waffeneffekt' freigespielt!","おめでとうございます！ルーンバインド武器エフェクトを獲得しました！","축하합니다!\n룬결속 무기 이펙트를 획득했습니다!","Parabéns!\nVocê ganhou o Efeito: Arma Rúnica","Поздравляем!\nВы получили эффект оружия рунической вязи!","¡Felicitaciones!\n¡Has conseguido el Efecto de Vinculación de runas para arma!","ยินดี​ด้วย! คุณ​ได้​รับ​เอฟเฟคอาวุธ​ตรึง​อักขระ​แล้ว!","恭喜！\n你獲得武器特效：符文結合！","","","","","","","","","","","","RunebindWeaponEffect"
264,63,19,[5675],3,"Congratulations! You earned the Settlers Totem!\nThe more challenges you complete, the bigger it gets!","Félicitations ! Vous avez remporté le Totem Settlers !\nPlus vous réussirez de défis, plus il grandira !","Du hast das Settlers-Totem freigespielt!\nSchließe mehr Herausforderungen ab, um weitere davon zu erhalten!","おめでとうございます！Settlersトーテムを獲得しました！\nさらにチャレンジを完了することで大きくなります！","축하합니다! 정착자들 토템을 획득했습니다!\n이 토템은 도전과제를 많이 완료할수록 커집니다!","Parabéns! Você ganhou o Totem da Colonos!\nQuanto mais desafios você completar, maior ele fica!","Поздравляем!\nВы получили часть тотема Поселенцев!\nЗавершайте больше испытаний, чтобы получить оставшиеся части тотема!","¡Felicitaciones! ¡Has conseguido el Tótem de Settlers!\n¡Cuantos más desafíos completes, más grande será!","ยินดี​ด้วย! คุณ​ได้รับ​​เสา​อนุสรณ์ Settlers แล้ว! ยิ่ง​คุณ​ผ่าน​ภารกิจ​ท้าทาย Settlers มาก​เท่า​ไหร่ เสา​อนุสรณ์​ก็​จะ​ยิ่ง​สูง​ขึ้น​เท่านั้น!","恭喜！你獲得拓荒者圖騰！\n你完成越多挑戰，圖騰就越長！","","","","","","","","","","","","HideoutTotemPole34"
265,63,24,[4564],0,"Congratulations!\nYou earned the Rune Character Effect!","Félicitations ! Vous avez remporté l'Effet de personnage runique !","Glückwunsch!\nDu hast die Mikrotransaktion 'Runenbinder-Charaktereffekt' freigespielt!","おめでとうございます！ルーンバインドキャラクターエフェクトを獲得しました！","축하합니다!\n룬 캐릭터 이펙트를 획득했습니다!","Parabéns!\nVocê ganhou o Efeito: Personagem Rúnico","Поздравляем!\nВы получили рунный эффект персонажа!","¡Felicitaciones!\n¡Has conseguido el Efecto de Runa para el personaje!","ยินดี​ด้วย! คุณ​ได้​รับ​เอฟเฟคตัวละคร​อักขระ​แล้ว!","恭喜！\n你獲得角色特效：符文！","","","","","","","","","","","","RuneCharacterEffect"
266,63,32,[4563],0,"Congratulations!\nYou earned the Kalguuran Cloak!","Félicitations ! Vous avez remporté la Cape kalguurienne !","Glückwunsch!\nDu hast die Mikrotransaktion 'Kalguurischer Umhang' freigespielt!","おめでとうございます！カルグールのマントを獲得しました！","축하합니다!\n칼구르 망토를 획득했습니다!","Parabéns!\nVocê ganhou a Capa Kalguuran","Поздравляем!\nВы получили калгууранский плащ!","¡Felicitaciones!\n¡Has conseguido la Capa Kalgurana!","ยินดี​ด้วย! คุณ​ได้​รับ​ผ้าคลุม​คาลเกอร์​​แล้ว!","恭喜！\n你獲得卡爾葛披風！","","","","","","","","","","","","KalguuranCloak"
267,63,34,[4507],0,"Congratulations!\nYou earned the Verisium Knight Unique Finisher Effect!","Félicitations ! Vous avez remporté l'Effet de mise à mort : Chevalier de Vérisium !","Glückwunsch!\nDu hast die Mikrotransaktion 'Verisium-Ritter-Vollstreckereffekt' freigespielt!","おめでとうございます！ヴェリシウムの騎士ユニークフィニッシャーエフェクトを獲得しました！","축하합니다!\n베리시움 기사 고유 마무리 이펙트를 획득했습니다!","Parabéns!\nVocê ganhou o Efeito Finalizador de Únicos: Cavaleiro de Verísio","Поздравляем!\nВы получили эффект добивания уникальных врагов веризиевого рыцаря!","¡Felicitaciones!\n¡Has conseguido el Efecto de remate único de Caballero de verisium!","ยินดี​ด้วย! คุณ​ได้​รับ​เอฟเฟค​ปลิดชีพ​ยูนิค อัศวิน​เวรีเซียม​​แล้ว!","恭喜！\n你獲得傳奇終結特效：維里西姆騎士！","","","","","","","","","","","","VerisiumKnightUniqueFinisherEffect"
268,63,36,[4562],0,"Congratulations!\nYou earned the Kingsmarch Portal Effect!","Félicitations ! Vous avez remporté le Portail de Marcheroi !","Glückwunsch!\nDu hast die Mikrotransaktion 'Königsmark-Portaleffekt' freigespielt!","おめでとうございます！キングスマーチポータルエフェクトを獲得しました！","축하합니다!\n킹스마치 포탈 이펙트를 획득했습니다!","Parabéns!\nVocê ganhou o Portal de Kingsmarch","Поздравляем!\nВы получили портал Кингсмарша!","¡Felicitaciones!\n¡Has conseguido el Efecto de Marca del rey para portal!","ยินดี​ด้วย! คุณ​ได้​รับ​เอฟเฟควาร์ป​คิงส์มาร์ช​​แล้ว!","恭喜！\n你獲得時空之門．金司馬區！","","","","","","","","","","","","KingsmarchPortalEffect"
269,64,1,[5677],1,"Congratulations! You earned the Ruthless Settlers Totem!\nThe more ruthless challenges you complete, the bigger it gets!","Félicitations ! Vous avez remporté le Totem Settlers (Ruthless) !\nPlus vous réussirez de défis en Ruthless, plus il grandira !","Glückwunsch!\nDu hast das Erbarmunglos-Settlers-Totem freigespielt!\nSchließe mehr Herausforderungen im Modus Erbarmungslos ab, um weitere Stufen zu erhalten!","おめでとうございます！ルースレスSettlersトーテムを獲得しました！\nさらにルースレスチャレンジを完了することで大きくなります！","축하합니다! 무자비 정착자들 토템을 획득했습니다!\n이 토템은 도전과제를 많이 완료할수록 커집니다!","Parabéns!\nVocê ganhou o Totem da Colonos Ruthless!\nQuanto mais desafios ruthless você completar, maior ele fica!","Поздравляем!\nВы получили часть тотема Беспощадных Поселенцев!\nЗавершайте больше испытаний, чтобы получить оставшиеся части тотема!","¡Felicitaciones! ¡Has conseguido el Tótem de Settlers de Ruthless!\n¡Cuantos más desafíos de Ruthless completes, más grande será!","ยินดี​ด้วย! คุณ​ได้รับ​​เสา​อนุสรณ์ Ruthless Settlers แล้ว! ยิ่ง​คุณ​ผ่าน​ภารกิจ​ท้าทาย Ruthless Settlers มาก​เท่า​ไหร่ เสา​อนุสรณ์​ก็​จะ​ยิ่ง​สูง​ขึ้น​เท่านั้น!","恭喜！你獲得拓荒者．殘暴圖騰！\n你完成越多挑戰，圖騰就越長！","","","","","","","","","","","","HideoutRuthlessTotemPole34"
270,64,2,[4508],0,"Congratulations!\nYou earned the Runebind Weapon Effect!","Félicitations ! Vous avez remporté l'Effet d'arme : Lien runique !","Glückwunsch!\nDu hast die Mikrotransaktion 'Runenbinder-Waffeneffekt' freigespielt!","おめでとうございます！ルーンバインド武器エフェクトを獲得しました！","축하합니다!\n룬결속 무기 이펙트를 획득했습니다!","Parabéns!\nVocê ganhou o Efeito: Arma Rúnica","Поздравляем!\nВы получили эффект оружия рунической вязи!","¡Felicitaciones!\n¡Has conseguido el Efecto de Vinculación de runas para arma!","ยินดี​ด้วย! คุณ​ได้​รับ​เอฟเฟคอาวุธ​ตรึง​อักขระ​แล้ว!","恭喜！\n你獲得武器特效：符文結合！","","","","","","","","","","","","RunebindWeaponEffect"
271,64,4,[4564],0,"Congratulations!\nYou earned the Rune Character Effect!","Félicitations ! Vous avez remporté l'Effet de personnage runique !","Glückwunsch!\nDu hast die Mikrotransaktion 'Runenbinder-Charaktereffekt' freigespielt!","おめでとうございます！ルーンバインドキャラクターエフェクトを獲得しました！","축하합니다!\n룬 캐릭터 이펙트를 획득했습니다!","Parabéns!\nVocê ganhou o Efeito: Personagem Rúnico","Поздравляем!\nВы получили рунный эффект персонажа!","¡Felicitaciones!\n¡Has conseguido el Efecto de Runa para el personaje!","ยินดี​ด้วย! คุณ​ได้​รับ​เอฟเฟคตัวละคร​อักขระ​แล้ว!","恭喜！\n你獲得角色特效：符文！","","","","","","","","","","","","RuneCharacterEffect"
272,64,6,[4563],0,"Congratulations!\nYou earned the Kalguuran Cloak!","Félicitations ! Vous avez remporté la Cape kalguurienne !","Glückwunsch!\nDu hast die Mikrotransaktion 'Kalguurischer Umhang' freigespielt!","おめでとうございます！カルグールのマントを獲得しました！","축하합니다!\n칼구르 망토를 획득했습니다!","Parabéns!\nVocê ganhou a Capa Kalguuran","Поздравляем!\nВы получили калгууранский плащ!","¡Felicitaciones!\n¡Has conseguido la Capa Kalgurana!","ยินดี​ด้วย! คุณ​ได้​รับ​ผ้าคลุม​คาลเกอร์​​แล้ว!","恭喜！\n你獲得卡爾葛披風！","","","","","","","","","","","","KalguuranCloak"
273,64,7,[4507],0,"Congratulations!\nYou earned the Verisium Knight Unique Finisher Effect!","Félicitations ! Vous avez remporté l'Effet de mise à mort : Chevalier de Vérisium !","Glückwunsch!\nDu hast die Mikrotransaktion 'Verisium-Ritter-Vollstreckereffekt' freigespielt!","おめでとうございます！ヴェリシウムの騎士ユニークフィニッシャーエフェクトを獲得しました！","축하합니다!\n베리시움 기사 고유 마무리 이펙트를 획득했습니다!","Parabéns!\nVocê ganhou o Efeito Finalizador de Únicos: Cavaleiro de Verísio","Поздравляем!\nВы получили эффект добивания уникальных врагов веризиевого рыцаря!","¡Felicitaciones!\n¡Has conseguido el Efecto de remate único de Caballero de verisium!","ยินดี​ด้วย! คุณ​ได้​รับ​เอฟเฟค​ปลิดชีพ​ยูนิค อัศวิน​เวรีเซียม​​แล้ว!","恭喜！\n你獲得傳奇終結特效：維里西姆騎士！","","","","","","","","","","","","VerisiumKnightUniqueFinisherEffect"
274,64,8,[4562],0,"Congratulations!\nYou earned the Kingsmarch Portal Effect!","Félicitations ! Vous avez remporté le Portail de Marcheroi !","Glückwunsch!\nDu hast die Mikrotransaktion 'Königsmark-Portaleffekt' freigespielt!","おめでとうございます！キングスマーチポータルエフェクトを獲得しました！","축하합니다!\n킹스마치 포탈 이펙트를 획득했습니다!","Parabéns!\nVocê ganhou o Portal de Kingsmarch","Поздравляем!\nВы получили портал Кингсмарша!","¡Felicitaciones!\n¡Has conseguido el Efecto de Marca del rey para portal!","ยินดี​ด้วย! คุณ​ได้​รับ​เอฟเฟควาร์ป​คิงส์มาร์ช​​แล้ว!","恭喜！\n你獲得時空之門．金司馬區！","","","","","","","","","","","","KingsmarchPortalEffect"
275,65,1,[],0,"Congratulations!\nYou earned a Settlers Mystery Box!","Félicitations ! Vous avez remporté une Boîte mystère Settlers !","Herzlichen Glückwunsch!\nDu hast eine Settlers-Überraschungskiste gewonnen!","おめでとうございます!\nセトラーズミステリーボックスを獲得しました！","축하합니다!\n정착자들 미스터리 박스를 획득하셨습니다!","Parabéns!\nVocê ganhou uma Caixa Misteriosa dos Colonos!","Поздравляем!\nВы получили Загадочную коробку Поселенцев!","¡Felicitaciones!\n¡Has conseguido una Caja misteriosa de Settlers!","ยินดีด้วย! คุณ​ได้​รับ​กล่อง​ปริศนา Settlers 1 กล่อง​แล้ว!","恭喜！你獲得一個拓荒者神秘寶箱！","Art/2DItems/Effects/MysteryChest/SettlersMysteryBox.dds","Settlers Mystery Box","Boîte mystère Settlers","Settlers-Überraschungskiste","セトラーズミステリーボックス","정착자들 미스터리 박스","Caixa Misteriosa dos Colonos","Загадочная коробка Поселенцев","Caja misteriosa de Settlers","กล่องปริศนา Settlers","拓荒者神秘寶箱","MysteryPackSettlersBox"
276,66,1,[],0,"Congratulations!\nYou earned a Settlers Mystery Box!","Félicitations ! Vous avez remporté une Boîte mystère Settlers !","Herzlichen Glückwunsch!\nDu hast eine Settlers-Überraschungskiste gewonnen!","おめでとうございます!\nセトラーズミステリーボックスを獲得しました！","축하합니다!\n정착자들 미스터리 박스를 획득하셨습니다!","Parabéns!\nVocê ganhou uma Caixa Misteriosa dos Colonos!","Поздравляем!\nВы получили Загадочную коробку Поселенцев!","¡Felicitaciones!\n¡Has conseguido una Caja misteriosa de Settlers!","ยินดีด้วย! คุณ​ได้​รับ​กล่อง​ปริศนา Settlers 1 กล่อง​แล้ว!","恭喜！你獲得一個拓荒者神秘寶箱！","Art/2DItems/Effects/MysteryChest/SettlersMysteryBox.dds","Settlers Mystery Box","Boîte mystère Settlers","Settlers-Überraschungskiste","セトラーズミステリーボックス","정착자들 미스터리 박스","Caixa Misteriosa dos Colonos","Загадочная коробка Поселенцев","Caja misteriosa de Settlers","กล่องปริศนา Settlers","拓荒者神秘寶箱","MysteryPackSettlersBox"
277,67,1,[6855],0,"Congratulations!\nYou earned the Autumn Knight Boots!","Félicitations ! Vous avez remporté les Bottes du Chevalier d'Automne !","Glückwunsch!\nDu hast die Mikrotransaktion 'Herbstritter-Stiefel' freigespielt!","おめでとうございます!\n秋の騎士のブーツを獲得しました！","축하합니다!\n가을 기사 장화를 획득했습니다!","Parabéns!\nVocê ganhou as Botas do Cavaleiro Outonal!","Поздравляем!\nВы получили сапоги Рыцаря осени!","¡Felicitaciones!\n¡Has conseguido las Botas de caballero del otoño!","ยินดี​ด้วย! คุณ​ได้​รับ​รองเท้า Autumn Knight ​แล้ว!","恭喜！\n你獲得腳部外觀：秋季騎士！","","","","","","","","","","","","AutumnKnightBoots"
278,67,2,[6856],0,"Congratulations!\nYou earned the Autumn Knight Gloves!","Félicitations ! Vous avez remporté les Gants du Chevalier d'Automne !","Glückwunsch!\nDu hast die Mikrotransaktion 'Herbstritter-Handschuhe' freigespielt!","おめでとうございます!\n秋の騎士のグローブを獲得しました！","축하합니다!\n가을 기사 장갑을 획득했습니다!","Parabéns!\nVocê ganhou as Luvas do Cavaleiro Outonal!","Поздравляем!\nВы получили перчатки Рыцаря осени!","¡Felicitaciones!\n¡Has conseguido los Guantes de caballero del otoño!","ยินดี​ด้วย! คุณ​ได้​รับ​ถุงมือ Autumn Knight ​แล้ว!","恭喜！\n你獲得手部外觀：秋季騎士！","","","","","","","","","","","","AutumnKnightGloves"
279,67,3,[6857],0,"Congratulations!\nYou earned the Autumn Knight Body Armour!","Félicitations ! Vous avez remporté l'Armure du Chevalier d'Automne !","Glückwunsch!\nDu hast die Mikrotransaktion 'Herbstritter-Körperrüstung' freigespielt!","おめでとうございます!\n秋の騎士のアーマーを獲得しました！","축하합니다!\n가을 기사 갑옷을 획득했습니다!","Parabéns!\nVocê ganhou o Peitoral do Cavaleiro Outonal!","Поздравляем!\nВы получили нательный доспех Рыцаря осени!","¡Felicitaciones!\n¡Has conseguido la Armadura de caballero del otoño!","ยินดี​ด้วย! คุณ​ได้​รับ​เสื้อเกราะ Autumn Knight ​แล้ว!","恭喜！\n你獲得身體外觀：秋季騎士！","","","","","","","","","","","","AutumnKnightBodyArmour"
280,67,4,[6854],0,"Congratulations!\nYou earned the Autumn Knight Helmet!","Félicitations ! Vous avez remporté le Casque du Chevalier d'Automne !","Glückwunsch!\nDu hast die Mikrotransaktion 'Herbstritter-Helm' freigespielt!","おめでとうございます!\n秋の騎士のヘルメットを獲得しました！","축하합니다!\n가을 기사 투구를 획득했습니다!","Parabéns!\nVocê ganhou o Elmo do Cavaleiro Outonal!","Поздравляем!\nВы получили шлем Рыцаря осени!","¡Felicitaciones!\n¡Has conseguido el Casco de caballero del otoño!","ยินดี​ด้วย! คุณ​ได้​รับ​หมวก Autumn Knight ​แล้ว!","恭喜！\n你獲得頭部外觀：秋季騎士！","","","","","","","","","","","","AutumnKnightHelmet"
281,68,12,[6957],0,"Congratulations!\nYou earned the Watcher's Wrath Boots!","Félicitations !\nVous avez remporté les Bottes de la Fureur du Guetteur !","Glückwunsch!\nDu hast die Mikrotransaktion 'Zorn des Wächters'-Stiefel freigespielt!","おめでとうございます!\n見つめる者の憤怒のブーツを獲得しました！","축하합니다!\n감시자의 진노 장화를 획득했습니다!","Parabéns!\nVocê ganhou as Botas da Fúria do Vigia!","Поздравляем!\nВы получили сапоги Ярости Хранителя!","¡Felicitaciones!\n¡Has conseguido las Botas de la Ira del guardián!","ยินดี​ด้วย! คุณ​ได้​รับ​รองเท้า Watcher's Wrath ​แล้ว!","恭喜！\n你獲得腳部外觀：看守者之怒！","","","","","","","","","","","","WatchersWrathBoots"
282,68,20,[6958],0,"Congratulations!\nYou earned the Watcher's Wrath Gloves!","Félicitations !\nVous avez remporté les Gants de la Fureur du Guetteur !","Glückwunsch!\nDu hast die Mikrotransaktion 'Zorn des Wächters'-Handschuhe freigespielt!","おめでとうございます!\n見つめる者の憤怒のグローブを獲得しました！","축하합니다!\n감시자의 진노 장갑을 획득했습니다!","Parabéns!\nVocê ganhou as Luvas da Fúria do Vigia!","Поздравляем!\nВы получили перчатки Ярости Хранителя!","¡Felicitaciones!\n¡Has conseguido los Guantes de la Ira del guardián!","ยินดี​ด้วย! คุณ​ได้​รับ​ถุงมือ Watcher's Wrath ​แล้ว!","恭喜！\n你獲得手部外觀：看守者之怒！","","","","","","","","","","","","WatchersWrathGloves"
283,68,28,[6959],0,"Congratulations!\nYou earned the Watcher's Wrath Body Armour!","Félicitations !\nVous avez remporté l'Armure de la Fureur du Guetteur !","Glückwunsch!\nDu hast die Mikrotransaktion 'Zorn des Wächters'-Körperrüstung freigespielt!","おめでとうございます!\n見つめる者の憤怒のアーマーを獲得しました！","축하합니다!\n감시자의 진노 갑옷을 획득했습니다!","Parabéns!\nVocê ganhou o Peitoral da Fúria do Vigia!","Поздравляем!\nВы получили нательный доспех Ярости Хранителя!","¡Felicitaciones!\n¡Has conseguido la Armadura de la Ira del guardián!","ยินดี​ด้วย! คุณ​ได้​รับ​เสื้อเกราะ Watcher's Wrath ​แล้ว!","恭喜！\n你獲得身體外觀：看守者之怒！","","","","","","","","","","","","WatchersWrathBodyArmour"
284,68,36,[6956],0,"Congratulations!\nYou earned the Watcher's Wrath Helmet!","Félicitations !\nVous avez remporté le Casque de la Fureur du Guetteur !","Glückwunsch!\nDu hast die Mikrotransaktion 'Zorn des Wächters'-Helm freigespielt!","おめでとうございます!\n見つめる者の憤怒のヘルメットを獲得しました！","축하합니다!\n감시자의 진노 투구를 획득했습니다!","Parabéns!\nVocê ganhou o Elmo da Fúria do Vigia!","Поздравляем!\nВы получили шлем Ярости Хранителя!","¡Felicitaciones!\n¡Has conseguido el Casco de la Ira del guardián!","ยินดี​ด้วย! คุณ​ได้​รับ​หมวก Watcher's Wrath ​แล้ว!","恭喜！\n你獲得頭部外觀：看守者之怒！","","","","","","","","","","","","WatchersWrathHelmet"
285,68,19,[6944],3,"Congratulations! You earned the Mercenaries Totem!\nThe more challenges you complete, the bigger it gets!","Félicitations ! Vous avez remporté le Totem Mercenaries !\nPlus vous réussirez de défis, plus il grandira !","Glückwunsch!\nDu hast das Mercenaries-Totem freigespielt!\nSchließe mehr Herausforderungen ab, um weitere Stufen zu erhalten!","おめでとうございます！Mercenariesトーテムを獲得しました！\nさらにチャレンジを完了することで大きくなります！","축하합니다! 용병 토템을 획득했습니다!\n이 토템은 도전과제를 많이 완료할수록 커집니다!","Parabéns!\nVocê ganhou o Totem dos Mercenários!\nQuanto mais desafios você completar, maior ele ficará!","Поздравляем!\nВы получили часть тотема Наёмников!\nЗавершайте больше испытаний, чтобы получить оставшиеся части тотема!","¡Felicitaciones! ¡Has conseguido el Tótem de Mercenaries!\n¡Cuantos más desafíos completes, más grande será!","ยินดี​ด้วย! คุณ​ได้รับ​​เสา​อนุสรณ์ Mercenaries แล้ว! ยิ่ง​คุณ​ผ่าน​ภารกิจ​ท้าทาย Mercenaries มาก​เท่า​ไหร่ เสา​อนุสรณ์​ก็​จะ​ยิ่ง​สูง​ขึ้น​เท่านั้น!","恭喜！你獲得傭兵圖騰！\n你完成越多挑戰，圖騰就越長！","","","","","","","","","","","","HideoutTotemPole35"
286,69,2,[6957],0,"Congratulations!\nYou earned the Watcher's Wrath Boots!","Félicitations !\nVous avez remporté les Bottes de la Fureur du Guetteur !","Glückwunsch!\nDu hast die Mikrotransaktion 'Zorn des Wächters'-Stiefel freigespielt!","おめでとうございます!\n見つめる者の憤怒のブーツを獲得しました！","축하합니다!\n감시자의 진노 장화를 획득했습니다!","Parabéns!\nVocê ganhou as Botas da Fúria do Vigia!","Поздравляем!\nВы получили сапоги Ярости Хранителя!","¡Felicitaciones!\n¡Has conseguido las Botas de la Ira del guardián!","ยินดี​ด้วย! คุณ​ได้​รับ​รองเท้า Watcher's Wrath ​แล้ว!","恭喜！\n你獲得腳部外觀：看守者之怒！","","","","","","","","","","","","WatchersWrathBoots"
287,69,4,[6958],0,"Congratulations!\nYou earned the Watcher's Wrath Gloves!","Félicitations !\nVous avez remporté les Gants de la Fureur du Guetteur !","Glückwunsch!\nDu hast die Mikrotransaktion 'Zornhandschuhe des Wächters' freigespielt!","おめでとうございます!\n見つめる者の憤怒のグローブを獲得しました！","축하합니다!\n감시자의 진노 장갑을 획득했습니다!","Parabéns!\nVocê ganhou as Luvas da Fúria do Vigia!","Поздравляем!\nВы получили перчатки Ярости Хранителя!","¡Felicitaciones!\n¡Has conseguido los Guantes de la Ira del guardián!","ยินดี​ด้วย! คุณ​ได้​รับ​ถุงมือ Watcher's Wrath ​แล้ว!","恭喜！\n你獲得手部外觀：看守者之怒！","","","","","","","","","","","","WatchersWrathGloves"
288,69,6,[6959],0,"Congratulations!\nYou earned the Watcher's Wrath Body Armour!","Félicitations !\nVous avez remporté l'Armure de la Fureur du Guetteur !","Glückwunsch!\nDu hast die Mikrotransaktion 'Zornkörperrüstung des Wächters' freigespielt!","おめでとうございます!\n見つめる者の憤怒のアーマーを獲得しました！","축하합니다!\n감시자의 진노 갑옷을 획득했습니다!","Parabéns!\nVocê ganhou o Peitoral da Fúria do Vigia!","Поздравляем!\nВы получили нательный доспех Ярости Хранителя!","¡Felicitaciones!\n¡Has conseguido la Armadura de la Ira del guardián!","ยินดี​ด้วย! คุณ​ได้​รับ​เสื้อเกราะ Watcher's Wrath ​แล้ว!","恭喜！\n你獲得身體外觀：看守者之怒！","","","","","","","","","","","","WatchersWrathBodyArmour"
289,69,8,[6956],0,"Congratulations!\nYou earned the Watcher's Wrath Helmet!","Félicitations !\nVous avez remporté le Casque de la Fureur du Guetteur !","Glückwunsch!\nDu hast die Mikrotransaktion 'Zornhelm des Wächters' freigespielt!","おめでとうございます!\n見つめる者の憤怒のヘルメットを獲得しました！","축하합니다!\n감시자의 진노 투구를 획득했습니다!","Parabéns!\nVocê ganhou o Elmo da Fúria do Vigia!","Поздравляем!\nВы получили шлем Ярости Хранителя!","¡Felicitaciones!\n¡Has conseguido el Casco de la Ira del guardián!","ยินดี​ด้วย! คุณ​ได้​รับ​หมวก Watcher's Wrath ​แล้ว!","恭喜！\n你獲得頭部外觀：看守者之怒！","","","","","","","","","","","","WatchersWrathHelmet"
290,69,1,[6946],1,"Congratulations! You earned the Ruthless Mercenaries Totem!\nThe more ruthless challenges you complete, the bigger it gets!","Félicitations ! Vous avez remporté le Totem Mercenaries (Ruthless) !\nPlus vous réussirez de défis en Ruthless, plus il grandira !","Glückwunsch!\nDu hast das Mercenaries-Totem in Erbarmungslos freigespielt!\nSchließe mehr Herausforderungen ab, um weitere Stufen zu erhalten!","おめでとうございます！ルースレスMercenariesトーテムを獲得しました！\nさらにルースレスチャレンジを完了することで大きくなります！","축하합니다! 무자비 용병 토템을 획득했습니다!\n이 토템은 도전과제를 많이 완료할수록 커집니다!","Parabéns!\nVocê ganhou o Totem dos Mercenários de Ruthless!\nQuanto mais desafios de Ruthless você completar, maior ele ficará!","Поздравляем!\nВы получили часть тотема Беспощадных Наёмников!\nЗавершайте больше испытаний, чтобы получить оставшиеся части тотема!","¡Felicitaciones! ¡Has conseguido el Tótem de Mercenaries de Ruthless!\n¡Cuantos más desafíos de Ruthless completes, más grande será!","ยินดี​ด้วย! คุณ​ได้รับ​​เสา​อนุสรณ์ Ruthless Mercenaries แล้ว! ยิ่ง​คุณ​ผ่าน​ภารกิจ​ท้าทาย Ruthless Mercenaries มาก​เท่า​ไหร่ เสา​อนุสรณ์​ก็​จะ​ยิ่ง​สูง​ขึ้น​เท่านั้น!","恭喜！你獲得傭兵．殘暴圖騰！\n你完成越多殘暴挑戰，圖騰就越長！","","","","","","","","","","","","HideoutRuthlessTotemPole35"
291,70,1,[6988],0,"Congratulations!\nYou earned a Mercenaries Gauntlet microtransaction!","Félicitations !\nVous avez remporté la microtransaction Gantelet Mercenaries !","Herzlichen Glückwunsch!\nDu hast eine Mikrotransaktion in Mercenaries-Gauntlet gewonnen!\r\n","おめでとうございます！\nマーセナリーガントレットマイクロトランザクションを獲得しました！","축하합니다!\n용병 건틀릿 포인트 아이템을 획득하셨습니다!","Parabéns!\nVocê ganhou uma microtransação Manoplas do Mercenário!","Поздравляем!\nВы получили перчатки Наёмников!","¡Felicitaciones!\n¡Has ganado una microtransacción de Guantelete de Mercenaries!","ยินดีด้วย! คุณ​ได้​รับ​สินค้าแฟชั่นถุงมือใหญ่ Mercenaries แล้ว!","恭喜！你獲得傭兵手套商城物品！","Art/2DItems/Effects/gloves/ZizeransGauntlet.dds","Mercenaries Gauntlet","Gantelet Mercenaries","Mercenaries-Gauntlet","マーセナリーガントレット","용병 건틀릿","Manopla do Mercenário","Перчатки Наёмников","Guantelete de Mercenaries","ถุงมือใหญ่ Mercenaries","傭兵手套","MercenariesGauntletGloves"
292,70,2,[],0,"Congratulations!\nYou earned a Dawn of the Hunt Mystery Box!","Félicitations !\nVous avez remporté une Boîte mystère Dawn of the Hunt !","Glückwunsch!\nDu hast eine Dawn of the Hunt Überraschungskiste freigespielt!","おめでとうございます！\nドーンオブザハントミステリーボックスを獲得しました！","축하합니다!\n사냥의 서막 미스터리 박스를 획득하셨습니다!","Parabéns!\nVocê ganhou uma caixa misteriosa Despertar da Caçada!","Поздравляем!\nВы получили Загадочную коробку Начала охоты!","¡Felicitaciones!\n¡Has ganado una caja misteriosa de Dawn of the Hunt!","ยินดีด้วย! คุณ​ได้​รับ​กล่อง​ปริศนา Dawn of the Hunt 1 กล่อง​แล้ว!","恭喜！你獲得 1 個狩獵黎明神秘寶箱！","Art/2DItems/Effects/MysteryChest/DawnoftheHuntMysteryBox.dds","Dawn of the Hunt Mystery Box","Boîte mystère Dawn of the Hunt","Dawn of the Hunt Überraschungskiste","ドーンオブザハントミステリーボックス","사냥의 서막 미스터리 박스","Caixa Misteriosa Despertar da Caçada","Загадочная коробка Начала охоты","Caja misteriosa de Dawn of the Hunt","กล่องปริศนา Dawn of the Hunt","狩獵黎明神秘寶箱","MysteryPackDawnoftheHuntBox"
293,71,19,[6948],3,"Congratulations! You earned the Keepers Totem!\nThe more challenges you complete, the bigger it gets!","Félicitations ! Vous avez remporté le Totem Keepers !\nPlus vous réussirez de défis, plus il grandira !","Glückwunsch!\nDu hast das Keepers-Totem freigespielt!\nSchließe mehr Herausforderungen ab, um weitere Stufen zu erhalten!","おめでとうございます！Keepersトーテムを獲得しました！\nさらにチャレンジを完了することで大きくなります！","축하합니다! 수호자들 토템을 획득했습니다!\n이 토템은 도전과제를 많이 완료할수록 커집니다!","Parabéns!\nVocê ganhou o Totem dos Protetores!\nQuanto mais desafios você completar, maior ele ficará!","Поздравляем!\nВы получили часть тотема Хранителей!\nЗавершайте больше испытаний, чтобы получить оставшиеся части тотема!","¡Felicitaciones! ¡Has conseguido el Tótem de Keepers!\n¡Cuantos más desafíos completes, más grande será!","ยินดี​ด้วย! คุณ​ได้รับ​​เสา​อนุสรณ์ Keepers แล้ว! ยิ่ง​คุณ​ผ่าน​ภารกิจ​ท้าทาย​มาก​เท่า​ไหร่ เสา​อนุสรณ์​ก็​จะ​ยิ่ง​สูง​ขึ้น​เท่านั้น!","恭喜！你獲得了無情黯焰看守者圖騰！\n完成的挑戰越多，圖騰就會越大！","","","","","","","","","","","","HideoutTotemPole36"
294,71,12,[7103],0,"Congratulations!\nYou earned the Keeper of the Flame Boots!","Félicitations !\nVous avez remporté les Bottes de Gardien de la Flamme !","Glückwunsch!\nDu hast die Mikrotransaktion 'Hüter der Flamme'-Stiefel freigespielt!","おめでとうございます！\n炎の守護者のブーツを獲得しました！","축하합니다!\n불길의 수호자 장화를 획득했습니다!","Parabéns!\nVocê ganhou as Botas do Protetor da Chama!","Поздравляем!\nВы получили сапоги Хранителя Пламени!","¡Felicitaciones!\n¡Has conseguido las Botas de Protector de la llama!","ยินดี​ด้วย! คุณ​ได้​รับ​รองเท้า Keeper of the Flame ​แล้ว!","恭喜！\n你獲得了黯焰看守者之靴！","","","","","","","","","","","","KeeperoftheFlameBoots"
295,71,20,[7104],0,"Congratulations!\nYou earned the Keeper of the Flame Gloves!","Félicitations !\nVous avez remporté les Gants de Gardien de la Flamme !","Glückwunsch!\nDu hast die Mikrotransaktion 'Hüter der Flamme'-Handschuhe freigespielt!","おめでとうございます！\n炎の守護者のグローブを獲得しました！","축하합니다!\n불길의 수호자 장갑을 획득했습니다!","Parabéns!\nVocê ganhou as Luvas do Protetor da Chama!","Поздравляем!\nВы получили перчатки Хранителя Пламени!","¡Felicitaciones!\n¡Has conseguido los Guantes de Protector de la llama!","ยินดี​ด้วย! คุณ​ได้​รับ​ถุงมือ Keeper of the Flame ​แล้ว!","恭喜！\n你獲得了黯焰看守者之手套！","","","","","","","","","","","","KeeperoftheFlameGloves"
296,71,28,[7105],0,"Congratulations!\nYou earned the Keeper of the Flame Body Armour!","Félicitations !\nVous avez remporté l'Armure de Gardien de la Flamme !","Glückwunsch!\nDu hast die Mikrotransaktion 'Hüter der Flamme'-Körperrüstung freigespielt!","おめでとうございます！\n炎の守護者のアーマーを獲得しました！","축하합니다!\n불길의 수호자 갑옷을 획득했습니다!","Parabéns!\nVocê ganhou o Peitoral do Protetor da Chama!","Поздравляем!\nВы получили нательный доспех Хранителя Пламени!","¡Felicitaciones!\n¡Has conseguido la Armadura de Protector de la llama!","ยินดี​ด้วย! คุณ​ได้​รับ​เสื้อเกราะ Keeper of the Flame แล้ว!","恭喜！\n你獲得了黯焰看守者之鎧！","","","","","","","","","","","","KeeperoftheFlameBodyArmour"
297,71,36,[7102],0,"Congratulations!\nYou earned the Keeper of the Flame Helmet!","Félicitations !\nVous avez remporté le Casque de Gardien de la Flamme !","Glückwunsch!\nDu hast die Mikrotransaktion 'Hüter der Flamme'-Helm freigespielt!","おめでとうございます！\n炎の守護者のヘルメットを獲得しました！","축하합니다!\n불길의 수호자 투구를 획득했습니다!","Parabéns!\nVocê ganhou o Elmo do Protetor da Chama!","Поздравляем!\nВы получили шлем Хранителя Пламени!","¡Felicitaciones!\n¡Has conseguido el Casco de Protector de la llama!","ยินดี​ด้วย! คุณ​ได้​รับ​หมวก Keeper of the Flame แล้ว!","恭喜！\n你獲得了黯焰看守者之盔！","","","","","","","","","","","","KeeperoftheFlameHelmet"
298,72,1,[6950],1,"Congratulations! You earned the Ruthless Keepers Totem!\nThe more challenges you complete, the bigger it gets!","Félicitations ! Vous avez remporté le Totem Keepers (Ruthless) !\nPlus vous réussirez de défis, plus il grandira !","Glückwunsch!\nDu hast das Keepers-Totem in Erbarmungslos freigespielt!\nSchließe mehr Herausforderungen ab, um weitere Stufen zu erhalten!","おめでとうございます！ルースレスKeepersトーテムを獲得しました！\nさらにチャレンジを完了することで大きくなります！","축하합니다! 무자비 수호자들 토템을 획득했습니다!\n이 토템은 도전과제를 많이 완료할수록 커집니다!","Parabéns!\nVocê ganhou o Totem dos Protetores Impiedoso!\nQuanto mais desafios você completar, maior ele ficará!","Поздравляем!\nВы получили часть тотема Беспощадных Хранителей!\nЗавершайте больше испытаний, чтобы получить оставшиеся части тотема!","¡Felicitaciones! ¡Has conseguido el Tótem de Keepers de Ruthless!\n¡Cuantos más desafíos de Ruthless completes, más grande será!","ยินดี​ด้วย! คุณ​ได้รับ​​เสา​อนุสรณ์ Ruthless Keepers แล้ว! ยิ่ง​คุณ​ผ่าน​ภารกิจ​ท้าทาย Ruthless มาก​เท่า​ไหร่ เสา​อนุสรณ์​ก็​จะ​ยิ่ง​สูง​ขึ้น​เท่านั้น!","恭喜！你獲得了無情黯焰看守者圖騰！\n完成的挑戰越多，圖騰就會越大！","","","","","","","","","","","","HideoutRuthlessTotemPole36"
299,72,2,[7103],0,"Congratulations!\nYou earned the Keeper of the Flame Boots!","Félicitations !\nVous avez remporté les Bottes de Gardien de la Flamme !","Glückwunsch!\nDu hast die Mikrotransaktion 'Hüter der Flamme'-Stiefel freigespielt!","おめでとうございます！\n炎の守護者のブーツを獲得しました！","축하합니다!\n불길의 수호자 장화를 획득했습니다!","Parabéns!\nVocê ganhou as Botas do Protetor da Chama!","Поздравляем!\nВы получили сапоги Хранителя Пламени!","¡Felicitaciones!\n¡Has conseguido las Botas de Protector de la llama!","ยินดี​ด้วย! คุณ​ได้​รับ​รองเท้า Keeper of the Flame ​แล้ว!","恭喜！\n你獲得了黯焰看守者之靴！","","","","","","","","","","","","KeeperoftheFlameBoots"
300,72,4,[7104],0,"Congratulations!\nYou earned the Keeper of the Flame Gloves!","Félicitations !\nVous avez remporté les Gants de Gardien de la Flamme !","Glückwunsch!\nDu hast die Mikrotransaktion 'Hüter der Flamme'-Handschuhe freigespielt!","おめでとうございます！\n炎の守護者のグローブを獲得しました！","축하합니다!\n불길의 수호자 장갑을 획득했습니다!","Parabéns!\nVocê ganhou as Luvas do Protetor da Chama!","Поздравляем!\nВы получили перчатки Хранителя Пламени!","¡Felicitaciones!\n¡Has conseguido los Guantes de Protector de la llama!","ยินดี​ด้วย! คุณ​ได้​รับ​ถุงมือ Keeper of the Flame ​แล้ว!","恭喜！\n你獲得了黯焰看守者之手套！","","","","","","","","","","","","KeeperoftheFlameGloves"
301,72,6,[7105],0,"Congratulations!\nYou earned the Keeper of the Flame Body Armour!","Félicitations !\nVous avez remporté l'Armure de Gardien de la Flamme !","Glückwunsch!\nDu hast die Mikrotransaktion 'Hüter der Flamme'-Körperrüstung freigespielt!","おめでとうございます！\n炎の守護者のアーマーを獲得しました！","축하합니다!\n불길의 수호자 갑옷을 획득했습니다!","Parabéns!\nVocê ganhou o Peitoral do Protetor da Chama!","Поздравляем!\nВы получили нательный доспех Хранителя Пламени!","¡Felicitaciones!\n¡Has conseguido la Armadura de Protector de la llama!","ยินดี​ด้วย! คุณ​ได้​รับ​เสื้อเกราะ Keeper of the Flame แล้ว!","恭喜！\n你獲得了黯焰看守者之鎧！","","","","","","","","","","","","KeeperoftheFlameBodyArmour"
302,72,8,[7102],0,"Congratulations!\nYou earned the Keeper of the Flame Helmet!","Félicitations !\nVous avez remporté le Casque de Gardien de la Flamme !","Glückwunsch!\nDu hast die Mikrotransaktion 'Hüter der Flamme'-Helm freigespielt!","おめでとうございます！\n炎の守護者のヘルメットを獲得しました！","축하합니다!\n불길의 수호자 투구를 획득했습니다!","Parabéns!\nVocê ganhou o Elmo do Protetor da Chama!","Поздравляем!\nВы получили шлем Хранителя Пламени!","¡Felicitaciones!\n¡Has conseguido el Casco de Protector de la llama!","ยินดี​ด้วย! คุณ​ได้​รับ​หมวก Keeper of the Flame แล้ว!","恭喜！\n你獲得了黯焰看守者之盔！","","","","","","","","","","","","KeeperoftheFlameHelmet"
303,73,1,[],0,"Congratulations!\nYou earned a Third Edict Mystery Box!","Félicitations !\nVous avez remporté une Boîte mystère The Third Edict !","Glückwunsch!\nDu hast eine Third Edict Überraschungskiste freigespielt!","おめでとうございます！\nサードエディクトミステリーボックスを獲得しました！","Congratulations!\nYou earned a Third Edict Mystery Box!","Parabéns!\nVocê ganhou uma caixa misteriosa The Third Edict!","Поздравляем!\nВы получили Загадочную коробку Третьего эдикта!","¡Felicitaciones!\n¡Has conseguido una Caja misteriosa de Third Edict!","ยินดีด้วย! คุณ​ได้​รับ​กล่อง​ปริศนา The Third Edict 1 กล่อง​แล้ว!","恭喜！\n你獲得了第三戒律神秘寶箱！","Art/2DItems/Effects/MysteryChest/TheThirdEdictMysteryBox.dds","Third Edict Mystery Box","Third Edict Mystery Box","Third Edict Mystery Box","Third Edict Mystery Box","Third Edict Mystery Box","Third Edict Mystery Box","Third Edict Mystery Box","Third Edict Mystery Box","Third Edict Mystery Box","Third Edict Mystery Box","MysteryPackTheThirdEdictBox"
