"rownum","Id","Name","Name (French)","Name (German)","Name (Japanese)","Name (Korean)","Name (Portuguese)","Name (Russian)","Name (Spanish)","Name (Thai)","Name (Traditional Chinese)","GrantedEffect","GrantedEffectHardmode","GrantedEffect2","GrantedEffect2Hardmode","SupportText","SupportText (French)","SupportText (German)","SupportText (Japanese)","SupportText (Korean)","SupportText (Portuguese)","SupportText (Russian)","SupportText (Spanish)","SupportText (Thai)","SupportText (Traditional Chinese)","SupportName","SupportName (French)","SupportName (German)","SupportName (Japanese)","SupportName (Korean)","SupportName (Portuguese)","SupportName (Russian)","SupportName (Spanish)","SupportName (Thai)","SupportName (Traditional Chinese)","GemTags","Consumed_ModsKey","ItemColor"
0,"Fireball","","","","","","","","","","",0,"","","","","","","","","","","","","","","","","","","","","","","","[11,25,5,4,14,0]","",5
1,"FireballAltX","[DNT] FireballAltX","[DNT] FireballAltX","[DNT] FireballAltX","[DNT] FireballAltX","[DNT] FireballAltX","[DNT] FireballAltX","[DNT] FireballAltX","[DNT] FireballAltX","[DNT] FireballAltX","[DNT] FireballAltX",1,"","","","","","","","","","","","","","","","","","","","","","","","[11,25,5,4,14]","",1
2,"FireballAltY","[DNT] FireballAltY","[DNT] FireballAltY","[DNT] FireballAltY","[DNT] FireballAltY","[DNT] FireballAltY","[DNT] FireballAltY","[DNT] FireballAltY","[DNT] FireballAltY","[DNT] FireballAltY","[DNT] FireballAltY",2,"","","","","","","","","","","","","","","","","","","","","","","","[11,25,5,4,14,0]","",2
3,"VaalFireball","","","","","","","","","","",3334,"",0,"","","","","","","","","","","","","","","","","","","","","","[11,25,5,4,14,24,0]","",5
4,"VaalFireballAltX","Vaal Fireball","Boule de feu vaal","Vaal-Feuerball","ヴァールファイヤーボール","바알 화염구","Bola de Fogo Vaal","Огненный шар ваал","Bola de fuego vaal","วาล์ บอลไฟ (Vaal Fireball)","瓦爾．火球",3334,"",1,"","","","","","","","","","","","","","","","","","","","","","[11,25,5,4,14,24,0]","",1
5,"VaalFireballAltY","Vaal Fireball","Boule de feu vaal","Vaal-Feuerball","ヴァールファイヤーボール","바알 화염구","Bola de Fogo Vaal","Огненный шар ваал","Bola de fuego vaal","วาล์ บอลไฟ (Vaal Fireball)","瓦爾．火球",3334,"",2,"","","","","","","","","","","","","","","","","","","","","","[11,25,5,4,14,24,0]","",2
6,"IceNova","","","","","","","","","","",64,"","","","","","","","","","","","","","","","","","","","","","","","[11,25,4,14,1,38]","",5
7,"IceNovaAltX","Ice Nova of Frostbolts","Nova de glace des Globes de givre","Eisnova der Frostkugeln","フロストボルトのアイスノヴァ","서리 구체의 얼음 폭발","Nova Glacial dos Disparos Congelantes","Кольцо льда морозных шаров","Nova de hielo de descarga de escarcha","น้ำแข็งกระจายแห่งบอลเยือกแข็ง (Ice Nova of Frostbolts)","冰霜新星．寒冰彈",65,"","","","","","","","","","","","","","","","","","","","","","","","[11,25,4,14,1,38]","",1
8,"IceNovaAltY","Ice Nova of Deep Freeze","Nova de glace du Gel intense","Eisnova der Tiefkühlung","急速冷凍のアイスノヴァ","결빙의 얼음 폭발","Nova Glacial do Congelamento Profundo","Кольцо льда замораживания","Nova de hielo de ultracongelación","น้ำแข็งกระจายแห่งการแช่แข็ง (Ice Nova of Deep Freeze)","冰霜新星．深層冰凍",66,"","","","","","","","","","","","","","","","","","","","","","","","[11,25,4,14,1,38]","",2
9,"Icefire","","","","","","","","","","",5826,"","","","","","","","","","","","","","","","","","","","","","","","[11,25,4,14,5]","",5
10,"VaalIceNova","","","","","","","","","","",76,"",64,"","","","","","","","","","","","","","","","","","","","","","[11,25,4,14,24,1,38]","",5
11,"VaalIceNovaAltX","Vaal Ice Nova","Nova de glace vaal","Vaal-Eisnova","ヴァールアイスノヴァ","바알 얼음 폭발","Nova Glacial Vaal","Кольцо льда ваал","Nova de hielo vaal","วาล์ น้ำแข็งกระจาย (Vaal Ice Nova)","瓦爾．冰霜新星",76,"",65,"","","","","","","","","","","","","","","","","","","","","","[11,25,4,14,24,1,38]","",1
12,"VaalIceNovaAltY","Vaal Ice Nova","Nova de glace vaal","Vaal-Eisnova","ヴァールアイスノヴァ","바알 얼음 폭발","Nova Glacial Vaal","Кольцо льда ваал","Nova de hielo vaal","วาล์ น้ำแข็งกระจาย (Vaal Ice Nova)","瓦爾．冰霜新星",76,"",66,"","","","","","","","","","","","","","","","","","","","","","[11,25,4,14,24,1,38]","",2
13,"LeapSlam","","","","","","","","","","",108,111,"","","","","","","","","","","","","","","","","","","","","","","[9,25,13,14,7,22,35,40]","",5
14,"LeapSlamAltX","Leap Slam of Groundbreaking","Bond percutant de la Dévastation","Sprunghieb der Erdspaltung","鍬入れのリープスラム","땅 분쇄의 도약 강타","Salto Impactante Quebra-solo","Наскок сотрясения","Salto con impacto de quebrantamiento","กระโจนทุบแห่งการทลายปฐพี (Leap Slam of Groundbreaking)","躍擊．地破",109,"","","","","","","","","","","","","","","","","","","","","","","","[9,25,13,14,7,22,35,40]","",1
15,"LeapSlamAltY","[DNT] LeapSlamAltY","[DNT] LeapSlamAltY","[DNT] LeapSlamAltY","[DNT] LeapSlamAltY","[DNT] LeapSlamAltY","[DNT] LeapSlamAltY","[DNT] LeapSlamAltY","[DNT] LeapSlamAltY","[DNT] LeapSlamAltY","[DNT] LeapSlamAltY",110,"","","","","","","","","","","","","","","","","","","","","","","","[9,25,13,14,7,22,35,40]","",2
16,"Riptide","","","","","","","","","","",5789,"","","","","","","","","","","","","","","","","","","","","","","","[11,25,4,14,5,1]","",5
17,"ChargedDash","","","","","","","","","","",9278,"","","","","","","","","","","","","","","","","","","","","","","","[10,25,22,14,30,13,7,2]","",5
18,"ChargedDashAltX","Charged Dash of Projection","Charge fulgurante de la Projection","Geladener Sprint der Projektion","投影のチャージドダッシュ","투영의 충전 질주","Impulso Energizado da Projeção","Заряженный рывок проекции","Embestida cargada de proyección","ชาร์จพลังพุ่งตัวแห่งการถอดจิต (Charged Dash)","雷霆衝鋒．投射",9279,"","","","","","","","","","","","","","","","","","","","","","","","[10,25,14,30,13,7,2]","",1
19,"ChargedDashAltY","[DNT] ChargedDashAltY","[DNT] ChargedDashAltY","[DNT] ChargedDashAltY","[DNT] ChargedDashAltY","[DNT] ChargedDashAltY","[DNT] ChargedDashAltY","[DNT] ChargedDashAltY","[DNT] ChargedDashAltY","[DNT] ChargedDashAltY","[DNT] ChargedDashAltY",9280,"","","","","","","","","","","","","","","","","","","","","","","","[10,25,22,14,30,13,7,2]","",2
20,"BladeFlurry","","","","","","","","","","",5807,"","","","","","","","","","","","","","","","","","","","","","","","[10,25,13,14,30,7]","",5
21,"BladeFlurryAltX","Blade Flurry of Incision","Déluge de lames de l'Incision","Klingentanz des Einschnitts","切開のブレードフラリィ","절개의 질풍의 칼날","Rajada de Lâminas da Incisão","Порыв клинков надреза","Aluvión de filos de incisión","เพลงดาบเกรียวกราวแห่งการลงมีด (Blade Flurry of Incision)","刀鋒亂舞．切割",5808,"","","","","","","","","","","","","","","","","","","","","","","","[47,10,25,13,14,30,7]","",1
22,"BladeFlurryAltY","[DNT] ChargedAttackAltY","[DNT] ChargedAttackAltY","[DNT] ChargedAttackAltY","[DNT] ChargedAttackAltY","[DNT] ChargedAttackAltY","[DNT] ChargedAttackAltY","[DNT] ChargedAttackAltY","[DNT] ChargedAttackAltY","[DNT] ChargedAttackAltY","[DNT] ChargedAttackAltY",5809,"","","","","","","","","","","","","","","","","","","","","","","","[10,25,13,14,30,7]","",2
23,"Sweep","","","","","","","","","","",116,"","","","","","","","","","","","","","","","","","","","","","","","[9,25,13,14,7,2]","",5
24,"SweepAltX","[DNT] SweepAltX","[DNT] SweepAltX","[DNT] SweepAltX","[DNT] SweepAltX","[DNT] SweepAltX","[DNT] SweepAltX","[DNT] SweepAltX","[DNT] SweepAltX","[DNT] SweepAltX","[DNT] SweepAltX",117,"","","","","","","","","","","","","","","","","","","","","","","","[9,25,13,14,7,2]","",1
25,"SweepAltY","[DNT] SweepAltY","[DNT] SweepAltY","[DNT] SweepAltY","[DNT] SweepAltY","[DNT] SweepAltY","[DNT] SweepAltY","[DNT] SweepAltY","[DNT] SweepAltY","[DNT] SweepAltY","[DNT] SweepAltY",118,"","","","","","","","","","","","","","","","","","","","","","","","[9,25,13,14,7,2]","",2
26,"DiscorectangleSlam","","","","","","","","","","",8557,"","","","","","","","","","","","","","","","","","","","","","","","[9,25,13,14,7]","",5
27,"VaalSweep","","","","","","","","","","",120,"","","","","","","","","","","","","","","","","","","","","","","","[9,25,13,14,7,24]","",5
28,"WandTeleport","","","","","","","","","","",5896,"","","","","","","","","","","","","","","","","","","","","","","","[25,4,5,22]","",5
29,"GroundSlam","","","","","","","","","","",9359,"","","","","","","","","","","","","","","","","","","","","","","","[9,25,13,14,7,40]","",5
30,"GroundSlamAltX","Ground Slam of Earthshaking","Fracas tellurique de la Secousse","Schmetterhieb der Erderschütterungen","動地のグラウンドスラム","지동의 대지 강타","Impacto Sísmico do Tremor","Сотрясение земли","Impacto sísmico de sacudida","ทุบพื้นแห่งแผ่นดินไหว (Ground Slam of Earthshaking)","裂地之擊．地震",9360,"","","","","","","","","","","","","","","","","","","","","","","","[9,25,13,14,7,40]","",1
31,"GroundSlamAltY","[DNT] GroundSlamAltY","[DNT] GroundSlamAltY","[DNT] GroundSlamAltY","[DNT] GroundSlamAltY","[DNT] GroundSlamAltY","[DNT] GroundSlamAltY","[DNT] GroundSlamAltY","[DNT] GroundSlamAltY","[DNT] GroundSlamAltY","[DNT] GroundSlamAltY",9361,"","","","","","","","","","","","","","","","","","","","","","","","[9,25,13,14,7,40]","",2
32,"VaalGroundSlam","","","","","","","","","","",9369,"",9359,"","","","","","","","","","","","","","","","","","","","","","[9,25,13,14,7,24,40]","",5
33,"VaalGroundSlamAltX","Vaal Ground Slam","Fracas tellurique vaal","Vaal-Schmetterhieb","ヴァールグラウンドスラム","바알 대지 강타","Impacto Sísmico Vaal","Сотрясение ваал","Impacto sísmico vaal","วาล์ ทุบพื้น (Vaal Ground Slam)","瓦爾．裂地之擊",9369,"",9360,"","","","","","","","","","","","","","","","","","","","","","[9,25,13,14,7,24,40]","",1
34,"VaalGroundSlamAltY","Vaal Ground Slam","Fracas tellurique vaal","Vaal-Schmetterhieb","ヴァールグラウンドスラム","바알 대지 강타","Impacto Sísmico Vaal","Сотрясение ваал","Impacto sísmico vaal","วาล์ ทุบพื้น (Vaal Ground Slam)","瓦爾．裂地之擊",9369,"",9361,"","","","","","","","","","","","","","","","","","","","","","[9,25,13,14,7,24,40]","",2
35,"Cleave","","","","","","","","","","",185,"","","","","","","","","","","","","","","","","","","","","","","","[9,25,13,14,7]","",5
36,"CleaveAltX","Cleave of Rage","Taillade de la Rage","Spalten des Rausches","憤怒のクリーヴ","격노의 회전베기","Cutilada da Fúria","Рассечение свирепости","Hendidura de furia","ปาดแห่งความคลั่ง (Cleave of Rage)","劈砍．盛怒",186,"","","","","","","","","","","","","","","","","","","","","","","","[9,25,13,14,7]","",1
37,"CleaveAltY","[DNT] CleaveAltY","[DNT] CleaveAltY","[DNT] CleaveAltY","[DNT] CleaveAltY","[DNT] CleaveAltY","[DNT] CleaveAltY","[DNT] CleaveAltY","[DNT] CleaveAltY","[DNT] CleaveAltY","[DNT] CleaveAltY",187,"","","","","","","","","","","","","","","","","","","","","","","","[9,25,13,14,7]","",2
38,"ShieldCharge","","","","","","","","","","",210,213,"","","","","","","","","","","","","","","","","","","","","","","[9,25,13,7,14,22,35,33]","",5
39,"ShieldChargeAltX","[DNT] ShieldChargeAltX","[DNT] ShieldChargeAltX","[DNT] ShieldChargeAltX","[DNT] ShieldChargeAltX","[DNT] ShieldChargeAltX","[DNT] ShieldChargeAltX","[DNT] ShieldChargeAltX","[DNT] ShieldChargeAltX","[DNT] ShieldChargeAltX","[DNT] ShieldChargeAltX",211,213,"","","","","","","","","","","","","","","","","","","","","","","[9,25,13,7,14,22,35,33]","",1
40,"ShieldChargeAltY","[DNT] ShieldChargeAltY","[DNT] ShieldChargeAltY","[DNT] ShieldChargeAltY","[DNT] ShieldChargeAltY","[DNT] ShieldChargeAltY","[DNT] ShieldChargeAltY","[DNT] ShieldChargeAltY","[DNT] ShieldChargeAltY","[DNT] ShieldChargeAltY","[DNT] ShieldChargeAltY",212,213,"","","","","","","","","","","","","","","","","","","","","","","[9,25,13,7,14,22,35,33]","",2
41,"EnduringCry","","","","","","","","","","",262,"","","","","","","","","","","","","","","","","","","","","","","","[27,9,25,14,15]","",5
42,"DoubleStrike","","","","","","","","","","",274,"","","","","","","","","","","","","","","","","","","","","","","","[10,25,13,7,36,33]","",5
43,"DoubleStrikeAltX","Double Strike of Impaling","Double frappe de l'Empalement","Doppelschlag des Aufspießens","串刺しのダブルストライク","꿰뚫기의 이중 타격","Golpe Duplo do Empalamento","Двойной удар прокола","Golpe doble de empalamiento","ฟาดสองทีแห่งการทิ่มแทง (Double Strike of Impaling)","雙重打擊．穿刺",275,"","","","","","","","","","","","","","","","","","","","","","","","[10,25,13,7,36,33]","",1
44,"DoubleStrikeAltY","Double Strike of Momentum","Double frappe de l'Accélération","Doppelschlag des Momentums","モーメンタムのダブルストライク","기세의 이중 타격","Golpe Duplo do Impulso","Двойной удар импульса","Golpe doble de impulso","ฟาดสองทีแห่งโมเมนตัม (Double Strike of Momentum)","雙重打擊．氣勢",276,"","","","","","","","","","","","","","","","","","","","","","","","[10,25,13,7,36]","",2
45,"VaalDoubleStrike","","","","","","","","","","",9356,"",274,"","","","","","","","","","","","","","","","","","","","","","[10,25,13,7,36,15,24,33]","",5
46,"VaalDoubleStrikeAltX","Vaal Double Strike","Double frappe vaal","Vaal-Doppelschlag","ヴァールダブルストライク","바알 이중 타격","Golpe Duplo Vaal","Двойной удар ваал","Golpe doble vaal","วาล์ ฟาดสองที (Vaal Double Strike)","瓦爾．雙重打擊",9356,"",275,"","","","","","","","","","","","","","","","","","","","","","[10,25,13,7,36,15,24,33]","",1
47,"VaalDoubleStrikeAltY","Vaal Double Strike","Double frappe vaal","Vaal-Doppelschlag","ヴァールダブルストライク","바알 이중 타격","Golpe Duplo Vaal","Двойной удар ваал","Golpe doble vaal","วาล์ ฟาดสองที (Vaal Double Strike)","瓦爾．雙重打擊",9356,"",276,"","","","","","","","","","","","","","","","","","","","","","[10,25,13,7,36,15,24,33]","",2
48,"Lacerate","","","","","","","","","","",5869,"","","","","","","","","","","","","","","","","","","","","","","","[10,25,13,14,7,33]","",5
49,"LacerateAltX","Lacerate of Butchering","Lacération du Massacre","Zerfleischen des Schlachtens","屠殺のラセレイト","도살의 피부 찢기","Laceração da Carnificina","Разрубание туш","Lacerar de carnicería","ฉีกร่างแห่งการชำแหละ (Lacerate of Butchering)","破空斬．屠宰",5870,"","","","","","","","","","","","","","","","","","","","","","","","[10,25,13,14,7]","",1
50,"LacerateAltY","Lacerate of Haemorrhage","Lacération de l'Hémorragie","Zerfleischen des Verblutens","出血のラセレイト","실혈의 피부 찢기","Laceração da Hemorragia","Разрубание кровоизлияния","Lacerar de hemorragia","ฉีกร่างแห่งการตกเลือด (Lacerate of Haemorrhage)","破空斬．出血",5871,"","","","","","","","","","","","","","","","","","","","","","","","[10,25,13,14,7,33]","",2
51,"ElementalHit","","","","","","","","","","",284,"","","","","","","","","","","","","","","","","","","","","","","","[10,25,13,7,36,0,1,2,14,45]","",5
52,"ElementalHitAltX","Elemental Hit of the Spectrum","Frappe élémentaire de la Nuance","Elementartreffer des Spektrums","分光のエレメンタルヒット","파장의 원소의 일격","Acerto Elemental do Espectro","Спектральный удар стихии","Golpe elemental del espectro","ปะทะด้วยธาตุแห่งสเปกตรัม (Elemental Hit of the Spectrum)","元素打擊．光譜",285,"","","","","","","","","","","","","","","","","","","","","","","","[10,25,13,5,0,1,2,14,6]","",1
53,"ElementalHitAltY","[DNT] ElementalHitAltY","[DNT] ElementalHitAltY","[DNT] ElementalHitAltY","[DNT] ElementalHitAltY","[DNT] ElementalHitAltY","[DNT] ElementalHitAltY","[DNT] ElementalHitAltY","[DNT] ElementalHitAltY","[DNT] ElementalHitAltY","[DNT] ElementalHitAltY",286,"","","","","","","","","","","","","","","","","","","","","","","","[10,25,13,7,36,0,1,2,14,45]","",2
54,"ImmortalCall","","","","","","","","","","",299,"","","","","","","","","","","","","","","","","","","","","","","","[9,25,4,15,34]","",5
55,"VaalImmortalCall","","","","","","","","","","",301,"",299,"","","","","","","","","","","","","","","","","","","","","","[9,25,4,15,24,34]","",5
56,"DualStrike","","","","","","","","","","",307,"","","","","","","","","","","","","","","","","","","","","","","","[47,10,25,13,7,36]","",5
57,"DualStrikeAltX","Dual Strike of Ambidexterity","Frappes simultanées de l'Ambidextrie","Zweifachschlag der Beidhändigkeit","両利きのデュアルストライク","양손잡이의 쌍수 타격","Golpe Duplo da Ambidestria","Парный удар амбидекстрии","Golpe dual de ambidestreza","ฟาดคู่แห่งความถนัดสองมือ (Dual Strike of Ambidexterity)","雙持打擊．靈活",308,"","","","","","","","","","","","","","","","","","","","","","","","[10,25,13,7,36]","",1
58,"DualStrikeAltY","[DNT] DualStrikeAltY","[DNT] DualStrikeAltY","[DNT] DualStrikeAltY","[DNT] DualStrikeAltY","[DNT] DualStrikeAltY","[DNT] DualStrikeAltY","[DNT] DualStrikeAltY","[DNT] DualStrikeAltY","[DNT] DualStrikeAltY","[DNT] DualStrikeAltY",309,"","","","","","","","","","","","","","","","","","","","","","","","[47,10,25,13,7,36]","",2
59,"WhirlingBlades","","","","","","","","","","",322,325,"","","","","","","","","","","","","","","","","","","","","","","[10,25,13,7,22,35]","",5
60,"WhirlingBladesAltX","[DNT] WhirlingBladesAltX","[DNT] WhirlingBladesAltX","[DNT] WhirlingBladesAltX","[DNT] WhirlingBladesAltX","[DNT] WhirlingBladesAltX","[DNT] WhirlingBladesAltX","[DNT] WhirlingBladesAltX","[DNT] WhirlingBladesAltX","[DNT] WhirlingBladesAltX","[DNT] WhirlingBladesAltX",323,325,"","","","","","","","","","","","","","","","","","","","","","","[10,25,13,7,22,35]","",1
61,"WhirlingBladesAltY","[DNT] WhirlingBladesAltY","[DNT] WhirlingBladesAltY","[DNT] WhirlingBladesAltY","[DNT] WhirlingBladesAltY","[DNT] WhirlingBladesAltY","[DNT] WhirlingBladesAltY","[DNT] WhirlingBladesAltY","[DNT] WhirlingBladesAltY","[DNT] WhirlingBladesAltY","[DNT] WhirlingBladesAltY",324,325,"","","","","","","","","","","","","","","","","","","","","","","[10,25,13,7,22,35]","",2
62,"Frenzy","","","","","","","","","","",360,"","","","","","","","","","","","","","","","","","","","","","","","[10,25,13,5,6]","",5
63,"FrenzyAltX","Frenzy of Onslaught","Frénésie de l'Assaut","Raserei des Ansturms","猛攻のフレンジー","맹공의 격분","Frenesi da Agressividade","Бешенство боевого ража","Frenesí de fervor","ระห่ำแห่งการเร่งราวี (Frenzy of Onslaught)","狂怒．猛攻",361,"","","","","","","","","","","","","","","","","","","","","","","","[10,25,13,7,36]","",1
64,"FrenzyAltY","[DNT] FrenzyAltY","[DNT] FrenzyAltY","[DNT] FrenzyAltY","[DNT] FrenzyAltY","[DNT] FrenzyAltY","[DNT] FrenzyAltY","[DNT] FrenzyAltY","[DNT] FrenzyAltY","[DNT] FrenzyAltY","[DNT] FrenzyAltY",362,"","","","","","","","","","","","","","","","","","","","","","","","[10,25,13,5,6]","",2
65,"DetonateDead","","","","","","","","","","",368,"","","","","","","","","","","","","","","","","","","","","","","","[10,25,4,14,0]","",5
66,"DetonateDeadAltX","Detonate Dead of Scavenging","Explosion cadavérique du Charognard","Leichenexplosion der Plünderung","死体漁りのデトネートデッド","청소부의 시체 폭발","Detonar Morto da Limpeza","Подрыв трупа поглощения","Detonar muertos de carroña","ระเบิดมรณะแห่งการเก็บซาก (Detonate Dead of Scavenging)","屍體爆破．清洗",369,"","","","","","","","","","","","","","","","","","","","","","","","[10,25,4,14,0]","",1
67,"DetonateDeadAltY","Detonate Dead of Chain Reaction","Explosion cadavérique de la Réaction en chaîne","Leichenexplosion der Kettenreaktion","連鎖反応のデトネートデッド","연쇄 반응의 시체 폭발","Detonar Morto da Reação em Cadeia","Подрыв трупа цепной реакции","Detonar muertos de reacción en cadena","ระเบิดมรณะแห่งปฏิกิริยาลูกโซ่ (Detonate Dead of Chain Reaction)","屍體爆破．連鎖",370,"","","","","","","","","","","","","","","","","","","","","","","","[10,25,4,14,0]","",2
68,"VaalDetonateDead","","","","","","","","","","",9357,"",368,"","","","","","","","","","","","","","","","","","","","","","[10,25,4,14,24,0]","",5
69,"VaalDetonateDeadAltX","Vaal Detonate Dead","Explosion cadavérique vaal","Vaal-Leichenexplosion","ヴァールデトネートデッド","바알 시체 폭발","Detonar Morto Vaal","Подрыв трупа ваал","Detonar muertos vaal","วาล์ ระเบิดมรณะ (Vaal Detonate Dead)","瓦爾．屍體爆破",9357,"",369,"","","","","","","","","","","","","","","","","","","","","","[10,25,4,14,24,0]","",1
70,"VaalDetonateDeadAltY","Vaal Detonate Dead","Explosion cadavérique vaal","Vaal-Leichenexplosion","ヴァールデトネートデッド","바알 시체 폭발","Detonar Morto Vaal","Подрыв трупа ваал","Detonar muertos vaal","วาล์ ระเบิดมรณะ (Vaal Detonate Dead)","瓦爾．屍體爆破",9357,"",370,"","","","","","","","","","","","","","","","","","","","","","[10,25,4,14,24,0]","",2
71,"VolatileDead","","","","","","","","","","",8547,"","","","","","","","","","","","","","","","","","","","","","","","[10,25,4,14,0]","",5
72,"VolatileDeadAltX","Volatile Dead of Confinement","Cadavres instables du Confinement","Explosiver Tod der Begrenzung","拘束のヴォラタイルデッド","감금의 시체 불덩이","Morto Volátil do Confinamento","Заточённый нестабильный труп","Muertos volátiles de confinamiento","ศพไล่ระเบิดแห่งการจองจำ (Volatile Dead of Confinement)","致命之息．禁閉",8548,"","","","","","","","","","","","","","","","","","","","","","","","[10,25,4,14,0,15]","",1
73,"VolatileDeadAltY","Volatile Dead of Seething","Cadavres instables du Bouillonnement","Explosiver Tod des Wimmelns","沸騰のヴォラタイルデッド","끓어오름의 시체 불덩이","Morto Volátil do Fervor","Бурлящий нестабильный труп","Muertos volátiles de ebullición","ศพไล่ระเบิดแห่งการพลุ่งพล่าน (Volatile Dead of Seething)","致命之息．沸騰",8549,"","","","","","","","","","","","","","","","","","","","","","","","[10,25,4,14,0]","",2
74,"Unearth","","","","","","","","","","",8558,"","","","","","","","","","","","","","","","","","","","","","","","[10,25,4,5,14,33]","",5
75,"SplitArrow","","","","","","","","","","",389,"","","","","","","","","","","","","","","","","","","","","","","","[10,25,13,5,6]","",5
76,"SplitArrowAltX","Split Arrow of Splitting","Flèches multiples de la Division","Pfeilfächer der Spaltung","分裂のスプリットアロー","분할의 분할 화살","Flecha Dividida da Divisão","Расколотая стрела раскалывания","Flecha dividida de división","ศรแยกแห่งการแยก (Split Arrow of Splitting)","分裂箭矢．分裂",390,"","","","","","","","","","","","","","","","","","","","","","","","[10,25,13,5,6]","",1
77,"SplitArrowAltY","[DNT] SplitArrowAltY","[DNT] SplitArrowAltY","[DNT] SplitArrowAltY","[DNT] SplitArrowAltY","[DNT] SplitArrowAltY","[DNT] SplitArrowAltY","[DNT] SplitArrowAltY","[DNT] SplitArrowAltY","[DNT] SplitArrowAltY","[DNT] SplitArrowAltY",391,"","","","","","","","","","","","","","","","","","","","","","","","[10,25,13,5,6]","",2
78,"SupportAddedFireDamage","","","","","","","","","","",610,"","","","Supports any skill that hits enemies.","Modifie les aptitudes qui touchent les ennemis.","Unterstützt Fertigkeiten, die Treffer bei Gegnern verursachen.","敵にヒットを与えるスキルをサポートする。","적을 명중하는 모든 스킬에 적용됩니다.","Suporta qualquer habilidade que acerte inimigos.","Усиливает любое умение, наносящее удары по врагам.","Asiste cualquier habilidad que golpee enemigos.","ใช้เสริมสกิลที่ปะทะศัตรู","輔助任何可擊中敵人的技能。","","","","","","","","","","","[0,33,9,16]",14352,5
79,"SupportFasterAttacks","","","","","","","","","","",611,"","","","Supports attack skills.","Modifie les aptitudes d'attaque.","Unterstützt Angriffsfertigkeiten.","アタックスキルをサポートする。","공격 스킬에 적용됩니다.","Suporta habilidades de ataque.","Усиливает умения атак.","Asiste habilidades de ataque.","ใช้เสริม สกิลโจมตี","輔助攻擊技能。","","","","","","","","","","","[13,10,16]",14447,5
80,"SupportGreaterMultipleProjectiles","","","","","","","","","","",613,"","","","Supports projectile skills.","Modifie les aptitudes à projectiles","Unterstützt Projektilfertigkeiten.","投射物スキルをサポートする。","투사체 스킬에 적용됩니다.","Suporta habilidades de projétil.","Усиливает умения снарядов.","Asiste habilidades de proyectiles.","ใช้เสริม สกิลโพรเจกไทล์","輔助投射物技能。","","","","","","","","","","","[10,16,5]",14391,5
81,"SupportLesserMultipleProjectiles","","","","","","","","","","",615,"","","","Supports projectile skills.","Modifie les aptitudes à projectiles","Unterstützt Projektilfertigkeiten.","投射物スキルをサポートする。","투사체 스킬에 적용됩니다.","Suporta habilidades de projétil.","Усиливает умения снарядов.","Asiste habilidades de proyectiles.","ใช้เสริม สกิลโพรเจกไทล์","輔助投射物技能。","","","","","","","","","","","[10,16,5]",14379,5
82,"SupportFasterProjectiles","","","","","","","","","","",617,"","","","Supports projectile skills.","Modifie les aptitudes à projectiles","Unterstützt Projektilfertigkeiten.","投射物スキルをサポートする。","투사체 스킬에 적용됩니다.","Suporta habilidades de projétil.","Усиливает умения снарядов.","Asiste habilidades de proyectiles.","ใช้เสริม สกิลโพรเจกไทล์","輔助投射物技能。","","","","","","","","","","","[10,16,5]",14367,5
83,"SupportAddedColdDamage","","","","","","","","","","",619,"","","","Supports any skill that hits enemies.","Modifie les aptitudes qui touchent les ennemis.","Unterstützt Fertigkeiten, die Treffer bei Gegnern verursachen.","敵にヒットを与えるスキルをサポートする。","적을 명중하는 모든 스킬에 적용됩니다.","Suporta qualquer habilidade que acerte inimigos.","Усиливает любое умение, наносящее удары по врагам.","Asiste cualquier habilidad que golpee enemigos.","ใช้เสริมสกิลที่ปะทะศัตรู","輔助任何可擊中敵人的技能。","","","","","","","","","","","[1,10,16]",14356,5
84,"SupportAdditionalAccuracy","","","","","","","","","","",621,"","","","Supports attack skills.","Modifie les aptitudes d'attaque.","Unterstützt Angriffsfertigkeiten.","アタックスキルをサポートする。","공격 스킬에 적용됩니다.","Suporta habilidades de projétil.","Усиливает умения атак.","Asiste habilidades de ataque.","ใช้เสริม สกิลโจมตี","輔助攻擊技能。","","","","","","","","","","","[13,10,16]",14358,5
85,"SupportIncreasedAreaofEffect","","","","","","","","","","",622,"","","","Supports any skill with an area of effect.","Modifie toutes les aptitudes avec une zone d'effet.","Unterstützt Wirkungsbereichsfertigkeiten.","効果範囲を持つスキルをサポートする。","효과 범위를 갖는 모든 스킬에 적용됩니다.","Suporta qualquer habilidade com uma área de efeito.","Усиливает любое умение с областью действия.","Asiste cualquier habilidad que tenga un área de efecto.","ใช้เสริมสกิลที่มีพื้นที่ส่งผล","輔助任何範圍效果的技能。","","","","","","","","","","","[11,16,14]",14375,5
86,"SupportAddedLightningDamage","","","","","","","","","","",624,"","","","Supports any skill that hits enemies.","Modifie les aptitudes qui touchent les ennemis.","Unterstützt Fertigkeiten, die Treffer bei Gegnern verursachen.","敵にヒットを与えるスキルをサポートする。","적을 명중하는 모든 스킬에 적용됩니다.","Suporta qualquer habilidade que acerte inimigos.","Усиливает любое умение, наносящее удары по врагам.","Asiste cualquier habilidad que golpee enemigos.","ใช้เสริมสกิลที่ปะทะศัตรู","輔助任何可擊中敵人的技能。","","","","","","","","","","","[2,11,16]",14455,5
87,"ColdSnap","","","","","","","","","","",9266,"","","","","","","","","","","","","","","","","","","","","","","","[11,25,4,14,1,15]","",5
88,"ColdSnapAltX","Cold Snap of Power","Vague de froid du Pouvoir","Blitzeis der Energie","力のコールドスナップ","권능의 한파","Estalo Gélido do Poder","Укус стужи энергии","Ruptura de hielo de poder","ดีดนิ้วน้ำแข็งแห่งพลัง (Cold Snap of Power)","霜暴．暴擊",9267,"","","","","","","","","","","","","","","","","","","","","","","","[47,11,25,4,14,1]","",1
89,"ColdSnapAltY","[DNT] ColdSnapAltY","[DNT] ColdSnapAltY","[DNT] ColdSnapAltY","[DNT] ColdSnapAltY","[DNT] ColdSnapAltY","[DNT] ColdSnapAltY","[DNT] ColdSnapAltY","[DNT] ColdSnapAltY","[DNT] ColdSnapAltY","[DNT] ColdSnapAltY",9268,"","","","","","","","","","","","","","","","","","","","","","","","[11,25,4,14,1,15]","",2
90,"VaalColdSnap","","","","","","","","","","",9275,"",9266,"","","","","","","","","","","","","","","","","","","","","","[11,25,4,14,15,24,1]","",5
91,"VaalColdSnapAltX","Vaal Cold Snap","Vague de froid vaal","Vaal-Blitzeis","ヴァールコールドスナップ","바알 한파","Estalo Gélido Vaal","Укус стужи ваал","Ruptura de hielo vaal","วาล์ ดีดนิ้วน้ำแข็ง (Vaal Cold Snap)","瓦爾．霜暴",9275,"",9267,"","","","","","","","","","","","","","","","","","","","","","[47,11,25,4,14,15,24,1]","",1
92,"VaalColdSnapAltY","Vaal Cold Snap","Vague de froid vaal","Vaal-Blitzeis","ヴァールコールドスナップ","바알 한파","Estalo Gélido Vaal","Укус стужи ваал","Ruptura de hielo vaal","วาล์ ดีดนิ้วน้ำแข็ง (Vaal Cold Snap)","瓦爾．霜暴",9275,"",9268,"","","","","","","","","","","","","","","","","","","","","","[11,25,4,14,15,24,1]","",2
93,"RaiseZombie","","","","","","","","","","",648,"","","","","","","","","","","","","","","","","","","","","","","","[11,25,4,8]","",5
94,"RaiseZombieAltX","Raise Zombie of Slamming","Réanimation en Zombie du Fracas","Zombie des Hiebes erwecken","スラムのゾンビ蘇生","강타의 좀비 소환","Evocar Zumbi da Pancada","Поднятие мощного зомби","Levantar zombi de embate","ปลุกซอมบี้แห่งการทุบ (Raise Zombie of Slamming)","殭屍復甦．重擊",649,"","","","","","","","","","","","","","","","","","","","","","","","[11,25,4,8]","",1
95,"RaiseZombieAltY","Raise Zombie of Falling","Réanimation en Zombie de la Chute","Zombie des Fallens erwecken","落下のゾンビ蘇生","추락의 좀비 소환","Evocar Zumbi da Queda","Поднятие падающего зомби","Levantar zombi de caída","ปลุกซอมบี้แห่งการร่วงหล่น (Raise Zombie of Falling)","殭屍復甦．殞落",650,"","","","","","","","","","","","","","","","","","","","","","","","[11,25,4,8]","",2
96,"CausticArrow","","","","","","","","","","",665,"","","","","","","","","","","","","","","","","","","","","","","","[10,25,13,5,14,15,3,6]","",5
97,"CausticArrowAltX","Caustic Arrow of Poison","Flèche caustique de l'Empoisonnement","Ätzender Pfeil des Gifts","毒のコースティックアロー","독의 부식성 화살","Flecha Cáustica do Envenenamento","Едкая стрела яда","Flecha cáustica de veneno","ศรกัดกร่อนแห่งพิษ (Caustic Arrow of Poison)","腐蝕箭矢．中毒",666,"","","","","","","","","","","","","","","","","","","","","","","","[10,25,13,5,14,3,6]","",1
98,"CausticArrowAltY","[DNT] PoisonArrowAltY","[DNT] PoisonArrowAltY","[DNT] PoisonArrowAltY","[DNT] PoisonArrowAltY","[DNT] PoisonArrowAltY","[DNT] PoisonArrowAltY","[DNT] PoisonArrowAltY","[DNT] PoisonArrowAltY","[DNT] PoisonArrowAltY","[DNT] PoisonArrowAltY",667,"","","","","","","","","","","","","","","","","","","","","","","","[10,25,13,5,14,15,3,6]","",2
99,"DamageInfusion","","","","","","","","","","",680,"","","","","","","","","","","","","","","","","","","","","","","","[11,25,4,14]","",5
100,"BloodRage","","","","","","","","","","",681,"","","","","","","","","","","","","","","","","","","","","","","","[10,25,4,15,33]","",5
101,"Ignite","","","","","","","","","","",685,"","","","","","","","","","","","","","","","","","","","","","","","[11,25,4,15,0]","",5
102,"RighteousFire","","","","","","","","","","",686,"","","","","","","","","","","","","","","","","","","","","","","","[11,25,4,14,0]","",5
103,"RighteousFireAltX","Righteous Fire of Arcane Devotion","Feu de la vertu de la Dévotion arcanique","Sühnendes Feuer der arkanen Hingabe","秘術信仰のライチャスファイヤー","비전 헌신의 정의의 화염","Círculo Ardente da Devoção Arcana","Праведный огонь колдовского благочестия","Fuego justo de devoción arcana","ไฟธรรมะแห่งการอุทิศแก่อาคม (Righteous Fire of Arcane Devotion)","正義之火．秘能奉獻",687,"","","","","","","","","","","","","","","","","","","","","","","","[11,25,4,14,0]","",1
104,"RighteousFireAltY","[DNT] RighteousFireAltY","[DNT] RighteousFireAltY","[DNT] RighteousFireAltY","[DNT] RighteousFireAltY","[DNT] RighteousFireAltY","[DNT] RighteousFireAltY","[DNT] RighteousFireAltY","[DNT] RighteousFireAltY","[DNT] RighteousFireAltY","[DNT] RighteousFireAltY",688,"","","","","","","","","","","","","","","","","","","","","","","","[11,25,4,14,0]","",2
105,"VaalRighteousFire","","","","","","","","","","",9378,"",686,"","","","","","","","","","","","","","","","","","","","","","[11,25,4,14,0,24,15]","",5
106,"VaalRighteousFireAltX","Vaal Righteous Fire","Feu de la vertu vaal","Vaal-Sühnendes Feuer","ヴァールライチャスファイヤー","바알 정의의 화염","Círculo Ardente Vaal","Праведный огонь ваал","Fuego justo vaal","วาล์ ไฟธรรมะ (Vaal Righteous Fire)","瓦爾．正義之火",9378,"",687,"","","","","","","","","","","","","","","","","","","","","","[11,25,4,14,0,24,15]","",1
107,"VaalRighteousFireAltY","Vaal Righteous Fire","Feu de la vertu vaal","Vaal-Sühnendes Feuer","ヴァールライチャスファイヤー","바알 정의의 화염","Círculo Ardente Vaal","Праведный огонь ваал","Fuego justo vaal","วาล์ ไฟธรรมะ (Vaal Righteous Fire)","瓦爾．正義之火",9378,"",688,"","","","","","","","","","","","","","","","","","","","","","[11,25,4,14,0,24,15]","",2
108,"FireWeapon","","","","","","","","","","",732,"","","","","","","","","","","","","","","","","","","","","","","","[11,25,4,15,0]","",5
109,"Discharge","","","","","","","","","","",733,"","","","","","","","","","","","","","","","","","","","","","","","[11,25,4,14,0,1,2,38]","",5
110,"DischargeAltX","Discharge of Misery","Décharge de la Misère","Entladung des Elends","悲惨のディスチャージ","비참의 방출","Descarga da Miséria","Разряд страданий","Descarga de miseria","ปลดปล่อยพลังแห่งความทุกข์ยาก (Discharge of Misery)","解放．苦痛",734,"","","","","","","","","","","","","","","","","","","","","","","","[11,25,4,14,0,1,2,38]","",1
111,"DischargeAltY","[DNT] DischargeAltY","[DNT] DischargeAltY","[DNT] DischargeAltY","[DNT] DischargeAltY","[DNT] DischargeAltY","[DNT] DischargeAltY","[DNT] DischargeAltY","[DNT] DischargeAltY","[DNT] DischargeAltY","[DNT] DischargeAltY",735,"","","","","","","","","","","","","","","","","","","","","","","","[11,25,4,14,0,1,2,38]","",2
112,"Portal","","","","","","","","","","",740,"","","","","","","","","","","","","","","","","","","","","","","","[29,25,4]","",5
113,"VaalPortal","","","","","","","","","","",741,"",740,"","","","","","","","","","","","","","","","","","","","","","[29,25,4,24]","",5
114,"SupportInspiration","","","","","","","","","","",743,"","","","Supports any skill. Minions, Totems, Traps and Mines cannot gain Inspiration Charges.","Modifie toutes les aptitudes. Les Créatures, les Totems, les Pièges et les Mines ne peuvent pas gagner de Charges d'inspiration.","Unterstützt jede Fertigkeit. Kreaturen, Totems, Fallen und Minen können keine Inspirations-Ladungen erhalten.","全てのスキルをサポートする。ミニオン、トーテム、トラップおよびマインはインスピレーションチャージを獲得できない。","모든 스킬에 적용됩니다. 소환수, 토템, 덫, 지뢰는 영감 충전을 획득할 수 없습니다.","Suporta qualquer habilidade. Lacaios, Totens, Armadilhas e Minas não podem ganhar Cargas de Inspiração.","Усиливает любое умение. Приспешники, тотемы, ловушки и мины не могут получать заряды Вдохновения.","Asiste cualquier habilidad. Los esbirros, los tótems, las trampas y las minas no pueden ganar cargas de inspiración.","ใช้เสริมสกิลทุกชนิด มิเนียน, โทเทม, กับดัก, ทุ่นระเบิด ไม่สามารถรับ Inspiration Charge ได้","輔助任何技能。召喚物、圖騰、陷阱和地雷無法獲得啟發球。","","","","","","","","","","","[47,9,16]",14357,5
115,"SupportIncreasedCriticalStrikes","","","","","","","","","","",748,"","","","Supports any skill that hits enemies.","Modifie les aptitudes qui touchent les ennemis.","Unterstützt Fertigkeiten, die Treffer bei Gegnern verursachen.","敵にヒットを与えるスキルをサポートする。","적을 명중하는 모든 스킬에 적용됩니다.","Suporta qualquer habilidade que acerte inimigos.","Усиливает любое умение, наносящее удары по врагам.","Asiste cualquier habilidad que golpee enemigos.","ใช้เสริมสกิลที่ปะทะศัตรู","輔助任何可擊中敵人的技能。","","","","","","","","","","","[47,11,16]",14392,5
116,"SupportIncreasedCriticalDamage","","","","","","","","","","",750,"","","","Supports any skill that hits enemies.","Modifie les aptitudes qui touchent les ennemis.","Unterstützt Fertigkeiten, die Treffer bei Gegnern verursachen.","敵にヒットを与えるスキルをサポートする。","적을 명중하는 모든 스킬에 적용됩니다.","Suporta qualquer habilidade que acerte inimigos.","Усиливает любое умение, наносящее удары по врагам.","Asiste cualquier habilidad que golpee enemigos.","ใช้เสริมสกิลที่ปะทะศัตรู","輔助任何可擊中敵人的技能。","","","","","","","","","","","[47,11,16]",14381,5
117,"SupportKnockback","","","","","","","","","","",751,"","","","Supports any skill that hits enemies.","Modifie les aptitudes qui touchent les ennemis.","Unterstützt Fertigkeiten, die Treffer bei Gegnern verursachen.","敵にヒットを与えるスキルをサポートする。","적을 명중하는 모든 스킬에 적용됩니다.","Suporta qualquer habilidade que acerte inimigos.","Усиливает любое умение, наносящее удары по врагам.","Asiste cualquier habilidad que golpee enemigos.","ใช้เสริมสกิลที่ปะทะศัตรู","輔助任何可擊中敵人的技能。","","","","","","","","","","","[9,16]",14376,5
118,"SupportLifeLeech","","","","","","","","","","",753,"","","","Supports any skill that hits enemies, causing those hits to leech life based on damage dealt.","Modifie toutes les aptitudes qui touchent les ennemis, leur permettant de drainer de la vie en fonction des dégâts infligés.","Unterstützt Fertigkeiten, die Treffer bei Gegnern verursachen. Diese Treffer rauben Leben, basierend auf ihrem verursachten Schaden.","敵にヒットを与えるスキル全てをサポートし、そのヒットが与えたダメージに応じてライフをリーチするようになる。","적을 명중하는 모든 스킬에 적용되며 명중 시 적에게 준 피해에 비례하여 생명력을 흡수합니다.","Suporta qualquer habilidade que acerte inimigos, fazendo com que tais acertos drenem vida baseado no dano causado.","Усиливает любое умение, наносящее удары по врагам. Усиленное умение похищает здоровье на основании нанесенного урона.","Asiste cualquier habilidad que golpee enemigos para que esos golpes absorban vida en función del daño infligido.","ใช้เสริมสกิลที่ปะทะศัตรู ทำให้การปะทะนั้น ดูดพลังชีวิต ตามความเสียหายที่สร้าง","輔助任何可擊中敵人的技能，根據擊中傷害偷取生命。","","","","","","","","","","","[9,16]",14364,5
119,"SupportManaLeech","","","","","","","","","","",755,"","","","Supports attack skills that hit enemies, causing those hits to leech mana based on damage dealt.","Modifie toutes les aptitudes d'attaque qui touchent les ennemis, leur permettant de drainer du mana en fonction des dégâts infligés.","Unterstützt Angriffsfertigkeiten, die Treffer bei Gegnern verursachen. Diese Treffer rauben Mana, basierend auf ihrem verursachten Schaden.","敵にヒットを与えるスキル全てをサポートし、そのヒットが与えたダメージに応じてマナをリーチするようになる。","적을 명중하는 모든 공격 스킬에 적용되며 명중 시 적에게 준 피해에 비례하여 마나를 흡수합니다.","Suporta qualquer habilidade de ataque que acerte inimigos, fazendo com que os acertos drenem mana baseado no dano causado.","Усиливает умения атак, наносящие удары по врагам. Усиленное умение похищает ману на основании нанесенного урона.","Asiste habilidades de ataque que golpeen enemigos para que esos golpes absorban maná en función del daño infligido.","ใช้เสริม สกิลโจมตี ที่ปะทะศัตรู ทำให้การปะทะนั้น ดูดมานา ตามความเสียหายที่สร้าง","輔助任何可擊中敵人的攻擊技能，根據擊中傷害偷取魔力。","","","","","","","","","","","[10,16]",14355,5
120,"SupportAddedChaosDamage","","","","","","","","","","",756,"","","","Supports any skill that hits enemies.","Modifie les aptitudes qui touchent les ennemis.","Unterstützt Fertigkeiten, die Treffer bei Gegnern verursachen.","敵にヒットを与えるスキルをサポートする。","적을 명중하는 모든 스킬에 적용됩니다.","Suporta qualquer habilidade que acerte inimigos.","Усиливает любое умение, наносящее удары по врагам.","Asiste cualquier habilidad que golpee enemigos.","ใช้เสริมสกิลที่ปะทะศัตรู","輔助任何可擊中敵人的技能。","","","","","","","","","","","[3,11,16]",14456,5
121,"Backstab","","","","","","","","","","",757,"","","","","","","","","","","","","","","","","","","","","","","","[10,25,13,7,36]","",5
122,"FlickerStrike","","","","","","","","","","",759,"","","","","","","","","","","","","","","","","","","","","","","","[10,25,13,7,36,22,15]","",5
123,"FlickerStrikeAltX","Flicker Strike of Power","Frappe fulgurante du Pouvoir","Flimmerschlag der Energie","力のフリッカーストライク","권능의 점멸 타격","Golpe Súbito do Poder","Внезапный удар энергии","Golpe repentino de poder","ฟาดพริบตาแห่งพลัง (Flicker Strike of Power)","閃現打擊．暴擊",760,"","","","","","","","","","","","","","","","","","","","","","","","[47,10,25,13,7,36,22,15]","",1
124,"FlickerStrikeAltY","[DNT] FlickerStrikeAltY","[DNT] FlickerStrikeAltY","[DNT] FlickerStrikeAltY","[DNT] FlickerStrikeAltY","[DNT] FlickerStrikeAltY","[DNT] FlickerStrikeAltY","[DNT] FlickerStrikeAltY","[DNT] FlickerStrikeAltY","[DNT] FlickerStrikeAltY","[DNT] FlickerStrikeAltY",761,"","","","","","","","","","","","","","","","","","","","","","","","[10,25,13,7,36,22,15]","",2
125,"VaalFlickerStrike","","","","","","","","","","",769,"",759,"","","","","","","","","","","","","","","","","","","","","","[10,25,13,7,36,22,24,15]","",5
126,"VaalFlickerStrikeAltX","Vaal Flicker Strike","Frappe fulgurante vaal","Vaal-Flimmerschlag","ヴァールフリッカーストライク","바알 점멸 타격","Golpe Súbito Vaal","Внезапный удар ваал","Golpe repentino vaal","วาล์ ฟาดพริบตา (Vaal Flicker Strike)","瓦爾．閃現打擊",769,"",760,"","","","","","","","","","","","","","","","","","","","","","[47,10,25,13,7,36,22,24,15]","",1
127,"VaalFlickerStrikeAltY","Vaal Flicker Strike","Frappe fulgurante vaal","Vaal-Flimmerschlag","ヴァールフリッカーストライク","바알 점멸 타격","Golpe Súbito Vaal","Внезапный удар ваал","Golpe repentino vaal","วาล์ ฟาดพริบตา (Vaal Flicker Strike)","瓦爾．閃現打擊",769,"",761,"","","","","","","","","","","","","","","","","","","","","","[10,25,13,7,36,22,24,15]","",2
128,"Spark","","","","","","","","","","",914,"","","","","","","","","","","","","","","","","","","","","","","","[11,25,4,5,15,2]","",5
129,"SparkAltX","Spark of the Nova","Étincelle de la Nova","Funken der Nova","ノヴァのスパーク","폭발의 전기불꽃","Faísca da Nova","Кольцо искр","Chispa de la nova","ประกายสายฟ้าแห่งพลังกระจาย (Spark of the Nova)","電球．新星",915,"","","","","","","","","","","","","","","","","","","","","","","","[11,25,4,5,15,2]","",1
130,"SparkAltY","Spark of Unpredictability","Étincelle de l'Imprévisibilité","Funken der Unberechenbarkeit","予測不能のスパーク","예측 불허의 전기불꽃","Faísca da Imprevisibilidade","Непредсказуемая искра","Chispa de impredecibilidad","ประกายสายฟ้าแห่งการไม่อาจคาดเดา (Spark of the Unpredictability)","電球．未知",916,"","","","","","","","","","","","","","","","","","","","","","","","[11,25,4,5,15,2]","",2
131,"VaalSpark","","","","","","","","","","",3338,"",914,"","","","","","","","","","","","","","","","","","","","","","[11,25,4,5,15,24,2]","",5
132,"VaalSparkAltX","Vaal Spark","Étincelle vaal","Vaal-Funken","ヴァールスパーク","바알 전기불꽃","Faísca Vaal","Искра ваал","Chispa vaal","วาล์ ประกายสายฟ้า (Vaal Spark)","瓦爾．電球",3338,"",915,"","","","","","","","","","","","","","","","","","","","","","[11,25,4,5,15,24,2]","",1
133,"VaalSparkAltY","Vaal Spark","Étincelle vaal","Vaal-Funken","ヴァールスパーク","바알 전기불꽃","Faísca Vaal","Искра ваал","Chispa vaal","วาล์ ประกายสายฟ้า (Vaal Spark)","瓦爾．電球",3338,"",916,"","","","","","","","","","","","","","","","","","","","","","[11,25,4,5,15,24,2]","",2
134,"SupportCastLinkedCursesOnCurse","","","","","","","","","","",5776,"","","","","","","","","","","","","","","","","","","","","","","","[16,26]","",5
135,"SupportStun","","","","","","","","","","",931,"","","","Supports any skill that hits enemies, making it easier to stun enemies with those skills.","Modifie toutes les aptitudes qui touchent les ennemis, leur permettant d'étourdir plus facilement les ennemis.","Unterstützt Fertigkeiten, die Treffer bei Gegnern verursachen und erleichtert das Betäuben von Gegnern mit dieser Fertigkeit.","敵にヒットを与えるスキル全てをサポートし、そのスキルで敵をスタンしやすくする。","적을 명중하는 모든 스킬에 적용되어 적을 더 쉽게 기절시킬 수 있습니다.","Suporta qualquer habilidade que acerte inimigos, tornando-os mais fácil de atordoar com tais habilidades.","Усиливает любое умение, наносящее удары по врагам. Усиленными умениями проще оглушить врагов.","Asiste cualquier habilidad que golpee enemigos para que sea más fácil aturdir a los enemigos con esas habilidades.","ใช้เสริมสกิลที่ปะทะศัตรู ทำให้สกิลเหล่านี้สร้างสถานะ สตัน ต่อศัตรูได้ง่ายขึ้น","輔助任何可擊中敵人的技能，讓技能更容易暈眩敵人。","","","","","","","","","","","[9,16]",14370,5
136,"IceSpear","","","","","","","","","","",933,"","","","","","","","","","","","","","","","","","","","","","","","[47,11,25,4,5,1]","",5
137,"IceSpearAltX","Ice Spear of Splitting","Lance de glace de la Division","Eisspeer der Spaltung","分裂のアイススピアー","분할의 얼음 창","Lança de Gelo da Divisão","Ледяное копьё раскалывания","Lanza de hielo de división","หอกน้ำแข็งแห่งการแยก (Ice Spear of Splitting)","冰矛．分裂",934,"","","","","","","","","","","","","","","","","","","","","","","","[11,25,4,5,1]","",1
138,"IceSpearAltY","[DNT] IceSpearAltY","[DNT] IceSpearAltY","[DNT] IceSpearAltY","[DNT] IceSpearAltY","[DNT] IceSpearAltY","[DNT] IceSpearAltY","[DNT] IceSpearAltY","[DNT] IceSpearAltY","[DNT] IceSpearAltY","[DNT] IceSpearAltY",935,"","","","","","","","","","","","","","","","","","","","","","","","[47,11,25,4,5,1]","",2
139,"SupportPierce","","","","","","","","","","",952,"","","","Supports projectile skills.","Modifie les aptitudes à projectiles","Unterstützt Projektilfertigkeiten.","投射物スキルをサポートする。","투사체 스킬에 적용됩니다.","Suporta habilidades de projétil.","Усиливает умения снарядов.","Asiste habilidades de proyectiles.","ใช้เสริม สกิลโพรเจกไทล์","輔助投射物技能。","","","","","","","","","","","[10,16,5]",14446,5
140,"SupportTrap","","","","","","","","","","",953,"","","","Supports spells, or attacks that use bows or wands. Instead of using that skill, you will throw a trap that will use the skill for you when an enemy walks near it. Traps cannot use channelling skills.","Modifie les sorts et les attaques qui utilisent les arcs ou les baguettes. Au lieu d'utiliser cette aptitude, vous lancez un piège qui utilisera l'aptitude à votre place lorsqu'un ennemi le déclenchera. Les pièges ne peuvent pas utiliser les aptitudes canalisées.","Unterstützt Zauber oder Angriffe, die mit Bögen oder Zauberstäben ausgeführt werden. Anstatt die Fertigkeit direkt zu nutzen, wird eine Falle geworfen, die diese Fertigkeit benutzt, sobald sich ihr ein Gegner nähert. Fallen können keine Kanalisierungsfertigkeiten nutzen.","スペルまたは弓・ワンドを使用するアタックをサポートする。スキルを使用する代わりに、敵が近づくとそのスキルを発動するトラップを投げる。トラップはチャネリングスキルを使用することはできない。","주문 또는 활이나 마법봉을 사용하는 스킬에 적용됩니다. 스킬 사용 시 덫이 투척되며 이 덫은 주변에 적이 지나가면 스스로 스킬을 사용합니다. 단, 집중 유지 스킬은 사용할 수 없습니다.","Suporta magias ou ataques que usam arcos ou varinhas. Ao invés de usar tal habilidade, você arremessará uma armadilha que a usará por você quando um inimigo se aproximar. Armadilhas não podem usar habilidades canalizadas.","Усиливает чары или атаки, использующие луки или жезлы. Вместо использования этого умения вы будете бросать ловушку, которая будет использовать это умение, если поблизости окажется враг. Ловушки не могут использовать поддерживаемые умения.","Asiste hechizos o ataques que usen arcos o varitas. En lugar de usar esa habilidad, lanzarás una trampa que usará la habilidad por ti cuando un enemigo camine cerca de ella. Las trampas no pueden usar habilidades de canalización.","ใช้เสริม สกิลเวท หรือสกิลโจมตีที่ใช้ ธนูหรือไม้กายสิทธิ์ ทำให้เปลี่ยนจากการใช้สกิลแบบปกติ เป็นการโยนกับดักที่ใช้สกิลนั้นให้กับคุณเมื่อศัตรูเดินเข้ามาใกล้ กับดักไม่สามารถใช้ สกิลแชนเนล ได้","輔助法術或使用弓和法杖的攻擊。不再使用技能而是投擲陷阱，當敵人靠近時陷阱會觸發技能。陷阱不能使用引導時施放技能。","","","","","","","","","","","[10,16,20]",14385,5
141,"RaiseSpectre","","","","","","","","","","",957,"","","","","","","","","","","","","","","","","","","","","","","","[11,25,4,8]","",5
142,"RaiseSpectreAltX","Raise Spectre of Transience","Réanimation en Spectre de la Fugacité","Schemen der Vergänglichkeit erwecken","一時性のスペクター蘇生","덧없음의 망령 소환","Evocar Espectro da Transitoriedade","Сотворение бренного призрака","Levantar espectro de transitoriedad","ปลุกสเปคเตอร์แห่งความไม่จีรัง (Raise Spectre of Transience)","喚醒幽魂．轉瞬",958,"","","","","","","","","","","","","","","","","","","","","","","","[11,25,4,8,15]","",1
143,"RaiseSpectreAltY","[DNT] RaiseSpectreAltY","[DNT] RaiseSpectreAltY","[DNT] RaiseSpectreAltY","[DNT] RaiseSpectreAltY","[DNT] RaiseSpectreAltY","[DNT] RaiseSpectreAltY","[DNT] RaiseSpectreAltY","[DNT] RaiseSpectreAltY","[DNT] RaiseSpectreAltY","[DNT] RaiseSpectreAltY",959,"","","","","","","","","","","","","","","","","","","","","","","","[11,25,4,8]","",2
144,"InfernalBlow","","","","","","","","","","",9364,"","","","","","","","","","","","","","","","","","","","","","","","[9,25,13,14,7,36,0,15]","",5
145,"InfernalBlowAltX","Infernal Blow of Immolation","Coup infernal de l'Immolation","Höllenschlag der Selbstverbrennung","焼身のインファーナルブロウ","제물의 지옥불 맹타","Golpe Infernal da Imolação","Удар преисподней самосожжения","Golpe infernal de inmolación","ระเบิดอเวจีแห่งการเผาทิ้ง (Infernal Blow of Immolation)","煉獄之擊．自焚",9365,"","","","","","","","","","","","","","","","","","","","","","","","[9,25,13,14,7,36,0,15]","",1
146,"InfernalBlowAltY","[DNT] InfernalBlowAltY","[DNT] InfernalBlowAltY","[DNT] InfernalBlowAltY","[DNT] InfernalBlowAltY","[DNT] InfernalBlowAltY","[DNT] InfernalBlowAltY","[DNT] InfernalBlowAltY","[DNT] InfernalBlowAltY","[DNT] InfernalBlowAltY","[DNT] InfernalBlowAltY",9366,"","","","","","","","","","","","","","","","","","","","","","","","[9,25,13,14,7,36,0,15]","",2
147,"GlacialHammer","","","","","","","","","","",969,"","","","","","","","","","","","","","","","","","","","","","","","[9,25,13,7,36,1]","",5
148,"GlacialHammerAltX","Glacial Hammer of Shattering","Marteau de glace du Fracassement","Frosthammer des Zerschmetterns","粉砕のグレイシャルハンマー","산산조각의 빙하 망치","Martelo Glacial do Despedaçamento","Леденящий молот разбивания","Martillo glacial de fracturación","ค้อนเยือกแข็งแห่งการแตกสลาย (Glacial Hammer of Shattering)","冰霜之錘．粉碎",970,"","","","","","","","","","","","","","","","","","","","","","","","[47,9,25,13,7,36,1]","",1
149,"GlacialHammerAltY","[DNT] GlacialHammerAltY","[DNT] GlacialHammerAltY","[DNT] GlacialHammerAltY","[DNT] GlacialHammerAltY","[DNT] GlacialHammerAltY","[DNT] GlacialHammerAltY","[DNT] GlacialHammerAltY","[DNT] GlacialHammerAltY","[DNT] GlacialHammerAltY","[DNT] GlacialHammerAltY",971,"","","","","","","","","","","","","","","","","","","","","","","","[9,25,13,7,36,1]","",2
150,"VaalGlacialHammer","","","","","","","","","","",979,"",969,"","","","","","","","","","","","","","","","","","","","","","[9,25,13,7,36,15,14,24,1]","",5
151,"VaalGlacialHammerAltX","Vaal Glacial Hammer","Marteau de glace vaal","Vaal-Frosthammer","ヴァールグレイシャルハンマー","바알 빙하 망치","Martelo Glacial Vaal","Леденящий молот ваал","Martillo glacial vaal","วาล์ ค้อนเยือกแข็ง (Vaal Glacial Hammer)","瓦爾．冰霜之錘",979,"",970,"","","","","","","","","","","","","","","","","","","","","","[9,25,13,7,36,15,14,24,1]","",1
152,"VaalGlacialHammerAltY","Vaal Glacial Hammer","Marteau de glace vaal","Vaal-Frosthammer","ヴァールグレイシャルハンマー","바알 빙하 망치","Martelo Glacial Vaal","Леденящий молот ваал","Martillo glacial vaal","วาล์ ค้อนเยือกแข็ง (Vaal Glacial Hammer)","瓦爾．冰霜之錘",979,"",971,"","","","","","","","","","","","","","","","","","","","","","[9,25,13,7,36,15,14,24,1]","",2
153,"WallOfForce","","","","","","","","","","",991,"","","","","","","","","","","","","","","","","","","","","","","","[11,25,4,15]","",5
154,"FrostWall","","","","","","","","","","",992,"","","","","","","","","","","","","","","","","","","","","","","","[11,25,4,15,1]","",5
155,"FrostWallAltX","Frost Wall of Encroachment","Mur de glace de l'Envahissement","Frostmauer des Übergriffs","圧迫のフロストウォール","침범의 서리 방벽","Parede de Gelo da Invasão","Стена льда наступления","Muro de hielo de intrusión","กำแพงน้ำแข็งแห่งการรุกล้ำ (Frost Wall of Encroachment)","冰牆．侵襲",993,"","","","","","","","","","","","","","","","","","","","","","","","[11,25,4,15,1]","",1
156,"FrostWallAltY","[DNT] FrostWallAltY","[DNT] FrostWallAltY","[DNT] FrostWallAltY","[DNT] FrostWallAltY","[DNT] FrostWallAltY","[DNT] FrostWallAltY","[DNT] FrostWallAltY","[DNT] FrostWallAltY","[DNT] FrostWallAltY","[DNT] FrostWallAltY",994,"","","","","","","","","","","","","","","","","","","","","","","","[11,25,4,15,1]","",2
157,"FreezingPulse","","","","","","","","","","",1004,"","","","","","","","","","","","","","","","","","","","","","","","[11,25,4,5,1]","",5
158,"FreezingPulseAltX","[DNT] FreezingPulseAltX","[DNT] FreezingPulseAltX","[DNT] FreezingPulseAltX","[DNT] FreezingPulseAltX","[DNT] FreezingPulseAltX","[DNT] FreezingPulseAltX","[DNT] FreezingPulseAltX","[DNT] FreezingPulseAltX","[DNT] FreezingPulseAltX","[DNT] FreezingPulseAltX",1005,"","","","","","","","","","","","","","","","","","","","","","","","[11,25,4,5,1]","",1
159,"FreezingPulseAltY","[DNT] FreezingPulseAltY","[DNT] FreezingPulseAltY","[DNT] FreezingPulseAltY","[DNT] FreezingPulseAltY","[DNT] FreezingPulseAltY","[DNT] FreezingPulseAltY","[DNT] FreezingPulseAltY","[DNT] FreezingPulseAltY","[DNT] FreezingPulseAltY","[DNT] FreezingPulseAltY",1006,"","","","","","","","","","","","","","","","","","","","","","","","[11,25,4,5,1]","",2
160,"ShockNova","","","","","","","","","","",1022,"","","","","","","","","","","","","","","","","","","","","","","","[11,25,4,14,2,38]","",5
161,"ShockNovaAltX","Shock Nova of Procession","Nova d'électricité de la Procession","Schocknova des Voranschreitens","行進のショックノヴァ","행진의 충격 폭발","Nova Elétrica da Procissão","Кольцо молний процессии","Nova de rayo de procesión","สายฟ้ากระจายแห่งขบวน (Shock Nova of Procession)","閃電新星．行進",1023,"","","","","","","","","","","","","","","","","","","","","","","","[11,25,4,14,2,38]","",1
162,"ShockNovaAltY","[DNT] ShockNovaAltY","[DNT] ShockNovaAltY","[DNT] ShockNovaAltY","[DNT] ShockNovaAltY","[DNT] ShockNovaAltY","[DNT] ShockNovaAltY","[DNT] ShockNovaAltY","[DNT] ShockNovaAltY","[DNT] ShockNovaAltY","[DNT] ShockNovaAltY",1024,"","","","","","","","","","","","","","","","","","","","","","","","[11,25,4,14,2,38]","",2
163,"NewShockNova","","","","","","","","","","",4823,"","","","","","","","","","","","","","","","","","","","","","","","[11,25,4,14,2,38]","",5
164,"ViperStrike","","","","","","","","","","",1062,"","","","","","","","","","","","","","","","","","","","","","","","[10,25,13,15,7,36,3]","",5
165,"ViperStrikeAltX","Viper Strike of the Mamba","Morsure de vipère du Mamba","Vipernschlag der Mamba","マンバのヴァイパーストライク","큰독사의 맹독 타격","Golpe da Víbora d Mamba","Удар гадюки Мамбы","Golpe de víbora de la mamba","ฟาดอสรพิษแห่งงูแมมบา (Viper Strike of the Mamba)","毒蛇打擊．曼巴",1063,"","","","","","","","","","","","","","","","","","","","","","","","[10,25,13,15,7,36,3]","",1
166,"ViperStrikeAltY","[DNT] ViperStrikeAltY","[DNT] ViperStrikeAltY","[DNT] ViperStrikeAltY","[DNT] ViperStrikeAltY","[DNT] ViperStrikeAltY","[DNT] ViperStrikeAltY","[DNT] ViperStrikeAltY","[DNT] ViperStrikeAltY","[DNT] ViperStrikeAltY","[DNT] ViperStrikeAltY",1064,"","","","","","","","","","","","","","","","","","","","","","","","[10,25,13,15,7,36,3]","",2
167,"PhaseRun","","","","","","","","","","",5192,"","","","","","","","","","","","","","","","","","","","","","","","[10,25,4,15,22,33,35]","",5
168,"SupportMeleePhysicalDamage","","","","","","","","","","",1073,"","","","Supports melee attack skills.","Modifie les aptitudes d'attaque de mêlée.","Unterstützt Nahkampf-Angriffsfertigkeiten.","近接アタックスキルをサポートする。","근접 공격 스킬에 적용됩니다.","Suporta habilidades de ataque corpo a corpo.","Усиливает умения атак ближнего боя.","Asiste habilidades de ataque cuerpo a cuerpo.","ใช้เสริม สกิลโจมตีประชิด","輔助近戰攻擊技能。","","","","","","","","","","","[7,33,9,16,13]",14448,5
169,"SupportItemQuantity","","","","","","","","","","",1074,"","","","Supports any skill that can kill enemies.","Modifie toutes les aptitudes qui peuvent tuer les ennemis.","Unterstützt Fertigkeiten, die Gegner töten können.","敵を倒すことのできるスキルをサポートする。","적을 처치하는 모든 스킬에 적용됩니다.","Suporta qualquer habilidade que acerte inimigos.","Усиливает любое умение, которое может убить врагов.","Asiste cualquier habilidad que pueda matar enemigos.","ใช้เสริมสกิลที่สังหารศัตรูได้","輔助任何可以擊殺敵人的技能。","","","","","","","","","","","[9,16]",14393,5
170,"SupportItemRarity","","","","","","","","","","",1076,"","","","Supports any skill that can kill enemies.","Modifie toutes les aptitudes qui peuvent tuer les ennemis.","Unterstützt Fertigkeiten, die Gegner töten können.","敵を倒すことのできるスキルをサポートする。","적을 처치하는 모든 스킬에 적용됩니다.","Suporta qualquer habilidade que acerte inimigos.","Усиливает любое умение, которое может убить врагов.","Asiste cualquier habilidad que pueda matar enemigos.","ใช้เสริมสกิลที่สังหารศัตรูได้","輔助任何可以擊殺敵人的技能。","","","","","","","","","","","[11,16]",14394,5
171,"SupportFasterCasting","","","","","","","","","","",1077,"","","","Supports non-instant spell skills.","Modifie les aptitudes qui sont des sorts non instantanés.","Unterstützt Zauberfertigkeiten (sofort gewirkte ausgenommen).","即座に発動しないスペルをサポートする。","비-즉시 시전 주문 스킬에 적용됩니다.","Suporta habilidades mágicas não instantâneas.","Усиливает не мгновенные чары.","Asiste habilidades de hechizo que no sean instantáneas.","ใช้เสริม สกิลเวท ที่ไม่ส่งผลทันที","輔助非立刻施放的法術技能。","","","","","","","","","","","[11,16,4]",14387,5
172,"ExplosiveArrow","","","","","","","","","","",1080,"","","","","","","","","","","","","","","","","","","","","","","","[10,25,13,5,14,15,0,6]","",5
173,"ExplosiveArrowAltX","[DNT] ExplosiveArrowAltX","[DNT] ExplosiveArrowAltX","[DNT] ExplosiveArrowAltX","[DNT] ExplosiveArrowAltX","[DNT] ExplosiveArrowAltX","[DNT] ExplosiveArrowAltX","[DNT] ExplosiveArrowAltX","[DNT] ExplosiveArrowAltX","[DNT] ExplosiveArrowAltX","[DNT] ExplosiveArrowAltX",1081,"","","","","","","","","","","","","","","","","","","","","","","","[10,25,13,5,14,15,0,6]","",1
174,"ExplosiveArrowAltY","[DNT] ExplosiveArrowAltY","[DNT] ExplosiveArrowAltY","[DNT] ExplosiveArrowAltY","[DNT] ExplosiveArrowAltY","[DNT] ExplosiveArrowAltY","[DNT] ExplosiveArrowAltY","[DNT] ExplosiveArrowAltY","[DNT] ExplosiveArrowAltY","[DNT] ExplosiveArrowAltY","[DNT] ExplosiveArrowAltY",1082,"","","","","","","","","","","","","","","","","","","","","","","","[10,25,13,5,14,15,0,6]","",2
175,"TemporalChains","","","","","","","","","","",1115,"","","","","","","","","","","","","","","","","","","","","","","","[10,25,4,14,15,17,42]","",5
176,"ElementalWeakness","","","","","","","","","","",1139,"","","","","","","","","","","","","","","","","","","","","","","","[11,25,4,14,15,17,42]","",5
177,"WarlordsMark","","","","","","","","","","",1149,"","","","","","","","","","","","","","","","","","","","","","","","[9,25,4,17,43]","",5
178,"Punishment","","","","","","","","","","",1157,"","","","","","","","","","","","","","","","","","","","","","","","[9,25,4,14,15,17,42]","",5
179,"NewPunishment","","","","","","","","","","",5078,"","","","","","","","","","","","","","","","","","","","","","","","[9,25,4,14,15,17,42]","",5
180,"Enfeeble","","","","","","","","","","",1163,"","","","","","","","","","","","","","","","","","","","","","","","[11,25,4,14,15,17,42]","",5
181,"AssassinsMark","","","","","","","","","","",1178,"","","","","","","","","","","","","","","","","","","","","","","","[47,11,25,4,17,43]","",5
182,"SnipersMark","","","","","","","","","","",1187,"","","","","","","","","","","","","","","","","","","","","","","","[10,25,4,17,43]","",5
183,"Despair","","","","","","","","","","",9117,"","","","","","","","","","","","","","","","","","","","","","","","[11,25,4,14,15,3,17,42]","",5
184,"LightningWarp","","","","","","","","","","",1225,1228,"","","","","","","","","","","","","","","","","","","","","","","[11,25,4,14,15,22,2,35]","",5
185,"LightningWarpAltX","[DNT] LightningWarpAltX","[DNT] LightningWarpAltX","[DNT] LightningWarpAltX","[DNT] LightningWarpAltX","[DNT] LightningWarpAltX","[DNT] LightningWarpAltX","[DNT] LightningWarpAltX","[DNT] LightningWarpAltX","[DNT] LightningWarpAltX","[DNT] LightningWarpAltX",1226,1228,"","","","","","","","","","","","","","","","","","","","","","","[11,25,4,14,15,22,2,35]","",1
186,"LightningWarpAltY","[DNT] LightningWarpAltY","[DNT] LightningWarpAltY","[DNT] LightningWarpAltY","[DNT] LightningWarpAltY","[DNT] LightningWarpAltY","[DNT] LightningWarpAltY","[DNT] LightningWarpAltY","[DNT] LightningWarpAltY","[DNT] LightningWarpAltY","[DNT] LightningWarpAltY",1227,1228,"","","","","","","","","","","","","","","","","","","","","","","[11,25,4,14,15,22,2,35]","",2
187,"VaalLightningWarp","","","","","","","","","","",1230,"",1225,"","","","","","","","","","","","","","","","","","","","","","[11,25,4,14,15,24,2,22,35]","",5
188,"SummonSkeletons","","","","","","","","","","",1263,"","","","","","","","","","","","","","","","","","","","","","","","[11,25,4,8,15]","",5
189,"SummonSkeletonsAltX","Summon Skeletons of Archers","Invocation de Squelettes archers","Skelette des Bogenschießens beschwören","弓使いのスケルトン召喚","궁수의 해골 소환","Convocar Esqueleto dos Arqueiros","Сотворение скелетов-лучников","Invocar esqueletos de arqueros","อัญเชิญโครงกระดูกแห่งนักธนู (Summon Skeletons of Archers)","召喚骷髏．箭術",1264,"","","","","","","","","","","","","","","","","","","","","","","","[11,25,4,8,15]","",1
190,"SummonSkeletonsAltY","Summon Skeletons of Mages","Invocation de Squelettes mages","Skelette der Zauberei beschwören","魔術師のスケルトン召喚","마법사의 해골 소환","Convocar Esqueleto dos Magos","Сотворение скелетов-магов","Invocar esqueletos de magos","อัญเชิญโครงกระดูกแห่งนักเวท (Summon Skeletons of Mages)","召喚骷髏．巫術",1265,"","","","","","","","","","","","","","","","","","","","","","","","[11,25,4,8,15,45]","",2
191,"VaalSummonSkeletons","","","","","","","","","","",1267,"",1263,"","","","","","","","","","","","","","","","","","","","","","[11,25,4,8,15,24]","",5
192,"VaalSummonSkeletonsAltX","Vaal Summon Skeletons","Invocation de Squelettes vaal","Vaal-Skelette beschwören","ヴァールスケルトン召喚","바알 해골 소환","Convocar Esqueletos Vaal","Сотворение скелетов ваал","Invocar esqueletos vaal","วาล์ อัญเชิญโครงกระดูก (Vaal Summon Skeletons)","瓦爾．召喚骷髏",1267,"",1264,"","","","","","","","","","","","","","","","","","","","","","[11,25,4,8,15,24]","",1
193,"VaalSummonSkeletonsAltY","Vaal Summon Skeletons","Invocation de Squelettes vaal","Vaal-Skelette beschwören","ヴァールスケルトン召喚","바알 해골 소환","Convocar Esqueletos Vaal","Сотворение скелетов ваал","Invocar esqueletos vaal","วาล์ อัญเชิญโครงกระดูก (Vaal Summon Skeletons)","瓦爾．召喚骷髏",1267,"",1265,"","","","","","","","","","","","","","","","","","","","","","[11,25,4,8,15,24,45]","",2
194,"HeavyStrike","","","","","","","","","","",1297,"","","","","","","","","","","","","","","","","","","","","","","","[9,25,13,7,36]","",5
195,"HeavyStrikeAltX","[DNT] Heavy Strike of Clobbering","Frappe massive de l'Assommement ","Heftiger Schlag der Keilerei","連打のヘビーストライク","구타의 묵직한 타격","Pancada da Destruição","[DNT] Heavy Strike of Clobbering","Golpe pesado de aplastamiento","ฟาดหนักหน่วงแห่งการกระหน่ำตี (Heavy Strike of Clobbering)","沉重之擊．破壞",1298,"","","","","","","","","","","","","","","","","","","","","","","","[9,25,13,7,36]","",1
196,"HeavyStrikeAltY","Heavy Strike of Trarthus","Frappe massive de Trarthus","Heftiger Schlag von Trarthus","トラーサスのヘビーストライク","트라투스의 묵직한 타격","Golpe Pesado de Trarthus","Тяжёлый удар Тератны","Golpe pesado de Trarthus ","ฟาดหนักหน่วงแห่งทาร์ทัส (Heavy Strike of Trarthus)","特拉特斯沉重之擊",1299,"","","","","","","","","","","","","","","","","","","","","","","","[9,25,13,7,36]","",3
197,"VaalHeavyStrike","","","","","","","","","","",1301,"","","","","","","","","","","","","","","","","","","","","","","","[9,25,13,7,36,24]","",5
198,"DominatingBlow","","","","","","","","","","",1313,"","","","","","","","","","","","","","","","","","","","","","","","[9,25,13,8,15,7,36]","",5
199,"DominatingBlowAltX","Dominating Blow of Inspiring","Coup de soumission de l'Inspiration","Beherrschender Schlag der Inspiration","鼓舞のドミネイティングブロウ","격려의 지배의 맹타","Golpe Dominador da Inspiração","Удар власти вдохновения","Embate dominante de inspiración","แสดงอำนาจแห่งการบันดาลใจ (Dominating Blow of Inspiring)","霸氣之擊．啟發",1314,"","","","","","","","","","","","","","","","","","","","","","","","[9,25,13,8,15,7,36]","",1
200,"DominatingBlowAltY","[DNT] DominatingBlowAltY","[DNT] DominatingBlowAltY","[DNT] DominatingBlowAltY","[DNT] DominatingBlowAltY","[DNT] DominatingBlowAltY","[DNT] DominatingBlowAltY","[DNT] DominatingBlowAltY","[DNT] DominatingBlowAltY","[DNT] DominatingBlowAltY","[DNT] DominatingBlowAltY",1315,"","","","","","","","","","","","","","","","","","","","","","","","[9,25,13,8,15,7,36]","",2
201,"RainOfArrows","","","","","","","","","","",9296,"","","","","","","","","","","","","","","","","","","","","","","","[10,25,13,14,5,6]","",5
202,"RainOfArrowsAltX","Rain of Arrows of Artillery","Pluie de flèches de l'Artillerie","Pfeilregen der Artillerie","砲撃のレインオブアロー","포대의 화살비","Chuva de Flechas da Arilharia","Артиллерийский ливень стрел","Lluvia de flechas de artillería","ฝนลูกธนูแห่งการปูพรม (Rain of Arrows of Artillery)","箭雨．火炮",9297,"","","","","","","","","","","","","","","","","","","","","","","","[10,25,13,14,5,6]","",1
203,"RainOfArrowsAltY","Rain of Arrows of Saturation","Pluie de flèches de la Saturation","Pfeilregen der Flächendeckung","飽和のレインオブアロー","포화의 화살비","Chuva de Flechas da Saturação","Ливень стрел насыщения","Lluvia de flechas de saturación","ฝนลูกธนูแห่งการความท่วมท้น (Rain of Arrows of Saturation)","箭雨．飽和",9299,"","","","","","","","","","","","","","","","","","","","","","","","[10,25,13,14,5,6]","",2
204,"VaalRainOfArrows","","","","","","","","","","",9302,"",9296,"","","","","","","","","","","","","","","","","","","","","","[10,25,13,14,5,24,6]","",5
205,"VaalRainOfArrowsAltX","Vaal Rain of Arrows","Pluie de flèches vaal","Vaal-Pfeilregen","ヴァールレインオブアロー","바알 화살비","Chuva de Flechas Vaal","Ливень стрел ваал","Lluvia de flechas vaal","วาล์ ฝนลูกธนู (Vaal Rain of Arrows)","瓦爾．箭雨",9302,"",9297,"","","","","","","","","","","","","","","","","","","","","","[10,25,13,14,5,24,6]","",1
206,"VaalRainOfArrowsAltY","Vaal Rain of Arrows","Pluie de flèches vaal","Vaal-Pfeilregen","ヴァールレインオブアロー","바알 화살비","Chuva de Flechas Vaal","Ливень стрел ваал","Lluvia de flechas vaal","วาล์ ฝนลูกธนู (Vaal Rain of Arrows)","瓦爾．箭雨",9302,"",9299,"","","","","","","","","","","","","","","","","","","","","","[10,25,13,14,5,24,6]","",2
207,"SupportConcentratedEffect","","","","","","","","","","",1328,"","","","Supports any skill with an area of effect, regardless of whether that skill deals damage.","Modifie toutes les aptitudes avec une zone d'effet, qu'elles infligent ou non des dégâts.","Unterstützt Fertigkeiten mit Wirkungsbereich, unabhängig davon, ob diese Fertigkeiten Schaden verursachen.","ダメージを与えるかどうかに関わらず、効果範囲を持つスキルをサポートする。","피해를 주는 여부와 관련 없이 범위 효과를 주는 모든 스킬에 적용됩니다.","Suporta qualquer habilidade com uma área de feito, independente se a habilidade causa dano ou não.","Усиливает любое умение с областью действия, даже если умение не наносит урон.","Asiste cualquier habilidad que tenga un área de efecto, independientemente de si esa habilidad inflige daño o no.","ใช้เสริมสกิลที่มีพื้นที่ส่งผล ไม่ว่ามันจะสร้างความเสียหายได้หรือไม่ก็ตาม","輔助任何範圍效果的技能，不管技能是否造成傷害。","","","","","","","","","","","[11,16,14]",14453,5
208,"SupportMinionDamage","","","","","","","","","","",1330,"","","","Supports skills which create Minions.","\r\nModifie les aptitudes qui génèrent des créatures.","Unterstützt Fertigkeiten, die Kreaturen erzeugen.","ミニオンを作り出すスキルをサポートする。","소환수를 생성하는 스킬에 적용됩니다.","Suporta qualquer habilidade que crie Lacaios.","Усиливает умения, создающие приспешников.","Asiste habilidades que crean esbirros.","ใช้เสริมสกิลที่สร้าง มิเนียน","輔助製造召喚物的技能。","","","","","","","","","","","[11,16,8]",14380,5
209,"SupportMoreDuration","","","","","","","","","","",1331,"","","","Supports any skill with a duration.","Modifie toutes les aptitudes ayant une durée.","Unterstützt Fertigkeiten mit Wirkungsdauer.","持続時間を持つスキルをサポートする。","지속시간이 있는 모든 스킬에 적용됩니다.","Suporta qualquer habilidade com uma duração.","Усиливает любое умение с временем действия.","Asiste cualquier habilidad que tenga una duración.","ใช้เสริมสกิลที่มีระยะเวลา","輔助任何有期間的技能。","","","","","","","","","","","[9,16,15]",14395,5
210,"SupportColdtoFire","","","","","","","","","","",1333,"","","","Supports any skill that hits enemies.","Modifie les aptitudes qui touchent les ennemis.","Unterstützt Fertigkeiten, die Treffer bei Gegnern verursachen.","敵にヒットを与えるスキルをサポートする。","적을 명중하는 모든 스킬에 적용됩니다.","Suporta qualquer habilidade que acerte inimigos.","Усиливает любое умение, наносящее удары по врагам.","Asiste cualquier habilidad que golpee enemigos.","ใช้เสริมสกิลที่ปะทะศัตรู","輔助任何可擊中敵人的技能。","","","","","","","","","","","[1,0,9,16]",14389,5
211,"SupportCombustion","","","","","","","","","","",1334,"","","","Supports any skill that hits enemies.","Modifie les aptitudes qui touchent les ennemis.","Unterstützt Fertigkeiten, die Treffer bei Gegnern verursachen.","敵にヒットを与えるスキルをサポートする。","적을 명중하는 모든 스킬에 적용됩니다.","Suporta qualquer habilidade que acerte inimigos.","Усиливает любое умение, наносящее удары по врагам.","Asiste cualquier habilidad que golpee enemigos.","ใช้เสริมสกิลที่ปะทะศัตรู","輔助任何可擊中敵人的技能。","","","","","","","","","","","[0,11,16]",14396,5
212,"SupportMinionSpeed","","","","","","","","","","",1336,"","","","Supports skills which create Minions.","\r\nModifie les aptitudes qui génèrent des créatures.","Unterstützt Fertigkeiten, die Kreaturen erzeugen.","ミニオンを作り出すスキルをサポートする。","소환수를 생성하는 스킬에 적용됩니다.","Suporta qualquer habilidade que crie Lacaios.","Усиливает умения, создающие приспешников.","Asiste habilidades que crean esbirros.","ใช้เสริมสกิลที่สร้าง มิเนียน","輔助製造召喚物的技能。","","","","","","","","","","","[22,11,16,8]",14378,5
213,"SupportMinionLife","","","","","","","","","","",1337,"","","","Supports skills which create Minions.","\r\nModifie les aptitudes qui génèrent des créatures.","Unterstützt Fertigkeiten, die Kreaturen erzeugen.","ミニオンを作り出すスキルをサポートする。","소환수를 생성하는 스킬에 적용됩니다.","Suporta qualquer habilidade que crie Lacaios.","Усиливает умения, создающие приспешников.","Asiste habilidades que crean esbirros.","ใช้เสริมสกิลที่สร้าง มิเนียน","輔助製造召喚物的技能。","","","","","","","","","","","[11,16,8]",14377,5
214,"SupportElementalDamageWithAttacks","","","","","","","","","","",1338,"","","","Supports attack skills.","Modifie les aptitudes d'attaque.","Unterstützt Angriffsfertigkeiten.","アタックスキルをサポートする。","공격 스킬에 적용됩니다.","Suporta habilidades de ataque.","Усиливает умения атак.","Asiste habilidades de ataque.","ใช้เสริม สกิลโจมตี","輔助攻擊技能。","","","","","","","","","","","[13,9,16]",14374,5
215,"SupportBloodlust","","","","","","","","","","",4758,"","","","Supports melee attack skills, causing them to deal more damage against bleeding enemies, but preventing those skills from inflicting bleeding on enemies in any way.","Modifie les aptitudes d'attaque de mêlée, leur permettant d'infliger davantage de dégâts contre les ennemis qui saignent, mais en les empêchant d'infliger le saignement aux ennemis de quelque façon que ce soit.","Unterstützt Nahkampf-Angriffsfertigkeiten, die dann mehr Schaden an blutenden Gegnern verursachen, verhindert jedoch, dass diese Fertigkeiten bei Gegnern Bluten verursachen.","近接アタックスキルをサポートする。敵を出血状態にすることはできないが、すでに出血状態の敵にはより大きなダメージを与えることができる。","근접 공격 스킬에 적용됩니다. 출혈 상태의 적에게 주는 피해를 증폭하지만, 보조 대상 스킬이 출혈을 유발하지는 않습니다.","Suporta habilidades de ataque corpo a corpo, fazendo com que elas causem mais dano contra inimigos sangrando, mas impedindo que tais habilidades inflijam sangramento em inimigos de qualquer forma.","Усиливает умения атак ближнего боя. Атаки наносят больше урона по истекающим кровью врагам, при этом умения не могут накладывать кровотечение.","Asiste habilidades de ataque cuerpo a cuerpo para que inflijan más daño a los enemigos que tienen sangrado, pero al mismo tiempo impide que esas habilidades apliquen sangrado de cualquier forma a los enemigos.","ใช้เสริม สกิลโจมตีประชิด ทำให้สร้างความเสียหายเพิ่มขึ้น อีก ต่อศัตรูที่ติดสถานะ เลือดไหล แต่จะทำให้ไม่สามารถสร้างสถานะ เลือดไหล ต่อศัตรูได้เป็นอันขาด","輔助近戰攻擊技能，對流血的敵人造成更多傷害，但技能不再對敵人造成流血。","","","","","","","","","","","[13,33,9,16,7]",14397,5
216,"SupportLifeGainOnHit","","","","","","","","","","",1339,"","","","Supports attack skills.","Modifie les aptitudes d'attaque.","Unterstützt Angriffsfertigkeiten.","アタックスキルをサポートする。","공격 스킬에 적용됩니다.","Suporta habilidades de ataque.","Усиливает умения атак.","Asiste habilidades de ataque.","ใช้เสริม สกิลโจมตี","輔助攻擊技能。","","","","","","","","","","","[13,9,16]",14398,5
217,"Firestorm","","","","","","","","","","",1340,"","","","","","","","","","","","","","","","","","","","","","","","[11,25,4,14,15,0]","",5
218,"FirestormAltX","Firestorm of Meteors","Tempête de feu Météoritique","Feuerregen der Meteore","隕石のファイヤーストーム","유성의 화염 폭풍","Tormenta Flamejante dos Meteoros","Огненный шторм метеоров","Tormenta de fuego de meteoritos","พายุไฟแห่งดาวตก (Firestorm of Meteors)","烈炎風暴．隕石",1341,"","","","","","","","","","","","","","","","","","","","","","","","[11,25,4,14,0]","",1
219,"FirestormAltY","Firestorm of Pelting","Tempête de feu du Bombardement","Feuerregen des Niederprasselns","土砂降りのファイヤーストーム","퍼부음의 화염 폭풍","Tormenta Flamejante do Disparo","Огненный шторм проливного огня","Tormenta de fuego de bombardeo","พายุไฟแห่งการเทถล่ม (Firestorm of Pelting)","烈炎風暴．猛擲",1342,"","","","","","","","","","","","","","","","","","","","","","","","[11,25,4,14,15,0]","",2
220,"LightningStrike","","","","","","","","","","",1485,"","","","","","","","","","","","","","","","","","","","","","","","[10,25,13,5,7,36,2]","",5
221,"LightningStrikeAltX","Lightning Strike of Arcing","Frappe foudroyante du Ricochet","Blitzschlag des Bogens","放電のライトニングストライク","전호의 번개 타격","Golpe Relampejante do Arco","Удар цепной молнии","Golpe de rayo de electricidad","ฟาดสายฟ้าแห่งสายฟ้าชิ่ง (Lightning Strike of Arcing)","閃電打擊．電弧",1486,"","","","","","","","","","","","","","","","","","","","","","","","[10,25,13,5,7,36,2,18]","",1
222,"LightningStrikeAltY","[DNT] LightningStrikeAltY","[DNT] LightningStrikeAltY","[DNT] LightningStrikeAltY","[DNT] LightningStrikeAltY","[DNT] LightningStrikeAltY","[DNT] LightningStrikeAltY","[DNT] LightningStrikeAltY","[DNT] LightningStrikeAltY","[DNT] LightningStrikeAltY","[DNT] LightningStrikeAltY",1487,"","","","","","","","","","","","","","","","","","","","","","","","[10,25,13,5,7,36,2]","",2
223,"VaalLightningStrike","","","","","","","","","","",9283,"",1485,"","","","","","","","","","","","","","","","","","","","","","[10,25,13,7,36,15,24,2,5]","",5
224,"VaalLightningStrikeAltX","Vaal Lightning Strike","Frappe foudroyante vaal","Vaal-Blitzschlag","ヴァールライトニングストライク","바알 번개 타격","Golpe Relampejante Vaal","Удар молнии ваал","Golpe de rayo vaal","วาล์ ฟาดสายฟ้า (Vaal Lightning Strike)","瓦爾．閃電打擊",9283,"",1486,"","","","","","","","","","","","","","","","","","","","","","[10,25,13,7,36,15,24,2,5,18]","",1
225,"VaalLightningStrikeAltY","Vaal Lightning Strike","Frappe foudroyante vaal","Vaal-Blitzschlag","ヴァールライトニングストライク","바알 번개 타격","Golpe Relampejante Vaal","Удар молнии ваал","Golpe de rayo vaal","วาล์ ฟาดสายฟ้า (Vaal Lightning Strike)","瓦爾．閃電打擊",9283,"",1487,"","","","","","","","","","","","","","","","","","","","","","[10,25,13,7,36,15,24,2,5]","",2
226,"TempestShield","","","","","","","","","","",1546,"","","","","","","","","","","","","","","","","","","","","","","","[11,25,4,2,18]","",5
227,"MoltenShell","","","","","","","","","","",1551,"","","","","","","","","","","","","","","","","","","","","","","","[9,25,4,14,15,0,33,34]","",5
228,"VaalMoltenShell","","","","","","","","","","",1552,"",1551,"","","","","","","","","","","","","","","","","","","","","","[9,25,4,14,15,0,33,24,34]","",5
229,"PowerSiphon","","","","","","","","","","",1565,"","","","","","","","","","","","","","","","","","","","","","","","[47,11,25,13,5]","",5
230,"PowerSiphonAltX","Power Siphon of the Archmage","Siphon de pouvoir de l'Archimage","Energieentladung des Erzmagiers","アークメイジのパワーサイフォン","대마법사의 권능 착취","Sifão de Poder do Arquimago","Перелив энергии архимага","Robo de poder del archimago","ดูดพลังแห่งจอมเวท (Power Siphon of the Archmage)","力量抽取．大法師",1566,"","","","","","","","","","","","","","","","","","","","","","","","[11,25,13,5,2]","",1
231,"PowerSiphonAltY","[DNT] PowerSiphonAltY","[DNT] PowerSiphonAltY","[DNT] PowerSiphonAltY","[DNT] PowerSiphonAltY","[DNT] PowerSiphonAltY","[DNT] PowerSiphonAltY","[DNT] PowerSiphonAltY","[DNT] PowerSiphonAltY","[DNT] PowerSiphonAltY","[DNT] PowerSiphonAltY",1567,"","","","","","","","","","","","","","","","","","","","","","","","[47,11,25,13,5]","",2
232,"VaalPowerSiphon","","","","","","","","","","",1568,"",1565,"","","","","","","","","","","","","","","","","","","","","","[47,11,25,13,5,24]","",5
233,"VaalPowerSiphonAltX","Vaal Power Siphon","Siphon de pouvoir vaal","Vaal-Energieentladung","ヴァールパワーサイフォン","바알 권능 착취","Sifão de Poder Vaal","Перелив энергии ваал","Robo de poder vaal","วาล์ ดูดพลัง (Vaal Power Siphon)","瓦爾．力量抽取",1568,"",1566,"","","","","","","","","","","","","","","","","","","","","","[47,11,25,13,5,24,2]","",1
234,"VaalPowerSiphonAltY","Vaal Power Siphon","Siphon de pouvoir vaal","Vaal-Energieentladung","ヴァールパワーサイフォン","바알 권능 착취","Sifão de Poder Vaal","Перелив энергии ваал","Robo de poder vaal","วาล์ ดูดพลัง (Vaal Power Siphon)","瓦爾．力量抽取",1568,"",1567,"","","","","","","","","","","","","","","","","","","","","","[47,11,25,13,5,24]","",2
235,"Puncture","","","","","","","","","","",1896,"","","","","","","","","","","","","","","","","","","","","","","","[10,25,13,5,15,33,6]","",5
236,"PunctureAltX","Puncture of Shanking","Saignée du Poignardement","Durchstoßen des Erstechens","刃物のパンクチャー","들이꽂는 관통상","Punctura do Estilhaço","Надрез свежевания","Punción de pinchazo","กรีดเลือดแห่งการลอบแทง (Puncture of Shanking)","腿脛放血",1897,"","","","","","","","","","","","","","","","","","","","","","","","[10,25,13,7,36,15,33]","",1
237,"PunctureAltY","[DNT] PunctureAltY","[DNT] PunctureAltY","[DNT] PunctureAltY","[DNT] PunctureAltY","[DNT] PunctureAltY","[DNT] PunctureAltY","[DNT] PunctureAltY","[DNT] PunctureAltY","[DNT] PunctureAltY","[DNT] PunctureAltY",1898,"","","","","","","","","","","","","","","","","","","","","","","","[10,25,13,5,15,33,6]","",2
238,"LightningArrow","","","","","","","","","","",1916,"","","","","","","","","","","","","","","","","","","","","","","","[10,25,13,14,5,2,6]","",5
239,"LightningArrowAltX","Lightning Arrow of Electrocution","Flèche de foudre de l'Électrocution","Blitzpfeil des Stromschlags","感電死のライトニングアロー","전기 처형의 번개 화살","Flecha Relampejante da Eletrocussão","Стрела молнии проводимости","Flecha de rayo de electrocución","ศรสายฟ้าแห่งการช็อตไฟฟ้า (Lightning Arrow of Electrocution)","閃電箭矢．電刑",1917,"","","","","","","","","","","","","","","","","","","","","","","","[10,25,13,5,2,6]","",1
240,"LightningArrowAltY","[DNT] LightningArrowAltY","[DNT] LightningArrowAltY","[DNT] LightningArrowAltY","[DNT] LightningArrowAltY","[DNT] LightningArrowAltY","[DNT] LightningArrowAltY","[DNT] LightningArrowAltY","[DNT] LightningArrowAltY","[DNT] LightningArrowAltY","[DNT] LightningArrowAltY",1918,"","","","","","","","","","","","","","","","","","","","","","","","[10,25,13,14,5,2,6]","",2
241,"Haste","","","","","","","","","","",1928,"","","","","","","","","","","","","","","","","","","","","","","","[12,10,25,4,14]","",5
242,"VaalHaste","","","","","","","","","","",1934,"",1928,"","","","","","","","","","","","","","","","","","","","","","[12,10,25,4,14,15,24]","",5
243,"PurityOfElements","","","","","","","","","","",1938,"","","","","","","","","","","","","","","","","","","","","","","","[12,11,25,4,14]","",5
244,"Vitality","","","","","","","","","","",1941,"","","","","","","","","","","","","","","","","","","","","","","","[12,9,25,4,14]","",5
245,"Discipline","","","","","","","","","","",1950,"","","","","","","","","","","","","","","","","","","","","","","","[12,11,25,4,14]","",5
246,"VaalDiscipline","","","","","","","","","","",1951,"",1950,"","","","","","","","","","","","","","","","","","","","","","[12,11,25,4,14,15,24]","",5
247,"Grace","","","","","","","","","","",1957,1958,"","","","","","","","","","","","","","","","","","","","","","","[12,10,25,4,14]","",5
248,"VaalGrace","","","","","","","","","","",1965,"",1957,1958,"","","","","","","","","","","","","","","","","","","","","[12,10,25,4,14,15,24]","",5
249,"Determination","","","","","","","","","","",1969,1970,"","","","","","","","","","","","","","","","","","","","","","","[12,9,25,4,14,33]","",5
250,"Anger","","","","","","","","","","",1976,"","","","","","","","","","","","","","","","","","","","","","","","[12,9,25,4,14,0]","",5
251,"Hatred","","","","","","","","","","",1985,"","","","","","","","","","","","","","","","","","","","","","","","[12,10,25,4,14,1]","",5
252,"Wrath","","","","","","","","","","",1996,"","","","","","","","","","","","","","","","","","","","","","","","[12,11,25,4,14,2]","",5
253,"BurningArrow","","","","","","","","","","",2008,"","","","","","","","","","","","","","","","","","","","","","","","[10,25,13,5,0,6]","",5
254,"BurningArrowAltX","Burning Arrow of Vigour","Flèche incendiaire de la Vigueur","Brennender Pfeil der Durchschlagskraft","活力のバーニングアロー","활력의 불타는 화살","Flecha Ardente do Vigor","Горящая стрела мощи","Flecha ardiente de vigor","ศรไฟแห่งพละกำลัง (Burning Arrow of Vigour)","燃燒箭矢．活力",2009,"","","","","","","","","","","","","","","","","","","","","","","","[10,25,13,5,0,6]","",1
255,"BurningArrowAltY","[DNT] BurningArrowAltY","[DNT] BurningArrowAltY","[DNT] BurningArrowAltY","[DNT] BurningArrowAltY","[DNT] BurningArrowAltY","[DNT] BurningArrowAltY","[DNT] BurningArrowAltY","[DNT] BurningArrowAltY","[DNT] BurningArrowAltY","[DNT] BurningArrowAltY",2010,"","","","","","","","","","","","","","","","","","","","","","","","[10,25,13,5,0,6]","",2
256,"VaalBurningArrow","","","","","","","","","","",3346,"",2008,"","","","","","","","","","","","","","","","","","","","","","[10,25,13,5,14,24,0,6]","",5
257,"VaalBurningArrowAltX","Vaal Burning Arrow","Flèche incendiaire vaal","Vaal-Brennender Pfeil","ヴァールバーニングアロー","바알 불타는 화살","Flecha Ardente Vaal","Горящая стрела ваал","Flecha ardiente vaal","วาล์ ศรไฟ (Vaal Burning Arrow)","瓦爾．燃燒箭矢",3346,"",2009,"","","","","","","","","","","","","","","","","","","","","","[10,25,13,5,14,24,0,6]","",1
258,"VaalBurningArrowAltY","Vaal Burning Arrow","Flèche incendiaire vaal","Vaal-Brennender Pfeil","ヴァールバーニングアロー","바알 불타는 화살","Flecha Ardente Vaal","Горящая стрела ваал","Flecha ardiente vaal","วาล์ ศรไฟ (Vaal Burning Arrow)","瓦爾．燃燒箭矢",3346,"",2010,"","","","","","","","","","","","","","","","","","","","","","[10,25,13,5,14,24,0,6]","",2
259,"SupportElementalProliferation","","","","","","","","","","",2016,"","","","Supports any skill that hits enemies, or could otherwise apply elemental ailments.","Modifie toutes les aptitudes qui touchent les ennemis, ou qui à défaut peuvent appliquer des altérations élémentaires.","Unterstützt Fertigkeiten, die Treffer bei Gegnern verursachen oder auf andere Weise Beeinträchtigungen verursachen können.","敵にヒットするスキルまたは元素状態異常を引き起こすスペルをサポートする。","적을 명중하거나 원소 상태 이상을 유발하는 모든 스킬에 적용됩니다.","Suporta qualquer habilidade que acerte inimigos ou possa, de qualquer outra forma, aplicar afecções elementais.","Усиливает любое умение, наносящее удары по врагам или накладывающее стихийные состояния.","Asiste cualquier habilidad que golpee enemigos o que de otra forma pueda aplicar estados alterados elementales.","ใช้เสริมสกิลที่ปะทะศัตรู หรือสกิลที่สามารถสร้าง สถานะเจ็บป่วยธาตุ ได้","輔助任何可擊中敵人的技能，或造成元素異常狀態。","","","","","","","","","","","[1,0,2,11,16,14]",14451,5
260,"SupportArrogance","","","","","","","","","","",2017,"","","","Supports any non-blessing skill with a reservation.","Modifie toutes les aptitudes à réservation qui ne sont pas des Bénédictions","Unterstützt alle Fertigkeiten (Segnungen ausgenommen) mit Reservierungskosten.","マナをリザーブする、ブレッシングタイプのスキルをサポートする。","점유가 있는 모든 비-축복 스킬에 적용됩니다.","Suporta qualquer habilidade não bênção com uma reserva.","Усиливает любое умение не-благословение с удержанием.","Asiste cualquier habilidad que no sea una bendición y que tenga reserva.","ใช้เสริม สกิลที่ไม่ใช่พร ที่มีค่าสำรอง","輔助任何有保留的非祝福技能。","","","","","","","","","","","[12,9,16]",14359,5
261,"Clarity","","","","","","","","","","",2024,"","","","","","","","","","","","","","","","","","","","","","","","[12,11,25,4,14]","",5
262,"VaalClarity","","","","","","","","","","",2027,"",2024,"","","","","","","","","","","","","","","","","","","","","","[12,11,25,4,14,15,24]","",5
263,"SupportCullingStrike","","","","","","","","","","",2028,"","","","Supports any skill that hits enemies. If enemies are left below 10% of maximum life after being hit by these skills, they will be killed.","Modifie toutes les aptitudes qui touchent les ennemis. Les ennemis touchés par ces aptitudes seront instantanément tués s'ils se trouvent à 10% de leur vie maximale ou moins.","Unterstützt Fertigkeiten, die Treffer bei Gegnern verursachen. Wenn Gegner nach einem Treffer mit dieser Fertigkeit unter 10% ihres maximalen Lebens fallen, werden sie sofort getötet.","敵にヒットを与えるスキルをサポートする。敵がこのスキルで攻撃された後、残りのライフが10%以下になると、その敵は死亡する。","적을 명중하는 모든 스킬에 적용됩니다. 보조 대상 스킬로 생명력이 최대 생명력의 10% 이하인 적을 명중하면 해당 적이 즉사합니다.","Suporta qualquer habilidade que acerte inimigos. Se os inimigos ficarem abaixo de 10% da vida máxima após serem atingidos por estas habilidades, eles serão mortos.","Усиливает любое умение, наносящее удары по врагам. Если после нанесения удара этим умением у врагов осталось меньше 10% от максимума здоровья, они умрут.","Asiste cualquier habilidad que golpee enemigos. Si la vida máxima de los enemigos queda por debajo del 10% después de ser golpeados por estas habilidades, morirán.","ใช้เสริมสกิลที่ปะทะศัตรู หากศัตรูมี พลังชีวิต ต่ำกว่า 10% หลังจากถูกปะทะด้วยสกิลเหล่านี้ มันจะถูกสังหารทันที","輔助任何可擊中敵人的技能，擊中後血量等於或低於 10 % 時將會直接死亡。","","","","","","","","","","","[10,16]",14399,5
264,"SupportPointBlank","","","","","","","","","","",2029,"","","","Supports projectile skills.","Modifie les aptitudes à projectiles","Unterstützt Projektilfertigkeiten.","投射物スキルをサポートする。","투사체 스킬에 적용됩니다.","Suporta habilidades de projétil.","Усиливает умения снарядов.","Asiste habilidades de proyectiles.","ใช้เสริม สกิลโพรเจกไทล์","輔助投射物技能。","","","","","","","","","","","[5,13,10,16]",14400,5
265,"SupportIronGrip","","","","","","","","","","",2031,"","","","Supports attack skills that fire projectiles, making the increase to physical melee damage from strength also increase their physical projectile damage.","Modifie les aptitudes d'attaque à projectiles, permettant à l'augmentation des dégâts physiques en mêlée découlant de la force de s'appliquer également aux dégâts physiques de leurs projectiles.","Unterstützt Fertigkeiten, die Projektile abfeuern. Dabei führt die Erhöhung des Nahkampfschadens durch Stärke auch zur Erhöhung des physischen Projektilschadens.","投射物を放つアタックスキルをサポートする。筋力から来る物理近接ダメージを増加すると、物理投射物ダメージも増加する。","투사체 공격 스킬에 적용됩니다. 투사체 피해에 물리 피해에 대한 힘 보너스가 적용됩니다.","Suporta habilidades de ataque que disparam projéteis, fazendo com que o aumento do dano corpo a corpo físico da força também seja aplicado no dano físico do projétil.","Усиливает умения атак, выпускающие снаряды. Бонус к физическому урону в ближнем бою от силы начинает увеличивать физический урон снарядами этим умением.","Asiste habilidades de ataque que disparen proyectiles para que el aumento que la fuerza le otorga al daño físico cuerpo a cuerpo también aumente el daño físico de sus proyectiles.","ใช้เสริม สกิลโจมตี ที่ยิงโพรเจกไทล์ ทำให้การเพิ่มความเสียหาย กายภาพ ประชิด ที่มาจาก Strength นั้นเพิ่มความเสียหาย กายภาพ โพรเจกไทล์ ของสกิลด้วยเช่นกัน","輔助發射投射物的攻擊技能，力量可以增加近戰物理傷害和物理投射物傷害。","","","","","","","","","","","[5,33,9,16]",14401,5
266,"SupportIronWill","","","","","","","","","","",2032,"","","","Supports spell skills, making the increase to physical melee damage from strength also increase their spell damage.","Modifie les aptitudes qui sont des sorts, permettant à l'augmentation des dégâts physiques en mêlée découlant de la force de s'appliquer également à leurs dégâts des sorts.","Unterstützt Zauberfertigkeiten. Dabei führt die Erhöhung des Nahkampfschadens durch Stärke auch zur Erhöhung des Zauberschadens.","スペルスキルをサポートする。筋力による物理近接ダメージを増加すると、スペルダメージも増加する。","주문 스킬에 적용됩니다. 주문 사용 시 힘으로 인한 물리 근접 피해가 증가하고 주문 피해도 증가합니다.","Suporta habilidades mágicas, fazendo com que o aumento do dano corpo a corpo físico da força também seja aplicado ao seu dano mágico.","Усиливает чары. Бонус к физическому урону в ближнем бою от силы начинает увеличивать урон чарами этого умения.","Asiste habilidades de hechizo para que el aumento que la fuerza le otorga al daño físico cuerpo a cuerpo también aumente su daño de hechizos.","ใช้เสริม สกิลเวท ทำให้การเพิ่มความเสียหาย กายภาพ ประชิด ที่มาจาก Strength นั้นเพิ่มความเสียหาย เวท ของสกิลด้วยเช่นกัน","輔助法術技能，力量可以增加近戰物理傷害和法術傷害。","","","","","","","","","","","[4,9,16]",14386,5
267,"SupportDamageOnFullLife","","","","","","","","","","",2033,"","","","Supports attack skills, providing a bonus to all damage dealt by those skills while your life is full.","Modifie les aptitudes d'attaque, octroyant un bonus à tous les dégâts infligés par ces aptitudes tant que votre vie est pleine.","Unterstützt Angriffsfertigkeiten. Gewährt bei vollem Leben einen Bonus auf alle Schadenstypen, die von diesen Fertigkeiten verursacht werden.","アタックスキルをサポートする。ライフが満タンの時に、サポートされたスキルによって与えられたダメージ全てにボーナスが付与される。","공격 스킬에 적용됩니다. 생명력이 최대일 때 보조 대상 스킬로 공격하면 보너스 피해가 적용됩니다.","Suporta habilidades de ataque, concedendo um bônus a todo o dano causado por tais habilidades enquanto sua vida estiver cheia.","Усиливает умения атак. Весь урон усиленных умений, нанесенный при полном здоровье, увеличен.","Asiste habilidades de ataque para otorgar una bonificación a todo el daño que infligen esas habilidades mientras tengas la vida llena.","ใช้เสริม สกิลโจมตี ทำให้มีโบนัสความเสียหายทุกชนิดที่สร้างจากสกิลเหล่านี้ขณะที่คุณมี พลังชีวิตเต็ม","輔助攻擊技能，當你滿血時造成更多傷害。","","","","","","","","","","","[13,9,16]",14402,5
268,"SupportSpellTotem","","","","","","","","","","",2034,"","","","Supports spell skills that are not triggered. Instead of casting that spell, you will summon a totem that casts the spell for you.","Modifie les aptitudes qui sont des sorts non déclenchés. Au lieu de lancer cette aptitude, vous invoquez un totem qui l'utilisera à votre place.","Unterstützt Zauberfertigkeiten, die nicht ausgelöst werden. Statt die Fertigkeit direkt zu zaubern, wird ein Totem beschworen, das diese Fertigkeit zaubert.","トリガーされないスペルスキルをサポートする。スペルをキャストする代わりに、そのスペルをキャストするトーテムを召喚する。","비-발동형 주문 스킬에 적용됩니다. 토템을 소환하여 시전자 대신 주문을 시전하게 합니다.","Suporta habilidades mágicas que não sejam ativadas. Ao invés de conjurar a habilidade manualmente, você convocará um totem que a conjurará no seu lugar.","Усиливает не срабатывающие умения чар. Вместо сотворения чар вы будете призывать тотем, сотворяющий чары за вас.","Asiste habilidades de hechizo que no se activen. En lugar de lanzar ese hechizo, invocarás un tótem que lanzará el hechizo por ti.","ใช้เสริมสกิลเวทที่ไม่ถูกทริกเกอร์ เปลี่ยนจากการร่ายเวทแบบปกติ เป็นการอัญเชิญโทเทมที่ร่ายเวทนั้นให้กับคุณ","輔助非觸發型的法術技能。不再使用技能而是召喚一個圖騰使用技能。","","","","","","","","","","","[9,16,4,19]",14390,5
269,"SupportBlastchainMine","","","","","","","","","","",2044,"","","","Supports spells, or attacks that use bows or wands. Instead of using that skill, you will throw a mine that will use the skill for you when you detonate it. Mines cannot use channelling skills.","Modifie les sorts et les attaques qui s'effectuent avec des arcs ou des baguettes. Au lieu d'utiliser cette aptitude, vous jetez une mine qui utilisera l'aptitude à votre place lorsque vous l'activerez. Les mines ne peuvent pas utiliser les aptitudes canalisées.","Unterstützt Zauber oder Angriffe, die mit Bögen oder Zauberstäben ausgeführt werden. Anstatt die Fertigkeit direkt zu nutzen, wird eine Mine geworfen, die diese Fertigkeit benutzt, sobald sie gezündet wird. Minen können keine Kanalisierungsfertigkeiten nutzen.","スペルか、弓またはワンドによるアタックをサポートする。スキルを使用する代わりに、爆破するとそのスキルを使用するマインを投げる。マインはチャネリングスキルを使用することはできない。","주문 스킬 또는 활이나 마법봉을 사용하는 공격 스킬에 적용됩니다. 스킬 사용 시 지뢰가 투척되며, 플레이어가 지뢰를 기폭하면 지뢰에서 스킬이 시전됩니다. 집중 유지 스킬에는 적용되지 않습니다.","Suporta magias ou ataques que usam arcos ou varinhas. Ao invés de usar tal habilidade, você arremessará uma mina que utilizará a habilidade por você quando for detonada. Minas não podem usar habilidades canalizadas.","Усиливает чары или атаки, использующие луки или жезлы. Вместо использования этого умения вы будете бросать мину, которая будет использовать это умение, когда вы её взрываете. Мины не могут использовать поддерживаемые умения.","Asiste hechizos o ataques que usen arcos o varitas. En lugar de usar esa habilidad, lanzarás una mina que usará la habilidad por ti cuando la detones. Las minas no pueden usar habilidades de canalización.","ใช้เสริม สกิลเวท หรือสกิลโจมตี ที่ใช้ ธนูหรือไม้กายสิทธิ์ เปลี่ยนจากการใช้สกิลแบบปกติ เป็นการโยนทุ่นระเบิดที่ใช้สกิลนั้นให้กับคุณเมื่อคุณจุดชนวน ทุ่นระเบิดไม่สามารถใช้ สกิลแชนเนล ได้","輔助法術或使用弓和法杖的攻擊。不再使用技能而是投擲地雷，當你引爆時施放技能。地雷不能使用引導時施放技能。","","","","","","","","","","","[11,16,21]",14368,5
270,"GemDetonateMines","","","","","","","","","","",2048,"","","","","","","","","","","","","","","","","","","","","","","","[29,21,25,4]","",5
271,"ShockwaveTotem","","","","","","","","","","",2051,"","","","","","","","","","","","","","","","","","","","","","","","[19,9,25,4,14,33,38]","",5
272,"ShockwaveTotemAltX","Shockwave Totem of Authority","Totem sismique de l'Autorité","Schockwellen-Totem der Autorität","権威のショックウェーブトーテム","권위의 충격파 토템","Totem Sísmico da Autoridade","Сотрясающий тотем власти","Tótem de onda sísmica de autoridad","โทเทมคลื่นสะท้อนแห่งอำนาจ (Shockwave Totem of Authority)","震波圖騰．威權",2052,"","","","","","","","","","","","","","","","","","","","","","","","[19,9,25,4,14,33,38]","",1
273,"ShockwaveTotemAltY","[DNT] ShockwaveTotemAltY","[DNT] ShockwaveTotemAltY","[DNT] ShockwaveTotemAltY","[DNT] ShockwaveTotemAltY","[DNT] ShockwaveTotemAltY","[DNT] ShockwaveTotemAltY","[DNT] ShockwaveTotemAltY","[DNT] ShockwaveTotemAltY","[DNT] ShockwaveTotemAltY","[DNT] ShockwaveTotemAltY",2053,"","","","","","","","","","","","","","","","","","","","","","","","[19,9,25,4,14,33,38]","",2
274,"RejuvenationTotem","","","","","","","","","","",2063,"","","","","","","","","","","","","","","","","","","","","","","","[19,12,9,25,4,14]","",5
275,"IcicleMine","","","","","","","","","","",10584,"","","","","","","","","","","","","","","","","","","","","","","","[21,47,11,25,4,5,1,12,14]","",5
276,"IcicleMineAltX","Icicle Mine of Fanning","Mine d'éclats de glace de l'Éventail","Eiskristallmine des Fächers","扇形のアイシクルマイン","퍼짐의 고드름 지뢰","Mina Congelante da Ventilação","Шквальная мина рассеяния","Mina de carámbano de disipación","ทุ่นระเบิดเกล็ดน้ำแข็งแห่งพัดกระพือ (Icicle Mine of Fanning)","冰雹地雷．扇動",10585,"","","","","","","","","","","","","","","","","","","","","","","","[21,47,11,25,4,5,1,12,14]","",1
277,"IcicleMineAltY","Icicle Mine of Sabotage","Mine d'éclats de glace du Sabotage","Eiskristallmine der Sabotage","サボタージュのアイシクルマイン","방해 공작의 고드름 지뢰","Mina Congelante da Sabotagem","Шквальная мина диверсии","Mina de carámbano de sabotaje","ทุ่นระเบิดเกล็ดน้ำแข็งแห่งการบ่อนทำลาย (Icicle Mine of Sabotage)","冰雹地雷．破壞",10586,"","","","","","","","","","","","","","","","","","","","","","","","[21,47,11,25,4,5,1,12,14]","",2
278,"ConversionTrap","","","","","","","","","","",2069,"","","","","","","","","","","","","","","","","","","","","","","","[20,11,25,4,15]","",5
279,"BearTrap","","","","","","","","","","",2071,"","","","","","","","","","","","","","","","","","","","","","","","[20,10,25,4,15,33]","",5
280,"BearTrapAltX","Bear Trap of Skewers","Piège à ours de l'Embrochement","Bärenfalle der Spieße","串のベアトラップ","꼬챙이의 곰 덫","Armadilha de Urso dos Espetos","Медвежий капкан пронзания","Trampa de osos de pinchos","กับดักหมีแห่งการเสียบ (Bear Trap of Skewers)","捕熊陷阱．串燒",2072,"","","","","","","","","","","","","","","","","","","","","","","","[20,10,25,4,15,33]","",1
281,"BearTrapAltY","[DNT] BearTrapAltY","[DNT] BearTrapAltY","[DNT] BearTrapAltY","[DNT] BearTrapAltY","[DNT] BearTrapAltY","[DNT] BearTrapAltY","[DNT] BearTrapAltY","[DNT] BearTrapAltY","[DNT] BearTrapAltY","[DNT] BearTrapAltY",2073,"","","","","","","","","","","","","","","","","","","","","","","","[20,10,25,4,15,33]","",2
282,"SupportChancetoFlee","","","","","","","","","","",2084,"","","","Supports any skill that hits enemies.","Modifie les aptitudes qui touchent les ennemis.","Unterstützt Fertigkeiten, die Treffer bei Gegnern verursachen.","敵にヒットを与えるスキルをサポートする。","적을 명중하는 모든 스킬에 적용됩니다.","Suporta qualquer habilidade que acerte inimigos.","Усиливает любое умение, наносящее удары по врагам.","Asiste cualquier habilidad que golpee enemigos.","ใช้เสริมสกิลที่ปะทะศัตรู","輔助任何可擊中敵人的技能。","","","","","","","","","","","[10,16]",14388,5
283,"FireTrap","","","","","","","","","","",2085,"","","","","","","","","","","","","","","","","","","","","","","","[20,10,25,4,15,14,0]","",5
284,"FireTrapAltX","Fire Trap of Blasting","Piège incendiaire de l'Explosion","Brandfalle der Explosion","爆破のファイヤートラップ","폭발의 화염 덫","Armadilha Flamejante da Explosão","Огненная ловушка взрывов","Trampa de fuego de explosión","กับดักไฟแห่งระเบิด (Fire Trap of Blasting)","火焰陷阱．爆發",2086,"","","","","","","","","","","","","","","","","","","","","","","","[20,10,25,4,15,14,0]","",1
285,"FireTrapAltY","[DNT] FireTrapAltY","[DNT] FireTrapAltY","[DNT] FireTrapAltY","[DNT] FireTrapAltY","[DNT] FireTrapAltY","[DNT] FireTrapAltY","[DNT] FireTrapAltY","[DNT] FireTrapAltY","[DNT] FireTrapAltY","[DNT] FireTrapAltY",2087,"","","","","","","","","","","","","","","","","","","","","","","","[20,10,25,4,15,14,0]","",2
286,"VaalFireTrap","","","","","","","","","","",2090,"","","","","","","","","","","","","","","","","","","","","","","","[20,10,25,4,15,14,24,0]","",5
287,"DecoyTotem","","","","","","","","","","",2147,"","","","","","","","","","","","","","","","","","","","","","","","[19,9,25,4,14]","",5
288,"DevouringTotem","","","","","","","","","","",2148,"","","","","","","","","","","","","","","","","","","","","","","","[19,9,25,4]","",5
289,"EtherealKnives","","","","","","","","","","",2197,"","","","","","","","","","","","","","","","","","","","","","","","[10,25,4,5,33]","",5
290,"EtherealKnivesAltX","Ethereal Knives of Lingering Blades","Couteaux éthérés des Lames rémanentes","Ätherische Klingen des Verbleibens","残存する刃のイシリアルナイフ","지속되는 칼날의 천상의 단도","Facas Etéreas das Lâminas Persistentes","Бесплотные ножи остаточных клинков","Cuchillos etéreos de filos persistentes","มีดเวทมนตร์แห่งมีดค้างพื้น (Ethereal Knives of Lingering Blades)","虛空匕首．餘刃",2198,"","","","","","","","","","","","","","","","","","","","","","","","[10,25,4,5,33,15]","",1
291,"EtherealKnivesAltY","Ethereal Knives of the Massacre","Couteaux éthérés du Massacre","Ätherische Klingen des Massakers","殺戮のイシリアルナイフ","도륙의 천상의 단도","Facas Etéreas do Massacre","Бесплотные ножи резни","Cuchillos etéreos de la masacre","มีดเวทมนตร์แห่งการสังหารหมู่ (Ethereal Knives of the Massacre)","虛空匕首．屠殺",2199,"","","","","","","","","","","","","","","","","","","","","","","","[10,25,4,5,33]","",2
292,"SupportBlind","","","","","","","","","","",2230,"","","","Supports any skill that hits enemies.","Modifie les aptitudes qui touchent les ennemis.","Unterstützt Fertigkeiten, die Treffer bei Gegnern verursachen.","敵にヒットを与えるスキルをサポートする。","적을 명중하는 모든 스킬에 적용됩니다.","Suporta qualquer habilidade que acerte inimigos.","Усиливает любое умение, наносящее удары по врагам.","Asiste cualquier habilidad que golpee enemigos.","ใช้เสริมสกิลที่ปะทะศัตรู","輔助任何可擊中敵人的技能。","","","","","","","","","","","[10,16]",14382,5
293,"IceShot","","","","","","","","","","",2233,"","","","","","","","","","","","","","","","","","","","","","","","[10,25,13,5,14,1,6]","",5
294,"IceShotAltX","Ice Shot of Penetration","Tir de glace de la Pénétration","Eisgeschoss der Durchdringung","貫通のアイスショット","관통의 얼음 화살","Tiro Gélido da Penetração","Ледяной выстрел пронзания","Disparo de hielo de penetración","ศรน้ำแข็งแห่งการเจาะทะลุ (Ice Shot of Penetration)","冰霜射擊 ．穿透",2234,"","","","","","","","","","","","","","","","","","","","","","","","[10,25,13,5,14,1,6]","",1
295,"IceShotAltY","[DNT] IceShotAltY","[DNT] IceShotAltY","[DNT] IceShotAltY","[DNT] IceShotAltY","[DNT] IceShotAltY","[DNT] IceShotAltY","[DNT] IceShotAltY","[DNT] IceShotAltY","[DNT] IceShotAltY","[DNT] IceShotAltY",2235,"","","","","","","","","","","","","","","","","","","","","","","","[10,25,13,5,14,1,6]","",2
296,"CreepingFrost","","","","","","","","","","",2249,"","","","","","","","","","","","","","","","","","","","","","","","[11,25,4,5,15,14,1]","",5
297,"CreepingFrostAltX","Creeping Frost of Floes","Givre dévorant des Banquises","Schleichender Frost der Eisschollen","流氷のクリーピングフロスト","부빙의 엄습하는 서리","Geada Gradativa das Banquisas","Ползучий мороз ледяного покрова","Escarcha acechante de témpano","น้ำแข็งคืบคลานแห่งแพน้ำแข็ง (Creeping Frost of Floes)","寒霜滲透．浮冰",2250,"","","","","","","","","","","","","","","","","","","","","","","","[11,25,4,5,15,14,1]","",1
298,"CreepingFrostAltY","[DNT] ArcticBreathAltY","[DNT] ArcticBreathAltY","[DNT] ArcticBreathAltY","[DNT] ArcticBreathAltY","[DNT] ArcticBreathAltY","[DNT] ArcticBreathAltY","[DNT] ArcticBreathAltY","[DNT] ArcticBreathAltY","[DNT] ArcticBreathAltY","[DNT] ArcticBreathAltY",2251,"","","","","","","","","","","","","","","","","","","","","","","","[11,25,4,5,15,14,1]","",2
299,"Arc","","","","","","","","","","",2278,"","","","","","","","","","","","","","","","","","","","","","","","[11,25,4,18,2]","",5
300,"ArcAltX","Arc of Surging","Arc électrique du Déferlement","Lichtbogen der Welle","急増のアーク","쇄도의 연쇄 번개","Arco Elétrico do Surgimento","Цепь бушующих молний","Arco eléctrico de surgimiento","สายฟ้าชิ่งแห่งกระแสฉับพลัน (Arc of Surging)","電弧．波動",2279,"","","","","","","","","","","","","","","","","","","","","","","","[11,25,4,2]","",1
301,"ArcAltY","Arc of Oscillating","Arc électrique de l'Oscillation","Lichtbogen der Schwingung","振動のアーク","뇌동의 연쇄 번개","Arco Elétrico da Oscilação","Цепь колеблющихся молний","Arco eléctrico de oscilación","สายฟ้าชิ่งแห่งการกวัดแกว่ง (Arc of Oscillating)","電弧．震盪",2280,"","","","","","","","","","","","","","","","","","","","","","","","[11,25,4,18,2]","",2
302,"VaalArc","","","","","","","","","","",3337,"",2278,"","","","","","","","","","","","","","","","","","","","","","[11,25,4,18,24,2,15]","",5
303,"VaalArcAltX","Vaal Arc","Arc électrique vaal","Vaal-Lichtbogen","ヴァールアーク","바알 연쇄 번개","Arco Elétrico Vaal","Цепь молний ваал","Arco eléctrico vaal","วาล์ สายฟ้าชิ่ง (Vaal Arc)","瓦爾．電弧",3337,"",2279,"","","","","","","","","","","","","","","","","","","","","","[11,25,4,18,24,2,15]","",1
304,"VaalArcAltY","Vaal Arc","Arc électrique vaal","Vaal-Lichtbogen","ヴァールアーク","바알 연쇄 번개","Arco Elétrico Vaal","Цепь молний ваал","Arco eléctrico vaal","วาล์ สายฟ้าชิ่ง (Vaal Arc)","瓦爾．電弧",3337,"",2280,"","","","","","","","","","","","","","","","","","","","","","[11,25,4,18,24,2,15]","",2
305,"ArcticArmour","","","","","","","","","","",2306,"","","","","","","","","","","","","","","","","","","","","","","","[10,25,4,15,1]","",5
306,"VaalArcticArmour","","","","","","","","","","",12087,"",2306,"","","","","","","","","","","","","","","","","","","","","","[10,25,4,15,1,24]","",5
307,"HolyFlameTotem","","","","","","","","","","",2319,"","","","","","","","","","","","","","","","","","","","","","","","[19,9,25,4,5,0,30,33,14]","",5
308,"HolyFlameTotemAltX","Holy Flame Totem of Ire","Totem de flammes sacrées du Courroux","Heiliges Flammentotem des Zorns","怒りのホーリーフレイムトーテム","노여움의 신성한 화염 토템","Totem Flamejante Sagrado da Ira","Гневный тотем священного огня","Tótem de llamas sagradas de ira","โทเทมไฟศักดิ์สิทธิ์แห่งความกริ้วโกรธ (Holy Flame Totem of Ire)","神聖火舌圖騰．怒火",2320,"","","","","","","","","","","","","","","","","","","","","","","","[19,9,25,4,5,0,30,33,14]","",1
309,"HolyFlameTotemAltY","[DNT] FlameTotemAltY","[DNT] FlameTotemAltY","[DNT] FlameTotemAltY","[DNT] FlameTotemAltY","[DNT] FlameTotemAltY","[DNT] FlameTotemAltY","[DNT] FlameTotemAltY","[DNT] FlameTotemAltY","[DNT] FlameTotemAltY","[DNT] FlameTotemAltY",2321,"","","","","","","","","","","","","","","","","","","","","","","","[19,9,25,4,5,0,30,33,14]","",2
310,"SupportBallistaTotem","","","","","","","","","","",2363,"","","","Supports any bow or wand attack skill, causing it to summon a ballista totem that uses the skill for you.","Modifie toutes les aptitudes qui sont des attaques à l'arc ou à la baguette. Au lieu d'utiliser cette aptitude, vous invoquez un totem qui utilise l'aptitude à votre place.","Unterstützt Angriffsfertigkeiten mit Bögen oder Zauberstäben, die ein Ballistentotem beschwören, das diese Fertigkeit benutzt.","弓またはワンドによるアタックスキルをサポートし、そのスキルを使用するバリスタトーテムを召喚する。","활 또는 마법봉 공격 스킬에 적용되어 해당 스킬을 사용하는 쇠뇌 토템을 소환합니다.","Suporta qualquer habilidade de arco ou varinha, fazendo com ela convoque um totem balista que a utiliza por você.","Усиливает любое умение атак луками или жезлами. Вместо использования этого умения вы будете призывать тотем-баллисту, использующий умение за вас.","Asiste cualquier habilidad de ataque de arco o varita para que invoque un tótem balista que use la habilidad por ti.","ใช้เสริม สกิลโจมตี ที่ใช้ ธนูหรือไม้กายสิทธิ์ เปลี่ยนจากการใช้สกิลแบบปกติเป็นการอัญเชิญ โทเทมหน้าไม้ ที่ใช้สกิลนั้นให้กับคุณ","輔助使用弓和法杖的攻擊。不再使用技能而是召喚一個圖騰使用技能。","","","","","","","","","","","[6,5,9,16,19]",14403,5
311,"SupportFirePenetration","","","","","","","","","","",2366,"","","","Supports any skill that hits enemies, making those hits penetrate enemy fire resistance.","Modifie toutes les aptitudes qui touchent les ennemis en leur octroyant de la pénétration de résistance au feu.","Unterstützt Fertigkeiten, die Treffer bei Gegnern verursachen. Diese Treffer durchdringen den Feuerwiderstand des Gegners.","敵にヒットするスキルをサポートし、ヒットが敵の火耐性を貫通するようになる。","적을 명중하는 모든 스킬에 적용됩니다. 적의 화염 저항을 관통합니다.","Suporta qualquer habilidade que acerte inimigos, fazendo com que seus acertos penetrem a resistência a fogo inimiga.","Усиливает любое умение, наносящее удары по врагам. Удары этим умением пробивают вражеское сопротивление огню.","Asiste cualquier habilidad que golpee enemigos para que esos golpes penetren la resistencia al fuego de los enemigos.","ใช้เสริมสกิลที่ปะทะศัตรู ทำให้การปะทะเจาะต้านทาน ไฟ ของศัตรู","輔助任何可擊中敵人的技能，擊中穿透敵人火焰抗性。","","","","","","","","","","","[0,9,16]",14404,5
312,"SupportColdPenetration","","","","","","","","","","",2367,"","","","Supports any skill that hits enemies, making those hits penetrate enemy cold resistance.","Modifie toutes les aptitudes qui touchent les ennemis en leur octroyant de la pénétration de résistance au froid.","Unterstützt Fertigkeiten, die Treffer bei Gegnern verursachen. Diese Treffer durchdringen den Kältewiderstand des Gegners.","敵にヒットするスキルをサポートし、ヒットが敵の冷気耐性を貫通するようになる。","적을 명중하는 모든 스킬에 적용됩니다. 적의 냉기 저항을 관통합니다.","Suporta qualquer habilidade que acerte inimigos, fazendo com que seus acertos penetrem a resistência a gelo inimiga.","Усиливает любое умение, наносящее удары по врагам. Удары этим умением пробивают вражеское сопротивление холоду.","Asiste cualquier habilidad que golpee enemigos para que esos golpes penetren la resistencia al hielo de los enemigos.","ใช้เสริมสกิลที่ปะทะศัตรู ทำให้การปะทะเจาะต้านทาน น้ำแข็ง ของศัตรู","輔助任何可擊中敵人的技能，擊中穿透敵人冰冷抗性。","","","","","","","","","","","[1,10,16]",14353,5
313,"SupportLightningPenetration","","","","","","","","","","",2368,"","","","Supports any skill that hits enemies, making those hits penetrate enemy lightning resistance.","Modifie toutes les aptitudes qui touchent les ennemis en leur octroyant de la pénétration de résistance à la foudre.","Unterstützt Fertigkeiten, die Treffer bei Gegnern verursachen. Diese Treffer durchdringen den Blitzwiderstand des Gegners.","敵にヒットするスキルをサポートし、ヒットが敵の雷耐性を貫通するようになる。","적을 명중하는 모든 스킬에 적용됩니다. 적의 번개 저항을 관통합니다.","Suporta qualquer habilidade que acerte inimigos, fazendo com que seus acertos penetrem a resistência a raio inimiga.","Усиливает любое умение, наносящее удары по врагам. Удары этим умением пробивают вражеское сопротивление молнии.","Asiste cualquier habilidad que golpee enemigos para que esos golpes penetren la resistencia al rayo de los enemigos.","ใช้เสริมสกิลที่ปะทะศัตรู ทำให้การปะทะเจาะต้านทาน สายฟ้า ของศัตรู","輔助任何可擊中敵人的技能，擊中穿透敵人閃電抗性。","","","","","","","","","","","[2,11,16]",14405,5
314,"SupportElementalPenetration","","","","","","","","","","",2369,"","","","Supports any skill that hits enemies, making those hits penetrate enemy elemental resistances.","Modifie toutes les aptitudes qui touchent les ennemis en leur octroyant de la pénétration des résistances élémentaires.","Unterstützt Fertigkeiten, die Treffer bei Gegnern verursachen. Diese Treffer durchdringen die Elementarwiderstände des Gegners.","敵にヒットするスキルをサポートし、ヒットが敵の元素耐性を貫通するようになる。","적을 명중하는 모든 스킬에 적용됩니다. 적의 원소 저항을 관통합니다.","Suporta qualquer habilidade que acerte inimigos, fazendo com que seus acertos penetrem a resistência elemental inimiga.","Усиливает любое умение, наносящее удары по врагам. Удары этим умением пробивают вражеские сопротивления стихиям.","Asiste cualquier habilidad que golpee enemigos para que esos golpes penetren las resistencias elementales de los enemigos.","ใช้เสริมสกิลที่ปะทะศัตรู ทำให้การปะทะเจาะต้านทาน ธาตุ ของศัตรู","輔助任何可擊中敵人的技能，擊中穿透敵人元素抗性。","","","","","","","","","","","[11,16]",14527,5
315,"SupportChain","","","","","","","","","","",2370,"","","","Supports projectile skills, and any other skills that chain.","Modifie les aptitudes à projectiles ainsi que toutes les aptitudes qui ricochent.","Unterstützt Projektilfertigkeiten und alle anderen Fertigkeiten, die verketten.","投射物スキルおよび連鎖するスキルをサポートする。","투사체 스킬과 모든 연쇄 스킬에 적용됩니다.","Suporta habilidades de projétil e qualquer outra habilidade que ricocheteie.","Усиливает умения снарядов и любые другие умения, действующие по цепи.","Asiste habilidades de proyectil y cualquier otra habilidad que se encadene.","ใช้เสริม สกิลโพรเจกไทล์ และสกิลอื่นๆ ที่สามารถ ชิ่ง ได้","輔助投射物技能和其他可連鎖技能。","","","","","","","","","","","[10,16,18,5]",14406,5
316,"SupportSplitProjectiles","","","","","","","","","","",2372,"","","","","","","","","","","","","","","","","","","","","","","","[10,16,5]","",5
317,"SupportFork","","","","","","","","","","",2373,"","","","Supports projectile skills, making their projectiles fork into two projectiles the first time they hit an enemy and don't pierce it.","Modifie les aptitudes à projectiles, permettant aux projectiles de se scinder en deux autres projectiles la première fois qu'ils touchent un ennemi sans le transpercer.","Unterstützt Projektilfertigkeiten. Diese Projektile spalten sich in zwei Projektile auf, sobald sie das erste Mal einen Gegner treffen und diesen nicht durchbohren.","投射物スキルをサポートし、その投射物が敵に当たった際に貫通しなかった場合、2個の投射物に分岐させる。","투사체 스킬에 적용됩니다. 처음 명중한 투사체가 적을 관통하지 않으면 2개로 갈라집니다.","Suporta habilidades de projétil, fazendo com que os projéteis difundam em dois projéteis na primeira vez que acertarem um inimigo e não o atravessar.","Усиливает умения снарядов. Снаряды разветвляются на два при попадании в первого врага, которого они не пронзили.","Asiste habilidades de proyectil para que sus proyectiles se bifurquen en dos proyectiles la primera vez que golpeen a un enemigo y no lo perforen.","ใช้เสริม สกิลโพรเจกไทล์ ทำให้โพรเจกไทล์ แบ่งตัว เป็น 2 ลูกในครั้งแรกที่มันปะทะศัตรูโดยไม่ เจาะทะลุ","輔助投射物技能，使投射物在擊中目標時分裂成兩個。","","","","","","","","","","","[10,16,5]",14360,5
318,"SupportReturningProjectiles","","","","","","","","","","",2374,"","","","Supports projectile skills.","Modifie les aptitudes à projectiles","Unterstützt Projektilfertigkeiten.","投射物スキルをサポートする。","투사체 스킬에 적용됩니다.","Suporta habilidades de projétil.","Усиливает умения снарядов.","Asiste habilidades de proyectil.","ใช้เสริม สกิลโพรเจกไทล์","輔助投射物技能。","","","","","","","","","","","[10,16,5]",14543,5
319,"Flammability","","","","","","","","","","",2377,"","","","","","","","","","","","","","","","","","","","","","","","[11,25,4,14,15,0,17,42]","",5
320,"Frostbite","","","","","","","","","","",2391,"","","","","","","","","","","","","","","","","","","","","","","","[11,25,4,14,15,1,17,42]","",5
321,"Conductivity","","","","","","","","","","",2400,"","","","","","","","","","","","","","","","","","","","","","","","[11,25,4,14,15,2,17,42]","",5
322,"StormBurst","","","","","","","","","","",10255,"","","","","","","","","","","","","","","","","","","","","","","","[14,11,25,4,2,30,15,33]","",5
323,"StormBurstAltX","Storm Burst of Repulsion","Éclats de foudre de la Répulsion","Sturmexplosion des Rückstoßes","反発のストームバースト","반발의 폭풍 점사","Estouro Tempestuoso da Repulsão","Грозовой взрыв отталкивания","Estallido de tormenta de repulsión","ระเบิดสายฟ้าฉับพลันแห่งการขับไล่ (Storm Burst of Repulsion)","風爆．排斥",10256,"","","","","","","","","","","","","","","","","","","","","","","","[14,11,25,4,2,30,15,33]","",1
324,"StormBurstAltY","[DNT] StormBurstAltY","[DNT] StormBurstAltY","[DNT] StormBurstAltY","[DNT] StormBurstAltY","[DNT] StormBurstAltY","[DNT] StormBurstAltY","[DNT] StormBurstAltY","[DNT] StormBurstAltY","[DNT] StormBurstAltY","[DNT] StormBurstAltY",10257,"","","","","","","","","","","","","","","","","","","","","","","","[14,11,25,4,2,30,15,33]","",2
325,"Incinerate","","","","","","","","","","",9290,"","","","","","","","","","","","","","","","","","","","","","","","[11,25,4,0,30,14]","",5
326,"IncinerateAltX","Incinerate of Expanse","Incinération de l'Expansion","Verbrennen der Ausbreitung","拡大のインシネレート","광야의 소각","Incinerar da Expansão","Массивное испепеление","Incinerar de expansión","เผาให้สิ้นแห่งการขยายตัว (Incinerate of Expanse)","燒毀．蔓延",9291,"","","","","","","","","","","","","","","","","","","","","","","","[11,25,4,0,30,14]","",1
327,"IncinerateAltY","Incinerate of Venting","Incinération de la Ventilation","Verbrennen der Entlüftung","放出のインシネレート","환기의 소각","Incinerar da Exaustão","Испепеление выброса","Incinerar de ventilación","เผาให้สิ้นแห่งการระบายความร้อน (Incinerate of Venting)","燒毀．通風",9292,"","","","","","","","","","","","","","","","","","","","","","","","[11,25,4,0,30,14]","",2
328,"Cyclone","","","","","","","","","","",2500,"","","","","","","","","","","","","","","","","","","","","","","","[10,25,13,14,7,22,30]","",5
329,"CycloneAltX","Cyclone of Tumult","Cyclone du Tumulte","Wirbelsturm des Tumults","騒動のサイクロン","소동의 회오리바람","Ciclone do Tumulto","Вихрь буйства","Ciclón de tumulto","พายุหมุนแห่งความอลหม่าน (Cyclone of Tumult)","旋風斬．騷動",2501,"","","","","","","","","","","","","","","","","","","","","","","","[10,25,13,14,7,22,30]","",1
330,"CycloneAltY","[DNT] CycloneAltY","[DNT] CycloneAltY","[DNT] CycloneAltY","[DNT] CycloneAltY","[DNT] CycloneAltY","[DNT] CycloneAltY","[DNT] CycloneAltY","[DNT] CycloneAltY","[DNT] CycloneAltY","[DNT] CycloneAltY",2502,"","","","","","","","","","","","","","","","","","","","","","","","[10,25,13,14,7,22,30]","",2
331,"VaalCyclone","","","","","","","","","","",2513,"",2500,"","","","","","","","","","","","","","","","","","","","","","[10,25,13,14,7,15,24,22,30]","",5
332,"VaalCycloneAltX","Vaal Cyclone","Cyclone vaal","Vaal-Wirbelsturm","ヴァールサイクロン","바알 회오리바람","Ciclone Vaal","Вихрь ваал","Ciclón vaal","วาล์ พายุหมุน (Vaal Cyclone)","瓦爾．旋風斬",2513,"",2501,"","","","","","","","","","","","","","","","","","","","","","[10,25,13,14,7,15,24,22,30]","",1
333,"VaalCycloneAltY","Vaal Cyclone","Cyclone vaal","Vaal-Wirbelsturm","ヴァールサイクロン","바알 회오리바람","Ciclone Vaal","Вихрь ваал","Ciclón vaal","วาล์ พายุหมุน (Vaal Cyclone)","瓦爾．旋風斬",2513,"",2502,"","","","","","","","","","","","","","","","","","","","","","[10,25,13,14,7,15,24,22,30]","",2
334,"SupportMultistrike","","","","","","","","","","",2559,"","","","Supports melee attack skills, making them repeat twice when used, targeting a random enemy each time. Cannot support Vaal skills, channelling skills, travel skills, retaliation skills or triggered skills.","Modifie les aptitudes d'attaque de mêlée et leur permet de se répéter deux fois lorsqu'elles sont utilisées, en ciblant à chaque fois un ennemi au hasard. Ne peut modifier les aptitudes vaal, de canalisation, de trajet, de riposte ni les aptitudes déclenchées","Unterstützt Nahkampf-Angriffsfertigkeiten, die sich bei Nutzung zweimal wiederholen und jedes Mal einen zufälligen Gegner anvisieren. Kann keine Vaal-, Kanalisierungs-, Fortbewegungs-, Gegenschlag- oder auslösbare Fertigkeiten unterstützen.","近接アタックスキルをサポートし、スキル使用時に2回繰り返す。それぞれの攻撃対象はランダムに選択される。ヴァ―ルスキル、チャネリングスキル、トラベルスキル、報復スキル、トリガーされるスキルはサポートされない。","근접 공격 스킬에 적용됩니다. 스킬이 2번 반복되며 매번 무작위 적을 대상으로 삼습니다. 바알 스킬, 집중 유지 스킬, 이동 전용 스킬, 보복 스킬, 발동형 스킬에는 적용되지 않습니다.","Suporta habilidades de ataque corpo a corpo, fazendo com que se repitam duas vezes quando usadas, focando em um inimigo aleatório em cada vez. Não pode suportar habilidades Vaal, habilidades canalizadas, habilidades de deslocamento ou habilidades ativadas.","Усиливает умения атак ближнего боя. Атаки повторяются дважды, каждый раз выбирая целью случайного врага. Нельзя усилить умения ваал, поддерживаемые умения, умения смещения, умения ответного удара и срабатывающие умения.","Asiste habilidades de ataque cuerpo a cuerpo para que se repitan dos veces cuando las usas y seleccionen como objetivo a un enemigo aleatorio cada vez. No puede asistir habilidades vaal, de canalización, de viaje, de represalia ni de activación.","ใช้เสริม สกิลโจมตีประชิด ทำให้เกิดซ้ำ 2 ครั้งโดยเลือกเป้าหมายแบบสุ่ม ไม่สามารถเสริม สกิลวาล์, สกิลแชนเนล, สกิลเดินทาง, สกิลโต้กลับ หรือ สกิลที่ถูกทริกเกอร์ ได้","輔助近戰攻擊技能，使用時技能重複兩次，每次隨機瞄準敵人。不能輔助瓦爾、引導施放、快行、復仇和觸發技能。","","","","","","","","","","","[13,7,9,16]",14366,5
335,"SupportSpellEcho","","","","","","","","","","",2561,"","","","Supports spell skills, making them repeat when cast. Cannot support Vaal skills, totem skills, channelling skills, triggered skills, instant skills, retaliation skills, blink skills, or skills with a reservation.","Modifie les aptitudes de sort, les faisant se répéter lors de leur incantation. Ne peut pas modifier les aptitudes vaal, de totem, de canalisation, déclenchées, instantanées, de riposte, de transfert, ni les aptitudes ayant une réservation.","Unterstützt Zauberfertigkeiten, die sich beim Zaubern wiederholen. Kann keine Vaal-, Totem-, Kanalisierungs-, Gegenschalg-, auslösbare oder sofort gewirkte Fertigkeiten oder Fertigkeiten unterstützen, die Reservierungskosten haben.","スペルスキルをサポートし、そのスペルをキャストした際にスキルが繰り返される。ヴァ―ルスキル、トーテムスキル、チャネリングスキル、トリガーされるスキル、即時発動スキル、ブリンクスキルおよびリザーブするスキルはサポートされない。","주문 스킬에 적용되며, 시전 시 스킬이 반복됩니다. 바알 스킬, 토템 스킬, 집중 유지 스킬, 발동형 스킬, 즉시 시전 스킬, 보복 스킬, 점멸 스킬, 점유가 있는 스킬에는 적용되지 않습니다","Suporta habilidades mágicas, fazendo com que se repitam quando conjuradas. Não pode suportar habilidades Vaal, totens, canalizadas, ativadas, instantâneas, de retaliação, de teleporte ou habilidades com uma reserva.","Усиливает чары. При сотворении чары повторяются несколько раз. Нельзя усилить умения ваал, умения тотемов, поддерживаемые умения, срабатывающие умения, мгновенные умения, умения смещения, умения ответного удара и умения с удержанием.","Asiste habilidades de hechizo para que se repitan cuando las lanzas. No puede asistir habilidades vaal, de tótem, de canalización, de activación, instantáneas, de represalia, de traslación ni habilidades que tengan reserva.","ใช้เสริม สกิลเวท ทำให้เกิดซ้ำเมื่อร่าย ไม่สามารถเสริม สกิลวาล์, สกิลโทเทม, สกิลแชนเนล, สกิลที่ถูกทริกเกอร์, สกิลที่ส่งผลทันที, สกิลโต้กลับ, สกิลก้าวพริบตา หรือ สกิลที่มีค่าสำรอง ได้","輔助法術技能，使它們施放時重複施放第二次。不能輔助瓦爾技能、圖騰技能、引導施放技能、觸發技能、立即技能、復仇技能、閃現技能或保留技能。","","","","","","","","","","","[4,11,16]",14407,5
336,"SupportMeleeSplash","","","","","","","","","","",2564,"","","","Supports melee strike skills, causing their melee strike to deal splash damage around each target hit.","Modifie les aptitudes de frappe de mêlée, permettant à ces aptitudes d'infliger des dégâts collatéraux à tous les ennemis situés autour de la cible.","Unterstützt Nahkampf-Schlagfertigkeiten und bewirkt, dass der Nahkampfschlag Streuschaden um jedes getroffene Ziel verursacht.","近接ストライクスキルをサポートし、近接攻撃がヒットした際、スプラッシュダメージを与える。","근접 타격 스킬에 적용됩니다. 근접 타격이 대상에 명중할 때마다 주변의 적에게 범위 피해를 줍니다.","Suporta habilidades de golpe, fazendo com que seu golpe corpo a corpo propague o dano ao redor do alvo acertado.","Усиливает умения ударов ближнего боя. Удары в ближнем бою наносят урон по области вокруг каждой поражённой цели.","Asiste habilidades de golpe cuerpo a cuerpo para que su golpe cuerpo a cuerpo inflija daño colateral alrededor de cada objetivo golpeado.","ใช้เสริม สกิลฟาดประชิด ทำให้การฟาดประชิดของสกิลเหล่านี้สร้างความเสียหายกระจายรอบเป้าหมายแต่ละตัวที่ถูกปะทะ","輔助近戰打擊技能，每擊中目標使近戰攻擊擴散傷害至目標附近。","","","","","","","","","","","[9,16,7,13,36,14]",14365,5
337,"SupportPowerChargeOnCritical","","","","","","","","","","",2566,"","","","Supports any skill that hits enemies.","Modifie les aptitudes qui touchent les ennemis.","Unterstützt Fertigkeiten, die Treffer bei Gegnern verursachen.","敵にヒットを与えるスキルをサポートする。","적을 명중하는 모든 스킬에 적용됩니다.","Suporta qualquer habilidade que acerte inimigos.","Усиливает любое умение, наносящее удары по врагам.","Asiste cualquier habilidad que golpee enemigos.","ใช้เสริมสกิลที่ปะทะศัตรู","輔助任何可擊中敵人的技能。","","","","","","","","","","","[47,11,16]",14408,5
338,"SearingBond","","","","","","","","","","",2567,"","","","","","","","","","","","","","","","","","","","","","","","[9,25,4,19,0]","",5
339,"SearingBondAltX","Searing Bond of Detonation","Lien ardent de la Détonation","Sengendes Band der Detonation","起爆のシーリングボンド","기폭의 불타는 굴레","Elo Calcinante da Detonação","Обжигающие узы детонации","Atadura abrasadora de detonación","สายสัมพันธ์เร่าร้อนแห่งการจุดระเบิด (Searing Bond of Detonation)","灼熱連結．引爆",2568,"","","","","","","","","","","","","","","","","","","","","","","","[9,25,4,19,0,14,15]","",1
340,"SearingBondAltY","[DNT] SearingBondAltY","[DNT] SearingBondAltY","[DNT] SearingBondAltY","[DNT] SearingBondAltY","[DNT] SearingBondAltY","[DNT] SearingBondAltY","[DNT] SearingBondAltY","[DNT] SearingBondAltY","[DNT] SearingBondAltY","[DNT] SearingBondAltY",2569,"","","","","","","","","","","","","","","","","","","","","","","","[9,25,4,19,0]","",2
341,"SupportBurningDamage","","","","","","","","","","",2580,"","","","Supports any skill that hits enemies, or can deal burning damage directly.","Modifie toutes les aptitudes qui touchent les ennemis, ou qui peuvent infliger des dégâts de brûlure directement.","Unterstützt Fertigkeiten, die Treffer bei Gegnern oder direkten Brandschaden verursachen.","敵にヒットするスキルまたは燃焼ダメージを直接与えるスキルをサポートする。","적을 명중하거나 직접 화상 피해를 주는 모든 스킬에 적용됩니다.","Suporta qualquer habilidade que acerte inimigos, ou possa causar dano incendiário diretamente.","Усиливает любое умение, наносящее удары по врагам или урон от горения.","Asiste cualquier habilidad que golpee enemigos o que pueda infligir daño de incendio directamente.","ใช้เสริมสกิลที่ปะทะศัตรู หรือสกิลที่สร้างความเสียหาย ติดไฟ ได้โดยตรง","輔助任何可擊中敵人的技能，造成更多燃燒傷害。","","","","","","","","","","","[0,9,16]",14409,5
342,"SupportElementalArmy","","","","","","","","","","",2581,"","","","Supports skills which create Minions.","\r\nModifie les aptitudes qui génèrent des créatures.","Unterstützt Fertigkeiten, die Kreaturen erzeugen.","ミニオンを作り出すスキルをサポートする。","소환수를 생성하는 스킬에 적용됩니다.","Suporta qualquer habilidade que crie Lacaios.","Усиливает умения, создающие приспешников.","Asiste habilidades que crean esbirros.","ใช้เสริมสกิลที่สร้าง มิเนียน","輔助製造召喚物的技能。","","","","","","","","","","","[11,16,8]",14410,5
343,"SupportHextouch","","","","","","","","","","",2589,"",2590,"","Must support both a skill that hits enemies, and a hex curse skill to work. The hex will be applied when enemies are hit by the other skill. Cannot support totems, traps, or mines. Minions cannot apply hexes this way.","Doit modifier à la fois une aptitude qui touche les ennemis et une malédiction qui est une calamité pour pouvoir fonctionner. La calamité est appliquée au toucher par l'autre aptitude modifiée. Ne peut pas modifier les totems, les pièges ou les mines. Les créatures ne peuvent appliquer des malédictions de cette façon.","Muss mit einer Fertigkeit, die Gegner trifft, und gleichzeitig mit einer Verhexungs-Fluchfertigkeit verbunden sein. Die Verhexung wird angewendet, wenn Gegner von der anderen Fertigkeit getroffen werden. Kann keine Totem-, Fallen- oder Minenfertigkeiten unterstützen. Kreaturen können auf diese Weise keine Verhexung anwenden.","敵にヒットするスキルと、呪術スキルの両方をサポートしなければならない。もう片方のスキルが敵にヒットした際に、呪術が付与される。トーテム、トラップ、マインで使用されるスキルはサポートできない。ミニオンはこの方法で呪術を付与することはできない。","적을 명중하는 스킬과 사술 저주 스킬이 함께 연결되어 있어야 작동합니다. 사술이 적용되려면 연결된 다른 스킬이 적을 명중해야 합니다. 토템, 덫, 지뢰 스킬에는 사용할 수 없습니다. 또한 소환수도 이 방법으로 사술을 적용할 수 없습니다.","Precisa suportar tanto uma habilidade que acerte inimigos quanto um feitiço para funcionar. O feitiço será aplicado quando inimigos forem acertados por outras habilidades. Não pode suportar totens, armadilhas ou minas. Lacaios não podem aplicar feitiços desta forma.","Должен одновременно усиливать умение, наносящее удары врагам, и умение проклятия порчи. Умение будет накладывать порчу при нанесении удара. Нельзя усилить тотемы, ловушки и мины. Приспешники не могут накладывать порчи таким образом.","Para funcionar debe asistir tanto a una habilidad que golpee enemigos como a una habilidad de maldición de maleficio. El maleficio se aplicará cuando los enemigos sean golpeados por la otra habilidad. No puede asistir tótems, trampas ni minas. Los esbirros no pueden aplicar maleficios de esta manera.","ต้องใช้เสริมสกิลที่ปะทะศัตรูและ สกิลคำสาปสะกด พร้อมกันเท่านั้นจึงจะทำงาน โดยสกิลปะทะจะสาปศัตรูที่ถูกปะทะด้วยคำสาปที่เสริมไว้ ไม่สามารถเสริม โทเทม, กับดัก หรือ ทุ่นระเบิด ได้ มิเนียนไม่สามารถสาปด้วยวิธีนี้ได้","一定要同時輔助可擊中敵人的技能和咒術技能。技能擊中時會施放咒術。不能輔助圖騰、陷阱和地雷技能。","","","","","","","","","","","[11,16,42,26]",14411,5
344,"Reave","","","","","","","","","","",2627,"","","","","","","","","","","","","","","","","","","","","","","","[10,25,13,14,7]","",5
345,"ReaveAltX","Reave of Refraction","Ravage de la Réfraction","Zerreißen der Brechung","屈折のリーヴ","굴절의 약탈","Devastação da Refração","Преломляющее опустошение","Desgarro de refracción","รีฟแห่งการหักเหแสง (Reave of Refraction)","衝擊波．折射",2628,"","","","","","","","","","","","","","","","","","","","","","","","[10,25,13,14,7]","",1
346,"ReaveAltY","[DNT] ReaveAltY","[DNT] ReaveAltY","[DNT] ReaveAltY","[DNT] ReaveAltY","[DNT] ReaveAltY","[DNT] ReaveAltY","[DNT] ReaveAltY","[DNT] ReaveAltY","[DNT] ReaveAltY","[DNT] ReaveAltY",2629,"","","","","","","","","","","","","","","","","","","","","","","","[10,25,13,14,7]","",2
347,"VaalReave","","","","","","","","","","",2630,"",2627,"","","","","","","","","","","","","","","","","","","","","","[10,25,13,14,7,24]","",5
348,"VaalReaveAltX","Vaal Reave","Ravage vaal","Vaal-Zerreißen","ヴァールリーヴ","바알 약탈","Devastação Vaal","Опустошение ваал","Desgarro vaal","วาล์ รีฟ (Vaal Reave)","瓦爾．衝擊波",2630,"",2628,"","","","","","","","","","","","","","","","","","","","","","[10,25,13,14,7,24]","",1
349,"VaalReaveAltY","Vaal Reave","Ravage vaal","Vaal-Zerreißen","ヴァールリーヴ","바알 약탈","Devastação Vaal","Опустошение ваал","Desgarro vaal","วาล์ รีฟ (Vaal Reave)","瓦爾．衝擊波",2630,"",2629,"","","","","","","","","","","","","","","","","","","","","","[10,25,13,14,7,24]","",2
350,"SupportCastOnCriticalStrike","","","","","","","","","","",2706,"",2707,"","Must support both an attack skill and a spell skill to work. The attack skill will trigger a spell when it critically strikes an enemy. Cannot support totems, traps, or mines. Vaal skills, channelling skills, and skills with a reservation cannot be triggered.","Doit modifier deux aptitudes pour pouvoir fonctionner : une attaque et un sort. L'attaque déclenche le sort lorsqu'elle inflige un coup critique à un ennemi. Ne peut pas modifier les totems, les pièges ou les mines. Les aptitudes vaal, les aptitudes canalisées et les aptitudes à réservation ne peuvent être déclenchées.","Muss gleichzeitig mit einer Angriffs- und einer Zauberfertigkeit verbunden sein. Die Angriffsfertigkeit löst den Zauber aus, wenn ein Gegner durch sie einen kritischen Treffer erleidet. Kann keine Totem-, Fallen- oder Minenfertigkeiten unterstützen. Vaal-, Kanalisierungsfertigkeiten und Fertigkeiten mit Reservierungskosten, können nicht ausgelöst werden.","アタックスキルと、スペルスキルの両方をサポートしなければならない。アタックスキルが敵にクリティカルヒットした際に、スペルスキルをトリガーする。トーテム、トラップおよびマインはサポートできない。ヴァ―ルスキル、チャネリングスキルおよびリザーブするスキルはトリガーされない。","공격 스킬과 주문 스킬이 함께 연결되어 있어야 작동합니다. 공격 스킬이 치명타로 명중하면 연결된 주문 스킬이 발동합니다. 토템, 덫, 지뢰 스킬에는 적용되지 않으며 바알 스킬, 집중 유지 스킬, 점유가 있는 스킬은 발동되지 않습니다.","Precisa suportar tanto uma habilidade de ataque quanto uma magia para funcionar. A habilidade de ataque ativará a magia quando causar um golpe crítico em um inimigo. Não pode suportar totens, armadilhas ou minas. Habilidades Vaal, canalizadas e habilidades com reserva não podem ser ativadas.","Должен одновременно усиливать умение атаки и чары. Умение вызовет срабатывание чар при нанесении критического удара врагу. Нельзя усилить тотемы, ловушки и мины. Невозможно вызвать срабатывание умений ваал, поддерживаемых умений и умений с удержанием.","Para funcionar debe asistir tanto a una habilidad de ataque como a una habilidad de hechizo. La habilidad de ataque activará un hechizo cuando inflija un golpe crítico a un enemigo. No puede asistir tótems, trampas ni minas. Las habilidades vaal, las habilidades de canalización y las habilidades con reserva no se pueden activar.","ต้องใช้เสริม สกิลโจมตีและสกิลเวท พร้อมกันเท่านั้นจึงจะทำงาน เมื่อสกิลโจมตีคริติคอล มันจะทริกเกอร์เวทเหล่านั้น ไม่สามารถเสริม โทเทม, กับดัก หรือ ทุ่นระเบิด ได้ สกิลวาล์, สกิลแชนเนล, สกิลที่มีค่าสำรอง ไม่สามารถถูกทริกเกอร์ได้","一定要同時輔助攻擊技能和法術技能。當攻擊技能暴擊敵人時會觸發法術技能。不能輔助圖騰、陷阱和地雷技能。瓦爾技能、引導時施放技能和保留技能無法被觸發。","","","","","","","","","","","[47,10,16,4,26]",14371,5
351,"SupportCastonMeleeKill","","","","","","","","","","",2708,"",2709,"","Must support both a melee attack skill and a spell skill to work. The attack skill will trigger a spell when it kills an enemy. Cannot support totems, traps, or mines. Vaal skills, channelling skills, and skills with a reservation cannot be triggered.","Doit modifier deux aptitudes pour pouvoir fonctionner : une attaque de mêlée et un sort. L'attaque déclenche le sort lorsqu'elle inflige tue un ennemi. Ne peut pas modifier les totems, les pièges ou les mines. Les aptitudes vaal, les aptitudes canalisées et les aptitudes à réservation ne peuvent être déclenchées.","Muss gleichzeitig mit einer Nahkampfangriffs- und einer Zauberfertigkeit verbunden sein. Die Angriffsfertigkeit löst den Zauber aus, wenn durch sie ein Gegner getötet wurde. Kann keine Totem-, Fallen- oder Minenfertigkeiten unterstützen. Vaal-, Kanalisierungsfertigkeiten und Fertigkeiten mit Reservierungskosten, können nicht ausgelöst werden.","近接アタックスキルと、スペルスキルの両方をサポートしなければならない。アタックスキルが敵を倒した際に、スペルスキルをトリガーする。トーテム、トラップおよびマインはサポートされない。ヴァ―ルスキル、チャネリングスキルおよびリザーブするスキルはトリガーされない。","근접 공격 스킬과 주문 스킬이 함께 연결되어 있어야 작동합니다. 공격 스킬로 적을 처치하면 주문이 발동됩니다. 토템, 덫, 지뢰 스킬에 적용할 수 없으며 바알 스킬, 집중 유지 스킬, 점유가 있는 스킬은 발동되지 않습니다.","Precisa suportar tanto uma habilidade de ataque corpo a corpo quanto uma habilidade mágica para funcionar. A habilidade de ataque ativará uma magia quando matar um inimigo. Não pode suportar totens, armadilhas ou minas. Habilidades Vaal, canalizadas e habilidades com reserva não podem ser ativadas.","Должен одновременно усиливать умение атаки ближнего боя и чары. Умение вызовет срабатывание чар при убийстве врага. Нельзя усилить тотемы, ловушки и мины. Невозможно вызвать срабатывание умений ваал, поддерживаемых умений и умений с удержанием.","Para funcionar debe asistir tanto a una habilidad de ataque cuerpo a cuerpo como a una habilidad de hechizo. La habilidad de ataque activará un hechizo cuando mate a un enemigo. No puede asistir tótems, trampas ni minas. Las habilidades vaal, las habilidades de canalización y las habilidades con reserva no se pueden activar.","ต้องใช้เสริม สกิลโจมตีประชิดและสกิลเวท พร้อมกันเท่านั้นจึงจะทำงาน เมื่อสังหารศัตรูด้วยสกิลโจมตี มันจะทริกเกอร์เวทเหล่านั้น ไม่สามารถใช้กับ โทเทม, กับดัก หรือ ทุ่นระเบิด ได้ สกิลวาล์, สกิลแชนเนล, สกิลที่มีค่าสำรอง ไม่สามารถถูกทริกเกอร์ได้","一定要同時輔助攻擊和法術技能。當攻擊技能擊殺敵人時會觸發法術技能。不能輔助圖騰、陷阱和地雷技能。瓦爾技能、引導時施放技能和保留技能無法被觸發。","","","","","","","","","","","[9,16,7,13,4,26]",14412,5
352,"SupportMultipleTraps","","","","","","","","","","",2710,"","","","Supports traps skills, making them throw extra traps in a line.","Modifie les aptitudes de pièges, leur permettant de jeter des pièges supplémentaires en ligne droite.","Unterstützt Fallenfertigkeiten, die dann zusätzliche Fallen entlang einer Line werfen.","トラップスキルをサポートし、追加のトラップを一列に投げる。","덫 스킬에 적용됩니다. 덫을 추가로 연달아 던지게 합니다.","Suporta habilidades de armadilha, fazendo com que arremessem armadilhas em uma reta.","Усиливает умения ловушек. Бросает дополнительные ловушки в ряд.","Asiste habilidades de trampa para que lancen trampas adicionales en una línea.","ใช้เสริม สกิลกับดัก ทำให้โยนกับดักพร้อมกันหลายอันเป็นเส้นตรง","輔助陷阱技能，一次投擲額外的陷阱。","","","","","","","","","","","[10,16,20]",14413,5
353,"SupportEmpower","","","","","","","","","","",2711,"","","","Supports any skill gem. Once this gem reaches level 2 or above, will raise the level of supported gems. Cannot support skills that don't come from gems.","Modifie toutes les gemmes d'aptitudes. Lorsque cette gemme atteint le niveau 2 ou le dépasse, elle augmente le niveau des gemmes qu'elle modifie. Ne peut pas modifier une aptitude qui ne provient pas d'une gemme.","Unterstützt alle Fertigkeiten. Sobald diese Gemme Stufe 2 oder höher erreicht, erhöht sie die Stufe der unterstützten Gemmen. Kann keine Fertigkeiten unterstützen, die nicht von Gemmen stammen.","スキルジェムをサポートする。このジェムがレベル2以上になると、サポートされたジェムのレベルを上げる。ジェム由来ではないスキルはサポートされない。","모든 스킬 젬에 적용됩니다. 이 젬이 2레벨 이상이면 보조 대상 스킬 젬의 레벨을 올려줍니다. 젬과 관련되지 않은 스킬에는 적용되지 않습니다.","Suporta qualquer gema de habilidade. Uma vez que a gema atinja nível 2 ou acima, ela erguerá o nível das gemas suportadas. Não pode suportar habilidades que não venham de gemas.","Усиливает любой камень умения. Начиная со 2 уровня будет увеличивать уровень усиленных камней. Не может усиливать умения, полученные не от камней.","Asiste cualquier gema de habilidad. Una vez que esta gema alcance el nivel 2 o más, aumentará el nivel de las gemas asistidas. No puede asistir habilidades que no provengan de gemas.","ใช้เสริมหินสกิลทุกชนิด เมื่อหินนี้มีเลเวล 2 ขึ้นไป มันจะเพิ่มเลเวลของหินที่เสริม ไม่สามารถเสริมสกิลที่ไม่ได้มาจากหินได้","輔助任何技能寶石。當此寶石到達 2 等以上，會讓輔助的寶石有額外的等級。不能輔助來自非寶石的技能。","","","","","","","","","","","[29,48,9,16]",14414,5
354,"LightningTrap","","","","","","","","","","",2727,"","","","","","","","","","","","","","","","","","","","","","","","[20,47,11,25,4,5,2]","",5
355,"LightningTrapAltX","Lightning Trap of Sparking","Piège de foudre de l'Étincelle","Blitzfalle des Funkens","火花のライトニングトラップ","전기불꽃의 번개 덫","Armadilha Relampejante das Fagulhas","Ловушка молний искрения","Trampa de rayo de chispas","กับดักสายฟ้าแห่งประกายสายฟ้า (Lightning Trap of Sparking)","閃電陷阱．電球",2728,"","","","","","","","","","","","","","","","","","","","","","","","[20,47,11,25,4,5,2]","",1
356,"LightningTrapAltY","[DNT] LightningTrapAltY","[DNT] LightningTrapAltY","[DNT] LightningTrapAltY","[DNT] LightningTrapAltY","[DNT] LightningTrapAltY","[DNT] LightningTrapAltY","[DNT] LightningTrapAltY","[DNT] LightningTrapAltY","[DNT] LightningTrapAltY","[DNT] LightningTrapAltY",2729,"","","","","","","","","","","","","","","","","","","","","","","","[20,47,11,25,4,5,2]","",2
357,"VaalLightningTrap","","","","","","","","","","",2732,"",2727,"","","","","","","","","","","","","","","","","","","","","","[20,47,11,25,4,5,15,24,2]","",5
358,"VaalLightningTrapAltX","Vaal Lightning Trap","Piège de foudre vaal","Vaal-Blitzfalle","ヴァールライトニングトラップ","바알 번개 덫","Armadilha Relampejante Vaal","Ловушка молний ваал","Trampa de rayo vaal","วาล์ กับดักสายฟ้า (Vaal Lightning Trap)","瓦爾．閃電陷阱",2732,"",2728,"","","","","","","","","","","","","","","","","","","","","","[20,47,11,25,4,5,15,24,2]","",1
359,"VaalLightningTrapAltY","Vaal Lightning Trap","Piège de foudre vaal","Vaal-Blitzfalle","ヴァールライトニングトラップ","바알 번개 덫","Armadilha Relampejante Vaal","Ловушка молний ваал","Trampa de rayo vaal","วาล์ กับดักสายฟ้า (Vaal Lightning Trap)","瓦爾．閃電陷阱",2732,"",2729,"","","","","","","","","","","","","","","","","","","","","","[20,47,11,25,4,5,15,24,2]","",2
360,"SmokeMine","","","","","","","","","","",2773,2774,"","","","","","","","","","","","","","","","","","","","","","","[21,10,25,4,14,15,22,35,37]","",5
361,"SupportEnduranceChargeOnMeleeStun","","","","","","","","","","",2796,"","","","Supports melee attack skills.","Modifie les aptitudes d'attaque de mêlée.","Unterstützt Nahkampf-Angriffsfertigkeiten.","近接アタックスキルをサポートする。","근접 공격 스킬에 적용됩니다.","Suporta habilidades de ataque corpo a corpo.","Усиливает умения атак ближнего боя.","Asiste habilidades de ataque cuerpo a cuerpo.","ใช้เสริม สกิลโจมตีประชิด","輔助近戰攻擊技能。","","","","","","","","","","","[9,16,7,13]",14383,5
362,"AnimateGuardian","","","","","","","","","","",2825,"","","","","","","","","","","","","","","","","","","","","","","","[9,25,4,8]","",5
363,"AnimateGuardianAltX","Animate Guardian of Smiting","Animation de Gardien du Châtiment","Wächter des Zerschmetterns beseelen","スマイトのアニメイトガーディアン","징벌의 수호자 기동","Guardião Animado do Castigo","Аниматрон кары","Animar guardián de aniquilación","ปลุกเสกผู้พิทักษ์แห่งการเฆี่ยนตี (Animate Guardian of Smiting)","幻化守衛．重擊",2826,"","","","","","","","","","","","","","","","","","","","","","","","[9,25,4,8,2]","",1
364,"AnimateGuardianAltY","[DNT] AnimateArmourAltY","[DNT] AnimateArmourAltY","[DNT] AnimateArmourAltY","[DNT] AnimateArmourAltY","[DNT] AnimateArmourAltY","[DNT] AnimateArmourAltY","[DNT] AnimateArmourAltY","[DNT] AnimateArmourAltY","[DNT] AnimateArmourAltY","[DNT] AnimateArmourAltY",2827,"","","","","","","","","","","","","","","","","","","","","","","","[9,25,4,8]","",2
365,"SpectralShieldThrow","","","","","","","","","","",6201,"","","","","","","","","","","","","","","","","","","","","","","","[10,25,13,5,33]","",5
366,"SpectralShieldThrowAltX","Spectral Shield Throw of Shattering","Lancer de bouclier spectral du Fracassement","Spektralschildwurf des Zerschmetterns","粉砕のスペクトラルシールドスロー","산산조각의 환영 방패 투척","Arremesso de Escudo Espectral do Despedaçamento","Бросок призрачного щита разбивания","Lanzamiento de escudo espectral de fracturación","โยนโล่เงาแห่งการแตกกระจาย (Spectral Shield Throw of Shattering)","盾靈投擲．粉碎",6202,"","","","","","","","","","","","","","","","","","","","","","","","[10,25,13,5,1]","",1
367,"SpectralShieldThrowAltY","Spectral Shield Throw of Trarthus","Lancer de bouclier spectral de Trarthus","Spektralschildwurf von Trarthus","トラーサスのスペクトラルシールドスロー","트라투스의 환영 방패 투척","Arremesso de Escudo Espectral de Trarthus","Бросок призрачного щита Тератны","Lanzamiento de escudo espectral de Trarthus","โยนโล่เงาแห่งทาร์ทัส (Spectral Shield Trarthus)","特拉特斯盾靈投擲",6203,"","","","","","","","","","","","","","","","","","","","","","","","[10,25,13,5,33]","",3
368,"SpectralThrow","","","","","","","","","","",2830,"","","","","","","","","","","","","","","","","","","","","","","","[10,25,13,5]","",5
369,"SpectralThrowAltX","Spectral Throw of Materialising","Lancer spectral de la Matérialisation","Spektralwurf des Materialisierens","実体化のスペクトラルスロー","구체화의 환영 무기 투척","Arremesso Espectral da Materialização","Призрачный бросок воплощения","Lanzamiento espectral de materialización","โยนอาวุธเงาแห่งการปรากฏ (Spectral Throw of Materialising)","靈體投擲．具現化",2831,"","","","","","","","","","","","","","","","","","","","","","","","[10,25,13,5]","",1
370,"SpectralThrowAltY","Spectral Throw of Trarthus","Lancer spectral de Trarthus","Spektralwurf von Trarthus","トラーサスのスペクトラルスロー","트라투스의 환영 무기 투척","Arremesso Espectral de Trarthus","Призрачный бросок Тератны","Lanzamiento espectral de Trarthus","โยนอาวุธเงาแห่งทาร์ทัส (Spectral Throw of Trarthus)","特拉特斯靈體投擲",2832,"","","","","","","","","","","","","","","","","","","","","","","","[20,10,25,13,5]","",3
371,"VaalSpectralThrow","","","","","","","","","","",2839,"",2830,"","","","","","","","","","","","","","","","","","","","","","[10,25,13,5,24]","",5
372,"VaalSpectralThrowAltX","Vaal Spectral Throw","Lancer spectral vaal","Vaal-Spektralwurf","ヴァールスペクトラルスロー","바알 환영 무기 투척","Arremesso Espectral Vaal","Призрачный бросок ваал","Lanzamiento espectral vaal","วาล์ โยนอาวุธเงา (Vaal Spectral Throw)","瓦爾．靈體投擲",2839,"",2831,"","","","","","","","","","","","","","","","","","","","","","[10,25,13,5,24]","",1
373,"VaalSpectralThrowAltY","Vaal Spectral Throw","Lancer spectral vaal","Vaal-Spektralwurf","ヴァールスペクトラルスロー","바알 환영 무기 투척","Arremesso Espectral Vaal","Призрачный бросок ваал","Lanzamiento espectral vaal","วาล์ โยนอาวุธเงา (Vaal Spectral Throw)","瓦爾．靈體投擲",2839,"",2832,"","","","","","","","","","","","","","","","","","","","","","[10,25,13,5,24]","",2
374,"SupportSlowerProjectiles","","","","","","","","","","",2903,"","","","Supports projectile skills.","Modifie les aptitudes à projectiles.","Unterstützt Projektilfertigkeiten.","投射物スキルをサポートする。","투사체 스킬에 적용됩니다.","Suporta habilidades de projétil.","Усиливает умения снарядов.","Asiste habilidades de proyectiles.","ใช้เสริม สกิลโพรเจกไทล์","輔助投射物技能。","","","","","","","","","","","[10,16,5]",14415,5
375,"SupportLessDuration","","","","","","","","","","",2904,"","","","Supports any skill that has a duration.","Modifie toutes les aptitudes ayant une durée.","Unterstützt alle Fertigkeiten mit Dauer.","持続するスキルをサポートする。","지속시간이 있는 모든 스킬에 적용됩니다.","Suporta qualquer habilidade que tenha uma duração.","Усиливает любое умение с временем действия.","Asiste cualquier habilidad que tenga una duración.","ใช้เสริมสกิลที่มีระยะเวลา","輔助任何有期間的技能。","","","","","","","","","","","[9,16,15]",14416,5
376,"SupportCastOnDeath","","","","","","","","","","",2907,"","","","Each supported spell skill will be triggered when you die. Cannot support skills used by totems, traps, or mines. Vaal skills, channelling skills, and skills with a reservation cannot be triggered.","Toutes les aptitudes modifiées qui sont des sorts se déclenchent lorsque vous mourez. Ne peut pas modifier les totems, pièges ou mines. Les aptitudes vaal, les aptitudes canalisées et les aptitudes à réservation ne peuvent pas être déclenchées.","Jede unterstützte Zauberfertigkeit wird bei Spielertod ausgelöst. Kann keine Totem-, Fallen- oder Minenfertigkeiten unterstützen. Vaal-, Kanalisierungsfertigkeiten und Fertigkeiten mit Reservierungskosten, können nicht ausgelöst werden.","死亡時、サポートされたスペルをそれぞれトリガーする。トーテム、トラップ、マインで使用されるスキルはサポートできない。ヴァ―ルスキル、チャネリングスキルおよびリザーブするスキルはトリガーされない。","플레이어가 사망하면 보조 대상 주문 스킬이 발동됩니다. 토템, 덫, 지뢰 스킬에는 적용되지 않으며 바알 스킬, 집중 유지 스킬, 점유가 있는 스킬은 발동되지 않습니다.","Cada habilidade mágica suportada será ativada quando você morrer. Não pode suportar habilidades usadas por totens, armadilhas ou minas. Habilidades Vaal, canalizadas e habilidades com reserva não podem ser ativadas.","При смерти вызывает срабатывание всех усиленных чар. Нельзя усилить умения, используемые тотемами, ловушками и минами. Невозможно вызвать срабатывание умений ваал, поддерживаемых умений и умений с удержанием.","Cada habilidad de hechizo asistida se activará cuando mueras. No puede asistir habilidades usadas por tótems, trampas ni minas. Las habilidades vaal, las habilidades de canalización y las habilidades con reserva no se pueden activar.","สกิลเวทที่เสริมทุกเม็ดจะถูกทริกเกอร์เมื่อคุณตาย ไม่สามารถเสริมสกิลที่ใช้โดย โทเทม, กับดัก หรือ ทุ่นระเบิด ได้ สกิลวาล์, สกิลแชนเนล, สกิลที่มีค่าสำรอง ไม่สามารถถูกทริกเกอร์ได้","當你死亡時觸發所有輔助寶石。不能輔助圖騰、陷阱和地雷技能。瓦爾技能、引導時施放技能和保留技能無法被觸發。","","","","","","","","","","","[10,16,4,26]",14454,5
377,"SupportCastWhenDamageTaken","","","","","","","","","","",2909,"","","","Each supported spell skill will track damage you take, and be triggered when the total damage taken reaches a threshold. Cannot support skills used by totems, traps, or mines. Vaal skills, channelling skills, and skills with a reservation cannot be triggered.","Toutes les aptitudes modifiées qui sont des sorts gardent en mémoire les dégâts que vous subissez, et se déclenchent lorsque le total de dégâts subis atteint un certain seuil. Ne peut pas modifier les totems, pièges ou mines. Les aptitudes vaal, les aptitudes canalisées et les aptitudes à réservation ne peuvent pas être déclenchées.","Jede unterstützte Zauberfertigkeit zählt den erlittenen Schaden und wird ausgelöst, sobald der gesamte erlittene Schaden eine Schwelle erreicht. Kann keine Totem-, Fallen- oder Minenfertigkeiten unterstützen. Vaal-, Kanalisierungsfertigkeiten und Fertigkeiten mit Reservierungskosten, können nicht ausgelöst werden.","サポートされたスキルはそれぞれ受けたダメージを記録し、トータルが閾値に達するとトリガーする。トーテム、トラップ、マインはサポートされない。ヴァ―ルスキル、チャネリングスキル、リザーブするスキルはトリガーされない。","플레이어가 받은 누적 피해가 일정량을 초과하면 보조 대상 주문 스킬이 발동합니다. 토템, 덫, 지뢰 스킬에는 적용되지 않으며 바알 스킬, 집중 유지 스킬, 점유가 있는 스킬은 발동되지 않습니다.","Cada habilidade mágica suportada levará em conta o dano que você sofrer, e será ativada quando o dano total sofrido atingir um limite. Não pode suportar habilidades usadas por totens, armadilhas ou minas. Habilidades Vaal, canalizadas e habilidades com uma reserva não podem ser ativadas.","Усиленные чары будут учитывать полученный урон и срабатывать при достижении определённых порогов полученного урона. Нельзя усилить умения, используемые тотемами, ловушками и минами. Невозможно вызвать срабатывание умений ваал, поддерживаемых умений и умений с удержанием.","Cada habilidad de hechizo asistida registrará el daño que recibes y se activará cuando el daño total recibido alcance un cierto umbral. No puede asistir habilidades usadas por tótems, trampas ni minas. Las habilidades vaal, las habilidades de canalización y las habilidades con reserva no se pueden activar.","สกิลเวทที่เสริมทุกสกิลจะคอยนับความเสียหายที่คุณได้รับ และจะถูกทริกเกอร์เมื่อได้รับความเสียหายรวมกันถึงเกณฑ์ที่กำหนด ไม่สามารถเสริมสกิลที่ใช้โดย โทเทม, กับดัก หรือ ทุ่นระเบิด ได้ สกิลวาล์, สกิลแชนเนล, สกิลที่มีค่าสำรอง ไม่สามารถถูกทริกเกอร์ได้","當受到一定程度的傷害時會觸發所有輔助的寶石。不能輔助圖騰、陷阱和地雷技能。瓦爾技能、引導時施放技能和保留技能無法被觸發。","","","","","","","","","","","[9,16,4,26]",14417,5
378,"SupportCastWhenStunned","","","","","","","","","","",2910,"","","","Each supported spell skill will have a chance to be triggered when you are stunned. Cannot support skills used by totems, traps, or mines. Vaal skills, channelling skills, and skills with a reservation cannot be triggered.","Toutes les aptitudes modifiées qui sont des sorts ont une chance de se déclencher lorsque vous subissez un Étourdissement. Ne peut pas modifier les totems, pièges ou mines. Les aptitudes vaal, les aptitudes canalisées et les aptitudes à réservation ne peuvent pas être déclenchées.","Jede unterstützte Zauberfertigkeit hat eine Chance ausgelöst zu werden, wenn der Spieler betäubt wird. Kann keine Totem-, Fallen- oder Minenfertigkeiten unterstützen. Vaal-, Kanalisierungsfertigkeiten und Fertigkeiten mit Reservierungskosten, können nicht ausgelöst werden.","スタンされた際に、サポートされたスキルがトリガーする可能性がある。トーテム、トラップ、マインで使用されるスキルはサポートできない。ヴァ―ルスキル、チャネリングスキル、リザーブするスキルはトリガーされない。","플레이어가 기절하면 일정 확률로 보조 대상 주문이 발동됩니다. 토템, 덫, 지뢰 스킬에는 적용되지 않으며 바알 스킬, 집중 유지 스킬, 점유가 있는 스킬에는 발동되지 않습니다.","Cada habilidade mágica suportada terá uma chance de ser ativada quando você for atordoado. Não pode suportar habilidades usadas por totens, armadilhas ou minas. Habilidades Vaal, canalizadas e habilidades com uma reserva não podem ser ativadas.","Усиленные чары будут иметь шанс срабатывания при получении вами оглушения. Нельзя усилить умения, используемые тотемами, ловушками и минами. Невозможно вызвать срабатывание умений ваал, поддерживаемых умений и умений с удержанием.","Cada habilidad de hechizo asistida tendrá una probabilidad de activarse cuando te aturdan. No puede asistir habilidades usadas por tótems, trampas ni minas. Las habilidades vaal, las habilidades de canalización y las habilidades con reserva no se pueden activar.","สกิลเวทที่เสริมทุกเม็ดมีโอกาสถูกทริกเกอร์เมื่อคุณติดสถานะ สตัน ไม่สามารถเสริมสกิลที่ใช้โดย โทเทม, กับดัก หรือ ทุ่นระเบิด ได้ สกิลวาล์, แชนเนล, สกิลที่มีค่าสำรอง ไม่สามารถถูกทริกเกอร์ได้","當你被暈眩時有機率觸發所有輔助寶石。不能輔助圖騰、陷阱和地雷技能。瓦爾技能、引導時施放技能和保留技能無法被觸發。","","","","","","","","","","","[11,16,4,26]",14372,5
379,"AnimateWeapon","","","","","","","","","","",2917,"","","","","","","","","","","","","","","","","","","","","","","","[10,25,15,8,4,33]","",5
380,"AnimateWeaponAltX","Animate Weapon of Self Reflection","Animation d'arme de l'Introspection","Waffe der Selbstreflexion beseelen","自己投影のアニメイトウェポン","자기 반사의 무기 기동","Animar Arma da Auto-reflexão","Живое оружие отражения","Animar arma de autoreflejo","ปลุกเสกอาวุธแห่งการสะท้อนตน (Animate Weapon of Self Reflection)","幻化武器．反射",2918,"","","","","","","","","","","","","","","","","","","","","","","","[10,25,15,8,4]","",1
381,"AnimateWeaponAltY","Animate Weapon of Ranged Arms","Animation d'arme à distance","Waffe der Fernwaffen beseelen","遠距離武器のアニメイトウェポン","원거리 병기의 무기 기동","Animar Arma dos Braços Distantes","Живое оружие дальнего боя","Animar arma a distancia","ปลุกเสกอาวุธแห่งสรรพาวุธระยะไกล (Animate Weapon of Ranged Arms)","幻化武器．遠程",2919,"","","","","","","","","","","","","","","","","","","","","","","","[10,25,15,8,4,33]","",2
382,"SupportEnhance","","","","","","","","","","",2977,"","","","Supports any skill gem. Once this gem reaches level 2 or above, will raise the quality of supported gems. Cannot support skills that don't come from gems.","Modifie toutes les gemmes d'aptitudes. Lorsque cette gemme atteint le niveau 2 ou le dépasse, elle augmente la qualité des gemmes qu'elle modifie. Ne peut modifier une aptitude qui ne provient pas d'une gemme.","Unterstützt alle Fertigkeitengemmen. Sobald diese Gemme Stufe 2 oder höher erreicht, erhöht sie die Qualität der unterstützten Gemmen. Kann keine Fertigkeiten unterstützen, die nicht von Gemmen stammen.","スキルジェムをサポートする。このジェムがレベル2以上になると、サポートされたジェムの品質を上げる。ジェム由来ではないスキルはサポートされない。","모든 스킬 젬에 적용됩니다. 이 젬이 2레벨 이상이면 보조 대상 스킬 젬의 퀄리티를 올려줍니다. 젬과 관련되지 않은 스킬에는 적용되지 않습니다.","Suporta qualquer gema de habilidade. Assim que atingir nível 2 ou acima, erguerá a qualidade das gemas suportadas. Não pode suportar habilidades que não venham de gemas.","Усиливает любой камень умения. Начиная со 2 уровня будет увеличивать качество усиленных камней. Не может усиливать умения, полученные не от камней.","Asiste cualquier gema de habilidad. Una vez que esta gema alcance el nivel 2 o más, aumentará la calidad de las gemas asistidas. No puede asistir habilidades que no provengan de gemas.","ใช้เสริมหินสกิลทุกชนิด เมื่อหินนี้มีเลเวล 2 ขึ้นไป มันจะเพิ่มค่าคุณภาพของหินที่เสริม ไม่สามารถเสริมสกิลที่ไม่ได้มาจากหินได้","輔助任何技能寶石。當此寶石到達 2 等以上，會讓輔助的寶石有額外的品質。不能輔助來自非寶石的技能。","","","","","","","","","","","[29,48,10,16]",14418,5
383,"PurityOfFire","","","","","","","","","","",2980,"","","","","","","","","","","","","","","","","","","","","","","","[12,9,25,4,14,0]","",5
384,"VaalImpurityOfFire","","","","","","","","","","",8757,"",2980,"","","","","","","","","","","","","","","","","","","","","","[12,9,25,4,14,15,24,0]","",5
385,"PurityOfIce","","","","","","","","","","",2985,"","","","","","","","","","","","","","","","","","","","","","","","[12,10,25,4,14,1]","",5
386,"VaalImpurityOfIce","","","","","","","","","","",8758,"",2985,"","","","","","","","","","","","","","","","","","","","","","[12,10,25,4,14,15,24,1]","",5
387,"PurityOfLightning","","","","","","","","","","",2990,"","","","","","","","","","","","","","","","","","","","","","","","[12,11,25,4,14,2]","",5
388,"VaalImpurityOfLightning","","","","","","","","","","",8759,"",2990,"","","","","","","","","","","","","","","","","","","","","","[12,11,25,4,14,15,24,2]","",5
389,"StormCall","","","","","","","","","","",2999,"","","","","","","","","","","","","","","","","","","","","","","","[11,25,4,14,15,2]","",5
390,"StormCallAltX","Storm Call of Trarthus","Appel de la foudre de Trarthus","Gewitterbeschwörung von Trarthus","トラーサスのストームコール","트라투스의 폭풍 부름","Invocar Tormenta de Trarthus","Призыв бури Тератны","Llamado de tormenta de Trarthus","เรียกสายฟ้าแห่งทาร์ทัส (Storm Call of Trarthus)","特拉特斯風暴呼喚",3000,"","","","","","","","","","","","","","","","","","","","","","","","[11,25,4,14,15,33]","",3
391,"StormCallAltY","[DNT] StormCallAltY","[DNT] StormCallAltY","[DNT] StormCallAltY","[DNT] StormCallAltY","[DNT] StormCallAltY","[DNT] StormCallAltY","[DNT] StormCallAltY","[DNT] StormCallAltY","[DNT] StormCallAltY","[DNT] StormCallAltY",3001,"","","","","","","","","","","","","","","","","","","","","","","","[11,25,4,14,15,2]","",2
392,"VaalStormCall","","","","","","","","","","",3012,"",2999,"","","","","","","","","","","","","","","","","","","","","","[11,25,4,14,15,24,2]","",5
393,"VaalStormCallAltX","Vaal Storm Call","Appel de la foudre vaal","Vaal-Gewitterbeschwörung","ヴァールストームコーン","바알 폭풍 부름","Invocar Tormenta Vaal","Призыв бури ваал","Llamado de tormenta vaal","วาล์ เรียกสายฟ้า (Vaal Storm Call)","瓦爾．風暴呼喚",3012,"",3000,"","","","","","","","","","","","","","","","","","","","","","[11,25,4,14,15,24,2,33]","",1
394,"VaalStormCallAltY","Vaal Storm Call","Appel de la foudre vaal","Vaal-Gewitterbeschwörung","ヴァールストームコーン","바알 폭풍 부름","Invocar Tormenta Vaal","Призыв бури ваал","Llamado de tormenta vaal","วาล์ เรียกสายฟ้า (Vaal Storm Call)","瓦爾．風暴呼喚",3012,"",3001,"","","","","","","","","","","","","","","","","","","","","","[11,25,4,14,15,24,2]","",2
395,"Flameblast","","","","","","","","","","",3074,"","","","","","","","","","","","","","","","","","","","","","","","[11,25,4,14,0,30]","",5
396,"FlameblastAltX","Flameblast of Celerity","Conflagration de la Célérité","Flammenexplosion der Schnelligkeit","迅速のフレイムブラスト","민첩함의 화염파","Explosão Flamejante da Celeridade","Пламенный взрыв проворства","Explosión de llamas de celeridad","ระเบิดเพลิงแห่งความว่องไว (Flameblast of Celerity)","烈焰爆破．迅速",3075,"","","","","","","","","","","","","","","","","","","","","","","","[11,25,4,14,0,30]","",1
397,"FlameblastAltY","Flameblast of Contraction","Conflagration de la Focalisation","Flammenexplosion der Konzentration","収縮のフレイムブラスト","수축의 화염파","Explosão Flamejante da Contração","Пламенный взрыв сжатия","Explosión de llamas de contracción","ระเบิดเพลิงแห่งการหดตัว (Flameblast of Contraction)","烈焰爆破．緊縮",3076,"","","","","","","","","","","","","","","","","","","","","","","","[11,25,4,14,0,30]","",2
398,"VaalFlameblast","","","","","","","","","","",3078,"",3074,"","","","","","","","","","","","","","","","","","","","","","[11,25,4,14,24,0,30]","",5
399,"VaalFlameblastAltX","Vaal Flameblast","Conflagration vaal","Vaal-Flammenexplosion","ヴァールフレイムブラスト","바알 화염파","Explosão Flamejante Vaal","Пламенный взрыв ваал","Explosión de llamas vaal","วาล์ ระเบิดเพลิง (Vaal Flameblast)","瓦爾．烈焰爆破",3078,"",3075,"","","","","","","","","","","","","","","","","","","","","","[11,25,4,14,24,0,30]","",1
400,"VaalFlameblastAltY","Vaal Flameblast","Conflagration vaal","Vaal-Flammenexplosion","ヴァールフレイブラスト","바알 화염파","Explosão Flamejante Vaal","Пламенный взрыв ваал","Explosión de llamas vaal","วาล์ ระเบิดเพลิง (Vaal Flameblast)","瓦爾．烈焰爆破",3078,"",3076,"","","","","","","","","","","","","","","","","","","","","","[11,25,4,14,24,0,30]","",2
401,"Barrage","","","","","","","","","","",3130,"","","","","","","","","","","","","","","","","","","","","","","","[10,25,13,5,6]","",5
402,"BarrageAltX","Barrage of Volley Fire","Tir de barrage intensif","Sperrfeuer der Salven","一斉発射のバラージ","일제 포격의 연발 사격","Barragem da Saraivada de Tiros","Очередь залпов","Aluvión de salvas","ระดมยิงแห่งยิงระลอก (Barrage of Volley Fire)","彈幕．齊射",3131,"","","","","","","","","","","","","","","","","","","","","","","","[10,25,13,5,6]","",1
403,"BarrageAltY","[DNT] BarrageAltY","[DNT] BarrageAltY","[DNT] BarrageAltY","[DNT] BarrageAltY","[DNT] BarrageAltY","[DNT] BarrageAltY","[DNT] BarrageAltY","[DNT] BarrageAltY","[DNT] BarrageAltY","[DNT] BarrageAltY",3132,"","","","","","","","","","","","","","","","","","","","","","","","[10,25,13,5,6]","",2
404,"BallLightning","","","","","","","","","","",2429,"","","","","","","","","","","","","","","","","","","","","","","","[11,25,4,5,14,2]","",5
405,"BallLightningAltX","Ball Lightning of Orbiting","Boule de foudre de la Gravitation","Kugelblitz des Umkreisens","軌道周回のボールライトニング","공전의 구형 번개","Esfera Trovejante da Órbita","Шаровая молния орбиты","Bola de rayos en órbita","บอลสายฟ้าแห่งการโคจร (Ball Lightning of Orbiting)","天雷之珠．軌跡",2430,"","","","","","","","","","","","","","","","","","","","","","","","[11,25,4,5,14,2]","",1
406,"BallLightningAltY","Ball Lightning of Static","Boule de foudre de l'Immobilité","Kugelblitz der Statik","静止のボールライトニング","정전기의 구형 번개","Esfera Trovejante da Estática","Шаровая молния неподвижности","Bola de rayos de estática","บอลสายฟ้าแห่งความแน่นิ่ง (Ball Lightning of Static)","天雷之珠．靜電",2432,"","","","","","","","","","","","","","","","","","","","","","","","[11,25,4,14,2,44]","",2
407,"VortexOld","","","","","","","","","","",3153,"","","","","","","","","","","","","","","","","","","","","","","","[21,10,25,4,14,15]","",5
408,"InfernalSwarm","","","","","","","","","","",3154,"","","","","","","","","","","","","","","","","","","","","","","","[11,25,4,18,14,0]","",5
409,"SupportViciousProjectiles","","","","","","","","","","",3155,"","","","Supports projectile attack skills.","Modifie les aptitudes d'attaque à projectiles.","Unterstützt Projektil-Angriffsfertigkeiten.","投射物アタックスキルをサポートする。","투사체 공격 스킬에 적용됩니다.","Suporta habilidades de ataque com projéteis.","Усиливает умения атак снарядами.","Asiste habilidades de ataque de proyectiles.","ใช้เสริม สกิลโจมตีโพรเจกไทล์","輔助投射物攻擊技能。","","","","","","","","","","","[5,13,33,3,10,16]",14419,5
410,"SummonRagingSpirit","","","","","","","","","","",3157,"","","","","","","","","","","","","","","","","","","","","","","","[11,25,4,8,15,0]","",5
411,"SummonRagingSpiritAltX","Summon Raging Spirit of Enormity","Invocation d'Esprit enragé de l'Énormité","Flammenschädel der Ungeheuerlichkeit beschwören","極悪のレイジングスピリット召喚","극악무도의 격노의 유령 소환","Convocar Espírito Furioso da Enormidade","Чудовищный призыв неистового духа","Invocar espíritus encolerizados de enormidad","อัญเชิญวิญญาณเกรี้ยวกราดแห่งความมหึมา (Summon Raging Spirit of Enormity)","召喚憤怒狂靈．巨型",3158,"","","","","","","","","","","","","","","","","","","","","","","","[11,25,4,8,15,0]","",1
412,"SummonRagingSpiritAltY","[DNT] SummonRagingSpiritAltY","[DNT] SummonRagingSpiritAltY","[DNT] SummonRagingSpiritAltY","[DNT] SummonRagingSpiritAltY","[DNT] SummonRagingSpiritAltY","[DNT] SummonRagingSpiritAltY","[DNT] SummonRagingSpiritAltY","[DNT] SummonRagingSpiritAltY","[DNT] SummonRagingSpiritAltY","[DNT] SummonRagingSpiritAltY",3159,"","","","","","","","","","","","","","","","","","","","","","","","[11,25,4,8,15,0]","",2
413,"FlameSurge","","","","","","","","","","",3193,"","","","","","","","","","","","","","","","","","","","","","","","[11,25,4,14,0,15]","",5
414,"FlameSurgeAltX","Flame Surge of Combusting","Éruption de flammes de la Combustion","Feuerschwall des Verbrennens","着火のフレイムサージ","발화의 화염 쇄도","Chicote Ardente da Combustão","Выброс пламени возгорания","Oleada de llamas de combustión","คลื่นเพลิงแห่งการสันดาป (Flame Surge of Combusting)","怒焰奔騰．燃燒",3194,"","","","","","","","","","","","","","","","","","","","","","","","[11,25,4,14,0,15]","",1
415,"FlameSurgeAltY","[DNT] FlameWhipAltY","[DNT] FlameWhipAltY","[DNT] FlameWhipAltY","[DNT] FlameWhipAltY","[DNT] FlameWhipAltY","[DNT] FlameWhipAltY","[DNT] FlameWhipAltY","[DNT] FlameWhipAltY","[DNT] FlameWhipAltY","[DNT] FlameWhipAltY",3195,"","","","","","","","","","","","","","","","","","","","","","","","[11,25,4,14,0,15]","",2
416,"SupportEnlighten","","","","","","","","","","",3215,"","","","Supports any skill gem. Once this gem reaches level 2 or above, will apply a cost & reservation multiplier to supported gems. Cannot support skills that don't come from gems.","Modifie toutes les gemmes d'aptitudes. Lorsque cette gemme atteint le niveau 2 ou le dépasse, elle applique un multiplicateur de coût et de réservation aux gemmes qu'elle modifie. Ne peut modifier une aptitude qui ne provient pas d'une gemme.","Unterstützt alle Fertigkeitengemmen. Sobald diese Gemme Stufe 2 oder höher erreicht, wird auf unterstützte Gemmen ein Manamultiplikator angewendet. Kann keine Fertigkeiten unterstützen, die nicht von Gemmen stammen.","スキルジェムをサポートする。このジェムがレベル2以上になると、サポートされたスキルにコストおよびリザーブの乗数が適用される。ジェム由来ではないスキルはサポートされない。","모든 스킬 젬에 적용됩니다. 이 젬이 2레벨 이상이면 보조 대상 스킬 젬에 소모 및 점유 배율이 적용됩니다. 젬과 관련되지 않은 스킬은 적용되지 않습니다.","Suporta qualquer gema de habilidade. Assim que atingir nível 2 ou acima, aplicará um multiplicador de custo e reserva às gemas suportadas. Não pode suportar habilidades que não venham de gemas.","Усиливает любой камень умения. Начиная со 2 уровня добавляет усиленным умениям коэффициент расхода и удержания маны. Не может усиливать умения, полученные не от камней.","Asiste cualquier gema de habilidad. Una vez que esta gema alcance el nivel 2 o más, aplicará un multiplicador de costo y reserva a las gemas asistidas. No puede asistir habilidades que no provengan de gemas.","ใช้เสริมหินสกิลทุกชนิด เมื่อหินนี้มีเลเวล 2 ขึ้นไป มันจะปรับตัวคูณค่าใช้งานและค่าสำรองให้กับหินที่เสริม ไม่สามารถเสริมสกิลที่ไม่ได้มาจากหินได้","輔助任何技能寶石。當此寶石到達 2 等以上，會讓被輔助的寶石套用消耗和保留加成。不能輔助來自非寶石的技能。","","","","","","","","","","","[29,48,11,16]",14420,5
417,"Desecrate","","","","","","","","","","",3224,"","","","","","","","","","","","","","","","","","","","","","","","[10,25,4,14,15,3]","",5
418,"FleshOffering","","","","","","","","","","",3259,"","","","","","","","","","","","","","","","","","","","","","","","[8,11,25,4,15]","",5
419,"BoneOffering","","","","","","","","","","",3269,"","","","","","","","","","","","","","","","","","","","","","","","[8,11,25,4,15]","",5
420,"SpiritOffering","","","","","","","","","","",5816,"","","","","","","","","","","","","","","","","","","","","","","","[8,11,25,4,15]","",5
421,"GlacialCascade","","","","","","","","","","",3275,"","","","","","","","","","","","","","","","","","","","","","","","[11,25,4,14,1,33]","",5
422,"GlacialCascadeAltX","Glacial Cascade of the Fissure","Déferlement de glace de la Fissure","Frostwelle des Risses","亀裂のグレイシャルカスケード","균열의 빙하 폭포","Cascata Glacial da Fissura","Ледяной каскад разлома","Cascada glacial de la fisura","เยือกแข็งเรียงหลั่นแห่งรอยแยก (Glacial Cascade of the Fissure)","冰川之刺．裂隙",3276,"","","","","","","","","","","","","","","","","","","","","","","","[11,25,4,14,1,33]","",1
423,"GlacialCascadeAltY","[DNT] GlacialCascadeAltY","[DNT] GlacialCascadeAltY","[DNT] GlacialCascadeAltY","[DNT] GlacialCascadeAltY","[DNT] GlacialCascadeAltY","[DNT] GlacialCascadeAltY","[DNT] GlacialCascadeAltY","[DNT] GlacialCascadeAltY","[DNT] GlacialCascadeAltY","[DNT] GlacialCascadeAltY",3277,"","","","","","","","","","","","","","","","","","","","","","","","[11,25,4,14,1,33]","",2
424,"SupportBlockChanceReduction","","","","","","","","","","",3685,"","","","Supports any skill that hits enemies.","Modifie les aptitudes qui touchent les ennemis.","Unterstützt Fertigkeiten, die Treffer bei Gegnern verursachen.","敵にヒットを与えるスキルをサポートする。","적을 명중하는 모든 스킬에 적용됩니다.","Suporta qualquer habilidade que acerte inimigos.","Усиливает любое умение, наносящее удары по врагам.","Asiste cualquier habilidad que golpee enemigos.","ใช้เสริมสกิลที่ปะทะศัตรู","輔助任何可擊中敵人的技能。","","","","","","","","","","","[10,16,15]",14457,5
425,"MoltenStrike","","","","","","","","","","",3689,"","","","","","","","","","","","","","","","","","","","","","","","[9,25,13,5,14,7,36,0]","",5
426,"MoltenStrikeAltX","Molten Strike of the Zenith","Frappe volcanique du Zénith","Lavaschlag des Zenits","天頂のモルテンストライク","북극성의 용암 타격","Golpe Vulcânico de Zenith","Магмовый удар зенита","Golpe fundido del cenit","ฟาดหลอมละลายแห่งจุดสูงสุด (Molten Strike of the Zenith)","熔岩之擊．極盛",3690,"","","","","","","","","","","","","","","","","","","","","","","","[9,25,13,5,14,7,36,0]","",1
427,"MoltenStrikeAltY","[DNT] MoltenStrikeAltY","[DNT] MoltenStrikeAltY","[DNT] MoltenStrikeAltY","[DNT] MoltenStrikeAltY","[DNT] MoltenStrikeAltY","[DNT] MoltenStrikeAltY","[DNT] MoltenStrikeAltY","[DNT] MoltenStrikeAltY","[DNT] MoltenStrikeAltY","[DNT] MoltenStrikeAltY",3691,"","","","","","","","","","","","","","","","","","","","","","","","[9,25,13,5,14,7,36,0]","",2
428,"ConvocationOld","","","","","","","","","","",3721,"","","","","","","","","","","","","","","","","","","","","","","","[8,25,4,15]","",5
429,"Convocation","","","","","","","","","","",3722,"","","","","","","","","","","","","","","","","","","","","","","","[25,4,15,8]","",5
430,"ComboStrike","","","","","","","","","","",3726,"","","","","","","","","","","","","","","","","","","","","","","","[9,25,13,7,36]","",5
431,"PyroclastMine","","","","","","","","","","",10578,"","","","","","","","","","","","","","","","","","","","","","","","[21,11,25,4,5,0,14,12,38]","",5
432,"PyroclastMineAltX","Pyroclast Mine of Sabotage","Mine de pyroclastes du Sabotage","Lavageschossmine der Sabotage","サボタージュのパイロクラストマイン","방해 공작의 화산탄 지뢰","Mina Piroclástica da Sabotagem","Пирокластовая мина диверсии","Mina piroclástica de sabotaje","ทุ่นระเบิดสะเก็ดไฟแห่งการบ่อนทำลาย (Pyroclast Mine of Sabotage)","炎爆新星地雷．破壞",10579,"","","","","","","","","","","","","","","","","","","","","","","","[21,11,25,4,5,0,14,12,38]","",1
433,"PyroclastMineAltY","[DNT] FireNovaMineAltY","[DNT] FireNovaMineAltY","[DNT] FireNovaMineAltY","[DNT] FireNovaMineAltY","[DNT] FireNovaMineAltY","[DNT] FireNovaMineAltY","[DNT] FireNovaMineAltY","[DNT] FireNovaMineAltY","[DNT] FireNovaMineAltY","[DNT] FireNovaMineAltY",10580,"","","","","","","","","","","","","","","","","","","","","","","","[21,11,25,4,5,0,14,12,38]","",2
434,"TornadoShot","","","","","","","","","","",3934,"","","","","","","","","","","","","","","","","","","","","","","","[10,25,13,5,6]","",5
435,"TornadoShotAltX","Tornado Shot of Cloudburst","Tornade de flèches du Déluge","Tornadoschuss der Wolkenexplosion","豪雨のトルネードショット","구름폭발의 회오리 사격","Tiro Tornado da Núvem Explosiva","Вихрь стрел раскатов","Disparo de tornado de ráfaga","ศรสลาตันแห่งฟ้ารั่ว (Tornado Shot of Cloudburst)","龍捲射擊．雲爆",3935,"","","","","","","","","","","","","","","","","","","","","","","","[10,25,13,5,6]","",1
436,"TornadoShotAltY","[DNT] TornadoShotAltY","[DNT] TornadoShotAltY","[DNT] TornadoShotAltY","[DNT] TornadoShotAltY","[DNT] TornadoShotAltY","[DNT] TornadoShotAltY","[DNT] TornadoShotAltY","[DNT] TornadoShotAltY","[DNT] TornadoShotAltY","[DNT] TornadoShotAltY",3936,"","","","","","","","","","","","","","","","","","","","","","","","[10,25,13,5,6]","",2
437,"SupportGenerosity","","","","","","","","","","",3969,"","","","Supports aura skills that affect you and allies, increasing the aura's effect on allies, but preventing it from affecting you at all. Cannot support curse auras, or other auras that only affect enemies. Cannot support skills used by totems. Cannot modify the skills of minions.","Modifie les aptitudes d'auras qui affectent vos alliés et vous-même. L'effet de l'aura est accru sur les alliés mais ne vous affecte plus personnellement. Ne peut modifier les auras qui sont des malédictions ou ceux qui n'affectent que les ennemis. Ne peut modifier les aptitudes utilisées par les totems. Ne peut modifier les aptitudes des créatures.","Unterstützt Aurenfertigkeiten, die Euch und Verbündete betreffen und erhöht die Aurenwirkung bei Verbündeten, aber verhindert die Aurenwirkung auf den zaubernden Spieler. Kann keine Fluchauren oder Auren unterstützen, die nur Gegner betreffen. Kann keine Totemfertigkeiten unterstützen. Kann die Fertigkeiten von Kreaturen nicht modifizieren.","自身および味方に影響するオーラスキルをサポートし、味方に対するオーラ効果を増加させるが、自身への影響を完全に阻害する。呪いオーラ、敵にのみ影響するオーラはサポートできない。トーテムで使用されるスキルはサポートできない。ミニオンのスキルには影響しない。","시전자와 동료들에게 영향을 주는 오라 스킬에 적용됩니다. 동료들에 대한 오라 효과가 증가하지만 시전자는 오라 효과를 받지 않습니다. 저주 오라 또는 적에게만 적용되는 오라 스킬, 토템에 의해 사용되는 스킬에는 적용되지 않습니다. 소환수가 사용하는 스킬에는 적용되지 않습니다.","Suporta habilidades de aura que afetam você e seus aliados, aumentando o efeito da aura nos aliados, mas impedindo que ela te afete de qualquer forma. Não pode suportar auras de maldição, ou outras auras que só afetam inimigos. Não pode suportar habilidades usadas por totens. Não pode modificar as habilidades de lacaios.","Усиливает любую ауру, действующую на вас и ваших союзников. Аура перестаёт действовать на вас, но действует на союзников с усиленным эффектом. Нельзя усиливать проклятия или другие ауры, действующие только на врагов. Не усиливает умения, используемые тотемами. Не усиливает умения приспешников.","Asiste habilidades de aura que te afectan a ti y a tus aliados. Aumenta el efecto del aura en tus aliados pero al mismo tiempo impide que te afecte a ti. No puede asistir auras de maldición ni otras auras que solo afecten a los enemigos. No puede asistir habilidades usadas por tótems. No puede modificar las habilidades de los esbirros.","ใช้เสริม สกิลออร่า ที่ส่งผลต่อคุณกับเพื่อน ทำให้ออร่ามีผลเพิ่มขึ้นต่อเพื่อนแลกกับการที่คุณไม่ได้รับผลจากออร่านั้น ไม่สามารถเสริม สกิลออร่าคำสาป หรือ ออร่าที่ส่งผลต่อศัตรูอย่างเดียว ได้ ไม่สามารถเสริมสกิลที่ใช้โดย โทเทม ได้ ไม่สามารถแก้ไขสกิลที่มิเนียนใช้ได้","輔助影響你和友方的光環技能，增加光環對友方的效果，但光環不再對你產生效果。不能輔助詛咒光環或其他可對敵人造成效果的光環。不能輔助被圖騰使用的技能。無法影響召喚物技能。","","","","","","","","","","","[9,16,12]",14449,5
438,"HeraldOfAsh","","","","","","","","","","",3971,"","","","","","","","","","","","","","","","","","","","","","","","[9,25,4,14,0,31,15]","",5
439,"HeraldOfIce","","","","","","","","","","",3973,"","","","","","","","","","","","","","","","","","","","","","","","[10,25,4,14,1,31]","",5
440,"HeraldOfThunder","","","","","","","","","","",3974,"","","","","","","","","","","","","","","","","","","","","","","","[11,25,4,14,15,2,31]","",5
441,"HeraldOfAgony","","","","","","","","","","",3975,"","","","","","","","","","","","","","","","","","","","","","","","[10,25,4,31,8,3,33]","",5
442,"HeraldOfPurity","","","","","","","","","","",3977,"","","","","","","","","","","","","","","","","","","","","","","","[9,25,4,31,8,15,33]","",5
443,"PoachersMark","","","","","","","","","","",3987,"","","","","","","","","","","","","","","","","","","","","","","","[33,10,25,4,17,43]","",5
444,"LightningTendrils","","","","","","","","","","",4192,"","","","","","","","","","","","","","","","","","","","","","","","[47,11,25,4,14,2,30]","",5
445,"LightningTendrilsAltX","Lightning Tendrils of Eccentricity","Filaments de foudre de l'Excentricité","Blitzranken der Exzentrizität","奇行のライトニングテンドリル","기행의 덩굴 번개","Tentáculos Relampejantes da Excentricidade","Эксцентричные побеги молний","Centellas de excentricidad","สายฟ้าแลบแห่งความพิกล (Lightning Tendrils of Eccentricity)","電能釋放．異變",4193,"","","","","","","","","","","","","","","","","","","","","","","","[47,11,25,4,14,2,30]","",1
446,"LightningTendrilsAltY","Lightning Tendrils of Escalation","Filaments de foudre de l'Escalade","Blitzranken der Eskalation","増大のライトニングテンドリル","격화의 덩굴 번개","Tentáculos Relampejantes do Escalonamento","Нагнетающие побеги молний","Centellas de escalada","สายฟ้าแลบแห่งการยกระดับ (Lightning Tendrils of Escalation)","電能釋放．擴大",4194,"","","","","","","","","","","","","","","","","","","","","","","","[11,25,4,14,2,30]","",2
447,"LightningCircle","","","","","","","","","","",4244,"","","","","","","","","","","","","","","","","","","","","","","","[11,25,4,14,2]","",5
448,"LightningChannel","","","","","","","","","","",4292,"","","","","","","","","","","","","","","","","","","","","","","","[11,25,4,14,2]","",5
449,"KineticBlast","","","","","","","","","","",4537,"","","","","","","","","","","","","","","","","","","","","","","","[11,25,13,5,14]","",5
450,"KineticBlastAltX","Kinetic Blast of Clustering","Explosion cinétique du Regroupement","Kinetische Explosion des Gruppierens","群化のキネティックブラスト","군집의 역학 폭발","Explosão Cinética da Ramificação","Кинетический взрыв скопления","Explosión cinética de agrupación","ระเบิดจลนศาสตร์แห่งการรวมระเบิด (Kinetic Blast of Clustering)","力量爆破．聚集",4538,"","","","","","","","","","","","","","","","","","","","","","","","[11,25,13,5,14,33]","",1
451,"KineticBlastAltY","[DNT] KineticBlastAltY","[DNT] KineticBlastAltY","[DNT] KineticBlastAltY","[DNT] KineticBlastAltY","[DNT] KineticBlastAltY","[DNT] KineticBlastAltY","[DNT] KineticBlastAltY","[DNT] KineticBlastAltY","[DNT] KineticBlastAltY","[DNT] KineticBlastAltY",4539,"","","","","","","","","","","","","","","","","","","","","","","","[11,25,13,5,14]","",2
452,"DoryanisTouch","","","","","","","","","","",2651,"","","","","","","","","","","","","","","","","","","","","","","","[9,25,13,14,2,7,40]","",5
453,"BlinkArrow","","","","","","","","","","",4551,4555,"","","","","","","","","","","","","","","","","","","","","","","[10,25,13,8,15,22,35,6]","",5
454,"BlinkArrowAltX","Blink Arrow of Bombarding Clones","Flèche de transfert des Clones bombardiers","Teleportpfeil der bombardierenden Klone","爆撃するクローンのブリンクアロー","포격 분신의 점멸 화살","Flecha Ilusória dos Clones Bombardeiros","Стрела-телепорт бомбардирующих клонов","Flecha parpadeante de clones bombarderos","ศรเคลื่อนย้ายพริบตาแห่งร่างปลอมถล่มยิง (Blink Arrow of Bombarding Clones)","閃現射擊．炸彈客",4552,"","","","","","","","","","","","","","","","","","","","","","","","[10,25,13,8,15,22,35,6]","",1
455,"BlinkArrowAltY","Blink Arrow of Prismatic Clones","Flèche de transfert des Clones prismatiques","Teleportpfeil der prismatischen Klone","プリズマチッククローンのブリンクアロー","분광 분신의 점멸 화살","Flecha Ilusória dos Clones Prismáticos","Стрела-телепорт радужных клонов","Flecha parpadeante de clones prismáticos","ศรเคลื่อนย้ายพริบตาแห่งร่างปลอมสุ่มธาตุ (Blink Arrow of Prismatic Clones)","閃現射擊．神秘客",4553,"","","","","","","","","","","","","","","","","","","","","","","","[10,25,13,8,15,22,35,45,6]","",2
456,"MirrorArrow","","","","","","","","","","",4558,"","","","","","","","","","","","","","","","","","","","","","","","[10,25,13,8,15,22,35,6]","",5
457,"MirrorArrowAltX","Mirror Arrow of Bombarding Clones","Flèche miroir des Clones bombardiers","Klonpfeil der bombardierenden Klone","爆撃するクローンのミラーアロー","포격 분신의 거울 화살","Flecha Espelhada dos Clones Bombardeiros","Стрела-двойник бомбардирующих клонов","Flecha espejo de clones bombarderos","ศรเงาสะท้อนแห่งร่างปลอมถล่มยิง (Mirror Arrow of Bombarding Clones)","魅影射擊．炸彈客",4559,"","","","","","","","","","","","","","","","","","","","","","","","[10,25,13,8,15,22,35,6]","",1
458,"MirrorArrowAltY","Mirror Arrow of Prismatic Clones","Flèche miroir des Clones prismatiques","Klonpfeil der prismatischen Klone","プリズマチッククローンのミラーアロー","분광 분신의 거울 화살","Flecha Espelhada dos Clones Prismáticos","Стрела-двойник радужных клонов","Flecha espejo de clones prismáticos","ศรเงาสะท้อนแห่งร่างปลอมสุ่มธาตุ (Mirror Arrow of Prismatic Clones)","魅影射擊．神秘客",4560,"","","","","","","","","","","","","","","","","","","","","","","","[10,25,13,8,15,22,35,45,6]","",2
459,"Swordstorm","","","","","","","","","","",12221,"","","","","","","","","","","","","","","","","","","","","","","","[9,25,13,7,14,52]","",5
460,"Eviscerate","","","","","","","","","","",12222,"","","","","","","","","","","","","","","","","","","","","","","","[9,25,13,7,14,52,33]","",5
461,"GlacialShieldSwipe","","","","","","","","","","",12216,"","","","","","","","","","","","","","","","","","","","","","","","[10,25,13,7,14,1,33,52]","",5
462,"StaticStrike","","","","","","","","","","",4658,"","","","","","","","","","","","","","","","","","","","","","","","[9,25,13,7,36,14,15,2,18]","",5
463,"StaticStrikeAltX","Static Strike of Gathering Lightning","Frappe électrique de l'Amoncellement de foudre","Geladener Schlag des Blitzgewitters","雷集めのスタティックストライク","모여드는 번개의 정전기 타격","Golpe Estático de Relâmpagos Concentrados","Статичный разряд надвигающейся молнии","Golpe de estática de recolección de rayos","ฟาดสายฟ้าสถิตแห่งมรสุมสายฟ้า (Static Strike of Gathering Lightning)","充能打擊．聚雷",4659,"","","","","","","","","","","","","","","","","","","","","","","","[9,25,13,7,36,15,2,18]","",1
464,"StaticStrikeAltY","[DNT] StaticStrikeAltY","[DNT] StaticStrikeAltY","[DNT] StaticStrikeAltY","[DNT] StaticStrikeAltY","[DNT] StaticStrikeAltY","[DNT] StaticStrikeAltY","[DNT] StaticStrikeAltY","[DNT] StaticStrikeAltY","[DNT] StaticStrikeAltY","[DNT] StaticStrikeAltY",4660,"","","","","","","","","","","","","","","","","","","","","","","","[9,25,13,7,36,14,15,2,18]","",2
465,"SupportPhysicalToLightning","","","","","","","","","","",4670,"","","","Supports any skill that hits enemies.","Modifie les aptitudes qui touchent les ennemis.","Unterstützt Fertigkeiten, die Treffer bei Gegnern verursachen.","敵にヒットを与えるスキルをサポートする。","적을 명중하는 모든 스킬에 적용됩니다.","Suporta qualquer habilidade que acerte inimigos.","Усиливает любое умение, наносящее удары по врагам.","Asiste cualquier habilidad que golpee enemigos.","ใช้เสริมสกิลที่ปะทะศัตรู","輔助任何可擊中敵人的技能。","","","","","","","","","","","[2,33,11,16]",14421,5
466,"CrushingFist","","","","","","","","","","",12217,"","","","","","","","","","","","","","","","","","","","","","","","[9,25,13,7,40,14,52]","",5
467,"DivineRetribution","","","","","","","","","","",12219,"","","","","","","","","","","","","","","","","","","","","","","","[11,25,4,14,2,33,52]","",5
468,"VengefulCry","","","","","","","","","","",12220,"","","","","","","","","","","","","","","","","","","","","","","","[27,9,25,14,15,52]","",5
469,"SummonChaosGolem","","","","","","","","","","",4687,"","","","","","","","","","","","","","","","","","","","","","","","[11,25,3,8,4,28]","",5
470,"SummonChaosGolemAltX","Summon Chaos Golem of Hordes","Invocation de Golem du chaos des Hordes","Chaosgolem der Horden beschwören","大群のカオスゴーレム召喚","군단의 카오스 골렘 소환","Convocar Golem Caótico das Hordas","Призыв голема хаоса орды","Invocar gólem de caos de hordas","อัญเชิญโกเลมเคออสแห่งโขยง (Summon Chaos Golem of Hordes)","召喚混沌魔像．部落",4688,"","","","","","","","","","","","","","","","","","","","","","","","[11,25,3,8,4,28]","",1
471,"SummonChaosGolemAltY","Summon Chaos Golem of the Maelström","Invocation de Golem du chaos du Maelström","Chaosgolem des Mahlstroms beschwören","大渦巻のカオスゴーレム召喚","마엘스트롬의 카오스 골렘 소환","Convocar Golem Caótico do Turbilhão","Призыв голема хаоса водоворота","Invocar gólem de caos de la vorágine","อัญเชิญโกเลมเคออสแห่งความโกลาหล (Summon Chaos Golem of the Maelström)","召喚混沌魔像．漩渦",4689,"","","","","","","","","","","","","","","","","","","","","","","","[11,25,3,8,4,28]","",2
472,"SummonIceGolem","","","","","","","","","","",4692,"","","","","","","","","","","","","","","","","","","","","","","","[47,10,25,1,8,4,28]","",5
473,"SummonIceGolemAltX","Summon Ice Golem of Hordes","Invocation de Golem de glace des Hordes","Eisgolem der Horden beschwören","大群のアイスゴーレム召喚","군단의 얼음 골렘 소환","Convocar Golem Glacial das Hordas","Призыв голема льда орды","Invocar gólem de hielo de hordas","อัญเชิญโกเลมน้ำแข็งแห่งโขยง (Summon Ice Golem of Hordes)","召喚寒冰魔像．部落",4693,"","","","","","","","","","","","","","","","","","","","","","","","[10,25,1,8,4,28]","",1
474,"SummonIceGolemAltY","Summon Ice Golem of Shattering","Invocation de Golem de glace du Fracassement","Eisgolem des Zerschmetterns beschwören","粉砕のアイスゴーレム召喚","산산조각의 얼음 골렘 소환","Convocar Golem Glacial do Despedaçamento","Призыв голема льда разбивания","Invocar gólem de hielo de fracturación","อัญเชิญโกเลมน้ำแข็งแห่งการแตกสลาย (Summon Ice Golem of Shattering)","召喚寒冰魔像．粉碎",4694,"","","","","","","","","","","","","","","","","","","","","","","","[10,25,1,8,4,28]","",2
475,"SummonFlameGolem","","","","","","","","","","",4697,"","","","","","","","","","","","","","","","","","","","","","","","[9,25,0,8,4,28]","",5
476,"SummonFlameGolemAltX","Summon Flame Golem of Hordes","Invocation de Golem de flammes des Hordes","Flammengolem der Horden beschwören","大群のフレイムゴーレム召喚","군단의 화염 골렘 소환","Convocar Golem Flamejante das Hordas","Призыв голема огня орды","Invocar gólem de fuego de hordas","อัญเชิญโกเลมไฟแห่งโขยง (Summon Flame Golem of Hordes)","召喚烈焰魔像．部落",4698,"","","","","","","","","","","","","","","","","","","","","","","","[9,25,0,8,4,28]","",1
477,"SummonFlameGolemAltY","Summon Flame Golem of the Meteor","Invocation de Golem de flammes du Météore","Flammengolem des Meteors beschwören","隕石のフレイムゴーレム召喚","유성의 화염 골렘 소환","Convocar Golem Flamejante do Meteoro","Призыв голема огня метеора","Invocar gólem de fuego del meteorito","อัญเชิญโกเลมไฟแห่งดาวตก (Summon Flame Golem of the Meteor)","召喚烈焰魔像．隕石",4699,"","","","","","","","","","","","","","","","","","","","","","","","[9,25,0,8,4,28]","",2
478,"SummonLightningGolem","","","","","","","","","","",5841,"","","","","","","","","","","","","","","","","","","","","","","","[11,25,2,8,4,28]","",5
479,"SummonLightningGolemAltX","Summon Lightning Golem of Hordes","Invocation de Golem de foudre des Hordes","Blitzgolem der Horden beschwören","大群のライトニングゴーレム召喚","군단의 번개 골렘 소환","Convocar Golem Elétrico das Hordas","Призыв голема молнии орды","Invocar gólem de rayo de hordas","อัญเชิญโกเลมสายฟ้าแห่งโขยง (Summon Lightning Golem of Hordes)","召喚閃電魔像．部落",5842,"","","","","","","","","","","","","","","","","","","","","","","","[11,25,2,8,4,28]","",1
480,"SummonLightningGolemAltY","[DNT] SummonLightningGolemAltY","[DNT] SummonLightningGolemAltY","[DNT] SummonLightningGolemAltY","[DNT] SummonLightningGolemAltY","[DNT] SummonLightningGolemAltY","[DNT] SummonLightningGolemAltY","[DNT] SummonLightningGolemAltY","[DNT] SummonLightningGolemAltY","[DNT] SummonLightningGolemAltY","[DNT] SummonLightningGolemAltY",5843,"","","","","","","","","","","","","","","","","","","","","","","","[11,25,2,8,4,28]","",2
481,"SupportBlasphemy","","","","","","","","","","",4739,"","","","Supports hex curse skills, turning them into auras that will apply their effect to all enemies in an area around you.","Modifie les aptitudes de malédiction qui sont des calamités en les transformant en auras qui appliquent leurs effets à tous les ennemis dans une zone autour de vous.","Unterstützt Verhexungs-Fluchfertigkeiten und wandelt diese in eine Aura um, die ihren Effekt auf Gegner im Umkreis anwendet.","呪術スキルをサポートし、使用者の周囲の範囲内すべての敵に影響を与えるオーラに変化させる。","사술 저주 스킬에 적용됩니다. 저주 스킬을 오라로 바꾸어 플레이어 주변의 모든 적에게 영향을 줍니다.","Suporta habilidades de feitiço-maldição, transformando-as em auras que aplicarão seu efeito em todos os inimigos em uma área ao seu redor.","Усиливает умения проклятий порчи, превращая их в ауры, которые действуют на врагов вокруг вас.","Asiste habilidades de maldición que sean maleficios y las transforma en auras que aplicarán su efecto a todos los enemigos que estén en un área a tu alrededor.","ใช้เสริม สกิลคำสาปสะกด ทำให้สกิลกลายเป็นออร่าที่ส่งผลต่อศัตรูที่อยู่ในพื้นที่รอบตัวคุณ","輔助咒術技能。使它們變成光環並作用於你附近的敵人。","","","","","","","","","","","[11,16,42,12]",14384,5
482,"IceCrash","","","","","","","","","","",4742,"","","","","","","","","","","","","","","","","","","","","","","","[9,25,13,14,7,1,40]","",5
483,"IceCrashAltX","Ice Crash of Cadence","Fracas de glace de la Cadence","Eishieb der Kadenz","カデンツのアイスクラッシュ","운율의 얼음 충격","Pancada de Gelo da Cadência","Ритмичное ледяное сокрушение","Choque de hielo de cadencia","ทุบคลื่นน้ำแข็งแห่งจังหวะ (Ice Crash of Cadence)","寒冰衝擊．節奏",4743,"","","","","","","","","","","","","","","","","","","","","","","","[9,25,13,14,7,1,40]","",1
484,"IceCrashAltY","[DNT] IceCrashAltY","[DNT] IceCrashAltY","[DNT] IceCrashAltY","[DNT] IceCrashAltY","[DNT] IceCrashAltY","[DNT] IceCrashAltY","[DNT] IceCrashAltY","[DNT] IceCrashAltY","[DNT] IceCrashAltY","[DNT] IceCrashAltY",4744,"","","","","","","","","","","","","","","","","","","","","","","","[9,25,13,14,7,1,40]","",2
485,"RallyingCry","","","","","","","","","","",4762,"","","","","","","","","","","","","","","","","","","","","","","","[27,9,25,14,15]","",5
486,"InfernalCry","","","","","","","","","","",4815,"",11015,"","","","","","","","","","","","","","","","","","","","","","[27,9,25,14,15,0,13,7,26]","",5
487,"FlameDash","","","","","","","","","","",4905,4908,"","","","","","","","","","","","","","","","","","","","","","","[11,25,4,22,15,0,35,37]","",5
488,"FlameDashAltX","[DNT] Flame Dash of Incinerating","[DNT] Flame Dash of Incinerating","[DNT] Flame Dash of Incinerating","[DNT] Flame Dash of Incinerating","[DNT] Flame Dash of Incinerating","[DNT] Flame Dash of Incinerating","[DNT] Flame Dash of Incinerating","[DNT] Flame Dash of Incinerating","[DNT] Flame Dash of Incinerating","[DNT] Flame Dash of Incinerating",4906,4908,"","","","","","","","","","","","","","","","","","","","","","","[11,25,4,22,15,0,35,37]","",1
489,"FlameDashAltY","Flame Dash of Return","Irruption enflammée du Retour","Flammenspurt der Rückkehr","帰還のフレイムダッシュ","귀환의 화염 질주","Avanço Ardente do Retorno","Огненный рывок возвращения","Embestida de llamas de regreso","พุ่งไฟแห่งการหวนคืน (Flame Dash of Return)","烈焰衝刺．返回",4907,"","","","","","","","","","","","","","","","","","","","","","","","[11,25,4,22,15,0]","",2
490,"VigilantStrike","","","","","","","","","","",4954,"","","","","","","","","","","","","","","","","","","","","","","","[13,9,25,7,36]","",5
491,"VigilantStrikeAltX","[DNT] VigilantStrikeAltX","[DNT] VigilantStrikeAltX","[DNT] VigilantStrikeAltX","[DNT] VigilantStrikeAltX","[DNT] VigilantStrikeAltX","[DNT] VigilantStrikeAltX","[DNT] VigilantStrikeAltX","[DNT] VigilantStrikeAltX","[DNT] VigilantStrikeAltX","[DNT] VigilantStrikeAltX",4955,"","","","","","","","","","","","","","","","","","","","","","","","[13,9,25,7,36]","",1
492,"VigilantStrikeAltY","[DNT] VigilantStrikeAltY","[DNT] VigilantStrikeAltY","[DNT] VigilantStrikeAltY","[DNT] VigilantStrikeAltY","[DNT] VigilantStrikeAltY","[DNT] VigilantStrikeAltY","[DNT] VigilantStrikeAltY","[DNT] VigilantStrikeAltY","[DNT] VigilantStrikeAltY","[DNT] VigilantStrikeAltY",4956,"","","","","","","","","","","","","","","","","","","","","","","","[13,9,25,7,36]","",2
493,"SupportFortify","","","","","","","","","","",4957,"","","","Supports melee attack skills that are not triggered.","Modifie les aptitudes d'attaque de mêlée qui ne sont pas déclenchées.","Unterstützt Nahkampf-Angriffsfertigkeiten, die nicht ausgelöst werden.","トリガーされない近接アタックスキルをサポートする。","비 발동형 근접 공격 스킬에 적용됩니다.","Suporta ataques corpo a corpo que não são ativados.","Усиливает не срабатывающие умения атак ближнего боя.","Asiste habilidades de ataque cuerpo a cuerpo que no sean de activación.","ใช้เสริม สกิลโจมตีประชิด ที่ไม่ถูกทริกเกอร์","輔助未被觸發的近戰攻擊技能。","","","","","","","","","","","[13,9,16,7]",14450,5
494,"FrostBlades","","","","","","","","","","",4979,"","","","","","","","","","","","","","","","","","","","","","","","[10,25,13,5,7,36,1]","",5
495,"FrostBladesAltX","Frost Blades of Katabasis","Lames de givre de la Catabase","Frostklingen der Katabasis","カタバシスのフロストブレード","퇴각의 서리 칼날","Lâminas Gélidas da Catábase","Ледяные клинки катабасиса","Filos de escarcha de retirada","มีดน้ำแข็งแห่งการเยือนปรโลก (Frost Blades of Katabasis)","冰霜之刃．降臨",4980,"","","","","","","","","","","","","","","","","","","","","","","","[10,25,13,7,36,1,14,15]","",1
496,"FrostBladesAltY","[DNT] FrostBladesAltY","[DNT] FrostBladesAltY","[DNT] FrostBladesAltY","[DNT] FrostBladesAltY","[DNT] FrostBladesAltY","[DNT] FrostBladesAltY","[DNT] FrostBladesAltY","[DNT] FrostBladesAltY","[DNT] FrostBladesAltY","[DNT] FrostBladesAltY",4981,"","","","","","","","","","","","","","","","","","","","","","","","[10,25,13,5,7,36,1]","",2
497,"SupportIceBite","","","","","","","","","","",5030,"","","","Supports any skill you use to hit enemies yourself. Cannot support skills used by totems, traps, or mines.","Modifie toutes les aptitudes qui vous permettent de toucher les ennemis. Ne peut modifier les totems, les pièges ou les mines.","Unterstützt Fertigkeiten, mit denen Ihr selbst Gegner trefft. Kann keine Totem-, Fallen- oder Minenfertigkeiten unterstützen.","自らヒットするタイプのスキルをサポートする。トーテム、トラップ、マインの使用するスキルはサポートされない。","직접 사용해 적을 명중하는 모든 스킬에 적용됩니다. 토템, 덫, 지뢰 스킬에는 적용되지 않습니다.","Suporta qualquer habilidade que você usar para acertar inimigos manualmente. Não pode suportar habilidades usadas por totens, armadilhas ou minas.","Усиливает любое умение, наносящее удары по врагам. Не может усиливать умения, используемые тотемами, ловушками и минами.","Asiste cualquier habilidad en la que golpees a los enemigos tú mismo. No puede asistir habilidades usadas por tótems, trampas ni minas.","ใช้เสริมสกิลที่คุณใช้ปะทะศัตรูด้วยตนเอง ไม่สามารถเสริมสกิลที่ใช้โดย โทเทม, กับดัก หรือ ทุ่นระเบิด ได้","輔助任何你自己使用擊中敵人的技能。不能輔助圖騰、陷阱和地雷技能。","","","","","","","","","","","[1,10,16]",14354,5
498,"SupportHypothermia","","","","","","","","","","",5031,"","","","Supports any skill that deals damage.","Modifie toutes les aptitudes qui infligent des dégâts.","Unterstützt Fertigkeiten, die Schaden verursachen.","ダメージを与えるスキルをサポートする。","피해를 주는 모든 스킬에 적용됩니다.","Suporta qualquer habilidade que cause dano.","Усиливает любое умение, наносящее урон.","Asiste cualquier habilidad que inflija daño.","ใช้เสริมสกิลที่สร้างความเสียหายได้","輔助任何可造成傷害的技能。","","","","","","","","","","","[1,10,16]",14363,5
499,"SupportInnervate","","","","","","","","","","",5032,"","","","Supports any skill you use to hit enemies yourself. Cannot support skills used by totems, traps, or mines.","Modifie toutes les aptitudes qui vous permettent de toucher les ennemis. Ne peut modifier les totems, les pièges ou les mines.","Unterstützt Fertigkeiten, mit denen Ihr selbst Gegner trefft. Kann keine Totem-, Fallen- oder Minenfertigkeiten unterstützen.","自らヒットするタイプのスキルをサポートする。トーテム、トラップ、マインの使用するスキルはサポートされない。","직접 사용해 적을 명중하는 모든 스킬에 적용됩니다. 토템, 덫, 지뢰 스킬에는 적용되지 않습니다.","Suporta qualquer habilidade que você usar para acertar inimigos manualmente. Não pode suportar habilidades usadas por totens, armadilhas ou minas.","Усиливает любое умение, которым вы самостоятельно наносите удары врагам. Не может усиливать умения, используемые тотемами, ловушками и минами.","Asiste cualquier habilidad en la que golpees a los enemigos tú mismo. No puede asistir habilidades usadas por tótems, trampas ni minas.","ใช้เสริมสกิลที่คุณใช้ปะทะศัตรูด้วยตนเอง ไม่สามารถเสริมสกิลที่ใช้โดย โทเทม, กับดัก หรือ ทุ่นระเบิด ได้","輔助任何你自己使用擊中敵人的技能。不能輔助圖騰、陷阱和地雷技能。","","","","","","","","","","","[2,11,16,15]",14361,5
500,"RollingMagma","","","","","","","","","","",5035,"","","","","","","","","","","","","","","","","","","","","","","","[11,25,4,14,0,5,18]","",5
501,"RollingMagmaAltX","[DNT] MagmaOrbAltX","[DNT] MagmaOrbAltX","[DNT] MagmaOrbAltX","[DNT] MagmaOrbAltX","[DNT] MagmaOrbAltX","[DNT] MagmaOrbAltX","[DNT] MagmaOrbAltX","[DNT] MagmaOrbAltX","[DNT] MagmaOrbAltX","[DNT] MagmaOrbAltX",5036,"","","","","","","","","","","","","","","","","","","","","","","","[11,25,4,14,0,5,18]","",1
502,"RollingMagmaAltY","[DNT] MagmaOrbAltY","[DNT] MagmaOrbAltY","[DNT] MagmaOrbAltY","[DNT] MagmaOrbAltY","[DNT] MagmaOrbAltY","[DNT] MagmaOrbAltY","[DNT] MagmaOrbAltY","[DNT] MagmaOrbAltY","[DNT] MagmaOrbAltY","[DNT] MagmaOrbAltY",5037,"","","","","","","","","","","","","","","","","","","","","","","","[11,25,4,14,0,5,18]","",2
503,"SupportTrapAndMineDamage","","","","","","","","","","",5077,"","","","Supports skills which throw Traps or Mines.","Modifie les aptitudes permettant de jeter des mines ou des pièges.","Unterstützt Fallen- oder Minenfertigkeiten.","トラップまたはマインを投げるスキルをサポートする。","덫 또는 지뢰를 투척하는 스킬에 적용됩니다.","Suporta habilidades que arremessam Armadilhas ou Minas.","Усиливает умения, бросающие ловушки или мины.","Asiste habilidades que lanzan trampas o minas.","ใช้เสริมสกิลที่โยน กับดักหรือทุ่นระเบิด","輔助投擲陷阱和地雷技能。","","","","","","","","","","","[10,16,20,21]",14422,5
504,"WildStrike","","","","","","","","","","",5103,"","","","","","","","","","","","","","","","","","","","","","","","[10,25,13,7,36,2,1,0,5,14,18,45]","",5
505,"WildStrikeAltX","Wild Strike of Extremes","Frappe déchaînée des Extrêmes","Wilder Schlag der Extreme","極限のワイルドストライク","극단의 사나운 타격","Golpe Selvagem dos Extremos","Шальной удар полярности","Golpe salvaje de extremos","ฟาดอย่างบ้าคลั่งแห่งความสุดขั้ว (Wild Strike of Extremes)","野性打擊．極致",5104,"","","","","","","","","","","","","","","","","","","","","","","","[10,25,13,7,36,2,1,0,5,14,18,45]","",1
506,"WildStrikeAltY","[DNT] WildStrikeAltY","[DNT] WildStrikeAltY","[DNT] WildStrikeAltY","[DNT] WildStrikeAltY","[DNT] WildStrikeAltY","[DNT] WildStrikeAltY","[DNT] WildStrikeAltY","[DNT] WildStrikeAltY","[DNT] WildStrikeAltY","[DNT] WildStrikeAltY",5105,"","","","","","","","","","","","","","","","","","","","","","","","[10,25,13,7,36,2,1,0,5,14,18,45]","",2
507,"IceTrap","","","","","","","","","","",5113,"","","","","","","","","","","","","","","","","","","","","","","","[20,10,25,4,14,1]","",5
508,"IceTrapAltX","Ice Trap of Hollowness","Piège de glace du Vide","Eisfalle der Leere","空洞のアイストラップ","무상의 얼음 덫","Armadilha de Gelo do Vão","Ледяная ловушка пустоты","Trampa de hielo de oquedad","กับดักน้ำแข็งแห่งความกลวงเปล่า (Ice Trap of Hollowness)","冰凍陷阱．空心",5114,"","","","","","","","","","","","","","","","","","","","","","","","[20,10,25,4,14,1]","",1
509,"IceTrapAltY","[DNT] IceTrapAltY","[DNT] IceTrapAltY","[DNT] IceTrapAltY","[DNT] IceTrapAltY","[DNT] IceTrapAltY","[DNT] IceTrapAltY","[DNT] IceTrapAltY","[DNT] IceTrapAltY","[DNT] IceTrapAltY","[DNT] IceTrapAltY",5115,"","","","","","","","","","","","","","","","","","","","","","","","[20,10,25,4,14,1]","",2
510,"BlastRain","","","","","","","","","","",5205,"","","","","","","","","","","","","","","","","","","","","","","","[0,10,25,13,14,5,6]","",5
511,"BlastRainAltX","Blast Rain of Trarthus","Pluie explosive de Trarthus","Explosionsregen von Trarthus","トラーサスのブラストレイン","트라투스의 폭발 화살비","Chuva Explosiva de Trarthus","Дождь взрывов Тератны","Lluvia de estallidos de Trarthus","ฝนระเบิดแห่งทาร์ทัส (Blast Rain of Trarthus)","特拉特斯爆裂箭雨",5206,"","","","","","","","","","","","","","","","","","","","","","","","[0,10,25,13,14,5,15,6]","",3
512,"BlastRainAltY","[DNT] Blast Rain Alt Y","[DNT] Blast Rain Alt Y","[DNT] Blast Rain Alt Y","[DNT] Blast Rain Alt Y","[DNT] Blast Rain Alt Y","[DNT] Blast Rain Alt Y","[DNT] Blast Rain Alt Y","[DNT] Blast Rain Alt Y","[DNT] Blast Rain Alt Y","[DNT] Blast Rain Alt Y",5207,"","","","","","","","","","","","","","","","","","","","","","","","[0,10,25,13,14,5,6]","",2
513,"GalvanicArrow","","","","","","","","","","",5228,"","","","","","","","","","","","","","","","","","","","","","","","[2,10,25,13,5,14,6]","",5
514,"GalvanicArrowAltX","Galvanic Arrow of Energy","Flèche galvanique de l'Énergie","Galvanischer Pfeil der Energie","エネルギーのガルヴァニックアロー","에너지의 충격 화살","Flecha Galvânica da Energia","Электризующая стрела энергии","Flecha galvánica de energía","ศรกระแสไฟแห่งพลังงาน (Galvanic Arrow of Energy)","電流箭矢．能量",5229,"","","","","","","","","","","","","","","","","","","","","","","","[2,10,25,13,14,6]","",1
515,"GalvanicArrowAltY","Galvanic Arrow of Surging","Flèche galvanique du Débordement","Galvanischer Pfeil der Welle","サージ電流のガルヴァニックアロー","쇄도의 충격 화살","Flecha Galvânica do Surto","Бушующая электризующая стрела","Flecha galvánica de surgimiento","ศรกระแสไฟแห่งกระแสฉับพลัน (Galvanic Arrow of Surging)","電流箭矢．波動",5230,"","","","","","","","","","","","","","","","","","","","","","","","[2,10,25,13,5,14,6]","",2
516,"StaticTether","","","","","","","","","","",5236,"","","","","","","","","","","","","","","","","","","","","","","","[11,25,4,5,14,15]","",5
517,"Bladefall","","","","","","","","","","",5240,"","","","","","","","","","","","","","","","","","","","","","","","[10,25,4,14,33,15]","",5
518,"BladefallAltX","Bladefall of Volleys","Averse de lames des Volées","Klingenhagel der Salven","斉射のブレードフォール","사격 공세의 칼날비","Chuva de Lâminas da Rajada","Мечепад града","Caída de filos de salvas","มีดร่วงแห่งระลอก (Bladefall of Volleys)","虛空刀雨．齊射",5241,"","","","","","","","","","","","","","","","","","","","","","","","[47,10,25,4,14,33]","",1
519,"BladefallAltY","Bladefall of Impaling","Averse de lames de l'Empalement","Klingenhagel des Aufspießens","串刺しのブレードフォール","꿰뚫기의 칼날비","Chuva de Lâminas do Empalamento","Мечепад пронзания","Caída de filos de empalamiento","มีดร่วงแห่งการทิ่มแทง (Bladefall of Impaling)","虛空刀雨．穿刺",5242,"","","","","","","","","","","","","","","","","","","","","","","","[47,10,25,4,14,33]","",2
520,"BladefallAltZ","Bladefall of Trarthus","Averse de lames de Trarthus","Klingenhagel von Trarthus","トラーサスのブレードフォール","트라투스의 칼날비","Corrente com Gancho de Trarthus","Мечепад Тератны","Caída de filos de Trarthus","มีดร่วงแห่งทาร์ทัส (Bladefall of Trarthus)","特拉特斯虛空刀雨",5243,"","","","","","","","","","","","","","","","","","","","","","","","[10,25,4,14,33,46,15]","",3
521,"BladeVortex","","","","","","","","","","",5259,"","","","","","","","","","","","","","","","","","","","","","","","[10,25,4,14,15,33]","",5
522,"BladeVortexAltX","Blade Vortex of the Scythe","Vortex de lame de la Faux","Klingenwirbel der Sense","大鎌のブレードヴォーテックス","낫의 칼날 소용돌이","Vórtice de Lâminas da Foice","Вихрь клинков косы","Vórtice de filos de la guadaña","กระแสมีดวนแห่งเคียวยาว (Blade Vortex of the Scythe)","飛刃風暴．鐮刀",5260,"","","","","","","","","","","","","","","","","","","","","","","","[10,25,4,14,15,33]","",1
523,"BladeVortexAltY","[DNT] BladeVortexAltY","[DNT] BladeVortexAltY","[DNT] BladeVortexAltY","[DNT] BladeVortexAltY","[DNT] BladeVortexAltY","[DNT] BladeVortexAltY","[DNT] BladeVortexAltY","[DNT] BladeVortexAltY","[DNT] BladeVortexAltY","[DNT] BladeVortexAltY",5261,"","","","","","","","","","","","","","","","","","","","","","","","[10,25,4,14,15,33]","",2
524,"VaalBladeVortex","","","","","","","","","","",9285,"",5259,"","","","","","","","","","","","","","","","","","","","","","[47,10,25,4,14,15,24,33]","",5
525,"VaalBladeVortexAltX","Vaal Blade Vortex","Vortex de lames vaal","Vaal-Klingenwirbel","ヴァールブレードヴォーテックス","바알 칼날 소용돌이","Vórtice de Lâminas Vaal","Вихрь клинков ваал","Vórtice de filos vaal","วาล์ กระแสมีดวน (Vaal Blade Vortex)","瓦爾．飛刃風暴",9285,"",5260,"","","","","","","","","","","","","","","","","","","","","","[47,10,25,4,14,15,24,33]","",1
526,"VaalBladeVortexAltY","Vaal Blade Vortex","Vortex de lames vaal","Vaal-Klingenwirbel","ヴァールブレードヴォーテックス","바알 칼날 소용돌이","Vórtice de Lâminas Vaal","Вихрь клинков ваал","Vórtice de filos vaal","วาล์ กระแสมีดวน (Vaal Blade Vortex)","瓦爾．飛刃風暴",9285,"",5261,"","","","","","","","","","","","","","","","","","","","","","[47,10,25,4,14,15,24,33]","",2
527,"NewNewBladeVortex","","","","","","","","","","",6199,"","","","","","","","","","","","","","","","","","","","","","","","[47,10,25,4,14,15,33]","",5
528,"FrostBomb","","","","","","","","","","",5285,"","","","","","","","","","","","","","","","","","","","","","","","[11,25,4,14,15,1,44]","",5
529,"FrostBombAltX","Frost Bomb of Instability","Bombe de givre de l'Instabilité","Frostbombe der Instabilität","不安定性のフロストボム","불안정의 서리 폭탄","Bomba Congelante da Instabilidade","Морозная бомба нестабильности","Bomba de escarcha de inestabilidad","ระเบิดน้ำแข็งแห่งความไม่เสถียร (Frost Bomb of Instability)","寒霜爆．不定",5286,"","","","","","","","","","","","","","","","","","","","","","","","[11,25,4,14,15,1]","",1
530,"FrostBombAltY","Frost Bomb of Forthcoming","Bombe de givre de l'Espérance","Frostbombe des Bevorstehens","来るべき時のフロストボム","임박의 서리 폭탄","Bomba Congelante da Aproximação","Морозная бомба наступления","Bomba de escarcha de advenimiento","ระเบิดน้ำแข็งแห่งการมาถึง (Frost Bomb of Forthcoming)","寒霜爆．來臨",5287,"","","","","","","","","","","","","","","","","","","","","","","","[11,25,4,14,15,1]","",2
531,"SiegeBallista","","","","","","","","","","",5094,"","","","","","","","","","","","","","","","","","","","","","","","[10,25,13,5,19,6]","",5
532,"SiegeBallistaAltX","Siege Ballista of Splintering","Baliste de siège de la Fragmentation","Belagerungsballiste des Zersplitterns","破砕のシージバリスタ","파편의 공성 쇠뇌","Balista de Cerco do Despedaçamento","Осадная баллиста осколков","Balista de asedio de astillamiento","ป้อมเครื่องยิงทลายกำแพงแห่งการแตกเศษ (Siege Ballista of Splintering)","攻城炮台．碎片",5095,"","","","","","","","","","","","","","","","","","","","","","","","[10,25,13,5,19,6]","",1
533,"SiegeBallistaAltY","Siege Ballista of Trarthus","Baliste de siège de Trarthus","Belagerungsballiste von Trarthus","トラーサスのシージバリスタ","트라투스의 공성 쇠뇌","Balista de Cerco de Trarthus","Осадная баллиста Тератны","Balista de asedio de Trarthus","ป้อมเครื่องยิงทลายกำแพงแห่งทาร์ทัส (Siege Ballista of Trarthus)","特拉特斯攻城炮台",5096,"","","","","","","","","","","","","","","","","","","","","","","","[10,25,13,5,19,6]","",3
534,"OrbOfStorms","","","","","","","","","","",5315,"","","","","","","","","","","","","","","","","","","","","","","","[2,11,25,4,14,18,44]","",5
535,"OrbOfStormsAltX","Orb of Storms of Squalls","Orbes des orages des Bourrasques","Gewittersphäre der Sturmböen","スコールのオーブオブストーム","돌풍의 폭풍 보주","Orbe Trovejante das Borrascas","Сфера бурь шквалов","Orbe de tormentas de aguacero","ลูกแก้ววายุแห่งลมกระหน่ำ (Orb of Storms of Squalls)","風暴漩渦．颮風",5316,"","","","","","","","","","","","","","","","","","","","","","","","[2,11,25,4,14,18,44]","",1
536,"OrbOfStormsAltY","[DNT] OrbOfStormsAltY","[DNT] OrbOfStormsAltY","[DNT] OrbOfStormsAltY","[DNT] OrbOfStormsAltY","[DNT] OrbOfStormsAltY","[DNT] OrbOfStormsAltY","[DNT] OrbOfStormsAltY","[DNT] OrbOfStormsAltY","[DNT] OrbOfStormsAltY","[DNT] OrbOfStormsAltY",5317,"","","","","","","","","","","","","","","","","","","","","","","","[2,11,25,4,14,18,44]","",2
537,"SummonStoneGolem","","","","","","","","","","",5360,"","","","","","","","","","","","","","","","","","","","","","","","[9,25,8,4,28,33]","",5
538,"SummonStoneGolemAltX","Summon Stone Golem of Hordes","Invocation de Golem de roche des Hordes","Steingolem der Horden beschwören","大群のストーンゴーレム召喚","군단의 돌 골렘 소환","Convocar Golem de Pedra das Hordas","Призыв каменного голема орды","Invocar gólem de piedra de hordas","อัญเชิญโกเลมศิลาแห่งโขยง (Summon Stone Golem of Hordes)","召喚巨石魔像．部落",5361,"","","","","","","","","","","","","","","","","","","","","","","","[9,25,8,4,28,33]","",1
539,"SummonStoneGolemAltY","Summon Stone Golem of Safeguarding","Invocation de Golem de roche de la Protection","Steingolem der Obhut beschwören","保護のストーンゴーレム召喚","방비의 돌 골렘 소환","Convocar Golem de Pedra da Proteção","Призыв каменного голема охраны","Invocar gólem de piedra de salvaguardia","อัญเชิญโกเลมศิลาแห่งการคุ้มกัน (Summon Stone Golem of Safeguarding)","召喚巨石魔像．保安",5362,"","","","","","","","","","","","","","","","","","","","","","","","[9,25,8,4,28,33]","",2
540,"RighteousLightning","","","","","","","","","","",5393,"","","","","","","","","","","","","","","","","","","","","","","","[11,25,4,14,2]","",5
541,"Earthquake","","","","","","","","","","",5398,"","","","","","","","","","","","","","","","","","","","","","","","[9,25,13,14,7,15,40]","",5
542,"EarthquakeAltX","Earthquake of Amplification","Séisme de l'Amplification","Erdbeben der Ausweitung","増幅のアースクエイク","증폭의 지진","Terremoto da Amplificação","Землетрясение усиления","Terremoto de amplificación","แผ่นดินไหวแห่งความทวีคูณ (Earthquake of Amplification)","震地．增幅",5399,"","","","","","","","","","","","","","","","","","","","","","","","[9,25,13,14,7,15,40]","",1
543,"EarthquakeAltY","[DNT] EarthquakeAltY","[DNT] EarthquakeAltY","[DNT] EarthquakeAltY","[DNT] EarthquakeAltY","[DNT] EarthquakeAltY","[DNT] EarthquakeAltY","[DNT] EarthquakeAltY","[DNT] EarthquakeAltY","[DNT] EarthquakeAltY","[DNT] EarthquakeAltY",5400,"","","","","","","","","","","","","","","","","","","","","","","","[9,25,13,14,7,15,40]","",2
544,"SupportCriticalStrikeAffliction","","","","","","","","","","",5430,"","","","Supports any skill that hits enemies.","Modifie les aptitudes qui touchent les ennemis.","Unterstützt Fertigkeiten, die Treffer bei Gegnern verursachen.","敵にヒットを与えるスキルをサポートする。","적을 명중하는 모든 스킬에 적용됩니다.","Suporta qualquer habilidade que acerte inimigos.","Усиливает любое умение, наносящее удары по врагам.","Asiste cualquier habilidad que golpee enemigos.","ใช้เสริมสกิลที่ปะทะศัตรู","輔助任何可擊中敵人的技能。","","","","","","","","","","","[47,10,16]",14423,5
545,"Contagion","","","","","","","","","","",5432,"","","","","","","","","","","","","","","","","","","","","","","","[11,25,4,14,15,3]","",5
546,"ContagionAltX","Contagion of Subsiding","Contagion de l'Atténuation","Verseuchung des Abklingens","弱毒化のコンテ―ジョン","침하의 전염","Contágio da Subsidência","Инфекция угасания","Contagio de aminoración","โรคติดต่อแห่งการทุเลา (Contagion of Subsiding)","瘟疫．消退",5433,"","","","","","","","","","","","","","","","","","","","","","","","[11,25,4,14,15,3]","",1
547,"ContagionAltY","Contagion of Transference","Contagion de la Transmission","Verseuchung des Übertragens","伝染のコンテ―ジョン","전이의 전염","Contágio da Transferência","Инфекция перенесения","Contagio de transferencia","โรคติดต่อแห่งการส่งต่อ (Contagion of Transference)","瘟疫．移轉",5434,"","","","","","","","","","","","","","","","","","","","","","","","[11,25,4,14,15,3]","",2
548,"Wither","","","","","","","","","","",5438,"","","","","","","","","","","","","","","","","","","","","","","","[11,25,4,14,15,3,30]","",5
549,"Blight","","","","","","","","","","",5781,"","","","","","","","","","","","","","","","","","","","","","","","[11,25,4,3,14,30,15]","",5
550,"BlightAltX","Blight of Contagion","Fléau de la Contagion","Pesthauch der Verseuchung","コンテージョンのブライト","전염의 황폐","Infestação do Contágio","Мор инфекции","Plaga de contagio","แพร่โรคร้ายแห่งโรคติดต่อ (Blight of Contagion)","萎滅．瘟疫",5782,"","","","","","","","","","","","","","","","","","","","","","","","[11,25,4,3,14,30,15]","",1
551,"BlightAltY","Blight of Atrophy","Fléau de l'Atrophie","Pesthauch der Atrophie","萎縮のブライト","위축의 황폐","Infestação da Atrofia","Мор атрофии","Plaga de atrofia","แพร่โรคร้ายแห่งการสิ้นสลาย (Blight of Atrophy)","萎滅．萎縮",5783,"","","","","","","","","","","","","","","","","","","","","","","","[11,25,4,3,14,30,15]","",2
552,"EssenceDrain","","","","","","","","","","",5448,"","","","","","","","","","","","","","","","","","","","","","","","[11,25,4,5,15,3,14]","",5
553,"EssenceDrainAltX","Essence Drain of Desperation","Drain d'essence du Désespoir","Entkräften der Verzweiflung","自棄のエッセンスドレイン","필사의 정수 흡수","Dreno de Essência do Desespero","Похищение сущности отчаяния","Drenar esencia de desesperación","ดูดแก่นแท้แห่งความจนตรอก (Essence Drain of Desperation)","靈魂吸取．絕望",5449,"","","","","","","","","","","","","","","","","","","","","","","","[11,25,4,5,15,3,14]","",1
554,"EssenceDrainAltY","Essence Drain of Wickedness","Drain d'essence de la Méchanceté","Entkräften der Bosheit","邪悪のエッセンスドレイン","사악함의 정수 흡수","Dreno de Essência da Maldade","Похищение сущности злобы","Drenar esencia de maldad","ดูดแก่นแท้แห่งความโฉดชั่ว (Essence Drain of Wickedness)","靈魂吸取．邪惡",5450,"","","","","","","","","","","","","","","","","","","","","","","","[11,25,4,5,15,3,14]","",2
555,"ShadowBlades","","","","","","","","","","",5462,"","","","","","","","","","","","","","","","","","","","","","","","[10,25,4,5]","",5
556,"SupportVoidManipulation","","","","","","","","","","",5471,"","","","Supports any skill that deals damage.","Modifie toutes les aptitudes qui infligent des dégâts.","Unterstützt Fertigkeiten, die Schaden verursachen.","ダメージを与えるスキルをサポートする。","피해를 주는 모든 스킬에 적용됩니다.","Suporta qualquer habilidade que cause dano.","Усиливает любое умение, наносящее урон.","Asiste cualquier habilidad que inflija daño.","ใช้เสริมสกิลที่สร้างความเสียหายได้","輔助任何可造成傷害的技能。","","","","","","","","","","","[3,10,16]",14424,5
557,"SupportControlledDestruction","","","","","","","","","","",5472,"","","","Supports attack skills, or spell skills that deal damage.","Modifie les aptitudes d'attaque ou les aptitudes de sorts qui infligent des dégâts.","Unterstützt Angriffs- oder Zauberfertigkeiten, die Schaden verursachen.","ダメージを与えるアタックスキルまたはスペルスキルをサポートする。","공격 스킬 또는 피해를 주는 주문 스킬에 적용됩니다.","Suporta habilidades de ataque, ou habilidades mágicas que causem dano.","Усиливает любое умение атак или чары, наносящие урон.","Asiste habilidades de ataque o habilidades de hechizo que inflijan daño.","ใช้เสริม สกิลโจมตี หรือ สกิลเวทที่สร้างความเสียหายได้","輔助造成傷害的攻擊和法術技能。","","","","","","","","","","","[4,47,11,16]",14452,5
558,"SupportSwiftAffliction","","","","","","","","","","",5473,"","","","Supports any skill that has a duration, or can hit enemies to inflict ailments on them.","Modifie toutes les aptitudes qui ont une durée, ou qui sont en mesure de toucher les ennemis pour leur infliger des altérations.","Unterstützt Fertigkeiten mit Wirkungsdauer, oder kann Gegner treffen, um bei diesen Beeinträchtigungen zu verursachen.","持続時間を持つスキルまたは敵にヒットした際に状態異常を付与するスキルをサポートする。","지속시간이 있는 스킬 또는 명중 시 상태 이상을 유발하는 스킬에 적용됩니다.","Suporta qualquer habilidade que tenha uma duração ou possa acertar inimigos para infligir afecções neles.","Усиливает любое умение с временем действия или умение, накладывающее состояния ударами.","Asiste cualquier habilidad que tenga una duración o que pueda golpear a los enemigos para aplicarles estados alterados.","ใช้เสริมสกิลมีระยะเวลา หรือสกิลที่ปะทะศัตรูเพื่อสร้าง สถานะเจ็บป่วย ได้","輔助任何有期間的技能，或可以擊中敵人造成異常狀態。","","","","","","","","","","","[10,16,15]",14425,5
559,"SupportClusterTraps","","","","","","","","","","",5483,"","","","Supports traps skills, making them throw extra traps randomly around the targeted location.","Modifie les aptitudes de pièges, leur permettant de jeter aléatoirement des pièges supplémentaires autour de la zone ciblée.","Unterstützt Fallenfertigkeiten, die dann zusätzliche Fallen zufällig um den Zielbereich verteilt werfen.","トラップスキルをサポートし、追加のトラップをターゲットエリア周辺にランダムに投げる。","덫 스킬에 적용됩니다. 대상 지점 주변에 무작위로 추가 덫을 던집니다.","Suporta habilidades de armadilha, fazendo com que arremessem armadilhas extras aleatoriamente ao redor do local alvo.","Усиливает умения ловушек. Бросает дополнительные ловушки вокруг указанного места.","Asiste habilidades de trampa para que lancen trampas adicionales aleatoriamente alrededor de la ubicación objetivo.","ใช้เสริม สกิลกับดัก ทำให้โยนกับดักพร้อมกันหลายอันรอบๆ บริเวณที่เลือกแบบสุ่ม","輔助陷阱技能，在範圍內隨機投擲額外的陷阱。","","","","","","","","","","","[20,10,16]",14426,5
560,"AncestralProtector","","","","","","","","","","",5484,"","","","","","","","","","","","","","","","","","","","","","","","[9,25,13,19,7,36]","",5
561,"AncestralProtectorAltX","[DNT] MeleeTotemAltX","[DNT] MeleeTotemAltX","[DNT] MeleeTotemAltX","[DNT] MeleeTotemAltX","[DNT] MeleeTotemAltX","[DNT] MeleeTotemAltX","[DNT] MeleeTotemAltX","[DNT] MeleeTotemAltX","[DNT] MeleeTotemAltX","[DNT] MeleeTotemAltX",5485,"","","","","","","","","","","","","","","","","","","","","","","","[9,25,13,19,7,36]","",1
562,"AncestralProtectorAltY","[DNT] MeleeTotemAltY","[DNT] MeleeTotemAltY","[DNT] MeleeTotemAltY","[DNT] MeleeTotemAltY","[DNT] MeleeTotemAltY","[DNT] MeleeTotemAltY","[DNT] MeleeTotemAltY","[DNT] MeleeTotemAltY","[DNT] MeleeTotemAltY","[DNT] MeleeTotemAltY",5486,"","","","","","","","","","","","","","","","","","","","","","","","[9,25,13,19,7,36]","",2
563,"AncestorTotemSlash","","","","","","","","","","",5862,"","","","","","","","","","","","","","","","","","","","","","","","[9,25,13,19,7,14]","",5
564,"AncestralWarchief","","","","","","","","","","",5863,"","","","","","","","","","","","","","","","","","","","","","","","[9,25,13,19,7,14,40]","",5
565,"AncestralWarchiefAltX","[DNT] AncestralWarchiefAltX","[DNT] AncestralWarchiefAltX","[DNT] AncestralWarchiefAltX","[DNT] AncestralWarchiefAltX","[DNT] AncestralWarchiefAltX","[DNT] AncestralWarchiefAltX","[DNT] AncestralWarchiefAltX","[DNT] AncestralWarchiefAltX","[DNT] AncestralWarchiefAltX","[DNT] AncestralWarchiefAltX",5864,"","","","","","","","","","","","","","","","","","","","","","","","[9,25,13,19,7,14,40]","",1
566,"AncestralWarchiefAltY","[DNT] AncestralWarchiefAltY","[DNT] AncestralWarchiefAltY","[DNT] AncestralWarchiefAltY","[DNT] AncestralWarchiefAltY","[DNT] AncestralWarchiefAltY","[DNT] AncestralWarchiefAltY","[DNT] AncestralWarchiefAltY","[DNT] AncestralWarchiefAltY","[DNT] AncestralWarchiefAltY","[DNT] AncestralWarchiefAltY",5865,"","","","","","","","","","","","","","","","","","","","","","","","[9,25,13,19,7,14,40]","",2
567,"Sunder","","","","","","","","","","",11033,"","","","","","","","","","","","","","","","","","","","","","","","[9,25,13,14,7,40]","",5
568,"SunderAltX","Sunder of Earthbreaking","Déferlement tellurique de la Destruction","Verwüsten der Erderschütterung","地砕きのサンダー","대지 분쇄의 산산조각","Ruptura da Rachadura","Сокрушающий раскол","Fisurar de agrietamiento","แผ่นดินแยกแห่งการทลายปฐพี (Sunder of Earthbreaking)","大地震擊．地破",11034,"","","","","","","","","","","","","","","","","","","","","","","","[9,25,13,14,7,40]","",1
569,"SunderAltY","Sunder of Trarthus","Déferlement tellurique de Trarthus","Verwüsten von Trarthus","トラーサスのサンダー","트라투스의 산산조각","Ruptura de Trarthus","Раскол Тератны","Fisurar de Trarthus","แผ่นดินแยกแห่งทาร์ทัส (Sunder of Trarthus)","特拉特斯大地震擊",11035,"","","","","","","","","","","","","","","","","","","","","","","","[9,25,13,14,7,40]","",3
570,"FrostBolt","","","","","","","","","","",5716,"","","","","","","","","","","","","","","","","","","","","","","","[11,25,4,5,1]","",5
571,"FrostBoltAltX","[DNT] FrostBoltAltX","[DNT] FrostBoltAltX","[DNT] FrostBoltAltX","[DNT] FrostBoltAltX","[DNT] FrostBoltAltX","[DNT] FrostBoltAltX","[DNT] FrostBoltAltX","[DNT] FrostBoltAltX","[DNT] FrostBoltAltX","[DNT] FrostBoltAltX",5717,"","","","","","","","","","","","","","","","","","","","","","","","[11,25,4,5,1]","",1
572,"FrostBoltAltY","[DNT] FrostBoltAltY","[DNT] FrostBoltAltY","[DNT] FrostBoltAltY","[DNT] FrostBoltAltY","[DNT] FrostBoltAltY","[DNT] FrostBoltAltY","[DNT] FrostBoltAltY","[DNT] FrostBoltAltY","[DNT] FrostBoltAltY","[DNT] FrostBoltAltY",5718,"","","","","","","","","","","","","","","","","","","","","","","","[11,25,4,5,1]","",2
573,"Vortex","","","","","","","","","","",5747,"","","","","","","","","","","","","","","","","","","","","","","","[11,25,4,14,1,15,38]","",5
574,"VortexAltX","Vortex of Projection","Vortex de la Projection","Vortex der Projektion","投影のヴォーテックス","투영의 소용돌이","Vórtice da Proteção","Пурга проекции","Vórtice de proyección","น้ำวนแห่งการถ่ายทอด (Vortex of Projection)","漩渦．投射",5748,"","","","","","","","","","","","","","","","","","","","","","","","[11,25,4,14,1,15,38]","",1
575,"VortexAltY","[DNT] FrostBoltNovaAltY","[DNT] FrostBoltNovaAltY","[DNT] FrostBoltNovaAltY","[DNT] FrostBoltNovaAltY","[DNT] FrostBoltNovaAltY","[DNT] FrostBoltNovaAltY","[DNT] FrostBoltNovaAltY","[DNT] FrostBoltNovaAltY","[DNT] FrostBoltNovaAltY","[DNT] FrostBoltNovaAltY",5749,"","","","","","","","","","","","","","","","","","","","","","","","[11,25,4,14,1,15,38]","",2
576,"SupportElementalFocus","","","","","","","","","","",5777,"","","","Supports any skill that hits or burns enemies, or inflicts elemental ailments.","Modifie toutes les aptitudes qui touchent ou brûlent les ennemis, ou appliquent des altérations élémentaires.","Unterstützt Fertigkeiten, die Treffer verursachen, Gegner verbrennen oder elementare Beeinträchtigungen verursachen.","ヒットするスキル、敵を燃やすスキルまたは元素異常を付与するスキルをサポートする。","적을 공격하거나 화상 또는 원소 상태 이상을 유발하는 모든 스킬에 적용됩니다.","Suporta qualquer habilidade que acerte, incendeie ou inflija afecções elementais.","Усиливает любое умение, наносящее удары или урон от горения врагам, или накладывающее стихийные состояния.","Asiste cualquier habilidad que golpee o incendie a los enemigos, o que aplique estados alterados elementales.","ใช้เสริมสกิลที่ปะทะศัตรู หรือสกิลที่สร้างสถานะ ติดไฟ ต่อศัตรูได้ หรือสกิลที่สร้าง สถานะเจ็บป่วยธาตุ ได้","輔助任何可擊中或燃燒敵人，或造成元素異常狀態的技能。","","","","","","","","","","","[11,16]",14427,5
577,"SupportMinefield","","","","","","","","","","",5778,"","","","Supports skills which throw mines.","Modifie les aptitudes permettant de jeter des mines.","Unterstützt Minenfertigkeiten.","マインを投げるスキルをサポートする。","지뢰를 던지는 스킬에 적용됩니다.","Suporta habilidades que arremessam minas.","Усиливает умения, бросающие мины.","Asiste habilidades que lanzan minas.","ใช้เสริมสกิลที่โยน ทุ่นระเบิด","輔助投擲地雷技能。","","","","","","","","","","","[11,16,21]",14428,5
578,"SupportAdvancedTraps","","","","","","","","","","",5795,"","","","Supports skills which throw traps.","Modifie les aptitudes permettant de jeter des pièges.","Unterstützt Fallenfertigkeiten.","トラップを投げるスキルをサポートする。","덫을 던지는 스킬에 적용됩니다.","Suporta habilidades que arremessam armadilhas.","Усиливает умения ловушек.","Asiste habilidades que lanzan trampas.","ใช้เสริมสกิลที่โยน กับดัก","輔助投擲陷阱技能。","","","","","","","","","","","[20,10,16]",14429,5
579,"DoomArrow","","","","","","","","","","",5822,"","","","","","","","","","","","","","","","","","","","","","","","[10,25,13,14,6]","",5
580,"ElementalProjectiles","","","","","","","","","","",5878,"","","","","","","","","","","","","","","","","","","","","","","","[11,25,4,14]","",5
581,"DarkPact","","","","","","","","","","",5882,"","","","","","","","","","","","","","","","","","","","","","","","[8,11,25,4,14,18,3,38]","",5
582,"DarkPactAltX","Dark Pact of Trarthus","Sombre pacte de Trarthus","Finsterer Pakt von Trarthus","トラーサスのダークパクト","트라투스의 어둠의 서약","Pacto Sombrio de Trarthus","Тёмный договор Тератны","Pacto oscuro de Trarthus","สัญญามืดแห่งทาร์ทัส (Dark Pact of Trarthus)","特拉特斯暗夜血契",5883,"","","","","","","","","","","","","","","","","","","","","","","","[11,25,4,14,3,38]","",3
583,"DarkPactAltY","[DNT] DarkPactAltY","[DNT] DarkPactAltY","[DNT] DarkPactAltY","[DNT] DarkPactAltY","[DNT] DarkPactAltY","[DNT] DarkPactAltY","[DNT] DarkPactAltY","[DNT] DarkPactAltY","[DNT] DarkPactAltY","[DNT] DarkPactAltY",5884,"","","","","","","","","","","","","","","","","","","","","","","","[8,11,25,4,14,18,3,38]","",2
584,"ScorchingRay","","","","","","","","","","",5984,"","","","","","","","","","","","","","","","","","","","","","","","[11,25,4,0,15,30]","",5
585,"ScorchingRayAltX","Scorching Ray of Immolation","Rayon calcinant de l'Immolation","Sengender Strahl der Selbstverbrennung","火炙りのスコーチングレイ","제물의 작열 광선","Raio Escaldante da Imolação","Опаляющий луч сожжения","Haz abrasador de inmolación","ลำแสงแผดเผาแห่งการเผาทิ้ง (Scorching Ray of Immolation)","熾灼奔流．焚燒",5985,"","","","","","","","","","","","","","","","","","","","","","","","[11,25,4,0,15,30]","",1
586,"ScorchingRayAltY","[DNT] FireBeamAltY","[DNT] FireBeamAltY","[DNT] FireBeamAltY","[DNT] FireBeamAltY","[DNT] FireBeamAltY","[DNT] FireBeamAltY","[DNT] FireBeamAltY","[DNT] FireBeamAltY","[DNT] FireBeamAltY","[DNT] FireBeamAltY",5986,"","","","","","","","","","","","","","","","","","","","","","","","[11,25,4,0,15,30]","",2
587,"SupportCastWhileChannelling","","","","","","","","","","",6377,"",6379,"","Must support both a channelling skill and a non-channelling spell skill to work. The channelling skill will trigger a spell periodically while channelling. Cannot support skills used by totems, traps, or mines. Vaal skills and skills with a reservation cannot be triggered.","Doit modifier à la fois une aptitude canalisée et une aptitude qui est un sort non canalisé pour pouvoir fonctionner. L'aptitude canalisée déclenche les sorts reliés de façon périodique pendant la durée de canalisation. Ne peut modifier les totems, pièges ou mines. Les aptitudes vaal et à réservation ne peuvent pas être déclenchées.","Muss gleichzeitig mit einer Kanalisierungsfertigkeit und einer nicht kanalisierenden Zauberfertigkeit verbunden sein. Die Kanalisierungsfertigkeit löst den verbundenen Zauber in regelmäßigen Abständen aus. Kann keine Totem-, Fallen- oder Minenfertigkeiten unterstützen. Vaal-Fertigkeiten und Fertigkeiten mit Reservierungskosten, können nicht ausgelöst werden.","チャネリングスキルと、チャネリングしないスペルスキルを両方サポートしなければならない。チャネリングスキルは、チャネリング中にスペルを定期的に発動する。トーテム、トラップおよびマインで使用されるスキルはサポートできない。ヴァ―ルスキルおよびリザーブするスキルはトリガーできない。","집중 유지 스킬과 비-집중 유지 주문 스킬이 함께 연결되어 있어야 작동합니다. 집중 유지 스킬이 주기적으로 주문을 발동합니다. 토템, 덫, 지뢰 스킬에는 적용되지 않으며 바알 스킬과 점유가 있는 스킬은 발동되지 않습니다.","Precisa suportar tanto uma habilidade canalizada quanto uma habilidade mágica não canalizada para funcionar. A habilidade canalizada ativará a magia periodicamente enquanto canalizando. Não pode suportar habilidades usadas por totens, armadilhas ou minas. Habilidades Vaal e habilidades com uma reserva não podem ser ativadas.","Должен одновременно усиливать поддерживаемое умение и не поддерживаемые чары. Поддерживаемое умение периодически будет вызывать срабатывание чар. Нельзя усилить умения, используемые тотемами, ловушками и минами. Невозможно вызвать срабатывание умений ваал и умений с удержанием.","Para funcionar debe asistir tanto a una habilidad de canalización como a una habilidad que no sea de canalización. La habilidad de canalización activará periódicamente un hechizo mientras la canalizas. No puede asistir habilidades usadas por tótems, trampas ni minas. Las habilidades vaal y las habilidades con reserva no se pueden activar.","ต้องใช้เสริม สกิลแชนเนล และ เวท ที่ไม่แชนเนลพร้อมกันเท่านั้นจึงจะทำงาน โดยสกิลที่แชนเนลอยู่จะคอยทริกเกอร์สกิลเวทให้เองเป็นระยะ ไม่สามารถเสริมสกิลที่ใช้โดย โทเทม, กับดัก หรือ ทุ่นระเบิด ได้ สกิลวาล์และสกิลที่มีค่าสำรอง ไม่สามารถถูกทริกเกอร์ได้","一定要同時輔助引導施放和非引導施放技能。引導施放技能在引導時會定期觸發法術技能。不能輔助圖騰、陷阱和地雷技能。瓦爾技能、引導時施放技能和保留技能無法被觸發。","","","","","","","","","","","[11,16,30,4,26]",14430,5
588,"SupportVaalSoulHarvesting","","","","","","","","","","",6507,"","","","","","","","","","","","","","","","","","","","","","","",[16],"",5
589,"SummonSkeletonsChannelled","","","","","","","","","","",6511,"","","","","","","","","","","","","","","","","","","","","","","","[11,25,4,8,15,30]","",5
590,"SupportIgniteProliferation","","","","","","","","","","",6814,"","","","Supports any skill that hits enemies.","Modifie les aptitudes qui touchent les ennemis.","Unterstützt Fertigkeiten, die Treffer bei Gegnern verursachen.","敵にヒットを与えるスキルをサポートする。","적을 명중하는 모든 스킬에 적용됩니다.","Suporta qualquer habilidade que acerte inimigos.","Усиливает любое умение, наносящее удары по врагам.","Asiste cualquier habilidad que golpee enemigos.","ใช้เสริมสกิลที่ปะทะศัตรู","輔助任何可擊中敵人的技能。","","","","","","","","","","","[0,11,16,14]",14431,5
591,"SupportChancetoBleed","","","","","","","","","","",6815,"","","","Supports attack skills.","Modifie les aptitudes d'attaque.","Unterstützt Angriffsfertigkeiten.","アタックスキルをサポートする。","공격 스킬에 적용됩니다.","Suporta habilidades de ataque.","Усиливает умения атак.","Asiste habilidades de ataque.","ใช้เสริม สกิลโจมตี","輔助攻擊技能。","","","","","","","","","","","[13,33,9,16]",14432,5
592,"SupportChancetoPoison","","","","","","","","","","",6817,"","","","Supports any skill that hits enemies.","Modifie les aptitudes qui touchent les ennemis.","Unterstützt Fertigkeiten, die Treffer bei Gegnern verursachen.","敵にヒットを与えるスキルをサポートする。","적을 명중하는 모든 스킬에 적용됩니다.","Suporta qualquer habilidade que acerte inimigos.","Усиливает любое умение, наносящее удары по врагам.","Asiste cualquier habilidad que golpee enemigos.","ใช้เสริมสกิลที่ปะทะศัตรู","輔助任何可擊中敵人的技能。","","","","","","","","","","","[3,10,16]",14362,5
593,"SupportDeadlyAilments","","","","","","","","","","",6818,"","","","Supports any skill that hits enemies.","Modifie les aptitudes qui touchent les ennemis.","Unterstützt Fertigkeiten, die Treffer bei Gegnern verursachen.","敵にヒットを与えるスキルをサポートする。","적을 명중하는 모든 스킬에 적용됩니다.","Suporta qualquer habilidade que acerte inimigos.","Усиливает любое умение, наносящее удары по врагам.","Asiste cualquier habilidad que golpee enemigos.","ใช้เสริมสกิลที่ปะทะศัตรู","輔助任何可擊中敵人的技能。","","","","","","","","","","","[10,16]",14433,5
594,"SupportLesserReducedManaCost","","","","","","","","","","",7640,"","","","","","","","","","","","","","","","","","","","","","","","[9,16]","",5
595,"SupportDecay","","","","","","","","","","",7688,"","","","Supports any skill that hits enemies.","Modifie les aptitudes qui touchent les ennemis.","Unterstützt Fertigkeiten, die Treffer bei Gegnern verursachen.","敵にヒットを与えるスキルをサポートする。","적을 명중하는 모든 스킬에 적용됩니다.","Suporta qualquer habilidade que acerte inimigos.","Усиливает любое умение, наносящее удары по врагам.","Asiste cualquier habilidad que golpee enemigos.","ใช้เสริมสกิลที่ปะทะศัตรู","輔助任何可擊中敵人的技能。","","","","","","","","","","","[3,11,16]",14434,5
596,"SupportEfficacy","","","","","","","","","","",7689,"","","","Supports any skill that deals damage or has a duration.","Modifie toutes les aptitudes qui infligent des dégâts ou qui ont une durée","Unterstützt Fertigkeiten, die Schaden verursachen oder Wirkungsdauer haben.","ダメージを与えるスキルまたは持続するスキルをサポートする。","피해를 주거나 지속시간이 있는 모든 스킬에 적용됩니다.","Suporta qualquer habilidade que causa dano ou tenha uma duração.","Усиливает любое умение с временем действия, или наносящее урон.","Asiste cualquier habilidad que inflija daño o que tenga una duración.","ใช้เสริมสกิลที่สร้างความเสียหายได้ หรือสกิลที่มีระยะเวลา","輔助任何造成傷害或期間的技能。","","","","","","","","","","","[11,16,15]",14435,5
597,"SupportVileToxins","","","","","","","","","","",7690,"","","","Supports any skill that hits enemies.","Modifie les aptitudes qui touchent les ennemis.","Unterstützt Fertigkeiten, die Treffer bei Gegnern verursachen.","敵にヒットを与えるスキルをサポートする。","적을 명중하는 모든 스킬에 적용됩니다.","Suporta qualquer habilidade que acerte inimigos.","Усиливает любое умение, наносящее удары по врагам.","Asiste cualquier habilidad que golpee enemigos.","ใช้เสริมสกิลที่ปะทะศัตรู","輔助任何可擊中敵人的技能。","","","","","","","","","","","[10,16]",14373,5
598,"SupportMaim","","","","","","","","","","",7691,"","","","Supports attack skills, or other skills that can maim enemies.","Modifie les aptitudes d'attaque ou bien les aptitudes en mesure de Mutiler les ennemis.","Unterstützt Angriffsfertigkeiten oder andere Fertigkeiten, die Gegner verstümmeln können.","アタックスキルまたは敵を重傷状態にするスキルをサポートする。","공격 스킬 또는 힘줄 절단 상태를 유발하는 스킬에 적용됩니다.","Suporta habilidades de ataque ou outras habilidades que possam mutilar os inimigos.","Усиливает умения атак и другие умения, способные изувечить врагов.","Asiste habilidades de ataque u otras habilidades que puedan lisiar a los enemigos.","ใช้เสริม สกิลโจมตี หรือสกิลอื่นที่สร้างสถานะ ขาหัก ต่อศัตรูได้","輔助攻擊技能，或其它可以癱瘓敵人的技能。","","","","","","","","","","","[13,33,9,16]",14436,5
599,"SupportImmolate","","","","","","","","","","",7693,"","","","Supports any skill that hits enemies.","Modifie les aptitudes qui touchent les ennemis.","Unterstützt Fertigkeiten, die Treffer bei Gegnern verursachen.","敵にヒットを与えるスキルをサポートする。","적을 명중하는 모든 스킬에 적용됩니다.","Suporta qualquer habilidade que acerte inimigos.","Усиливает любое умение, наносящее удары по врагам.","Asiste cualquier habilidad que golpee enemigos.","ใช้เสริมสกิลที่ปะทะศัตรู","輔助任何可擊中敵人的技能。","","","","","","","","","","","[0,11,16]",14437,5
600,"SupportUnboundAilments","","","","","","","","","","",7694,"","","","Supports any skill that hits enemies or inflicts ailments","Modifie toutes les aptitudes qui touchent les ennemis ou infligent des altérations.","Unterstützt Fertigkeiten, die Treffer bei Gegnern oder Beeinträchtigungen verursachen.","敵にヒットするスキルまたは元素状態異常を引き起こすスキルをサポートする。","적을 명중하거나 상태 이상을 유발하는 모든 스킬에 적용됩니다.","Suporta qualquer habilidade que acerte inimigos ou inflija afecções.","Усиливает любое умение, наносящее удары по врагам или накладывающее состояния.","Asiste cualquier habilidad que golpee enemigos o que aplique estados alterados.","ใช้เสริมสกิลที่ปะทะศัตรู หรือสกิลที่สามารถสร้าง สถานะเจ็บป่วย ได้","輔助任何可擊中敵人或造成異常狀態的技能。","","","","","","","","","","","[11,16]",14438,5
601,"SupportBrutality","","","","","","","","","","",7695,"","","","Supports any skill that deals damage.","Modifie toutes les aptitudes qui infligent des dégâts.","Unterstützt Fertigkeiten, die Schaden verursachen.","ダメージを与えるスキルをサポートする。","피해를 주는 모든 스킬에 적용됩니다.","Suporta qualquer habilidade que cause dano.","Усиливает любое умение, наносящее удары по врагам.","Asiste cualquier habilidad que inflija daño.","ใช้เสริมสกิลที่สร้างความเสียหายได้","輔助任何可造成傷害的技能。","","","","","","","","","","","[33,9,16]",14439,5
602,"SupportRuthless","","","","","","","","","","",8256,"","","","Supports melee strike or slam skills. Every third time you use a supported attack, that use of the skill will be more powerful.","Modifie les aptitudes de mêlée de frappe ou de fracas. Toutes les trois utilisations de l'attaque modifiée, cette utilisation de l'aptitude sera plus puissante.","Unterstützt Nahkampf-Schlagfertigkeiten oder -Hiebfertigkeiten. Bei jeder dritten Nutzung eines unterstützten Angriffs wird diese Fertigkeit stärker.","近接攻撃またはスラムスキルをサポートする。サポートされたスキルの3撃目は、より強力になる。","근접 타격 또는 강타 스킬에 적용됩니다. 보조 대상 스킬을 3회 사용할 때마다 스킬 효과가 강력해집니다.","Suporta habilidades de pancada ou golpe corpo a corpo. A cada terceira vez que você usar um ataque suportado, o uso da habilidade será mais poderoso.","Усиливает умения ударов или мощных ударов ближнего боя. Каждая третья атака усиленным умением будет более сильной.","Asiste habilidades de ataque o de embate cuerpo a cuerpo. Cada tercera vez que uses un ataque asistido, ese uso de la habilidad será más poderoso.","ใช้เสริมสกิล ฟาดประชิดหรือทุบประชิด ทำให้ทุก 3 ครั้งที่คุณใช้ การโจมตีที่เสริม มันจะรุนแรงขึ้นเป็นอย่างมาก","輔助近戰打擊或重擊技能。每使用三次被輔助的技能會造成更大的傷害。","","","","","","","","","","","[40,9,16,7,13,36]",14440,5
603,"SupportMomentum","","","","","","","","","","",8257,"","","","Supports attack skills that aren't triggered.","Modifie les Aptitudes d'attaque qui ne sont pas délenchées.","Unterstützt Angriffsfertigkeiten, die nicht ausgelöst werden.","トリガーされないアタックスキルをサポートする。","발동형이 아닌 공격 스킬에 적용됩니다.","Suporta habilidades de ataque que não são ativadas.","Усиливает не срабатывающие умения атак.","Asiste habilidades de ataque que no se activan.","ใช้เสริม สกิลโจมตี ที่ไม่ถูกทริกเกอร์","輔助不會被觸發的攻擊技能。","","","","","","","","","","","[13,10,16,15]",14441,5
604,"SupportArcaneSurge","","","","","","","","","","",8258,"","","","Each supported spell will track how much mana you spend on it, granting a buff when the total mana spent reaches a threshold. Cannot support skills used by totems, traps, mines or skills with a reservation.","Tous les sorts modifiés gardent en mémoire la quantité de mana qu'ils consomment, octroyant un effet bénéfique lorsque le total de mana consommé atteint un certain seuil. Ne peut modifier les totems, pièges ou mines.","Jede unterstützte Zauberfertigkeit zählt das verbrauchte Mana und gewährt einen Stärkungseffekt, sobald das gesamte verbrauchte Mana eine Schwelle erreicht. Kann keine Totem-, Fallen-, Minen- oder Fertigkeiten unterstützen, die eine Reservierung haben.","サポートされたスキルはそれぞれ使用したマナの量を記録し、その合計が閾値に達するとバフを付与する。トーテム、トラップ、マインおよびマナリザーブするスキルはこのサポートによって発動されない。","플레이어가 각각의 보조 대상 주문에 사용한 마나의 총계가 일정량을 초과하면 버프를 부여합니다. 토템, 덫, 지뢰 스킬이나 점유가 있는 스킬에는 적용되지 않습니다.","Cada magia suportada levará em conta quanta mana você gastou nela, concedendo um buff quando o total de mana gasto atingir um limite. Não pode suportar habilidades usadas por totens, armadilhas, minas ou habilidades com reserva.","Усиленные чары будут учитывать затраченную ману и накладывать положительный эффект при достижении определённых порогов затраченной маны. Не может усиливать умения, используемые тотемами, ловушками и минами, а также умения с удержанием.","Cada hechizo asistido registrará cuánto maná gastas en él para otorgarte un efecto beneficioso cuando el maná total gastado alcance un cierto umbral. No puede asistir habilidades usadas por tótems, trampas, minas ni habilidades con reserva.","สกิลเวทที่เสริมทุกสกิลจะคอยนับ มานา ที่คุณจ่ายไป และจะให้บัฟเมื่อจ่าย มานา ถึงเกณฑ์ที่กำหนด ไม่สามารถเสริมสกิลที่ใช้โดย โทเทม, กับดัก, ทุ่นระเบิด หรือ สกิลที่มีค่าสำรอง ได้","當被輔助的法術消耗一定的魔力會獲得增益效果。不能輔助圖騰、陷阱、地雷或有保留的技能。","","","","","","","","","","","[46,11,16,4,15]",14442,5
605,"InfernalSweep","","","","","","","","","","",8597,"","","","","","","","","","","","","","","","","","","","","","","","[9,25,13,14,7,0]","",5
606,"Cremation","","","","","","","","","","",8599,"","","","","","","","","","","","","","","","","","","","","","","","[10,25,4,14,0,15,5,44]","",5
607,"CremationAltX","Cremation of Exhuming","Crémation de l'Exhumation","Einäscherung der Exhumierung","死体堀りのクレメーション","발굴의 시체 소각","Cremação da Exumação","Кремация эксгумации","Cremación de exhumación","ฌาปนกิจแห่งการขุดศพ (Cremation of Exhuming)","熔炎送葬．深掘",8600,"","","","","","","","","","","","","","","","","","","","","","","","[10,25,4,14,0,15,5,44]","",1
608,"CremationAltY","Cremation of the Volcano","Crémation du Volcan","Einäscherung des Vulkans","火山のクレメーション","화산의 시체 소각","Cremação do Vulcão","Кремация вулкана","Cremación del volcán","ฌาปนกิจแห่งภูเขาไฟ (Cremation of the Volcano)","熔炎送葬．火山",8601,"","","","","","","","","","","","","","","","","","","","","","","","[10,25,4,14,0,15,5,44]","",2
609,"Bodyswap","","","","","","","","","","",8665,"","","","","","","","","","","","","","","","","","","","","","","","[11,25,22,4,14,0,35]","",5
610,"BodyswapAltX","Bodyswap of Sacrifice","Substitution corporelle du Sacrifice","Reinkarnation des Opfers","生贄のボディスワップ","희생의 신체 전환","Troca de Corpos do Sacrifício","Обмен телами жертвоприношения","Intercambio de cuerpos de sacrificio","สลับร่างแห่งการสังเวย (Bodyswap of Sacrifice)","屍術傳送．獻祭",8666,"","","","","","","","","","","","","","","","","","","","","","","","[11,25,22,4,14,0,35,8]","",1
611,"BodyswapAltY","[DNT] CorpseWarpAltY","[DNT] CorpseWarpAltY","[DNT] CorpseWarpAltY","[DNT] CorpseWarpAltY","[DNT] CorpseWarpAltY","[DNT] CorpseWarpAltY","[DNT] CorpseWarpAltY","[DNT] CorpseWarpAltY","[DNT] CorpseWarpAltY","[DNT] CorpseWarpAltY",8667,"","","","","","","","","","","","","","","","","","","","","","","","[11,25,22,4,14,0,35]","",2
612,"SpectralSpinningWeapon","","","","","","","","","","",8704,"","","","","","","","","","","","","","","","","","","","","","","","[10,25,4,5,30,14]","",5
613,"TectonicSlam","","","","","","","","","","",8773,"","","","","","","","","","","","","","","","","","","","","","","","[0,9,25,13,14,7,40]","",5
614,"TectonicSlamAltX","Tectonic Slam of Cataclysm","Fracas tectonique du Cataclysme","Tektonischer Hieb der Katastrophe","大災害のテクトニックスラム","대재앙의 지층 강타","Impacto Tectônico do Cataclismo","Тектонический удар катаклизма","Embate tectónico de cataclismo","ทุบเปลือกโลกแยกแห่งมหาวิบัติ (Tectonic Slam of Cataclysm)","破體之擊．災變",8774,"","","","","","","","","","","","","","","","","","","","","","","","[0,9,25,13,14,7,40]","",1
615,"TectonicSlamAltY","[DNT] TectonicSlamAltY","[DNT] TectonicSlamAltY","[DNT] TectonicSlamAltY","[DNT] TectonicSlamAltY","[DNT] TectonicSlamAltY","[DNT] TectonicSlamAltY","[DNT] TectonicSlamAltY","[DNT] TectonicSlamAltY","[DNT] TectonicSlamAltY","[DNT] TectonicSlamAltY",8775,"","","","","","","","","","","","","","","","","","","","","","","","[0,9,25,13,14,7,40]","",2
616,"SupportInfusedChannelling","","","","","","","","","","",8833,"","","","Supports any channelling skill, protecting you from damage while you channel it. Cannot modify the skills of minions.","Modifie toutes les aptitudes canalisées en vous protégeant des dégâts subis pendant que vous les canalisez. Ne peut modifier les aptitudes des Créatures.","Unterstützt Kanalisierungsfertigkeiten und schützt Euch vor Schaden, während Ihr die Fertigkeit kanalisiert. Kann die Fertigkeiten von Kreaturen nicht modifizieren.","チャネリングスキルをサポートする。チャネリング中はダメージから守られる。ミニオンのスキルには影響しない。","집중 유지 스킬에 적용됩니다. 집중 유지하는 동안 시전자를 피해로부터 보호하며 소환수가 사용하는 스킬에는 적용되지 않습니다.","Suporta qualquer habilidade de canalização, te protegendo do dano enquanto você canaliza. Não pode modificar habilidades de lacaios.","Усиливает любое поддерживаемое умение, защищая вас от урона во время поддержания умения. Не усиливает умения приспешников.","Asiste cualquier habilidad de canalización y te protege del daño mientras la canalizas. No puede modificar las habilidades de los esbirros.","ใช้เสริม สกิลแชนเนล ทุกสกิล ทำให้คุณได้รับการป้องกันจากความเสียหายขณะที่แชนเนล ไม่สามารถแก้ไขสกิลที่มิเนียนใช้ได้","輔助引導施放技能，你引導施放時保護你不讓你受傷。無法影響召喚物技能。","","","","","","","","","","","[11,16,30]",14458,5
617,"SupportVolley","","","","","","","","","","",8834,"","","","Supports skills that fire projectiles from the user. Does not affect projectiles fired from other locations as secondary effects. Does not support skills that fire projectiles in a spiral.","Modifie toutes les aptitudes qui tirent des projectiles depuis l'utilisateur. N'affecte pas les projectiles qui sont tirés depuis d'autres emplacements en tant qu'effets secondaires. Ne peut modifier les aptitudes qui tirent des projectiles en spirale.","Unterstützt Fertigkeiten, die Projektile vom Wirkenden aus abfeuern. Wirkt sich nicht auf Projektile aus, die aus anderen Quellen abgefeuert werden. Unterstützt keine Fertigkeiten, die Projektile in einer Spirale abfeuern.","使用者から投射物を放つスキルをサポートする。副次的効果により他の場所から放たれる投射物には影響しない。投射物を螺旋状に放つスキルはサポートできない。","플레이어가 발사하는 투사체 스킬에 적용됩니다. 부가적인 효과로 다른 곳에서 발사되는 투사체에는 적용되지 않습니다. 투사체를 소용돌이 모양으로 발사하는 스킬에는 적용되지 않습니다.","Suporta habilidades que disparam projéteis do usuário. Não afeta os projéteis disparados de outros locais como efeitos secundários. Não suporta habilidades que disparam projéteis em uma espiral.","Усиливает умение, выпускающее снаряды в направлении от использующего умение. Не действует на снаряды, выпускаемые из других источников как второстепенные эффекты. Не может усиливать умения, выпускающие снаряды по спирали.","Asiste habilidades que disparen proyectiles desde el personaje. No afecta a los proyectiles disparados desde otras ubicaciones como efectos secundarios. No asiste habilidades que disparen proyectiles en espiral.","ใช้เสริมสกิลที่ยิงโพรเจกไทล์ออกจากตัวผู้ใช้ ไม่ส่งผลต่อโพรเจกไทล์ที่ยิงออกจากตำแหน่งอื่นอันมาจากผลรองของสกิล ไม่สามารถเสริมสกิลที่ยิงออกมาเป็นเกลียวได้","輔助從玩家發射投射物的技能。不會影響從其他位置發射的投射物，作為次要影響。不輔助以螺旋形式發射的投射物。","","","","","","","","","","","[10,16,5]",14459,5
618,"SupportSpellCascade","","","","","","","","","","",8836,"","","","Supports spell skills that apply an effect to an area around a targeted location. Cannot support Vaal skills or skills used by totems, traps, or mines. Cannot modify the skills of minions.","Modifie les aptitudes de sort ayant un effet qui s'applique dans une zone autour de l'emplacement ciblé. Ne peut modifier les aptitudes vaal ni les aptitudes utilisées par les totems, pièges ou mines. Ne peut pas modifier les aptitudes des créatures.","Unterstützt Zauberfertigkeiten, die einen Effekt auf einen Bereich um einen Zielort anwenden. Kann keine Vaal-, Totem-, Fallen- oder Minenfertigkeiten unterstützen. Kann die Fertigkeiten von Kreaturen nicht modifizieren.","対象となる地点に効果範囲を生成するスペルスキルをサポートする。ヴァールスキルまたはトーテム、トラップ、マインで使用されるスキルはサポートできない。ミニオンのスキルには影響しない。","대상 지점 주변의 범위 내에 영향을 주는 주문 스킬에 적용됩니다. 바알 스킬 또는 토템, 덫, 지뢰 스킬에는 적용되지 않습니다. 소환수가 사용하는 스킬에도 적용되지 않습니다.","Suporta habilidades mágicas que aplicam um efeito em uma área ao redor do local alvo. Não pode suportar habilidades Vaal ou habilidades usadas por totens, armadilhas ou minas. Não pode modificar habilidades de lacaios.","Усиливает умения чар, которые накладывают эффект на область вокруг указанного места. Не может усиливать умения ваал и умения, используемые тотемами, ловушками и минами. Не усиливает умения приспешников.","Asiste habilidades de hechizo que apliquen un efecto en un área alrededor de la ubicación objetivo. No puede asistir habilidades vaal ni habilidades usadas por tótems, trampas o minas. No puede modificar las habilidades de los esbirros.","ใช้เสริม สกิลเวท ที่สร้างผลในพื้นที่รอบๆ ตำแหน่งเป้าหมาย ไม่สามารถเสริม สกิลวาล์ หรือสกิลที่ใช้โดย โทเทม, กับดัก หรือ ทุ่นระเบิด ได้ ไม่สามารถแก้ไขสกิลที่มิเนียนใช้ได้","輔助能對目標附近區域的法術技能。不能輔助瓦爾、召喚物、圖騰、陷阱或地雷技能。無法調整召喚物的技能。","","","","","","","","","","","[14,4,11,16]",14461,5
619,"SupportAncestralCall","","","","","","","","","","",8838,"","","","Supports melee strike skills, causing them to also strike at extra targets simultaneously. The extra targets must be a minimum distance from the user. If supporting a minion attack skill, the minion's skills will not also strike extra targets. Cannot support Vaal skills or triggered skills.","Modifie les aptitudes de frappe de mêlée, leur permettant de frapper simultanément des cibles supplémentaires. Les cibles supplémentaires doivent se trouver à une distance minimale de l'utilisateur. Si cette gemme modifie une aptitude d'attaque de créature, les aptitudes de la créature ne frapperont pas de cibles supplémentaires. Ne peut pas modifier les aptitudes vaal ni les aptitudes déclenchées.","Unterstützt Nahkampf-Schlagfertigkeiten und bewirkt, dass der Schlag gleichzeitig auf zusätzliche Ziele erfolgt. Die zusätzlichen Ziele müssen einen Mindestabstand zum Spieler aufweisen. Bei Unterstützung einer Kreaturen-Angriffsfertigkeit schlagen die Kreaturen nicht gleichzeitig auf mehrere Ziele ein. Kann keine Vaal- oder auslösbare Fertigkeiten unterstützen.","近接ストライクスキルをサポートし、追加の対象を同時にストライクする。使用者から最短距離の敵が追加の対象となる。ミニオンアタックスキルをサポートした場合、ミニオンのスキルは追加の対象をストライクしない。ヴァールスキルまたはトリガーされるスキルはサポートできない。","근접 타격 스킬에 적용됩니다. 더 많은 적을 동시에 공격하게 하며, 이때 적 대상은 시전자와 근접한 거리에 있어야 합니다. 소환수 공격 스킬의 경우, 소환수가 사용하는 스킬에는 적용할 수 없으며 바알 스킬 또는 발동형 스킬에도 적용되지 않습니다.","Suporta habilidades de golpe corpo a corpo, fazendo com que elas também acertem alvos extras simultaneamente. Os alvos extras precisam estar em uma distância mínima do usuário. Se suportar uma habilidade de ataque de lacaio, as habilidades do lacaio também acertarão alvos extras. Não pode suportar habilidades Vaal ou ativadas.","Усиливает умения ударов ближнего боя так, что они атакуют дополнительные цели. Дополнительные цели должны находиться на минимальном расстоянии от использующего умение. При усилении умения атаки приспешников, умения приспешников не будут атаковать дополнительные цели. Нельзя усилить умения ваал и срабатывающие умения.","Asiste habilidades de golpe cuerpo a cuerpo para que también ataquen a objetivos adicionales simultáneamente. Los objetivos adicionales deben estar a una distancia mínima del personaje. Si asiste una habilidad de ataque de un esbirro, las habilidades del esbirro no golpearán también a objetivos adicionales. No puede asistir habilidades vaal ni habilidades de activación.","ใช้เสริม สกิลฟาดโจมตี ทำให้ฟาดหลายเป้าหมายพร้อมกัน เป้าหมายอื่นที่เพิ่มมาจะต้องอยู่ห่างจากผู้ใช้งานไม่ต่ำกว่าระยะขั้นต่ำที่กำหนด หากเสริม สกิลโจมตีมิเนียน สกิลของมิเนียนจะไม่ฟาดหลายเป้าหมาย ไม่สามารถเสริม สกิลวาล์หรือสกิลที่ถูกทริกเกอร์ ได้","輔助近戰打擊技能，使近戰攻擊同時多的目標。額外的目標必須要在使用者的最小範圍內。如果輔助召喚物攻擊技能，召喚物的攻擊技能不會攻擊多數目標。不能輔助瓦爾或觸發技能。","","","","","","","","","","","[9,16,7,13,36]",14462,5
620,"SupportSummonPhantasm","","","","","","","","","","",8840,"","","","Supports skills that can hit enemies, or create minions. When those skills or minions kill enemies, or hit rare or unique enemies they will have a chance to summon a Phantasm minion, which uses a piercing projectile spell that deals physical damage.","Modifie les aptitudes qui peuvent toucher les ennemis ou créer des Créatures. Lorsque ces aptitudes ou ces Créatures tuent un ennemi, ou lorsqu'elles touchent un ennemi rare ou unique, elles ont des chances d'invoquer une Apparition ; une Créature qui inflige des dégâts en lançant un sort sous forme de projectile.","Unterstützt Fertigkeiten, die Gegner treffen oder Kreaturen beschwören können. Bei Tötung eines Gegners oder beim Treffen eines seltenen oder einzigartigen Gegners, haben diese Fertigkeiten oder Kreaturen eine Chance, eine Phantasma-Kreatur zu beschwören, die einen durchbohrenden Projektilzauber verwendet, der physischen Schaden verursacht.","敵をヒットまたはミニオンを生成するスキルをサポートする。これらスキルまたはミニオンが敵を倒した時、またはレア、ユニークの敵をヒットした時、物理ダメージを与え貫通する投射物を放つファンタズムミニオンを召喚する確率を得る。","공격 스킬과 소환수를 생성하는 스킬에 적용됩니다. 공격 스킬 또는 소환수가 적을 처치하거나 희귀/고유 적을 명중할 경우, 일정 확률로 환영을 불러냅니다. 환영은 물리 피해를 주는 관통형 투사체 주문을 시전합니다","Suporta habilidades que podem acertar inimigos ou criar lacaios. Quando tais habilidades ou lacaios matarem inimigos ou acertarem inimigos raros ou únicos, elas terão uma chance de convocar um lacaio Fantasma que usará uma magia de projétil perfurante que causa dano físico.","Усиливает умения, наносящие удары по врагам или создающие приспешников. Когда эти умения или приспешники убивают врагов или наносят удар по редким и уникальным врагам, они получают шанс призвать приспешника-фантома, который использует чары снарядов, наносящие физический урон и пронзающие врагов.","Asiste habilidades que puedan golpear enemigos o crear esbirros. Cuando esas habilidades o esbirros maten enemigos o golpeen a enemigos raros o únicos, tendrán una probabilidad de invocar a un esbirro fantasma que usará un hechizo de proyectil perforante que inflige daño físico.","ใช้เสริมสกิลที่ปะทะศัตรูหรือสร้างมิเนียน ทำให้การสังหารศัตรูหรือการปะทะ ศัตรูแรร์หรือยูนิค ด้วยสกิลเหล่านี้หรือมิเนียน มีโอกาสอัญเชิญมิเนียน ผี ออกมา ซึ่งจะใช้เวทโพรเจกไทล์เจาะทะลุที่สร้างความเสียหาย กายภาพ","輔助能擊中敵人或創造召喚物的技能。當技能或召喚物擊殺敵人，或擊中稀有、傳奇敵人時，它們有機會召喚幻影，幻影會使用穿透的投射物法術造成物理傷害。","","","","","","","","","","","[11,16,8]",14463,5
621,"SupportMirageArcher","","","","","","","","","","",8872,"","","","Supports attack skills that can be used with bows. Supported skills can only be used with bows. Cannot support Vaal skills, minion skills, movement skills, or skills used by totems, traps, or mines.","Modifie uniquement les aptitudes d'attaque pouvant être utilisées avec les arcs. Ne fonctionne pas avec les aptitudes vaal, de créatures ou de déplacement, ni les aptitudes utilisées par les totems, les pièges et les mines.","Unterstützt Angriffsfertigkeiten, die mit Bögen genutzt werden können. Unterstützte Fertigkeiten können nur mit Bögen verwendet werden. Kann keine Vaal-, Kreaturen-, Bewegungs-, Totem-, Fallen- oder Minenfertigkeiten unterstützen. ","弓で使用できるアタックスキルをサポートする。サポートされたスキルは弓でのみ使用できる。ヴァールスキル、ミニオンスキル、移動スキルまたはトーテム、トラップ、マインで使用されるスキルはサポートできない。","활 공격 스킬에 적용됩니다. 보조 대상 스킬은 활 장착 시에만 사용할 수 있습니다. 바알 스킬, 소환수 스킬, 이동 스킬, 또는 토템, 덫, 지뢰 스킬에는 적용되지 않습니다.","Suporta habilidades de ataque que podem ser usadas por arcos. Habilidades suportadas só podem ser usadas com arcos. Não pode suportar habilidades Vaal, de lacaio, de movimento ou habilidades usadas por totens, armadilhas ou minas.","Усиливает умения атак, которые можно использовать с луком. Не имеет эффекта, если используется без лука. Не может усиливать умения ваал, умения приспешников и умения, используемые тотемами, ловушками и минами.","Asiste habilidades de ataque que se puedan utilizar con arcos. Las habilidades asistidas solo se pueden usar con arcos. No puede asistir habilidades vaal, de esbirros, de movimiento, de tótems, de trampas ni de minas.","ใช้เสริม สกิลโจมตี ที่ใช้ ธนู สกิลที่เสริมจะต้องใช้กับ ธนู เท่านั้น ไม่สามารถเสริม สกิลวาล์, สกิลมิเนียน, สกิลเคลื่อนที่ หรือสกิลที่ใช้งานโดย โทเทม, กับดัก หรือ ทุ่นระเบิด ได้","輔助能使用弓的攻擊技能。不是使用弓沒有效果。不能輔助瓦爾、召喚物、圖騰、陷阱或地雷技能。","","","","","","","","","","","[6,13,10,16,15]",14464,5
622,"Vulnerability","","","","","","","","","","",1192,"","","","","","","","","","","","","","","","","","","","","","","","[9,25,4,14,15,17,33,42]","",5
623,"CaptureMonster","","","","","","","","","","",9233,"","","","","","","","","","","","","","","","","","","","","","","","[29,25]","",5
624,"ExplosiveTrap","","","","","","","","","","",9245,"","","","","","","","","","","","","","","","","","","","","","","","[20,10,25,4,14,0,33]","",5
625,"ExplosiveTrapAltX","Explosive Trap of Shrapnel","Piège explosif du Shrapnel","Sprengfalle des Schrapnells","破片のエクスプローシブトラップ","파편의 폭발 덫","Armadilha Explosiva dos Estilhaços","Взрывная ловушка осколков","Trampa explosiva de metralla","กับดักระเบิดแห่งสะเก็ดระเบิด (Explosive Trap of Shrapnel)","爆裂陷阱．彈片",9246,"","","","","","","","","","","","","","","","","","","","","","","","[20,10,25,4,14,0,33]","",1
626,"ExplosiveTrapAltY","Explosive Trap of Magnitude","Piège explosif de la Magnitude","Sprengfalle der Magnitude","大規模のエクスプローシブトラップ","규모의 폭발 덫","Armadilha Explosiva da Magnitude","Взрывная ловушка интенсивности","Trampa explosiva de magnitud","กับดักระเบิดแห่งความใหญ่โต (Explosive Trap of Magnitude)","爆裂陷阱．量級",9247,"","","","","","","","","","","","","","","","","","","","","","","","[20,10,25,4,14,33]","",2
627,"SiphoningTrap","","","","","","","","","","",9259,"","","","","","","","","","","","","","","","","","","","","","","","[20,11,25,4,15,14,1]","",5
628,"SiphoningTrapAltX","Siphoning Trap of Pain","Piège siphonnant de la Douleur","Entkräftungsfalle des Schmerzes","苦痛のサイフォニングトラップ","고통의 착취 덫","Armadilha Drenante da Dor","Ловушка переливания боли","Trampa de absorción de dolor","กับดักดูดพลังแห่งความเจ็บปวด (Siphoning Trap of Pain)","虹吸陷阱．苦痛",9260,"","","","","","","","","","","","","","","","","","","","","","","","[20,11,25,4,15,14,1]","",1
629,"SiphoningTrapAltY","[DNT] IceSiphonTrapAltY","[DNT] IceSiphonTrapAltY","[DNT] IceSiphonTrapAltY","[DNT] IceSiphonTrapAltY","[DNT] IceSiphonTrapAltY","[DNT] IceSiphonTrapAltY","[DNT] IceSiphonTrapAltY","[DNT] IceSiphonTrapAltY","[DNT] IceSiphonTrapAltY","[DNT] IceSiphonTrapAltY",9261,"","","","","","","","","","","","","","","","","","","","","","","","[20,11,25,4,15,14,1]","",2
630,"FlamethrowerTrap","","","","","","","","","","",9248,"","","","","","","","","","","","","","","","","","","","","","","","[20,10,25,4,15,14,0]","",5
631,"FlamethrowerTrapAltX","Flamethrower Trap of Stability","Piège lance-flammes de la Stabilité","Flammenwerferfalle der Stabilität","安定性のフレイムスロワートラップ","안정성의 화염방사기 덫","Armadilha Lança-chamas da Estabilidade","Ловушка-огнемёт стабильности","Trampa de lanzallamas de estabilidad","กับดักเครื่องพ่นไฟแห่งเสถียรภาพ (Flamethrower Trap of Stability)","噴火陷阱．穩定",9249,"","","","","","","","","","","","","","","","","","","","","","","","[20,10,25,4,15,14,0]","",1
632,"FlamethrowerTrapAltY","[DNT] FlamethrowerTrapAltY","[DNT] FlamethrowerTrapAltY","[DNT] FlamethrowerTrapAltY","[DNT] FlamethrowerTrapAltY","[DNT] FlamethrowerTrapAltY","[DNT] FlamethrowerTrapAltY","[DNT] FlamethrowerTrapAltY","[DNT] FlamethrowerTrapAltY","[DNT] FlamethrowerTrapAltY","[DNT] FlamethrowerTrapAltY",9250,"","","","","","","","","","","","","","","","","","","","","","","","[20,10,25,4,15,14,0]","",2
633,"LightningSpireTrap","","","","","","","","","","",9254,"","","","","","","","","","","","","","","","","","","","","","","","[20,47,11,25,4,15,14,2]","",5
634,"LightningSpireTrapAltX","Lightning Spire Trap of Zapping","Piège de pic de foudre du Choc électrique","Blitzleiterfalle der Elektrisierung","通電のライトニングスパイアトラップ","전류의 번개 첨탑 덫","Armadilha da Espiral Relampejante da Eletrização","Ловушка шпиля молний искристости","Trampa de pararrayos de electrificación","กับดักขดลวดสายฟ้าแห่งการจี้ไฟฟ้า (Lightning Spire Trap of Zapping)","鋒雷陷阱．殘喘",9255,"","","","","","","","","","","","","","","","","","","","","","","","[20,11,25,4,15,14,2]","",1
635,"LightningSpireTrapAltY","Lightning Spire Trap of Overloading","Piège de pic de foudre de la Surcharge","Blitzleiterfalle der Überladung","過負荷のライトニングスパイアトラップ","과부하의 번개 첨탑 덫","Armadilha da Espiral Relampejante da Sobrecarga","Ловушка шпиля молний перегрузки","Trampa de pararrayos de sobrecarga","กับดักขดลวดสายฟ้าแห่งพลังเหลือล้น (Lightning Spire Trap of Overloading)","鋒雷陷阱．過載",9256,"","","","","","","","","","","","","","","","","","","","","","","","[20,11,25,4,15,14,2]","",2
636,"SeismicTrap","","","","","","","","","","",9263,"","","","","","","","","","","","","","","","","","","","","","","","[20,10,25,4,15,14,33]","",5
637,"SeismicTrapAltX","Seismic Trap of Swells","Piège sismique des Houles","Seismische Falle der Wogen","うねりのサイズミックトラップ","팽창의 지진 덫","Armadilha Sísmica dos Poços","Сейсмическая ловушка волн","Trampa sísmica de hinchazón","กับดักกระทุ้งปฐพีแห่งการโป่งพอง (Seismic Trap of Swells)","地裂陷阱．膨脹",9264,"","","","","","","","","","","","","","","","","","","","","","","","[20,10,25,4,14,33]","",1
638,"SeismicTrapAltY","[DNT] PhysCascadeTrapAltY","[DNT] PhysCascadeTrapAltY","[DNT] PhysCascadeTrapAltY","[DNT] PhysCascadeTrapAltY","[DNT] PhysCascadeTrapAltY","[DNT] PhysCascadeTrapAltY","[DNT] PhysCascadeTrapAltY","[DNT] PhysCascadeTrapAltY","[DNT] PhysCascadeTrapAltY","[DNT] PhysCascadeTrapAltY",9265,"","","","","","","","","","","","","","","","","","","","","","","","[20,10,25,4,15,14,33]","",2
639,"VaalFleshOffering","","","","","","","","","","",9276,"",3259,"","","","","","","","","","","","","","","","","","","","","","[11,25,4,15,8,24]","",5
640,"VaalEarthquake","","","","","","","","","","",9414,"",5398,"","","","","","","","","","","","","","","","","","","","","","[9,25,13,14,7,15,24,40]","",5
641,"VaalEarthquakeAltX","Vaal Earthquake","Séisme vaal","Vaal-Erdbeben","ヴァールアースクエイク","바알 지진","Terremoto Vaal","Землетрясение ваал","Terremoto vaal","วาล์ แผ่นดินไหว (Vaal Earthquake)","瓦爾．震地",9414,"",5399,"","","","","","","","","","","","","","","","","","","","","","[9,25,13,14,7,15,24,40]","",1
642,"VaalEarthquakeAltY","Vaal Earthquake","Séisme vaal","Vaal-Erdbeben","ヴァールアースクエイク","바알 지진","Terremoto Vaal","Землетрясение ваал","Terremoto vaal","วาล์ แผ่นดินไหว (Vaal Earthquake)","瓦爾．震地",9414,"",5400,"","","","","","","","","","","","","","","","","","","","","","[9,25,13,14,7,15,24,40]","",2
643,"VaalBlight","","","","","","","","","","",9284,"",5781,"","","","","","","","","","","","","","","","","","","","","","[11,25,4,3,14,15,24,38,30]","",5
644,"VaalBlightAltX","Vaal Blight","Fléau vaal","Vaal-Pesthauch","ヴァールブライト","바알 황폐","Infestação Vaal","Мор ваал","Plaga vaal","วาล์ แพร่โรคร้าย (Vaal Blight)","瓦爾．萎滅",9284,"",5782,"","","","","","","","","","","","","","","","","","","","","","[11,25,4,3,14,15,24,38,30]","",1
645,"VaalBlightAltY","Vaal Blight","Fléau vaal","Vaal-Pesthauch","ヴァールブライト","바알 황폐","Infestação Vaal","Мор ваал","Plaga vaal","วาล์ แพร่โรคร้าย (Vaal Blight)","瓦爾．萎滅",9284,"",5783,"","","","","","","","","","","","","","","","","","","","","","[11,25,4,3,14,15,24,38,30]","",2
646,"SupportChargedTraps","","","","","","","","","","",9306,"","","","Supports skills which throw traps.","Modifie les aptitudes permettant de jeter des pièges.","Unterstützt Fallenfertigkeiten.","トラップを投げるスキルをサポートする。","덫을 던지는 스킬에 적용됩니다.","Suporta habilidades que arremessam armadilhas.","Усиливает умения ловушек.","Asiste habilidades que lanzan trampas.","ใช้เสริมสกิลที่โยน กับดัก","輔助投擲陷阱技能。","","","","","","","","","","","[47,10,16,20]",14465,5
647,"SupportChargedMines","","","","","","","","","","",10618,"","","","Supports skills which throw mines.","Modifie les aptitudes permettant de jeter des mines.","Unterstützt Minenfertigkeiten.","マインを投げるスキルをサポートする。","지뢰를 던지는 스킬에 적용됩니다.","Suporta habilidades que arremessam minas.","Усиливает умения, бросающие мины.","Asiste habilidades que lanzan minas.","ใช้เสริมสกิลที่โยน ทุ่นระเบิด","輔助投擲地雷技能。","","","","","","","","","","","[47,11,16,21]",14483,5
648,"VaalAncestralWarchief","","","","","","","","","","",9373,"",5863,"","","","","","","","","","","","","","","","","","","","","","[9,25,13,19,7,14,24,40]","",5
649,"VaalAncestralWarchiefAltX","Vaal Ancestral Warchief","Chef de guerre ancestral vaal","Vaal-Ahnen-Kriegshäuptling","ヴァールアンセストラルウォーチーフ","바알 선대의 대전사","Chefe Guerreiro Ancestral Vaal","Вождь предков ваал","Cacique ancestral vaal","วาล์ บรรพชนผู้นำทัพ (Vaal Ancestral Warchief)","瓦爾．先祖戰士長",9373,"",5864,"","","","","","","","","","","","","","","","","","","","","","[9,25,13,19,7,14,24,40]","",1
650,"VaalAncestralWarchiefAltY","Vaal Ancestral Warchief","Chef de guerre ancestral vaal","Vaal-Ahnen-Kriegshäuptling","ヴァールアンセストラルウォーチーフ","바알 선대의 대전사","Chefe Guerreiro Ancestral Vaal","Вождь предков ваал","Cacique ancestral vaal","วาล์ บรรพชนผู้นำทัพ (Vaal Ancestral Warchief)","瓦爾．先祖戰士長",9373,"",5865,"","","","","","","","","","","","","","","","","","","","","","[9,25,13,19,7,14,24,40]","",2
651,"ConsecratedPath","","","","","","","","","","",9416,"","","","","","","","","","","","","","","","","","","","","","","","[0,9,25,7,13,14,22,15,40]","",5
652,"ConsecratedPathAltX","Consecrated Path of Endurance","Chemin consacré de l'Endurance","Geweihter Pfad des Widerstands","耐久力のコンセクレイテッドパス","인내의 축성의 진격","Caminho Sagrado da Tolerância","Освящённый путь выносливости","Camino consagrado de aguante","เส้นทางศักดิ์สิทธิ์แห่งความทรหด (Consecrated Path of Endurance)","奉獻之路．持久",9417,"","","","","","","","","","","","","","","","","","","","","","","","[0,9,25,7,13,14,22,15,40]","",1
653,"ConsecratedPathAltY","[DNT] ConsecratedPathAltY","[DNT] ConsecratedPathAltY","[DNT] ConsecratedPathAltY","[DNT] ConsecratedPathAltY","[DNT] ConsecratedPathAltY","[DNT] ConsecratedPathAltY","[DNT] ConsecratedPathAltY","[DNT] ConsecratedPathAltY","[DNT] ConsecratedPathAltY","[DNT] ConsecratedPathAltY",9418,"","","","","","","","","","","","","","","","","","","","","","","","[0,9,25,7,13,14,22,15,40]","",2
654,"Smite","","","","","","","","","","",9422,"","","","","","","","","","","","","","","","","","","","","","","","[2,9,25,7,13,14,15,36,12]","",5
655,"SmiteAltX","Smite of Divine Judgement","Châtiment du Jugement Divin","Zerschmettern des göttlichen Gerichts","神の裁きのスマイト","신성한 심판의 징벌","Castigo do Julgamento Divino","Кара божественного правосудия","Aniquilación del juicio divino","เฆี่ยนตีแห่งเทพพิพากษา (Smite of Divine Judgement)","雷鳴重擊．聖判",9423,"","","","","","","","","","","","","","","","","","","","","","","","[2,9,25,7,13,14,36]","",1
656,"SmiteAltY","[DNT] SmiteAltY","[DNT] SmiteAltY","[DNT] SmiteAltY","[DNT] SmiteAltY","[DNT] SmiteAltY","[DNT] SmiteAltY","[DNT] SmiteAltY","[DNT] SmiteAltY","[DNT] SmiteAltY","[DNT] SmiteAltY",9424,"","","","","","","","","","","","","","","","","","","","","","","","[2,9,25,7,13,14,15,36,12]","",2
657,"ScourgeArrow","","","","","","","","","","",9560,"","","","","","","","","","","","","","","","","","","","","","","","[10,25,13,5,30,3,6]","",5
658,"ScourgeArrowAltX","Scourge Arrow of Menace","Flèche d'épines de la Menace","Verhängnispfeil der Bedrohung","脅威のスカージアロー","위험의 재앙의 화살","Flecha Virulenta da Ameaça","Стрела скверны угрозы","Flecha de espinas de amenaza","ลูกศรหายนะแห่งการคุกคาม (Scourge Arrow of Menace)","天譴之箭．威脅",9561,"","","","","","","","","","","","","","","","","","","","","","","","[10,25,13,5,3,6]","",1
659,"ScourgeArrowAltY","[DNT] ScourgeArrowAltY","[DNT] ScourgeArrowAltY","[DNT] ScourgeArrowAltY","[DNT] ScourgeArrowAltY","[DNT] ScourgeArrowAltY","[DNT] ScourgeArrowAltY","[DNT] ScourgeArrowAltY","[DNT] ScourgeArrowAltY","[DNT] ScourgeArrowAltY","[DNT] ScourgeArrowAltY",9562,"","","","","","","","","","","","","","","","","","","","","","","","[10,25,13,5,30,3,6]","",2
660,"ToxicRain","","","","","","","","","","",9570,"","","","","","","","","","","","","","","","","","","","","","","","[10,25,13,14,3,15,5,6]","",5
661,"ToxicRainAltX","Toxic Rain of Sporeburst","Pluie toxique de la Dissémination","Toxischer Regen der Sporenexplosion","胞子破裂のトキシックレイン","포자 폭발의 맹독성 비","Chuva Tóxica da Explosão de Esporos","Токсичный дождь выброса спор","Lluvia tóxica de estallido de esporas","ฝนพิษแห่งสปอร์แตก (Toxic Rain of Sporeburst)","腐蝕毒雨．爆發",9571,"","","","","","","","","","","","","","","","","","","","","","","","[10,25,13,14,3,15,5,6]","",1
662,"ToxicRainAltY","Toxic Rain of Withering","Pluie toxique du Flétrissement","Toxischer Regen der Verkümmerung","衰弱のトキシックレイン","고사의 맹독성 비","Chuva Tóxica do Definhamento","Токсичный дождь увядания","Lluvia tóxica de marchitamiento","ฝนพิษแห่งการเหี่ยวเฉา (Toxic Rain of Withering)","腐蝕毒雨．凋零",9572,"","","","","","","","","","","","","","","","","","","","","","","","[10,25,13,14,3,15,5,6]","",2
663,"SummonHolyRelic","","","","","","","","","","",9580,"","","","","","","","","","","","","","","","","","","","","","","","[11,25,8,4]","",5
664,"SummonHolyRelicAltX","Summon Holy Relic of Conviction","Invocation de Relique sacrée de la Conviction","Heiliges Relikt der Verurteilung beschwören","信念のホーリーレリック召喚","신념의 신성한 유물 소환","Convocar Relíquia Sagrada da Convicção","Призыв священной реликвии убеждения","Invocar reliquia sagrada de convicción","อัญเชิญวัตถุศักดิ์สิทธิ์แห่งการลงทัณฑ์ (Summon Holy Relic of Conviction)","召喚聖物．信念",9581,"","","","","","","","","","","","","","","","","","","","","","","","[11,25,8,4]","",1
665,"SummonHolyRelicAltY","[DNT] SummonRelicAltY","[DNT] SummonRelicAltY","[DNT] SummonRelicAltY","[DNT] SummonRelicAltY","[DNT] SummonRelicAltY","[DNT] SummonRelicAltY","[DNT] SummonRelicAltY","[DNT] SummonRelicAltY","[DNT] SummonRelicAltY","[DNT] SummonRelicAltY",9582,"","","","","","","","","","","","","","","","","","","","","","","","[11,25,8,4]","",2
666,"SupportWitheringTouch","","","","","","","","","","",9720,"","","","Supports attack skills.","Modifie les aptitudes d'attaque.","Unterstützt Angriffsfertigkeiten.","アタックスキルをサポートする。","공격 스킬에 적용됩니다.","Suporta habilidades de ataque.","Усиливает умения атак.","Asiste habilidades de ataque.","ใช้เสริม สกิลโจมตี","輔助攻擊技能。","","","","","","","","","","","[3,33,13,10,16,15]",14466,5
667,"SupportBonechill","","","","","","","","","","",9750,"","","","Supports any skill that can chill enemies or create chilling areas.","Modifie toutes les aptitudes qui peuvent frigorifier les ennemis ou créer des zones frigorifiantes.","Unterstützt Fertigkeiten, die Feinde unterkühlen oder unterkühlende Flächen erzeugen können.","敵を冷却または冷却を付与する領域を生成するスキルをサポートする。","적을 냉각시키거나 냉각 지역을 생성하는 스킬에 적용됩니다.","Suporta qualquer habilidade que possa resfriar inimigos ou criar áreas resfriantes.","Усиливает любое умение, которое может охладить или создать охлаждающую область.","Asiste cualquier habilidad que pueda escarchar a los enemigos o crear áreas de escarcha.","ใช้เสริมสกิลที่สร้างสถานะ หนาวเย็น ต่อศัตรูได้ หรือสกิลที่สามารถสร้าง พื้นที่หนาวเย็น ได้","輔助任何可冰緩敵人或製造冰緩區域的技能。","","","","","","","","","","","[1,11,16]",14467,5
668,"WinterOrb","","","","","","","","","","",9779,"","","","","","","","","","","","","","","","","","","","","","","","[1,11,25,4,30,14,15,5,44]","",5
669,"WinterOrbAltX","[DNT] WinterOrbAltX","[DNT] WinterOrbAltX","[DNT] WinterOrbAltX","[DNT] WinterOrbAltX","[DNT] WinterOrbAltX","[DNT] WinterOrbAltX","[DNT] WinterOrbAltX","[DNT] WinterOrbAltX","[DNT] WinterOrbAltX","[DNT] WinterOrbAltX",9780,"","","","","","","","","","","","","","","","","","","","","","","","[1,11,25,4,30,14,15,5,44]","",1
670,"WinterOrbAltY","[DNT] WinterOrbAltY","[DNT] WinterOrbAltY","[DNT] WinterOrbAltY","[DNT] WinterOrbAltY","[DNT] WinterOrbAltY","[DNT] WinterOrbAltY","[DNT] WinterOrbAltY","[DNT] WinterOrbAltY","[DNT] WinterOrbAltY","[DNT] WinterOrbAltY",9781,"","","","","","","","","","","","","","","","","","","","","","","","[1,11,25,4,30,14,15,5,44]","",2
671,"RendingSteel","","","","","","","","","","",9791,"","","","","","","","","","","","","","","","","","","","","","","","[9,25,13,14,7,33]","",5
672,"LancingSteel","","","","","","","","","","",9793,"","","","","","","","","","","","","","","","","","","","","","","","[10,25,13,5,33]","",5
673,"LancingSteelAltX","Lancing Steel of Spraying","Acier transperçant de la Pulvérisation","Stechender Stahl der Verteilung","乱射のランシングスティール","분사의 강철 관통","Aço Perfurador da Pulverização","Пронзающая сталь разброса","Acero empalador de pulverización","หอกเหล็กกล้าแห่งการสาดสะเก็ด (Lancing Steel of Spraying)","鋼之突刺．噴射",9794,"","","","","","","","","","","","","","","","","","","","","","","","[10,25,13,5]","",1
674,"LancingSteelAltY","[DNT] LancingSteelAltY","[DNT] LancingSteelAltY","[DNT] LancingSteelAltY","[DNT] LancingSteelAltY","[DNT] LancingSteelAltY","[DNT] LancingSteelAltY","[DNT] LancingSteelAltY","[DNT] LancingSteelAltY","[DNT] LancingSteelAltY","[DNT] LancingSteelAltY",9795,"","","","","","","","","","","","","","","","","","","","","","","","[10,25,13,5,33]","",2
675,"StormBrand","","","","","","","","","","",9796,"","","","","","","","","","","","","","","","","","","","","","","","[2,11,25,4,14,18,15,32]","",5
676,"StormBrandAltX","Storm Brand of Indecision","Symbole de l'orage de l'Indécision","Zeichen des Sturms des Zögerns","優柔不断のストームブランド","우유부단의 폭풍의 낙인","Runa Tempestuosa da Indecisão","Клеймо бури неопределенности","Marca de tormentas de indecisión","ตราเวทสายฟ้าแห่งความลังเล (Storm Brand of Indecision)","風暴烙印．躊躇",9797,"","","","","","","","","","","","","","","","","","","","","","","","[2,11,25,4,14,18,15,32]","",1
677,"StormBrandAltY","[DNT] StormBrandAltY","[DNT] StormBrandAltY","[DNT] StormBrandAltY","[DNT] StormBrandAltY","[DNT] StormBrandAltY","[DNT] StormBrandAltY","[DNT] StormBrandAltY","[DNT] StormBrandAltY","[DNT] StormBrandAltY","[DNT] StormBrandAltY",9798,"","","","","","","","","","","","","","","","","","","","","","","","[2,11,25,4,14,18,15,32]","",2
678,"WarBanner","","","","","","","","","","",9802,"","","","","","","","","","","","","","","","","","","","","","","","[9,25,14,4,15,12,33,39]","",5
679,"DreadBanner","","","","","","","","","","",9803,"","","","","","","","","","","","","","","","","","","","","","","","[9,25,14,4,15,12,39]","",5
680,"ShatteringSteel","","","","","","","","","","",9815,"","","","","","","","","","","","","","","","","","","","","","","","[10,25,13,5,14,33]","",5
681,"ShatteringSteelAltX","Shattering Steel of Ammunition","Acier fendant des Munitions","Zerschmetternder Stahl der Munition","弾薬のシャタリングスティール ","탄약의 강철 파편","Aço Estraçalhador da Munição","Дробящая сталь боезапаса","Acero devastador de munición","เหล็กกล้าแตกกระจายแห่งยุทธภัณฑ์ (Shattering Steel of Ammunition)","鋼之碎擊．彈藥",9816,"","","","","","","","","","","","","","","","","","","","","","","","[10,25,13,5,14,33,15]","",1
682,"ShatteringSteelAltY","[DNT] ShatteringSteelAltY","[DNT] ShatteringSteelAltY","[DNT] ShatteringSteelAltY","[DNT] ShatteringSteelAltY","[DNT] ShatteringSteelAltY","[DNT] ShatteringSteelAltY","[DNT] ShatteringSteelAltY","[DNT] ShatteringSteelAltY","[DNT] ShatteringSteelAltY","[DNT] ShatteringSteelAltY",9817,"","","","","","","","","","","","","","","","","","","","","","","","[10,25,13,5,14,33]","",2
683,"SupportMultipleTotems","","","","","","","","","","",9819,"","","","Supports skills which summon totems.","Modifie les aptitudes qui invoquent des totems.","Unterstützt Fertigkeiten, die Totems beschwören.","トーテムを召喚するスキルをサポートする。","토템을 소환하는 스킬에 적용됩니다.","Suporta qualquer habilidade que convoque totens.","Усиливает умения, устанавливающие тотемы.","Asiste habilidades que invocan tótems.","ใช้เสริมสกิลที่อัญเชิญ โทเทม","輔助召喚圖騰的技能。","","","","","","","","","","","[19,9,16]",14468,5
684,"ArmageddonBrand","","","","","","","","","","",9847,"","","","","","","","","","","","","","","","","","","","","","","","[11,25,4,14,0,15,32]","",5
685,"ArmageddonBrandAltX","Armageddon Brand of Volatility","Symbole de l'apocalypse de l'Instabilité","Zeichen des Untergangs der Explosivität","揮発性のアルマゲドンブランド","일촉즉발의 종말의 낙인","Runa do Armagedom da Volatilidade","Клеймо Армагеддона нестабильности","Marca de armagedón de volatilidad","ตราเวทวันสิ้นโลกแห่งความเปราะบาง (Armageddon Brand of Volatility)","末日烙印．揮發",9848,"","","","","","","","","","","","","","","","","","","","","","","","[11,25,4,14,0,15,32]","",1
686,"ArmageddonBrandAltY","Armageddon Brand of Recall","Symbole de l'apocalypse du Rappel","Zeichen des Untergangs des Rückrufs","リコールのアルマゲドンブランド","소환의 종말의 낙인","Runa do Armagedom da Convocação","Клеймо Армагеддона возврата","Marca de armagedón de evocación","ตราเวทวันสิ้นโลกแห่งการเรียกคืน (Armageddon Brand of Recall)","末日烙印．呼喚",9849,"","","","","","","","","","","","","","","","","","","","","","","","[11,25,4,14,0,15,32]","",2
687,"BrandRecall","","","","","","","","","","",9851,"","","","","","","","","","","","","","","","","","","","","","","","[32,11,25,4]","",5
688,"PurifyingFlame","","","","","","","","","","",10173,"","","","","","","","","","","","","","","","","","","","","","","","[0,11,25,4,14,15,33]","",5
689,"PurifyingFlameAltX","Purifying Flame of Revelations","Flamme purificatrice des Révélations","Reinigende Flamme der Offenbarungen","啓示のピュリファイリングフレイム","계시의 정화의 불길","Chama Purificadora das Revelações","Очищающее пламя откровения","Llama purificadora de revelaciones","เปลวไฟชำระล้างแห่งการเผยแผ่ (Purifying Flame of Revelations)","淨化烈焰．啟示",10174,"","","","","","","","","","","","","","","","","","","","","","","","[0,11,25,4,14,15,33]","",1
690,"PurifyingFlameAltY","[DNT] SanctifyAltY","[DNT] SanctifyAltY","[DNT] SanctifyAltY","[DNT] SanctifyAltY","[DNT] SanctifyAltY","[DNT] SanctifyAltY","[DNT] SanctifyAltY","[DNT] SanctifyAltY","[DNT] SanctifyAltY","[DNT] SanctifyAltY",10175,"","","","","","","","","","","","","","","","","","","","","","","","[0,11,25,4,14,15,33]","",2
691,"Soulrend","","","","","","","","","","",10184,"","","","","","","","","","","","","","","","","","","","","","","","[3,11,25,4,14,15,5]","",5
692,"SoulrendAltX","Soulrend of Reaping","Déchirure d'âme du Fauchage","Seelenriss des Entzugs","刈り取りのソウルレンド","낫질의 영혼 분리","Rasgalma da Colheita","Разрыв души кровавой жатвы","Desgarrador de almas de siega","ฉีกวิญญาณแห่งการเก็บเกี่ยว (Soulrend of Reaping)","靈體撕裂．收割",10185,"","","","","","","","","","","","","","","","","","","","","","","","[3,11,25,4,5]","",1
693,"SoulrendAltY","Soulrend of the Spiral","Déchirure d'âme de la Spirale","Seelenriss der Spirale","螺旋のソウルレンド","나선의 영혼 분리","Rasgalma da Espiral","Спиральный разрыв души","Desgarrador de almas de la espiral","ฉีกวิญญาณแห่งเกลียว (Soulrend of the Spiral)","靈體撕裂．螺旋",10186,"","","","","","","","","","","","","","","","","","","","","","","","[3,11,25,4,14,15,5]","",2
694,"Bane","","","","","","","","","","",10239,"",10242,"","","","","","","","","","","","","","","","","","","","","","[3,26,11,25,4,14,15,42]","",5
695,"BaneAltX","Bane of Condemnation","Damnation de la Condamnation","Verdammung des Urteils","糾弾のベイン","규탄의 파멸","Banimento da Condenação","Погибель осуждения","Condenación de censura","คาถามรณะแห่งการประณาม (Bane of Condemnation)","災厄．譴責",10240,"",10243,"","","","","","","","","","","","","","","","","","","","","","[3,26,11,25,4,14,15,42]","",1
696,"BaneAltY","[DNT] DarkRitualAltY","[DNT] DarkRitualAltY","[DNT] DarkRitualAltY","[DNT] DarkRitualAltY","[DNT] DarkRitualAltY","[DNT] DarkRitualAltY","[DNT] DarkRitualAltY","[DNT] DarkRitualAltY","[DNT] DarkRitualAltY","[DNT] DarkRitualAltY",10241,"",10242,"","","","","","","","","","","","","","","","","","","","","","[3,26,11,25,4,14,15,42]","",2
697,"SupportEnergyLeech","","","","","","","","","","",10251,"","","","Supports any skill that hits enemies, causing those hits to leech energy shield based on damage dealt.","Modifie toutes les aptitudes qui touchent les ennemis, leur permettant de drainer du bouclier d'énergie en fonction des dégâts infligés.","Unterstützt Fertigkeiten, die Treffer bei Gegnern verursachen. Diese Treffer rauben Energieschild, basierend auf ihrem verursachten Schaden.","敵にヒットすを与えるスキルをサポートし、それらのヒットで与えたダメージに基づいてエナジーシールドをリーチする。","적을 명중하는 모든 스킬에 적용됩니다. 명중 시, 주는 피해에 비례하여 에너지 보호막을 회복합니다.","Suporta qualquer habilidade que acerte inimigos, fazendo com que tais acertos drenem escudo de energia baseado no dano causado.","Усиливает любое умение, наносящее удары по врагам. Усиленное умение похищает энергетический щит на основании нанесенного урона.","Asiste cualquier habilidad que golpee enemigos para que esos golpes absorban escudo de energía en función del daño infligido.","ใช้เสริมสกิลที่ปะทะศัตรู ทำให้การปะทะนั้นดูด โล่พลังงาน ตามความเสียหายที่สร้าง","輔助任何可擊中敵人的技能，根據所造成傷害使擊中偷取能量護盾。","","","","","","","","","","","[11,16]",14469,5
698,"WaveOfConviction","","","","","","","","","","",10246,"","","","","","","","","","","","","","","","","","","","","","","","[11,25,4,14,15,0,2,33]","",5
699,"WaveOfConvictionAltX","[DNT] PurgeAltX","[DNT] PurgeAltX","[DNT] PurgeAltX","[DNT] PurgeAltX","[DNT] PurgeAltX","[DNT] PurgeAltX","[DNT] PurgeAltX","[DNT] PurgeAltX","[DNT] PurgeAltX","[DNT] PurgeAltX",10247,"","","","","","","","","","","","","","","","","","","","","","","","[11,25,4,14,15,0,2,33]","",1
700,"WaveOfConvictionAltY","Wave of Conviction of Trarthus","Vague de condamnation de Trarthus","Welle der Verurteilung von Trarthus","トラーサスのウェーブオブコンビクション","트라투스의 신념의 파도","Onda de Convicção de Trarthus","Волна осуждения Тератны","Ola de condena de Trarthus","คลื่นพลังลงทัณฑ์แห่งทาร์ทัส (Wave of Conviction of Trarthus)","特拉特斯信念浪湧",10248,"","","","","","","","","","","","","","","","","","","","","","","","[11,25,4,14,15,33,0,38]","",3
701,"Zealotry","","","","","","","","","","",10253,"","","","","","","","","","","","","","","","","","","","","","","","[12,47,11,25,4,14]","",5
702,"DivineIre","","","","","","","","","","",10259,"","","","","","","","","","","","","","","","","","","","","","","","[2,11,25,4,14,30,33]","",5
703,"DivineIreAltX","Divine Ire of Holy Lightning","Courroux divin de la Foudre sacrée","Göttlicher Zorn des Heiligen Blitzes","聖なる雷のディヴァインアイア","상서로운 번개의 신성한 진노","Ira Divina do Relâmpago Sagrado","Божественный гнев священной молнии","Ira divina del rayo sagrado","เทพพิโรธแห่งสายฟ้าศักดิ์สิทธิ์ (Divine Ire of Holy Lightning)","聖怒．雷神",10260,"","","","","","","","","","","","","","","","","","","","","","","","[2,11,25,4,14,30,33]","",1
704,"DivineIreAltY","Divine Ire of Disintegration","Courroux divin de la Désintégration","Göttlicher Zorn der Auslöschung","分解のディヴァインアイア","분해의 신성한 진노","Ira Divina da Desintegração","Божественный гнев расщепления","Ira divina de desintegración","เทพพิโรธแห่งการแหลกสลาย (Divine Ire of Disintegration)","聖怒．毀滅",10261,"","","","","","","","","","","","","","","","","","","","","","","","[2,11,25,4,14,30,33]","",2
705,"Malevolence","","","","","","","","","","",10264,"","","","","","","","","","","","","","","","","","","","","","","","[12,11,25,4,14]","",5
706,"HandcastRapidFireSupport","","","","","","","","","","",10267,"","","","","","","","","","","","","","","","","","","","","","","","[11,16]","",5
707,"SupportIntensify","","","","","","","","","","",10352,"","","","Supports spell skills that you cast yourself. Cannot support triggered skills, Vaal skills, instant skills, channelling skills, skills with a reservation or which create minions, or skills used by totems, traps, or mines.","Modifie les aptitudes qui sont des sorts que vous lancez vous-même. Ne fonctionne pas avec les aptitudes déclenchées, les aptitudes vaal, les aptitudes instantanées, les aptitudes canalisées, les aptitudes à réservation, les aptitudes qui créent des créatures, ni les aptitudes utilisées par les totems, les pièges et les mines.","Unterstützt Zauberfertigkeiten, die Ihr selbst zaubert. Kann keine Vaal-, Totem-, Fallen-, Minen-, Kanalisierungs-, auslösbare, sofort gewirkte oder Fertigkeiten mit Reservierungskosten unterstützen oder Fertigkeiten, die Kreaturen erzeugen.","使用者自身がキャストするスペルスキルをサポートする。トリガーされるスキル、ヴァールスキル、即時発動のスキル、チャネリングスキル、リザーブするスキル、ミニオンを生成するスキルまたはトーテム、トラップ、マインで使用されるスキルはサポートできない。","직접 시전하는 주문 스킬에 적용됩니다. 발동형 스킬, 바알 스킬, 즉시 시전 스킬, 집중 유지 스킬, 점유가 있는 스킬이나 소환수 생성 스킬에는 적용되지 않습니다. 또한 토템, 덫, 지뢰 스킬에도 적용되지 않습니다.","Suporta habilidades mágicas que você conjurar manualmente. Não pode suportar habilidades ativadas, Vaal, intantâneas, canalizadas, habilidades com reserva ou que criem lacaios, ou habilidades usadas por totens, armadilhas ou minas.","Усиливает чары, которые вы сотворяете сами. Не усиливает срабатывающие умения, умения ваал, мгновенные умения, поддерживаемые умения, умения с удержанием или создающие приспешников, или умения, используемые тотемами, ловушками или минами.","Asiste habilidades de hechizo que lanzas tú. No puede asistir habilidades de activación, habilidades vaal, habilidades instantáneas, habilidades de canalización, habilidades con reserva, habilidades que crean esbirros, ni habilidades usadas por tótems, trampas o minas.","ใช้เสริม สกิลเวท ที่คุณร่ายด้วยตนเอง ไม่สามารถเสริมสกิลที่ถูกทริกเกอร์, สกิลวาล์, สกิลที่ส่งผลทันที, สกิลแชนเนล, สกิลที่มีค่าสำรองหรือที่สร้างมิเนียนออกมา หรือสกิลที่ใช้โดย โทเทม, กับดัก หรือ ทุ่นระเบิด ได้","輔助你對自己施放的法術技能。無法輔助觸發型技能、瓦爾技能、立即施放技能、引導施放技能、有保留的技能或被圖騰、陷阱或地雷使用的技能。","","","","","","","","","","","[14,4,11,16]",14470,5
708,"SupportUnleash","","","","","","","","","","",10353,"","","","Supports spell skills, making their effect reoccur when cast. Cannot support skills with cooldowns, triggered skills, Brand skills, Vaal skills, channelling skills, skills with a reservation, or skills used by totems, traps, or mines. Cannot modify the skills of minions.","Modifie les aptitudes de sort, faisant se reproduire leurs effets lors de leur incantation. Ne peut pas modifier les aptitudes qui ont un temps de recharge, déclenchées, de symbole, vaal, de canalisation, ayant une réservation, ni les aptitudes utilisées par les totems, pièges ou mines. Ne peut modifier les aptitudes des créatures.","Unterstützt Zauberfertigkeiten und bewirkt, dass die Zaubereffekte erneut auftreten, wenn sie gewirkt werden. Kann keine Vaal-, Zeichen-, Totem-, Fallen-, Minen-, Kanalisierungs-, auslösbare oder Fertigkeiten mit Reservierungskosten unterstützen oder Fertigkeiten, die über eine Abklingzeit verfügen. Kann die Fertigkeiten von Kreaturen nicht modifizieren.","スペルスキルをサポートし、キャスト時にその効果を再び起こす。クールダウンを持つスキル、トリガーされるスキル、ブランドスキル、ヴァールスキル、チャネリングスキル、リザーブするスキルまたはトーテム、トラップ、マインで使用されるスキルはサポートできない。ミニオンのスキルには影響しない。","주문 스킬에 적용됩니다. 시전 시 스킬 효과가 반복됩니다. 재사용 대기시간이 있는 스킬, 발동형 스킬, 낙인 스킬, 바알 스킬, 집중 유지 스킬, 점유가 있는 스킬에는 적용되지 않습니다. 또한 토템, 덫, 지뢰 스킬이나 소환수가 사용하는 스킬에도 적용되지 않습니다.","Suporta habilidades mágicas, fazendo com que seu efeito ocorra novamente quando conjuradas. Não pode suportar habilidades com recargas, habilidades ativadas, Runas, Vaal, canalizadas, habilidades com reserva ou habilidades usadas por totens, armadilhas ou minas. Não pode modificar as habilidades de lacaios.","Усиливает чары, заставляя их эффект повторяться при сотворении. Не усиливает умения со временем восстановления, срабатывающие умения, клейма, умения ваал, поддерживаемые умения, умения с удержанием или умения, используемые тотемами, ловушками и минами. Не усиливает умения приспешников.","Asiste habilidades de hechizo para que su efecto vuelva a ocurrir cuando se lanza. No puede asistir habilidades que tengan tiempo de recarga, habilidades de activación, vaal, de canalización o de marcas, habilidades con reserva ni habilidades usadas por tótems, trampas o minas. No puede modificar las habilidades de los esbirros.","ใช้เสริม สกิลเวท ทำให้ผลของมันเกิดขึ้นซ้ำเมื่อร่าย ไม่สามารถเสริมสกิลที่มีคูลดาวน์, สกิลที่ถูกทริกเกอร์, สกิลตราเวท, สกิลวาล์, สกิลแชนเนล, สกิลที่มีค่าสำรอง หรือสกิลที่ใช้โดย โทเทม, กับดัก หรือ ทุ่นระเบิด ได้ ไม่สามารถแก้ไขสกิลที่มิเนียนใช้ได้","輔助法術技能，當施放時使它們的效果再次觸發。無法輔助有冷卻時間的技能、觸發型技能、瓦爾技能、鬥旗技能、引導施放技能、有保留的技能或被圖騰、陷阱或地雷使用的技能。不能調整召喚物的技能。","","","","","","","","","","","[4,11,16]",14471,5
709,"QuickGuard","","","","","","","","","","",10378,"","","","","","","","","","","","","","","","","","","","","","","","[9,25,4,15,34]","",5
710,"BoneArmour","","","","","","","","","","",10569,"","","","","","","","","","","","","","","","","","","","","","","","[11,25,4,15,34,8]","",5
711,"Dash","","","","","","","","","","",10382,10383,"","","","","","","","","","","","","","","","","","","","","","","[10,25,4,22,35,37]","",5
712,"QuickBlock","","","","","","","","","","",10388,"","","","","","","","","","","","","","","","","","","","","","","","[9,25,13,15,14,7,6]","",5
713,"Replicate","","","","","","","","","","",10390,"",10391,"","","","","","","","","","","","","","","","","","","","","","[26,10,25,8,4,15]","",5
714,"Bladestorm","","","","","","","","","","",10393,"","","","","","","","","","","","","","","","","","","","","","","","[9,25,13,7,14,15]","",5
715,"BladestormAltX","Bladestorm of Uncertainty","Tempête de lames de l'Incertitude","Klingensturm der Ungewissheit","不確実性のブレードストーム","불확실성의 칼날 폭풍","Tempestade de Lâminas da Incerteza","Ураган лезвий неопределённости","Tormenta de filos de incertidumbre","พายุดาบแห่งความไม่แน่นอน (Bladestorm of Uncertainty)","旋天劍舞．未知",10394,"","","","","","","","","","","","","","","","","","","","","","","","[9,25,13,7,14,15]","",1
716,"BladestormAltY","[DNT] BladestormAltY","[DNT] BladestormAltY","[DNT] BladestormAltY","[DNT] BladestormAltY","[DNT] BladestormAltY","[DNT] BladestormAltY","[DNT] BladestormAltY","[DNT] BladestormAltY","[DNT] BladestormAltY","[DNT] BladestormAltY",10395,"","","","","","","","","","","","","","","","","","","","","","","","[9,25,13,7,14,15]","",2
717,"BloodAndSand","","","","","","","","","","",10397,"","","","","","","","","","","","","","","","","","","","","","","","[29,9,25,4,41]","",5
718,"Berserk","","","","","","","","","","",10399,"","","","","","","","","","","","","","","","","","","","","","","","[9,25,4]","",5
719,"Perforate","","","","","","","","","","",10401,"","","","","","","","","","","","","","","","","","","","","","","","[9,25,13,14,7,40]","",5
720,"PerforateAltX","Perforate of Duality","Perforation de la Dualité","Perforieren der Dualität","二重性のパーフォレイト","이중성의 천공","Perfuração da Dualidade","Пронзающие шипы двойственности","Perforación de dualidad","แทงทะลุแห่งภาวะคู่ (Perforate of Duality)","裂地刺穿．雙持",10402,"","","","","","","","","","","","","","","","","","","","","","","","[9,25,13,14,7,40]","",1
721,"PerforateAltY","Perforate of Bloodshed","Perforation du Massacre","Perforieren des Blutvergießens","流血のパーフォレイト","유혈의 천공","Perfuração da Carnificina","Пронзающие шипы резни","Perforación de sangría","แทงทะลุแห่งการนองเลือด (Perforate of Bloodshed)","裂地刺穿．流血",10403,"","","","","","","","","","","","","","","","","","","","","","","","[33,9,25,13,14,7,40]","",2
722,"ChainHook","","","","","","","","","","",10406,"","","","","","","","","","","","","","","","","","","","","","","","[9,25,13,14,22,7]","",5
723,"ChainHookAltX","[DNT] Chain Hook of Pulling","Grappin Attirant","Kettenhaken des Ziehens","牽引のチェーンフック","당김의 사슬 갈고리","Gancho com Corrente da Puxada","Цепной крюк притягивания","Gancho de cadena de arrastre","โซ่ล่ามตะขอแห่งการดึง (Chain Hook of Pulling)","奪魂勾索．拉力",10407,"","","","","","","","","","","","","","","","","","","","","","","","[9,25,13,14,7]","",1
724,"ChainHookAltY","Chain Hook of Trarthus","Grappin de Trarthus","Kettenhaken von Trarthus","トラーサスのチェーンフック","트라투스의 사슬 갈고리","Corrente com Gancho de Trarthus","Цепной крюк Тератны","Gancho de cadena de Trarthus","โซ่ล่ามตะขอแห่งทาร์ทัส (Chain Hook of Trarthus)","特拉特斯奪魂勾索",10408,"","","","","","","","","","","","","","","","","","","","","","","","[9,25,13,14,7]","",3
725,"Blitz","","","","","","","","","","",10411,"","","","","","","","","","","","","","","","","","","","","","","","[9,25,13,7,36,33]","",5
726,"SupportCloseCombat","","","","","","","","","","",10413,"","","","Supports melee attack skills. Cannot support skills which create minions.","Modifie les aptitudes d'attaque de mêlée. Ne fonctionne pas avec les aptitudes qui invoquent des Créatures.","Unterstützt Nahkampf-Angriffsfertigkeiten. Kann keine Fertigkeiten unterstützen, die Kreaturen erzeugen.","近接アタックスキルをサポートする。ミニオンを生成するスキルはサポートできない。","근접 공격 스킬에 적용됩니다. 소환수 생성 스킬에는 적용되지 않습니다.","Suporta habilidades de ataque corpo a corpo. Não pode suportar habilidades que criam lacaios.","Усиливает умения атак ближнего боя. Не усиливает умения, создающие приспешников.","Asiste habilidades de ataque cuerpo a cuerpo. No puede asistir habilidades que creen esbirros.","ใช้เสริม สกิลโจมตีประชิด ไม่สามารถเสริมสกิลที่สร้างมิเนียนออกมาได้","輔助近戰攻擊技能。不能輔助創造召喚物的技能。","","","","","","","","","","","[10,16,7,13,15]",14475,5
727,"SupportShockwave","","","","","","","","","","",10414,"",10415,"","Supports melee attack skills. Cannot support triggered attacks, attacks used by things other than you, or skills which create minions.","Modifie les aptitudes d'attaque de mêlée. Ne fonctionne pas avec les attaques déclenchées, les attaques portées par autre chose que vous ou les aptitudes qui invoquent des Créatures.","Unterstützt Nahkampf-Angriffsfertigkeiten. Kann keine ausgelösten Angriffe oder Angriffe unterstützen, die von anderen Dingen außer Euch benutzt werden. Kann keine Fertigkeiten unterstützen, die Kreaturen erzeugen.","近接アタックスキルをサポートする。トリガーされるアタック、プレイヤー自身以外により使用されるアタック、およびミニオンを生成するスキルはサポートできない。","근접 공격 스킬에 적용됩니다. 발동형 공격이나 플레이어가 아닌 다른 개체가 사용한 공격, 소환수 생성 스킬에는 적용되지 않습니다.","Suporta habilidades de ataque corpo a corpo. Não pode suportar ataques ativados, ataques usados por coisas diferentes de você ou habilidades que criam lacaios.","Усиливает умения атак ближнего боя. Не усиливает срабатывающие атаки, атаки, используемые кем-либо кроме вас, и умения, создающие приспешников.","Asiste habilidades de ataque cuerpo a cuerpo. No puede asistir ataques de activación, ataques infligidos por cosas que no seas tú ni habilidades que creen esbirros.","ใช้เสริม สกิลโจมตีประชิด ไม่สามารถเสริมการโจมตีที่ถูกทริกเกอร์, การโจมตีที่ใช้โดยสิ่งต่างๆ ที่ไม่ใช่คุณ หรือสกิลที่สร้างมิเนียนออกมาได้","輔助近戰攻擊技能。不能輔助觸發型攻擊、用其他東西攻擊而不是你或創造召喚物的技能。","","","","","","","","","","","[9,16,7,13,25,14]",14476,5
728,"Frostblink","","","","","","","","","","",10419,10422,"","","","","","","","","","","","","","","","","","","","","","","[11,25,4,22,15,1,35,37,14]","",5
729,"FrostblinkAltX","Frostblink of Wintry Blast","Transfert givrant du Souffle Hivernal","Frostspurt der eisigen Explosion","冬の暴風のフロストブリンク","차가운 폭발의 서리점멸","Teleporte Gélido da Explosão Invernal","Ледяной скачок зимней вьюги","Destello de escarcha de explosión invernal","ก้าวน้ำแข็งพริบตาแห่งระเบิดเหมันต์ (Frostblink of Wintry Blast)","霜漣之瞬．寒風",10420,"","","","","","","","","","","","","","","","","","","","","","","","[11,25,4,22,1,35,14]","",1
730,"FrostblinkAltY","[DNT] FrostblinkAltY","[DNT] FrostblinkAltY","[DNT] FrostblinkAltY","[DNT] FrostblinkAltY","[DNT] FrostblinkAltY","[DNT] FrostblinkAltY","[DNT] FrostblinkAltY","[DNT] FrostblinkAltY","[DNT] FrostblinkAltY","[DNT] FrostblinkAltY",10421,10422,"","","","","","","","","","","","","","","","","","","","","","","[11,25,4,22,15,1,35,37,14]","",2
731,"Precision","","","","","","","","","","",10357,"","","","","","","","","","","","","","","","","","","","","","","","[12,47,10,25,4,14]","",5
732,"FleshAndStone","","","","","","","","","","",10444,"","","","","","","","","","","","","","","","","","","","","","","","[9,25,4,12,14,41,33]","",5
733,"SupportImpale","","","","","","","","","","",10445,"","","","Supports attack skills.","Modifie les aptitudes d'attaque.","Unterstützt Angriffsfertigkeiten.","アタックスキルをサポートする。","공격 스킬에 적용됩니다.","Suporta habilidades de ataque.","Усиливает умения атак.","Asiste habilidades de ataque.","ใช้เสริม สกิลโจมตี","輔助攻擊技能。","","","","","","","","","","","[13,33,10,16]",14472,5
734,"SliceAndDice","","","","","","","","","","",10446,"","","","","","","","","","","","","","","","","","","","","","","","[9,25,13,7,36,33]","",5
735,"Pride","","","","","","","","","","",10448,"","","","","","","","","","","","","","","","","","","","","","","","[9,25,4,14,12,33]","",5
736,"SupportPulverise","","","","","","","","","","",10478,"","","","Supports melee attack skills.","Modifie les aptitudes d'attaque de mêlée.","Unterstützt Nahkampf-Angriffsfertigkeiten.","近接アタックスキルをサポートする。","근접 공격 스킬에 적용됩니다.","Suporta habilidades de ataque corpo a corpo.","Усиливает умения атак ближнего боя.","Asiste habilidades de ataque cuerpo a cuerpo.","ใช้เสริม สกิลโจมตีประชิด","輔助近戰攻擊技能。","","","","","","","","","","","[14,9,16,7,13]",14473,5
737,"SupportRage","","","","","","","","","","",10513,"","","","Supports melee attack skills. Minions cannot gain rage.","Modifie les aptitudes d'attaque de mêlée. Les Créatures ne peuvent pas gagner de Rage.","Unterstützt Nahkampf-Angriffsfertigkeiten. Kreaturen können keinen Rausch erhalten.","近接アタックスキルをサポートする。ミニオンは憤怒を得られない。","근접 공격 스킬에 적용됩니다. 소환수 스킬에는 적용되지 않습니다.","Suporta habilidades de ataque corpo a corpo. Lacaios não podem ganhar fúria.","Усиливает умения атак ближнего боя. Приспешники не могут накапливать заряды свирепости.","Asiste habilidades de ataque cuerpo a cuerpo. Los esbirros no pueden ganar furia.","ใช้เสริม สกิลโจมตีประชิด มิเนียนไม่สามารถรับสถานะ คลั่ง ได้","輔助近戰攻擊技能。召喚物無法獲得盛怒。","","","","","","","","","","","[9,16,7,13]",14474,5
738,"CobraLash","","","","","","","","","","",10555,"","","","","","","","","","","","","","","","","","","","","","","","[10,25,13,5,3]","",5
739,"CobraLashAltX","[DNT] CobraLashAltX","[DNT] CobraLashAltX","[DNT] CobraLashAltX","[DNT] CobraLashAltX","[DNT] CobraLashAltX","[DNT] CobraLashAltX","[DNT] CobraLashAltX","[DNT] CobraLashAltX","[DNT] CobraLashAltX","[DNT] CobraLashAltX",10556,"","","","","","","","","","","","","","","","","","","","","","","","[10,25,13,5,3]","",1
740,"CobraLashAltY","[DNT] CobraLashAltY","[DNT] CobraLashAltY","[DNT] CobraLashAltY","[DNT] CobraLashAltY","[DNT] CobraLashAltY","[DNT] CobraLashAltY","[DNT] CobraLashAltY","[DNT] CobraLashAltY","[DNT] CobraLashAltY","[DNT] CobraLashAltY",10557,"","","","","","","","","","","","","","","","","","","","","","","","[10,25,13,5,3]","",2
741,"SummonCarrionGolem","","","","","","","","","","",10559,"","","","","","","","","","","","","","","","","","","","","","","","[11,25,33,8,4,28]","",5
742,"SummonCarrionGolemAltX","Summon Carrion Golem of Hordes","Invocation de Golem de charogne des Hordes","Aasgolem der Horden beschwören","大群のキャリオンゴーレム召喚","군단의 부패 골렘 소환","Convocar Golem da Carniça das Hordas","Призыв трупного голема орды","Invocar gólem carroñero de hordas","อัญเชิญโกเลมซากศพแห่งโขยง (Summon Carrion Golem of Hordes)","召喚食腐魔像．部落",10560,"","","","","","","","","","","","","","","","","","","","","","","","[11,25,33,8,4,28]","",1
743,"SummonCarrionGolemAltY","Summon Carrion Golem of Scavenging","Invocation de Golem de charogne du Charognard","Aasgolem des Plünderns beschwören","死体漁りのキャリオンゴーレム召喚","청소부의 부패 골렘 소환","Convocar Golem da Carniça do Saque","Призыв трупного голема-падальщика","Invocar gólem carroñero de carroña","อัญเชิญโกเลมซากศพแห่งการเก็บซาก (Summon Carrion Golem of Scavenging)","召喚食腐魔像．清洗",10561,"","","","","","","","","","","","","","","","","","","","","","","","[11,25,33,8,4,28]","",2
744,"WitheringStep","","","","","","","","","","",10567,"","","","","","","","","","","","","","","","","","","","","","","","[10,25,35,14,3,22,37,4,15]","",5
745,"PlagueBearer","","","","","","","","","","",10568,"","","","","","","","","","","","","","","","","","","","","","","","[10,25,4,3,14]","",5
746,"SupportFeedingFrenzy","","","","","","","","","","",10570,"","","","Supports skills which create Minions.","\r\nModifie les aptitudes qui génèrent des créatures.","Unterstützt Fertigkeiten, die Kreaturen erzeugen.","ミニオンを作り出すスキルをサポートする。","소환수를 생성하는 스킬에 적용됩니다.","Suporta qualquer habilidade que crie Lacaios.","Усиливает умения, создающие приспешников.","Asiste habilidades que crean esbirros.","ใช้เสริมสกิลที่สร้าง มิเนียน","輔助製造召喚物的技能。","","","","","","","","","","","[11,16,8,15]",14477,5
747,"SupportPredator","","","","","","","","","","",10571,"",10572,"","Supports skills which create Minions.","\r\nModifie les aptitudes qui génèrent des créatures.","Unterstützt Fertigkeiten, die Kreaturen erzeugen.","ミニオンを作り出すスキルをサポートする。","소환수를 생성하는 스킬에 적용됩니다.","Suporta qualquer habilidade que crie Lacaios.","Усиливает умения, создающие приспешников.","Asiste habilidades que crean esbirros.","ใช้เสริมสกิลที่สร้าง มิเนียน","輔助製造召喚物的技能。","","","","","","","","","","","[11,16,8,25,4,15]",14479,5
748,"SerpentStrike","","","","","","","","","","",10573,"","","","","","","","","","","","","","","","","","","","","","","","[10,25,13,7,36,22]","",5
749,"SupportNightblade","","","","","","","","","","",10575,"","","","Supports attack skills. Cannot support skills which create minions.","Modifie les aptitudes d'attaque. Ne peut modifier les aptitudes qui créent des Créatures.","Unterstützt Angriffsfertigkeiten. Kann keine Fertigkeiten unterstützen, die Kreaturen erzeugen.","アタックスキルをサポートする。ミニオンを作り出すスキルはサポートされない。","공격 스킬에 적용됩니다. 소환수 생성 스킬에는 적용되지 않습니다.","Suporta habilidades de ataque. Não pode suportar habilidades que criam lacaios.","Усиливает умения атак. Не усиливает умения, создающие приспешников.","Asiste habilidades de ataque. No puede asistir habilidades que creen esbirros.","ใช้เสริม สกิลโจมตี ไม่สามารถเสริมสกิลที่สร้างมิเนียนออกมาได้","輔助攻擊技能。不能輔助製造召喚物的技能。","","","","","","","","","","","[13,47,10,16]",14480,5
750,"SupportMeatShield","","","","","","","","","","",10576,"","","","Supports skills which create Minions.","\r\nModifie les aptitudes qui génèrent des créatures.","Unterstützt Fertigkeiten, die Kreaturen erzeugen.","ミニオンを作り出すスキルをサポートする。","소환수를 생성하는 스킬에 적용됩니다.","Suporta qualquer habilidade que crie Lacaios.","Усиливает умения, создающие приспешников.","Asiste habilidades que crean esbirros.","ใช้เสริมสกิลที่สร้าง มิเนียน","輔助製造召喚物的技能。","","","","","","","","","","","[11,16,8]",14478,5
751,"CoilingAssault","","","","","","","","","","",10577,"","","","","","","","","","","","","","","","","","","","","","","","[10,25,13,7,22,5]","",5
752,"StormblastMine","","","","","","","","","","",10581,"","","","","","","","","","","","","","","","","","","","","","","","[21,11,25,4,14,2,12,38]","",5
753,"StormblastMineAltX","[DNT] StormblastMineAltX","[DNT] StormblastMineAltX","[DNT] StormblastMineAltX","[DNT] StormblastMineAltX","[DNT] StormblastMineAltX","[DNT] StormblastMineAltX","[DNT] StormblastMineAltX","[DNT] StormblastMineAltX","[DNT] StormblastMineAltX","[DNT] StormblastMineAltX",10582,"","","","","","","","","","","","","","","","","","","","","","","","[21,11,25,4,14,2,12,38]","",1
754,"StormblastMineAltY","[DNT] StormblastMineAltY","[DNT] StormblastMineAltY","[DNT] StormblastMineAltY","[DNT] StormblastMineAltY","[DNT] StormblastMineAltY","[DNT] StormblastMineAltY","[DNT] StormblastMineAltY","[DNT] StormblastMineAltY","[DNT] StormblastMineAltY","[DNT] StormblastMineAltY",10583,"","","","","","","","","","","","","","","","","","","","","","","","[21,11,25,4,14,2,12,38]","",2
755,"SummonSkitterbots","","","","","","","","","","",10588,"","","","","","","","","","","","","","","","","","","","","","","","[20,21,11,25,4,8,1,2,14,12]","",5
756,"SupportHighImpactMine","","","","","","","","","","",10605,"","","","Supports spells, or attacks that use bows or wands. Instead of using that skill, you will throw a mine that will use the skill for you when you detonate it. Mines cannot use channelling skills.","Modifie les sorts et les attaques qui s'effectuent avec des arcs ou des baguettes. Au lieu d'utiliser cette aptitude, vous jetez une mine qui utilisera l'aptitude à votre place lorsque vous l'activerez. Les mines ne peuvent pas utiliser les aptitudes canalisées.","Unterstützt Zauber oder Angriffe, die mit Bögen oder Zauberstäben ausgeführt werden. Anstatt die Fertigkeit direkt zu nutzen, wird eine Mine geworfen, die diese Fertigkeit benutzt, sobald sie gezündet wird. Minen können keine Kanalisierungsfertigkeiten nutzen.","スペルか、弓またはワンドによるアタックをサポートする。スキルを使用する代わりに、爆破するとそのスキルを使用するマインを投げる。マインはチャネリングスキルを使用することはできない。","주문 스킬 또는 활이나 마법봉을 사용하는 공격 스킬에 적용됩니다. 스킬 사용 시 지뢰가 투척되며, 플레이어가 지뢰를 기폭하면 지뢰에서 스킬이 시전됩니다. 집중 유지 스킬에는 적용되지 않습니다.","Suporta magias ou ataques que usam arcos ou varinhas. Ao invés de usar tal habilidade, você arremessará uma mina que utilizará a habilidade por você quando for detonada. Minas não podem usar habilidades canalizadas.","Усиливает чары или атаки, использующие луки или жезлы. Вместо использования этого умения вы будете бросать мину, которая будет использовать это умение, когда вы её взрываете. Мины не могут использовать поддерживаемые умения.","Asiste hechizos o ataques que usen arcos o varitas. En lugar de usar esa habilidad, lanzarás una mina que usará la habilidad por ti cuando la detones. Las minas no pueden usar habilidades de canalización.","ใช้เสริม สกิลเวท หรือสกิลโจมตี ที่ใช้ ธนูหรือไม้กายสิทธิ์ เปลี่ยนจากการใช้สกิลแบบปกติ เป็นการโยนทุ่นระเบิดที่ใช้สกิลนั้นให้กับคุณเมื่อคุณจุดชนวน ทุ่นระเบิดไม่สามารถใช้ สกิลแชนเนล ได้","輔助法術或使用弓和法杖的攻擊。不再使用技能而是投擲地雷，當你引爆時施放技能。地雷不能使用引導時施放技能。","","","","","","","","","","","[21,11,16,14,12]",14369,5
757,"SupportInfernalLegion","","","","","","","","","","",10606,"","","","Supports skills which create Minions.","\r\nModifie les aptitudes qui génèrent des créatures.","Unterstützt Fertigkeiten, die Kreaturen erzeugen.","ミニオンを作り出すスキルをサポートする。","소환수를 생성하는 스킬에 적용됩니다.","Suporta qualquer habilidade que crie Lacaios.","Усиливает умения, создающие приспешников.","Asiste habilidades que crean esbirros.","ใช้เสริมสกิลที่สร้าง มิเนียน","輔助製造召喚物的技能。","","","","","","","","","","","[0,14,11,16,8]",14481,5
758,"PestilentStrike","","","","","","","","","","",10609,"","","","","","","","","","","","","","","","","","","","","","","","[10,25,13,7,36,14,15,3]","",5
759,"PestilentStrikeAltX","[DNT] PestilentStrikeAltX","[DNT] PestilentStrikeAltX","[DNT] PestilentStrikeAltX","[DNT] PestilentStrikeAltX","[DNT] PestilentStrikeAltX","[DNT] PestilentStrikeAltX","[DNT] PestilentStrikeAltX","[DNT] PestilentStrikeAltX","[DNT] PestilentStrikeAltX","[DNT] PestilentStrikeAltX",10610,"","","","","","","","","","","","","","","","","","","","","","","","[10,25,13,7,36,14,15,3]","",1
760,"PestilentStrikeAltY","[DNT] PestilentStrikeAltY","[DNT] PestilentStrikeAltY","[DNT] PestilentStrikeAltY","[DNT] PestilentStrikeAltY","[DNT] PestilentStrikeAltY","[DNT] PestilentStrikeAltY","[DNT] PestilentStrikeAltY","[DNT] PestilentStrikeAltY","[DNT] PestilentStrikeAltY","[DNT] PestilentStrikeAltY",10611,"","","","","","","","","","","","","","","","","","","","","","","","[10,25,13,7,36,14,15,3]","",2
761,"VenomGyre","","","","","","","","","","",10613,"","","","","","","","","","","","","","","","","","","","","","","","[10,25,13,5,3,15]","",5
762,"VenomGyreAltX","[DNT] VenomGyreAltX","[DNT] VenomGyreAltX","[DNT] VenomGyreAltX","[DNT] VenomGyreAltX","[DNT] VenomGyreAltX","[DNT] VenomGyreAltX","[DNT] VenomGyreAltX","[DNT] VenomGyreAltX","[DNT] VenomGyreAltX","[DNT] VenomGyreAltX",10614,"","","","","","","","","","","","","","","","","","","","","","","","[10,25,13,5,3,15]","",1
763,"VenomGyreAltY","[DNT] VenomGyreAltY","[DNT] VenomGyreAltY","[DNT] VenomGyreAltY","[DNT] VenomGyreAltY","[DNT] VenomGyreAltY","[DNT] VenomGyreAltY","[DNT] VenomGyreAltY","[DNT] VenomGyreAltY","[DNT] VenomGyreAltY","[DNT] VenomGyreAltY",10615,"","","","","","","","","","","","","","","","","","","","","","","","[10,25,13,5,3,15]","",2
764,"SupportSwiftAssembly","","","","","","","","","","",10619,"","","","Supports skills which throw Traps or Mines.","Modifie les aptitudes permettant de jeter des mines ou des pièges.","Unterstützt Fallen- oder Minenfertigkeiten.","トラップまたはマインを投げるスキルをサポートする。","덫 또는 지뢰를 투척하는 스킬에 적용됩니다.","Suporta habilidades que arremessam Armadilhas ou Minas.","Усиливает умения, бросающие ловушки или мины.","Asiste habilidades que lanzan trampas o minas.","ใช้เสริมสกิลที่โยน กับดักหรือทุ่นระเบิด","輔助投擲陷阱和地雷技能。","","","","","","","","","","","[10,16,20,21]",14482,5
765,"ShrapnelBallista","","","","","","","","","","",10629,"","","","","","","","","","","","","","","","","","","","","","","","[10,25,13,5,19,6]","",5
766,"ShrapnelBallistaAltX","Shrapnel Ballista of Steel","Baliste à shrapnel de l'Acier","Schrapnell-Balliste des Stahls","鋼のシュラプネルバリスタ","강철의 파편 쇠뇌","Balista de Cerco do Aço","Стальная осколочная баллиста","Balista de metralla de acero","ป้อมเครื่องยิงแตกอากาศแห่งเหล็กกล้า (Shrapnel Ballista of Steel)","彈片砲塔．鋼鐵",10630,"","","","","","","","","","","","","","","","","","","","","","","","[10,25,13,5,19,33,6]","",1
767,"ShrapnelBallistaAltY","[DNT] ShrapnelBallistaAltY","[DNT] ShrapnelBallistaAltY","[DNT] ShrapnelBallistaAltY","[DNT] ShrapnelBallistaAltY","[DNT] ShrapnelBallistaAltY","[DNT] ShrapnelBallistaAltY","[DNT] ShrapnelBallistaAltY","[DNT] ShrapnelBallistaAltY","[DNT] ShrapnelBallistaAltY","[DNT] ShrapnelBallistaAltY",10631,"","","","","","","","","","","","","","","","","","","","","","","","[10,25,13,5,19,6]","",2
768,"SupportArrowNova","","","","","","","","","","",10632,"","","","Supports bow attack skills that fire arrows forwards as projectiles. These skills will instead fire a payload arrow into the air to land at a targeted location. The supported skills' arrows will then fire out in a circle from where it lands. Cannot support skills that already fire arrows into the air, channelled skills, or skills that create Minions.","Modifie les Aptitudes d'Attaque à l'arc qui tirent des flèches face à vous, sous forme de Projectiles. Les Aptitudes modifiées tirent désormais une seule Flèche à déflagration dans les airs qui atterrit à l'emplacement ciblé. À l'impact, tire dans toutes les directions toutes les flèches censées être normalement tirées par l'Aptitude modifiée. Ne peut modifier les Aptitudes qui tirent des flèches dans les airs, les Aptitudes canalisées ou les Aptitudes de Créatures.","Unterstützt Bogen-Angriffsfertigkeiten, die Pfeile als Projektile abfeuern. Diese Fertigkeiten feuern stattdessen eine Sprengladung in die Luft, die an einer Zielposition landet. Die Pfeile der unterstützten Fertigkeit werden dann von dieser Position aus in einem Kreis abgefeuert. Kann keine Fertigkeiten unterstützen, die Kreaturen erzeugen, kanalisiert werden oder die bereits Pfeile in die Luft feuern.","投射物として前方に矢を放つ弓アタックスキルをサポートする。サポートされたスキルは代わりに、対象地点に着弾する矢の弾頭を空中に放つ。サポートされたスキルの矢は、着弾地点から放射状に放たれる。空中に矢を放つスキル、チャネリングスキル、ミニオンを生成するスキルはサポートできない。","전방으로 화살 투사체를 발사하는 활 공격 스킬에 적용됩니다. 기존 투사체 대신 탄두 화살을 허공으로 발사한 뒤 대상 지점에 떨어뜨리는 스킬입니다. 지면에 떨어지면 해당 지점에서 원형으로 보조 대상 스킬의 화살이 발사됩니다. 허공으로 화살을 발사해버리는 스킬이나 집중 유지 스킬, 소환수 생성 스킬에는 적용되지 않습니다.","Suporta habilidades de ataque com arco que disparam flechas adiante como projéteis. Estas habilidades vão disparar, ao invés, um carregamento de flechas no ar para caírem em um local alvo. As flechas das habilidades suportadas serão então disparadas em um círculo a partir de onde caírem. Não pode suportar habilidades que já disparam flechas no ar, habilidades canalizadas ou habilidades que criam Lacaios.","Усиливает умения атак лука, которые в качестве снарядов выпускают вперёд стрелы. Эти умения теперь будут выпускать заряженную стрелу в воздух, которая приземлится в указанной точке. Затем стрелы усиленных умений будут выпущены из этой точки кольцом. Не может усиливать умения, которые уже выпускают стрелы в воздух, поддерживаемые умения или умения, создающие приспешников.","Asiste habilidades de ataque de arco que disparen flechas hacia delante como proyectiles. En lugar de eso, estas habilidades dispararán una flecha cargada al aire que aterrizará en una ubicación objetivo. Y desde esta ubicación objetivo, las flechas de la habilidad asistida saldrán disparadas en forma de círculo. No puede asistir habilidades que ya disparen flechas al aire, habilidades de canalización ni habilidades que creen esbirros.","ใช้เสริม สกิลโจมตีธนู ที่ยิงศรเป็นโพรเจกไทล์ออกไปข้างหน้า ทำให้ยิงศรบรรทุกขึ้นไปบนฟ้าแทน เมื่อตกถึงตำแหน่งเป้าหมายจะยิงศรจาก สกิลที่เสริม ออกไปเป็นวงรอบทิศทาง ไม่สามารถเสริมสกิลที่ยิงธนูขึ้นฟ้า, สกิลแชนเนล หรือสกิลที่สร้าง มิเนียน ได้","輔助往前發射箭矢投射物的弓攻擊技能。此技能將會改為發射裝載彈藥的箭矢至空中並落地於指定位置。被輔助技能的投射物將會從箭矢落地點以新星形式發射。不能輔助朝空中發射箭矢的技能或製造召換物的技能。","","","","","","","","","","","[6,13,10,16,5]",14444,5
769,"SupportBarrage","","","","","","","","","","",10634,"","","","Supports projectile attack skills that use bows or wands. Cannot support triggered skills, channelled skills, or skills that create Minions.","Modifie les Attaques à Projectiles qui utilisent des arcs ou des baguettes. Ne peut modifier les Aptitudes déclenchées, canalisées ou celles qui génèrent des Créatures.","Unterstützt Projektil-Angriffsfertigkeiten, die Bögen oder Zauberstäbe verwenden. Kann keine Fertigkeiten unterstützen, die kanalisiert oder ausgelöst werden oder die Kreaturen erzeugen.","弓またはワンドによる投射物アタックスキルをサポートする。トリガーされるスキル、チャネリングスキル、ミニオンを生成するスキルはサポートできない。","활이나 마법봉을 사용하는 투사체 공격 스킬에 적용됩니다. 발동형 스킬이나 집중 유지 스킬, 소환수 생성 스킬에는 적용되지 않습니다.","Suporta habilidades de ataque com projéteis que usam arcos ou varinhas. Não pode suportar habilidades ativadas, canalizadas ou habilidades que criam Lacaios.","Усиливает атакующие умения снарядов, которые используют луки или жезлы. Не усиливает срабатывающие умения, поддерживаемые умения или умения, создающие приспешников.","Asiste habilidades de ataque de proyectiles que usen arcos o varitas. No puede asistir habilidades de activación, de canalización ni habilidades que creen esbirros.","ใช้เสริม สกิลโจมตีโพรเจกไทล์ ที่ใช้ ธนูหรือไม้กายสิทธิ์ ไม่สามารถเสริมสกิลที่ถูกทริกเกอร์, สกิลแชนเนล หรือสกิลที่สร้าง มิเนียน ได้","輔助使用弓或法杖的投射物攻擊技能。不能輔助觸發型技能或製造召換物的技能。","","","","","","","","","","","[6,13,10,16,5]",14443,5
770,"EnsnaringArrow","","","","","","","","","","",10636,"","","","","","","","","","","","","","","","","","","","","","","","[10,25,13,5,14,6]","",5
771,"EnsnaringArrowAltX","[DNT] EnsnaringArrowAltX","[DNT] EnsnaringArrowAltX","[DNT] EnsnaringArrowAltX","[DNT] EnsnaringArrowAltX","[DNT] EnsnaringArrowAltX","[DNT] EnsnaringArrowAltX","[DNT] EnsnaringArrowAltX","[DNT] EnsnaringArrowAltX","[DNT] EnsnaringArrowAltX","[DNT] EnsnaringArrowAltX",10637,"","","","","","","","","","","","","","","","","","","","","","","","[10,25,13,5,14,6]","",1
772,"EnsnaringArrowAltY","[DNT] EnsnaringArrowAltY","[DNT] EnsnaringArrowAltY","[DNT] EnsnaringArrowAltY","[DNT] EnsnaringArrowAltY","[DNT] EnsnaringArrowAltY","[DNT] EnsnaringArrowAltY","[DNT] EnsnaringArrowAltY","[DNT] EnsnaringArrowAltY","[DNT] EnsnaringArrowAltY","[DNT] EnsnaringArrowAltY",10638,"","","","","","","","","","","","","","","","","","","","","","","","[10,25,13,5,14,6]","",2
773,"ArtilleryBallista","","","","","","","","","","",10646,"","","","","","","","","","","","","","","","","","","","","","","","[10,25,13,19,14,0,5,6]","",5
774,"ArtilleryBallistaAltX","Artillery Ballista of Cross Strafe","Baliste d'artillerie du Bombardement croisé","Artillerie-Balliste der Querschläger","交差掃射のアーティラリーバリスタ","십자 포화의 포대 쇠뇌","Balista de Artilharia do Fogo Cruzado","Артиллерийская баллиста перекрестного огня","Balista de artillería de bombardeo cruzado","ป้อมเครื่องยิงปืนใหญ่แห่งกากบาทไขว้ (Artillery Ballista of Cross Strafe)","火砲砲塔 ．掃射",10647,"","","","","","","","","","","","","","","","","","","","","","","","[10,25,13,19,14,0,5,6]","",1
775,"ArtilleryBallistaAltY","Artillery Ballista of Focus Fire","Baliste d'artillerie du Tir concentré","Artillerie-Balliste des konzentrierten Feuers","集中砲火のアーティラリーバリスタ","집중 사격의 포대 쇠뇌","Balista de Artilharia do Fogo Concentrado","Артиллерийская баллиста прицельного огня","Balista de artillería de fuego concentrado","ป้อมเครื่องยิงปืนใหญ่แห่งการรวมเป้าหมาย (Artillery Ballista of Focus Fire)","火砲砲塔 ．集火",10648,"","","","","","","","","","","","","","","","","","","","","","","","[10,25,13,19,14,0,5,6]","",2
776,"SupportGreaterVolley","","","","","","","","","","",9800,"","","","Supports skills that fire projectiles from the user. Does not affect projectiles fired from other locations as secondary effects. Does not support skills that fire projectiles in a spiral.","Modifie les Aptitudes qui tirent des Projectiles à partir de leur utilisateur. N'affecte pas les Projectiles tirés par des effets secondaires à partir d'autres emplacements. Ne peut modifier les aptitudes qui tirent des projectiles en spirale.","Unterstützt Fertigkeiten, die Projektile vom Wirkenden aus abfeuern. Wirkt sich nicht auf Projektile aus, die aus anderen Quellen abgefeuert werden. Unterstützt keine Fertigkeiten, die Projektile in einer Spirale abfeuern.","使用者から投射物を放つスキルをサポートする。副次的効果により他の場所から放たれる投射物には影響しない。投射物を螺旋状に放つスキルはサポートできない。","플레이어가 발사하는 투사체 스킬에 적용됩니다. 부가적인 효과로 다른 곳에서 발사되는 투사체에는 적용되지 않습니다. 투사체를 소용돌이 모양으로 발사하는 스킬에는 적용되지 않습니다.","Suporta habilidades que disparam projéteis do usuário. Não afeta os projéteis disparados de outros locais como efeitos secundários. Não suporta habilidades que disparam projéteis em espiral.","Усиливает умение, выпускающее снаряды в направлении от использующего умение. Не действует на снаряды, выпускаемые из других источников как второстепенные эффекты. Не может усиливать умения, выпускающие снаряды по спирали.","Asiste habilidades que disparen proyectiles desde el personaje. No afecta a los proyectiles disparados desde otras ubicaciones como efectos secundarios. No asiste habilidades que disparen proyectiles en espiral.","ใช้เสริมสกิลที่ยิงโพรเจกไทล์ออกจากตัวผู้ใช้ ไม่ส่งผลต่อโพรเจกไทล์ที่ยิงออกจากตำแหน่งอื่นอันมาจากผลรองของสกิล ไม่สามารถเสริมสกิลที่ยิงออกมาเป็นเกลียวได้","輔助從玩家發射投射物的技能。不會影響從其他位置發射的投射物，作為次要影響。不輔助以螺旋形式發射的投射物。","","","","","","","","","","","[10,16,5]",14460,5
777,"SupportAwakenedAddedFireDamage","","","","","","","","","","",10650,"","","","Supports any skill that hits enemies.","Modifie les aptitudes qui touchent les ennemis.","Unterstützt Fertigkeiten, die Treffer bei Gegnern verursachen.","敵にヒットを与えるスキルをサポートする。","적을 명중하는 모든 스킬에 적용됩니다.","Suporta qualquer habilidade que acerte inimigos.","Усиливает любое умение, наносящее удары по врагам.","Asiste cualquier habilidad que golpee enemigos.","ใช้เสริมสกิลที่ปะทะศัตรู","輔助任何可擊中敵人的技能。","","","","","","","","","","","[0,33,51,9,16]",14484,5
778,"SupportAwakenedAncestralCall","","","","","","","","","","",10651,"","","","Supports melee strike skills, causing them to also strike at extra targets simultaneously. The extra targets must be a minimum distance from the user. If supporting a minion attack skill, the minion's skills will not also strike extra targets. Cannot support Vaal skills or triggered skills.","Modifie les aptitudes de frappe de mêlée, leur permettant de frapper simultanément des cibles supplémentaires. Les cibles supplémentaires doivent se trouver à une distance minimale de l'utilisateur. Si cette gemme modifie une aptitude d'attaque de créature, les aptitudes de la créature ne frapperont pas de cibles supplémentaires. Ne peut pas modifier les aptitudes vaal ni les aptitudes déclenchées.","Unterstützt Nahkampf-Schlagfertigkeiten und bewirkt, dass der Schlag gleichzeitig auf zusätzliche Ziele erfolgt. Die zusätzlichen Ziele müssen einen Mindestabstand zum Spieler aufweisen. Bei Unterstützung einer Kreaturen-Angriffsfertigkeit schlagen die Kreaturen nicht gleichzeitig auf mehrere Ziele ein. Kann keine Vaal- oder auslösbare Fertigkeiten unterstützen.","近接ストライクスキルをサポートし、追加の対象を同時にストライクする。使用者から最短距離の敵が追加の対象となる。ミニオンアタックスキルをサポートした場合、ミニオンのスキルは追加の対象をストライクしない。ヴァールスキルまたはトリガーされるスキルはサポートできない。","근접 타격 스킬에 적용됩니다. 더 많은 적을 동시에 공격하게 하며, 이때 적 대상은 시전자와 근접한 거리에 있어야 합니다. 소환수 공격 스킬의 경우, 소환수가 사용하는 스킬에는 적용할 수 없으며 바알 스킬 또는 발동형 스킬에도 적용되지 않습니다.","Suporta habilidades de golpe corpo a corpo, fazendo com que elas também acertem alvos extras simultaneamente. Os alvos extras precisam estar em uma distância mínima do usuário. Se suportar uma habilidade de ataque de lacaio, as habilidades do lacaio também acertarão alvos extras. Não pode suportar habilidades Vaal ou ativadas.","Усиливает умения ударов ближнего боя так, что они атакуют дополнительные цели. Дополнительные цели должны находиться на минимальном расстоянии от использующего умение. При усилении умения атаки приспешников, умения приспешников не будут атаковать дополнительные цели. Нельзя усилить умения ваал и срабатывающие умения.","Asiste habilidades de golpe cuerpo a cuerpo para que también ataquen a objetivos adicionales simultáneamente. Los objetivos adicionales deben estar a una distancia mínima del personaje. Si asiste una habilidad de ataque de un esbirro, las habilidades del esbirro no golpearán también a objetivos adicionales. No puede asistir habilidades vaal ni habilidades de activación.","ใช้เสริม สกิลฟาดโจมตี ทำให้ฟาดหลายเป้าหมายพร้อมกัน เป้าหมายอื่นที่เพิ่มมาจะต้องอยู่ห่างจากผู้ใช้งานไม่ต่ำกว่าระยะขั้นต่ำที่กำหนด หากเสริม สกิลโจมตีมิเนียน สกิลของมิเนียนจะไม่ฟาดหลายเป้าหมาย ไม่สามารถเสริม สกิลวาล์หรือสกิลที่ถูกทริกเกอร์ ได้","輔助近戰打擊技能，使近戰攻擊同時多的目標。額外的目標必須要在使用者的最小範圍內。如果輔助召喚物攻擊技能，召喚物的攻擊技能不會攻擊多數目標。不能輔助瓦爾或觸發技能。","","","","","","","","","","","[51,9,16,7,13,36]",14485,5
779,"SupportAwakenedBrutality","","","","","","","","","","",10652,"","","","Supports any skill that deals damage.","Modifie toutes les aptitudes qui infligent des dégâts.","Unterstützt Fertigkeiten, die Schaden verursachen.","ダメージを与えるスキルをサポートする。","피해를 주는 모든 스킬에 적용됩니다.","Suporta qualquer habilidade que cause dano.","Усиливает любое умение, наносящее удары по врагам.","Asiste cualquier habilidad que inflija daño.","ใช้เสริมสกิลที่สร้างความเสียหายได้","輔助任何可造成傷害的技能。","","","","","","","","","","","[33,51,9,16]",14486,5
780,"SupportAwakenedBurningDamage","","","","","","","","","","",10653,"","","","Supports any skill that hits enemies, or can deal burning damage directly.","Modifie toutes les aptitudes qui touchent les ennemis ou qui sont en mesure d'infliger directement des Dégâts de Brûlure.","Unterstützt Fertigkeiten, die Treffer bei Gegnern oder direkten Brandschaden verursachen.","敵にヒットするスキルまたは燃焼ダメージを直接与えるスキルをサポートする。","적을 명중하거나 직접 화상 피해를 주는 모든 스킬에 적용됩니다.","Suporta qualquer habilidade que acerte inimigos, ou possa causar dano incendiário diretamente.","Усиливает любое умение, наносящее удары по врагам или урон от горения.","Asiste cualquier habilidad que golpee enemigos o que pueda infligir daño de incendio directamente.","ใช้เสริมสกิลที่ปะทะศัตรู หรือสกิลที่สร้างความเสียหาย ติดไฟ ได้โดยตรง","輔助任何可擊中敵人的技能，造成更多燃燒傷害。","","","","","","","","","","","[0,51,9,16]",14487,5
781,"SupportAwakenedElementalDamageWithAttacks","","","","","","","","","","",10654,"","","","Supports attack skills.","Modifie les aptitudes d'attaque.","Unterstützt Angriffsfertigkeiten.","アタックスキルをサポートする。","공격 스킬에 적용됩니다.","Suporta habilidades de ataque.","Усиливает умения атак.","Asiste habilidades de ataque.","ใช้เสริม สกิลโจมตี","輔助攻擊技能。","","","","","","","","","","","[13,51,9,16]",14488,5
782,"SupportAwakenedFirePenetration","","","","","","","","","","",10655,"","","","Supports any skill that hits enemies, making those hits penetrate enemy fire resistance.","Modifie toutes les aptitudes qui touchent les ennemis en leur octroyant de la pénétration de résistance au feu.","Unterstützt Fertigkeiten, die Treffer bei Gegnern verursachen. Diese Treffer durchdringen den Feuerwiderstand des Gegners.","敵にヒットするスキルをサポートし、ヒットが敵の火耐性を貫通するようになる。","적을 명중하는 모든 스킬에 적용됩니다. 적의 화염 저항을 관통합니다.","Suporta qualquer habilidade que acerte inimigos, fazendo com que seus acertos penetrem a resistência a fogo inimiga.","Усиливает любое умение, наносящее удары по врагам. Удары этим умением пробивают вражеское сопротивление огню.","Asiste cualquier habilidad que golpee enemigos para que esos golpes penetren la resistencia al fuego del enemigo.","ใช้เสริมสกิลที่ปะทะศัตรู ทำให้การปะทะเจาะต้านทาน ไฟ ของศัตรู","輔助任何可擊中敵人的技能，擊中穿透敵人火焰抗性。","","","","","","","","","","","[0,51,9,16]",14489,5
783,"SupportAwakenedGenerosity","","","","","","","","","","",10656,"","","","Supports aura skills that affect you and allies, increasing the aura's effect on allies, but preventing it from affecting you at all. Cannot support curse auras, or other auras that only affect enemies. Cannot support skills used by totems. Cannot modify the skills of minions.","Modifie les aptitudes d'auras qui affectent vos alliés et vous-même. L'effet de l'aura est accru sur les alliés mais ne vous affecte plus personnellement. Ne peut modifier les auras qui sont des malédictions ou ceux qui n'affectent que les ennemis. Ne peut modifier les aptitudes utilisées par des totems. Ne peut modifier les aptitudes des créatures.","Unterstützt Aurenfertigkeiten, die Euch und Verbündete betreffen und erhöht die Aurenwirkung bei Verbündeten, aber verhindert die Aurenwirkung auf den zaubernden Spieler. Kann keine Fluchauren oder Auren unterstützen, die nur Gegner betreffen. Kann keine Totemfertigkeiten unterstützen. Kann die Fertigkeiten von Kreaturen nicht modifizieren.","自身および味方に影響するオーラスキルをサポートし、味方に対するオーラ効果を増加させるが、自身への影響を完全に阻害する。呪いオーラ、敵にのみ影響するオーラはサポートできない。トーテムで使用されるスキルはサポートできない。ミニオンのスキルには影響しない。","시전자와 동료들에게 영향을 주는 오라 스킬에 적용됩니다. 동료들에 대한 오라 효과가 증가하지만 시전자는 오라 효과를 받지 않습니다. 저주 오라 또는 적에게만 적용되는 오라 스킬, 토템에 의해 사용되는 스킬에는 적용되지 않습니다. 소환수가 사용하는 스킬에는 적용되지 않습니다.","Suporta habilidades de aura que afetam você e seus aliados, aumentando o efeito da aura nos aliados, mas impedindo que ela te afete de qualquer forma. Não pode suportar auras de maldição, ou outras auras que só afetam inimigos. Não pode suportar habilidades usadas por totens. Não pode modificar as habilidades de lacaios.","Усиливает любую ауру, действующую на вас и ваших союзников. Аура перестаёт действовать на вас, но действует на союзников с усиленным эффектом. Нельзя усиливать проклятия или другие ауры, действующие только на врагов. Не усиливает умения, используемые тотемами. Не усиливает умения приспешников.","Asiste habilidades de aura que te afectan a ti y a tus aliados. Aumenta el efecto del aura en tus aliados pero al mismo tiempo impide que te afecte a ti. No puede asistir auras de maldición ni otras auras que solo afecten a los enemigos. No puede asistir habilidades usadas por tótems. No puede modificar las habilidades de los esbirros.","ใช้เสริม สกิลออร่า ที่ส่งผลต่อคุณกับเพื่อน ทำให้ออร่ามีผลเพิ่มขึ้นต่อเพื่อนแลกกับการที่คุณไม่ได้รับผลจากออร่านั้น ไม่สามารถเสริม สกิลออร่าคำสาป หรือ ออร่าที่ส่งผลต่อศัตรูอย่างเดียว ได้ ไม่สามารถเสริมสกิลที่ใช้โดย โทเทม ได้ ไม่สามารถแก้ไขสกิลที่มิเนียนใช้ได้","輔助影響你和友方的光環技能，增加光環對友方的效果，但光環不再對你產生效果。不能輔助詛咒光環或其他可對敵人造成效果的光環。不能輔助被圖騰使用的技能。無法影響召喚物技能。","","","","","","","","","","","[51,9,16,12]",14490,5
784,"SupportAwakenedMeleePhysicalDamage","","","","","","","","","","",10657,"","","","Supports melee attack skills.","Modifie les aptitudes d'attaque de mêlée.","Unterstützt Nahkampf-Angriffsfertigkeiten.","近接アタックスキルをサポートする。","근접 공격 스킬에 적용됩니다.","Suporta habilidades de ataque corpo a corpo.","Усиливает умения атак ближнего боя.","Asiste habilidades de ataque cuerpo a cuerpo.","ใช้เสริม สกิลโจมตีประชิด","輔助近戰攻擊技能。","","","","","","","","","","","[7,33,51,9,16,13]",14491,5
785,"SupportAwakenedMeleeSplash","","","","","","","","","","",10658,"","","","Supports melee strike skills, causing their melee strike to deal splash damage around each target hit.","Modifie les aptitudes de frappe de mêlée, permettant à ces aptitudes d'infliger des dégâts collatéraux à tous les ennemis situés autour de la cible.","Unterstützt Nahkampf-Schlagfertigkeiten und bewirkt, dass der Nahkampfschlag Streuschaden um jedes getroffene Ziel verursacht.","近接ストライクスキルをサポートし、近接攻撃がヒットした際、スプラッシュダメージを与える。","근접 타격 스킬에 적용됩니다. 근접 타격이 대상에 명중할 때마다 주변의 적에게 범위 피해를 줍니다.","Suporta habilidades de golpe, fazendo com que seu golpe corpo a corpo propague o dano ao redor do alvo acertado.","Усиливает умения ударов ближнего боя. Удары в ближнем бою наносят урон по области вокруг каждой поражённой цели.","Asiste habilidades de golpe cuerpo a cuerpo para que su golpe cuerpo a cuerpo inflija daño colateral alrededor de cada objetivo golpeado.","ใช้เสริม สกิลฟาดประชิด ทำให้การฟาดประชิดของสกิลเหล่านี้สร้างความเสียหายกระจายรอบเป้าหมายแต่ละตัวที่ถูกปะทะ","輔助近戰打擊技能，每擊中目標使近戰攻擊擴散傷害至目標附近。","","","","","","","","","","","[51,9,16,7,13,36,14]",14492,5
786,"SupportAwakenedMultistrike","","","","","","","","","","",10659,"","","","Supports melee attack skills, making them repeat three times when used, targeting a random enemy each time. Cannot support Vaal skills, channelling skills, travel skills, retaliation skills or triggered skills.","Modifie les aptitudes d'attaque de mêlée, les faisant se répéter trois fois lorsqu'elles sont utilisées, ciblant à chaque fois un ennemi au hasard. Ne peut modifier les aptitudes vaal, de canalisation, de trajet, de riposte ni les aptitudes déclenchées.","Unterstützt Nahkampf-Angriffsfertigkeiten, die sich bei Nutzung dreimal wiederholen und jedes Mal einen zufälligen Gegner anvisieren. Kann keine Vaal-, Kanalisierungs-, Fortbewegungs-, Gegenschlag- oder auslösbare Fertigkeiten unterstützen.","近接アタックスキルをサポートし、スキル使用時に3回繰り返す。それぞれの攻撃対象はランダムに選択される。ヴァールスキル、チャネリングスキル、トラベルスキル、報復スキルおよびトリガーされるスキルはサポートできない。","근접 공격 스킬에 적용됩니다. 스킬이 3번 반복되며 매번 무작위 적을 대상으로 삼습니다. 바알 스킬, 집중 유지 스킬, 이동 전용 스킬, 보복 스킬, 발동형 스킬에는 적용되지 않습니다.","Suporta habilidades de ataque corpo a corpo, fazendo com que se repitam três vezes quando usadas, focando em um inimigo aleatório por vez. Não pode suportar habilidades Vaal, canalizadas, de deslocamento, de retaliação ou ativadas.","Усиливает умения атак ближнего боя. Атаки повторяются трижды, каждый раз выбирая целью случайного врага. Нельзя усилить умения ваал, умения смещения, поддерживаемые умения, умения ответного удара и срабатывающие умения.","Asiste habilidades de ataque cuerpo a cuerpo para que se repitan tres veces cuando las usas y seleccionen como objetivo a un enemigo aleatorio cada vez. No puede asistir habilidades vaal, de canalización, de viaje, de represalia ni de activación.","ใช้เสริม สกิลโจมตีประชิด ทำให้เกิดซ้ำ 3 ครั้งโดยเลือกเป้าหมายแบบสุ่ม ไม่สามารถเสริม สกิลวาล์, สกิลแชนเนล, สกิลเดินทาง, สกิลโต้กลับ หรือ สกิลที่ถูกทริกเกอร์ ได้","輔助近戰攻擊技能，使用時技能重複三次，每次隨機瞄準敵人。不能輔助瓦爾、引導施放、快行、復仇和觸發技能。","","","","","","","","","","","[13,7,51,9,16]",14493,5
787,"SupportAwakenedAddedColdDamage","","","","","","","","","","",10660,"","","","Supports any skill that hits enemies.","Modifie les aptitudes qui touchent les ennemis.","Unterstützt Fertigkeiten, die Treffer bei Gegnern verursachen.","敵にヒットを与えるスキルをサポートする。","적을 명중하는 모든 스킬에 적용됩니다.","Suporta qualquer habilidade que acerte inimigos.","Усиливает любое умение, наносящее удары по врагам.","Asiste cualquier habilidad que golpee enemigos.","ใช้เสริมสกิลที่ปะทะศัตรู","輔助任何可擊中敵人的技能。","","","","","","","","","","","[1,51,10,16]",14494,5
788,"SupportAwakenedArrowNova","","","","","","","","","","",10661,"","","","Supports bow attack skills that fire arrows forwards as projectiles. These skills will instead fire a payload arrow into the air to land at a targeted location. The supported skills' arrows will then fire out in a circle from where it lands. Cannot support skills that already fire arrows into the air, channelled skills, or skills that create Minions.","Modifie les Aptitudes d'Attaque à l'arc qui tirent des flèches face à vous, sous forme de Projectiles. Les Aptitudes modifiées tirent désormais une seule Flèche à déflagration dans les airs qui atterrit à l'emplacement ciblé. À l'impact, tire dans toutes les directions toutes les flèches censées être normalement tirées par l'Aptitude modifiée. Ne peut modifier les Aptitudes qui tirent des flèches dans les airs, les Aptitudes canalisées ou les Aptitudes de Créatures.","Unterstützt Bogen-Angriffsfertigkeiten, die Pfeile als Projektile abfeuern. Diese Fertigkeiten feuern stattdessen eine Sprengladung in die Luft, die an einer Zielposition landet. Die Pfeile der unterstützten Fertigkeit werden dann von dieser Position aus in einem Kreis abgefeuert. Kann keine Fertigkeiten unterstützen, die Kreaturen erzeugen, kanalisiert werden oder die bereits Pfeile in die Luft feuern.","投射物として前方に矢を放つ弓アタックスキルをサポートする。サポートされたスキルは代わりに、対象地点に着弾する矢の弾頭を空中に放つ。サポートされたスキルの矢は、着弾地点から放射状に放たれる。空中に矢を放つスキル、チャネリングスキル、ミニオンを生成するスキルはサポートできない。","전방으로 화살 투사체를 발사하는 활 공격 스킬에 적용됩니다. 기존 투사체 대신 탄두 화살을 허공으로 발사한 뒤 대상 지점에 떨어뜨리는 스킬입니다. 지면에 떨어지면 해당 지점에서 원형으로 보조 대상 스킬의 화살이 발사됩니다. 허공으로 화살을 발사해버리는 스킬이나 집중 유지 스킬, 소환수 생성 스킬에는 적용되지 않습니다.","Suporta habilidades de ataque com arco que disparam flechas adiante como projéteis. Estas habilidades vão disparar, ao invés, um carregamento de flechas no ar para caírem em um local alvo. As flechas das habilidades suportadas serão então disparadas em um círculo a partir de onde caírem. Não pode suportar habilidades que já disparam flechas no ar, habilidades canalizadas ou habilidades que criam Lacaios.","Усиливает умения атак лука, которые в качестве снарядов выпускают вперёд стрелы. Эти умения теперь будут выпускать заряженную стрелу в воздух, которая приземлится в указанной точке. Затем стрелы усиленных умений будут выпущены из этой точки кольцом. Не может усиливать умения, которые уже выпускают стрелы в воздух, поддерживаемые умения или умения, создающие приспешников.","Asiste habilidades de ataque de arco que disparan flechas hacia delante como proyectiles. En lugar de eso, estas habilidades disparan una flecha cargada al aire que aterriza en una ubicación objetivo. Y desde esta ubicación objetivo, las flechas de la habilidad asistida salen disparadas en forma de círculo. No puede asistir habilidades que ya disparen flechas al aire, habilidades de canalización ni habilidades que creen esbirros.","ใช้เสริม สกิลโจมตีธนู ที่ยิงศรเป็นโพรเจกไทล์ออกไปข้างหน้า ทำให้ยิงศรบรรทุกขึ้นไปบนฟ้าแทน เมื่อตกถึงตำแหน่งเป้าหมายจะยิงศรจาก สกิลที่เสริม ออกไปเป็นวงรอบทิศทาง ไม่สามารถเสริมสกิลที่ยิงธนูขึ้นฟ้า, สกิลแชนเนล หรือสกิลที่สร้าง มิเนียน ได้","輔助往前發射箭矢投射物的弓攻擊技能。此技能將會改為發射裝載彈藥的箭矢至空中並落地於指定位置。被輔助技能的投射物將會從箭矢落地點以新星形式發射。不能輔助朝空中發射箭矢的技能或製造召換物的技能。","","","","","","","","","","","[6,13,51,10,16,5]",14495,5
789,"SupportAwakenedCastOnCriticalStrike","","","","","","","","","","",10662,"",10663,"","Must support both an attack skill and a spell skill to work. The attack skill will trigger a spell when it critically strikes an enemy. Cannot support totems, traps, or mines. Vaal skills, channelling skills, and skills with a reservation cannot be triggered.","Doit modifier deux aptitudes pour pouvoir fonctionner : une attaque et un sort. L'attaque déclenche le sort lorsqu'elle inflige un coup critique à un ennemi. Ne peut pas modifier les totems, les pièges ou les mines. Les aptitudes vaal, les aptitudes canalisées et les aptitudes à réservation ne peuvent pas être déclenchées.","Muss gleichzeitig mit einer Angriffs- und einer Zauberfertigkeit verbunden sein. Die Angriffsfertigkeit löst den Zauber aus, wenn ein Gegner durch sie einen kritischen Treffer erleidet. Kann keine Totem-, Fallen- oder Minenfertigkeiten unterstützen. Vaal-, Kanalisierungsfertigkeiten und Fertigkeiten mit Reservierungskosten, können nicht ausgelöst werden.","アタックスキルと、スペルスキルの両方をサポートしなければならない。アタックスキルが敵にクリティカルヒットした際に、スペルスキルをトリガーする。トーテム、トラップおよびマインはサポートできない。ヴァ―ルスキル、チャネリングスキルおよびリザーブするスキルはトリガーされない。","공격 스킬과 주문 스킬이 함께 연결되어 있어야 작동합니다. 공격 스킬이 치명타로 명중하면 연결된 주문 스킬이 발동합니다. 토템, 덫, 지뢰 스킬에는 적용되지 않으며 바알 스킬, 집중 유지 스킬, 점유가 있는 스킬은 발동되지 않습니다.","Precisa suportar tanto uma habilidade de ataque quanto uma magia para funcionar. A habilidade de ataque ativará a magia quando causar um golpe crítico em um inimigo. Não pode suportar totens, armadilhas ou minas. Habilidades Vaal, canalizadas e habilidades com reserva não podem ser ativadas.","Должен одновременно усиливать умение атаки и чары. Умение вызовет срабатывание чар при нанесении критического удара врагу. Нельзя усилить тотемы, ловушки и мины. Невозможно вызвать срабатывание умений ваал, поддерживаемых умений и умений с удержанием.","Para funcionar debe asistir tanto a una habilidad de ataque como a una habilidad de hechizo. La habilidad de ataque activará un hechizo cuando inflija un golpe crítico a un enemigo. No puede asistir tótems, trampas ni minas. Las habilidades vaal, las habilidades de canalización y las habilidades con reserva no se pueden activar.","ต้องใช้เสริม สกิลโจมตีและสกิลเวท พร้อมกันเท่านั้นจึงจะทำงาน เมื่อสกิลโจมตีคริติคอล มันจะทริกเกอร์เวทเหล่านั้น ไม่สามารถเสริม โทเทม, กับดัก หรือ ทุ่นระเบิด ได้ สกิลวาล์, สกิลแชนเนล, สกิลที่มีค่าสำรอง ไม่สามารถถูกทริกเกอร์ได้","一定要同時輔助攻擊技能和法術技能。當攻擊技能暴擊敵人時會觸發法術技能。不能輔助圖騰、陷阱和地雷技能。瓦爾技能、引導時施放技能和保留技能無法被觸發。","","","","","","","","","","","[47,51,10,16,4,26]",14496,5
790,"SupportAwakenedChain","","","","","","","","","","",10664,"","","","Supports projectile skills, and any other skills that chain.","Modifie les aptitudes à projectiles ainsi que toutes les aptitudes qui ricochent.","Unterstützt Projektilfertigkeiten und alle anderen Fertigkeiten, die verketten.","投射物スキルおよび連鎖するスキルをサポートする。","투사체 스킬과 모든 연쇄 스킬에 적용됩니다.","Suporta habilidades de projétil e qualquer outra habilidade que ricocheteie.","Усиливает умения снарядов и любые другие умения, действующие по цепи.","Asiste habilidades de proyectil y cualquier otra habilidad que se encadene.","ใช้เสริม สกิลโพรเจกไทล์ และสกิลอื่นๆ ที่สามารถ ชิ่ง ได้","輔助投射物技能和其他可連鎖技能。","","","","","","","","","","","[51,10,16,18,5]",14497,5
791,"SupportAwakenedColdPenetration","","","","","","","","","","",10665,"","","","Supports any skill that hits enemies, making those hits penetrate enemy cold resistance.","Modifie toutes les aptitudes qui touchent les ennemis, leur octroyant de la pénétration de résistance au froid.","Unterstützt Fertigkeiten, die Treffer bei Gegnern verursachen. Diese Treffer durchdringen den Kältewiderstand des Gegners.","敵にヒットするスキルをサポートし、ヒットが敵の冷気耐性を貫通するようになる。","적을 명중하는 모든 스킬에 적용됩니다. 적의 냉기 저항을 관통합니다.","Suporta qualquer habilidade que acerte inimigos, fazendo com que seus acertos penetrem a resistência a gelo inimiga.","Усиливает любое умение, наносящее удары по врагам. Удары этим умением пробивают вражеское сопротивление холоду.","Asiste cualquier habilidad que golpee enemigos para que esos golpes penetren la resistencia al hielo del enemigo.","ใช้เสริมสกิลที่ปะทะศัตรู ทำให้การปะทะเจาะต้านทาน น้ำแข็ง ของศัตรู","輔助任何可擊中敵人的技能，擊中穿透敵人冰冷抗性。","","","","","","","","","","","[1,51,10,16]",14498,5
792,"SupportAwakenedDeadlyAilments","","","","","","","","","","",10666,"","","","Supports any skill that hits enemies.","Modifie les aptitudes qui touchent les ennemis.","Unterstützt Fertigkeiten, die Treffer bei Gegnern verursachen.","敵にヒットを与えるスキルをサポートする。","적을 명중하는 모든 스킬에 적용됩니다.","Suporta qualquer habilidade que acerte inimigos.","Усиливает любое умение, наносящее удары по врагам.","Asiste cualquier habilidad que golpee enemigos.","ใช้เสริมสกิลที่ปะทะศัตรู","輔助任何可擊中敵人的技能。","","","","","","","","","","","[51,10,16]",14499,5
793,"SupportAwakenedFork","","","","","","","","","","",10667,"","","","Supports projectile skills, making their projectiles fork into two projectiles the first two times they hit an enemy and don't pierce it.","Modifie les aptitudes à projectiles, permettant à leurs projectiles de se scinder en deux autres projectiles les deux premières fois qu'ils touchent un ennemi sans le transpercer.","Unterstützt Projektilfertigkeiten. Diese Projektile spalten sich in zwei Projektile auf, sobald sie die ersten beide Male einen Gegner treffen, den sie nicht durchbohren.","投射物スキルをサポートし、その投射物が敵に当たった際に貫通しなかった最初の2回で2個の投射物に分岐させる。","투사체 스킬에 적용됩니다. 처음 두 개의 투사체가 대상을 명중 후 관통하지 않을 경우 투사체가 둘로 갈라집니다.","Suporta habilidades de projétil, fazendo com que seus projéteis se difundam em dois projéteis nas primeiras duas vezes que acertarem um inimigo e não o atravessar.","Усиливает умения снарядов. Снаряды два раза разветвляются на два при попадании в первого и второго врага, которых они не пронзили.","Asiste habilidades de proyectil y hace que los proyectiles se bifurquen en dos las dos primeras veces que golpeen a un enemigo y no lo perforen.","ใช้เสริม สกิลโพรเจกไทล์ ทำให้โพรเจกไทล์ แบ่งตัว เป็น 2 ลูกในสองครั้งแรกที่มันปะทะศัตรูโดยไม่ เจาะทะลุ","輔助投射物技能，在投射物前兩次擊中敵人時，使投射物分裂成兩個，且不會穿透。","","","","","","","","","","","[51,10,16,5]",14500,5
794,"SupportAwakenedGreaterMultipleProjectiles","","","","","","","","","","",10668,"","","","Supports projectile skills.","Modifie les aptitudes à projectiles","Unterstützt Projektilfertigkeiten.","投射物スキルをサポートする。","투사체 스킬에 적용됩니다.","Suporta habilidades de projétil.","Усиливает умения снарядов.","Asiste habilidades de proyectiles.","ใช้เสริม สกิลโพรเจกไทล์","輔助投射物技能。","","","","","","","","","","","[51,10,16,5]",14501,5
795,"SupportAwakenedSwiftAffliction","","","","","","","","","","",10669,"","","","Supports any skill that has a duration, or can hit enemies to inflict ailments on them.","Modifie toutes les aptitudes qui ont une durée, ou qui sont en mesure de toucher les ennemis pour leur infliger des altérations.","Unterstützt Fertigkeiten mit Wirkungsdauer, oder kann Gegner treffen, um bei diesen Beeinträchtigungen zu verursachen.","持続時間を持つスキルまたは敵にヒットした際に状態異常を付与するスキルをサポートする。","지속시간이 있는 스킬 또는 명중 시 상태 이상을 유발하는 스킬에 적용됩니다.","Suporta qualquer habilidade que tenha uma duração ou possa acertar inimigos para infligir afecções neles.","Усиливает любое умение с временем действия или умение, накладывающее состояния ударами.","Asiste cualquier habilidad que tenga una duración o que pueda golpear a los enemigos para aplicarles estados alterados.","ใช้เสริมสกิลมีระยะเวลา หรือสกิลที่ปะทะศัตรูเพื่อสร้าง สถานะเจ็บป่วย ได้","輔助任何有期間的技能，或可以擊中敵人造成異常狀態。","","","","","","","","","","","[51,10,16,15]",14502,5
796,"SupportAwakenedVoidManipulation","","","","","","","","","","",10670,"","","","Supports any skill that deals damage.","Modifie toutes les aptitudes qui infligent des dégâts.","Unterstützt Fertigkeiten, die Schaden verursachen.","ダメージを与えるスキルをサポートする。","피해를 주는 모든 스킬에 적용됩니다.","Suporta qualquer habilidade que cause dano.","Усиливает любое умение, наносящее урон.","Asiste cualquier habilidad que inflija daño.","ใช้เสริมสกิลที่สร้างความเสียหายได้","輔助任何可造成傷害的技能。","","","","","","","","","","","[3,51,10,16]",14503,5
797,"SupportAwakenedViciousProjectiles","","","","","","","","","","",10671,"","","","Supports projectile attack skills.","Modifie les aptitudes d'attaque à projectiles.","Unterstützt Projektil-Angriffsfertigkeiten.","投射物アタックスキルをサポートする。","투사체 공격 스킬에 적용됩니다.","Suporta habilidades de ataque com projéteis.","Усиливает умения снарядов.","Asiste habilidades de ataque de proyectiles.","ใช้เสริม สกิลโจมตีโพรเจกไทล์","輔助投射物攻擊技能。","","","","","","","","","","","[5,13,33,3,51,10,16]",14504,5
798,"SupportAwakenedAddedChaosDamage","","","","","","","","","","",10672,"","","","Supports any skill that hits enemies.","Modifie les aptitudes qui touchent les ennemis.","Unterstützt Fertigkeiten, die Treffer bei Gegnern verursachen.","敵にヒットを与えるスキルをサポートする。","적을 명중하는 모든 스킬에 적용됩니다.","Suporta qualquer habilidade que acerte inimigos.","Усиливает любое умение, наносящее удары по врагам.","Asiste cualquier habilidad que golpee enemigos.","ใช้เสริมสกิลที่ปะทะศัตรู","輔助任何可擊中敵人的技能。","","","","","","","","","","","[3,51,11,16]",14505,5
799,"SupportAwakenedAddedLightningDamage","","","","","","","","","","",10673,"","","","Supports any skill that hits enemies.","Modifie les aptitudes qui touchent les ennemis.","Unterstützt Fertigkeiten, die Treffer bei Gegnern verursachen.","敵にヒットを与えるスキルをサポートする。","적을 명중하는 모든 스킬에 적용됩니다.","Suporta qualquer habilidade que acerte inimigos.","Усиливает любое умение, наносящее удары по врагам.","Asiste cualquier habilidad que golpee enemigos.","ใช้เสริมสกิลที่ปะทะศัตรู","輔助任何可擊中敵人的技能。","","","","","","","","","","","[2,51,11,16]",14506,5
800,"SupportAwakenedBlasphemy","","","","","","","","","","",10674,"","","","Supports hex curse skills, turning them into auras that will apply their effect to all enemies in an area around you.","Modifie les aptitudes de malédiction qui sont des calamités en les transformant en auras qui appliquent leurs effets à tous les ennemis dans une zone autour de vous.","Unterstützt Verhexungs-Fluchfertigkeiten und wandelt diese in eine Aura um, die ihren Effekt auf Gegner im Umkreis anwenden.","呪術スキルをサポートし、使用者の周囲の範囲内すべての敵に影響を与えるオーラに変化させる。","사술 저주 스킬에 적용됩니다. 저주 스킬을 오라로 바꾸어 플레이어 주변의 모든 적에게 영향을 줍니다.","Suporta habilidades de feitiço-maldição, transformando-as em auras que aplicarão seu efeito em todos os inimigos em uma área ao seu redor.","Усиливает умения проклятий порчи, превращая их в ауры, которые действуют на врагов вокруг вас.","Asiste habilidades de maldición que sean maleficios y las transforma en auras que aplicarán su efecto a todos los enemigos que estén en un área a tu alrededor.","ใช้เสริม สกิลคำสาปสะกด ทำให้สกิลกลายเป็นออร่าที่ส่งผลต่อศัตรูที่อยู่ในพื้นที่รอบตัวคุณ","輔助咒術技能。使它們變成光環並作用於你附近的敵人。","","","","","","","","","","","[51,11,16,42,12]",14507,5
801,"SupportAwakenedCastWhileChannelling","","","","","","","","","","",10675,"",10676,"","Must support both a channelling skill and a non-channelling spell skill to work. The channelling skill will trigger a spell periodically while channelling. Cannot support skills used by totems, traps, or mines. Vaal skills and skills with a reservation cannot be triggered.","Doit modifier à la fois une aptitude canalisée et une aptitude qui est un sort non canalisé pour pouvoir fonctionner. L'aptitude canalisée déclenche les sorts reliés de façon périodique pendant la durée de canalisation. Ne peut modifier les totems, pièges ou mines. Les aptitudes vaal et à réservation ne peuvent pas être déclenchées.","Muss gleichzeitig mit einer Kanalisierungsfertigkeit und einer nicht kanalisierenden Zauberfertigkeit verbunden sein. Die Kanalisierungsfertigkeit löst den verbundenen Zauber in regelmäßigen Abständen aus. Kann keine Totem-, Fallen- oder Minenfertigkeiten unterstützen. Vaal-Fertigkeiten und Fertigkeiten, mit Reservierungskosten, können nicht ausgelöst werden.","チャネリングスキルと、チャネリングしないスペルスキルを両方サポートしなければならない。チャネリングスキルは、チャネリング中にスペルを定期的に発動する。トーテム、トラップおよびマインで使用されるスキルはサポートできない。ヴァ―ルスキルおよびリザーブするスキルはトリガーできない。","집중 유지 스킬과 비-집중 유지 주문 스킬이 함께 연결되어 있어야 작동합니다. 집중 유지 스킬이 주기적으로 주문을 발동합니다. 토템, 덫, 지뢰 스킬에는 적용되지 않으며 바알 스킬과 점유가 있는 스킬은 발동되지 않습니다.","Precisa suportar tanto uma habilidade canalizada quanto uma habilidade mágica não canalizada para funcionar. A habilidade canalizada ativará a magia periodicamente enquanto canalizando. Não pode suportar habilidades usadas por totens, armadilhas ou minas. Habilidades Vaal e habilidades com uma reserva não podem ser ativadas.","Должен одновременно усиливать поддерживаемое умение и не поддерживаемые чары. Поддерживаемое умение периодически будет вызывать срабатывание чар. Не может усиливать умения, используемые тотемами, ловушками и минами. Невозможно вызвать срабатывание умений ваал, поддерживаемых умений и умений с удержанием.","Para funcionar debe asistir tanto a una habilidad de canalización como a una habilidad que no sea de canalización. La habilidad de canalización activará periódicamente un hechizo mientras la canalizas. No puede asistir habilidades usadas por tótems, trampas ni minas. Las habilidades vaal y las habilidades con reserva no se pueden activar.","ต้องใช้เสริม สกิลแชนเนล และ เวท ที่ไม่แชนเนลพร้อมกันเท่านั้นจึงจะทำงาน โดยสกิลที่แชนเนลอยู่จะคอยทริกเกอร์สกิลเวทให้เองเป็นระยะ ไม่สามารถเสริมสกิลที่ใช้โดย โทเทม, กับดัก หรือ ทุ่นระเบิด ได้ สกิลวาล์และสกิลที่มีค่าสำรอง ไม่สามารถถูกทริกเกอร์ได้","一定要同時輔助引導施放和非引導施放技能。引導施放技能在引導時會定期觸發法術技能。不能輔助圖騰、陷阱和地雷技能。瓦爾技能、引導時施放技能和保留技能無法被觸發。","","","","","","","","","","","[51,11,16,30,4,26]",14508,5
802,"SupportAwakenedControlledDestruction","","","","","","","","","","",10677,"","","","Supports attack skills, or spell skills that deal damage.","Modifie les aptitudes d'attaque ou les aptitudes de sorts qui infligent des dégâts.","Unterstützt Angriffs- oder Zauberfertigkeiten, die Schaden verursachen.","ダメージを与えるアタックスキルまたはスペルスキルをサポートする。","공격 스킬 또는 피해를 주는 주문 스킬에 적용됩니다.","Suporta habilidades de ataque, ou habilidades mágicas que causem dano.","Усиливает любое умение атак или чары, наносящие урон.","Asiste habilidades de ataque o habilidades de hechizo que inflijan daño.","ใช้เสริม สกิลโจมตี หรือ สกิลเวทที่สร้างความเสียหายได้","輔助造成傷害的攻擊和法術技能。","","","","","","","","","","","[4,47,51,11,16]",14509,5
803,"SupportAwakenedHextouch","","","","","","","","","","",10678,"",10679,"","Must support both a skill that hits enemies, and a hex curse skill to work. The hex will be applied when enemies are hit by the other skill. Cannot support totems, traps, or mines. Minions cannot apply hexes this way.","Doit modifier à la fois une aptitude qui touche les ennemis et une malédiction qui est une calamité pour pouvoir fonctionner. La calamité est appliquée au toucher par l'autre aptitude modifiée. Ne peut pas modifier les totems, les pièges ou les mines. Les créatures ne peuvent appliquer des malédictions de cette façon.","Muss mit einer Fertigkeit, die Gegner trifft, und gleichzeitig mit einer Verhexungs-Fluchfertigkeit verbunden sein. Die Verhexung wird angewendet, wenn Gegner von anderen Fertigkeit getroffen werden. Kann keine Totem-, Fallen- oder Minenfertigkeiten unterstützen. Kreaturen können auf diese Weise keine Verhexung anwenden.","敵にヒットするスキルと、呪術スキルの両方をサポートしなければならない。もう片方のスキルが敵にヒットした際に、呪術が付与される。トーテム、トラップ、マインで使用されるスキルはサポートできない。ミニオンはこの方法で呪術を付与することはできない。","적을 명중하는 스킬과 사술 저주 스킬이 함께 연결되어 있어야 작동합니다. 사술이 적용되려면 연결된 다른 스킬이 적을 명중해야 합니다. 토템, 덫, 지뢰 스킬에는 사용할 수 없습니다. 또한 소환수도 이 방법으로 사술을 적용할 수 없습니다.","Precisa suportar tanto uma habilidade que acerte inimigos quanto um feitiço para funcionar. O feitiço será aplicado quando inimigos forem acertados por outras habilidades. Não pode suportar totens, armadilhas ou minas. Lacaios não podem aplicar feitiços desta forma.","Должен одновременно усиливать умение, наносящее удары врагам, и умение проклятия порчи. Умение будет накладывать порчу при нанесении удара. Нельзя усилить тотемы, ловушки и мины. Приспешники не могут накладывать порчи таким образом.","Para funcionar debe asistir tanto a una habilidad que golpee enemigos como a una habilidad de maldición de maleficio. El maleficio se aplicará cuando los enemigos sean golpeados por la otra habilidad. No puede asistir tótems, trampas ni minas. Los esbirros no pueden aplicar maleficios de esta manera.","ต้องใช้เสริมสกิลที่ปะทะศัตรูและ สกิลคำสาปสะกด พร้อมกันเท่านั้นจึงจะทำงาน โดยสกิลปะทะจะสาปศัตรูที่ถูกปะทะด้วยคำสาปที่เสริมไว้ ไม่สามารถเสริม โทเทม, กับดัก หรือ ทุ่นระเบิด ได้ มิเนียนไม่สามารถสาปด้วยวิธีนี้ได้","一定要同時輔助可擊中敵人的技能和咒術技能。技能擊中時會施放咒術。不能輔助圖騰、陷阱和地雷技能。","","","","","","","","","","","[51,11,16,42,26]",14510,5
804,"SupportAwakenedElementalFocus","","","","","","","","","","",10680,"","","","Supports any skill that hits or burns enemies, or inflicts elemental ailments.","Modifie toutes les aptitudes qui touchent ou brûlent les ennemis, ou appliquent des altérations élémentaires.","Unterstützt Fertigkeiten, die Treffer verursachen, Gegner verbrennen oder elementare Beeinträchtigungen verursachen.","ヒットするスキル、敵を燃やすスキルまたは元素異常を付与するスキルをサポートする。","적을 공격하거나 화상 또는 원소 상태 이상을 유발하는 모든 스킬에 적용됩니다.","Suporta qualquer habilidade que acerte, incendeie ou inflija afecções elementais.","Усиливает любое умение, наносящее удары или урон от горения врагам или накладывающее стихийные состояния.","Asiste cualquier habilidad que golpee o incendie a los enemigos, o que aplique estados alterados elementales.","ใช้เสริมสกิลที่ปะทะศัตรู หรือสกิลที่สร้างสถานะ ติดไฟ ต่อศัตรูได้ หรือสกิลที่สร้าง สถานะเจ็บป่วยธาตุ ได้","輔助任何可擊中或燃燒敵人，或造成元素異常狀態的技能。","","","","","","","","","","","[51,11,16]",14511,5
805,"SupportAwakenedIncreasedAreaofEffect","","","","","","","","","","",10681,"","","","Supports any skill with an area of effect.","Modifie toutes les aptitudes avec une zone d'effet.","Unterstützt Wirkungsbereichsfertigkeiten.","効果範囲を持つスキルをサポートする。","효과 범위를 갖는 모든 스킬에 적용됩니다.","Suporta qualquer habilidade com uma área de efeito.","Усиливает любое умение с областью действия.","Asiste cualquier habilidad que tenga un área de efecto.","ใช้เสริมสกิลที่มีพื้นที่ส่งผล","輔助任何範圍效果的技能。","","","","","","","","","","","[51,11,16,14]",14512,5
806,"SupportAwakenedLightningPenetration","","","","","","","","","","",10682,"","","","Supports any skill that hits enemies, making those hits penetrate enemy lightning resistance.","Modifie toutes les aptitudes qui touchent les ennemis en leur octroyant de la pénétration de résistance à la foudre.","Unterstützt Fertigkeiten, die Treffer bei Gegnern verursachen. Diese Treffer durchdringen den Blitzwiderstand des Gegners.","敵にヒットするスキルをサポートし、ヒットが敵の雷耐性を貫通するようになる。","적을 명중하는 모든 스킬에 적용됩니다. 적의 번개 저항을 관통합니다.","Suporta qualquer habilidade que acerte inimigos, fazendo com que seus acertos penetrem a resistência a raio inimiga.","Усиливает любое умение, наносящее удары по врагам. Удары этим умением пробивают вражеское сопротивление молнии.","Asiste cualquier habilidad que golpee enemigos para que esos golpes penetren la resistencia al rayo de los enemigos.","ใช้เสริมสกิลที่ปะทะศัตรู ทำให้การปะทะเจาะต้านทาน สายฟ้า ของศัตรู","輔助任何可擊中敵人的技能，擊中穿透敵人閃電抗性。","","","","","","","","","","","[2,51,11,16]",14513,5
807,"SupportAwakenedMinionDamage","","","","","","","","","","",10683,"","","","Supports skills which create Minions.","Modifie les aptitudes qui génèrent des créatures.","Unterstützt Fertigkeiten, die Kreaturen erzeugen.","ミニオンを作り出すスキルをサポートする。","소환수를 생성하는 스킬에 적용됩니다.","Suporta qualquer habilidade que crie Lacaios.","Усиливает умения, создающие приспешников.","Asiste habilidades que crean esbirros.","ใช้เสริมสกิลที่สร้าง มิเนียน","輔助製造召喚物的技能。","","","","","","","","","","","[51,11,16,8]",14514,5
808,"SupportAwakenedSpellCascade","","","","","","","","","","",10684,"","","","Supports spell skills that apply an effect to an area around a targeted location. Cannot support Vaal skills or skills used by totems, traps, or mines. Cannot modify the skills of minions.","Modifie les aptitudes de sort ayant un effet qui s'applique dans une zone autour de l'emplacement ciblé. Ne peut modifier les aptitudes vaal ni les aptitudes utilisées par les totems, pièges ou mines. Ne peut pas modifier les aptitudes des créatures.","Unterstützt Zauberfertigkeiten, die einen Effekt auf einen Bereich um einen Zielort anwenden. Kann keine Vaal-, Totem-, Fallen- oder Minenfertigkeiten unterstützen. Kann die Fertigkeiten von Kreaturen nicht modifizieren.","対象となる地点に効果範囲を生成するスペルスキルをサポートする。ヴァールスキルまたはトーテム、トラップ、マインで使用されるスキルはサポートできない。ミニオンのスキルには影響しない。","대상 지점 주변의 범위 내에 영향을 주는 주문 스킬에 적용됩니다. 바알 스킬 또는 토템, 덫, 지뢰 스킬에는 적용되지 않습니다. 소환수가 사용하는 스킬에도 적용되지 않습니다.","Suporta habilidades mágicas que aplicam um efeito em uma área ao redor do local alvo. Não pode suportar habilidades Vaal ou habilidades usadas por totens, armadilhas ou minas. Não pode modificar habilidades de lacaios.","Усиливает умения чар, которые накладывают эффект на область вокруг указанного места. Не может усиливать умения ваал и умения, используемые тотемами, ловушками и минами. Не усиливает умения приспешников.","Asiste habilidades de hechizo que aplican un efecto en un área alrededor de la ubicación objetivo. No puede asistir habilidades vaal ni habilidades usadas por tótems, trampas o minas. No puede modificar las habilidades de los esbirros.","ใช้เสริม สกิลเวท ที่สร้างผลในพื้นที่รอบๆ ตำแหน่งเป้าหมาย ไม่สามารถเสริม สกิลวาล์ หรือสกิลที่ใช้โดย โทเทม, กับดัก หรือ ทุ่นระเบิด ได้ ไม่สามารถแก้ไขสกิลที่มิเนียนใช้ได้","輔助能對目標附近區域的法術技能。不能輔助瓦爾、召喚物、圖騰、陷阱或地雷技能。無法調整召喚物的技能。","","","","","","","","","","","[14,4,51,11,16]",14515,5
809,"SupportAwakenedSpellEcho","","","","","","","","","","",10685,"","","","Supports spell skills, making them repeat when cast. Cannot support Vaal skills, totem skills, channelling skills, triggered skills, instant skills, retaliation skills, blink skills, or skills with a reservation.","Modifie les aptitudes de sort, les faisant se répéter lors de leur incantation. Ne peut pas modifier les aptitudes vaal, de totem, de canalisation, déclenchées, instantanées, de riposte, de transfert, ni les aptitudes ayant une réservation.","Unterstützt Zauberfertigkeiten, die sich beim Zaubern wiederholen. Kann keine Vaal-, Totem-, Kanalisierungs-, Gegenschlag-, auslösbare oder sofort gewirkte Fertigkeiten oder Fertigkeiten mit Reservierungskosten unterstützen.","スペルスキルをサポートし、キャストした際にスキルが繰り返される。ヴァ―ルスキル、トーテムスキル、チャネリングスキル、トリガーされるスキル、即時発動スキル、報復スキル、ブリンクスキルおよびリザーブするスキルはサポートされない。","주문 스킬에 적용되며, 시전 시 스킬이 반복됩니다. 바알 스킬, 토템 스킬, 집중 유지 스킬, 발동형 스킬, 즉시 시전 스킬, 보복 스킬, 점멸 스킬, 점유가 있는 스킬에는 적용되지 않습니다","Suporta habilidades mágicas, fazendo com que se repitam quando conjuradas. Não pode suportar habilidades Vaal, totens, canalizadas, ativadas, instantâneas, de retaliação, de teleporte ou habilidades com uma reserva.","Усиливает чары. При сотворении чары повторяются несколько раз. Нельзя усилить умения ваал, умения тотемов, поддерживаемые умения, срабатывающие умения, мгновенные умения, умения смещения, умения ответного удара и умения с удержанием.","Asiste habilidades de hechizo para que se repitan cuando las lanzas. No puede asistir habilidades vaal, de tótem, de canalización, de activación, instantáneas, de represalia, de traslación ni habilidades que tengan reserva.","ใช้เสริม สกิลเวท ทำให้เกิดซ้ำเมื่อร่าย ไม่สามารถเสริม สกิลวาล์, สกิลโทเทม, สกิลแชนเนล, สกิลที่ถูกทริกเกอร์, สกิลที่ส่งผลทันที, สกิลโต้กลับ, สกิลก้าวพริบตา หรือ สกิลที่มีค่าสำรอง ได้","輔助法術技能，使它們施放時重複施放第二次。不能輔助瓦爾技能、圖騰技能、引導施放技能、觸發技能、立即技能、復仇技能、閃現技能或保留技能。","","","","","","","","","","","[4,51,11,16]",14516,5
810,"SupportAwakenedUnboundAilments","","","","","","","","","","",10686,"","","","Supports any skill that hits enemies or inflicts ailments","Modifie toutes les aptitudes qui touchent les ennemis ou infligent des altérations.","Unterstützt Fertigkeiten, die Treffer bei Gegnern oder Beeinträchtigungen verursachen.","敵にヒットするスキルまたは元素状態異常を引き起こすスキルをサポートする。","적을 명중하거나 상태 이상을 유발하는 모든 스킬에 적용됩니다.","Suporta qualquer habilidade que acerte inimigos ou inflija afecções.","Усиливает любое умение, наносящее удары по врагам или накладывающее состояния.","Asiste cualquier habilidad que golpee enemigos o que aplique estados alterados.","ใช้เสริมสกิลที่ปะทะศัตรู หรือสกิลที่สามารถสร้าง สถานะเจ็บป่วย ได้","輔助任何可擊中敵人或造成異常狀態的技能。","","","","","","","","","","","[51,11,16]",14517,5
811,"SupportAwakenedUnleash","","","","","","","","","","",10687,"","","","Supports spell skills, making their effect reoccur when cast. Cannot support skills with cooldowns, triggered skills, Brand skills, Vaal skills, channelling skills, skills with a reservation, or skills used by totems, traps, or mines. Cannot modify the skills of minions.","Modifie les aptitudes de sort, faisant se reproduire leurs effets lors de leur incantation. Ne peut pas modifier les aptitudes qui ont un temps de recharge, déclenchées, de symbole, vaal, de canalisation, ayant une réservation, ni les aptitudes utilisées par les totems, pièges ou mines. Ne peut modifier les aptitudes des créatures.","Unterstützt Zauberfertigkeiten und bewirkt, dass die Zaubereffekte erneut auftreten, wenn sie gewirkt werden. Kann keine Vaal-, Zeichen-, Totem-, Fallen-, Minen-, Kanalisierungs-, auslösbare oder Fertigkeiten mit Reservierungskosten unterstützen oder Fertigkeiten, die über eine Abklingzeit verfügen. Kann die Fertigkeiten von Kreaturen nicht modifizieren.","スペルスキルをサポートし、キャスト時にその効果を再び起こす。クールダウンを持つスキル、トリガーされるスキル、ブランドスキル、ヴァールスキル、チャネリングスキル、リザーブするスキルまたはトーテム、トラップ、マインで使用されるスキルはサポートできない。ミニオンのスキルには影響しない。","주문 스킬에 적용됩니다. 시전 시 스킬 효과가 반복됩니다. 재사용 대기시간이 있는 스킬, 발동형 스킬, 낙인 스킬, 바알 스킬, 집중 유지 스킬, 점유가 있는 스킬에는 적용되지 않습니다. 또한 토템, 덫, 지뢰 스킬이나 소환수가 사용하는 스킬에도 적용되지 않습니다.","Suporta habilidades mágicas, fazendo com que seu efeito ocorra novamente quando conjuradas. Não pode suportar habilidades com recargas, habilidades ativadas, Runas, Vaal, canalizadas, habilidades com reserva ou habilidades usadas por totens, armadilhas ou minas. Não pode modificar as habilidades de lacaios.","Усиливает чары, заставляя их эффект повторяться при сотворении. Не усиливает умения со временем восстановления, срабатывающие умения, клейма, умения ваал, поддерживаемые умения, умения с удержанием или умения, используемые тотемами, ловушками и минами. Не усиливает умения приспешников.","Asiste habilidades de hechizo para que su efecto vuelva a ocurrir cuando se lanza. No puede asistir habilidades que tengan tiempo de recarga, habilidades de activación, vaal, de canalización o de marcas, habilidades con reserva ni habilidades usadas por tótems, trampas o minas. No puede modificar las habilidades de los esbirros.","ใช้เสริม สกิลเวท ทำให้ผลของมันเกิดขึ้นซ้ำเมื่อร่าย ไม่สามารถเสริมสกิลที่มีคูลดาวน์, สกิลที่ถูกทริกเกอร์, สกิลตราเวท, สกิลวาล์, สกิลแชนเนล, สกิลที่มีค่าสำรอง หรือสกิลที่ใช้โดย โทเทม, กับดัก หรือ ทุ่นระเบิด ได้ ไม่สามารถแก้ไขสกิลที่มิเนียนใช้ได้","輔助法術技能，當施放時使它們的效果再次觸發。無法輔助有冷卻時間的技能、觸發型技能、瓦爾技能、鬥旗技能、引導施放技能、有保留的技能或被圖騰、陷阱或地雷使用的技能。不能調整召喚物的技能。","","","","","","","","","","","[4,51,11,16]",14518,5
812,"SupportAwakenedEmpower","","","","","","","","","","",2712,"","","","Supports any skill gem. Once this gem reaches level 2 or above, will raise the level of supported gems. Cannot support skills that don't come from gems.","Modifie toutes les gemmes d'aptitudes. Lorsque cette gemme atteint le niveau 2 ou le dépasse, elle augmente le niveau des gemmes qu'elle modifie. Ne peut pas modifier une aptitude qui ne provient pas d'une gemme.","Unterstützt alle Fertigkeiten. Sobald diese Gemme Stufe 2 oder höher erreicht, erhöht sie die Stufe der unterstützten Gemmen. Kann keine Fertigkeiten unterstützen, die nicht von Gemmen stammen.","スキルジェムをサポートする。このジェムがレベル2以上になると、サポートされたジェムのレベルを上げる。ジェム由来ではないスキルはサポートされない。","모든 스킬 젬에 적용됩니다. 이 젬이 2레벨 이상이면 보조 대상 스킬 젬의 레벨을 올려줍니다. 젬과 관련되지 않은 스킬에는 적용되지 않습니다.","Suporta qualquer gema de habilidade. Uma vez que a gema atinja nível 2 ou acima, ela erguerá o nível das gemas suportadas. Não pode suportar habilidades que não venham de gemas.","Усиливает любой камень умения. Начиная со 2 уровня будет увеличивать уровень усиленных камней. Не может усиливать умения, полученные не от камней.","Asiste cualquier gema de habilidad. Cuando esta gema alcanza el nivel 2 o más, aumenta el nivel de las gemas asistidas. No puede asistir habilidades que no provengan de gemas.","ใช้เสริมหินสกิลทุกชนิด เมื่อหินนี้มีเลเวล 2 ขึ้นไป มันจะเพิ่มเลเวลของหินที่เสริม ไม่สามารถเสริมสกิลที่ไม่ได้มาจากหินได้","輔助任何技能寶石。當此寶石到達 2 等以上，會讓輔助的寶石有額外的等級。不能輔助來自非寶石的技能。","","","","","","","","","","","[29,48,51,9,16]",14519,5
813,"SupportAwakenedEnlighten","","","","","","","","","","",3216,"","","","Supports any skill gem. Once this gem reaches level 2 or above, will apply a cost & reservation multiplier to supported gems. Cannot support skills that don't come from gems.","Modifie toutes les gemmes d'aptitudes. Lorsque cette gemme atteint le niveau 2 ou le dépasse, elle applique un multiplicateur de coût et de réservation aux gemmes qu'elle modifie. Ne peut modifier une aptitude qui ne provient pas d'une gemme.","Unterstützt alle Fertigkeitengemmen. Sobald diese Gemme Stufe 2 oder höher erreicht, wird auf unterstützte Gemmen ein Manamultiplikator angewendet. Kann keine Fertigkeiten unterstützen, die nicht von Gemmen stammen.","スキルジェムをサポートする。このジェムがレベル2以上になると、サポートされたスキルにコストおよびリザーブの乗数が適用される。ジェム由来ではないスキルはサポートされない。","모든 스킬 젬에 적용됩니다. 이 젬이 2레벨 이상이면 보조 대상 스킬 젬에 소모 및 점유 배율이 적용됩니다. 젬과 관련되지 않은 스킬은 적용되지 않습니다.","Suporta qualquer gema de habilidade. Assim que atingir nível 2 ou acima, aplicará um multiplicador de custo e reserva às gemas suportadas. Não pode suportar habilidades que não venham de gemas.","Усиливает любой камень умения. Начиная со 2 уровня добавляет усиленным умениям коэффициент расхода и удержания маны. Не может усиливать умения, полученные не от камней.","Asiste cualquier gema de habilidad. Cuando esta gema alcanza el nivel 2 o más, aplica un multiplicador de costo y reserva a las habilidades asistidas. No puede asistir habilidades que no provengan de gemas.","ใช้เสริมหินสกิลทุกชนิด เมื่อหินนี้มีเลเวล 2 ขึ้นไป มันจะปรับตัวคูณค่าใช้งานและค่าสำรองให้กับหินที่เสริม ไม่สามารถเสริมสกิลที่ไม่ได้มาจากหินได้","輔助任何技能寶石。當此寶石到達 2 等以上，會讓被輔助的寶石套用消耗和保留加成。不能輔助來自非寶石的技能。","","","","","","","","","","","[29,48,51,11,16]",14520,5
814,"SupportAwakenedEnhance","","","","","","","","","","",2978,"","","","Supports any skill gem. Once this gem reaches level 2 or above, will raise the quality of supported gems. Cannot support skills that don't come from gems.","Modifie toutes les gemmes d'aptitudes. Lorsque cette gemme atteint le niveau 2 ou le dépasse, elle augmente la qualité des gemmes qu'elle modifie. Ne peut modifier une aptitude qui ne provient pas d'une gemme.","Unterstützt alle Fertigkeitengemmen. Sobald diese Gemme Stufe 2 oder höher erreicht, erhöht sie die Qualität der unterstützten Gemmen. Kann keine Fertigkeiten unterstützen, die nicht von Gemmen stammen.","スキルジェムをサポートする。このジェムがレベル2以上になると、サポートされたジェムの品質を上げる。ジェム由来ではないスキルはサポートされない。","모든 스킬 젬에 적용됩니다. 이 젬이 2레벨 이상이면 보조 대상 스킬 젬의 퀄리티를 올려줍니다. 젬과 관련되지 않은 스킬에는 적용되지 않습니다.","Suporta qualquer gema de habilidade. Assim que atingir nível 2 ou acima, erguerá a qualidade das gemas suportadas. Não pode suportar habilidades que não venham de gemas.","Усиливает любой камень умения. Начиная со 2 уровня будет увеличивать качество усиленных камней. Не может усиливать умения, полученные не от камней.","Asiste cualquier gema de habilidad. Cuando esta gema alcanza el nivel 2 o más, aumenta la calidad de las gemas asistidas. No puede asistir habilidades que no provengan de gemas.","ใช้เสริมหินสกิลทุกชนิด เมื่อหินนี้มีเลเวล 2 ขึ้นไป มันจะเพิ่มค่าคุณภาพของหินที่เสริม ไม่สามารถเสริมสกิลที่ไม่ได้มาจากหินได้","輔助任何技能寶石。當此寶石到達 2 等以上，會讓輔助的寶石有額外的品質。不能輔助來自非寶石的技能。","","","","","","","","","","","[29,48,51,10,16]",14521,5
815,"ArcaneCloak","","","","","","","","","","",10755,"","","","","","","","","","","","","","","","","","","","","","","","[11,25,4,15,34,2,46]","",5
816,"ProjectilePortal","","","","","","","","","","",10756,"","","","","","","","","","","","","","","","","","","","","","","","[10,25,4,15]","",5
817,"StormBind","","","","","","","","","","",10757,"",10760,"","","","","","","","","","","","","","","","","","","","","","[11,25,4,14,30,2,15,46]","",5
818,"StormBindAltX","Stormbind of Teleportation","Rune de l'orage de la Téléportation","Sturmrune der Teleportation","瞬間移動のストームバインド","순간이동의 폭풍 연대","Vínculo Tempestuoso do Teleporte","Грозовые руны переноса","Rito de tormenta de teletransporte","อักขระสายฟ้าแห่งการเทเลพอร์ต (Stormbind of Teleportation)","風暴術符．傳送",10758,"",10761,"","","","","","","","","","","","","","","","","","","","","","[11,25,4,14,30,2,15,46,22,35,37]","",1
819,"StormBindAltY","[DNT] StormBindAltY","[DNT] StormBindAltY","[DNT] StormBindAltY","[DNT] StormBindAltY","[DNT] StormBindAltY","[DNT] StormBindAltY","[DNT] StormBindAltY","[DNT] StormBindAltY","[DNT] StormBindAltY","[DNT] StormBindAltY",10759,"",10760,"","","","","","","","","","","","","","","","","","","","","","[11,25,4,14,30,2,15,46]","",2
820,"KineticBolt","","","","","","","","","","",10763,"","","","","","","","","","","","","","","","","","","","","","","","[11,25,13,5]","",5
821,"KineticBoltAltX","Kinetic Bolt of Fragmentation","Éclair cinétique de la Fragmentation","Kinetisches Geschoss der Aufteilung","断片化のキネティックボルト","파쇄의 역학 투사체","Tiro Cinético da Fragmentação","Дробящий кинетический заряд","Descarga cinética de fragmentación","ลูกพลังจลนศาสตร์แห่งการแบ่งส่วน (Kinetic Bolt of Fragmentation)","力量穿引．碎片",10764,"","","","","","","","","","","","","","","","","","","","","","","","[11,25,13,5]","",1
822,"KineticBoltAltY","[DNT] KineticBoltAltY","[DNT] KineticBoltAltY","[DNT] KineticBoltAltY","[DNT] KineticBoltAltY","[DNT] KineticBoltAltY","[DNT] KineticBoltAltY","[DNT] KineticBoltAltY","[DNT] KineticBoltAltY","[DNT] KineticBoltAltY","[DNT] KineticBoltAltY",10765,"","","","","","","","","","","","","","","","","","","","","","","","[11,25,13,5]","",2
823,"BladeBlast","","","","","","","","","","",10766,"","","","","","","","","","","","","","","","","","","","","","","","[10,25,4,14,33]","",5
824,"BladeBlastAltX","Blade Blast of Unloading","Explosion de lames du Déchargement","Klingenexplosion der Entfesselung","一斉爆破のブレードブラスト","난사의 칼날 폭격","Explosão de Lâminas do Descarrego","Взрыв клинков разрядки","Explosión de filos de descarga","ระเบิดมีดแห่งการปลดปล่อย (Blade Blast of Unloading)","劍刃爆破．卸載",10767,"","","","","","","","","","","","","","","","","","","","","","","","[10,25,4,14,33,38]","",1
825,"BladeBlastAltY","Blade Blast of Dagger Detonation","Explosion de lames de la Détonation de Dagues","Klingenexplosion der Dolchexplosion","短剣起爆のブレードブラスト","단검 폭파의 칼날 폭격","Explosão de Lâminas da Detonação da Adaga","Взрыв клинков кинжалов","Explosión de filos de detonación de dagas","ระเบิดมีดแห่งการจุดชนวนมีด (Blade Blast of Dagger Detonation)","劍刃爆破．匕首爆炸",10768,"","","","","","","","","","","","","","","","","","","","","","","","[10,25,4,14,33,38]","",2
826,"BloodWhirl","","","","","","","","","","",10770,"","","","","","","","","","","","","","","","","","","","","","","","[10,25,13,14,7,22,30,33]","",5
827,"Spellslinger","","","","","","","","","","",10772,"",10771,"","Supports spell skills that have no reservation. Cannot support skills used by totems, traps or mines. Cannot modify the skills of minions.","Modifie les sorts qui n'ont pas de réservation. Ne peut pas modifier les aptitudes déclenchées ou les aptitudes utilisées par les créatures, totems, pièges ou mines.","Unterstützt Zauberfertigkeiten, die kein Mana reservieren. Kann keine Totem-, Fallen- oder Minenfertigkeiten unterstützen. Kann die Fertigkeiten von Kreaturen nicht modifizieren.","リザーブを持たないスペルスキルをサポートする。トーテム、トラップおよびマインで使用されるスキルはサポートできない。ミニオンのスキルには影響しない。","점유가 없는 주문 스킬에 적용됩니다. 토템, 덫, 지뢰 스킬에는 적용되지 않습니다. 소환수가 사용하는 스킬도 적용되지 않습니다.","Suporta habilidades mágicas que não tenham reserva. Não pode suportar habilidades usadas por totens, armadilhas ou minas. Não pode modificar as habilidades de lacaios.","Усиливает умения чар, не удерживающие ресурсы. Не усиливает умения, используемые тотемами, ловушками и минами. Не усиливает умения приспешников.","Asiste habilidades de hechizo que no tengan una reserva. No puede asistir habilidades usadas por tótems, trampas ni minas. No puede modificar las habilidades de los esbirros.","ใช้เสริมสกิลเวทที่ไม่มีค่าสำรอง ไม่สามารถเสริมสกิลที่ใช้งานจาก โทเทม, กับดัก หรือ ทุ่นระเบิด ได้ ไม่สามารถแก้ไขสกิลที่มิเนียนใช้ได้","輔助沒有保留的法術技能。不能輔助被圖騰、陷阱或地雷使用的技能。無法影響召喚物技能。","Spellslinger Support","Soutien : Projection de sortilèges","Unterstützung: Zauberschwinger","スペルスリンガーサポート","주문투척 보조","Suporte: Feiticeiro","Поддержка: Чароплёт","Asistencia de Lanzahechizos","หินเสริม Spellslinger","法術回音輔助","[26,11,25,4]","",5
828,"SupportArchmage","","","","","","","","","","",10773,"","","","Supports spell skills that deal damage with hits and have no reservation. Cannot support arcane skills, Brand skills, Orb skills, Vaal skills, or skills used by totems, traps or mines. Cannot modify the skills of minions.","Modifie les sorts qui infligent des dégâts au toucher et qui n'ont pas de réservation. Ne peut pas modifier les aptitudes d'arcane, de symbole, d'orbe, vaal, ou les aptitudes utilisées par les créatures, totems, pièges ou mines.","Unterstützt Zauberfertigkeiten, die Schaden mit Treffern verursachen und keine Reservierung haben. Kann keine Arkan-, Zeichen-, Sphären-, Vaal-, auslösbaren, Totem-, Fallen- oder Minenfertigkeiten unterstützen. Kann die Fertigkeiten von Kreaturen nicht modifizieren.","敵にヒットしダメージを与えリザーブを持たないスペルスキルをサポートする。アーケインスキル、ブランドスキル、オーブスキル、ヴァールスキルおよびトーテム、トラップ、マインで使用されるスキルはサポートできない。ミニオンのスキルには影響しない。","명중 시 피해를 주고 점유가 없는 주문 스킬에 적용됩니다. 비전 스킬, 낙인 스킬, 보주 스킬, 바알 스킬 또는 토템, 덫, 지뢰가 사용하는 스킬에는 적용되지 않습니다. 소환수가 사용하는 스킬에도 적용되지 않습니다.","Suporta habilidades mágicas que causem dano com acertos e não tenham reserva. Não pode suportar habilidades arcanas, habilidades Rúnicas, habilidades de Orbe, Vaal ou habilidades usadas por totens, armdilhas ou minas. Não pode modificar as habilidades de lacaios.","Усиливает умения чар, наносящие урон от ударов и не удерживающие ресурсы. Не усиливает колдовские умения, клейма, сферы, умения ваал или умения, используемые тотемами, ловушками и минами. Не усиливает умения приспешников.","Asiste habilidades de hechizo que infligen daño con golpes y no tienen reserva. No puede asistir habilidades arcanas, habilidades de marcas, habilidades de orbes, habilidades vaal ni habilidades usadas por tótems, trampas o minas. No puede modificar las habilidades de los esbirros.","ใช้เสริม สกิลเวท ที่สร้างความเสียหายด้วยการปะทะและไม่มีค่าสำรอง ไม่สามารถเสริม สกิลอาคม, สกิลตราเวท, สกิลลูกแก้ว, สกิลวาล์ หรือสกิลที่ใช้โดย โทเทม, กับดัก หรือ ทุ่นระเบิด ได้ ไม่สามารถแก้ไขสกิลที่มิเนียนใช้ได้","輔助可造成擊中傷害和沒有保留的法術技能。不能輔助秘能技能、烙印技能、球體技能、瓦爾技能，或被圖騰、陷阱或地雷使用的技能。無法調整召喚物的技能。","","","","","","","","","","","[2,46,11,16,4]",14523,5
829,"SupportSecondWind","","","","","","","","","","",10933,"","","","Supports skills with cooldowns.\nCannot support triggered skills.","Modifie les aptitudes qui ont un Temps de recharge.\nNe peut pas modifier les aptitudes déclenchées.","Unterstützt Fertigkeiten mit Abklingzeiten.\nKann keine auslösbaren Fertigkeiten unterstützen.","クールダウンを持つスキルをサポートする。\nトリガーされるスキルはサポートできない。","재사용 대기시간을 가진 스킬에 적용됩니다.\n발동형 스킬에는 적용되지 않습니다.","Suporta habilidades com recargas.\nNão pode suportar habilidades ativadas.","Усиливает умения со временем восстановления.\nНельзя усилить срабатывающие умения.","Asiste hechizos que tengan tiempos de recarga.\nNo puede asistir habilidades de activación.","ใช้เสริมสกิลที่มีคูลดาวน์\nไม่สามารถเสริมสกิลที่ถูกทริกเกอร์ได้","輔助有冷卻時間的技能。\n不能輔助觸發型技能。","","","","","","","","","","","[10,16]",14522,5
830,"BrandSupport","","","","","","","","","","",11011,"",11010,"","Supports spell skills that have no reservation. Cannot support skills used by totems, traps or mines. Cannot modify the skills of minions.","Modifie les aptitudes qui sont des sorts et qui n'ont pas de réservation. Ne peut pas modifier les aptitudes utilisées par les totems, les pièges ou les mines. Ne peut pas modifier les aptitudes des créatures.","Unterstützt Zauberfertigkeiten, die kein Mana reservieren. Kann keine Totem-, Fallen- oder Minenfertigkeiten unterstützen. Kann die Fertigkeiten von Kreaturen nicht modifizieren.","リザーブを持たないスペルスキルをサポートする。トーテム、トラップおよびマインで使用されるスキルはサポートできない。ミニオンのスキルには影響しない。","점유가 없는 주문 스킬에 적용됩니다. 토템, 덫, 지뢰 스킬에는 적용되지 않습니다. 소환수가 사용하는 스킬도 적용되지 않습니다.","Suporta habilidades mágicas que não tenham reserva. Não pode suportar habilidades usadas por totens, armadilhas ou minas. Não pode modificar as habilidades de lacaios.","Усиливает умения чар, не удерживающие ресурсы. Не усиливает умения, используемые тотемами, ловушками и минами. Не усиливает умения приспешников.","Asiste habilidades de hechizo que no tengan reserva. No puede asistir habilidades usadas por tótems, trampas ni minas. No puede modificar las habilidades de los esbirros.","ใช้เสริมสกิลเวทที่ไม่มีค่าสำรอง ไม่สามารถเสริมสกิลที่ใช้งานจาก โทเทม, กับดัก หรือ ทุ่นระเบิด ได้ ไม่สามารถแก้ไขสกิลที่มิเนียนใช้ได้","輔助沒有保留的法術技能。不能輔助被圖騰、陷阱或地雷使用的技能。無法影響召喚物技能。","Arcanist Brand Support","Soutien : Symbole de l'Arcaniste","Unterstützung: Zeichen des Arkanisten","アルカニストブランドサポート","신비학자 낙인 보조","Suporte: Runa do Arcanista","Поддержка: Клеймо чаротворца","Asistencia de Marca del arcanista","หินเสริม Arcanist Brand","奧術烙印輔助","[26,11,25,4,15,32]","",5
831,"IntimidatingCry","","","","","","","","","","",9174,"","","","","","","","","","","","","","","","","","","","","","","","[27,9,25,14,15,33]","",5
832,"SeismicCry","","","","","","","","","","",11013,"","","","","","","","","","","","","","","","","","","","","","","","[27,9,25,14,15]","",5
833,"AncestralCry","","","","","","","","","","",11014,"","","","","","","","","","","","","","","","","","","","","","","","[27,9,25,14,15]","",5
834,"PenanceBrand","","","","","","","","","","",11016,"","","","","","","","","","","","","","","","","","","","","","","","[11,25,4,14,33,2,15,32]","",5
835,"PenanceBrandAltX","Penance Brand of Dissipation","Symbole de pénitence de la Dissipation","Zeichen der Buße der Auflösung","放散のぺナンスブランド","소실의 속죄의 낙인","Runa da Penitência da Dissipação","Рассеивающее клеймо покаяния","Marca de penitencia de disipación","ตราเวทผู้บำเพ็ญแห่งการสลายตัว (Penance Brand of Dissipation)","贖罪烙印．消散",11017,"","","","","","","","","","","","","","","","","","","","","","","","[11,25,4,14,33,2,15,32]","",1
836,"PenanceBrandAltY","Penance Brand of Conduction","Symbole de pénitence de la Conduction","Zeichen der Buße der Leitung","伝導のペナンスブランド","전도의 속죄의 낙인","Runa da Penitência da Condução","Клеймо покаяния проводимости","Marca de penitencia de conductividad","ตราเวทผู้บำเพ็ญแห่งการนำไฟฟ้า (Penance Brand of Conduction)","贖罪烙印．傳導",11018,"","","","","","","","","","","","","","","","","","","","","","","","[11,25,4,14,33,2,15,32]","",2
837,"WintertideBrand","","","","","","","","","","",11019,"","","","","","","","","","","","","","","","","","","","","","","","[11,25,4,14,1,15,32]","",5
838,"WintertideBrandAltX","[DNT] WintertideBrandAltX","[DNT] WintertideBrandAltX","[DNT] WintertideBrandAltX","[DNT] WintertideBrandAltX","[DNT] WintertideBrandAltX","[DNT] WintertideBrandAltX","[DNT] WintertideBrandAltX","[DNT] WintertideBrandAltX","[DNT] WintertideBrandAltX","[DNT] WintertideBrandAltX",11020,"","","","","","","","","","","","","","","","","","","","","","","","[11,25,4,14,1,15,32]","",1
839,"WintertideBrandAltY","[DNT] WintertideBrandAltY","[DNT] WintertideBrandAltY","[DNT] WintertideBrandAltY","[DNT] WintertideBrandAltY","[DNT] WintertideBrandAltY","[DNT] WintertideBrandAltY","[DNT] WintertideBrandAltY","[DNT] WintertideBrandAltY","[DNT] WintertideBrandAltY","[DNT] WintertideBrandAltY",11021,"","","","","","","","","","","","","","","","","","","","","","","","[11,25,4,14,1,15,32]","",2
840,"Earthshatter","","","","","","","","","","",11022,"","","","","","","","","","","","","","","","","","","","","","","","[9,25,13,14,7,40,15]","",5
841,"EarthshatterAltX","Earthshatter of Fragility","Pieux telluriques de la Fragilité","Erdspalter der Zerbrechlichkeit","脆弱のアースシャッター","허약의 지면 분쇄","Destroçador da Fragilidade","Разлом земли хрупкости","Foco sísmico de fragilidad","พสุธาสะบั้นแห่งความบอบบาง (Earthshatter of Fragility)","碎地重擊．易碎",11023,"","","","","","","","","","","","","","","","","","","","","","","","[9,25,13,14,7,40,15]","",1
842,"EarthshatterAltY","Earthshatter of Prominence","Pieux telluriques de la Proéminence","Erdspalter des Vorsprungs","突出のアースシャッター","출중의 지면 분쇄","Destroçador da Proeminência","Разлом земли влияния","Foco sísmico de prominencia","พสุธาสะบั้นแห่งความเด่นชัด (Earthshatter of Prominence)","碎地重擊．卓越",11024,"","","","","","","","","","","","","","","","","","","","","","","","[9,25,13,14,7,40,15]","",2
843,"GeneralsCry","","","","","","","","","","",11025,"",11028,"","Supports melee attack skills. Those skills will be used by Mirage Warriors summoned by General's Cry. Supported skills cannot be supported by Multistrike.","Modifie les aptitudes d'attaque de mêlée. Ces aptitudes seront alors utilisées par les Guerriers mirages invoqués par Cri du Général. Ces aptitudes ne peuvent pas être modifiées par Multifrappe.","Unterstützt Nahkampf-Angriffsfertigkeiten. Diese Fertigkeiten werden von Illusionskriegern benutzt, die durch Schrei des Generals beschwört werden. Unterstützte Fertigkeiten können nicht durch Mehrfachschlag unterstützt werden.","近接アタックスキルをサポートする。サポートされたスキルはジェネラルズクライにより召喚されたミラージュウォーリアーにより使用される。サポートされたスキルはマルチストライクでサポートできない。","근접 공격 스킬을 보조합니다. 해당 스킬은 장군의 함성으로 소환된 신기루 전사가 사용합니다. 보조 대상 스킬이 연속타격의 보조는 받을 수 없습니다.","Suporta habilidades de ataque corpo a corpo. Tais habilidades serão usadas por Guerreiros Ilusórios convocados pelo Clamor do General. Habilidades suportadas não podem ser suportadas por Ataques Múltiplos.","Усиливает умения атак ближнего боя. Эти умения используются призрачными воинами, поднятыми Кличем полководца. Усиливаемые умения нельзя усилить Градом ударов.","Asiste habilidades de ataque cuerpo a cuerpo. Estas habilidades las usarán los Guerreros ilusorios invocados por Grito del general. Las habilidades asistidas no pueden estar asistidas por Golpes múltiples.","ใช้เสริม สกิลโจมตีประชิด ทำให้สกิลเหล่านี้ถูกใช้งานโดยนักรบเงาที่อัญเชิญจาก คำรามแม่ทัพ (General's Cry) สกิลที่เสริม ไม่สามารถถูกเสริมด้วย Multistrike ได้","輔助近戰攻擊技能。這些技能會被將軍戰吼召喚的幻影戰士使用。被輔助技能不能被多重打擊輔助。","General's Cry Support","Soutien : Cri du Général","Unterstützung: Schrei des Generals","ジェネラルズクライサポート","장군의 함성 보조","Suporte: Clamor do General","Поддержка: Клич полководца","Asistencia de Grito del general","หินเสริม General's Cry","將軍戰吼輔助","[27,9,25,14,15]","",5
844,"GeneralsCryAltX","[DNT] GeneralsCryAltX","[DNT] GeneralsCryAltX","[DNT] GeneralsCryAltX","[DNT] GeneralsCryAltX","[DNT] GeneralsCryAltX","[DNT] GeneralsCryAltX","[DNT] GeneralsCryAltX","[DNT] GeneralsCryAltX","[DNT] GeneralsCryAltX","[DNT] GeneralsCryAltX",11026,"",11028,"","Supports melee attack skills. Those skills will be used by Mirage Warriors summoned by General's Cry. Supported skills cannot be supported by Multistrike.","Modifie les aptitudes d'attaque de mêlée. Ces aptitudes seront alors utilisées par les Guerriers mirages invoqués par Cri du Général. Ces aptitudes ne peuvent pas être modifiées par Multifrappe.","Unterstützt Nahkampf-Angriffsfertigkeiten. Diese Fertigkeiten werden von Illusionskriegern benutzt, die durch Schrei des Generals beschwört werden. Unterstützte Fertigkeiten können nicht durch Mehrfachschlag unterstützt werden.","近接アタックスキルをサポートする。サポートされたスキルはジェネラルズクライにより召喚されたミラージュウォーリアーにより使用される。サポートされたスキルはマルチストライクでサポートできない。","근접 공격 스킬을 보조합니다. 해당 스킬은 장군의 함성으로 소환된 신기루 전사가 사용합니다. 보조 대상 스킬이 연속타격의 보조는 받을 수 없습니다.","Suporta habilidades de ataque corpo a corpo. Tais habilidades serão usadas por Guerreiros Ilusórios convocados pelo Clamor do General. Habilidades suportadas não podem ser suportadas por Ataques Múltiplos.","Усиливает умения атак ближнего боя. Эти умения используются призрачными воинами, поднятыми Кличем полководца. Усиливаемые умения нельзя усилить Градом ударов.","Asiste habilidades de ataque cuerpo a cuerpo. Estas habilidades las usarán los Guerreros ilusorios invocados por Grito del general. Las habilidades asistidas no pueden estar asistidas por Golpes múltiples.","ใช้เสริม สกิลโจมตีประชิด ทำให้สกิลเหล่านี้ถูกใช้งานโดยนักรบเงาที่อัญเชิญจาก คำรามแม่ทัพ (General's Cry) สกิลที่เสริม ไม่สามารถถูกเสริมด้วย Multistrike ได้","輔助近戰攻擊技能。這些技能會被將軍戰吼召喚的幻影戰士使用。被輔助技能不能被多重打擊輔助。","General's Cry Support","Soutien : Cri du Général","Unterstützung: Schrei des Generals","ジェネラルズクライサポート","장군의 함성 보조","Suporte: Clamor do General","Поддержка: Клич полководца","Asistencia de Grito del general","หินเสริม General's Cry","將軍戰吼輔助","[27,9,25,14,15]","",1
845,"GeneralsCryAltY","[DNT] GeneralsCryAltY","[DNT] GeneralsCryAltY","[DNT] GeneralsCryAltY","[DNT] GeneralsCryAltY","[DNT] GeneralsCryAltY","[DNT] GeneralsCryAltY","[DNT] GeneralsCryAltY","[DNT] GeneralsCryAltY","[DNT] GeneralsCryAltY","[DNT] GeneralsCryAltY",11027,"",11028,"","Supports melee attack skills. Those skills will be used by Mirage Warriors summoned by General's Cry. Supported skills cannot be supported by Multistrike.","Modifie les aptitudes d'attaque de mêlée. Ces aptitudes seront alors utilisées par les Guerriers mirages invoqués par Cri du Général. Ces aptitudes ne peuvent pas être modifiées par Multifrappe.","Unterstützt Nahkampf-Angriffsfertigkeiten. Diese Fertigkeiten werden von Illusionskriegern benutzt, die durch Schrei des Generals beschwört werden. Unterstützte Fertigkeiten können nicht durch Mehrfachschlag unterstützt werden.","近接アタックスキルをサポートする。サポートされたスキルはジェネラルズクライにより召喚されたミラージュウォーリアーにより使用される。サポートされたスキルはマルチストライクでサポートできない。","근접 공격 스킬을 보조합니다. 해당 스킬은 장군의 함성으로 소환된 신기루 전사가 사용합니다. 보조 대상 스킬이 연속타격의 보조는 받을 수 없습니다.","Suporta habilidades de ataque corpo a corpo. Tais habilidades serão usadas por Guerreiros Ilusórios convocados pelo Clamor do General. Habilidades suportadas não podem ser suportadas por Ataques Múltiplos.","Усиливает умения атак ближнего боя. Эти умения используются призрачными воинами, поднятыми Кличем полководца. Усиливаемые умения нельзя усилить Градом ударов.","Asiste habilidades de ataque cuerpo a cuerpo. Estas habilidades las usarán los Guerreros ilusorios invocados por Grito del general. Las habilidades asistidas no pueden estar asistidas por Golpes múltiples.","ใช้เสริม สกิลโจมตีประชิด ทำให้สกิลเหล่านี้ถูกใช้งานโดยนักรบเงาที่อัญเชิญจาก คำรามแม่ทัพ (General's Cry) สกิลที่เสริม ไม่สามารถถูกเสริมด้วย Multistrike ได้","輔助近戰攻擊技能。這些技能會被將軍戰吼召喚的幻影戰士使用。被輔助技能不能被多重打擊輔助。","General's Cry Support","Soutien : Cri du Général","Unterstützung: Schrei des Generals","ジェネラルズクライサポート","장군의 함성 보조","Suporte: Clamor do General","Поддержка: Клич полководца","Asistencia de Grito del general","หินเสริม General's Cry","將軍戰吼輔助","[27,9,25,14,15]","",2
846,"SupportFistofWar","","","","","","","","","","",11038,"","","","Supports slam skills, providing a powerful boost when they're used, with a delay before they can be boosted again. Cannot support Vaal skills or triggered skills. Cannot modify the skills of minions. Only skills you use yourself can receive the boost.","Modifie les aptitudes de fracas en leur donnant un effet puissant lors de leur utilisation. Cet effet disparaît ensuite pendant quelques temps avant d'être à nouveau disponible. Ne peut pas modifier les aptitudes vaal ou déclenchées. Ne peut pas modifier les aptitudes des créatures. Seules les aptitudes que vous utilisez vous-même peuvent recevoir cet effet.","Unterstützt Hieb-Fertigkeiten und gewährt bei deren Nutzung eine Verstärkung. Nach einer Verzögerung können diese erneut verstärkt werden. Kann keine Vaal- oder auslösbare Fertigkeiten unterstützen. Kann die Fertigkeiten von Kreaturen nicht modifizieren. Die Verstärkung erhalten nur Fertigkeiten, die Ihr selbst nutzt. ","スラムスキルをサポートし、スキル使用時に強力なブーストを行うが再度ブーストできるようになるまでに遅延が発生する。ヴァールスキルおよびトリガーされるスキルはサポートできない。ミニオンのスキルには影響しない。自身が使用したスキルのみブーストを得られる。","강타 스킬에 적용됩니다. 강타 스킬을 사용할 때 위력을 증폭하며, 다시 증폭되기 전에 지연시간이 있습니다. 바알 스킬 또는 발동형 스킬에는 적용되지 않습니다. 소환수가 사용하는 스킬도 적용되지 않습니다. 직접 사용하는 스킬만 증폭을 받습니다.","Suporta habilidades de pancada, concedendo um poderoso aumento de poder quando são usadas, com um tempo antes do aumento acontecer novamente. Não pode suportar habilidades Vaal ou ativadas. Não pode suportar as habilidades de lacaios. Somente habilidades que você usar manualmente podem receber o aumento.","Усиливает умения мощных ударов, периодически резко увеличивая эффект от их использования. Не усиливает умения ваал и срабатывающие умения. Не усиливает умения приспешников. Усиливающий эффект действует только на умения, используемые вами самостоятельно.","Asiste habilidades de embate y las potencia de forma poderosa cuando las usas. Tras usarlas, hay un tiempo de demora antes de que puedan ser potenciadas de nuevo. No puede asistir habilidades vaal ni habilidades de activación. No puede modificar las habilidades de los esbirros. Solo las habilidades que tú usas pueden recibir la potenciación.","ใช้เสริม สกิลทุบ เพื่อเพิ่มพลังให้กับมันอย่างมากเมื่อใช้งาน และมีระยะเวลาสั้นๆ ก่อนที่จะเพิ่มพลังได้อีกครั้ง ไม่สามารถเสริม สกิลวาล์หรือสกิลที่ถูกทริกเกอร์ ได้ ไม่สามารถแก้ไขสกิลที่มิเนียนใช้ได้ มีเพียงสกิลที่คุณใช้งานด้วยตนเองเท่านั้นที่จะได้รับการเพิ่มพลัง","輔助重擊技能，當使用時給予強大的加成，可再次加成前會有冷卻時間。不能輔助瓦爾技能或觸發型技能。不能調整召喚物的技能。只有你自己使用的技能可以獲得加成。","","","","","","","","","","","[40,13,7,14,9,16]",14525,5
847,"SupportSwiftbrand","","","","","","","","","","",11044,"","","","Supports skills which create brands.","Modifie les aptitudes qui créent des Symboles.","Unterstützt Fertigkeiten, die Zeichen erzeugen.","ブランドを生成するスキルをサポートする。","낙인 생성 스킬에 적용됩니다.","Suporta habilidades que criam runas.","Усиливает умения, создающие клейма.","Asiste habilidades que crean marcas.","ใช้เสริมสกิลที่สร้าง ตราเวท","輔助製造烙印的技能。","","","","","","","","","","","[32,11,16]",14526,5
848,"SupportUrgentOrders","","","","","","","","","","",11055,"","","","Supports warcry skills.","Modifie les aptitudes de cri de guerre.","Unterstützt Kriegsschrei-Fertigkeiten.","ウォークライスキルをサポートする。","함성 스킬에 적용됩니다.","Suporta habilidades de clamor.","Усиливает умения боевых кличей.","Asiste habilidades de gritos de guerra.","ใช้เสริม สกิลคำราม","輔助戰吼技能。","","","","","","","","","","","[27,9,16]",14524,5
849,"BlazingSalvo","","","","","","","","","","",11192,"","","","","","","","","","","","","","","","","","","","","","","","[11,25,4,14,0,5]","",5
850,"BlazingSalvoAltX","[DNT] Blazing Salvo of Wildfire","Salve embrasée de l'Incendie","Feurige Salve des Wildfeuers","野火のブレイジングサルヴォ","들불의 맹렬한 포격","Salva Ardente do Incêndio","[DNT] Blazing Salvo of Wildfire","Salva ardiente de fuego incontrolado","ลูกไฟกระหน่ำยิงแห่งไฟป่า (Blazing Salvo of WIldfire)","熾熱魔炮．野火",11193,"","","","","","","","","","","","","","","","","","","","","","","","[11,25,4,14,0,5]","",1
851,"BlazingSalvoAltY","[DNT] BlazingSalvoAltY","[DNT] BlazingSalvoAltY","[DNT] BlazingSalvoAltY","[DNT] BlazingSalvoAltY","[DNT] BlazingSalvoAltY","[DNT] BlazingSalvoAltY","[DNT] BlazingSalvoAltY","[DNT] BlazingSalvoAltY","[DNT] BlazingSalvoAltY","[DNT] BlazingSalvoAltY",11194,"","","","","","","","","","","","","","","","","","","","","","","","[11,25,4,14,0,5]","",2
852,"VoidSphere","","","","","","","","","","",11200,"","","","","","","","","","","","","","","","","","","","","","","","[11,25,4,14,15,33,3,44]","",5
853,"VoidSphereAltX","Void Sphere of Rending","Sphère du Néant du Déchirement","Sphäre der Leere des Zerreißens","引き裂きのヴォイドスフィア","분리의 공허 구체","Esfera do Vazio da Fenda","Сфера пустоты раздирания","Esfera de vacío de desgarro","หลุมต่างมิติแห่งการฉีกทึ้ง (Void Sphere of Rending)","虛無玉．分裂",11201,"","","","","","","","","","","","","","","","","","","","","","","","[11,25,4,14,15,33,3,44]","",1
854,"VoidSphereAltY","[DNT] VoidSphereAltY","[DNT] VoidSphereAltY","[DNT] VoidSphereAltY","[DNT] VoidSphereAltY","[DNT] VoidSphereAltY","[DNT] VoidSphereAltY","[DNT] VoidSphereAltY","[DNT] VoidSphereAltY","[DNT] VoidSphereAltY","[DNT] VoidSphereAltY",11202,"","","","","","","","","","","","","","","","","","","","","","","","[11,25,4,14,15,33,3,44]","",2
855,"CracklingLance","","","","","","","","","","",11205,"","","","","","","","","","","","","","","","","","","","","","","","[11,25,4,14,2]","",5
856,"CracklingLanceAltX","Crackling Lance of Branching","Épieu crépitant de la Ramification","Blitzlanze der Abzweigung","枝分かれのクラックリングランス","파생의 치직대는 창","Lança Crepitante da Ramificação","Искрящееся копьё ветвления","Lanza electrizante de ramificación","หอกสายฟ้าแห่งการแตกแขนง (Crackling Lance of Branching)","碎雷電閃．分支",11206,"","","","","","","","","","","","","","","","","","","","","","","","[11,25,4,14,2]","",1
857,"CracklingLanceAltY","Crackling Lance of Disintegration","Épieu crépitant de la Désintégration","Blitzlanze der Auslöschung","分解のクラックリングランス","분해의 치직대는 창","Lança Crepitante da Desintegração","Искрящееся копьё расщепления","Lanza electrizante de desintegración","หอกสายฟ้าแห่งการแหลกสลาย (Crackling Lance of Disintegration)","碎雷電閃．毀滅",11207,"","","","","","","","","","","","","","","","","","","","","","","","[11,25,4,14,2]","",2
858,"FrostShield","","","","","","","","","","",11210,"","","","","","","","","","","","","","","","","","","","","","","","[47,11,25,4,14,15,1]","",5
859,"SplittingSteel","","","","","","","","","","",11213,"","","","","","","","","","","","","","","","","","","","","","","","[10,25,13,5,14,33]","",5
860,"SplittingSteelAltX","Splitting Steel of Ammunition","Acier à fragmentation des Munitions","Zersplitternder Stahl der Munition","弾薬のスプリッティングスティール","탄약의 강철 분할","Aço Violento da Munição","Раскалывающая сталь боезапаса","Acero explosivo de munición","เหล็กกล้าแยกตัวแห่งยุทโธปกรณ์ (Splitting Steel of Ammuniation)","鋼之裂化．彈藥",11214,"","","","","","","","","","","","","","","","","","","","","","","","[10,25,13,5,14,33]","",1
861,"SplittingSteelAltY","[DNT] SplittingSteelAltY","[DNT] SplittingSteelAltY","[DNT] SplittingSteelAltY","[DNT] SplittingSteelAltY","[DNT] SplittingSteelAltY","[DNT] SplittingSteelAltY","[DNT] SplittingSteelAltY","[DNT] SplittingSteelAltY","[DNT] SplittingSteelAltY","[DNT] SplittingSteelAltY",11215,"","","","","","","","","","","","","","","","","","","","","","","","[10,25,13,5,14,33]","",2
862,"SigilOfPower","","","","","","","","","","",11218,"","","","","","","","","","","","","","","","","","","","","","","","[11,25,4,14,15,2,46]","",5
863,"FlameWall","","","","","","","","","","",11221,"","","","","","","","","","","","","","","","","","","","","","","","[11,25,4,14,15,0]","",5
864,"FlameWallAltX","[DNT] Flame Wall of Forking","[DNT] Flame Wall of Forking","[DNT] Flame Wall of Forking","分岐する投射物のフレイムフォール","갈래 투사체의 화염 벽","Parede Flamejante dos Projéteis Difundidos","[DNT] Flame Wall of Forking","Muro de fuego de proyectiles de bifurcación","กำแพงไฟแห่งกระสุนแบ่งตัว (Flame Wall of Forking Projectiles)","烈焰之牆．分裂投射",11222,"","","","","","","","","","","","","","","","","","","","","","","","[11,25,4,14,15,0]","",1
865,"FlameWallAltY","[DNT] Flame Wall of Surging","Mur de flammes du Déferlement","[DNT] Flame Wall of Surging","押し寄せのフレイムフォール","쇄도의 화염 벽","Parede Flamejante do Surto","[DNT] Flame Wall of Surging","Muro de fuego de surgimiento","กำแพงไฟแห่งความฉับพลัน (Flame Wall of Surging)","烈焰之牆．波動",11223,"","","","","","","","","","","","","","","","","","","","","","","","[11,25,4,14,15,0]","",2
866,"SupportImpendingDoom","","","","","","","","","","",11233,"",11235,"","Supports hex curse skills, causing them to trigger Doom Blast when the hex ends. Cannot support curse skills which are triggered or applied as an aura.","Modifie les aptitudes de malédiction qui sont des calamités, leur permettant ainsi de déclencher Explosion de fatalité lorsque la calamité arrive à terme. Ne peut pas modifier les aptitudes de malédiction qui sont déclenchées ou transformées en aura.","Unterstützt Verhexungs-Fertigkeiten, die 'Unheilvolle Explosion' auslösen, sobald die Verhexung ausläuft. Kann keine Verhexungen unterstützen, die ausgelöst oder als Aura angewendet werden.","呪術スキルをサポートし、呪術の効果終了時にドゥームブラストをトリガーする。トリガーされる呪いスキルおよびオーラ化した呪いスキルはサポートできない。","사술 저주 스킬에 적용됩니다. 사술이 만료될 때 멸망 폭발을 일으킵니다. 오라의 형태로 발동되거나 적용되는 저주 스킬에는 적용되지 않습니다.","Suporta habilidades de feitiço, fazendo com que ativem Explosão Destruidora quando o feitiço acabar. Não pode suportar habilidades de maldição que são ativadas ou aplicadas como aura.","Усиливает умения проклятий порчи. При удалении усиленной порчи срабатывает Роковой взрыв. Не усиливает срабатывающие порчи и порчи, накладываемые в качестве ауры.","Asiste habilidades de maldición que sean maleficios para que activen Explosión de perdición cuando el maleficio termina. No puede asistir habilidades de maldición que se activen o se apliquen como auras.","ใช้เสริม สกิลคำสาปสะกด ทำให้คำสาปเหล่านี้ทริกเกอร์ ระเบิดหายนะ เมื่อ สาปสะกด จบลง ไม่สามารถเสริม สกิลคำสาป ที่ถูกทริกเกอร์หรือ คำสาปที่ร่ายเป็นออร่า ได้","輔助咒術技能，當咒術結束時使這些技能觸發厄運枯萎。不能輔助被觸發或以光環施放的咒術。","","","","","","","","","","","[11,16,42,25,4,14,3,26]",14528,5
867,"Hexblast","","","","","","","","","","",11246,"","","","","","","","","","","","","","","","","","","","","","","","[11,25,4,14,3,42]","",5
868,"HexblastAltX","Hexblast of Contradiction","Explosion calamiteuse de la Contradiction","Explodierende Verhexung des Widerspruchs","矛盾のヘックスブラスト","상반의 사술폭발","Feitiço Explosivo da Contradição","Взрыв порчи противоречия","Explosión maléfica de contradicción","ระเบิดคำสาปแห่งความขัดแย้งกัน (Hexblast of Contradiction)","咒術枯萎．矛盾",11247,"","","","","","","","","","","","","","","","","","","","","","","","[11,25,4,14,3,42]","",1
869,"HexblastAltY","Hexblast of Havoc","Explosion calamiteuse de la Dévastation","Explodierende Verhexung der Verwüstung","破壊のヘックスブラスト","혼란의 사술폭발","Feitiço Explosivo da Devastação","Взрыв порчи разорения","Explosión maléfica de caos","ระเบิดคำสาปแห่งหายนะ (Hexblast of Havoc)","咒術枯萎．浩劫",11248,"","","","","","","","","","","","","","","","","","","","","","","","[11,25,4,14,3,42]","",2
870,"SupportPinpoint","","","","","","","","","","",11249,"","","","Supports projectile spells you cast yourself. Cannot support triggered skills, Vaal skills, instant skills, channelling skills, skills with a reservation or which create minions, or skills used by totems, traps, or mines.","Modifie les sorts à projectiles que vous lancez vous-même. Ne peut pas modifier les aptitudes déclenchées, vaal, instantanées ou canalisées, ni les aptitudes à réservation, qui créent des créatures ou qui sont utilisées par des totems, des pièges, ou des mines.","Unterstützt Projektilzauber, die Ihr selbst wirkt. Kann keine Vaal-, Totem-, Fallen-, Minen-, Kanalisierungs-, auslösbare, sofort gewirkte oder Fertigkeiten mit Reservierungskosten unterstützen oder Fertigkeiten, die Kreaturen erzeugen.","使用者自身でキャストする投射物スペルをサポートする。トリガーされるスキル、ヴァールスキル、即時発動スキル、チャネリングスキル、リザーブするスキル、ミニオンを生成するスキルおよびトーテム、トラップ、マインで使用されるスキルはサポートできない。","직접 시전하는 투사체 주문에 적용됩니다. 발동형 스킬, 바알 스킬, 즉시 시전 스킬, 집중 유지 스킬, 마나 점유 또는 소환수 생성 스킬에는 적용되지 않습니다. 또한 토템, 덫, 지뢰 스킬에도 적용되지 않습니다.","Suporta magias de projéteis que você conjurar. Não pode suportar habilidades ativadas, Vaal, instantâneas, canalizadas, habilidades com reserva ou que criam lacaios, ou habilidades usadas por totens, armadilhas ou minas.","Усиливает чары снарядов, которые вы сотворяете сами. Не усиливает срабатывающие умения, умения ваал, мгновенные умения, поддерживаемые умения, умения с удержанием или создающие приспешников, или умения, используемые тотемами, ловушками и минами.","Asiste hechizos de proyectiles que lanzas tú. No puede asistir habilidades de activación, habilidades vaal, habilidades instantáneas, habilidades de canalización, habilidades que tengan reserva o creen esbirros ni habilidades usadas por tótems, trampas o minas.","ใช้เสริม สกิลเวทโพรเจกไทล์ ที่คุณร่ายด้วยตนเอง ไม่สามารถเสริมสกิลที่ถูกทริกเกอร์, สกิลวาล์, สกิลที่ส่งผลทันที, สกิลแชนเนล, สกิลที่มีค่าสำรองหรือที่สร้างมิเนียนออกมา หรือสกิลที่ใช้โดย โทเทม, กับดัก หรือ ทุ่นระเบิด ได้","輔助你自己施放的投射型法術。不能輔助觸發型、瓦爾、立即施放、引導施放、保留的技能，或被圖騰、陷阱或地雷使用的技能。","","","","","","","","","","","[11,16,5,4]",24674,5
871,"OilArrow","","","","","","","","","","",11439,"","","","","","","","","","","","","","","","","","","","","","","","[10,25,13,5,14,15,0,6]","",5
872,"Hydrosphere","","","","","","","","","","",11440,"","","","","","","","","","","","","","","","","","","","","","","","[11,25,4,14,15,1,44,2,33]","",5
873,"HydrosphereAltX","[DNT] HydrosphereAltX","[DNT] HydrosphereAltX","[DNT] HydrosphereAltX","[DNT] HydrosphereAltX","[DNT] HydrosphereAltX","[DNT] HydrosphereAltX","[DNT] HydrosphereAltX","[DNT] HydrosphereAltX","[DNT] HydrosphereAltX","[DNT] HydrosphereAltX",11441,"","","","","","","","","","","","","","","","","","","","","","","","[11,25,4,14,15,1,44,2,33]","",1
874,"HydrosphereAltY","[DNT] HydrosphereAltY","[DNT] HydrosphereAltY","[DNT] HydrosphereAltY","[DNT] HydrosphereAltY","[DNT] HydrosphereAltY","[DNT] HydrosphereAltY","[DNT] HydrosphereAltY","[DNT] HydrosphereAltY","[DNT] HydrosphereAltY","[DNT] HydrosphereAltY",11442,"","","","","","","","","","","","","","","","","","","","","","","","[11,25,4,14,15,1,44,2,33]","",2
875,"SupportTrinity","","","","","","","","","","",11445,"","","","Supports skills that hit enemies, causing them to gain bonuses while you have resonance of all three elements, and to grant resonance of elements other than the highest one in a hit. There is a maximum of 50 Resonance for each Element. Cannot support triggered skills, instant skills, orb skills, brands, skills with a reservation, or skills used by totems, traps, or mines. Cannot modify the skills of minions.","Modifie les aptitudes qui touchent les ennemis. Ces aptitudes gagnent alors des bonus tant que vous avez de la Résonance avec les trois éléments. De plus, lorsque ces aptitudes touchent, vous obtenez de la Résonance avec les éléments dont les dégâts sont le moins élevé. Chaque élément peut aller jusqu'à 50 de Résonance. Ne peut pas modifier les aptitudes d'orbe, déclenchées, vaal, instantanées ou canalisées, ni les aptitudes à réservation, qui créent des créatures ou qui sont utilisées par des totems, des pièges, ou des mines.","Unterstützt Fertigkeiten, die Treffer bei Gegnern verursachen. Diese Fertigkeiten erhalten Boni, während Ihr über Resonanz von allen drei Elementen verfügt, und gewähren bei Treffer Resonanz von den Elementen, die nicht den höchsten Wert haben. Jedes Element ist bei 50 Resonanz gedeckelt. Kann keine Totem-, Fallen-, Minen-, Sphären-, Zeichen-, auslösbaren, sofort gewirkte oder Fertigkeiten mit Reservierungskosten unterstützen. Kann die Fertigkeiten von Kreaturen nicht modifizieren.","敵にヒットを与えるスキルをサポートする。3つすべての元素のレゾナンスを持っている間使用したスキルにボーナスを付与し、与えたヒットに含まれない元素のレゾナンスを付与する。各元素の最大レゾナンスは50。トリガーされるスキル、即時発動スキル、オーブスキル、ブランドスキル、リザーブするスキルおよびトーテム、トラップ、マインで使用されるスキルはサポートできない。ミニオンのスキルには影響しない。","적을 명중시키는 스킬에 적용되어, 세 원소의 공명이 모두 있는 동안 보너스를 부여하고, 명중 시에 가장 높은 원소를 제외한 다른 원소들에 공명을 부여합니다. 각 원소의 공명의 한도는 50입니다. 발동형 스킬, 즉시 시전 스킬, 보주 스킬, 낙인 스킬, 점유가 있는 스킬에는 적용되지 않습니다. 또한 토템, 덫, 지뢰 스킬이나 소환수가 사용하는 스킬에도 적용되지 않습니다.","Suporta habilidades que acertam inimigos, fazendo com que ganhem bônus enquanto você tiver ressonância de todos os três tipos de elementos, concedendo ressonância dos elementos diferentes do maior aplicado em um acerto. Há um máximo de 50 de ressonância para cada Elemento. Não pode suportar habilidades ativadas, instantâneas, de orbe, runas, habilidades com reserva ou habilidades usadas por totens, armadilhas ou minas. Não pode modificar habilidades de lacaios.","Усиливает умения, наносящие удары по врагам, повышая их эффективность, пока на вас действует Резонанс всех трёх стихий, и даруя Резонанс стихий, отличных от основной стихии удара. Максимум Резонанса каждой стихии равен 50. Не усиливает срабатывающие умения, мгновенные умения, умения сфер, клейма, умения с удержанием или умения, используемые тотемами, ловушками и минами. Не усиливает умения приспешников.","Asiste habilidades que golpeen enemigos y hace que ganen bonificaciones mientras tengas resonancia de los tres elementos. Además, otorga resonancia de los elementos a aquellos elementos que no sean el que más daño inflige en un golpe. Hay un máximo de 50 de resonancia para cada elemento. No puede asistir habilidades de activación, habilidades instantáneas, habilidades de orbe, de marcas, habilidades que tengan una reserva ni habilidades usadas por tótems, trampas o minas. No puede modificar las habilidades de los esbirros.","ใช้เสริมสกิลที่ปะทะศัตรู ทำให้สกิลนั้นได้รับโบนัสขณะที่คุณมี การสั่นพ้อง ของทั้งสามธาตุ และให้การสั่นพ้องของสองธาตุที่ไม่ได้มีความเสียหายมากที่สุดเมื่อปะทะ แต่ละธาตุมี การสั่นพ้อง ได้สูงสุด 50 ระดับ ไม่สามารถเสริม สกิลที่ถูกทริกเกอร์, สกิลที่ส่งผลทันที, สกิลลูกแก้ว, ตราเวท, สกิลที่มีค่าสำรอง หรือสกิลที่ใช้งานโดย โทเทม, กับดัก หรือ ทุ่นระเบิด ได้ ไม่สามารถแก้ไขสกิลที่มิเนียนใช้ได้","輔助可擊中敵人的技能，當你有全部三元素的共鳴給予他們加成，並在擊中時給予非最高共鳴的元素共鳴。每個元素最多有 50 共鳴。不能輔助觸發型技能、立即施放技能、球體技能、烙印、有保留的技能或被圖騰、陷阱或地雷使用的技能。無法調整召喚物的技能。","","","","","","","","","","","[11,16]",24826,5
876,"DeathAura","","","","","","","","","","",6685,"","","","","","","","","","","","","","","","","","","","","","","","[25,4,14,12,3,26]","",5
877,"Envy","","","","","","","","","","",6320,"","","","","","","","","","","","","","","","","","","","","","","","[11,25,4,14,12,3]","",5
878,"GluttonyOfElements","","","","","","","","","","",4941,"","","","","","","","","","","","","","","","","","","","","","","","[25,4,14,15,24,12]","",5
879,"BlindingAura","","","","","","","","","","",9241,"","","","","","","","","","","","","","","","","","","","","","","","[25,4,14,12,26]","",5
880,"Exsanguinate","","","","","","","","","","",11569,"","","","","","","","","","","","","","","","","","","","","","","","[9,25,4,18,33,15]","",5
881,"ExsanguinateAltX","Exsanguinate of Transmission","Exsanguination de la Transmission","Ausbluten der Übertragung","伝染のイグザングイネイト","전송의 방혈","Ensanguentar da Transmissão","Заражающее обескровливание","Desangrar de transmisión","โลหิตชอนไชแห่งการแพร่กระจาย (Exsanguinate of Transmission)","抽血．傳染",11570,"","","","","","","","","","","","","","","","","","","","","","","","[9,25,4,18,33,15]","",1
882,"ExsanguinateAltY","[DNT] ExsanguinateAltY","[DNT] ExsanguinateAltY","[DNT] ExsanguinateAltY","[DNT] ExsanguinateAltY","[DNT] ExsanguinateAltY","[DNT] ExsanguinateAltY","[DNT] ExsanguinateAltY","[DNT] ExsanguinateAltY","[DNT] ExsanguinateAltY","[DNT] ExsanguinateAltY",11571,"","","","","","","","","","","","","","","","","","","","","","","","[9,25,4,18,33,15]","",2
883,"CorruptingFever","","","","","","","","","","",11577,"","","","","","","","","","","","","","","","","","","","","","","","[9,25,4,15,33]","",5
884,"SupportBloodthirst","","","","","","","","","","",11587,"","","","Supports attack skills. Cannot support triggered skills, skills which create minions, or skills used by totems, traps or mines.","Modifie les aptitudes qui sont des attaques. Ne peut pas modifier les aptitudes déclenchées, qui créent des créatures ou les aptitudes utilisées par les totems, pièges ou mines.","Unterstützt Angriffsfertigkeiten. Kann keine Totem-, Fallen-, Minen-, auslösbaren oder Fertigkeiten unterstützen, die Kreaturen erzeugen.","アタックスキルをサポートする。トリガーされるスキル、ミニオンを生成するスキルおよびトーテム、トラップ、マインで使用されるスキルはサポートできない。","공격 스킬에 적용됩니다. 발동형 스킬, 소환수 생성 스킬이나 토템, 덫, 지뢰 스킬에는 적용되지 않습니다.","Suporta habilidades de ataque. Não pode suportar habilidades ativadas, habilidades que criam lacaios ou habilidades utilizadas por totens, armadilhas ou minas.","Усиливает умения атак. Не усиливает срабатывающие умения, умения, создающие приспешников, или умения, используемые тотемами, ловушками или минами.","Asiste habilidades de ataque. No puede asistir habilidades de activación, habilidades que creen esbirros ni habilidades usadas por tótems, trampas o minas.","ใช้เสริมสกิลโจมตี ไม่สามารถเสริมสกิลที่ถูกทริกเกอร์, สกิลที่สร้างมิเนียน หรือสกิลที่ใช้งานโดย โทเทม, กับดัก หรือ ทุ่นระเบิด ได้","輔助攻擊技能。不能輔助觸發型技能、製造召喚物的技能或被圖騰、陷阱或地雷使用的技能。","","","","","","","","","","","[13,33,9,16]",14529,5
885,"Reap","","","","","","","","","","",11603,"","","","","","","","","","","","","","","","","","","","","","","","[9,25,4,33,14,15]","",5
886,"ReapAltX","[DNT] BloodreapAltX","[DNT] BloodreapAltX","[DNT] BloodreapAltX","[DNT] BloodreapAltX","[DNT] BloodreapAltX","[DNT] BloodreapAltX","[DNT] BloodreapAltX","[DNT] BloodreapAltX","[DNT] BloodreapAltX","[DNT] BloodreapAltX",11604,"","","","","","","","","","","","","","","","","","","","","","","","[9,25,4,33,14,15]","",1
887,"ReapAltY","[DNT] BloodreapAltY","[DNT] BloodreapAltY","[DNT] BloodreapAltY","[DNT] BloodreapAltY","[DNT] BloodreapAltY","[DNT] BloodreapAltY","[DNT] BloodreapAltY","[DNT] BloodreapAltY","[DNT] BloodreapAltY","[DNT] BloodreapAltY",11605,"","","","","","","","","","","","","","","","","","","","","","","","[9,25,4,33,14,15]","",2
888,"PetrifiedBlood","","","","","","","","","","",11644,"","","","","","","","","","","","","","","","","","","","","","","","[9,25,4]","",5
889,"SupportCruelty","","","","","","","","","","",11645,"","","","Supports any skill that hits enemies. Minions cannot gain Cruelty.","Modifie toutes les aptitudes qui touchent les ennemis. Les Créatures ne peuvent pas gagner l'effet Cruauté.","Unterstützt Fertigkeiten, die Treffer bei Gegnern verursachen. Kreaturen können Grausamkeit nicht erhalten.","敵にヒットを与えるスキルをサポートする。ミニオンはクルーエリティを獲得できない。","적을 명중하는 모든 스킬에 적용됩니다. 소환수는 잔혹을 획득할 수 없습니다.","Suporta qualquer habilidade que acerte inimigos. Lacaios não podem ganhar Crueldade.","Усиливает любое умение, наносящее удары по врагам. Приспешники не могут получить положительный эффект Злости.","Asiste cualquier habilidad que golpee enemigos. Los esbirros no pueden obtener Crueldad.","ใช้เสริมสกิลที่ปะทะศัตรู มิเนียนไม่สามารถรับสถานะ อำมหิต ได้","輔助任何擊中敵人的技能。召喚物不會獲得殘酷。","","","","","","","","","","","[9,16,15]",14530,5
890,"SupportLifetap","","","","","","","","","","",11661,"","","","Supports any non-blessing skill. Minions cannot gain the Lifetap buff.","Modifie toutes les aptitudes qui ne sont pas des Bénédictions. Les Créatures ne peuvent pas gagner l'effet bénéfique Ponction vitale.","Unterstützt jede Fertigkeit (Segnungs-Fertigkeiten ausgenommen). Kreaturen können die Aderlass-Stärkung nicht erhalten.","非ブレッシングスキルをサポートする。ミニオンはライフタップのバフを得られない。","모든 비-축복 스킬에 적용됩니다. 소환수는 생명력 전환 버프를 획득할 수 없습니다.","Suporta qualquer habilidade não bênção. Lacaios não podem ganhar o buff Fonte de Vida.","Усиливает любое умение не-благословение. Приспешники не могут получить положительный эффект Жизнеотвода.","Asiste cualquier habilidad que no sea una bendición. Los esbirros no pueden obtener el efecto beneficioso de Transfusión de vida.","ใช้เสริม สกิลที่ไม่ใช่พร มิเนียนไม่สามารถรับบัฟ จ่ายชีวี ได้","輔助任何非祝福技能。召喚物不能獲得活栓增益效果。","","","","","","","","","","","[9,16,15]",14531,5
891,"BladeFlurryRoyale","","","","","","","","","","",5810,"","","","","","","","","","","","","","","","","","","","","","","","[10,25,13,14,30,7]","",5
892,"CycloneRoyale","","","","","","","","","","",2503,"","","","","","","","","","","","","","","","","","","","","","","","[10,25,13,14,7,22,30]","",5
893,"DualStrikeRoyale","","","","","","","","","","",310,"","","","","","","","","","","","","","","","","","","","","","","","[47,10,25,13,7,36]","",5
894,"LacerateRoyale","","","","","","","","","","",5872,"","","","","","","","","","","","","","","","","","","","","","","","[10,25,13,14,7,33]","",5
895,"BladestormRoyale","","","","","","","","","","",10396,"","","","","","","","","","","","","","","","","","","","","","","","[9,25,13,7,14,15]","",5
896,"ChainHookRoyale","","","","","","","","","","",10409,"","","","","","","","","","","","","","","","","","","","","","","","[9,25,13,14,22,7]","",5
897,"EarthquakeRoyale","","","","","","","","","","",5401,"","","","","","","","","","","","","","","","","","","","","","","","[9,25,13,14,7,15,40]","",5
898,"AncestralProtectorRoyale","","","","","","","","","","",5487,"","","","","","","","","","","","","","","","","","","","","","","","[9,25,13,19,7,36]","",5
899,"AncestralWarchiefRoyale","","","","","","","","","","",5866,"","","","","","","","","","","","","","","","","","","","","","","","[9,25,13,19,7,14,40]","",5
900,"GeneralsCryRoyale","","","","","","","","","","",11029,"",11030,"","Supports melee attack skills. Those skills will be used by Mirage Warriors summoned by General's Cry. Supported skills cannot be supported by Multistrike.","Modifie les aptitudes d'attaque de mêlée. Ces aptitudes seront alors utilisées par les Guerriers mirages invoqués par Cri du Général. Ces aptitudes ne peuvent pas être modifiées par Multifrappe.","Unterstützt Nahkampf-Angriffsfertigkeiten. Diese Fertigkeiten werden von Illusionskriegern benutzt, die durch Schrei des Generals beschwört werden. Unterstützte Fertigkeiten können nicht durch Mehrfachschlag unterstützt werden.","近接アタックスキルをサポートする。サポートされたスキルはジェネラルズクライにより召喚されたミラージュウォーリアーにより使用される。サポートされたスキルはマルチストライクでサポートできない。","근접 공격 스킬을 보조합니다. 해당 스킬은 장군의 함성으로 소환된 신기루 전사가 사용합니다. 보조 대상 스킬이 연속타격의 보조는 받을 수 없습니다.","Suporta habilidades de ataque corpo a corpo. Tais habilidades serão usadas por Guerreiros Ilusórios convocados pelo Clamor do General. Habilidades suportadas não podem ser suportadas por Ataques Múltiplos.","Усиливает умения атак ближнего боя. Эти умения используются призрачными воинами, поднятыми Кличем полководца. Усиливаемые умения нельзя усилить Градом ударов.","Asiste habilidades de ataque cuerpo a cuerpo. Esas habilidades las usarán los Guerreros ilusorios invocados por Grito del General. Las habilidades asistidas no pueden estar asistidas por Golpes múltiples.","ใช้เสริม สกิลโจมตีประชิด ทำให้สกิลเหล่านี้ถูกใช้งานโดยนักรบเงาที่อัญเชิญจาก คำรามแม่ทัพ (General's Cry) สกิลที่เสริม ไม่สามารถถูกเสริมด้วย Multistrike ได้","輔助近戰攻擊技能。這些技能會被將軍戰吼召喚的幻影戰士使用。被輔助技能不能被多重打擊輔助。","General's Cry Support","Soutien : Cri du Général","Unterstützung: Schrei des Generals","ジェネラルズクライサポート","장군의 함성 보조","Suporte: Clamor do General","Поддержка: Клич полководца","Asistencia de Grito del general","หินเสริม General's Cry","將軍戰吼輔助","[27,9,25,14,15]","",5
901,"LeapSlamRoyale","","","","","","","","","","",112,"","","","","","","","","","","","","","","","","","","","","","","","[9,25,13,14,7,22,35,40]","",5
902,"ShieldChargeRoyale","","","","","","","","","","",214,"","","","","","","","","","","","","","","","","","","","","","","","[9,25,13,7,14,22,35,33]","",5
903,"ChargedDashRoyale","","","","","","","","","","",9281,"","","","","","","","","","","","","","","","","","","","","","","","[10,25,22,14,30,13,7,2]","",5
904,"GlacialHammerRoyale","","","","","","","","","","",972,"","","","","","","","","","","","","","","","","","","","","","","","[9,25,13,7,36,1]","",5
905,"IceCrashRoyale","","","","","","","","","","",4745,"","","","","","","","","","","","","","","","","","","","","","","","[9,25,13,14,7,1,40]","",5
906,"MoltenStrikeRoyale","","","","","","","","","","",3692,"","","","","","","","","","","","","","","","","","","","","","","","[9,25,13,5,14,7,36,0]","",5
907,"SmiteRoyale","","","","","","","","","","",9425,"","","","","","","","","","","","","","","","","","","","","","","","[2,9,25,7,13,14,15,36,12]","",5
908,"SpectralShieldThrowRoyale","","","","","","","","","","",6204,"","","","","","","","","","","","","","","","","","","","","","","","[10,25,13,5,33]","",5
909,"SpectralThrowRoyale","","","","","","","","","","",2833,"","","","","","","","","","","","","","","","","","","","","","","","[10,25,13,5]","",5
910,"VenomGyreRoyale","","","","","","","","","","",10616,"","","","","","","","","","","","","","","","","","","","","","","","[10,25,13,5,3,15]","",5
911,"WhirlingBladesRoyale","","","","","","","","","","",326,"","","","","","","","","","","","","","","","","","","","","","","","[10,25,13,7,22,35]","",5
912,"PunctureRoyale","","","","","","","","","","",1899,"","","","","","","","","","","","","","","","","","","","","","","","[10,25,13,5,15,33,6]","",5
913,"RainOfArrowsRoyale","","","","","","","","","","",9300,"","","","","","","","","","","","","","","","","","","","","","","","[10,25,13,14,5,6]","",5
914,"ScourgeArrowRoyale","","","","","","","","","","",9563,"","","","","","","","","","","","","","","","","","","","","","","","[10,25,13,5,30,3,6]","",5
915,"ToxicRainRoyale","","","","","","","","","","",9573,"","","","","","","","","","","","","","","","","","","","","","","","[10,25,13,14,3,15,5,6]","",5
916,"BlinkArrowRoyale","","","","","","","","","","",4556,"","","","","","","","","","","","","","","","","","","","","","","","[10,25,13,8,15,22,35,6]","",5
917,"EnsnaringArrowRoyale","","","","","","","","","","",10639,"","","","","","","","","","","","","","","","","","","","","","","","[10,25,13,5,14,6]","",5
918,"BlastRainRoyale","","","","","","","","","","",5208,"","","","","","","","","","","","","","","","","","","","","","","","[0,10,25,13,14,5,6]","",5
919,"ElementalHitRoyale","","","","","","","","","","",287,"","","","","","","","","","","","","","","","","","","","","","","","[10,25,13,7,36,0,1,2,14,45]","",5
920,"BladeBlastRoyale","","","","","","","","","","",10769,"","","","","","","","","","","","","","","","","","","","","","","","[10,25,4,14,33]","",5
921,"BladeVortexRoyale","","","","","","","","","","",5262,"","","","","","","","","","","","","","","","","","","","","","","","[47,10,25,4,14,15,33]","",5
922,"BladefallRoyale","","","","","","","","","","",5244,"","","","","","","","","","","","","","","","","","","","","","","","[47,10,25,4,14,33,15]","",5
923,"ReapRoyale","","","","","","","","","","",11606,"","","","","","","","","","","","","","","","","","","","","","","","[9,25,4,33,14,15]","",5
924,"VoidSphereRoyale","","","","","","","","","","",11203,"","","","","","","","","","","","","","","","","","","","","","","","[11,25,4,14,15,33,3,44]","",5
925,"DivineIreRoyale","","","","","","","","","","",10262,"","","","","","","","","","","","","","","","","","","","","","","","[2,11,25,4,14,30,33]","",5
926,"FirestormRoyale","","","","","","","","","","",1343,"","","","","","","","","","","","","","","","","","","","","","","","[11,25,4,14,15,0]","",5
927,"FrostBoltRoyale","","","","","","","","","","",5719,"","","","","","","","","","","","","","","","","","","","","","","","[11,25,4,5,1]","",5
928,"IceNovaRoyale","","","","","","","","","","",68,"","","","","","","","","","","","","","","","","","","","","","","","[11,25,4,14,1,38]","",5
929,"LightningTendrilsRoyale","","","","","","","","","","",4195,"","","","","","","","","","","","","","","","","","","","","","","","[11,25,4,14,2,30]","",5
930,"PurifyingFlameRoyale","","","","","","","","","","",10176,"","","","","","","","","","","","","","","","","","","","","","","","[0,11,25,4,14,15,33]","",5
931,"RollingMagmaRoyale","","","","","","","","","","",5038,"","","","","","","","","","","","","","","","","","","","","","","","[11,25,4,14,0,5,18]","",5
932,"StormCallRoyale","","","","","","","","","","",3002,"","","","","","","","","","","","","","","","","","","","","","","","[11,25,4,14,15,2]","",5
933,"CremationRoyale","","","","","","","","","","",8602,"","","","","","","","","","","","","","","","","","","","","","","","[10,25,4,14,0,15,5,44]","",5
934,"FrostBombRoyale","","","","","","","","","","",5288,"","","","","","","","","","","","","","","","","","","","","","","","[11,25,4,14,15,1,44]","",5
935,"HydrosphereRoyale","","","","","","","","","","",11444,"","","","","","","","","","","","","","","","","","","","","","","","[11,25,4,14,15,1,44,2,33]","",5
936,"WaveOfConvictionRoyale","","","","","","","","","","",10249,"","","","","","","","","","","","","","","","","","","","","","","","[11,25,4,14,15,0,2,33]","",5
937,"BlightRoyale","","","","","","","","","","",5784,"","","","","","","","","","","","","","","","","","","","","","","","[11,25,4,3,14,30,15]","",5
938,"EssenceDrainRoyale","","","","","","","","","","",5451,"","","","","","","","","","","","","","","","","","","","","","","","[11,25,4,5,15,3,14]","",5
939,"CreepingFrostRoyale","","","","","","","","","","",2252,"","","","","","","","","","","","","","","","","","","","","","","","[11,25,4,5,15,14,1]","",5
940,"VortexRoyale","","","","","","","","","","",5750,"","","","","","","","","","","","","","","","","","","","","","","","[11,25,4,14,1,15,38]","",5
941,"HolyFlameTotemRoyale","","","","","","","","","","",2322,"","","","","","","","","","","","","","","","","","","","","","","","[19,9,25,4,5,0,30,33,14]","",5
942,"ArtilleryBallistaRoyale","","","","","","","","","","",10649,"","","","","","","","","","","","","","","","","","","","","","","","[10,25,13,19,14,0,5,6]","",5
943,"SiegeBallistaRoyale","","","","","","","","","","",5097,"","","","","","","","","","","","","","","","","","","","","","","","[10,25,13,5,19,6]","",5
944,"FireTrapRoyale","","","","","","","","","","",2089,"","","","","","","","","","","","","","","","","","","","","","","","[20,10,25,4,15,14,0]","",5
945,"IceTrapRoyale","","","","","","","","","","",5116,"","","","","","","","","","","","","","","","","","","","","","","","[20,10,25,4,14,1]","",5
946,"LightningTrapRoyale","","","","","","","","","","",2730,"","","","","","","","","","","","","","","","","","","","","","","","[20,47,11,25,4,5,2]","",5
947,"SiphoningTrapRoyale","","","","","","","","","","",9262,"","","","","","","","","","","","","","","","","","","","","","","","[20,11,25,4,15,14,1]","",5
948,"FlamethrowerTrapRoyale","","","","","","","","","","",9251,"","","","","","","","","","","","","","","","","","","","","","","","[20,10,25,4,15,14,0]","",5
949,"LightningSpireTrapRoyale","","","","","","","","","","",9257,"","","","","","","","","","","","","","","","","","","","","","","","[20,47,11,25,4,15,14,2]","",5
950,"PrecisionRoyale","","","","","","","","","","",10358,"","","","","","","","","","","","","","","","","","","","","","","","[12,47,10,25,4,14]","",5
951,"VitalityRoyale","","","","","","","","","","",1942,"","","","","","","","","","","","","","","","","","","","","","","","[12,9,25,4,14]","",5
952,"ClarityRoyale","","","","","","","","","","",2025,"","","","","","","","","","","","","","","","","","","","","","","","[12,11,25,4,14]","",5
953,"BloodAndSandRoyale","","","","","","","","","","",10398,"","","","","","","","","","","","","","","","","","","","","","","","[29,9,25,4,41]","",5
954,"DashRoyale","","","","","","","","","","",10384,"","","","","","","","","","","","","","","","","","","","","","","","[10,25,4,22,35,37]","",5
955,"DesecrateRoyale","","","","","","","","","","",3225,"","","","","","","","","","","","","","","","","","","","","","","","[10,25,4,14,15,3]","",5
956,"PhaseRunRoyale","","","","","","","","","","",5193,"","","","","","","","","","","","","","","","","","","","","","","","[10,25,4,15,22,33,35]","",5
957,"PoachersMarkRoyale","","","","","","","","","","",3988,"","","","","","","","","","","","","","","","","","","","","","","","[10,25,4,17,43]","",5
958,"AssassinsMarkRoyale","","","","","","","","","","",1179,"","","","","","","","","","","","","","","","","","","","","","","","[47,11,25,4,17,43]","",5
959,"WarlordsMarkRoyale","","","","","","","","","","",1150,"","","","","","","","","","","","","","","","","","","","","","","","[9,25,4,17,43]","",5
960,"ElementalWeaknessRoyale","","","","","","","","","","",1140,"","","","","","","","","","","","","","","","","","","","","","","","[11,25,4,14,15,17,42]","",5
961,"VulnerabilityRoyale","","","","","","","","","","",1193,"","","","","","","","","","","","","","","","","","","","","","","","[9,25,4,14,15,17,33,42]","",5
962,"DespairRoyale","","","","","","","","","","",9118,"","","","","","","","","","","","","","","","","","","","","","","","[11,25,4,14,15,3,17,42]","",5
963,"EnduringCryRoyale","","","","","","","","","","",263,"","","","","","","","","","","","","","","","","","","","","","","","[27,9,25,14,15]","",5
964,"RejuvenationTotemRoyale","","","","","","","","","","",2064,"","","","","","","","","","","","","","","","","","","","","","","","[19,12,9,25,4,14]","",5
965,"LightningWarpRoyale","","","","","","","","","","",1229,"","","","","","","","","","","","","","","","","","","","","","","","[11,25,4,14,15,22,2,35]","",5
966,"FlameDashRoyale","","","","","","","","","","",4909,"","","","","","","","","","","","","","","","","","","","","","","","[11,25,4,22,15,0,35,37]","",5
967,"FrostblinkRoyale","","","","","","","","","","",10423,"","","","","","","","","","","","","","","","","","","","","","","","[11,25,4,22,15,1,35,37,14]","",5
968,"SmokeMineRoyale","","","","","","","","","","",2775,"","","","","","","","","","","","","","","","","","","","","","","","[21,10,25,4,14,15,22,35,37]","",5
969,"SupportMultistrikeRoyale","","","","","","","","","","",2560,"","","","Supports melee attack skills, making them repeat twice when used, targeting a random enemy each time. Cannot support Vaal skills, channelling skills, travel skills, retaliation skills or triggered skills.","Modifie les aptitudes d'attaque de mêlée et leur permet de se répéter deux fois lorsqu'elles sont utilisées, en ciblant à chaque fois un ennemi au hasard. Ne peut modifier les aptitudes vaal, de canalisation, de trajet, de riposte ni les aptitudes déclenchées.","Unterstützt Nahkampf-Angriffsfertigkeiten, die sich bei Nutzung zweimal wiederholen und jedes Mal einen zufälligen Gegner anvisieren. Kann keine Vaal-, Kanalisierungs-, Fortbewegungs-, Gegenschlag- oder auslösbare Fertigkeiten unterstützen.","近接アタックスキルをサポートし、スキル使用時に2回繰り返す。それぞれの攻撃対象はランダムに選択される。ヴァ―ルスキル、チャネリングスキル、トラベルスキル、報復スキル、トリガーされるスキルはサポートされない。","근접 공격 스킬에 적용됩니다. 스킬이 2번 반복되며 매번 무작위 적을 대상으로 삼습니다. 바알 스킬, 집중 유지 스킬, 이동 전용 스킬, 보복 스킬, 발동형 스킬에는 적용되지 않습니다.","Suporta habilidades de ataque corpo a corpo, fazendo com que se repitam duas vezes quando usadas, focando em um inimigo aleatório por vez. Não pode suportar habilidades Vaal, canalizadas, de deslocamento, de retaliação ou ativadas.","Усиливает умения атак ближнего боя. Атаки повторяются дважды, каждый раз выбирая целью случайного врага. Нельзя усилить умения ваал, поддерживаемые умения, умения смещения, умения ответного удара и срабатывающие умения.","Asiste habilidades de ataque cuerpo a cuerpo para que se repitan dos veces cuando las usas y seleccionen como objetivo a un enemigo aleatorio cada vez. No puede asistir habilidades vaal, de canalización, de viaje, de represalia ni de activación.","ใช้เสริม สกิลโจมตีประชิด ทำให้เกิดซ้ำ 2 ครั้งโดยเลือกเป้าหมายแบบสุ่ม ไม่สามารถเสริม สกิลวาล์, สกิลแชนเนล, สกิลเดินทาง, สกิลโต้กลับ หรือ สกิลที่ถูกทริกเกอร์ ได้","輔助近戰攻擊技能，使用時技能重複兩次，每次隨機瞄準敵人。不能輔助瓦爾、引導施放、快行、復仇和觸發技能。","","","","","","","","","","","[13,7,9,16]","",5
970,"SupportSpellCascadeRoyale","","","","","","","","","","",8837,"","","","Supports spell skills that apply an effect to an area around a targeted location. Cannot support Vaal skills or skills used by totems, traps, or mines. Cannot modify the skills of minions.","Modifie les aptitudes de sort ayant un effet qui s'applique dans une zone autour de l'emplacement ciblé. Ne peut modifier les aptitudes vaal ni les aptitudes utilisées par les totems, pièges ou mines. Ne peut pas modifier les aptitudes des créatures.","Unterstützt Zauberfertigkeiten, die einen Effekt auf einen Bereich um einen Zielort anwenden. Kann keine Vaal-, Totem-, Fallen- oder Minenfertigkeiten unterstützen. Kann die Fertigkeiten von Kreaturen nicht modifizieren.","対象となる地点に効果範囲を生成するスペルスキルをサポートする。ヴァールスキルまたはトーテム、トラップ、マインで使用されるスキルはサポートできない。ミニオンのスキルには影響しない。","대상 지점 주변의 범위 내에 영향을 주는 주문 스킬에 적용됩니다. 바알 스킬 또는 토템, 덫, 지뢰 스킬에는 적용되지 않습니다. 소환수가 사용하는 스킬에도 적용되지 않습니다.","Suporta habilidades mágicas que aplicam um efeito em uma área ao redor do local alvo. Não pode suportar habilidades Vaal ou habilidades usadas por totens, armadilhas ou minas. Não pode modificar habilidades de lacaios.","Усиливает умения чар, которые накладывают эффект на область вокруг указанного места. Не усиливает умения ваал или умения, используемые тотемами, ловушками и минами. Не усиливает умения приспешников.","Asiste habilidades de hechizo que aplican un efecto en un área alrededor de la ubicación objetivo. No puede asistir habilidades vaal ni habilidades usadas por tótems, trampas o minas. No puede modificar las habilidades de los esbirros.","ใช้เสริม สกิลเวท ที่สร้างผลในพื้นที่รอบๆ ตำแหน่งเป้าหมาย ไม่สามารถเสริม สกิลวาล์ หรือสกิลที่ใช้โดย โทเทม, กับดัก หรือ ทุ่นระเบิด ได้ ไม่สามารถแก้ไขสกิลที่มิเนียนใช้ได้","輔助能對目標附近區域的法術技能。不能輔助瓦爾、召喚物、圖騰、陷阱或地雷技能。無法調整召喚物的技能。","","","","","","","","","","","[14,4,11,16]","",5
971,"SupportUnleashRoyale","","","","","","","","","","",10354,"","","","Supports spell skills, making their effect reoccur when cast. Cannot support skills with cooldowns, triggered skills, Brand skills, Vaal skills, channelling skills, skills with a reservation, or skills used by totems, traps, or mines. Cannot modify the skills of minions.","Modifie les aptitudes de sort, faisant se reproduire leurs effets lors de leur incantation. Ne peut pas modifier les aptitudes qui ont un temps de recharge, déclenchées, de symbole, vaal, de canalisation, ayant une réservation, ni les aptitudes utilisées par les totems, pièges ou mines. Ne peut modifier les aptitudes des créatures.","Unterstützt Zauberfertigkeiten und bewirkt, dass die Zaubereffekte erneut auftreten, wenn sie gewirkt werden. Kann keine Vaal-, Zeichen-, Totem-, Fallen-, Minen-, Kanalisierungs-, auslösbare oder Fertigkeiten mit Reservierungskosten unterstützen oder Fertigkeiten, die über eine Abklingzeit verfügen. Kann die Fertigkeiten von Kreaturen nicht modifizieren.","スペルスキルをサポートし、キャスト時にその効果を再び起こす。クールダウンを持つスキル、トリガーされるスキル、ブランドスキル、ヴァールスキル、チャネリングスキル、リザーブするスキルまたはトーテム、トラップ、マインで使用されるスキルはサポートできない。ミニオンのスキルには影響しない。","주문 스킬에 적용됩니다. 시전 시 스킬 효과가 반복됩니다. 재사용 대기시간이 있는 스킬, 발동형 스킬, 낙인 스킬, 바알 스킬, 집중 유지 스킬, 점유가 있는 스킬에는 적용되지 않습니다. 또한 토템, 덫, 지뢰 스킬이나 소환수가 사용하는 스킬에도 적용되지 않습니다.","Suporta habilidades mágicas, fazendo com que seu efeito ocorra novamente quando conjuradas. Não pode suportar habilidades com recargas, habilidades ativadas, Runas, Vaal, canalizadas, habilidades com reserva ou habilidades usadas por totens, armadilhas ou minas. Não pode modificar as habilidades de lacaios.","Усиливает чары, заставляя их эффект повторяться при сотворении. Не усиливает умения со временем восстановления, срабатывающие умения, клейма, умения ваал, поддерживаемые умения, умения с удержанием или умения, используемые тотемами, ловушками и минами. Не усиливает умения приспешников.","Asiste habilidades de hechizo para que su efecto vuelva a ocurrir cuando se lanza. No puede asistir habilidades que tengan tiempo de recarga, habilidades de activación, vaal, de canalización o de marcas, habilidades con reserva ni habilidades usadas por tótems, trampas o minas. No puede modificar las habilidades de los esbirros.","ใช้เสริม สกิลเวท ทำให้ผลของมันเกิดขึ้นซ้ำเมื่อร่าย ไม่สามารถเสริมสกิลที่มีคูลดาวน์, สกิลที่ถูกทริกเกอร์, สกิลตราเวท, สกิลวาล์, สกิลแชนเนล, สกิลที่มีค่าสำรอง หรือสกิลที่ใช้โดย โทเทม, กับดัก หรือ ทุ่นระเบิด ได้ ไม่สามารถแก้ไขสกิลที่มิเนียนใช้ได้","輔助法術技能，當施放時使它們的效果再次觸發。無法輔助有冷卻時間的技能、觸發型技能、瓦爾技能、鬥旗技能、引導施放技能、有保留的技能或被圖騰、陷阱或地雷使用的技能。不能調整召喚物的技能。","","","","","","","","","","","[4,11,16]","",5
972,"SupportMultipleTotemsRoyale","","","","","","","","","","",9820,"","","","Supports skills which summon totems.","Modifie les aptitudes qui invoquent des totems.","Unterstützt Fertigkeiten, die Totems beschwören.","トーテムを召喚するスキルをサポートする。","토템을 소환하는 스킬에 적용됩니다.","Suporta qualquer habilidade que convoque totens.","Усиливает умения, устанавливающие тотемы.","Asiste habilidades que invoquen tótems.","ใช้เสริมสกิลที่อัญเชิญ โทเทม","輔助召喚圖騰的技能。","","","","","","","","","","","[19,9,16]","",5
973,"SupportAddedColdDamageRoyale","","","","","","","","","","",620,"","","","Supports any skill that hits enemies.","Modifie les aptitudes qui touchent les ennemis.","Unterstützt Fertigkeiten, die Treffer bei Gegnern verursachen.","敵にヒットを与えるスキルをサポートする。","적을 명중하는 모든 스킬에 적용됩니다.","Suporta qualquer habilidade que acerte inimigos.","Усиливает любое умение, наносящее удары по врагам.","Asiste cualquier habilidad que golpee enemigos.","ใช้เสริมสกิลที่ปะทะศัตรู","輔助任何可擊中敵人的技能。","","","","","","","","","","","[1,10,16]","",5
974,"SupportAddedLightningDamageRoyale","","","","","","","","","","",625,"","","","Supports any skill that hits enemies.","Modifie les aptitudes qui touchent les ennemis.","Unterstützt Fertigkeiten, die Treffer bei Gegnern verursachen.","敵にヒットを与えるスキルをサポートする。","적을 명중하는 모든 스킬에 적용됩니다.","Suporta qualquer habilidade que acerte inimigos.","Усиливает любое умение, наносящее удары по врагам.","Asiste cualquier habilidad que golpee enemigos.","ใช้เสริมสกิลที่ปะทะศัตรู","輔助任何可擊中敵人的技能。","","","","","","","","","","","[2,11,16]","",5
975,"SupportRageRoyale","","","","","","","","","","",10514,"","","","Supports melee attack skills. Minions cannot gain rage.","Modifie les aptitudes d'attaque de mêlée. Les Créatures ne peuvent pas gagner de Rage.","Unterstützt Nahkampf-Angriffsfertigkeiten. Kreaturen können keinen Rausch erhalten.","近接アタックスキルをサポートする。ミニオンは憤怒を得られない。","근접 공격 스킬에 적용됩니다. 소환수 스킬에는 적용되지 않습니다.","Suporta habilidades de ataque corpo a corpo. Lacaios não podem ganhar fúria.","Усиливает умения атак ближнего боя. Приспешники не могут накапливать заряды свирепости.","Asiste habilidades de ataque cuerpo a cuerpo. Los esbirros no pueden ganar furia.","ใช้เสริม สกิลโจมตีประชิด มิเนียนไม่สามารถรับสถานะ คลั่ง ได้","輔助近戰攻擊技能。召喚物無法獲得盛怒。","","","","","","","","","","","[9,16,7,13]","",5
976,"SupportFasterAttacksRoyale","","","","","","","","","","",612,"","","","Supports attack skills.","Modifie les aptitudes d'attaque.","Unterstützt Angriffsfertigkeiten.","アタックスキルをサポートする。","공격 스킬에 적용됩니다.","Suporta habilidades de ataque.","Усиливает умения атак.","Asiste habilidades de ataque.","ใช้เสริม สกิลโจมตี","輔助攻擊技能。","","","","","","","","","","","[13,10,16]","",5
977,"SupportFasterCastingRoyale","","","","","","","","","","",1078,"","","","Supports non-instant spell skills.","Modifie les aptitudes qui ne sont pas des sorts instantanés.","Unterstützt Zauberfertigkeiten (sofort gewirkte ausgenommen).","即座に発動しないスペルをサポートする。","비-즉시 시전 주문 스킬에 적용됩니다.","Suporta Habilidades mágicas não instantâneas.","Усиливает не мгновенные чары.","Asiste habilidades de hechizo que no sean instantáneas.","ใช้เสริม สกิลเวท ที่ไม่ส่งผลทันที","輔助非立刻施放的法術技能。","","","","","","","","","","","[11,16,4]","",5
978,"SupportBallistaTotemRoyale","","","","","","","","","","",2364,"","","","Supports any bow or wand attack skill, causing it to summon a ballista totem that uses the skill for you.","Modifie toutes les aptitudes qui sont des attaques à l'arc ou à la baguette. Au lieu d'utiliser cette aptitude, vous invoquez un totem qui utilise l'aptitude à votre place.","Unterstützt Angriffsfertigkeiten mit Bögen oder Zauberstäben, die ein Ballistentotem beschwören, das diese Fertigkeit benutzt.","弓またはワンドによるアタックスキルをサポートし、そのスキルを使用するバリスタトーテムを召喚する。","활 또는 마법봉 공격 스킬에 적용되어 해당 스킬을 사용하는 쇠뇌 토템을 소환합니다.","Suporta qualquer habilidade de arco ou varinha, fazendo com ela convoque um totem balista que a utiliza por você.","Усиливает любое умение атак луками или жезлами. Вместо использования этого умения вы будете призывать тотем-баллисту, использующий умение за вас.","Asiste cualquier habilidad de ataque de arco o varita para que invoque un tótem balista que use la habilidad por ti.","ใช้เสริม สกิลโจมตี ที่ใช้ ธนูหรือไม้กายสิทธิ์ เปลี่ยนจากการใช้สกิลแบบปกติเป็นการอัญเชิญ โทเทมหน้าไม้ ที่ใช้สกิลนั้นให้กับคุณ","輔助使用弓和法杖的攻擊。不再使用技能而是召喚一個圖騰使用技能。","","","","","","","","","","","[6,5,9,16,19]","",5
979,"SupportSpellTotemRoyale","","","","","","","","","","",2035,"","","","Supports spell skills that are not triggered. Instead of casting that spell, you will summon a totem that casts the spell for you.","Modifie les aptitudes qui sont des sorts non déclenchés. Au lieu de lancer cette aptitude, vous invoquez un totem qui l'utilisera à votre place.","Unterstützt Zauberfertigkeiten, die nicht ausgelöst werden. Statt die Fertigkeit direkt zu zaubern, wird ein Totem beschworen, das diese Fertigkeit zaubert.","トリガーされないスペルスキルをサポートする。スペルをキャストする代わりに、そのスペルをキャストするトーテムを召喚する。","비-발동형 주문 스킬에 적용됩니다. 토템을 소환하여 시전자 대신 주문을 시전하게 합니다.","Suporta habilidades mágicas que não sejam ativadas. Ao invés de conjurar a habilidade manualmente, você convocará um totem que a conjurará no seu lugar.","Усиливает не срабатывающие умения чар. Вместо сотворения чар вы будете призывать тотем, сотворяющий чары за вас.","Asiste habilidades de hechizo que no se activen. En lugar de lanzar ese hechizo, invocarás un tótem que lanzará el hechizo por ti.","ใช้เสริมสกิลเวทที่ไม่ถูกทริกเกอร์ เปลี่ยนจากการร่ายเวทแบบปกติ เป็นการอัญเชิญโทเทมที่ร่ายเวทนั้นให้กับคุณ","輔助非觸發型的法術技能。不再使用技能而是召喚一個圖騰使用技能。","","","","","","","","","","","[9,16,4,19]","",5
980,"SupportTrapRoyale","","","","","","","","","","",954,"","","","Supports spells, or attacks that use bows or wands. Instead of using that skill, you will throw a trap that will use the skill for you when an enemy walks near it. Traps cannot use channelling skills.","Modifie les sorts et les attaques qui utilisent les arcs ou les baguettes. Au lieu d'utiliser cette aptitude, vous lancez un piège qui utilisera l'aptitude à votre place lorsqu'un ennemi le déclenchera. Les pièges ne peuvent pas utiliser les aptitudes canalisées.","Unterstützt Zauber oder Angriffe, die mit Bögen oder Zauberstäben ausgeführt werden. Anstatt die Fertigkeit direkt zu nutzen, wird eine Falle geworfen, die diese Fertigkeit benutzt, sobald sich ihr ein Gegner nähert. Fallen können keine Kanalisierungsfertigkeiten nutzen.","スペルまたは弓・ワンドを使用するアタックをサポートする。スキルを使用する代わりに、敵が近づくとそのスキルを発動するトラップを投げる。トラップはチャネリングスキルを使用することはできない。","주문 또는 활이나 마법봉을 사용하는 스킬에 적용됩니다. 스킬 사용 시 덫이 투척되며 이 덫은 주변에 적이 지나가면 스스로 스킬을 사용합니다. 단, 집중 유지 스킬은 사용할 수 없습니다.","Suporta magias ou ataques que usam arcos ou varinhas. Ao invés de usar tal habilidade, você arremessará uma armadilha que a usará por você quando um inimigo se aproximar. Armadilhas não podem usar habilidades canalizadas.","Усиливает чары или атаки, использующие луки или жезлы. Вместо использования этого умения вы будете бросать ловушку, которая будет использовать это умение, если поблизости окажется враг. Ловушки не могут использовать поддерживаемые умения.","Asiste hechizos o ataques que usen arcos o varitas. En lugar de usar esa habilidad, lanzarás una trampa que usará la habilidad por ti cuando un enemigo camine cerca de ella. Las trampas no pueden usar habilidades de canalización.","ใช้เสริม สกิลเวท หรือสกิลโจมตีที่ใช้ ธนูหรือไม้กายสิทธิ์ ทำให้เปลี่ยนจากการใช้สกิลแบบปกติ เป็นการโยนกับดักที่ใช้สกิลนั้นให้กับคุณเมื่อศัตรูเดินเข้ามาใกล้ กับดักไม่สามารถใช้ สกิลแชนเนล ได้","輔助法術或使用弓和法杖的攻擊。不再使用技能而是投擲陷阱，當敵人靠近時陷阱會觸發技能。陷阱不能使用引導時施放技能。","","","","","","","","","","","[10,16,20]","",5
981,"SupportAdvancedTrapsRoyale","","","","","","","","","","",5796,"","","","Supports skills which throw traps.","Modifie les aptitudes permettant de jeter des pièges.","Unterstützt Fallenfertigkeiten.","トラップを投げるスキルをサポートする。","덫을 던지는 스킬에 적용됩니다.","Suporta habilidades que arremessam armadilhas.","Усиливает умения, бросающие ловушки.","Asiste habilidades que lanzan trampas.","ใช้เสริมสกิลที่โยน กับดัก","輔助投擲陷阱技能。","","","","","","","","","","","[20,10,16]","",5
982,"SupportLesserMultipleProjectilesRoyale","","","","","","","","","","",616,"","","","Supports projectile skills.","Modifie les aptitudes à projectiles","Unterstützt Projektilfertigkeiten.","投射物スキルをサポートする。","투사체 스킬에 적용됩니다.","Suporta habilidades de projétil.","Усиливает умения снарядов.","Asiste habilidades de proyectiles.","ใช้เสริม สกิลโพรเจกไทล์","輔助投射物技能。","","","","","","","","","","","[10,16,5]","",5
983,"SupportVolleyRoyale","","","","","","","","","","",8835,"","","","Supports skills that fire projectiles from the user. Does not affect projectiles fired from other locations as secondary effects. Does not support skills that fire projectiles in a spiral.","Modifie toutes les aptitudes qui tirent des projectiles depuis l'utilisateur. N'affecte pas les projectiles qui sont tirés depuis d'autres emplacements en tant qu'effets secondaires. Ne peut modifier les aptitudes qui tirent des projectiles en spirale.","Unterstützt Fertigkeiten, die Projektile vom Wirkenden aus abfeuern. Wirkt sich nicht auf Projektile aus, die aus anderen Quellen abgefeuert werden. Unterstützt keine Fertigkeiten, die Projektile in einer Spirale abfeuern.","使用者から投射物を放つスキルをサポートする。副次的効果により他の場所から放たれる投射物には影響しない。投射物を螺旋状に放つスキルはサポートできない。","플레이어가 발사하는 투사체 스킬에 적용됩니다. 부가적인 효과로 다른 곳에서 발사되는 투사체에는 적용되지 않습니다. 투사체를 소용돌이 모양으로 발사하는 스킬에는 적용되지 않습니다.","Suporta habilidades que disparam projéteis do usuário. Não afeta os projéteis disparados de outros locais como efeitos secundários. Não suporta habilidades que disparam projéteis em uma espiral.","Усиливает умение, выпускающее снаряды в направлении от использующего умение. Не действует на снаряды, выпускаемые из других источников как второстепенные эффекты. Не может усиливать умения, выпускающие снаряды по спирали.","Asiste habilidades que disparen proyectiles desde el personaje. No afecta a los proyectiles disparados desde otras ubicaciones como efectos secundarios. No asiste habilidades que disparen proyectiles en espiral.","ใช้เสริมสกิลที่ยิงโพรเจกไทล์ออกจากตัวผู้ใช้ ไม่ส่งผลต่อโพรเจกไทล์ที่ยิงออกจากตำแหน่งอื่นอันมาจากผลรองของสกิล ไม่สามารถเสริมสกิลที่ยิงออกมาเป็นเกลียวได้","輔助從玩家發射投射物的技能。不會影響從其他位置發射的投射物，作為次要影響。不輔助以螺旋形式發射的投射物。","","","","","","","","","","","[10,16,5]","",5
984,"SupportIncreasedAreaofEffectRoyale","","","","","","","","","","",623,"","","","Supports any skill with an area of effect.","Modifie toutes les aptitudes avec une zone d'effet.","Unterstützt Wirkungsbereichsfertigkeiten.","効果範囲を持つスキルをサポートする。","효과 범위를 갖는 모든 스킬에 적용됩니다.","Suporta qualquer habilidade com uma área de efeito.","Усиливает любое умение с областью действия.","Asiste cualquier habilidad que tenga un área de efecto.","ใช้เสริมสกิลที่มีพื้นที่ส่งผล","輔助任何範圍效果的技能。","","","","","","","","","","","[11,16,14]","",5
985,"SupportBlindRoyale","","","","","","","","","","",2231,"","","","Supports any skill that hits enemies.","Modifie les aptitudes qui touchent les ennemis.","Unterstützt Fertigkeiten, die Treffer bei Gegnern verursachen.","敵にヒットを与えるスキルをサポートする。","적을 명중하는 모든 스킬에 적용됩니다.","Suporta qualquer habilidade que acerte inimigos.","Усиливает любое умение, наносящее удары по врагам.","Asiste cualquier habilidad que golpee enemigos.","ใช้เสริมสกิลที่ปะทะศัตรู","輔助任何可擊中敵人的技能。","","","","","","","","","","","[10,16]","",5
986,"SupportLifetapRoyale","","","","","","","","","","",11662,"","","","Supports any non-blessing skill. Minions cannot gain the Lifetap buff.","Modifie toutes les aptitudes qui ne sont pas des Bénédictions. Les Créatures ne peuvent pas gagner l'effet bénéfique Ponction vitale.","Unterstützt jede Fertigkeit (Segnungs-Fertigkeiten ausgenommen). Kreaturen können die Aderlass-Stärkung nicht erhalten.","非ブレッシングスキルをサポートする。ミニオンはライフタップのバフを得られない。","모든 비-축복 스킬에 적용됩니다. 소환수는 생명력 전환 버프를 획득할 수 없습니다.","Suporta qualquer habilidade não bênção. Lacaios não podem ganhar o buff Fonte de Vida.","Усиливает любое умение не-благословение. Приспешники не могут получить положительный эффект Жизнеотвода.","Asiste cualquier habilidad que no sea una bendición. Los esbirros no pueden obtener el efecto beneficioso de Transfusión de vida.","ใช้เสริม สกิลที่ไม่ใช่พร มิเนียนไม่สามารถรับบัฟ จ่ายชีวี ได้","輔助任何非祝福技能。召喚物不能獲得活栓增益效果。","","","","","","","","","","","[9,16,15]","",5
987,"SupportIncreasedDurationRoyale","","","","","","","","","","",1332,"","","","Supports any skill with a duration.","Modifie toutes les aptitudes ayant une durée.","Unterstützt Fertigkeiten mit Wirkungsdauer.","持続時間を持つスキルをサポートする。","지속시간이 있는 모든 스킬에 적용됩니다.","Suporta qualquer habilidade com uma duração.","Усиливает любое умение с временем действия.","Asiste cualquier habilidad que tenga una duración.","ใช้เสริมสกิลที่มีระยะเวลา","輔助任何有期間的技能。","","","","","","","","","","","[9,16,15]","",5
988,"SupportLessDurationRoyale","","","","","","","","","","",2905,"","","","Supports any skill that has a duration.","Modife toutes les aptitudes qui ont une durée.","Unterstützt alle Fertigkeiten mit Dauer.","持続するスキルをサポートする。","지속시간이 있는 모든 스킬에 적용됩니다.","Suporta qualquer habilidade que tenha uma duração.","Усиливает любое умение с временем действия.","Asiste cualquier habilidad que tenga una duración.","ใช้เสริมสกิลที่มีระยะเวลา","輔助任何有期間的技能。","","","","","","","","","","","[9,16,15]","",5
989,"SupportCastwhileChannellingRoyale","","","","","","","","","","",6378,"",6380,"","Must support both a channelling skill and a non-channelling spell skill to work. The channelling skill will trigger a spell periodically while channelling. Cannot support skills used by totems, traps, or mines. Vaal skills and skills with a reservation cannot be triggered.","Doit modifier à la fois une aptitude canalisée et une aptitude qui est un sort non canalisé pour pouvoir fonctionner. L'aptitude canalisée déclenche les sorts reliés de façon périodique pendant la durée de canalisation. Ne peut modifier les totems, pièges ou mines. Les aptitudes vaal et à réservation ne peuvent pas être déclenchées.","Muss gleichzeitig mit einer Kanalisierungsfertigkeit und einer nicht kanalisierenden Zauberfertigkeit verbunden sein. Die Kanalisierungsfertigkeit löst den verbundenen Zauber in regelmäßigen Abständen aus. Kann keine Totem-, Fallen- oder Minenfertigkeiten unterstützen. Vaal-Fertigkeiten und Fertigkeiten mit Reservierungskosten, können nicht ausgelöst werden.","チャネリングスキルと、チャネリングしないスペルスキルを両方サポートしなければならない。チャネリングスキルは、チャネリング中にスペルを定期的に発動する。トーテム、トラップおよびマインで使用されるスキルはサポートできない。ヴァ―ルスキルおよびリザーブするスキルはトリガーできない。","집중 유지 스킬과 비-집중 유지 주문 스킬이 함께 연결되어 있어야 작동합니다. 집중 유지 스킬이 주기적으로 주문을 발동합니다. 토템, 덫, 지뢰 스킬에는 적용되지 않으며 바알 스킬과 점유가 있는 스킬은 발동되지 않습니다.","Precisa suportar tanto uma habilidade canalizada quanto uma habilidade mágica não canalizada para funcionar. A habilidade canalizada ativará a magia periodicamente enquanto canalizando. Não pode suportar habilidades usadas por totens, armadilhas ou minas. Habilidades Vaal e habilidades com uma reserva não podem ser ativadas.","Должен одновременно усиливать поддерживаемое умение и не поддерживаемые чары. Поддерживаемое умение периодически будет вызывать срабатывание чар. Не может усиливать умения, используемые тотемами, ловушками и минами. Невозможно вызвать срабатывание умений ваал, поддерживаемых умений и умений с удержанием.","Para funcionar debe asistir tanto a una habilidad de canalización como a una habilidad que no sea de canalización. La habilidad de canalización activará periódicamente un hechizo mientras la canalizas. No puede asistir habilidades usadas por tótems, trampas ni minas. Las habilidades vaal y las habilidades con reserva no se pueden activar.","ต้องใช้เสริม สกิลแชนเนล และ เวท ที่ไม่แชนเนลพร้อมกันเท่านั้นจึงจะทำงาน โดยสกิลที่แชนเนลอยู่จะคอยทริกเกอร์สกิลเวทให้เองเป็นระยะ ไม่สามารถเสริมสกิลที่ใช้โดย โทเทม, กับดัก หรือ ทุ่นระเบิด ได้ สกิลวาล์และสกิลที่มีค่าสำรอง ไม่สามารถถูกทริกเกอร์ได้","一定要同時輔助引導施放和非引導施放技能。引導施放技能在引導時會定期觸發法術技能。不能輔助圖騰、陷阱和地雷技能。瓦爾技能、引導時施放技能和保留技能無法被觸發。","","","","","","","","","","","[11,16,30,4,26]","",5
990,"SupportImpendingDoomRoyale","","","","","","","","","","",11234,"",11236,"","Supports hex curse skills, causing them to trigger Doom Blast when the hex ends. Cannot support curse skills which are triggered or applied as an aura.","Modifie les aptitudes de malédiction qui sont des calamités, leur permettant ainsi de déclencher Explosion de fatalité lorsque la calamité arrive à terme. Ne peut pas modifier les aptitudes de malédiction qui sont déclenchées ou transformées en aura.","Unterstützt Verhexungs-Fertigkeiten, die 'Unheilvolle Explosion' auslösen, sobald die Verhexung ausläuft. Kann keine Verhexungen unterstützen, die ausgelöst oder als Aura angewendet werden.","呪術スキルをサポートし、呪術の効果終了時にドゥームブラストをトリガーする。トリガーされる呪いスキルおよびオーラ化した呪いスキルはサポートできない。","사술 저주 스킬에 적용됩니다. 사술이 만료될 때 멸망 폭발을 일으킵니다. 오라의 형태로 발동되거나 적용되는 저주 스킬에는 적용되지 않습니다.","Suporta habilidades de feitiço, fazendo com que ativem Explosão Destruidora quando o feitiço acabar. Não pode suportar habilidades de maldição que são ativadas ou aplicadas como aura.","Усиливает умения проклятий порчи. При удалении усиленной порчи срабатывает Роковой взрыв. Не усиливает срабатывающие порчи и порчи, накладываемые в качестве ауры.","Asiste habilidades de maldición que sean maleficios para que activen Explosión de perdición cuando el maleficio termina. No puede asistir habilidades de maldición que se activen o se apliquen como auras.","ใช้เสริม สกิลคำสาปสะกด ทำให้คำสาปเหล่านี้ทริกเกอร์ ระเบิดหายนะ เมื่อ สาปสะกด จบลง ไม่สามารถเสริม สกิลคำสาป ที่ถูกทริกเกอร์หรือ คำสาปที่ร่ายเป็นออร่า ได้","輔助咒術技能，當咒術結束時使這些技能觸發厄運枯萎。不能輔助被觸發或以光環施放的咒術。","","","","","","","","","","","[11,16,42,25,4,14,3,26]","",5
991,"SupportAncestralCallRoyale","","","","","","","","","","",8839,"","","","Supports melee strike skills, causing them to also strike at extra targets simultaneously. The extra targets must be a minimum distance from the user. If supporting a minion attack skill, the minion's skills will not also strike extra targets. Cannot support Vaal skills or triggered skills.","Modifie les aptitudes de frappe de mêlée, leur permettant de frapper simultanément des cibles supplémentaires. Les cibles supplémentaires doivent se trouver à une distance minimale de l'utilisateur. Si cette gemme modifie une aptitude d'attaque de créature, les aptitudes de la créature ne frapperont pas de cibles supplémentaires. Ne peut pas modifier les aptitudes vaal ni les aptitudes déclenchées.","Unterstützt Nahkampf-Schlagfertigkeiten und bewirkt, dass der Schlag gleichzeitig auf zusätzliche Ziele erfolgt. Die zusätzlichen Ziele müssen einen Mindestabstand zum Spieler aufweisen. Bei Unterstützung einer Kreaturen-Angriffsfertigkeit schlagen die Kreaturen nicht gleichzeitig auf mehrere Ziele ein. Kann keine Vaal- oder auslösbare Fertigkeiten unterstützen.","近接ストライクスキルをサポートし、追加の対象を同時にストライクする。使用者から最短距離の敵が追加の対象となる。ミニオンアタックスキルをサポートした場合、ミニオンのスキルは追加の対象をストライクしない。ヴァールスキルまたはトリガーされるスキルはサポートできない。","근접 타격 스킬에 적용됩니다. 더 많은 적을 동시에 공격하게 하며, 이때 적 대상은 시전자와 근접한 거리에 있어야 합니다. 소환수 공격 스킬의 경우, 소환수가 사용하는 스킬에는 적용할 수 없으며 바알 스킬 또는 발동형 스킬에도 적용되지 않습니다.","Suporta habilidades de golpe corpo a corpo, fazendo com que elas também acertem alvos extras simultaneamente. Os alvos extras precisam estar em uma distância mínima do usuário. Se suportar uma habilidade de ataque de lacaio, as habilidades do lacaio também acertarão alvos extras. Não pode suportar habilidades Vaal ou ativadas.","Усиливает умения ударов ближнего боя так, что они атакуют дополнительные цели. Дополнительные цели должны находиться на минимальном расстоянии от использующего умение. При усилении умения атаки приспешников, умения приспешников не будут атаковать дополнительные цели. Нельзя усилить умения ваал и срабатывающие умения.","Asiste habilidades de golpe cuerpo a cuerpo para que también ataquen a objetivos adicionales simultáneamente. Los objetivos adicionales deben estar a una distancia mínima del personaje. Si asiste una habilidad de ataque de un esbirro, las habilidades del esbirro no golpearán también a objetivos adicionales. No puede asistir habilidades vaal ni habilidades de activación.","ใช้เสริม สกิลฟาดโจมตี ทำให้ฟาดหลายเป้าหมายพร้อมกัน เป้าหมายอื่นที่เพิ่มมาจะต้องอยู่ห่างจากผู้ใช้งานไม่ต่ำกว่าระยะขั้นต่ำที่กำหนด หากเสริม สกิลโจมตีมิเนียน สกิลของมิเนียนจะไม่ฟาดหลายเป้าหมาย ไม่สามารถเสริม สกิลวาล์หรือสกิลที่ถูกทริกเกอร์ ได้","輔助近戰打擊技能，使近戰攻擊同時多的目標。額外的目標必須要在使用者的最小範圍內。如果輔助召喚物攻擊技能，召喚物的攻擊技能不會攻擊多數目標。不能輔助瓦爾或觸發技能。","","","","","","","","","","","[9,16,7,13,36]","",5
992,"DefianceBanner","","","","","","","","","","",11732,"","","","","","","","","","","","","","","","","","","","","","","","[9,25,14,4,15,12,39]","",5
993,"VoltaxicBurst","","","","","","","","","","",11734,"","","","","","","","","","","","","","","","","","","","","","","","[11,25,4,14,3,2,38,15]","",5
994,"VoltaxicBurstAltX","[DNT] VoltaxicBurstAltX","[DNT] VoltaxicBurstAltX","[DNT] VoltaxicBurstAltX","[DNT] VoltaxicBurstAltX","[DNT] VoltaxicBurstAltX","[DNT] VoltaxicBurstAltX","[DNT] VoltaxicBurstAltX","[DNT] VoltaxicBurstAltX","[DNT] VoltaxicBurstAltX","[DNT] VoltaxicBurstAltX",11735,"","","","","","","","","","","","","","","","","","","","","","","","[11,25,4,14,3,2,38,15]","",1
995,"VoltaxicBurstAltY","[DNT] VoltaxicBurstAltY","[DNT] VoltaxicBurstAltY","[DNT] VoltaxicBurstAltY","[DNT] VoltaxicBurstAltY","[DNT] VoltaxicBurstAltY","[DNT] VoltaxicBurstAltY","[DNT] VoltaxicBurstAltY","[DNT] VoltaxicBurstAltY","[DNT] VoltaxicBurstAltY","[DNT] VoltaxicBurstAltY",11736,"","","","","","","","","","","","","","","","","","","","","","","","[11,25,4,14,3,2,38,15]","",2
996,"RageVortex","","","","","","","","","","",11737,"","","","","","","","","","","","","","","","","","","","","","","","[9,25,13,7,14,15]","",5
997,"RageVortexAltX","Rage Vortex of Berserking","Vortex de rage du Berserk","Rauschender Vortex des Wütens","狂戦士化のレイジヴォーテックス","광폭화의 격노 소용돌이","Vórtice Furioso do Berserker","Свирепый вихрь неистовства","Vórtice de furia de berserker","ความคลั่งหมุนวนแห่งความบ้าคลั่ง (Rage Vortex of Berserking)","盛怒漩渦．狂暴",11738,"","","","","","","","","","","","","","","","","","","","","","","","[9,25,13,7,14]","",1
998,"RageVortexAltY","[DNT] RageVortexAltY","[DNT] RageVortexAltY","[DNT] RageVortexAltY","[DNT] RageVortexAltY","[DNT] RageVortexAltY","[DNT] RageVortexAltY","[DNT] RageVortexAltY","[DNT] RageVortexAltY","[DNT] RageVortexAltY","[DNT] RageVortexAltY",11739,"","","","","","","","","","","","","","","","","","","","","","","","[9,25,13,7,14,15]","",2
999,"SpectralHelix","","","","","","","","","","",11777,"","","","","","","","","","","","","","","","","","","","","","","","[10,25,13,5]","",5
1000,"SpectralHelixAltX","[DNT] SpectralHelixAltX","[DNT] SpectralHelixAltX","[DNT] SpectralHelixAltX","[DNT] SpectralHelixAltX","[DNT] SpectralHelixAltX","[DNT] SpectralHelixAltX","[DNT] SpectralHelixAltX","[DNT] SpectralHelixAltX","[DNT] SpectralHelixAltX","[DNT] SpectralHelixAltX",11778,"","","","","","","","","","","","","","","","","","","","","","","","[10,25,13,5]","",1
1001,"SpectralHelixAltY","Spectral Helix of Trarthus","Spirale spectrale de Trarthus","Spektralhelix von Trarthus","トラーサスのスペクトラルヘリックス","트라투스의 영체 나선","Hélice Espectral de Trarthus","Призрачная спираль Тератны","Hélice espectral de Trarthus","เกลียวอาวุธเงาแห่งทาร์ทัส (Spectral Helix of Trarthus)","特拉特斯靈體旋武",11779,"","","","","","","","","","","","","","","","","","","","","","","","[20,10,25,13,5]","",3
1002,"BattlemagesCry","","","","","","","","","","",11742,"",11743,"","Supports spell skills, causing them to be triggered. Cannot support skills used by totems, traps, or mines. Vaal skills, channelling skills, and skills with a reservation cannot be triggered.","Modifie les aptitudes qui sont des sorts, leur permettant d'être déclenchées. Ne peut pas modifier les totems, pièges ou mines. Les aptitudes vaal, les aptitudes canalisées et les aptitudes à réservation ne peuvent pas être déclenchées.","Unterstützt Zauberfertigkeiten, wodurch diese ausgelöst werden. Kann keine Totem-, Fallen- oder Minenfertigkeiten unterstützen. Vaal-, Kanalisierungsfertigkeiten und Fertigkeiten mit Reservierungskosten, können nicht ausgelöst werden.","スペルスキルをサポートし、そのスキルをトリガーできるようにする。トーテム、トラップ、マインで使用されるスキルはサポートできない。ヴァールスキル、チャネリングスキルおよびリザーブするスキルはトリガーできない。","주문 스킬을 보조하여 발동시킵니다. 토템, 덫, 지뢰 스킬에는 적용되지 않으며 바알 스킬, 집중 유지 스킬, 점유가 있는 스킬은 발동되지 않습니다.","Suporta habilidades mágicas, fazendo com que sejam ativadas. Habilidades Vaal, canalizadas e habilidades com reserva não podem ser ativadas.","Усиливает умения чар, делая их срабатывающими. Нельзя усилить умения, используемые тотемами, ловушками и минами. Невозможно вызвать срабатывание умений ваал, поддерживаемых умений и умений с удержанием.","Asiste habilidades de hechizo y hace que se activen. No puede asistir habilidades usadas por tótems, trampas ni minas. Las habilidades vaal, las de canalización y las habilidades con reserva no se pueden activar.","ใช้เสริม สกิลเวท ทำให้มันถูกทริกเกอร์ ไม่สามารถเสริมสกิลที่ใช้โดย โทเทม, กับดัก หรือ ทุ่นระเบิด ได้ สกิลวาล์, สกิลแชนเนล, สกิลที่มีค่าสำรอง ไม่สามารถถูกทริกเกอร์ได้","輔助法術技能，使它們被觸發。不能輔助圖騰、陷阱和地雷技能。瓦爾技能、引導時施放技能和保留技能無法被觸發。","Battlemage's Cry Support","Soutien : Cri du Mage de bataille","Unterstützung: Schrei des Kampfmagiers","バトルメイジズクライサポート","전투마법사의 함성 보조","Suporte: Clamor do Mago de Batalha","Поддержка: Клич боевого мага","Asistencia de Grito del mago de batalla","หินเสริม Battlemage's Cry","戰法戰吼輔助","[27,47,26,9,25,14,15]","",5
1003,"SupportEarthbreaker","","","","","","","","","","",11744,"","","","Supports slam skills, causing them to summon an ancestor totem that uses the skill for you while you're near it. Being near it grants you increased area of effect for melee skills.","Modifie les aptitudes de Fracas en leur permettant d'invoquer un totem ancestral qui utilise l'aptitude modifiée utilisée à votre place lorsque vous êtes proche. Tant que vous êtes proche de votre totem ancestral, vous avez une Augmentation de zone d'effet avec vos aptitudes de mêlée.","Unterstützt Hieb-Fertigkeiten und lässt diese ein Ahnen-Totem beschwören, das die Fertigkeit für Euch benutzt, während Ihr Euch im Umkreis befindet. In seiner Nähe gewährt Euch das Totem vergrößerten Wirkungsbereich für Nahkampffertigkeiten.","スラムスキルをサポートし、使用者が周囲にいる場合そのスキルを使用するアンセストラルトーテムを召喚する。トーテムの周囲にいる際、使用者は近接スキルの効果範囲増加を獲得する。","강타 스킬에 적용되어 선대의 토템을 소환하게 합니다. 이 토템은 플레이어가 주변에 있는 동안 플레이어를 위해 스킬을 사용하고 플레이어의 근접 스킬 효과 범위를 증가시켜줍니다.","Suporta habilidades de pancada, fazendo com que convoquem um totem ancestral que utilizará a habilidade por você enquanto estiver próximo. Estar próximo do totem te concede aumento da área de efeito para habilidades corpo a corpo.","Усиливает умения мощных ударов, заставляя их призывать тотем предков, который использует умение вместо вас, пока вы находитесь рядом. Нахождение рядом с тотемом дарует вам увеличение области действия умений ближнего боя.","Asiste habilidades de embate para que invoquen un tótem de ancestro que use la habilidad por ti cuando estás cerca de él. Estar cerca te otorga área de efecto aumentada para las habilidades cuerpo a cuerpo.","เสริม สกิลทุบ ทำให้มันอัญเชิญ โทเทมบรรพชน ที่จะใช้สกิลให้กับคุณขณะที่คุณอยู่ใกล้กับมัน การอยู่ใกล้มันทำให้คุณมีพื้นที่ส่งผลของ สกิลประชิด เพิ่มขึ้น","輔助重擊技能，使他們召喚一個先祖圖騰，在你靠近它時為你使用該技能。靠近它可以增加近戰技能的效果範圍。","","","","","","","","","","","[13,7,40,14,9,16,19]",14533,5
1004,"Absolution","","","","","","","","","","",11747,"","","","","","","","","","","","","","","","","","","","","","","","[9,25,4,8,15,33,2,14]","",5
1005,"AbsolutionAltX","Absolution of Inspiring","Absolution de l'Inspiration","Absolution des Inspirierens","鼓舞のアブソリューション","격려의 면죄","Absolvição da Inspiração","Отпущение вдохновения","Absolución de inspiración","อภัยบาปแห่งการบันดาลใจ (Absolution of Inspiring)","赦免．啟發",11748,"","","","","","","","","","","","","","","","","","","","","","","","[9,25,4,8,15,33,2,14]","",1
1006,"AbsolutionAltY","[DNT] AbsolutionAltY","[DNT] AbsolutionAltY","[DNT] AbsolutionAltY","[DNT] AbsolutionAltY","[DNT] AbsolutionAltY","[DNT] AbsolutionAltY","[DNT] AbsolutionAltY","[DNT] AbsolutionAltY","[DNT] AbsolutionAltY","[DNT] AbsolutionAltY",11749,"","","","","","","","","","","","","","","","","","","","","","","","[9,25,4,8,15,33,2,14]","",2
1007,"SupportArrowNovaRoyale","","","","","","","","","","",10633,"","","","Supports bow attack skills that fire arrows forwards as projectiles. These skills will instead fire a payload arrow into the air to land at a targeted location. The supported skills' arrows will then fire out in a circle from where it lands. Cannot support skills that already fire arrows into the air, channelled skills, or skills that create Minions.","Modifie les aptitudes d'attaque à l'arc qui tirent des flèches face à vous, sous forme de Projectiles. Les Aptitudes modifiées tirent désormais une seule Flèche à déflagration dans les airs qui atterrit à l'emplacement ciblé. À l'impact, tire dans toutes les directions toutes les flèches censées être normalement tirées par l'Aptitude modifiée. Ne peut modifier les Aptitudes qui tirent des flèches dans les airs, les Aptitudes canalisées ou les Aptitudes de Créatures.","Unterstützt Bogen-Angriffsfertigkeiten, die Pfeile als Projektile abfeuern. Diese Fertigkeiten feuern stattdessen eine Sprengladung in die Luft, die an einer Zielposition landet. Die Pfeile der unterstützten Fertigkeit werden dann von dieser Position aus in einem Kreis abgefeuert. Kann keine Fertigkeiten unterstützen, die Kreaturen erzeugen, kanalisiert werden oder die bereits Pfeile in die Luft feuern.","投射物として前方に矢を放つ弓アタックスキルをサポートする。サポートされたスキルは代わりに、対象地点に着弾する矢の弾頭を空中に放つ。サポートされたスキルの矢は、着弾地点から放射状に放たれる。空中に矢を放つスキル、チャネリングスキル、ミニオンを生成するスキルはサポートできない。","전방으로 화살 투사체를 발사하는 활 공격 스킬에 적용됩니다. 기존 투사체 대신 탄두 화살을 허공으로 발사한 뒤 대상 지점에 떨어뜨리는 스킬입니다. 지면에 떨어지면 해당 지점에서 원형으로 보조 대상 스킬의 화살이 발사됩니다. 허공으로 화살을 발사해버리는 스킬이나 집중 유지 스킬, 소환수 생성 스킬에는 적용되지 않습니다.","Suporta habilidades de ataque com arco que disparam flechas adiante como projéteis. Estas habilidades vão disparar, ao invés, um carregamento de flechas no ar para caírem em um local alvo. As flechas das habilidades suportadas serão então disparadas em um círculo a partir de onde caírem. Não pode suportar habilidades que já disparam flechas no ar, habilidades canalizadas ou habilidades que criam Lacaios.","Усиливает умения атак лука, которые в качестве снарядов выпускают вперёд стрелы. Эти умения теперь будут выпускать заряженную стрелу в воздух, которая приземлится в указанной точке. Затем стрелы усиленных умений будут выпущены из этой точки кольцом. Не может усиливать умения, которые уже выпускают стрелы в воздух, поддерживаемые умения или умения, создающие приспешников.","Asiste habilidades de ataque de arco que disparan flechas hacia delante como proyectiles. En lugar de eso, estas habilidades disparan una flecha cargada al aire que aterriza en una ubicación objetivo. Y desde esta ubicación objetivo, las flechas de la habilidad asistida salen disparadas en forma de círculo. No puede asistir habilidades que ya disparen flechas al aire, habilidades de canalización ni habilidades que creen esbirros.","ใช้เสริม สกิลโจมตีธนู ที่ยิงศรเป็นโพรเจกไทล์ออกไปข้างหน้า ทำให้ยิงศรบรรทุกขึ้นไปบนฟ้าแทน เมื่อตกถึงตำแหน่งเป้าหมายจะยิงศรจาก สกิลที่เสริม ออกไปเป็นวงรอบทิศทาง ไม่สามารถเสริมสกิลที่ยิงธนูขึ้นฟ้า, สกิลแชนเนล หรือสกิลที่สร้าง มิเนียน ได้","輔助往前發射箭矢投射物的弓攻擊技能。此技能將會改為發射裝載彈藥的箭矢至空中並落地於指定位置。被輔助技能的投射物將會從箭矢落地點以新星形式發射。不能輔助朝空中發射箭矢的技能或製造召換物的技能。","","","","","","","","","","","[6,13,10,16,5]","",5
1008,"SupportBlasphemyRoyale","","","","","","","","","","",4740,"","","","Supports hex curse skills, turning them into auras that will apply their effect to all enemies in an area around you.","Modifie les aptitudes de malédiction qui sont des calamités en les transformant en auras qui appliquent leurs effets à tous les ennemis dans une zone autour de vous.","Unterstützt Verhexungs-Fluchfertigkeiten und wandelt diese in eine Aura um, die ihren Effekt auf Gegner im Umkreis anwenden.","呪術スキルをサポートし、使用者の周囲の範囲内すべての敵に影響を与えるオーラに変化させる。","사술 저주 스킬에 적용됩니다. 저주 스킬을 오라로 바꾸어 플레이어 주변의 모든 적에게 영향을 줍니다.","Suporta habilidades de feitiço-maldição, transformando-as em auras que aplicarão seu efeito em todos os inimigos em uma área ao seu redor.","Усиливает умения проклятий порчи, превращая их в ауры, которые действуют на врагов вокруг вас.","Asiste habilidades de maldición que sean maleficios y las transforma en auras que aplicarán su efecto a todos los enemigos que estén en un área a tu alrededor.","ใช้เสริม สกิลคำสาปสะกด ทำให้สกิลกลายเป็นออร่าที่ส่งผลต่อศัตรูที่อยู่ในพื้นที่รอบตัวคุณ","輔助咒術技能。使它們變成光環並作用於你附近的敵人。","","","","","","","","","","","[11,16,42,12]","",5
1009,"SupportCastOnDeathRoyale","","","","","","","","","","",2908,"","","","Each supported spell skill will be triggered when you die. Cannot support skills used by totems, traps, or mines. Vaal skills, channelling skills, and skills with a reservation cannot be triggered.","Toutes les aptitudes modifiées qui sont des sorts se déclenchent lorsque vous mourez. Ne peut pas modifier les totems, pièges ou mines. Les aptitudes vaal, les aptitudes canalisées et les aptitudes à réservation ne peuvent pas être déclenchées.","Jede unterstützte Zauberfertigkeit wird bei Spielertod ausgelöst. Kann keine Totem-, Fallen- oder Minenfertigkeiten unterstützen. Vaal-, Kanalisierungsfertigkeiten und Fertigkeiten mit Reservierungskosten, können nicht ausgelöst werden.","死亡時、サポートされたスペルをそれぞれトリガーする。トーテム、トラップ、マインで使用されるスキルはサポートできない。ヴァ―ルスキル、チャネリングスキルおよびリザーブするスキルはトリガーされない。","플레이어가 사망하면 보조 대상 주문 스킬이 발동됩니다. 토템, 덫, 지뢰 스킬에는 적용되지 않으며 바알 스킬, 집중 유지 스킬, 점유가 있는 스킬은 발동되지 않습니다.","Cada habilidade mágica suportada será ativada quando você morrer. Não pode suportar habilidades usadas por totens, armadilhas ou minas. Habilidades Vaal, canalizadas e habilidades com reserva não podem ser ativadas.","При смерти вызывает срабатывание всех усиленных чар. Нельзя усилить умения, используемые тотемами, ловушками и минами. Невозможно вызвать срабатывание умений ваал, поддерживаемых умений и умений с удержанием.","Cada habilidad de hechizo asistida se activará cuando mueras. No puede asistir habilidades usadas por tótems, trampas ni minas. Las habilidades vaal, las habilidades de canalización y las habilidades con reserva no se pueden activar.","สกิลเวทที่เสริมทุกเม็ดจะถูกทริกเกอร์เมื่อคุณตาย ไม่สามารถเสริมสกิลที่ใช้โดย โทเทม, กับดัก หรือ ทุ่นระเบิด ได้ สกิลวาล์, สกิลแชนเนล, สกิลที่มีค่าสำรอง ไม่สามารถถูกทริกเกอร์ได้","當你死亡時觸發所有輔助寶石。不能輔助圖騰、陷阱和地雷技能。瓦爾技能、引導時施放技能和保留技能無法被觸發。","","","","","","","","","","","[10,16,4,26]","",5
1010,"SupportFistofWarRoyale","","","","","","","","","","",11039,"","","","Supports slam skills, providing a powerful boost when they're used, with a delay before they can be boosted again. Cannot support Vaal skills or triggered skills. Cannot modify the skills of minions. Only skills you use yourself can receive the boost.","Modifie les aptitudes de fracas en leur donnant un effet puissant lors de leur utilisation. Cet effet disparaît ensuite pendant quelques temps avant d'être à nouveau disponible. Ne peut pas modifier les aptitudes vaal ou déclenchées. Ne peut pas modifier les aptitudes des créatures. Seules les aptitudes que vous utilisez vous-même peuvent recevoir cet effet.","Unterstützt Hieb-Fertigkeiten und gewährt bei deren Nutzung eine Verstärkung. Nach einer Verzögerung können diese erneut verstärkt werden. Kann keine Vaal- oder auslösbare Fertigkeiten unterstützen. Kann die Fertigkeiten von Kreaturen nicht modifizieren. Die Verstärkung erhalten nur Fertigkeiten, die Ihr selbst nutzt. ","スラムスキルをサポートし、スキル使用時に強力なブーストを行うが再度ブーストできるようになるまでに遅延が発生する。ヴァールスキルおよびトリガーされるスキルはサポートできない。ミニオンのスキルには影響しない。自身が使用したスキルのみブーストを得られる。","강타 스킬에 적용됩니다. 강타 스킬을 사용할 때 위력을 증폭하며, 다시 증폭되기 전에 지연시간이 있습니다. 바알 스킬 또는 발동형 스킬에는 적용되지 않습니다. 소환수가 사용하는 스킬도 적용되지 않습니다. 직접 사용하는 스킬만 증폭을 받습니다.","Suporta habilidades de pancada, concedendo um poderoso aumento de poder quando são usadas, com um tempo antes do aumento acontecer novamente. Não pode suportar habilidades Vaal ou ativadas. Não pode suportar as habilidades de lacaios. Somente habilidades que você usar manualmente podem receber o aumento.","Усиливает умения мощных ударов, периодически резко увеличивая эффект от их использования. Не усиливает умения ваал и срабатывающие умения. Не усиливает умения приспешников. Усиливающий эффект действует только на умения, используемые вами самостоятельно.","Asiste habilidades de embate y las potencia de forma poderosa cuando las usas. Tras usarlas, hay un tiempo de demora antes de que puedan ser potenciadas de nuevo. No puede asistir habilidades vaal ni habilidades de activación. No puede modificar las habilidades de los esbirros. Solo las habilidades que tú usas pueden recibir la potenciación.","ใช้เสริม สกิลทุบ เพื่อเพิ่มพลังให้กับมันอย่างมากเมื่อใช้งาน และมีระยะเวลาสั้นๆ ก่อนที่จะเพิ่มพลังได้อีกครั้ง ไม่สามารถเสริม สกิลวาล์หรือสกิลที่ถูกทริกเกอร์ ได้ ไม่สามารถแก้ไขสกิลที่มิเนียนใช้ได้ มีเพียงสกิลที่คุณใช้งานด้วยตนเองเท่านั้นที่จะได้รับการเพิ่มพลัง","輔助重擊技能，當使用時給予強大的加成，可再次加成前會有冷卻時間。不能輔助瓦爾技能或觸發型技能。不能調整召喚物的技能。只有你自己使用的技能可以獲得加成。","","","","","","","","","","","[40,13,7,14,9,16]","",5
1011,"SupportFortifyRoyale","","","","","","","","","","",4958,"","","","Supports melee attack skills that are not triggered.","Modifie les aptitudes d'attaque de mêlée qui ne sont pas déclenchées.","Unterstützt Nahkampf-Angriffsfertigkeiten, die nicht ausgelöst werden.","トリガーされない近接アタックスキルをサポートする。","비 발동형 근접 공격 스킬에 적용됩니다.","Suporta ataques corpo a corpo que não são ativados.","Усиливает не срабатывающие умения атак ближнего боя.","Asiste habilidades de ataque cuerpo a cuerpo que no sean de activación.","ใช้เสริม สกิลโจมตีประชิด ที่ไม่ถูกทริกเกอร์","輔助未被觸發的近戰攻擊技能。","","","","","","","","","","","[13,9,16,7]","",5
1012,"SupportSecondWindRoyale","","","","","","","","","","",10934,"","","","Supports skills with cooldowns.\nCannot support triggered skills.","Modifie les aptitudes qui ont un Temps de recharge.\nNe peut pas modifier les aptitudes déclenchées.","Unterstützt Fertigkeiten mit Abklingzeiten.\nKann keine auslösbaren Fertigkeiten unterstützen.","クールダウンを持つスキルをサポートする。\nトリガーされるスキルはサポートできない。","재사용 대기시간을 가진 스킬에 적용됩니다.\n발동형 스킬에는 적용되지 않습니다.","Suporta habilidades com recargas.\nNão pode suportar habilidades ativadas.","Усиливает умения со временем восстановления.\nНельзя усилить срабатывающие умения.","Asiste habilidades con tiempo de recarga.\nNo puede asistir habilidades activadas.","ใช้เสริมสกิลที่มีคูลดาวน์\nไม่สามารถเสริมสกิลที่ถูกทริกเกอร์ได้","輔助有冷卻時間的技能。\n不能輔助觸發型技能。","","","","","","","","","","","[10,16]","",5
1013,"SupportSpellEchoRoyale","","","","","","","","","","",2562,"","","","Supports spell skills, making them repeat when cast. Cannot support Vaal skills, totem skills, channelling skills, triggered skills, instant skills, blink skills, or skills with a reservation.","Modifie les aptitudes de sort, les faisant se répéter lors de leur incantation. Ne peut pas modifier les aptitudes vaal, de totem, de canalisation, déclenchées, instantanées, de transfert, ni les aptitudes ayant une réservation.","Unterstützt Zauberfertigkeiten, die sich beim Zaubern wiederholen. Kann keine Vaal-, Totem-, Kanalisierungs-, auslösbare oder sofort gewirkte Fertigkeiten oder Fertigkeiten mit Reservierungskosten reservieren.","スペルスキルをキャストし、キャストした際にスキルが繰り返される。ヴァ―ルスキル、トーテムスキル、チャネリングスキル、トリガーされるスキル、即時発動スキル、ブリンクスキルおよびリザーブするスキルはサポートされない。","주문 스킬에 적용되며, 시전 시 스킬이 반복됩니다. 바알 스킬, 토템 스킬, 집중 유지 스킬, 발동형 스킬, 즉시 시전 스킬, 점멸 스킬, 점유가 있는 스킬에는 적용되지 않습니다","Suporta habilidades mágicas, fazendo com que se repitam quando conjuradas. Não pode suportar habilidades Vaal, totens, canalizadas, ativadas, instantâneas, de teleporte ou habilidades com uma reserva.","Усиливает чары. При сотворении чары повторяются несколько раз. Нельзя усилить умения ваал, умения тотемов, поддерживаемые умения, срабатывающие умения, мгновенные умения, умения смещения и умения с удержанием.","Asiste habilidades de hechizo para que se repitan cuando las lanzas. No puede asistir habilidades vaal, de tótem, de canalización, de activación, instantáneas, de traslación ni habilidades que tengan reserva.","ใช้เสริม สกิลเวท ทำให้เกิดซ้ำเมื่อร่าย ไม่สามารถเสริม สกิลวาล์, สกิลโทเทม, สกิลแชนเนล, สกิลที่ถูกทริกเกอร์, สกิลที่ส่งผลทันที, สกิลก้าวพริบตา หรือ สกิลที่มีค่าสำรอง ได้","輔助法術技能，使它們施放時重複。不能輔助瓦爾技能、圖騰技能、引導施放技能、觸發技能、立即技能、閃現技能或保留技能。","","","","","","","","","","","[4,11,16]","",5
1014,"SupportSummonPhantasmRoyale","","","","","","","","","","",8841,"","","","Supports skills that can hit enemies, or create minions. When those skills or minions kill enemies, or hit rare or unique enemies they will have a chance to summon a Phantasm minion, which uses a piercing projectile spell that deals physical damage.","Modifie les aptitudes qui peuvent toucher les ennemis ou créer des Créatures. Lorsque ces aptitudes ou ces Créatures tuent un ennemi, ou lorsqu'elles touchent un ennemi rare ou unique, elles ont des chances d'invoquer une Apparition ; une Créature qui inflige des dégâts en lançant un sort sous forme de projectile.","Unterstützt Fertigkeiten, die Gegner treffen oder Kreaturen beschwören können. Bei Tötung eines Gegners oder beim Treffen eines seltenen oder einzigartigen Gegners, haben diese Fertigkeiten oder Kreaturen eine Chance, eine Phantasma-Kreatur zu beschwören, die einen durchbohrenden Projektilzauber verwendet, der physischen Schaden verursacht.","敵をヒットまたはミニオンを生成するスキルをサポートする。これらスキルまたはミニオンが敵を倒した時、またはレア、ユニークの敵をヒットした時、物理ダメージを与え貫通する投射物を放つファンタズムミニオンを召喚する確率を得る。","공격 스킬과 소환수를 생성하는 스킬에 적용됩니다. 공격 스킬 또는 소환수가 적을 처치하거나 희귀/고유 적을 명중할 경우, 일정 확률로 환영을 불러냅니다. 환영은 물리 피해를 주는 관통형 투사체 주문을 시전합니다","Suporta habilidades que podem acertar inimigos ou criar lacaios. Quando tais habilidades ou lacaios matarem inimigos ou acertarem inimigos raros ou únicos, elas terão uma chance de convocar um lacaio Fantasma que usará uma magia de projétil perfurante que causa dano físico.","Усиливает умения, наносящие удары по врагам или создающие приспешников. Когда эти умения или приспешники убивают врагов или наносят удар по редким и уникальным врагам, они получают шанс призвать приспешника-фантома, который использует чары снарядов, наносящие физический урон и пронзающие врагов.","Asiste habilidades que puedan golpear enemigos o crear esbirros. Cuando esas habilidades o esbirros maten enemigos o golpeen a enemigos raros o únicos, tendrán una probabilidad de invocar a un esbirro fantasma que usará un hechizo de proyectil perforante que inflige daño físico.","ใช้เสริมสกิลที่ปะทะศัตรูหรือสร้างมิเนียน ทำให้การสังหารศัตรูหรือการปะทะ ศัตรูแรร์หรือยูนิค ด้วยสกิลเหล่านี้หรือมิเนียน มีโอกาสอัญเชิญมิเนียน ผี ออกมา ซึ่งจะใช้เวทโพรเจกไทล์เจาะทะลุที่สร้างความเสียหาย กายภาพ","輔助能擊中敵人或創造召喚物的技能。當技能或召喚物擊殺敵人，或擊中稀有、傳奇敵人時，它們有機會召喚幻影，幻影會使用穿透的投射物法術造成物理傷害。","","","","","","","","","","","[11,16,8]","",5
1015,"SearingBondRoyale","","","","","","","","","","",2570,"","","","","","","","","","","","","","","","","","","","","","","","[9,25,4,19,0]","",5
1016,"ShockwaveTotemRoyale","","","","","","","","","","",2054,"","","","","","","","","","","","","","","","","","","","","","","","[19,9,25,4,14,33,38]","",5
1017,"BurningArrowRoyale","","","","","","","","","","",2011,"","","","","","","","","","","","","","","","","","","","","","","","[10,25,13,5,0,6]","",5
1018,"CausticArrowRoyale","","","","","","","","","","",668,"","","","","","","","","","","","","","","","","","","","","","","","[10,25,13,5,14,15,3,6]","",5
1019,"GalvanicArrowRoyale","","","","","","","","","","",5231,"","","","","","","","","","","","","","","","","","","","","","","","[2,10,25,13,5,14,6]","",5
1020,"SummonSkeletonsRoyale","","","","","","","","","","",1266,"","","","","","","","","","","","","","","","","","","","","","","","[11,25,4,8,15]","",5
1021,"SummonRagingSpiritRoyale","","","","","","","","","","",3160,"","","","","","","","","","","","","","","","","","","","","","","","[11,25,4,8,15,0]","",5
1022,"DetonateDeadRoyale","","","","","","","","","","",371,"","","","","","","","","","","","","","","","","","","","","","","","[10,25,4,14,0]","",5
1023,"EtherealKnivesRoyale","","","","","","","","","","",2200,"","","","","","","","","","","","","","","","","","","","","","","","[10,25,4,5,33]","",5
1024,"UnearthRoyale","","","","","","","","","","",8559,"","","","","","","","","","","","","","","","","","","","","","","","[10,25,4,5,14,33]","",5
1025,"BallLightningRoyale","","","","","","","","","","",2433,"","","","","","","","","","","","","","","","","","","","","","","","[11,25,4,5,14,2]","",5
1026,"BlazingSalvoRoyale","","","","","","","","","","",11195,"","","","","","","","","","","","","","","","","","","","","","","","[11,25,4,14,0,5]","",5
1027,"ColdSnapRoyale","","","","","","","","","","",9269,"","","","","","","","","","","","","","","","","","","","","","","","[11,25,4,14,1,15]","",5
1028,"DarkPactRoyale","","","","","","","","","","",5885,"","","","","","","","","","","","","","","","","","","","","","","","[8,11,25,4,14,18,3,38]","",5
1029,"FireballRoyale","","","","","","","","","","",5,"","","","","","","","","","","","","","","","","","","","","","","","[11,25,5,4,14,0]","",5
1030,"GlacialCascadeRoyale","","","","","","","","","","",3278,"","","","","","","","","","","","","","","","","","","","","","","","[11,25,4,14,1,33]","",5
1031,"FrostBladesRoyale","","","","","","","","","","",4982,"","","","","","","","","","","","","","","","","","","","","","","","[10,25,13,5,7,36,1]","",5
1032,"ShatteringSteelRoyale","","","","","","","","","","",9818,"","","","","","","","","","","","","","","","","","","","","","","","[10,25,13,5,14,33]","",5
1033,"WildStrikeRoyale","","","","","","","","","","",5106,"","","","","","","","","","","","","","","","","","","","","","","","[10,25,13,7,36,2,1,0,5,14,18,45]","",5
1034,"CleaveRoyale","","","","","","","","","","",188,"","","","","","","","","","","","","","","","","","","","","","","","[9,25,13,14,7]","",5
1035,"DominatingBlowRoyale","","","","","","","","","","",1316,"","","","","","","","","","","","","","","","","","","","","","","","[9,25,13,8,15,7,36]","",5
1036,"InfernalBlowRoyale","","","","","","","","","","",9367,"","","","","","","","","","","","","","","","","","","","","","","","[9,25,13,14,7,36,0,15]","",5
1037,"SunderRoyale","","","","","","","","","","",11036,"","","","","","","","","","","","","","","","","","","","","","","","[9,25,13,14,7,40]","",5
1038,"SupportFasterProjectilesRoyale","","","","","","","","","","",618,"","","","Supports projectile skills.","Modifie les aptitudes à projectiles","Unterstützt Projektilfertigkeiten.","投射物スキルをサポートする。","투사체 스킬에 적용됩니다.","Suporta habilidades de projétil.","Усиливает умения снарядов.","Asiste habilidades de proyectiles.","ใช้เสริม สกิลโพรเจกไทล์","輔助投射物技能。","","","","","","","","","","","[10,16,5]","",5
1039,"SupportPointBlankRoyale","","","","","","","","","","",2030,"","","","Supports projectile skills.","Modifie les aptitudes à projectiles","Unterstützt Projektilfertigkeiten.","投射物スキルをサポートする。","투사체 스킬에 적용됩니다.","Suporta habilidades de projétil.","Усиливает умения снарядов.","Asiste habilidades de proyectiles.","ใช้เสริม สกิลโพรเจกไทล์","輔助投射物技能。","","","","","","","","","","","[5,13,10,16]","",5
1040,"SupportChanceToBleedRoyale","","","","","","","","","","",6816,"","","","Supports attack skills. Cannot support skills that create minions.","Modifie les aptitudes d'attaque. Ne peut modifier les aptitudes qui créent des Créatures.","Unterstützt Angriffsfertigkeiten. Kann keine Fertigkeiten unterstützen, die Kreaturen erzeugen.","アタックスキルをサポートする。ミニオンを作り出すスキルはサポートされない。","공격 스킬에 적용됩니다. 소환수 생성 스킬에는 적용되지 않습니다.","Suporta habilidades de ataque. Não pode suportar habilidades que criam lacaios.","Усиливает умения атак. Не усиливает умения, создающие приспешников.","Asiste habilidades de ataque. No puede asistir habilidades que creen esbirros.","ใช้เสริม สกิลโจมตี ไม่สามารถเสริมสกิลที่สร้าง มิเนียน ได้","輔助攻擊技能。不能輔助製造召喚物的技能。","","","","","","","","","","","[13,33,9,16]","",5
1041,"SupportKnockbackRoyale","","","","","","","","","","",752,"","","","Supports any skill that hits enemies.","Modifie les aptitudes qui touchent les ennemis.","Unterstützt Fertigkeiten, die Treffer bei Gegnern verursachen.","敵にヒットを与えるスキルをサポートする。","적을 명중하는 모든 스킬에 적용됩니다.","Suporta qualquer habilidade que acerte inimigos.","Усиливает любое умение, наносящее удары по врагам.","Asiste cualquier habilidad que golpee enemigos.","ใช้เสริมสกิลที่ปะทะศัตรู","輔助任何可擊中敵人的技能。","","","","","","","","","","","[9,16]","",5
1042,"SupportMaimRoyale","","","","","","","","","","",7692,"","","","Supports attack skills, or other skills that can maim enemies.","Modifie les aptitudes d'attaque ou bien les aptitudes en mesure de Mutiler les ennemis.","Unterstützt Angriffsfertigkeiten oder andere Fertigkeiten, die Gegner verstümmeln können.","アタックスキルまたは敵を重傷状態にするスキルをサポートする。","공격 스킬 또는 힘줄 절단 상태를 유발하는 스킬에 적용됩니다.","Suporta habilidades de ataque ou outras habilidades que possam mutilar os inimigos.","Усиливает умения атак и другие умения, способные изувечить врагов.","Asiste habilidades de ataque u otras habilidades que puedan lisiar a los enemigos.","ใช้เสริม สกิลโจมตี หรือสกิลอื่นที่สร้างสถานะ ขาหัก ต่อศัตรูได้","輔助攻擊技能，或其它可以癱瘓敵人的技能。","","","","","","","","","","","[13,33,9,16]","",5
1043,"SupportStunRoyale","","","","","","","","","","",932,"","","","Supports any skill that hits enemies, making it easier to stun enemies with those skills.","Modifie toutes les aptitudes qui touchent les ennemis, leur permettant d'étourdir plus facilement les ennemis.","Unterstützt Fertigkeiten, die Treffer bei Gegnern verursachen und erleichtert das Betäuben von Gegnern mit dieser Fertigkeit.","敵にヒットを与えるスキル全てをサポートし、そのスキルで敵をスタンしやすくする。","적을 명중하는 모든 스킬에 적용되어 적을 더 쉽게 기절시킬 수 있습니다.","Suporta qualquer habilidade que acerte inimigos, tornando-os mais fácil de atordoar com tais habilidades.","Усиливает любое умение, наносящее удары по врагам. Усиленными умениями проще оглушить врагов.","Asiste cualquier habilidad que golpee enemigos para que sea más fácil aturdir a los enemigos con esas habilidades.","ใช้เสริมสกิลที่ปะทะศัตรู ทำให้สกิลเหล่านี้สร้างสถานะ สตัน ต่อศัตรูได้ง่ายขึ้น","輔助任何可擊中敵人的技能，讓技能更容易暈眩敵人。","","","","","","","","","","","[9,16]","",5
1044,"SupportConcentratedEffectRoyale","","","","","","","","","","",1329,"","","","Supports any skill with an area of effect, regardless of whether that skill deals damage.","Modifie toutes les aptitudes avec une zone d'effet, qu'elles infligent ou non des dégâts.","Unterstützt Fertigkeiten mit Wirkungsbereich, unabhängig davon, ob diese Fertigkeiten Schaden verursachen.","ダメージを与えるかどうかに関わらず、効果範囲を持つスキルをサポートする。","피해를 주는 여부와 관련 없이 범위 효과를 주는 모든 스킬에 적용됩니다.","Suporta qualquer habilidade com uma área de efeito, independente se tal habilidade causa dano ou não.","Усиливает любое умение с областью действия, даже если умение не наносит урон.","Asiste cualquier habilidad que tenga un área de efecto, independientemente de si esa habilidad inflige daño o no.","ใช้เสริมสกิลที่มีพื้นที่ส่งผล ไม่ว่ามันจะสร้างความเสียหายได้หรือไม่ก็ตาม","輔助任何範圍效果的技能，不管技能是否造成傷害。","","","","","","","","","","","[11,16,14]","",5
1045,"SupportIncreasedCriticalStrikesRoyale","","","","","","","","","","",749,"","","","Supports any skill that hits enemies.","Modifie les aptitudes qui touchent les ennemis.","Unterstützt Fertigkeiten, die Treffer bei Gegnern verursachen.","敵にヒットを与えるスキルをサポートする。","적을 명중하는 모든 스킬에 적용됩니다.","Suporta qualquer habilidade que acerte inimigos.","Усиливает любое умение, наносящее удары по врагам.","Asiste cualquier habilidad que golpee enemigos.","ใช้เสริมสกิลที่ปะทะศัตรู","輔助任何可擊中敵人的技能。","","","","","","","","","","","[47,11,16]","",5
1046,"LightningArrowRoyale","","","","","","","","","","",1919,"","","","","","","","","","","","","","","","","","","","","","","","[10,25,13,14,5,2,6]","",5
1047,"ExplosiveArrowRoyale","","","","","","","","","","",1083,"","","","","","","","","","","","","","","","","","","","","","","","[10,25,13,5,14,15,0,6]","",5
1048,"ViperStrikeRoyale","","","","","","","","","","",1065,"","","","","","","","","","","","","","","","","","","","","","","","[10,25,13,15,7,36,3]","",5
1049,"SweepRoyale","","","","","","","","","","",119,"","","","","","","","","","","","","","","","","","","","","","","","[9,25,13,14,7,2]","",5
1050,"IncinerateRoyale","","","","","","","","","","",9293,"","","","","","","","","","","","","","","","","","","","","","","","[11,25,4,0,30,14]","",5
1051,"ShockNovaRoyale","","","","","","","","","","",1025,"","","","","","","","","","","","","","","","","","","","","","","","[11,25,4,14,2,38]","",5
1052,"IceShotRoyale","","","","","","","","","","",2236,"","","","","","","","","","","","","","","","","","","","","","","","[10,25,13,5,14,1,6]","",5
1053,"FreezingPulseRoyale","","","","","","","","","","",1007,"","","","","","","","","","","","","","","","","","","","","","","","[11,25,4,5,1]","",5
1054,"GroundSlamRoyale","","","","","","","","","","",9362,"","","","","","","","","","","","","","","","","","","","","","","","[9,25,13,14,7,40]","",5
1055,"BearTrapRoyale","","","","","","","","","","",2074,"","","","","","","","","","","","","","","","","","","","","","","","[20,10,25,4,15,33]","",5
1056,"HeavyStrikeRoyale","","","","","","","","","","",1300,"","","","","","","","","","","","","","","","","","","","","","","","[9,25,13,7,36]","",5
1057,"CobraLashRoyale","","","","","","","","","","",10558,"","","","","","","","","","","","","","","","","","","","","","","","[47,10,25,13,5,3]","",5
1058,"IceSpearRoyale","","","","","","","","","","",936,"","","","","","","","","","","","","","","","","","","","","","","","[47,11,25,4,5,1]","",5
1059,"SupportMeleeSplashRoyale","","","","","","","","","","",2565,"","","","Supports melee strike skills, causing their melee strike to deal splash damage around each target hit.","Modifie les aptitudes de frappe de mêlée, permettant à ces aptitudes d'infliger des dégâts collatéraux à tous les ennemis situés autour de la cible.","Unterstützt Nahkampf-Schlagfertigkeiten und bewirkt, dass der Nahkampfschlag Streuschaden um jedes getroffene Ziel verursacht.","近接ストライクスキルをサポートし、近接攻撃がヒットした際、スプラッシュダメージを与える。","근접 타격 스킬에 적용됩니다. 근접 타격이 대상에 명중할 때마다 주변의 적에게 범위 피해를 줍니다.","Suporta habilidades de golpe, fazendo com que seu golpe corpo a corpo propague o dano ao redor do alvo acertado.","Усиливает умения ударов ближнего боя. Удары в ближнем бою наносят урон по области вокруг каждой поражённой цели.","Asiste habilidades de golpe cuerpo a cuerpo para que su golpe cuerpo a cuerpo inflija daño colateral alrededor de cada objetivo golpeado.","ใช้เสริม สกิลฟาดประชิด ทำให้การฟาดประชิดของสกิลเหล่านี้สร้างความเสียหายกระจายรอบเป้าหมายแต่ละตัวที่ถูกปะทะ","輔助近戰打擊技能，每擊中目標使近戰攻擊擴散傷害至目標附近。","","","","","","","","","","","[9,16,7,13,36,14]","",5
1060,"ForbiddenRite","","","","","","","","","","",11756,"","","","","","","","","","","","","","","","","","","","","","","","[11,25,4,14,3,5]","",5
1061,"ForbiddenRiteAltX","Forbidden Rite of Soul Sacrifice","Rite interdit du Sacrifice de l'âme","Verbotener Ritus der Seelenopferung","魂の生贄のフォビドゥンライト","영혼 희생의 금단의 의식","Ritual Proibido do Sacrifício D'alma","Запретный ритуал жертвоприношения души","Ritual prohibido de sacrificio de almas","พิธีต้องห้ามแห่งการสังเวยวิญญาณ (Forbidden Rite of Soul Sacrifice)","禁忌儀式．靈魂獻祭",11757,"","","","","","","","","","","","","","","","","","","","","","","","[11,25,4,14,3,5]","",1
1062,"ForbiddenRiteAltY","[DNT] ForbiddenRiteAltY","[DNT] ForbiddenRiteAltY","[DNT] ForbiddenRiteAltY","[DNT] ForbiddenRiteAltY","[DNT] ForbiddenRiteAltY","[DNT] ForbiddenRiteAltY","[DNT] ForbiddenRiteAltY","[DNT] ForbiddenRiteAltY","[DNT] ForbiddenRiteAltY","[DNT] ForbiddenRiteAltY",11758,"","","","","","","","","","","","","","","","","","","","","","","","[11,25,4,14,3,5]","",2
1063,"Ambush","","","","","","","","","","",11754,"","","","","","","","","","","","","","","","","","","","","","","","[47,10,25,4,22,15,35]","",5
1064,"Manabond","","","","","","","","","","",11759,"","","","","","","","","","","","","","","","","","","","","","","","[11,25,4,14,2,46]","",5
1065,"ManabondAltX","[DNT] ManabondAltX","[DNT] ManabondAltX","[DNT] ManabondAltX","[DNT] ManabondAltX","[DNT] ManabondAltX","[DNT] ManabondAltX","[DNT] ManabondAltX","[DNT] ManabondAltX","[DNT] ManabondAltX","[DNT] ManabondAltX",11760,"","","","","","","","","","","","","","","","","","","","","","","","[11,25,4,14,2,46]","",1
1066,"ManabondAltY","[DNT] ManabondAltY","[DNT] ManabondAltY","[DNT] ManabondAltY","[DNT] ManabondAltY","[DNT] ManabondAltY","[DNT] ManabondAltY","[DNT] ManabondAltY","[DNT] ManabondAltY","[DNT] ManabondAltY","[DNT] ManabondAltY",11761,"","","","","","","","","","","","","","","","","","","","","","","","[11,25,4,14,2,46]","",2
1067,"BladeTrap","","","","","","","","","","",11763,"","","","","","","","","","","","","","","","","","","","","","","","[20,10,25,13,14]","",5
1068,"BladeTrapAltX","Blade Trap of Greatswords","Piège de lames d'Espadons","Klingenfalle der Großschwerter","大剣のブレードトラップ","대검의 칼날 덫","Armadilha de Lâminas da Espada Grande","Ловушка лезвий с большими мечами","Trampa de filos de mandobles","กับดักใบมีดแห่งดาบยักษ์ (Blade Trap of Greatswords)","刀鋒陷阱．巨劍",11764,"","","","","","","","","","","","","","","","","","","","","","","","[20,10,25,13,14,15]","",1
1069,"BladeTrapAltY","Blade Trap of Laceration","Piège de lames de la Lacération","Klingenfalle der Zerfleischung","裂傷のブレードトラップ","열상의 칼날 덫","Armadilha de Lâminas da Laceração","Ловушка лезвий разрубания","Trampa de filos de laceración","กับดักใบมีดแห่งการฉีกร่าง (Blade Trap of Laceration)","刀鋒陷阱．撕裂",11765,"","","","","","","","","","","","","","","","","","","","","","","","[20,10,25,13,14,33]","",2
1070,"StormRain","","","","","","","","","","",11767,"","","","","","","","","","","","","","","","","","","","","","","","[10,25,13,14,2,5,6]","",5
1071,"StormRainAltX","Storm Rain of the Conduit","Pluie électrique de la Surtension","Sturmregen der Leitung","電導管のストームレイン","도관의 폭풍우","Chuva Tempestuosa do Conduíte","Грозовой дождь проводника","Lluvia de tormenta del conducto","ฝนสายฟ้าแห่งการล่อฟ้า (Storm Rain of the Conduit)","暴風雷雨．導管",11768,"","","","","","","","","","","","","","","","","","","","","","","","[10,25,13,14,2,5,6]","",1
1072,"StormRainAltY","Storm Rain of the Fence","Pluie électrique de la Barrière","Sturmregen der Abgrenzung","電磁柵のストームレイン","울타리의 폭풍우","Chuva Tempestuosa da Barreira","Заградительный грозовой дождь","Lluvia de tormenta de la alambrada","ฝนสายฟ้าแห่งรั้ว (Storm Rain of the Fence)","暴風雷雨．籬笆",11769,"","","","","","","","","","","","","","","","","","","","","","","","[10,25,13,14,2,5,6]","",2
1073,"ShieldCrush","","","","","","","","","","",11772,"","","","","","","","","","","","","","","","","","","","","","","","[9,25,13,7,14,33]","",5
1074,"ShieldCrushAltX","Shield Crush of the Chieftain","Bouclier écrasant du Chef tribal","Zermalmender Schild des Stammesführers","族長のシールドクラッシュ","부족장의 방패 타쇄","Esmagar Escudos do Chefe Guerreiro","Сокрушающий щит вождя","Barrido con escudo del jefe de guerra","โล่บดขยี้แห่งหัวหน้าเผ่า (Shield Crush of the Chieftain)","重盾粉碎．酋長",11773,"","","","","","","","","","","","","","","","","","","","","","","","[9,25,13,7,14,0]","",1
1075,"ShieldCrushAltY","[DNT] ShieldCrushAltY","[DNT] ShieldCrushAltY","[DNT] ShieldCrushAltY","[DNT] ShieldCrushAltY","[DNT] ShieldCrushAltY","[DNT] ShieldCrushAltY","[DNT] ShieldCrushAltY","[DNT] ShieldCrushAltY","[DNT] ShieldCrushAltY","[DNT] ShieldCrushAltY",11774,"","","","","","","","","","","","","","","","","","","","","","","","[9,25,13,7,14,33]","",2
1076,"BloodOffering","","","","","","","","","","",6616,"","","","","","","","","","","","","","","","","","","","","","","","[11,25,4,15,8]","",5
1077,"SupportFocusedBallista","","","","","","","","","","",11780,"","","","Supports skills that summon ballista totems. Cannot modify the skills of minions.","Modifie les aptitudes qui invoquent des Totems baliste. Ne peut pas modifier mes aptitudes des Créatures.","Unterstützt Fertigkeiten, die Ballistentotems beschwören. Kann die Fertigkeiten von Kreaturen nicht modifizieren.","バリスタトーテムを召喚するスキルをサポートする。ミニオンのスキルには影響しない。","쇠뇌 토템을 소환하는 스킬에 적용됩니다. 소환수가 사용하는 스킬에는 적용되지 않습니다.","Suporta habilidades que convocam totens balista. Não pode modificar habilidades de lacaios.","Усиливает умения, призывающие тотемы-баллисты. Не усиливает умения приспешников.","Asiste habilidades que invocan tótems balista. No puede modificar las habilidades de los esbirros.","ใช้เสริมสกิลที่อัญเชิญ โทเทมหน้าไม้ ไม่สามารถใช้แก้ไขสกิลที่มิเนียนใช้ได้","輔助召喚砲塔圖騰的技能。不能調整召喚物的技能。","","","","","","","","","","","[5,10,16,19]",14532,5
1078,"SummonReaper","","","","","","","","","","",11781,"","","","","","","","","","","","","","","","","","","","","","","","[11,25,33,8,4]","",5
1079,"SummonReaperAltX","Summon Reaper of Revenants","Invocation de Faucheuse des Revenants","Schnitter der Wiedergänger beschwören","死霊のリーパー召喚","원령의 수확자 소환","Convocar Ceifador dos Fantasmas","Призыв Жнеца-призрака","Invocar desgarrador de apariciones","อัญเชิญยมทูตแห่งวิญญาณคืนถิ่น (Summon Reaper of Revenants)","召喚奪魂鐮．亡靈",11782,"","","","","","","","","","","","","","","","","","","","","","","","[11,25,8,4]","",1
1080,"SummonReaperAltY","Summon Reaper of Eviscerating","Invocation de Faucheuse de l'Éviscération","Schnitter der Ausweidung beschwören","腸抜きのリーパー召喚","적출의 수확자 소환","Convocar Ceifador da Evisceração","Призыв Жнеца-потрошителя","Invocar desgarrador de evisceración","อัญเชิญยมทูตแห่งการคว้านไส้ (Summon Reaper of Eviscerating)","召喚奪魂鐮．剜剖",11783,"","","","","","","","","","","","","","","","","","","","","","","","[11,25,33,8,4]","",2
1081,"SupportBehead","","","","","","","","","","",11786,"","","","Supports strike skills.","Modifie les aptitudes de Frappe.","Unterstützt Schlag-Fertigkeiten.","ストライクスキルをサポートする。","타격 스킬에 적용됩니다.","Suporta habilidades de golpe.","Усиливает умения ударов.","Asiste habilidades de golpe.","ใช้เสริม สกิลฟาด","輔助打擊技能。","","","","","","","","","","","[9,16,7,13,36]",14534,5
1082,"Boneshatter","","","","","","","","","","",11788,"","","","","","","","","","","","","","","","","","","","","","","","[9,25,13,7,36,14,15,33]","",5
1083,"BoneshatterAltX","Boneshatter of Complex Trauma","Brise-os du Traumatisme complexe","Knochenbrechen des schweren Traumas","複雑性トラウマのボーンシャッター","복합 외상의 뼈 박살","Quebra-Ossos do Traumatismo Complexo","Дробление костей сложного перелома","Destrozahuesos de traumatismo complejo","สลายกระดูกแห่งช้ำในซับซ้อน (Boneshatter of Complex Trauma)","碎骨．創傷",11789,"","","","","","","","","","","","","","","","","","","","","","","","[9,25,13,7,36,14,15,33]","",1
1084,"BoneshatterAltY","Boneshatter of Carnage","Brise-os du Carnage","Knochenbrechen des Gemetzels","虐殺のボーンシャッター","살육의 뼈 박살","Quebra-Ossos da Carnificina","Дробление костей бойни","Destrozahuesos de matanza","สลายกระดูกแห่งความโหดเหี้ยม (Boneshatter of Carnage)","碎骨．屠殺",11790,"","","","","","","","","","","","","","","","","","","","","","","","[9,25,13,7,36,14]","",2
1085,"ExplosiveConcoction","","","","","","","","","","",11802,"","","","","","","","","","","","","","","","","","","","","","","","[10,25,13,14,0,1,2,5]","",5
1086,"ExplosiveConcoctionAltX","Explosive Concoction of Destruction","Concoction explosive de la Destruction","Explosiver Trank der Zerstörung","破壊のエクスプローシブコンコクション","파괴의 폭발성 혼합물","Composto Explosivo da Destruição","Взрывная смесь разрушения","Sustancia explosiva de destrucción","น้ำยาระเบิดแห่งการทำลายล้าง (Explosive Concoction of Destruction)","爆裂物．破壞",11803,"","","","","","","","","","","","","","","","","","","","","","","","[47,10,25,13,14,0,1,2,5]","",1
1087,"ExplosiveConcoctionAltY","[DNT] ExplosiveConcoctionAltY","[DNT] ExplosiveConcoctionAltY","[DNT] ExplosiveConcoctionAltY","[DNT] ExplosiveConcoctionAltY","[DNT] ExplosiveConcoctionAltY","[DNT] ExplosiveConcoctionAltY","[DNT] ExplosiveConcoctionAltY","[DNT] ExplosiveConcoctionAltY","[DNT] ExplosiveConcoctionAltY","[DNT] ExplosiveConcoctionAltY",11804,"","","","","","","","","","","","","","","","","","","","","","","","[10,25,13,14,0,1,2,5]","",2
1088,"EyeOfWinter","","","","","","","","","","",11836,"","","","","","","","","","","","","","","","","","","","","","","","[11,25,4,5,1]","",5
1089,"EyeOfWinterAltX","Eye of Winter of Finality","Œil de l'hiver de la Finalité","Auge des Winters der Endgültigkeit","終焉のアイオブウィンター","종극의 겨울의 눈","Olho Invernal da Finalidade","Око зимы необратимости","Ojo del invierno de finalidad","ดวงตาเหมันต์แห่งการสิ้นสุด (Eye of Winter of Finality)","凜冬之眼．終結",11837,"","","","","","","","","","","","","","","","","","","","","","","","[11,25,4,5,1]","",1
1090,"EyeOfWinterAltY","Eye of Winter of Transience","Œil de l'hiver de la Fugacité","Auge des Winters der Vergänglichkeit","一時性のアイオブウィンター","덧없음의 겨울의 눈","Olho Invernal da Transitoriedade","Око зимы бренности","Ojo del invierno de transitoriedad","ดวงตาเหมันต์แห่งความไม่จีรัง (Eye of Winter of Transience)","凜冬之眼．轉瞬",11838,"","","","","","","","","","","","","","","","","","","","","","","","[11,25,4,5,1]","",2
1091,"PoisonousConcoction","","","","","","","","","","",11873,"","","","","","","","","","","","","","","","","","","","","","","","[10,25,13,14,3,5]","",5
1092,"PoisonousConcoctionAltX","Poisonous Concoction of Bouncing","Concoction empoisonnée du Rebond","Giftiger Trank des Aufprallens","跳ね返りのポイゾナスコンコクション","반동의 독성 혼합물","Composto Venenoso Saltador","Отскакивающая ядовитая смесь","Sustancia venenosa de rebote","น้ำยาพิษร้ายแห่งการกระดอน (Poisonous Concoction of Bouncing)","毒藥 ．彈炸",11874,"","","","","","","","","","","","","","","","","","","","","","","","[10,25,13,14,3,5,18]","",1
1093,"PoisonousConcoctionAltY","[DNT] PoisonousConcoctionAltY","[DNT] PoisonousConcoctionAltY","[DNT] PoisonousConcoctionAltY","[DNT] PoisonousConcoctionAltY","[DNT] PoisonousConcoctionAltY","[DNT] PoisonousConcoctionAltY","[DNT] PoisonousConcoctionAltY","[DNT] PoisonousConcoctionAltY","[DNT] PoisonousConcoctionAltY","[DNT] PoisonousConcoctionAltY",11875,"","","","","","","","","","","","","","","","","","","","","","","","[10,25,13,14,3,5]","",2
1094,"CallOfTheWild","","","","","","","","","","",11876,"","","","","","","","","","","","","","","","","","","","","","","","[10,25,4,8]","",5
1095,"TemporalRift","","","","","","","","","","",11877,"","","","","","","","","","","","","","","","","","","","","","","","[10,25,4]","",5
1096,"Tornado","","","","","","","","","","",11880,"","","","","","","","","","","","","","","","","","","","","","","","[10,25,4,15,33,14,44]","",5
1097,"TornadoAltX","[DNT] TornadoAltX","[DNT] TornadoAltX","[DNT] TornadoAltX","[DNT] TornadoAltX","[DNT] TornadoAltX","[DNT] TornadoAltX","[DNT] TornadoAltX","[DNT] TornadoAltX","[DNT] TornadoAltX","[DNT] TornadoAltX",11881,"","","","","","","","","","","","","","","","","","","","","","","","[10,25,4,15,33,14,44]","",1
1098,"TornadoAltY","Tornado of Elemental Turbulence","Tornade de la Turbulence élémentaire","Tornado der Elementarturbulenz","元素の乱流のトルネード","격동하는 원소의 회오리","Tornado da Turbulência Elemental","Торнадо стихийной хаотичности","Tornado de turbulencia elemental","พายุสลาตันแห่งธาตุระส่ำระสาย (Tornado of Elemental Turbulence)","龍捲風 ．湍流",11882,"","","","","","","","","","","","","","","","","","","","","","","","[10,25,4,15,33,14,44,0,1,2,45]","",2
1099,"EnergyBlade","","","","","","","","","","",11885,"","","","","","","","","","","","","","","","","","","","","","","","[11,25,4,2]","",5
1100,"SoulLink","","","","","","","","","","",11887,"","","","","","","","","","","","","","","","","","","","","","","","[11,25,4,15,49]","",5
1101,"FlameLink","","","","","","","","","","",11889,"","","","","","","","","","","","","","","","","","","","","","","","[9,25,4,15,49,0]","",5
1102,"VampiricLink","","","","","","","","","","",11890,"","","","","","","","","","","","","","","","","","","","","","","","[10,25,4,15,49]","",5
1103,"ProtectiveLink","","","","","","","","","","",11891,"","","","","","","","","","","","","","","","","","","","","","","","[9,25,4,15,49]","",5
1104,"IntuitiveLink","","","","","","","","","","",11892,"",11893,"","Supports spell skills, causing them to be triggered by Intuitive Link. Cannot support skills used by totems, traps, or mines. Vaal skills, channelling skills, and skills with a reservation cannot be triggered.","Modifie les aptitudes de sorts en leur permet d'être déclenchées par Lien d'intuition. Ne peut pas modifier les aptitudes de totems, de pièges et de mines. Ne permet pas de déclencher les aptitudes vaal, les aptitudes canalisées et les aptitudes avec un coût de réservation.","Unterstützt Zauberfertigkeiten, wodurch diese durch die Intuitive Verbindung ausgelöst werden. Kann keine Totem-, Fallen- oder Minenfertigkeiten unterstützen. Vaal-, Kanalisierungsfertigkeiten und Fertigkeiten mit Reservierungskosten, können nicht ausgelöst werden.","スペルスキルをサポートし、インテュイティブリンクでトリガーできるようにする。トーテム、トラップ、マインで使用されるスキルはサポートできない。ヴァールスキル、チャネリングスキル、リザーブするスキルはトリガーできない。","주문 스킬을 보조하여 직관의 연결로 발동시킵니다. 토템, 덫, 지뢰 스킬에는 적용되지 않으며 바알 스킬, 집중 유지 스킬, 점유가 있는 스킬은 발동되지 않습니다.","Suporta habilidades mágicas, fazendo com que sejam ativadas pelo Vínculo Intuitivo. Não pode suportar habilidades usadas por totens, armadilhas ou minas. Habilidades Vaal, canalizadas e habilidades com reserva não podem ser suportadas.","Усиливает умения чар, вызывая их срабатывание за счёт Подсознательной связи. Нельзя усилить умения, используемые тотемами, ловушками и минами. Невозможно вызвать срабатывание умений ваал, поддерживаемых умений и умений с удержанием.","Asiste habilidades de hechizo para que Vínculo intuitivo las active. No puede asistir habilidades usadas por tótems, trampas ni minas. No puede activar habilidades vaal, habilidades de canalización ni habilidades con reserva.","ใช้เสริม สกิลเวท ทำให้ถูกทริกเกอร์โดย ประสานสัญชาตญาณ (Intuitive Link) ไม่สามารถเสริมสกิลที่ใช้โดย โทเทม, กับดัก หรือ ทุ่นระเบิด ได้ สกิลวาล์, แชนเนล, สกิลที่มีค่าสำรอง ไม่สามารถถูกทริกเกอร์ได้","輔助法術技能，使它們被連結：直覺觸發。不能輔助圖騰、陷阱和地雷技能。瓦爾技能、引導時施放技能和保留技能無法被觸發。","Intuitive Link Support","Soutien : Lien d'intuition","Unterstützung: Intuitive Verbindung","インテュイティブリンクサポート","직관의 연결 보조","Suporte: Vínculo Intuitivo","Поддержка: Подсознательная связь","Asistencia de Vínculo intuitivo","หินเสริม Intuitive Link","連結：直覺輔助","[26,10,25,4,15,49]","",5
1105,"DestructiveLink","","","","","","","","","","",11894,"","","","","","","","","","","","","","","","","","","","","","","","[47,11,25,4,15,49]","",5
1106,"SupportDivineBlessing","","","","","","","","","","",10360,"","","","Supports aura skills that create permanent auras around you, changing their reservation to a cost and making them temporary. Cannot support banner or stance skills.","Modifie les aptitudes d'aura qui créent une aura permanente autour de vous. Remplace leur réservation par un coût à payer, mais rend leur effet temporaire. Ne fonctionne pas avec les aptitudes d'Étendard ou de Posture.","Unterstützt Aura-Fertigkeiten, die permanente Auren um Euch herum erzeugen, ihre Reservierung zu Kosten verändern und sie dadurch temporär machen. Kann keine Banner-Fertigkeiten unterstützen.","使用者の周りに恒久的なオーラを生成するオーラスキルをサポートし、そのリザーブをコストに変換し、効果を一時的なものにする。バナーおよびスタンススキルはサポートできない。","플레이어 주변에 영구적인 오라를 생성하는 오라 스킬에 적용됩니다. 오라의 점유가 소모로 바뀌며 일시적 오라로 변경됩니다. 깃발 또는 태세 스킬에는 적용되지 않습니다","Suporta habilidades de aura que criam auras permanentes ao seu redor, mudando sua reserva para um custo e tornando-a temporária. Não pode suportar habilidades de estandarte.","Усиливает умения аур, создающие постоянные ауры вокруг героя, заменяя удержание расходом и делая ауры временными. Не может усиливать умения знамён и стоек.","Asiste habilidades de aura que crean auras permanentes a tu alrededor para cambiar su reserva por un costo y convertirlas en temporales. No puede asistir habilidades de estandarte ni de postura. ","ใช้เสริม สกิลออร่า ที่สร้างออร่าถาวรรอบตัวคุณ เปลี่ยนค่าสำรองของสกิลเหล่านี้เป็นค่าใช้งาน และทำให้มีผลชั่วคราว ไม่สามารถเสริม สกิลธงหรือกระบวนท่า ได้","輔助在你附近製造永久光環的光環技能，使它們的保留改變為消耗並且為暫時的。不能輔助鬥旗和姿態技能。","","","","","","","","","","","[9,16,12,15,50]",14536,5
1107,"SupportMarkOnHit","","","","","","","","","","",11895,"","","","Supports mark curse skills.","Modifie les aptitudes de Malédiction qui sont des Marques.","Unterstützt Mal-Fluch-Fertigkeiten.","呪印スキルをサポートする。","징표 저주 스킬에 적용됩니다.","Suporta habilidades de marca-maldição.","Усиливает умения проклятий-меток.","Asiste habilidades de maldición de señales.","ใช้เสริม สกิลคำสาปแช่ง","輔助印記詛咒技能。","","","","","","","","","","","[10,16,43,26]",14535,5
1108,"SupportEternalBlessing","","","","","","","","","","",11896,"","","","Supports aura skills that reserve life or mana to create auras around you.","Modifie les aptitudes d'aura qui créent une aura autour de vous et réservent votre vie ou votre mana.","Unterstützt Fertigkeiten, die Leben oder Mana reservieren, um Auren um Euch herum zu erzeugen.","ライフまたはマナをリザーブし、使用者の周りにオーラを生成するオーラスキルをサポートする。","플레이어 주변에 오라를 생성하기 위해 생명력 또는 마나를 점유하는 오라 스킬에 적용됩니다.","Suporta habilidades de aura que reservam vida ou mana para criar auras ao seu redor.","Усиливает умения аур, удерживающие здоровье или ману для создания аур вокруг героя.","Asiste habilidades de aura que reservan vida o maná para crear auras a tu alrededor.","ใช้เสริม สกิลออร่า ที่สำรองพลังชีวิตหรือมานาเพื่อสร้างออร่ารอบตัวคุณ","輔助保留生命或魔力再你附近製造光環的光環技能。","","","","","","","","","","","[9,16,12,50]",14537,5
1109,"SupportOvercharge","","","","","","","","","","",11955,"","","","Supports any skill that hits enemies.","Modifie les aptitudes qui touchent les ennemis.","Unterstützt Fertigkeiten, die Treffer bei Gegnern verursachen.","敵にヒットを与えるスキルをサポートする。","적을 명중하는 모든 스킬에 적용됩니다.","Suporta qualquer habilidade que acerte inimigos.","Усиливает любое умение, наносящее удары по врагам.","Asiste cualquier habilidad que golpee enemigos.","ใช้เสริมสกิลที่ปะทะศัตรู","輔助任何可擊中敵人的技能。","","","","","","","","","","","[2,11,16]",14538,5
1110,"LightningConduit","","","","","","","","","","",11956,"","","","","","","","","","","","","","","","","","","","","","","","[11,25,4,14,2]","",5
1111,"LightningConduitAltX","Lightning Conduit of the Heavens","Vecteur de foudre des Cieux","Blitzleitung der Himmel","天のライトニングコンジット","천국의 번개 도관","Condutor Elétrico dos Céus","Проводник молнии небес","Conducto de rayo de los cielos","คาถาล่อฟ้าแห่งสรวงสวรรค์ (Lightning Conduit of the Heavens)","導雷．天堂",11957,"","","","","","","","","","","","","","","","","","","","","","","","[11,25,4,14,2]","",1
1112,"LightningConduitAltY","[DNT] LightningConduitAltY","[DNT] LightningConduitAltY","[DNT] LightningConduitAltY","[DNT] LightningConduitAltY","[DNT] LightningConduitAltY","[DNT] LightningConduitAltY","[DNT] LightningConduitAltY","[DNT] LightningConduitAltY","[DNT] LightningConduitAltY","[DNT] LightningConduitAltY",11958,"","","","","","","","","","","","","","","","","","","","","","","","[11,25,4,14,2]","",2
1113,"GalvanicField","","","","","","","","","","",11960,"","","","","","","","","","","","","","","","","","","","","","","","[11,25,4,14,15,2,18,44]","",5
1114,"GalvanicFieldAltX","Galvanic Field of Intensity","Globe galvanisant de l'Intensité","Galvanisches Feld der Intensität","強烈なガルヴァニックフィールド","격렬함의 충격장","Campo Galvânico da Intensidade","Электризующее поле интенсивности","Campo galvánico de intensidad","สนามกระแสไฟแห่งความแรงกล้า (Galvanic Field of Intensity)","電光領域．強度",11961,"","","","","","","","","","","","","","","","","","","","","","","","[11,25,4,14,15,2,18,44]","",1
1115,"GalvanicFieldAltY","[DNT] GalvanicFieldAltY","[DNT] GalvanicFieldAltY","[DNT] GalvanicFieldAltY","[DNT] GalvanicFieldAltY","[DNT] GalvanicFieldAltY","[DNT] GalvanicFieldAltY","[DNT] GalvanicFieldAltY","[DNT] GalvanicFieldAltY","[DNT] GalvanicFieldAltY","[DNT] GalvanicFieldAltY",11962,"","","","","","","","","","","","","","","","","","","","","","","","[11,25,4,14,15,2,18,44]","",2
1116,"AlchemistsMark","","","","","","","","","","",11964,"","","","","","","","","","","","","","","","","","","","","","","","[10,25,4,17,43,14,15,0,3]","",5
1117,"VolcanicFissure","","","","","","","","","","",11988,"","","","","","","","","","","","","","","","","","","","","","","","[7,9,25,13,5,14,40,0]","",5
1118,"VolcanicFissureAltX","Volcanic Fissure of Snaking","Fissure volcanique du Serpentement","Vulkanische Spalte der Bewegung","蛇行のヴォルカニックフィッシャー","구불거림의 화산 균열","Fissura Vulcânica do Serpenteado","Вулканический разлом зигзагов","Fisura volcánica de serpenteo","ภูเขาไฟผ่าแยกแห่งการเลี้ยวลด (Volcanic Fissure of Snaking)","炎火脈動．蜿蜒",11989,"","","","","","","","","","","","","","","","","","","","","","","","[7,9,25,13,14,40,0]","",1
1119,"VolcanicFissureAltY","[DNT] VolcanicFissureAltY","[DNT] VolcanicFissureAltY","[DNT] VolcanicFissureAltY","[DNT] VolcanicFissureAltY","[DNT] VolcanicFissureAltY","[DNT] VolcanicFissureAltY","[DNT] VolcanicFissureAltY","[DNT] VolcanicFissureAltY","[DNT] VolcanicFissureAltY","[DNT] VolcanicFissureAltY",11990,"","","","","","","","","","","","","","","","","","","","","","","","[7,9,25,13,5,14,40,0]","",2
1120,"VaalVolcanicFissure","","","","","","","","","","",11992,"",11988,"","","","","","","","","","","","","","","","","","","","","","[7,9,25,13,5,14,40,0,24]","",5
1121,"VaalVolcanicFissureAltX","Vaal Volcanic Fissure","Fissure volcanique vaal","Vaal-Vulkanische Spalte","ヴァールヴォルカニックフィッシャー","바알 화산 균열","Fissura Vulcânica Vaal","Вулканический разлом ваал","Fisura volcánica vaal","วาล์ ภูเขาไฟผ่าแยก (Vaal Volcanic Fissure)","瓦爾．炎火脈動",11992,"",11989,"","","","","","","","","","","","","","","","","","","","","","[7,9,25,13,5,14,40,0,24]","",1
1122,"VaalVolcanicFissureAltY","Vaal Volcanic Fissure","Fissure volcanique vaal","Vaal-Vulkanische Spalte","ヴァールヴォルカニックフィッシャー","바알 화산 균열","Fissura Vulcânica Vaal","Вулканический разлом ваал","Fisura volcánica vaal","วาล์ ภูเขาไฟผ่าแยก (Vaal Volcanic Fissure)","瓦爾．炎火脈動",11992,"",11990,"","","","","","","","","","","","","","","","","","","","","","[7,9,25,13,5,14,40,0,24]","",2
1123,"FrozenLegion","","","","","","","","","","",11981,"",11984,"","","","","","","","","","","","","","","","","","","","","","[9,25,4,1,13,7,14]","",5
1124,"FrozenLegionAltX","Frozen Legion of Rallying","Légion de gel du Ralliement","Gefrorene Legion des Versammelns","結集のフローズンリージョン","재집결의 얼어붙은 군단","Legião Congelada do Agrupamento","Замёрзший легион сплочения","Legión helada de movilización","กองพันเยือกแข็งแห่งการรวมทัพ (Frozen Legion of Rallying)","戰亂．凍結．號召",11982,"",11985,"","","","","","","","","","","","","","","","","","","","","","[9,25,4,1,13,7,14]","",1
1125,"FrozenLegionAltY","[DNT] FrozenLegionAltY","[DNT] FrozenLegionAltY","[DNT] FrozenLegionAltY","[DNT] FrozenLegionAltY","[DNT] FrozenLegionAltY","[DNT] FrozenLegionAltY","[DNT] FrozenLegionAltY","[DNT] FrozenLegionAltY","[DNT] FrozenLegionAltY","[DNT] FrozenLegionAltY",11983,"",11984,"","","","","","","","","","","","","","","","","","","","","","[9,25,4,1,13,7,14]","",2
1126,"VaalCleave","","","","","","","","","","",11980,"",185,"","","","","","","","","","","","","","","","","","","","","","[9,25,13,14,7,24,15]","",5
1127,"VaalCleaveAltX","Vaal Cleave","Taillade vaal","Vaal-Spalten","ヴァールクリーヴ","바알 회전베기","Cutilada Vaal","Рассечение ваал","Hendidura vaal","วาล์ ปาด (Vaal Cleave)","瓦爾．劈砍",11980,"",186,"","","","","","","","","","","","","","","","","","","","","","[9,25,13,14,7,24,15]","",1
1128,"VaalCleaveAltY","Vaal Cleave","Taillade vaal","Vaal-Spalten","ヴァールクリーヴ","바알 회전베기","Cutilada Vaal","Рассечение ваал","Hendidura vaal","วาล์ ปาด (Vaal Cleave)","瓦爾．劈砍",11980,"",187,"","","","","","","","","","","","","","","","","","","","","","[9,25,13,14,7,24,15]","",2
1129,"VaalCausticArrow","","","","","","","","","","",11996,"",665,"","","","","","","","","","","","","","","","","","","","","","[10,25,13,5,14,15,3,24,6]","",5
1130,"VaalCausticArrowAltX","Vaal Caustic Arrow","Flèche caustique vaal","Vaal-Ätzender Pfeil","ヴァールコースティックアロー","바알 부식성 화살","Flecha Cáustica Vaal","Едкая стрела ваал","Flecha cáustica vaal","วาล์ ศรกัดกร่อน (Vaal Caustic Arrow)","瓦爾．腐蝕箭矢",11996,"",666,"","","","","","","","","","","","","","","","","","","","","","[10,25,13,5,14,15,3,24,6]","",1
1131,"VaalCausticArrowAltY","Vaal Caustic Arrow","Flèche caustique vaal","Vaal-Ätzender Pfeil","ヴァールコースティックアロー","바알 부식성 화살","Flecha Cáustica Vaal","Едкая стрела ваал","Flecha cáustica vaal","วาล์ ศรกัดกร่อน (Vaal Caustic Arrow)","瓦爾．腐蝕箭矢",11996,"",667,"","","","","","","","","","","","","","","","","","","","","","[10,25,13,5,14,15,3,24,6]","",2
1132,"VaalMoltenStrike","","","","","","","","","","",3695,"",3689,"","","","","","","","","","","","","","","","","","","","","","[9,25,13,5,14,7,36,0,18,24]","",5
1133,"VaalMoltenStrikeAltX","Vaal Molten Strike","Frappe volcanique vaal","Vaal-Lavaschlag","ヴァールモルテンストライク","바알 용암 타격","Golpe Vulcânico Vaal","Магмовый удар ваал","Golpe fundido vaal","วาล์ ฟาดหลอมละลาย (Vaal Molten Strike)","瓦爾．熔岩之擊",3695,"",3690,"","","","","","","","","","","","","","","","","","","","","","[9,25,13,5,14,7,36,0,18,24]","",1
1134,"VaalMoltenStrikeAltY","Vaal Molten Strike","Frappe volcanique vaal","Vaal-Lavaschlag","ヴァールモルテンストライク","바알 용암 타격","Golpe Vulcânico Vaal","Магмовый удар ваал","Golpe fundido vaal","วาล์ ฟาดหลอมละลาย (Vaal Molten Strike)","瓦爾．熔岩之擊",3695,"",3691,"","","","","","","","","","","","","","","","","","","","","","[9,25,13,5,14,7,36,0,18,24]","",2
1135,"SupportCursedGround","","","","","","","","","","",11998,"","","","Supports non-aura hex curse skills.","Modifie les aptitudes de malédiction qui sont des calamités et qui ne sont pas des auras.","Unterstützt Verhexungs-Fluchzauber (Auren ausgenommen).","オーラ以外の呪術スキルをサポートする。","비-오라 사술 저주 스킬에 적용됩니다.","Suporta habilidades não-aura feitiço-maldição.","Усиливает умения проклятий порчи, не являющиеся аурами.","Asiste habilidades de maldición de maleficio que no son de aura.","ใช้เสริม สกิลคำสาปสะกดที่ไม่ใช่ออร่า","輔助非光環咒術詛咒技能。","","","","","","","","","","","[14,15,11,16,42]",14539,5
1136,"SupportHexBloom","","","","","","","","","","",11999,"","","","Supports hex curse skills. Hexes from auras or cursed ground cannot transfer.","Modifie les aptitudes de malédiction qui sont des calamités. Les calamités provenant d'auras ou du sol maudit ne peuvent pas être transférées.","Unterstützt Verhexungs-Fluchzauber. Verhexungen von Auren oder verfluchtem Boden können nicht übertragen werden.","呪術スキルをサポートする。オーラまたは呪い領域による呪術を伝搬することはできない。","사술 저주 스킬에 적용됩니다. 오라 또는 저주받은 지대로 건 사술은 전이되지 않습니다.","Suporta habilidades de feitiço-maldição. Feitiços das auras ou solo maldito não podem ser transferidos.","Усиливает умения проклятий порчи. Порчи от аур и проклятой земли не могут передаваться.","Asiste habilidades de maldición de maleficio. No se pueden transferir los maleficios de las auras ni del suelo maldito.","ใช้เสริม สกิลคำสาปสะกด สาปสะกดจากออร่าหรือพื้นคำสาปไม่สามารถส่งต่อได้","輔助咒術詛咒技能。來自光環或詛咒地面的咒術不能被轉移。","","","","","","","","","","","[11,16,42]",14540,5
1137,"VaalVenomGyre","","","","","","","","","","",12079,"",10613,"","","","","","","","","","","","","","","","","","","","","","[10,25,13,5,3,15,24]","",5
1138,"VaalVenomGyreAltX","Vaal Venom Gyre","Spirale venimeuse vaal","Vaal-Giftwirbel","ヴァールヴェノムジャイア","바알 독액 선회","Espiral Venenosa Vaal","Круг яда ваал","Espiral de veneno vaal","วาล์ มีดบินอสรพิษ (Vaal Venom Gyre)","瓦爾．猛毒迴旋",12079,"",10614,"","","","","","","","","","","","","","","","","","","","","","[10,25,13,5,3,15,24]","",1
1139,"VaalVenomGyreAltY","Vaal Venom Gyre","Spirale venimeuse vaal","Vaal-Giftwirbel","ヴァールヴェノムジャイア","바알 독액 선회","Espiral Venenosa Vaal","Круг яда ваал","Espiral de veneno vaal","วาล์ มีดบินอสรพิษ (Vaal Venom Gyre)","瓦爾．猛毒迴旋",12079,"",10615,"","","","","","","","","","","","","","","","","","","","","","[10,25,13,5,3,15,24]","",2
1140,"VaalSmite","","","","","","","","","","",12080,"",9422,"","","","","","","","","","","","","","","","","","","","","","[2,9,25,7,13,14,15,36,12,24]","",5
1141,"VaalSmiteAltX","Vaal Smite","Châtiment vaal","Vaal-Zerschmettern","ヴァールスマイト","바알 징벌","Castigar Vaal","Кара ваал","Aniquilación vaal","วาล์ เฆี่ยนตี (Vaal Smite)","瓦爾．雷鳴重擊",12080,"",9423,"","","","","","","","","","","","","","","","","","","","","","[2,9,25,7,13,14,15,36,12,24]","",1
1142,"VaalSmiteAltY","Vaal Smite","Châtiment vaal","Vaal-Zerschmettern","ヴァールスマイト","바알 징벌","Castigar Vaal","Кара ваал","Aniquilación vaal","วาล์ เฆี่ยนตี (Vaal Smite)","瓦爾．雷鳴重擊",12080,"",9424,"","","","","","","","","","","","","","","","","","","","","","[2,9,25,7,13,14,15,36,12,24]","",2
1143,"VaalBladeFlurry","","","","","","","","","","",12081,"",5807,"","","","","","","","","","","","","","","","","","","","","","[10,25,13,14,30,7,24]","",5
1144,"VaalBladeFlurryAltX","Vaal Blade Flurry","Déluge de lames vaal","Vaal-Klingentanz","ヴァールブレードフラリィ","바알 질풍의 칼날","Rajada de Lâminas Vaal","Порыв клинков ваал","Aluvión de filos vaal","วาล์ เพลงดาบเกรียวกราว (Vaal Blade Flurry)","瓦爾．刀鋒亂舞",12081,"",5808,"","","","","","","","","","","","","","","","","","","","","","[47,10,25,13,14,30,7,24]","",1
1145,"VaalBladeFlurryAltY","Vaal Blade Flurry","Déluge de lames vaal","Vaal-Klingentanz","ヴァールブレードフラリィ","바알 질풍의 칼날","Rajada de Lâminas Vaal","Порыв клинков ваал","Aluvión de filos vaal","วาล์ เพลงดาบเกรียวกราว (Vaal Blade Flurry)","瓦爾．刀鋒亂舞",12081,"",5809,"","","","","","","","","","","","","","","","","","","","","","[10,25,13,14,30,7,24]","",2
1146,"VaalReap","","","","","","","","","","",12085,"",11603,"","","","","","","","","","","","","","","","","","","","","","[9,25,4,33,14,15,24]","",5
1147,"VaalReapAltX","Vaal Reap","Fauchage vaal","Vaal-Sense","ヴァールリープ","바알 낫질","Ceifar Vaal","Кровавая жатва ваал","Siega vaal","วาล์ เคียวเก็บเกี่ยว (Vaal Reap)","瓦爾．收割",12085,"",11604,"","","","","","","","","","","","","","","","","","","","","","[9,25,4,33,14,15,24]","",1
1148,"VaalReapAltY","Vaal Reap","Fauchage vaal","Vaal-Sense","ヴァールリープ","바알 낫질","Ceifar Vaal","Кровавая жатва ваал","Siega vaal","วาล์ เคียวเก็บเกี่ยว (Vaal Reap)","瓦爾．收割",12085,"",11605,"","","","","","","","","","","","","","","","","","","","","","[9,25,4,33,14,15,24]","",2
1149,"VaalAnimateWeapon","","","","","","","","","","",12089,"",2917,"","","","","","","","","","","","","","","","","","","","","","[10,25,15,8,4,24,33]","",5
1150,"VaalAnimateWeaponAltX","Vaal Animate Weapon","Animation d'Arme vaal","Vaal-Waffe beseelen","ヴァールアニメイトウェポン","바알 무기 기동","Animar Arma Vaal","Живое оружие ваал","Animar arma vaal","วาล์ ปลุกเสกอาวุธ (Vaal Animate Weapon)","瓦爾．幻化武器",12089,"",2918,"","","","","","","","","","","","","","","","","","","","","","[10,25,15,8,4,24]","",1
1151,"VaalAnimateWeaponAltY","Vaal Animate Weapon","Animation d'Arme vaal","Vaal-Waffe beseelen","ヴァールアニメイトウェポン","바알 무기 기동","Animar Arma Vaal","Живое оружие ваал","Animar arma vaal","วาล์ ปลุกเสกอาวุธ (Vaal Animate Weapon)","瓦爾．幻化武器",12089,"",2919,"","","","","","","","","","","","","","","","","","","","","","[10,25,15,8,4,24,33]","",2
1152,"VaalLightningArrow","","","","","","","","","","",12091,"",1916,"","","","","","","","","","","","","","","","","","","","","","[10,25,13,14,5,2,24,6]","",5
1153,"VaalLightningArrowAltX","Vaal Lightning Arrow","Flèche de foudre vaal","Vaal-Blitzpfeil","ヴァールライトニングアロー","바알 번개 화살","Flecha Relampejante Vaal","Стрела молний ваал","Flecha de rayo vaal","วาล์ ศรสายฟ้า (Vaal Lightning Arrow)","瓦爾．閃電箭矢",12091,"",1917,"","","","","","","","","","","","","","","","","","","","","","[10,25,13,14,5,2,24,6]","",1
1154,"VaalLightningArrowAltY","Vaal Lightning Arrow","Flèche de foudre vaal","Vaal-Blitzpfeil","ヴァールライトニングアロー","바알 번개 화살","Flecha Relampejante Vaal","Стрела молний ваал","Flecha de rayo vaal","วาล์ ศรสายฟ้า (Vaal Lightning Arrow)","瓦爾．閃電箭矢",12091,"",1918,"","","","","","","","","","","","","","","","","","","","","","[10,25,13,14,5,2,24,6]","",2
1155,"VaalAbsolution","","","","","","","","","","",12092,"",11747,"","","","","","","","","","","","","","","","","","","","","","[9,25,4,8,15,33,2,24,14]","",5
1156,"VaalAbsolutionAltX","Vaal Absolution","Absolution vaal","Vaal-Absolution","ヴァールアブソリューション","바알 면죄","Absolvição Vaal","Отпущение ваал","Absolución vaal","วาล์ อภัยบาป (Vaal Absolution)","瓦爾．赦免",12092,"",11748,"","","","","","","","","","","","","","","","","","","","","","[9,25,4,8,15,33,2,24,14]","",1
1157,"VaalAbsolutionAltY","Vaal Absolution","Absolution vaal","Vaal-Absolution","ヴァールアブソリューション","바알 면죄","Absolvição Vaal","Отпущение ваал","Absolución vaal","วาล์ อภัยบาป (Vaal Absolution)","瓦爾．赦免",12092,"",11749,"","","","","","","","","","","","","","","","","","","","","","[9,25,4,8,15,33,2,24,14]","",2
1158,"VaalDomination","","","","","","","","","","",12093,"",1313,"","","","","","","","","","","","","","","","","","","","","","[9,25,4,8,15,24,13,7,36]","",5
1159,"VaalDominationAltX","Vaal Domination","Domination vaal","Vaal-Beherrschung","ヴァールドミネーション","바알 지배","Dominação Vaal","Господство ваал","Dominación vaal","วาล์ แสดงอำนาจ (Vaal Domination)","瓦爾．霸氣",12093,"",1314,"","","","","","","","","","","","","","","","","","","","","","[9,25,4,8,15,24,13,7,36]","",1
1160,"VaalDominationAltY","Vaal Domination","Domination vaal","Vaal-Beherrschung","ヴァールドミネーション","바알 지배","Dominação Vaal","Господство ваал","Dominación vaal","วาล์ แสดงอำนาจ (Vaal Domination)","瓦爾．霸氣",12093,"",1315,"","","","","","","","","","","","","","","","","","","","","","[9,25,4,8,15,24,13,7,36]","",2
1161,"VaalIceShot","","","","","","","","","","",12095,"",2233,"","","","","","","","","","","","","","","","","","","","","","[10,25,13,5,14,1,24,15,6]","",5
1162,"VaalIceShotAltX","Vaal Ice Shot","Tir de glace vaal","Vaal-Eisgeschoss","ヴァールアイスショット","바알 얼음 화살","Tiro Gélido Vaal","Ледяной выстрел ваал","Disparo de hielo vaal","วาล์ ศรน้ำแข็ง (Vaal Ice Shot)","瓦爾．冰霜射擊",12095,"",2234,"","","","","","","","","","","","","","","","","","","","","","[10,25,13,5,14,1,24,15,6]","",1
1163,"VaalIceShotAltY","Vaal Ice Shot","Tir de glace vaal","Vaal-Eisgeschoss","ヴァールアイスショット","바알 얼음 화살","Tiro Gélido Vaal","Ледяной выстрел ваал","Disparo de hielo vaal","วาล์ ศรน้ำแข็ง (Vaal Ice Shot)","瓦爾．冰霜射擊",12095,"",2235,"","","","","","","","","","","","","","","","","","","","","","[10,25,13,5,14,1,24,15,6]","",2
1164,"VaalFirestorm","","","","","","","","","","",12096,"",1340,"","","","","","","","","","","","","","","","","","","","","","[11,25,4,14,15,0,24]","",5
1165,"VaalFirestormAltX","Vaal Firestorm","Tempête de feu vaal","Vaal-Feuerregen","ヴァールファイヤーストーム","바알 화염 폭풍","Tormenta Flamejante Vaal","Огненный шторм ваал","Tormenta de fuego vaal","วาล์ พายุไฟ (Firestorm)","瓦爾．烈炎風暴",12096,"",1341,"","","","","","","","","","","","","","","","","","","","","","[11,25,4,14,15,0,24]","",1
1166,"VaalFirestormAltY","Vaal Firestorm","Tempête de feu vaal","Vaal-Feuerregen","ヴァールファイヤーストーム","바알 화염 폭풍","Tormenta Flamejante Vaal","Огненный шторм ваал","Tormenta de fuego vaal","วาล์ พายุไฟ (Firestorm)","瓦爾．烈炎風暴",12096,"",1342,"","","","","","","","","","","","","","","","","","","","","","[11,25,4,14,15,0,24]","",2
1167,"VaalRejuvenationTotem","","","","","","","","","","",12105,"",2063,"","","","","","","","","","","","","","","","","","","","","","[19,12,9,25,4,14,24]","",5
1168,"VaalSplitArrow","","","","","","","","","","",12107,"",389,"","","","","","","","","","","","","","","","","","","","","","[10,25,13,5,24,6]","",5
1169,"VaalSplitArrowAltX","Vaal Split Arrow","Flèches multiples vaal","Vaal-Pfeilfächer","ヴァールスプリットアロー","바알 분할 화살","Flecha Dividida Vaal","Расколотая стрела ваал","Flecha dividida vaal","วาล์ ศรแยก (Vaal Split Arrow)","瓦爾．分裂箭矢",12107,"",390,"","","","","","","","","","","","","","","","","","","","","","[10,25,13,5,24,6]","",1
1170,"VaalSplitArrowAltY","Vaal Split Arrow","Flèches multiples vaal","Vaal-Pfeilfächer","ヴァールスプリットアロー","바알 분할 화살","Flecha Dividida Vaal","Расколотая стрела ваал","Flecha dividida vaal","วาล์ ศรแยก (Vaal Split Arrow)","瓦爾．分裂箭矢",12107,"",391,"","","","","","","","","","","","","","","","","","","","","","[10,25,13,5,24,6]","",2
1171,"SupportManaforgedArrows","","","","","","","","","","",12112,"","","","Supports bow attack skills, causing them to trigger when you've spent enough mana in total on other bow attacks. Cannot modify the skills of minions. Cannot support totems, traps, mines, Vaal skills, or channelling skills","Modifie les aptitudes d'attaque à l'arc, leur permettant ainsi de se déclencher quand vous avez dépensé assez de Mana au total sur d'autres attaques à l'arc. Ne peut modifier les Aptitudes des Créatures. Ne peut modifier les Aptitudes vaal, canalisées ou utilisées par des totems, pièges ou mines.","Unterstützt Bogen-Angriffsfertigkeiten, die ausgelöst werden, wenn Ihr insgesamt genug Mana für andere Bogenangriffe verbraucht habt. Kann die Fertigkeiten von Kreaturen nicht modifizieren. Kann keine Totem-, Fallen-, Minen-, Vaal- oder Kanalisierungs-Fertigkeiten unterstützen.","弓アタックスキルをサポートし、他の弓アタックで合計で十分な量のマナを消費した時にトリガーするようにする。ミニオンのスキルには影響しない。トーテム、トラップ、マイン、ヴァールスキル、チャネリングスキルはサポートできない。","활 공격 스킬에 적용됩니다. 다른 활 공격으로 사용한 마나의 총량이 일정 수준 이상이 되면 보조 대상 스킬이 발동됩니다. 소환수가 사용하는 스킬에는 적용되지 않습니다. 토템, 덫, 지뢰, 바알 스킬, 집중 유지 스킬에는 적용되지 않습니다.","Suporta habilidades de ataque com arcos, fazendo com que elas sejam ativadas quando você tiver gasto um total de mana em outros ataques com arco. Não pode modificar as habilidades de lacaios. Não pode suportar totens, armadilhas, minas, habilidades Vaal ou habilidades canalizadas.","Усиливает умения атак лука, вызывая их срабатывание после того как вы потратите некоторое суммарное количество маны на другие атаки луком. Не усиливает умения приспешников. Не усиливает тотемы, ловушки, мины, умения ваал и поддерживаемые умения.","Asiste habilidades de ataque de arcos y las activa cuando has gastado una cantidad suficiente de maná total en otros ataques de arco. No puede modificar las habilidades de los esbirros. No puede asistir a tótems, trampas, minas, habilidades vaal ni habilidades de canalización.","ใช้เสริม สกิลโจมตีธนู ทำให้มันทริกเกอร์เมื่อคุณจ่ายมานาไปกับ การโจมตีธนู อื่นๆ ครบตามค่าใช้งานมานาของสกิลที่เสริม ไม่สามารถแก้ไขสกิลที่ มิเนียน ใช้ได้ ไม่สามารถเสริม โทเทม, กับดัก, ทุ่นระเบิด, สกิลวาล์ หรือ สกิลแชนเนล ได้","輔助弓攻擊技能，當你在其它弓攻擊消耗足夠的魔力時，觸發這些技能。無法影響召喚物技能。不能輔助圖騰、陷阱、地雷、瓦爾技能或引導施放技能。","","","","","","","","","","","[6,10,16,26]",14541,5
1172,"SupportPrismaticBurst","","","","","","","","","","",12113,"",12114,"","Supports attacks, causing them to trigger the Prismatic Burst spell. Cannot support triggered attacks or attacks used by things other than you. Cannot modify the skills of minions.","Modifie les aptitudes d'attaque en leur permettant de déclencher le Sort Explosion prismatique. Ne peut modifier les Attaques déclenchées ou les Attaques que vous n'utilisez pas vous-même directement. Ne peut modifier les Aptitudes des Créatures.","Unterstützt Angriffsfertigkeiten, die den Zauber 'Prismatische Explosion' auslösen. Kann keine ausgelösten Angriffe oder Angriffe unterstützen, die von anderen Dingen außer Euch benutzt werden. Kann die Fertigkeiten von Kreaturen nicht modifizieren.","アタックスキルをサポートし、プリズマティックバーストサポートスペルをトリガーするようにする。トリガーされたアタックおよびプレイヤー以外によって使用されたアタックはサポートされない。ミニオンのスキルには影響しない。","공격에 적용됩니다. 보조 대상 스킬이 분광 격발 주문을 발동합니다. 발동형 공격이나 플레이어가 아닌 다른 개체가 사용한 공격, 소환수가 사용하는 스킬에는 적용되지 않습니다.","Suporta ataques, fazendo com que eles ativem uma magia de Explosão Prismática. Não pode suportar ataques ativados ou ataques usados por coisas diferentes de você. Não pode modificar as habilidades de lacaios.","Усиливает атаки, заставляя их вызывать срабатывание чар Радужная вспышка. Не усиливает срабатывающие атаки и атаки, используемые кем-либо кроме вас. Не усиливает умения приспешников.","Asiste ataques para que activen el hechizo Estallido prismático. No puede asistir ataques de activación ni ataques infligidos por cosas que no seas tú. No puede modificar las habilidades de los esbirros.","ใช้เสริม การโจมตี ทำให้การโจมตีเหล่านี้ทริกเกอร์เวท ระเบิดสุ่มธาตุฉับพลัน (Prismatic Burst) ไม่สามารถเสริม การโจมตีที่ถูกทริกเกอร์ หรือ การโจมตีที่ใช้โดยสิ่งต่างๆ ที่ไม่ใช่คุณ ไม่สามารถใช้แก้ไขสกิลที่มิเนียนใช้ได้","輔助攻擊技能，使它們觸發三相爆發法術。不能輔助觸發型攻擊或不是你使用的攻擊。無法影響召喚物技能。","","","","","","","","","","","[11,16,25,4,14,0,1,2,45,26]",14542,5
1173,"Snipe","","","","","","","","","","",10823,"",10824,"","Supports bow attack skills. Cannot support channelled skills, instant skills, Vaal skills, or skills used by totems, traps, or mines.","Modifie les aptitudes d'attaque à l'arc. Ne peut modifier les Aptitudes canalisées, les Aptitudes instantanées, les Aptitudes vaal, ainsi que les Aptitudes utilisées par les Totems, les Pièges et les Mines.","Unterstützt Bogen-Angriffsfertigkeiten. Kann keine Kanalisierungs-, sofort gewirkte Fertigkeiten, Vaal-Fertigkeiten oder Fertigkeiten, die von Totems, Fallen oder Minen verwendet werden, unterstützen.","弓アタックスキルをサポートする。チャネリングスキル、即時発動スキル、ヴァールスキルまたはトーテム、トラップ、マインで使用されるスキルはサポートできない。","활 공격 스킬에 적용됩니다. 집중 유지 스킬, 즉시 시전 스킬, 바알 스킬이나 토템, 덫, 지뢰 스킬에는 적용되지 않습니다.","Suporta habilidades de ataque com arcos. Não pode suportar habilidades canalizadas, instantâneas, Vaal ou habilidades usadas por totens, armadilhas ou minas.","Усиливает умения атак лука. Нельзя усилить поддерживаемые умения, мгновенные умения, умения ваал и умения, используемые тотемами, ловушками или минами.","Asiste habilidades de ataque de arcos. No puede asistir habilidades de canalización, habilidades instantáneas, habilidades vaal ni habilidades usadas por tótems, trampas o minas.","ใช้เสริม สกิลโจมตีธนู ไม่สามารถเสริม สกิลแชนเนล, สกิลที่ส่งผลทันที, สกิลวาล์, หรือสกิลที่ใช้โดย โทเทม, กับดัก หรือ ทุ่นระเบิด ได้","輔助弓攻擊技能。不能輔助引導施放技能、立即技能、瓦爾技能或圖騰、陷阱或地雷使用的技能。","Snipe Support","Soutien : Tireur d'élite","Unterstützung: Scharfschuss","スナイプサポート","저격 보조","Suporte: Atirar","Поддержка: Прицельный выстрел","Asistencia de Disparo certero","หินเสริม Snipe","狙擊輔助","[10,25,13,5,30,33,6]","",5
1174,"Conflagration","","","","","","","","","","",10825,"","","","","","","","","","","","","","","","","","","","","","","","[10,25,13,0,14,5,15,6]","",5
1175,"KineticRain","","","","","","","","","","",10826,"",10827,"","","","","","","","","","","","","","","","","","","","","","[11,25,13,14,5,15,26]","",5
1176,"KineticRainAltX","Kinetic Rain of Impact","Pluie cinétique de l'Impact","Kinetischer Regen des Einschlags","着弾のキネティックレイン","충격의 역학 비","Chuva Cinética do Impacto","Кинетический дождь ударов","Lluvia cinética de impacto","ฝนจลนศาสตร์แห่งการกระทบ (Kinetic Rain of Impact)","力量驟雨．衝擊",10828,"","","","","","","","","","","","","","","","","","","","","","","","[11,25,13,14,5]","",1
1177,"SomaticShell","","","","","","","","","","",10829,"","","","","","","","","","","","","","","","","","","","","","","","[11,25,15,33,13,14,5]","",5
1178,"Thunderstorm","","","","","","","","","","",10830,"",10831,"","","","","","","","","","","","","","","","","","","","","","[10,25,13,14,15,2,6,5,26]","",5
1179,"KineticFusillade","","","","","","","","","","",10832,"","","","","","","","","","","","","","","","","","","","","","","","[11,25,13,5,15,14]","",5
1180,"KineticFusilladeAltX","Kinetic Fusillade of Detonation","Fusillade cinétique de la Détonation","Kinetische Salve der Detonation","起爆のキネティックフューシレイド","기폭의 역학 일제 사격","Fuzilamento Cinético da Detonação","Кинетический шквал детонации","Ráfaga cinética de detonación","กระหน่ำจลนศาสตร์แห่งการจุดระเบิด (Kinetic Fusillade of Detonation)","力量猛射．引爆",10833,"","","","","","","","","","","","","","","","","","","","","","","","[11,25,13,5,15,14]","",1
1181,"HolyHammers","","","","","","","","","","",10834,"","","","","","","","","","","","","","","","","","","","","","","","[9,25,13,40,7,14,2]","",5
1182,"ShieldOfLight","","","","","","","","","","",10835,"","","","","","","","","","","","","","","","","","","","","","","","[9,25,13,7,14,2,33,52]","",5
1183,"HolyStrike","","","","","","","","","","",10836,"","","","","","","","","","","","","","","","","","","","","","","","[9,25,8,13,7,36,2,15]","",5
1184,"DivineBlast","","","","","","","","","","",10841,"","","","","","","","","","","","","","","","","","","","","","","","[9,25,14,13,33,15,0]","",5
1185,"QuickstepHardMode","","","","","","","","","","",12115,"","","","","","","","","","","","","","","","","","","","","","","","[25,4,22,35,37]","",5
1186,"SupportTrauma","","","","","","","","","","",12000,"","","","Supports melee strike skills that do not inherently apply Trauma. Cannot support triggered skills, Vaal skills, or skills used by things other than you. Cannot modify the skills of minions.","Modifie les aptitudes de frappe de mêlée qui n'infligent pas de Traumatisme de manière inhérente. Ne peut modifier les aptitudes déclenchées, les aptitudes vaal ou les aptitudes utilisées par quoi que ce soit d'autre que vous. Ne peut modifier les aptitudes des créatures.","Unterstützt Nahkampf-Schlagfertigkeiten, die standardmäßig kein Trauma anwenden. Kann keine auslösbaren Fertigkeiten, Vaal-Fertigkeiten oder Fertigkeiten, die von anderen Dingen als von Euch benutzt werden, unterstützen. Kann die Fertigkeiten von Kreaturen nicht modifizieren.","固有能力としてトラウマを付与しない近接ストライクスキルをサポートする。トリガーされるスキル、ヴァールスキル、プレイヤー以外によって使用されるスキルはサポートできない。ミニオンのスキルには影響しない。","기본적으로 외상을 적용하지 않는 근접 타격 스킬에 적용됩니다. 발동형 스킬, 바알 스킬 또는 플레이어가 아닌 다른 개체가 사용한 스킬에는 적용되지 않습니다. 소환수가 사용하는 스킬에도 적용되지 않습니다.","Suporta golpes corpo a corpo que não aplicam Traumatismos naturalmente. Não pode suportar habilidades de ativadas, Vaal ou habilidades usadas por coisas que não sejam você. Não pode modificar habilidades de lacaios.","Усиливает умения ударов ближнего боя, изначально не наносящие Травму. Не усиливает срабатывающие умения, умения ваал или умения, используемые кем-либо кроме вас. Не усиливает умения приспешников.","Asiste habilidades de golpe cuerpo a cuerpo que no aplican traumatismo de forma inherente. No puede asistir habilidades de activación, habilidades vaal ni habilidades usadas por cosas que no seas tú. No puede modificar las habilidades de los esbirros.","ใช้เสริม สกิลฟาดประชิด ที่ไม่ให้สถานะ ช้ำใน ด้วยตัวเอง ไม่สามารถเสริมสกิลที่ถูกทริกเกอร์, สกิลวาล์, หรือสกิลที่ใช้โดยสิ่งต่างๆ ที่ไม่ใช่คุณ ไม่สามารถแก้ไขสกิลที่มิเนียนใช้ได้","輔助不帶有創傷的近戰打擊技能。不能輔助觸發型、瓦爾技能或不是你使用的技能。無法影響召喚物技能。","","","","","","","","","","","[33,9,16,7,13,36,15]",14544,5
1187,"SupportSpellblade","","","","","","","","","","",12001,"","","","Supports spells that hit enemies. Cannot modify the skills of minions.","Modifie les sorts qui touchent les ennemis. Ne peut pas modifier les aptitudes des créatures.","Unterstützt Zauber, die Treffer bei Gegnern verursachen. Kann die Fertigkeiten von Kreaturen nicht modifizieren.","敵にヒット与えるスキルをサポートする。ミニオンのスキルには影響しない。","적에게 명중하는 주문에 적용됩니다. 소환수가 사용하는 스킬에는 적용되지 않습니다.","Suporta magias que acertam inimigos. Não pode modificar as habilidades de lacaios.","Усиливает чары, наносящие удары по врагам. Не усиливает умения приспешников.","Asiste hechizos que golpean enemigos. No puede modificar las habilidades de los esbirros.","ใช้เสริม สกิลเวท ที่ปะทะศัตรู ไม่สามารถแก้ไขสกิลที่มิเนียนใช้ได้","輔助可擊中敵人的法術。無法影響召喚物技能。","","","","","","","","","","","[11,16,4]",14545,5
1188,"SupportDevour","","","","","","","","","","",12002,"","","","Supports any skill that hits enemies.","Modifie les aptitudes qui touchent les ennemis.","Unterstützt Fertigkeiten, die Treffer bei Gegnern verursachen.","敵にヒットを与えるスキルをサポートする。","적을 명중하는 모든 스킬에 적용됩니다.","Suporta qualquer habilidade que acerte inimigos.","Усиливает любое умение, наносящее удары по врагам.","Asiste cualquier habilidad que golpee enemigos.","ใช้เสริมสกิลที่ปะทะศัตรู","輔助任何可擊中敵人的技能。","","","","","","","","","","","[11,16]",14546,5
1189,"SupportFreshMeat","","","","","","","","","","",12003,"","","","Supports skills that create minions.","Modifie les aptitudes qui créent des créatures.","Unterstützt Fertigkeiten, die Kreaturen erzeugen.","ミニオンを作成するスキルをサポートする。","소환수 생성 스킬에 적용됩니다.","Suporta habilidades que criam lacaios.","Усиливает умения, создающие приспешников.","Asiste habilidades que crean esbirros.","ใช้เสริมสกิลที่สร้าง มิเนียน","輔助製造召喚物的技能。","","","","","","","","","","","[47,11,16,8]",14547,5
1190,"SupportFlamewood","","","","","","","","","","",12004,"",12122,"","Supports skills which summon totems. Cannot modify the skills of minions.","\r\nModifie les aptitudes qui invoquent des totems. Ne peut pas modifier les aptitudes des créatures.","Unterstützt Fertigkeiten, die Totems beschwören. Kann die Fertigkeiten von Kreaturen nicht modifizieren.","トーテムを召喚するスキルをサポートする。ミニオンのスキルには影響しない。","토템을 소환하는 스킬에 적용됩니다. 소환수가 사용하는 스킬에는 적용되지 않습니다.","Suporta qualquer habilidade que convoque totens. Não pode modificar as habilidades de lacaios.","Усиливает умения, устанавливающие тотемы. Не усиливает умения приспешников.","Asiste habilidades que invocan tótems. No puede modificar las habilidades de los esbirros.","ใช้เสริมสกิลที่อัญเชิญ โทเทม ไม่สามารถแก้ไขสกิลที่มิเนียนใช้ได้","輔助召喚圖騰的技能。無法影響召喚物技能。","","","","","","","","","","","[9,16,19,25,4,14,0,5,26]",14548,5
1191,"SupportCorruptingCry","","","","","","","","","","",12005,"","","","Supports warcry skills. Cannot modify the skills of minions.","Modifie les aptitudes de cri de guerre. Ne peut pas modifier les aptitudes des créatures.","Unterstützt Kriegsschrei-Fertigkeiten. Kann die Fertigkeiten von Kreaturen nicht modifizieren.","ウォークライスキルをサポートする。ミニオンのスキルには影響しない。","함성 스킬에 적용됩니다. 소환수가 사용하는 스킬에는 적용되지 않습니다.","Suporta habilidades de clamor. Não pode modificar as habilidades de lacaios.","Усиливает умения боевых кличей. Не усиливает умения приспешников.","Asiste habilidades de gritos de guerra. No puede modificar las habilidades de los esbirros.","ใช้เสริม สกิลคำราม ไม่สามารถแก้ไขสกิลที่มิเนียนใช้ได้","輔助戰吼技能。無法影響召喚物技能。","","","","","","","","","","","[14,33,9,16,27,15]",14549,5
1192,"SupportConflagration","","","","","","","","","","",12006,"","","","[DNT] Supports melee attack skills.","[DNT] Supports melee attack skills.","[DNT] Supports melee attack skills.","[DNT] Supports melee attack skills.","[DNT] Supports melee attack skills.","[DNT] Supports melee attack skills.","[DNT] Supports melee attack skills.","[DNT] Supports melee attack skills.","[DNT] Supports melee attack skills.","[DNT] Supports melee attack skills.","","","","","","","","","","","[47,0,9,16,7,13]","",5
1193,"SupportGuardiansBlessing","","","","","","","","","","",12007,"",12008,"","Must support both a skill that creates minions which can be damaged, and\n an aura skill that creates permanent auras around you.\nCannot support triggered skills, banner skills or stance skills.","Doit modifier à la fois une aptitude qui crée des créatures pouvant subir des dégâts et\r\nune aptitude d'aura qui crée des auras permanentes autour de vous.\r\nNe peut pas modifier les aptitudes déclenchées, les étendards ni les postures.","Muss mit einer Fertigkeit, die Kreaturen erzeugt, die Schaden erleiden können, und\neiner Aura-Fertigkeit, die permanente Auren um Euch herum erzeugt, verbunden sein.\nKann keine auslösbare, Banner- oder Haltungs-Fertigkeiten unterstützen.","ダメージを受けるミニオンを作成するスキルおよび、\nプレイヤーの周りに常時オーラを生成するオーラスキルをサポートしなければならない。\nトリガーされるスキル、バナースキルおよびスタンススキルはサポートできない。","피해를 받을 수 있는 소환수를 생성하는 스킬과 플레이어 주위에\n영구적인 오라를 생성하는 오라 스킬에 동시에 적용되어야만 합니다.\n발동형 스킬, 깃발 스킬, 태세 스킬에는 적용되지 않습니다.","Precisa suportar tanto uma habilidade que cria lacaios que podem sofrer dano, quanto uma habilidade de aura que cria auras permanentes ao seu redor.\nNão pode suportar habilidades ativadas, estandartes ou de postura.","Должен одновременно усиливать умение, которое создаёт приспешников,\nспособных получать урон, и умение ауры, создающее постоянную ауру вокруг вас.\nНе усиливает срабатывающие умения, умения знамён и стоек.","Tiene que asistir tanto a una habilidad que cree esbirros que puedan ser dañados,\ncomo a una habilidad de aura que cree auras permanentes a tu alrededor.\nNo puede asistir habilidades de activación, habilidades de estandarte ni habilidades de postura. ","ต้องใช้เสริมทั้ง สกิลที่สร้างมิเนียนที่รับความเสียหายได้\nและ สกิลออร่า ที่สร้างออร่าถาวรรอบตัวคุณ\nไม่สามารถเสริมสกิลที่ใช้โดย สกิลที่ถูกทริกเกอร์, สกิลธง หรือ สกิลกระบวนท่า ได้","必須同時輔助可以創造召喚物且召喚物可被傷害，\n和在你附近創造永久光環的技能。\n不能輔助觸發型技能、鬥旗技能或姿態技能。","","","","","","","","","","","[9,16,12,50,8]",14551,5
1194,"SupportSacrifice","","","","","","","","","","",12009,"","","","Supports spell skills that hit enemies and have no reservation. Cannot support brand skills, orb skills, channelling skills, arcane skills, Vaal skills or skills used by traps or mines. Cannot modify the skills of minions.","Modifie les aptitudes de sort qui touchent les ennemis et qui n'ont pas de réservation. Ne peut pas modifier les aptitudes de symbole, d'orbe, canalisées, d'arcane, vaal ni les aptitudes utilisées par des pièges ou des mines. Ne peut pas modifier les aptitudes des créatures.","Unterstützt Zauberfertigkeiten, die Treffer bei Gegnern verursachen und keine Reservierung haben. Kann keine Zeichen-, Sphären-, Kanalisierungs-, arkane oder Vaal-Fertigkeiten unterstützen oder Fertigkeiten, die von Fallen oder Minen benutzt werden. Kann die Fertigkeiten von Kreaturen nicht modifizieren.","敵にヒットを与え、リザーブしないスペルスキルをサポートする。ブランドスキル、オーブスキル、オーブスキル、チャネリングスキル、アーケインスキル、ヴァールスキル、トラップおよびマインで使用されるスキルはサポートできない。ミニオンのスキルには影響しない。","적을 명중하고 점유가 없는 주문 스킬에 적용됩니다. 낙인 스킬, 보주 스킬, 집중 유지 스킬, 비전 스킬, 바알 스킬 또는 덫이나 지뢰로 사용하는 스킬에는 적용되지 않습니다. 소환수가 사용하는 스킬에도 적용되지 않습니다.","Suporta habilidades mágicas que atingem inimigos e não reservam recursos. Não suporta habilidades de runas, orbes, canalizadoras, arcanas, vaal ou habilidades usadas por armadilhas ou minas. Não afeta as habilidades de lacaios.","Усиливает умения чар, наносящие удары по врагу и не удерживающие ресурсы. Не усиливает умения клейм, сфер, поддерживаемые умения, колдовские умения, умения ваал или умения, используемые ловушками и минами. Не усиливает умения приспешников.","Asiste habilidades de hechizo que golpean a los enemigos y no tienen reserva. No puede asistir habilidades de marcas, habilidades de orbes, habilidades de canalización, habilidades arcanas, habilidades vaal ni habilidades usadas por trampas o minas. No puede modificar las habilidades de los esbirros.","ใช้เสริม สกิลเวท ที่สร้างความเสียหายด้วยการปะทะและไม่มีค่าสำรอง ไม่สามารถเสริม สกิลตราเวท, สกิลลูกแก้ว, สกิลแชนเนล, สกิลอาคม, สกิลวาล์ หรือสกิลที่ใช้งานโดย กับดักหรือทุ่นระเบิด ได้ ไม่สามารถแก้ไขสกิลที่มิเนียนใช้ได้","輔助會擊中敵人且不會保留的法術技能。無法輔助烙印、寶珠、引導、秘能、瓦爾，或被陷阱與地雷使用的技能。無法修改召喚物的技能。","","","","","","","","","","","[3,11,16,4]",14552,5
1195,"SupportFrigidBond","","","","","","","","","","",12010,"","","","Supports link skills.","Modifie les aptitudes de lien.\r\n","Unterstützt Verbindungs-Fertigkeiten.","リンクスキルをサポートする。","연결 스킬을 보조합니다.","Suporta habilidades de vínculo.","Усиливает умения связей.","Asiste habilidades de vínculo.","ใช้เสริม สกิลประสาน","輔助連結技能。","","","","","","","","","","","[1,11,16,49,15]",14553,5
1196,"SupportLocusMine","","","","","","","","","","",12011,"","","","Supports attack skills that use bows or wands and fire projectiles ahead. Instead of using that skill, you will throw mines that will use the skill for you when you detonate them, targeting your location. Mines cannot use channelling skills.","Modifie les aptitudes d'attaque qui utilisent des arcs ou des baguettes et tirent des projectiles devant vous. Plutôt que d'utiliser ces aptitudes, vous lancez des mines qui utilisent ces aptitudes à votre place lorsqu'elles sont activées, en prenant pour cible votre position. Les mines ne peuvent pas utiliser les aptitudes canalisées.","Unterstützt Angriffsfertigkeiten, die Bögen oder Zauberstäbe benutzen und Projektile nach vorne feuern. Statt die Fertigkeit zu benutzen, werft Ihr Minen, die diese Fertigkeit benutzen und auf Euren Standort zielen, wenn Ihr sie zündet. Minen können keine Kanalisierungs-Fertigkeiten benutzen.","弓またはワンドで使用され投射物を放つアタックスキルをサポートする。そのスキルを使用する代わりに、そのスキルを使用するマインを投げ、マインは起爆した際にプレイヤーの位置を対象とする。マインはチャネリングスキルを使用できない。","활 또는 마법봉을 사용하며 전방으로 투사체를 발사하는 공격 스킬에 적용됩니다. 해당 스킬을 사용하지 않고, 그 대신 기폭하면 플레이어의 위치를 향해 보조 대상 스킬을 사용하는 지뢰를 던집니다. 집중 유지 스킬에는 적용되지 않습니다.","Suporta habilidades de ataque que usam arcos ou varinhas e disparam projéteis. Ao invés de usar tal habilidade, você arremessará minas que usarão a habilidade por você quando você as detonar, focando na sua localização. Minas não podem usar habilidades canalizadoras.","Усиливает умения атак, использующие луки или жезлы и выпускающие снаряды вперёд. Вместо использования этого умения вы будете бросать мины, которые используют это умение вместо вас, ориентируясь на ваше местоположение, когда вы их взрываете. Мины не могут использовать поддерживаемые умения.","Asiste habilidades de ataque que usen arcos o varitas y disparen proyectiles hacia delante. En lugar de usar la habilidad, lanzarás minas que usarán la habilidad por ti cuando las detones y que tomarán tu ubicación como objetivo. Las minas no pueden usar habilidades de canalización.","ใช้เสริมสกิลโจมตีที่ใช้ ธนูหรือไม้กายสิทธิ์ และยิงโพรเจกไทล์ไปข้างหน้า เปลี่ยนจากการใช้สกิลแบบปกติ เป็นการโยนทุ่นระเบิดหลายลูกเป็นทรงโค้งที่ใช้สกิลให้กับคุณเมื่อคุณจุดชนวน โดยเลือกตำแหน่งของคุณเป็นเป้าหมาย ทุ่นระเบิดไม่สามารถใช้ สกิลแชนเนล ได้","輔助使用弓或向前發射投射物的攻擊技能。不是使用該技能，改為投擲地雷當你引爆時使用技能，瞄準你的位置。地雷不能使用引導施放技能。","","","","","","","","","","","[6,13,10,16,5,21]",14554,5
1197,"SupportSadism","","","","","","","","","","",12012,"","","","Supports any skill that hits enemies.","Modifie les aptitudes qui touchent les ennemis.","Unterstützt Fertigkeiten, die Treffer bei Gegnern verursachen.","敵にヒットを与えるスキルをサポートする。","적을 명중하는 모든 스킬에 적용됩니다.","Suporta qualquer habilidade que acerte inimigos.","Усиливает любое умение, наносящее удары по врагам.","Asiste cualquier habilidad que golpee enemigos.","ใช้เสริมสกิลที่ปะทะศัตรู","輔助任何可擊中敵人的技能。","","","","","","","","","","","[10,16]",14555,5
1198,"SupportControlledBlaze","","","","","","","","","","",12013,"","","","Supports melee attack skills.","Modifie les aptitudes d'attaque de mêlée.","Unterstützt Nahkampf-Angriffsfertigkeiten.","近接アタックスキルをサポートする。","근접 공격 스킬에 적용됩니다.","Suporta habilidades de ataque corpo a corpo.","Усиливает умения атак ближнего боя.","Asiste habilidades de ataque cuerpo a cuerpo.","ใช้เสริม สกิลโจมตีประชิด","輔助近戰攻擊技能。","","","","","","","","","","","[0,9,16,7,13]",14556,5
1199,"SupportVolatility","","","","","","","","","","",12014,"","","","Supports attack skills.","Modifie les aptitudes d'attaque.","Unterstützt Angriffsfertigkeiten.","アタックスキルをサポートする。","공격 스킬에 적용됩니다.","Suporta habilidades de ataque.","Усиливает умения атак.","Asiste habilidades de ataque.","ใช้เสริม สกิลโจมตี","輔助攻擊技能。","","","","","","","","","","","[13,9,16]",14550,5
1200,"Automation","","","","","","","","","","",12016,"",12015,"","Supports spell skills that are instant and have no reservation. Cannot support Vaal skills or skills used by totems, traps or mines. Cannot modify the skills of minions.","Modifie les Sorts instantanés qui n'ont pas de Réservation. Ne peut modifier les aptitudes vaal ni les aptitudes utilisées par les les totems, pièges ou mines. Ne peut modifier les aptitudes des Créatures.","Unterstützt Zauberfertigkeiten, die sofort gewirkt werden und keine Reservierung haben. Kann keine Vaal-Fertigkeiten oder Totem-, Fallen- oder Minenfertigkeiten unterstützen. Kann die Fertigkeiten von Kreaturen nicht modifizieren.","即時発動でリザーブを持たないスペルスキルをサポートする。ヴァールスキルおよびトーテム、トラップ、マインで使用されるスキルはサポートできない。ミニオンのスキルには影響しない。","점유가 없는 즉시 시전 주문 스킬에 적용됩니다. 바알 스킬이나 토템, 덫, 지뢰가 사용하는 스킬에는 적용되지 않습니다. 소환수가 사용하는 스킬도 적용되지 않습니다.","Suporta habilidades mágicas que são instantâneas e não têm reserva. Não pode suportar habilidades Vaal ou utilizadas por totens, armadilhas ou minas. Não pode modificar habilidades de lacaios.","Усиливает мгновенные умения чар, не удерживающие ресурсы. Не усиливает умения ваал и умения, используемые тотемами, ловушками и минами. Не усиливает умения приспешников.","Asiste habilidades de hechizo instantáneas que no tengan reserva. No puede asistir habilidades vaal ni habilidades usadas por tótems, trampas o minas. No puede modificar las habilidades de los esbirros.","ใช้เสริม สกิลเวท ที่ส่งผลทันทีและไม่มีค่าสำรอง ไม่สามารถเสริม สกิลวาล์ หรือสกิลที่ใช้โดย โทเทม, กับดัก หรือ ทุ่นระเบิด ได้ ไม่สามารถแก้ไขสกิลที่มิเนียนใช้ได้","輔助沒有保留的立即法術技能。不能輔助瓦爾技能，或由圖騰、陷阱或地雷使用的技能。無法影響召喚物技能。","Automation Support","Soutien : Automatisation","Unterstützung: Automatisieren","自動化サポート","자동화 보조","Suporte: Automação","Поддержка: Автоматизация","Asistencia de Automatización","หินเสริม Automation","自動化輔助","[26,11,25,4]","",5
1201,"Autoexertion","","","","","","","","","","",12018,"",12017,"","Supports warcry skills. Cannot support retaliation skills or modify the skills of minions.","Modifie les aptitudes de cri de guerre. Ne peut pas modifier les aptitudes des créatures ni les aptitudes de riposte.","Unterstützt Kriegsschrei-Fertigkeiten. Kann weder Gegenschlag-Fertigkeiten unterstützen noch die Fertigkeiten von Kreaturen modifizieren.","ウォークライスキルをサポートする。報復スキルはサポートできずミニオンのスキルには影響しない。","함성 스킬에 적용됩니다. 보복 스킬, 소환수가 사용하는 스킬에는 적용되지 않습니다.","Suporte habilidades de Clamor. Não pode suportar habilidades de retaliação ou modificar habilidades de lacaios.","Усиливает умения боевых кличей. Не усиливает умения ответного удара и умения приспешников.","Asiste habilidades de gritos de guerra. No puede asistir habilidades de represalia ni modificar las habilidades de los esbirros.","ใช้เสริม สกิลคำราม ไม่สามารถเสริม สกิลโต้กลับ หรือแก้ไขสกิลที่มิเนียนใช้ได้","輔助戰吼技能。不能輔助復仇記能，或調整召喚物技能。","Autoexertion Support","Soutien : Autostimulation","Unterstützung: Automatischer Schrei","奮起自動化サポート","자동 전력 보조","Suporte: Clamores Automáticos","Поддержка: Автоусиление","Asistencia de Sobreagotamiento","หินเสริม Autoexertion","自動竭盡輔助","[27,26,9,25,4]","",5
1202,"SupportSacredWisps","","","","","","","","","","",12019,"",12183,"","Supports attack skills that can be used with Wands. Cannot support Vaal skills, minion skills, movement skills, or skills used by totems, traps, or mines.","Modifie les aptitudes d'attaque qui peuvent être utilisées avec les Baguettes. Les Aptitudes modifiées ne peuvent être utilisées qu'avec des Baguettes. Ne peut modifier les Aptitudes Vaal, des Créatures, de mouvement, ni les Aptitudes utilisées par les totems, pièges ou mines.","Unterstützte Fertigkeiten können nur mit Zauberstäben verwendet werden. Kann keine Vaal-, Kreaturen-, Bewegungs-, Totem-, Fallen- oder Minenfertigkeiten unterstützen.","ワンドで使用可能なアタックスキルをサポートする。ヴァールスキル、ミニオンスキル、移動スキルおよびトーテム、トラップ、マインで使用されるスキルはサポートできない。","마법봉 공격 스킬에 적용됩니다. 바알 스킬, 소환수 스킬, 이동 스킬 또는 토템, 덫, 지뢰가 사용하는 스킬에는 적용되지 않습니다.","Suporta habilidades de ataque que podem ser usadas com Varinhas. Não pode suportar habilidades Vaal, habilidades de lacaios, habilidades de movimento ou habilidades utilizadas por totens, armadilhas ou minas.","Усиливает умения атак, которые можно использовать с жезлами. Не может усиливать умения ваал, умения приспешников и умения, используемые тотемами, ловушками и минами.","Asiste habilidades de ataque que se puedan usar con varitas. No puede asistir habilidades vaal, habilidades de esbirros, habilidades de movimiento ni habilidades usadas por tótems, trampas o minas.","ใช้เสริม สกิลโจมตี ที่ใช้ ไม้กายสิทธิ์ ไม่สามารถเสริม สกิลวาล์, สกิลมิเนียน, สกิลเคลื่อนที่ หรือสกิลที่ใช้งานโดย โทเทม, กับดัก หรือ ทุ่นระเบิด ได้","輔助法杖的攻擊技能。不能輔助瓦爾、召喚物、圖騰、陷阱或地雷技能。","","","","","","","","","","","[13,11,16,25,26,15,4]",14559,5
1203,"SupportOverexertion","","","","","","","","","","",12020,"","","","Supports melee attack skills which can be exerted. Cannot modify the skills of minions. Vaal skills and channelling skills cannot be exerted.","Modifie les aptitudes d'attaque pouvant être stimulées. Ne peut modifier les aptitudes des Créatures. Les aptitudes vaal et les aptitudes de canalisation ne peuvent être stimulées.","Unterstützt Nahkampf-Angriffsfertigkeiten, die potenziert werden können. Kann die Fertigkeiten von Kreaturen nicht modifizieren. Vaal- oder Kanalisierungsfertigkeiten können nicht potenziert werden.","奮起できる近接アタックスキルをサポートする。ミニオンのスキルには影響しない。ヴァールスキルおよびチャネリングスキルは奮起できない。","전력 공격이 가능한 근접 공격 스킬에 적용됩니다. 소환수가 사용하는 스킬에는 적용되지 않습니다. 바알 스킬 및 집중 유지 스킬은 전력 공격이 불가능합니다.","Suporta habilidades de ataque corpo a corpo que podem ser impelidas. Não pode modificar habilidades de lacaios. Habilidades Vaal e canalizadas não podem ser impelidas.","Усиливает умения атак ближнего боя, которые можно улучшить. Не усиливает умения приспешников. Нельзя улучшить умения ваал и поддерживаемые умения.","Asiste habilidades de ataque cuerpo a cuerpo que se puedan optimizar. No puede modificar las habilidades de los esbirros. Las habilidades vaal y las habilidades de canalización no se pueden optimizar.","ใช้เสริม สกิลโจมตีประชิด ที่ถูกทำให้ฮึกเหิมได้ ไม่สามารถแก้ไขสกิลที่มิเนียนใช้ได้ สกิลวาล์และสกิลแชนเนล ไม่สามารถถูกทำให้ฮึกเหิมได้","支援可施展的近戰攻擊技能。無法改變召喚物技能。無法施展瓦爾技能和引導技能。","","","","","","","","","","","[27,9,16,7,13]",14560,5
1204,"SupportExpertRetaliation","","","","","","","","","","",12021,"","","","Supports retaliation skills.","Modifie les aptitudes de riposte.","Unterstützt Gegenschlagfertigkeiten.","報復スキルをサポートする。","보복 스킬에 적용됩니다.","Suporta habilidades de retaliação.","Усиливает умения ответного удара.","Asiste habilidades de represalia.","ใช้เสริม สกิลโต้กลับ","支援復仇技能","","","","","","","","","","","[52,9,16]",14561,5
1205,"SupportRupture","","","","","","","","","","",12022,"","","","Supports attack skills.","Modifie les aptitudes d'attaque.","Unterstützt Angriffsfertigkeiten.","アタックスキルをサポートする。","공격 스킬에 적용됩니다.","Suporta habilidades de Ataque.","Усиливает умения атак.","Asiste habilidades de ataque.","ใช้เสริม สกิลโจมตี","輔助攻擊技能。","","","","","","","","","","","[13,33,47,10,16]",14562,5
1206,"SupportGreaterSpellCascade","","","","","","","","","","",12023,"","","","Supports spell skills that apply an effect to an area around a targeted location. Cannot support Vaal skills or skills used by totems, traps, or mines. Cannot modify the skills of minions.","Modifie les aptitudes de sort ayant un effet qui s'applique dans une zone autour de l'emplacement ciblé. Ne peut modifier les aptitudes vaal ni les aptitudes utilisées par les totems, pièges ou mines. Ne peut pas modifier les aptitudes des créatures.","Unterstützt Zauberfertigkeiten, die einen Effekt auf einen Bereich um einen Zielort anwenden. Kann keine Vaal-Fertigkeiten oder Totem-, Fallen- oder Minenfertigkeiten unterstützen. Kann die Fertigkeiten von Kreaturen nicht modifizieren.","対象地点の周囲のエリアに効果を適用するスペルスキルをサポートする。ヴァールスキル、トーテム、トラップおよびマインによって使用されるスキルをサポートできない。ミニオンのスキルには影響しない。","대상 지점 주변의 범위 내에 영향을 주는 주문 스킬에 적용됩니다. 바알 스킬 또는 토템, 덫, 지뢰 스킬에는 적용되지 않습니다. 소환수가 사용하는 스킬에도 적용되지 않습니다.","Reforça habilidades de magia que aplicam um efeito de área ao redor do local escolhido. Não funciona com habilidades vaal ou habilidades usadas por totens, armadilhas ou minas. Não afeta as habilidades de lacaios.","Усиливает умения чар, которые накладывают эффект на область вокруг указанного места. Не усиливает умения ваал или умения, используемые тотемами, ловушками и минами. Не усиливает умения приспешников.","Asiste habilidades de hechizos que aplican un efecto a un área alrededor de una ubicación objetivo. No puede asistir habilidades vaal ni habilidades usadas por tótems, trampas o minas. No puede modificar las habilidades de los esbirros.","ใช้เสริม สกิลเวท ที่สร้างผลในพื้นที่รอบๆ ตำแหน่งเป้าหมาย ไม่สามารถเสริม สกิลวาล์ หรือสกิลที่ใช้โดย โทเทม, กับดัก หรือ ทุ่นระเบิด ได้ ไม่สามารถแก้ไขสกิลที่มิเนียนใช้ได้","輔助任何會為目標地點施加範圍效果的法術技能。無法輔助瓦爾技能，或是由圖騰、陷阱、地雷使用的技能。無法影響召喚物技能。","","","","","","","","","","","[14,4,29,48,11,16]",14571,4
1207,"SupportEclipse","","","","","","","","","","",12024,"","","","Supports any skill gem.\r\nCannot support skills that don't come from gems.","Modifie n'importe quelle gemme d'aptitude.\r\nNe peut pas modifier les aptitudes qui ne proviennent pas d'une gemme.","Unterstützt alle Fertigkeitengemmen.\r\nKann keine Fertigkeiten unterstützen, die nicht von Gemmen stammen.","全てのスキルジェムをサポートする。\r\nジェム由来でないスキルをサポートできない。","모든 스킬 젬에 적용됩니다.\r\n젬과 관련되지 않은 스킬에는 적용되지 않습니다.","Reforça qualquer gema de habilidade.\r\n Não funciona com habilidades que não sejam provenientes de gemas.","Усиливает любой камень умения.\r\nНе может усиливать умения, полученные не от камней.","Asiste cualquier gema de habilidad.\r\nNo puede asistir habilidades que no provengan de gemas.","ใช้เสริมหินสกิลทุกชนิด\r\nไม่สามารถเสริมสกิลที่ไม่ได้มาจากหินสกิลได้","輔助任何技能寶石。\r\n無法輔助不是源於寶石的技能。","","","","","","","","","","","[29,48,16]",14572,4
1208,"SupportInvertTheRules","","","","","","","","","","",12025,"","","","Supports any skill that hits enemies.","Modifie n'importe quelle aptitude qui touche les ennemis.","Unterstützt Fertigkeiten, die Treffer bei Gegnern verursachen.","敵をヒットする全てのスキルをサポートする。","적을 명중하는 모든 스킬에 적용됩니다.","Reforça qualquer habilidade que ataque inimigos.","Усиливает любое умение, наносящее удары по врагам.","Asiste cualquier habilidad que golpee a los enemigos.","ใช้เสริมสกิลที่ปะทะศัตรู","輔助任何會擊中敵人的技能。","","","","","","","","","","","[29,48,11,16]",14573,4
1209,"SupportCastOnWardBreak","","","","","","","","","","",12026,"","","","Each supported spell skill will be triggered when your Ward breaks. Cannot support skills used by totems, traps, or mines. Vaal skills, channelling skills, and skills with a reservation cannot be triggered.","Chaque aptitude de sort modifiée est déclenchée lorsque votre Sauvegarde est brisée. Ne peut pas modifier les aptitudes utilisées par les totems, pièges ou mines. Les aptitudes vaal, de canalisation ou ayant une réservation ne peuvent pas être déclenchées.","Jede unterstützte Zauberfertigkeit wird ausgelöst, wenn Euer Schutz gebrochen wird. Kann keine Totem-, Fallen- oder Minenfertigkeiten unterstützen. Vaal-Fertigkeiten, Kanalisierungsfertigkeiten, und Fertigkeiten mit Reservierungskosten können nicht ausgelöst werden","ワードが破壊された時にそれぞれのサポートされたスペルがトリガーされる。トーテム、トラップおよびマインによって使用されるスキルをサポートできない。ヴァールスキル、チャネリングスキル、リザーブするスキルはトリガーできない。","플레이어의 수호가 파괴되면 보조 대상 주문 스킬이 발동됩니다. 토템, 덫, 지뢰 스킬에는 적용되지 않으며 바알 스킬, 집중 유지 스킬, 점유가 있는 스킬은 발동되지 않습니다.","Cada habilidade de magia reforçada será ativada quando sua salvaguarda for quebrada. Não funciona com habilidades usadas por totens, armadilhas ou minas. Habilidades vaal, de canalização e com reserva não podem ser ativadas.","При разбивании вашего барьера вызывает срабатывание всех усиленных чар. Нельзя усилить умения, используемые тотемами, ловушками и минами. Невозможно вызвать срабатывание умений ваал, поддерживаемых умений и умений с удержанием.","Cada habilidad de hechizo asistida se activará cuando se rompa tu barrera. No puede asistir habilidades usadas por tótems, trampas o minas. No puede activar habilidades vaal, habilidades de canalización ni habilidades que tengan reserva.","สกิลเวทที่เสริมทุกเม็ดจะถูกทริกเกอร์เมื่อวอร์ดคุ้มพัยของคุณหมดพลัง ไม่สามารถเสริมสกิลที่ใช้โดย โทเทม, กับดัก หรือ ทุ่นระเบิด ได้ สกิลวาล์, สกิลแชนเนล, สกิลที่มีค่าสำรอง ไม่สามารถถูกทริกเกอร์ได้","當你的保護破碎時會觸發每一個被輔助的法術技能。無法輔助由圖騰、陷阱、或地雷使用的技能。瓦爾技能、引導技能、和有保留需求的技能無法被觸發。","","","","","","","","","","","[29,48,10,16,4,26]",14574,4
1210,"SupportWard","","","","","","","","","","",12027,"","","","[DNT] Supports bla","[DNT] Supports bla","[DNT] Supports bla","[DNT] Supports bla","[DNT] Supports bla","[DNT] Supports bla","[DNT] Supports bla","[DNT] Supports bla","[DNT] Supports bla","[DNT] Supports bla","","","","","","","","","","","[29,48,11,16]",14575,4
1211,"SupportVaalSacrifice","","","","","","","","","","",12028,"","","","Supports Vaal spell skills, making them repeat when cast at the cost of your life and energy shield. Cannot support totem skills, channelling skills, triggered skills, instant skills, retaliation skills, blink skills, or skills with a reservation.","Modifie les aptitudes de sort vaal, les faisant se répéter lors de leur incantation au prix de votre vie et bouclier d'énergie. Ne peut pas modifier les aptitudes de totem, de canalisation, déclenchées, instantanées, de riposte, de transfert, ni les aptitudes ayant une réservation.","Unterstützt Vaal-Zauberfertigkeiten und bewirkt, dass sie sich wiederholen, wenn sie auf Kosten Eures Lebens und Energieschilds gewirkt werden. Kann keine Totem-, Kanalisierungs-, auslösbare, sofort gewirkte, Gegenschlagfertigkeiten, Blinzeln-Fertigkeiten oder Fertigkeiten mit Reservierungskosten unterstützen.","ヴァールスペルスキルをサポートし、キャスト時にライフとエナジシールドをコストとし繰り返すようにする。トーテムスキル、チャネリングスキル、トリガーされるスキル、即時スキル、報復スキル、ブリンクスキルおよびリザーブをするスキルはサポートできない。","바알 주문 스킬에 적용되며, 시전 시 생명력과 에너지 보호막을 소모하고 스킬이 반복됩니다. 토템 스킬, 집중 유지 스킬, 발동형 스킬, 즉시 시전 스킬, 보복 스킬, 점멸 스킬, 점유가 있는 스킬에는 적용되지 않습니다","Reforça habilidades de magia vaal, sacrificando sua vida e escudo de energia para fazê-las se repetir ao serem conjuradas. Não funciona com habilidades de totem, canalização, ativadas, instantâneas, contra-ataque, teletransporte ou com reserva.","Усиливает чары ваал. При сотворении чары повторяются несколько раз, ценой вашего здоровья и энергетического щита. Нельзя усилить умения тотемов, поддерживаемые умения, срабатывающие умения, мгновенные умения, умения ответного удара, умения скачка и умения с удержанием.","Asiste habilidades de hechizo vaal para que se repitan cuando se lanzan, a costa de tu vida y escudo de energía. No puede asistir habilidades de tótems, de canalización, de activación, instantáneas, de represalia, de traslación ni habilidades que tengan reserva.","ใช้เสริม สกิลเวทวาล์ ทำให้เกิดซ้ำเมื่อร่ายแลกกับการใช้พลังชีวิตและโล่พลังงานของคุณ ไม่สามารถเสริม สกิลโทเทม, สกิลแชนเนล, สกิลที่ถูกทริกเกอร์, สกิลที่ส่งผลทันที, สกิลโต้กลับ, สกิลก้าวพริบตา หรือ สกิลที่มีค่าสำรอง ได้","輔助瓦爾法術技能，以消耗自身生命和能量護盾為代價使技能重複。無法輔助圖騰、引導、觸發、立即、復仇、閃現、或有保留需求的技能。","","","","","","","","","","","[29,48,4,11,16,24]",14576,4
1212,"SupportGreaterSpellEcho","","","","","","","","","","",10269,"","","","Supports spell skills, making them repeat when cast. Cannot support Vaal skills, totem skills, brand skills, channelling skills, triggered skills, instant skills, retaliation skills, blink skills, or skills with a reservation.","Modifie les aptitudes de sort, les faisant se répéter lors de leur incantation. Ne peut pas modifier les aptitudes vaal, de totem, de symbole, de canalisation, déclenchées, instantanées, de riposte, de transfert, ni les aptitudes ayant une réservation.","Unterstützt Zauberfertigkeiten und bewirkt, dass sie sich wiederholen, wenn sie gewirkt werden. Kann keine Vaal-, Totem-, Zeichen-, Kanalisierungs-, auslösbare, sofort gewirkte, Gegenschlagfertigkeiten, Blinzeln-Fertigkeiten oder Fertigkeiten mit Reservierungskosten unterstützen.","スペルスキルをサポートし、キャスト時に繰り返すようにする。ヴァールスキル、トーテムスキル、ブランドスキル、チャネリングスキル、トリガーされるスキル、即時スキル、報復スキル、ブリンクスキルおよびリザーブをするスキルはサポートできない。","주문 스킬에 적용되며, 시전 시 스킬이 반복됩니다. 바알 스킬, 토템 스킬, 낙인 스킬, 집중 유지 스킬, 발동형 스킬, 즉시 시전 스킬, 보복 스킬, 점멸 스킬, 점유가 있는 스킬에는 적용되지 않습니다.","Reforça habilidades de magia, fazendo com que se repitam ao serem conjuradas. Não funciona com habilidades vaal, de totem, glifo, canalização, ativadas, instantâneas, contra-ataque, teletransporte ou com reserva.","Усиливает чары. При сотворении чары повторяются несколько раз. Нельзя усилить умения ваал, умения тотемов, умения клейм, поддерживаемые умения, срабатывающие умения, мгновенные умения, умения ответного удара, умения скачка и умения с удержанием.","Asiste habilidades de hechizos para que se repitan cuando se lanzan. No puede asistir habilidades vaal, de tótems, de marcas, de canalización, de activación, instantáneas, de represalia, de traslación ni habilidades que tengan reserva.","ใช้เสริม สกิลเวท ทำให้เกิดซ้ำเมื่อร่าย ไม่สามารถเสริม สกิลวาล์, สกิลโทเทม, สกิลตราเวท, สกิลแชนเนล, สกิลที่ถูกทริกเกอร์, สกิลที่ส่งผลทันที, สกิลโต้กลับ, สกิลก้าวพริบตา หรือ สกิลที่มีค่าสำรอง ได้","輔助法術技能，使他們在施放時重複。無法輔助瓦爾、圖騰、烙印、引導、觸發、立即、復仇、閃現、或有保留需求的技能。","","","","","","","","","","","[29,48,4,14,11,16]",14577,4
1213,"SupportVaalTemptation","","","","","","","","","","",12029,"","","","Supports Vaal skills.","Modifie les aptitudes vaal.","Unterstützt Vaal-Fertigkeiten.","ヴァールスキルをサポートする。","바알 스킬에 적용됩니다.","Reforça habilidades vaal.","Усиливает умения ваал.","Asiste habilidades vaal.","ใช้เสริม สกิลวาล์","輔助瓦爾技能。","","","","","","","","","","","[29,48,9,16,24]",14578,4
1214,"SupportMachinations","","","","","","","","","","",12030,"","","","Supports skills that hit enemies. Cannot modify the skills of minions.","Modifie les aptitudes qui touchent les ennemis. Ne peut pas modifier les aptitudes des créatures.","Unterstützt Fertigkeiten, die Treffer bei Gegnern verursachen. Kann die Fertigkeiten von Kreaturen nicht modifizieren.","敵をヒットするスキルをサポートする。ミニオンのスキルには影響しない。","적에게 명중하는 스킬에 적용됩니다. 소환수가 사용하는 스킬에는 적용되지 않습니다.","Reforça qualquer habilidade que ataca inimigos. Não afeta as habilidades de lacaios.","Усиливает умения, наносящие удары по врагам. Не усиливает умения приспешников.","Asiste habilidades que golpean a los enemigos. No puede modificar las habilidades de los esbirros.","ใช้เสริมสกิลที่ปะทะศัตรู ไม่สามารถแก้ไขสกิลที่มิเนียนใช้ได้","輔助可以擊中敵人的技能。無法影響召喚物技能。","","","","","","","","","","","[29,48,33,3,10,16]",14579,4
1215,"SupportPyre","","","","","","","","","","",12031,"",12032,"","Supports melee attack skills. Cannot support triggered attacks, attacks used by things other than you, or skills which create minions.","Modifie les aptitudes d'attaque de mêlée. Ne peut pas modifier les attaques déclenchées, les attaques utilisées par toute autre entité que vous, ni les aptitudes qui créent des créatures.","Unterstützt Nahkampf-Angriffsfertigkeiten. Kann keine ausgelösten Angriffe oder Angriffe unterstützen, die von anderen Dingen außer Euch benutzt werden. Kann keine Fertigkeiten unterstützen, die Kreaturen erzeugen.","近接アタックスキルをサポートする。トリガーされるアタック、プレイヤー以外の実体によって使用されるアタック、ミニオンを生成するスキルをサポートできない。","근접 공격 스킬에 적용됩니다. 발동형 공격이나 플레이어가 아닌 다른 개체가 사용한 공격, 소환수 생성 스킬에는 적용되지 않습니다.","Reforça habilidades de ataque corpo a corpo. Não funciona com ataques ativados ou usados por outras entidades além de você, nem com habilidades que criam lacaios.","Усиливает умения атак ближнего боя. Не усиливает срабатывающие атаки, атаки, используемые кем-либо кроме вас, и умения, создающие приспешников.","Asiste habilidades de ataque cuerpo a cuerpo. No puede asistir ataques de activación, ataques que usen otras cosas que no seas tú ni habilidades que creen esbirros.","ใช้เสริม สกิลโจมตีประชิด ไม่สามารถเสริมการโจมตีที่ถูกทริกเกอร์, การโจมตีที่ใช้โดยสิ่งต่างๆ ที่ไม่ใช่คุณ หรือสกิลที่สร้างมิเนียนออกมา ได้","輔助近戰攻擊技能。無法輔助觸發攻擊、由不是你所使用的攻擊、和會創造召喚物的攻擊。","","","","","","","","","","","[29,48,9,16,7,13,25,0,14,26]",14580,4
1216,"SupportBonespire","","","","","","","","","","",12033,"",12034,"","Supports warcry skills you use yourself.","Modifie les aptitudes de cri de guerre que vous utilisez vous-même.","Unterstützt Kriegsschrei-Fertigkeiten, die Ihr selbst nutzt.","プレイヤー自身が使用するウォークライスキルをサポートする。","직접 사용하는 함성 스킬에 적용됩니다.","Reforça habilidades de clamor usadas por você.","Усиливает умения боевых кличей, используемые вами самостоятельно.","Asiste habilidades de gritos de guerra que usas tú mismo.","ใช้เสริม สกิลคำราม ที่คุณใช้ด้วยตัวเอง","輔助由你自身使用的戰吼技能。","","","","","","","","","","","[29,48,27,9,16,25,13,14,33,26,7]",14581,4
1217,"SupportFoulgrasp","","","","","","","","","","",12035,"",12036,"","Supports brand skills that can be recalled.","Modifie les aptitudes de symbole qui peuvent être rappelées.","Unterstützt Zeichen-Fertigkeiten, die Ihr zurückrufen könnt.","リコールできるブランドスキルをサポートする。","소환할 수 있는 낙인 스킬에 적용됩니다.","Reforça habilidades de glifo que podem ser recuperadas.","Усиливает умения клейм, которые можно возвратить.","Asiste habilidades de marcas que se pueden retirar.","ใช้เสริม สกิลตราเวท ที่เรียกคืนได้","輔助可以被召回的烙印技能。","","","","","","","","","","","[29,48,32,11,16,25,14,4,2,26]",14582,4
1218,"SupportHiveborn","","","","","","","","","","",12037,"",12038,"","Supports offering skills you use yourself.","Modifie les aptitudes d'offrande que vous utilisez vous-même.","Unterstützt Opfer-Fertigkeiten, die Ihr selbst nutzt.","プレイヤー自身が使用するオファリングスキルをサポートする。","직접 사용하는 공물 스킬에 적용됩니다.","Reforça habilidades de oferenda usadas por você.","Усиливает умения подношений, используемые вами самостоятельно.","Asiste habilidades de ofrendas que usas tú mismo.","ใช้เสริม สกิลเซ่นไหว้ ที่คุณใช้ด้วยตัวเอง","輔助由你自身使用的奉獻技能。","","","","","","","","","","","[29,48,8,1,11,16,25,4,26]",14583,4
1219,"SupportScornfulHerald","","","","","","","","","","",12039,"","","","Supports Herald skills causing them to have higher critical strike chance but no buff effect.","Modifie les aptitudes de Héraut. Les aptitudes modifiées ont des chances de coup critique plus élevées, mais leurs effets bénéfiques n'ont pas d'effet.","Unterstützt Herold-Fertigkeiten und bewirkt, dass diese eine erhöhte kritische Trefferchance haben, aber keine Stärkung gewähren.","ヘラルドスキルをサポートし、クリティカル率を高めるがバフ効果をなくす。","전령 스킬에 적용되어, 치명타 확률이 높아지되 버프 효과가 없도록 만듭니다.","Reforça habilidades de arauto, fazendo com que tenham uma alta chance de causar golpe crítico, mas sem efeito bônus.","Усиливает умения Вестников. Усиленные умения получают повышенный шанс критического удара, но теряют положительный эффект.","Asiste habilidades de heraldo para que tengan una mayor probabilidad de golpe crítico pero no otorguen ningún efecto beneficioso.","ใช้เสริม สกิลสาสน์ ทำให้มีโอกาสคริติคอลสูงขึ้น แต่ไม่มีผลของบัฟ","輔助捷光環技能，使他們擁有更高的暴擊率但沒有增益效果。","","","","","","","","","","","[29,48,47,11,16,31]",14584,4
1220,"SupportCullTheWeak","","","","","","","","","","",12040,"","","","Supports any skill that hits enemies. If normal or magic enemies are left below a percentage of maximum life after being hit by these skills, they will be killed.","Modifie n'importe quelle aptitude qui touche les ennemis. Si des ennemis normaux ou magiques sont laissés sous un certain pourcentage de leur vie maximale après avoir été touchés par ces aptitudes, ils sont tués.","Unterstützt Fertigkeiten, die Treffer bei Gegnern verursachen.","敵をヒットする全てのスキルをサポートする。ノーマルおよびマジックの敵がこのスキルによるヒットを受けた後に最大ライフの一定割合よりライフが低ければ、その敵を即座に倒す。","적을 명중하는 모든 스킬에 적용됩니다. 보조 대상 스킬로 일반 또는 마법 적을 명중하여 적의 생명력이 최대 생명력의 일정 비율 이하로 내려가면 해당 적이 즉사합니다.","Reforça qualquer habilidade que ataque inimigos. Inimigos normais ou mágicos que tiverem uma porcentagem de vida inferior à máxima após serem atingidos por essas habilidades serão mortos.","Усиливает любое умение, наносящее удары по врагам. Если после нанесения удара этим умением у обычных или волшебных врагов осталось меньше определённого процента от максимума здоровья, они умрут.","Asiste cualquier habilidad que golpee a los enemigos. Si los enemigos normales o mágicos se quedan por debajo de un cierto porcentaje de vida máxima después de recibir un golpe de estas habilidades, mueren.","ใช้เสริมสกิลที่ปะทะศัตรู หากการปะทะของสกิลนี้ทำให้ศัตรูธรรมดาหรือเมจิกมีพลังชีวิตต่ำกว่าเปอร์เซ็นต์ที่กำหนด พวกมันจะถูกสังหารโดยทันที","輔助任何會擊中敵人的技能。若普通或魔法怪物在被已輔助技能擊中後低於一定百分比的最大血量，則擊殺他們。","","","","","","","","","","","[29,48,10,16]",14585,4
1221,"SupportGreaterAncestralCall","","","","","","","","","","",12041,"","","","Supports melee strike skills, causing them to also strike at extra targets simultaneously. The extra targets must be a minimum distance from the user. If supporting a minion attack skill, the minion's skills will not also strike extra targets. Cannot support Vaal skills or triggered skills.","Modifie les aptitudes de frappe de mêlée, leur permettant de frapper simultanément des cibles supplémentaires. Les cibles supplémentaires doivent se trouver à une distance minimale de l'utilisateur. Si cette gemme modifie une aptitude d'attaque de créature, les aptitudes de la créature ne frapperont pas de cibles supplémentaires. Ne peut pas modifier les aptitudes vaal ni les aptitudes déclenchées.","Unterstützt Nahkampf-Schlagfertigkeiten und bewirkt, dass der Schlag gleichzeitig auf zusätzliche Ziele erfolgt. Die zusätzlichen Ziele müssen einen Mindestabstand zum Spieler aufweisen. Bei Unterstützung einer Kreaturen-Angriffsfertigkeit schlagen die Kreaturen nicht gleichzeitig auf mehrere Ziele ein. Kann keine Vaal- oder auslösbare Fertigkeiten unterstützen.","近接ストライクスキルをサポートし、追加の対象を同時にストライクする。使用者から最短距離の敵が追加の対象となる。ミニオンアタックスキルをサポートした場合、ミニオンのスキルは追加の対象をストライクしない。ヴァールスキルまたはトリガーされるスキルはサポートできない。","근접 타격 스킬에 적용됩니다. 더 많은 적을 동시에 공격하게 하며, 이때 적 대상은 시전자와 근접한 거리에 있어야 합니다. 소환수 공격 스킬의 경우, 소환수가 사용하는 스킬에는 적용할 수 없으며 바알 스킬 또는 발동형 스킬에도 적용되지 않습니다.","Reforça habilidades de golpe corpo a corpo, fazendo com que elas também golpeiem alvos adicionais simultaneamente. Esses alvos devem estar a uma distância mínima do usuário. Se uma habilidade de ataque de lacaios for reforçada, as habilidades dos lacaios não atingirão alvos adicionais. Não funciona com habilidades vaal ou ativadas.","Усиливает умения ударов ближнего боя так, что они атакуют дополнительные цели. Дополнительные цели должны находиться на минимальном расстоянии от использующего умение. При усилении умения атаки приспешников, умения приспешников не будут атаковать дополнительные цели. Нельзя усилить умения ваал и срабатывающие умения.","Asiste habilidades de golpe cuerpo a cuerpo para que también golpeen a objetivos adicionales de forma simultánea. Los objetivos adicionales deben estar a una distancia mínima del usuario. Si asiste una habilidad de ataque de esbirro, las habilidades del esbirro no golpearán también a objetivos adicionales. No puede asistir habilidades vaal ni habilidades de activación.","ใช้เสริม สกิลฟาดโจมตี ทำให้ฟาดหลายเป้าหมายพร้อมกัน เป้าหมายอื่นที่เพิ่มมาจะต้องอยู่ห่างจากผู้ใช้งานไม่ต่ำกว่าระยะขั้นต่ำที่กำหนด หากเสริม สกิลโจมตีมิเนียน สกิลของมิเนียนจะไม่ฟาดหลายเป้าหมาย ไม่สามารถเสริม สกิลวาล์หรือสกิลที่ถูกทริกเกอร์ ได้","輔助近戰打擊技能，使他們偶爾也會同時打擊額外目標。額外目標需要位於使用者的最小範圍內。若輔助召喚物攻擊技能，該召喚物的技能並不會同時打擊額外目標。無法輔助瓦爾或觸發技能。","","","","","","","","","","","[29,48,9,16,7,13,36]",14586,4
1222,"SupportFissure","","","","","","","","","","",12042,"",12043,"","Supports slam skills you use yourself, causing them to create fissures when impacting the ground.","Modifie les aptitudes de fracas que vous utilisez vous-même, leur permettant de créer des fissures au moment de l'impact avec le sol.","Unterstützt Hieb-Fertigkeiten, die Ihr selbst nutzt, und bewirkt, dass diese Riese erzeugen, wenn sie auf den Boden einschlagen.","プレイヤー自身が使用するスラムスキルをサポートし、それが地面に接触した時に亀裂を生成するようにする。","직접 사용하는 강타 스킬에 적용되어, 지면 충격 시 균열을 생성하게 만듭니다.","Reforça habilidades de pancada usadas por você, fazendo com que criem fendas ao atingir o chão.","Усиливает умения мощных ударов, используемые вами самостоятельно. Усиленные умения создают трещины при ударе о землю.","Asiste habilidades de embate que usas tú mismo para que creen fisuras al impactar contra el suelo.","ใช้เสริม สกิลทุบ ที่คุณใช้ด้วยตัวเอง ทำให้สร้างรอยแยกเมื่อสกิลกระทบพื้น","輔助由你自身使用的重擊技能，使他們在與地面碰撞時創造額外裂隙。","","","","","","","","","","","[29,48,9,16,25,13,14,7,40,0,26]",14587,4
1223,"SupportHextoad","","","","","","","","","","",12044,"",12045,"","Supports non-aura hex curse skills.","Modifie les aptitudes de malédiction qui sont des calamités et qui ne sont pas des auras.","Unterstützt Verhexungs-Fluchzauber (Auren ausgenommen).","オーラ以外の呪術呪いスキルをサポートする。","비-오라 사술 저주 스킬에 적용됩니다.","Reforça habilidades de feitiço de maldição sem aura.","Усиливает умения проклятий порчи, не являющиеся аурами.","Asiste habilidades de maldición de maleficio que no sean de aura.","ใช้เสริม สกิลคำสาปสะกดที่ไม่ใช่ออร่า","輔助非光環的咒術詛咒技能。","","","","","","","","","","","[29,48,14,15,11,16,42,25,4,3]",14588,4
1224,"SupportHexpass","","","","","","","","","","",12046,"","","","Supports hex curse skills.","Modifie les aptitudes de malédiction qui sont des calamités.","Unterstützt Verhexungs-Fluchzauber.","呪術呪いスキルをサポートする。","사술 저주 스킬에 적용됩니다.","Reforça habilidades de feitiço de maldição.","Усиливает умения проклятий порчи.","Asiste habilidades de maldición de maleficio.","ใช้เสริม สกิลคำสาปสะกด","輔助咒術詛咒技能。","","","","","","","","","","","[29,48,11,16,42]",14589,4
1225,"SupportGreaterFork","","","","","","","","","","",12047,"","","","Supports projectile skills, making their projectiles fork into two projectiles the first two times they hit an enemy and don't pierce it.","Modifie les aptitudes à projectiles, permettant à leurs projectiles de se scinder en deux autres projectiles les deux premières fois qu'ils touchent un ennemi sans le transpercer.","Unterstützt Projektilfertigkeiten. Diese Projektile spalten sich in zwei Projektile auf, sobald sie die ersten beide Male einen Gegner treffen, den sie nicht durchbohren.","投射物スキルをサポートし、その投射物が敵にヒットし貫通しなかった最初の2回で2個の投射物に分岐させる。","투사체 스킬에 적용됩니다. 처음 두 개의 투사체가 대상을 명중 후 관통하지 않을 경우 투사체가 둘로 갈라집니다.","Reforça habilidades de projéteis, fazendo com que os projéteis se ramifiquem em dois nas duas primeiras vezes em que atingirem um inimigo sem perfurá-lo.","Усиливает умения снарядов. Снаряды два раза разветвляются на два при попадании в первого и второго врага, которых они не пронзили.","Asiste habilidades de proyectiles para que sus proyectiles se dividan en dos proyectiles las dos primeras veces que golpean a un enemigo y no lo perforan.","ใช้เสริม สกิลโพรเจกไทล์ ทำให้โพรเจกไทล์ แบ่งตัว เป็น 2 ลูกในสองครั้งแรกที่มันปะทะศัตรูโดยไม่ เจาะทะลุ","輔助投射物技能，使他們的投射物在最初擊中敵人的前兩次未穿透攻擊分裂成兩個。","","","","","","","","","","","[29,48,10,16,5]",14590,4
1226,"SupportGreaterChain","","","","","","","","","","",12048,"","","","Supports projectile skills, and any other skills that chain.","Modifie les aptitudes à projectiles, ainsi que toute autre aptitude capable de ricocher.","Unterstützt Projektilfertigkeiten und alle anderen Fertigkeiten, die verketten.","投射物スキルおよび連鎖を行える他のスキルをサポートする。","투사체 스킬과 모든 연쇄 스킬에 적용됩니다.","Reforça habilidades de projéteis e quaisquer outras habilidades que se propaguem.","Усиливает умения снарядов и любые другие умения, действующие по цепи.","Asiste habilidades de proyectiles y cualquier otra habilidad que pueda encadenarse.","ใช้เสริม สกิลโพรเจกไทล์ และสกิลอื่นๆ ที่สามารถ ชิ่ง ได้","輔助投射物技能，和其他會連鎖的技能。","","","","","","","","","","","[29,48,10,16,18,5]",14591,4
1227,"SupportLethalDose","","","","","","","","","","",12049,"","","","Supports any skill that hits enemies.","Modifie n'importe quelle aptitude qui touche les ennemis.","Unterstützt Fertigkeiten, die Treffer bei Gegnern verursachen.","敵をヒットする全てのスキルをサポートする。","적을 명중하는 모든 스킬에 적용됩니다.","Reforça qualquer habilidade que ataque inimigos.","Усиливает любое умение, наносящее удары по врагам.","Asiste cualquier habilidad que golpee a los enemigos.","ใช้เสริมสกิลที่ปะทะศัตรู","輔助任何會擊中敵人的技能。","","","","","","","","","","","[29,48,3,10,16]",14592,4
1228,"SupportCompanionship","","","","","","","","","","",12050,"","","","Supports skills that create minions which can be damaged. Cannot support triggered skills.","Modifie les aptitudes qui créent des créatures qui peuvent subir des dégâts. Ne peut pas modifier les aptitudes déclenchées.","Unterstützt Fertigkeiten, die Kreaturen erzeugen, welche Schaden erleiden können. Kann keine auslösbaren Fertigkeiten unterstützen.","ダメージを受けることがあるミニオンを生成するスキルをサポートする。トリガーされるスキルをサポートできない。","피해를 받을 수 있는 소환수를 생성하는 스킬에 적용됩니다. 발동형 스킬에는 적용되지 않습니다.","Reforça habilidades que criam lacaios que podem sofrer dano. Não funciona com habilidades ativadas.","Усиливает умения, создающие приспешников, которым можно нанести урон. Нельзя усилить срабатывающие умения.","Asiste habilidades que crean esbirros que pueden recibir daño. No puede asistir habilidades de activación.","ใช้เสริมสกิลที่สร้าง มิเนียน ที่รับความเสียหายได้ ไม่สามารถใช้เสริม สกิลที่ถูกทริกเกอร์ ได้","輔助會創造可被傷害的召喚物的技能。無法輔助觸發技能。","","","","","","","","","","","[29,48,10,16,8]",14593,4
1229,"SupportDivineSentinel","","","","","","","","","","",12051,"","","","Supports skills that create sentinel minions, causing those minions to be created with a beneficial templar aura.","Modifie les aptitudes qui créent des créatures sentinelles, leur octroyant une aura templière bénéfique lors de leur création.","Unterstützt Fertigkeiten, die Wächter-Kreaturen erzeugen, sodass diese Kreaturen mit einer vorteilhaften Templer-Aura erzeugt werden.","センチネルミニオンを生成するスキルをサポートし、そのミニオンが恩恵をもたらすテンプラーオーラを持って生成されるようにする。","파수꾼 소환수를 생성하는 스킬에 적용되어, 그 하수인들이 이로운 템플러 오라를 가지고 생성되게 합니다.","Reforça habilidades que criam lacaios sentinelas, fazendo com que esses lacaios sejam criados com uma aura templária benéfica.","Усиливает умения, создающие приспешников-стражей. Усиленные приспешники создаются с полезной жреческой аурой.","Asiste habilidades que crean esbirros centinelas para que esos esbirros se creen con un aura de templario beneficiosa.","ใช้เสริมสกิลที่สร้าง มิเนียนทหารยาม ทำให้มิเนียนเหล่านั้นถูกสร้างขึ้นมาพร้อมกับออร่าเทมพลาร์ที่มีประโยชน์","輔助創造護衛召喚物的技能，使這些召喚物被創造時會帶有正面效果的聖堂光環。","","","","","","","","","","","[29,48,14,9,16,8]",14594,4
1230,"SupportAnnhilation","","","","","","","","","","",12052,"","","","Supports any skill that hits enemies.","Modifie n'importe quelle aptitude qui touche les ennemis.","Unterstützt Fertigkeiten, die Treffer bei Gegnern verursachen.","敵をヒットする全てのスキルをサポートする。","적을 명중하는 모든 스킬에 적용됩니다.","Reforça qualquer habilidade que ataque inimigos.","Усиливает любое умение, наносящее удары по врагам.","Asiste cualquier habilidad que golpee a los enemigos.","ใช้เสริมสกิลที่ปะทะศัตรู","輔助任何會擊中敵人的技能。","","","","","","","","","","","[29,48,14,9,16]",14595,4
1231,"SupportEdify","","","","","","","","","","",12053,"","","","[DNT] Supports bla","[DNT] Supports bla","[DNT] Supports bla","[DNT] Supports bla","[DNT] Supports bla","[DNT] Supports bla","[DNT] Supports bla","[DNT] Supports bla","[DNT] Supports bla","[DNT] Supports bla","","","","","","","","","","","[29,48,9,16]",14596,4
1232,"SupportInvention","","","","","","","","","","",12054,"","","","Supports skills which throw Traps or Mines.","Modifie les aptitudes qui jettent des pièges ou des mines.","Unterstützt Fallen- oder Minenfertigkeiten.","トラップまたはマインを投げるスキルをサポートする。","덫 또는 지뢰를 투척하는 스킬에 적용됩니다.","Reforça habilidades que lançam armadilhas ou minas.","Усиливает умения, бросающие ловушки или мины.","Asiste habilidades que lanzan trampas o minas.","ใช้เสริมสกิลที่โยน กับดักหรือทุ่นระเบิด","輔助會投擲陷阱會地雷的技能。","","","","","","","","","","","[29,48,10,16,20,21]",14597,4
1233,"SupportGreaterKineticInstability","","","","","","","","","","",12055,"",12056,"","Supports Wand Attacks, granting them a chance to trigger Kinetic Flux on critical strike. Cannot support triggered skills or skills used by things other than you. Cannot modify the skills of minions.","Modifie les attaques à la baguette, leur octroyant une chance de déclencher Flux cinétique lors d'un coup critique. Ne peut pas modifier les aptitudes déclenchées ni les aptitudes utilisées par toute autre entité que vous. Ne peut pas modifier les aptitudes des créatures.","Unterstützt Zauberstabangriffe und gewährt ihnen eine Chance, bei kritischem Treffer 'Kinetischer Fluss' auszulösen. Kann keine auslösbaren Fertigkeiten oder Fertigkeiten, die nicht von Euch ausgeführt wurden, unterstützen. Kann die Fertigkeiten von Kreaturen nicht modifizieren.","ワンドアタックをサポートし、クリティカル時に一定確率でキネティックフラックスをトリガーするようにする。トリガーされるスキルまたはプレイヤー以外の実体により使用されるスキルをサポートできない。ミニオンのスキルには影響しない。","마법봉 공격에 적용되어, 치명타 명중 시 역학 유동을 발동할 확률을 부여합니다. 플레이어가 아닌 다른 개체가 사용한 스킬에는 적용되지 않습니다. 소환수가 사용하는 스킬에도 적용되지 않습니다.","Reforça ataques de varinha, concedendo uma chance de ativar Fluxo Cinético ao causar golpe crítico. Não reforça habilidades ativadas ou habilidades usadas por outros elementos além de você. Não afeta as habilidades de lacaios.","Усиливает атаки жезлами, даруя им шанс вызвать срабатывание Кинетического потока при критическом ударе. Не усиливает срабатывающие атаки и умения, используемые кем-либо кроме вас. Не усиливает умения приспешников.","Asiste ataques de varita para otorgarles una probabilidad de activar Flujo cinético con cada golpe crítico. No puede asistir habilidades de activación ni habilidades usadas por cosas que no seas tú. No puede modificar las habilidades de los esbirros.","ใช้เสริม สกิลโจมตี ที่ใช้ ไม้กายสิทธิ์ เพื่อให้สกิลนี้มีโอกาสทริกเกอร์ จลนศาสตร์หลั่งไหล เมื่อคริติคอล ไม่สามารถเสริมสกิลที่ถูกทริกเกอร์หรือสกิลที่ใช้โดยสิ่งต่างๆ ที่ไม่ใช่คุณได้ ไม่สามารถแก้ไขสกิลที่มิเนียนใช้ได้","輔助法杖攻擊，使他們暴擊時有機率觸發力量紊亂。無法輔助觸發技能或是由你以外的來源使用的技能。無法影響召喚物技能。","","","","","","","","","","","[29,48,47,11,16,25,14,26,13,15]",14598,4
1234,"SupportCooldownRecovery","","","","","","","","","","",12057,"","","","Supports skills that have a cooldown. Cannot modify the skills of minions.","Modifie les aptitudes qui ont un temps de recharge. Ne peut pas modifier les aptitudes des créatures.","Unterstützt Fertigkeiten, die eine Abklingzeit haben. Kann die Fertigkeiten von Kreaturen nicht modifizieren.","クールダウンを持つスキルをサポートする。ミニオンのスキルには影響しない。","재사용 대기시간이 있는 스킬에 적용됩니다. 소환수가 사용하는 스킬에는 적용되지 않습니다.","Reforça habilidades que tenham tempo de recarga. Não afeta as habilidades de lacaios.","Усиливает умения с перезарядкой. Не усиливает умения приспешников.","Asiste habilidades que tienen un tiempo de recarga. No puede modificar las habilidades de los esbirros.","ใช้เสริม สกิลที่มีคูลดาวน์ ไม่สามารถแก้ไขสกิลที่มิเนียนใช้ได้","輔助擁有冷卻時間的技能。","","","","","","","","","","","[29,48,11,16]",14599,4
1235,"SupportVoidstorm","","","","","","","","","","",12058,"",12059,"","Supports ranged attack skills that fire projectiles upwards. Cannot support triggered attacks, attacks used by things other than you, or skills which create minions.","Modifie les aptitudes d'attaque à distance qui tirent des projectiles vers le haut. Ne peut pas modifier les attaques déclenchées, les attaques utilisées par toute autre entité que vous, ni les aptitudes qui créent des créatures.","Kann keine ausgelösten Angriffe oder Angriffe unterstützen, die von anderen Dingen außer Euch benutzt werden. Kann keine Fertigkeiten unterstützen, die Kreaturen erzeugen.","投射物を上空に放つ遠距離アタックスキルをサポートする。トリガーされるアタック、プレイヤー以外の実体により使用されるスキルまたはミニオンを生成するスキルをサポートできない。","투사체를 위로 발사하는 원거리 공격 스킬에 적용됩니다. 발동형 공격이나 플레이어가 아닌 다른 개체가 사용한 공격, 소환수 생성 스킬에는 적용되지 않습니다.","Reforça habilidades de ataque à distância que disparam projéteis para cima. Não funciona com ataques ativados ou usados por outras entidades além de você, nem com habilidades que criam lacaios.","Усиливает умения атак дальнего боя, выпускающие снаряды вверх. Не усиливает срабатывающие атаки, атаки, используемые кем-либо кроме вас, и умения, создающие приспешников.","Asiste habilidades de ataque a distancia que disparan proyectiles hacia arriba. No puede asistir ataques de activación, ataques usados por cosas que no seas tú ni habilidades que creen esbirros.","ใช้เสริม สกิลโจมตีระยะไกล ที่ยิงโพรเจกไทล์ขึ้นฟ้า ไม่สามารถเสริม การโจมตีที่ถูกทริกเกอร์, การโจมตีที่ใช้โดยสิ่งต่างๆ ที่ไม่ใช่คุณ หรือสกิลที่สร้างมิเนียนออกมา ได้","輔助向上發射投射物的遠程攻擊技能。無法輔助觸發攻擊、由你以外來源的攻擊、和會創造召喚物的技能。","","","","","","","","","","","[29,48,10,16,25,13,14,15,6]",14600,4
1236,"SupportVoidShockwave","","","","","","","","","","",12060,"",12061,"","Supports melee attack skills. Cannot support triggered attacks, attacks used by things other than you, or skills which create minions.","Modifie les aptitudes d'attaque de mêlée. Ne peut pas modifier les attaques déclenchées, les attaques utilisées par toute autre entité que vous, ni les aptitudes qui créent des créatures.","Unterstützt Nahkampf-Angriffsfertigkeiten. Kann keine ausgelösten Angriffe oder Angriffe unterstützen, die von anderen Dingen außer Euch benutzt werden. Kann keine Fertigkeiten unterstützen, die Kreaturen erzeugen.","近接アタックスキルをサポートする。トリガーされるアタック、プレイヤー以外の実体により使用されるスキルまたはミニオンを生成するスキルをサポートできない。","근접 공격 스킬에 적용됩니다. 발동형 공격이나 플레이어가 아닌 다른 개체가 사용한 공격, 소환수 생성 스킬에는 적용되지 않습니다.","Reforça habilidades de ataque corpo a corpo. Não funciona com ataques ativados ou usados por outras entidades além de você, nem com habilidades que criam lacaios.","Усиливает умения атак ближнего боя. Не усиливает срабатывающие атаки, атаки, используемые кем-либо кроме вас, и умения, создающие приспешников.","Asiste habilidades de ataque cuerpo a cuerpo. No puede asistir ataques de activación, ataques usados por cosas que no seas tú ni habilidades que creen esbirros.","ใช้เสริม สกิลโจมตีประชิด ไม่สามารถเสริมการโจมตีที่ถูกทริกเกอร์, การโจมตีที่ใช้โดยสิ่งต่างๆ ที่ไม่ใช่คุณ หรือสกิลที่สร้างมิเนียนออกมา ได้","輔助近戰攻擊技能。無法輔助觸發攻擊，由你以外來源的攻擊，和會創造召喚物的技能。","","","","","","","","","","","[29,48,9,16,7,13,25,14]",14601,4
1237,"SupportEldritchBlasphemy","","","","","","","","","","",12062,"","","","Supports hex curse skills, turning them into auras that will apply their effect to all enemies in an area around you.","Modifie les aptitudes de malédiction qui sont des calamités en les transformant en auras qui appliquent leurs effets à tous les ennemis dans une zone autour de vous.","Unterstützt Verhexungs-Fluchfertigkeiten und wandelt diese in eine Aura um, die ihren Effekt auf Gegner im Umkreis anwenden.","呪術スキルをサポートし、使用者の周囲の範囲内すべての敵に影響を与えるオーラに変化させる。","사술 저주 스킬에 적용됩니다. 저주 스킬을 오라로 바꾸어 플레이어 주변의 모든 적에게 영향을 줍니다.","Reforça habilidades de feitiço de maldição, transformando-as em auras que aplicarão seu efeito a todos os inimigos em uma área ao seu redor.","Усиливает умения проклятий порчи, превращая их в ауры, которые действуют на врагов вокруг вас.","Asiste habilidades de maldición de maleficio para convertirlas en auras que aplican su efecto a todos los enemigos en un área a tu alrededor.","ใช้เสริม สกิลคำสาปสะกด ทำให้สกิลกลายเป็นออร่าที่ส่งผลต่อศัตรูที่อยู่ในพื้นที่รอบตัวคุณ","輔助咒術詛咒技能，使他們變為光環並施加其效果至你周遭範圍內的所有敵人。","","","","","","","","","","","[29,48,11,16,42,12]",14602,4
1238,"SupportGluttony","","","","","","","","","","",12063,"","","","Supports Projectile Spells you cast yourself. Cannot support orb skills, triggered skills, brand skills, Vaal skills, channelling skills, skills with a reservation, or skills used by things other than you.","Modifie les Sorts à Projectiles que vous lancez vous-même. Ne peut pas modifier les aptitudes d'orbe, déclenchées, de symbole, vaal, de canalisation, ayant une réservation, ni les aptitudes utilisées par toute autre entité que vous.","Unterstützt Projektilzauber, die Ihr selbst wirkt. Kann keine Sphären-, auslösbare, Zeichen-, Vaal-, Kanalisierungsfertigkeiten, Fertigkeiten mit Reservierungskosten oder Fertigkeiten, die nicht von Euch ausgeführt wurden, unterstützen.","プレイヤー自身がキャストする投射物スペルをサポートする。オーブスキル、トリガーされるスキル、ブランドスキル、ヴァールスキル、チャネリングスキル、、リザーブするスキルまたはプレイヤー以外の実体により使用されるスキルをサポートできない。","직접 시전하는 투사체 주문에 적용됩니다. 보주 스킬, 발동형 스킬, 낙인 스킬, 바알 스킬, 집중 유지 스킬, 점유가 있는 스킬, 플레이어가 아닌 다른 개체가 사용하는 스킬에는 적용되지 않습니다.","Reforça magias de projéteis conjuradas por você. Não funciona com habilidades de orbe, glifo, ativadas, vaal, canalização, com reserva ou usadas por outras entidades além de você.","Усиливает чары снарядов, которые вы сотворяете сами. Не усиливает умения сфер, срабатывающие умения, умения клейм, умения ваал, поддерживаемые умения, умения с удержанием или умения, используемые кем-либо кроме вас.","Asiste hechizos de proyectil que lanzas tú mismo. No puede asistir habilidades de orbes, habilidades de activación, habilidades de marcas, habilidades vaal, habilidades de canalización, habilidades con reserva ni habilidades usadas por cosas que no seas tú.","ใช้เสริม เวทโพรเจกไทล์ ที่คุณร่ายด้วยตัวเอง ไม่สามารถเสริม สกิลลูกแก้ว, สกิลที่ถูกทริกเกอร์, สกิลตราเวท, สกิลวาล์, สกิลแชนเนล, สกิลที่มีค่าสำรอง หรือสกิลที่ใช้โดยสิ่งต่างๆ ที่ไม่ใช่คุณ ได้","輔助由你自身施放的投射物法術。無法輔助球體、觸發、烙印、瓦爾、引導、有保留需求、或由你以外的事物所使用的技能。","","","","","","","","","","","[29,48,11,16,5,4,15]",14603,4
1239,"SupportOverheat","","","","","","","","","","",12064,"","","","Supports melee attack skills you use yourself. Cannot modify the skills of minions.","Modifie les attaques de mêlée que vous utilisez vous-même. Ne peut pas modifier les aptitudes des créatures.","Unterstützt Nahkampf-Angriffsfertigkeiten, die Ihr selbst nutzt. Kann die Fertigkeiten von Kreaturen nicht modifizieren.","プレイヤー自身が使用する近接アタックスキルをサポートする。ミニオンのスキルには影響しない。","직접 사용하는 근접 공격 스킬에 적용됩니다. 소환수가 사용하는 스킬에는 적용되지 않습니다.","Reforça habilidades de ataque corpo a corpo usadas por você. Não afeta as habilidades de lacaios.","Усиливает умения атак ближнего боя, используемые вами самостоятельно. Не усиливает умения приспешников.","Asiste habilidades de ataque cuerpo a cuerpo que usas tú mismo. No puede modificar las habilidades de los esbirros.","ใช้เสริม สกิลโจมตีประชิด ที่คุณใช้ด้วยตัวเอง ไม่สามารถแก้ไขสกิลที่มิเนียนใช้ได้","輔助由你自身使用的近戰攻擊技能。無法影響召喚物的技能。","","","","","","","","","","","[29,48,9,16,7,13]",14604,4
1240,"SupportGreaterMultistrike","","","","","","","","","","",12065,"","","","Supports melee attack skills, making them repeat three times when used, targeting a random enemy each time. Cannot support Vaal skills, channelling skills, travel skills, retaliation skills or triggered skills.","Modifie les aptitudes d'attaque de mêlée, les faisant se répéter trois fois lorsqu'elles sont utilisées, ciblant à chaque fois un ennemi au hasard. Ne peut modifier les aptitudes vaal, de canalisation, de trajet, de riposte ni les aptitudes déclenchées.","Unterstützt Nahkampf-Angriffsfertigkeiten, die sich bei Nutzung dreimal wiederholen und jedes Mal einen zufälligen Gegner anvisieren. Kann keine Vaal-, Kanalisierungs-, Fortbewegungs-, Gegenschlag- oder auslösbare Fertigkeiten unterstützen.","近接アタックスキルをサポートし、スキル使用時に3回繰り返す。それぞれの攻撃対象はランダムに選択される。ヴァ―ルスキル、チャネリングスキル、トラベルスキル、報復スキル、トリガーされるスキルはサポートできない。","근접 공격 스킬에 적용됩니다. 스킬이 3번 반복되며 매번 무작위 적을 대상으로 삼습니다. 바알 스킬, 집중 유지 스킬, 이동 전용 스킬, 보복 스킬, 발동형 스킬에는 적용되지 않습니다.","Reforça habilidade de ataque corpo a corpo, fazendo com que elas se repitam três vezes ao serem usadas, atingindo um inimigo aleatório a cada vez. Não funciona com habilidades vaal, de canalização, deslocamento, contra-ataque ou ativadas.","Усиливает умения атак ближнего боя. Атаки повторяются трижды, каждый раз выбирая целью случайного врага. Нельзя усилить умения ваал, умения смещения, поддерживаемые умения, умения ответного удара и срабатывающие умения.","Asiste habilidades de ataque cuerpo a cuerpo para que se repitan tres veces cuando se usan y seleccionen a un enemigo aleatorio cada vez. No puede asistir habilidades vaal, habilidades de canalización, habilidades de viaje, habilidades de represalia ni habilidades de activación.","ใช้เสริม สกิลโจมตีประชิด ทำให้เกิดซ้ำ 3 ครั้งโดยเลือกเป้าหมายแบบสุ่ม ไม่สามารถเสริม สกิลวาล์, สกิลแชนเนล, สกิลเดินทาง, สกิลโต้กลับ หรือ สกิลที่ถูกทริกเกอร์ ได้","輔助近戰攻擊技能，使他們在使用時重複三次，每一次都會以隨機敵人為目標。無法輔助瓦爾、引導、快行、復仇、或觸發技能。","","","","","","","","","","","[29,48,13,7,9,16]",14605,4
1241,"SupportCongregation","","","","","","","","","","",12066,"","","","Supports skills which create Minions.","Modifie les aptitudes qui créent des créatures.","Unterstützt Fertigkeiten, die Kreaturen erzeugen.","ミニオンを生成するスキルをサポートできない。","소환수 생성 스킬에 적용됩니다.","Reforça habilidades que criam lacaios.","Усиливает умения, создающие приспешников.","Asiste habilidades que crean esbirros.","ใช้เสริมสกิลที่สร้าง มิเนียน","輔助會創造召喚物的技能。","","","","","","","","","","","[29,48,11,16,8]",14606,4
1242,"SupportFrostmage","","","","","","","","","","",12067,"","","","Supports spell skills that deal damage with hits and have no reservation. Cannot support arcane skills, Brand skills, Orb skills, Vaal skills, or skills used by totems, traps or mines. Cannot modify the skills of minions.","Modifie les aptitudes de sort qui infligent des dégâts et qui n'ont pas de réservation. Ne peut pas modifier les aptitudes arcaniques, de symbole, d'orbe, vaal, ni les aptitudes utilisées par les totems, pièges ou mines. Ne peut pas modifier les aptitudes des créatures.","Unterstützt Zauberfertigkeiten, die Schaden mit Treffern verursachen und keine Reservierung haben. Kann keine Arkan-, Zeichen-, Sphären-, Vaal-, auslösbaren, Totem-, Fallen- oder Minenfertigkeiten unterstützen. Kann die Fertigkeiten von Kreaturen nicht modifizieren.","ヒットでダメージを与え、リザーブしないスペルスキルをサポートする。アーケインスキル、ブランドスキル、オーブスキル、ヴァールスキルまたはトーテム、トラップおよびマインによって使用されるスキルをサポートできない。ミニオンのスキルには影響しない。","명중 시 피해를 주고 점유가 없는 주문 스킬에 적용됩니다. 비전 스킬, 낙인 스킬, 보주 스킬, 바알 스킬 또는 토템, 덫, 지뢰가 사용하는 스킬에는 적용되지 않습니다. 소환수가 사용하는 스킬에도 적용되지 않습니다.","Reforça habilidades de magia que causam dano com ataques e não reservam recursos. Não funciona com habilidades arcanas, de glifo, orbes, canalização, vaal ou usadas por totens, armadilhas ou minas. Não afeta as habilidades de lacaios.","Усиливает умения чар, наносящие урон от ударов и не удерживающие ресурсы. Не усиливает колдовские умения, клейма, сферы, умения ваал или умения, используемые тотемами, ловушками и минами. Не усиливает умения приспешников.","Asiste habilidades de hechizos que infligen daño con golpes y no tienen reserva. No puede asistir habilidades arcanas, habilidades de marcas, habilidades de orbes, habilidades vaal ni habilidades usadas por tótems, trampas o minas. No puede modificar las habilidades de los esbirros.","ใช้เสริม สกิลเวท ที่สร้างความเสียหายด้วยการปะทะและไม่มีค่าสำรอง ไม่สามารถเสริม สกิลอาคม, สกิลตราเวท, สกิลลูกแก้ว, สกิลวาล์ หรือสกิลที่ใช้โดย โทเทม, กับดัก หรือ ทุ่นระเบิด ได้ ไม่สามารถแก้ไขสกิลที่มิเนียนใช้ได้","輔助會造成擊中傷害且沒有保留的法術技能。無法輔助秘能、烙印、球體、瓦爾技能，或由圖騰、陷阱、和地雷使用的技能。無法影響召喚物技能。","","","","","","","","","","","[29,48,1,46,11,16,4]",14607,4
1243,"SupportGreaterDevour","","","","","","","","","","",12068,"","","","Supports any skill that hits enemies.","Modifie n'importe quelle aptitude qui touche les ennemis.","Unterstützt Fertigkeiten, die Treffer bei Gegnern verursachen.","敵をヒットする全てのスキルをサポートする。","적을 명중하는 모든 스킬에 적용됩니다.","Reforça qualquer habilidade que ataque inimigos.","Усиливает любое умение, наносящее удары по врагам.","Asiste cualquier habilidad que golpee a los enemigos.","ใช้เสริมสกิลที่ปะทะศัตรู","輔助任何會擊中敵人的技能。","","","","","","","","","","","[29,48,11,16]",14608,4
1244,"SupportMagnetism","","","","","","","","","","",12069,"","","","[DNT] Supports bla","[DNT] Supports bla","[DNT] Supports bla","[DNT] Supports bla","[DNT] Supports bla","[DNT] Supports bla","[DNT] Supports bla","[DNT] Supports bla","[DNT] Supports bla","[DNT] Supports bla","","","","","","","","","","","[29,48,10,16]",14609,4
1245,"SupportGreaterUnleash","","","","","","","","","","",12070,"","","","Supports spell skills, making their effect reoccur when cast. Cannot support skills with cooldowns, triggered skills, Brand skills, Vaal skills, channelling skills, skills with a reservation, or skills used by totems, traps, or mines. Cannot modify the skills of minions.","Modifie les aptitudes de sort, faisant se reproduire leurs effets lors de leur incantation. Ne peut pas modifier les aptitudes qui ont un temps de recharge, déclenchées, de symbole, vaal, de canalisation, ayant une réservation, ni les aptitudes utilisées par les totems, pièges ou mines. Ne peut modifier les aptitudes des créatures.","Unterstützt Zauberfertigkeiten und bewirkt, dass die Zaubereffekte erneut auftreten, wenn sie gewirkt werden. Kann keine Vaal-, Zeichen-, Totem-, Fallen-, Minen-, Kanalisierungs-, auslösbare oder Fertigkeiten mit Reservierungskosten unterstützen oder Fertigkeiten, die über eine Abklingzeit verfügen. Kann die Fertigkeiten von Kreaturen nicht modifizieren.","スペルスキルをサポートし、キャスト時にその効果が再び起きるようにする。クールダウンを持つスキル、トリガーされるスキル、ブランドスキル、ヴァールスキル、チャネリングスキル、リザーブするスキルまたはトーテム、トラップ、マインで使用されるスキルはサポートできない。ミニオンのスキルには影響しない。","주문 스킬에 적용됩니다. 시전 시 스킬 효과가 반복됩니다. 재사용 대기시간이 있는 스킬, 발동형 스킬, 낙인 스킬, 바알 스킬, 집중 유지 스킬, 점유가 있는 스킬에는 적용되지 않습니다. 또한 토템, 덫, 지뢰 스킬이나 소환수가 사용하는 스킬에도 적용되지 않습니다.","Reforça habilidades de magia, fazendo com que os efeitos delas se repitam ao conjurar. Não funciona com habilidades com recarga, reserva, ativadas, de glifo, vaal, canalização ou usadas por totens, armadilhas ou minas. Não afeta as habilidades de lacaios.","Усиливает чары, заставляя их эффект повторяться при сотворении. Не усиливает умения со временем восстановления, срабатывающие умения, клейма, умения ваал, поддерживаемые умения, умения с удержанием или умения, используемые тотемами, ловушками и минами. Не усиливает умения приспешников.","Asiste habilidades de hechizos para que su efecto vuelva a producirse cuando se lanzan. No puede asistir habilidades con tiempo de recarga, habilidades de activación, habilidades de marcas, habilidades vaal, habilidades de canalización, habilidades con reserva ni habilidades usadas por tótems, trampas o minas. No puede modificar las habilidades de los esbirros.","ใช้เสริม สกิลเวท ทำให้ผลของมันเกิดขึ้นซ้ำเมื่อร่าย ไม่สามารถเสริมสกิลที่มีคูลดาวน์, สกิลที่ถูกทริกเกอร์, สกิลตราเวท, สกิลวาล์, สกิลแชนเนล, สกิลที่มีค่าสำรอง หรือสกิลที่ใช้โดย โทเทม, กับดัก หรือ ทุ่นระเบิด ได้ ไม่สามารถแก้ไขสกิลที่มิเนียนใช้ได้","輔助法術技能，使他們的效果在施放時重複。無法輔助有冷卻、觸發、烙印、瓦爾、引導、有保留需求的技能，或由圖騰、陷阱、和地雷使用的技能。無法影響召喚物技能。","","","","","","","","","","","[29,48,4,11,16]",14610,4
1246,"SupportPacifism","","","","","","","","","","",12071,"","","","Supports any skill that hits enemies.","Modifie n'importe quelle aptitude qui touche les ennemis.","Unterstützt Fertigkeiten, die Treffer bei Gegnern verursachen.","敵をヒットする全てのスキルをサポートする。","적을 명중하는 모든 스킬에 적용됩니다.","Reforça qualquer habilidade que ataque inimigos.","Усиливает любое умение, наносящее удары по врагам.","Asiste cualquier habilidad que golpee a los enemigos.","ใช้เสริมสกิลที่ปะทะศัตรู","輔助任何可以擊中敵人的技能。","","","","","","","","","","","[29,48,10,16]",14611,4
1247,"SupportBloodsoakedBanner","","","","","","","","","","",12072,"","","","Supports banner skills. Cannot modify the skills of minions.","Modifie les aptitudes d'étendard. Ne peut pas modifier les aptitudes des créatures.","Unterstützt Banner-Fertigkeiten. Kann die Fertigkeiten von Kreaturen nicht modifizieren.","バナースキルをサポートする。ミニオンのスキルを変更できない。","깃발 스킬에 적용됩니다. 소환수가 사용하는 스킬에는 적용되지 않습니다.","Reforça habilidades de estandarte. Não afeta as habilidades de lacaios.","Усиливает умения знамён. Не усиливает умения приспешников.","Asiste habilidades de estandarte. No puede modificar las habilidades de los esbirros.","ใช้เสริม สกิลธง ไม่สามารถแก้ไขสกิลที่มิเนียนใช้ได้","輔助鬥旗技能。無法影響召喚物技能。","","","","","","","","","","","[29,48,33,9,16,39,15]",14612,4
1248,"SupportMinionPact","","","","","","","","","","",12073,"","","","Supports spell skills that hit enemies and have no reservation. Cannot support brand skills, orb skills, channelling skills, arcane skills, Vaal skills or skills used by traps or mines. Cannot modify the skills of minions.","Modifie les aptitudes qui touchent les ennemis et qui n'ont pas de réservation. Ne peut pas modifier les aptitudes de symbole, d'orbe, de canalisation, arcaniques, vaal, ni les aptitudes utilisées par les pièges ou mines. Ne peut pas modifier les aptitudes des créatures.","Unterstützt Zauberfertigkeiten, die Treffer bei Gegnern verursachen und keine Reservierung haben. Kann keine Zeichen-, Sphären-, Kanalisierungs-, arkane oder Vaal-Fertigkeiten unterstützen oder Fertigkeiten, die von Fallen oder Minen benutzt werden. Kann die Fertigkeiten von Kreaturen nicht modifizieren.","敵をヒットし、リザーブしないスペルスキルをサポートする。ブランドスキル、オーブスキル、チャネリングスキル、アーケインスキル、ヴァールスキルまたはトラップおよびマインによって使用されるスキルをサポートできない。ミニオンのスキルには影響しない。","적을 명중하고 점유가 없는 주문 스킬에 적용됩니다. 낙인 스킬, 보주 스킬, 집중 유지 스킬, 비전 스킬, 바알 스킬 또는 덫이나 지뢰로 사용하는 스킬에는 적용되지 않습니다. 소환수가 사용하는 스킬에도 적용되지 않습니다.","Reforça habilidades mágicas que atingem inimigos e não reservam recursos. Não reforça habilidades de glifo, orbes, canalização, arcanas, vaal ou habilidades usadas por armadilhas ou minas. Não afeta as habilidades de lacaios.","Усиливает умения чар, наносящие удары по врагу и не удерживающие ресурсы. Не усиливает умения клейм, сфер, поддерживаемые умения, колдовские умения, умения ваал или умения, используемые ловушками и минами. Не усиливает умения приспешников.","Asiste habilidades de hechizos que golpean a los enemigos y no tienen reserva. No puede asistir habilidades de marcas, habilidades de orbes, habilidades de canalización, habilidades arcanas, habilidades vaal ni habilidades usadas por trampas o minas. No puede modificar las habilidades de los esbirros.","ใช้เสริม สกิลเวท ที่สร้างความเสียหายด้วยการปะทะและไม่มีค่าสำรอง ไม่สามารถเสริม สกิลตราเวท, สกิลลูกแก้ว, สกิลแชนเนล, สกิลอาคม, สกิลวาล์ หรือสกิลที่ใช้งานโดย กับดักหรือทุ่นระเบิด ได้ ไม่สามารถแก้ไขสกิลที่มิเนียนใช้ได้","輔助會擊中敵人且沒有保留需求的技能。無法輔助烙印、球體、引導、秘能、瓦爾技能，或由陷阱和地雷使用的技能。無法影響召喚物技能。","","","","","","","","","","","[29,48,4,8,33,11,16]",14613,4
1249,"SupportHarrowingThrong","","","","","","","","","","",12074,"","","","[DNT] Supports bla","[DNT] Supports bla","[DNT] Supports bla","[DNT] Supports bla","[DNT] Supports bla","[DNT] Supports bla","[DNT] Supports bla","[DNT] Supports bla","[DNT] Supports bla","[DNT] Supports bla","","","","","","","","","","","[29,48,11,16]",14614,4
1250,"SupportUnholyTrinity","","","","","","","","","","",12075,"","","","Supports skills that hit enemies, causing them to gain bonuses while you have unholy resonance of lightning, physical and chaos, and to grant unholy resonance of damage types other than the highest one in a hit. There is a maximum of 50 unholy resonance for each damage type. Cannot support triggered skills, instant skills, orb skills, brands, skills with a reservation, or skills used by totems, traps, or mines. Cannot modify the skills of minions.","Modifie les aptitudes qui touchent les ennemis, leur permettant de gagner des bonus tant que vous avez de la Résonance impie de foudre, physique et chaos, et d'octroyer de la Résonance impie des types de dégâts autres que celui dont les dégâts sont les plus élevés lors d'une touche. Chaque type de dégâts peut atteindre jusqu'à 50 de Résonance impie. Ne peut pas modifier les aptitudes déclenchées, instantanées, d'orbe, de symbole, ayant une réservation, ni les aptitudes utilisées par les totems, pièges ou mines. Ne peut pas modifier les aptitudes des créatures.","Unterstützt Fertigkeiten, die Treffer bei Gegnern verursachen. Diese Fertigkeiten erhalten Boni, während Ihr über 'Unheilige Resonanz' der Typen Blitz, Physisch und Chaos verfügt, und gewähren bei Treffer 'Unheilige Resonanz' der Schadenstypen, die nicht den höchsten Wert haben. Maximal 50 'Unheilige Resonanz' jeder Art. Kann keine Totem-, Fallen-, Minen-, Sphären-, Zeichen-, auslösbaren, sofort gewirkte oder Fertigkeiten mit Reservierungskosten unterstützen. Kann die Fertigkeiten von Kreaturen nicht modifizieren.","敵にヒットを与えるスキルをサポートする。雷、物理および混沌からなるアンホーリーレゾナンスを持っている間使用したスキルにボーナスを付与し、与えたヒットで最も高いダメージを与えた属性以外のアンホーリーレゾナンスを付与する。それぞれの属性のアンホーリーレゾナンスの最大値は50。トリガーされるスキル、即時スキル、オーブスキル、ブランドスキル、リザーブするスキルおよびトーテム、トラップ、マインで使用されるスキルはサポートできない。ミニオンのスキルには影響しない。","적을 명중하는 스킬에 적용되어, 번개, 물리, 카오스의 불경한 공명이 있는 동안 보너스를 부여하고, 명중 시에 가장 높은 원소를 제외한 다른 피해 유형들에 불경한 공명을 부여합니다. 각 피해 유형의 불경한 공명의 한도는 50입니다. 발동형 스킬, 즉시 시전 스킬, 보주 스킬, 낙인 스킬, 점유가 있는 스킬에는 적용되지 않습니다. 또한 토템, 덫, 지뢰 스킬이나 소환수가 사용하는 스킬에도 적용되지 않습니다.","Reforça habilidades que atingem inimigos, fazendo com que eles ganhem bônus enquanto você tiver Ressonância Profana elétrica, física e de caos. Além disso, elas concedem Ressonância Profana de tipos de dano diferentes do mais forte em um ataque. O máximo de Ressonância Profana para cada tipo de dano é 50. Não funciona com habilidades ativadas, instantâneas, de glifo, orbe, com reserva ou habilidades usadas por totens, armadilhas ou minas. Não afeta as habilidades de lacaios.","Усиливает умения, наносящие удары по врагам, повышая их эффективность, пока на вас действует Нечестивый резонанс молнии, физического урона и хаоса, и даруя Нечестивый резонанс типов урона, отличных от основного урона удара. Максимум Нечестивого резонанса каждого вида равен 50. Не усиливает срабатывающие умения, мгновенные умения, умения сфер, клейма, умения с удержанием или умения, используемые тотемами, ловушками и минами. Не усиливает умения приспешников.","Asiste habilidades que golpean a los enemigos para que ganen bonificaciones mientras tengas resonancia impía de rayo, física o de caos y para que otorguen resonancia impía de los tipos de daño que no sean el que mayor daño ha infligido en un golpe. Hay un máximo de 50 de resonancia impía por cada tipo de daño. No puede asistir habilidades de activación, habilidades instantáneas, habilidades de orbes, habilidades de marcas, habilidades con reserva ni habilidades usadas por tótems, trampas o minas. No puede modificar las habilidades de los esbirros.","ใช้เสริมสกิลที่ปะทะศัตรู ทำให้สกิลนั้นได้รับโบนัสขณะที่คุณมี อธรรมสั่นพ้อง ของ สายฟ้า, กายภาพม เคออส และให้อธรรมสั่นพ้องของความเสียหายสองชนิดที่ไม่ได้มีความเสียหายมากที่สุดเมื่อปะทะ แต่ละธาตุมี อธรรมสั่นพ้อง ได้สูงสุด 50 ระดับ ไม่สามารถเสริม สกิลที่ถูกทริกเกอร์, สกิลที่ส่งผลทันที, สกิลลูกแก้ว, ตราเวท, สกิลที่มีค่าสำรอง หรือสกิลที่ใช้งานโดย โทเทม, กับดัก หรือ ทุ่นระเบิด ได้ ไม่สามารถแก้ไขสกิลที่มิเนียนใช้ได้","輔助會擊中敵人的技能，使他們在你擁有閃電、物理、或混沌不潔共鳴時獲得額外效果，並在單次擊中時獲得非最高傷害類型的不潔共鳴。每一種傷害種類的不潔共鳴最高層數為50。無法輔助觸發、立即、球體、烙印、有保留需求的技能，或由圖騰、陷阱、地雷使用的技能。無法影響召喚物技能。","","","","","","","","","","","[29,48,33,3,2,10,16]",14615,4
1251,"SupportOverloadedIntensity","","","","","","","","","","",12076,"","","","Supports spells skills that gain Intensity.","Modifie les aptitudes de sort qui gagnent de l'Intensité.","Unterstützt Zauberfertigkeiten, die an Intensität gewinnen.","インテンシティを獲得するスペルをサポートする。","격렬함을 획득하는 주문 스킬에 적용됩니다.","Reforça habilidades de magia que ganham Intensidade.","Усиливает чары, накапливающие Интенсивность.","Asiste habilidades de hechizos que ganan intensidad.","ใช้เสริม สกิลเวท ที่สะสมความแรงกล้า","輔助會賦予強化的法術技能。","","","","","","","","","","","[29,48,4,47,11,16]",14616,4
1252,"SupportTransfusion","","","","","","","","","","",12077,"","","","Supports non-blessing spells.","Modifie les sorts qui ne sont pas des bénédictions.","Unterstützt alle Zauber (Segnungen ausgenommen).","ブレッシング以外のスペルをサポートする。","비-축복 주문에 적용됩니다.","Reforça magias não relacionadas a bênçãos.","Усиливает чары не-благословения.","Asiste hechizos que no sean de bendición.","ใช้เสริม เวทที่ไม่ใช่พร","輔助非祝福的法術。","","","","","","","","","","","[29,48,4,8,9,16]",14617,4
1253,"GraftXophOne","","","","","","","","","","",12443,"","","","","","","","","","","","","","","","","","","","","","","","[9,25,4,14,5,0,15,34]","",5
1254,"GraftXophTwo","","","","","","","","","","",12444,"","","","","","","","","","","","","","","","","","","","","","","","[9,25,15,14,5,13,0,6]","",5
1255,"GraftXophThree","","","","","","","","","","",12445,"","","","","","","","","","","","","","","","","","","","","","","","[9,25,0,14,13,7,6]","",5
1256,"GraftXophFour","","","","","","","","","","",12446,"","","","","","","","","","","","","","","","","","","","","","","","[9,25,4]","",5
1257,"GraftUulnetolOne","","","","","","","","","","",12447,"","","","","","","","","","","","","","","","","","","","","","","","[9,25,7,14,33,13,6]","",5
1258,"GraftUulnetolTwo","","","","","","","","","","",12448,"","","","","","","","","","","","","","","","","","","","","","","","[9,25,13,14,33,7,6]","",5
1259,"GraftUulnetolThree","","","","","","","","","","",12449,"","","","","","","","","","","","","","","","","","","","","","","","[9,25,15,33,4]","",5
1260,"GraftUulnetolFour","","","","","","","","","","",12450,"","","","","","","","","","","","","","","","","","","","","","","","[9,25,15,4]","",5
1261,"GraftEshOne","","","","","","","","","","",12451,"","","","","","","","","","","","","","","","","","","","","","","","[11,25,4,14,2,15]","",5
1262,"GraftEshTwo","","","","","","","","","","",12452,"","","","","","","","","","","","","","","","","","","","","","","","[11,25,4,2,15,14]","",5
1263,"GraftEshThree","","","","","","","","","","",12453,"","","","","","","","","","","","","","","","","","","","","","","","[11,25,14,4,2]","",5
1264,"GraftEshFour","","","","","","","","","","",12454,"","","","","","","","","","","","","","","","","","","","","","","","[11,25,4,2]","",5
1265,"GraftTulOne","","","","","","","","","","",12456,"",12457,"","","","","","","","","","","","","","","","","","","","","","[10,25,4,5,15,14,1]","",5
1266,"GraftTulTwo","","","","","","","","","","",12455,"","","","","","","","","","","","","","","","","","","","","","","","[10,25,14,5,1,4]","",5
1267,"GraftTulThree","","","","","","","","","","",12458,"","","","","","","","","","","","","","","","","","","","","","","","[11,25,8,4]","",5
1268,"GraftTulFour","","","","","","","","","","",12459,"","","","","","","","","","","","","","","","","","","","","","","","[10,25,15,0,1,2]","",5
1269,"PlaytestAttack","","","","","","","","","","",12123,"","","","","","","","","","","","","","","","","","","","","","","","[25,13,5,7,36,6]","",5
1270,"PlaytestSpell","","","","","","","","","","",12124,"","","","","","","","","","","","","","","","","","","","","","","","[25,5,4,14]","",5
1271,"PlaytestSlam","","","","","","","","","","",12125,"","","","","","","","","","","","","","","","","","","","","","","","[25,13,14,7,40]","",5
1272,"SummonDarkEffigy","","","","","","","","","","",12160,"","","","","","","","","","","","","","","","","","","","","","","","[11,25,4,8]","",5
1273,"ZanaInfluenceNova","","","","","","","","","","",12390,"","","","","","","","","","","","","","","","","","","","","","","",[25],"",5
1274,"SupportFocusedChannelling","","","","","","","","","","",12408,"","","","Supports channelling spells you cast yourself, significantly empowering their damage the longer they are channelled for, while also raising their cost. Cannot modify the skills of minions.","Modifie les sorts de canalisation que vous lancez vous-même, augmentant considérablement leurs en fonction du temps passé à les canaliser. Leur coût augmente également à mesure que la canalisation progresse. Ne peut pas modifier les aptitudes des créatures.","Unterstützt Kanalisierungs-Zauber, die Ihr selbst wirkt, und verstärkt ihren Schaden erheblich, je länger sie kanalisiert werden, erhöht aber auch ihre Kosten. Kann die Fertigkeiten von Kreaturen nicht modifizieren.","プレイヤー自身がキャストするチャネリングスペルをサポートし、より長い時間キャストするほど、サポートされたスキルのダメージを大幅に強化する一方、キャストに必要なコストも増加させる。ミニオンのスキルには影響しない。","직접 시전하는 집중 유지 주문에 적용됩니다. 보조 대상 스킬에 집중을 유지하는 시간이 길어질수록 해당 스킬의 피해량이 크게 강화되지만 자원 소모량 역시 증가합니다. 소환수가 사용하는 스킬에는 적용되지 않습니다.","Fortalece magias canalizadas que você lança, aumentando significativamente o dano das habilidades suportadas conforme o tempo de canalização, mas também aumentando seu custo. Não afeta as habilidades de lacaios.","Усиливает поддерживаемые чары, которые вы сотворяете сами. Повышает урон усиленных умений тем больше, чем дольше они поддерживаются, одновременно увеличивая их расход. Не усиливает умения приспешников.","Asiste hechizos de canalización que lanzas tú mismo y potencia significativamente su daño cuanto más tiempo se canalicen, mientras que también aumenta su costo. No puede modificar las habilidades de los esbirros.","ใช้เสริม สกิลเวทแชนเนล ที่คุณร่ายด้วยตัวเอง เพื่อให้สกิลที่เสริมมีความเสียหายเพิ่มขึ้นอย่างต่อเนื่องตามระยะเวลาที่ร่าย แต่เพิ่มค่าใช้งานอย่างต่อเนื่องเช่นกัน ไม่สามารถแก้ไขสกิลที่มิเนียนใช้ได้","輔助你自己施展的引導技能，引導時間越久，會大幅強化其傷害，同時增加其消耗。無法修改召喚物的技能。","","","","","","","","","","","[30,4,11,16]",14563,5
1275,"SupportWindburst","","","","","","","","","","",12409,"",12410,"","Supports Attack Skills, causing them to trigger Windburst on hit after you've travelled a certain distance. Cannot support triggered skills or skills used by things other than you. Cannot modify the skills of minions.","Modifie les aptitudes d'attaque, leur permettant de déclencher Rafale de vent au toucher après que vous avez parcouru une certaine distance. Ne peut pas modifier les aptitudes déclenchées ni les aptitudes utilisées par toute autre entité que vous. Ne peut pas modifier les aptitudes des Créatures.","Unterstützt Angriffsfertigkeiten, die bei einem Treffer die Fertigkeit 'Windexplosion' auslösen, nachdem Ihr eine bestimmte Distanz zurückgelegt habt. Kann keine auslösbaren Fertigkeiten oder Fertigkeiten, die nicht von Euch ausgeführt wurden, unterstützen. Kann die Fertigkeiten von Kreaturen nicht modifizieren.","アタックスキルをサポートし、一定の距離を移動した後のヒット時にウィンドバーストをトリガーするようにする。トリガーされるスキル、プレイヤー以外の存在により使用されるスキルをサポートできない。ミニオンのスキルを変更できない。","공격 스킬에 적용되어, 플레이어가 일정 거리를 이동한 후 명중 시 바람 격발을 발동시킵니다. 발동형 스킬 또는 플레이어가 아닌 개체가 사용하는 스킬에는 적용되지 않습니다. 소환수가 사용하는 스킬에도 적용되지 않습니다.","Reforça habilidades de ataque, fazendo com que elas ativem Rajada de Vento ao atingir após você percorrer uma certa distância. Não reforça habilidades ativadas ou habilidades usadas por outros elementos além de você. Não afeta as habilidades de lacaios.","Усиливает умения атак, заставляя их вызывать срабатывание Порыва ветра при нанесении удара после того, как вы преодолели некоторое расстояние. Не усиливает срабатывающие атаки и умения, используемые кем-либо кроме вас. Не усиливает умения приспешников.","Asiste habilidades de ataque para que activen Estallido de viento con cada golpe después de que hayas recorrido una cierta distancia. No puede asistir habilidades de activación ni habilidades que usen otras cosas que no seas tú. No puede modificar las habilidades de los esbirros.","ใช้เสริม สกิลโจมตี เพื่อให้สกิลนี้ทริกเกอร์ ลมปะทุ เมื่อปะทะหลังจากที่คุณเคลื่อนที่ตามระยะที่กำหนด ไม่สามารถเสริมสกิลที่ถูกทริกเกอร์หรือสกิลที่ใช้โดยสิ่งต่างๆ ที่ไม่ใช่คุณได้ ไม่สามารถแก้ไขสกิลที่มิเนียนใช้ได้","輔助攻擊技能，使被輔助的技能在你移動一段距離後，擊中時會觸發風破。不能輔助觸發技能或不是由你使用的技能。無法修改召喚物的技能。","","","","","","","","","","","[10,16,25,13,5,26,14,15,6]",14564,5
1276,"SupportKineticInstability","","","","","","","","","","",12411,"",12412,"","Supports Wand Attacks, granting them a chance to trigger Kinetic Flux on kill. Cannot support triggered skills or skills used by things other than you. Cannot modify the skills of minions.","Modifie les attaques à la baguette, leur octroyant une chance de déclencher Flux cinétique en tuant. Ne peut pas modifier les aptitudes déclenchées ni les aptitudes utilisées par toute autre entité que vous. Ne peut pas modifier les aptitudes des créatures.","Unterstützt Zauberstabangriffe und gewährt ihnen eine Chance, bei Tötung 'Kinetischer Fluss' auszulösen. Kann keine auslösbaren Fertigkeiten oder Fertigkeiten, die nicht von Euch ausgeführt wurden, unterstützen. Kann die Fertigkeiten von Kreaturen nicht modifizieren.","ワンドアタックをサポートし、キル時に一定確率でキネティックフラックスをトリガーするようにする。トリガーされるスキルまたはプレイヤー以外の存在により使用されるスキルをサポートできない。ミニオンのスキルを変更できない。","마법봉 공격에 적용되어, 처치 시 역학 유동을 발동할 확률을 부여합니다. 플레이어가 아닌 다른 개체가 사용한 스킬에는 적용되지 않습니다. 소환수가 사용하는 스킬에도 적용되지 않습니다.","Reforça ataques de varinha, concedendo uma chance de ativar Fluxo Cinético ao matar. Não reforça habilidades ativadas ou habilidades usadas por outros elementos além de você. Não afeta as habilidades de lacaios.","Усиливает атаки жезлами, даруя им шанс вызвать срабатывание Кинетического потока при убийстве. Не усиливает срабатывающие атаки и умения, используемые кем-либо кроме вас. Не усиливает умения приспешников.","Asiste ataques de varita para otorgarles una probabilidad de activar Flujo cinético al matar. No puede asistir habilidades de activación ni habilidades que utilicen entidades que no seas tú. No puede modificar las habilidades de los esbirros.","ใช้เสริม สกิลโจมตี ที่ใช้ ไม้กายสิทธิ์ เพื่อให้สกิลนี้มีโอกาสทริกเกอร์ จลนศาสตร์หลั่งไหล เมื่อสังหาร ไม่สามารถเสริมสกิลที่ถูกทริกเกอร์หรือสกิลที่ใช้โดยสิ่งต่างๆ ที่ไม่ใช่คุณได้ ไม่สามารถแก้ไขสกิลที่มิเนียนใช้ได้","輔助法杖攻擊技能，擊殺時有機率觸發力量流束。無法輔助被觸發的技能或由其他物體施放的技能。無法改變召喚物的技能。","","","","","","","","","","","[11,16,25,14,26,13,15]",14565,5
1277,"SupportLivingLightning","","","","","","","","","","",12413,"",12414,"","Supports Skills which cause Damaging Hits, causing them to trigger Summon Living Lightning when dealing lightning damage. Cannot support skills used by totems, traps, or mines. Cannot modify the skills of Minions.","Modifie les aptitudes qui infligent des dégâts au Toucher, leur permettant de déclencher Invocation de Foudre vivante lorsqu'elles infligent des dégâts de foudre. Ne peut pas modifier les aptitudes utilisées par les totems, pièges ou mines. Ne peut pas modifier les aptitudes des Créatures.","Unterstützt Fertigkeiten, welche schädigende Treffer verursachen, die 'Lebendiger Blitz beschwören' auslösen, wenn man Blitzschaden verursacht. Kann keine Totem-, Fallen- oder Minenfertigkeiten unterstützen. Kann die Fertigkeiten von Kreaturen nicht modifizieren.","ダメージヒットを与えるスキルをサポートし、雷ダメージを与えた時にリビングライトニング召喚をトリガーするようにする。トーテム、トラップまたはマインで使用されるスキルをサポートできない。ミニオンのスキルを変更できない","피해를 주는 명중을 유발하는 스킬에 적용됩니다. 번개 피해를 줄 때 살아 있는 번개 소환을 발동합니다. 토템, 덫, 지뢰가 사용하는 스킬에는 적용되지 않습니다. 소환수가 사용하는 스킬에도 적용되지 않습니다.","Reforça habilidades que causam dano, fazendo com que ativem Invocar Relâmpago Vivo ao causar dano elétrico. Não funciona com habilidades usadas por totens, armadilhas ou minas. Não afeta as habilidades de lacaios.","Усиливает умения, способные наносить урон ударами, заставляя их вызывать срабатывание Призыва живой молнии при нанесении урона от молнии. Не может усиливать умения, используемые тотемами, ловушками и минами. Не усиливает умения приспешников.","Asiste habilidades que provocan golpes dañinos, para que activen Invocar rayo viviente al infligir daño de rayo. No puede asistir las habilidades que usan los tótems, las trampas o las minas. No puede modificar las habilidades de los esbirros.","ใช้เสริมสกิลที่สร้างความเสียหายด้วยการปะทะ เพื่อให้สกิลที่เสริมอัญเชิญสายชีวิตเมื่อสร้างความเสียหาย สายฟ้า ไม่สามารถเสริมสกิลที่ใช้โดย โทเทม, กับดัก หรือ ทุ่นระเบิด ได้ ไม่สามารถแก้ไขสกิลที่มิเนียนใช้ได้","輔助造成傷害擊中的技能，當其造成閃電傷害時會觸發召喚活躍閃電。無法輔助由圖騰、陷阱或地雷施放的技能。無法修改召喚物使用的技能。","","","","","","","","","","","[2,11,16,25,4,8,15,26]",14566,5
1278,"SupportExcommunicate","","","","","","","","","","",12415,"","","","Supports melee attacks. Does not modify skills used by minions.","Modifie les attaques de mêlée. Ne peut pas modifier les Aptitudes utilisées par les Créatures.","Unterstützt Nahkampfangriffe. Kann die Fertigkeiten von Kreaturen nicht modifizieren.","近接アタックをサポートする。ミニオンのスキルを変更できない。","근접 공격에 적용됩니다. 소환수가 사용하는 스킬에는 적용되지 않습니다.","Reforça habilidades de ataque corpo a corpo. Não afeta habilidades usadas por lacaios.","Усиливает атаки ближнего боя. Не усиливает умения, используемые приспешниками.","Asiste ataques cuerpo a cuerpo. No modifica las habilidades que usan los esbirros.","ใช้เสริม สกิลโจมตีประชิด ไม่สามารถแก้ไขสกิลที่มิเนียนใช้ได้","輔助近戰打擊技能。無法修改召喚物使用的技能。","","","","","","","","","","","[2,0,33,9,16,7,13,15]",14567,5
1279,"SupportExemplar","","","","","","","","","","",12416,"","","","Supports skills that create minions.","Modifie les aptitudes qui créent des créatures.","Unterstützt Fertigkeiten, die Kreaturen erzeugen.","ミニオンを生成するスキルをサポートする。","소환수 생성 스킬에 적용됩니다.","Reforça habilidades que criam lacaios.","Усиливает умения, создающие приспешников.","Asiste habilidades que crean esbirros.","ใช้เสริมสกิลที่สร้าง มิเนียน","輔助會創造召喚物的技能。","","","","","","","","","","","[47,11,16,8]",14568,5
1280,"SupportBlessedCall","","","","","","","","","","",12417,"","","","Supports Warcries that are not triggered. Supported Warcries create Consecrated Ground, but have lowered area of effect and cooldown recovery.","Modifie les Cris de guerre qui ne sont pas déclenchés. Les Cris de guerre modifiés créent du Sol consacré, mais ont une diminution de zone d'effet et de vitesse de recharge.","Unterstützt Kriegsschreie, die nicht ausgelöst werden. Unterstützte Kriegsschreie erzeugen Geweihten Boden, haben aber einen verkleinerten Wirkungsbereich und langsamere Abklingzeit.","トリガーされないウォークライをサポートする。サポートされたウォークライは神聖領域を生成するようになるが、効果範囲が狭くなり、クールダウン解消レートが下がる。","발동되지 않는 함성에 적용됩니다. 보조 대상 함성이 신성화 지대를 생성하지만, 효과 범위와 재사용 대기시간 회복은 낮아집니다.","Reforça clamores não ativáveis. Esses clamores criam um chão consagrado, mas têm sua área de efeito e seu tempo de recarga reduzidos.","Усиливает не срабатывающие боевые кличи. Усиленные боевые кличи создают освящённую землю, но имеют сниженную область действия и скорость перезарядки.","Asiste gritos de guerra que no se activan. Los gritos de guerra asistidos crean suelo consagrado pero tienen el área de efecto y la recuperación del tiempo de recarga disminuidas.","ใช้เสริม สกิลคำราม ที่ไม่ถูกทริกเกอร์ สกิลคำรามที่เสริมสร้าง พื้นศักดิ์สิทธิ์ แลกกับการมีพื้นที่ส่งผลและมีความเร็วในการฟื้นฟูคูลดาวน์ต่ำลง","輔助非觸發的戰吼。被輔助的戰吼會創造奉獻地面，但降低範圍效果和冷卻回復速度。","","","","","","","","","","","[9,16,27,15]",14569,5
1281,"SupportHallow","","","","","","","","","","",12418,"","","","Supports melee attacks you use yourself. Does not modify skills used by minions.","Modifie les attaques de mêlée que vous utilisez vous-même. Ne peut pas modifier les aptitudes utilisées par les créatures.","Unterstützt Nahkampfangriffe, die Ihr selbst nutzt. Kann die Fertigkeiten von Kreaturen nicht modifizieren.","プレイヤー自身が使用する近接アタックをサポートする。ミニオンのスキルには影響しない。","직접 사용하는 근접 공격에 적용됩니다. 소환수가 사용하는 스킬에는 적용되지 않습니다.","Reforça habilidades de ataque corpo a corpo usadas por você. Não afeta habilidades usadas por lacaios.","Усиливает атаки ближнего боя, используемые вами самостоятельно. Не усиливает умения, используемые приспешниками.","Asiste ataques cuerpo a cuerpo que usas tú mismo. No modifica las habilidades que usan los esbirros.","ใช้เสริม สกิลโจมตีประชิดที่คุณใช้ด้วยตัวเอง ไม่สามารถแก้ไขสกิลที่มิเนียนใช้ได้","輔助由你自身使用的近戰攻擊。無法影響召喚物的技能。","","","","","","","","","","","[33,0,9,16,7,13]",14570,5
1282,"CallMercenary","","","","","","","","","","",12420,"","","","","","","","","","","","","","","","","","","","","","","",[25],"",5
