"rownum","MonsterVariety","f32_16","MonsterHeightBracket","i32_36","i32_40"
0,1,182.73,2,0,0
1,3,182.73,2,0,0
2,4,182.73,2,0,0
3,5,182.73,2,0,0
4,6,182.73,2,0,0
5,7,182.73,2,0,0
6,8,182.73,2,0,0
7,10,182.73,2,0,0
8,11,182.73,2,0,0
9,12,182.73,2,0,0
10,13,182.73,2,0,0
11,14,182.73,2,0,0
12,15,182.73,2,0,0
13,16,182.73,2,0,0
14,17,182.73,2,0,0
15,18,182.73,2,0,0
16,19,182.73,2,0,0
17,20,182.73,2,0,0
18,21,182.73,2,0,0
19,22,182.73,2,0,0
20,23,182.73,2,0,0
21,24,182.73,2,0,0
22,25,182.73,2,0,0
23,26,182.73,2,0,0
24,29,182.73,2,0,0
25,30,182.73,2,0,0
26,31,182.73,2,0,0
27,32,182.73,2,0,0
28,33,160.29,2,0,0
29,35,160.29,2,0,0
30,37,171.61,2,0,0
31,39,171.61,2,0,0
32,40,171.61,2,0,0
33,42,190.99,2,0,0
34,44,190.99,2,0,0
35,45,190.99,2,0,0
36,46,182.73,2,0,0
37,47,182.73,2,0,0
38,48,182.73,2,0,0
39,49,182.73,2,0,0
40,50,182.73,2,0,0
41,52,182.73,2,0,0
42,53,182.73,2,0,0
43,54,182.73,2,0,0
44,55,182.73,2,0,0
45,56,182.73,2,0,0
46,57,182.73,2,0,0
47,58,182.73,2,0,0
48,59,182.73,2,0,0
49,60,182.73,2,0,0
50,61,182.73,2,0,0
51,62,182.73,2,0,0
52,63,182.73,2,0,0
53,64,182.73,2,0,0
54,65,182.73,2,0,0
55,66,182.73,2,0,0
56,67,182.73,2,0,0
57,68,182.73,2,0,0
58,69,182.73,2,0,0
59,70,182.73,2,0,0
60,71,182.73,2,0,0
61,72,182.73,2,0,0
62,73,182.73,2,0,0
63,74,182.73,2,0,0
64,75,182.73,2,0,0
65,76,182.73,2,0,0
66,77,182.73,2,0,0
67,78,182.73,2,0,0
68,79,119.46,2,0,0
69,80,182.6,3,0,0
70,81,182.73,2,0,0
71,82,182.73,2,0,0
72,83,182.73,2,0,0
73,84,182.73,2,0,0
74,85,182.73,2,0,0
75,86,182.73,2,0,0
76,87,182.73,2,0,0
77,88,182.73,2,0,0
78,89,182.73,2,0,0
79,90,182.73,2,0,0
80,91,182.73,2,0,0
81,92,182.73,2,0,0
82,93,182.73,2,0,0
83,94,182.73,2,0,0
84,95,182.73,2,0,0
85,96,182.73,2,0,0
86,97,182.73,2,0,0
87,98,182.73,2,0,0
88,99,182.73,2,0,0
89,100,182.73,2,0,0
90,101,182.73,2,0,0
91,102,182.73,2,0,0
92,103,182.73,2,0,0
93,104,182.73,2,0,0
94,105,182.73,2,0,0
95,106,182.73,2,0,0
96,107,182.73,2,0,0
97,108,224.09,2,0,0
98,110,224.09,2,0,0
99,111,224.09,2,0,0
100,112,224.09,2,0,0
101,113,224.09,3,0,0
102,116,224.09,3,0,0
103,118,174.22,2,0,0
104,120,224.09,2,0,0
105,121,224.09,2,0,0
106,123,224.09,3,0,0
107,124,224.09,3,0,0
108,125,224.09,2,0,0
109,126,224.09,2,0,0
110,127,224.09,2,0,0
111,128,224.09,2,0,0
112,129,174.22,2,0,0
113,131,174.22,2,0,0
114,132,174.22,2,0,0
115,133,174.22,2,0,0
116,134,174.22,2,0,0
117,136,174.22,2,0,0
118,137,174.22,2,0,0
119,139,174.22,2,0,0
120,140,174.22,2,0,0
121,142,174.22,2,0,0
122,143,174.22,2,0,0
123,144,224.09,2,0,0
124,145,224.09,2,0,0
125,146,224.09,2,0,0
126,147,224.09,3,0,0
127,148,224.09,2,0,0
128,149,174.22,2,0,0
129,150,224.55,3,0,0
130,154,257.88,3,0,0
131,157,257.88,3,0,0
132,158,433.49,5,0,0
133,161,433.49,5,0,0
134,162,163.84,3,0,0
135,164,153.58,2,0,0
136,167,184.33,2,0,0
137,169,184.33,2,0,0
138,171,184.33,2,0,0
139,173,184.33,2,0,0
140,174,184.33,2,0,0
141,175,184.33,2,0,0
142,176,184.33,2,0,0
143,177,189.5,2,0,0
144,179,189.5,2,0,0
145,181,184.33,2,0,0
146,183,184.33,2,0,0
147,184,184.33,2,0,0
148,185,184.33,2,0,0
149,187,184.33,2,0,0
150,188,184.33,2,0,0
151,190,184.33,2,0,0
152,191,184.33,2,0,0
153,192,184.33,2,0,0
154,194,184.33,2,0,0
155,196,184.33,2,0,0
156,197,184.33,2,0,0
157,198,184.33,2,0,0
158,199,184.33,2,0,0
159,200,189.5,2,0,0
160,201,189.5,2,0,0
161,202,189.5,3,0,0
162,203,189.5,3,0,0
163,204,189.5,3,0,0
164,206,184.33,2,0,0
165,208,184.33,2,0,0
166,210,189.5,2,0,0
167,211,189.5,2,0,0
168,212,184.33,2,0,0
169,213,184.33,2,0,0
170,214,189.5,2,0,0
171,215,189.5,2,0,0
172,216,184.33,2,0,0
173,217,139.72,2,0,0
174,218,0,8,0,0
175,219,139.72,2,0,0
176,220,182.73,2,0,0
177,221,182.73,2,0,0
178,222,182.73,2,0,0
179,223,182.73,2,0,0
180,224,182.73,2,0,0
181,225,182.73,2,0,0
182,226,182.73,2,0,0
183,227,182.73,2,0,0
184,228,182.73,2,0,0
185,229,182.73,2,0,0
186,230,182.15,2,0,0
187,231,182.15,2,0,0
188,232,182.15,2,0,0
189,233,182.15,2,0,0
190,234,182.15,2,0,0
191,236,182.15,2,0,0
192,237,176.17,2,0,0
193,238,176.17,2,0,0
194,239,176.17,2,0,0
195,240,176.17,2,0,0
196,245,176.17,2,0,0
197,246,176.17,2,0,0
198,247,176.17,2,0,0
199,248,176.17,2,0,0
200,249,176.17,2,0,0
201,250,176.17,2,0,0
202,251,176.17,2,0,0
203,252,176.17,2,0,0
204,253,176.17,2,0,0
205,254,176.17,2,0,0
206,255,176.17,2,0,0
207,256,176.17,2,0,0
208,257,176.17,2,0,0
209,258,176.17,2,0,0
210,259,176.17,2,0,0
211,260,176.17,2,0,0
212,261,176.17,2,0,0
213,270,176.17,4,0,0
214,271,176.17,4,0,0
215,273,176.17,4,0,0
216,274,193.62,3,0,0
217,276,193.62,3,0,0
218,277,182.15,2,0,0
219,279,182.15,2,0,0
220,280,176.17,2,0,0
221,281,176.17,2,0,0
222,282,176.17,2,0,0
223,283,176.17,2,0,0
224,288,176.17,2,0,0
225,289,176.17,2,0,0
226,290,176.17,2,0,0
227,291,176.17,2,0,0
228,292,182.15,2,0,0
229,293,176.17,2,0,0
230,295,182.15,2,0,0
231,296,182.15,2,0,0
232,297,182.15,2,0,0
233,298,176.17,2,0,0
234,299,176.17,2,0,0
235,301,182.15,2,0,0
236,302,167.04,2,0,0
237,303,167.04,2,0,0
238,304,167.04,2,0,0
239,305,167.04,2,0,0
240,306,167.04,2,0,0
241,307,167.04,2,0,0
242,308,167.04,2,0,0
243,309,167.04,2,0,0
244,310,167.04,2,0,0
245,311,167.04,2,0,0
246,312,167.04,2,0,0
247,313,111.42,0,0,0
248,315,111.42,0,0,0
249,316,111.42,0,0,0
250,318,111.42,0,0,0
251,320,114.55,0,0,0
252,321,114.55,0,0,0
253,322,114.55,0,0,0
254,323,114.55,2,0,0
255,324,114.55,0,0,0
256,325,114.55,0,0,0
257,326,114.55,2,0,0
258,327,114.55,2,0,0
259,328,114.55,1,0,0
260,329,114.55,0,0,0
261,330,114.55,0,0,0
262,331,114.55,0,0,0
263,334,114.55,2,0,0
264,335,111.42,2,0,0
265,336,111.42,2,0,0
266,337,111.42,2,0,0
267,338,119.38,0,0,0
268,339,119.38,0,0,0
269,340,119.38,0,0,0
270,341,141.85,2,0,0
271,342,119.38,0,0,0
272,344,119.38,0,0,0
273,346,119.38,0,0,0
274,347,119.38,0,0,0
275,349,120.12,0,0,0
276,350,119.38,0,0,0
277,353,119.38,2,0,0
278,355,119.38,0,0,0
279,357,119.38,0,0,0
280,358,119.38,0,0,0
281,359,119.38,0,0,0
282,360,119.38,0,0,0
283,361,120.12,2,0,0
284,362,120.12,2,0,0
285,363,118.53,0,0,0
286,365,118.53,0,0,0
287,366,118.53,0,0,0
288,367,118.53,0,0,0
289,368,120.12,0,0,0
290,369,120.32,0,0,0
291,370,120.32,0,0,0
292,371,140.18,0,0,0
293,372,120.32,0,0,0
294,373,120.32,0,0,0
295,374,120.32,0,0,0
296,375,120.32,0,0,0
297,376,120.32,0,0,0
298,377,120.32,0,0,0
299,378,120.32,0,0,0
300,379,146.23,2,0,0
301,380,120.32,0,0,0
302,381,120.32,0,0,0
303,382,219.92,2,0,0
304,383,252.31,3,0,0
305,384,219.92,2,0,0
306,385,219.92,2,0,0
307,386,219.92,2,0,0
308,387,219.92,2,0,0
309,388,219.92,2,0,0
310,389,219.92,2,0,0
311,392,219.92,2,0,0
312,393,219.92,2,0,0
313,394,219.92,2,0,0
314,395,219.92,3,0,0
315,396,120.32,0,0,0
316,397,140.18,0,0,0
317,398,120.32,0,0,0
318,399,120.32,0,0,0
319,401,254.27,3,0,0
320,402,254.27,3,0,0
321,403,254.27,3,0,0
322,404,254.27,3,0,0
323,406,254.27,3,0,0
324,409,254.27,3,0,0
325,411,254.27,3,0,0
326,412,254.27,3,0,0
327,414,254.27,3,0,0
328,415,254.27,4,0,0
329,416,255.25,2,0,0
330,417,254.27,2,0,0
331,418,254.27,2,0,0
332,419,254.27,0,0,0
333,420,254.27,3,0,0
334,422,254.27,3,0,0
335,423,255.25,3,0,0
336,424,255.25,2,0,0
337,425,255.25,0,0,0
338,426,255.25,8,0,0
339,427,254.27,2,0,0
340,428,208,2,0,0
341,430,208,2,0,0
342,432,208,2,0,0
343,433,208,2,0,0
344,434,208,2,0,0
345,436,208,2,0,0
346,437,208,2,0,0
347,439,208,2,0,0
348,441,208,2,0,0
349,445,208,2,0,0
350,446,208,2,0,0
351,448,208,2,0,0
352,450,208,2,0,0
353,451,125.47,0,0,0
354,452,125.47,0,0,0
355,453,125.47,0,0,0
356,454,123.36,7,0,0
357,455,125.47,0,0,0
358,456,125.47,2,0,0
359,459,125.47,0,0,0
360,460,125.47,0,0,0
361,461,125.47,2,0,0
362,462,125.47,2,0,0
363,463,125.47,2,0,0
364,464,125.47,2,0,0
365,465,125.47,2,0,0
366,466,125.47,2,0,0
367,467,125.47,2,0,0
368,468,125.47,2,0,0
369,469,123.36,0,0,0
370,473,123.36,0,0,0
371,474,123.36,0,0,0
372,475,123.36,0,0,0
373,476,123.36,0,0,0
374,477,123.36,0,0,0
375,479,123.36,0,0,0
376,480,125.47,0,0,0
377,481,125.47,2,0,0
378,483,130.28,0,0,0
379,484,130.28,0,0,0
380,485,54.64,8,0,0
381,486,54.64,8,0,0
382,487,54.64,7,0,0
383,490,54.64,8,0,0
384,491,54.64,8,0,0
385,492,54.64,8,0,0
386,493,54.64,8,0,0
387,494,54.64,8,0,0
388,495,54.64,8,0,0
389,496,54.64,8,0,0
390,497,54.64,8,0,0
391,498,54.64,8,0,0
392,499,54.64,8,0,0
393,500,54.64,8,0,0
394,501,54.64,8,0,0
395,502,54.64,8,0,0
396,503,54.77,7,0,0
397,505,54.64,8,0,0
398,506,54.64,8,0,0
399,507,54.64,8,0,0
400,508,54.64,8,0,0
401,509,54.64,8,0,0
402,510,54.64,8,0,0
403,511,54.64,8,0,0
404,513,54.64,8,0,0
405,515,54.64,8,0,0
406,516,153.58,2,0,0
407,517,153.58,2,0,0
408,518,153.58,2,0,0
409,520,153.58,2,0,0
410,522,153.58,2,0,0
411,523,153.58,2,0,0
412,524,153.58,2,0,0
413,525,153.58,2,0,0
414,526,153.58,2,0,0
415,528,153.58,2,0,0
416,529,153.58,0,0,0
417,530,153.58,2,0,0
418,531,153.58,2,0,0
419,532,153.58,2,0,0
420,533,153.58,2,0,0
421,534,153.58,2,0,0
422,535,54.48,8,0,0
423,536,54.48,8,0,0
424,537,54.48,8,0,0
425,538,54.48,8,0,0
426,539,54.48,8,0,0
427,540,54.48,8,0,0
428,541,54.61,7,0,0
429,542,54.48,7,0,0
430,543,54.48,7,0,0
431,544,54.48,8,0,0
432,545,54.48,8,0,0
433,546,165.08,2,0,0
434,547,264.39,3,0,0
435,549,164.99,2,0,0
436,550,164.99,2,0,0
437,552,164.99,2,0,0
438,553,164.99,2,0,0
439,554,189.5,2,0,0
440,555,164.99,2,0,0
441,557,164.99,2,0,0
442,558,164.99,2,0,0
443,560,164.99,2,0,0
444,561,165.94,2,0,0
445,562,164.99,2,0,0
446,565,164.99,2,0,0
447,567,164.99,2,0,0
448,569,164.99,2,0,0
449,571,164.99,2,0,0
450,573,164.99,2,0,0
451,576,164.99,2,0,0
452,579,164.99,2,0,0
453,581,164.99,2,0,0
454,582,164.99,2,0,0
455,585,164.99,2,0,0
456,588,164.99,2,0,0
457,590,164.99,2,0,0
458,592,164.99,2,0,0
459,593,164.99,2,0,0
460,596,164.99,2,0,0
461,598,164.99,2,0,0
462,601,164.99,2,0,0
463,604,164.99,2,0,0
464,607,164.99,2,0,0
465,608,185.51,2,0,0
466,610,185.51,2,0,0
467,614,185.51,2,0,0
468,616,185.51,2,0,0
469,619,164.99,2,0,0
470,621,164.99,2,0,0
471,623,164.99,2,0,0
472,625,164.99,2,0,0
473,626,164.99,2,0,0
474,627,165.08,2,0,0
475,630,165.08,2,0,0
476,633,165.08,2,0,0
477,635,165.08,2,0,0
478,637,165.08,2,0,0
479,639,165.08,2,0,0
480,641,165.08,2,0,0
481,642,165.08,2,0,0
482,643,185.51,2,0,0
483,646,185.51,2,0,0
484,648,185.51,2,0,0
485,650,164.99,2,0,0
486,652,164.99,2,0,0
487,655,165.08,2,0,0
488,657,165.08,2,0,0
489,660,165.08,2,0,0
490,662,165.24,2,0,0
491,664,165.08,2,0,0
492,666,165.08,2,0,0
493,667,165.24,2,0,0
494,668,165.08,2,0,0
495,669,165.08,2,0,0
496,671,165.08,2,0,0
497,673,165.08,2,0,0
498,676,165.08,2,0,0
499,677,165.08,2,0,0
500,680,165.08,2,0,0
501,681,165.08,2,0,0
502,682,165.08,2,0,0
503,684,165.08,2,0,0
504,686,165.08,2,0,0
505,687,165.08,2,0,0
506,688,165.08,2,0,0
507,689,165.08,2,0,0
508,692,164.99,2,0,0
509,695,164.99,2,0,0
510,697,185.51,2,0,0
511,699,185.51,2,0,0
512,701,164.99,2,0,0
513,703,164.99,2,0,0
514,706,164.99,2,0,0
515,708,164.99,2,0,0
516,710,164.99,2,0,0
517,716,164.99,2,0,0
518,718,164.99,2,0,0
519,720,164.99,2,0,0
520,721,164.99,2,0,0
521,723,164.99,2,0,0
522,724,164.99,2,0,0
523,726,164.99,2,0,0
524,728,164.99,2,0,0
525,730,164.99,2,0,0
526,731,164.99,2,0,0
527,733,164.99,2,0,0
528,735,164.99,2,0,0
529,737,164.99,2,0,0
530,739,164.99,2,0,0
531,741,164.99,2,0,0
532,743,164.99,2,0,0
533,746,164.99,2,0,0
534,749,164.99,2,0,0
535,752,164.99,2,0,0
536,754,164.99,2,0,0
537,756,164.99,2,0,0
538,758,164.99,2,0,0
539,760,164.99,2,0,0
540,762,165.24,2,0,0
541,763,165.24,2,0,0
542,764,165.24,2,0,0
543,765,165.24,2,0,0
544,766,165.24,2,0,0
545,767,164.99,2,0,0
546,768,164.99,2,0,0
547,769,164.99,2,0,0
548,770,164.99,2,0,0
549,771,164.99,2,0,0
550,772,185.51,2,0,0
551,774,185.51,2,0,0
552,775,185.51,2,0,0
553,777,185.51,2,0,0
554,779,185.51,2,0,0
555,783,164.99,2,0,0
556,784,164.99,2,0,0
557,785,263.99,3,0,0
558,789,263.99,3,0,0
559,791,263.99,3,0,0
560,793,263.99,3,0,0
561,794,263.99,3,0,0
562,795,263.99,3,0,0
563,796,263.99,3,0,0
564,797,263.99,3,0,0
565,798,165.94,2,0,0
566,801,165.94,2,0,0
567,802,165.94,2,0,0
568,803,165.08,2,0,0
569,804,165.08,2,0,0
570,807,165.24,2,0,0
571,809,165.24,2,0,0
572,812,165.24,2,0,0
573,813,165.24,2,0,0
574,814,165.24,2,0,0
575,815,165.24,2,0,0
576,816,165.08,2,0,0
577,817,165.08,2,0,0
578,820,165.24,2,0,0
579,824,164.99,2,0,0
580,825,164.99,2,0,0
581,826,164.99,2,0,0
582,827,164.99,2,0,0
583,828,164.99,2,0,0
584,829,165.49,2,0,0
585,830,165.49,2,0,0
586,831,165.49,2,0,0
587,833,165.49,2,0,0
588,834,165.49,2,0,0
589,838,165.49,2,0,0
590,839,165.49,2,0,0
591,840,165.08,2,0,0
592,841,165.08,2,0,0
593,844,165.49,2,0,0
594,845,164.99,2,0,0
595,847,164.99,2,0,0
596,849,164.99,2,0,0
597,851,164.99,2,0,0
598,852,164.99,2,0,0
599,853,263.99,3,0,0
600,854,263.99,3,0,0
601,856,164.99,2,0,0
602,857,270.67,3,0,0
603,859,165.94,2,0,0
604,861,165.94,2,0,0
605,863,165.94,2,0,0
606,864,165.94,2,0,0
607,865,165.94,2,0,0
608,866,165.24,2,0,0
609,867,165.24,2,0,0
610,868,165.24,2,0,0
611,869,165.24,2,0,0
612,870,165.49,2,0,0
613,871,165.49,2,0,0
614,872,165.49,2,0,0
615,873,165.49,2,0,0
616,874,164.99,2,0,0
617,876,165.08,2,0,0
618,878,165.08,2,0,0
619,879,165.08,2,0,0
620,880,165.08,2,0,0
621,881,165.08,2,0,0
622,882,165.08,2,0,0
623,883,165.08,2,0,0
624,884,165.08,2,0,0
625,885,165.08,2,0,0
626,886,164.99,2,0,0
627,888,164.99,2,0,0
628,889,164.99,2,0,0
629,890,165.24,2,0,0
630,891,165.94,2,0,0
631,892,165.49,2,0,0
632,893,165.08,2,0,0
633,894,165.08,2,0,0
634,895,165.08,2,0,0
635,896,167.21,2,0,0
636,898,167.21,2,0,0
637,900,167.21,2,0,0
638,902,167.21,2,0,0
639,904,167.21,2,0,0
640,906,167.21,2,0,0
641,908,167.21,2,0,0
642,914,167.21,2,0,0
643,916,0,8,0,0
644,917,0,8,0,0
645,918,40.52,8,0,0
646,919,40.52,8,0,0
647,920,40.52,8,0,0
648,921,44.08,8,0,0
649,922,44.08,8,0,0
650,923,40.52,8,0,0
651,924,40.52,8,0,0
652,925,40.51,8,0,0
653,926,40.51,8,0,0
654,927,40.52,8,0,0
655,928,40.52,8,0,0
656,929,40.52,8,0,0
657,930,40.52,8,0,0
658,931,40.52,8,0,0
659,932,40.52,8,0,0
660,933,40.52,8,0,0
661,934,44.08,8,0,0
662,935,44.08,8,0,0
663,936,40.52,8,0,0
664,937,40.52,8,0,0
665,938,40.52,8,0,0
666,939,110,1,0,0
667,940,110,1,0,0
668,941,110,1,0,0
669,942,110,1,0,0
670,943,83.3,7,0,0
671,944,83.3,7,0,0
672,945,83.3,7,0,0
673,946,83.3,7,0,0
674,947,83.3,7,0,0
675,949,83.3,7,0,0
676,950,83.3,0,0,0
677,951,83.3,0,0,0
678,952,83.3,0,0,0
679,961,83.3,7,0,0
680,962,83.3,7,0,0
681,963,83.3,7,0,0
682,965,83.3,7,0,0
683,967,83.3,7,0,0
684,968,83.3,7,0,0
685,969,83.3,7,0,0
686,971,83.3,7,0,0
687,972,83.3,7,0,0
688,973,83.3,8,0,0
689,974,88.57,0,0,0
690,976,88.57,0,0,0
691,977,94.14,2,0,0
692,979,94.14,2,0,0
693,980,94.14,2,0,0
694,981,94.15,2,0,0
695,983,94.15,7,0,0
696,986,94.15,7,0,0
697,987,88.57,7,0,0
698,988,88.57,7,0,0
699,989,88.57,7,0,0
700,990,88.57,7,0,0
701,991,88.57,7,0,0
702,992,94.15,7,0,0
703,993,94.15,7,0,0
704,994,94.15,7,0,0
705,996,94.15,7,0,0
706,997,94.15,7,0,0
707,998,94.15,7,0,0
708,999,94.15,7,0,0
709,1000,94.15,7,0,0
710,1001,94.15,7,0,0
711,1002,94.15,7,0,0
712,1003,88.57,7,0,0
713,1004,88.57,7,0,0
714,1006,88.57,7,0,0
715,1007,88.57,7,0,0
716,1008,88.57,7,0,0
717,1009,88.57,7,0,0
718,1010,88.57,7,0,0
719,1011,88.57,7,0,0
720,1012,88.57,7,0,0
721,1013,88.57,7,0,0
722,1014,88.57,8,0,0
723,1015,88.57,8,0,0
724,1016,94.15,8,0,0
725,1017,94.15,8,0,0
726,1018,94.15,8,0,0
727,1019,94.15,8,0,0
728,1020,94.15,8,0,0
729,1021,94.15,7,0,0
730,1022,94.15,7,0,0
731,1023,94.15,7,0,0
732,1024,94.15,7,0,0
733,1025,94.15,7,0,0
734,1026,94.15,7,0,0
735,1027,94.14,0,0,0
736,1028,84.12,7,0,0
737,1029,84.12,7,0,0
738,1030,84.12,7,0,0
739,1031,84.12,8,0,0
740,1032,86.49,7,0,0
741,1033,86.49,7,0,0
742,1034,88.57,8,0,0
743,1035,88.57,8,0,0
744,1036,88.57,8,0,0
745,1037,94.15,7,0,0
746,1038,94.15,7,0,0
747,1039,94.15,7,0,0
748,1040,84.12,8,0,0
749,1041,84.12,8,0,0
750,1042,88.57,7,0,0
751,1043,88.57,7,0,0
752,1044,88.57,7,0,0
753,1045,88.57,7,0,0
754,1046,88.57,7,0,0
755,1047,163.35,2,0,0
756,1048,163.35,3,0,0
757,1049,163.35,3,0,0
758,1051,163.35,3,0,0
759,1052,163.35,3,0,0
760,1053,163.35,3,0,0
761,1054,168.82,3,0,0
762,1055,132.49,2,0,0
763,1057,132.49,2,0,0
764,1058,132.49,2,0,0
765,1059,132.49,2,0,0
766,1061,131.07,0,0,0
767,1062,131.07,0,0,0
768,1063,131.07,0,0,0
769,1064,131.07,0,0,0
770,1065,152.31,2,0,0
771,1070,208.54,2,0,0
772,1071,208.54,2,0,0
773,1072,208.54,2,0,0
774,1073,208.54,2,0,0
775,1074,208.54,2,0,0
776,1075,208.54,2,0,0
777,1076,208.54,2,0,0
778,1077,131.07,0,0,0
779,1078,131.07,0,0,0
780,1079,152.31,2,0,0
781,1080,152.31,2,0,0
782,1081,152.31,2,0,0
783,1082,152.31,2,0,0
784,1083,132.49,3,0,0
785,1084,132.49,3,0,0
786,1085,132.49,3,0,0
787,1086,132.49,2,0,0
788,1087,132.49,3,0,0
789,1088,132.49,3,0,0
790,1089,132.49,3,0,0
791,1090,132.49,3,0,0
792,1091,132.49,3,0,0
793,1092,132.49,3,0,0
794,1094,150.96,3,0,0
795,1095,150.96,2,0,0
796,1096,50.67,8,0,0
797,1097,150.96,2,0,0
798,1098,130.62,0,0,0
799,1099,130.62,0,0,0
800,1100,130.62,0,0,0
801,1101,130.62,2,0,0
802,1102,192.52,2,0,0
803,1104,192.52,2,0,0
804,1106,192.52,2,0,0
805,1107,192.52,2,0,0
806,1109,192.52,2,0,0
807,1111,192.52,2,0,0
808,1113,192.52,2,0,0
809,1114,192.52,2,0,0
810,1116,192.52,2,0,0
811,1118,192.52,2,0,0
812,1120,192.52,2,0,0
813,1121,192.52,2,0,0
814,1123,192.52,2,0,0
815,1125,192.52,2,0,0
816,1127,192.52,2,0,0
817,1128,192.52,2,0,0
818,1130,192.52,2,0,0
819,1132,192.52,2,0,0
820,1133,192.52,3,0,0
821,1135,192.52,2,0,0
822,1136,192.52,2,0,0
823,1138,192.52,2,0,0
824,1140,192.52,2,0,0
825,1142,192.52,2,0,0
826,1144,192.78,3,0,0
827,1146,192.52,0,0,0
828,1147,192.74,2,0,0
829,1149,192.74,2,0,0
830,1150,192.52,2,0,0
831,1151,119.46,0,0,0
832,1152,182.76,2,0,0
833,1153,116.02,0,0,0
834,1154,119.46,0,0,0
835,1155,182.76,2,0,0
836,1156,116.02,0,0,0
837,1157,181.36,2,0,0
838,1158,193.36,3,0,0
839,1160,193.36,3,0,0
840,1162,193.36,3,0,0
841,1163,193.36,3,0,0
842,1164,193.36,3,0,0
843,1166,181.36,2,0,0
844,1167,181.36,2,0,0
845,1169,180.37,2,0,0
846,1170,180.37,2,0,0
847,1171,180.37,3,0,0
848,1172,180.37,2,0,0
849,1173,180.37,3,0,0
850,1174,180.37,2,0,0
851,1175,181.36,2,0,0
852,1176,181.36,2,0,0
853,1177,181.36,2,0,0
854,1179,181.36,2,0,0
855,1181,181.36,2,0,0
856,1186,181.36,2,0,0
857,1187,181.36,2,0,0
858,1188,181.36,2,0,0
859,1189,181.36,2,0,0
860,1190,181.36,2,0,0
861,1191,181.36,2,0,0
862,1192,181.36,2,0,0
863,1193,181.36,2,0,0
864,1194,181.36,2,0,0
865,1195,181.36,2,0,0
866,1196,181.36,2,0,0
867,1198,181.36,2,0,0
868,1200,181.36,2,0,0
869,1202,181.36,2,0,0
870,1204,181.36,2,0,0
871,1206,181.36,2,0,0
872,1208,181.36,2,0,0
873,1210,181.36,2,0,0
874,1212,181.36,2,0,0
875,1214,181.36,2,0,0
876,1217,181.36,2,0,0
877,1220,181.36,2,0,0
878,1223,181.36,2,0,0
879,1224,181.76,2,0,0
880,1226,181.76,1,0,0
881,1227,181.76,1,0,1067618140
882,1228,181.76,1,0,0
883,1229,181.36,2,0,0
884,1230,181.36,2,0,0
885,1231,181.36,2,0,0
886,1232,181.36,2,0,0
887,1233,181.36,2,0,0
888,1234,181.36,2,0,0
889,1235,181.36,2,0,0
890,1236,181.36,2,0,0
891,1237,181.36,2,0,0
892,1238,181.36,2,0,0
893,1239,181.36,2,0,0
894,1240,181.36,2,0,0
895,1241,180.69,2,0,0
896,1242,181.36,2,0,0
897,1243,181.36,2,0,0
898,1246,181.36,2,0,0
899,1249,181.36,2,0,0
900,1253,181.36,2,0,0
901,1256,181.36,2,0,0
902,1259,181.36,2,0,0
903,1262,180.51,2,0,0
904,1263,180.51,2,0,0
905,1264,181.36,2,0,0
906,1265,181.36,2,0,0
907,1266,181.36,2,0,0
908,1267,181.36,2,0,0
909,1269,181.36,2,0,0
910,1271,181.36,2,0,0
911,1273,181.36,2,0,0
912,1275,181.36,2,0,0
913,1277,181.36,2,0,0
914,1282,181.36,2,0,0
915,1284,181.36,2,0,0
916,1286,181.36,2,0,0
917,1288,181.36,2,0,0
918,1289,181.36,2,0,0
919,1290,181.36,2,0,0
920,1291,181.36,2,0,0
921,1293,181.36,2,0,0
922,1295,180.69,2,0,0
923,1297,180.69,2,0,0
924,1300,180.69,2,0,0
925,1303,181.36,2,0,0
926,1306,181.36,2,0,0
927,1309,181.36,2,0,0
928,1311,181.36,3,0,0
929,1313,181.36,2,0,0
930,1316,180.97,2,0,0
931,1317,192.05,2,0,0
932,1319,161.38,2,0,0
933,1320,161.38,2,0,0
934,1321,161.38,2,0,0
935,1322,161.38,2,0,0
936,1323,161.38,2,0,0
937,1324,161.38,2,0,0
938,1325,161.38,2,0,0
939,1326,161.38,2,0,0
940,1327,161.38,2,0,0
941,1328,161.38,2,0,0
942,1329,161.38,2,0,0
943,1330,161.38,2,0,0
944,1331,161.38,2,0,0
945,1332,161.38,2,0,0
946,1333,161.38,2,0,0
947,1334,161.38,2,0,0
948,1335,161.38,2,0,0
949,1337,161.38,1,0,0
950,1338,161.38,1,0,1067450368
951,1339,161.38,1,0,0
952,1340,161.38,2,0,0
953,1341,161.38,2,0,0
954,1342,161.38,2,0,0
955,1343,161.38,2,0,0
956,1344,161.38,2,0,0
957,1345,180.97,2,0,0
958,1346,180.97,2,0,0
959,1347,180.97,2,0,0
960,1348,180.97,2,0,0
961,1349,180.97,2,0,0
962,1350,180.97,2,0,0
963,1351,180.97,2,0,0
964,1352,180.97,2,0,0
965,1353,180.97,2,0,0
966,1354,180.97,2,0,0
967,1355,180.97,2,0,0
968,1356,180.97,2,0,0
969,1357,180.97,2,0,0
970,1358,180.97,2,0,0
971,1359,180.97,2,0,0
972,1360,180.97,2,0,0
973,1362,180.97,2,0,0
974,1364,180.97,2,0,0
975,1365,180.97,2,0,1066611507
976,1366,180.97,2,0,0
977,1367,180.97,2,0,0
978,1368,180.97,2,0,1066611507
979,1369,180.97,2,0,0
980,1370,180.97,2,0,0
981,1371,180.97,2,0,0
982,1372,180.97,2,0,0
983,1373,180.97,2,0,0
984,1374,180.97,2,0,0
985,1376,180.97,2,0,0
986,1377,180.97,2,0,0
987,1378,209.76,2,0,0
988,1379,209.76,2,0,0
989,1383,209.76,2,0,0
990,1384,209.76,2,0,0
991,1385,192.05,2,0,0
992,1386,192.05,2,0,0
993,1387,192.05,2,0,0
994,1388,181.8,2,0,0
995,1389,181.8,2,0,0
996,1390,181.8,2,0,0
997,1391,181.8,2,0,0
998,1392,181.8,2,0,0
999,1393,181.8,2,0,0
1000,1394,181.8,2,0,0
1001,1395,181.8,2,0,0
1002,1396,181.8,2,0,0
1003,1397,181.8,2,0,0
1004,1398,181.8,2,0,0
1005,1399,181.8,2,0,0
1006,1400,194.77,2,0,0
1007,1402,194.77,2,0,0
1008,1403,180.97,2,0,0
1009,1405,180.97,2,0,0
1010,1407,0,8,0,0
1011,1408,180.97,2,0,0
1012,1410,180.97,2,0,0
1013,1412,0,8,0,0
1014,1413,181.8,2,0,0
1015,1414,188.15,2,0,0
1016,1416,181.8,2,0,0
1017,1417,188.15,2,0,0
1018,1419,162.34,2,0,0
1019,1422,162.34,2,0,0
1020,1423,225,3,0,0
1021,1425,225,2,0,0
1022,1427,225,2,0,1065353216
1023,1428,225,2,0,0
1024,1429,225,2,0,0
1025,1430,225,3,0,0
1026,1431,162.82,2,0,0
1027,1432,319.18,4,0,0
1028,1433,162.82,2,0,0
1029,1434,188.15,2,0,0
1030,1435,188.15,2,0,0
1031,1436,180.97,2,0,0
1032,1437,180.97,2,0,0
1033,1438,161.38,2,0,0
1034,1439,188.15,2,0,0
1035,1440,188.15,2,0,1062836634
1036,1441,188.15,2,0,0
1037,1442,183.41,2,0,0
1038,1444,183.41,2,0,0
1039,1445,183.41,1,0,0
1040,1446,183.41,1,0,0
1041,1447,187.21,2,0,0
1042,1449,187.21,2,0,0
1043,1450,187.21,2,0,1066611507
1044,1451,187.21,2,0,0
1045,1453,187.21,2,0,0
1046,1454,180.97,2,0,0
1047,1455,224.55,3,0,0
1048,1458,224.55,3,0,0
1049,1459,224.55,3,0,0
1050,1460,224.55,3,0,0
1051,1461,190.8,2,0,0
1052,1462,190.8,2,0,0
1053,1463,190.8,2,0,0
1054,1464,190.8,2,0,0
1055,1465,190.8,2,0,0
1056,1467,190.8,2,0,0
1057,1468,190.8,2,0,0
1058,1469,190.8,2,0,0
1059,1471,190.8,2,0,0
1060,1472,190.8,2,0,0
1061,1473,190.8,2,0,0
1062,1475,190.8,2,0,0
1063,1476,190.8,2,0,0
1064,1477,190.8,2,0,1067030938
1065,1478,190.8,2,0,0
1066,1479,190.8,2,0,0
1067,1480,190.8,2,0,0
1068,1482,190.8,2,0,0
1069,1483,190.8,2,0,0
1070,1485,190.8,2,0,0
1071,1486,190.8,2,0,0
1072,1489,190.8,2,0,0
1073,1491,190.8,2,0,0
1074,1493,190.8,2,0,0
1075,1495,172.08,2,0,0
1076,1496,172.08,2,0,0
1077,1497,172.08,2,0,0
1078,1499,172.08,2,0,0
1079,1500,172.08,2,0,0
1080,1502,172.08,2,0,0
1081,1503,172.08,2,0,0
1082,1505,172.08,2,0,0
1083,1506,172.08,2,0,0
1084,1507,172.08,2,0,0
1085,1508,172.08,2,0,0
1086,1509,172.08,2,0,0
1087,1510,172.08,2,0,0
1088,1511,172.08,2,0,0
1089,1513,172.08,2,0,0
1090,1514,172.08,1,0,0
1091,1515,172.08,1,0,1067030938
1092,1516,172.08,1,0,0
1093,1517,176.53,2,0,0
1094,1519,176.53,2,0,0
1095,1520,176.53,2,0,0
1096,1523,176.53,2,0,0
1097,1524,176.53,2,0,0
1098,1525,176.53,2,0,0
1099,1526,176.53,2,0,0
1100,1527,176.53,2,0,0
1101,1529,176.53,2,0,0
1102,1530,176.53,2,0,0
1103,1531,176.53,1,0,0
1104,1532,176.53,1,0,1067030938
1105,1533,176.53,1,0,0
1106,1534,176.53,2,0,0
1107,1535,190.8,2,0,0
1108,1536,190.8,2,0,0
1109,1537,190.8,2,0,0
1110,1538,190.8,2,0,0
1111,1539,116.03,0,0,0
1112,1540,116.03,0,0,0
1113,1541,116.03,0,0,0
1114,1542,116.03,2,0,0
1115,1543,116.03,0,0,0
1116,1544,116.03,0,0,0
1117,1547,116.03,0,0,0
1118,1548,116.03,0,0,0
1119,1549,116.03,0,0,0
1120,1550,116.03,0,0,0
1121,1551,116.03,0,0,0
1122,1552,123.25,0,0,0
1123,1553,123.25,0,0,0
1124,1554,123.25,0,0,0
1125,1555,123.25,0,0,0
1126,1556,123.25,0,0,0
1127,1557,123.25,0,0,0
1128,1558,123.25,0,0,0
1129,1559,123.25,2,0,0
1130,1562,123.25,2,0,0
1131,1563,150,3,0,0
1132,1564,150,2,0,0
1133,1565,150,3,0,0
1134,1566,150,3,0,0
1135,1567,169.99,0,0,0
1136,1568,169.99,0,0,0
1137,1569,169.99,0,0,0
1138,1570,169.99,0,0,0
1139,1571,169.99,0,0,0
1140,1572,169.99,0,0,0
1141,1573,169.99,2,0,0
1142,1574,169.99,0,0,0
1143,1575,245.74,3,0,0
1144,1576,245.74,3,0,0
1145,1577,245.74,3,0,0
1146,1578,271.47,3,0,0
1147,1579,289.9,4,0,0
1148,1580,289.9,3,0,0
1149,1581,289.9,3,0,0
1150,1582,271.47,3,0,0
1151,1583,271.47,3,0,0
1152,1584,271.47,3,0,0
1153,1585,289.9,3,0,0
1154,1586,289.9,3,0,0
1155,1587,289.9,3,0,0
1156,1588,245.74,3,0,0
1157,1589,245.74,3,0,0
1158,1590,245.74,3,0,0
1159,1591,245.74,3,0,0
1160,1592,289.9,3,0,0
1161,1593,271.47,3,0,0
1162,1594,289.9,3,0,0
1163,1595,271.47,3,0,0
1164,1596,245.74,3,0,0
1165,1597,289.9,3,0,0
1166,1598,271.47,3,0,0
1167,1599,245.74,3,0,0
1168,1600,289.9,3,0,0
1169,1601,289.9,3,0,0
1170,1602,271.47,3,0,0
1171,1603,271.47,3,0,0
1172,1604,245.74,3,0,0
1173,1605,245.74,3,0,0
1174,1606,316.77,4,0,0
1175,1607,316.77,3,0,0
1176,1608,316.95,4,0,0
1177,1610,316.95,4,0,0
1178,1611,316.95,4,0,0
1179,1613,316.95,4,0,0
1180,1614,68.41,7,0,0
1181,1615,68.41,7,0,0
1182,1616,68.41,7,0,0
1183,1617,68.41,7,0,0
1184,1618,68.41,7,0,0
1185,1619,68.41,0,0,0
1186,1620,68.41,7,0,0
1187,1621,68.41,7,0,0
1188,1622,68.41,7,0,0
1189,1623,68.41,7,0,0
1190,1624,68.41,2,0,0
1191,1625,316.77,4,0,0
1192,1626,68.41,7,0,0
1193,1627,68.41,8,0,0
1194,1628,68.41,8,0,0
1195,1629,210.63,2,0,0
1196,1631,210.63,2,0,0
1197,1632,210.63,2,0,0
1198,1633,210.63,2,0,0
1199,1634,210.63,0,0,0
1200,1635,210.63,2,0,0
1201,1636,210.63,2,0,0
1202,1637,210.63,3,0,0
1203,1638,210.76,3,0,0
1204,1639,210.97,2,0,0
1205,1640,210.63,2,0,0
1206,1641,210.63,2,0,0
1207,1642,228.76,4,0,0
1208,1643,228.76,4,0,0
1209,1644,228.76,4,0,0
1210,1645,146.23,2,0,0
1211,1646,146.23,2,0,0
1212,1647,146.23,2,0,0
1213,1648,146.23,2,0,0
1214,1649,146.23,2,0,0
1215,1650,146.23,0,0,0
1216,1651,146.23,2,0,0
1217,1652,146.23,2,0,0
1218,1653,146.23,2,0,0
1219,1654,255.25,3,0,0
1220,1656,255.25,3,0,0
1221,1658,255.25,3,0,0
1222,1660,255.25,3,0,0
1223,1661,255.25,3,0,0
1224,1662,208.31,2,0,0
1225,1666,208.31,2,0,0
1226,1668,208,2,0,0
1227,1672,186.94,2,0,0
1228,1674,186.94,2,0,0
1229,1675,186.94,2,0,0
1230,1676,200.98,2,0,0
1231,1678,200.98,2,0,0
1232,1679,200.98,2,0,0
1233,1680,200.98,2,0,0
1234,1681,200.98,2,0,0
1235,1682,200.98,2,0,0
1236,1683,200.98,2,0,0
1237,1684,200.98,2,0,0
1238,1685,200.98,2,0,0
1239,1686,433.76,5,0,0
1240,1690,433.76,5,0,0
1241,1691,433.76,5,-3,1054951342
1242,1692,433.76,5,0,0
1243,1693,433.76,5,0,0
1244,1694,433.76,5,0,0
1245,1695,54.64,8,0,0
1246,1696,54.64,8,0,0
1247,1697,54.64,8,0,0
1248,1698,164.99,2,0,0
1249,1700,164.99,2,0,0
1250,1701,164.99,2,0,0
1251,1703,164.99,2,0,0
1252,1704,164.99,2,0,0
1253,1705,165.24,2,0,0
1254,1706,165.24,2,0,0
1255,1707,165.08,2,0,0
1256,1708,165.08,2,0,0
1257,1710,165.08,2,0,0
1258,1711,165.08,2,0,0
1259,1712,165.94,2,0,0
1260,1714,165.94,2,0,0
1261,1715,165.49,2,0,0
1262,1716,165.08,2,0,0
1263,1717,165.08,2,0,0
1264,1718,40.52,8,0,0
1265,1719,40.52,8,0,0
1266,1720,40.52,8,0,0
1267,1721,40.52,8,0,0
1268,1722,40.52,8,0,0
1269,1724,94.15,7,0,0
1270,1725,195.93,2,0,0
1271,1727,195.93,2,0,0
1272,1730,195.93,2,0,0
1273,1732,195.93,2,0,0
1274,1734,195.93,2,0,0
1275,1736,195.93,2,0,0
1276,1738,195.93,2,0,0
1277,1740,195.93,2,0,0
1278,1742,195.93,2,0,0
1279,1743,274.86,3,0,0
1280,1744,274.86,3,0,0
1281,1745,297.98,3,0,0
1282,1747,297.98,3,0,0
1283,1748,193.49,2,0,0
1284,1749,193.49,2,0,0
1285,1750,178.48,2,0,0
1286,1751,193.49,2,0,0
1287,1752,193.49,2,0,0
1288,1753,193.49,2,0,0
1289,1754,193.49,2,0,0
1290,1755,193.49,2,0,0
1291,1756,193.49,2,0,0
1292,1757,193.49,2,0,0
1293,1758,193.49,2,0,0
1294,1759,193.49,2,0,0
1295,1760,193.49,2,0,0
1296,1761,193.49,2,0,0
1297,1762,193.49,2,0,0
1298,1763,193.49,2,0,0
1299,1764,193.49,2,0,0
1300,1765,193.49,2,0,0
1301,1766,193.49,2,0,0
1302,1767,193.49,2,0,0
1303,1768,193.49,2,0,0
1304,1769,193.49,2,0,0
1305,1770,193.49,2,0,0
1306,1772,178.48,2,0,0
1307,1774,178.48,2,0,0
1308,1776,193.49,2,0,0
1309,1778,193.49,2,0,0
1310,1780,193.49,2,0,0
1311,1782,193.49,2,0,0
1312,1784,193.49,2,0,0
1313,1785,193.49,2,0,0
1314,1786,193.49,2,0,0
1315,1787,193.49,2,0,0
1316,1789,193.49,2,0,0
1317,1791,193.49,2,0,0
1318,1808,297.98,3,0,0
1319,1809,297.98,3,0,0
1320,1810,297.98,3,0,0
1321,1811,297.98,3,0,0
1322,1812,297.98,3,0,0
1323,1813,297.98,3,0,0
1324,1814,297.98,3,0,0
1325,1815,297.98,3,0,0
1326,1816,297.98,3,0,0
1327,1817,297.98,3,0,0
1328,1818,297.98,3,0,0
1329,1819,298.89,3,0,0
1330,1820,298.89,3,0,0
1331,1821,298.89,3,0,0
1332,1822,298.89,3,0,0
1333,1823,297.98,3,0,0
1334,1825,297.98,3,0,0
1335,1827,297.98,3,0,0
1336,1829,178.48,2,0,0
1337,1830,178.48,2,0,0
1338,1831,178.48,2,0,0
1339,1832,178.48,2,0,0
1340,1833,178.48,2,0,0
1341,1834,178.48,2,0,0
1342,1835,178.48,2,0,0
1343,1836,178.48,2,0,0
1344,1837,178.48,2,0,0
1345,1838,178.48,2,0,0
1346,1839,178.48,2,0,0
1347,1840,178.48,2,0,0
1348,1841,178.48,2,0,0
1349,1842,178.48,2,0,0
1350,1843,178.48,2,0,0
1351,1844,178.48,2,0,0
1352,1845,178.48,2,0,0
1353,1846,178.48,2,0,0
1354,1847,178.48,2,0,0
1355,1848,178.48,2,0,0
1356,1849,178.48,2,0,0
1357,1850,178.48,2,0,0
1358,1851,178.48,2,0,0
1359,1853,178.48,2,0,0
1360,1855,178.48,2,0,0
1361,1857,178.48,2,0,0
1362,1859,178.48,2,0,0
1363,1861,178.48,2,0,0
1364,1863,178.48,2,0,0
1365,1865,178.48,2,0,0
1366,1867,178.48,2,0,0
1367,1869,178.48,2,0,0
1368,1870,178.48,2,0,0
1369,1871,178.48,2,0,0
1370,1872,178.48,2,0,0
1371,1891,274.86,3,0,0
1372,1892,274.86,3,0,0
1373,1893,274.86,3,0,0
1374,1894,274.86,3,0,0
1375,1895,274.86,3,0,0
1376,1896,274.86,3,0,0
1377,1897,274.86,3,0,0
1378,1898,274.86,3,0,0
1379,1899,274.86,3,0,0
1380,1900,274.86,3,0,0
1381,1901,274.86,3,0,0
1382,1902,274.86,3,0,0
1383,1903,276.55,3,0,0
1384,1904,276.55,3,0,0
1385,1906,276.55,3,0,0
1386,1907,276.55,3,0,0
1387,1908,276.55,3,0,0
1388,1909,276.55,3,0,0
1389,1910,276.55,3,0,0
1390,1911,274.86,3,0,0
1391,1914,274.86,3,0,0
1392,1917,274.86,3,0,0
1393,1920,195.59,2,0,0
1394,1921,195.59,2,0,0
1395,1922,195.59,2,0,0
1396,1923,178.88,2,0,0
1397,1924,178.88,2,0,0
1398,1925,178.88,2,0,0
1399,1926,178.88,2,0,0
1400,1927,195.59,2,0,0
1401,1928,195.59,2,0,0
1402,1929,195.59,2,0,0
1403,1930,178.88,2,0,0
1404,1931,178.88,2,0,0
1405,1932,178.88,2,0,0
1406,1933,178.88,2,0,0
1407,1934,178.48,2,0,0
1408,1935,193.49,2,0,0
1409,1936,178.48,2,0,0
1410,1937,193.49,2,0,0
1411,1938,297.98,3,0,0
1412,1939,274.86,3,0,0
1413,1940,178.48,2,0,0
1414,1941,193.49,2,0,0
1415,1942,178.48,2,0,0
1416,1943,193.49,2,0,0
1417,1944,297.98,3,0,0
1418,1945,274.86,3,0,0
1419,1946,138.43,0,0,0
1420,1947,138.43,0,0,0
1421,1949,138.43,0,0,0
1422,1950,138.43,0,0,0
1423,1951,138.81,0,0,0
1424,1953,138.81,0,0,0
1425,1954,138.81,0,0,0
1426,1955,192.81,2,0,0
1427,1958,192.81,2,0,0
1428,1961,192.81,2,0,0
1429,1963,192.81,2,0,0
1430,1964,192.81,2,0,0
1431,1965,192.81,2,0,0
1432,1966,192.81,2,0,0
1433,1969,192.81,2,0,0
1434,1971,192.81,2,0,0
1435,1973,192.52,2,0,0
1436,1975,192.52,0,0,0
1437,1976,192.52,2,0,0
1438,1978,192.88,2,0,0
1439,1979,192.88,2,0,0
1440,1980,192.88,2,0,0
1441,1981,192.81,3,0,0
1442,1982,192.81,3,0,0
1443,1983,192.81,0,0,0
1444,1984,192.81,0,0,0
1445,1985,192.81,0,0,0
1446,1986,192.52,3,0,0
1447,1987,192.81,2,0,0
1448,1989,192.81,3,0,0
1449,1991,192.81,2,0,0
1450,1993,164.3,2,0,0
1451,1994,164.3,2,0,0
1452,1996,164.3,2,0,0
1453,1998,164.3,2,0,0
1454,1999,164.3,2,0,0
1455,2000,164.3,2,0,0
1456,2001,164.3,2,0,0
1457,2002,164.3,3,0,0
1458,2003,164.3,3,0,1064514355
1459,2004,164.3,3,0,0
1460,2005,164.3,3,0,0
1461,2006,164.3,3,0,0
1462,2007,164.3,3,0,0
1463,2008,164.3,2,0,0
1464,2010,164.3,2,0,0
1465,2012,164.3,2,0,0
1466,2014,164.3,2,0,0
1467,2016,164.3,2,0,0
1468,2018,164.3,2,0,0
1469,2019,164.3,2,0,0
1470,2021,164.3,2,0,0
1471,2022,164.3,2,0,0
1472,2025,164.3,2,0,0
1473,2027,164.3,2,0,0
1474,2030,164.3,2,0,0
1475,2031,164.3,2,0,0
1476,2032,164.3,2,0,0
1477,2034,164.3,2,0,0
1478,2036,164.3,1,0,0
1479,2037,164.3,1,0,0
1480,2038,164.3,1,0,0
1481,2039,164.3,2,0,0
1482,2041,164.3,2,0,0
1483,2043,164.3,2,0,0
1484,2045,164.3,2,0,0
1485,2047,164.3,2,0,0
1486,2049,164.46,2,0,0
1487,2051,164.46,2,0,0
1488,2053,164.46,2,0,0
1489,2055,164.46,2,0,0
1490,2057,164.46,2,0,0
1491,2059,164.46,2,0,0
1492,2061,164.3,2,0,0
1493,2064,145.52,2,0,0
1494,2065,145.52,2,0,0
1495,2067,145.52,2,0,0
1496,2069,145.52,2,0,0
1497,2070,145.52,2,0,0
1498,2072,145.52,2,0,0
1499,2074,145.52,2,0,0
1500,2076,145.52,2,0,0
1501,2078,145.52,2,0,0
1502,2080,145.52,2,0,0
1503,2082,145.52,2,0,0
1504,2084,145.52,2,0,0
1505,2085,145.52,2,0,0
1506,2086,145.52,2,0,0
1507,2087,145.52,2,0,0
1508,2088,145.52,2,0,0
1509,2090,145.52,2,0,0
1510,2092,145.52,2,0,0
1511,2093,145.52,2,0,0
1512,2094,145.52,2,0,0
1513,2097,145.52,2,0,0
1514,2098,145.52,2,0,0
1515,2100,145.52,2,0,0
1516,2103,145.66,3,0,0
1517,2104,145.66,3,0,0
1518,2105,145.66,3,0,0
1519,2106,145.66,3,0,0
1520,2107,145.66,3,0,0
1521,2108,145.66,3,0,0
1522,2109,145.66,3,0,0
1523,2110,145.66,3,0,0
1524,2111,145.66,3,0,0
1525,2112,145.66,2,0,0
1526,2113,145.66,2,0,0
1527,2114,145.66,2,0,0
1528,2115,145.66,2,0,0
1529,2116,145.66,2,0,0
1530,2117,145.66,2,0,0
1531,2118,145.66,2,0,0
1532,2119,145.66,2,0,0
1533,2120,145.66,2,0,0
1534,2121,145.66,2,0,0
1535,2122,145.66,2,0,0
1536,2123,145.66,2,0,0
1537,2124,145.66,2,0,0
1538,2125,145.66,2,0,0
1539,2131,145.52,2,0,0
1540,2132,145.52,2,0,0
1541,2133,164.3,2,0,0
1542,2134,164.3,2,0,0
1543,2135,164.3,2,0,0
1544,2142,183.42,2,0,0
1545,2144,183.42,2,0,0
1546,2146,183.42,2,0,0
1547,2148,183.42,2,0,0
1548,2150,183.42,2,0,0
1549,2152,62.35,7,0,0
1550,2154,62.35,7,0,0
1551,2155,62.35,7,0,0
1552,2157,62.35,7,0,0
1553,2159,62.35,7,0,0
1554,2160,62.35,7,0,0
1555,2162,182.73,2,0,0
1556,2164,182.73,2,0,0
1557,2166,182.73,2,0,0
1558,2168,182.73,2,0,0
1559,2170,182.73,2,0,0
1560,2172,182.73,2,0,0
1561,2173,164.99,2,0,0
1562,2175,164.99,2,0,0
1563,2177,180.37,2,0,0
1564,2178,180.69,2,0,0
1565,2182,167.04,2,0,0
1566,2183,164.99,2,0,0
1567,2185,121.94,0,0,0
1568,2186,121.94,0,0,0
1569,2187,121.94,0,0,0
1570,2188,121.94,0,0,0
1571,2190,178.48,2,0,0
1572,2191,165.04,2,0,0
1573,2192,193.49,2,0,0
1574,2193,178.48,2,0,0
1575,2194,193.49,2,0,0
1576,2195,164.99,2,0,0
1577,2196,164.99,2,0,0
1578,2197,178.48,2,0,0
1579,2198,178.48,2,0,0
1580,2199,165.04,2,0,0
1581,2200,165.04,2,0,0
1582,2201,164.99,2,0,0
1583,2202,164.99,2,0,0
1584,2203,178.48,2,0,0
1585,2204,178.48,2,0,0
1586,2205,165.04,2,0,0
1587,2206,165.04,2,0,0
1588,2213,164.99,2,0,0
1589,2214,164.99,2,0,0
1590,2215,164.99,2,0,0
1591,2216,164.99,2,0,0
1592,2217,164.99,2,0,0
1593,2218,164.99,2,0,0
1594,2219,178.48,2,0,0
1595,2220,178.48,2,0,0
1596,2221,178.48,2,0,0
1597,2222,178.48,2,0,0
1598,2223,178.48,2,0,0
1599,2224,178.48,2,0,0
1600,2225,165.04,2,0,0
1601,2226,165.04,2,0,0
1602,2227,165.04,2,0,0
1603,2228,165.04,2,0,0
1604,2229,165.04,2,0,0
1605,2230,165.04,2,0,0
1606,2231,164.99,3,0,0
1607,2232,164.99,2,0,0
1608,2233,164.99,2,0,0
1609,2234,164.99,2,0,0
1610,2235,178.48,3,0,0
1611,2236,178.48,2,0,0
1612,2237,178.48,2,0,0
1613,2238,178.48,2,0,0
1614,2239,165.04,2,0,0
1615,2240,165.04,2,0,0
1616,2241,165.04,2,0,0
1617,2242,165.04,2,0,0
1618,2243,180.37,2,0,0
1619,2245,164.99,2,0,0
1620,2246,164.99,2,0,0
1621,2247,209.19,2,0,0
1622,2248,209.19,2,0,0
1623,2249,209.19,3,0,0
1624,2250,209.19,2,0,0
1625,2251,209.19,2,0,0
1626,2252,209.19,3,0,0
1627,2253,209.19,2,0,0
1628,2254,209.19,2,0,0
1629,2255,209.19,3,0,0
1630,2256,209.19,2,0,0
1631,2257,209.19,2,0,0
1632,2258,209.19,2,0,0
1633,2260,0,8,0,0
1634,2261,0,8,0,0
1635,2262,0,8,0,0
1636,2263,0,8,0,0
1637,2264,0,8,0,0
1638,2265,0,8,0,0
1639,2266,0,8,0,0
1640,2267,0,8,0,0
1641,2268,0,8,0,0
1642,2269,131.07,0,0,0
1643,2270,131.07,0,0,0
1644,2271,131.07,0,0,0
1645,2272,132.49,0,0,0
1646,2273,132.49,0,0,0
1647,2274,132.49,0,0,0
1648,2275,130.93,0,0,0
1649,2276,132.49,0,0,0
1650,2277,130.94,0,0,0
1651,2278,167.3,2,0,0
1652,2279,139.16,0,0,0
1653,2280,152.31,2,0,0
1654,2281,167.3,2,0,0
1655,2282,139.72,0,0,0
1656,2283,88.56,7,0,0
1657,2284,208.54,2,0,0
1658,2285,131.07,0,0,0
1659,2286,132.49,0,0,0
1660,2287,130.94,0,0,0
1661,2288,167.3,2,0,0
1662,2289,139.16,0,0,0
1663,2290,152.31,2,0,0
1664,2291,167.3,2,0,0
1665,2292,139.72,0,0,0
1666,2293,88.56,7,0,0
1667,2294,208.54,2,0,0
1668,2295,131.07,0,0,0
1669,2296,132.49,0,0,0
1670,2297,130.94,0,0,0
1671,2298,167.3,2,0,0
1672,2299,139.16,0,0,0
1673,2300,152.31,2,0,0
1674,2301,167.3,2,0,0
1675,2302,139.72,0,0,0
1676,2303,88.56,7,0,0
1677,2304,208.54,2,0,0
1678,2305,131.07,0,0,0
1679,2306,132.49,0,0,0
1680,2307,130.94,0,0,0
1681,2308,167.3,2,0,0
1682,2309,139.16,0,0,0
1683,2310,152.31,2,0,0
1684,2311,167.3,2,0,0
1685,2312,139.72,0,0,0
1686,2313,88.56,7,0,0
1687,2314,208.54,2,0,0
1688,2315,131.07,0,0,0
1689,2316,132.49,0,0,0
1690,2317,130.94,0,0,0
1691,2318,167.3,2,0,0
1692,2319,139.16,0,0,0
1693,2320,152.31,2,0,0
1694,2321,167.3,2,0,0
1695,2322,139.72,0,0,0
1696,2323,88.56,7,0,0
1697,2324,150.77,2,0,0
1698,2325,208.54,2,0,0
1699,2326,131.07,0,0,0
1700,2327,194.76,2,0,0
1701,2328,131.07,0,0,0
1702,2329,132.49,0,0,0
1703,2330,130.94,0,0,0
1704,2331,167.3,2,0,0
1705,2332,139.16,0,0,0
1706,2333,152.31,2,0,0
1707,2334,167.3,2,0,0
1708,2335,139.72,0,0,0
1709,2336,88.56,7,0,0
1710,2337,150.77,2,0,0
1711,2338,208.54,2,0,0
1712,2339,131.07,0,0,0
1713,2340,132.49,0,0,0
1714,2341,130.94,0,0,0
1715,2342,167.3,2,0,0
1716,2343,139.16,0,0,0
1717,2344,152.31,2,0,0
1718,2345,167.3,2,0,0
1719,2346,139.72,0,0,0
1720,2347,88.56,7,0,0
1721,2348,208.54,2,0,0
1722,2349,130.94,0,0,0
1723,2350,132.49,0,0,0
1724,2351,130.94,0,0,0
1725,2352,167.3,2,0,0
1726,2353,139.16,0,0,0
1727,2354,152.31,2,0,0
1728,2355,167.3,2,0,0
1729,2356,139.72,0,0,0
1730,2357,88.56,7,0,0
1731,2358,128.05,0,0,0
1732,2359,132.49,0,0,0
1733,2360,130.94,0,0,0
1734,2361,167.3,2,0,0
1735,2362,139.16,0,0,0
1736,2363,152.31,2,0,0
1737,2364,167.3,2,0,0
1738,2365,139.72,0,0,0
1739,2366,88.56,7,0,0
1740,2367,208.54,2,0,0
1741,2368,130.94,0,0,0
1742,2369,167.3,2,0,0
1743,2370,139.16,0,0,0
1744,2371,130.62,0,0,0
1745,2372,132.49,0,0,0
1746,2373,130.94,0,0,0
1747,2374,167.3,2,0,0
1748,2375,139.16,0,0,0
1749,2376,152.31,2,0,0
1750,2377,167.3,2,0,0
1751,2378,139.72,0,0,0
1752,2379,88.56,7,0,0
1753,2380,208.54,2,0,0
1754,2381,130.62,0,0,0
1755,2382,150.77,2,0,0
1756,2383,152.31,2,0,0
1757,2384,167.3,2,0,0
1758,2385,139.72,0,0,0
1759,2386,88.56,7,0,0
1760,2387,208.54,2,0,0
1761,2388,167.3,2,0,0
1762,2389,130.94,0,0,0
1763,2390,152.31,2,0,0
1764,2391,107.98,0,0,0
1765,2392,83.3,7,0,0
1766,2393,83.3,7,0,0
1767,2394,83.3,7,0,0
1768,2395,165.24,2,0,0
1769,2396,164.99,2,0,0
1770,2397,192.81,2,0,0
1771,2398,192.81,2,0,0
1772,2399,264.39,3,0,0
1773,2400,264.39,3,0,0
1774,2401,264.39,3,0,0
1775,2402,264.39,3,0,0
1776,2403,264.39,3,0,0
1777,2404,264.39,3,0,0
1778,2405,224.55,3,0,0
1779,2406,224.55,3,0,1064346583
1780,2408,224.55,3,0,0
1781,2409,224.55,3,0,0
1782,2410,224.55,3,0,0
1783,2411,224.55,3,0,0
1784,2412,153.58,2,0,0
1785,2413,153.58,2,-6,1060320051
1786,2414,153.58,2,0,0
1787,2415,153.58,2,0,0
1788,2416,257.88,3,0,0
1789,2417,257.88,3,0,0
1790,2418,193.36,3,0,0
1791,2419,193.36,3,0,0
1792,2420,193.36,3,0,0
1793,2421,193.36,3,0,0
1794,2422,125.47,1,0,0
1795,2423,125.47,1,0,1063675494
1796,2424,125.47,1,0,0
1797,2425,254.27,4,0,0
1798,2426,254.27,4,0,0
1799,2427,254.27,4,0,0
1800,2428,254.27,4,0,0
1801,2429,159.26,2,0,0
1802,2430,159.26,2,0,1064514355
1803,2431,159.26,2,0,0
1804,2432,224.09,3,0,0
1805,2433,224.09,3,0,1057803469
1806,2435,224.09,3,0,0
1807,2436,164.99,2,0,0
1808,2437,164.99,2,0,0
1809,2438,164.99,2,0,0
1810,2439,164.99,3,0,0
1811,2440,164.99,3,0,0
1812,2441,164.99,3,0,0
1813,2442,165.08,2,0,0
1814,2443,165.08,2,0,0
1815,2444,165.08,2,0,0
1816,2445,164.99,2,0,0
1817,2446,164.99,2,0,0
1818,2447,164.99,2,0,0
1819,2448,160.29,1,0,0
1820,2449,160.29,1,0,1068037571
1821,2450,160.29,1,0,0
1822,2451,160.29,1,0,0
1823,2452,160.29,1,0,1068037571
1824,2453,160.29,1,0,0
1825,2454,160.29,1,0,0
1826,2455,208,3,0,0
1827,2456,208,3,0,0
1828,2458,208,3,0,0
1829,2459,153.58,2,0,0
1830,2460,153.58,2,-6,1063675494
1831,2461,153.58,2,0,0
1832,2462,153.58,2,0,0
1833,2463,153.58,2,0,0
1834,2464,183.36,2,0,0
1835,2465,183.36,2,0,0
1836,2466,183.36,2,0,0
1837,2467,132.49,2,0,0
1838,2468,132.49,2,0,0
1839,2469,167.3,3,0,0
1840,2470,167.3,3,0,0
1841,2471,167.3,3,0,0
1842,2472,167.3,3,0,0
1843,2473,167.3,2,0,0
1844,2474,167.3,2,0,0
1845,2475,167.3,2,0,0
1846,2476,167.3,2,0,0
1847,2477,167.3,4,0,0
1848,2478,111.42,2,0,0
1849,2479,163.84,3,0,0
1850,2480,163.84,3,0,0
1851,2481,163.84,3,0,0
1852,2482,163.84,3,0,0
1853,2483,163.84,3,0,0
1854,2484,163.84,3,0,0
1855,2485,163.84,3,0,0
1856,2486,163.84,3,0,0
1857,2487,153.58,1,0,0
1858,2488,153.58,1,-6,1060320051
1859,2489,153.58,1,0,0
1860,2490,153.58,1,0,0
1861,2491,153.58,2,0,0
1862,2492,153.58,1,0,0
1863,2493,153.58,1,0,0
1864,2494,171.61,2,0,0
1865,2495,171.61,2,0,1065353216
1866,2496,171.61,2,0,0
1867,2497,171.61,2,0,0
1868,2498,171.61,2,0,1066192077
1869,2499,171.61,2,0,0
1870,2500,171.61,1,0,0
1871,2501,181.36,2,0,0
1872,2502,182.73,2,0,0
1873,2503,182.73,2,0,0
1874,2504,182.73,1,0,0
1875,2505,182.73,1,0,0
1876,2506,182.73,1,0,0
1877,2507,182.73,2,0,0
1878,2508,182.73,2,0,0
1879,2509,182.73,2,0,0
1880,2510,120.32,0,0,0
1881,2511,120.32,0,0,0
1882,2512,120.32,0,0,0
1883,2513,120.32,0,0,0
1884,2514,94.14,1,0,0
1885,2515,94.14,1,-7,1058642330
1886,2516,94.14,1,0,0
1887,2517,94.14,1,0,0
1888,2518,94.14,1,0,0
1889,2519,94.14,1,-7,1058642330
1890,2520,94.14,1,0,0
1891,2521,94.14,2,0,0
1892,2522,190.99,2,0,0
1893,2523,190.99,2,0,0
1894,2524,190.99,2,0,0
1895,2525,191.96,2,0,0
1896,2526,191.96,2,0,0
1897,2527,191.96,2,0,0
1898,2528,190.99,2,0,0
1899,2529,433.49,5,0,0
1900,2530,433.49,5,0,0
1901,2531,433.49,5,0,0
1902,2532,433.49,5,0,0
1903,2533,433.49,5,0,0
1904,2534,433.49,5,0,0
1905,2535,164.99,2,0,0
1906,2536,192.52,2,0,0
1907,2537,192.52,2,0,0
1908,2538,192.52,2,0,0
1909,2539,192.52,2,0,0
1910,2540,219.92,3,0,0
1911,2541,219.92,3,0,0
1912,2542,219.92,3,0,0
1913,2543,219.92,3,0,0
1914,2544,219.92,3,0,0
1915,2545,219.92,3,0,0
1916,2546,219.92,3,0,0
1917,2547,40.52,8,0,0
1918,2548,123.36,1,0,0
1919,2549,123.36,1,0,1065688760
1920,2550,123.36,1,0,0
1921,2551,255.25,3,0,0
1922,2552,271.47,3,0,0
1923,2553,271.47,3,0,1061997773
1924,2554,271.47,3,0,0
1925,2555,289.9,4,0,0
1926,2556,289.9,4,0,0
1927,2557,289.9,4,0,0
1928,2558,62.35,7,0,0
1929,2559,62.35,7,-4,0
1930,2560,62.35,7,0,0
1931,2561,188.15,2,0,0
1932,2562,188.15,2,0,0
1933,2563,188.15,2,0,0
1934,2564,161.38,1,0,0
1935,2565,161.38,1,0,0
1936,2566,161.38,1,0,0
1937,2567,162.34,2,0,0
1938,2568,162.34,1,0,0
1939,2569,162.34,1,0,1067618140
1940,2570,162.34,1,0,0
1941,2571,162.34,1,0,0
1942,2572,162.34,2,0,0
1943,2573,224.55,3,0,0
1944,2574,146.23,2,0,0
1945,2575,245.74,3,0,0
1946,2576,245.74,3,0,0
1947,2577,245.74,3,0,0
1948,2578,297.98,3,0,0
1949,2579,0,8,0,0
1950,2580,0,8,0,0
1951,2581,172.08,2,0,0
1952,2582,172.08,2,0,1066611507
1953,2583,172.08,2,0,0
1954,2584,172.08,2,0,0
1955,2585,194.77,2,0,0
1956,2586,194.77,2,0,1067114824
1957,2587,194.77,2,0,0
1958,2588,194.77,2,0,0
1959,2589,194.77,2,0,1067114824
1960,2590,194.77,2,0,0
1961,2591,194.77,2,0,0
1962,2592,194.77,2,0,0
1963,2593,194.77,2,0,0
1964,2594,162.34,1,0,0
1965,2595,162.34,1,0,1067030938
1966,2596,162.34,1,0,0
1967,2597,162.34,1,0,0
1968,2598,162.34,1,0,0
1969,2599,110,1,0,0
1970,2600,88.57,1,0,0
1971,2601,88.57,1,-7,1061158912
1972,2602,88.57,1,0,0
1973,2603,88.57,1,0,0
1974,2604,88.57,1,-7,1061158912
1975,2605,88.57,1,0,0
1976,2606,172.01,2,0,0
1977,2607,208,3,0,0
1978,2608,208,2,0,0
1979,2609,208,2,0,0
1980,2610,208,2,0,0
1981,2611,208,2,0,0
1982,2612,208,2,0,0
1983,2613,208,2,0,0
1984,2614,208,2,0,0
1985,2615,176.53,1,0,0
1986,2616,131.07,0,0,0
1987,2617,131.07,0,0,0
1988,2618,131.07,0,0,0
1989,2619,131.07,0,0,0
1990,2620,131.07,0,0,0
1991,2621,131.07,0,0,0
1992,2622,131.07,0,0,0
1993,2623,131.07,0,0,0
1994,2624,131.07,0,0,0
1995,2625,131.07,0,0,0
1996,2626,131.07,0,0,0
1997,2627,131.07,0,0,0
1998,2628,131.07,0,0,0
1999,2629,131.07,0,0,0
2000,2630,130.93,0,0,0
2001,2631,71.53,7,0,0
2002,2632,152.31,2,0,0
2003,2633,130.94,0,0,0
2004,2634,130.94,0,0,0
2005,2635,130.94,0,0,0
2006,2636,130.94,0,0,0
2007,2637,130.94,0,0,0
2008,2638,130.94,0,0,0
2009,2639,130.94,0,0,0
2010,2640,152.31,2,0,0
2011,2641,139.16,0,0,0
2012,2642,254.93,3,0,0
2013,2643,254.93,3,0,0
2014,2675,156.73,2,0,0
2015,2677,156.73,1,0,0
2016,2678,156.73,1,0,1068540887
2017,2679,156.73,1,0,0
2018,2680,156.73,2,0,0
2019,2682,156.73,1,0,0
2020,2683,156.73,1,0,1067450368
2021,2684,156.73,1,0,0
2022,2685,156.73,2,0,0
2023,2687,156.73,2,0,0
2024,2688,156.73,2,0,0
2025,2690,156.73,2,0,0
2026,2691,191.46,2,0,0
2027,2693,191.46,2,0,0
2028,2694,191.46,2,0,0
2029,2695,191.46,2,0,0
2030,2696,191.46,2,0,0
2031,2698,191.46,2,0,0
2032,2699,191.46,2,0,0
2033,2701,191.46,2,0,0
2034,2703,191.46,2,0,0
2035,2707,161.12,2,0,0
2036,2709,161.12,2,0,0
2037,2711,161.12,1,0,0
2038,2712,161.12,1,0,1067618140
2039,2713,161.12,2,0,0
2040,2714,161.12,2,0,0
2041,2716,161.12,2,0,0
2042,2718,161.12,2,0,0
2043,2721,190.75,2,0,0
2044,2723,190.75,2,0,0
2045,2724,190.75,2,0,0
2046,2726,190.75,2,0,0
2047,2727,190.75,2,0,0
2048,2728,190.75,2,0,0
2049,2730,190.75,2,0,0
2050,2731,190.75,2,0,0
2051,2733,190.75,2,0,0
2052,2735,190.75,2,0,0
2053,2736,190.75,2,0,0
2054,2737,190.75,2,0,0
2055,2738,190.75,2,0,0
2056,2742,184.77,2,0,0
2057,2744,184.77,1,0,0
2058,2745,184.77,1,0,1067618140
2059,2746,184.77,2,0,0
2060,2748,184.77,2,0,0
2061,2749,184.77,2,0,0
2062,2751,184.77,2,0,0
2063,2753,184.77,2,0,0
2064,2755,170.6,2,0,0
2065,2757,170.6,1,0,0
2066,2758,170.6,1,0,1068540887
2067,2759,170.6,1,0,0
2068,2760,170.6,2,0,0
2069,2762,170.6,2,0,0
2070,2763,170.6,2,0,0
2071,2765,170.6,1,0,0
2072,2766,170.6,1,0,1068540887
2073,2767,170.6,2,0,0
2074,2769,170.6,2,0,0
2075,2771,159.92,2,0,0
2076,2772,159.92,2,0,0
2077,2774,159.92,1,0,0
2078,2775,159.92,1,0,1068540887
2079,2776,159.92,2,0,0
2080,2778,159.92,2,0,0
2081,2780,191.46,2,0,0
2082,2781,190.75,2,0,0
2083,2782,156.73,2,0,0
2084,2783,170.6,2,0,0
2085,2784,184.77,2,0,0
2086,2785,161.12,2,0,0
2087,2786,159.92,2,0,0
2088,2787,184.77,2,0,0
2089,2788,191.46,2,0,0
2090,2789,190.75,2,0,0
2091,2790,170.6,2,0,0
2092,2791,161.12,2,0,0
2093,2792,156.73,2,0,0
2094,2793,159.92,2,0,0
2095,2794,159.92,2,0,0
2096,2795,159.92,2,0,0
2097,2796,159.92,2,0,0
2098,2797,159.92,2,0,0
2099,2798,170.6,2,0,0
2100,2799,170.6,2,0,0
2101,2800,170.6,2,0,0
2102,2801,170.6,2,0,0
2103,2802,170.6,2,0,0
2104,2803,170.6,2,0,0
2105,2804,170.6,2,0,0
2106,2805,170.6,2,0,0
2107,2806,153.58,2,0,0
2108,2807,174.87,2,0,0
2109,2808,245.05,3,0,0
2110,2809,174.87,2,0,0
2111,2810,174.87,7,0,0
2112,2811,174.87,2,0,0
2113,2812,174.87,2,0,0
2114,2813,174.87,2,0,0
2115,2815,245.05,3,0,0
2116,2816,174.87,2,0,0
2117,2818,174.87,2,0,0
2118,2820,174.87,2,0,0
2119,2822,174.87,2,0,0
2120,2823,174.87,2,0,0
2121,2826,174.87,2,0,0
2122,2827,174.87,0,0,0
2123,2828,174.87,1,0,0
2124,2829,174.87,2,0,0
2125,2831,174.87,2,0,0
2126,2832,174.87,2,0,0
2127,2833,174.87,2,-4,1061158912
2128,2834,174.87,2,0,0
2129,2835,174.87,2,0,0
2130,2837,174.87,2,0,0
2131,2839,159.26,2,0,0
2132,2840,159.26,2,0,0
2133,2841,159.26,2,0,0
2134,2842,159.26,2,0,0
2135,2845,159.26,2,0,0
2136,2846,159.26,2,0,0
2137,2848,159.26,2,0,0
2138,2849,159.26,2,0,0
2139,2851,159.26,2,0,0
2140,2853,159.26,2,0,0
2141,2855,159.26,2,0,0
2142,2857,159.26,2,0,0
2143,2859,159.26,2,0,0
2144,2861,159.26,2,0,0
2145,2863,159.26,2,0,0
2146,2865,159.26,2,0,0
2147,2866,159.26,2,0,0
2148,2867,159.26,2,0,0
2149,2868,159.26,2,0,0
2150,2869,159.26,2,0,0
2151,2870,159.26,2,0,0
2152,2871,159.26,2,0,0
2153,2872,159.26,2,0,0
2154,2873,159.26,2,0,0
2155,2874,159.26,2,0,0
2156,2875,159.26,2,0,0
2157,2876,159.26,2,0,0
2158,2877,159.26,2,0,0
2159,2878,159.26,2,0,0
2160,2879,183.36,2,0,0
2161,2880,183.36,2,0,0
2162,2881,183.36,2,0,0
2163,2882,183.36,2,0,0
2164,2883,183.36,2,0,0
2165,2884,183.36,2,0,0
2166,2888,183.36,2,0,0
2167,2889,182.18,2,0,0
2168,2891,182.18,2,0,0
2169,2893,182.18,2,0,0
2170,2895,182.18,2,0,0
2171,2897,182.18,2,0,0
2172,2899,182.18,2,0,0
2173,2901,182.18,2,0,0
2174,2903,182.18,2,0,0
2175,2905,182.18,2,0,0
2176,2907,183.36,2,0,0
2177,2909,183.36,2,0,0
2178,2910,183.36,2,0,0
2179,2911,183.36,2,0,0
2180,2912,183.36,2,0,0
2181,2913,0,8,0,0
2182,2914,0,8,0,0
2183,2915,0,8,0,0
2184,2916,0,8,0,0
2185,2917,0,8,0,0
2186,2918,0,8,0,0
2187,2919,0,8,0,0
2188,2920,0,8,0,0
2189,2921,0,8,0,0
2190,2922,0,8,0,0
2191,2923,0,8,0,0
2192,2924,0,8,0,0
2193,2927,0,8,0,0
2194,2928,0,8,0,0
2195,2929,0,8,0,0
2196,2930,0,8,0,0
2197,2931,0,8,0,0
2198,2932,0,8,0,0
2199,2933,0,8,0,0
2200,2934,0,8,0,0
2201,2935,0,8,0,0
2202,2936,0,8,0,0
2203,2937,0,8,0,0
2204,2938,0,8,0,0
2205,2939,0,8,0,0
2206,2941,10,8,0,0
2207,2942,0,8,0,0
2208,2943,0,8,0,0
2209,2944,0,8,0,0
2210,2945,0,8,0,0
2211,2946,0,8,0,0
2212,2947,0,8,0,0
2213,2948,0,8,0,0
2214,2949,0,8,0,0
2215,2950,0,8,0,0
2216,2951,0,8,0,0
2217,2952,0,8,0,0
2218,2953,0,8,0,0
2219,2954,0,8,0,0
2220,2955,0,8,0,0
2221,2956,0,8,0,0
2222,2957,0,8,0,0
2223,2958,0,8,0,0
2224,2959,0,8,0,0
2225,2960,0,8,0,0
2226,2961,0,8,0,0
2227,2962,0,8,0,0
2228,2963,0,8,0,0
2229,2964,0,8,0,0
2230,2965,0,8,0,0
2231,2966,0,8,0,0
2232,2967,0,8,0,0
2233,2968,0,8,0,0
2234,2969,0,8,0,0
2235,2970,0,8,0,0
2236,2971,0,8,0,0
2237,2972,0,8,0,0
2238,2973,0,8,0,0
2239,2974,0,8,0,0
2240,2975,0,8,0,0
2241,2976,0,8,0,0
2242,2977,0,8,0,0
2243,2978,0,8,0,0
2244,2979,0,8,0,0
2245,2980,0,8,0,0
2246,2981,0,8,0,0
2247,2982,0,8,0,0
2248,2983,0,8,0,0
2249,2984,0,8,0,0
2250,2985,0,8,0,0
2251,2986,0,8,0,0
2252,2987,0,8,0,0
2253,2988,0,8,0,0
2254,2989,0,8,0,0
2255,2990,0,8,0,0
2256,2991,0,8,0,0
2257,2992,0,8,0,0
2258,2993,0,8,0,0
2259,2994,0,8,0,0
2260,2995,0,8,0,0
2261,2996,0,8,0,0
2262,2997,0,8,0,0
2263,2998,0,8,0,0
2264,2999,0,8,0,0
2265,3000,0,8,0,0
2266,3001,0,8,0,0
2267,3002,0,8,0,0
2268,3003,0,8,0,0
2269,3004,0,8,0,0
2270,3005,0,8,0,0
2271,3006,0,8,0,0
2272,3007,0,8,0,0
2273,3008,0,8,0,0
2274,3009,0,8,0,0
2275,3011,0,8,0,0
2276,3012,0,8,0,0
2277,3013,0,8,0,0
2278,3014,0,8,0,0
2279,3015,0,8,0,0
2280,3016,0,8,0,0
2281,3017,0,8,0,0
2282,3018,0,8,0,0
2283,3019,0,8,0,0
2284,3020,0,8,0,0
2285,3021,0,8,0,0
2286,3022,0,8,0,0
2287,3023,0,8,0,0
2288,3024,0,8,0,0
2289,3025,0,8,0,0
2290,3026,0,8,0,0
2291,3027,0,8,0,0
2292,3028,0,8,0,0
2293,3029,0,8,0,0
2294,3030,0,8,0,0
2295,3031,0,8,0,0
2296,3032,0,8,0,0
2297,3033,0,8,0,0
2298,3034,0,8,0,0
2299,3035,0,8,0,0
2300,3036,0,8,0,0
2301,3037,0,8,0,0
2302,3038,0,8,0,0
2303,3039,0,8,0,0
2304,3040,0,8,0,0
2305,3041,0,8,0,0
2306,3042,0,8,0,0
2307,3043,0,8,0,0
2308,3044,0,8,0,0
2309,3045,0,8,0,0
2310,3046,0,8,0,0
2311,3047,0,8,0,0
2312,3048,0,8,0,0
2313,3049,0,8,0,0
2314,3050,0,8,0,0
2315,3051,0,8,0,0
2316,3052,0,8,0,0
2317,3053,0,8,0,0
2318,3054,0,8,0,0
2319,3055,0,8,0,0
2320,3056,0,8,0,0
2321,3057,0,8,0,0
2322,3058,0,8,0,0
2323,3059,0,8,0,0
2324,3060,0,8,0,0
2325,3061,0,8,0,0
2326,3062,0,8,0,0
2327,3063,0,8,0,0
2328,3064,0,8,0,0
2329,3065,0,8,0,0
2330,3066,0,8,0,0
2331,3067,0,8,0,0
2332,3068,0,8,0,0
2333,3069,0,8,0,0
2334,3070,0,8,0,0
2335,3071,0,8,0,0
2336,3072,0,8,0,0
2337,3073,0,8,0,0
2338,3074,0,8,0,0
2339,3075,0,8,0,0
2340,3076,0,8,0,0
2341,3077,0,8,0,0
2342,3078,0,8,0,0
2343,3079,0,8,0,0
2344,3080,0,8,0,0
2345,3081,0,8,0,0
2346,3082,0,8,0,0
2347,3083,0,8,0,0
2348,3084,0,8,0,0
2349,3085,0,8,0,0
2350,3086,0,8,0,0
2351,3087,0,8,0,0
2352,3088,0,8,0,0
2353,3089,0,8,0,0
2354,3090,0,8,0,0
2355,3091,0,8,0,0
2356,3092,0,8,0,0
2357,3093,0,8,0,0
2358,3094,0,8,0,0
2359,3095,0,8,0,0
2360,3096,0,8,0,0
2361,3097,0,8,0,0
2362,3098,0,8,0,0
2363,3099,0,8,0,0
2364,3100,0,8,0,0
2365,3101,0,8,0,0
2366,3102,0,8,0,0
2367,3103,0,8,0,0
2368,3104,0,8,0,0
2369,3105,0,8,0,0
2370,3106,0,8,0,0
2371,3107,0,8,0,0
2372,3108,0,8,0,0
2373,3109,0,8,0,0
2374,3112,0,8,0,0
2375,3113,0,8,0,0
2376,3114,199.4,2,0,0
2377,3115,199.4,2,0,0
2378,3120,184.6,2,0,0
2379,3121,184.6,2,0,0
2380,3122,184.6,2,0,0
2381,3123,184.6,2,0,0
2382,3124,184.6,2,0,0
2383,3125,184.6,2,0,0
2384,3126,184.6,2,0,0
2385,3127,184.6,2,0,0
2386,3128,184.6,2,0,0
2387,3129,184.6,2,0,0
2388,3130,184.6,2,0,0
2389,3131,184.6,2,0,0
2390,3132,184.6,2,0,0
2391,3133,184.6,2,0,0
2392,3134,184.6,2,0,0
2393,3135,184.6,2,0,0
2394,3136,184.6,2,0,0
2395,3137,184.6,2,0,0
2396,3138,184.6,2,0,0
2397,3139,184.6,2,0,0
2398,3140,184.6,2,0,0
2399,3141,184.6,3,0,0
2400,3142,184.6,3,8,1064346583
2401,3143,184.6,3,0,0
2402,3144,184.6,1,0,0
2403,3145,184.6,1,0,0
2404,3146,184.6,1,0,0
2405,3147,184.6,1,0,0
2406,3148,184.6,1,0,0
2407,3154,184.6,2,0,0
2408,3155,184.6,2,0,0
2409,3156,184.6,2,0,0
2410,3157,184.6,2,0,0
2411,3158,184.6,2,0,0
2412,3159,214.32,2,0,0
2413,3160,128.05,0,0,0
2414,3161,184.6,2,0,0
2415,3162,184.6,2,0,0
2416,3164,184.6,2,0,0
2417,3166,184.6,2,0,0
2418,3168,184.6,2,0,0
2419,3170,184.6,2,0,0
2420,3172,184.6,2,0,0
2421,3174,184.6,2,0,0
2422,3175,184.6,2,0,0
2423,3176,184.6,2,0,0
2424,3177,184.6,2,0,0
2425,3178,184.6,2,0,0
2426,3179,184.6,2,0,0
2427,3180,184.6,2,0,0
2428,3181,184.6,2,0,0
2429,3182,184.6,2,0,0
2430,3183,184.6,2,0,0
2431,3184,184.6,2,0,0
2432,3185,184.6,2,0,0
2433,3186,184.6,2,0,0
2434,3187,184.6,2,0,0
2435,3188,184.6,2,0,0
2436,3189,184.6,2,0,0
2437,3190,184.6,2,0,0
2438,3191,184.6,2,0,0
2439,3193,184.6,2,0,0
2440,3195,184.6,2,0,0
2441,3197,184.6,2,0,0
2442,3199,184.6,2,0,0
2443,3200,184.6,2,0,0
2444,3201,184.6,2,0,0
2445,3202,184.6,2,0,0
2446,3203,184.6,2,0,0
2447,3204,184.6,2,0,0
2448,3205,184.6,2,0,0
2449,3206,0,8,0,0
2450,3207,0,8,0,0
2451,3208,0,8,0,0
2452,3209,0,8,0,0
2453,3210,0,8,0,0
2454,3211,0,8,0,0
2455,3212,0,8,0,0
2456,3213,0,8,0,0
2457,3214,0,8,0,0
2458,3215,0,8,0,0
2459,3216,0,8,0,0
2460,3217,0,8,0,0
2461,3218,0,8,0,0
2462,3219,0,8,0,0
2463,3220,0,8,0,0
2464,3221,0,8,0,0
2465,3222,0,8,0,0
2466,3223,0,8,0,0
2467,3224,0,8,0,0
2468,3225,0,8,0,0
2469,3226,0,8,0,0
2470,3227,0,8,0,0
2471,3228,0,8,0,0
2472,3229,0,8,0,0
2473,3230,0,8,0,0
2474,3231,0,8,0,0
2475,3232,227.45,2,0,0
2476,3233,203.36,2,0,0
2477,3234,227.45,2,0,0
2478,3235,227.45,2,0,0
2479,3236,227.45,2,0,0
2480,3237,0,8,0,0
2481,3238,0,8,0,0
2482,3239,0,8,0,0
2483,3240,0,8,0,0
2484,3241,55.62,8,0,0
2485,3242,55.62,8,0,0
2486,3243,28.35,8,0,0
2487,3244,28.35,8,0,0
2488,3245,160.32,2,0,0
2489,3247,28.35,8,0,0
2490,3248,28.35,8,0,0
2491,3249,55.62,8,0,0
2492,3250,55.62,8,0,0
2493,3251,55.62,8,0,0
2494,3252,28.35,8,0,0
2495,3253,28.35,8,0,0
2496,3254,160.32,2,0,0
2497,3255,28.35,8,0,0
2498,3256,55.62,8,0,0
2499,3257,28.35,8,0,0
2500,3258,0,8,0,0
2501,3260,0,8,0,0
2502,3261,0,8,0,0
2503,3262,0,8,0,0
2504,3263,0,8,0,0
2505,3264,0,8,0,0
2506,3265,0,8,0,0
2507,3266,0,8,0,0
2508,3267,0,8,0,0
2509,3268,0,8,0,0
2510,3269,0,8,0,0
2511,3270,0,8,0,0
2512,3271,0,8,0,0
2513,3272,0,8,0,0
2514,3273,0,8,0,0
2515,3274,449.7,5,0,0
2516,3275,458.79,5,0,0
2517,3276,458.79,5,0,0
2518,3279,0,8,0,0
2519,3285,164.99,2,0,0
2520,3286,164.99,2,0,0
2521,3287,74.31,7,0,0
2522,3289,74.31,7,0,0
2523,3290,91.92,7,0,0
2524,3291,91.92,7,0,0
2525,3292,74.31,7,0,0
2526,3294,74.31,7,0,0
2527,3295,74.31,7,0,0
2528,3297,74.31,7,0,0
2529,3299,74.31,7,0,0
2530,3301,74.31,7,0,0
2531,3302,74.31,7,0,0
2532,3303,74.31,7,0,0
2533,3304,74.31,7,0,0
2534,3305,74.31,7,0,0
2535,3307,74.31,7,0,0
2536,3308,74.31,7,0,0
2537,3310,74.31,7,0,0
2538,3312,74.31,7,0,0
2539,3314,74.31,7,0,0
2540,3315,74.56,0,0,0
2541,3316,74.56,2,0,0
2542,3318,74.31,7,0,0
2543,3319,74.56,0,0,0
2544,3320,74.56,0,0,0
2545,3321,74.56,0,0,0
2546,3322,74.31,7,0,0
2547,3324,74.31,7,0,0
2548,3325,74.31,7,0,0
2549,3326,74.31,7,0,0
2550,3327,74.31,7,0,0
2551,3328,74.31,7,0,0
2552,3329,0,8,0,0
2553,3330,0,8,0,0
2554,3331,0,8,0,0
2555,3332,0,8,0,0
2556,3333,0,8,0,0
2557,3334,0,8,0,0
2558,3335,0,8,0,0
2559,3336,0,8,0,0
2560,3337,0,8,0,0
2561,3340,0,8,0,0
2562,3341,0,8,0,0
2563,3343,0,8,0,0
2564,3344,0,8,0,0
2565,3345,0,8,0,0
2566,3346,0,8,0,0
2567,3347,0,8,0,0
2568,3348,0,8,0,0
2569,3349,0,8,0,0
2570,3350,0,8,0,0
2571,3351,0,8,0,0
2572,3352,0,8,0,0
2573,3353,0,8,0,0
2574,3354,0,8,0,0
2575,3355,0,8,0,0
2576,3356,0,8,0,0
2577,3365,0,8,0,0
2578,3366,0,8,0,0
2579,3367,0,8,0,0
2580,3368,0,8,0,0
2581,3369,0,8,0,0
2582,3370,0,8,0,0
2583,3371,0,8,0,0
2584,3372,0,8,0,0
2585,3373,0,8,0,0
2586,3374,0,8,0,0
2587,3375,0,8,0,0
2588,3376,0,8,0,0
2589,3377,0,8,0,0
2590,3378,0,8,0,0
2591,3379,0,8,0,0
2592,3380,0,8,0,0
2593,3381,0,8,0,0
2594,3382,0,8,0,0
2595,3383,0,8,0,0
2596,3384,0,8,0,0
2597,3385,0,8,0,0
2598,3386,0,8,0,0
2599,3387,0,8,0,0
2600,3388,0,8,0,0
2601,3389,0,8,0,0
2602,3390,0,8,0,0
2603,3391,0,8,0,0
2604,3392,0,8,0,0
2605,3393,0,8,0,0
2606,3394,0,8,0,0
2607,3395,0,8,0,0
2608,3396,0,8,0,0
2609,3397,0,8,0,0
2610,3398,0,8,0,0
2611,3399,0,8,0,0
2612,3400,0,8,0,0
2613,3401,0,8,0,0
2614,3402,0,8,0,0
2615,3403,0,8,0,0
2616,3404,131.07,2,0,0
2617,3405,131.07,2,0,0
2618,3406,131.07,2,0,0
2619,3407,131.07,2,0,0
2620,3408,180.65,2,0,0
2621,3409,196.47,3,0,0
2622,3410,148.82,2,0,0
2623,3411,180.65,2,0,0
2624,3412,180.65,2,0,1063675494
2625,3413,180.65,2,0,0
2626,3414,196.47,3,0,0
2627,3415,196.47,3,0,1065353216
2628,3416,196.47,3,0,0
2629,3417,148.82,1,0,0
2630,3418,148.82,1,0,0
2631,3419,148.82,1,0,0
2632,3420,40.52,8,0,0
2633,3421,165.08,2,0,0
2634,3422,165.08,2,0,0
2635,3423,176.53,2,0,0
2636,3424,176.53,2,0,0
2637,3425,190.8,2,0,0
2638,3426,190.8,2,0,0
2639,3427,190.8,2,0,0
2640,3428,146.23,2,0,0
2641,3429,172.08,2,0,0
2642,3430,172.08,2,0,0
2643,3431,433.49,5,0,0
2644,3432,317.24,4,0,0
2645,3433,59.33,8,0,0
2646,3434,433.49,5,0,0
2647,3435,167.04,2,0,0
2648,3436,167.04,2,0,0
2649,3437,167.04,2,0,0
2650,3438,164.99,2,0,0
2651,3439,164.99,2,0,0
2652,3440,164.99,2,0,0
2653,3441,212.27,4,0,0
2654,3442,212.27,4,0,0
2655,3443,212.27,4,0,0
2656,3444,212.27,4,0,0
2657,3445,212.27,4,0,0
2658,3446,212.27,4,0,0
2659,3447,203.36,4,0,0
2660,3448,227.45,4,0,0
2661,3449,203.36,4,0,0
2662,3450,182.15,3,0,0
2663,3451,182.15,3,0,0
2664,3452,182.15,3,0,0
2665,3453,184.33,3,0,0
2666,3454,184.33,3,0,0
2667,3455,184.33,3,0,0
2668,3456,190.8,3,0,0
2669,3457,190.8,3,0,0
2670,3458,171.13,2,0,0
2671,3459,171.13,2,0,0
2672,3460,171.13,2,0,0
2673,3461,263.99,3,0,0
2674,3462,263.99,3,0,0
2675,3463,174.87,3,0,0
2676,3464,174.87,3,0,0
2677,3465,210.63,4,0,0
2678,3466,210.63,4,0,0
2679,3467,167.04,3,0,0
2680,3468,167.04,3,0,0
2681,3469,40.52,7,0,0
2682,3470,40.52,7,0,0
2683,3471,172.08,2,0,0
2684,3472,172.08,2,0,0
2685,3473,186.94,4,0,0
2686,3474,186.94,4,0,0
2687,3475,219.92,3,0,0
2688,3476,219.92,3,0,0
2689,3477,120.32,0,0,0
2690,3478,316.77,4,0,0
2691,3479,316.77,4,0,0
2692,3480,131.07,2,0,0
2693,3481,131.07,2,0,0
2694,3482,88.57,2,0,0
2695,3483,88.57,2,0,0
2696,3484,40.52,8,0,0
2697,3485,40.52,8,0,0
2698,3486,183.36,2,0,0
2699,3487,183.36,2,0,0
2700,3488,183.36,2,0,0
2701,3489,168.45,3,0,0
2702,3490,168.45,3,0,0
2703,3491,168.45,3,0,0
2704,3492,168.45,3,0,0
2705,3493,196.15,3,0,0
2706,3494,196.15,3,0,0
2707,3495,180.65,2,0,0
2708,3496,180.65,2,0,0
2709,3497,196.47,3,0,0
2710,3498,196.47,3,0,0
2711,3499,148.82,2,0,0
2712,3500,148.82,2,0,0
2713,3501,54.64,7,0,0
2714,3502,54.64,7,0,0
2715,3503,54.64,7,0,0
2716,3504,54.64,7,0,0
2717,3505,153.58,2,0,0
2718,3506,153.58,2,0,0
2719,3507,153.47,2,0,0
2720,3508,181.8,2,0,0
2721,3509,181.8,2,0,0
2722,3510,48.93,7,0,0
2723,3511,48.84,7,0,0
2724,3512,48.84,7,0,0
2725,3513,196,2,0,0
2726,3514,164.99,2,0,0
2727,3515,164.99,2,0,0
2728,3516,167.04,2,0,0
2729,3517,40.52,8,0,0
2730,3518,165.08,2,0,0
2731,3519,161.38,2,0,0
2732,3520,192.05,3,0,0
2733,3521,180.97,2,0,0
2734,3522,192.05,3,0,0
2735,3524,192.05,3,0,0
2736,3525,192.05,3,0,0
2737,3526,192.05,3,0,0
2738,3527,192.05,3,0,0
2739,3528,182.73,2,0,0
2740,3529,182.73,2,0,0
2741,3530,182.73,2,0,0
2742,3531,224.09,4,0,0
2743,3532,125.47,2,0,0
2744,3533,219.92,3,0,0
2745,3534,192.81,3,0,0
2746,3535,120.32,2,0,0
2747,3536,120.32,2,0,0
2748,3537,183.36,2,0,0
2749,3538,159.26,2,0,0
2750,3539,164.3,3,0,0
2751,3540,145.52,2,0,0
2752,3541,172.08,2,0,0
2753,3542,190.8,3,0,0
2754,3543,176.53,2,0,0
2755,3544,255.25,4,0,0
2756,3545,146.23,2,0,0
2757,3546,167.04,2,0,0
2758,3547,116.03,2,0,0
2759,3548,169.99,2,0,0
2760,3549,182.15,2,0,0
2761,3550,182.15,2,0,0
2762,3551,183.42,3,0,0
2763,3552,271.47,4,0,0
2764,3553,289.9,4,0,0
2765,3554,245.74,4,0,0
2766,3555,245.74,4,0,0
2767,3556,245.74,4,0,0
2768,3557,123.25,2,0,0
2769,3558,316.77,4,0,0
2770,3559,210.63,3,0,0
2771,3560,111.42,2,0,0
2772,3561,120.12,2,0,0
2773,3562,254.27,4,0,0
2774,3563,208,3,0,0
2775,3564,186.94,3,0,0
2776,3565,174.87,2,0,0
2777,3566,54.64,7,0,0
2778,3567,153.58,2,0,0
2779,3568,54.61,7,0,0
2780,3569,54.77,7,0,0
2781,3570,174.22,2,0,0
2782,3571,164.99,2,0,0
2783,3572,164.99,2,0,0
2784,3573,40.52,8,0,0
2785,3574,40.52,8,0,0
2786,3575,83.3,0,0,0
2787,3576,84.12,2,0,0
2788,3577,195.93,3,0,0
2789,3578,227.45,4,0,0
2790,3579,132.49,2,0,0
2791,3580,123.36,2,0,0
2792,3581,62.35,0,0,0
2793,3582,192.52,3,0,0
2794,3584,181.36,2,0,0
2795,3585,164.99,2,0,0
2796,3586,263.99,3,0,0
2797,3587,263.99,3,0,0
2798,3588,263.99,3,0,0
2799,3590,263.99,3,0,0
2800,3591,164.99,3,0,0
2801,3592,184.33,3,0,0
2802,3593,212.27,4,0,0
2803,3594,212.27,4,0,1057803469
2804,3596,212.27,4,0,0
2805,3597,212.27,4,0,0
2806,3598,212.27,4,0,0
2807,3599,212.27,4,0,0
2808,3600,190.75,2,0,0
2809,3601,156.73,2,0,0
2810,3602,161.12,2,0,0
2811,3603,191.46,2,0,0
2812,3604,184.77,2,0,0
2813,3605,170.6,2,0,0
2814,3606,159.92,2,0,0
2815,3607,190.75,2,0,0
2816,3608,156.73,2,0,0
2817,3609,161.12,2,0,0
2818,3610,191.46,2,0,0
2819,3611,184.77,2,0,0
2820,3612,170.6,2,0,0
2821,3613,159.92,2,0,0
2822,3614,159.92,2,0,0
2823,3615,159.92,2,0,0
2824,3616,159.92,2,0,0
2825,3617,159.92,2,0,0
2826,3618,159.92,2,0,0
2827,3619,159.92,2,0,0
2828,3620,159.92,2,0,0
2829,3621,159.92,2,0,0
2830,3629,68.41,7,0,0
2831,3630,192.81,2,0,0
2832,3631,203.36,2,0,0
2833,3632,182.64,2,0,0
2834,3633,182.64,2,0,0
2835,3634,146.23,2,0,0
2836,3635,182.64,2,0,0
2837,3636,190.8,2,0,0
2838,3637,182.64,2,0,0
2839,3638,182.64,2,0,0
2840,3639,182.64,2,0,0
2841,3640,182.64,3,0,0
2842,3641,182.64,3,0,0
2843,3642,182.64,3,0,0
2844,3643,182.64,3,0,0
2845,3644,182.64,3,0,0
2846,3646,182.64,3,0,0
2847,3647,182.64,4,0,0
2848,3648,68.41,7,0,0
2849,3650,192.81,2,0,0
2850,3652,203.36,2,0,0
2851,3654,182.64,2,0,0
2852,3656,156.73,2,0,0
2853,3657,156.73,2,0,0
2854,3658,156.73,2,0,0
2855,3659,156.73,2,0,0
2856,3660,156.73,2,0,0
2857,3661,170.6,2,0,0
2858,3662,170.6,2,0,0
2859,3663,127.14,0,0,0
2860,3664,127.14,0,0,0
2861,3665,178.48,2,0,0
2862,3666,178.48,2,0,0
2863,3667,153.58,2,0,0
2864,3668,153.58,2,0,0
2865,3669,184.6,2,0,0
2866,3670,184.6,2,0,0
2867,3671,169.81,2,0,0
2868,3672,169.81,2,0,0
2869,3673,169.81,2,0,0
2870,3674,169.81,2,0,0
2871,3675,169.81,2,0,0
2872,3676,169.81,5,0,0
2873,3677,169.81,2,0,0
2874,3678,169.81,2,0,0
2875,3679,169.81,2,0,0
2876,3680,169.81,2,0,0
2877,3681,169.81,2,0,0
2878,3682,169.81,2,0,0
2879,3684,181.36,2,0,0
2880,3685,181.36,2,0,0
2881,3686,181.36,2,0,0
2882,3687,176.53,2,0,0
2883,3688,164.3,2,0,0
2884,3689,182.73,2,0,0
2885,3690,153.58,2,0,0
2886,3691,176.17,2,0,0
2887,3692,159.26,2,0,0
2888,3693,183.36,2,0,0
2889,3694,208,2,0,0
2890,3695,40.52,8,0,0
2891,3696,180.97,2,0,0
2892,3697,180.97,2,0,0
2893,3698,180.97,2,0,0
2894,3699,161.38,2,0,0
2895,3700,182.73,2,0,0
2896,3701,182.73,2,0,0
2897,3702,181.94,2,0,0
2898,3703,132.49,2,0,0
2899,3704,132.49,2,0,0
2900,3705,132.49,2,0,0
2901,3706,132.49,2,0,0
2902,3707,132.49,2,0,0
2903,3708,132.49,2,0,0
2904,3709,208,3,0,0
2905,3710,208,3,0,0
2906,3711,132.49,2,0,0
2907,3712,132.49,2,0,0
2908,3713,132.49,2,0,0
2909,3714,192.52,0,0,0
2910,3715,192.52,0,0,0
2911,3716,192.52,0,0,0
2912,3717,192.52,2,0,0
2913,3718,192.52,2,0,0
2914,3719,192.52,0,0,0
2915,3720,68.41,7,0,0
2916,3721,68.41,7,0,0
2917,3722,165.08,2,0,0
2918,3723,165.08,2,0,0
2919,3724,182.73,2,0,0
2920,3725,83.3,7,0,0
2921,3726,208,2,0,0
2922,3727,145.52,2,0,0
2923,3728,164.99,2,0,0
2924,3729,181.36,2,0,0
2925,3730,181.36,2,0,0
2926,3731,181.36,2,0,0
2927,3732,146.23,2,0,0
2928,3733,146.23,2,0,0
2929,3734,208.31,2,0,0
2930,3735,182.73,2,0,0
2931,3736,182.73,2,0,0
2932,3737,182.73,2,0,0
2933,3738,190.8,2,0,0
2934,3739,164.99,2,0,0
2935,3740,164.99,2,0,0
2936,3741,210.63,2,0,0
2937,3742,186.94,2,0,0
2938,3743,164.3,2,0,0
2939,3744,190.8,2,0,0
2940,3745,190.8,2,0,0
2941,3746,94.15,7,0,0
2942,3747,94.15,7,0,0
2943,3748,153.58,2,0,0
2944,3749,83.3,7,0,0
2945,3750,192.05,2,0,0
2946,3751,181.8,2,0,0
2947,3752,180.97,2,0,0
2948,3753,88.57,7,0,0
2949,3754,195.93,2,0,0
2950,3755,224.09,2,0,0
2951,3756,224.09,3,0,0
2952,3757,174.22,2,0,0
2953,3758,174.22,2,0,0
2954,3759,94.15,7,0,0
2955,3760,316.77,4,0,0
2956,3761,68.41,7,0,0
2957,3762,219.92,2,0,0
2958,3763,123.25,0,0,0
2959,3764,74.31,7,0,0
2960,3765,74.31,7,0,0
2961,3766,74.31,7,0,0
2962,3767,111.42,0,0,0
2963,3768,125.47,0,0,0
2964,3769,125.47,2,0,0
2965,3770,94.15,7,0,0
2966,3771,40.52,8,0,0
2967,3772,40.52,8,0,0
2968,3773,40.52,8,0,0
2969,3774,116.03,0,0,0
2970,3775,54.48,8,0,0
2971,3776,54.64,8,0,0
2972,3777,227.45,4,0,0
2973,3778,316.77,4,0,0
2974,3779,169.99,2,0,0
2975,3780,84.12,0,0,0
2976,3781,123.25,2,0,0
2977,3782,111.42,2,0,0
2978,3783,54.61,7,0,0
2979,3784,219.92,3,0,0
2980,3785,125.47,2,0,0
2981,3786,40.52,8,0,0
2982,3787,116.03,2,0,0
2983,3788,180.37,2,0,0
2984,3789,180.69,2,0,0
2985,3790,123.36,0,0,0
2986,3791,62.35,7,0,0
2987,3792,94.15,7,0,0
2988,3793,165.24,2,0,0
2989,3794,165.08,2,0,0
2990,3795,184.33,2,0,0
2991,3796,184.33,2,0,0
2992,3797,71.7,7,0,0
2993,3798,71.7,7,0,0
2994,3799,71.7,7,0,0
2995,3800,71.7,7,0,0
2996,3801,71.7,7,0,0
2997,3802,71.7,7,0,0
2998,3803,71.7,7,0,0
2999,3804,71.7,7,0,0
3000,3805,71.7,7,0,0
3001,3806,39.81,8,0,0
3002,3807,0,8,0,0
3003,3808,0,8,0,0
3004,3809,0,8,0,0
3005,3810,0,8,0,0
3006,3811,0,8,0,0
3007,3812,0,8,0,0
3008,3813,0,8,0,0
3009,3814,0,8,0,0
3010,3815,0,8,0,0
3011,3816,0,8,0,0
3012,3817,190.75,2,0,0
3013,3818,156.73,2,0,0
3014,3819,161.12,2,0,0
3015,3820,191.46,2,0,0
3016,3821,184.77,2,0,0
3017,3822,170.6,2,0,0
3018,3823,159.92,2,0,0
3019,3824,0,8,0,0
3020,3825,0,8,0,0
3021,3826,0,8,0,0
3022,3827,0,8,0,0
3023,3828,0,8,0,0
3024,3829,0,8,0,0
3025,3830,0,8,0,0
3026,3831,0,8,0,0
3027,3832,0,8,0,0
3028,3833,0,8,0,0
3029,3834,0,8,0,0
3030,3835,0,8,0,0
3031,3836,167.3,2,0,0
3032,3837,167.3,2,0,0
3033,3838,167.3,2,0,0
3034,3839,167.3,2,0,0
3035,3840,167.3,2,0,0
3036,3841,214.41,2,0,0
3037,3842,202.13,2,0,0
3038,3843,214.41,2,0,0
3039,3844,214.41,2,0,0
3040,3845,222.22,2,0,0
3041,3846,214.41,2,0,0
3042,3847,214.41,2,0,0
3043,3848,214.41,2,0,0
3044,3849,214.41,2,0,0
3045,3850,222.22,2,0,0
3046,3851,202.13,2,0,0
3047,3852,202.13,2,0,0
3048,3853,202.13,2,0,0
3049,3854,222.22,2,0,0
3050,3855,202.13,2,0,0
3051,3856,202.13,2,0,0
3052,3857,214.41,2,0,0
3053,3858,222.22,2,0,0
3054,3859,214.41,2,0,0
3055,3860,202.13,2,0,0
3056,3861,214.41,2,0,0
3057,3862,222.22,2,0,0
3058,3863,202.13,2,0,0
3059,3864,202.13,2,0,0
3060,3865,237.01,2,0,0
3061,3866,202.13,2,0,0
3062,3867,202.13,2,0,0
3063,3868,202.13,2,0,0
3064,3869,202.13,2,0,0
3065,3870,202.13,2,0,0
3066,3871,202.13,2,0,0
3067,3872,202.13,2,0,0
3068,3873,202.13,2,0,0
3069,3875,166.5,2,0,0
3070,3877,166.5,2,0,0
3071,3879,166.5,2,0,0
3072,3881,166.5,2,0,0
3073,3882,0,8,0,0
3074,3883,0,8,0,0
3075,3884,0,8,0,0
3076,3885,0,8,0,0
3077,3889,0,8,0,0
3078,3890,0,8,0,0
3079,3891,0,8,0,0
3080,3892,0,8,0,0
3081,3894,0,8,0,0
3082,3895,0,8,0,0
3083,3896,0,8,0,0
3084,3897,0,8,0,0
3085,3898,0,8,0,0
3086,3899,0,8,0,0
3087,3900,0,8,0,0
3088,3901,0,8,0,0
3089,3902,0,8,0,0
3090,3903,0,8,0,0
3091,3904,0,8,0,0
3092,3905,0,8,0,0
3093,3906,0,8,0,0
3094,3907,0,8,0,0
3095,3908,0,8,0,0
3096,3909,0,8,0,0
3097,3910,0,8,0,0
3098,3911,0,8,0,0
3099,3912,0,8,0,0
3100,3913,0,8,0,0
3101,3914,0,8,0,0
3102,3915,0,8,0,0
3103,3916,0,8,0,0
3104,3917,0,8,0,0
3105,3918,0,8,0,0
3106,3919,0,8,0,0
3107,3920,0,8,0,0
3108,3921,0,8,0,0
3109,3922,0,8,0,0
3110,3923,0,8,0,0
3111,3924,0,8,0,0
3112,3925,0,8,0,0
3113,3926,0,8,0,0
3114,3927,0,8,0,0
3115,3928,0,8,0,0
3116,3929,0,8,0,0
3117,3930,0,8,0,0
3118,3931,0,8,0,0
3119,3932,0,8,0,0
3120,3933,0,8,0,0
3121,3934,0,8,0,0
3122,3935,0,8,0,0
3123,3936,0,8,0,0
3124,3937,0,8,0,0
3125,3938,0,8,0,0
3126,3939,0,8,0,0
3127,3940,0,8,0,0
3128,3941,0,8,0,0
3129,3942,0,8,0,0
3130,3943,0,8,0,0
3131,3944,0,8,0,0
3132,3945,0,8,0,0
3133,3946,0,8,0,0
3134,3947,190.75,2,0,0
3135,3948,156.73,2,0,0
3136,3949,161.12,2,0,0
3137,3950,191.46,2,0,0
3138,3951,184.77,2,0,0
3139,3952,170.6,2,0,0
3140,3953,159.92,2,0,0
3141,3954,190.75,2,0,0
3142,3955,156.73,2,0,0
3143,3956,161.12,2,0,0
3144,3957,191.46,2,0,0
3145,3958,184.77,2,0,0
3146,3959,170.6,2,0,0
3147,3960,159.92,2,0,0
3148,3975,190.75,2,0,0
3149,3976,156.73,2,0,0
3150,3977,161.12,2,0,0
3151,3978,191.46,2,0,0
3152,3979,184.77,2,0,0
3153,3980,170.6,2,0,0
3154,3981,159.92,2,0,0
3155,3982,190.75,2,0,0
3156,3983,156.73,2,0,0
3157,3984,161.12,2,0,0
3158,3985,191.46,2,0,0
3159,3986,184.77,2,0,0
3160,3987,170.6,2,0,0
3161,3988,159.92,2,0,0
3162,3989,181.8,2,0,0
3163,3991,181.8,2,0,0
3164,3993,181.8,2,0,0
3165,3994,181.8,2,0,0
3166,3995,181.8,2,0,0
3167,3997,181.8,2,0,0
3168,3998,93.63,7,0,0
3169,4000,93.63,7,0,0
3170,4001,93.63,7,0,0
3171,4002,93.63,7,0,0
3172,4003,93.63,7,0,0
3173,4004,93.63,7,0,0
3174,4005,93.63,7,0,0
3175,4006,93.63,7,0,0
3176,4007,93.63,2,0,0
3177,4008,93.63,2,0,0
3178,4009,93.63,2,0,0
3179,4010,93.63,2,-5,1060320051
3180,4012,93.63,2,0,0
3181,4013,93.63,2,0,0
3182,4015,195.87,2,0,0
3183,4018,195.87,2,0,0
3184,4019,195.87,2,0,0
3185,4020,195.87,2,0,0
3186,4021,195.87,2,0,0
3187,4022,195.87,2,0,0
3188,4023,195.87,0,0,0
3189,4024,195.87,0,0,0
3190,4025,195.87,2,0,0
3191,4026,195.87,2,0,0
3192,4027,195.87,2,0,0
3193,4029,195.87,2,0,0
3194,4031,195.87,2,0,0
3195,4034,208.86,2,0,0
3196,4036,208.86,2,0,0
3197,4037,208.86,2,0,0
3198,4038,208.86,2,0,0
3199,4039,208.86,2,0,0
3200,4040,208.86,2,0,0
3201,4042,208.86,2,0,0
3202,4044,208.86,2,0,0
3203,4046,208.86,2,0,0
3204,4048,202.1,2,0,0
3205,4050,202.1,2,0,0
3206,4052,202.1,2,0,0
3207,4054,202.1,2,0,0
3208,4056,202.1,2,0,0
3209,4058,202.1,2,0,0
3210,4060,202.1,2,0,0
3211,4063,202.1,2,0,0
3212,4064,202.1,2,0,0
3213,4065,202.1,2,0,0
3214,4066,202.1,3,0,0
3215,4067,202.1,3,0,1064346583
3216,4068,202.1,3,0,0
3217,4069,202.1,3,0,0
3218,4070,202.1,3,0,0
3219,4071,202.1,3,0,0
3220,4072,153.47,2,0,0
3221,4073,153.47,2,0,0
3222,4074,153.47,2,0,0
3223,4077,153.47,2,0,0
3224,4078,153.47,2,0,0
3225,4079,153.47,2,0,0
3226,4080,153.47,2,0,0
3227,4081,153.47,2,0,0
3228,4082,153.47,2,0,0
3229,4083,153.47,0,0,0
3230,4084,153.47,0,0,0
3231,4085,153.47,0,0,0
3232,4086,153.47,2,0,0
3233,4088,291.7,4,0,0
3234,4090,291.7,4,0,0
3235,4091,291.7,4,0,0
3236,4094,291.7,4,0,0
3237,4095,291.7,4,0,0
3238,4096,291.7,4,0,0
3239,4097,208.86,2,0,0
3240,4098,48.84,8,0,0
3241,4099,48.84,8,0,0
3242,4100,48.84,8,0,0
3243,4101,48.84,7,0,0
3244,4102,48.84,8,0,0
3245,4103,48.84,8,0,0
3246,4104,48.84,8,0,0
3247,4105,48.84,8,0,0
3248,4106,48.84,8,0,0
3249,4107,48.84,8,0,0
3250,4108,48.84,8,0,0
3251,4109,48.84,8,0,0
3252,4110,303.76,4,0,0
3253,4113,303.76,4,0,0
3254,4115,303.76,4,0,0
3255,4117,303.76,4,0,0
3256,4120,303.76,4,0,0
3257,4121,303.76,4,0,0
3258,4123,303.76,2,0,0
3259,4124,303.76,4,0,0
3260,4125,303.76,4,0,0
3261,4126,303.76,4,0,0
3262,4127,303.76,3,0,0
3263,4128,303.76,2,0,0
3264,4129,303.76,1,0,0
3265,4130,303.76,1,0,1067450368
3266,4131,303.76,4,0,0
3267,4134,185.87,2,0,0
3268,4135,185.87,2,0,0
3269,4136,185.87,2,0,0
3270,4137,185.87,2,0,0
3271,4138,185.87,2,5,0
3272,4139,185.87,2,0,0
3273,4140,185.87,2,0,0
3274,4141,185.87,2,0,0
3275,4142,185.87,2,0,0
3276,4143,169.45,2,0,0
3277,4145,169.45,2,0,0
3278,4147,169.45,2,0,0
3279,4149,169.45,2,0,0
3280,4151,169.45,2,0,0
3281,4152,169.45,2,0,0
3282,4153,169.45,2,0,1066695393
3283,4154,169.45,2,0,0
3284,4156,168.88,2,0,0
3285,4157,168.88,2,0,0
3286,4159,168.88,2,0,0
3287,4160,168.88,2,0,0
3288,4161,168.88,2,0,0
3289,4163,168.88,2,0,0
3290,4166,170.55,2,0,0
3291,4168,170.55,2,0,0
3292,4170,170.55,2,0,0
3293,4172,170.55,2,0,0
3294,4174,170.55,3,0,0
3295,4175,170.55,3,0,1065017672
3296,4176,170.55,3,0,0
3297,4177,96.45,0,0,0
3298,4179,96.45,0,0,0
3299,4181,96.45,0,0,0
3300,4182,96.45,0,0,0
3301,4184,96.45,0,0,0
3302,4185,96.45,0,-3,0
3303,4186,96.45,0,0,0
3304,4187,200.97,2,0,0
3305,4189,200.97,2,0,0
3306,4191,200.97,2,0,0
3307,4193,197.68,2,0,0
3308,4196,200.97,2,0,0
3309,4197,200.97,3,0,0
3310,4198,200.97,3,0,1059984507
3311,4199,200.97,3,0,0
3312,4200,200.97,2,0,0
3313,4202,159.89,2,0,0
3314,4204,159.89,2,0,0
3315,4206,159.89,3,0,0
3316,4207,159.89,4,0,0
3317,4208,159.89,4,0,0
3318,4209,159.89,4,0,0
3319,4210,159.89,4,0,0
3320,4211,159.89,4,0,0
3321,4212,159.89,4,0,0
3322,4213,160.13,2,0,0
3323,4214,159.89,2,0,0
3324,4215,159.89,3,0,0
3325,4217,159.89,4,0,0
3326,4218,159.89,2,0,0
3327,4220,206.86,2,0,0
3328,4221,206.86,2,0,0
3329,4222,197.73,2,0,0
3330,4224,200.41,2,0,0
3331,4225,200.41,2,0,0
3332,4226,206.86,2,0,0
3333,4227,197.73,2,0,0
3334,4228,200.41,2,0,0
3335,4229,200.41,2,0,0
3336,4230,113.12,0,0,0
3337,4231,113.12,0,0,0
3338,4232,113.12,0,0,0
3339,4233,113.12,0,0,0
3340,4234,113.12,0,0,0
3341,4236,0,8,0,0
3342,4237,81.38,0,0,0
3343,4238,81.38,0,0,0
3344,4239,81.38,0,0,0
3345,4240,81.38,0,0,0
3346,4241,205.52,2,0,0
3347,4242,205.52,2,0,0
3348,4243,205.52,3,0,0
3349,4244,205.52,3,0,0
3350,4245,205.52,3,0,0
3351,4246,205.52,2,0,0
3352,4247,205.52,0,0,0
3353,4248,205.52,2,0,0
3354,4249,205.52,2,0,0
3355,4250,205.52,0,0,0
3356,4251,205.52,0,0,0
3357,4252,205.52,0,0,0
3358,4253,275.91,3,0,0
3359,4255,275.91,3,0,0
3360,4256,275.91,3,0,0
3361,4257,239.7,2,0,0
3362,4258,239.7,2,0,0
3363,4259,239.7,2,0,0
3364,4260,275.91,3,0,0
3365,4262,239.7,2,0,0
3366,4263,279.04,3,0,0
3367,4266,279.04,3,0,0
3368,4267,279.04,3,0,0
3369,4268,279.04,3,0,0
3370,4269,279.04,3,0,0
3371,4270,279.04,3,0,0
3372,4271,176.51,0,0,0
3373,4273,176.51,0,0,0
3374,4274,176.51,2,0,0
3375,4275,176.51,1,0,0
3376,4276,176.51,1,0,1065772646
3377,4277,176.51,1,0,0
3378,4278,176.51,0,0,0
3379,4281,176.51,0,0,0
3380,4282,176.51,0,0,0
3381,4283,156.87,2,0,0
3382,4285,156.87,2,0,0
3383,4286,156.87,2,0,0
3384,4287,156.87,2,0,0
3385,4288,156.87,1,0,0
3386,4289,156.87,1,0,1064514355
3387,4290,156.87,1,0,0
3388,4291,156.87,2,0,0
3389,4294,156.87,2,0,0
3390,4297,156.87,2,0,0
3391,4298,182.4,2,0,0
3392,4300,182.4,2,0,0
3393,4301,182.4,2,0,0
3394,4302,182.4,2,0,0
3395,4303,182.4,2,0,0
3396,4304,182.4,2,0,0
3397,4305,182.4,2,0,0
3398,4306,182.4,2,0,0
3399,4307,182.4,2,0,0
3400,4308,182.79,4,0,0
3401,4309,214.05,2,0,0
3402,4310,214.05,3,0,0
3403,4311,214.05,3,0,1065520988
3404,4312,214.05,3,0,0
3405,4313,214.05,2,0,0
3406,4314,212.58,2,0,0
3407,4315,199.98,2,0,0
3408,4316,199.98,2,0,0
3409,4317,212.58,2,0,0
3410,4318,212.58,2,0,0
3411,4319,212.58,2,0,1063675494
3412,4320,212.58,2,0,0
3413,4321,201.82,3,0,0
3414,4323,111.77,0,0,0
3415,4324,111.77,0,0,0
3416,4325,111.77,0,-3,1065353216
3417,4326,111.77,0,0,0
3418,4327,279.73,3,0,0
3419,4329,279.73,3,0,0
3420,4330,279.73,3,0,0
3421,4331,279.73,3,0,1061158912
3422,4332,279.73,3,0,0
3423,4333,279.73,3,0,0
3424,4334,279.6,3,0,0
3425,4335,279.73,3,0,0
3426,4336,279.73,3,0,0
3427,4338,78.8,1,12,0
3428,4339,78.8,1,12,0
3429,4340,78.8,1,12,0
3430,4341,78.8,1,12,0
3431,4342,78.8,1,12,0
3432,4343,78.8,1,12,0
3433,4344,78.8,1,12,0
3434,4345,78.8,1,12,0
3435,4346,78.89,1,12,0
3436,4347,78.8,1,12,0
3437,4349,114.7,0,0,0
3438,4350,114.44,0,0,0
3439,4351,114.7,0,0,0
3440,4352,114.7,0,0,0
3441,4353,114.7,0,0,0
3442,4356,192.02,2,0,0
3443,4358,192.02,2,0,0
3444,4360,192.02,2,0,0
3445,4361,192.02,2,0,0
3446,4364,192.02,2,0,0
3447,4366,192.02,2,0,0
3448,4369,17.47,8,0,0
3449,4372,17.47,8,0,0
3450,4373,17.47,8,0,0
3451,4374,17.69,8,0,0
3452,4375,208.27,2,0,0
3453,4378,208.27,2,0,0
3454,4379,208.27,3,0,0
3455,4380,208.27,3,0,1065772646
3456,4382,208.27,3,0,0
3457,4383,208.27,2,0,0
3458,4384,262.59,3,0,0
3459,4387,262.59,3,0,0
3460,4388,262.59,3,0,0
3461,4389,262.59,3,0,0
3462,4390,262.59,3,0,0
3463,4391,262.59,3,0,0
3464,4392,262.59,3,0,0
3465,4393,236.83,2,0,0
3466,4396,236.83,2,0,0
3467,4397,236.83,3,0,0
3468,4398,236.83,3,0,1064346583
3469,4399,236.83,3,0,0
3470,4400,334.5,4,0,0
3471,4402,334.5,4,0,0
3472,4405,334.5,4,0,0
3473,4406,334.5,4,0,0
3474,4407,334.5,4,0,0
3475,4408,334.5,4,0,0
3476,4409,334.5,4,0,0
3477,4410,334.5,4,0,0
3478,4411,334.5,4,0,1059481190
3479,4412,334.5,4,0,0
3480,4413,334.5,4,0,0
3481,4414,183.27,2,0,0
3482,4415,182.6,2,0,0
3483,4417,182.6,2,0,0
3484,4419,182.6,2,0,0
3485,4420,123.75,7,0,0
3486,4421,182.6,4,0,0
3487,4422,182.6,4,0,0
3488,4423,182.6,4,0,0
3489,4424,182.6,2,0,0
3490,4425,182.6,2,0,0
3491,4426,182.6,2,0,0
3492,4427,182.6,2,0,0
3493,4428,182.6,2,0,0
3494,4429,182.76,2,0,0
3495,4430,124.09,0,0,0
3496,4431,154.84,2,0,0
3497,4432,182.76,0,0,0
3498,4433,182.76,2,0,0
3499,4434,182.76,2,0,0
3500,4435,182.76,2,0,0
3501,4436,182.6,2,0,0
3502,4437,182.76,2,0,0
3503,4438,182.76,2,0,0
3504,4439,124.09,0,0,0
3505,4440,119.46,0,0,0
3506,4442,119.46,0,0,0
3507,4443,119.46,0,0,0
3508,4444,154.84,2,0,0
3509,4445,164.79,2,0,0
3510,4446,119.46,7,0,0
3511,4447,119.46,0,0,0
3512,4450,119.46,0,0,0
3513,4452,119.46,0,0,0
3514,4455,119.46,0,0,0
3515,4457,119.46,2,0,0
3516,4458,119.46,0,0,0
3517,4459,119.46,0,0,0
3518,4460,119.46,0,0,0
3519,4461,119.46,0,0,0
3520,4462,119.46,2,0,0
3521,4463,119.46,0,0,0
3522,4464,164.79,2,0,0
3523,4465,170.86,2,0,0
3524,4466,119.69,0,0,0
3525,4468,119.69,0,0,0
3526,4470,160.13,2,0,0
3527,4471,160.13,2,0,0
3528,4472,154.84,2,0,0
3529,4473,116.02,0,0,0
3530,4474,116.02,0,0,0
3531,4475,217.8,2,0,0
3532,4476,217.8,2,0,0
3533,4477,217.8,2,0,0
3534,4478,217.8,2,0,0
3535,4479,154.84,2,0,0
3536,4480,116.02,2,0,0
3537,4481,116.02,0,0,0
3538,4482,116.02,3,0,0
3539,4483,116.02,3,0,1065353216
3540,4484,116.02,3,0,0
3541,4485,2,8,0,0
3542,4486,2,8,0,0
3543,4487,2,8,0,0
3544,4488,2,8,0,0
3545,4490,71.02,8,0,0
3546,4491,76.56,8,0,0
3547,4492,71.02,8,0,0
3548,4493,76.56,8,0,0
3549,4494,71.02,8,0,0
3550,4495,71.02,8,0,0
3551,4496,71.02,8,0,0
3552,4497,76.56,7,0,0
3553,4498,76.56,7,0,0
3554,4499,71.02,8,0,0
3555,4500,76.56,7,0,0
3556,4501,71.02,8,0,0
3557,4502,71.02,7,0,0
3558,4503,76.56,7,0,0
3559,4504,76.56,7,0,0
3560,4505,71.02,7,0,0
3561,4506,76.56,7,0,0
3562,4507,71.02,7,0,0
3563,4508,71.02,7,0,0
3564,4509,76.56,7,0,0
3565,4510,76.56,8,0,0
3566,4511,76.56,7,0,0
3567,4512,76.56,7,0,0
3568,4513,191.28,2,0,0
3569,4515,158.25,2,0,0
3570,4517,212.58,2,0,0
3571,4518,110,1,0,0
3572,4519,182.73,2,0,0
3573,4520,208,2,0,0
3574,4521,160.29,2,0,0
3575,4522,94.14,2,0,0
3576,4523,153.58,2,0,0
3577,4524,120.32,0,0,0
3578,4525,120.32,0,0,0
3579,4526,164.99,2,0,0
3580,4527,62.35,7,0,0
3581,4528,271.47,3,0,0
3582,4529,289.9,4,0,0
3583,4530,194.77,2,0,0
3584,4531,257.88,3,0,0
3585,4532,274.86,3,0,0
3586,4533,191.46,2,0,0
3587,4534,156.73,2,0,0
3588,4535,156.73,0,0,0
3589,4536,191.46,2,0,0
3590,4537,191.46,2,0,0
3591,4538,156.73,0,0,0
3592,4539,159.92,2,0,0
3593,4540,159.92,2,0,0
3594,4541,159.92,2,0,0
3595,4542,159.92,2,0,0
3596,4543,159.92,2,0,0
3597,4544,161.12,2,0,0
3598,4545,184.77,2,0,0
3599,4546,184.77,2,0,0
3600,4547,184.77,2,0,0
3601,4548,184.77,2,0,0
3602,4549,184.77,2,0,0
3603,4550,161.12,2,0,0
3604,4551,161.12,2,0,1066695393
3605,4552,159.92,2,0,0
3606,4553,159.92,2,0,1066695393
3607,4554,191.46,2,0,0
3608,4555,159.92,2,0,0
3609,4556,161.12,2,0,0
3610,4557,184.77,2,0,0
3611,4558,191.46,2,0,0
3612,4559,159.92,2,0,0
3613,4560,190.75,2,0,0
3614,4561,184.77,2,0,0
3615,4562,161.12,2,0,0
3616,4563,156.73,2,0,0
3617,4564,170.6,2,0,0
3618,4565,120.41,0,0,0
3619,4566,161.12,2,0,0
3620,4567,156.73,2,0,0
3621,4568,190.75,2,0,0
3622,4569,170.6,2,0,0
3623,4570,184.77,2,0,0
3624,4571,156.73,2,0,0
3625,4572,170.6,2,0,0
3626,4573,159.92,2,0,0
3627,4574,159.92,2,0,0
3628,4575,240,3,0,0
3629,4576,240,3,0,0
3630,4577,240,3,0,0
3631,4578,210,3,0,0
3632,4579,210,3,0,0
3633,4580,210,3,0,0
3634,4581,200,3,0,0
3635,4582,200,3,0,0
3636,4583,191.46,2,0,0
3637,4584,161.12,2,0,0
3638,4585,184.77,2,0,0
3639,4586,156.73,2,0,0
3640,4587,190.75,2,0,0
3641,4588,190.75,2,0,0
3642,4589,190.75,2,0,0
3643,4590,190.75,2,0,0
3644,4591,190.75,2,0,0
3645,4592,190.75,2,0,0
3646,4593,161.12,2,0,0
3647,4594,161.12,2,0,0
3648,4595,161.12,2,0,0
3649,4596,161.12,2,0,0
3650,4597,184.77,2,0,0
3651,4598,191.46,2,0,0
3652,4599,184.77,2,0,0
3653,4600,184.77,2,0,0
3654,4601,190.75,2,0,0
3655,4602,190.75,2,0,0
3656,4603,190.75,2,0,0
3657,4604,190.75,2,0,0
3658,4605,190.75,2,0,0
3659,4606,156.73,1,0,0
3660,4607,156.73,1,0,0
3661,4608,156.73,1,0,0
3662,4609,156.73,1,0,0
3663,4610,190.75,2,0,0
3664,4611,161.12,2,0,0
3665,4612,184.77,2,0,0
3666,4613,191.46,2,0,0
3667,4614,190.75,2,0,0
3668,4615,190.75,2,0,0
3669,4616,190.75,2,0,0
3670,4617,161.12,2,0,0
3671,4618,161.12,2,0,0
3672,4619,164.99,2,0,0
3673,4620,164.99,2,0,0
3674,4621,164.99,2,0,0
3675,4622,164.99,2,0,0
3676,4623,164.99,2,0,0
3677,4624,164.99,2,0,0
3678,4625,164.99,2,0,0
3679,4626,170.6,2,0,0
3680,4627,170.6,2,0,0
3681,4628,170.6,2,0,0
3682,4629,170.6,2,0,1066695393
3683,4630,170.6,2,0,0
3684,4631,170.6,2,0,0
3685,4632,170.6,2,0,1066695393
3686,4633,170.6,2,0,0
3687,4634,170.6,2,0,1066695393
3688,4635,170.6,2,0,0
3689,4636,170.6,2,0,1066695393
3690,4637,159.92,2,0,0
3691,4638,159.92,2,0,1066695393
3692,4639,184.77,2,0,0
3693,4641,184.77,2,0,0
3694,4643,191.46,2,0,0
3695,4645,191.46,2,0,0
3696,4647,161.12,2,0,0
3697,4649,161.12,2,0,0
3698,4651,190.75,3,0,0
3699,4653,190.75,3,0,0
3700,4654,190.75,3,0,0
3701,4655,190.75,3,0,0
3702,4661,0,8,0,0
3703,4663,0,8,0,0
3704,4664,411.5,5,0,0
3705,4665,411.5,5,0,0
3706,4666,411.5,5,0,0
3707,4668,116.37,0,0,0
3708,4670,116.37,0,0,0
3709,4672,116.37,0,0,0
3710,4674,116.37,0,0,0
3711,4675,116.37,0,0,1062836634
3712,4677,116.37,0,0,0
3713,4678,190.75,2,0,0
3714,4679,161.12,2,0,0
3715,4680,156.73,2,0,0
3716,4681,159.92,2,0,0
3717,4683,184.77,2,0,0
3718,4685,190.75,2,0,0
3719,4687,159.92,1,0,0
3720,4688,159.92,1,0,0
3721,4689,159.92,1,0,0
3722,4690,184.77,2,0,0
3723,4691,184.77,2,0,1061997773
3724,4692,184.77,2,0,0
3725,4693,190.75,2,0,0
3726,4694,190.75,2,0,1061997773
3727,4695,190.75,2,0,0
3728,4696,10,8,0,0
3729,4697,10,8,0,0
3730,4698,10,8,0,0
3731,4699,165.49,2,0,0
3732,4700,164.99,2,0,0
3733,4701,165.08,2,0,0
3734,4702,10,8,0,0
3735,4703,10,8,0,0
3736,4704,10,8,0,0
3737,4705,10,8,0,0
3738,4706,10,8,0,0
3739,4707,10,8,0,0
3740,4708,10,8,0,0
3741,4709,10,8,0,0
3742,4710,10,8,0,0
3743,4711,10,8,0,0
3744,4712,10,8,0,0
3745,4713,10,8,0,0
3746,4714,10,8,0,0
3747,4715,0,8,0,0
3748,4716,0,8,0,0
3749,4717,0,8,0,0
3750,4718,0,8,0,0
3751,4719,292.09,4,0,0
3752,4720,292.09,3,0,0
3753,4721,292.09,3,0,1059481190
3754,4722,292.09,3,0,0
3755,4723,184.6,2,0,0
3756,4724,55.62,8,0,0
3757,4725,55.62,8,0,0
3758,4726,190.75,2,0,0
3759,4727,156.73,2,0,0
3760,4728,161.12,2,0,0
3761,4729,191.46,2,0,0
3762,4730,184.77,2,0,0
3763,4731,170.6,2,0,0
3764,4732,159.92,2,0,0
3765,4733,170.86,2,0,0
3766,4734,154.84,2,0,0
3767,4735,170.86,2,0,0
3768,4737,170.86,7,0,0
3769,4739,170.86,0,0,0
3770,4741,170.86,0,0,0
3771,4743,166.64,2,0,0
3772,4746,170.86,2,0,0
3773,4747,170.86,2,0,0
3774,4749,170.86,4,0,0
3775,4750,170.86,3,0,0
3776,4751,170.86,3,0,0
3777,4752,170.86,3,0,0
3778,4753,170.86,3,0,0
3779,4754,170.86,3,0,0
3780,4755,170.86,3,0,0
3781,4756,170.86,2,0,0
3782,4757,170.86,2,0,0
3783,4758,170.86,2,0,0
3784,4759,170.86,2,0,0
3785,4760,254.93,3,0,0
3786,4761,254.93,3,0,0
3787,4762,0,8,0,0
3788,4763,0,8,0,0
3789,4764,0,8,0,0
3790,4765,0,8,0,0
3791,4766,0,8,0,0
3792,4767,0,8,0,0
3793,4768,0,8,0,0
3794,4769,184.6,2,0,0
3795,4770,7.72,8,0,0
3796,4771,7.72,8,0,0
3797,4772,162.95,2,0,0
3798,4773,162.95,2,0,0
3799,4776,162.95,2,0,0
3800,4777,162.95,2,0,0
3801,4778,162.95,2,0,0
3802,4780,162.95,2,0,0
3803,4781,162.95,2,0,0
3804,4782,162.95,2,0,0
3805,4783,162.95,2,0,0
3806,4784,162.95,2,0,0
3807,4785,162.95,2,0,0
3808,4788,162.95,2,0,0
3809,4789,162.95,2,0,0
3810,4790,162.95,2,0,0
3811,4792,162.95,2,0,0
3812,4793,162.95,2,0,0
3813,4794,162.95,2,0,0
3814,4795,162.95,2,0,0
3815,4796,232,2,0,0
3816,4797,232,2,0,0
3817,4798,232,2,0,0
3818,4799,213.11,2,0,0
3819,4800,213.11,3,0,0
3820,4801,213.11,3,8,0
3821,4802,213.11,3,0,0
3822,4803,213.11,3,0,0
3823,4804,213.11,3,0,0
3824,4805,213.11,3,8,0
3825,4806,213.11,3,0,0
3826,4807,212.58,2,0,0
3827,4808,160.46,2,0,0
3828,4809,165.14,2,0,0
3829,4810,165.14,2,0,0
3830,4811,160.46,2,0,0
3831,4812,165.14,2,0,0
3832,4813,165.14,2,0,0
3833,4814,0,8,0,0
3834,4815,0,8,0,0
3835,4816,0,8,0,0
3836,4817,0,8,0,0
3837,4818,0,8,0,0
3838,4819,0,8,0,0
3839,4820,0,8,0,0
3840,4821,0,8,0,0
3841,4822,0,8,0,0
3842,4823,0,8,0,0
3843,4824,0,8,0,0
3844,4825,0,8,0,0
3845,4826,0,8,0,0
3846,4827,0,8,0,0
3847,4828,0,8,0,0
3848,4830,116.59,0,0,0
3849,4831,0,8,0,0
3850,4832,0,8,0,0
3851,4833,0,8,0,0
3852,4834,0,8,0,0
3853,4835,0,8,0,0
3854,4836,0,8,0,0
3855,4837,0,8,0,0
3856,4838,0,8,0,0
3857,4842,0,8,0,0
3858,4843,0,8,0,0
3859,4845,0,8,0,0
3860,4846,0,8,0,0
3861,4848,0,8,0,0
3862,4849,0,8,0,0
3863,4857,0,8,0,0
3864,4858,0,8,0,0
3865,4859,0,8,0,0
3866,4860,0,8,0,0
3867,4861,0,8,0,0
3868,4862,0,8,0,0
3869,4863,0,8,0,0
3870,4864,0,8,0,0
3871,4865,168.46,2,0,0
3872,4866,165.99,3,0,0
3873,4867,167.88,2,0,0
3874,4868,0,8,0,0
3875,4869,0,8,0,0
3876,4872,0,8,0,0
3877,4882,125.47,0,0,0
3878,4883,224.09,3,0,0
3879,4884,111.42,0,0,0
3880,4885,219.92,2,0,0
3881,4886,120.32,0,0,0
3882,4887,40.52,8,0,0
3883,4888,94.15,7,0,0
3884,4889,94.15,7,0,0
3885,4890,116.03,0,0,0
3886,4891,123.25,0,0,0
3887,4892,210.63,2,0,0
3888,4893,74.31,7,0,0
3889,4894,227.45,2,0,0
3890,4895,191.46,3,0,0
3891,4896,191.46,3,0,0
3892,4897,191.46,3,0,0
3893,4898,191.46,3,0,0
3894,4899,191.46,3,0,0
3895,4900,191.46,3,0,0
3896,4901,191.46,3,0,0
3897,4902,191.46,3,0,0
3898,4903,118.03,2,0,0
3899,4904,118.03,2,0,0
3900,4905,118.03,2,0,0
3901,4906,125.47,2,0,0
3902,4907,123.36,0,0,0
3903,4908,120.32,2,0,0
3904,4909,120.32,2,0,0
3905,4910,120.32,0,0,0
3906,4911,40.52,8,0,0
3907,4913,94.15,7,0,0
3908,4915,48.84,8,0,0
3909,4917,93.63,7,0,0
3910,4918,136.41,0,0,0
3911,4919,136.41,0,0,0
3912,4920,136.41,0,0,0
3913,4921,136.41,0,0,0
3914,4922,287.2,3,0,0
3915,4923,287.2,3,0,0
3916,4924,136.41,0,0,0
3917,4925,136.41,0,0,0
3918,4927,212.58,2,0,0
3919,4928,164.99,2,0,0
3920,4929,164.99,2,0,0
3921,4930,287.2,3,0,0
3922,4931,287.2,3,0,0
3923,4932,93.34,2,0,0
3924,4933,93.34,2,0,0
3925,4934,93.34,2,0,0
3926,4935,119.46,0,0,0
3927,4936,165.08,2,0,0
3928,4937,165.08,2,0,0
3929,4938,165.08,2,0,0
3930,4939,164.99,2,0,0
3931,4940,165.24,2,0,0
3932,4941,165.24,2,0,0
3933,4942,165.24,2,0,0
3934,4943,165.94,2,0,0
3935,4944,165.94,2,0,0
3936,4945,165.49,2,0,0
3937,4946,165.49,2,0,0
3938,4947,165.08,2,0,0
3939,4948,165.08,2,0,0
3940,4949,165.08,2,0,0
3941,4950,208.31,2,0,0
3942,4951,208,2,0,0
3943,4952,208,2,0,0
3944,4953,88.57,7,0,0
3945,4954,88.57,8,0,0
3946,4955,164.99,2,0,0
3947,4956,164.99,2,0,0
3948,4957,181.36,2,0,0
3949,4958,181.36,2,0,0
3950,4959,181.36,2,0,0
3951,4960,181.36,2,0,0
3952,4961,208,2,0,0
3953,4962,181.36,2,0,0
3954,4963,181.36,2,0,0
3955,4964,181.36,2,0,0
3956,4965,164.3,2,0,0
3957,4966,145.52,2,0,0
3958,4967,164.3,2,0,0
3959,4968,145.52,2,0,0
3960,4969,164.3,2,0,0
3961,4970,145.52,2,0,0
3962,4971,183.42,2,0,0
3963,4972,255.25,3,0,0
3964,4973,164.99,2,0,0
3965,4974,263.99,3,0,0
3966,4975,164.99,2,0,0
3967,4976,164.99,2,0,0
3968,4977,169.81,2,0,0
3969,4978,169.81,2,0,0
3970,4979,184.33,2,0,0
3971,4980,184.33,2,0,0
3972,4981,184.33,2,0,0
3973,4982,174.87,2,0,0
3974,4983,62.35,7,0,0
3975,4984,62.35,7,0,0
3976,4985,195.93,2,0,0
3977,4986,40.52,8,0,0
3978,4987,254.27,3,0,0
3979,4989,192.81,2,0,0
3980,4990,107.98,0,0,0
3981,4991,32.52,8,0,0
3982,4992,131.07,0,0,0
3983,4993,32.52,8,0,0
3984,4994,32.52,8,0,0
3985,4995,32.52,8,0,0
3986,4996,32.52,2,0,0
3987,4997,32.52,8,0,0
3988,4998,32.52,8,0,0
3989,5004,57.73,8,0,0
3990,5006,57.73,8,0,0
3991,5008,57.73,0,0,0
3992,5010,57.73,8,0,0
3993,5014,189.48,2,0,0
3994,5015,189.48,2,0,0
3995,5016,189.48,2,0,0
3996,5017,189.48,2,0,0
3997,5018,189.48,2,0,0
3998,5019,0,8,0,0
3999,5020,162.95,2,0,0
4000,5021,162.95,2,0,0
4001,5022,162.95,2,0,0
4002,5023,162.95,2,0,0
4003,5024,162.95,2,0,0
4004,5025,162.95,2,0,0
4005,5026,157.83,2,0,0
4006,5027,157.83,2,0,0
4007,5028,157.83,2,0,0
4008,5029,157.83,2,0,0
4009,5030,157.83,2,0,0
4010,5031,157.83,2,0,0
4011,5032,157.71,2,0,0
4012,5035,157.71,2,0,0
4013,5037,251.33,3,0,0
4014,5038,251.33,3,0,0
4015,5039,251.33,3,0,0
4016,5040,349.98,4,0,0
4017,5041,349.98,4,0,0
4018,5042,349.98,4,0,0
4019,5043,190.01,2,0,0
4020,5044,190.01,2,0,0
4021,5045,190.01,2,0,0
4022,5046,190.01,2,0,0
4023,5047,190.01,2,0,0
4024,5048,190.01,2,0,0
4025,5049,167.04,2,0,0
4026,5050,167.04,2,0,0
4027,5051,167.04,2,0,0
4028,5052,0,8,0,0
4029,5053,0,8,0,0
4030,5054,0,8,0,0
4031,5055,0,8,0,0
4032,5056,0,8,0,0
4033,5057,0,8,0,0
4034,5058,0,8,0,0
4035,5059,0,8,0,0
4036,5060,0,8,0,0
4037,5061,0,8,0,0
4038,5062,0,8,0,0
4039,5063,0,8,0,0
4040,5064,156.73,1,0,0
4041,5065,156.73,1,0,0
4042,5066,156.73,1,0,0
4043,5067,170.6,2,0,0
4044,5068,170.6,2,0,1066192077
4045,5069,170.6,2,0,0
4046,5070,184.77,2,0,0
4047,5071,184.77,2,0,0
4048,5072,184.77,2,0,0
4049,5073,190.75,2,0,0
4050,5074,190.75,2,0,1064514355
4051,5075,190.75,2,0,0
4052,5076,161.12,1,0,0
4053,5077,161.12,1,0,0
4054,5078,161.12,1,0,0
4055,5079,191.46,2,0,0
4056,5080,191.46,2,0,0
4057,5081,191.46,2,0,0
4058,5082,0,8,0,0
4059,5083,7.5,8,0,0
4060,5084,7.5,8,0,0
4061,5085,7.5,8,0,0
4062,5086,7.5,8,0,0
4063,5087,7.5,8,0,0
4064,5088,7.5,8,0,0
4065,5089,7.5,8,0,0
4066,5090,7.5,8,0,0
4067,5091,7.5,8,0,0
4068,5092,7.5,8,0,0
4069,5093,7.5,8,0,0
4070,5094,7.5,8,0,0
4071,5096,7.5,8,0,0
4072,5097,7.5,8,0,0
4073,5098,7.5,8,0,0
4074,5101,7.5,8,0,0
4075,5102,7.5,8,0,0
4076,5103,7.5,8,0,0
4077,5104,7.5,8,0,0
4078,5105,7.5,8,0,0
4079,5106,266.25,3,0,0
4080,5107,266.25,3,0,0
4081,5108,184.77,2,0,0
4082,5110,156.73,2,0,0
4083,5112,170.6,2,0,0
4084,5114,159.92,2,0,0
4085,5116,184.77,2,0,0
4086,5117,156.73,2,0,0
4087,5118,170.6,2,0,0
4088,5119,159.92,2,0,0
4089,5120,184.77,2,0,0
4090,5121,156.73,2,0,0
4091,5122,170.6,2,0,0
4092,5123,159.92,2,0,0
4093,5124,433.49,5,0,0
4094,5125,167.04,2,0,0
4095,5126,164.99,2,0,0
4096,5127,164.99,2,0,0
4097,5128,0,8,0,0
4098,5129,0,8,0,0
4099,5130,0,8,0,0
4100,5131,0,8,0,0
4101,5132,0,8,0,0
4102,5133,0,8,0,0
4103,5134,0,8,0,0
4104,5135,0,8,0,0
4105,5136,0,8,0,0
4106,5137,0,8,0,0
4107,5138,159.92,2,0,0
4108,5140,165.14,2,0,0
4109,5141,161.12,2,0,0
4110,5143,165.14,2,0,0
4111,5144,156.73,2,0,0
4112,5146,160.46,2,0,0
4113,5147,0,8,0,0
4114,5149,0,8,0,0
4115,5150,0,8,0,0
4116,5151,184.77,2,0,0
4117,5152,100.36,0,0,0
4118,5153,100.36,0,0,0
4119,5154,103.98,0,0,0
4120,5155,100.36,0,0,0
4121,5156,100.36,0,0,0
4122,5157,100.36,0,0,0
4123,5158,98.41,7,0,0
4124,5159,98.41,7,0,0
4125,5160,235.99,2,0,0
4126,5161,275,3,0,0
4127,5162,191.46,3,0,0
4128,5163,191.46,3,0,0
4129,5166,191.46,3,0,0
4130,5167,147.49,2,0,0
4131,5168,0,8,0,0
4132,5169,156.73,3,0,0
4133,5170,156.73,3,0,1061158912
4134,5173,156.73,3,0,0
4135,5174,157.06,2,0,0
4136,5175,190.75,3,0,0
4137,5176,190.75,3,0,0
4138,5179,190.75,3,0,0
4139,5180,191.46,3,0,0
4140,5181,191.46,3,0,0
4141,5184,191.46,3,0,0
4142,5185,75.12,0,0,0
4143,5186,75.12,0,0,0
4144,5187,75.12,0,-6,1063675494
4145,5188,75.12,0,0,0
4146,5189,75.12,0,0,0
4147,5190,214.84,2,0,0
4148,5191,214.84,2,0,0
4149,5192,214.84,3,0,0
4150,5195,214.84,3,0,0
4151,5196,214.84,3,0,0
4152,5197,214.84,3,0,0
4153,5198,214.84,3,0,1065353216
4154,5199,214.84,3,0,0
4155,5200,201.89,2,0,0
4156,5202,213.01,2,0,0
4157,5204,213.01,2,0,0
4158,5206,230.44,2,0,0
4159,5208,230.44,3,0,0
4160,5209,230.44,3,0,0
4161,5211,230.44,3,0,0
4162,5212,173.31,2,0,0
4163,5213,173.31,2,0,0
4164,5214,144.93,2,0,0
4165,5216,144.93,2,0,0
4166,5217,144.93,2,0,0
4167,5218,216.49,2,0,0
4168,5220,218.72,2,0,0
4169,5223,218.72,2,0,0
4170,5226,182.64,2,0,0
4171,5227,254.27,3,0,0
4172,5228,182.15,2,0,0
4173,5229,176.17,2,0,0
4174,5230,176.17,3,0,0
4175,5234,119.38,0,0,0
4176,5235,120.12,0,0,0
4177,5236,119.38,2,0,0
4178,5240,110,1,0,0
4179,5241,110,1,0,0
4180,5242,110,1,0,0
4181,5246,150.37,0,0,0
4182,5248,150.37,0,0,0
4183,5249,150.37,0,0,0
4184,5250,150.37,0,0,0
4185,5251,150.37,0,0,0
4186,5252,150.37,7,0,0
4187,5253,164.12,0,0,0
4188,5254,164.12,7,0,0
4189,5255,0,8,0,0
4190,5257,164.12,7,0,0
4191,5258,66.4,7,0,0
4192,5259,66.4,7,0,0
4193,5260,413.48,5,0,0
4194,5261,155.86,7,0,0
4195,5262,184.44,2,0,0
4196,5263,158.86,0,0,0
4197,5267,0,8,0,0
4198,5268,166.23,2,0,0
4199,5269,200.73,3,0,0
4200,5270,200.73,3,0,0
4201,5273,200.73,3,0,0
4202,5274,200.73,3,0,0
4203,5275,200.73,3,0,0
4204,5276,200.73,3,0,0
4205,5277,200.73,3,0,0
4206,5278,200.73,3,0,0
4207,5280,200.73,3,0,0
4208,5281,152.31,2,0,0
4209,5282,178.64,2,0,0
4210,5283,178.64,2,0,0
4211,5284,178.64,2,0,0
4212,5285,178.64,2,0,0
4213,5286,178.64,2,0,0
4214,5287,55.62,8,0,0
4215,5288,197.73,2,0,0
4216,5289,200.41,2,0,0
4217,5290,206.86,2,0,0
4218,5291,156.87,2,0,0
4219,5292,156.87,2,0,0
4220,5293,176.51,0,0,0
4221,5294,164.3,2,0,0
4222,5295,164.3,2,0,0
4223,5296,183.42,2,0,0
4224,5297,94.15,7,0,0
4225,5298,94.15,7,0,0
4226,5299,94.15,7,0,0
4227,5300,182.73,2,0,0
4228,5301,182.73,2,0,0
4229,5302,182.73,2,0,0
4230,5303,163.87,2,0,0
4231,5305,163.87,2,0,0
4232,5307,163.87,2,0,0
4233,5308,163.87,2,0,0
4234,5310,163.87,2,0,0
4235,5311,164.95,2,0,0
4236,5313,164.95,2,0,0
4237,5314,164.95,2,0,0
4238,5315,164.95,2,0,0
4239,5316,164.95,2,0,0
4240,5317,164.95,2,0,0
4241,5318,160.51,2,0,0
4242,5320,170.06,2,0,0
4243,5321,170.06,2,0,0
4244,5323,176.06,2,0,0
4245,5326,176.06,2,0,0
4246,5328,176.47,2,0,0
4247,5330,176.47,2,0,0
4248,5332,176.47,2,0,0
4249,5334,120.12,2,0,0
4250,5335,120.12,2,0,0
4251,5336,120.12,2,0,0
4252,5339,120.12,0,0,0
4253,5340,120.12,0,0,0
4254,5341,120.12,0,0,0
4255,5344,120.12,0,0,0
4256,5345,120.12,0,0,0
4257,5346,120.12,0,0,0
4258,5349,120.12,0,0,0
4259,5350,120.12,0,0,0
4260,5351,116.37,0,0,0
4261,5352,116.37,0,0,0
4262,5356,116.37,0,0,0
4263,5357,0,8,0,0
4264,5358,201.07,2,0,0
4265,5359,201.07,2,0,0
4266,5360,201.07,2,0,0
4267,5364,48.93,0,0,0
4268,5365,48.93,0,0,0
4269,5366,48.93,0,0,0
4270,5369,48.93,7,0,0
4271,5370,48.93,7,0,0
4272,5371,48.93,7,0,0
4273,5373,48.93,7,0,0
4274,5374,48.93,7,0,0
4275,5376,48.93,8,0,0
4276,5377,210.63,2,0,0
4277,5378,210.63,2,0,0
4278,5382,210.63,2,0,0
4279,5383,210.63,2,0,0
4280,5386,210.63,2,0,0
4281,5387,169.45,2,0,0
4282,5388,169.45,2,0,0
4283,5389,169.45,2,0,0
4284,5391,169.63,2,0,0
4285,5392,169.63,2,0,0
4286,5393,169.63,2,0,0
4287,5396,169.63,2,0,0
4288,5397,168.88,2,0,0
4289,5398,168.88,2,0,0
4290,5399,168.88,2,0,0
4291,5401,168.98,2,0,0
4292,5402,168.98,2,0,0
4293,5403,168.98,2,0,0
4294,5405,168.98,2,0,0
4295,5406,169.45,2,0,0
4296,5407,192.02,2,0,0
4297,5408,192.02,2,0,0
4298,5410,192.02,2,0,0
4299,5411,192.02,2,0,0
4300,5414,192.02,2,0,0
4301,5415,192.02,2,0,0
4302,5416,192.02,2,0,0
4303,5418,192.02,2,0,0
4304,5419,192.02,2,0,0
4305,5422,192.02,2,0,0
4306,5423,190.75,3,0,0
4307,5424,190.75,3,0,0
4308,5425,190.75,3,0,1059481190
4309,5426,159.92,2,0,0
4310,5427,159.92,2,0,0
4311,5428,159.92,2,0,0
4312,5429,156.73,2,0,0
4313,5430,156.73,2,0,0
4314,5431,156.73,2,0,0
4315,5432,161.12,2,0,0
4316,5433,161.12,2,0,0
4317,5434,161.12,2,0,1062836634
4318,5435,170.6,2,0,0
4319,5436,170.6,2,0,0
4320,5437,170.6,2,0,0
4321,5438,170.6,2,0,0
4322,5445,0,8,0,0
4323,5447,0,8,0,0
4324,5448,0,8,0,0
4325,5450,0,8,0,0
4326,5451,0,8,0,0
4327,5452,0,8,0,0
4328,5453,0,8,0,0
4329,5454,0,8,0,0
4330,5455,0,8,0,0
4331,5457,2,8,0,0
4332,5458,7.5,8,0,0
4333,5459,273.9,3,0,0
4334,5460,273.9,3,0,0
4335,5461,273.9,3,0,0
4336,5462,272.11,3,0,0
4337,5465,272.11,3,0,0
4338,5466,272.11,3,0,1058642330
4339,5467,272.11,3,0,0
4340,5468,378.74,4,0,0
4341,5470,378.74,4,0,0
4342,5471,378.74,4,3,1057803469
4343,5473,391.45,4,0,0
4344,5474,393.13,4,0,0
4345,5475,223.61,3,0,0
4346,5477,223.61,3,0,0
4347,5478,223.61,3,0,0
4348,5480,223.61,3,0,0
4349,5481,236.83,3,0,0
4350,5482,236.83,3,0,0
4351,5484,236.83,3,0,0
4352,5485,88.56,7,0,0
4353,5486,337.93,4,0,0
4354,5489,337.93,4,0,0
4355,5490,337.93,4,0,1053609165
4356,5492,337.93,4,0,0
4357,5493,43.04,8,0,0
4358,5494,43.04,8,0,0
4359,5495,240.62,2,0,0
4360,5496,240.62,2,0,0
4361,5497,240.62,3,0,0
4362,5499,173.66,2,0,0
4363,5501,173.66,2,0,0
4364,5503,173.66,2,0,0
4365,5505,173.66,2,0,0
4366,5507,236.78,2,0,0
4367,5509,236.78,2,0,0
4368,5510,236.78,2,0,0
4369,5513,236.78,2,0,0
4370,5514,236.78,2,0,0
4371,5515,236.78,3,0,0
4372,5516,236.78,3,0,1060655596
4373,5518,236.78,3,0,0
4374,5519,236.78,2,0,0
4375,5520,236.78,2,0,0
4376,5521,236.78,2,0,0
4377,5522,283.66,3,0,0
4378,5525,283.66,3,0,0
4379,5529,199.75,2,0,0
4380,5531,199.75,2,0,0
4381,5532,199.75,2,0,0
4382,5534,199.75,2,0,0
4383,5535,182.76,2,0,0
4384,5537,182.76,2,0,0
4385,5539,182.76,2,0,0
4386,5540,182.76,2,0,0
4387,5541,182.76,2,0,0
4388,5543,189.86,2,0,0
4389,5545,196.46,2,0,0
4390,5547,181.38,2,0,0
4391,5549,181.38,2,0,0
4392,5551,0,8,0,0
4393,5552,196.46,2,0,0
4394,5554,193.73,2,0,0
4395,5556,200.98,2,0,0
4396,5558,189.2,2,0,0
4397,5560,173.02,2,0,0
4398,5562,173.02,2,0,0
4399,5564,173.02,2,0,0
4400,5565,174.18,2,0,0
4401,5567,172.49,2,0,0
4402,5569,171.79,2,0,0
4403,5571,179.06,2,0,0
4404,5573,176.62,2,0,0
4405,5575,176.62,2,0,0
4406,5577,176.62,2,0,0
4407,5579,171.01,2,0,0
4408,5580,171.01,2,0,0
4409,5581,219.21,2,0,0
4410,5583,220.11,2,0,0
4411,5585,220.11,2,0,0
4412,5587,219.54,2,0,0
4413,5588,219.54,3,0,0
4414,5589,135.39,0,0,0
4415,5591,135.39,0,0,0
4416,5592,135.49,2,0,0
4417,5594,135.39,0,0,0
4418,5598,207.57,2,0,0
4419,5599,207.57,3,0,0
4420,5600,175.6,2,0,0
4421,5602,175.6,2,0,0
4422,5604,175.6,2,0,0
4423,5606,175.6,2,0,0
4424,5608,175.6,2,0,0
4425,5609,175.6,2,0,0
4426,5610,175.6,2,0,0
4427,5611,175.6,2,0,0
4428,5612,175.6,2,0,0
4429,5613,175.6,2,0,0
4430,5614,0,8,0,0
4431,5615,175.6,3,0,0
4432,5616,175.6,3,0,0
4433,5617,82.45,8,0,0
4434,5619,181.66,2,0,0
4435,5621,189.99,2,0,0
4436,5622,189.99,2,0,0
4437,5624,189.99,2,0,0
4438,5627,196,2,0,0
4439,5629,196,2,0,0
4440,5631,196.48,2,0,0
4441,5633,196.48,2,0,0
4442,5635,295,3,0,0
4443,5638,295,3,0,0
4444,5639,295,3,0,0
4445,5637,295,3,0,0
4446,5642,80.64,7,0,0
4447,5645,80.64,7,0,0
4448,5646,80.64,7,0,0
4449,5648,80.64,7,0,0
4450,5649,80.64,7,0,0
4451,5650,156.73,2,0,0
4452,5652,156.73,1,0,0
4453,5653,156.73,1,0,0
4454,5654,156.73,1,0,0
4455,5655,156.73,2,0,0
4456,5656,156.73,2,0,0
4457,5657,192.52,2,0,0
4458,5658,0,8,0,0
4459,5659,275,3,0,0
4460,5662,275,3,0,0
4461,5663,275,3,0,0
4462,5661,275,3,0,0
4463,5666,111.99,0,0,0
4464,5669,111.99,0,0,0
4465,5670,111.99,0,0,0
4466,5672,111.99,0,0,0
4467,5673,111.99,0,0,0
4468,5674,184.77,2,0,0
4469,5676,184.77,2,0,0
4470,5677,184.77,2,0,0
4471,5678,184.77,2,0,0
4472,5679,184.77,2,0,0
4473,5680,184.77,2,0,0
4474,5681,192.52,2,0,0
4475,5682,0,8,0,0
4476,5683,0,8,0,0
4477,5684,0,8,0,0
4478,5685,208.27,2,0,0
4479,5687,208.27,3,0,0
4480,5688,208.27,3,0,1065353216
4481,5689,208.27,3,0,0
4482,5691,81.8,2,0,0
4483,5692,81.8,2,0,0
4484,5693,232.69,2,0,0
4485,5694,232.69,2,0,0
4486,5695,95.91,8,0,0
4487,5696,95.91,8,0,0
4488,5698,95.91,8,0,0
4489,5700,95.91,7,0,0
4490,5703,109.03,7,0,0
4491,5704,109.03,7,0,0
4492,5705,109.03,7,0,0
4493,5706,109.03,8,0,0
4494,5707,233.24,0,0,0
4495,5709,233.24,2,0,0
4496,5711,232.98,2,0,0
4497,5713,0,8,0,0
4498,5714,0,8,0,0
4499,5715,0,8,0,0
4500,5716,188.99,2,0,0
4501,5718,188.99,1,0,0
4502,5719,188.99,1,0,0
4503,5720,188.99,1,0,0
4504,5721,182.73,2,0,0
4505,5722,182.73,2,0,0
4506,5723,190.99,2,0,0
4507,5724,182.73,2,0,0
4508,5725,182.73,2,0,0
4509,5726,160.29,2,0,0
4510,5727,182.73,2,0,0
4511,5728,182.73,2,0,0
4512,5729,171.61,2,0,0
4513,5730,182.73,2,0,0
4514,5731,182.73,2,0,0
4515,5732,450,5,0,0
4516,5735,450,5,0,0
4517,5736,450,5,-6,1051260355
4518,5738,450,5,0,0
4519,5739,560,5,0,0
4520,5741,560,5,0,0
4521,5742,560,5,0,0
4522,5743,600,5,0,0
4523,5745,600,5,0,0
4524,5746,600,6,-10,0
4525,5747,600,5,0,0
4526,5748,600,5,0,0
4527,5751,600,5,0,0
4528,5752,600,6,-10,0
4529,5754,600,5,0,0
4530,5755,137.59,0,0,0
4531,5756,137.59,0,0,0
4532,5757,137.59,0,0,0
4533,5758,137.59,0,0,0
4534,5760,253.52,3,0,0
4535,5761,378.74,4,0,0
4536,5762,206.78,2,0,0
4537,5764,206.78,2,0,0
4538,5765,206.78,2,0,1065353216
4539,5767,206.78,2,0,0
4540,5768,173.66,2,0,0
4541,5769,240.62,3,0,0
4542,5770,0,8,0,0
4543,5771,160.51,2,0,0
4544,5772,171.01,2,0,0
4545,5773,176.06,2,0,0
4546,5774,175.6,2,0,0
4547,5775,198.02,3,0,0
4548,5777,198.02,3,0,0
4549,5778,198.02,3,0,0
4550,5780,198.02,3,0,0
4551,5781,132.49,3,0,0
4552,5782,132.49,3,0,0
4553,5784,132.49,0,0,0
4554,5785,132.49,0,0,0
4555,5787,136.41,0,0,0
4556,5788,170.6,2,0,0
4557,5789,170.6,2,0,0
4558,5790,170.6,2,0,0
4559,5791,170.6,2,0,0
4560,5792,170.6,2,0,0
4561,5793,170.6,2,0,0
4562,5794,170.6,2,0,0
4563,5795,170.6,2,0,0
4564,5796,170.6,2,0,0
4565,5797,170.6,2,0,0
4566,5798,170.6,2,0,0
4567,5799,170.6,2,0,0
4568,5800,170.6,2,0,0
4569,5801,170.6,2,0,0
4570,5802,170.6,2,0,0
4571,5803,170.6,2,0,0
4572,5804,170.6,2,0,0
4573,5805,170.6,2,0,0
4574,5806,170.6,2,0,0
4575,5807,170.6,2,0,0
4576,5808,170.6,2,0,0
4577,5809,170.6,2,0,0
4578,5810,170.6,2,0,0
4579,5811,170.6,2,0,0
4580,5812,170.6,2,0,0
4581,5813,170.6,2,0,0
4582,5814,170.6,2,0,0
4583,5815,170.6,2,0,0
4584,5816,170.6,2,0,0
4585,5817,170.6,2,0,0
4586,5818,170.6,2,0,0
4587,5819,170.6,2,0,0
4588,5820,170.6,2,0,0
4589,5821,170.6,2,0,0
4590,5822,170.6,2,0,0
4591,5823,170.6,2,0,0
4592,5824,170.6,2,0,0
4593,5825,170.6,2,0,0
4594,5826,170.6,2,0,0
4595,5827,170.6,2,0,0
4596,5828,170.6,2,0,0
4597,5829,170.6,2,0,0
4598,5830,170.6,2,0,0
4599,5831,170.6,2,0,0
4600,5832,170.6,2,0,0
4601,5833,170.6,2,0,0
4602,5834,170.6,2,0,0
4603,5835,170.6,2,0,0
4604,5836,170.6,2,0,0
4605,5837,170.6,2,0,0
4606,5838,170.6,2,0,0
4607,5839,170.6,2,0,0
4608,5840,170.6,2,0,0
4609,5841,170.6,2,0,0
4610,5842,170.6,2,0,0
4611,5843,177.38,2,0,0
4612,5844,177.38,2,0,0
4613,5845,177.38,2,0,0
4614,5846,177.38,2,0,0
4615,5847,177.38,2,0,0
4616,5848,177.38,2,0,0
4617,5849,177.38,2,0,0
4618,5850,177.38,2,0,0
4619,5851,177.38,2,0,0
4620,5852,177.38,2,0,0
4621,5853,177.38,2,0,0
4622,5854,177.38,2,0,0
4623,5855,177.38,2,0,0
4624,5856,177.38,2,0,0
4625,5857,177.38,2,0,0
4626,5858,177.38,2,0,0
4627,5859,177.38,3,0,0
4628,5868,0,8,0,0
4629,5869,0,8,0,0
4630,5870,0,8,0,0
4631,5871,0,8,0,0
4632,5872,170.6,2,0,0
4633,5873,170.6,2,0,0
4634,5874,170.6,2,0,0
4635,5875,170.6,2,0,0
4636,5876,170.6,2,0,0
4637,5877,170.6,2,0,0
4638,5887,306.3,4,0,0
4639,5888,306.3,4,0,0
4640,5889,306.3,4,0,0
4641,5890,306.3,4,0,0
4642,5891,306.3,4,0,0
4643,5892,306.3,4,0,0
4644,5901,120.12,2,0,0
4645,5902,120.12,0,0,0
4646,5903,120.12,0,0,0
4647,5904,116.37,0,0,0
4648,5905,116.37,0,0,0
4649,5906,201.07,2,0,0
4650,5907,48.93,0,0,0
4651,5908,48.93,7,0,0
4652,5909,48.93,7,0,0
4653,5910,210.63,2,0,0
4654,5911,210.63,2,0,0
4655,5912,169.45,2,0,0
4656,5913,169.63,2,0,0
4657,5914,168.88,2,0,0
4658,5915,168.98,2,0,0
4659,5916,192.02,2,0,0
4660,5917,192.02,2,0,0
4661,5918,192.02,2,0,0
4662,5919,192.02,2,0,0
4663,5920,181.53,2,0,0
4664,5921,180.56,2,0,0
4665,5922,181.63,2,0,0
4666,5923,181.63,2,0,0
4667,5924,160.16,2,0,0
4668,5925,206.86,2,0,0
4669,5928,206.86,3,0,0
4670,5929,200.41,3,0,0
4671,5930,206.86,2,0,0
4672,5932,206.86,2,0,0
4673,5934,206.86,2,0,0
4674,5936,182.76,2,0,0
4675,5937,189.86,2,0,0
4676,5939,173.02,2,0,0
4677,5940,174.18,2,0,0
4678,5941,172.49,2,0,0
4679,5942,171.79,2,0,0
4680,5944,218.73,2,0,0
4681,5947,188.47,2,0,0
4682,5950,191.36,2,0,0
4683,5952,218.73,2,0,0
4684,5954,187.92,2,0,0
4685,5956,191.36,2,0,0
4686,5958,188.47,2,0,0
4687,5959,218.73,2,0,0
4688,5960,218.73,2,0,0
4689,5961,188.47,2,0,0
4690,5962,188.47,2,0,0
4691,5963,191.36,2,0,0
4692,5964,191.36,2,0,0
4693,5965,188.47,2,0,0
4694,5966,188.47,2,0,0
4695,5967,218.73,2,0,0
4696,5968,188.47,2,0,0
4697,5969,191.36,2,0,0
4698,5970,191.36,2,0,0
4699,5971,188.47,2,0,0
4700,5972,188.47,2,0,0
4701,5973,191.36,3,0,0
4702,5974,217.01,2,0,0
4703,5978,213.42,2,0,0
4704,5981,210.95,2,0,0
4705,5984,217.01,2,0,0
4706,5985,202.97,2,0,0
4707,5989,189.8,2,0,0
4708,5991,191.46,2,0,0
4709,5992,191.46,2,0,0
4710,5993,191.46,2,0,0
4711,5994,159.92,2,0,0
4712,5995,159.92,0,0,0
4713,5996,192.09,2,0,0
4714,5998,192.09,2,0,0
4715,5999,220.36,3,0,0
4716,6001,220.36,3,0,0
4717,6002,220.36,3,0,0
4718,6003,220.36,3,0,0
4719,6006,220.36,3,0,0
4720,6007,220.36,3,0,0
4721,6009,220.36,3,0,0
4722,6010,0,8,0,0
4723,6011,0,8,0,0
4724,6012,166.5,2,0,0
4725,6014,166.5,2,0,0
4726,6016,166.5,2,0,0
4727,6018,166.49,2,0,0
4728,6019,166.49,2,2,0
4729,6020,166.49,2,0,0
4730,6021,166.5,2,0,0
4731,6022,190.06,2,0,0
4732,6024,182.83,2,0,0
4733,6026,173.02,2,0,0
4734,6028,174.18,2,0,0
4735,6030,190.06,2,0,0
4736,6032,182.83,2,0,0
4737,6034,173.02,2,0,0
4738,6036,174.18,2,0,0
4739,6038,228.69,4,0,0
4740,6041,228.69,4,0,0
4741,6042,228.69,4,0,1059145646
4742,6043,228.69,4,0,0
4743,6044,0,8,0,0
4744,6045,0,8,0,0
4745,6046,181.94,2,0,0
4746,6048,181.94,2,0,0
4747,6050,181.94,2,0,0
4748,6052,116.03,2,0,0
4749,6054,116.03,1,0,0
4750,6055,116.03,1,-3,1063675494
4751,6056,116.03,1,0,0
4752,6057,116.03,0,0,0
4753,6058,116.03,0,0,0
4754,6059,29.29,8,0,0
4755,6060,29.29,8,0,0
4756,6061,29.29,8,0,0
4757,6062,29.29,8,0,0
4758,6064,29.29,8,0,0
4759,6065,191.57,2,0,0
4760,6066,191.57,2,0,0
4761,6067,191.57,2,0,0
4762,6068,191.57,2,0,0
4763,6070,81.5,7,0,0
4764,6071,81.5,7,0,0
4765,6073,81.5,8,0,0
4766,6074,80.97,7,0,0
4767,6075,80.97,7,0,0
4768,6076,59.44,8,0,0
4769,6077,0,8,0,0
4770,6078,47.13,7,0,0
4771,6083,191.46,3,0,0
4772,6085,191.46,3,0,0
4773,6086,191.46,3,0,0
4774,6087,191.46,3,0,0
4775,6088,0,8,0,0
4776,6089,186.35,2,0,0
4777,6090,186.35,2,0,0
4778,6091,186.35,2,0,0
4779,6092,186.35,7,0,0
4780,6093,193.29,2,0,0
4781,6094,185.53,3,0,0
4782,6096,185.53,3,0,0
4783,6097,185.53,3,0,0
4784,6099,185.53,3,0,0
4785,6100,0,8,0,0
4786,6101,0,8,0,0
4787,6102,0,8,0,0
4788,6103,0,8,0,0
4789,6104,0,8,0,0
4790,6106,0,8,0,0
4791,6107,0,8,0,0
4792,6108,0,8,0,0
4793,6109,0,8,0,0
4794,6111,160.19,2,0,0
4795,6112,160.19,2,0,0
4796,6114,160.19,2,0,0
4797,6115,160.19,2,0,0
4798,6116,160.19,2,0,0
4799,6117,160.19,2,0,0
4800,6118,160.19,2,0,0
4801,6119,160.19,2,0,0
4802,6120,160.19,2,0,0
4803,6121,160.19,2,0,0
4804,6122,162.55,2,0,0
4805,6123,201.28,2,0,0
4806,6124,162.55,2,0,0
4807,6125,162.55,2,0,0
4808,6126,162.55,2,0,0
4809,6127,201.28,2,0,0
4810,6128,180.69,2,0,0
4811,6130,42.53,8,0,0
4812,6132,42.53,8,0,0
4813,6133,42.53,8,0,0
4814,6134,42.53,8,0,0
4815,6135,42.53,8,0,0
4816,6136,42.53,7,0,0
4817,6137,42.53,8,0,0
4818,6139,42.53,8,0,0
4819,6140,42.53,7,0,0
4820,6141,150,3,0,0
4821,6143,150,3,0,0
4822,6144,150,3,0,0
4823,6146,150,3,0,0
4824,6147,182.73,2,0,0
4825,6148,182.73,2,0,0
4826,6149,182.73,2,0,0
4827,6150,199.75,2,0,0
4828,6152,199.75,2,0,0
4829,6153,199.75,2,0,1066695393
4830,6154,199.75,2,0,0
4831,6155,263.26,3,0,0
4832,6156,263.26,3,0,0
4833,6157,263.26,3,0,0
4834,6159,263.26,3,0,0
4835,6160,236.97,2,0,0
4836,6162,236.97,3,0,0
4837,6163,236.97,3,0,1064346583
4838,6165,236.97,3,0,0
4839,6166,208.27,2,0,0
4840,6168,208.27,3,0,0
4841,6169,208.27,3,0,1065353216
4842,6171,208.27,3,0,0
4843,6172,208.27,2,0,0
4844,6173,208.27,2,0,0
4845,6174,208.27,2,0,0
4846,6175,208.27,2,0,0
4847,6176,208.27,2,0,0
4848,6177,208.27,2,0,0
4849,6178,208.27,2,0,0
4850,6179,208.27,2,0,0
4851,6180,208.27,2,0,0
4852,6181,208.27,2,0,0
4853,6183,411.72,5,0,0
4854,6186,411.72,5,0,0
4855,6187,411.72,5,-2,1055286886
4856,6190,411.72,5,0,0
4857,6191,199.75,2,0,0
4858,6192,236.97,2,0,0
4859,6193,0,8,0,0
4860,6194,0,8,0,0
4861,6195,0,8,0,0
4862,6196,0,8,0,0
4863,6197,208.27,2,0,0
4864,6198,232.99,3,0,0
4865,6202,190.75,3,0,0
4866,6205,190.75,3,0,0
4867,6206,190.75,3,0,0
4868,6208,190.75,3,0,0
4869,6209,154.84,2,0,0
4870,6212,154.84,2,0,0
4871,6215,154.84,0,0,0
4872,6216,154.84,0,0,0
4873,6217,154.84,0,0,0
4874,6218,154.84,0,0,0
4875,6219,154.84,0,0,0
4876,6220,154.84,0,0,0
4877,6221,154.84,0,0,0
4878,6222,0,8,0,0
4879,6223,0,8,0,0
4880,6224,0,8,0,0
4881,6225,0,8,0,0
4882,6226,0,8,0,0
4883,6227,0,8,0,0
4884,6228,0,8,0,0
4885,6229,0,8,0,0
4886,6230,214.23,2,0,0
4887,6232,214.23,2,0,0
4888,6234,214.23,2,0,0
4889,6239,214.23,2,0,0
4890,6240,214.23,2,0,0
4891,6241,214.23,2,0,0
4892,6242,120.41,0,0,0
4893,6243,146.73,0,0,0
4894,6244,94.93,7,0,0
4895,6245,121.94,7,0,0
4896,6246,282.73,4,0,0
4897,6247,282.73,4,0,0
4898,6248,282.73,4,0,0
4899,6250,162.44,2,0,0
4900,6251,162.44,2,0,0
4901,6252,444.92,5,0,0
4902,6253,444.92,4,0,0
4903,6256,116.83,2,0,0
4904,6257,0,8,0,0
4905,6258,0,8,0,0
4906,6260,0,8,0,0
4907,6261,0,8,0,0
4908,6262,0,8,0,0
4909,6263,0,8,0,0
4910,6264,0,8,0,0
4911,6265,0,8,0,0
4912,6266,240,3,0,0
4913,6267,240,3,0,0
4914,6268,240,3,0,0
4915,6269,240,3,0,0
4916,6271,240,3,0,0
4917,6272,240,3,-4,1058642330
4918,6274,240,3,0,0
4919,6275,0,8,0,0
4920,6276,0,8,0,0
4921,6278,0,8,0,0
4922,6279,0,8,0,0
4923,6285,0,8,0,0
4924,6286,0,8,0,0
4925,6287,0,8,0,0
4926,6288,0,8,0,0
4927,6289,0,8,0,0
4928,6290,0,8,0,0
4929,6291,0,8,0,0
4930,6292,0,8,0,0
4931,6293,0,8,0,0
4932,6294,0,8,0,0
4933,6295,0,8,0,0
4934,6296,0,8,0,0
4935,6297,0,8,0,0
4936,6298,0,8,0,0
4937,6299,0,8,0,0
4938,6300,0,8,0,0
4939,6301,0,8,0,0
4940,6302,0,8,0,0
4941,6304,210.16,2,0,0
4942,6305,210.16,2,0,0
4943,6308,247.8,3,0,0
4944,6309,142.55,2,0,0
4945,6310,190.36,2,0,0
4946,6312,167.26,2,0,0
4947,6313,167.26,2,0,0
4948,6315,166.53,2,0,0
4949,6316,166.53,2,0,0
4950,6318,167.26,2,0,0
4951,6319,167.26,2,0,0
4952,6321,166.53,2,0,0
4953,6323,266.75,3,0,0
4954,6326,266.75,3,0,0
4955,6327,229.99,2,0,0
4956,6329,185.87,2,0,0
4957,6332,110.24,2,0,0
4958,6335,110.24,2,0,0
4959,6336,257.32,4,0,0
4960,6339,257.32,2,0,0
4961,6340,50.38,7,0,0
4962,6342,50.38,7,0,0
4963,6343,229.99,2,0,0
4964,6346,229.99,2,0,0
4965,6347,185.87,2,0,0
4966,6350,183.5,3,0,0
4967,6352,182.05,3,0,0
4968,6354,171.27,2,0,0
4969,6356,265.98,3,0,0
4970,6357,265.98,3,0,1065772646
4971,6359,247.11,3,0,0
4972,6360,247.11,3,0,1065772646
4973,6362,253.43,3,0,0
4974,6363,253.43,3,0,1065772646
4975,6365,253.43,3,0,0
4976,6366,261.48,3,0,0
4977,6367,261.48,3,0,1065772646
4978,6369,300,3,0,0
4979,6370,300,3,0,1061997773
4980,6374,300,3,0,0
4981,6375,300,3,0,0
4982,6377,0,8,0,0
4983,6378,0,8,0,0
4984,6379,0,8,0,0
4985,6380,0,8,0,0
4986,6381,0,8,0,0
4987,6382,0,8,0,0
4988,6383,0,8,0,0
4989,6384,0,8,0,0
4990,6385,0,8,0,0
4991,6386,0,8,0,0
4992,6387,0,8,0,0
4993,6388,0,8,0,0
4994,6389,0,8,0,0
4995,6390,0,8,0,0
4996,6391,0,8,0,0
4997,6392,0,8,0,0
4998,6393,0,8,0,0
4999,6394,0,8,0,0
5000,6395,0,8,0,0
5001,6396,0,8,0,0
5002,6397,0,8,0,0
5003,6398,0,8,0,0
5004,6399,0,8,0,0
5005,6400,0,8,0,0
5006,6401,0,8,0,0
5007,6402,0,8,0,0
5008,6403,0,8,0,0
5009,6404,0,8,0,0
5010,6405,0,8,0,0
5011,6406,0,8,0,0
5012,6407,0,8,0,0
5013,6408,0,8,0,0
5014,6409,0,8,0,0
5015,6410,0,8,0,0
5016,6411,0,8,0,0
5017,6412,0,8,0,0
5018,6413,0,8,0,0
5019,6414,0,8,0,0
5020,6415,0,8,0,0
5021,6416,0,8,0,0
5022,6417,0,8,0,0
5023,6418,0,8,0,0
5024,6419,0,8,0,0
5025,6420,0,8,0,0
5026,6421,0,8,0,0
5027,6422,0,8,0,0
5028,6423,0,8,0,0
5029,6424,0,8,0,0
5030,6425,0,8,0,0
5031,6428,0,8,0,0
5032,6429,214.23,2,0,0
5033,6430,42.3,8,0,0
5034,6431,42.3,8,0,0
5035,6432,45.14,8,0,0
5036,6433,45.14,8,0,0
5037,6434,36.85,8,0,0
5038,6435,36.85,8,0,0
5039,6436,77.29,7,0,0
5040,6437,77.29,7,0,0
5041,6438,45.14,8,0,0
5042,6439,36.85,8,0,0
5043,6440,42.3,8,0,0
5044,6441,77.29,7,0,0
5045,6442,42.3,8,0,0
5046,6444,145.96,3,0,0
5047,6445,145.96,3,0,0
5048,6452,145.96,3,0,0
5049,6453,145.96,3,0,0
5050,6454,145.96,2,0,0
5051,6455,0,8,0,0
5052,6456,0,8,0,0
5053,6457,65.95,0,0,0
5054,6458,65.95,8,0,0
5055,6459,65.95,8,0,0
5056,6460,72.85,0,0,0
5057,6462,304.2,4,0,0
5058,6463,304.2,4,0,0
5059,6464,304.2,4,0,0
5060,6465,304.2,4,0,0
5061,6466,304.2,4,0,0
5062,6467,304.2,4,0,0
5063,6468,304.2,4,0,0
5064,6469,304.2,4,0,0
5065,6470,410.09,4,0,0
5066,6471,410.09,4,0,0
5067,6472,410.09,4,0,0
5068,6473,410.09,4,0,0
5069,6474,410.09,4,0,0
5070,6475,176.99,2,0,0
5071,6476,176.99,2,0,0
5072,6477,176.99,2,0,0
5073,6478,410.09,4,0,0
5074,6479,176.99,2,0,0
5075,6480,410.09,4,0,0
5076,6481,0,8,0,0
5077,6482,0,8,0,0
5078,6483,0,8,0,0
5079,6484,0,8,0,0
5080,6485,0,8,0,0
5081,6486,0,8,0,0
5082,6487,0,8,0,0
5083,6488,0,8,0,0
5084,6489,0,8,0,0
5085,6490,0,8,0,0
5086,6491,0,8,0,0
5087,6492,0,8,0,0
5088,6493,87.3,7,0,0
5089,6494,49.97,7,0,0
5090,6495,125.47,2,0,0
5091,6496,186.35,2,0,0
5092,6497,186.35,2,0,0
5093,6498,186.35,2,0,0
5094,6499,186.35,2,0,0
5095,6500,186.35,2,0,0
5096,6501,194.48,2,0,0
5097,6502,194.48,2,0,0
5098,6503,125.47,2,0,0
5099,6504,125.47,0,0,0
5100,6505,125.47,0,0,0
5101,6506,78.1,0,0,0
5102,6507,93.63,0,0,0
5103,6508,93.63,0,0,0
5104,6509,210.63,3,0,0
5105,6510,210.63,2,0,0
5106,6511,210.63,2,0,0
5107,6512,210.63,2,0,0
5108,6513,210.63,2,0,0
5109,6514,210.63,3,0,0
5110,6515,40.51,8,0,0
5111,6516,40.52,8,0,0
5112,6517,40.52,8,0,0
5113,6518,40.52,8,0,0
5114,6519,40.52,8,0,0
5115,6520,40.51,8,0,0
5116,6521,40.52,8,0,0
5117,6522,40.51,8,0,0
5118,6523,40.52,8,0,0
5119,6524,40.52,8,0,0
5120,6525,123.25,2,0,0
5121,6526,123.25,0,0,0
5122,6527,123.25,0,0,0
5123,6528,123.25,0,0,0
5124,6529,123.25,0,0,0
5125,6530,123.25,2,0,0
5126,6531,119.38,2,0,0
5127,6532,119.38,2,0,0
5128,6533,119.38,2,0,0
5129,6534,119.38,0,0,0
5130,6535,120.12,0,0,0
5131,6536,119.38,0,0,0
5132,6537,119.38,0,0,0
5133,6538,120.41,0,0,0
5134,6539,120.41,0,0,0
5135,6540,120.41,0,0,0
5136,6541,120.41,0,0,0
5137,6542,120.58,0,0,0
5138,6543,116.41,0,0,0
5139,6545,116.41,0,0,0
5140,6547,116.41,0,0,0
5141,6548,116.41,0,0,0
5142,6549,116.41,0,0,0
5143,6550,116.41,0,0,0
5144,6551,114.55,0,0,0
5145,6552,114.55,0,0,0
5146,6553,114.55,0,0,0
5147,6554,114.55,2,0,0
5148,6555,114.71,2,0,0
5149,6556,192.09,2,0,0
5150,6557,192.09,2,0,0
5151,6558,316.77,4,0,0
5152,6559,316.77,4,0,0
5153,6560,316.77,4,0,0
5154,6561,48.84,8,0,0
5155,6562,48.84,8,0,0
5156,6563,48.84,8,0,0
5157,6564,48.84,8,0,0
5158,6565,174.86,2,0,0
5159,6566,174.87,2,0,0
5160,6567,174.87,2,0,0
5161,6568,174.87,2,0,0
5162,6569,174.87,0,0,0
5163,6570,42.53,8,0,0
5164,6571,42.53,8,0,0
5165,6572,42.53,7,0,0
5166,6573,42.53,8,0,0
5167,6574,95.91,7,0,0
5168,6575,95.91,7,0,0
5169,6576,95.91,8,0,0
5170,6577,95.91,8,0,0
5171,6578,95.91,8,0,0
5172,6579,232.98,2,0,0
5173,6580,233.24,0,0,0
5174,6581,233.24,0,0,0
5175,6582,232.98,2,0,0
5176,6583,232.98,2,0,0
5177,6584,233.24,0,0,0
5178,6585,232.98,2,0,0
5179,6586,84.12,7,0,0
5180,6587,88.57,7,0,0
5181,6588,88.57,7,0,0
5182,6589,195.93,2,0,0
5183,6590,195.93,2,0,0
5184,6591,195.93,2,0,0
5185,6592,195.93,2,0,0
5186,6593,234.69,2,0,0
5187,6594,199.98,2,0,0
5188,6595,212.58,2,0,0
5189,6596,212.58,2,0,0
5190,6597,224.09,2,0,0
5191,6598,224.09,2,0,0
5192,6599,219.92,2,0,0
5193,6600,219.92,2,0,0
5194,6601,0,8,0,0
5195,6602,0,8,0,0
5196,6603,0,8,0,0
5197,6604,0,8,0,0
5198,6605,0,8,0,0
5199,6606,0,8,0,0
5200,6607,0,8,0,0
5201,6608,0,8,0,0
5202,6609,0,8,0,0
5203,6610,0,8,0,0
5204,6611,0,8,0,0
5205,6612,0,8,0,0
5206,6613,0,8,0,0
5207,6614,219.92,2,0,0
5208,6615,219.92,2,0,0
5209,6616,219.92,2,0,0
5210,6617,116.96,0,0,0
5211,6618,116.96,0,0,0
5212,6619,116.96,0,0,0
5213,6620,182.15,2,0,0
5214,6621,182.15,2,0,0
5215,6622,182.15,2,0,0
5216,6623,182.15,2,0,0
5217,6624,113.12,0,0,0
5218,6625,113.12,0,0,0
5219,6626,113.12,0,0,0
5220,6627,176.51,0,0,0
5221,6628,176.51,0,0,0
5222,6629,176.51,0,0,0
5223,6630,100.36,0,0,0
5224,6631,100.36,0,0,0
5225,6632,100.36,0,0,0
5226,6633,224.09,2,0,0
5227,6634,62.67,7,0,0
5228,6635,224.09,2,0,0
5229,6636,74.31,7,0,0
5230,6637,74.31,7,0,0
5231,6638,74.31,7,0,0
5232,6639,54.64,8,0,0
5233,6640,54.64,8,0,0
5234,6641,54.64,8,0,0
5235,6642,54.48,8,0,0
5236,6643,54.48,8,0,0
5237,6644,54.48,8,0,0
5238,6645,71.02,7,0,0
5239,6646,71.02,7,0,0
5240,6647,71.02,7,0,0
5241,6648,77.29,7,0,0
5242,6649,77.29,7,0,0
5243,6650,77.29,7,0,0
5244,6651,116.03,0,0,0
5245,6652,116.03,0,0,0
5246,6653,116.03,0,0,0
5247,6654,169.99,0,0,0
5248,6655,169.99,0,0,0
5249,6656,169.99,0,0,0
5250,6657,169.99,0,0,0
5251,6658,266.75,3,0,0
5252,6659,266.25,3,0,0
5253,6660,266.25,3,0,0
5254,6661,266.25,3,0,0
5255,6662,153.58,2,0,0
5256,6663,153.58,7,0,0
5257,6664,153.58,2,0,0
5258,6665,153.58,2,0,0
5259,6666,203.36,2,0,0
5260,6667,227.45,2,0,0
5261,6668,227.45,2,0,0
5262,6669,0,8,0,0
5263,6670,150.37,0,0,0
5264,6671,116.41,0,0,0
5265,6672,116.85,0,0,0
5266,6673,116.85,0,0,0
5267,6674,54.64,8,0,0
5268,6675,169.99,0,0,0
5269,6676,266.25,3,0,0
5270,6677,209.57,2,0,0
5271,6679,209.57,2,0,0
5272,6680,209.57,2,0,1066611507
5273,6682,0,8,0,0
5274,6684,182.76,2,0,0
5275,6685,173.02,2,0,0
5276,6686,181.05,2,0,0
5277,6687,0,8,0,0
5278,6688,0,8,0,0
5279,6689,0,8,0,0
5280,6690,0,8,0,0
5281,6691,0,8,0,0
5282,6692,0,8,0,0
5283,6693,62.67,7,0,0
5284,6694,83.46,0,0,0
5285,6695,0,8,0,0
5286,6696,0,8,0,0
5287,6697,190.75,2,0,0
5288,6698,156.73,2,0,0
5289,6699,161.12,2,0,0
5290,6700,191.46,2,0,0
5291,6701,184.77,2,0,0
5292,6702,170.6,2,0,0
5293,6703,159.92,2,0,0
5294,6704,0,8,0,0
5295,6705,142.97,2,0,0
5296,6706,71.53,7,0,0
5297,6707,59.2,8,0,0
5298,6708,61.18,7,0,0
5299,6709,60.03,7,0,0
5300,6710,58.27,8,0,0
5301,6711,60.56,7,0,0
5302,6712,63.58,7,0,0
5303,6713,71.12,7,0,0
5304,6714,69.18,7,0,0
5305,6715,69.18,0,0,0
5306,6716,69.18,0,0,0
5307,6717,69.18,0,0,0
5308,6718,69.18,0,0,0
5309,6719,125.47,0,0,0
5310,6720,125.47,2,0,0
5311,6721,181.36,2,0,0
5312,6722,181.36,2,0,0
5313,6723,181.36,2,0,0
5314,6724,182.73,2,0,0
5315,6725,182.73,2,0,0
5316,6726,42.53,8,0,0
5317,6727,42.53,8,0,0
5318,6728,186.35,2,0,0
5319,6729,186.35,7,0,0
5320,6730,119.38,0,0,0
5321,6731,119.38,2,0,0
5322,6732,114.55,0,0,0
5323,6733,76.56,8,0,0
5324,6734,76.56,7,0,0
5325,6735,76.56,7,0,0
5326,6736,192.74,2,0,0
5327,6737,192.74,2,0,0
5328,6738,88.57,7,0,0
5329,6739,40.52,8,0,0
5330,6740,120.32,0,0,0
5331,6741,219.92,2,0,0
5332,6742,167.04,2,0,0
5333,6743,165.08,2,0,0
5334,6744,165.08,2,0,0
5335,6745,165.08,2,0,0
5336,6746,40.52,8,0,0
5337,6747,164.99,2,0,0
5338,6748,187.21,2,0,0
5339,6749,187.21,2,0,0
5340,6750,187.21,2,0,0
5341,6751,187.21,2,0,0
5342,6752,187.21,2,0,0
5343,6753,187.21,2,0,0
5344,6754,187.21,2,0,0
5345,6755,187.21,2,0,0
5346,6756,187.21,2,0,0
5347,6757,187.21,2,0,0
5348,6758,187.21,2,0,0
5349,6759,187.21,2,0,0
5350,6760,187.21,2,0,0
5351,6761,187.21,2,0,0
5352,6762,187.21,2,0,0
5353,6763,187.21,2,0,0
5354,6764,187.21,2,0,0
5355,6765,187.21,2,0,0
5356,6766,187.21,2,0,0
5357,6767,187.21,2,0,0
5358,6769,187.21,2,0,0
5359,6771,187.21,2,0,0
5360,6773,187.21,2,0,0
5361,6775,187.21,2,0,0
5362,6777,187.21,2,0,0
5363,6779,187.21,2,0,0
5364,6781,187.21,2,0,0
5365,6783,187.21,2,0,0
5366,6785,187.21,2,0,0
5367,6787,187.21,2,0,0
5368,6790,187.21,2,0,0
5369,6792,187.21,2,0,0
5370,6794,187.21,2,0,0
5371,6796,187.21,2,0,0
5372,6798,187.21,2,0,0
5373,6800,187.21,2,0,0
5374,6801,187.21,2,0,0
5375,6802,187.21,2,0,0
5376,6803,187.21,2,0,0
5377,6804,187.21,2,0,0
5378,6805,187.21,2,0,0
5379,6806,187.21,2,0,0
5380,6807,187.21,2,0,0
5381,6808,187.21,2,0,0
5382,6809,187.21,2,0,0
5383,6810,187.21,2,0,0
5384,6811,187.21,2,0,0
5385,6814,187.21,2,0,0
5386,6815,187.21,2,0,0
5387,6816,187.21,2,0,0
5388,6817,187.21,2,0,0
5389,6820,187.21,2,0,0
5390,6821,187.21,2,0,0
5391,6822,187.21,2,0,0
5392,6823,187.21,2,0,0
5393,6826,187.21,2,0,0
5394,6827,187.21,2,0,0
5395,6828,187.21,2,0,0
5396,6829,187.21,2,0,0
5397,6832,187.21,2,0,0
5398,6833,187.21,2,0,0
5399,6834,187.21,2,0,0
5400,6835,187.21,2,0,0
5401,6836,187.21,2,0,0
5402,6837,187.21,2,0,0
5403,6838,187.21,2,0,0
5404,6839,187.21,2,0,0
5405,6840,187.21,2,0,0
5406,6841,187.21,2,0,0
5407,6842,187.21,2,0,0
5408,6843,187.21,2,0,0
5409,6844,187.21,2,0,0
5410,6845,187.21,2,0,0
5411,6846,187.21,2,0,0
5412,6847,187.21,2,0,0
5413,6848,187.21,2,0,0
5414,6849,187.21,2,0,0
5415,6850,187.21,2,0,0
5416,6851,187.21,2,0,0
5417,6852,187.21,2,0,0
5418,6853,187.21,2,0,0
5419,6854,187.21,2,0,0
5420,6855,208.08,3,0,0
5421,6856,208.08,2,0,0
5422,6857,208.08,2,0,0
5423,6858,208.08,2,0,0
5424,6859,208.08,3,0,0
5425,6860,174.8,2,0,0
5426,6861,174.8,2,0,0
5427,6862,174.8,2,0,0
5428,6863,174.8,2,0,0
5429,6864,174.8,2,0,0
5430,6865,174.8,2,0,0
5431,6866,174.8,2,0,0
5432,6867,174.8,2,0,0
5433,6868,174.8,2,0,0
5434,6869,174.8,2,0,0
5435,6870,174.8,2,0,0
5436,6871,174.8,2,0,0
5437,6872,174.8,2,0,0
5438,6873,174.8,2,0,0
5439,6874,174.8,2,0,0
5440,6875,174.8,2,0,0
5441,6876,174.8,2,0,0
5442,6877,174.8,2,0,0
5443,6878,174.8,2,0,0
5444,6879,174.8,2,0,0
5445,6880,174.8,2,0,0
5446,6881,174.8,2,0,0
5447,6882,174.8,2,0,0
5448,6883,174.8,2,0,0
5449,6884,174.8,2,0,0
5450,6920,174.8,2,0,0
5451,6921,174.8,2,0,0
5452,6922,162.84,2,0,0
5453,6923,162.84,2,0,0
5454,6924,162.84,2,0,0
5455,6925,162.84,2,0,0
5456,6926,162.84,2,0,0
5457,6927,162.84,2,0,0
5458,6928,162.84,2,0,0
5459,6929,162.84,2,0,0
5460,6930,162.84,2,0,0
5461,6931,162.84,2,0,0
5462,6932,162.84,2,0,0
5463,6933,162.84,2,0,0
5464,6934,162.84,2,0,0
5465,6935,162.84,2,0,0
5466,6936,162.84,2,0,0
5467,6937,162.84,2,0,0
5468,6938,162.84,2,0,0
5469,6939,162.84,2,0,0
5470,6940,162.84,2,0,0
5471,6941,162.84,2,0,0
5472,6942,162.84,2,0,0
5473,6943,162.84,2,0,0
5474,6944,162.84,2,0,0
5475,6945,162.84,2,0,0
5476,6946,162.84,2,0,0
5477,6947,162.84,2,0,0
5478,6948,174.8,2,0,0
5479,6949,174.8,2,0,0
5480,6950,0,8,0,0
5481,6951,0,8,0,0
5482,6952,183.59,2,0,0
5483,6953,93,7,0,0
5484,6954,93,7,0,0
5485,6955,93,7,0,0
5486,6956,167.04,2,0,0
5487,6957,167.04,2,0,0
5488,6959,167.04,2,0,0
5489,6960,167.04,2,0,0
5490,6961,40.52,8,0,0
5491,6962,40.52,8,0,0
5492,6964,40.52,8,0,0
5493,6965,40.52,8,0,0
5494,6966,164.99,2,0,0
5495,6967,164.99,2,0,0
5496,6969,164.99,2,0,0
5497,6970,164.99,2,0,0
5498,6971,164.99,2,0,0
5499,6972,164.99,2,0,0
5500,6974,164.99,2,0,0
5501,6975,164.99,2,0,0
5502,6976,164.99,2,0,0
5503,6977,164.99,2,0,0
5504,6978,164.99,2,0,0
5505,6979,164.99,2,0,0
5506,6980,164.99,2,0,0
5507,6981,164.99,2,0,0
5508,6983,164.99,2,0,0
5509,6984,164.99,2,0,0
5510,6985,263.99,3,0,0
5511,6986,263.99,3,0,0
5512,6988,263.99,3,0,0
5513,6989,263.99,3,0,0
5514,6990,110,1,0,0
5515,6991,110,1,0,0
5516,6992,219.92,2,0,0
5517,6993,219.92,2,0,0
5518,6994,120.32,0,0,0
5519,6995,120.32,0,0,0
5520,6996,169.99,0,0,0
5521,6997,169.99,0,0,0
5522,6998,123.25,0,0,0
5523,6999,123.25,0,0,0
5524,7000,208.08,2,0,0
5525,7002,208.08,2,0,0
5526,7003,208.08,2,0,0
5527,7004,208.08,2,0,0
5528,7005,208.08,2,0,0
5529,7006,208.08,2,0,0
5530,7007,208.08,3,0,0
5531,7008,208.08,3,0,0
5532,7009,208.08,3,0,0
5533,7011,175.23,2,0,0
5534,7012,181.05,2,0,0
5535,7015,81.8,7,0,0
5536,7017,81.8,7,0,0
5537,7018,167.26,2,0,0
5538,7019,167.26,2,0,0
5539,7020,167.26,2,0,0
5540,7021,167.26,2,0,0
5541,7022,167.26,2,0,0
5542,7023,167.26,2,0,0
5543,7024,167.26,2,0,0
5544,7025,167.26,2,0,0
5545,7026,167.26,2,0,0
5546,7027,167.26,2,0,0
5547,7028,266.75,3,0,0
5548,7029,185.87,2,0,0
5549,7030,185.87,2,0,0
5550,7031,65.95,0,0,0
5551,7032,229.99,3,0,0
5552,7033,82.45,8,0,0
5553,7036,82.45,8,0,0
5554,7038,82.45,8,0,0
5555,7040,82.45,8,0,0
5556,7041,82.45,7,0,0
5557,7043,82.45,7,0,0
5558,7044,81.8,7,0,0
5559,7045,81.8,7,0,0
5560,7046,208.08,2,0,0
5561,7047,208.08,3,0,0
5562,7048,167.04,2,0,0
5563,7049,164.99,2,0,0
5564,7050,164.99,2,0,0
5565,7051,40.52,8,0,0
5566,7052,187.21,2,0,0
5567,7053,187.21,2,0,0
5568,7054,187.21,2,0,0
5569,7055,187.21,2,0,0
5570,7056,145.96,3,0,0
5571,7057,81.8,8,0,0
5572,7058,169.81,2,0,0
5573,7059,169.81,2,0,0
5574,7060,169.81,2,0,0
5575,7061,185.69,2,0,0
5576,7063,174.8,2,0,0
5577,7064,177.79,2,0,0
5578,7065,370.33,4,0,0
5579,7066,14.22,8,0,0
5580,7068,14.22,8,0,0
5581,7070,14.22,8,0,0
5582,7071,14.22,8,0,0
5583,7072,57.45,8,0,0
5584,7074,57.45,8,0,0
5585,7075,57.45,7,0,0
5586,7076,28.7,8,0,0
5587,7077,141.58,2,0,0
5588,7078,134.5,0,0,0
5589,7080,134.5,0,0,0
5590,7081,134.5,2,0,0
5591,7082,934.96,5,0,0
5592,7083,120.32,0,0,0
5593,7085,120.32,0,0,0
5594,7087,120.32,0,0,0
5595,7088,120.32,0,0,0
5596,7089,185.22,2,0,0
5597,7090,208.91,3,0,0
5598,7093,83.41,7,0,0
5599,7095,98.14,7,0,0
5600,7097,83.41,7,0,0
5601,7098,98.14,7,0,0
5602,7099,98.17,0,0,0
5603,7100,50.67,8,0,0
5604,7101,50.67,8,0,0
5605,7102,185.87,2,0,0
5606,7104,185.87,2,0,0
5607,7106,185.87,2,0,0
5608,7107,185.87,2,0,0
5609,7108,182.6,2,0,0
5610,7109,114.55,0,0,0
5611,7111,114.55,2,0,0
5612,7113,114.55,0,0,0
5613,7114,114.55,2,0,0
5614,7115,114.55,0,0,0
5615,7116,114.55,7,0,0
5616,7118,114.55,7,0,0
5617,7120,114.55,2,0,0
5618,7121,165.94,2,0,0
5619,7122,169.45,2,0,0
5620,7123,168.88,2,0,0
5621,7124,170.55,2,0,0
5622,7125,200.97,2,0,0
5623,7126,154.84,2,0,0
5624,7127,186.35,2,0,0
5625,7128,186.35,7,0,0
5626,7129,123.36,0,0,0
5627,7130,123.36,0,0,0
5628,7131,123.36,0,0,0
5629,7132,123.36,0,0,0
5630,7133,123.36,0,0,0
5631,7134,123.36,7,0,0
5632,7135,123.36,7,0,0
5633,7136,123.36,7,0,0
5634,7137,123.36,7,0,0
5635,7139,123.36,2,0,0
5636,7140,123.36,2,0,0
5637,7142,123.36,0,0,0
5638,7143,174.22,2,0,0
5639,7144,174.87,2,0,0
5640,7145,119.46,0,0,0
5641,7146,205.52,2,0,0
5642,7147,81.38,0,0,0
5643,7148,113.12,0,0,0
5644,7150,110.24,2,0,0
5645,7151,65.95,8,0,0
5646,7152,50.38,7,0,0
5647,7153,257.32,4,0,0
5648,7154,224.09,2,0,0
5649,7155,94.15,7,0,0
5650,7156,68.41,7,0,0
5651,7157,170.86,2,0,0
5652,7158,55.62,8,0,0
5653,7159,227.45,2,0,0
5654,7160,54.48,8,0,0
5655,7161,192.09,2,0,0
5656,7162,76.56,8,0,0
5657,7163,76.56,7,0,0
5658,7164,76.56,7,0,0
5659,7165,0,8,0,0
5660,7166,232.98,2,0,0
5661,7167,232.98,2,0,0
5662,7168,232.98,2,0,0
5663,7169,167.26,2,0,0
5664,7170,0,8,0,0
5665,7171,0,8,0,0
5666,7172,234.07,3,0,0
5667,7173,0,8,0,0
5668,7174,0,8,0,0
5669,7175,0,8,0,0
5670,7179,0,8,0,0
5671,7180,187.21,2,0,0
5672,7182,187.21,2,0,0
5673,7184,187.21,2,0,0
5674,7186,187.21,2,0,0
5675,7188,187.21,2,0,0
5676,7189,187.21,2,0,0
5677,7190,187.21,2,0,0
5678,7191,187.21,2,0,0
5679,7192,187.21,2,0,0
5680,7193,187.21,2,0,0
5681,7194,187.21,2,0,0
5682,7195,187.21,2,0,0
5683,7196,187.21,2,0,0
5684,7198,187.21,2,0,0
5685,7200,187.21,2,0,0
5686,7202,187.21,2,0,0
5687,7204,167.04,2,0,0
5688,7205,40.52,8,0,0
5689,7206,164.99,2,0,0
5690,7207,164.99,2,0,0
5691,7208,164.99,2,0,0
5692,7209,164.99,2,0,0
5693,7210,263.99,3,0,0
5694,7211,208.08,2,0,0
5695,7212,208.08,2,0,0
5696,7213,208.08,2,0,0
5697,7214,208.08,3,0,0
5698,7215,192.74,2,0,0
5699,7216,192.74,2,0,0
5700,7217,254.27,3,0,0
5701,7218,181.36,2,0,0
5702,7219,181.36,2,0,0
5703,7220,181.36,2,0,0
5704,7221,110,1,0,0
5705,7223,166.5,2,0,0
5706,7225,121.94,2,0,0
5707,7226,184.6,2,0,0
5708,7227,184.6,2,0,0
5709,7228,184.6,2,0,0
5710,7229,184.6,2,0,0
5711,7230,184.6,2,0,0
5712,7231,180.97,2,0,0
5713,7232,180.97,2,0,0
5714,7233,162.55,2,0,0
5715,7234,201.28,2,0,0
5716,7235,0,8,0,0
5717,7236,0,8,0,0
5718,7237,0,8,0,0
5719,7238,159.89,2,0,0
5720,7239,159.89,2,0,0
5721,7240,152.31,2,0,0
5722,7241,164.99,2,0,0
5723,7242,164.99,2,0,0
5724,7243,164.99,2,0,0
5725,7245,164.99,2,0,0
5726,7246,164.99,2,0,0
5727,7247,164.99,2,0,0
5728,7249,185.51,2,0,0
5729,7250,185.51,2,0,0
5730,7251,185.51,2,0,0
5731,7253,185.51,2,0,0
5732,7254,185.51,2,0,0
5733,7255,185.51,2,0,0
5734,7257,165.08,2,0,0
5735,7258,165.08,2,0,0
5736,7259,165.08,2,0,0
5737,7261,165.08,2,0,0
5738,7262,165.08,2,0,0
5739,7263,165.08,2,0,0
5740,7265,170.86,2,0,0
5741,7266,170.86,7,0,0
5742,7267,170.86,2,0,0
5743,7268,170.86,2,0,0
5744,7269,170.86,2,0,0
5745,7270,170.86,2,0,0
5746,7271,170.86,2,0,0
5747,7272,170.86,2,0,0
5748,7278,68.41,7,0,0
5749,7279,192.81,2,0,0
5750,7280,203.36,2,0,0
5751,7281,182.64,2,0,0
5752,7282,182.64,2,0,0
5753,7283,146.23,2,0,0
5754,7284,182.64,2,0,0
5755,7285,190.8,2,0,0
5756,7286,182.64,2,0,0
5757,7287,182.64,2,0,0
5758,7288,182.64,2,0,0
5759,7289,121.94,0,0,0
5760,7290,166.5,2,0,0
5761,7291,166.5,2,0,0
5762,7292,146.73,0,0,0
5763,7293,116.02,0,0,0
5764,7294,153.47,0,0,0
5765,7295,208,2,0,0
5766,7296,181.36,2,0,0
5767,7297,181.36,2,0,0
5768,7298,181.36,2,0,0
5769,7299,0,8,0,0
5770,7300,0,8,0,0
5771,7301,0,8,0,0
5772,7302,319.92,3,0,0
5773,7303,254.27,2,0,0
5774,7305,254.27,3,0,0
5775,7306,0,8,0,0
5776,7307,168.82,4,0,0
5777,7308,192.74,2,0,0
5778,7309,192.74,2,0,0
5779,7310,120.12,0,0,0
5780,7311,119.38,0,0,0
5781,7312,120.12,2,0,0
5782,7313,184.33,2,0,0
5783,7314,184.33,2,0,0
5784,7315,189.5,2,0,0
5785,7316,189.5,2,0,0
5786,7317,164.99,2,0,0
5787,7318,54.48,7,0,0
5788,7319,42.3,8,0,0
5789,7320,45.14,8,0,0
5790,7321,36.85,8,0,0
5791,7322,77.29,7,0,0
5792,7323,192.09,2,0,0
5793,7324,0,8,0,0
5794,7325,0,8,0,0
5795,7326,0,8,0,0
5796,7327,228.76,2,0,0
5797,7328,156.73,2,0,0
5798,7329,156.73,2,0,0
5799,7330,156.73,2,0,0
5800,7331,145.96,2,0,0
5801,7332,145.96,4,0,0
5802,7333,145.96,2,0,0
5803,7334,145.96,2,0,0
5804,7335,179.59,2,0,0
5805,7336,179.59,2,0,0
5806,7337,179.59,2,0,0
5807,7338,232.98,2,0,0
5808,7339,209.76,2,0,0
5809,7340,395.61,3,0,0
5810,7341,395.61,3,0,0
5811,7342,158.39,2,0,0
5812,7343,47.13,8,0,0
5813,7344,158.39,2,0,0
5814,7345,287.68,3,0,0
5815,7346,287.68,3,0,0
5816,7349,0,8,0,0
5817,7350,0,8,0,0
5818,7352,203.39,2,0,0
5819,7354,214.48,2,0,0
5820,7356,214.76,2,0,0
5821,7358,214.82,2,0,0
5822,7360,220.59,2,0,0
5823,7361,220.59,2,0,0
5824,7362,220.59,2,0,0
5825,7363,220.59,2,0,0
5826,7364,220.59,2,0,0
5827,7366,212.18,3,0,0
5828,7368,221.12,2,0,0
5829,7370,212.18,2,0,0
5830,7371,0,8,0,0
5831,7373,212.18,2,0,0
5832,7375,214.49,2,0,0
5833,7377,208.41,2,0,0
5834,7379,221.46,2,0,0
5835,7381,216.08,2,0,0
5836,7383,222.91,2,0,0
5837,7385,216.93,2,0,0
5838,7386,0,8,0,0
5839,7388,212.18,2,0,0
5840,7390,221.49,2,0,0
5841,7391,0,8,0,0
5842,7392,0,8,0,0
5843,7393,208,2,0,0
5844,7394,208,2,0,0
5845,7395,208,2,0,0
5846,7396,208,2,0,0
5847,7397,208,2,0,0
5848,7399,172.21,2,0,0
5849,7400,172.21,2,0,0
5850,7402,180.37,2,0,0
5851,7403,180.37,2,0,0
5852,7404,180.37,2,0,0
5853,7406,195.6,2,0,0
5854,7407,195.6,2,0,0
5855,7408,195.6,2,0,0
5856,7409,189.66,2,0,0
5857,7410,189.66,2,0,0
5858,7411,189.14,2,0,0
5859,7412,189.14,2,0,0
5860,7413,189.59,2,0,0
5861,7414,189.59,2,0,0
5862,7415,196.28,2,0,0
5863,7416,196.28,2,0,0
5864,7417,195.6,2,0,0
5865,7419,195.6,2,0,0
5866,7420,195.6,2,0,0
5867,7421,195.6,2,0,0
5868,7422,189.66,2,0,0
5869,7423,189.66,2,0,0
5870,7424,189.14,2,0,0
5871,7425,189.14,2,0,0
5872,7426,189.59,2,0,0
5873,7427,189.59,2,0,0
5874,7428,196.28,2,0,0
5875,7429,196.28,2,0,0
5876,7431,208.54,2,0,0
5877,7432,303.76,2,0,0
5878,7434,47.13,7,0,0
5879,7435,47.13,7,0,0
5880,7436,47.13,7,0,0
5881,7438,0,8,0,0
5882,7439,173.31,2,0,0
5883,7441,173.31,2,0,0
5884,7443,173.31,2,0,0
5885,7445,173.31,2,0,0
5886,7446,173.31,2,0,0
5887,7448,43.44,8,0,0
5888,7449,71.22,7,0,0
5889,7452,121.94,0,0,0
5890,7453,121.94,2,0,0
5891,7454,192.05,2,0,0
5892,7457,192.05,2,0,0
5893,7460,130.94,0,0,0
5894,7461,96.45,0,0,0
5895,7463,138.49,0,0,0
5896,7465,2,8,0,0
5897,7466,2,8,0,0
5898,7467,32.52,8,0,0
5899,7468,32.52,8,0,0
5900,7469,32.52,8,0,0
5901,7470,149.34,2,0,0
5902,7471,115.03,0,0,0
5903,7472,115.03,0,0,0
5904,7473,118.82,0,0,0
5905,7474,244.92,2,0,0
5906,7475,244.92,2,0,0
5907,7476,256.66,3,0,0
5908,7477,281.31,3,0,0
5909,7478,135.63,0,0,0
5910,7479,129.34,0,0,0
5911,7480,129.34,0,0,0
5912,7481,134.43,0,0,0
5913,7482,134.43,0,0,0
5914,7483,196,2,0,0
5915,7484,196,2,0,0
5916,7486,196,2,0,0
5917,7487,196,2,0,0
5918,7489,196,2,0,0
5919,7490,196,2,0,0
5920,7492,173.66,2,0,0
5921,7493,173.66,2,0,0
5922,7495,196,2,0,0
5923,7496,0,8,0,0
5924,7497,0,8,0,0
5925,7498,0,8,0,0
5926,7499,0,8,0,0
5927,7500,0,8,0,0
5928,7501,0,8,0,0
5929,7502,0,8,0,0
5930,7503,0,8,0,0
5931,7504,209.76,2,0,0
5932,7505,413.48,5,0,0
5933,7506,170.6,2,0,0
5934,7507,209.76,2,0,0
5935,7508,186.01,2,0,0
5936,7509,186.01,2,0,0
5937,7510,186.01,2,0,0
5938,7511,186.01,2,0,0
5939,7512,186.01,2,0,0
5940,7513,186.01,2,0,0
5941,7514,186.01,2,0,0
5942,7515,186.01,2,0,0
5943,7516,164.99,2,0,0
5944,7517,185.69,3,0,0
5945,7518,185.69,3,0,0
5946,7519,185.69,3,0,0
5947,7520,208.91,3,0,0
5948,7521,57.52,8,0,0
5949,7523,0,8,0,0
5950,7524,0,8,0,0
5951,7525,0,8,0,0
5952,7526,287.76,3,0,0
5953,7527,287.76,3,0,0
5954,7529,287.76,3,0,0
5955,7531,287.76,3,0,0
5956,7533,229.15,2,0,0
5957,7535,229.15,2,0,0
5958,7537,229.15,2,0,0
5959,7539,229.15,2,0,0
5960,7541,229.15,2,0,0
5961,7543,229.15,2,0,0
5962,7545,42.11,8,0,0
5963,7547,168.35,2,0,0
5964,7549,169.66,2,0,0
5965,7551,171.43,2,0,0
5966,7553,150.76,0,0,0
5967,7554,150.76,0,0,0
5968,7556,161.31,2,0,0
5969,7557,161.31,2,0,0
5970,7559,200.8,2,0,0
5971,7561,200.8,2,0,0
5972,7563,200.8,2,0,0
5973,7565,200.8,2,0,0
5974,7567,245.55,3,0,0
5975,7569,245.55,3,0,0
5976,7571,245.55,2,0,0
5977,7572,245.55,2,0,0
5978,7573,200.8,3,0,0
5979,7574,200.8,3,0,0
5980,7577,200.8,3,0,0
5981,7578,200.8,3,0,0
5982,7581,200.8,3,0,0
5983,7582,200.8,3,0,0
5984,7585,245.55,3,0,0
5985,7586,245.55,3,0,1059481190
5986,7589,209.88,3,0,0
5987,7591,209.88,3,0,0
5988,7593,209.88,3,0,0
5989,7594,210.16,2,0,0
5990,7595,210.16,2,0,0
5991,7597,210.16,2,0,0
5992,7598,108.13,0,0,0
5993,7599,108.13,0,0,0
5994,7601,0,8,0,0
5995,7602,119.46,0,0,0
5996,7603,164.79,2,0,0
5997,7604,182.76,2,0,0
5998,7605,124.09,0,0,0
5999,7606,214.05,2,0,0
6000,7607,156.87,2,0,0
6001,7608,156.87,2,0,0
6002,7609,206.86,2,0,0
6003,7610,197.73,2,0,0
6004,7611,200.41,2,0,0
6005,7612,17.47,8,0,0
6006,7613,192.02,2,0,0
6007,7614,192.02,2,0,0
6008,7615,167.26,2,0,0
6009,7616,167.26,2,0,0
6010,7617,110.24,2,0,0
6011,7618,65.95,8,0,0
6012,7619,164.3,2,0,0
6013,7620,164.3,2,0,0
6014,7621,164.3,2,0,0
6015,7622,192.09,2,0,0
6016,7623,227.45,2,0,0
6017,7624,153.58,2,0,0
6018,7625,153.58,2,0,0
6019,7626,121.94,2,0,0
6020,7627,166.5,2,0,0
6021,7628,208,2,0,0
6022,7629,164.99,2,0,0
6023,7630,168.35,2,0,0
6024,7631,169.66,2,0,0
6025,7632,171.43,2,0,0
6026,7633,200.8,2,0,0
6027,7634,200.8,2,0,0
6028,7635,200.8,2,0,0
6029,7636,200.8,2,0,0
6030,7637,229.15,2,0,0
6031,7638,229.15,2,0,0
6032,7639,229.15,2,0,0
6033,7640,229.15,2,0,0
6034,7641,42.11,8,0,0
6035,7642,42.11,8,0,0
6036,7643,42.11,7,0,0
6037,7644,42.11,7,0,0
6038,7645,42.11,7,0,0
6039,7646,42.11,7,0,0
6040,7647,148.55,0,0,0
6041,7648,148.55,0,0,0
6042,7650,210.99,2,0,0
6043,7651,210.99,2,0,0
6044,7653,227.54,2,0,0
6045,7654,227.54,2,0,0
6046,7656,180.37,2,0,0
6047,7657,232.98,2,0,0
6048,7658,209.76,2,0,0
6049,7659,0,8,0,0
6050,7660,0,8,0,0
6051,7661,0,8,0,0
6052,7662,0,8,0,0
6053,7663,194.88,2,0,0
6054,7664,192.57,2,0,0
6055,7665,192.73,2,0,0
6056,7666,191.07,2,0,0
6057,7667,194.88,2,0,0
6058,7668,194.88,2,0,0
6059,7669,192.57,2,0,0
6060,7670,192.73,2,0,0
6061,7671,191.07,2,0,0
6062,7672,194.88,2,0,0
6063,7677,194.88,2,0,0
6064,7680,177.65,2,0,0
6065,7683,190.31,2,0,0
6066,7684,194.88,2,0,0
6067,7685,177.65,2,0,0
6068,7686,190.31,2,0,0
6069,7687,191.32,2,0,0
6070,7690,179.72,2,0,0
6071,7693,178.36,2,0,0
6072,7694,178.36,2,0,0
6073,7695,348.36,4,0,0
6074,7696,182.73,2,0,0
6075,7697,182.73,2,0,0
6076,7700,182.73,2,0,0
6077,7703,182.73,2,0,0
6078,7706,182.73,2,0,0
6079,7707,182.73,2,0,0
6080,7708,213.94,2,0,0
6081,7711,206.96,2,0,0
6082,7714,191.1,3,0,0
6083,7715,0,8,0,0
6084,7716,0,8,0,0
6085,7717,0,8,0,0
6086,7718,0,8,0,0
6087,7719,194.89,2,0,0
6088,7722,162.55,2,0,0
6089,7725,194.89,2,0,0
6090,7726,162.55,2,0,0
6091,7727,0,8,0,0
6092,7728,201.28,2,0,0
6093,7729,162.44,2,0,0
6094,7732,162.44,2,0,0
6095,7735,201.28,2,0,0
6096,7736,162.44,2,0,0
6097,7737,162.44,2,0,0
6098,7738,208.59,3,0,0
6099,7741,185.91,2,0,0
6100,7744,185.61,2,0,0
6101,7745,185.61,2,0,0
6102,7746,185.61,2,0,0
6103,7747,190.86,2,0,0
6104,7748,172.29,2,0,0
6105,7749,172.29,2,0,0
6106,7750,214.84,2,0,0
6107,7751,172.29,2,0,0
6108,7752,172.29,2,0,0
6109,7753,214.84,2,0,0
6110,7760,181.66,2,0,0
6111,7761,162.83,2,0,0
6112,7762,181.66,2,0,0
6113,7763,162.83,2,0,0
6114,7768,192.49,2,0,0
6115,7771,193.78,2,0,0
6116,7774,200.56,4,0,0
6117,7775,391.45,4,0,0
6118,7777,187.21,2,0,0
6119,7778,187.21,2,0,0
6120,7779,187.21,2,0,0
6121,7780,187.21,2,0,0
6122,7781,187.21,2,0,0
6123,7782,187.21,2,0,0
6124,7789,167.04,2,0,0
6125,7790,167.04,2,0,0
6126,7793,166.16,2,0,0
6127,7794,166.16,2,0,0
6128,7796,166.16,2,0,0
6129,7798,266.23,3,0,0
6130,7799,166.16,2,0,0
6131,7800,266.23,3,0,0
6132,7801,187.21,2,0,0
6133,7804,204.96,3,0,0
6134,7807,209.14,3,0,0
6135,7808,40.52,8,0,0
6136,7809,536.36,5,0,0
6137,7810,113.6,0,0,0
6138,7811,113.6,0,0,0
6139,7812,113.6,0,0,0
6140,7813,113.6,0,0,0
6141,7814,113.6,0,0,0
6142,7815,113.6,0,0,0
6143,7816,0,8,0,0
6144,7817,0,8,0,0
6145,7818,0,8,0,0
6146,7819,63.54,7,0,0
6147,7820,63.9,7,0,0
6148,7821,55.37,8,0,0
6149,7822,125.29,0,0,0
6150,7823,55.37,8,0,0
6151,7824,125.29,0,0,0
6152,7825,87.01,7,0,0
6153,7826,75.32,7,0,0
6154,7827,38.38,8,0,0
6155,7828,91.44,7,0,0
6156,7829,70.51,7,0,0
6157,7830,67.87,7,0,0
6158,7831,0,8,0,0
6159,7832,201.28,2,0,0
6160,7833,186.01,2,0,0
6161,7834,202.13,2,0,0
6162,7835,214.41,2,0,0
6163,7836,222.22,2,0,0
6164,7837,202.13,2,0,0
6165,7838,202.13,2,0,0
6166,7839,0,8,0,0
6167,7840,0,8,0,0
6168,7841,196.28,2,0,0
6169,7842,196.28,2,0,0
6170,7843,121.94,2,0,0
6171,7844,232.98,2,0,0
6172,7845,209.76,2,0,0
6173,7846,164.99,2,0,0
6174,7847,164.99,2,0,0
6175,7848,165.08,2,0,0
6176,7849,165.08,2,0,0
6177,7850,165.08,2,0,0
6178,7851,164.99,2,0,0
6179,7852,164.99,2,0,0
6180,7853,165.08,2,0,0
6181,7854,165.08,2,0,0
6182,7855,165.08,2,0,0
6183,7856,181.8,2,0,0
6184,7857,185.22,2,0,0
6185,7858,208.91,3,0,0
6186,7859,185.69,2,0,0
6187,7860,208.86,2,0,0
6188,7861,202.1,2,0,0
6189,7862,202.1,2,0,0
6190,7863,181.36,2,0,0
6191,7864,181.36,2,0,0
6192,7865,164.99,2,0,0
6193,7866,164.99,2,0,0
6194,7867,208.08,2,0,0
6195,7868,257.32,4,0,0
6196,7869,167.26,2,0,0
6197,7870,257.32,4,0,0
6198,7871,167.26,2,0,0
6199,7872,184.33,2,0,0
6200,7873,189.5,2,0,0
6201,7874,184.33,2,0,0
6202,7875,121.94,2,0,0
6203,7876,121.94,2,0,0
6204,7877,181.36,2,0,0
6205,7878,181.36,2,0,0
6206,7879,0,8,0,0
6207,7880,123.36,0,0,0
6208,7881,189.86,2,0,0
6209,7882,196.46,2,0,0
6210,7883,174.18,2,0,0
6211,7884,172.49,2,0,0
6212,7885,189.2,2,0,0
6213,7886,171.79,2,0,0
6214,7887,47.13,7,0,0
6215,7888,0,8,0,0
6216,7889,55.62,8,0,0
6217,7890,0,8,0,0
6218,7891,0,8,0,0
6219,7892,0,8,0,0
6220,7893,0,8,0,0
6221,7894,0,8,0,0
6222,7895,0,8,0,0
6223,7896,0,8,0,0
6224,7897,228.76,4,0,0
6225,7898,131.07,0,0,0
6226,7899,230.13,2,0,0
6227,7900,0,8,0,0
6228,7901,0,8,0,0
6229,7902,116.48,0,0,0
6230,7903,216.33,2,0,0
6231,7904,216.33,2,0,0
6232,7905,216.33,2,0,0
6233,7906,216.33,2,0,0
6234,7907,216.33,2,0,0
6235,7908,249.5,3,0,0
6236,7909,249.5,3,0,0
6237,7910,249.5,3,0,0
6238,7911,249.5,3,0,0
6239,7912,249.5,3,0,0
6240,7913,256.42,3,0,0
6241,7914,256.42,3,0,0
6242,7915,256.42,3,0,0
6243,7916,256.42,3,0,0
6244,7917,256.42,3,0,0
6245,7918,322.96,4,0,0
6246,7919,322.96,4,0,0
6247,7920,322.96,4,0,0
6248,7921,322.96,4,0,0
6249,7922,322.96,4,0,0
6250,7923,233.27,2,0,0
6251,7924,233.27,2,0,0
6252,7925,233.27,2,0,0
6253,7926,233.27,2,0,0
6254,7927,233.27,2,0,0
6255,7928,260.1,3,0,0
6256,7929,260.1,3,0,0
6257,7930,260.1,3,0,0
6258,7931,260.1,3,0,0
6259,7932,260.1,3,0,0
6260,7933,169.81,2,0,0
6261,7934,169.81,2,0,0
6262,7935,169.81,2,0,0
6263,7936,34.55,8,0,0
6264,7937,217.8,2,0,0
6265,7938,119.38,0,0,0
6266,7939,119.38,0,0,0
6267,7940,120.12,0,0,0
6268,7941,119.38,0,0,0
6269,7942,119.38,2,0,0
6270,7943,0,8,0,0
6271,7944,0,8,0,0
6272,7945,113.12,0,0,0
6273,7946,24.55,8,0,0
6274,7947,119.46,0,0,0
6275,7948,119.46,7,0,0
6276,7949,255.25,3,0,0
6277,7950,255.25,4,0,0
6278,7951,186.94,2,0,0
6279,7952,186.94,4,0,0
6280,7953,192.52,2,0,0
6281,7954,192.52,2,0,0
6282,7955,182.6,2,0,0
6283,7956,153.47,2,0,0
6284,7957,254.27,3,0,0
6285,7958,254.27,4,0,0
6286,7959,254.27,2,0,0
6287,7960,111.31,0,0,0
6288,7961,114.55,0,0,0
6289,7962,114.55,2,0,0
6290,7963,165.49,2,0,0
6291,7964,165.49,2,0,0
6292,7965,165.49,2,0,0
6293,7966,165.49,2,0,0
6294,7967,165.49,2,0,0
6295,7968,165.49,2,0,0
6296,7969,165.08,2,0,0
6297,7970,283.66,3,0,0
6298,7971,303.76,4,0,0
6299,7972,208,3,0,0
6300,7973,165.49,2,0,0
6301,7974,165.49,2,0,0
6302,7975,165.49,2,0,0
6303,7976,135.49,7,0,0
6304,7977,169.45,2,0,0
6305,7978,168.88,2,0,0
6306,7979,169.45,2,0,0
6307,7980,168.88,2,0,0
6308,7981,170.55,2,0,0
6309,7982,200.97,2,0,0
6310,7983,224.09,2,0,0
6311,7984,170.86,3,0,0
6312,7985,170.86,0,0,0
6313,7986,185.87,2,0,0
6314,7987,181.36,2,0,0
6315,7988,181.36,2,0,0
6316,7989,181.36,2,0,0
6317,7990,181.36,2,0,0
6318,7991,181.36,2,0,0
6319,7992,181.36,2,0,0
6320,7993,181.36,2,0,0
6321,7994,181.36,2,0,0
6322,7995,181.36,2,0,0
6323,7996,181.36,2,0,0
6324,7997,181.36,2,0,0
6325,7998,181.36,2,0,0
6326,7999,189.86,2,0,0
6327,8000,196.46,2,0,0
6328,8001,181.38,2,0,0
6329,8002,174.18,2,0,0
6330,8003,172.49,2,0,0
6331,8004,171.79,2,0,0
6332,8005,181.36,2,0,0
6333,8006,125.47,0,0,0
6334,8007,125.47,0,0,0
6335,8008,125.47,2,0,0
6336,8009,125.47,2,0,0
6337,8010,123.36,7,0,0
6338,8011,123.36,7,0,0
6339,8012,123.36,7,0,0
6340,8013,125.47,0,0,0
6341,8014,123.36,2,0,0
6342,8015,88.57,7,0,0
6343,8016,88.57,7,0,0
6344,8017,94.15,7,0,0
6345,8018,94.15,7,0,0
6346,8019,88.57,7,0,0
6347,8020,94.15,8,0,0
6348,8021,94.15,8,0,0
6349,8022,94.15,7,0,0
6350,8023,82.45,0,0,0
6351,8024,95.91,7,0,0
6352,8025,0,8,0,0
6353,8026,181.36,2,0,0
6354,8027,190.8,2,0,0
6355,8028,190.8,2,0,0
6356,8029,190.8,4,0,0
6357,8030,190.8,2,0,0
6358,8031,172.08,2,0,0
6359,8032,176.53,2,0,0
6360,8033,182.73,2,0,0
6361,8034,182.73,2,0,0
6362,8035,182.73,2,0,0
6363,8036,182.73,2,0,0
6364,8037,182.73,2,0,0
6365,8038,182.73,2,0,0
6366,8039,182.73,2,0,0
6367,8040,182.73,4,0,0
6368,8041,83.3,7,0,0
6369,8042,83.3,7,0,0
6370,8043,83.3,7,0,0
6371,8044,83.3,7,0,0
6372,8045,153.58,3,0,0
6373,8046,83.3,7,0,0
6374,8047,42.3,8,0,0
6375,8048,45.14,8,0,0
6376,8049,36.85,8,0,0
6377,8050,77.29,7,0,0
6378,8051,42.3,8,0,0
6379,8052,45.14,8,0,0
6380,8053,36.85,8,0,0
6381,8054,77.29,7,0,0
6382,8055,54.48,8,0,0
6383,8056,54.64,8,0,0
6384,8057,192.09,7,0,0
6385,8058,192.09,2,0,0
6386,8059,201.89,2,0,0
6387,8060,176.06,2,0,0
6388,8061,176.06,2,0,0
6389,8062,160.51,2,0,0
6390,8063,173.31,2,0,0
6391,8064,0,8,0,0
6392,8065,0,8,0,0
6393,8066,182.15,2,0,0
6394,8067,182.15,2,0,0
6395,8068,176.17,2,0,0
6396,8069,182.15,2,0,0
6397,8070,182.15,2,0,0
6398,8071,176.17,4,0,0
6399,8072,164.99,2,0,0
6400,8073,164.99,2,0,0
6401,8074,164.99,2,0,0
6402,8075,263.99,3,0,0
6403,8076,208,2,0,0
6404,8077,47.13,7,0,0
6405,8078,120.32,0,0,0
6406,8079,120.32,0,0,0
6407,8080,120.32,0,0,0
6408,8081,120.32,0,0,0
6409,8082,219.92,2,0,0
6410,8083,219.92,2,0,0
6411,8084,219.92,4,0,0
6412,8085,164.3,2,0,0
6413,8086,145.52,2,0,0
6414,8087,164.3,2,0,0
6415,8088,145.52,2,0,0
6416,8089,62.35,7,0,0
6417,8090,164.3,2,0,0
6418,8091,164.3,2,0,0
6419,8092,164.3,2,0,0
6420,8093,164.3,3,0,0
6421,8094,0,8,0,0
6422,8095,181.8,2,0,0
6423,8096,181.8,2,0,0
6424,8097,180.97,2,0,0
6425,8098,161.38,2,0,0
6426,8099,161.38,2,0,0
6427,8100,192.05,2,0,0
6428,8101,180.37,2,0,0
6429,8102,161.38,3,0,0
6430,8103,40.52,8,0,0
6431,8104,40.52,8,0,0
6432,8105,110,1,0,0
6433,8106,40.52,8,0,0
6434,8107,40.52,8,0,0
6435,8108,40.52,7,0,0
6436,8109,0,8,0,0
6437,8110,536.36,4,0,0
6438,8111,218.73,2,0,0
6439,8112,188.47,2,0,0
6440,8113,191.36,2,0,0
6441,8114,218.73,2,0,0
6442,8115,188.47,2,0,0
6443,8116,191.36,2,0,0
6444,8117,144.93,2,0,0
6445,8118,235.99,2,0,0
6446,8119,236.78,2,0,0
6447,8120,236.78,4,0,0
6448,8121,0,8,0,0
6449,8122,236.78,2,0,0
6450,8123,183.36,2,0,0
6451,8124,159.26,2,0,0
6452,8125,183.36,2,0,0
6453,8126,159.26,2,0,0
6454,8127,183.36,2,0,0
6455,8128,159.26,2,0,0
6456,8129,183.36,2,0,0
6457,8130,183.36,4,0,0
6458,8131,0,8,0,0
6459,8132,107.98,0,0,0
6460,8133,176.51,0,0,0
6461,8134,156.87,2,0,0
6462,8135,176.51,0,0,0
6463,8136,156.87,2,0,0
6464,8137,156.87,2,0,0
6465,8138,214.05,2,0,0
6466,8139,214.05,2,0,0
6467,8140,212.58,2,0,0
6468,8141,118.53,0,0,0
6469,8142,212.58,3,0,0
6470,8143,0,8,0,0
6471,8144,0,8,0,0
6472,8145,0,8,0,0
6473,8146,0,8,0,0
6474,8147,0,8,0,0
6475,8148,0,8,0,0
6476,8149,0,8,0,0
6477,8150,0,8,0,0
6478,8151,0,8,0,0
6479,8152,0,8,0,0
6480,8153,0,8,0,0
6481,8154,0,8,0,0
6482,8155,257.32,3,0,0
6483,8156,536.36,3,0,0
6484,8158,91.74,8,0,0
6485,8159,91.74,8,0,0
6486,8160,86.38,8,0,0
6487,8161,86.38,8,0,0
6488,8162,165.54,2,0,0
6489,8164,14.23,8,0,0
6490,8165,180.37,2,0,0
6491,8166,163,2,0,0
6492,8167,163,2,0,0
6493,8168,163,2,0,0
6494,8169,163,2,0,0
6495,8170,163,2,0,0
6496,8171,163,2,0,0
6497,8172,163,2,0,0
6498,8173,163,2,0,0
6499,8174,163,2,0,0
6500,8175,163,2,0,0
6501,8176,163,2,0,0
6502,8177,163,3,0,0
6503,8178,163,2,0,0
6504,8179,163,2,0,0
6505,8180,163,2,0,0
6506,8183,267.21,0,0,0
6507,8187,137.89,0,0,0
6508,8188,137.89,0,0,0
6509,8189,137.89,0,0,0
6510,8190,137.89,0,0,0
6511,8191,137.89,0,0,0
6512,8192,138.59,0,0,0
6513,8193,132.49,0,0,0
6514,8194,130.94,0,0,0
6515,8195,167.3,2,0,0
6516,8196,139.16,0,0,0
6517,8197,152.31,2,0,0
6518,8198,167.3,2,0,0
6519,8199,139.72,0,0,0
6520,8200,88.56,7,0,0
6521,8201,208.54,2,0,0
6522,8202,138.59,0,0,0
6523,8204,129.8,0,0,0
6524,8205,132.49,0,0,0
6525,8206,130.94,0,0,0
6526,8207,167.3,2,0,0
6527,8208,139.16,0,0,0
6528,8209,152.31,2,0,0
6529,8210,167.3,2,0,0
6530,8211,139.72,0,0,0
6531,8212,88.56,7,0,0
6532,8213,208.54,2,0,0
6533,8214,129.8,0,0,0
6534,9000,154.14,7,0,0
6535,9001,154.14,7,-8,1068289229
6536,8215,232.98,2,0,0
6537,8216,209.76,2,0,0
6538,8217,196.84,2,0,0
6539,8219,196.84,2,0,0
6540,8221,211.2,2,0,0
6541,8222,211.2,2,0,0
6542,8225,0,8,0,0
6543,8226,0,8,0,0
6544,8227,222.37,2,0,0
6545,8228,176.06,2,0,0
6546,8229,230.44,2,0,0
6547,8230,183.41,2,0,0
6548,8231,160.51,2,0,0
6549,8232,181.66,2,0,0
6550,8233,199.51,2,0,0
6551,8241,121.94,2,0,0
6552,8242,146.73,0,0,0
6553,8243,1.5,8,0,0
6554,8244,197.68,2,0,0
6555,8246,197.68,2,0,0
6556,8247,189.59,2,0,0
6557,8248,189.59,2,0,0
6558,8252,192.66,2,0,0
6559,8253,179.47,2,0,0
6560,8254,198.56,2,0,0
6561,8255,198.56,2,0,0
6562,8256,193.29,2,0,0
6563,8257,139.16,0,0,0
6564,8258,210.63,2,0,0
6565,8259,28.35,8,0,0
6566,8260,0,8,0,0
6567,8261,0,8,0,0
6568,8270,191.68,2,0,0
6569,8272,191.68,2,0,0
6570,8273,214.92,2,0,0
6571,8274,214.92,2,0,0
6572,8278,0,8,0,0
6573,8279,536.36,5,0,0
6574,8280,536.36,5,0,0
6575,8281,110,1,0,0
6576,8282,42.53,8,0,0
6577,8283,17.47,8,0,0
6578,8284,95.91,7,0,0
6579,8285,95.91,8,0,0
6580,8286,536.36,5,0,0
6581,8287,536.36,5,0,0
6582,8288,101.11,0,0,0
6583,8289,186.98,2,0,0
6584,8290,197.01,2,0,0
6585,8291,111.31,0,0,0
6586,8300,194.51,2,0,0
6587,8302,194.51,2,0,0
6588,8303,253.41,3,0,0
6589,8304,253.41,3,0,0
6590,8308,156.87,2,0,0
6591,8309,156.87,2,0,0
6592,8310,214.05,2,0,0
6593,8311,214.05,2,0,0
6594,8312,213.42,2,0,0
6595,8313,213.42,2,0,0
6596,8314,210.47,2,0,0
6597,8315,210.47,2,0,0
6598,8316,138.43,0,0,0
6599,8317,176.51,0,0,0
6600,8318,178.48,2,0,0
6601,8319,193.49,2,0,0
6602,8320,212.53,2,0,0
6603,8321,211.25,2,0,0
6604,8332,156.87,2,0,0
6605,8333,156.87,2,0,0
6606,8334,214.05,2,0,0
6607,8335,214.05,2,0,0
6608,8336,213.42,2,0,0
6609,8337,213.42,2,0,0
6610,8338,210.47,2,0,0
6611,8339,210.47,2,0,0
6612,8340,176.51,0,0,0
6613,8341,253.41,3,0,0
6614,8342,0,8,0,0
6615,8343,14.55,8,0,0
6616,8344,15.39,8,0,0
6617,8345,15.18,8,0,0
6618,8346,16.28,8,0,0
6619,8347,16.31,8,0,0
6620,8348,13.67,8,0,0
6621,8349,17.69,8,0,0
6622,8350,17.49,8,0,0
6623,8351,16.24,8,0,0
6624,8352,14.3,8,0,0
6625,8353,20.27,8,0,0
6626,8354,29.14,8,0,0
6627,8355,18.22,8,0,0
6628,8356,25.04,8,0,0
6629,8357,16.24,8,0,0
6630,8358,23.41,8,0,0
6631,8359,0,8,0,0
6632,8360,0,8,0,0
6633,8361,0,8,0,0
6634,8362,0,8,0,0
6635,8363,253.41,3,0,0
6636,8365,204.7,2,0,0
6637,8366,266.88,3,0,0
6638,8367,870.21,5,0,0
6639,8368,870.21,5,0,0
6640,8372,0,8,0,0
6641,8376,0,8,0,0
6642,8377,0,8,0,0
6643,8378,182.76,2,0,0
6644,8379,189.86,2,0,0
6645,8380,173.02,2,0,0
6646,8381,174.18,2,0,0
6647,8382,172.49,2,0,0
6648,8383,171.79,2,0,0
6649,8384,201.57,2,0,0
6650,8385,193.01,2,0,0
6651,8386,193.01,2,0,0
6652,8387,193.01,2,0,0
6653,8388,178.64,2,0,0
6654,8389,173.66,2,0,0
6655,8390,196,2,0,0
6656,8391,201.89,2,0,0
6657,8392,391.45,4,0,0
6658,8393,218.73,2,0,0
6659,8394,187.92,2,0,0
6660,8395,191.36,2,0,0
6661,8396,189.99,2,0,0
6662,8397,176.47,2,0,0
6663,8398,176.47,2,0,0
6664,8399,176.47,2,0,0
6665,8400,190.75,2,0,0
6666,8401,156.73,2,0,0
6667,8402,161.12,2,0,0
6668,8403,191.46,2,0,0
6669,8404,184.77,2,0,0
6670,8405,170.6,2,0,0
6671,8406,159.92,2,0,0
6672,8434,217.28,2,0,0
6673,8435,217.28,2,0,0
6674,8436,458.79,5,0,0
6675,8514,74.31,7,0,0
6676,8516,119.38,0,0,0
6677,8519,155,2,0,0
6678,8521,120.32,0,0,0
6679,8523,68.41,7,0,0
6680,8525,224.09,2,0,0
6681,8527,113.12,0,0,0
6682,8530,169.45,2,0,0
6683,8532,219.92,2,0,0
6684,8535,220,2,0,0
6685,8538,224.09,2,0,0
6686,8541,119.38,0,0,0
6687,8544,130,0,0,0
6688,8546,230,2,0,0
6689,8549,316.77,4,0,0
6690,8552,85,7,0,0
6691,8555,14.22,8,0,0
6692,8558,7.5,8,0,0
6693,8561,42.53,8,0,0
6694,8564,94.15,7,0,0
6695,8566,42.53,8,0,0
6696,8568,65,8,0,0
6697,8570,7.5,8,0,0
6698,8572,42.53,8,0,0
6699,8574,95.91,8,0,0
6700,8576,95.91,8,0,0
6701,8577,110,0,0,0
6702,8579,227.45,2,0,0
6703,8582,93.63,7,0,0
6704,8586,233.24,0,0,0
6705,8589,174.87,2,0,0
6706,8590,125.47,0,0,0
6707,8593,54.64,8,0,0
6708,8596,144.93,2,0,0
6709,8599,116.03,0,0,0
6710,8602,120,0,0,0
6711,8604,150,0,0,0
6712,8606,54.48,8,0,0
6713,8608,200,2,0,0
6714,8609,123.25,0,0,0
6715,8611,48.84,8,0,0
6716,8613,150,0,0,0
6717,8616,192.09,2,0,0
6718,8619,236.78,2,0,0
6719,8621,182.15,2,0,0
6720,8624,170.55,2,0,0
6721,8626,235,3,0,0
6722,8670,235,3,0,0
6723,8671,235,3,0,1061158912
6724,8643,200,2,0,0
6725,8674,200,2,0,0
6726,8675,200,2,-7,1060320051
6727,8645,125,0,0,0
6728,8678,125,0,0,0
6729,8679,125,0,-6,1059481190
6730,8724,190,3,0,0
6731,8725,190,3,0,0
6732,8698,190,2,0,0
6733,8699,190,2,0,1061997773
6734,8739,210,2,0,0
6735,8740,210,2,0,0
6736,8709,180,3,0,0
6737,8710,180,3,3,0
6738,8717,225,4,0,0
6739,8718,225,4,0,0
6740,8972,350,4,0,0
6741,8973,350,4,0,1059145646
6742,8731,180,3,0,0
6743,8732,180,3,0,0
6744,8683,190,3,0,0
6745,8684,190,3,0,0
6746,8686,190,3,0,0
6747,8687,190,3,0,0
6748,8689,190,3,0,0
6749,8690,190,3,0,0
6750,8945,190,3,0,0
6751,8946,190,3,0,0
6752,8948,190,3,0,0
6753,8949,190,3,0,0
6754,8223,400,5,0,0
6755,8249,550,5,0,0
6756,8275,400,5,0,0
6757,8305,550,5,0,0
6758,9,182.73,2,0,0
6759,27,182.73,2,0,0
6760,28,182.73,2,0,0
6761,34,160.29,2,0,0
6762,38,171.61,2,0,0
6763,43,190.99,2,0,0
6764,51,182.73,2,0,0
6765,117,224.08,3,0,0
6766,122,224.08,2,0,0
6767,130,174.22,2,0,0
6768,138,174.22,2,0,0
6769,141,174.22,2,0,0
6770,151,224.22,3,0,0
6771,152,224.22,3,0,0
6772,156,257.88,3,0,0
6773,166,153.58,2,0,0
6774,168,184.33,2,0,0
6775,170,184.33,2,0,0
6776,172,184.33,2,0,0
6777,178,189.5,2,0,0
6778,180,189.5,2,0,0
6779,182,184.33,2,0,0
6780,186,184.33,2,0,0
6781,189,184.33,2,0,0
6782,193,184.33,2,0,0
6783,195,184.33,2,0,0
6784,207,184.33,2,0,0
6785,209,184.33,2,0,0
6786,262,182.15,2,0,0
6787,263,182.15,2,0,0
6788,264,182.15,2,0,0
6789,265,182.15,2,0,0
6790,266,182.15,2,0,0
6791,267,182.15,2,0,0
6792,268,182.15,2,0,0
6793,269,182.15,2,0,0
6794,275,193.62,3,0,0
6795,314,111.42,0,0,0
6796,317,111.42,0,0,0
6797,319,111.42,0,0,0
6798,332,140.11,0,0,0
6799,343,119.38,0,0,0
6800,345,119.38,0,0,0
6801,348,119.38,0,0,0
6802,352,119.38,0,0,0
6803,354,119.38,2,0,0
6804,356,119.38,0,0,0
6805,364,118.53,0,0,0
6806,405,254.27,3,0,0
6807,407,254.27,3,0,0
6808,408,254.27,3,0,0
6809,413,254.27,3,0,0
6810,421,254.27,3,0,0
6811,429,208,2,0,0
6812,431,208,2,0,0
6813,435,208,2,0,0
6814,438,208,2,0,0
6815,440,208,2,0,0
6816,442,208,2,0,0
6817,443,208,2,0,0
6818,444,208,2,0,0
6819,447,208,2,0,0
6820,471,123.36,0,0,0
6821,472,123.36,0,0,0
6822,482,125.47,2,0,0
6823,504,54.77,7,0,0
6824,512,54.64,8,0,0
6825,514,54.64,8,0,0
6826,519,153.58,2,0,0
6827,521,153.58,2,0,0
6828,548,264.39,3,0,0
6829,551,164.99,2,0,0
6830,564,164.99,2,0,0
6831,566,164.99,2,0,0
6832,568,164.99,2,0,0
6833,570,164.99,2,0,0
6834,572,164.99,2,0,0
6835,574,164.99,2,0,0
6836,575,164.99,2,0,0
6837,578,164.99,2,0,0
6838,580,164.99,2,0,0
6839,584,164.99,2,0,0
6840,587,164.99,2,0,0
6841,589,164.99,2,0,0
6842,591,164.99,2,0,0
6843,595,164.99,2,0,0
6844,597,164.99,2,0,0
6845,599,164.99,2,0,0
6846,600,164.99,2,0,0
6847,602,164.99,2,0,0
6848,603,164.99,2,0,0
6849,605,164.99,2,0,0
6850,606,164.99,2,0,0
6851,609,185.51,2,0,0
6852,611,185.51,2,0,0
6853,612,185.51,2,0,0
6854,613,185.51,2,0,0
6855,615,185.51,2,0,0
6856,617,185.51,2,0,0
6857,618,185.51,2,0,0
6858,620,164.99,2,0,0
6859,622,164.99,2,0,0
6860,624,164.99,2,0,0
6861,629,164.99,2,0,0
6862,631,164.99,2,0,0
6863,632,164.99,2,0,0
6864,634,164.99,2,0,0
6865,636,164.99,2,0,0
6866,638,164.99,2,0,0
6867,640,164.99,2,0,0
6868,644,185.51,2,0,0
6869,645,164.99,2,0,0
6870,647,185.51,2,0,0
6871,649,185.51,2,0,0
6872,651,164.99,2,0,0
6873,653,164.99,2,0,0
6874,654,164.99,2,0,0
6875,658,165.08,2,0,0
6876,659,165.08,2,0,0
6877,661,165.08,2,0,0
6878,663,165.24,2,0,0
6879,665,165.08,2,0,0
6880,670,165.08,2,0,0
6881,672,165.08,2,0,0
6882,675,165.08,2,0,0
6883,678,165.08,2,0,0
6884,679,165.08,2,0,0
6885,683,165.08,2,0,0
6886,685,165.08,2,0,0
6887,690,165.08,2,0,0
6888,691,165.08,2,0,0
6889,693,164.99,2,0,0
6890,696,164.99,2,0,0
6891,698,185.51,2,0,0
6892,700,185.51,2,0,0
6893,702,164.99,2,0,0
6894,705,164.99,2,0,0
6895,707,164.99,2,0,0
6896,709,164.99,2,0,0
6897,711,164.99,2,0,0
6898,712,164.99,2,0,0
6899,713,164.99,2,0,0
6900,714,164.99,2,0,0
6901,715,164.99,2,0,0
6902,717,164.99,2,0,0
6903,719,164.99,2,0,0
6904,722,164.99,2,0,0
6905,725,164.99,2,0,0
6906,727,164.99,2,0,0
6907,729,164.99,2,0,0
6908,732,164.99,2,0,0
6909,734,164.99,2,0,0
6910,736,164.99,2,0,0
6911,738,164.99,2,0,0
6912,740,164.99,2,0,0
6913,742,164.99,2,0,0
6914,744,164.99,2,0,0
6915,745,164.99,2,0,0
6916,747,164.99,2,0,0
6917,748,164.99,2,0,0
6918,750,164.99,2,0,0
6919,751,164.99,2,0,0
6920,753,164.99,2,0,0
6921,755,164.99,2,0,0
6922,757,164.99,2,0,0
6923,759,164.99,2,0,0
6924,761,164.99,2,0,0
6925,773,185.51,2,0,0
6926,776,185.51,2,0,0
6927,778,185.51,2,0,0
6928,780,185.51,2,0,0
6929,781,185.51,2,0,0
6930,782,185.51,2,0,0
6931,787,263.99,3,0,0
6932,788,263.99,3,0,0
6933,790,263.99,3,0,0
6934,792,263.99,3,0,0
6935,799,165.94,2,0,0
6936,800,165.94,2,0,0
6937,805,165.94,2,0,0
6938,806,165.94,2,0,0
6939,808,165.24,2,0,0
6940,810,165.24,2,0,0
6941,811,165.24,2,0,0
6942,818,165.24,2,0,0
6943,819,165.24,2,0,0
6944,821,165.24,2,0,0
6945,822,165.24,2,0,0
6946,823,165.24,2,0,0
6947,832,165.49,2,0,0
6948,835,165.49,2,0,0
6949,836,165.49,2,0,0
6950,837,165.49,2,0,0
6951,842,165.49,2,0,0
6952,843,165.49,2,0,0
6953,846,164.99,2,0,0
6954,848,164.99,2,0,0
6955,850,164.99,2,0,0
6956,855,263.99,3,0,0
6957,860,165.94,2,0,0
6958,862,165.94,2,0,0
6959,875,164.99,2,0,0
6960,877,165.08,2,0,0
6961,897,167.21,2,0,0
6962,899,167.21,2,0,0
6963,901,167.21,2,0,0
6964,903,167.21,2,0,0
6965,905,167.21,2,0,0
6966,907,167.21,2,0,0
6967,909,167.21,2,0,0
6968,910,167.21,2,0,0
6969,911,167.21,2,0,0
6970,912,167.21,2,0,0
6971,913,167.21,2,0,0
6972,948,83.3,7,0,0
6973,964,83.3,7,0,0
6974,966,83.3,7,0,0
6975,978,94.14,2,0,0
6976,984,94.15,7,0,0
6977,985,94.15,7,0,0
6978,1060,132.49,2,0,0
6979,1066,132.49,0,0,0
6980,1067,132.49,0,0,0
6981,1068,132.49,0,0,0
6982,1069,132.49,0,0,0
6983,1093,131.07,0,0,0
6984,1103,192.52,2,0,0
6985,1105,192.52,2,0,0
6986,1108,192.52,2,0,0
6987,1110,192.52,2,0,0
6988,1112,192.52,2,0,0
6989,1115,192.52,2,0,0
6990,1117,192.52,2,0,0
6991,1119,192.52,2,0,0
6992,1122,192.52,2,0,0
6993,1124,192.52,2,0,0
6994,1126,192.52,2,0,0
6995,1129,192.52,2,0,0
6996,1131,192.52,2,0,0
6997,1134,192.52,3,0,0
6998,1137,192.52,2,0,0
6999,1139,192.52,2,0,0
7000,1141,192.52,2,0,0
7001,1143,192.52,2,0,0
7002,1145,192.78,3,0,0
7003,1148,192.74,2,0,0
7004,1178,181.36,2,0,0
7005,1180,181.36,2,0,0
7006,1182,181.36,2,0,0
7007,1183,181.36,2,0,0
7008,1184,181.36,2,0,0
7009,1185,181.36,2,0,0
7010,1197,181.36,2,0,0
7011,1199,181.36,2,0,0
7012,1201,181.36,2,0,0
7013,1203,181.36,2,0,0
7014,1205,181.36,2,0,0
7015,1207,181.36,2,0,0
7016,1209,181.36,2,0,0
7017,1211,181.36,2,0,0
7018,1213,181.36,2,0,0
7019,1215,181.36,2,0,0
7020,1216,181.36,2,0,0
7021,1218,181.36,2,0,0
7022,1219,181.36,2,0,0
7023,1221,181.36,2,0,0
7024,1222,181.36,2,0,0
7025,1225,181.76,2,0,0
7026,1244,181.36,2,0,0
7027,1245,181.36,2,0,0
7028,1247,181.36,2,0,0
7029,1248,181.36,2,0,0
7030,1250,181.36,2,0,0
7031,1251,181.36,2,0,0
7032,1252,181.36,2,0,0
7033,1254,181.36,2,0,0
7034,1255,181.36,2,0,0
7035,1257,181.36,2,0,0
7036,1258,181.36,2,0,0
7037,1260,181.36,2,0,0
7038,1261,181.36,2,0,0
7039,1268,181.36,2,0,0
7040,1270,181.36,2,0,0
7041,1272,181.36,2,0,0
7042,1274,181.36,2,0,0
7043,1276,181.36,2,0,0
7044,1278,181.36,2,0,0
7045,1279,181.36,2,0,0
7046,1280,181.36,2,0,0
7047,1281,181.36,2,0,0
7048,1283,181.36,2,0,0
7049,1285,181.36,2,0,0
7050,1287,181.36,2,0,0
7051,1292,181.36,2,0,0
7052,1294,181.36,2,0,0
7053,1296,180.69,2,0,0
7054,1298,180.69,2,0,0
7055,1299,180.69,2,0,0
7056,1301,180.69,2,0,0
7057,1302,180.69,2,0,0
7058,1304,181.36,2,0,0
7059,1305,181.36,2,0,0
7060,1307,181.36,2,0,0
7061,1308,181.36,2,0,0
7062,1310,181.36,2,0,0
7063,1312,181.36,3,0,0
7064,1314,179.19,2,0,0
7065,1336,161.38,2,0,0
7066,1361,180.97,2,0,0
7067,1363,180.97,2,0,0
7068,1375,180.97,2,0,0
7069,1401,194.77,2,0,0
7070,1415,188.15,2,0,0
7071,1418,188.15,2,0,0
7072,1420,162.34,2,0,0
7073,1452,187.21,2,0,0
7074,1466,190.8,2,0,0
7075,1470,190.8,2,0,0
7076,1474,190.8,2,0,0
7077,1481,190.8,2,0,0
7078,1484,190.8,2,0,0
7079,1488,190.8,2,0,0
7080,1490,190.8,2,0,0
7081,1492,190.8,2,0,0
7082,1494,190.8,2,0,0
7083,1498,172.08,2,0,0
7084,1501,172.08,2,0,0
7085,1504,172.08,2,0,0
7086,1512,172.08,2,0,0
7087,1518,176.53,2,0,0
7088,1522,176.53,2,0,0
7089,1528,176.53,2,0,0
7090,1609,316.95,4,0,0
7091,1655,254.27,3,0,0
7092,1657,254.27,3,0,0
7093,1663,208.31,2,0,0
7094,1664,208.31,2,0,0
7095,1665,208.31,2,0,0
7096,1667,208.31,2,0,0
7097,1669,208,2,0,0
7098,1670,208,2,0,0
7099,1671,208,2,0,0
7100,1673,186.94,2,0,0
7101,1687,433.76,5,0,0
7102,1699,164.99,2,0,0
7103,1702,164.99,2,0,0
7104,1709,165.08,2,0,0
7105,1713,165.94,2,0,0
7106,1726,195.93,2,0,0
7107,1729,195.93,2,0,0
7108,1731,195.93,2,0,0
7109,1733,195.93,2,0,0
7110,1735,195.93,2,0,0
7111,1737,195.93,2,0,0
7112,1739,195.93,2,0,0
7113,1741,195.93,2,0,0
7114,1746,297.98,3,0,0
7115,1771,193.49,2,0,0
7116,1773,178.48,2,0,0
7117,1775,178.48,2,0,0
7118,1777,193.49,2,0,0
7119,1779,193.49,2,0,0
7120,1781,193.49,2,0,0
7121,1783,193.49,2,0,0
7122,1788,193.49,2,0,0
7123,1790,193.49,2,0,0
7124,1792,193.49,2,0,0
7125,1793,297.98,3,0,0
7126,1794,297.98,3,0,0
7127,1795,297.98,3,0,0
7128,1796,297.98,3,0,0
7129,1797,297.98,3,0,0
7130,1798,297.98,3,0,0
7131,1799,297.98,3,0,0
7132,1800,297.98,3,0,0
7133,1801,297.98,3,0,0
7134,1802,297.98,3,0,0
7135,1803,297.98,3,0,0
7136,1804,298.89,3,0,0
7137,1805,298.89,3,0,0
7138,1806,298.89,3,0,0
7139,1807,298.89,3,0,0
7140,1824,297.98,3,0,0
7141,1826,297.98,3,0,0
7142,1828,297.98,3,0,0
7143,1852,178.48,2,0,0
7144,1854,178.48,2,0,0
7145,1856,178.48,2,0,0
7146,1858,178.48,2,0,0
7147,1860,178.48,2,0,0
7148,1862,178.48,2,0,0
7149,1864,178.48,2,0,0
7150,1866,178.48,2,0,0
7151,1868,178.48,2,0,0
7152,1873,274.86,3,0,0
7153,1874,274.86,3,0,0
7154,1875,274.86,3,0,0
7155,1876,274.86,3,0,0
7156,1877,274.86,3,0,0
7157,1878,274.86,3,0,0
7158,1879,274.86,3,0,0
7159,1880,274.86,3,0,0
7160,1881,274.86,3,0,0
7161,1882,274.86,3,0,0
7162,1883,274.86,3,0,0
7163,1884,274.86,3,0,0
7164,1885,276.55,3,0,0
7165,1886,276.55,3,0,0
7166,1887,276.55,3,0,0
7167,1888,276.55,3,0,0
7168,1889,276.55,3,0,0
7169,1890,276.55,3,0,0
7170,1905,276.55,3,0,0
7171,1913,274.86,3,0,0
7172,1916,274.86,3,0,0
7173,1919,274.86,3,0,0
7174,1948,138.43,0,0,0
7175,1952,138.81,0,0,0
7176,1956,192.81,2,0,0
7177,1957,192.81,2,0,0
7178,1959,192.81,2,0,0
7179,1960,192.81,2,0,0
7180,1962,192.81,2,0,0
7181,1967,192.81,2,0,0
7182,1968,192.81,2,0,0
7183,1970,192.81,2,0,0
7184,1972,192.81,2,0,0
7185,1974,192.52,2,0,0
7186,1977,192.52,2,0,0
7187,1988,192.81,2,0,0
7188,1990,192.81,3,0,0
7189,1992,192.81,2,0,0
7190,1995,164.3,2,0,0
7191,1997,164.3,2,0,0
7192,2009,164.3,2,0,0
7193,2011,164.3,2,0,0
7194,2013,164.3,2,0,0
7195,2015,164.3,2,0,0
7196,2017,164.3,2,0,0
7197,2020,164.3,2,0,0
7198,2023,164.3,2,0,0
7199,2024,164.15,2,0,0
7200,2026,164.3,2,0,0
7201,2029,164.3,2,0,0
7202,2033,164.3,2,0,0
7203,2040,164.3,2,0,0
7204,2042,164.3,2,0,0
7205,2044,164.3,2,0,0
7206,2046,164.3,2,0,0
7207,2048,164.3,2,0,0
7208,2050,164.46,2,0,0
7209,2052,164.46,2,0,0
7210,2054,164.46,2,0,0
7211,2056,164.46,2,0,0
7212,2058,164.46,2,0,0
7213,2060,164.46,2,0,0
7214,2062,164.3,2,0,0
7215,2063,164.3,2,0,0
7216,2066,145.52,2,0,0
7217,2068,145.52,2,0,0
7218,2071,145.52,2,0,0
7219,2073,145.52,2,0,0
7220,2075,145.52,2,0,0
7221,2077,145.52,2,0,0
7222,2079,145.52,2,0,0
7223,2081,145.52,2,0,0
7224,2083,145.52,2,0,0
7225,2089,145.52,2,0,0
7226,2091,145.52,2,0,0
7227,2095,145.52,2,0,0
7228,2096,145.13,2,0,0
7229,2099,145.52,2,0,0
7230,2102,145.52,2,0,0
7231,2126,145.66,2,0,0
7232,2127,145.66,2,0,0
7233,2128,145.66,2,0,0
7234,2129,145.66,2,0,0
7235,2130,145.66,2,0,0
7236,2143,183.42,2,0,0
7237,2145,183.42,2,0,0
7238,2147,183.42,2,0,0
7239,2149,183.42,2,0,0
7240,2151,183.42,2,0,0
7241,2156,62.35,7,0,0
7242,2158,62.35,7,0,0
7243,2161,62.35,7,0,0
7244,2163,182.73,2,0,0
7245,2165,182.73,2,0,0
7246,2167,182.73,2,0,0
7247,2169,182.73,2,0,0
7248,2171,182.73,3,0,0
7249,2174,164.99,2,0,0
7250,2176,164.99,2,0,0
7251,2179,177.41,2,0,0
7252,2180,178.37,2,0,0
7253,2207,164.99,2,0,0
7254,2208,164.99,2,0,0
7255,2209,178.48,2,0,0
7256,2210,178.48,2,0,0
7257,2211,165.04,2,0,0
7258,2212,165.04,2,0,0
7259,2244,179.19,2,0,0
7260,2259,209.19,2,0,0
7261,2644,254.93,3,0,0
7262,2645,254.93,3,0,0
7263,2704,191.46,2,0,0
7264,2740,190.75,2,0,0
7265,2814,174.87,2,0,0
7266,2817,174.87,2,0,0
7267,2819,174.87,2,0,0
7268,2821,174.87,2,0,0
7269,2836,174.87,2,0,0
7270,2838,174.87,2,0,0
7271,2850,159.26,2,0,0
7272,2852,159.26,2,0,0
7273,2854,159.26,2,0,0
7274,2856,159.26,2,0,0
7275,2858,159.26,2,0,0
7276,2860,159.26,2,0,0
7277,2862,159.26,2,0,0
7278,2864,159.26,2,0,0
7279,2887,183.36,2,0,0
7280,2890,182.18,2,0,0
7281,2892,182.18,2,0,0
7282,2894,182.18,2,0,0
7283,2896,182.18,2,0,0
7284,2898,182.18,2,0,0
7285,2900,182.18,2,0,0
7286,2902,182.18,2,0,0
7287,2904,182.18,2,0,0
7288,2906,182.18,2,0,0
7289,2940,0,8,0,0
7290,3110,0,8,0,0
7291,3149,184.6,2,0,0
7292,3150,184.6,2,0,0
7293,3151,184.6,2,0,0
7294,3152,184.6,2,0,0
7295,3153,184.6,2,0,0
7296,3163,184.6,2,0,0
7297,3165,184.6,2,0,0
7298,3167,184.6,2,0,0
7299,3169,184.6,2,0,0
7300,3171,184.6,2,0,0
7301,3173,184.6,2,0,0
7302,3192,184.6,2,0,0
7303,3194,184.6,2,0,0
7304,3196,184.6,2,0,0
7305,3198,184.6,2,0,0
7306,3246,53.39,8,0,0
7307,3277,458.79,5,0,0
7308,3280,0,8,0,0
7309,3281,0,8,0,0
7310,3282,0,8,0,0
7311,3288,74.31,7,0,0
7312,3293,74.31,7,0,0
7313,3296,74.31,7,0,0
7314,3298,74.31,7,0,0
7315,3300,74.31,7,0,0
7316,3306,74.31,7,0,0
7317,3309,74.31,7,0,0
7318,3311,74.31,7,0,0
7319,3313,74.31,7,0,0
7320,3323,74.31,7,0,0
7321,3339,0,8,0,0
7322,3523,192.05,3,0,0
7323,3583,192.52,3,0,0
7324,3645,182.64,3,0,0
7325,3649,68.41,7,0,0
7326,3651,192.81,2,0,0
7327,3653,203.36,2,0,0
7328,3655,182.64,2,0,0
7329,3683,169.81,2,0,0
7330,3876,166.5,2,0,0
7331,3878,166.5,2,0,0
7332,3880,166.5,2,0,0
7333,3886,0,8,0,0
7334,3887,0,8,0,0
7335,3888,0,8,0,0
7336,3990,181.8,2,0,0
7337,3992,181.8,2,0,0
7338,3996,181.8,2,0,0
7339,4014,93.63,2,0,0
7340,4016,195.87,2,0,0
7341,4017,195.87,2,0,0
7342,4028,195.87,2,0,0
7343,4030,195.87,2,0,0
7344,4033,195.87,2,0,0
7345,4035,208.86,2,0,0
7346,4041,208.86,2,0,0
7347,4043,208.86,2,0,0
7348,4045,208.86,2,0,0
7349,4047,208.86,3,0,0
7350,4049,202.1,2,0,0
7351,4051,202.1,2,0,0
7352,4053,202.1,2,0,0
7353,4055,202.1,2,0,0
7354,4057,202.1,2,0,0
7355,4059,202.1,2,0,0
7356,4062,202.1,2,0,0
7357,4075,153.47,2,0,0
7358,4076,153.47,2,0,0
7359,4089,291.7,4,0,0
7360,4111,303.76,4,0,0
7361,4112,303.76,4,0,0
7362,4114,303.76,4,0,0
7363,4116,303.76,4,0,0
7364,4118,303.76,4,0,0
7365,4119,303.76,4,0,0
7366,4132,303.76,4,0,0
7367,4133,303.76,4,0,0
7368,4144,169.45,2,0,0
7369,4146,169.45,2,0,0
7370,4148,169.45,2,0,0
7371,4150,169.45,2,0,0
7372,4155,169.45,2,0,0
7373,4158,168.88,2,0,0
7374,4162,168.88,2,0,0
7375,4164,168.88,2,0,0
7376,4165,168.88,2,0,0
7377,4167,170.55,2,0,0
7378,4169,170.55,2,0,0
7379,4171,170.55,2,0,0
7380,4178,96.45,0,0,0
7381,4180,96.45,0,0,0
7382,4188,200.97,2,0,0
7383,4190,200.97,2,0,0
7384,4192,200.97,2,0,0
7385,4195,197.68,2,0,0
7386,4201,200.97,2,0,0
7387,4205,159.89,2,0,0
7388,4216,159.89,3,0,0
7389,4254,275.91,3,0,0
7390,4261,275.91,3,0,0
7391,4265,279.04,3,0,0
7392,4280,176.51,0,0,0
7393,4293,156.87,2,0,0
7394,4296,156.87,2,0,0
7395,4299,182.4,2,0,0
7396,4322,201.82,3,0,0
7397,4328,279.73,3,0,0
7398,4348,78.8,7,0,0
7399,4354,114.7,0,0,0
7400,4357,192.02,2,0,0
7401,4359,192.02,2,0,0
7402,4362,192.02,2,0,0
7403,4363,192.02,2,0,0
7404,4365,192.02,2,0,0
7405,4367,192.02,2,0,0
7406,4368,192.02,2,0,0
7407,4377,208.27,2,0,0
7408,4386,262.59,3,0,0
7409,4395,236.83,2,0,0
7410,4404,334.5,4,0,0
7411,4416,182.6,2,0,0
7412,4418,182.6,2,0,0
7413,4441,119.46,0,0,0
7414,4448,119.46,0,0,0
7415,4449,119.46,0,0,0
7416,4451,119.46,0,0,0
7417,4453,119.46,0,0,0
7418,4454,119.46,0,0,0
7419,4456,119.46,0,0,0
7420,4467,119.69,0,0,0
7421,4469,119.69,0,0,0
7422,4514,191.28,2,0,0
7423,4516,158.25,2,0,0
7424,4640,184.77,2,0,0
7425,4642,184.77,2,0,0
7426,4644,191.46,2,0,0
7427,4646,191.46,2,0,0
7428,4648,161.12,2,0,0
7429,4650,161.12,2,0,0
7430,4652,190.75,3,0,0
7431,4669,116.37,0,0,0
7432,4671,116.37,0,0,0
7433,4682,159.92,2,0,0
7434,4684,184.77,2,0,0
7435,4686,190.75,2,0,0
7436,4736,170.86,2,0,0
7437,4738,170.86,7,0,0
7438,4740,170.86,0,0,0
7439,4742,170.86,0,0,0
7440,4745,166.64,2,0,0
7441,4748,170.86,2,0,0
7442,4839,0,8,0,0
7443,4840,0,8,0,0
7444,4844,0,8,0,0
7445,4847,0,8,0,0
7446,4850,0,8,0,0
7447,4851,0,8,0,0
7448,4852,0,8,0,0
7449,4870,0,8,0,0
7450,4871,0,8,0,0
7451,4873,0,8,0,0
7452,4874,25.41,8,0,0
7453,4912,40.52,8,0,0
7454,4914,94.15,7,0,0
7455,4916,48.84,8,0,0
7456,4926,136.4,0,0,0
7457,4988,254.27,3,0,0
7458,4999,32.52,8,0,0
7459,5005,57.73,8,0,0
7460,5007,57.73,8,0,0
7461,5009,57.73,0,0,0
7462,5034,157.71,2,0,0
7463,5036,157.71,2,0,0
7464,5095,7.5,8,0,0
7465,5099,7.5,8,0,0
7466,5109,184.77,2,0,0
7467,5111,156.73,2,0,0
7468,5113,170.6,2,0,0
7469,5115,159.92,2,0,0
7470,5139,159.92,2,0,0
7471,5142,161.12,2,0,0
7472,5145,156.73,2,0,0
7473,5148,0,8,0,0
7474,5193,214.84,3,0,0
7475,5203,213.01,2,0,0
7476,5205,213.01,2,0,0
7477,5207,230.44,2,0,0
7478,5215,144.93,2,0,0
7479,5222,218.72,2,0,0
7480,5225,218.72,2,0,0
7481,5231,182.15,2,0,0
7482,5232,182.15,2,0,0
7483,5233,182.15,3,0,0
7484,5237,119.38,0,0,0
7485,5238,120.12,0,0,0
7486,5239,119.38,2,0,0
7487,5243,40.52,8,0,0
7488,5244,40.52,8,0,0
7489,5245,40.52,8,0,0
7490,5247,150.37,0,0,0
7491,5264,100.81,0,0,0
7492,5322,170.06,2,0,0
7493,5329,176.46,2,0,0
7494,5331,176.46,2,0,0
7495,5333,176.46,2,0,0
7496,5337,120.12,2,0,0
7497,5343,120.12,2,0,0
7498,5348,120.12,0,0,0
7499,5354,116.37,0,0,0
7500,5355,116.37,0,0,0
7501,5362,201.07,2,0,0
7502,5363,200.97,2,0,0
7503,5368,48.93,0,0,0
7504,5375,48.93,0,0,0
7505,5380,210.63,2,0,0
7506,5381,210.76,2,0,0
7507,5385,210.76,2,0,0
7508,5390,169.45,2,0,0
7509,5395,169.45,2,0,0
7510,5400,168.88,2,0,0
7511,5409,192.02,2,0,0
7512,5413,192.02,2,0,0
7513,5417,192.02,2,0,0
7514,5421,192.02,2,0,0
7515,5439,159.92,2,0,0
7516,5440,190.75,3,0,0
7517,5441,159.92,2,0,0
7518,5442,156.73,2,0,0
7519,5443,161.12,2,0,0
7520,5444,170.6,2,0,0
7521,5446,0,8,0,0
7522,5449,0,8,0,0
7523,5456,0,8,0,0
7524,5463,272.11,3,0,0
7525,5469,378.74,4,0,0
7526,5472,378.74,4,0,0
7527,5476,223.61,3,0,0
7528,5479,223.61,3,0,0
7529,5488,337.93,4,0,0
7530,5491,337.93,4,0,0
7531,5504,173.66,2,0,0
7532,5506,173.66,2,0,0
7533,5508,236.78,2,0,0
7534,5512,236.78,2,0,0
7535,5523,283.66,3,0,0
7536,5524,283.66,3,0,0
7537,5527,283.66,3,0,0
7538,5528,283.66,3,0,0
7539,5530,199.75,2,0,0
7540,5536,182.76,2,0,0
7541,5538,182.76,2,0,0
7542,5542,182.76,2,0,0
7543,5544,189.86,2,0,0
7544,5546,196.46,2,0,0
7545,5548,181.38,2,0,0
7546,5550,181.38,2,0,0
7547,5553,196.46,2,0,0
7548,5555,193.73,2,0,0
7549,5557,200.98,2,0,0
7550,5559,189.2,2,0,0
7551,5561,173.02,2,0,0
7552,5563,173.02,2,0,0
7553,5566,174.18,2,0,0
7554,5568,172.49,2,0,0
7555,5570,171.79,2,0,0
7556,5572,179.06,2,0,0
7557,5574,176.62,2,0,0
7558,5576,176.62,2,0,0
7559,5578,176.62,2,0,0
7560,5584,220.11,2,0,0
7561,5586,220.11,2,0,0
7562,5590,135.39,0,0,0
7563,5595,135.39,0,0,0
7564,5596,135.39,0,0,0
7565,5597,135.39,0,0,0
7566,5603,175.55,2,0,0
7567,5605,175.55,2,0,0
7568,5607,175.55,2,0,0
7569,5618,109.03,8,0,0
7570,5623,189.98,2,0,0
7571,5625,181.66,2,0,0
7572,5632,196.48,2,0,0
7573,5634,196.48,2,0,0
7574,5636,474.56,5,0,0
7575,5640,474.56,5,0,0
7576,5641,474.56,5,0,0
7577,5643,80.64,7,0,0
7578,5644,80.64,7,0,0
7579,5647,80.64,8,0,0
7580,5651,156.73,2,0,0
7581,5660,456.85,5,0,0
7582,5664,456.85,5,0,0
7583,5665,456.85,5,0,0
7584,5667,111.99,0,0,0
7585,5668,111.99,0,0,0
7586,5671,111.99,8,0,0
7587,5675,184.77,2,0,0
7588,5686,208.27,2,0,0
7589,5697,95.91,8,0,0
7590,5702,95.91,8,0,0
7591,5712,232.98,2,0,0
7592,5717,188.99,2,0,0
7593,5733,749.48,5,0,0
7594,5737,749.48,5,0,0
7595,5750,2425.3101,5,0,0
7596,5753,2425.3101,5,0,0
7597,5776,198.02,3,0,0
7598,5779,198.02,3,0,0
7599,5783,132.49,3,0,0
7600,5786,132.49,0,0,0
7601,5860,177.38,3,0,0
7602,5862,170.6,2,0,0
7603,5863,170.6,2,0,0
7604,5864,170.6,2,0,0
7605,5865,170.6,2,0,0
7606,5866,170.6,2,0,0
7607,5867,170.6,2,0,0
7608,5878,177.38,2,0,0
7609,5879,177.38,2,0,0
7610,5880,177.38,2,0,0
7611,5881,177.38,2,0,0
7612,5882,177.38,2,0,0
7613,5883,177.38,2,0,0
7614,5893,306.3,4,0,0
7615,5894,306.3,4,0,0
7616,5895,306.3,4,0,0
7617,5896,306.3,4,0,0
7618,5897,306.3,4,0,0
7619,5926,206.86,2,0,0
7620,5931,206.86,2,0,0
7621,5933,206.86,2,0,0
7622,5935,206.86,2,0,0
7623,5938,182.76,2,0,0
7624,5943,173.02,2,0,0
7625,5946,218.73,2,0,0
7626,5949,188.47,2,0,0
7627,5951,191.36,2,0,0
7628,5953,218.73,2,0,0
7629,5955,187.92,2,0,0
7630,5957,191.36,2,0,0
7631,5977,217.01,2,0,0
7632,5980,213.42,2,0,0
7633,5983,210.95,2,0,0
7634,5987,202.97,2,0,0
7635,5988,202.97,2,0,0
7636,6005,220.36,3,0,0
7637,6008,220.36,3,0,0
7638,6013,166.5,2,0,0
7639,6015,166.5,2,0,0
7640,6017,166.5,2,0,0
7641,6023,190.06,2,0,0
7642,6025,182.83,2,0,0
7643,6027,173.02,2,0,0
7644,6029,174.18,2,0,0
7645,6031,190.06,2,0,0
7646,6033,182.83,2,0,0
7647,6035,173.02,2,0,0
7648,6037,174.18,2,0,0
7649,6040,228.69,4,0,0
7650,6047,181.94,2,0,0
7651,6049,181.94,2,0,0
7652,6051,181.94,2,0,0
7653,6053,116.03,2,0,0
7654,6069,191.57,2,0,0
7655,6080,47.13,7,0,0
7656,6081,47.13,7,0,0
7657,6084,191.46,3,0,0
7658,6095,185.53,3,0,0
7659,6098,185.53,3,0,0
7660,6105,0,8,0,0
7661,6110,0,8,0,0
7662,6113,160.19,2,0,0
7663,6129,180.69,2,0,0
7664,6131,42.53,8,0,0
7665,6138,42.53,8,0,0
7666,6142,123.25,2,0,0
7667,6151,199.75,2,0,0
7668,6161,236.97,2,0,0
7669,6167,208.27,2,0,0
7670,6182,207.41,2,0,0
7671,6184,411.72,5,0,0
7672,6199,232.99,3,0,0
7673,6200,232.99,3,0,0
7674,6201,232.99,3,0,0
7675,6203,190.75,3,0,0
7676,6211,154.84,2,0,0
7677,6214,154.84,2,0,0
7678,6236,214.22,2,0,0
7679,6237,214.22,2,0,0
7680,6238,214.22,2,0,0
7681,6254,444.92,5,0,0
7682,6270,135.89,0,0,0
7683,6273,135.89,0,0,0
7684,6277,0,8,0,0
7685,6280,0,8,0,0
7686,6303,0,8,0,0
7687,6306,210.16,2,0,0
7688,6307,210.16,2,0,0
7689,6317,167.26,2,0,0
7690,6322,167.26,2,0,0
7691,6325,266.75,3,0,0
7692,6328,229.99,2,0,0
7693,6331,185.87,2,0,0
7694,6334,110.24,2,0,0
7695,6338,257.32,4,0,0
7696,6345,229.99,2,0,0
7697,6349,185.87,2,0,0
7698,6443,42.3,8,0,0
7699,6678,209.57,2,0,0
7700,6681,209.57,2,0,0
7701,6683,0,8,0,0
7702,6812,187.21,2,0,0
7703,6813,187.21,2,0,0
7704,6818,187.21,2,0,0
7705,6819,187.21,2,0,0
7706,6824,187.21,2,0,0
7707,6825,187.21,2,0,0
7708,6830,187.21,2,0,0
7709,6831,187.21,2,0,0
7710,7010,208.08,3,0,0
7711,7014,81.8,7,0,0
7712,7016,81.8,7,0,0
7713,7034,82.45,8,0,0
7714,7035,82.45,8,0,0
7715,7037,82.45,8,0,0
7716,7039,82.45,8,0,0
7717,7042,82.45,7,0,0
7718,7062,185.69,2,0,0
7719,7067,14.22,8,0,0
7720,7069,14.22,8,0,0
7721,7073,57.45,8,0,0
7722,7079,134.5,0,0,0
7723,7084,130.67,0,0,0
7724,7086,130.67,0,0,0
7725,7092,208.91,3,0,0
7726,7094,83.41,7,0,0
7727,7096,98.14,7,0,0
7728,7103,185.87,2,0,0
7729,7105,185.87,2,0,0
7730,7110,114.55,0,0,0
7731,7112,114.55,2,0,0
7732,7117,114.55,7,0,0
7733,7119,114.55,7,0,0
7734,7138,123.36,0,0,0
7735,7141,123.36,2,0,0
7736,7149,120.12,0,0,0
7737,7181,187.21,2,0,0
7738,7183,187.21,2,0,0
7739,7185,187.21,2,0,0
7740,7187,187.21,2,0,0
7741,7197,187.21,2,0,0
7742,7199,187.21,2,0,0
7743,7201,187.21,2,0,0
7744,7203,187.21,2,0,0
7745,7222,40.52,8,0,0
7746,7224,166.5,2,0,0
7747,7244,164.99,2,0,0
7748,7248,164.99,2,0,0
7749,7252,185.51,2,0,0
7750,7256,185.51,2,0,0
7751,7260,165.08,2,0,0
7752,7264,164.99,2,0,0
7753,7273,170.86,3,0,0
7754,7304,254.27,2,0,0
7755,7398,208,2,0,0
7756,7401,172.21,2,0,0
7757,7405,180.37,2,0,0
7758,7418,195.6,2,0,0
7759,7430,195.6,2,0,0
7760,7433,303.76,2,0,0
7761,7437,47.13,7,0,0
7762,7440,173.3,2,0,0
7763,7442,173.3,2,0,0
7764,7444,173.3,2,0,0
7765,7447,173.3,2,0,0
7766,7450,57.29,8,0,0
7767,7451,57.29,8,0,0
7768,7456,192.05,2,0,0
7769,7459,192.05,2,0,0
7770,7462,96.45,0,0,0
7771,7464,138.49,0,0,0
7772,7485,196,2,0,0
7773,7488,196,2,0,0
7774,7491,196,2,0,0
7775,7494,173.66,2,0,0
7776,7528,287.76,3,0,0
7777,7530,287.76,3,0,0
7778,7532,287.76,3,0,0
7779,7534,229.15,2,0,0
7780,7536,229.15,2,0,0
7781,7538,229.15,2,0,0
7782,7540,229.15,2,0,0
7783,7542,229.15,2,0,0
7784,7544,229.15,2,0,0
7785,7546,42.11,8,0,0
7786,7548,168.34,2,0,0
7787,7550,169.65,2,0,0
7788,7552,171.43,2,0,0
7789,7555,150.76,0,0,0
7790,7558,161.31,2,0,0
7791,7560,200.8,2,0,0
7792,7562,200.8,2,0,0
7793,7564,200.8,2,0,0
7794,7566,200.8,2,0,0
7795,7576,200.8,3,0,0
7796,7580,200.8,3,0,0
7797,7584,200.8,3,0,0
7798,7588,245.55,3,0,0
7799,7600,108.13,0,0,0
7800,7649,148.55,0,0,0
7801,7652,210.99,2,0,0
7802,7655,227.54,2,0,0
7803,7673,194.88,2,0,0
7804,7674,194.88,2,0,0
7805,7678,194.88,2,0,0
7806,7681,177.65,2,0,0
7807,7688,191.32,2,0,0
7808,7691,179.72,2,0,0
7809,7698,182.73,2,0,0
7810,7701,182.73,2,0,0
7811,7704,182.73,2,0,0
7812,7709,213.94,2,0,0
7813,7712,206.96,2,0,0
7814,7720,194.89,2,0,0
7815,7723,162.55,2,0,0
7816,7730,162.44,2,0,0
7817,7733,162.44,2,0,0
7818,7739,208.59,3,0,0
7819,7742,185.91,2,0,0
7820,7754,172.29,2,0,0
7821,7755,172.29,2,0,0
7822,7756,214.84,2,0,0
7823,7764,181.66,2,0,0
7824,7765,162.83,2,0,0
7825,7769,192.49,2,0,0
7826,7772,193.78,2,0,0
7827,7783,187.21,2,0,0
7828,7784,187.21,2,0,0
7829,7785,187.21,2,0,0
7830,7791,167.04,2,0,0
7831,7795,166.16,2,0,0
7832,7797,166.16,2,0,0
7833,7802,187.21,2,0,0
7834,7805,204.96,3,0,0
7835,8181,163,2,0,0
7836,8182,163,2,0,0
7837,8203,138.59,0,0,0
7838,8218,196.84,2,0,0
7839,8234,222.37,2,0,0
7840,8235,176.06,2,0,0
7841,8236,230.44,2,0,0
7842,8237,183.41,2,0,0
7843,8238,160.51,2,0,0
7844,8239,181.66,2,0,0
7845,8240,199.51,2,0,0
7846,8245,197.68,2,0,0
7847,8262,192.66,2,0,0
7848,8263,179.47,2,0,0
7849,8264,198.56,2,0,0
7850,8266,198.56,2,0,0
7851,8268,193.29,2,0,0
7852,8269,210.63,2,0,0
7853,8271,191.68,2,0,0
7854,8292,40.51,8,0,0
7855,8293,42.53,8,0,0
7856,8294,17.47,8,0,0
7857,8295,95.91,7,0,0
7858,8296,101.11,0,0,0
7859,8297,186.98,2,0,0
7860,8298,197.01,2,0,0
7861,8299,111.31,0,0,0
7862,8301,194.51,2,0,0
7863,8322,156.87,2,0,0
7864,8323,156.87,2,0,0
7865,8324,214.05,2,0,0
7866,8325,214.05,2,0,0
7867,8326,138.43,0,0,0
7868,8327,176.51,0,0,0
7869,8328,178.48,2,0,0
7870,8329,193.49,2,0,0
7871,8330,212.53,2,0,0
7872,8331,211.25,2,0,0
7873,8364,253.41,3,0,0
7874,8369,870.21,5,0,0
7875,8370,870.21,5,0,0
7876,8407,221.57,2,0,0
7877,8408,221.57,2,0,0
7878,8409,221.57,2,0,0
7879,8410,233.49,2,0,0
7880,8411,233.49,2,0,0
7881,8412,233.49,2,0,0
7882,8413,207.13,2,0,0
7883,8414,207.13,2,0,0
7884,8415,207.13,2,0,0
7885,8416,230.3,2,0,0
7886,8417,230.3,2,0,0
7887,8418,230.3,2,0,0
7888,8419,221.57,2,0,0
7889,8420,221.57,2,0,0
7890,8421,221.57,2,0,0
7891,8422,233.49,2,0,0
7892,8423,233.49,2,0,0
7893,8424,233.49,2,0,0
7894,8425,207.13,2,0,0
7895,8426,207.13,2,0,0
7896,8427,207.13,2,0,0
7897,8428,230.3,2,0,0
7898,8429,230.3,2,0,0
7899,8430,230.3,2,0,0
7900,8431,227.26,2,0,0
7901,8433,227.26,2,0,0
7902,8437,7.81,8,0,0
7903,8438,7.81,8,0,0
7904,8439,0,8,0,0
7905,8440,155.02,2,0,0
7906,8441,143.42,2,0,0
7907,8442,141.21,2,0,0
7908,8443,140.87,2,0,0
7909,8444,160.52,2,0,0
7910,8445,143.42,2,0,0
7911,8446,0,8,0,0
7912,8447,0,8,0,0
7913,8448,0,8,0,0
7914,8449,0,8,0,0
7915,8450,0,8,0,0
7916,8451,160.52,2,0,0
7917,8452,143.42,3,0,0
7918,8453,140.87,3,0,0
7919,8454,160.52,2,0,0
7920,8455,155.02,2,0,0
7921,8456,0,8,0,0
7922,8457,0,8,0,0
7923,8458,0,8,0,0
7924,8459,0,8,0,0
7925,8460,0,8,0,0
7926,8461,0,8,0,0
7927,8462,45.15,8,0,0
7928,8463,52.53,8,0,0
7929,8464,0,8,0,0
7930,8465,0,8,0,0
7931,8466,0,8,0,0
7932,8467,0,8,0,0
7933,8468,0,8,0,0
7934,8469,0,8,0,0
7935,8470,0,8,0,0
7936,8471,0,8,0,0
7937,8472,0,8,0,0
7938,8473,143.42,3,0,0
7939,8474,143.42,3,0,0
7940,8475,143.42,3,0,0
7941,8476,0,8,0,0
7942,8477,0,8,0,0
7943,8478,0,8,0,0
7944,8479,0,8,0,0
7945,8480,0,8,0,0
7946,8481,0,8,0,0
7947,8482,201.67,2,0,0
7948,8483,0,8,0,0
7949,8484,0,8,0,0
7950,8485,0,8,0,0
7951,8486,0,8,0,0
7952,8487,0,8,0,0
7953,8488,0,8,0,0
7954,8489,0,8,0,0
7955,8490,0,8,0,0
7956,8491,0,8,0,0
7957,8492,0,8,0,0
7958,8493,0,8,0,0
7959,8494,0,8,0,0
7960,8495,0,8,0,0
7961,8496,0,8,0,0
7962,8497,0,8,0,0
7963,8498,0,8,0,0
7964,8499,0,8,0,0
7965,8500,0,8,0,0
7966,8504,0,8,0,0
7967,8505,0,8,0,0
7968,8506,0,8,0,0
7969,8507,0,8,0,0
7970,8508,232.98,2,0,0
7971,8509,209.76,2,0,0
7972,8510,257.32,3,0,0
7973,8511,232.98,2,0,0
7974,8512,209.76,2,0,0
7975,8513,0,8,0,0
7976,8515,78.98,7,0,0
7977,8517,124.55,0,0,0
7978,8518,0,8,0,0
7979,8520,158,0,0,0
7980,8522,122.1,0,0,0
7981,8524,83.67,7,0,0
7982,8526,233.27,2,0,0
7983,8529,117.88,0,0,0
7984,8531,185.42,2,0,0
7985,8534,228.98,2,0,0
7986,8537,219.05,2,0,0
7987,8540,266.44,3,0,0
7988,8543,133.98,2,0,0
7989,8545,175.49,2,0,0
7990,8548,259.6,3,0,0
7991,8550,325.38,4,0,0
7992,8551,83.67,8,0,0
7993,8554,19.88,8,0,0
7994,8556,14.22,8,0,0
7995,8557,14.22,8,0,0
7996,8560,7.51,8,0,0
7997,8563,42.53,8,0,0
7998,8565,94.14,7,0,0
7999,8567,42.21,8,0,0
8000,8569,65.95,8,0,0
8001,8571,8.23,8,0,0
8002,8573,42.53,8,0,0
8003,8575,98.67,7,0,0
8004,8578,115.03,0,0,0
8005,8581,205.91,2,0,0
8006,8584,93.63,2,0,0
8007,8585,7.51,8,0,0
8008,8588,239.68,2,0,0
8009,8592,142.67,2,0,0
8010,8595,55.82,8,0,0
8011,8597,136.67,0,0,0
8012,8598,0,8,0,0
8013,8601,121.25,0,0,0
8014,8603,146.93,2,0,0
8015,8605,194.44,2,0,0
8016,8607,65.8,7,0,0
8017,8610,98.95,7,0,0
8018,8612,110.31,0,0,0
8019,8615,194.44,2,0,0
8020,8618,192.09,2,0,0
8021,8620,236.78,2,0,0
8022,8623,194.89,2,0,0
8023,8625,183.15,2,0,0
8024,8627,0,8,0,0
8025,8628,0,8,0,0
8026,8629,0,8,0,0
8027,8630,0,8,0,0
8028,8631,0,8,0,0
8029,8632,0,8,0,0
8030,8633,0,8,0,0
8031,8634,0,8,0,0
8032,8635,0,8,0,0
8033,8636,0,8,0,0
8034,8637,0,8,0,0
8035,8638,0,8,0,0
8036,8639,0,8,0,0
8037,8640,0,8,0,0
8038,8641,0,8,0,0
8039,8642,0,8,0,0
8040,8644,0,8,0,0
8041,8646,173.73,2,0,0
8042,8647,168.98,2,0,0
8043,8648,480.52,5,0,0
8044,8649,180.94,2,0,0
8045,8650,480.52,5,0,0
8046,8651,480.52,4,0,0
8047,8652,180.05,2,0,0
8048,8653,180.05,2,0,0
8049,8654,0,8,0,0
8050,8655,365.22,3,0,0
8051,8656,0,8,0,0
8052,8657,0,8,0,0
8053,8658,0,8,0,0
8054,8659,0,8,0,0
8055,8660,0,8,0,0
8056,8661,0,8,0,0
8057,8662,0,8,0,0
8058,8663,0,8,0,0
8059,8664,0,8,0,0
8060,8665,0,8,0,0
8061,8666,0,8,0,0
8062,8667,0,8,0,0
8063,8668,0,8,0,0
8064,8669,0,8,0,0
8065,8673,244.95,3,0,0
8066,8677,119.15,0,0,0
8067,8681,121.69,0,0,0
8068,8682,190.75,2,0,0
8069,8685,184.56,3,0,0
8070,8688,170.11,3,0,0
8071,8691,192.66,3,0,0
8072,8692,150.98,2,0,0
8073,8693,150.98,0,0,0
8074,8694,69.86,7,0,0
8075,8695,69.86,8,0,0
8076,8696,0,8,0,0
8077,8697,162.35,2,0,0
8078,8702,192.53,2,0,0
8079,8703,180.05,2,0,0
8080,8704,0,8,0,0
8081,8705,0,8,0,0
8082,8706,0,8,0,0
8083,8707,0,8,0,0
8084,8708,0,8,0,0
8085,8711,178.53,3,0,0
8086,8712,189.21,2,0,0
8087,8713,189.21,2,0,0
8088,8714,126.48,0,0,0
8089,8715,126.48,0,0,0
8090,8716,221.84,2,0,0
8091,8719,225.21,4,0,0
8092,8720,225.21,4,0,0
8093,8721,225.21,4,0,0
8094,8722,0,8,0,0
8095,8723,0,8,0,0
8096,8727,202.88,3,0,0
8097,8728,97.45,2,0,0
8098,8729,113.12,3,0,0
8099,8730,0,8,0,0
8100,8733,178.06,2,0,0
8101,8734,0,8,0,0
8102,8735,176.99,2,0,0
8103,8736,232.98,2,0,0
8104,8737,209.76,2,0,0
8105,8738,167.75,2,0,0
8106,8743,211.78,2,0,0
8107,8744,219.16,4,0,0
8108,8745,188.39,2,0,0
8109,8746,188.39,2,0,0
8110,8747,188.39,2,0,0
8111,8748,345.95,5,0,0
8112,8749,209.76,2,0,0
8113,8750,189.1,2,0,0
8114,8751,167.94,2,0,0
8115,8752,176.05,2,0,0
8116,8753,183.42,2,0,0
8117,8755,201.15,2,0,0
8118,8756,185.24,2,0,0
8119,8757,163.3,2,0,0
8120,8758,205.49,2,0,0
8121,8759,162.92,2,0,0
8122,8760,173.96,2,0,0
8123,8761,173.96,2,0,0
8124,8762,182.74,2,0,0
8125,8763,166.76,2,0,0
8126,8764,166.76,2,0,0
8127,8765,181.69,2,0,0
8128,8766,190.75,2,0,0
8129,8767,190.75,2,0,0
8130,8768,245.55,3,0,0
8131,8771,0,8,0,0
8132,8772,0,8,0,0
8133,8773,195.16,3,0,0
8134,8774,0,8,0,0
8135,8775,175.53,2,0,0
8136,8776,181.53,2,0,0
8137,8777,160.16,2,0,0
8138,8778,0,8,0,0
8139,8779,222.38,4,0,0
8140,8780,181.78,2,0,0
8141,8781,426.1,5,0,0
8142,8783,0,8,0,0
8143,8785,174.59,2,0,0
8144,8786,174.59,2,0,0
8145,8787,169.47,2,0,0
8146,8788,138.59,0,0,0
8147,8789,138.59,0,0,0
8148,8790,174.59,2,0,0
8149,8791,177.4,2,0,0
8150,8792,177.4,2,0,0
8151,8793,177.4,2,0,0
8152,8794,179.48,2,0,0
8153,8795,179.48,2,0,0
8154,8796,177.4,2,0,0
8155,8797,177.4,2,0,0
8156,8798,179.48,2,0,0
8157,8799,179.48,2,0,0
8158,8800,179.48,2,0,0
8159,8801,179.48,2,0,0
8160,8802,182.16,2,0,0
8161,8803,182.16,2,0,0
8162,8804,179.48,2,0,0
8163,8805,179.48,2,0,0
8164,8806,179.48,2,0,0
8165,8807,179.48,2,0,0
8166,8808,182.16,2,0,0
8167,8809,182.16,2,0,0
8168,8810,179.48,2,0,0
8169,8811,179.48,2,0,0
8170,8812,182.16,2,0,0
8171,8813,178.66,3,0,0
8172,8814,177.27,3,0,0
8173,8815,178.66,3,0,0
8174,8816,177.27,3,0,0
8175,8817,174.33,2,0,0
8176,8818,177.24,2,0,0
8177,8819,174.33,2,0,0
8178,8820,177.24,2,0,0
8179,8821,174.84,2,0,0
8180,8823,174.84,2,0,0
8181,8824,174.84,2,0,0
8182,8825,178.37,2,0,0
8183,8826,178.37,2,0,0
8184,8827,188.39,2,0,0
8185,8828,188.39,2,0,0
8186,8829,188.39,2,0,0
8187,8830,188.39,2,0,0
8188,8831,188.39,2,0,0
8189,8832,188.39,2,0,0
8190,8833,188.39,2,0,0
8191,8834,199.18,2,0,0
8192,8835,199.18,2,0,0
8193,8836,199.18,2,0,0
8194,8837,93,7,0,0
8195,8839,178.06,2,0,0
8196,8840,178.06,2,0,0
8197,8841,178.06,2,0,0
8198,8842,178.06,2,0,0
8199,8844,177.95,2,0,0
8200,8845,177.95,2,0,0
8201,8846,177.95,2,0,0
8202,8847,177.95,2,0,0
8203,8848,177.95,2,0,0
8204,8850,178.06,2,0,0
8205,8852,178.06,2,0,0
8206,8853,178.06,2,0,0
8207,8854,178.06,2,0,0
8208,8856,178.06,2,0,0
8209,8857,178.06,2,0,0
8210,8858,178.06,2,0,0
8211,8859,178.06,2,0,0
8212,8861,32.52,8,0,0
8213,8862,92.22,7,0,0
8214,8864,238.66,2,0,0
8215,8865,180.42,2,0,0
8216,8866,180.42,2,0,0
8217,8867,180.42,2,0,0
8218,8868,180.42,2,0,0
8219,8869,180.42,2,0,0
8220,8870,180.42,2,0,0
8221,8871,180.42,2,0,0
8222,8872,180.42,2,0,0
8223,8873,176.29,2,0,0
8224,8874,176.29,2,0,0
8225,8875,178.37,2,0,0
8226,8876,178.37,2,0,0
8227,8877,175.54,2,0,0
8228,8878,175.54,2,0,0
8229,8879,180.42,2,0,0
8230,8880,180.42,2,0,0
8231,8881,180.42,2,0,0
8232,8882,180.42,2,0,0
8233,8883,180.42,2,0,0
8234,8884,176.29,2,0,0
8235,8885,178.37,2,0,0
8236,8886,175.54,2,0,0
8237,8887,173.06,2,0,0
8238,8888,173.06,2,0,0
8239,8889,177.33,2,0,0
8240,8890,177.33,2,0,0
8241,8891,176.29,2,0,0
8242,8892,176.29,2,0,0
8243,8893,178.37,2,0,0
8244,8894,178.37,2,0,0
8245,8895,173.06,2,0,0
8246,8896,177.33,2,0,0
8247,8897,176.29,2,0,0
8248,8898,178.37,2,0,0
8249,8899,207.35,3,0,0
8250,8900,176.49,2,0,0
8251,8901,207.35,3,0,0
8252,8902,176.49,2,0,0
8253,8903,16.06,8,0,0
8254,8904,0,8,0,0
8255,8905,167.21,2,0,0
8256,8906,167.21,2,0,0
8257,8909,167.21,2,0,0
8258,8910,167.21,2,0,0
8259,8913,53.76,8,0,0
8260,8914,53.76,8,0,0
8261,8915,129.67,7,0,0
8262,8916,66.92,7,0,0
8263,8917,66.92,7,0,0
8264,8918,171.32,2,0,0
8265,8919,171.32,2,0,0
8266,8922,149.87,2,0,0
8267,8923,149.87,2,0,0
8268,8924,180.52,2,0,0
8269,8925,180.52,2,0,0
8270,8928,179.04,2,0,0
8271,8929,179.04,2,0,0
8272,8932,208.64,3,0,0
8273,8933,208.64,3,0,0
8274,8936,128.46,2,0,0
8275,8937,128.46,2,0,0
8276,8940,171.62,2,0,0
8277,8941,292.09,4,0,0
8278,8942,128.32,0,0,0
8279,8943,292.09,4,0,0
8280,8947,178.66,3,0,0
8281,8950,177.27,3,0,0
8282,8951,232.98,2,0,0
8283,8952,209.76,2,0,0
8284,8953,257.32,3,0,0
8285,8954,207.41,2,0,0
8286,8955,0,8,0,0
8287,8956,158.86,0,0,0
8288,8957,129.8,0,0,0
8289,8958,129.8,0,0,0
8290,8959,130.15,0,0,0
8291,8960,130.15,0,0,0
8292,8961,129.9,0,0,0
8293,8962,129.9,0,0,0
8294,8963,129.91,0,0,0
8295,8964,129.91,0,0,0
8296,8965,257.32,3,0,0
8297,8966,194.75,2,0,0
8298,8967,149.87,2,0,0
8299,8968,132.49,0,0,0
8300,8969,149.87,2,0,0
8301,8971,53.76,8,0,0
8302,8975,132.94,0,0,0
8303,8976,129.7,7,0,0
8304,8977,99.81,7,0,0
8305,8978,99.81,7,0,0
8306,8979,0,8,0,0
8307,8980,0,8,0,0
8308,8981,0,8,0,0
8309,8982,0,8,0,0
8310,8983,197.18,2,0,0
8311,8984,197.18,2,0,0
8312,8985,212.27,4,0,0
8313,8986,0,8,0,0
8314,8987,0,8,0,0
8315,8988,234.16,3,0,0
8316,8989,234.16,4,0,0
8317,8990,0,8,0,0
8318,8991,0,8,0,0
8319,8992,0,8,0,0
8320,8993,207.15,3,0,0
8321,8994,0,8,0,0
8322,8995,0,8,0,0
8323,9002,154.14,7,0,0
8324,9003,233.24,2,0,0
8325,9004,185.55,2,0,0
8326,9005,0,8,0,0
8327,9007,175.56,2,0,0
8328,9008,175.56,2,0,0
8329,9010,335.74,2,0,0
8330,9012,40.41,8,0,0
8331,9013,0,8,0,0
8332,9015,175.56,2,0,0
8333,9018,175.56,2,0,0
8334,9019,0,8,0,0
8335,9020,0,8,0,0
8336,9021,0,8,0,0
8337,9022,0,8,0,0
8338,9023,0,8,0,0
8339,9024,0,8,0,0
8340,9025,25.13,8,0,0
8341,9026,25.13,8,0,0
8342,9027,25.13,8,0,0
8343,9028,25.13,8,0,0
8344,9029,25.13,8,0,0
8345,9030,0,8,0,0
8346,9031,157.69,0,0,0
8347,9032,157.69,0,0,0
8348,9033,157.69,0,0,0
8349,9034,157.69,0,0,0
8350,9035,157.69,0,0,0
8351,9036,157.69,0,0,0
8352,9037,157.69,0,0,0
8353,9038,157.69,0,0,0
8354,9039,157.69,0,0,0
8355,9040,157.69,0,0,0
8356,9041,157.69,0,0,0
8357,9042,157.69,0,0,0
8358,9043,157.69,0,0,0
8359,9044,219.78,2,0,0
8360,9045,0,8,0,0
8361,9049,176.73,2,0,0
8362,9050,176.73,2,0,0
8363,9051,176.73,2,0,0
8364,9052,176.73,2,0,0
8365,9054,176.73,2,0,0
8366,9056,176.73,2,0,0
8367,9057,176.73,2,0,0
8368,9058,176.73,2,0,0
8369,9059,176.73,2,0,0
8370,9060,176.73,2,0,0
8371,9062,176.73,2,0,0
8372,9063,176.73,2,0,0
8373,9064,176.73,2,0,0
8374,9065,176.73,2,0,0
8375,9066,176.73,2,0,0
8376,9068,176.73,2,0,0
8377,9069,176.73,2,0,0
8378,9070,176.73,2,0,0
8379,9072,176.73,2,0,0
8380,9073,176.73,2,0,0
8381,9074,176.93,2,0,0
8382,9075,176.93,2,0,0
8383,9076,176.93,2,0,0
8384,9077,176.93,2,0,0
8385,9078,176.93,2,0,0
8386,9079,176.93,2,0,0
8387,9080,192.36,2,0,0
8388,9081,192.36,2,0,0
8389,9082,192.36,2,0,0
8390,9083,192.36,2,0,0
8391,9084,314.47,4,0,0
8392,9086,314.47,4,0,0
8393,9087,314.47,4,0,0
8394,9089,270.89,3,0,0
8395,9090,270.89,3,0,0
8396,9091,270.89,3,0,0
8397,9092,270.89,3,0,0
8398,9093,270.89,3,0,0
8399,9094,224.95,2,0,0
8400,9095,224.95,2,0,0
8401,9096,224.95,2,0,0
8402,9097,224.95,3,0,0
8403,9098,224.95,3,0,0
8404,9099,225.15,2,0,0
8405,9102,158.53,2,0,0
8406,9103,158.53,2,0,0
8407,9104,158.53,2,0,0
8408,9105,130.67,2,0,0
8409,9106,130.67,2,0,0
8410,9107,130.67,2,0,0
8411,9108,130.67,2,0,0
8412,9109,119.31,0,0,0
8413,9110,119.31,0,0,0
8414,9111,119.31,0,0,0
8415,9112,119.31,0,0,0
8416,9113,218.73,2,0,0
8417,9114,218.73,2,0,0
8418,9115,218.73,2,0,0
8419,9116,199.65,0,0,0
8420,9117,199.65,0,0,0
8421,9118,199.65,0,0,0
8422,9120,199.65,0,0,0
8423,9121,199.65,0,0,0
8424,9122,199.65,0,0,0
8425,9124,199.65,0,0,0
8426,9125,199.65,0,0,0
8427,9126,199.65,0,0,0
8428,9128,199.65,0,0,0
8429,9129,199.65,0,0,0
8430,9130,199.65,0,0,0
8431,9132,160.46,2,0,0
8432,9133,160.46,2,0,0
8433,9134,0,8,0,0
8434,9135,0,8,0,0
8435,9136,0,8,0,0
8436,9137,0,8,0,0
8437,9138,0,8,0,0
8438,9139,0,8,0,0
8439,9140,0,8,0,0
8440,9141,0,8,0,0
8441,9142,536.36,5,0,0
8442,9144,536.36,5,0,0
8443,9145,536.36,5,0,0
8444,9146,536.36,5,0,0
8445,9147,299.42,3,0,0
8446,9148,222.15,2,0,0
8447,9149,222.15,2,0,0
8448,9150,110.73,0,0,0
8449,9151,110.73,0,0,0
8450,9152,43.71,8,0,0
8451,9153,43.71,8,0,0
8452,9154,43.71,8,0,0
8453,9155,43.71,8,0,0
8454,9156,43.71,8,0,0
8455,9157,20.65,8,0,0
8456,9158,234.17,2,0,0
8457,9159,66.31,7,0,0
8458,9160,66.31,7,0,0
8459,9161,66.31,7,0,0
8460,9162,66.31,7,0,0
8461,9163,66.31,7,0,0
8462,9164,66.31,7,0,0
8463,9165,66.31,7,0,0
8464,9166,66.31,7,0,0
8465,9167,66.31,7,0,0
8466,9168,66.31,7,0,0
8467,9169,66.31,8,0,0
8468,9170,66.31,8,0,0
8469,9171,53.13,8,0,0
8470,9172,53.13,8,0,0
8471,9173,0,8,0,0
8472,9174,0,8,0,0
8473,9175,0,8,0,0
8474,9177,0,8,0,0
8475,9178,0,8,0,0
8476,9180,0,8,0,0
8477,9181,0,8,0,0
8478,9182,0,8,0,0
8479,9183,16.42,8,0,0
8480,9184,16.42,8,0,0
8481,9185,16.42,8,0,0
8482,9187,0,8,0,0
8483,9188,0,8,0,0
8484,9189,0,8,0,0
8485,9191,0,8,0,0
8486,9192,0,8,0,0
8487,9193,0,8,0,0
8488,9194,0,8,0,0
8489,9195,0,8,0,0
8490,9197,0,8,0,0
8491,9198,0,8,0,0
8492,9199,0,8,0,0
8493,9202,121.94,2,0,0
8494,9203,121.94,2,0,0
8495,9204,53.39,8,0,0
8496,9205,0,8,0,0
8497,9206,0,8,0,0
8498,9208,133.32,0,0,0
8499,9209,133.32,0,0,0
8500,9211,0,8,0,0
8501,9212,142.91,2,0,0
8502,9213,142.91,2,0,0
8503,9216,163.24,2,0,0
8504,9217,163.24,2,0,0
8505,9218,163.24,2,0,0
8506,9219,163.24,2,0,0
8507,9220,163.24,2,0,0
8508,9221,163.24,2,0,0
8509,9222,163.24,2,0,0
8510,9223,163.24,2,0,0
8511,9224,163.24,2,0,0
8512,9225,163.24,2,0,0
8513,9226,163.24,2,0,0
8514,9227,163.24,2,0,0
8515,9228,163.24,2,0,0
8516,9229,299.42,3,0,0
8517,9232,223.53,3,0,0
8518,9234,32.35,8,0,0
8519,9236,189.21,2,0,0
8520,9238,189.21,2,0,0
8521,9239,189.21,2,0,0
8522,9241,189.21,2,0,0
8523,9242,189.21,2,0,0
8524,9243,189.21,2,0,0
8525,9245,189.21,2,0,0
8526,9246,179.92,2,0,0
8527,9248,179.92,2,0,0
8528,9249,179.92,2,0,0
8529,9250,179.92,2,0,0
8530,9251,178.46,2,0,0
8531,9253,178.46,2,0,0
8532,9254,178.46,2,0,0
8533,9255,179.92,2,0,0
8534,9256,179.92,2,0,0
8535,9257,187.19,2,0,0
8536,9259,187.19,2,0,0
8537,9260,187.19,2,0,0
8538,9262,187.19,2,0,0
8539,9263,144.28,2,0,0
8540,9264,144.28,2,0,0
8541,9265,194.32,2,0,0
8542,9267,194.32,2,0,0
8543,9268,194.32,2,0,0
8544,9269,208.87,3,0,0
8545,9271,208.87,3,0,0
8546,9272,181.75,2,0,0
8547,9274,181.75,2,0,0
8548,9275,217.36,2,0,0
8549,9277,217.36,2,0,0
8550,9278,217.36,2,0,0
8551,9279,189.97,2,0,0
8552,9281,189.97,2,0,0
8553,9282,189.97,2,0,0
8554,9283,130.12,0,0,0
8555,9285,130.12,0,0,0
8556,9286,130.12,2,0,0
8557,9287,32.52,8,0,0
8558,9288,188.78,2,0,0
8559,9290,188.78,2,0,0
8560,9291,180.92,2,0,0
8561,9293,180.92,2,0,0
8562,9294,180.92,3,0,0
8563,9295,180.92,2,0,0
8564,9296,194.32,2,0,0
8565,9297,183.65,2,0,0
8566,9299,189.97,2,0,0
8567,9300,189.97,2,0,0
8568,9301,189.97,2,0,0
8569,9302,42.21,8,0,0
8570,9303,222.38,3,0,0
8571,9304,1000,5,0,0
8572,9305,67.5,7,0,0
8573,9306,67.5,7,0,0
8574,9307,223.53,3,0,0
8575,9308,409.15,5,0,0
8576,9309,0,8,0,0
8577,9310,179.93,2,0,0
8578,9311,17.37,8,0,0
8579,9312,81.8,8,0,0
8580,9313,207.67,2,0,0
8581,9314,207.67,2,0,0
8582,9315,207.67,2,0,0
8583,9316,207.67,2,0,0
8584,9317,207.67,2,0,0
8585,9318,189.21,2,0,0
8586,9319,189.21,2,0,0
8587,9320,164.99,2,0,0
8588,9321,185.51,2,0,0
8589,9322,203.41,2,0,0
8590,9323,203.41,2,0,0
8591,9324,189.7,2,0,0
8592,9325,175.5,2,0,0
8593,9326,142.26,0,0,0
8594,9327,199.65,0,0,0
8595,9328,174.87,2,0,0
8596,9329,74.31,7,0,0
8597,9330,94.15,7,0,0
8598,9331,0,8,0,0
8599,9332,213.94,2,0,0
8600,9333,206.96,2,0,0
8601,9334,182.73,2,0,0
8602,9335,182.73,2,0,0
8603,9336,182.73,2,0,0
8604,9337,166.5,2,0,0
8605,9338,166.5,2,0,0
8606,9339,208.08,3,0,0
8607,9340,0,8,0,0
8608,9341,2,8,0,0
8609,9342,254.27,3,0,0
8610,9343,170.86,2,0,0
8611,9344,217.36,2,0,0
8612,9345,179.92,2,0,0
8613,9346,188.13,2,0,0
8614,9347,188.13,2,0,0
8615,9348,188.13,2,0,0
8616,9349,188.13,2,0,0
8617,9350,188.13,2,0,0
8618,9351,194.78,2,0,0
8619,9352,194.78,2,0,0
8620,9354,179.32,2,0,0
8621,9355,179.32,2,0,0
8622,9357,134.48,2,0,0
8623,9358,134.48,2,0,0
8624,9360,214.97,2,0,0
8625,9361,214.97,2,0,0
8626,9363,250.48,4,0,0
8627,9364,250.48,4,0,0
8628,9366,358.29,4,0,0
8629,9369,155.02,2,0,0
8630,9370,155.02,2,0,0
8631,9372,160.52,2,0,0
8632,9373,160.52,2,0,0
8633,9375,137.27,0,0,0
8634,9376,137.27,0,0,0
8635,9378,143.42,2,0,0
8636,9379,143.42,2,0,0
8637,9381,233.49,2,0,0
8638,9382,233.49,2,0,0
8639,9384,259.81,4,0,0
8640,9385,259.81,4,0,0
8641,9387,145.32,3,0,0
8642,9388,185.56,2,0,0
8643,9390,185.56,2,0,0
8644,9391,137.67,0,0,0
8645,9392,137.67,0,0,0
8646,9393,124.23,0,0,0
8647,9395,124.23,0,0,0
8648,9396,187.41,2,0,0
8649,9398,187.41,2,0,0
8650,9399,312.23,3,0,0
8651,9401,312.23,3,0,0
8652,9402,297.42,4,0,0
8653,9404,0,8,0,0
8654,9405,0,8,0,0
8655,9406,0,8,0,0
8656,9407,0,8,0,0
8657,9408,0,8,0,0
8658,9409,0,8,0,0
8659,9410,181.36,2,0,0
8660,9411,181.36,2,0,0
8661,9412,181.36,2,0,0
8662,9413,185.51,2,0,0
8663,9414,185.51,2,0,0
8664,9415,185.51,2,0,0
8665,9416,185.51,2,0,0
8666,9417,185.51,2,0,0
8667,9418,185.51,2,0,0
8668,9419,185.51,2,0,0
8669,9420,123.36,0,0,0
8670,9421,123.36,2,0,0
8671,9422,192.81,2,0,0
8672,9423,192.81,2,0,0
8673,9424,192.52,2,0,0
8674,9425,192.52,2,0,0
8675,9426,254.27,3,0,0
8676,9427,254.27,3,0,0
8677,9428,174.22,2,0,0
8678,9429,0,8,0,0
8679,9430,0,8,0,0
8680,9431,478.26,5,0,0
8681,9432,17.01,8,0,0
8682,9433,17.01,8,0,0
8683,9434,177.41,2,0,0
8684,9435,177.41,2,0,0
8685,9436,164.99,2,0,0
8686,9437,164.99,2,0,0
8687,9438,164.99,2,0,0
8688,9439,164.99,2,0,0
8689,9440,164.99,2,0,0
8690,9441,164.99,2,0,0
8691,9442,164.99,2,0,0
8692,9443,164.99,2,0,0
8693,9444,164.99,2,0,0
8694,9445,164.99,2,0,0
8695,9446,164.99,2,0,0
8696,9447,164.99,3,0,0
8697,9448,164.99,2,0,0
8698,9449,164.99,2,0,0
8699,9450,164.99,2,0,0
8700,9451,164.99,2,0,0
8701,9452,164.99,2,0,0
8702,9453,164.99,2,0,0
8703,9454,164.99,2,0,0
8704,9455,164.99,2,0,0
8705,9456,164.99,2,0,0
8706,9457,164.99,2,0,0
8707,9458,164.99,2,0,0
8708,9459,164.99,2,0,0
8709,9460,164.99,2,0,0
8710,9461,164.99,2,0,0
8711,9462,164.99,2,0,0
8712,9463,164.99,2,0,0
8713,9464,164.99,3,0,0
8714,9465,164.99,2,0,0
8715,9466,164.99,2,0,0
8716,9467,164.99,2,0,0
8717,9468,164.99,2,0,0
8718,9469,164.99,2,0,0
8719,9470,0,8,0,0
8720,9471,0,8,0,0
8721,9473,0,8,0,0
8722,9474,0,8,0,0
8723,9476,0,8,0,0
8724,9477,0,8,0,0
8725,9478,0,8,0,0
8726,9480,0,8,0,0
8727,9481,0,8,0,0
8728,9482,0,8,0,0
8729,9483,0,8,0,0
8730,9484,0,8,0,0
8731,9485,0,8,0,0
8732,9486,0,8,0,0
8733,9487,0,8,0,0
8734,9488,0,8,0,0
8735,9489,0,8,0,0
8736,9490,0,8,0,0
8737,9491,0,8,0,0
8738,9492,0,8,0,0
8739,9493,0,8,0,0
8740,9494,0,8,0,0
8741,9495,0,8,0,0
8742,9497,0,8,0,0
8743,9498,0,8,0,0
8744,9499,0,8,0,0
8745,9500,0,8,0,0
8746,9501,0,8,0,0
8747,9502,0,8,0,0
8748,9503,0,8,0,0
8749,9504,0,8,0,0
8750,9505,0,8,0,0
8751,9506,0,8,0,0
8752,9507,0,8,0,0
8753,9508,0,8,0,0
8754,9509,0,8,0,0
8755,9510,0,8,0,0
8756,9511,0,8,0,0
8757,9512,0,8,0,0
8758,9513,0,8,0,0
8759,9514,0,8,0,0
8760,9515,0,8,0,0
8761,9516,0,8,0,0
8762,9517,0,8,0,0
8763,9518,121.94,0,0,0
8764,9519,0,8,0,0
8765,9521,141.49,2,0,0
8766,9522,323.74,4,0,0
8767,9523,30.48,8,0,0
8768,9525,0,8,0,0
8769,9526,163.24,2,0,0
8770,9527,185.28,2,0,0
8771,9528,185.28,2,0,0
8772,9529,158.53,0,0,0
8773,9530,158.53,0,0,0
8774,9531,179.93,2,0,0
8775,9532,179.93,2,0,0
8776,9533,187.93,2,0,0
8777,9534,187.93,2,0,0
8778,9535,179.99,2,0,0
8779,9536,179.99,2,0,0
8780,9537,234.17,2,0,0
8781,9538,234.17,2,0,0
8782,9539,234.17,2,0,0
8783,9540,179.92,2,0,0
8784,9541,179.92,2,0,0
8785,9542,164.3,2,0,0
8786,9543,164.3,2,0,0
8787,9544,123.15,0,0,0
8788,9545,0,8,0,0
8789,9546,170.86,2,0,0
8790,9547,170.86,2,0,0
8791,9548,84.06,2,0,0
8792,9549,84.06,2,0,0
8793,9551,84.06,0,0,0
8794,9552,84.06,0,0,0
8795,9554,84.06,8,0,0
8796,9555,192.02,2,0,0
8797,9556,192.02,2,0,0
8798,9557,176.53,2,0,0
8799,9558,176.53,2,0,0
8800,9559,246.07,3,0,0
8801,9560,50,8,0,0
8802,9561,120.93,2,0,0
8803,9562,120.93,2,0,0
8804,9563,120.93,2,0,0
8805,9564,61.54,7,0,0
8806,9565,61.54,7,0,0
8807,9566,61.54,7,0,0
8808,9567,133.87,0,0,0
8809,9568,133.87,0,0,0
8810,9569,133.87,0,0,0
8811,9570,124.85,0,0,0
8812,9571,124.85,0,0,0
8813,9572,124.85,0,0,0
8814,9573,230.79,3,0,0
8815,9574,230.79,3,0,0
8816,9575,230.79,3,0,0
8817,9576,319,4,0,0
8818,9578,353.1,4,0,0
8819,9580,466.48,5,0,0
8820,9581,466.48,5,0,0
8821,9582,66.23,7,0,0
8822,9584,466.48,5,0,0
8823,9586,230.36,4,0,0
8824,9587,38.16,8,0,0
8825,9588,184.56,2,0,0
8826,9589,184.56,3,0,0
8827,9590,12.75,8,0,0
8828,9591,12.75,8,0,0
8829,9592,178.45,2,0,0
8830,9593,178.45,2,0,0
8831,9594,178.45,2,0,0
8832,9595,178.45,2,0,0
8833,9596,270.89,3,0,0
8834,9597,178.45,2,0,0
8835,9598,199.65,0,0,0
8836,9599,199.65,0,0,0
8837,9600,199.65,0,0,0
8838,9601,199.65,0,0,0
8839,9602,199.65,0,0,0
8840,9603,199.65,0,0,0
8841,9604,160.46,2,0,0
8842,9605,66.31,7,0,0
8843,9606,66.31,7,0,0
8844,9607,0,8,0,0
8845,9608,0,8,0,0
8846,9609,0,8,0,0
8847,9610,0,8,0,0
8848,9612,0,8,0,0
8849,9613,0,8,0,0
8850,9614,0,8,0,0
8851,9615,0,8,0,0
8852,9618,177.33,2,0,0
8853,9619,179.09,2,0,0
8854,9620,177.4,2,0,0
8855,9621,163.24,2,0,0
8856,9622,163.24,2,0,0
8857,9623,163.24,2,0,0
8858,9624,163.24,2,0,0
8859,9625,163.24,2,0,0
8860,9626,163.24,2,0,0
8861,9627,163.24,2,0,0
8862,9628,163.24,2,0,0
8863,9629,163.24,2,0,0
8864,9630,163.24,2,0,0
8865,9631,163.24,2,0,0
8866,9632,163.24,2,0,0
8867,9633,163.24,2,0,0
8868,9634,91.2,7,0,0
8869,9635,91.2,7,0,0
8870,9636,91.2,7,0,0
8871,9637,164.99,2,0,0
8872,9638,164.99,2,0,0
8873,9639,164.99,2,0,0
8874,9640,164.99,2,0,0
8875,9641,164.99,2,0,0
8876,9642,164.99,2,0,0
8877,9643,164.99,2,0,0
8878,9644,164.99,2,0,0
8879,9645,164.99,2,0,0
8880,9646,164.99,2,0,0
8881,9647,164.99,2,0,0
8882,9648,164.99,3,0,0
8883,9649,164.99,2,0,0
8884,9650,164.99,2,0,0
8885,9651,164.99,2,0,0
8886,9652,164.99,2,0,0
8887,9653,164.99,2,0,0
8888,9654,177.41,2,0,0
8889,9655,17.01,8,0,0
8890,1443,183.41,2,0,0
8891,3342,0,8,0,0
8892,5000,32.52,8,0,0
8893,5001,32.52,8,0,0
8894,5201,201.89,2,0,0
8895,5219,216.48,2,0,0
8896,5304,163.87,2,0,0
8897,5319,160.51,2,0,0
8898,5325,176.06,2,0,0
8899,5327,176.06,2,0,0
8900,5500,173.66,2,0,0
8901,5502,173.66,2,0,0
8902,5620,181.66,2,0,0
8903,5628,196,2,0,0
8904,5630,196,2,0,0
8905,6255,444.92,5,0,0
8906,6768,187.21,2,0,0
8907,6770,187.21,2,0,0
8908,6772,187.21,2,0,0
8909,6774,187.21,2,0,0
8910,6776,187.21,2,0,0
8911,6778,187.21,2,0,0
8912,6780,187.21,2,0,0
8913,6782,187.21,2,0,0
8914,6784,187.21,2,0,0
8915,6786,187.21,2,0,0
8916,6789,187.21,2,0,0
8917,6791,187.21,2,0,0
8918,6793,187.21,2,0,0
8919,6795,187.21,2,0,0
8920,6797,187.21,2,0,0
8921,6799,187.21,2,0,0
8922,6895,174.8,2,0,0
8923,6896,174.8,2,0,0
8924,6897,174.8,2,0,0
8925,6898,174.8,2,0,0
8926,6899,174.8,2,0,0
8927,6900,174.8,2,0,0
8928,6901,174.8,2,0,0
8929,6902,174.8,2,0,0
8930,6903,174.8,2,0,0
8931,6904,174.8,2,0,0
8932,6905,174.8,2,0,0
8933,6906,174.8,2,0,0
8934,6907,174.8,2,0,0
8935,6908,174.8,2,0,0
8936,6909,174.8,2,0,0
8937,6910,174.8,2,0,0
8938,6911,174.8,2,0,0
8939,6912,174.8,2,0,0
8940,6913,174.8,2,0,0
8941,6914,174.8,2,0,0
8942,6915,174.8,2,0,0
8943,6916,174.8,2,0,0
8944,6917,174.8,2,0,0
8945,6918,174.8,2,0,0
8946,6919,174.8,2,0,0
8947,6958,167.04,2,0,0
8948,6963,40.52,8,0,0
8949,6968,164.99,2,0,0
8950,6973,164.99,2,0,0
8951,6982,164.99,2,0,0
8952,6987,263.99,3,0,0
8953,7455,192.05,2,0,0
8954,7458,192.05,2,0,0
8955,8528,117.88,0,0,0
8956,8533,228.98,2,0,0
8957,8536,219.05,2,0,0
8958,8539,266.44,3,0,0
8959,8542,133.98,2,0,0
8960,8547,259.6,3,0,0
8961,8553,19.88,8,0,0
8962,8559,7.51,8,0,0
8963,8562,42.53,8,0,0
8964,8580,205.91,2,0,0
8965,8583,93.63,2,0,0
8966,8587,239.68,2,0,0
8967,8591,142.67,2,0,0
8968,8594,55.82,8,0,0
8969,8600,121.25,0,0,0
8970,8614,194.44,2,0,0
8971,8617,192.09,2,0,0
8972,8622,194.89,2,0,0
8973,9353,194.78,2,0,0
8974,9356,179.32,2,0,0
8975,9359,134.48,2,0,0
8976,9362,214.97,2,0,0
8977,9365,250.48,4,0,0
8978,9367,358.29,4,0,0
8979,9656,264.59,3,0,0
8980,9657,264.59,3,0,0
8981,9660,159.26,2,0,0
8982,9661,126.58,2,0,0
8983,9662,263.99,4,0,0
8984,9663,206.86,3,0,0
8985,9664,182.73,3,0,0
8986,9665,164.95,3,0,0
8987,9666,153.58,2,0,0
8988,9667,54.61,7,0,0
8989,9668,54.77,7,0,0
8990,9669,164.99,2,0,0
8991,9670,180.97,2,0,0
8992,9671,135.49,2,0,0
8993,9672,184.33,3,0,0
8994,9673,183.42,3,0,0
8995,9674,214.84,4,0,0
8996,9675,48.93,7,0,0
8997,9676,174.87,2,0,0
8998,9677,164.99,2,0,0
8999,9678,218.73,3,0,0
9000,9679,190.36,2,0,0
9001,9680,180.97,2,0,0
9002,9681,116.03,2,0,0
9003,9682,40.52,8,0,0
9004,9683,167.04,3,0,0
9005,9684,88.57,2,0,0
9006,9685,194.32,2,0,0
9007,9686,188.78,2,0,0
9008,9687,189.97,2,0,0
9009,9688,208.87,3,0,0
9010,9689,181.75,2,0,0
9011,9690,217.36,2,0,0
9012,9691,180.92,2,0,0
9013,9692,180.92,3,0,0
9014,9693,180.92,3,0,0
9015,9694,189.97,2,0,0
9016,9695,130.12,0,0,0
9017,9696,130.12,2,0,0
9018,9697,218.73,3,0,0
9019,9698,125.47,2,0,0
9020,9699,54.64,7,0,0
9021,9700,116.03,0,0,0
9022,9701,123.25,2,0,0
9023,9702,174.87,2,0,0
9024,9703,266.25,4,0,0
9025,9704,182.15,3,0,0
9026,9705,146.73,2,0,0
9027,9706,0,8,0,0
9028,9707,197.68,3,0,0
9029,9708,201.82,3,0,0
9030,9709,170.86,3,0,0
9031,9710,0,8,0,0
9032,995,94.15,7,0,0
9033,1005,88.57,7,0,0
9034,4203,159.89,2,0,0
9035,4272,176.51,0,0,0
9036,4279,176.51,0,0,0
9037,4284,156.87,2,0,0
9038,4292,156.87,2,0,0
9039,4295,156.87,2,0,0
9040,4841,0,8,0,0
9041,4876,72.92,7,0,0
9042,8163,172.41,2,0,0
9043,9496,0,8,0,0
9044,9711,64.43,7,0,0
9045,9712,64.43,7,0,0
9046,9713,64.43,7,0,0
9047,9714,64.43,7,0,0
9048,9715,64.43,7,0,0
9049,9716,64.43,7,0,0
9050,9717,64.43,7,0,0
9051,9718,64.43,7,0,0
9052,9719,64.43,7,0,0
9053,9720,64.43,7,0,0
9054,9721,64.43,7,0,0
9055,9722,64.43,7,0,0
9056,9723,64.43,7,0,0
9057,9724,9.19,8,0,0
9058,9725,179.83,2,0,0
9059,9726,195.83,2,0,0
9060,9727,181.76,2,0,0
9061,9728,175.51,2,0,0
9062,9729,180.6,2,0,0
9063,9730,191.14,2,0,0
9064,9731,175.51,2,0,0
9065,9732,181.76,2,0,0
9066,9733,178.28,2,0,0
9067,9734,190.15,2,0,0
9068,9735,169.47,2,0,0
9069,9736,413.48,5,0,0
9070,9737,16.06,8,0,0
9071,9741,167.26,2,0,0
9072,9742,158.53,2,0,0
9073,9744,314.47,4,0,0
9074,9745,225.15,2,0,0
9075,9746,120.93,2,0,0
9076,9747,179.99,2,0,0
9077,9749,210.16,2,0,0
9078,9750,225.15,2,0,0
9079,9751,185.69,2,0,0
9080,9753,157.83,2,0,0
9081,9754,203.73,2,0,0
9082,9757,292.09,4,0,0
9083,9758,187.41,2,0,0
9084,9759,312.23,4,0,0
9085,9760,0,8,0,0
9086,9761,145.96,2,0,0
9087,9762,231.26,4,0,0
9088,9763,297.96,4,0,0
9089,9764,265.4,4,0,0
9090,9765,223.53,3,0,0
9091,9767,177.04,2,0,0
9092,9768,340.57,5,0,0
9093,9772,225.21,4,0,0
9094,9773,225.21,4,0,0
9095,9774,178.53,3,0,0
9096,9775,221.84,2,0,0
9097,9778,185.69,3,0,0
9098,9779,57.52,8,0,0
9099,9780,32.35,8,0,0
9100,9781,133.32,2,0,0
9101,9782,32.35,8,0,0
9102,953,83.3,0,0,0
9103,954,83.3,0,0,0
9104,955,83.3,0,0,0
9105,956,83.3,0,0,0
9106,957,83.3,0,0,0
9107,958,83.3,0,0,0
9108,959,83.3,0,0,0
9109,960,83.3,0,0,0
9110,1381,209.76,2,0,0
9111,4489,21.99,8,0,0
9112,4829,0,8,0,0
9113,4877,0,8,0,0
9114,6446,145.96,3,0,0
9115,6447,145.96,3,0,0
9116,6448,145.96,3,0,0
9117,6449,145.96,3,0,0
9118,7176,0,8,0,0
9119,7177,0,8,0,0
9120,7178,0,8,0,0
9121,8157,91.74,8,0,0
9122,8754,183.42,2,0,0
9123,9006,0,8,0,0
9124,9472,0,8,0,0
9125,9475,0,8,0,0
9126,9520,0,8,0,0
9127,9738,0,8,0,0
9128,9739,0,8,0,0
9129,9740,0,8,0,0
9130,9743,158.53,2,0,0
9131,9748,179.99,2,0,0
9132,9755,203.73,2,0,0
9133,9756,203.73,2,0,0
9134,9769,340.57,5,0,0
9135,9776,261.48,4,0,0
9136,9783,0,8,0,0
9137,9784,378.74,4,0,0
9138,9786,391.45,5,0,0
9139,9787,391.45,5,0,0
9140,9788,78.8,7,0,0
9141,9789,145.52,0,0,0
9142,9790,185.87,2,0,0
9143,9791,145.52,2,0,0
9144,9792,203.36,3,0,0
9145,9793,183.42,2,0,0
9146,9794,154.84,2,0,0
9147,9795,257.88,3,0,0
9148,9796,116.37,2,0,0
9149,9797,190.75,4,0,0
9150,9798,130.67,0,0,0
9151,9799,130.67,0,0,0
9152,9800,40.52,8,0,0
9153,9801,126.58,2,0,0
9154,9802,218.73,2,0,0
9155,9803,186.94,3,0,0
9156,9804,235.99,3,0,0
9157,9805,200.4,2,0,0
9158,9806,159.26,3,0,0
9159,9807,191.46,3,0,0
9160,9808,83.3,7,0,0
9161,9809,42.3,8,0,0
9162,9810,192.52,2,0,0
9163,9811,153.58,2,0,0
9164,9812,182.6,2,0,0
9165,9813,115.1,0,0,0
9166,9814,240.62,3,0,0
9167,9815,192.09,2,0,0
9168,9816,184.56,4,0,0
9169,9817,156.73,3,0,0
9170,9818,94.15,8,0,0
9171,9819,81.8,7,0,0
9172,9820,40.52,8,0,0
9173,9821,42.21,8,0,0
9174,9822,174.87,2,0,0
9175,9823,115.03,0,0,0
9176,9824,40.52,8,0,0
9177,9825,536.36,5,0,0
9178,9826,88.57,2,0,0
9179,9827,135.89,2,0,0
9180,9828,164.99,2,0,0
9181,9830,165.08,2,0,0
9182,9831,189.21,2,0,0
9183,9832,263.99,3,0,0
9184,9833,283.66,3,0,0
9185,9834,47.13,7,0,0
9186,9835,174.22,2,0,0
9187,9836,208,3,0,0
9188,9837,257.32,5,0,0
9189,9838,223.53,4,0,0
9190,9839,155.02,0,0,0
9191,9840,190.8,2,0,0
9192,9841,172.08,2,0,0
9193,9842,176.53,2,0,0
9194,9843,250.48,4,0,0
9195,9844,160.52,2,0,0
9196,9845,141.21,2,0,0
9197,9846,236.78,3,0,0
9198,9847,209.57,4,0,0
9199,9848,227.26,3,0,0
9200,9849,0,8,0,0
9201,9850,12.75,8,0,0
9202,9851,0,8,0,0
9203,9852,197.18,2,0,0
9204,9853,203.39,2,0,0
9205,9854,259.01,3,0,0
9206,9856,0,8,0,0
9207,9857,191.65,2,0,0
9208,9860,96.9,7,0,0
9209,9862,89.5,7,0,0
9210,9864,88.06,7,0,0
9211,9865,204.42,2,0,0
9212,9868,304.74,4,0,0
9213,9870,209.12,2,0,0
9214,9872,179.27,2,0,0
9215,9874,201.56,2,0,0
9216,9876,179.27,2,0,0
9217,9878,195.41,0,0,0
9218,9880,87.99,7,0,0
9219,9883,179.27,2,0,0
9220,9885,205.68,2,0,0
9221,9887,174.66,2,0,0
9222,9889,201.45,2,0,0
9223,9892,185.81,2,0,0
9224,9895,103.88,0,0,0
9225,9897,171.49,2,0,0
9226,9899,209.12,2,0,0
9227,9901,213,2,0,0
9228,9903,168.32,2,0,0
9229,9905,182.17,2,0,0
9230,9908,182.17,2,0,0
9231,9909,191.14,2,0,0
9232,9912,208.31,2,0,0
9233,9914,0,8,0,0
9234,9916,204.21,2,0,0
9235,9919,174.66,2,0,0
9236,9921,168.32,2,0,0
9237,9923,186.53,2,0,0
9238,9925,201.89,2,0,0
9239,9927,241.07,3,0,0
9240,9930,241.07,3,0,0
9241,9931,182.17,2,0,0
9242,9933,0,8,0,0
9243,9934,0,8,0,0
9244,9935,0,8,0,0
9245,9936,0,8,0,0
9246,9937,0,8,0,0
9247,9938,0,8,0,0
9248,9941,183.73,2,0,0
9249,9944,173.84,2,0,0
9250,9947,93.03,7,0,0
9251,9948,232.24,2,0,0
9252,9951,204.33,2,0,0
9253,9953,204.33,2,0,0
9254,9954,88.06,7,0,0
9255,9956,202.11,2,0,0
9256,9957,0,8,0,0
9257,9958,0,8,0,0
9258,9959,0,8,0,0
9259,9960,0,8,0,0
9260,9963,208.98,2,0,0
9261,9966,174.69,2,0,0
9262,9969,217.77,2,0,0
9263,9972,209.05,2,0,0
9264,9975,199.4,2,0,0
9265,9978,202.32,2,0,0
9266,114,224.08,3,0,0
9267,115,224.08,2,0,0
9268,390,218.73,3,0,0
9269,391,218.73,2,0,0
9270,400,128.96,0,0,0
9271,457,125.47,2,0,0
9272,458,125.47,2,0,0
9273,470,123.36,0,0,0
9274,478,123.36,0,0,0
9275,488,54.64,7,0,0
9276,489,54.64,8,0,0
9277,563,164.99,2,0,0
9278,577,164.99,2,0,0
9279,583,164.99,2,0,0
9280,628,164.99,2,0,0
9281,656,165.08,2,0,0
9282,674,165.08,2,0,0
9283,694,164.99,2,0,0
9284,786,263.99,3,0,0
9285,1382,391.45,3,0,0
9286,1545,116.03,0,0,0
9287,1546,116.03,0,0,0
9288,1560,123.25,2,0,0
9289,1561,123.25,0,0,0
9290,2189,121.85,0,0,0
9291,2676,156.73,2,0,0
9292,2681,156.73,2,0,0
9293,2686,156.73,2,0,0
9294,2689,156.73,2,0,0
9295,2692,191.46,2,0,0
9296,2697,191.46,2,0,0
9297,2700,191.46,2,0,0
9298,2702,191.46,2,0,0
9299,2705,191.46,2,0,0
9300,2708,161.12,2,0,0
9301,2710,161.12,2,0,0
9302,2715,161.12,2,0,0
9303,2717,161.12,2,0,0
9304,2719,161.12,2,0,0
9305,2722,190.75,2,0,0
9306,2725,190.75,2,0,0
9307,2729,190.75,2,0,0
9308,2732,190.75,2,0,0
9309,2734,190.75,2,0,0
9310,2739,190.75,2,0,0
9311,2741,190.75,2,0,0
9312,2743,184.77,2,0,0
9313,2747,184.77,2,0,0
9314,2750,184.77,2,0,0
9315,2752,184.77,2,0,0
9316,2754,184.77,2,0,0
9317,2756,170.6,2,0,0
9318,2761,170.6,2,0,0
9319,2764,170.6,2,0,0
9320,2768,170.6,2,0,0
9321,2770,170.6,2,0,0
9322,2773,159.92,2,0,0
9323,2777,159.92,2,0,0
9324,2779,159.92,2,0,0
9325,2824,174.87,2,0,0
9326,2825,174.87,2,0,0
9327,3278,458.79,2,0,0
9328,3357,0,8,0,0
9329,3358,0,8,0,0
9330,3359,0,8,0,0
9331,3360,0,8,0,0
9332,3361,0,8,0,0
9333,3362,0,8,0,0
9334,3363,0,8,0,0
9335,3364,0,8,0,0
9336,3961,190.75,2,0,0
9337,3962,156.73,2,0,0
9338,3963,161.12,2,0,0
9339,3964,191.46,2,0,0
9340,3965,184.77,2,0,0
9341,3966,170.6,2,0,0
9342,3967,159.92,2,0,0
9343,3968,190.75,2,0,0
9344,3969,156.73,2,0,0
9345,3970,161.12,2,0,0
9346,3971,191.46,2,0,0
9347,3972,184.77,2,0,0
9348,3973,170.6,2,0,0
9349,3974,159.92,2,0,0
9350,4853,0,8,0,0
9351,4854,0,8,0,0
9352,4855,0,8,0,0
9353,4856,0,8,0,0
9354,4875,25.41,8,0,0
9355,5256,0,8,0,0
9356,5265,100.81,0,0,0
9357,5279,200.73,3,0,0
9358,5511,236.78,3,0,0
9359,5759,137.59,2,0,0
9360,5861,177.38,3,0,0
9361,6082,47.13,7,0,0
9362,6426,0,8,0,0
9363,6427,0,8,0,0
9364,7013,181.05,2,0,0
9365,7274,170.86,3,0,0
9366,7275,170.86,3,0,0
9367,7522,51.23,8,0,0
9368,8220,211.2,2,0,0
9369,8251,189.59,2,0,0
9370,8277,214.92,2,0,0
9371,8307,253.41,3,0,0
9372,8371,870.21,5,0,0
9373,8672,244.95,3,0,0
9374,8676,119.15,0,0,0
9375,8680,121.69,0,0,0
9376,8996,212.27,4,0,0
9377,9017,175.56,2,0,0
9378,9100,225.15,2,0,0
9379,9101,225.15,2,0,0
9380,9176,0,8,0,0
9381,9179,0,8,0,0
9382,9186,16.42,8,0,0
9383,9190,0,8,0,0
9384,9196,0,8,0,0
9385,9200,0,8,0,0
9386,9207,0,8,0,0
9387,9210,133.32,0,0,0
9388,9214,0,8,0,0
9389,9215,0,8,0,0
9390,9882,87.99,7,0,0
9391,9915,0,8,0,0
9392,9939,0,8,0,0
9393,9940,0,8,0,0
9394,9943,183.73,2,0,0
9395,9946,173.84,2,0,0
9396,9950,232.24,2,0,0
9397,9961,0,8,0,0
9398,9962,0,8,0,0
9399,9965,208.98,2,0,0
9400,9968,186.59,2,0,0
9401,9971,201.29,2,0,0
9402,9974,209.05,2,0,0
9403,9977,199.4,2,0,0
9404,9980,202.32,2,0,0
9405,9981,0,8,0,0
9406,9982,0,8,0,0
9407,9983,0,8,0,0
9408,9984,0,8,0,0
9409,9985,0,8,0,0
9410,9986,0,8,0,0
9411,9987,0,8,0,0
9412,9988,104.41,0,0,0
9413,9989,480.52,4,0,0
9414,9990,0,8,0,0
9415,9991,0,8,0,0
9416,9992,0,8,0,0
9417,9993,144.75,2,0,0
9418,9996,105.38,0,0,0
9419,10001,281.48,3,0,0
9420,10004,209.73,2,0,0
9421,10008,142.51,0,0,0
9422,10011,19.88,8,0,0
9423,10014,19.88,8,0,0
9424,10016,115.03,0,0,0
9425,10019,91.92,0,0,0
9426,10023,304.74,4,0,0
9427,10028,128.96,0,0,0
9428,10033,245.05,3,0,0
9429,10036,6.37,8,0,0
9430,10037,6.37,8,0,0
9431,10038,244.09,3,0,0
9432,10039,480.52,4,0,0
9433,10040,178.46,2,0,0
9434,10043,166.26,2,0,0
9435,10047,260.77,4,0,0
9436,10051,179.95,2,0,0
9437,10055,187.77,4,0,0
9438,10058,256.93,4,0,0
9439,10061,201.57,2,0,0
9440,10062,0,8,0,0
9441,10063,105.77,0,0,0
9442,10064,0,8,0,0
9443,10065,195.32,2,0,0
9444,10069,195.32,2,0,0
9445,10072,195.32,2,0,0
9446,10075,193.21,2,0,0
9447,10078,193.21,2,0,0
9448,10082,193.21,2,0,0
9449,10086,193.21,2,0,0
9450,10089,12.75,8,0,0
9451,10091,192.53,2,0,0
9452,10092,180.05,2,0,0
9453,10093,150.98,2,0,0
9454,10094,184.56,3,0,0
9455,10095,170.11,3,0,0
9456,10096,192.66,3,0,0
9457,10097,69.86,7,0,0
9458,10098,184.56,2,0,0
9459,10102,194.24,2,0,0
9460,10103,172.21,2,0,0
9461,10107,0,8,0,0
9462,10108,134.5,0,0,0
9463,10113,227.22,2,0,0
9464,10117,325.51,3,0,0
9465,10119,201.35,3,0,0
9466,10120,294.91,3,0,0
9467,10121,194.24,2,0,0
9468,10122,56.66,8,0,0
9469,10123,89.44,7,0,0
9470,10124,62.67,7,0,0
9471,10125,170.54,2,0,0
9472,10126,40.79,8,0,0
9473,10127,50.46,8,0,0
9474,10128,43.3,8,0,0
9475,10129,78.91,7,0,0
9476,10131,69.86,7,0,0
9477,10132,201.35,2,0,0
9478,10133,294.91,3,0,0
9479,10134,306.85,4,0,0
9480,10136,78.91,7,0,0
9481,10137,226.79,2,0,0
9482,10138,226.79,2,0,0
9483,10139,226.79,2,0,0
9484,10140,226.79,2,0,0
9485,10141,226.79,2,0,0
9486,10142,226.79,2,0,0
9487,10143,226.79,2,0,0
9488,10144,226.79,2,0,0
9489,10145,226.79,2,0,0
9490,10146,226.79,2,0,0
9491,10147,226.79,2,0,0
9492,10148,226.79,2,0,0
9493,10149,226.79,2,0,0
9494,10150,226.79,2,0,0
9495,10151,226.79,2,0,0
9496,10152,226.79,2,0,0
9497,10153,226.79,2,0,0
9498,10154,226.79,2,0,0
9499,10155,226.79,2,0,0
9500,10156,226.79,2,0,0
9501,10157,226.79,2,0,0
9502,10158,226.79,2,0,0
9503,10159,226.79,2,0,0
9504,10160,226.79,2,0,0
9505,10161,226.79,2,0,0
9506,10162,226.79,2,0,0
9507,10163,162.99,3,0,0
9508,10164,162.99,3,0,0
9509,10165,162.99,3,0,0
9510,10166,183.36,2,0,0
9511,10167,183.36,2,0,0
9512,10168,183.36,2,0,0
9513,10169,159.26,2,0,0
9514,10170,159.26,2,0,0
9515,10171,159.26,2,0,0
9516,10172,171.32,2,0,0
9517,10173,171.32,2,0,0
9518,10174,171.32,2,0,0
9519,10175,214.92,2,0,0
9520,10176,214.92,2,0,0
9521,10177,214.92,2,0,0
9522,10178,410.08,4,0,0
9523,10179,410.08,4,0,0
9524,10180,410.08,4,0,0
9525,10181,121.85,2,0,0
9526,10182,121.85,2,0,0
9527,10183,121.85,2,0,0
9528,10184,358.29,4,0,0
9529,10185,358.29,4,0,0
9530,10186,358.29,4,0,0
9531,10187,180.65,2,0,0
9532,10188,180.65,2,0,0
9533,10189,180.65,2,0,0
9534,10190,196.47,3,0,0
9535,10191,196.47,3,0,0
9536,10192,196.47,3,0,0
9537,10193,148.82,2,0,0
9538,10194,148.82,2,0,0
9539,10195,148.82,2,0,0
9540,10196,250.48,4,0,0
9541,10197,250.48,4,0,0
9542,10198,250.48,4,0,0
9543,10199,160.52,2,0,0
9544,10200,160.52,2,0,0
9545,10201,160.52,2,0,0
9546,10202,143.42,2,0,0
9547,10203,143.42,2,0,0
9548,10204,143.42,2,0,0
9549,10205,100,0,0,0
9550,10207,433.49,5,0,0
9551,10208,433.49,5,0,0
9552,10209,433.49,5,0,0
9553,10210,128.32,0,0,0
9554,10211,128.32,0,0,0
9555,10212,128.32,0,0,0
9556,10213,245.55,3,0,0
9557,10214,245.55,3,0,0
9558,10215,245.55,3,0,0
9559,10216,132.49,2,0,0
9560,10217,132.49,2,0,0
9561,10218,132.49,2,0,0
9562,10219,292.09,4,0,0
9563,10220,292.09,4,0,0
9564,10221,292.09,4,0,0
9565,10222,213.11,3,0,0
9566,10223,213.11,3,0,0
9567,10224,213.11,3,0,0
9568,10225,223.53,3,0,0
9569,10226,223.53,3,0,0
9570,10227,223.53,3,0,0
9571,10228,180.92,2,0,0
9572,10229,180.92,2,0,0
9573,10230,180.92,2,0,0
9574,10231,208.87,3,0,0
9575,10232,208.87,3,0,0
9576,10233,208.87,3,0,0
9577,10234,178.46,2,0,0
9578,10235,178.46,2,0,0
9579,10236,178.46,2,0,0
9580,10237,121.69,0,0,0
9581,10238,121.69,0,0,0
9582,10239,121.69,0,0,0
9583,10240,88.57,0,0,0
9584,10241,88.57,0,0,0
9585,10242,88.57,0,0,0
9586,10243,116.41,0,0,0
9587,10244,116.41,0,0,0
9588,10245,116.41,0,0,0
9589,10246,191.65,2,0,0
9590,10247,191.65,2,0,0
9591,10248,191.65,2,0,0
9592,10249,182.4,2,0,0
9593,10250,182.4,2,0,0
9594,10251,182.4,2,0,0
9595,10252,181.78,2,0,0
9596,10253,181.78,2,0,0
9597,10254,181.78,2,0,0
9598,10255,426.1,5,0,0
9599,10256,178.06,2,0,0
9600,10257,178.06,2,0,0
9601,10258,178.06,2,0,0
9602,10259,183.95,2,0,0
9603,10260,183.95,2,0,0
9604,10261,183.95,2,0,0
9605,10262,184.6,2,0,0
9606,10263,184.6,2,0,0
9607,10264,184.6,2,0,0
9608,10265,190.99,2,0,0
9609,10266,190.99,2,0,0
9610,10267,190.99,2,0,0
9611,10268,264.39,3,0,0
9612,10269,264.39,3,0,0
9613,10270,264.39,3,0,0
9614,10271,0,8,0,0
9615,10272,0,8,0,0
9616,10273,0,8,0,0
9617,10274,0,8,0,0
9618,10275,0,8,0,0
9619,10276,0,8,0,0
9620,10277,323.74,4,0,0
9621,10278,230,2,0,0
9622,109,224.08,2,0,0
9623,135,174.22,2,0,0
9624,205,189.5,3,0,0
9625,272,182.15,4,0,0
9626,278,182.15,2,0,0
9627,294,182.15,2,0,0
9628,300,182.15,2,0,0
9629,351,119.38,0,0,0
9630,586,164.99,2,0,0
9631,594,164.99,2,0,0
9632,704,164.99,2,0,0
9633,1050,163.35,3,0,0
9634,1315,179.19,2,0,0
9635,1487,190.8,2,0,0
9636,1521,176.53,2,0,0
9637,1612,316.95,4,0,0
9638,1630,210.63,2,0,0
9639,1723,40.52,8,0,0
9640,1728,195.93,2,0,0
9641,2028,164.3,2,0,0
9642,2101,145.52,2,0,0
9643,2136,164.3,2,0,0
9644,2137,164.3,2,0,0
9645,2138,145.52,2,0,0
9646,2139,145.52,2,0,0
9647,2140,164.3,2,0,0
9648,2141,164.3,2,0,0
9649,2407,224.22,3,0,0
9650,2434,224.08,3,0,0
9651,2457,208,3,0,0
9652,2844,159.26,2,0,0
9653,2847,159.26,2,0,0
9654,2908,183.36,2,0,0
9655,3111,0,8,0,0
9656,3999,93.63,7,0,0
9657,4011,93.63,2,0,0
9658,4032,195.87,2,0,0
9659,4061,202.1,2,0,0
9660,4087,152.83,2,0,0
9661,4092,291.7,4,0,0
9662,4194,197.68,2,0,0
9663,4223,197.73,2,0,0
9664,4371,17.47,8,0,0
9665,4381,208.27,2,0,0
9666,4656,190.75,3,0,0
9667,4657,190.75,3,0,0
9668,4658,161.12,2,0,0
9669,4659,191.46,2,0,0
9670,4660,191.46,2,0,0
9671,4676,116.37,0,0,0
9672,4744,170.86,2,0,0
9673,4878,25.41,8,0,0
9674,5002,32.52,8,0,0
9675,5003,32.52,8,0,0
9676,5011,57.73,8,0,0
9677,5012,57.73,8,0,0
9678,5013,57.73,0,0,0
9679,5033,157.71,2,0,0
9680,5100,7.5,8,0,0
9681,5210,230.44,2,0,0
9682,5221,218.72,2,0,0
9683,5224,218.72,2,0,0
9684,5266,100.81,0,0,0
9685,5309,163.87,2,0,0
9686,5324,176.06,2,0,0
9687,5338,120.12,2,0,0
9688,5342,120.12,0,0,0
9689,5347,120.12,0,0,0
9690,5353,116.37,0,0,0
9691,5361,201.07,2,0,0
9692,5367,48.93,0,0,0
9693,5372,48.93,7,0,0
9694,5379,210.63,2,0,0
9695,5384,210.63,2,0,0
9696,5394,169.63,2,0,0
9697,5404,168.98,2,0,0
9698,5412,192.02,2,0,0
9699,5420,192.02,2,0,0
9700,5483,236.83,3,0,0
9701,5517,236.78,2,0,0
9702,5526,283.66,3,0,0
9703,5533,199.75,2,0,0
9704,5582,219.21,2,0,0
9705,5601,175.55,2,0,0
9706,5699,95.91,8,0,0
9707,5701,95.91,7,0,0
9708,5708,233.24,0,0,0
9709,5710,233.24,2,0,0
9710,5766,206.78,2,0,0
9711,5927,206.86,2,0,0
9712,5945,218.73,2,0,0
9713,5948,188.47,2,0,0
9714,5976,217.01,2,0,0
9715,5986,202.97,2,0,0
9716,5997,192.09,2,0,0
9717,6063,29.29,8,0,0
9718,6079,47.13,7,0,0
9719,6145,123.25,2,0,0
9720,6158,263.26,3,0,0
9721,6164,236.97,2,0,0
9722,6170,208.27,2,0,0
9723,6188,411.72,5,0,0
9724,6207,190.75,3,0,0
9725,6210,154.84,2,0,0
9726,6213,154.84,2,0,0
9727,6249,94.55,0,0,0
9728,6337,257.32,4,0,0
9729,6341,50.38,7,0,0
9730,6344,229.99,2,0,0
9731,6348,185.87,2,0,0
9732,6351,183.49,3,0,0
9733,6353,182.05,3,0,0
9734,6355,171.27,2,0,0
9735,6450,145.96,3,0,0
9736,6461,72.85,0,0,0
9737,6788,187.21,2,0,0
9738,7001,208.08,2,0,0
9739,7091,208.91,3,0,0
9740,7276,170.86,3,0,0
9741,7277,170.86,2,0,0
9742,7347,287.68,3,0,0
9743,7675,194.88,2,0,0
9744,7676,194.88,2,0,0
9745,7679,194.88,2,0,0
9746,7682,177.65,2,0,0
9747,7689,191.32,2,0,0
9748,7692,179.72,2,0,0
9749,7699,182.73,2,0,0
9750,7702,182.73,2,0,0
9751,7705,182.73,2,0,0
9752,7710,213.94,2,0,0
9753,7713,206.96,2,0,0
9754,7721,194.89,2,0,0
9755,7724,162.55,2,0,0
9756,7731,162.44,2,0,0
9757,7734,162.44,2,0,0
9758,7740,208.59,3,0,0
9759,7743,185.91,2,0,0
9760,7757,172.29,2,0,0
9761,7758,172.29,2,0,0
9762,7759,214.84,2,0,0
9763,7766,181.66,2,0,0
9764,7767,162.83,2,0,0
9765,7770,192.49,2,0,0
9766,7773,193.78,2,0,0
9767,7786,187.21,2,0,0
9768,7787,187.21,2,0,0
9769,7788,187.21,2,0,0
9770,7792,167.04,2,0,0
9771,7803,187.21,2,0,0
9772,7806,204.96,3,0,0
9773,8700,192.53,2,0,0
9774,8726,202.88,3,0,0
9775,8741,211.78,2,0,0
9776,8769,245.55,3,0,0
9777,8822,174.84,2,0,0
9778,8851,178.06,2,0,0
9779,8907,167.21,2,0,0
9780,8911,167.21,2,0,0
9781,8920,171.32,2,0,0
9782,8926,180.52,2,0,0
9783,8930,179.04,2,0,0
9784,8934,208.64,3,0,0
9785,8938,128.46,2,0,0
9786,8944,621.62,4,0,0
9787,8970,149.87,2,0,0
9788,8974,132.94,0,0,0
9789,9053,176.73,2,0,0
9790,9201,0,8,0,0
9791,9230,299.42,3,0,0
9792,9233,223.53,3,0,0
9793,9237,189.21,2,0,0
9794,9240,189.21,2,0,0
9795,9244,189.21,2,0,0
9796,9247,179.92,2,0,0
9797,9252,178.46,2,0,0
9798,9258,187.19,2,0,0
9799,9261,187.19,2,0,0
9800,9266,194.32,2,0,0
9801,9270,208.87,3,0,0
9802,9273,181.75,2,0,0
9803,9276,217.36,2,0,0
9804,9280,189.97,2,0,0
9805,9284,130.12,0,0,0
9806,9289,188.78,2,0,0
9807,9292,180.92,2,0,0
9808,9298,183.65,2,0,0
9809,9403,297.42,4,0,0
9810,9524,0,8,0,0
9811,9550,84.06,2,0,0
9812,9553,84.06,0,0,0
9813,9585,66.23,7,0,0
9814,9752,185.69,2,0,0
9815,9766,223.53,3,0,0
9816,9770,340.57,5,0,0
9817,9777,261.48,4,0,0
9818,9829,164.99,2,0,0
9819,9855,259.01,3,0,0
9820,9858,191.65,2,0,0
9821,9859,191.65,2,0,0
9822,9861,96.9,7,0,0
9823,9863,89.5,7,0,0
9824,9866,204.42,2,0,0
9825,9867,204.42,2,0,0
9826,9869,304.74,4,0,0
9827,9871,209.12,2,0,0
9828,9873,186.29,2,0,0
9829,9875,207.73,2,0,0
9830,9877,177.33,2,0,0
9831,9879,195.41,7,0,0
9832,9881,87.99,7,0,0
9833,9884,182.53,2,0,0
9834,9886,205.68,2,0,0
9835,9888,186.63,2,0,0
9836,9890,208.3,2,0,0
9837,9891,208.3,2,0,0
9838,9893,185.81,2,0,0
9839,9894,185.81,2,0,0
9840,9896,103.88,0,0,0
9841,9898,185.96,2,0,0
9842,9900,209.12,2,0,0
9843,9902,213,2,0,0
9844,9904,183.95,2,0,0
9845,9906,183.27,2,0,0
9846,9907,183.27,2,0,0
9847,9910,191.14,2,0,0
9848,9913,208.31,2,0,0
9849,9917,204.21,2,0,0
9850,9918,204.21,2,0,0
9851,9920,184.82,2,0,0
9852,9922,192.41,2,0,0
9853,9924,186.53,2,0,0
9854,9926,201.89,2,0,0
9855,9928,241.07,3,0,0
9856,9929,241.07,3,0,0
9857,9932,191.31,2,0,0
9858,9942,183.73,2,0,0
9859,9945,173.84,2,0,0
9860,9949,232.24,2,0,0
9861,9952,204.33,2,0,0
9862,9955,88.06,7,0,0
9863,9964,208.98,2,0,0
9864,9967,186.59,2,0,0
9865,9970,201.29,2,0,0
9866,9973,209.05,2,0,0
9867,9976,199.4,2,0,0
9868,9979,202.32,2,0,0
9869,9994,144.75,2,0,0
9870,9995,144.75,2,0,0
9871,9997,105.38,0,0,0
9872,9999,105.38,0,0,0
9873,10000,105.38,0,0,0
9874,10002,281.48,3,0,0
9875,10003,281.48,3,0,0
9876,10006,209.73,2,0,0
9877,10007,209.73,2,0,0
9878,10010,142.51,0,0,0
9879,10013,19.88,8,0,0
9880,10015,19.88,8,0,0
9881,10018,115.03,0,0,0
9882,10020,91.92,0,0,0
9883,10022,91.92,0,0,0
9884,10024,304.74,4,0,0
9885,10026,304.74,4,0,0
9886,10027,304.74,4,0,0
9887,10029,128.96,0,0,0
9888,10031,128.96,0,0,0
9889,10032,128.96,0,0,0
9890,10034,245.05,3,0,0
9891,10035,245.05,3,0,0
9892,10042,178.46,2,0,0
9893,10044,166.26,2,0,0
9894,10045,166.26,2,0,0
9895,10046,178.46,2,0,0
9896,10048,260.77,4,0,0
9897,10050,260.77,4,0,0
9898,10052,179.95,2,0,0
9899,10054,179.95,2,0,0
9900,10056,187.77,4,0,0
9901,10057,187.77,4,0,0
9902,10059,256.93,4,0,0
9903,10060,256.93,4,0,0
9904,10066,195.32,2,0,0
9905,10068,195.32,2,0,0
9906,10070,195.32,2,0,0
9907,10071,195.32,2,0,0
9908,10073,195.32,2,0,0
9909,10074,195.32,2,0,0
9910,10076,193.21,2,0,0
9911,10077,193.21,2,0,0
9912,10079,193.21,2,0,0
9913,10081,193.21,2,0,0
9914,10083,193.21,2,0,0
9915,10085,193.21,2,0,0
9916,10087,193.21,2,0,0
9917,10088,193.21,2,0,0
9918,10090,12.75,8,0,0
9919,10099,184.56,2,0,0
9920,10101,184.56,2,0,0
9921,10104,172.21,2,0,0
9922,10106,172.21,2,0,0
9923,10109,134.5,0,0,0
9924,10111,134.5,0,0,0
9925,10112,134.5,0,0,0
9926,10114,227.22,2,0,0
9927,10116,227.22,2,0,0
9928,10118,325.51,3,0,0
9929,10130,32.52,8,0,0
9930,10135,194.24,2,0,0
9931,10206,100,0,0,0
9932,10279,171.32,2,0,0
9933,10280,178.46,3,0,0
9934,10282,178.46,3,0,0
9935,10283,0,8,0,0
9936,10284,0,8,0,0
9937,10286,0,8,0,0
9938,10287,0,8,0,0
9939,10288,200.73,3,0,0
9940,10289,0.9,8,0,0
9941,10290,0,8,0,0
9942,4662,0,8,0,0
9943,6189,411.72,5,0,0
9944,6231,214.22,2,0,0
9945,6233,214.22,2,0,0
9946,6235,214.22,2,0,0
9947,6259,0,8,0,0
9948,6544,116.41,0,0,0
9949,6546,116.41,0,0,0
9950,7348,287.68,3,0,0
9951,8770,245.55,3,0,0
9952,8838,93,7,0,0
9953,8843,178.06,2,0,0
9954,8849,177.95,2,0,0
9955,8855,178.06,2,0,0
9956,8860,178.06,2,0,0
9957,8863,92.22,7,0,0
9958,9231,299.42,3,0,0
9959,9235,32.35,8,0,0
9960,9771,340.57,5,0,0
9961,4879,0,8,0,0
9962,4880,0,8,0,0
9963,4881,0,8,0,0
9964,5898,151.27,2,0,0
9965,5899,151.27,2,0,0
9966,5900,151.27,2,0,0
9967,8782,426.1,5,0,0
9968,8784,0,8,0,0
9969,8908,167.21,2,0,0
9970,8912,167.21,2,0,0
9971,8921,171.32,2,0,0
9972,8927,180.52,2,0,0
9973,8931,179.04,2,0,0
9974,8935,208.64,3,0,0
9975,8939,128.46,0,0,0
9976,8997,0,8,0,0
9977,8998,82.58,7,0,0
9978,8999,100,0,0,0
9979,9055,176.73,2,0,0
9980,9061,176.73,2,0,0
9981,9067,176.73,2,0,0
9982,9071,176.73,2,0,0
9983,9085,314.47,4,0,0
9984,9088,314.47,4,0,0
9985,9119,199.65,2,0,0
9986,9123,199.65,2,0,0
9987,9127,199.65,2,0,0
9988,9131,199.65,2,0,0
9989,9371,155.02,2,0,0
9990,9374,160.52,2,0,0
9991,9377,137.27,0,0,0
9992,9380,143.42,0,0,0
9993,9383,233.49,3,0,0
9994,9386,259.8,3,0,0
9995,9616,0,8,0,0
9996,9617,0,8,0,0
9997,9658,264.59,3,0,0
9998,9659,264.59,3,0,0
9999,10291,85.5,7,0,0
10000,10292,81.62,7,0,0
10001,10293,82.63,7,0,0
10002,10294,132.49,2,0,0
10003,10295,131.07,2,0,0
10004,10296,132.49,2,0,0
10005,10297,208,3,0,0
10006,10298,172.21,3,0,0
10007,10299,180.37,3,0,0
10008,10300,195.6,3,0,0
10009,10301,195.6,3,0,0
10010,10302,173.3,3,0,0
10011,10303,173.3,3,0,0
10012,10304,173.3,3,0,0
10013,10305,121.85,2,0,0
10014,10306,192.05,3,0,0
10015,10307,192.05,3,0,0
10016,10308,196,3,0,0
10017,10309,196,3,0,0
10018,10310,173.66,3,0,0
10019,10311,229.15,3,0,0
10020,10312,168.34,3,0,0
10021,10313,150.76,3,0,0
10022,10314,200.8,3,0,0
10023,10315,200.8,3,0,0
10024,10316,200.8,3,0,0
10025,10317,200.8,3,0,0
10026,10318,108.13,2,0,0
10027,10319,211,3,0,0
10028,10320,183.17,3,0,0
10029,10321,182.8,3,0,0
10030,10322,97.36,7,0,0
10031,10323,97.36,7,0,0
10032,10324,0,8,0,0
10033,10325,0,8,0,0
10034,10326,0,8,0,0
10035,10327,178.46,3,0,0
10036,10328,214.02,3,0,0
10037,10329,137.09,2,0,0
10038,10330,166.26,3,0,0
10039,10331,187.77,3,0,0
10040,10332,172.21,3,0,0
10041,10333,0,8,0,0
10042,10334,194.77,3,0,0
10043,10335,179.32,3,0,0
10044,10336,134.48,2,0,0
10045,10337,214.97,3,0,0
10046,10338,250.48,3,0,0
10047,10339,185.56,3,0,0
10048,10340,137.67,2,0,0
10049,10341,124.23,2,0,0
10050,10342,187.41,3,0,0
10051,10343,312.23,4,0,0
10052,10344,0,8,0,0
10053,10345,0,8,0,0
10054,10346,0,8,0,0
10055,10347,0,8,0,0
10056,10348,0,8,0,0
10057,10349,0,8,0,0
10058,10350,29.53,8,0,0
10059,10357,426.1,5,0,0
10060,10359,0,8,0,0
10061,36,160.29,2,0,0
10062,41,171.61,2,0,0
10063,153,224.22,3,0,0
10064,155,257.88,3,0,0
10065,160,433.49,5,0,0
10066,163,163.84,3,0,0
10067,165,153.58,2,0,0
10068,235,182.15,2,0,0
10069,241,177.37,2,0,0
10070,242,177.37,2,0,0
10071,243,177.37,2,0,0
10072,244,177.37,2,0,0
10073,284,177.37,2,0,0
10074,285,177.37,2,0,0
10075,286,177.37,2,0,0
10076,287,177.37,2,0,0
10077,970,83.3,7,0,0
10078,982,94.14,2,0,0
10079,1159,193.36,3,0,0
10080,1161,193.36,3,0,0
10081,1406,180.97,2,0,0
10082,1411,180.97,2,0,0
10083,1421,162.34,2,0,0
10084,1426,319.18,4,0,0
10085,1457,224.55,3,0,0
10086,1677,200.98,2,0,0
10087,1688,433.76,5,0,0
10088,1912,274.86,3,0,0
10089,1915,274.86,3,0,0
10090,1918,274.86,3,0,0
10091,2646,161.12,2,0,0
10092,2647,161.12,2,0,0
10093,2648,170.6,2,0,0
10094,2649,170.6,2,0,0
10095,2650,190.75,2,0,0
10096,2651,190.75,2,0,0
10097,2652,159.92,2,0,0
10098,2653,184.77,2,0,0
10099,2654,184.77,2,0,0
10100,2655,156.73,2,0,0
10101,2656,156.73,2,0,0
10102,2657,191.46,2,0,0
10103,2658,191.46,2,0,0
10104,2659,161.12,2,0,0
10105,2660,161.12,2,0,0
10106,2661,170.6,2,0,0
10107,2662,170.6,2,0,0
10108,2663,190.75,2,0,0
10109,2664,190.75,2,0,0
10110,2665,159.92,2,0,0
10111,2666,184.77,2,0,0
10112,2667,184.77,2,0,0
10113,2668,156.73,2,0,0
10114,2669,156.73,2,0,0
10115,2670,191.46,2,0,0
10116,2671,191.46,2,0,0
10117,2672,413.48,5,0,0
10118,2673,0,8,0,0
10119,2885,183.36,2,0,0
10120,2886,183.36,2,0,0
10121,3259,0,8,0,0
10122,3283,0,8,0,0
10123,3284,0,8,0,0
10124,3589,263.99,3,0,0
10125,4093,291.7,4,0,0
10126,4264,279.04,3,0,0
10127,4337,279.73,3,0,0
10128,4355,114.7,0,0,0
10129,4376,208.27,2,0,0
10130,4385,262.59,3,0,0
10131,4394,236.83,2,0,0
10132,4401,334.5,4,0,0
10133,4403,334.5,4,0,0
10134,5165,191.46,3,0,0
10135,5172,156.73,3,0,0
10136,5178,190.75,3,0,0
10137,5183,191.46,3,0,0
10138,5194,214.84,3,0,0
10139,5272,200.73,3,0,0
10140,5487,337.93,4,0,0
10141,5690,208.27,2,0,0
10142,5734,749.48,5,0,0
10143,5740,2425.3101,5,0,0
10144,5744,2425.3101,5,0,0
10145,5749,2425.3101,5,0,0
10146,5884,177.38,2,0,0
10147,5885,177.38,2,0,0
10148,5886,177.38,2,0,0
10149,5975,217.01,2,0,0
10150,5979,213.42,2,0,0
10151,5982,210.95,2,0,0
10152,6000,220.36,3,0,0
10153,6004,220.36,3,0,0
10154,6039,228.69,4,0,0
10155,6072,81.5,7,0,0
10156,6204,190.75,3,0,0
10157,6314,167.26,2,0,0
10158,6320,167.26,2,0,0
10159,6324,266.75,3,0,0
10160,6330,185.87,2,0,0
10161,6333,110.24,2,0,0
10162,6372,228.84,2,0,0
10163,6376,228.84,2,0,0
10164,6885,174.8,2,0,0
10165,6886,174.8,2,0,0
10166,6887,174.8,2,0,0
10167,6888,174.8,2,0,0
10168,6889,174.8,2,0,0
10169,6890,174.8,2,0,0
10170,6891,174.8,2,0,0
10171,6892,174.8,2,0,0
10172,6893,174.8,2,0,0
10173,6894,174.8,2,0,0
10174,7351,203.38,2,0,0
10175,7353,214.48,2,0,0
10176,7355,214.76,2,0,0
10177,7357,214.82,2,0,0
10178,7359,220.59,2,0,0
10179,7365,212.18,3,0,0
10180,7367,221.12,2,0,0
10181,7369,212.18,2,0,0
10182,7372,212.18,2,0,0
10183,7374,214.49,2,0,0
10184,7376,208.41,2,0,0
10185,7378,221.46,2,0,0
10186,7380,216.08,2,0,0
10187,7382,222.91,2,0,0
10188,7384,216.93,2,0,0
10189,7387,212.18,2,0,0
10190,7389,221.49,2,0,0
10191,7568,245.55,3,0,0
10192,7570,245.55,3,0,0
10193,7590,209.88,3,0,0
10194,7592,209.88,3,0,0
10195,7776,391.45,4,0,0
10196,8184,267.21,0,0,0
10197,8185,0,8,0,0
10198,8186,0,8,0,0
10199,8265,198.56,2,0,0
10200,8267,198.56,2,0,0
10201,8373,204.7,2,0,0
10202,8432,227.26,2,0,0
10203,8701,192.53,2,0,0
10204,8742,211.78,2,0,0
10205,9009,175.56,2,0,0
10206,9011,335.74,2,0,0
10207,9014,0,8,0,0
10208,9016,175.56,2,0,0
10209,9368,358.29,4,0,0
10210,9389,185.56,2,0,0
10211,9394,124.23,0,0,0
10212,9397,187.41,2,0,0
10213,9400,312.23,3,0,0
10214,9479,0,8,0,0
10215,9577,319,4,0,0
10216,9579,353.1,4,0,0
10217,9583,66.23,7,0,0
10218,9998,105.38,0,0,0
10219,10005,209.73,2,0,0
10220,10009,142.51,0,0,0
10221,10012,19.88,8,0,0
10222,10017,115.03,0,0,0
10223,10021,91.92,0,0,0
10224,10025,304.74,4,0,0
10225,10030,128.96,0,0,0
10226,10041,178.46,2,0,0
10227,10049,260.77,4,0,0
10228,10053,179.95,2,0,0
10229,10067,195.32,2,0,0
10230,10080,193.21,2,0,0
10231,10084,193.21,2,0,0
10232,10100,184.56,2,0,0
10233,10105,172.21,2,0,0
10234,10110,134.5,0,0,0
10235,10115,227.22,2,0,0
10236,10351,98.41,7,0,0
10237,10352,0,8,0,0
10238,10353,179.06,2,0,0
10239,10354,177.55,2,0,0
10240,10355,182.76,2,0,0
10241,10356,192.8,2,0,0
10242,10358,426.1,2,0,0
10243,10360,0,8,0,0
10244,10361,378.74,4,0,0
10245,10362,378.74,4,3,1057803469
10246,10363,0,8,0,0
10247,10364,478,5,0,0
10248,10370,0,8,0,0
10249,10371,0,8,0,0
10250,10372,200.56,3,0,0
10251,10373,200.56,3,0,0
10252,10374,71.22,8,0,0
10253,10375,199.41,4,0,0
10254,10380,0,8,0,0
10255,10382,214.4,2,0,0
10256,10387,410.08,4,0,0
10257,10388,391.45,4,0,0
10258,10390,204.7,2,0,0
10259,10391,204.7,2,0,0
10260,10392,182.84,2,0,0
10261,10393,91.74,8,0,0
10262,10394,91.74,8,0,0
10263,10395,54.76,8,0,0
10264,10396,128.82,0,0,0
10265,10397,320.62,2,0,0
10266,10398,287.76,4,0,0
10267,10400,229.15,2,0,0
10268,10402,168.34,2,0,0
10269,10404,169.65,2,0,0
10270,10406,171.43,2,0,0
10271,10408,209.88,2,0,0
10272,10410,150.76,2,0,0
10273,10412,108.13,0,0,0
10274,10414,227.42,3,0,0
10275,10416,240.86,3,0,0
10276,10417,240.86,3,0,0
10277,10418,78.91,8,0,0
10278,10368,478,4,0,1058642330
10279,10480,400,0,0,0
10280,10472,212.58,3,0,0
10281,10477,118.53,0,0,0
10282,10478,118.53,0,0,0
10283,10492,118.53,0,0,0
10284,10493,118.53,0,0,0
10285,10496,212.58,3,0,0
10286,10502,183.36,2,0,0
10287,10503,183.36,2,0,0
10288,10526,183.36,2,0,0
10289,10531,183.36,2,0,0
10290,2,182.73,2,0,0
10291,119,174.22,2,0,0
10292,159,433.49,5,0,0
10293,333,116.85,7,0,0
10294,410,254.26,4,0,0
10295,449,208,2,0,0
10296,527,153.58,2,0,0
10297,556,164.99,2,0,0
10298,559,164.99,2,0,0
10299,858,270.67,3,0,0
10300,887,164.99,2,0,0
10301,915,167.21,2,0,0
10302,975,88.57,0,0,0
10303,1056,132.49,2,0,0
10304,1165,193.36,3,0,0
10305,1168,181.36,2,0,0
10306,1318,192.05,2,0,0
10307,1380,209.76,2,0,0
10308,1404,180.97,2,0,0
10309,1409,180.97,2,0,0
10310,1424,319.18,4,0,0
10311,1448,187.21,2,0,0
10312,1456,224.55,3,0,0
10313,1659,254.26,3,0,0
10314,2035,164.3,2,0,0
10315,2153,62.35,7,0,0
10316,2181,176.79,2,0,0
10317,2184,100,0,0,0
10318,2674,156.73,2,0,0
10319,2706,161.12,2,0,0
10320,2720,190.75,2,0,0
10321,2830,174.87,2,0,0
10322,2843,159.26,2,0,0
10323,2925,6.61,8,0,0
10324,2926,6.61,8,0,0
10325,3010,0,8,0,0
10326,3116,174.31,2,0,0
10327,3117,121.94,0,0,0
10328,3118,171.46,2,0,0
10329,3119,179.68,2,0,0
10330,3317,74.56,2,0,0
10331,3338,0,8,0,0
10332,3622,190.75,2,0,0
10333,3623,156.73,2,0,0
10334,3624,161.12,2,0,0
10335,3625,191.46,2,0,0
10336,3626,184.77,2,0,0
10337,3627,170.6,2,0,0
10338,3628,159.92,2,0,0
10339,3874,222.22,2,0,0
10340,3893,0,8,0,0
10341,4122,303.76,4,0,0
10342,4173,170.55,2,0,0
10343,4183,96.45,0,0,0
10344,4219,159.89,2,0,0
10345,4235,113.12,0,0,0
10346,4370,17.47,8,0,0
10347,4667,411.5,5,0,0
10348,4673,116.37,0,0,0
10349,4774,162.95,2,0,0
10350,4775,162.95,2,0,0
10351,4779,162.95,2,0,0
10352,4786,162.95,2,0,0
10353,4787,162.95,2,0,0
10354,4791,162.95,2,0,0
10355,5271,200.73,3,0,0
10356,5306,163.87,2,0,0
10357,5312,164.95,2,0,0
10358,5498,240.62,3,0,0
10359,5593,135.49,2,0,0
10360,5763,206.78,2,0,0
10361,5990,189.8,2,0,0
10362,6185,411.72,5,0,0
10363,6281,0,8,0,0
10364,6282,0,8,0,0
10365,6283,0,8,0,0
10366,6284,0,8,0,0
10367,6311,190.36,2,0,0
10368,6371,228.84,2,0,0
10369,6451,145.96,3,0,0
10370,7596,210.16,2,0,0
10371,8374,204.7,2,0,0
10372,8375,204.7,2,0,0
10373,9611,0,8,0,0
10374,9911,191.14,2,0,0
10375,10281,178.46,3,0,0
10376,10285,0,8,0,0
10377,10365,478,5,0,0
10378,10366,478,5,0,0
10379,10369,478,5,0,0
10380,10376,199.41,4,0,0
10381,10377,199.41,4,0,0
10382,10378,199.41,4,0,0
10383,10381,0,8,0,0
10384,10383,214.4,2,0,0
10385,10384,214.4,2,0,0
10386,10385,214.4,2,0,0
10387,10389,391.45,4,0,0
10388,10399,287.76,4,0,0
10389,10401,229.15,2,0,0
10390,10403,168.34,2,0,0
10391,10405,169.65,2,0,0
10392,10407,171.43,2,0,0
10393,10409,209.88,2,0,0
10394,10411,150.76,2,0,0
10395,10413,108.13,0,0,0
10396,10415,227.42,3,0,0
10397,10419,211.2,2,0,0
10398,10420,189.59,2,0,0
10399,10421,214.92,2,0,0
10400,10422,253.41,3,0,0
10401,10423,0,8,0,0
10402,10424,0,8,0,0
10403,10425,0,8,0,0
10404,10426,0,8,0,0
10405,10427,216.2,4,0,0
10406,10428,216.2,4,0,0
10407,10429,412.83,5,0,0
10408,10430,412.83,5,0,0
10409,10431,180.66,2,0,0
10410,10432,180.66,2,0,0
10411,10433,0,8,0,0
10412,10434,209.91,2,0,0
10413,10435,209.91,2,0,0
10414,10436,195.55,2,0,0
10415,10437,195.55,2,0,0
10416,10438,141.5,0,0,0
10417,10439,141.5,0,0,0
10418,10440,163.84,2,0,0
10419,10441,163.84,2,0,0
10420,10442,236.67,2,0,0
10421,10443,236.67,2,0,0
10422,10444,181.99,2,0,0
10423,10445,181.99,2,0,0
10424,10446,124.45,0,0,0
10425,10447,124.45,0,0,0
10426,10448,124.45,0,0,0
10427,10449,255.96,2,0,0
10428,10450,255.96,2,0,0
10429,10451,194.55,2,0,0
10430,10452,194.55,2,0,0
10431,10453,313.91,3,0,0
10432,10454,313.91,3,0,0
10433,10455,201.83,2,0,0
10434,10456,190.75,2,0,0
10435,10457,156.73,2,0,0
10436,10458,161.12,2,0,0
10437,10459,191.46,2,0,0
10438,10460,184.77,2,0,0
10439,10461,170.6,2,0,0
10440,10462,159.92,2,0,0
10441,10463,232.18,3,0,0
10442,10464,32.35,8,0,0
10443,10465,32.35,8,0,0
10444,10466,214.86,2,0,0
10445,10467,290.17,4,0,0
10446,10468,228.4,2,0,0
10447,10469,683.82,5,0,0
10448,10470,247.34,3,0,0
10449,10471,247.34,3,0,0
10450,10473,247.34,3,0,0
10451,10474,12.75,8,0,0
10452,10475,12.75,8,0,0
10453,10476,12.75,8,0,0
10454,10479,12.75,8,0,0
10455,10481,12.75,8,0,0
10456,10482,190.43,2,0,0
10457,10483,190.43,2,0,0
10458,10484,190.43,2,0,0
10459,10485,190.43,2,0,0
10460,10486,190.43,2,0,0
10461,10487,190.43,2,0,0
10462,10488,190.43,2,0,0
10463,10489,64.22,7,0,0
10464,10490,64.22,7,0,0
10465,10491,64.22,7,0,0
10466,10494,246.03,3,0,0
10467,10495,246.03,3,0,0
10468,10497,246.03,3,0,0
10469,10498,246.03,3,0,0
10470,10499,176.79,2,0,0
10471,10500,176.79,2,0,0
10472,10501,176.79,2,0,0
10473,10504,176.79,2,0,0
10474,10505,176.79,2,0,0
10475,10506,176.79,2,0,0
10476,10507,176.79,2,0,0
10477,10508,217.36,2,0,0
10478,10509,217.36,2,0,0
10479,10510,217.36,2,0,0
10480,10511,217.36,2,0,0
10481,10512,217.36,2,0,0
10482,10513,217.36,2,0,0
10483,10514,145.99,2,0,0
10484,10515,202.28,2,0,0
10485,10516,218.66,2,0,0
10486,10517,208.24,4,0,0
10487,10518,256.18,3,0,0
10488,10519,0,8,0,0
10489,10520,200.76,2,0,0
10490,10521,12.75,8,0,0
10491,10522,64.22,7,0,0
10492,10523,0,8,0,0
10493,10524,190.5,2,0,0
10494,10525,190.5,2,0,0
10495,10527,190.5,2,0,0
10496,10528,190.5,2,0,0
10497,10529,222.36,2,0,0
10498,10530,222.36,2,0,0
10499,10532,222.36,2,0,0
10500,10533,222.36,2,0,0
10501,10534,89.57,7,0,0
10502,10535,200.76,0,0,0
10503,10536,200.76,0,0,0
10504,10537,200.76,0,0,0
10505,10538,200.76,0,0,0
10506,10539,209,2,0,0
10507,10540,209,2,0,0
10508,10541,209,2,0,0
10509,10542,209,2,0,0
10510,10543,209,2,0,0
10511,10544,209,2,0,0
10512,10545,0,8,0,0
10513,10546,0,8,0,0
10514,10547,0,8,0,0
10515,10548,0,8,0,0
10516,10549,0,8,0,0
10517,10550,0,8,0,0
10518,10551,78.91,7,0,0
10519,10553,0,8,0,0
10520,10554,0,8,0,0
10521,10555,0,8,0,0
10522,10556,0,8,0,0
10523,10557,0,8,0,0
10524,10558,0,8,0,0
10525,10559,0,8,0,0
10526,10560,0,8,0,0
10527,10561,0,8,0,0
10528,10562,0,8,0,0
10529,10563,0,8,0,0
10530,10564,0,8,0,0
10531,10565,0,8,0,0
10532,6358,265.98,3,0,1065772646
10533,6361,247.11,3,0,1065772646
10534,6364,253.43,3,0,1065772646
10535,6368,261.48,3,0,1065772646
10536,5164,191.46,3,0,0
10537,5171,156.73,3,0,1061158912
10538,5177,190.75,3,0,0
10539,5182,191.46,3,0,0
10540,8224,400,5,0,0
10541,8250,550,5,0,0
10542,8276,400,5,0,0
10543,8306,550,5,0,0
10544,7575,200.8,3,0,0
10545,7579,200.8,3,0,0
10546,7583,200.8,3,0,0
10547,7587,245.55,3,0,0
