"rownum","Id","HASH32"
0,"a1q1-KilledHillock",1350944260
1,"a1q1-SeenHillock",2695298838
2,"a1q1-QuestRewardTaken",3293142951
3,"Visited-1_5",3729730518
4,"a1q2-ReceivedQuest",1065909589
5,"a1q2-KilledBrutus",2525440945
6,"a1q2-QuestRewardTaken",854415384
7,"FreeBanditRespec",270989393
8,"a1q3-ReceivedQuest",2269035171
9,"a1q3-KilledSeaWitch",1701463055
10,"Visited-2_1",1293068334
11,"CompletedSkillGemTutorial",3563801455
12,"a1q1-QuestRewardSeen",1601101710
13,"NessaIntroduced",3563992361
14,"TarkleighIntroduced",2101274848
15,"a1q2-QuestRewardSeen",682626042
16,"a2b-KilledDexBandit",1823382294
17,"a2b-KilledIntBandit",375856381
18,"a2b-KilledStrBandit",1404090228
19,"a2q1-ReceivedQuest",2197308614
20,"a2q2-ReceivedQuest",198262939
21,"a2q3-ReceivedQuest",3443438927
22,"CompletedLifeFlaskTutorial",203445153
23,"a1q4-KnowsAboutGlyphs",54625839
24,"a1q4-PlacedGlyphs",3113906562
25,"a1q4-SeenGlyphWall",2177747437
26,"Visited-1_8",2385132293
27,"Visited-1_4",4133160646
28,"a1q2-TarkleighCongratulated",2805379545
29,"a1q4-TarkleighClue",2087530210
30,"Visited-1_3",275691238
31,"BestelIntroduced",2247125920
32,"a1q3-TarkleighCongratulated",666037596
33,"Visited-1_9",3612145841
34,"a1q4-NessaCongratulated",3603072576
35,"a1q4-QuestRewardSeen",297265407
36,"a1q4-QuestRewardTaken",2565930472
37,"a1q4-Congratulated",2954396540
38,"a1q3-QuestRewardSeen",4188611086
39,"a1q5-ReceivedQuest",2377021151
40,"a1q5-QuestRewardSeen",2020757836
41,"a1q5-QuestRewardTaken",200227557
42,"a1q5-NessaCongratulated",2619718962
43,"a1q2-NessaCongratulated",1104755369
44,"a1q5-BestelClue",830606035
45,"a1q6-ReceivedQuest",25012338
46,"a1q6-UsedRewardBook",1033239010
47,"a1q6-KilledFairgraves",3170212837
48,"a1q3-BestelCongratulated",3870852931
49,"a1q5-HaveMedicineChest",2173779188
50,"a1q4-HaveGlyph1",2703087267
51,"a1q4-HaveGlyph2",2999096405
52,"a1q4-HaveGlyph3",2971949632
53,"a2q7-ReceivedQuest",683333570
54,"a2q1-QuestRewardTaken",680378811
55,"AfterBanditFight",3010255704
56,"a2q2-QuestRewardTaken",554102397
57,"a2b-Congratulated",1326771691
58,"BanditAfterFightTalk",229437564
59,"EndGameAvailable",1195369339
60,"EndGameEnabled",3858765975
61,"a1q6-HaveAllFlame",44006296
62,"a1q6-MetFairgraves",3404260749
63,"a1q6-DeliveredAllFlame",1637857059
64,"TalkedToWoundedExile",274818541
65,"a1q6-QuestRewardSeen",925760939
66,"a1q9-QuestRewardSeen",641258664
67,"a1q6-AskedAboutMerveil",3602229879
68,"a1q6-AskedBestelAboutFairgraves",3617270592
69,"a2b-SeenApexReward",2885416706
70,"a2b-TownBanditQuestAvailable",4242224616
71,"NEVER_SET",3112867414
72,"a1q3-QuestRewardTaken",2088622210
73,"a1q3-NessaCongratulated",3891420618
74,"a1q6-FairgravesAggro",953716858
75,"Act2TownLeaderIntroduced",3666556216
76,"a2q8-PlacedApex",2728519285
77,"a2b-HaveIntAmulet",3328913608
78,"a2b-HaveStrAmulet",1568639449
79,"a2b-HaveDexAmulet",1158584765
80,"a2b-IntAlly",3273697092
81,"a2b-DexAlly",1578162679
82,"a2b-StrAlly",1537674937
83,"a2b-DeliveredAmulets",1834614076
84,"a2q8-HaveApex",1836879690
85,"a2q8-KilledShadowMonster",1442040053
86,"a2q5-HaveGoldenHand",4166402788
87,"a2q5-DeliveredGoldenHand",3865993361
88,"a2q8-UnleashedDarkness",1083625699
89,"a2q3-QuestRewardTaken",2246217729
90,"CompletedItemComparisonTutorial",1569717763
91,"FoxGirlIntroduced",2877006036
92,"BoarGuardIntroduced",2002996943
93,"EmoGuyIntroduced",4175415738
94,"a2q4-HavePoisonSpear",4276128062
95,"a2q4-ReceivedQuest",554508471
96,"a2q5-ReceivedQuest",337770747
97,"a2q6-ReceivedQuest",3492648770
98,"a2q6-HaveSkillGem",997908697
99,"a2q9-PoisonedTree",3191412490
100,"a2q9-SeenTree",1222791141
101,"Visited-2_6",2238802194
102,"a2q5-QuestRewardSeen",4232245798
103,"a2q5-UsedRewardBook",2493561281
104,"SeenChurchRuins",4186342129
105,"a2q4-QuestRewardSeen",3170477
106,"a2q4-QuestRewardTaken",165752168
107,"a2q6-QuestRewardSeen",3726091731
108,"a2q6-QuestRewardTaken",2318659288
109,"a2q4-DeliveredSpear",4196414017
110,"a2q6-Congratulated",2481988155
111,"CompletedWaypointTutorial",1810942143
112,"PoisonTreeClue",3887980736
113,"a1q7-ReceivedQuest",3707073328
114,"a1q7-SeenDweller",2214373232
115,"a1q7-KilledDweller",4265097774
116,"a1q7-UsedRewardBook",4175554950
117,"a1q5-BestelCongratulated",1748834027
118,"a1q5-BestelRewardSeen",3685632940
119,"a1q5-BestelRewardTaken",1911806439
120,"BanditVoteCalled",1226857035
121,"a2q11-HaveKey",3215745597
122,"a2q7-QuestRewardTaken",3936873460
123,"Visited-1_1",557453343
124,"Visited-1_town",154973794
125,"Visited-1_2",3150428974
126,"Visited-1_2a",841769974
127,"Visited-1_3a",3624712698
128,"Visited-1_4_0",1056557635
129,"Visited-1_6",3032801800
130,"Visited-1_7",1810049756
131,"Visited-1_9a",1144684709
132,"Visited-1_11",2548163671
133,"Visited-2_town",2098692845
134,"Visited-2_2",1300006762
135,"Visited-2_2a",207162842
136,"Visited-2_3",796707939
137,"Visited-2_4",615561027
138,"Visited-2_5",1989739481
139,"Visited-2_7",3531860606
140,"Visited-2_8",4062175678
141,"Visited-2_9",1149574209
142,"Visited-2_10",1515666579
143,"Visited-2_11",2890062298
144,"Visited-2_12",3364669282
145,"Visited-2_13",98339869
146,"Visited-2_14",1443371878
147,"Visited-2_15",484096458
148,"LillyRothEpilogueShoresSeen",2635068821
149,"Visited-3_1",1516972067
150,"Visited-3_town",4238253981
151,"Visited-3_2",2118049472
152,"Visited-3_3",2838428027
153,"EramirOnChamber",1526336435
154,"Visited-3_5",2604532330
155,"Visited-3_6",3769891000
156,"Visited-3_7",2126581703
157,"Visited-3_8_1",700516746
158,"Visited-3_9",128980052
159,"Visited-3_10",2835904924
160,"EramirOnDominus",2341807551
161,"a7q8-SeenShrine",1266871133
162,"Visited-3_13",632415034
163,"Visited-3_14_1",875163398
164,"Visited-3_15",1769539654
165,"Visited-3_16",2218734395
166,"Visited-3_17",1164349193
167,"Visited-3_18",1985845837
168,"a3q1-QuestReceived",994839266
169,"a3q1-SeenGirl",3335361751
170,"a3q1-RescuedGirl",561780079
171,"a3q1-Congratulated",3921281551
172,"a3q1-QuestRewardSeen",3991448684
173,"a3q1-QuestRewardTaken",852428954
174,"a3q2-SeenTolmanItem",4166409381
175,"a3q2-HaveTolmanItem",2293203304
176,"a3q2-DeliveredItem",1256263784
177,"a3q2-Congratulated",761353536
178,"a3q2-QuestRewardSeen",2863041010
179,"GrigorChatGetKey",356175034
180,"a3q3-QuestReceived",3519618002
181,"a3q3-DiallaIntroduced",1408333947
182,"a3q3-Congratulated",431994837
183,"ReservedFor400",3587283524
184,"KilledAtziri",3947743866
185,"a3q4-QuestReceived",4187728243
186,"a3q4-HaveRibbonSpool",926822253
187,"a3q4-DeliveredSpool",3301165423
188,"a3q4-QuestRewardSeen",185493734
189,"a3q4-QuestRewardTaken",2800556952
190,"a3q5-QuestReceived",3519279243
191,"a3q5-HaveSulphite",49805781
192,"a3q5-DeliveredSulphite",3359408662
193,"a3q5-DiallaClue",1624655329
194,"a3q5-SeenSphincter",2481772286
195,"a3q13-FairgravesIntro",3787302571
196,"a3q13-QuestReceived",3676331470
197,"a3q13-QuestRewardTaken",1832355753
198,"a3q13-HaveDecanter",4117106293
199,"a3q13-HavePlum",3615157798
200,"a3q13-DeliveredItems",967303495
201,"a3q13-FairgravesFarewell",1775650565
202,"Fairgraves2OnDecanter",2653824132
203,"Fairgraves2OnFruit",915475931
204,"Fairgraves2OnResurrection",121465231
205,"Fairgraves2OnUndying",2378585763
206,"Fairgraves2OnEmpire",2967221547
207,"a3q8-QuestReceived",2402869637
208,"a3q8-SeenGeneral",1487580646
209,"a3q8-KilledGeneral",1744679537
210,"a3q8-Congratulated",2084408276
211,"a3q8-QuestRewardSeen",3578533709
212,"a3q8-QuestRewardTaken",1103036282
213,"a3q9-QuestReceived",525462806
214,"a3q9-GrygorClue",2108866450
215,"a3q9-SeenPiety",999533570
216,"a3q9-KilledPiety",46503468
217,"a3q9-UsedRewardBook",3558980905
218,"CompletedSupportGemTutorial",2308802472
219,"CompletedManaFlaskTutorial",2670884395
220,"a3q10-QuestReceived",3950482541
221,"a3q10-SeenDominus",2102202970
222,"a3q10-KilledDominus",2528104340
223,"a1q8-SeenUndeadRhoa",2692735030
224,"a1q8-QuestReceived",3645443148
225,"a1q8-SeenNecromancer",2683974105
226,"a1q8-KilledNecromancer",3724862979
227,"a1q8-Cleared",1422146562
228,"a1q8-UsedRewardBook",3295144733
229,"a1q9-QuestReceived",3326982956
230,"a1q9-SeenBlockage",272890081
231,"a1q9-RoadBlocked",2948381302
232,"a1q9-SilkClue",1656429439
233,"a1q9-RoadOpened",2310392126
234,"a2q8-SeenAltar",1727520311
235,"a2q8-EramirScared",4191093631
236,"a2q8-YeenaScared",2792771391
237,"a2q8-GreustScared",727509411
238,"a2q8-SilkScared",270893933
239,"a2q8-OakScared",304037787
240,"a2q8-AliraScared",3879617013
241,"a2q8-KraitynScared",2113659951
242,"a2q6-RescuedHelena",2621390887
243,"a2q6-HelenaInTown",4001389088
244,"a2q10-QuestReceived",3012331047
245,"a2q10-SeenBeast",3354823785
246,"a2q10-KilledBeast",1838878043
247,"a2q10-QuestRewardSeen",690243798
248,"a2q10-QuestRewardTaken",4118684268
249,"a2q10-Congratulated",2159752722
250,"HelenaIntroduced",217171782
251,"a2q6-SeenHelena",2059591388
252,"a2q6-KilledDemon",1895637916
253,"a2q8-QuestReceived",2086171162
254,"a2q8-EramirClue",3747813017
255,"a2q8-HelenaScared",173357567
256,"a2q8-SeenShadowMonster",3324570941
257,"a2q8-SeenPyramid",2532047243
258,"a2q4-SilkClue",2712682329
259,"a2q4-SeenWeaver",2586819011
260,"a2q7-EramirCombined",3108277362
261,"a2q6-SeenPiety",1358009641
262,"a2q8-EramirDarkAltarClue",21603115
263,"a1q9-UsedRewardBook",348288340
264,"a3q1-HarganMet",1433781746
265,"a3q1-HarganBothered",3775851214
266,"a3q1-MaramoaBothered",3699628083
267,"a3q2-SeenPiety",3643181457
268,"a1q9-Congratulated",3730911551
269,"HarganIntroduced",2649039606
270,"a3q1-GrigorCongratulated",2681558945
271,"a3q3-AskedAboutPiety",1654560669
272,"a1q3-NessaHelped",2396786739
273,"a3q1-GrigorMet",3103700653
274,"a3q3-HarganClue",4188943961
275,"a3q9-MaramoaCongratulated",2010508477
276,"a3q9-HarganCongratulated",4167112423
277,"a3q9-ClarissaCongratulated",58400910
278,"NessaChatTarkleigh",943650895
279,"NessaOnPiety",875372532
280,"CompletedPassivePointTutorial",1716862661
281,"NessaChatRhoas",3607011223
282,"NessaChatBestel",1668711868
283,"NessaChatRoad",711791785
284,"NessaChatBrutus",4254666272
285,"NessaChatRoadOpen",1524264112
286,"TarkleighChatLioneye",85959627
287,"TarkleighChatZombies",1852203292
288,"TarkleighChatMerveil",2733232195
289,"TarkleighChatWraeclast",3464434967
290,"TarkleighChatScavengers",2741387277
291,"TarkleighChatBestel",242511920
292,"TarkleighChatNessa",2131370079
293,"TarkleighChatGlyphWall",2247886253
294,"TarkleighChatGlyphs",3056448389
295,"TarkleighChatRoad",2904160651
296,"TarkleighChatRoadOpen",2391928664
297,"BestelChatLioneye",257346445
298,"BestelChatMarceus",2583359471
299,"BestelChatWraeclast",2829948489
300,"BestelChatNessa",274304667
301,"BestelChatTarkleigh",1012189409
302,"BestelChatZombies",3183194579
303,"BestelChatMerveil",812030390
304,"BestelChatBrutus",1220438842
305,"BestelChatUndeadRhoa",311844433
306,"EramirChatAzmeri",4268839208
307,"EramirChatYeena",2808095234
308,"EramirChatGreust",1646445925
309,"EramirChatSilk",4081991492
310,"EramirChatHelena",3223285067
311,"EramirChatBlackguards",524171821
312,"EramirChatKilledOneBandit",2927768296
313,"Visited-4_7",3709286596
314,"a5q1-SeenResonator",3170052741
315,"EramirChatOneBanditLives",4097553987
316,"a5q1-UsedResonator",2623227044
317,"Visited-5_1",4116628534
318,"EramirChatKilledShadow",1301094836
319,"EramirChatBalefulGem",465992150
320,"EramirChatMaligaroSpike",1839211844
321,"EramirChatMaligaroStuff",1768916468
322,"EramirChatSeenTree",1301154822
323,"EramirChatKilledTree",1627615822
324,"EramirChatFellshrine",945136491
325,"EramirChatBlockedRoad",2676773547
326,"EramirChatOpenedRoad",1963672344
327,"YeenaChatEramir",1915263293
328,"YeenaChatGreust",3087249187
329,"YeenaChatSilk",539703594
330,"YeenaChatHelena",451729155
331,"YeenaChatMonkeys",727880842
332,"YeenaChatVipers",1931712233
333,"YeenaChatElementals",391284105
334,"YeenaChatMaligaroSpike",3919827551
335,"YeenaChatKilledTree",1139654172
336,"YeenaChatChamberSins",1225077693
337,"GreustChatEramir",52219317
338,"GreustChatYeena",1656753376
339,"GreustChatSilk",1367496280
340,"GreustChatMonkeys",4138387364
341,"GreustChatVipers",3171380276
342,"GreustChatElementals",591280889
343,"GreustChatSpear",3188863437
344,"GreustChatHelenaHate",17667124
345,"GreustChatChamberSins",4046752335
346,"GreustChatBandits",3644170114
347,"TarkleighChatGoatmen",3955303959
348,"GreustChatRoadBlocked",3088153075
349,"FairgravesChatMarooned",4113040415
350,"FairgravesChatAllflame",4102137409
351,"FairgravesChatRevealed",1950453169
352,"FairgravesChatMNecklace",3951054704
353,"FairgravesChatWraeclast",1013109027
354,"SilkChatEramir",2374784605
355,"SilkChatYeena",3928676622
356,"SilkChatGreust",3185923613
357,"SilkChatHelena",1765203710
358,"a1q7-Congratulated",2511382193
359,"a1q7-QuestRewardSeen",2020791776
360,"SilkChatBeast",716890923
361,"SilkChatKilledBeast",3985478400
362,"HaveOniGoroshi",429146689
363,"SilkChatRoadOpen",4208753335
364,"BanditPostChat",4212199346
365,"AlvaChatAlva",1119721350
366,"OakChatPersuade",1705618668
367,"CompletedAllTutorials",178393451
368,"CompletedSecondPassiveTutorial",1374337048
369,"CompletedIdentificationTutorial",3338189000
370,"CompletedGemLevelUpTutorial",3447730096
371,"TarkleighChatLettersOfExile",2029187348
372,"AlvaChatTemple",1919805466
373,"KraitynChatPersuade",166336976
374,"Visited-3_8_2",2532886760
375,"A10LillySailedAway",107917577
376,"HaveAtlasPass",2808010159
377,"CompletedNonTrivialRecipe",3218216171
378,"TarkleighChatMedicineChest",1842253408
379,"AlvaChatOriath",2716172042
380,"AliraChatPersuade",2901896136
381,"a4q1-KilledDoedre",1835766166
382,"a4q1-KilledShavronne",1490745533
383,"a4q1-KilledMaligaro",478975559
384,"UnlockedLillyGemShop",4135574463
385,"HarganChatTolman",3286802236
386,"HarganChatTolmanFound",1046484672
387,"HarganChatUndying",1307591308
388,"HarganChatGravicius",407824885
389,"HarganChatGraviciusKilled",4107453985
390,"GrygorChatTolman",3345615542
391,"GrigorChatClarissa",557276362
392,"GrigorChatPietyKilled",268390428
393,"GrigorChatNightmares",393268041
394,"GrigorChatPiety",4189198976
395,"GrigorChatGemlings",3732124912
396,"GrigorChatUndying",1388138218
397,"GrigorChatGravicius",3952449886
398,"MaramoaChatTolman",2684253322
399,"MaramoaChatClarissa",943910064
400,"MaramoaChatTolmanKilled",2004720452
401,"MaramoaChatUndying",1748884952
402,"MaramoraChatCrossRiver",1628865534
403,"ClarissaChatTolman",3206724132
404,"ClarissaChatTolmanItem",1371879452
405,"ClarissaChatTolmanFinished",747107723
406,"ClarissaChatVinia",2475727514
407,"DiallaChatTalc",3236033791
408,"DiallaChatMalachai",1196637325
409,"DiallaChatGravicius",1763570263
410,"HelenaChatGem",4155967303
411,"HelenaChatFidelitas",1113967407
412,"HelenaChatDominus",3272419356
413,"HelenaChatRoad",4186989364
414,"HelenaChatSilk",1928181351
415,"HelenaChatKilledShadow",260590513
416,"HelenaChatYeena",2385385003
417,"KilledBiteZombie",2625884745
418,"SeenPrisonDiary",349529361
419,"BestelChatMedicineChest",3405246138
420,"GruestChatLight",2302034057
421,"YeenaChatLight",1088122847
422,"a3q11-QuestReceived",4132358998
423,"a3q11-HaveSewerKeys",2114746223
424,"a3q11-UsedSewerKeys",3479248624
425,"a3q11-HaveBust1",1176441223
426,"a3q11-HaveBust2",1114106846
427,"a3q11-HaveBust3",3051064733
428,"a3q11-DeliveredBust1",1665226014
429,"a3q11-DeliveredBust2",3458178700
430,"a3q11-DeliveredBust3",806799010
431,"CompletedStashTutorial",13701071
432,"CompletedOverlapMapTutorial",2454975151
433,"a3q5-HaveTalc",2176445551
434,"a3q5-UsedTalc",1343256009
435,"ClarissaChatSewerKeys",2653548247
436,"ClarissaChatMaramoa",2057512158
437,"ClarissaChatHargan",950996331
438,"ClarissaChatGrigor",1868513938
439,"ClarissaChatPietyWork",4244084452
440,"ClarissaChatGravicius",3984555208
441,"ClarissaChatCataclysm",3755956963
442,"ClarissaChatStatues",927456952
443,"ClarissaChatLunaris",750473664
444,"GrigorChatVictario",2031747283
445,"GrigorChatMaramoa",1740507988
446,"GrigorChatHargan",3043472920
447,"GrigorChatEzomytes",2301868127
448,"GrigorChatBridge",499585772
449,"a3q3-GrigorSurprised",1474810372
450,"GrigorChatPostQuest",1558900472
451,"GrigorChatGraviciusDead",761858978
452,"GrigorChatLunaris",800389074
453,"GrigorChatSentari",4225089857
454,"HarganChatMaramoa",1117723075
455,"HarganChatClarissa",1992520079
456,"HarganChatGrigor",3787280017
457,"HarganChatRebellion",3864121053
458,"a3q11-Congratulated",1881922342
459,"a3q11-UsedRewardBook",3455713679
460,"HarganChat1DeliveredBust",981704348
461,"HarganChat2DeliveredBusts",1487128798
462,"MaramoaChatGrigor",3251134443
463,"MaramoaChatHargan",2822231047
464,"MaramoaChatRebellion",3469894451
465,"MaramoaChatSphincter",948182482
466,"MaramoaChatCrossedRiver",3489991160
467,"MaramoaChatPiety",2854599526
468,"a3q9-HaveTowerKey",2051537864
469,"a3q9-UsedTowerKey",2734196147
470,"a3q5-QuestRewardSeen",4057672039
471,"DiallaChatBurn",2659328367
472,"DiallaChatChitus",194709497
473,"FinishedVaalOversoulQuest",3260673958
474,"a3q9-DrivenOffPiety",1961402263
475,"a3q8-SeenBarrier",3283674870
476,"SeenPyramidDust",1484725833
477,"a3q5-SeenSewerGrating",2748817898
478,"DiallaChatSulphite",2206244682
479,"AbyssEncountered",86939500
480,"SilkChatLight",1371123784
481,"HeardTolmanScream",2843989109
482,"BestelChatBlockedRoad",2860004771
483,"a5q1-SeenTown",1448276736
484,"SiosaIntroduced",1435351911
485,"a3q12-QuestReceived",486273540
486,"a3q12-HavePage1",454648160
487,"a3q12-HavePage2",2331453766
488,"a3q12-HavePage3",2455111020
489,"a3q12-HavePage4",1467529002
490,"a3q12-DeliveredPages",2341609874
491,"a3q12-Congratulated",971341468
492,"a3q12-QuestRewardSeen",1264702560
493,"a3q12-QuestRewardTaken",3510900594
494,"a1q7-HaveRewardBook",2049361083
495,"a3q11-HaveRewardBook",4161179227
496,"a3q13-PlumDelivered",3649053538
497,"a3q13-DecanterDelivered",2332262998
498,"a1q6-HaveRewardBook",1021196600
499,"a1q6-Congratulated",3497131385
500,"a1q9-HaveRewardBook",565398939
501,"a3q9-HaveRewardBook",1427549031
502,"a1q6-Congratulated2",247251642
503,"a3q9-QuestRewardSeen",958253376
504,"a3q9-Congratulated",2594531202
505,"a3q11-QuestRewardSeen",2754394117
506,"a1q8-Congratulated",3853796096
507,"a1q8-HaveRewardBook",292675676
508,"a1q8-QuestRewardSeen",96349036
509,"a2q5-Congratulated",3292924192
510,"a2q5-HaveRewardBook",3435480990
511,"a2q11-SeenCaptain",3574864564
512,"a2q11-SeenKey",3400304711
513,"a1q3-SeenMerveil",713835873
514,"a1q2-SeenBrutus",1809646505
515,"a2q8-KilledLegit",2269785940
516,"SiosaChatArchives",2758353102
517,"SiosaChatTranslation1",3662287229
518,"SiosaChatTranslation2",1492161891
519,"SiosaChatTranslation3",2675279115
520,"SiosaChatTranslation4",2211391725
521,"SiosaChatPainting",4177057778
522,"SiosaChatDoryani",1988670186
523,"SiosaChatMalachai",3849635774
524,"SiosaChatAtziri",1995831975
525,"SiosaChatCataclysm",3992393927
526,"BetrayalOwner",2063236105
527,"ClarissaChatRebellion",2489927360
528,"ClarissasChatCrying",3251255497
529,"Fairgraves2OnCataclysm",902921883
530,"a3q13-QuestRewardSeen",1650385071
531,"ScionUnlocked",2882332328
532,"a3q13-AboutToGetReward",399213913
533,"WashedUp",3611201665
534,"Met-Letters",1589822707
535,"Met-KaruiGlyph1",1213198876
536,"Met-KaruiGlyph2",4049501541
537,"Met-KaruiGlyph3",4125955275
538,"Met-KaruiGlyph4",629110420
539,"Met-KaruiGlyph5",1991538379
540,"Met-KaruiGlyph6",1889980854
541,"Met-KaruiGlyph7",186852212
542,"Met-ShavronneDiary",1685075045
543,"Met-Graffiti1",744826845
544,"Met-Graffiti2",2703733313
545,"Met-Graffiti3",3538789442
546,"Met-Graffiti4",1703966121
547,"Met-Graffiti5",2314196652
548,"Met-Graffiti6",2931755981
549,"Met-VictarioDiary",2309631559
550,"AudioEventKilledFireFury",424332671
551,"AudioEventKilledKuduku",3816411387
552,"AudioEventKilledMerveilDaughter",3969316965
553,"AudioEventKilledGeofri",2606664834
554,"AudioEventKilledWeaver",3946516754
555,"AudioEventKilledMarceusStatue",2525529867
556,"AudioEventKilledKole",2461123768
557,"AudioEventKilledDweller",8390938
558,"AudioEventKilledBiteZombie",338041457
559,"AudioEventKilledHillock",360454643
560,"AudioEventKilledKadavrus",2722448156
561,"AudioEventKilledBrutus",3391766347
562,"AudioEventKilledMerveil",2700406589
563,"AudioEventKilledWhiteBeast",962188485
564,"AudioEventKilledFairgraves",31740530
565,"AudioEventKilledOversoul",2585273464
566,"AudioEventKilledFidelitas",1057986412
567,"AudioEventKilledGravicius",1040796880
568,"AudioEventDrivenOffPiety",3829603957
569,"AudioEventKilledPiety",1355946478
570,"AudioEventKilledDominus",4036935903
571,"JunMission-Received",2513659449
572,"JunMission-SuppressAlerts",3467840329
573,"JunMission-SeenAllEncounters",937373702
574,"JunMission-FinishedAllEncounters",3141912995
575,"JunMission-SeenFort",4246049570
576,"JunMission-SeenLab",2275167255
577,"JunMission-SeenCart",2039783865
578,"JunMission-SeenGank",457635093
579,"JunMission-CompletedFort",2669793093
580,"JunMission-CompletedLab",286881503
581,"JunMission-CompletedCart",3129190427
582,"JunMission-CompletedGank",1524154984
583,"JunMission-AbandonedFort",2488308087
584,"JunMission-AbandonedLab",4063744860
585,"JunMission-AbandonedCart",57453015
586,"JunMission-AbandonedGank",1718914112
587,"SeenPietyPrison",3741775727
588,"AudioEventFairgraves2Dead",1536521751
589,"AudioEventSeenSpikes",2070125294
590,"AlvaKilledFirstArchitect",4136517052
591,"SinOnKitavaDead",4225241483
592,"a3q10-SeenDialla",822071918
593,"ReadLetter1",4075995593
594,"ReadLetter2",599419075
595,"ReadLetter3",3514049012
596,"ReadLetter4",3580306538
597,"ReadLetter5",2411486837
598,"ReadLetter6",2279184550
599,"ReadLetter7",3323761605
600,"ReadLetter8",4268638552
601,"ReadLetter9",3640697581
602,"ReadLetter10",387097198
603,"ReadLetter11",3526329222
604,"ReadLetter12",982846392
605,"ReadLetter13",4012916760
606,"ReadLetter14",141306554
607,"ReadLetter15",306004214
608,"ReadKaruiStone1",2577537093
609,"ReadKaruiStone2",1329596202
610,"ReadKaruiStone3",1011160153
611,"ReadKaruiStone4",703465639
612,"ReadKaruiStone5",3734384332
613,"ReadKaruiStone6",1734331445
614,"ReadKaruiStone7",2137762661
615,"ReadVictario1",2489008217
616,"ReadVictario2",888478815
617,"ReadVictario3",406930571
618,"ReadVictario4",2666948255
619,"ReadVictario5",3764916995
620,"ReadVictario6",3655266384
621,"ReadVictario7",3072527504
622,"ReadMapDevice",894939672
623,"ReadGaribaldiBook1",2540490471
624,"ReadGaribaldiBook2",133668125
625,"ReadGaribaldiBook3",2690789605
626,"ReadGaribaldiBook4",1266190753
627,"ReadGaribaldiBook5",1080075949
628,"ReadGaribaldiBook6",264801842
629,"ReadVictarioBook1",1285843134
630,"ReadVictarioBook2",911929651
631,"ReadVictarioBook3",258586652
632,"ReadVictarioBook4",2712746020
633,"ReadTrinianBook1",2983654783
634,"ReadTrinianBook2",3466890489
635,"ReadTrinianBook3",2000307349
636,"ReadTrinianBook4",1804938676
637,"ReadTrinianBook5",4098659589
638,"ReadTrinianBook6",918689957
639,"ReadTrinianBook7",47766938
640,"ReadMalachaiStatue",728053124
641,"AchievementRareEachSlot",4055101600
642,"AchievementEquipUnique",2599733373
643,"AchievementCheckWaypoints",719907162
644,"AlvaIntroduction",110333366
645,"Descent2KilledBoss1",3616591280
646,"Descent2KilledBoss2",2211144142
647,"Descent2KilledBoss3",889551912
648,"Descent2KilledBoss4",2014163952
649,"AchievementHave9Zombies",3101847927
650,"AchievementHave3Totems",2626607125
651,"AlvaFirstIncursionComplete",3303002488
652,"ReadArteriLetter",135559290
653,"Descent2KilledBoss5",1620141713
654,"Descent2Reward1",3389261704
655,"Descent2Reward2",3897339569
656,"Descent2Reward3",647121463
657,"Descent2Reward4",3391643112
658,"AlvaSecondIncursionComplete",2879160160
659,"AchievementPublicParty",4087782339
660,"Visited-3_14_2",3637739731
661,"AchievementHave60Minions",3686198556
662,"a4q1-QuestReceived",2704798929
663,"a4q1-OyunQuest",3692890000
664,"a4q1-QuestComplete",1863380675
665,"a4q2-QuestRewardTaken",2537896785
666,"a4q2-Congratulated",3995703842
667,"a4q2-UsedBanner",4211192725
668,"a4q2-OyunShownBanner",959276764
669,"a4q2-HaveBanner",4061008616
670,"a4q2-SeenVoll",803813282
671,"a4q2-QuestReceived",1388670851
672,"Visited-4_town",2163264688
673,"Visited-4_1",126019036
674,"Visited-4_2",2002638235
675,"Visited-4_3_1",1846726699
676,"Visited-4_3_2",3925414194
677,"Visited-4_3_3",368137264
678,"Visited-4_4_1",3069189287
679,"Visited-4_4_2",3038561499
680,"Visited-4_4_3",3073550869
681,"Visited-4_5_1",3858449164
682,"Visited-4_5_2",2251675291
683,"Visited-4_6_1",3828701693
684,"Visited-4_6_2",3764949365
685,"Visited-4_6_3",4269446797
686,"a4q2-KilledVoll",1060964984
687,"a4q1-FindRapture",4266846829
688,"a4q3q4-QuestRewardTaken",3357086077
689,"a4q3-Congratulated",574821171
690,"a4q3-HaveGem",3824328750
691,"a4q3-SeenKaom",818721434
692,"a4q1-GemQuestsReceived",3705915583
693,"a4q3-KilledKaom",4216744833
694,"a4q4-Congratulated",608305489
695,"a4q4-HaveGem",2615324759
696,"a4q4-SeenDaresso",3015306844
697,"a4q1-RaptureActivated",73585256
698,"a4q5-QuestComplete",2179604486
699,"a4q5-HaveOrgan3",2972457424
700,"a4q5-HaveOrgan2",2214040719
701,"a4q5-HaveOrgan1",3642478766
702,"a4q1-SeenPiety",2407632328
703,"a4q1-KilledPiety",2630932241
704,"a4q5-QuestReceived",3089014047
705,"a4q1-SeenMalachai",406627382
706,"a4q2-QuestRewardSeen",4013311415
707,"a4q3-DeliveredGem",555845828
708,"a4q4-DeliveredGem",3947639749
709,"MapMission-MapOpened",1538277794
710,"MapMission-Complete",2212333263
711,"MapMission-Rewarded",1370639915
712,"RecheckedCraftingAchievements",1186770013
713,"TutorialPanelHideArticlePopups",669837876
714,"MapMission-ChatRewarded",729021363
715,"MapMission-Failed",513255838
716,"MapMission-Progressed",518651415
717,"ThisIsMyHideout",2731550977
718,"HideoutJukeboxEnabled",790338597
719,"IsPVPOnlyCharacter",606537319
720,"a4q1-DiallaOnTransformed",2494645776
721,"DiallaOnRedBanner",1099361204
722,"DiallaOnVoll",881281086
723,"DiallaOnRapture",3383132758
724,"DiallaWithered",1806488624
725,"DiallaOnPiety",543131901
726,"DiallaOnMalachai",752939840
727,"DiallaOnMalachaiDead",3878416684
728,"DiallaOnKaom",1235162019
729,"DiallaNoDaressoGem",1897556021
730,"DiallaNoKaomGem",3423183365
731,"OyunOnDeshret",3329329525
732,"OyunOnVoll",59974521
733,"OyunOnWitheredDialla",3572499221
734,"OyunOnKaom",3658211583
735,"OyunOnKaomDead",2129734316
736,"OyunOnMalachaiDead",2397656637
737,"KiraOnHighgate",606340506
738,"KiraOnWitheredDialla",2832617688
739,"KiraOnMalachaiDead",3887594378
740,"PetarusVanjaOnMines",1162102303
741,"PetarusVanjaOnWitheredDialla",1158751567
742,"PetarusVanjaOnMalachaiDead1",2410888931
743,"PietyHarvestHelp",1895385163
744,"PietyOnMalachai",2026428990
745,"DiallaOnDaresso",2396334264
746,"OyunOnPetarusVanja",3667145442
747,"OyunOnKira",2955829048
748,"OyunOnTasuni",2803656904
749,"OyunOnDialla",1987774424
750,"a4q6-QuestReceived",2638305843
751,"OyunOnDiallaMissing",3101922261
752,"a4q6-DeshretFreed",1351783154
753,"OyunDeshretReceived",3392741636
754,"OyunDeshretFreed",2255160214
755,"OyunOnDaresso",825334221
756,"KiraIntroduced",137989214
757,"KiraOnTrading",1207013040
758,"KiraOnVoll",2440234330
759,"KiraOnVollDead",3834467962
760,"KiraOnPetarusVanja",3583938139
761,"KiraOnOyun",3926991599
762,"KiraOnTasuni",940533782
763,"KiraOnDeshretFreed",211707924
764,"KiraOnDialla",1948213751
765,"PetarusVanjaFirstMeeting",676908015
766,"PetarusVanjaOnDialla",1369113277
767,"PetarusVanjaOnKira",1054804578
768,"PetarusVanjaOnOyun",2909277129
769,"PetarusVanjaOnTasuni",3886289313
770,"PetarusVanjaOnTrading",261856649
771,"PetarusVanjaOnPiety",3225825942
772,"PetarusVanjaOnBeast",19925552
773,"PetarusVanjaOnDaresso",3461108728
774,"TasuniGreeting",706376390
775,"TasuniOnOyun",350776394
776,"TasuniOnDialla",2985204288
777,"TasuniOnKira",3773872412
778,"TasuniOnPetarusVanja",3678744687
779,"TasuniOnVoll",374776161
780,"TasuniOnVollDead",3764322746
781,"TasuniOnDaresso",3807079820
782,"TasuniOnDaressoDead",2246923461
783,"TasuniOnDeshret",720189579
784,"TasuniOnKaom",1522775622
785,"TasuniOnKaomDead",581676635
786,"TasuniOnTheBeast",2570903050
787,"TasuniOnGhasts",1781892978
788,"TasuniOnMalachai",2997970922
789,"TasuniOnCataclysm",2684415959
790,"TasuniOnGodlessThree",2340583261
791,"TasuniOnGodlessThreeDead",4091343609
792,"TasuniOnMalachaiDead",2659799401
793,"a4q6-UsedRewardBook",480634926
794,"a4q6-QuestRewardSeen",1839189993
795,"a4q6-Congratulated",2142193110
796,"a4q1-SeenRaptureDialla",2850444628
797,"a1q2-NessaRewardTaken",3621766198
798,"a1q2-NessaRewardSeen",2967459975
799,"a4q6-DeshretSpiritSeen",752726870
800,"a4q5-SeenOrgan",19732963
801,"a4q5-DeliveredOrgan1",3324274040
802,"a4q5-DeliveredOrgan2",1178347035
803,"a4q5-DeliveredOrgan3",619659394
804,"a4-BeastShake1",1142508181
805,"a4-BeastShake2",150498001
806,"a4-BeastShake3",2239605681
807,"a3q10-DominusFightStarted",819440858
808,"a2b-StartNewQuests",910026524
809,"a4q4-KilledDaresso",589573717
810,"a4q3q4-QuestRewardSeen",3086758098
811,"DiallaTownIntroduced",2861980837
812,"OyunIntroduced",4269315782
813,"a3q8-DiallaCongratulated",1222394008
814,"a4q5-PietyThanks",2807988300
815,"TasuniOnDiallaWithered",802625201
816,"KiraOnDeshret",3590928869
817,"PietyOnGodlessThree",731720691
818,"PetarusVanjaOnDaressoDead",2501443162
819,"a2q8-SeenApexDoor",2213306845
820,"PetarusVanjaOnHighgate",929042727
821,"a4q3q4-Congratulated",2191155223
822,"Mission-MusicOverride",105699610
823,"a2q5-JewelRewardSeen",4123146401
824,"a2q5-JewelRewardTaken",1154012500
825,"a4q6-HaveRewardBook",50091243
826,"Visited-MapAtziri1",1058492178
827,"Visited-MapAtziri2",3567172233
828,"Visited-MapDungeon",903338256
829,"Visited-MapGrotto",532308429
830,"Visited-MapMaelstrom",1797851200
831,"Visited-MapMudGeyser",1119389946
832,"Visited-MapGardens",392595713
833,"Visited-MapSpiderForest",2966522400
834,"Visited-MapJungleValley",2471660227
835,"Visited-MapAtziri",2473477744
836,"Visited-MapVaalTemple",3209909192
837,"DiallaWitheredOnWraeclast",1491348252
838,"a4q4-EnterPit",3526096044
839,"a4q4-EnterArena",922802035
840,"a4q4-StartArena",1890363381
841,"a4q4-FinishedArenas",2960814199
842,"a4q1-PietySacrifice",1337846785
843,"Met-Maramoa",3882061170
844,"Met-Siosa",976319805
845,"Met-KaomCarving1",1958415958
846,"Met-KaomCarving2",315215490
847,"Met-KaomCarving3",4131117745
848,"Met-KaomCarving4",986881081
849,"ReadHighgateNote",4056757933
850,"ReadGeofriPlaque",2528364311
851,"ReadTallStones",3975627732
852,"ReadDaressoStatue1",246631964
853,"ReadDaressoStatue2",629773655
854,"ReadDaressoStatue3",709520905
855,"ReadKaomCarving1",3922389360
856,"ReadKaomCarving2",3932240055
857,"ReadKaomCarving3",169107106
858,"ReadKaomCarving4",2863007333
859,"ReadVollBookStand",243312034
860,"ReadMalachaiNotebook",3646289115
861,"ReadMalachaiSkinscrawl",3069984730
862,"ReadLioneyesStandard",3748170358
863,"ReadVaalLetter1",2967316124
864,"ReadVaalLetter2",505364387
865,"ReadVaalLetter3",1431124750
866,"ReadVaalLetter4",1123735609
867,"ReadVaalLetter5",1909565927
868,"ReadVaalLetter6",3546982123
869,"ReadVaalLetter7",4093957311
870,"ReadVaalLetter8",208142397
871,"ReadVaalLetter9",417376036
872,"ReadVaalLetter10",1660734251
873,"ReadVaalLetter11",1170016713
874,"ReadVaalLetter12",2221807204
875,"ReadCrossroadsLoreChapel",2293767771
876,"ReadCrossroadsLoreWindmill",3389328535
877,"ReadCrossroadsLoreVilla1",268016946
878,"ReadCrossroadsLoreVilla2",2468128127
879,"AudioEventKilledMaligaro",1297176973
880,"AudioEventKilledShavronne",925799118
881,"AudioEventKilledDoedre",1525329611
882,"GrigorChatBeast",1080634296
883,"Met-MerveilGlyphSkin",1412951567
884,"Met-MerveilGlyphDiary",1613311375
885,"ReadMerveilGlyphSkin",3483699721
886,"ReadMerveilGlyphDiary",4237167263
887,"ReadMapDeviceOld",3015079868
888,"ReadGemCart",479595790
889,"BestelOnFishNessa",456053543
890,"BestelOnOldGods",2136602517
891,"BestelOnBlackCrest",3152560090
892,"CadiroOnFamily",4089541935
893,"CompletedAttackInPlaceTutorial",3025318177
894,"CadiroOnManor",2886552322
895,"WeylamOnPondium",2315401642
896,"WeylamOnBrinerots",3469029863
897,"LabyrinthAccess",2661844372
898,"IzaroSpeechAirlock",3600561392
899,"LabyrinthComplete1",4150655010
900,"LabyrinthCompleteMaps",2662555774
901,"ReadLabyrinthGlyph0",611844805
902,"ReadLabyrinthGlyph1",4166076252
903,"ReadLabyrinthGlyph2",1775915280
904,"ReadLabyrinthGlyph3",543262382
905,"ReadLabyrinthGlyph4",3459739000
906,"ReadLabyrinthTrialGlyphPrison",517538308
907,"ReadLabyrinthTrialGlyphSins",3603958864
908,"ReadLabyrinthTrialGlyphChurch",803641546
909,"CadiroOnCoins",2329501608
910,"ReadLabyrinthTrialGlyphCrematorium",2765363724
911,"CadiroOnChitus",282705778
912,"ReadLabyrinthTrialGlyphHedge",3823448979
913,"ReadLabyrinthTrialGlyphCatacombs",3470585260
914,"Met-PietyBelly",628254017
915,"IzaroSpeechComplete",4150153065
916,"a4q1-KillGuardians",3650875289
917,"ReadWeylinGlyph1",4222733978
918,"ReadWeylinGlyph2",2204998100
919,"ReadWeylinGlyph3",665257381
920,"ReadWeylinGlyph4",2471711509
921,"ReadWeylinGlyph5",2837483348
922,"ReadMalachaiGlyphAxiom",694349902
923,"ReadMalachaiScrollWarehouses",943058930
924,"ReadMalachaiNoteDialla",2335683992
925,"ReadMalachaiJournalLab",2952300955
926,"ReadMalachaiLetterSceptre",3009107318
927,"ReadRigwaldGlyph1",2298157902
928,"ReadRigwaldGlyph2",4038269628
929,"ReadRigwaldGlyph3",2878441948
930,"ReadRigwaldGlyph4",342470856
931,"ReadRigwaldGlyph5",2236601178
932,"ReadRigwaldGlyph6",1743588968
933,"CadiroIntroduction",3537822573
934,"CadiroOnCataclysm",602250548
935,"CadiroOnProspero",2290869090
936,"CadiroOnIzaro",2113383545
937,"LabyrinthQuestReceived",2938232963
938,"CadiroOfferSeen",3963195429
939,"LabyrinthUseHiddenSwitch",2084760001
940,"LabyrinthUseSilverKey",1621110828
941,"LabyrinthUseGoldKey",3236815846
942,"LabyrinthUseGauntlet",3300491310
943,"LabyrinthUsePuzzle",3708760314
944,"LabyrinthUseSecretPassage",2217599097
945,"CadiroOfferAccepted",3686754639
946,"JewellerTutorialSeen",4078369821
947,"JewellerTutorialTaken",3842412831
948,"JewellerTutorialClue",3331905543
949,"FusingTutorialSeen",3802124229
950,"FusingTutorialTaken",3918834659
951,"FusingTutorialClue",1129711048
952,"FinishedPaleCourt",3951436924
953,"HaveTangleKey1",305679729
954,"HaveTangleKey2",1660572680
955,"HaveCleansingFireKey1",2071017035
956,"HaveCleansingFireKey2",2415190352
957,"PickUpTangleKey",1452118253
958,"PickUpCleansingFireKey",1172292405
959,"SinOnGodsDead",709182682
960,"AlvaShowTimeLoop",1597814952
961,"AlvaReadTimeLoop",1740300304
962,"AlvaArrivedTemple",4115300202
963,"DelveOwner",1387015434
964,"DelveInProgress",1467758343
965,"a7q3-SpawnSilk",1629350420
966,"Visited-MapTrialPrison",2552271189
967,"Visited-MapTrialSins",2184377957
968,"Visited-MapTrialCrypt",109475753
969,"Visited-MapTrialCrematorium",2216420242
970,"Visited-MapTrialHedgeMaze",1432930392
971,"Visited-MapTrialCatacombs",325567135
972,"DroppedMapQuestItem",313715956
973,"MapMission-SuppressAlerts",1950819397
974,"MaramoaOnRibbonSpool",1895879751
975,"DescentKilledBoss1",2087116120
976,"LabyrinthKilledIzaro",128295237
977,"KilledAtziri2",10534108
978,"ShaperDefeated",3191546197
979,"ElderDefeated",2528450825
980,"UberElderDefeated",2487852122
981,"SirusDefeatedLadderCondition",3732481953
982,"MetamorphosisLabMonsterDefeated",562701724
983,"MetamorphosisEncounterEnoughSamples",3882001264
984,"MetamorphosisFightSuccess",958167385
985,"MetamorphosisLabAllItemisedPartsAquired",3783802618
986,"TanglePortalsOpen",2294006097
987,"CleansingFirePortalsOpen",3508374664
988,"EnteredMaps",1259620670
989,"HardMode",1040972513
990,"SeenExpeditionNPC",1612925934
991,"ExpeditionTutorialQuest",338844664
992,"LabyrinthComplete2",922668021
993,"LabyrinthComplete3",3853600917
994,"PathOfTheThaumaturgist1",200362660
995,"PathOfTheThaumaturgist2",115525739
996,"AnarchysEnd1",2291118431
997,"AnarchysEnd2",2790915060
998,"BeyondCult1",635409333
999,"BeyondCult2",2177910032
1000,"ShadowQueen1",351739672
1001,"ShadowQueen2",876140596
1002,"ShadowQueen3",1588332916
1003,"TheWickedKing1",2313081242
1004,"TheWickedKing2",3264083699
1005,"TheWickedKing3",2756225972
1006,"VerdantKing1",1093854191
1007,"VerdantKing2",743912021
1008,"VerdantKing3",388177769
1009,"HollowQueen1",2708060274
1010,"HollowQueen2",152655274
1011,"HollowQueen3",2900697208
1012,"AncientRivalries1",3674581087
1013,"AncientRivalries2",3529489143
1014,"TheAmbitiousBandit1",3748440573
1015,"TheAmbitiousBandit2",3185591821
1016,"KeeperOfThePeace1",4062794666
1017,"KeeperOfThePeace2",1266572053
1018,"PaleCourt1",3175222085
1019,"PaleCourt2",1549721275
1020,"PaleCourt3",2998550656
1021,"PaleCourt4",601257967
1022,"DeadlyRivalry1",3610818984
1023,"DeadlyRivalry2",3020206423
1024,"DeadlyRivalry3",4008081335
1025,"DayOfSacrifice1",2221052349
1026,"DayOfSacrifice2",1214743180
1027,"TheBlackStone1",2292155726
1028,"TheBlackStone2",2267923229
1029,"DeadlyRivalryState1",3919133615
1030,"DeadlyRivalryState2",4125027112
1031,"DeadlyRivalryState3",4125669660
1032,"DeadlyRivalryState4",1317522696
1033,"DeadlyRivalryState5",3075699354
1034,"DeadlyRivalryState6",511498447
1035,"WarbandPackState1",1967914676
1036,"WarbandPackState2",285193995
1037,"AnarchysEndState1",1984361555
1038,"AnarchysEndState2",2074719460
1039,"AnarchysEndState3",1470308511
1040,"Visited-5_town",3417197414
1041,"Visited-5_2",3278185225
1042,"Visited-5_3",656565052
1043,"Visited-5_3b",1631560229
1044,"Visited-5_4",3219487480
1045,"Visited-5_4b",2523962852
1046,"Visited-5_5",3748041382
1047,"Visited-5_6",1650104468
1048,"Visited-5_7",466961522
1049,"Visited-5_8",1198904826
1050,"a5q1-SeenBoss",2714594585
1051,"a5q1-KilledBoss",959638368
1052,"a5q1-Congratulated",882977047
1053,"a5q1-QuestRewardSeen",3245635625
1054,"a5q1-QuestRewardTaken",977498481
1055,"a5q2-QuestReceived",4271711937
1056,"a5q2-SeenBoss",2550091514
1057,"a5q2-KilledBoss",2700667741
1058,"a5q2-HaveKey",389133335
1059,"a5q2-UsedKey",4041746710
1060,"a5q2-Congratulated",2862466761
1061,"a5q2-QuestRewardSeen",681969115
1062,"a5q2-QuestRewardTaken",2711163623
1063,"a5q3-QuestReceived",1322856912
1064,"a5q3-HaveItem",955861008
1065,"a5q3-DeliveredItem",1009382848
1066,"a5q3-QuestRewardSeen",928780464
1067,"a5q3-HaveRewardBook",3949296287
1068,"a5q3-UsedRewardBook",1048558613
1069,"a5q4-QuestReceived",2753506634
1070,"a5q4-SeenBoss",4121680938
1071,"a5q4-KilledBoss",1959968836
1072,"a5q4-Congratulated",2779093735
1073,"a5q4-QuestRewardSeen",4043170442
1074,"a5q4-QuestRewardTaken",872520832
1075,"a5q5-QuestReceived",3565283239
1076,"a5q5-SeenBoss",28375869
1077,"a5q5-KilledBoss",4004977251
1078,"a5q5-Congratulated",3541735740
1079,"a5q5-QuestRewardSeen",2794782316
1080,"a5q5-QuestRewardTaken",4148105367
1081,"a5q6-QuestReceived",2302965972
1082,"a5q6-HaveItem",4018759770
1083,"a5q6-DeliveredItem",4270886314
1084,"a5q6-SeenBoss",3149021769
1085,"a5q6-CompletedBoss",751285711
1086,"a5q7-QuestReceived",4138503482
1087,"a5q7-HaveItem1",1822157449
1088,"a5q7-HaveItem2",1714713386
1089,"a5q7-HaveItem3",1198075047
1090,"a5q7-DeliveredItems",62399264
1091,"a5q7-QuestRewardSeen",1197540098
1092,"a5q7-HaveRewardBook",3940307964
1093,"a5q7-UsedRewardBook",1214663147
1094,"LaniIntroduction",3251179694
1095,"LaniOnUprising",2378485509
1096,"LaniOnUtula",4206955245
1097,"LaniOnUtulaTraitor",1304639255
1098,"LaniOnUtulaDead",1965124658
1099,"LaniOnVilenta",1543750316
1100,"LaniOnBannon",3146441576
1101,"LaniOnKingsFeast",4049670271
1102,"LaniOnOriathSquare",4135624829
1103,"LaniOnCultOfKitava",2086627979
1104,"WeylamOnKisharaStar",2713377545
1105,"VilentaIntroduction",797941027
1106,"VilentaOnLani",2743308174
1107,"VilentaOnUtula",665656669
1108,"VilentaOnUtulaTraitor",401072115
1109,"VilentaOnBannon",2584176006
1110,"VilentaOnCasticus",2648106999
1111,"VilentaOnAvarius",3112201504
1112,"VilentaOnSignOfPurity",2096981790
1113,"VilentaOnPiety",3838692212
1114,"VilentaOnResearch",3340279413
1115,"VilentaOnGods",2702443128
1116,"VilentaOnInnocence",2447274707
1117,"VilentaOnCathedral",3374934711
1118,"VilentaOnKitava",3598809599
1119,"UtulaIntroduction",689532814
1120,"UtulaOnCasticusDead",549922431
1121,"UtulaOnSlavePens",2072244968
1122,"UtulaOnLani",276059125
1123,"UtulaOnVilenta",706851982
1124,"UtulaOnOverseersTower",3552447444
1125,"UtulaOnKitava",3517461143
1126,"UtulaOnInnocence",1089953484
1127,"UtulaOnTemplarCourt",3401063414
1128,"UtulaOnAvarius",1440476800
1129,"BannonRescued",3689720867
1130,"BannonIntroduction",2343937079
1131,"BannonOnProtection",1112704924
1132,"BannonOnInnocence",2577553528
1133,"BannonOnSignOfPurity",3171093261
1134,"BannonOnOssuary",3863301831
1135,"BannonOnLani",129120933
1136,"BannonOnVilenta",3918344408
1137,"BannonOnKitava",3287675139
1138,"Visited-6_town",3268855187
1139,"Visited-6_1",437514186
1140,"Visited-6_2",2451157524
1141,"Visited-6_3",3300780325
1142,"Visited-6_4",3260702242
1143,"Visited-6_5",654084404
1144,"Visited-6_6",3028571663
1145,"Visited-6_7_1",4220288161
1146,"Visited-6_7_2",976817323
1147,"Visited-6_8",1596816686
1148,"Visited-6_9",804741699
1149,"Visited-6_10",2040962618
1150,"Visited-6_11",4233684071
1151,"Visited-6_12",3628766575
1152,"Visited-6_13",460303716
1153,"Visited-6_14",12957638
1154,"Visited-6_15",1893575166
1155,"a6q1-QuestReceived",3401938666
1156,"a6q1-SeenNessa1",2747944595
1157,"a6q1-SeenNessa2",4037315031
1158,"a6q1-SeenNessa3",820636422
1159,"a6q1-HaveFlag",4220908957
1160,"a6q1-DeliveredFlag",3820681120
1161,"a6q1-RefueledBeacon",756168216
1162,"a6q1-SeenBeacon",447744148
1163,"a6q1-SeenBoss",53440091
1164,"a6q1-KilledBoss",3915526815
1165,"a6q1-Congratulated",306080637
1166,"a6q2-QuestReceived",2915554536
1167,"a6q2-SeenBoss",396909419
1168,"a6q2-KilledBoss",3904937378
1169,"a6q2-QuestRewardSeen",886975763
1170,"a6q2-QuestRewardTaken",1751089947
1171,"a6q3-UsedRewardBook",1372878533
1172,"a6q3-HaveRewardBook",3442362355
1173,"a6q3-QuestRewardSeen",4100289270
1174,"a6q3-Congratulated",859430346
1175,"a6q3-KilledBoss",2621005332
1176,"a6q3-SeenBoss",1235933249
1177,"a6q3-BossClue",2015115952
1178,"a6q3-DeliveredItem",1428244169
1179,"a6q3-HaveItem",1036375190
1180,"a6q3-SeenExit",4236288709
1181,"a6q3-SeenEntrance",1623422914
1182,"a6q3-QuestReceived",682690435
1183,"a6q4-UsedRewardBook",2296733274
1184,"a6q4-HaveRewardBook",2996509065
1185,"a6q4-QuestRewardSeen",1442292661
1186,"a6q4-Congratulated",2254628512
1187,"a6q4-AreaCleared",139113406
1188,"a6q4-QuestReceived",4009782867
1189,"a6q6-UsedRewardBook",4150954804
1190,"a6q6-HaveRewardBook",2772424506
1191,"a6q6-QuestRewardSeen",2691727376
1192,"a6q6-Congratulated",3018390255
1193,"a6q6-KilledBoss",4066840388
1194,"a6q6-SeenBoss",282367468
1195,"a6q6-QuestReceived",2740068693
1196,"a6q7-UsedRewardBook",3994253135
1197,"a6q7-HaveRewardBook",1937264876
1198,"a6q7-QuestRewardSeen",124320623
1199,"a6q7-Congratulated",3992597590
1200,"a6q7-KilledBoss",105813041
1201,"a6q7-SeenBoss",40554047
1202,"a6q7-QuestReceived",1687222777
1203,"BestelAberrathQuest",2761018474
1204,"BestelAberrathReward",985866405
1205,"LillyIntroduction",2110702199
1206,"LillyOnTarkleigh",1279702083
1207,"LillyOnBestel",3535661082
1208,"LillyOnAid",634837292
1209,"LillyOnWeylam",1178073369
1210,"LillyOnShip",4109110533
1211,"LillyOnBlackFlag",77667414
1212,"LillyOnBrineKing",3761247030
1213,"LillyOnBrineKingDead",2521166012
1214,"BestelIntroduction2",3339420956
1215,"BestelOnNessaGone",1020878366
1216,"BestelOnLilly",269285161
1217,"BestelOnTukohama",588869929
1218,"BestelOnBrineKing",1183581139
1219,"BestelOnBrineKingDead",2443956356
1220,"BestelOnWeylam",3510616738
1221,"BestelOnShavronne",603512222
1222,"BestelOnShipGraveyard",1671675438
1223,"TarkleighIntroduction2",508339817
1224,"TarkleighNessaSeen",2853224199
1225,"TarkleighOnLilly",3559593531
1226,"TarkleighOnShavronne",2863247368
1227,"TarkleighOnShavronneDead",4024266377
1228,"TarkleighOnShipGraveyard",3240654072
1229,"TarkleighOnBlackFlag",3872885337
1230,"TarkleighOnKaruiEye",864733259
1231,"SinOnShavronne",397508820
1232,"SinOnShavronneSoul",1372326997
1233,"SinOnGods",2156466916
1234,"SinOnBeast",2402081101
1235,"SinOnTukohamaQuest",1464698056
1236,"SinOnTukohamaOrigin",286793576
1237,"SinTukohamaReward",3321798367
1238,"SinShavronneReward",3999525576
1239,"SinOnAberrathQuest",3952529111
1240,"SinOnAberrathOrigin",1800635670
1241,"SinAberrathReward",2873387195
1242,"SinOnRyslathaQuest",2200363162
1243,"SinOnRyslathaOrigin",3484548009
1244,"SinRyslathaReward",2363158095
1245,"SinOnBrineKingQuest",1257526498
1246,"SinOnBrineKingOrigin",734606416
1247,"SinBrineKingReward",3206413856
1248,"ReadResonatorInfo",3690556676
1249,"a6q5-QuestReceived",3410039272
1250,"a6q5-HaveItem",2502477527
1251,"a6q5-DeliveredItem",2260616952
1252,"a6q5-QuestRewardSeen",485751517
1253,"a6q5-QuestRewardTaken",2317152020
1254,"Visited-7_town",3474981124
1255,"Visited-7_1",1726311666
1256,"Visited-7_2",29506885
1257,"Visited-7_3",325952722
1258,"Visited-7_4",2352705253
1259,"Visited-7_5_1",1880232529
1260,"Visited-7_5_2",2920885313
1261,"Visited-7_5_map",3505424731
1262,"Visited-7_6",1627954865
1263,"Visited-7_7",3238341088
1264,"Visited-7_8",1282109862
1265,"Visited-7_9",1502053111
1266,"Visited-7_10",3969992694
1267,"Visited-7_11",2003191366
1268,"Visited-7_12",798256434
1269,"a7q1-QuestReceived",371446060
1270,"a7q1-SeenBlockage",428057089
1271,"a7q1-DenClue",1418039204
1272,"a7q1-SeenBoss",215677522
1273,"a7q1-KilledBoss",2414846728
1274,"a7q1-Congratulated",2902991388
1275,"a7q1-QuestRewardSeen",2447860278
1276,"a7q1-HaveRewardBook",1237502420
1277,"a7q1-UsedRewardBook",2279487883
1278,"a7q2-QuestRewardTaken",954018545
1279,"a7q2-QuestRewardSeen",1824311237
1280,"a7q2-KilledBoss",966827702
1281,"a7q2-SeenBoss",3568232302
1282,"a7q2-DeliveredItem",3946158432
1283,"a7q2-HaveItem",2124580532
1284,"a7q2-MapClue2",4212614166
1285,"a7q2-MapClue",2441212069
1286,"a7q2-QuestReceived",2849116571
1287,"a7q1-UsedKey",3074723404
1288,"a7q1-HaveKey",3820699489
1289,"a7q3-QuestRewardSeen",2300816677
1290,"a7q3-DeliveredItem",2579387924
1291,"a7q3-HaveItem",223023515
1292,"a7q3-QuestReceived",1249330836
1293,"a7q4-QuestRewardTaken",1955716326
1294,"a7q4-KilledBoss",3375128796
1295,"a7q4-SeenBoss",3299421790
1296,"a7q4-SeenBlockage",869755529
1297,"a7q4-QuestReceived",945786310
1298,"a7q7-DeliveredItems",1625971540
1299,"a7q7-DeliveryClue",3625808676
1300,"a7q7-HaveItem1",906799849
1301,"a7q7-HaveItem2",361892965
1302,"a7q7-HaveItem3",1967454106
1303,"a7q7-HaveItem4",2720842078
1304,"a7q7-HaveItem5",2440171440
1305,"a7q7-HaveItem6",231989301
1306,"a7q7-HaveItem7",3485768553
1307,"a7q7-QuestReceived",1035062994
1308,"a7q5-QuestRewardTaken",2690611021
1309,"a7q5-QuestRewardSeen",1427011715
1310,"a7q5-DeliveredItem",1584696803
1311,"a7q5-HaveItem",2174021640
1312,"a7q5-QuestReceived",1293498898
1313,"a7q6-UsedRewardBook",4199279084
1314,"a7q6-HaveRewardBook",1276932597
1315,"a7q6-QuestRewardSeen",789884765
1316,"a7q6-DeliveredItem",773349742
1317,"a7q6-HaveItem",1078104825
1318,"a7q6-QuestReceived",1536017474
1319,"WeylamBeaconIntro",3390599929
1320,"WeylamReefIntro",1663564549
1321,"WeylamOnBrineKing",1263509477
1322,"WeylamOnBrineKingDead",2837836891
1323,"WeylamOnBrokenBridge",2539822860
1324,"WeylamOnMerveil",1491539516
1325,"WeylamOnLilly",1311640189
1326,"WeylamOnYeena",1833367513
1327,"WeylamOnHelena",1358884422
1328,"WeylamLocketQuest",2096397759
1329,"WeylamLocketReward",2661003602
1330,"Visited-8_2",283589723
1331,"Visited-8_3",343878307
1332,"YeenaGreetingsA7",3742335003
1333,"YeenaOnGreustDead",4173483463
1334,"YeenaOnWeylam",1957497900
1335,"YeenaOnArakaali",2152762928
1336,"YeenaOnWraeclast",3900635041
1337,"YeenaOnForestEncampment",50241202
1338,"YeenaOnSilkMissing",2716802808
1339,"HelenaOnTrading",1261582018
1340,"YeenaOnSilkDead",1254019623
1341,"SilkOnGruthkul",1316095437
1342,"SilkOnJourney",3622187382
1343,"EramirGreetingsA7",2506412960
1344,"EramirOnRalakesh",3803884160
1345,"EramirOnWeylam",2351955344
1346,"EramirOnArakaali",508744569
1347,"EramirOnVaalCity",952017178
1348,"EramirOnArakaaliTemple",4007045603
1349,"EramirOnSilkMissing",3469344763
1350,"EramirOnSilkFound",145114715
1351,"EramirOnSilkDead",1369986027
1352,"EramirOnGruthkul",538273951
1353,"EramirGruthkulReward",3091511733
1354,"HelenaGreetingsA7",1808455567
1355,"HelenaOnWeylam",546174899
1356,"HelenaOnRalakeshQuest",3933125863
1357,"HelenaOnRalakeshDead",590534657
1358,"HelenaOnMaligaroDead",2372519424
1359,"SinOnGodOrigins",3907379385
1360,"SinMaligaroReward",1666499888
1361,"SinOnRalakeshQuest",337318823
1362,"SinOnRalakeshOrigin",450515736
1363,"SinRalakeshReward",3239707129
1364,"SinOnGruthkulOrigin",2924903134
1365,"SinGruthkulReward",2997956471
1366,"SinOnArakaaliQuest",3538070808
1367,"SinOnArakaaliOrigin",2503674280
1368,"SinArakaaliReward",225747108
1369,"SinOnKitavaDefeat",1299945646
1370,"SinInnocenceOnSign",2714843001
1371,"SinInnocenceOnKitava",316539241
1372,"LillyKitavaIntro",2296230163
1373,"Visited-8_1",1224169474
1374,"Visited-8_town",706366273
1375,"LaniOnKitava",3171228714
1376,"a7q8-QuestRewardTaken",4248269578
1377,"a7q8-QuestRewardSeen",2841835076
1378,"a7q8-Congratulated",1024833657
1379,"a7q8-DeliveredItem",1947291213
1380,"a7q8-HaveItem",3845764368
1381,"a7q8-SeenItem",4091204514
1382,"a7q8-QuestReceived",3584864490
1383,"a7q9-UsedRewardBook",914392288
1384,"a7q9-HaveRewardBook",3740194741
1385,"a7q9-SeenQuestReward",4284577950
1386,"a7q9-KilledBoss",3528728180
1387,"a7q9-SeenBoss",637828839
1388,"a7q9-QuestReceived",3733971764
1389,"BrineKingUpgrade1",3992031436
1390,"BrineKingUpgrade2",3219276425
1391,"BrineKingUpgrade3",3681988461
1392,"ArakaaliUpgrade1",2338364723
1393,"ArakaaliUpgrade2",4106660529
1394,"ArakaaliUpgrade3",244603199
1395,"SolarisUpgrade1",3767993885
1396,"SolarisUpgrade2",48353979
1397,"SolarisUpgrade3",2995527866
1398,"LunarisUpgrade1",3808689511
1399,"LunarisUpgrade2",1612834713
1400,"LunarisUpgrade3",169214079
1401,"TukohamaUpgrade1",403579653
1402,"AbberathUpgrade1",3721355280
1403,"RyslathaUpgrade1",1876262905
1404,"RalakeshUpgrade1",1133848066
1405,"GruthkulUpgrade1",3819862364
1406,"YugulUpgrade1",2339269258
1407,"ShakariUpgrade1",1777216606
1408,"GarukhanUpgrade1",787499935
1409,"CanChangePantheon",2973117021
1410,"a5q6-SeenItem",1190391189
1411,"Visited-8_4",4155618341
1412,"Visited-8_5",3009120056
1413,"Visited-8_6",4027347886
1414,"Visited-8_7",2128798777
1415,"Visited-8_8",1920005637
1416,"Visited-8_9",3962343415
1417,"Visited-8_10",2508517569
1418,"Visited-8_11",182924469
1419,"Visited-8_12",406287597
1420,"Visited-8_13",2617179438
1421,"a8q1-QuestRewardTaken",3234459795
1422,"a8q1-QuestRewardSeen",783865064
1423,"a8q1-KilledBoss",1644091468
1424,"a8q1-SeenBoss",2799132003
1425,"a8q1-QuestReceived",754652456
1426,"a8q23-KilledBosses",3858884059
1427,"a8q23-DeliveredItems",93694476
1428,"a8q2-HaveItem",2885607009
1429,"a8q2-KilledMiniboss",4162831688
1430,"a8q2-SeenMiniboss",3902033572
1431,"a8q23-QuestsReceived",2270030076
1432,"a8q3-HaveItem",3271728061
1433,"a8q3-KilledMiniboss",1874043135
1434,"a8q3-SeenMiniboss",1105000301
1435,"a8q4-UsedRewardBook",2643645432
1436,"a8q4-HaveRewardBook",1215916402
1437,"a8q4-QuestRewardSeen",829553395
1438,"a8q4-KilledBoss",397323801
1439,"a8q4-SeenBoss",3373741846
1440,"a8q4-QuestReceived",3741583798
1441,"a8q5-QuestRewardTaken",317673339
1442,"a8q5-QuestRewardSeen",2689424255
1443,"a8q5-DeliveredItem",3990432021
1444,"a8q5-HaveItem",1162328221
1445,"a8q5-KilledBoss",525505847
1446,"a8q5-SeenBoss",203119349
1447,"a8q5-QuestReceived",3654478165
1448,"a8q6-UsedRewardBook",3692542138
1449,"a8q6-HaveRewardBook",1762536821
1450,"a8q6-QuestRewardSeen",3149428836
1451,"a8q6-Congratulated",791719595
1452,"a8q6-KilledBoss",1402086045
1453,"a8q6-SeenBoss",3890860799
1454,"a8q6-DeliveredItem",2608562432
1455,"a8q6-HaveItem",2577882062
1456,"a8q6-QuestReceived",3877889759
1457,"a8q7-UsedRewardBook",4235868537
1458,"a8q7-HaveRewardBook",3425896496
1459,"a8q7-QuestRewardSeen",3704687081
1460,"a8q7-Congratulated",1756257572
1461,"a8q7-KilledBoss",2894976954
1462,"a8q7-SeenBoss",1914485761
1463,"a8q7-QuestReceived",4004277690
1464,"ClarissaAnkhWaiting",1810548523
1465,"ClarissaOnTolmanZombieDead",3979591575
1466,"ClarissaOnTolmanZombie",1479939592
1467,"ClarissaOnGrigorGone",3414213492
1468,"ClarissaOnVeruso",1439510607
1469,"ClarissaOnAnkh",1725983057
1470,"HarganGreetingsA8",3070908547
1471,"HarganOnClarissaTolmanZombie",952541724
1472,"HarganDoedreQuest",987970525
1473,"HarganDoedreReward",4064516229
1474,"HarganOnHighGardens",2226173107
1475,"HarganOnAnkh",3096490168
1476,"HarganOnSolarisLunaris",3041380476
1477,"HarganOnSolarisLunarisDead",1439567772
1478,"HarganOnSunMoonOrbs",1070774111
1479,"HarganOnGrigorGone",2921286864
1480,"HarganYugulReward",713886372
1481,"HarganOnTitucius",3873735440
1482,"HarganYugulClue",1607313701
1483,"HarganOnWingsOfVastiri",1829583122
1484,"MaramoaOnSunOrb",4059080333
1485,"MaramoaOnMoonOrb",3168381414
1486,"MaramoaOnOrbs",749989164
1487,"MaramoaOnGrigorGone",2510343167
1488,"MaramoaOnClarissaZombie",2372036590
1489,"MaramoaOnClarissaZombieDead",4198599359
1490,"MaramoaOnGemlings",1526605110
1491,"SinDoedreReward",3543131540
1492,"SinYugulQuest",3769347814
1493,"SinOnYugulOrigin",3533417431
1494,"SinYugulReward",3209566099
1495,"SinOnSolaris",1512478423
1496,"SinOnSolarisOrigin",654938478
1497,"SinOnLunaris",3360668532
1498,"SinOnLunarisOrigin",4155206846
1499,"SinSolarisLunarisReward",1589205190
1500,"Visited-9_1",830852266
1501,"Visited-9_town",4062292746
1502,"ClarissaA8Intro",2712612175
1503,"MaramoaOnSolarisLunarisDead",3296675507
1504,"ClarissaOnSolarisLunarisDead",9840570
1505,"ReadMaligaroManifesto",1705393068
1506,"ReadSilkLoveLetter",582953252
1507,"ReadRalakeshGlyph",2201649941
1508,"ReadArakaaliGlyph1",3993157933
1509,"ReadArakaaliGlyph2",2749920103
1510,"ReadArakaaliGlyph3",3990105381
1511,"ReadArakaaliGlyph4",2326160183
1512,"ReadArakaaliGlyph5",1113936025
1513,"SentinelSeenChest",4168303907
1514,"SentinelOpenedChest",1024964034
1515,"SentinelEquippedSentinel",3519494271
1516,"SentinelUsedController",2576084498
1517,"SentinelTutorialComplete",810507597
1518,"SentinelHaveController",1510434590
1519,"ApproachedMTXPortalSinceLogin",3624450883
1520,"ApproachedMTXPortalSinceDeath",3265556810
1521,"EndlessDelveRaceComplete",2036912909
1522,"AncestralNgamahuDislikesPlayer",4018625439
1523,"AncestralTasalioDislikesPlayer",160607895
1524,"AncestralArohonguiDislikesPlayer",3419685754
1525,"AncestralValakoDislikesPlayer",1768032673
1526,"AncestralHinekoraDislikesPlayer",1415425186
1527,"AncestralTawhoaDislikesPlayer",4058397136
1528,"Visited-9_2",75149852
1529,"Visited-9_3",2007756775
1530,"Visited-9_4",4260473625
1531,"Visited-9_5",3438092056
1532,"Visited-9_6",2184087126
1533,"Visited-9_7",1407485337
1534,"Visited-9_8",1083369789
1535,"Visited-9_9",1557555916
1536,"Visited-9_10_1",2135461817
1537,"Visited-9_10_2",2230772415
1538,"Visited-10_town",3417254963
1539,"Visited-10_1",582537947
1540,"Visited-10_2",1654266884
1541,"Visited-10_3",2010276401
1542,"Visited-10_4",3538238109
1543,"Visited-10_5",2817824676
1544,"Visited-10_6",1378880305
1545,"Visited-10_7",3145277465
1546,"Visited-10_8",2260847975
1547,"Visited-10_9",2657870184
1548,"Visited-11_town",3565564064
1549,"a9q1-KilledBoss",3988689055
1550,"a9q1-KilledDoedre",4269845301
1551,"a9q1-KilledMaligaro",652409367
1552,"a9q1-KilledShavronne",988443688
1553,"a9q1-PortalsClue",3370307711
1554,"a9q1-PortalsOpen",1045909596
1555,"a9q1-QuarryClue",2925989379
1556,"a9q1-DeliveredItem1",3279868708
1557,"a9q1-DeliveredItem2",1730853574
1558,"a9q1-HaveItem1",4064227756
1559,"a9q1-HaveItem2",661082443
1560,"a9q1-QuestReceived",3413229973
1561,"a9q2-UsedRewardBook",2622733280
1562,"a9q2-HaveRewardBook",1041040486
1563,"a9q2-QuestRewardSeen",1566683428
1564,"a9q2-DeliveredItem",2603231043
1565,"a9q2-HaveItem",3320119225
1566,"a9q2-KilledBoss",1669725732
1567,"a9q2-SeenBoss",2890788012
1568,"a9q2-QuestReceived",3843389206
1569,"a9q5-UsedRewardBook",3352628645
1570,"a9q5-HaveRewardBook",2515661792
1571,"a9q3-QuestRewardSeen",4990595
1572,"a9q3-DeliveredItem",1050297387
1573,"a9q3-HaveItem",3860587746
1574,"a9q3-FinishEncounter",3406766497
1575,"a9q3-BeginEncounter",948839094
1576,"a9q3-QuestReceived",3490805069
1577,"PetarusVanjaIntroA9",266600495
1578,"PetarusVanjaOnOyunKidnapped",2548590189
1579,"PetarusVanjaOnKiraKidnap",753264388
1580,"PetarusVanjaOnIrasha",3997837357
1581,"PetarusVanjaOnOldGods",3643709580
1582,"PetarusVanjaOnOyunDead",3773614292
1583,"PetarusVanjaOnFeather",1047205476
1584,"PetarusVanjaOnBeastQuake",2899647754
1585,"PetarusVanjaOnGeneralAdus",292979833
1586,"TasuniIntroA9",3060599746
1587,"TasuniOyunQuest",786119311
1588,"TasuniOnSin",2879228448
1589,"TasuniOnBeastPower",3414640812
1590,"TasuniOnBeastQuake",2979780329
1591,"TasuniTakeFeather",3521370827
1592,"TasuniIrashaLostFeather",2183502038
1593,"IrashaIntroduction",3070729189
1594,"IrashaOyunQuest",2731353001
1595,"IrashaTakeFeather",2995638914
1596,"IrashaOnMaraketh",1222852969
1597,"IrashaOnJustice",4210469033
1598,"IrashaOnTasuni",1099973979
1599,"IrashaOnPetarusVanja",1776095337
1600,"IrashaOnKira",347354036
1601,"IrashaOnGarukhan",2636817693
1602,"IrashaOnGarukhanDead",2694151986
1603,"IrashaOnDialla",1432708538
1604,"IrashaOnTrading",1624790914
1605,"IrashaOnBeastBlood",4222971144
1606,"IrashaOnBeastQuake",3173068763
1607,"SinOnPowder",2266350010
1608,"SinOnAcid",2584764320
1609,"SinOnGarukhanQuest",2465649375
1610,"SinOnGarukhan",755595777
1611,"SinEnterBeast",718241919
1612,"SinOnSouls",1790161659
1613,"SinOnDarkEmber",2756307106
1614,"SinOnCataclysm",3816678494
1615,"TarkleighOnRevenants",3151906288
1616,"SinGarukhanReward",3651932890
1617,"TarkleighOnBrineKing",273517113
1618,"TarkleighOnOriathanZombies",3689345138
1619,"a9q4-UsedRewardBook",3025131123
1620,"a9q4-HaveRewardBook",1829576455
1621,"a9q4-QuestRewardSeen",3903560379
1622,"a9q4-DeliveredItem",3574787306
1623,"a9q4-HaveItem",2048654197
1624,"a9q4-SeenBoss",1697758910
1625,"a9q4-KilledBoss",3759032049
1626,"a9q4-QuestReceived",2690806765
1627,"a9q3-QuestRewardTaken",2165387539
1628,"a9q5-QuestRewardSeen",3646176883
1629,"a9q5-KilledBoss",1858477239
1630,"a9q5-SeenBoss",2694544378
1631,"a9q5-UsedItem",1253631626
1632,"a9q5-HaveItem",2554186508
1633,"a9q5-SeenBottle",1425568448
1634,"a9q5-StormClue",1906492880
1635,"a9q5-QuestReceived",2901218151
1636,"a9q5-SeenStorm",335083796
1637,"IrashaOnShakari",1731166257
1638,"IrashaShakariReward",279738061
1639,"SinShakariReward",1432425023
1640,"SinOnShakari",822982754
1641,"LillyOnRescue",1796405447
1642,"LillyOnOriath",982000730
1643,"WeylamOnRescue",3467012369
1644,"WeylamOnReunited",4072992823
1645,"a10q1-QuestRewardTaken",4010754992
1646,"a10q1-QuestRewardSeen",1961154345
1647,"a10q1-TalkedToBannon",247933601
1648,"a10q1-RescuedBannon",3948222307
1649,"a10q1-SeenBoss",1792460656
1650,"a10q1-SeenBannon",3063002121
1651,"a10q1-QuestReceived",3392699286
1652,"a10q2-QuestRewardTaken",3072481963
1653,"a10q2-QuestRewardSeen",26071407
1654,"a10q2-BannonTransformed",825305390
1655,"a10q2-DeliveredItem",728933140
1656,"a10q2-HaveItem",2727329438
1657,"a10q2-KilledBoss",440014941
1658,"a10q2-SeenBoss",3290738048
1659,"a10q2-QuestReceived",416135910
1660,"a10q3-UsedRewardBook",257588228
1661,"a10q3-HaveRewardBook",1077341033
1662,"a10q3-QuestRewardSeen",765220048
1663,"TasuniOnIrasha",3780007340
1664,"a10q3-SeenBoss",626365695
1665,"a10q3-OpenedGate",2065649624
1666,"a10q3-SeenGate",1615604802
1667,"a10q3-QuestReceived",2436806661
1668,"a10q4-UsedRewardBook",629268320
1669,"a10q4-HaveRewardBook",3041345417
1670,"a10q4-QuestRewardSeen",2073560412
1671,"a10q4-DeliveredItem",2720350138
1672,"a10q4-HaveItem",986741756
1673,"a10q4-QuestReceived",1873308514
1674,"a10q6-UsedRewardBook",3966424665
1675,"a10q6-HaveRewardBook",1217162654
1676,"a10q5-QuestRewardSeen",539598481
1677,"a10q5-DeliveredItem",1388324499
1678,"a10q5-HaveItem",898643056
1679,"a10q5-QuestReceived",3944262668
1680,"a10q5-QuestRewardTaken",551966092
1681,"a10q6-QuestRewardSeen",529655847
1682,"a10q6-KilledBoss",3503574273
1683,"a10q6-SeenBoss",2006865079
1684,"a10q6-QuestReceived",1352022835
1685,"ZanaIntroduction",1880528765
1686,"UsedMapDevice",1444180537
1687,"LaniA10WelcomeBack",2254942512
1688,"LaniOnVilentaGone",1185627899
1689,"LaniOnLilly",2854227824
1690,"LaniOnWeylam",4274506943
1691,"LaniOnInnocence",4241760372
1692,"LaniOnSin",1064293452
1693,"LaniOnKitavaTrough",2195361788
1694,"LaniBannonRescued",2971894253
1695,"LaniVilentaDead",4031196294
1696,"LaniA10Intro",1904704075
1697,"LillyOnBannon",2822120652
1698,"LillyOnInnocence",4218508999
1699,"LillyOnKitava",3156443968
1700,"LillyOnTsoatha",2080139950
1701,"LillyOnTeardrop",4089364936
1702,"WeylamA10Welcome",2612385091
1703,"WeylamOnLani",21972443
1704,"WeylamOnBannon",3911757418
1705,"WeylamA10OnLilly",4029435419
1706,"LaniOnCultists",3103805953
1707,"WeylamOnTrading",3061692886
1708,"BannonIntroA10",2391953366
1709,"BannonOnCultists",723031789
1710,"BannonOnKitavaA10",590173529
1711,"BannonOnInnocenceA10",4163488141
1712,"BannonOnChamberOfInnocence",2985233006
1713,"SinIntroA10",294516699
1714,"SinOnDarkEmberA10",2289182728
1715,"SinOnLilly",1119127733
1716,"SinOnKitava",1374905484
1717,"SinOnBannon",2602822777
1718,"ArticleReadSkillGemBasics",1923341120
1719,"ArticleReadSupportGemRequirements",660440743
1720,"ArticleReadPassiveTree",2551489425
1721,"ArticleReadRarities",2622713961
1722,"ArticleReadStatsAndMods1",3649054196
1723,"ArticleReadStatsAndMods2",1550584468
1724,"ArticleReadStash",1873545474
1725,"ArticleReadFlasks",3288100909
1726,"ArticleReadNavigation",3951401246
1727,"ArticleReadStatusAilments",1072143252
1728,"ArticleReadSocialPanel",1490560548
1729,"MapDeviceOpening",3272472288
1730,"ArticleReadCraftingAndCurrency",1804448679
1731,"ArticleReadHelpfulTips",797705855
1732,"ArticleReadAurasAndHeralds",3182391639
1733,"ArticleReadJewels",355219234
1734,"ArticleReadForsakenMasters",3089702904
1735,"ArticleReadHideouts",556317855
1736,"ArticleReadVendorRecipes",679526009
1737,"ArticleReadTheLabyrinth",2167556619
1738,"ArticleReadAscendancies",564407969
1739,"ArticleReadParentLeaguesAndSSF",3008860452
1740,"ArticleReadChallengeLeagues",2894847864
1741,"ArticleReadDivinationCards",307737910
1742,"ArticleReadMicrotransactions",1243477264
1743,"ArticleReadPantheon",960791395
1744,"ArticleReadMapping",1385199652
1745,"ArticleReadPvP",1126266488
1746,"ArticleReadCurses",1269504797
1747,"ArticleReadWarcries",518504826
1748,"ArticleReadMinions",1699499181
1749,"ArticleReadTrapsAndMines ",2469939853
1750,"ArticleReadHarbinger",2969399711
1751,"ArticleReadNextLeague",13743967
1752,"ArticleReadDamageTypesAndConversion",1446654507
1753,"ArticleReadDefenses",1295559339
1754,"ArticleReadCorruption",557538500
1755,"ArticleReadStrongboxes",2190108970
1756,"ArticleReadOtherCombatMechanics",2660268528
1757,"ArticleReadBuffsAndDebuffs",3524746097
1758,"ArticleReadGlossary",2933389102
1759,"ArticleReadCustomerSupport",2123519183
1760,"ArticleReadHelpPanel",3678696561
1761,"SinInnocenceOnInnocence",4275028705
1762,"InnocenceIntroduction",460254761
1763,"LillyOnKitavaDead",2920224945
1764,"WeylamOnKitavaDead",2041534515
1765,"SinInnocenceReconciliation",3673366878
1766,"InnocenceOnExile",3670161859
1767,"SinPCHasSign",3856657986
1768,"BannonOnKitavaGate",1770985851
1769,"LaniKitavaReward",516272471
1770,"WaypointUnlocked",1466887130
1771,"ReceivedAilmentBuff",2029141751
1772,"ReceivedCurseBuff",1996642739
1773,"PickedUpNonScrollCurrency",4102244030
1774,"PickedUpAuraOrHeraldGem",1915234165
1775,"PickedUpJewel",2537405648
1776,"PickedUpDivinationCard",1107934808
1777,"PickedUpWarcryGem",1092506416
1778,"PickedUpMinionGem",2728673724
1779,"PickedUpTrapMineGem",2083699918
1780,"PickedUpTotemGem",1011116968
1781,"PickedUpVaalOrb",355518772
1782,"PickedUpMapItem",856258986
1783,"OpenedShopOrCosmeticsTab",589677582
1784,"StrongboxEncountered",959553392
1785,"HarbingerEncountered",2247582363
1786,"ReadDominusOrders",3395350766
1787,"SinPreKitavaTalk",3448596227
1788,"SinPostKitavaTalk",1079382462
1789,"ReadVaalLetter13",2929664927
1790,"ReadVaalLetter14",1107280660
1791,"ReadVaalLetter15",704165093
1792,"ReadVaalLetter16",1209146368
1793,"ReadTriumphOfInnocence",1644491923
1794,"ReadShavronneManifesto",1787271685
1795,"ReadUtulaGlyph1",3554096912
1796,"ReadUtulaGlyph2",956417222
1797,"ReadUtulaGlyph3",3770953158
1798,"ReadStainedGlass1",1872168803
1799,"ReadStainedGlass2",2100823219
1800,"ReadStainedGlass3",1593114635
1801,"ReadStainedGlass4",417895830
1802,"ReadStainedGlass5",251387820
1803,"ReadStainedGlass6",2636772254
1804,"ReadStainedGlass7",184241880
1805,"ReadStainedGlass8",1373723087
1806,"a1q1t-QuestRewardSeen",1366024348
1807,"a1q1t-QuestRewardTaken",2107137541
1808,"a1q5t-QuestRewardSeen",4116699920
1809,"a1q5t-QuestRewardTaken",1584477117
1810,"a1q4t-QuestRewardTaken",3948841818
1811,"a1q4t-QuestRewardSeen",2610090397
1812,"a1q8t-QuestRewardTaken",208074582
1813,"a1q8t-QuestRewardSeen",1329993485
1814,"a1q7t-QuestRewardTaken",2253822554
1815,"a1q7t-QuestRewardSeen",3846203293
1816,"a1q2t-QuestRewardTaken",2952938096
1817,"a1q2t-QuestRewardSeen",3671008175
1818,"a1q6t-QuestRewardTaken",1071648944
1819,"a1q6t-QuestRewardSeen",1856978934
1820,"a1q3t-QuestRewardTaken",3516687505
1821,"a1q3t-QuestRewardSeen",1155411066
1822,"a1q9t-QuestRewardTaken",2998377749
1823,"a1q9t-QuestRewardSeen",1188299092
1824,"a2q6t-QuestRewardTaken",1454414232
1825,"a2q6t-QuestRewardSeen",1084494657
1826,"a2q4t-QuestRewardTaken",3312343920
1827,"a2q4t-QuestRewardSeen",4212418333
1828,"a2q10t-QuestRewardTaken",2463670350
1829,"a2q10t-QuestRewardSeen",423880657
1830,"a3q3t-QuestRewardTaken",2905156477
1831,"a3q3t-QuestRewardSeen",1774693685
1832,"a3q4t-QuestRewardTaken",410373510
1833,"a3q4t-QuestRewardSeen",3585898434
1834,"a3q5t-QuestRewardTaken",3879766421
1835,"a3q5t-QuestRewardSeen",2460601525
1836,"a3q8t-QuestRewardTaken",3815525267
1837,"a3q8t-QuestRewardSeen",1683297610
1838,"a3q9t-QuestRewardTaken",3142279635
1839,"a3q9t-QuestRewardSeen",2968496045
1840,"a3q11t-QuestRewardTaken",1165850952
1841,"a3q11t-QuestRewardSeen",2329280608
1842,"a3q12t-QuestRewardTaken",305509333
1843,"a3q12t-QuestRewardSeen",508891442
1844,"a5q3t-QuestRewardTaken",1622600186
1845,"a5q3t-QuestRewardSeen",2277333215
1846,"a4q1t-QuestRewardTaken",3915208823
1847,"a4q1t-QuestRewardSeen",1424708138
1848,"a4q2t-QuestRewardTaken",31593086
1849,"a4q2t-QuestRewardSeen",4024645043
1850,"a4q34t-QuestRewardTaken",2093265731
1851,"a4q34t-QuestRewardSeen",1702256338
1852,"a4q6t-QuestRewardTaken",2546681098
1853,"a4q6t-QuestRewardSeen",2554558676
1854,"a10q2t-QuestRewardTaken",3875453087
1855,"a10q2t-QuestRewardSeen",1682918808
1856,"YeenaOnArakaaliDead",692882720
1857,"a7q2-SeenSinsBlock",468056699
1858,"MaramoaOnDominus",3519662048
1859,"MaramoaOnPietyDominus",2402631509
1860,"a7q2-ClearedSinBlock",978690330
1861,"CompletedPortalScrollTutorial",579990171
1862,"CompletedReturnToCoastTutorial",2204398542
1863,"a6q4t-QuestRewardTaken",3153363840
1864,"a6q4t-QuestRewardSeen",859165641
1865,"ReadKitavaCultistTract1",703096846
1866,"ReadKitavaCultistTract2",1716031206
1867,"ReadKitavaCultistTract3",709616249
1868,"PickUpMavenAlteration",3718245845
1869,"HaveCleansingFireMapDeviceAlteration",1147722757
1870,"HaveTangleMapDeviceAlteration",3608660771
1871,"ReadBrineKingGlyph1",368738078
1872,"ReadBrineKingGlyph2",1142760361
1873,"ReadBrineKingGlyph3",363737254
1874,"ReadBrineKingGlyph4",700627239
1875,"ReadBrineKingGlyph5",1431804516
1876,"a1q5-QuestReward2Seen",553964241
1877,"a1q5-QuestReward2Taken",3381660559
1878,"ArticleReadAbyss",2198655120
1879,"CompletedWatchstoneTutorial",928459535
1880,"AfflictionFirstMapDialogue",1555220588
1881,"AfflictionSecondMapDialogue",730802595
1882,"TencentBrutusHandIn",4130298033
1883,"TencentTutorialNPC-BuildAdviceSeen",2660178829
1884,"TencentTutorialNPC-ResistAdviceSeen",14388352
1885,"TencentTutorialNPC-OtherNPCSeen",170448489
1886,"PickUpCleansingFireMapDeviceAlteration",2478700701
1887,"PickUpTangleMapDeviceAlteration",2410186449
1888,"HeistMissionInArea",455281885
1889,"HeistMissionFailed",2325855006
1890,"HeistMissionEnteredWing",2339191717
1891,"HeistMissionReachedObjective",77377718
1892,"HeistMissionAlarm",574800449
1893,"HeistMissionLockdown",2090338661
1894,"HeistMissionComplete",845246639
1895,"HeistMissionPortalOpen",1507439042
1896,"InMyHarvestGarden",2302699612
1897,"SirusDefeated",1164830083
1898,"ChangedAscendancy",21311807
1899,"TarkleighOnLillyPast",4090434254
1900,"InTangleArena",1363317595
1901,"InCleansingFireArena",1047098721
1902,"AncestralKitavaDislikesPlayer",3749559742
1903,"Met-PietysLetter",3326128238
1904,"Met-AqueductLetter",444045141
1905,"a9q2-KilledKira",4019136968
1906,"a9q1-KilledAdus",1476895210
1907,"a9q1-BlackHeartOpen",1126400049
1908,"a7q7-YeenaTransform",2953793228
1909,"a8q6-AfterTolman",669807529
1910,"JunMissionCongrats",3026519312
1911,"HelenaOnKitava",2525697837
1912,"JunMission-FailedLab",1453676547
1913,"JunMission-FailedCart",3425706520
1914,"JunMission-FailedGank",753556064
1915,"JunMission-EnteredLab",944331263
1916,"JunMission-FailedAll",1664338957
1917,"JunMission-DefeatedFort",3763123131
1918,"JunMission-DefeatedLab",894201983
1919,"JunMission-DefeatedCart",719369879
1920,"JunMission-DefeatedGank",704219431
1921,"JunMission-SafehouseEntered",3585459001
1922,"JunMission-SafehouseBoss",87988980
1923,"JunMission-SafehouseDefeated",3877024087
1924,"JunMission-SafehouseCompleted",4267017512
1925,"JunMission-CatarinaEntered",1968322635
1926,"JunMission-CatarinaSeen1",3621058580
1927,"JunMission-CatarinaDefeated1",1548389048
1928,"JunMission-CatarinaDefeated2",1594351168
1929,"JunMission-CatarinaCompleted",3797412610
1930,"SynthesisQuestReceived1",3654645204
1931,"JunOnChoices",546069490
1932,"BetrayalChoicesReady",1933672975
1933,"JunOnBetrayalBoard",488402314
1934,"AllowSpecialPortals",1176521396
1935,"AlvaTempleUnreachable",807052973
1936,"EinharMissionSeen",782894378
1937,"TouchedEssenceMonolith",3455224443
1938,"ArticleReadEssences",3567238699
1939,"ArticleReadBestiary",3965468811
1940,"NikoMission-Received",2836358835
1941,"NikoMission-Complete",3553811904
1942,"NikoMission-Failed",2644422310
1943,"NikoMission-SuppressAlerts",110245937
1944,"AlvaMission-Received",338838735
1945,"AlvaMission-Complete",2739248487
1946,"AlvaMission-Failed",536339013
1947,"AlvaMission-SuppressAlerts",1040390985
1948,"AlvaMission-Progressed",701972213
1949,"EinharMission-Received",3242491706
1950,"EinharMission-Complete",3872262023
1951,"EinharMission-Failed",1922487635
1952,"EinharMission-SuppressAlerts",2116760163
1953,"IncursionOwner",677915528
1954,"IncursionStarted",2745857281
1955,"IncursionFinished",2663397960
1956,"IncursionSeenTemple",3662573611
1957,"IncursionCongratulated",442909299
1958,"IncursionTempleReady",2209964620
1959,"JunMission-CatarinaSeen2",780217055
1960,"JunMission-SafehouseRewardsUnlocked",1557952562
1961,"AlvaTutorialMissionReceived",3500811276
1962,"AlvaTutorialIncursionFound",2654441751
1963,"EnteredDelveMine",1752126791
1964,"DelvePathComplete",600595348
1965,"DelveEncounterStarted",1858620062
1966,"HelenaOnEinhar",2180342534
1967,"HelenaOnNiko",1570210290
1968,"HelenaOnAlva",3541638476
1969,"HelenaOnJun",1991693741
1970,"HelenaOnZana",446271631
1971,"AncestralRamakoDislikesPlayer",4029231590
1972,"NikoLightRadiusTooLow",1511193384
1973,"NikoDarknessResistTooLow",2343362717
1974,"HelenaOnOriath",3636923871
1975,"HelenaTransmutiaDevice",836698957
1976,"HelenaEducation",2133812296
1977,"JunMission-FortRetreated",3652139333
1978,"JunMission-CartRetreated",569986007
1979,"JunMission-LabRetreated",1010238889
1980,"JunMission-GankRetreated",151260700
1981,"JunMission-SafehouseAbandoned",3483792570
1982,"AlvaChatEinhar",2500090397
1983,"AlvaChatNiko",2510762897
1984,"AlvaChatZana",3276997912
1985,"AlvaChatJun",1708560376
1986,"AlvaChatHelena",810595367
1987,"AncestralTukohamaDislikesPlayer",829699074
1988,"AlvaChatOrderOfTheDjinn",2899747983
1989,"JunOnSyndicateLeader",3508869399
1990,"HelenaOnCrafting",1084753590
1991,"HelenaOnOrderOfTheDjinn",2566408320
1992,"HelenaOnOtherHideouts",1341324300
1993,"HelenaOnHerDream",2134293693
1994,"TaneOctaviusIntroduction",232166380
1995,"TaneOctaviusFirstQuest",2251390020
1996,"TangleDefeatMapBoss",1139430476
1997,"CleansingFireDefeatMapBoss",594481414
1998,"TaneOctaviusAlchemy",1051532475
1999,"TaneOctaviusTanesMaster",725171759
2000,"TaneOctaviusSamplesFound",1123087850
2001,"TaneOctaviusEncounterComplete",4054511664
2002,"JunOnSafehouse",230891839
2003,"TaneOctaviusSamplesShown",4139699356
2004,"TaneOctaviusQuestWrapUp",2437441225
2005,"TaneOctaviusMonsterSummoned",2595443440
2006,"WaitingForPortals",1400739128
2007,"HaveSkillBookElder",3084947520
2008,"HaveSkillBookMaven",2178476106
2009,"HaveSkillBookTangle",627774282
2010,"HaveSkillBookCleansingFire",527007493
2011,"MapComplete",2461767258
2012,"HaveSkillBookInfiniteHunger",980342117
2013,"HaveSkillBookBlackStar",3567561912
2014,"CleansingMiniBossDefeated",3010408319
2015,"ConsumeMiniBossDefeated",2029191063
2016,"BetrayalEncounterFailed",1299514017
2017,"BetrayalEncounterStarted",3228761273
2018,"BetrayalEncounterComplete",3226373051
2019,"MapMission-Received",804385955
2020,"IsMapOwner",3171646840
2021,"MapMission-MetNPC",122891594
2022,"MapMission-SeenOption",2555896416
2023,"ArticleReadDelve",154514473
2024,"NikoLightRadiusTooLowSeen",1121278098
2025,"NikoDarknessResistTooLowSeen",1046051837
2026,"CompletedDelveBindingTutorial",65725615
2027,"NikoHaveEnoughAzurite",536557203
2028,"NikoHaveEnoughSulphite",993398536
2029,"NikoCrawlerInstructions",2661403502
2030,"HideoutUnlocked",2261601328
2031,"StoneOfWisdomComplete",3651002855
2032,"StoneOfAgilityComplete",829297374
2033,"StoneOfPowerComplete",601963107
2034,"NikoSulphiteIsFull",2283204058
2035,"NikoSulphiteIsFullSeen",1463001417
2036,"HideoutFound",3853076253
2037,"HaveThisHideout",1827367220
2038,"HideoutMissionReceived",192085914
2039,"HideoutCleared",2540841352
2040,"HideoutCongratulated",2565061578
2041,"BlightQuestReceived",1111423772
2042,"BlightEncounterComplete",319465491
2043,"BlightEncounterFailed",1094881769
2044,"BlightEncounterStarted",3396501285
2045,"BlightTowerBuilt",2229864
2046,"BlightEncounterSuccess",1614323894
2047,"BlightBuilderIntroduction",552413200
2048,"BlightBuilderOnExile",2024278481
2049,"BlightBuilderOnReplacement",133398723
2050,"BlightBuilderOnDevices",2006223864
2051,"BlightBuilderOnFungi",1735346359
2052,"BlightBuilderOnTemplars",1491418131
2053,"BlightBuilderOnInfectedMaps",2218552501
2054,"BlightCompletedInfectedMap",2854029380
2055,"CassiaOnPietyAndDominus",1019843081
2056,"CassiaOnInnocence",36217270
2057,"CassiaOnTheBlightHeart",3157907197
2058,"CassiaOnAnointingOils",946437522
2059,"HaveOwnedOil",1119093696
2060,"HaveUnlockedBlightEndgame",3023110176
2061,"BlightQuestComplete",3187319700
2062,"BlightTutorialEncounter",1478416446
2063,"TaneOctaviusOnExile",2937751103
2064,"TaneOctaviusOnCatalysts",976833552
2065,"TaneOctaviusOnTanesGoals",1671800852
2066,"TaneOctaviusOnTanesVision",802985065
2067,"TaneOctaviusOnPiety",849823800
2068,"AncestralRongokuraiDislikesPlayer",1722697700
2069,"TaneOctaviusOnTukohama",3026387989
2070,"TaneOctaviusOnGreaterAmbitions",3088953319
2071,"TaneOctaviusOnLab",1803832250
2072,"MetamorphosisLabAllItemisedPartsAquiredSeen",1417193091
2073,"MetamorphosisLabMonsterDefeatedSeen",378408170
2074,"TaneOnOriathDestructionSeen",795948318
2075,"SynthesisFragmentEntered",2522567351
2076,"SynthesisQuestComplete1",1758125130
2077,"SynthesisHubUnlocked",2812459774
2078,"SynthesisMapUnlocked",3314251193
2079,"SynthesisPlanningUnlocked",3649656861
2080,"SynthesisFragmentPlaced",813354053
2081,"SynthesisQuestComplete2",3505630866
2082,"SynthesisQuestComplete2Read",2192525856
2083,"SynthesisQuestComplete3",1398687315
2084,"NonResearchJobInProgress",2797553063
2085,"SynthesisQuestReceived3",1761290202
2086,"SynthesisFragmentFinished",3311287938
2087,"SynthesisFragmentReported",2458108026
2088,"CompletedSynthesisChangeover",2356491636
2089,"VenariusIntroduction",2966740452
2090,"SynthesisFragmentSuccessful",112096638
2091,"SynthesisHubReady",4165522203
2092,"SynthesisSeenPartialCompletion",2972212316
2093,"SynthesisHaveCompletedAFragment",11375497
2094,"VenariusOnMemories",1805440039
2095,"VenariusOnPast1",3617405604
2096,"VenariusOnPast2",763777305
2097,"VenariusOnPast3",2972676497
2098,"VenariusOnPast4",3424127542
2099,"VenariusOnBridges",1219224686
2100,"VenariusOnItemSynth",797502115
2101,"ZanaSynthOnCavas",1384409071
2102,"ZanaSynthAfterCavasEvent",2812824422
2103,"TencentTutorial-a1q2b-RewardSeen",848091553
2104,"TencentTutorial-a1q2b-RewardTaken",2487440292
2105,"TencentTutorial-a1q6_tencentb-RewardSeen",3808837415
2106,"TencentTutorial-a1q6_tencentb-RewardTaken",2104209575
2107,"TencentTutorial-a1q3b_tencent-RewardSeen",1482306257
2108,"TencentTutorial-a1q3b_tencent-RewardTaken",3543721447
2109,"TencentTutorial-a1q7_tencentb-RewardSeen",89312211
2110,"TencentTutorial-a1q7_tencentb-RewardTaken",3655106624
2111,"TencentTutorial-a2q6b_tencent-RewardSeen",3126235652
2112,"TencentTutorial-a2q6b_tencent-RewardTaken",2690764939
2113,"TencentTutorial-a2q5b_tencent-RewardSeen",29760920
2114,"TencentTutorial-a2q5b_tencent-RewardTaken",3320656081
2115,"TencentTutorial-a2q9_tencent-RewardSeen",1099907047
2116,"TencentTutorial-a2q9_tencent-RewardTaken",1186381643
2117,"TencentTutorial-a3q1_tencent-RewardSeen",451461862
2118,"TencentTutorial-a3q1_tencent-RewardTaken",3316892559
2119,"TencentTutorial-a3q11b_tencent-RewardSeen",262111647
2120,"TencentTutorial-a3q11b_tencent-RewardTaken",914402820
2121,"TencentTutorial-a3q8b_tencent-RewardSeen",3962780384
2122,"TencentTutorial-a3q8b_tencent-RewardTaken",4261861901
2123,"TencentTutorial-a3q12b_tencent-RewardSeen",135326702
2124,"TencentTutorial-a3q12b_tencent-RewardTaken",3227325256
2125,"TencentTutorial-a4q2_tencentb-RewardSeen",4026255274
2126,"TencentTutorial-a4q2_tencentb-RewardTaken",1770996993
2127,"TencentTutorial-a4q1_tencentb-RewardSeen",1813084020
2128,"TencentTutorial-a4q1_tencentb-RewardTaken",3502738286
2129,"TencentTutorial-a4q6_tencentb-RewardSeen",2380522985
2130,"TencentTutorial-a4q6_tencentb-RewardTaken",1440802211
2131,"TencentTutorial-a5q4_tencent-RewardSeen",2907887803
2132,"TencentTutorial-a5q4_tencent-RewardTaken",97030249
2133,"TencentTutorial-a5q1a_tencent-RewardSeen",3178570191
2134,"TencentTutorial-a5q1a_tencent-RewardTaken",3496906947
2135,"TencentTutorial-a6q2_tencent-RewardSeen",1170297560
2136,"TencentTutorial-a6q2_tencent-RewardTaken",1250798952
2137,"TencentTutorial-a7q2_tencent-RewardSeen",2880708784
2138,"TencentTutorial-a7q2_tencent-RewardTaken",3133186013
2139,"TencentTutorial-a8q1_tencent-RewardSeen",1462132341
2140,"TencentTutorial-a8q1_tencent-RewardTaken",1165281010
2141,"TencentTutorial-a10q1_tencent-RewardSeen",2013787205
2142,"TencentTutorial-a10q1_tencent-RewardTaken",2235982661
2143,"TencentTutorial-a10q3_tencent-RewardSeen",3922013346
2144,"TencentTutorial-a10q3_tencent-RewardTaken",2605540059
2145,"ArticleReadVeiledItems",1858296360
2146,"ArticleReadAtlasObjectives",4177651755
2147,"a1q4-QuestReward2Seen",896702627
2148,"a1q4-QuestReward2Taken",940030963
2149,"TaneOctaviusEncountered",4074839923
2150,"GrantAtlasUpgrade1",541854180
2151,"CadiroOnNiko",242873039
2152,"CadiroOnAlva",1751811273
2153,"CadiroOnEinhar",405199900
2154,"CadiroOnTane",769021485
2155,"GrantAtlasUpgrade2",2939877458
2156,"GrantAtlasUpgrade3",545778566
2157,"GrantAtlasUpgrade4",657830745
2158,"CadiroOnJun",3984854101
2159,"CadiroOnZana",3640259500
2160,"SanctumIntroNewHaveQuestTexts",4025744625
2161,"SanctumIntroNewHaveNonQuestTexts",103791799
2162,"AncestralTutorialFoundCoin",3237680786
2163,"AncestralTutorialVisitedHallsOfTheDead",275217140
2164,"AncestralTutorialTouchedWell",3147175745
2165,"AncestralTutorialTalkedToNavali",3763631419
2166,"AncestralTutorialStartedAMatch",3930725001
2167,"AncestralTutorialWonAMatch",3106708588
2168,"AncestralTutorialWonATournament",3713433950
2169,"AncestralNgamahuLikesPlayer",3768554653
2170,"AncestralTasalioLikesPlayer",1538042340
2171,"AncestralArohonguiLikesPlayer",3899511483
2172,"AncestralValakoLikesPlayer",2920126970
2173,"AncestralHinekoraLikesPlayer",891084562
2174,"AncestralTawhoaLikesPlayer",500602062
2175,"AncestralKitavaLikesPlayer",941123278
2176,"AncestralRamakoLikesPlayer",4285640894
2177,"AncestralTukohamaLikesPlayer",1884238408
2178,"AncestralRongokuraiLikesPlayer",2686544721
2179,"AncestralNgamahuPreviousFightWin",833121358
2180,"AncestralTasalioPreviousFightWin",638386621
2181,"AncestralArohonguiPreviousFightWin",2247844997
2182,"HarvestOshabiDefeated",3071322292
2183,"HarvestOshabiFight",1450106233
2184,"AncestralValakoPreviousFightWin",2336633604
2185,"AncestralHinekoraPreviousFightWin",80607312
2186,"HaveHeistTutorialContract",2177471573
2187,"HeistTrinketSlotUnlocked",1684461470
2188,"UsedHeistCoin",3252197559
2189,"HeistQuestActiveTutorial",1737105191
2190,"HeistQuestActiveKarst1",2339095137
2191,"HeistQuestActiveKarst2",3290143710
2192,"HeistQuestActiveKarst3",368245614
2193,"HeistQuestActiveTibbs1",3789037324
2194,"HeistQuestActiveTibbs2",1852745277
2195,"HeistQuestActiveHuck1",260824700
2196,"HeistQuestActiveHuck2",4168106051
2197,"HeistQuestActiveVinderi1",2575794579
2198,"HeistQuestActiveVinderi2",2434779350
2199,"HeistQuestActiveGianna1",2080899976
2200,"HeistQuestActiveGianna2",4083711106
2201,"HeistQuestActiveTullina1",2548005913
2202,"HeistQuestActiveTullina2",976761488
2203,"HeistQuestActiveNiles1",4018027922
2204,"HeistQuestActiveNiles2",1279050145
2205,"HeistQuestActiveNenet1",2408284575
2206,"HeistQuestActiveNenet2",1650474709
2207,"HeistQuestActiveIsla1",340952405
2208,"HeistQuestActiveIsla2",3274375936
2209,"HeistQuestActiveIsla3",3357209226
2210,"HeistQuestActiveAdiyah1",4083126793
2211,"HeistQuestActiveAdiyah2",797182213
2212,"HeistQuestActiveAdiyah3",742180924
2213,"HeistQuestActiveWhakano1",2141126464
2214,"HeistQuestActiveWhakano2",1755054236
2215,"HeistQuestActiveWhakano3",1786938172
2216,"HeistQuestActiveFaustus1",4000278860
2217,"HeistQuestActiveFaustus2",781579187
2218,"HeistQuestActiveFaustus3",60477913
2219,"HeistQuestActiveKurai1",622802152
2220,"HeistQuestActiveKurai2",747089538
2221,"HeistQuestActiveKurai3",2298659790
2222,"HeistQuestActiveKurai4",3167802135
2223,"HaveHeistContractQuestKarst1",2322314455
2224,"HaveHeistContractQuestKarst2",974382893
2225,"HaveHeistContractQuestKarst3",497003730
2226,"HaveHeistContractQuestTibbs1",2460198795
2227,"HaveHeistContractQuestTibbs2",3496205360
2228,"HaveHeistContractQuestHuck1",686542542
2229,"HaveHeistContractQuestHuck2",610848832
2230,"HaveHeistContractQuestVinderi1",4176492469
2231,"HaveHeistContractQuestVinderi2",691262869
2232,"HaveHeistContractQuestGianna1",3996224597
2233,"HaveHeistContractQuestGianna2",3888931691
2234,"HaveHeistContractQuestTullina1",1487532853
2235,"HaveHeistContractQuestTullina2",285886668
2236,"HaveHeistContractQuestNiles1",1952940553
2237,"HaveHeistContractQuestNiles2",382973846
2238,"HaveHeistContractQuestNenet1",3715381437
2239,"HaveHeistContractQuestNenet2",3367869390
2240,"HaveHeistContractQuestIsla1",4119381189
2241,"HaveHeistContractQuestIsla2",3799450050
2242,"HaveHeistContractQuestIsla3",3111370146
2243,"HaveHeistContractQuestAdiyah1",2490763016
2244,"HaveHeistContractQuestAdiyah2",2268583161
2245,"HaveHeistContractQuestAdiyah3",222628916
2246,"HaveHeistContractQuestWhakano1",962454742
2247,"HaveHeistContractQuestWhakano2",2591357600
2248,"HaveHeistContractQuestWhakano3",793187188
2249,"HaveHeistContractQuestFaustus1",2493528337
2250,"HaveHeistContractQuestFaustus2",1766370890
2251,"HaveHeistContractQuestFaustus3",838720762
2252,"HaveHeistContractQuestKurai1",3389319642
2253,"HaveHeistContractQuestKurai2",1989804555
2254,"HaveHeistContractQuestKurai3",865428699
2255,"HaveHeistContractQuestKurai4",4171719364
2256,"HeistHaveObjectiveKarst1",3027580224
2257,"HeistHaveObjectiveKarst2",3645773263
2258,"HeistHaveObjectiveKarst3",4198258588
2259,"HeistHaveObjectiveTibbs1",2254176776
2260,"HeistHaveObjectiveTibbs2",3675611153
2261,"HeistHaveObjectiveHuck1",2132240899
2262,"HeistHaveObjectiveHuck2",2420632841
2263,"HeistHaveObjectiveVinderi1",3911595916
2264,"HeistHaveObjectiveVinderi2",1760274551
2265,"HeistHaveObjectiveGianna1",1828122365
2266,"HeistHaveObjectiveGianna2",2802037503
2267,"HeistHaveObjectiveTullina1",578156606
2268,"HeistHaveObjectiveTullina2",301087402
2269,"HeistHaveObjectiveNiles1",143532103
2270,"HeistHaveObjectiveNiles2",634820656
2271,"HeistHaveObjectiveNenet1",2324745828
2272,"IsBossHeist",3048807060
2273,"HeistHaveObjectiveIsla1",3250359121
2274,"HeistHaveObjectiveIsla2",3176873367
2275,"GrandHeistComplete",3637473058
2276,"HeistHaveObjectiveAdiyah1",114127110
2277,"HeistHaveObjectiveAdiyah2",2561335406
2278,"InMapArea",22320255
2279,"HeistHaveObjectiveWhakano1",751527607
2280,"HeistHaveObjectiveWhakano2",1459225866
2281,"SeenMavenBoss",113969811
2282,"HeistHaveObjectiveFaustus1",1856024719
2283,"HeistHaveObjectiveFaustus2",3238066006
2284,"HaveMavenMapDeviceAlteration",2198106654
2285,"HeistHaveObjectiveKurai1",3276617193
2286,"HeistDarnawPapersPlanted",3188469895
2287,"HeistMissionAcquiredObjective",3134802752
2288,"HeistMissionSeenBoss",2860180200
2289,"HeistHaveObjectiveFaustus1B",3858482240
2290,"EndlessDelvePassiveRewards1",2970523304
2291,"EndlessDelvePassiveRewards2",1403740504
2292,"EndlessDelvePassiveRewards3",1899593140
2293,"EndlessDelvePassiveRewards4",1340488850
2294,"EndlessDelvePassiveRewards5",4077837065
2295,"EndlessDelvePassiveRewards6",2510955833
2296,"EndlessDelvePassiveRewards7",760694537
2297,"HaveMavenMapVoid1",268002039
2298,"HaveMavenMapVoid2",3918831594
2299,"HaveMavenMapVoid3",3311295037
2300,"HaveMavenMapVoid4",1195398845
2301,"HaveMavenMapAtlas1",978477556
2302,"HaveMavenMapAtlas2",3342898304
2303,"HaveMavenMapAtlas3",2737072804
2304,"HaveMavenMapAtlas4",1682159848
2305,"HelenaOnKitavaDefeat317Seen",1414539073
2306,"HelenaOnOriathsCurseSeen",3675574032
2307,"HelenaOnSirusSeen",1624253911
2308,"HelenaOnCitizenVanguardSeen",1472812559
2309,"HelenaOnMapDeviceSeen",3057632570
2310,"HelenaOnZanaCaeseriusSeen",736862160
2311,"HelenaOnVenariusSeen",3190167553
2312,"HelenaOnTheElderSeen",3829010193
2313,"HelenaOnTheFirstWarSeen",1993705546
2314,"HelenaOnTheConquerorsSeen",1414189112
2315,"HelenaOnThesePeopleSeen",3467146939
2316,"HelenaOnNewRoleSeen",3931963674
2317,"KiracOnTheMapDeviceSeen",2630733194
2318,"KiracOnZanaCaeseriusSeen",2436464432
2319,"KiracOnTheElderSeen",3777540948
2320,"KiracOnTheElderslayersSeen",1134031407
2321,"KiracOnTangleLureSeen",3952059236
2322,"KiracOnCleansingFireLureSeen",1783638223
2323,"KiracOnCleansingFireKey1Seen",2622079342
2324,"KiracOnCleansingFireKey2Seen",3127205469
2325,"KiracOnTangleKey1Seen",3212665465
2326,"KiracOnTangleKey2Seen",936103135
2327,"AncestralTawhoaPreviousFightWin",2043967971
2328,"AncestralKitavaPreviousFightWin",1243164771
2329,"AncestralRamakoPreviousFightWin",157245710
2330,"AncestralTukohamaPreviousFightWin",3729980098
2331,"AncestralRongokuraiPreviousFightWin",2421630900
2332,"AncestralNgamahuPreviousFightLost",2260678193
2333,"AtlasMavenVoidTemp",1800376909
2334,"AtlasMavenTemp",149598785
2335,"AncestralTasalioPreviousFightLost",1318464151
2336,"AncestralArohonguiPreviousFightLost",984796470
2337,"AncestralValakoPreviousFightLost",3552738950
2338,"AncestralHinekoraPreviousFightLost",1068734471
2339,"AncestralTawhoaPreviousFightLost",2967939286
2340,"AncestralKitavaPreviousFightLost",1327608012
2341,"AncestralRamakoPreviousFightLost",2405854309
2342,"MavenPortalsOpen",902478805
2343,"MavenMapDropped",3488289959
2344,"InMavenHubArea",2878882685
2345,"MavenFightStarted",3937547833
2346,"MavenFightComplete",3583583430
2347,"EndlessDelvePassiveRewardsStart",777011436
2348,"HaveMavenMapVoid5",250907643
2349,"HaveMavenMapAtlas5",1400243431
2350,"HaveMavenMapVoid6",2924658084
2351,"IsInParty",634773814
2352,"IsPartyLeader",1722462234
2353,"HarvestOshabiTransform",414231928
2354,"AncestralTukohamaPreviousFightLost",2558923719
2355,"AncestralRongokuraiPreviousFightLost",594116459
2356,"AncestralDroppedFreeSilverCoin",3222459413
2357,"MavenEnragedDefeated",822174344
2358,"RitualFound",3657952798
2359,"RitualRewardsSeen",2695747159
2360,"RitualFightComplete",634314290
2361,"RitualFightInProgress3",980445788
2362,"RitualFightInProgress2",575390364
2363,"RitualFightInProgress1",658101748
2364,"RitualCompleteAll",148188740
2365,"MavenFirstMapBossCapture",1399743332
2366,"MavenFirstInvitation",1782495595
2367,"MavenFirstVoidBossCapture",2897972433
2368,"DisableAreaTransitions",3170388464
2369,"RECLAIM_ME1",1235659244
2370,"RECLAIM_ME2",1102664235
2371,"HarvestTutorialSeedsHarvested",4010919646
2372,"RECLAIM_ME4",3718418958
2373,"HarvestTutorialOshabiIntroduced",104047955
2374,"HarvestTutorialEnteredSacredGrove",3968983161
2375,"HarvestTutorialPortalSeen",1649017148
2376,"TrialmasterTutorialSeen",2333904779
2377,"TrialmasterTutorialSpokenTo",2924509304
2378,"TrialmasterTutorialActivateTrial",3389984322
2379,"TrialmasterTutorialWonRoundOne",143014824
2380,"TrialmasterTutorialActivateTrialTwo",2965276612
2381,"TrialmasterTutorialWonRoundTwo",1159954807
2382,"TrialmasterTutorialActivateTrialThree",1551621999
2383,"TrialmasterTutorialFailed",1830789402
2384,"TrialmasterDefeatedInCombat",2391504885
2385,"Visited-DoryaniMachinarium",4215231900
2386,"KilledMatriarchOriathSquare",431996548
2387,"a5q4-SeenInnocence",1067120157
2388,"KilledCatoTorchedCourts",3460851004
2389,"a5ApproachLilly",1459454935
2390,"MetSinA6",650681681
2391,"ReadLeatherboundLogbook",630547545
2392,"Met-SinBrineKing",1071658700
2393,"A7ApproachEramir",3952418756
2394,"Met-SinRalakesh",1640492504
2395,"Met-SinTukohama",1238654734
2396,"Met-SinGruthkul",2200569498
2397,"Visited-7_12_2",3373629268
2398,"Met-SinArakaali",2011944286
2399,"Met-SinYugul",345913679
2400,"Met-SinSolarisLunaris",2789035206
2401,"Met-SinShakari",3444709595
2402,"Met-SinGarukhan",4022827692
2403,"Met-EpilogueSinInnocence",3713314523
2404,"ExpeditionTutorialPrimed",3228573539
2405,"ExpeditionTutorialDetonated",291290979
2406,"ExpeditionEncounterComplete",1102910664
2407,"Met-Gwennen",3404634984
2408,"Met-Tujen",1046433899
2409,"Met-Rog",1731952672
2410,"Met-Dannig",77522097
2411,"ExpeditionTutorialCongrats",799130407
2412,"DannigIntroductionSeen",785976048
2413,"DannigExplainsExchangingAlternateSeen",126980428
2414,"DannigGossipOriginSeen",94542540
2415,"DannigGossipRunesSeen",58659157
2416,"DannigGossipTriskelionFlameSeen",1277683194
2417,"DannigGossipGemsSeen",2622925675
2418,"DannigGossipGodsSeen",987156376
2419,"DannigGossipTheKingSeen",1853043175
2420,"DannigSagaBeforeArrivalSeen",1091935637
2421,"DannigSagaTheJourneyISeen",1893353397
2422,"DannigSagaTheJourneyIISeen",1339992587
2423,"DannigSagaArrivalISeen",217344110
2424,"DannigSagaArrivalIISeen",386851634
2425,"DannigSagaArrivalIIISeen",2035581233
2426,"DannigSagaArrivalIVSeen",1868360114
2427,"DannigSagaArrivalVSeen",1812441711
2428,"DannigSagaColonisationISeen",3976941411
2429,"DannigSagaColonisationIISeen",460723672
2430,"DannigSagaColonisationIIISeen",1481997286
2431,"DannigSagaColonisationIVSeen",1045380080
2432,"DannigSagaDarknessDescendsISeen",779348268
2433,"DannigSagaDarknessDescendsIISeen",3575927552
2434,"DannigSagaDarknessDescendsIIISeen",2559929793
2435,"DannigSagaDarknessDescendsIVSeen",1639396978
2436,"DannigSagaDarknessDescendsVSeen",2247219609
2437,"DannigSagaOlrothsJournalISeen",1507068045
2438,"DannigSagaOlrothsJournalIISeen",3387494730
2439,"DannigSagaOlrothsJournalIIISeen",1788025421
2440,"DannigSagaOlrothsJournalIVSeen",200735733
2441,"DannigSagaOlrothsJournalVSeen",1670970924
2442,"DannigSagaTheBrokenCircleISeen",2115859019
2443,"DannigSagaTheBrokenCircleIISeen",486595990
2444,"DannigSagaTheBrokenCircleIIISeen",3530030461
2445,"DannigSagaTheBrokenCircleIVSeen",966613242
2446,"DannigSagaThePriesthoodISeen",2752909
2447,"DannigSagaThePriesthoodIISeen",3428499124
2448,"DannigSagaThePriesthoodIIISeen",3052255584
2449,"DannigSagaThePriesthoodIVSeen",330564204
2450,"DannigSagaTheLastToFallISeen",851921478
2451,"DannigSagaTheLastToFallIISeen",3295464747
2452,"DannigSagaTheLastToFallIIISeen",1871074878
2453,"DannigSagaTheLastToFallIVSeen",3403318155
2454,"DannigSagaTheLastToFallVSeen",4049775315
2455,"OlrothDefeated",2082732983
2456,"VoranaDefeated",2229888214
2457,"UhtredDefeated",1144837167
2458,"MedvedDefeated",3275804170
2459,"GwennenGossipTujenSeen",4258256278
2460,"GwennenGossipRogSeen",3145472351
2461,"GwennenGossipDannigSeen",2252652350
2462,"GwennenGossipLuckOneSeen",3012804229
2463,"GwennenGossipFailedRebellionSeen",3578749953
2464,"GwennenGossipTheKingSeen",905065077
2465,"GwennenGossipGodsSeen",2433935192
2466,"GwennenGossipDruidsOfTheBrokenCircleSeen",1603370062
2467,"GwennenGossipMedvedSeen",3411045091
2468,"GwennenGossipMedvedStoryFoundSeen",1645916688
2469,"GwennenGossipMedvedDefeatedStoryNotCompleteSeen",3084775257
2470,"GwennenGossipMedvedDefeatedStoryCompleteSeen",2468166852
2471,"ExpeditionTutorialRemnantExplosivePlaced",39457876
2472,"ExpeditionTutorialRemnantExploded",2217667824
2473,"ExpeditionEncounterComplete2",3764739903
2474,"ExpeditionTutorialCongrats2",3172892870
2475,"TujenIntroductionSeen",4108939360
2476,"TujenGossipRogSeen",1595680976
2477,"TujenGossipGwennenSeen",2837764845
2478,"TujenGossipDannigSeen",2298696303
2479,"TujenGossipTheKalguurSeen",1935439805
2480,"TujenGossipTheKingOneSeen",2314230602
2481,"TujenGossipTheKingTwoSeen",2883104060
2482,"TujenGossipTheKingThreeSeen",1632795696
2483,"TujenGossipBlackScytheMercenariesSeen",141720700
2484,"TujenGossipVoranaSeen",1239221636
2485,"TujenGossipVoranaStoryFoundSeen",3598255008
2486,"TujenGossipVoranaDefeatedStoryNotCompleteSeen",2683006703
2487,"TujenGossipVoranaDefeatedStoryCompleteSeen",3419723034
2488,"TujenGossipVoranaAndUhtredDefeatedStoryCompleteSeen",3619652409
2489,"ExpeditionTutorialCompletedInThisArea",2776276689
2490,"RogIntroductionSeen",1645553561
2491,"RogGossipTheOrderOfTheChaliceSeen",2790774035
2492,"RogGossipUhtredSeen",2135686333
2493,"RogGossipUhtredAndStorySeen",3962217131
2494,"RogGossipUhtredDefeatedStoryIncompleteSeen",4193713872
2495,"RogGossipUhtredDefeatedStoryCompleteSeen",4228746122
2496,"RogGossipOlrothAndUhtredDefeatedStoryCompleteSeen",1107958531
2497,"RogGossipTujenSeen",787595388
2498,"RogGossipGwennenSeen",2756258764
2499,"RogGossipDannigSeen",4191899530
2500,"RogGossipTheKingSeen",555185759
2501,"SagaBeforeArrivalFound",4046389639
2502,"SagaTheJourneyIFound",2287050726
2503,"SagaTheJourneyIIFound",2459604150
2504,"SagaArrivalIFound",3564421288
2505,"SagaArrivalIIFound",1180780596
2506,"SagaArrivalIIIFound",2364413604
2507,"SagaArrivalIVFound",123087522
2508,"SagaArrivalVFound",1669608280
2509,"SagaColonisationIFound",309755803
2510,"SagaColonisationIIFound",1908513072
2511,"SagaColonisationIIIFound",4013089314
2512,"SagaColonisationIVFound",4148759346
2513,"SagaDarknessDescendsIFound",4224673240
2514,"SagaDarknessDescendsIIFound",1433420453
2515,"SagaDarknessDescendsIIIFound",3183434444
2516,"SagaDarknessDescendsIVFound",562871726
2517,"SagaDarknessDescendsVFound",2423265308
2518,"SagaOlrothsJournalIFound",2413936116
2519,"SagaOlrothsJournalIIFound",2811814411
2520,"SagaOlrothsJournalIIIFound",2767708830
2521,"SagaOlrothsJournalIVFound",2383808280
2522,"SagaOlrothsJournalVFound",1003898216
2523,"SagaTheBrokenCircleIFound",323812093
2524,"SagaTheBrokenCircleIIFound",3602233521
2525,"SagaTheBrokenCircleIIIFound",1136340794
2526,"SagaTheBrokenCircleIVFound",2903768275
2527,"SagaThePriesthoodIFound",1162942250
2528,"SagaThePriesthoodIIFound",3288562470
2529,"SagaThePriesthoodIIIFound",4171495576
2530,"SagaThePriesthoodIVFound",1189276973
2531,"SagaTheLastToFallIFound",974541896
2532,"SagaTheLastToFallIIFound",634692489
2533,"SagaTheLastToFallIIIFound",1719757476
2534,"SagaTheLastToFallIVFound",370651496
2535,"SagaTheLastToFallVFound",1015147915
2536,"ExpeditionNearAncientLore",544199473
2537,"Met-SinAbberath",2588527818
2538,"Met-SinRyslatha",2088890032
2539,"DannigOlrothDefeatedGossipSeen",1671177896
2540,"TriskelionFlameSeen",951341258
2541,"OlrothAwoken",661791026
2542,"ExpeditionPickedUpAncientLore",1513270090
2543,"GwennenIntroductionSeen",143162556
2544,"TencentTutorial-a1q2c-RewardSeen",1817187208
2545,"TencentTutorial-a1q2c-RewardTaken",3557305248
2546,"TencentTutorial-a1q2d-RewardSeen",41158923
2547,"TencentTutorial-a1q2d-RewardTaken",914995736
2548,"TencentTutorial-a2q9b_tencent-RewardSeen",488621669
2549,"TencentTutorial-a2q9b_tencent-RewardTaken",2624706370
2550,"TencentTutorial-a2q9c_tencent-RewardSeen",146812791
2551,"TencentTutorial-a2q9c_tencent-RewardTaken",1903445663
2552,"TencentTutorial-a2q9d_tencent-RewardSeen",2949899047
2553,"TencentTutorial-a2q9d_tencent-RewardTaken",1916947446
2554,"TencentTutorial-a4q6b_tencent-RewardSeen",121543607
2555,"TencentTutorial-a4q6b_tencent-RewardTaken",3978251215
2556,"TencentTutorial-a4q6c_tencent-RewardSeen",1176227048
2557,"TencentTutorial-a4q6c_tencent-RewardTaken",2793518096
2558,"TencentTutorial-a4q6d_tencent-RewardSeen",1327576491
2559,"TencentTutorial-a4q6d_tencent-RewardTaken",906573906
2560,"TencentTutorial-a4q6e_tencent-RewardSeen",664279067
2561,"TencentTutorial-a4q6e_tencent-RewardTaken",779139425
2562,"TencentTutorial-a4q6f_tencent-RewardSeen",1522175863
2563,"TencentTutorial-a4q6f_tencent-RewardTaken",4121002354
2564,"NormalLabyrinthCompletedPrison",1709621750
2565,"NormalLabyrinthCompletedSins",2079457504
2566,"NormalLabyrinthCompletedCrypt",1423974182
2567,"NormalLabyrinthCompletedCrematorium",1077416513
2568,"NormalLabyrinthCompletedHedgeMaze",1123527529
2569,"NormalLabyrinthCompletedCatacombs",2763079701
2570,"CruelLabyrinthCompletedPrison",3465898027
2571,"CruelLabyrinthCompletedSins",709934113
2572,"CruelLabyrinthCompletedCrypt",1867390774
2573,"MercilessLabyrinthCompletedBathHouse",596167436
2574,"MercilessLabyrinthCompletedTunnel",2795012094
2575,"MercilessLabyrinthCompletedOssuary",3367725755
2576,"MapLabyrinthCompletedPrison",2534085433
2577,"MapLabyrinthCompletedSins",4148865218
2578,"MapLabyrinthCompletedCrypt",2082599883
2579,"MapLabyrinthCompletedCrematorium",1404097915
2580,"MapLabyrinthCompletedHedgeMaze",497895177
2581,"MapLabyrinthCompletedCatacombs",114830901
2582,"MapDeviceActive",2663826881
2583,"HellscapeLeagueItemHeld",4241062006
2584,"HellscapeUpgradeItemHeld",2961427093
2585,"HellscapeNPCIntro",720207370
2586,"HellscapeLeagueItemSeen",3843884151
2587,"HellscapeUpgradeItemFound",2544540044
2588,"HellscapeNPCSeen",2133670537
2589,"HellscapeTimeshiftReady",486753761
2590,"HellscapeTimeshifted",3482248121
2591,"HellscapeItemSocketed",2301531446
2592,"HellscapeItemCharged",3067515427
2593,"CanEditHideout",3456533462
2594,"HellscapeUpgradeItem2Held",4087593205
2595,"HellscapeNPCDemonFactionSeen",1415106456
2596,"HellscapeNPCFleshFactionSeen",2990887216
2597,"HellscapeNPCPaleFactionSeen",549183301
2598,"HellscapeNPCBloodCrucibleGossipSeen",1691787555
2599,"HellscapeNPCChaosSeen",2695051440
2600,"HellscapeNPCOtherWraeclastsSeen",3112181989
2601,"HellscapeUpgradeItem2Found",2616668267
2602,"HellscapeNPCMoreInformationSeen",3910641759
2603,"EndlessHeistPassiveRewardsStart",3502225584
2604,"EndlessHeistPassiveRewards1",2108157126
2605,"EndlessHeistPassiveRewards2",3325632433
2606,"EndlessHeistPassiveRewards3",1775610802
2607,"EndlessHeistPassiveRewards4",2232425266
2608,"EndlessHeistPassiveRewards5",499690425
2609,"EndlessHeistPassiveRewards6",3471520053
2610,"EndlessHeistPassiveRewards7",2719268755
2611,"CleansingBossDefeated",3759702397
2612,"ConsumeBossDefeated",3756970490
2613,"ArchnemesisBossKillEventComplete",4223626212
2614,"SentinelUnlockedDrone1",1028953651
2615,"SentinelUnlockedDrone2",3315143108
2616,"SentinelUnlockedDrone3",380262128
2617,"UberUberBossKillEventComplete",303937592
2618,"UberEaterDefeated",3968400939
2619,"UberExarchDefeated",4041990884
2620,"UberMavenDefeated",3426440314
2621,"UberSirusDefeated",3043623766
2622,"UberVenariusDefeated",3433324709
2623,"UberUberElderDefeated",994151377
2624,"UberShaperDefeated",3128925462
2625,"MapDeviceCurrentlyInteractedWith",3888321588
2626,"IsLakeOwner",2164820492
2627,"ReadKalandraGlyph01",1293613740
2628,"ReadKalandraGlyph02",2164743020
2629,"ReadKalandraGlyph03",2680586919
2630,"ReadKalandraGlyph04",4129501941
2631,"ReadKalandraGlyph05",4248922361
2632,"ReadKalandraGlyph06",1953325979
2633,"ReadKalandraGlyph07",460817127
2634,"KiracOnGroupsOfRogueExilesSeen",1893708643
2635,"KiracOnPantheonShrinesSeen",455851216
2636,"KiracOnEssencesContainingMultipleMonstersSeen",1691308521
2637,"KiracOnManyHarbingerPortalsSeen",2770947849
2638,"KiracOnHarbingerDreamSeen",931344154
2639,"KiracOnTormentedSpiritsSeen",2127441210
2640,"KiracOnAlvaSeen",45902637
2641,"KiracOnTaneSeen",257339656
2642,"KalandraReachedLakeDepth4",3288515009
2643,"KalandraReachedLakeDepth8",3631806268
2644,"KalandraReachedLakeDepth12",1645801571
2645,"KalandraFirstEncounter",2801495076
2646,"KalandraFirstFullCompletion",3205569980
2647,"SanctumOwner",3334299501
2648,"Sanctum-ExploreEntered",3906588808
2649,"Sanctum-ExploreCompleted",1597948675
2650,"Sanctum-PuzzleEntered",4126685758
2651,"Sanctum-PuzzleCompleted",566312397
2652,"Sanctum-KillMonstersEntered",4172923019
2653,"Sanctum-KillMonstersCompleted",365796104
2654,"Sanctum-KillBossEntered",481026962
2655,"Sanctum-KillBossCompleted",1204682909
2656,"SanctumIntroAtFellshrineRuins",1663383289
2657,"Sanctum-KillFloorBossEntered",1264142325
2658,"Sanctum-KillFloorBossCompleted",610342768
2659,"SanctumInProgress",2359892690
2660,"ReadLyciaGlyph01",911752015
2661,"ReadLyciaGlyph02",1257562887
2662,"ReadLyciaGlyph03",2240053767
2663,"ReadLyciaGlyph04",2829957792
2664,"ReadLyciaGlyph05",2741003396
2665,"ReadLyciaGlyph06",3819143691
2666,"ReadLyciaGlyph07",1558362416
2667,"ReadLyciaGlyph08",1172683467
2668,"ReadLyciaGlyph09",2098236297
2669,"DiviniaProximityTownA7",1321002328
2670,"SanctumLyciaRewardUnlock",2806926900
2671,"ThreeLevel90PlayersInInstance",3173290169
2672,"UsedPortalNearBoss",1389513771
2673,"CleansingBossAndConsumeBossDefeated",199718704
2674,"DefeatedBoss",2901910369
2675,"ThisIsMyHallsOfTheDead",3469641853
2676,"AncestralTrialShopsAvailable",1213754221
2677,"AncestralPlayerWonLastTournament",2716164581
2678,"AncestralPlayerLostLastTournament",284937223
2679,"AncestralPlayerWonLastMatch",3205688377
2680,"AncestralPlayerLostLastMatch",130821471
2681,"AncestralNavaliOnDeath",3203818297
2682,"AncestralNavaliOnHallsOfTheDead",1043106082
2683,"AncestralHasLostAMatch",110106589
2684,"AncestralHasActivatedAFieldItem",957853858
2685,"AncestralHasCompletedAMatchWithEquipment",1802353720
2686,"AncestralHasDied",3903018911
2687,"AncestralTutorialSelectedOpponent",2485125625
2688,"KahuturoaPlayerWonVsIkiaho",1289346368
2689,"KahuturoaPlayerLostVsIkiaho",286530429
2690,"KahuturoaPlayerWonVsKiloava",1546366650
2691,"KahuturoaPlayerLostVsKiloava",792071986
2692,"KahuturoaPlayerWonVsMaata",2223466204
2693,"KahuturoaPlayerLostVsMaata",388525287
2694,"KahuturoaPlayerWonVsRakiata",368822571
2695,"KahuturoaPlayerLostVsRakiata",2519274070
2696,"KahuturoaPlayerWonVsAhuana",1294998184
2697,"KahuturoaPlayerLostVsAhuana",1825229428
2698,"KahuturoaPlayerWonVsKaom",698282706
2699,"KahuturoaPlayerLostVsKaom",2635750319
2700,"KahuturoaPlayerWonVsUtula",2828708554
2701,"KahuturoaPlayerLostVsUtula",3728558253
2702,"KahuturoaPlayerWonAgainstThem",1398542402
2703,"KahuturoaPlayerLostAgainstThem2",1829807220
2704,"KahuturoaPlayerWonNeutral",2229429139
2705,"KahuturoaPlayerLostNeutral",1576531846
2706,"KahuGossipOnRongokurai",2305762994
2707,"KahuGossipOnRamako",3928694269
2708,"KahuGossipOnTheHallsOfTheDead",1946793946
2709,"KahuGossipOnIkiaho",2600937216
2710,"KahuGossipOnKaom",3718394775
2711,"KahuGossipOnUtula",318295247
2712,"KahuGossipOnTheEndOfTime",3893027233
2713,"KahuGossipOnKitavasDefeat",1107121289
2714,"KahuGossipOnNgamakanui",3359980565
2715,"KahuGossipOnTheVaal",2267219718
2716,"KahuGossipOnTheEternalEmpire",3223580107
2717,"KahuGossipOnOriathsDestruction",38208367
2718,"KahuGossipOnTheVastiriDesert",170049954
2719,"KahuGossipOnTheEzomytes",2853249719
2720,"KahuGossipOnTheCaaltu",2647421594
2721,"KahuGossipOnDeath",3908627687
2722,"Met-UtulaBackroom",344234520
2723,"Met-KaomBackroom",3594344075
2724,"Met-IkiahoBackroom",58501643
2725,"HinekoraTalkOne",1390567761
2726,"HinekoraTalkTwo",3193175264
2727,"HinekoraTalkThree",3817540988
2728,"HinekoraTalkFour",4121286313
2729,"HinekoraTalkFive",3435463904
2730,"HinekoraTalkSix",2967349529
2731,"HinekoraTalkSeven",2293188436
2732,"HinekoraTalkEight",1343316862
2733,"HinekoraTalkNine",1999538452
2734,"HinekoraTalkTen",1372445739
2735,"HinekoraTalkEleven",411214078
2736,"HinekoraTalkTwelve",2738208872
2737,"HinekoraTalkThirteen",2440260225
2738,"HinekoraTalkFourteen",174395819
2739,"HinekoraRandomProphecy",1490641386
2740,"AkoyaPlayerWonVsRakiata",1679822360
2741,"AkoyaPlayerLostVsRakiata",3286766627
2742,"AkoyaPlayerWonVsAhuana",811355793
2743,"AkoyaPlayerLostVsAhuana",1902142967
2744,"AkoyaPlayerWonVsKaom",1044948789
2745,"AkoyaPlayerLostVsKaom",1952385206
2746,"AkoyaPlayerWonVsUtula",1782656459
2747,"AkoyaPlayerLostVsUtula",2302673445
2748,"AkoyaPlayerWonVsTawhanuku",1565252430
2749,"AkoyaPlayerLostVsTawhanuku",676180702
2750,"AkoyaPlayerWonNeutral",2507348265
2751,"AkoyaPlayerLostNeutral",4241579435
2752,"AkoyaGossipTukohamaPreDefeat",4125050688
2753,"AkoyaGossipTukohamaPostDefeat",3071806122
2754,"AkoyaGossipNgakuramakoi",1099641047
2755,"AkoyaGossipNgamahu",64504624
2756,"AkoyaGossipTawhanuku",2488784639
2757,"AkoyaGossipDeath",1502498436
2758,"AkoyaGossipUtula",4041532507
2759,"AkoyaGossipAhuana",2597967235
2760,"AkoyaGossipKiloava",2829221736
2761,"AkoyaGossipTheEndOfTime",1538776246
2762,"AkoyaGossipTheReturnOfTheGods",1640619324
2763,"Met-TawhanukuBackroom",125337108
2764,"Met-AhuanaBackroom",3862930719
2765,"Met-AkoyaBackroom",734990355
2766,"Met-KahuturoaBackroom",3008982036
2767,"Met-KiloavaBackroom",3079236258
2768,"Met-RakiataBackroom",1375556508
2769,"Met-MaataBackroom",4285948746
2770,"EnteredDomainOfTimelessConflict",2805844646
2771,"AkoyaPlayerWonAgainstThem",2556605116
2772,"AkoyaPlayerLostAgainstThem",2967831104
2773,"AhuanaPlayerWonVsIkiaho",1785836396
2774,"AhuanaPlayerLostVsIkiaho",423965667
2775,"AhuanaPlayerWonVsKiloava",443743436
2776,"AhuanaPlayerLostVsKiloava",1232608464
2777,"AhuanaPlayerWonVsMaata",4464011
2778,"AhuanaPlayerLostVsMaata",2804124464
2779,"AhuanaPlayerWonVsRakiata",2735799261
2780,"AhuanaPlayerLostVsRakiata",3336821222
2781,"AhuanaPlayerWonVsKaom",3841287603
2782,"AhuanaPlayerLostVsKaom",4024424771
2783,"AhuanaPlayerWonVsUtula",4154722907
2784,"AhuanaPlayerLostVsUtula",546630074
2785,"AhuanaPlayerWonVsKahuturoa",311054231
2786,"AhuanaPlayerWonVsKahuturoaCopy",3265957163
2787,"AhuanaPlayerWonVsTawhanuku",2744017037
2788,"AhuanaPlayerLostVsTawhanuku",2589872754
2789,"AhuanaPlayerWonAgainstThem",1446328407
2790,"AhuanaPlayerLostAgainstThem",121966387
2791,"AhuanaPlayerWonNeutral",2754632587
2792,"AhuanaPlayerLostNeutral",2677220093
2793,"AhuanaGossipTavukai",1989997869
2794,"AhuanaGossipHyrri",1698161205
2795,"AhuanaGossipCataclysm",230687575
2796,"AhuanaGossipBeingQueen",549042784
2797,"AhuanaGossipVictario",611195116
2798,"AhuanaGossipHyrriSoul",1031241431
2799,"AhuanaGossipDeath",4094520851
2800,"AhuanaGossipTheEndOfTime",1132155252
2801,"AhuanaGossipRamako",3921057654
2802,"AhuanaGossipRongokurai",1907247706
2803,"AhuanaGossipLaniHua",1401448166
2804,"UtulaPlayerWonVsIkiaho",3763990188
2805,"UtulaPlayerLostVsIkiaho",356582260
2806,"UtulaPlayerWonVsKiloava",721934928
2807,"UtulaPlayerLostVsKiloava",2571565896
2808,"UtulaPlayerWonVsMaata",170366252
2809,"UtulaPlayerLostVsMaata",724417086
2810,"UtulaPlayerWonVsRakiata",3036339612
2811,"UtulaPlayerLostVsRakiata",3936849621
2812,"UtulaPlayerWonVsAhuana",507453000
2813,"UtulaPlayerLostVsAhuana",907295050
2814,"UtulaPlayerWonVsKaom",2186121932
2815,"UtulaPlayerLostVsKaom",2905913904
2816,"UtulaPlayerWonAgainstThem",2866248230
2817,"UtulaPlayerLostAgainstThem",1060405858
2818,"UtulaPlayerWonVsKahuturoa",3838169302
2819,"UtulaPlayerWonVsKahuturoaCopy",2891690585
2820,"UtulaPlayerWonVsAkoya",1578916786
2821,"UtulaPlayerLostVsAkoya",1818862993
2822,"UtulaPlayerWonVsTawhanuku",2820175962
2823,"UtulaPlayerLostVsTawhanuku",4285549295
2824,"UtulaPlayerWonNeutral",4005488682
2825,"UtulaPlayerLostNeutral",1874267793
2826,"UtulaGossipOnYou",668984484
2827,"UtulaGossipOnKitavasDefeat",3488714598
2828,"UtulaGossipOnTheHallsOfTheDead",2264544906
2829,"UtulaGossipOnHinekora",2936363254
2830,"UtulaGossipOnRakiata",1054265918
2831,"UtulaGossipOnTheEndOfTime",184508768
2832,"UtulaGossipOnTheKaruiWay",494422337
2833,"MaataPlayerWonAgainstThem",1603199758
2834,"MaataPlayerLostAgainstThem",1505287761
2835,"MaataPlayerWonVsUtula",738195818
2836,"MaataPlayerLostVsUtula",1841595446
2837,"MaataPlayerWonVsAkoya",3552140508
2838,"MaataPlayerLostVsAkoya",1468082064
2839,"MaataPlayerWonNeutral",2007820165
2840,"MaataPlayerLostNeutral",131232043
2841,"MaataGossipTawhoa",22367026
2842,"MaataGossipHisRole",918263711
2843,"MaataGossipTheVaal",3196145882
2844,"MaataGossipInnerPeace",3365048765
2845,"MaataGossipUtula",3331448848
2846,"MaataGossipKaom",137238220
2847,"MaataGossipLessons",3400568429
2848,"MaataGossipTheEndOfTime",184005072
2849,"MattaGossipInterconnectedness",1360327090
2850,"MaataGossipTheHallsOfTheDead",2080584099
2851,"MaataOnTheCaaltu",3734058622
2852,"MaataOnKahuturoa",2471791957
2853,"MaataOnDeath",3621511250
2854,"TawhanukuPlayerWonVsIkiaho",3187412780
2855,"TawhanukuPlayerLostVsIkiaho",2989602716
2856,"TawhanukuPlayerWonVsKiloava",55816989
2857,"TawhanukuPlayerLostVsKiloava",2213310511
2858,"TawhanukuPlayerWonVsAhuana",3155268009
2859,"TawhanukuPlayerLostVsAhuana",1962291084
2860,"TawhanukuPlayerWonVsKaom",4189078579
2861,"TawhanukuPlayerLostVsKaom",3847260429
2862,"TawhanukuPlayerWonVsUtula",1104324305
2863,"TawhanukuPlayerLostVsUtula",2886960264
2864,"TawhanukuPlayerWonAgainstThem",3923348572
2865,"TawhanukuPlayerLostAgainstThem",2704792183
2866,"TawhanukuPlayerWonNeutral",3434745487
2867,"TawhanukuPlayerLostNeutral",1078146182
2868,"TawhanukuGossipOnDeath",572333355
2869,"TawhanukuGossipOnTheEndOfTime",3199585512
2870,"TawhanukuGossipOnAhuana",3844144431
2871,"TawhanukuGossipOnAkoya",2943558864
2872,"TawhanukuGossipOnIkiaho",2474914775
2873,"TawhanukuGossipOnKahuturoa",2214596100
2874,"TawhanukuGossipOnKaom",2371049080
2875,"TawhanukuGossipOnKiloava",2406173894
2876,"TawhanukuGossipOnMaata",1894861598
2877,"TawhanukuGossipOnRakiata",2299607170
2878,"TawhanukuGossipOnTawhanuku",1108455618
2879,"TawhanukuGossipOnUtula",2984295713
2880,"KiloavaPlayerWonVsIkiaho",1120725651
2881,"KiloavaPlayerLostVsIkiaho",2104465071
2882,"KiloavaPlayerWonAgainstThem",2647248879
2883,"KiloavaPlayerLostAgainstThem",920904813
2884,"KiloavaPlayerWonVsMaata",1857594608
2885,"KiloavaPlayerLostVsMaata",3074150407
2886,"KiloavaPlayerWonVsAhuana",1036666680
2887,"KiloavaPlayerLostVsAhuana",2537900833
2888,"KiloavaPlayerWonVsKaom",653206760
2889,"KiloavaPlayerLostVsKaom",918294076
2890,"KiloavaPlayerWonVsAkoya",2662835133
2891,"KiloavaPlayerLostVsAkoya",1292381165
2892,"KiloavaPlayerWonNeutral",2667911091
2893,"KiloavaPlayerLostNeutral",1304057974
2894,"KiloavaGossipOnKaom",2560794698
2895,"KiloavaGossipOnValako",3771106807
2896,"KiloavaGossipOnSouls",1396064378
2897,"KiloavaGossipOnHeraldOfWar",4221912886
2898,"KiloavaGossipOnTribes",4187689978
2899,"KiloavaGossipOnTawhanuku",3411919704
2900,"KiloavaGossipOnUtula",814075744
2901,"KiloavaGossipOnMaata",4122321175
2902,"KiloavaGossipOnBloodline",4140890703
2903,"KiloavaGossipOnTheEndOfTime",1271790394
2904,"KiloavaGossipOnIkiaho",3699433527
2905,"IkiahoPlayerWonAgainstThem",1553137749
2906,"IkiahoPlayerLostAgainstThem",367979581
2907,"IkiahoPlayerWonVsKiloava",2092257572
2908,"IkiahoPlayerLostVsKiloava",2699408570
2909,"IkiahoPlayerWonVsRakiata",415763339
2910,"IkiahoPlayerLostVsRakiata",3840889675
2911,"IkiahoPlayerWonVsAhuana",3233178324
2912,"IkiahoPlayerLostVsAhuana",3293905721
2913,"IkiahoPlayerWonVsKaom",2975848196
2914,"IkiahoPlayerLostVsKaom",3844929645
2915,"IkiahoPlayerWonVsUtula",2625674154
2916,"IkiahoPlayerLostVsUtula",1058445315
2917,"IkiahoPlayerWonVsKahuturoa",2087220042
2918,"IkiahoPlayerWonVsKahuturoaCopy",3263659331
2919,"IkiahoPlayerWonVsTawhanuku",1165772911
2920,"IkiahoPlayerLostVsTawhanuku",2883565009
2921,"IkiahoPlayerWonNeutral",3232861519
2922,"IkiahoPlayerLostNeutral",355103478
2923,"IkiahoGossipArohongui",693414653
2924,"IkiahoGossipTheDeceiver",1125044952
2925,"IkiahoGossipLaniHua",2329817510
2926,"IkiahoGossipRamako",1804148358
2927,"IkiahoGossipTraditions",480314863
2928,"IkiahoGossipRakiata",225966669
2929,"IkiahoGossipTheEndOfTime",1369839691
2930,"IkiahoGossipKnowledge",1361124040
2931,"RakiataPlayerWonVsKiloava",3438996921
2932,"RakiataPlayerLostVsKiloava",1318771206
2933,"RakiataPlayerWonVsMaata",2818941882
2934,"RakiataPlayerLostVsMaata",2141412633
2935,"RakiataPlayerWonAgainstThem",1603760361
2936,"RakiataPlayerLostAgainstThem",1507210390
2937,"RakiataPlayerWonVsAhuana",2786037388
2938,"RakiataPlayerLostVsAhuana",3635388813
2939,"RakiataPlayerWonVsKaom",2202098698
2940,"RakiataPlayerLostVsKaom",3889923241
2941,"RakiataPlayerWonVsUtula",4211099992
2942,"RakiataPlayerLostVsUtula",4501415
2943,"RakiataPlayerWonVsAkoya",1889968889
2944,"RakiataPlayerLostVsAkoya",1488706536
2945,"RakiataPlayerWonVsTawhanuku",1495312250
2946,"RakiataPlayerLostVsTawhanuku",1298112674
2947,"RakiataPlayerWonNeutral",3814839206
2948,"RakiataPlayerLostNeutral",1356611241
2949,"RakiataGossipFirstBattle",4220884161
2950,"RakiataGossipTheWay",511102107
2951,"RakiataGossipTasalio",1183040599
2952,"RakiataGossipIkiaho",3907742043
2953,"RakiataGossipSneakOut",987623663
2954,"RakiataGossipTheEndOfTime",170612706
2955,"RakiataGossipTheFlow",4220288484
2956,"KaomPlayerWonVsIkiaho",2368806496
2957,"KaomPlayerLostVsIkiaho",1309808748
2958,"KaomPlayerWonVsKiloava",521098225
2959,"KaomPlayerLostVsKiloava",2629390286
2960,"KaomPlayerWonVsMaata",3567150133
2961,"KaomPlayerLostVsMaata",4213654307
2962,"KaomPlayerWonVsRakiata",1821496085
2963,"KaomPlayerLostVsRakiata",3552929430
2964,"KaomPlayerWonVsAhuana",2585332935
2965,"KaomPlayerLostVsAhuana",1080500684
2966,"KaomPlayerWonAgainstThem",378805121
2967,"KaomPlayerLostAgainstThem",3035066172
2968,"KaomPlayerWonVsUtula",2818678277
2969,"KaomPlayerLostVsUtula",2103721350
2970,"KaomPlayerWonVsKahuturoa",614376857
2971,"KaomPlayerWonVsKahuturoaCopy",616383035
2972,"KaomPlayerWonVsAkoya",1855178283
2973,"KaomPlayerLostVsAkoya",1708522306
2974,"KaomPlayerWonVsTawhanuku",526456405
2975,"KaomPlayerLostVsTawhanuku",2923332985
2976,"KaomPlayerWonNeutral",905557104
2977,"KaomPlayerLostNeutral",1531225353
2978,"KaomGossipOnTrappedInADream",1061029770
2979,"KaomGossipOnTukohamasDefeat",4012710513
2980,"KaomGossipOnKitavasDefeat",3466095691
2981,"KaomGossipOnInvasionOfWraeclast",1014229242
2982,"KaomGossipOnHyrri",2665084216
2983,"KaomGossipOnHyrrisSoul",3963129146
2984,"KaomGossipOnTheKaruiWay",3986586823
2985,"KaomGossipOnWraeclast",3247231860
2986,"KaomGossipOnTheHallsOfTheDead",140031357
2987,"KaomGossipOnTheEndOfTime",1254233874
2988,"KaomGossipOnHinekora",284356571
2989,"KaomGossipOnNgamahu",2654708221
2990,"KaomGossipToMarauder",3371550858
2991,"NavaliGossipKaom",3915374071
2992,"NavaliGossipUtula",43209690
2993,"NavaliGossipTheBeastsDeath",1301554481
2994,"NavaliGossipTukohamasDeath",326142773
2995,"NavaliGossipKitavaAlive",465180474
2996,"NavaliGossipKitavaDead",660707615
2997,"NavaliGossipHinekoraAsleep",1854932830
2998,"NavaliGossipHinekoraAwake",964498214
2999,"NavaliGossipTheFuturePast",1897061495
3000,"NavaliGossipTheBeast",2809156350
3001,"NavaliGossipHatungo",1483889985
3002,"NavaliGossipTheTrials",3553132914
3003,"NavaliGossipTheEndOfTime",3811840809
3004,"NavaliGossipChaos",3834922956
3005,"NavaliGossipOrder",3942813953
3006,"NavaliGossipHyrrisSoul",3971184720
3007,"NavaliSilverCoinSeen",3834134591
3008,"WardenPassivePoints1",1057913730
3009,"WardenPassivePoints2",1675838258
3010,"WardenPassivePoints3",4153891547
3011,"WardenPassivePoints4",2097342949
3012,"ShamanPassivePoints1",2738272071
3013,"ShamanPassivePoints2",4209350323
3014,"ShamanPassivePoints3",452665990
3015,"ShamanPassivePoints4",1899870677
3016,"PrimalistPassivePoints1",1598056220
3017,"PrimalistPassivePoints2",3917142707
3018,"PrimalistPassivePoints3",3456530370
3019,"PrimalistPassivePoints4",71797370
3020,"IsSentinelLakeEvent",1946378048
3021,"AzmeriAreWarden",1020057187
3022,"AzmeriAreVoodooShaman",15138347
3023,"AzmeriArePrimalist",1637861164
3024,"AzmeriWardenCollectWispsQuestStarted",1180745473
3025,"AzmeriWardenCollectWispsQuestCompleted",3137428657
3026,"AzmeriWardenKillMinibossQuestStarted",3117282650
3027,"AzmeriWardenKillMinibossQuestCompleted",1874195010
3028,"AzmeriVoodooShamanCollectWispsQuestStarted",4077946757
3029,"AzmeriVoodooShamanCollectWispsQuestCompleted",4118156999
3030,"AzmeriVoodooShamanKillMinibossQuestStarted",1488064162
3031,"AzmeriVoodooShamanKillMinibossQuestCompleted",1738981149
3032,"AzmeriPrimalistCollectWispsQuestStarted",1830387820
3033,"AzmeriPrimalistCollectWispsQuestCompleted",2947323823
3034,"AzmeriPrimalistKillMinibossQuestStarted",1307989529
3035,"AzmeriPrimalistKillMinibossQuestCompleted",3195006030
3036,"AzmeriKillVoodooKingCompleted",1316102470
3037,"AzmeriKillVoodooKingInArena",4205543271
3038,"AzmeriKillVoodooKingStarted",3208117931
3039,"InAzmeriForest",2973645292
3040,"AzmeriWardenCollectWispsQuestCompletedSeen",1922063612
3041,"AzmeriWardenKillMinibossQuestCompletedSeen",443910367
3042,"AzmeriKillVoodooKingCompletedSeen",1320911607
3043,"AzmeriPrimalistCollectWispsQuestCompletedSeen",2270395452
3044,"AzmeriPrimalistKillMinibossQuestCompletedSeen",1636863503
3045,"AzmeriVoodooShamanCollectWispsQuestCompletedSeen",3221206938
3046,"AzmeriVoodooShamanKillMinibossQuestCompletedSeen",1504014013
3047,"AzmeriCounterBit0",1091970476
3048,"AzmeriCounterBit1",1458035971
3049,"AzmeriCounterBit2",2868926810
3050,"AzmeriCounterBit3",3539752641
3051,"AzmeriCounterBit4",2382648728
3052,"AzmeriCounterBit5",3156171660
3053,"AzmeriCounterBit6",3304299569
3054,"AzmeriCounterBit7",2267514268
3055,"AzmeriCounterBit8",2697740293
3056,"AzmeriCounterBit9",1238320492
3057,"Met-SinInnocence",1020801980
3058,"Met-ArakaaliShrine",2495109052
3059,"Met-WardenOfEaves",3372267762
3060,"Met-PrimalHuntress",695897488
3061,"Met-BreakerOfOaths",3928431468
3062,"Met-Oshabi",857636976
3063,"WildwoodEtchingOneSeen",1932235417
3064,"WildwoodEtchingTwoSeen",1366951095
3065,"WildwoodEtchingThreeSeen",1126368504
3066,"WildwoodEtchingFourSeen",1833493408
3067,"WildwoodEtchingFiveSeen",3282995020
3068,"WildwoodGruthkulShrineSeen",2418784321
3069,"WildwoodHarvestTreeSeen",3987625500
3070,"WildwoodMajiProclamationOneSeen",3518974019
3071,"WildwoodMajiProclamationTwoSeen",3699792049
3072,"WildwoodKingGlyphOneSeen",3915195072
3073,"WildwoodKingGlyphTwoSeen",1671331882
3074,"DiedInAzmeriForest",3574602072
3075,"AzmeriCounterBit10",2703493715
3076,"WardenIntroductionSeen",2684050425
3077,"WardenAboutLearningSeen",2215050980
3078,"WardenReturnToMeLaterSeen",2389762615
3079,"WardenGossipHerRoleSeen",2260061313
3080,"WardenGossipTheOldWorldSeen",3581908331
3081,"WardenGossipPrimalHuntressSeen",3132330530
3082,"WardenGossipBreakerOfOathsSeen",360411595
3083,"WardenGossipTheWildwoodSeen",3406944730
3084,"WardenGossipTheDraoichtSeen",3627925265
3085,"WardenGossipTheGoddessSeen",639722877
3086,"WardenGossipTheCathaSeen",2110193747
3087,"WardenGossipTheMorriganSeen",3379492935
3088,"WardenGossipTheKingInTheMistsSeen",2556729699
3089,"WardenGossipTheCultistsSeen",3012321684
3090,"WardenGossipTheBansheeSeen",2885969851
3091,"WardenGossipTheMajiSeen",3631880559
3092,"WardenGossipTheNamelessSeen",1586817769
3093,"WardenGossipTheAfflictionSeen",4205871083
3094,"WardenGossipVirtueGemsSeen",1141933135
3095,"WardenGossipNamingSeen",4258262579
3096,"WardenGossipTimeSeen",3761873932
3097,"WardenGossipTwoSistersSeen",85271305
3098,"WardenGossipRavenTricksterSeen",3824740884
3099,"WardenGossipGoddessShrineSeen",2802132565
3100,"WardenTellsHerNameSeen",3828777706
3101,"BreakerIntroductionSeen",1929923390
3102,"BreakerAboutLearningSeen",1377327517
3103,"BreakerReturnToMeLaterSeen",3971756260
3104,"BreakerGossipOathbreakerSeen",165301664
3105,"BreakerGossipReplacingTheKingSeen",3163762487
3106,"BreakerGossipAltarsSeen",684148304
3107,"BreakerGossipTravelersSeen",3494125389
3108,"BreakerGossipKingInTheMistsSeen",2487765520
3109,"BreakerGossipTheNamelessSeen",1425171289
3110,"BreakerGossipTheWildwoodSeen",1710507145
3111,"BreakerGossipRealmOfTheNamelessSeen",1746075227
3112,"BreakerGossipTheMajiSeen",3452012268
3113,"BreakerGossipTheDraoichtSeen",601005444
3114,"BreakerGossipTheFourHumorsSeen",617138216
3115,"BreakerGossipWildHumorsSeen",1343034658
3116,"BreakerGossipPrimalHumorsSeen",234721912
3117,"BreakerGossipVividHumorsSeen",3626178882
3118,"BreakerGossipSacredHumorsSeen",2066158150
3119,"BreakerGossipTheWispsSeen",1574159724
3120,"BreakerGossipWardenSeen",180533091
3121,"BreakerGossipPrimalHuntressSeen",48579481
3122,"BreakerGossipHarvestSeen",745731703
3123,"BreakerGossipScourgeSeen",1870894150
3124,"BreakerGossipTrueNameSeen",3169450371
3125,"PrimalistIntroductionSeen",3205083592
3126,"PrimalistAboutLearningSeen",2746670450
3127,"PrimalistReturnLaterSeen",3674752572
3128,"PrimalistGossipReplacedSeen",3421791044
3129,"PrimalistGossipHerRoleSeen",1807564292
3130,"PrimalistGossipTheWildwoodSeen",2921683261
3131,"PrimalistGossipTheDraoichtSeen",693431033
3132,"PrimalistGossipTravelersSeen",835809081
3133,"PrimalistGossipTheSunSeen",4272494514
3134,"PrimalistGossipTheSkySeen",1505551073
3135,"PrimalistGossipWildwoodsOriginSeen",2656647692
3136,"PrimalistGossipKingInTheMistsSeen",3223858206
3137,"PrimalistGossipAfflictionSeen",2036103612
3138,"PrimalistGossipTheNamelessSeen",1286388690
3139,"PrimalistGossipThePorcelainQueenSeen",1283152901
3140,"PrimalistGossipTheMajiSeen",1867720557
3141,"PrimalistGossipEinharSeen",3035671792
3142,"PrimalistGossipWardenSeen",3079560722
3143,"PrimalistGossipBreakerSeen",1924801340
3144,"PrimalistGossipBansheeSeen",3408080836
3145,"PrimalistGossipSistersShrineSeen",3753698004
3146,"PrimalistGossipRavenTricksterSeen",3055265005
3147,"PrimalistGossipTheGoddessSeen",4254361659
3148,"PrimalistGossipTrueNameSeen",2777422768
3149,"Met-GoddessStatueGlyph",2600116160
3150,"Met-SingleStatueGlyph",3656280
3151,"Met-TwoSistersStatueGlyph",726359346
3152,"WildwoodGoddessStatueGlyphSeen",2584454285
3153,"WildwoodSingleStatueGlyphSeen",950946475
3154,"WildwoodWarringSistersGlyphSeen",1783146878
3155,"WildwoodEnteredFirstTime",1011246809
3156,"Met-Jun",955490617
3157,"Met-EnvoyMaven",4124185116
3158,"Met-EnvoyEater",1526641282
3159,"Met-EnvoyExarch",4160175698
3160,"KilledLycia2Boss",1629304200
3161,"BansheeSeen",3528473312
3162,"AzmeriCounterBit11",1697590935
3163,"KaruiShoresWakeUp",2606765497
3164,"SimulacrumClearWave30",139168037
3165,"DefeatBeidatArchangelOfDeath",578468976
3166,"RitualAltarSeen",3874225123
3167,"ClimbLegionActivated",1009397800
3168,"ForcedRitualUsedNorthernForest",1078543791
3169,"ForcedRitualUsedDreadThicket",25287755
3170,"ReleasedDwellerFromEssence",4206204167
3171,"NecropolisNPCFirstEncounter",3809673796
3172,"FairgravesBootyChestLooted",271681910
3173,"ChamberOfSinsVirtueGems",3201919973
3174,"BrokenBridgeExilesChest",2317962794
3175,"DarkForestOmenChest",1639871139
3176,"FellshrineReaperDefeated",1317410532
3177,"MapDeviceLockedByNecropolis",3809818966
3178,"BrineKingDowngrade1",765397318
3179,"BrineKingDowngrade2",682755268
3180,"BrineKingDowngrade3",1009271608
3181,"ArakaaliDowngrade1",1242882241
3182,"ArakaaliDowngrade2",3007013231
3183,"ArakaaliDowngrade3",2615319832
3184,"SolarisDowngrade1",982073308
3185,"SolarisDowngrade2",3230562328
3186,"SolarisDowngrade3",3503933931
3187,"LunarisDowngrade1",1866094218
3188,"LunarisDowngrade2",122673841
3189,"LunarisDowngrade3",2307584608
3190,"AbberathDowngrade1",2644068882
3191,"GruthkulDowngrade1",3756644850
3192,"YugulDowngrade1",2702511515
3193,"ShakariDowngrade1",2670325889
3194,"TukohamaDowngrade1",2736783186
3195,"RalakeshDowngrade1",1916223208
3196,"GarukhanDowngrade1",3681067064
3197,"RyslathaDowngrade1",1865026712
3198,"UndertakerGossipIntroNecropolisSeen",789121496
3199,"UndertakerGossipOnFirstBuryCorpseSeen",1494962005
3200,"UndertakerGossipOnHimselfSeen",2072848291
3201,"UndertakerGossipOnLanternSeen",398800991
3202,"UndertakerGossipOnTheJobSeen",4117031676
3203,"UndertakerGossipOnTheJob2Seen",3242713687
3204,"UndertakerGossipOnTheJob3Seen",2183752105
3205,"UndertakerGossipOnPlayerAllflameSeen",2616053383
3206,"UndertakerGossipOnExorscismsSeen",473898675
3207,"UndertakerGossipOnPlasmSeen",192971013
3208,"UndertakerGossipOnOtherExilesSeen",3055778225
3209,"UndertakerGossipOnApprenticeSeen",2094274704
3210,"UndertakerGossipOnCatarinaSeen",274340783
3211,"UndertakerGossipOnChitusSeen",3643299407
3212,"NecropolisNPCCorpseDropped",3020127441
3213,"NecropolisNPCCorpsePickedUp",983668827
3214,"IsNecropolisArea",954627831
3215,"HiddenPyramidChestLooted",1237687279
3216,"HiddenArchivesChestLooted",1612993754
3217,"MedicalWardChestLooted",1076840962
3218,"VaalRuinsCorruptionDeviceUsed",1243012339
3219,"ReliquaryVaultChestLooted",955022379
3220,"ReliquaryVaultKeyLeftHeld",1454769922
3221,"ReliquaryVaultKeyRightHeld",122053731
3222,"PresetLeagueBonusActive",174132661
3223,"InvestigateStrangeOre",4165893500
3224,"ReleasedFlameBearerFromEssence",1339269226
3225,"DriedLakeLegionActivated",34143526
3226,"HiddenSolarisButton",2663057180
3227,"HiddenLunarisButton",2470194121
3228,"HiddenSolarisLunarisComplete",1331485861
3229,"IsKingsmarchArea",1118237622
3230,"DannigSettlersOnSmithingSeen",2143381044
3231,"DannigSettlersOnRunesSeen",1457824028
3232,"DannigSettlersOnVerisiumSeen",3234528917
3233,"JohanIntroTownSeen",1248677309
3234,"JohanOnAbilitiesSeen",1886882399
3235,"JohanOnKingsmarchSeen",127473452
3236,"JohanOnHomeSeen",2027038831
3237,"FaustusSettlersOnKingsmarchSeen",1745401036
3238,"FaustusSettlersOnTheRingSeen",1690424321
3239,"FaustusSettlersOnTheKingSeen",3073656827
3240,"FaustusSettlersOnOriathSeen",2711716767
3241,"FaustusSettlersOnAdmiraltySeen",2200711037
3242,"JohanOnTheKingSeen",268346583
3243,"JohanOnLoyaltySeen",31447070
3244,"JohanOnTheTavernSeen",67858400
3245,"RaulfOnBlackKnightSeen",2185030836
3246,"RaulfOnSasanSeen",4290352353
3247,"RaulfOnValeriusSeen",624140938
3248,"RaulfOnTavernSeen",511810529
3249,"RaulfOnTheGuildsSeen",399152602
3250,"SonjaOnHerselfSeen",2582631805
3251,"SonjaOnTheSoilSeen",1139397066
3252,"SonjaAfterOshabiSeen",3677887261
3253,"SonjaOnKingsmarchSeen",2855933436
3254,"IslaSettlersRecombinatorGossipSeen",48817408
3255,"IslaSettlersMapGossipSeen",546270112
3256,"IslaSettlersPreviousExperienceSeen",2154384776
3257,"IslaSettlersOnOriathSeen",3665257128
3258,"IslaSettlersOnKingsmarchSeen",3215505665
3259,"IslaSettlersOnTheRingSeen",2969082820
3260,"Met-IslaHeist",3248013746
3261,"Met-IslaVillage",2900364124
3262,"RogSettlersOnKingsmarchSeen",2749560652
3263,"RogSettlersOnCharterSeen",1085786032
3264,"RogSettlersOnTaxesSeen",1742943417
3265,"Met-RogSettlers",1389284827
3266,"GwennenSettlersOnKingsmarchEarlySeen",4259890515
3267,"GwennenSettlersOnKingsmarchLaterSeen",948755311
3268,"GwennenSettlersOnJohanSeen",3506439704
3269,"GwennenSettlersOnMiddengardSeen",3596358610
3270,"GwennenSettlersOnRebellionSeen",1512309598
3271,"Met-Johan",3118993087
3272,"GwennenSettlersIntroInKingsmarchSeen",3455106327
3273,"Met-FaustusHeist",2398890712
3274,"Met-FaustusVillage",3148040063
3275,"TujenSettlersOnKingsmarchSeen",511777132
3276,"TujenSettlersOnExpeditionsSeen",540173994
3277,"TujenSettlersOnNgakanuSeen",1122897983
3278,"TujenSettlersOnPondiumSeen",3406454938
3279,"TujenSettlersOnOnuiSeen",2523593336
3280,"TujenSettlersOnRibenFellSeen",3012630053
3281,"TujenSettlersOnKalguurSeen",109663648
3282,"HaveFearBossQuestKey",2334314350
3283,"HaveBenevolenceBossQuestKey",4041675361
3284,"HaveIgnoranceBossQuestKey",2970894913
3285,"FirstMemoryBossPinnacleSeen",1686071135
3286,"EnteredFirstPinnacleBossArea",2453120954
3287,"NeglectMapPortalsActive",3797851975
3288,"IgoranceBossKeyUsed",2585258017
3289,"IgnoranceBossKeyHeldBefore",261456415
3290,"BenevolenceBossKeyHeldBefore",3583228846
3291,"BenevolenceMapPortalsActive",3939704678
3292,"EnteredSecondPinnacleBossArea",1135481509
3293,"SecondMemoryBossPinnacleSeen",3928001813
3294,"AngerMapPortalsActive",3716955501
3295,"FearBossKeyHeldBefore",150780066
3296,"ThirdMemoryBossPinnacleSeen",1995632792
3297,"EnteredThirdPinnacleBossArea",1007162952
3298,"Met-Eagon",2068580292
3299,"EagonIntroductionSeen",1440744351
3300,"EagonMemoryQuestStartSeen",4007079214
3301,"EagonOpenGatewayFirstTimeHeard",2292442842
3302,"FirstMemoryBossSeen",700468741
3303,"SecondMemoryBossSeen",1460114300
3304,"ThirdMemoryBossSeen",3803685925
3305,"IgnoranceBossNonQuestDefeated",2542486585
3306,"AngerBossNonQuestDefeated",2693006418
3307,"BenevolenceBossNonQuestDefeated",1115067135
3308,"NonQuestMemoryBossesDefeated",1734426570
3309,"MercenaryCombatStarted",3403636020
3310,"FirstMercenaryMet",1020040659
3311,"FirstMercenarySeen",1413880500
3312,"WitnessZana1",51983539
3313,"WitnessZana2",2150227200
3314,"WitnessZana3",2952686290
3315,"WitnessZana3_2",1748191688
3316,"MemoryTearMapPortalsActive",615712862
3317,"MapWorldsMemoryTearEntered",2799895995
3318,"BlueRoseReturned",3206950348
3319,"MemoryBossCollectBothRoses",2113720482
3320,"BlueRoseHeld",1886399085
3321,"RedRoseHeld",3969974273
3322,"RedRoseReturned",1676918908
3323,"IsChayulaLeagueArea",735026134
3324,"ChayulaNPCSeen",108625203
3325,"ChayulaNPCBarrierBurned",3381656225
3326,"ChayulaNPCIntroductionPowerGiven",2607277
3327,"ChayulaNPCIntroductionGraftEquipped",42567707
3328,"ChayulaNPCIntroductionGraftGet",4021603067
3329,"ChayulaNPCIntroductionAboutBarrierSeen",1751036929
3330,"ChayulaNPCIntroductionSeen",254565403
3331,"ChayulaNPCIntroductionGraftRewardSeen",2063011637
3332,"HideoutAsyncTradeEnabled",1972425926
3333,"TrialmasterChooseBloodlineSeen",1600634910
3334,"HaveChayulaBodyPart1",1234513205
3335,"HaveChayulaBodyPart2",1511626988
3336,"HaveChayulaBodyPart3",1529527901
3337,"HaveChayulaBodyPart4",924301914
3338,"HaveChayulaBodyPart5",3363899346
3339,"HaveChayulaBodyPart6",3596087215
3340,"HaveChayulaBodyPart7",979295811
3341,"HaveChayulaBodyPart8",654948823
3342,"HaveChayulaBodyPart9",3129552744
3343,"HaveChayulaBodyPart10",1110597381
3344,"FaustusOnAsyncTrade",1573165370
3345,"ChayulaNPCIntroductionPowerGrantedSeen",3049917784
3346,"ChayulaTutorialHiveSpotted",3755073757
3347,"ChayulaTutorialHiveCentreSpotted",1772468148
3348,"ChayulaTutorialFruitDropped",3005246220
3349,"FaustusOnHideoutSeen",1344672134
3350,"Ailith_CoastAfterFlameSeen",673822210
3351,"ValidForBloodlineAscendancy",4022490067
3352,"ChayulaIntroSeen",3276028780
3353,"ChayulaTutorialAilithCalledIn",3038087864
3354,"ChayulaGraftWildHeard",3593343182
3355,"ChayulaTutorialFortFailed",1127655914
3356,"ChayulaNPCIntroductionGraftGetTemp",4020193697
3357,"LeagueSpecificReward1_1_1",2268957960
3358,"LeagueSpecificReward1_1_2",451591121
3359,"LeagueSpecificReward1_1_2a",1787710507
3360,"LeagueSpecificReward1_1_3",868050996
3361,"LeagueSpecificReward1_1_3a",110480051
3362,"LeagueSpecificReward1_1_4_0",2130526104
3363,"LeagueSpecificReward1_1_4_1",1474814501
3364,"LeagueSpecificReward1_1_5",1150405774
3365,"LeagueSpecificReward1_1_6",4066769665
3366,"LeagueSpecificReward1_1_7_1",1440228483
3367,"LeagueSpecificReward1_1_7_2",2998608110
3368,"LeagueSpecificReward1_1_8",3866563871
3369,"LeagueSpecificReward1_1_9",4262507346
3370,"LeagueSpecificReward1_1_9a",2331735357
3371,"LeagueSpecificReward1_1_11_1",1145667701
3372,"LeagueSpecificReward1_1_11_2",3168677011
3373,"LeagueSpecificReward1_2_1",2771551502
3374,"LeagueSpecificReward1_2_2",3193089878
3375,"LeagueSpecificReward1_2_2a",1356135775
3376,"LeagueSpecificReward1_2_3",4059258592
3377,"LeagueSpecificReward1_2_5_1",1986050806
3378,"LeagueSpecificReward1_2_5_2",1368622248
3379,"LeagueSpecificReward1_2_6_1",1124195506
3380,"LeagueSpecificReward1_2_6_2",2213359232
3381,"LeagueSpecificReward1_2_4",1513826617
3382,"LeagueSpecificReward1_2_7",2961614871
3383,"LeagueSpecificReward1_2_8",264426146
3384,"LeagueSpecificReward1_2_9",3814123533
3385,"LeagueSpecificReward1_2_10",2697520977
3386,"LeagueSpecificReward1_2_11",403708187
3387,"LeagueSpecificReward1_2_12",466804586
3388,"LeagueSpecificReward1_2_13",1393562241
3389,"LeagueSpecificReward1_2_14_2",1144293534
3390,"LeagueSpecificReward1_2_14_3",1466629105
3391,"LeagueSpecificReward1_2_15",1180919115
3392,"LeagueSpecificReward1_3_1",835930815
3393,"LeagueSpecificReward1_3_2",3160858022
3394,"LeagueSpecificReward1_3_3_1",3660819250
3395,"LeagueSpecificReward1_3_5",3661012452
3396,"LeagueSpecificReward1_3_6",579249593
3397,"LeagueSpecificReward1_3_7",1245294640
3398,"LeagueSpecificReward1_3_8_1",1659164107
3399,"LeagueSpecificReward1_3_8_2",682066916
3400,"LeagueSpecificReward1_3_9",1639842638
3401,"LeagueSpecificReward1_3_10_1",100158922
3402,"LeagueSpecificReward1_3_13",2528972699
3403,"LeagueSpecificReward1_3_14_1",1717549290
3404,"LeagueSpecificReward1_3_14_2",3798335284
3405,"LeagueSpecificReward1_3_15",4132873
3406,"LeagueSpecificReward1_3_17_1",2957819006
3407,"LeagueSpecificReward1_3_17_2",1996657524
3408,"LeagueSpecificReward1_3_18_1",2536251358
3409,"LeagueSpecificReward1_3_18_2",149376654
3410,"LeagueSpecificReward1_4_1",1276254187
3411,"LeagueSpecificReward1_4_2",2029837060
3412,"LeagueSpecificReward1_4_3_1",1247736100
3413,"LeagueSpecificReward1_4_3_2",1984857980
3414,"LeagueSpecificReward1_4_3_3",3840070638
3415,"LeagueSpecificReward1_4_4_1",766328186
3416,"LeagueSpecificReward1_4_4_3",950316633
3417,"LeagueSpecificReward1_4_5_1",1072775376
3418,"LeagueSpecificReward1_4_5_2",1698651989
3419,"LeagueSpecificReward1_4_6_1",2736129503
3420,"LeagueSpecificReward1_4_6_2",198854493
3421,"LeagueSpecificReward1_4_6_3",3094672330
3422,"LeagueSpecificReward1_4_7",3137551855
3423,"LeagueSpecificReward1_5_1",2310009189
3424,"LeagueSpecificReward1_5_2",2284628237
3425,"LeagueSpecificReward1_5_3",567616294
3426,"LeagueSpecificReward1_5_3b",2109904992
3427,"LeagueSpecificReward1_5_4",3454065078
3428,"LeagueSpecificReward1_5_4b",3401980825
3429,"LeagueSpecificReward1_5_5",4174300203
3430,"LeagueSpecificReward1_5_6",4187290807
3431,"LeagueSpecificReward1_5_7",2587709833
3432,"LeagueSpecificReward1_5_8",1256566634
3433,"LeagueSpecificReward2_6_1",1396667262
3434,"LeagueSpecificReward2_6_2",3585444428
3435,"LeagueSpecificReward2_6_3",1048743931
3436,"LeagueSpecificReward2_6_4",2382604611
3437,"LeagueSpecificReward2_6_5",1101121886
3438,"LeagueSpecificReward2_6_6",3100406307
3439,"LeagueSpecificReward2_6_7_1",2521944421
3440,"LeagueSpecificReward2_6_7_2",1926981083
3441,"LeagueSpecificReward2_6_8",192342470
3442,"LeagueSpecificReward2_6_9",1999636654
3443,"LeagueSpecificReward2_6_10",3264929862
3444,"LeagueSpecificReward2_6_11",2361980652
3445,"LeagueSpecificReward2_6_12",1992297018
3446,"LeagueSpecificReward2_6_13",1242292340
3447,"LeagueSpecificReward2_6_14",3113439451
3448,"LeagueSpecificReward2_6_15",4027892876
3449,"LeagueSpecificReward2_7_1",2366352073
3450,"LeagueSpecificReward2_7_2",1951137183
3451,"LeagueSpecificReward2_7_3",1306151168
3452,"LeagueSpecificReward2_7_4",1772522791
3453,"LeagueSpecificReward2_7_5_1",2039411907
3454,"LeagueSpecificReward2_7_5_2",1921209632
3455,"LeagueSpecificReward2_7_5_map",1990512716
3456,"LeagueSpecificReward2_7_6",2857334386
3457,"LeagueSpecificReward2_7_7",867846092
3458,"LeagueSpecificReward2_7_8",224511775
3459,"LeagueSpecificReward2_7_9",2160843239
3460,"LeagueSpecificReward2_7_10",829350083
3461,"LeagueSpecificReward2_7_11",1960331275
3462,"LeagueSpecificReward2_7_12_1",2269550918
3463,"LeagueSpecificReward2_7_12_2",1977459546
3464,"LeagueSpecificReward2_8_1",1872324416
3465,"LeagueSpecificReward2_8_2_1",1489234082
3466,"LeagueSpecificReward2_8_2_2",2996155109
3467,"LeagueSpecificReward2_8_3",1468846275
3468,"LeagueSpecificReward2_8_4",1706738017
3469,"LeagueSpecificReward2_8_5",3928832653
3470,"LeagueSpecificReward2_8_6",4175810410
3471,"LeagueSpecificReward2_8_7_1_",2873023324
3472,"LeagueSpecificReward2_8_7_2",3972519575
3473,"LeagueSpecificReward2_8_8",4016392145
3474,"LeagueSpecificReward2_8_9",3604834627
3475,"LeagueSpecificReward2_8_10",2741564383
3476,"LeagueSpecificReward2_8_11",1771246351
3477,"LeagueSpecificReward2_8_12_1",13564579
3478,"LeagueSpecificReward2_8_12_2",631342140
3479,"LeagueSpecificReward2_8_13",516558705
3480,"LeagueSpecificReward2_8_14",695859860
3481,"LeagueSpecificReward2_9_1",1060823391
3482,"LeagueSpecificReward2_9_2",2146237795
3483,"LeagueSpecificReward2_9_3",2114884475
3484,"LeagueSpecificReward2_9_4",2800231116
3485,"LeagueSpecificReward2_9_5",574115380
3486,"LeagueSpecificReward2_9_6",1647753165
3487,"LeagueSpecificReward2_9_7",4083863222
3488,"LeagueSpecificReward2_9_8",965152299
3489,"LeagueSpecificReward2_9_9",789707258
3490,"LeagueSpecificReward2_9_SubareaRefinery",1803152258
3491,"LeagueSpecificReward2_9_10_1",978322616
3492,"LeagueSpecificReward2_9_10_2",4007101647
3493,"LeagueSpecificReward2_10_1",1103184018
3494,"LeagueSpecificReward2_10_2",3834008223
3495,"LeagueSpecificReward2_10_3",3387190911
3496,"LeagueSpecificReward2_10_4",4265210871
3497,"LeagueSpecificReward2_10_5",580036723
3498,"LeagueSpecificReward2_10_6",375599084
3499,"LeagueSpecificReward2_10_7",324544021
3500,"LeagueSpecificReward2_10_8",1430163272
3501,"LeagueSpecificReward2_10_9",3282582811
3502,"ChayulaNPCHaveEquippedASecondGraft",3682421748
3503,"AilithEasterEggConvoOne",3879086712
3504,"AilithEasterEggConvoTwo",818244335
3505,"AilithEasterEggConvoThree",202903480
3506,"AilithEasterEggConvoFour",1876081025
3507,"AilithEasterEggConvoFive",3319216464
3508,"AilithEasterEggConvoSix",317197712
3509,"CanSeeFaustusInHideout",2613191972
3510,"Ailith_Glyph_DreamOneSeen",3132013481
3511,"Ailith_Glyph_DreamTwoSeen",652241191
3512,"Ailith_Glyph_DreamThreeSeen",1169088002
3513,"Ailith_Glyph_DreamFourSeen",2207613697
3514,"Ailith_Glyph_DreamFiveSeen",505577954
3515,"UberUberBossSingleEventCompleted",1203247838
3516,"HasMigratedLeague",1425058426
3517,"TunnelsTrialChestOpened",3949215087
3518,"TidalIslandTreasureOpened",2477447203
3519,"SkullChestOpened",3416811817
3520,"RampartsSmugglersCacheOpened",1812839762
3521,"RampartsSafeOpened",3511805085
3522,"BeastHeartSubAreaSlain",3024899584
3523,"GrainGateChemistBoxOpened",3742068674
3524,"BoilingLakeChestOneOpened",2227033187
3525,"BoilingLakeChestTwoOpened",3598628645
3526,"CorruptedArmouryUniqueChestOpened",3398263431
3527,"VastiriDesertJewelChestOpened",1637401116
3528,"ChamberOfSinsTrialChestOpened",1084497592
3529,"OssuaryTrialChestOpened",2778119513
3530,"CorruptedArmouryWeaponChest1Opened",2013802378
3531,"CorruptedArmouryArmourChest1Opened",3308595610
3532,"TukohamaFortressTattooDrop",207947330
3533,"InMemoryVaultIsla",2671415797
3534,"InMemoryVaultVenarius",2782084383
3535,"InMemoryVaultValdo",1623753095
3536,"InMemoryVaultZana",128741951
3537,"VarashtaWishesSeenThisInstance",622060574
3538,"FleshAltarRingDropped",4175993390
3539,"ScourChestOpened",194448609
3540,"VarashtaFirstInteractionComplete",3703668093
3541,"VarashtaIntroductionHeard",689298096
3542,"HaveSkillBookFirstMemoryBoss",3675330963
3543,"HaveSkillBookSecondMemoryBoss",1172420319
3544,"HaveSkillBookThirdMemoryBoss",1463418059
3545,"Mirage_SareshBossSeen",476956279
3546,"WishSelectedThisInstance",1427835839
3547,"UNUSED_TRUNK_ONLY921",3417250350
3548,"VampireServantFirstHeard",2909499716
3549,"VampireServantWhereFromSeen",857848149
3550,"UNUSED_TRUNK_ONLY924",1244078764
3551,"UNUSED_TRUNK_ONLY925",323729817
3552,"UNUSED_TRUNK_ONLY926",579916951
3553,"UNUSED_TRUNK_ONLY927",2495331966
3554,"UNUSED_TRUNK_ONLY928",2921422805
3555,"UNUSED_TRUNK_ONLY929",211959442
3556,"UNUSED_TRUNK_ONLY930",1278385810
3557,"UNUSED_TRUNK_ONLY931",2147228215
3558,"UNUSED_TRUNK_ONLY932",3137690555
3559,"UNUSED_TRUNK_ONLY933",1534897589
3560,"UNUSED_TRUNK_ONLY934",492143509
3561,"UNUSED_TRUNK_ONLY935",278158171
3562,"UNUSED_TRUNK_ONLY936",773496265
3563,"UNUSED_TRUNK_ONLY937",1832701212
3564,"UNUSED_TRUNK_ONLY938",2630102626
3565,"UNUSED_TRUNK_ONLY939",2656400675
3566,"UNUSED_TRUNK_ONLY940",3943920463
3567,"UNUSED_TRUNK_ONLY941",2734648694
3568,"UNUSED_TRUNK_ONLY942",2779267807
3569,"UNUSED_TRUNK_ONLY943",2155539354
3570,"UNUSED_TRUNK_ONLY944",1503551458
3571,"UNUSED_TRUNK_ONLY945",2101325076
3572,"UNUSED_TRUNK_ONLY946",2913582581
3573,"UNUSED_TRUNK_ONLY947",1785698906
3574,"UNUSED_TRUNK_ONLY948",1628951011
3575,"FinneganHeardFirst",2961569984
3576,"Finnegan_IntroSeen",972651300
3577,"Finnegan_GossipSeen",1532780366
3578,"UNUSED_TRUNK_ONLY952",1679824685
3579,"UNUSED_TRUNK_ONLY953",1339490762
3580,"UNUSED_TRUNK_ONLY954",3908968144
3581,"UNUSED_TRUNK_ONLY955",696710233
3582,"UNUSED_TRUNK_ONLY956",3445313895
3583,"UNUSED_TRUNK_ONLY957",3288895002
3584,"UNUSED_TRUNK_ONLY958",2706815776
3585,"UNUSED_TRUNK_ONLY959",3360999781
3586,"UNUSED_TRUNK_ONLY960",1459482187
3587,"UNUSED_TRUNK_ONLY961",3676265873
3588,"UNUSED_TRUNK_ONLY962",1506158313
3589,"UNUSED_TRUNK_ONLY963",656402340
3590,"UNUSED_TRUNK_ONLY964",2218109999
3591,"UNUSED_TRUNK_ONLY965",2658123231
3592,"UNUSED_TRUNK_ONLY966",1645398159
3593,"UNUSED_TRUNK_ONLY967",3913010081
3594,"UNUSED_TRUNK_ONLY968",3627412852
3595,"UNUSED_TRUNK_ONLY969",1625629832
3596,"UNUSED_TRUNK_ONLY970",868638486
3597,"UNUSED_TRUNK_ONLY971",1694038707
3598,"UNUSED_TRUNK_ONLY972",1518705079
3599,"UNUSED_TRUNK_ONLY973",2146318057
3600,"UNUSED_TRUNK_ONLY974",725390546
3601,"UNUSED_TRUNK_ONLY975",323543300
3602,"UNUSED_TRUNK_ONLY976",3013770422
3603,"UNUSED_TRUNK_ONLY977",883544127
3604,"UNUSED_TRUNK_ONLY978",3511019676
3605,"UNUSED_TRUNK_ONLY979",1496057802
3606,"UNUSED_TRUNK_ONLY980",4018576378
3607,"UNUSED_TRUNK_ONLY981",3175190932
3608,"UNUSED_TRUNK_ONLY982",478681302
3609,"UNUSED_TRUNK_ONLY983",1372898586
3610,"UNUSED_TRUNK_ONLY984",54635588
3611,"UNUSED_TRUNK_ONLY985",1575135793
3612,"UNUSED_TRUNK_ONLY986",2008913581
3613,"UNUSED_TRUNK_ONLY987",3318582716
3614,"UNUSED_TRUNK_ONLY988",2720412569
3615,"UNUSED_TRUNK_ONLY989",888861941
3616,"UNUSED_TRUNK_ONLY990",400948386
3617,"UNUSED_TRUNK_ONLY991",180737392
3618,"UNUSED_TRUNK_ONLY992",691378441
3619,"UNUSED_TRUNK_ONLY993",521829450
3620,"UNUSED_TRUNK_ONLY994",863664965
3621,"UNUSED_TRUNK_ONLY995",3165954798
3622,"UNUSED_TRUNK_ONLY996",4129288399
3623,"UNUSED_TRUNK_ONLY997",3642392342
3624,"UNUSED_TRUNK_ONLY998",1551923219
3625,"UNUSED_TRUNK_ONLY999",1714638722
3626,"UNUSED_TRUNK_ONLY1000",1680387501
3627,"UNUSED_TRUNK_ONLY1001",3748953538
3628,"UNUSED_TRUNK_ONLY1002",3178920671
3629,"UNUSED_TRUNK_ONLY1003",913541087
3630,"UNUSED_TRUNK_ONLY1004",1387841232
3631,"UNUSED_TRUNK_ONLY1005",3943768035
3632,"UNUSED_TRUNK_ONLY1006",2143910647
3633,"UNUSED_TRUNK_ONLY1007",1612944028
3634,"UNUSED_TRUNK_ONLY1008",1067900618
3635,"UNUSED_TRUNK_ONLY1009",2826855101
3636,"UNUSED_TRUNK_ONLY1010",702531990
3637,"UNUSED_TRUNK_ONLY1011",910779375
3638,"UNUSED_TRUNK_ONLY1012",1753207320
3639,"UNUSED_TRUNK_ONLY1013",895996051
3640,"UNUSED_TRUNK_ONLY1014",3280301015
3641,"UNUSED_TRUNK_ONLY1015",3852307559
3642,"UNUSED_TRUNK_ONLY1016",1809489343
3643,"UNUSED_TRUNK_ONLY1017",3230385539
3644,"UNUSED_TRUNK_ONLY1018",1890498623
3645,"UNUSED_TRUNK_ONLY1019",99649587
3646,"UNUSED_TRUNK_ONLY1020",3881816567
3647,"UNUSED_TRUNK_ONLY1021",4209688476
3648,"UNUSED_TRUNK_ONLY1022",3370726258
3649,"UNUSED_TRUNK_ONLY1023",1527592076
3650,"UNUSED_TRUNK_ONLY1024",1062014076
3651,"UNUSED_TRUNK_ONLY1025",3732109145
3652,"UNUSED_TRUNK_ONLY1026",3865072381
3653,"UNUSED_TRUNK_ONLY1027",225751593
3654,"UNUSED_TRUNK_ONLY1028",949005411
3655,"UNUSED_TRUNK_ONLY1029",3468674988
3656,"UNUSED_TRUNK_ONLY1030",121892190
3657,"UNUSED_TRUNK_ONLY1031",2581430876
3658,"UNUSED_TRUNK_ONLY1032",3354615301
3659,"UNUSED_TRUNK_ONLY1033",2548141640
3660,"UNUSED_TRUNK_ONLY1034",1937891654
3661,"UNUSED_TRUNK_ONLY1035",1618183556
3662,"UNUSED_TRUNK_ONLY1036",734263036
3663,"UNUSED_TRUNK_ONLY1037",198550116
3664,"UNUSED_TRUNK_ONLY1038",940400292
3665,"UNUSED_TRUNK_ONLY1039",83761027
3666,"UNUSED_TRUNK_ONLY1040",3687011779
3667,"UNUSED_TRUNK_ONLY1041",2449212210
3668,"UNUSED_TRUNK_ONLY1042",2012070260
3669,"UNUSED_TRUNK_ONLY1043",3840321857
3670,"UNUSED_TRUNK_ONLY1044",2122982718
3671,"UNUSED_TRUNK_ONLY1045",457334715
3672,"UNUSED_TRUNK_ONLY1046",1129813626
3673,"UNUSED_TRUNK_ONLY1047",1698630701
3674,"UNUSED_TRUNK_ONLY1048",122308019
3675,"UNUSED_TRUNK_ONLY1049",3183162514
3676,"UNUSED_TRUNK_ONLY1050",2980970694
3677,"UNUSED_TRUNK_ONLY1051",1787572067
3678,"UNUSED_TRUNK_ONLY1052",2398126799
3679,"UNUSED_TRUNK_ONLY1053",2930970694
3680,"UNUSED_TRUNK_ONLY1054",3875203320
3681,"UNUSED_TRUNK_ONLY1055",2782818745
3682,"UNUSED_TRUNK_ONLY1056",3888333214
3683,"UNUSED_TRUNK_ONLY1057",1802334660
3684,"UNUSED_TRUNK_ONLY1058",2670354175
3685,"UNUSED_TRUNK_ONLY1059",4143185841
3686,"UNUSED_TRUNK_ONLY1060",2473004870
3687,"UNUSED_TRUNK_ONLY1061",3040741894
3688,"UNUSED_TRUNK_ONLY1062",2636365032
3689,"UNUSED_TRUNK_ONLY1063",682901348
3690,"UNUSED_TRUNK_ONLY1064",2434702040
3691,"UNUSED_TRUNK_ONLY1065",686972791
3692,"UNUSED_TRUNK_ONLY1066",2358260408
3693,"UNUSED_TRUNK_ONLY1067",2039332641
3694,"UNUSED_TRUNK_ONLY1068",510859242
3695,"UNUSED_TRUNK_ONLY1069",4182048779
3696,"UNUSED_TRUNK_ONLY1070",4218417033
3697,"UNUSED_TRUNK_ONLY1071",1623107520
3698,"UNUSED_TRUNK_ONLY1072",1116114197
3699,"UNUSED_TRUNK_ONLY1073",1196155883
3700,"UNUSED_TRUNK_ONLY1074",1696892163
3701,"UNUSED_TRUNK_ONLY1075",3652927970
3702,"UNUSED_TRUNK_ONLY1076",3244717633
3703,"UNUSED_TRUNK_ONLY1077",1461533643
3704,"UNUSED_TRUNK_ONLY1078",1421500154
3705,"UNUSED_TRUNK_ONLY1079",1011016542
3706,"UNUSED_TRUNK_ONLY1080",607914161
3707,"UNUSED_TRUNK_ONLY1081",3271902865
3708,"UNUSED_TRUNK_ONLY1082",2917213174
3709,"UNUSED_TRUNK_ONLY1083",4044370319
3710,"UNUSED_TRUNK_ONLY1084",4133544134
3711,"UNUSED_TRUNK_ONLY1085",2707721221
3712,"UNUSED_TRUNK_ONLY1086",267065867
3713,"UNUSED_TRUNK_ONLY1087",3286808995
3714,"UNUSED_TRUNK_ONLY1088",3202915764
3715,"UNUSED_TRUNK_ONLY1089",3381022748
3716,"UNUSED_TRUNK_ONLY1090",2825729192
3717,"UNUSED_TRUNK_ONLY1091",1226351714
3718,"UNUSED_TRUNK_ONLY1092",2023301455
3719,"UNUSED_TRUNK_ONLY1093",2105586709
3720,"UNUSED_TRUNK_ONLY1094",1708623523
3721,"UNUSED_TRUNK_ONLY1095",2698838777
3722,"UNUSED_TRUNK_ONLY1096",653266561
3723,"UNUSED_TRUNK_ONLY1097",1406302653
3724,"UNUSED_TRUNK_ONLY1098",650072535
3725,"UNUSED_TRUNK_ONLY1099",1686631654
3726,"UNUSED_TRUNK_ONLY1100",1674344805
3727,"UNUSED_TRUNK_ONLY1101",1180411340
3728,"UNUSED_TRUNK_ONLY1102",794774445
3729,"UNUSED_TRUNK_ONLY1103",507085332
3730,"UNUSED_TRUNK_ONLY1104",1441243845
3731,"UNUSED_TRUNK_ONLY1105",797901065
3732,"UNUSED_TRUNK_ONLY1106",834567090
3733,"UNUSED_TRUNK_ONLY1107",3412013645
3734,"UNUSED_TRUNK_ONLY1108",3974482138
3735,"UNUSED_TRUNK_ONLY1109",3233920448
3736,"UNUSED_TRUNK_ONLY1110",2129828067
3737,"UNUSED_TRUNK_ONLY1111",852311041
3738,"UNUSED_TRUNK_ONLY1112",1520421812
3739,"UNUSED_TRUNK_ONLY1113",3908868366
3740,"UNUSED_TRUNK_ONLY1114",219273978
3741,"UNUSED_TRUNK_ONLY1115",1747493608
3742,"UNUSED_TRUNK_ONLY1116",1599018722
3743,"UNUSED_TRUNK_ONLY1117",4072521473
3744,"UNUSED_TRUNK_ONLY1118",3321429990
3745,"UNUSED_TRUNK_ONLY1119",200255925
3746,"UNUSED_TRUNK_ONLY1120",331481162
3747,"UNUSED_TRUNK_ONLY1121",3877140636
3748,"UNUSED_TRUNK_ONLY1122",1377879291
3749,"UNUSED_TRUNK_ONLY1123",1923222562
3750,"UNUSED_TRUNK_ONLY1124",990402320
3751,"UNUSED_TRUNK_ONLY1125",2621275994
3752,"UNUSED_TRUNK_ONLY1126",1063430761
3753,"UNUSED_TRUNK_ONLY1127",737972508
3754,"UNUSED_TRUNK_ONLY1128",436628504
3755,"UNUSED_TRUNK_ONLY1129",2094152347
3756,"UNUSED_TRUNK_ONLY1130",2038690148
3757,"UNUSED_TRUNK_ONLY1131",1826768617
3758,"UNUSED_TRUNK_ONLY1132",1368894612
3759,"UNUSED_TRUNK_ONLY1133",610298947
3760,"UNUSED_TRUNK_ONLY1134",3615103858
3761,"UNUSED_TRUNK_ONLY1135",1382067345
3762,"UNUSED_TRUNK_ONLY1136",3688590820
3763,"UNUSED_TRUNK_ONLY1137",3739703309
3764,"UNUSED_TRUNK_ONLY1138",2047479206
3765,"UNUSED_TRUNK_ONLY1139",2921965211
3766,"UNUSED_TRUNK_ONLY1140",157472194
3767,"UNUSED_TRUNK_ONLY1141",3412063911
3768,"UNUSED_TRUNK_ONLY1142",2777977969
3769,"UNUSED_TRUNK_ONLY1143",760523021
3770,"UNUSED_TRUNK_ONLY1144",1814423514
3771,"UNUSED_TRUNK_ONLY1145",1059121943
3772,"UNUSED_TRUNK_ONLY1146",106438007
3773,"UNUSED_TRUNK_ONLY1147",3677940508
3774,"UNUSED_TRUNK_ONLY1148",1364715530
3775,"UNUSED_TRUNK_ONLY1149",1823918825
3776,"UNUSED_TRUNK_ONLY1150",2136833790
3777,"UNUSED_TRUNK_ONLY1151",2149291476
3778,"UNUSED_TRUNK_ONLY1152",4213237526
3779,"UNUSED_TRUNK_ONLY1153",4263068092
3780,"UNUSED_TRUNK_ONLY1154",3437756629
3781,"UNUSED_TRUNK_ONLY1155",2493507898
3782,"UNUSED_TRUNK_ONLY1156",1807999128
3783,"UNUSED_TRUNK_ONLY1157",1531728761
3784,"UNUSED_TRUNK_ONLY1158",128880386
3785,"UNUSED_TRUNK_ONLY1159",2257280639
3786,"UNUSED_TRUNK_ONLY1160",1443374327
3787,"UNUSED_TRUNK_ONLY1161",1184794924
3788,"UNUSED_TRUNK_ONLY1162",518930783
3789,"UNUSED_TRUNK_ONLY1163",2993961245
3790,"UNUSED_TRUNK_ONLY1164",1094589532
3791,"UNUSED_TRUNK_ONLY1165",2289123213
3792,"UNUSED_TRUNK_ONLY1166",3487227491
3793,"UNUSED_TRUNK_ONLY1167",3289901368
3794,"UNUSED_TRUNK_ONLY1168",2589339186
3795,"UNUSED_TRUNK_ONLY1169",732402633
3796,"UNUSED_TRUNK_ONLY1170",859792000
3797,"UNUSED_TRUNK_ONLY1171",4104871981
3798,"UNUSED_TRUNK_ONLY1172",3542880397
3799,"UNUSED_TRUNK_ONLY1173",1267043973
3800,"UNUSED_TRUNK_ONLY1174",1684268533
3801,"UNUSED_TRUNK_ONLY1175",4017998951
3802,"UNUSED_TRUNK_ONLY1176",419801744
3803,"UNUSED_TRUNK_ONLY1177",1122410814
3804,"UNUSED_TRUNK_ONLY1178",2847107107
3805,"UNUSED_TRUNK_ONLY1179",3998923816
3806,"UNUSED_TRUNK_ONLY1180",832972046
3807,"UNUSED_TRUNK_ONLY1181",1320641151
3808,"UNUSED_TRUNK_ONLY1182",608846846
3809,"UNUSED_TRUNK_ONLY1183",1550947694
3810,"UNUSED_TRUNK_ONLY1184",3362959287
3811,"UNUSED_TRUNK_ONLY1185",1130887091
3812,"UNUSED_TRUNK_ONLY1186",4014558361
3813,"UNUSED_TRUNK_ONLY1187",4046601110
3814,"UNUSED_TRUNK_ONLY1188",1891143228
3815,"UNUSED_TRUNK_ONLY1189",4272555677
3816,"UNUSED_TRUNK_ONLY1190",1268216645
3817,"UNUSED_TRUNK_ONLY1191",2461917098
3818,"UNUSED_TRUNK_ONLY1192",3331874129
3819,"UNUSED_TRUNK_ONLY1193",2685475084
3820,"UNUSED_TRUNK_ONLY1194",3131025100
3821,"UNUSED_TRUNK_ONLY1195",2408772002
3822,"UNUSED_TRUNK_ONLY1196",1826562335
3823,"UNUSED_TRUNK_ONLY1197",1140981747
3824,"UNUSED_TRUNK_ONLY1198",1649644451
3825,"UNUSED_TRUNK_ONLY1199",2563789595
3826,"UNUSED_TRUNK_ONLY1200",2259408024
3827,"UNUSED_TRUNK_ONLY1201",2429998774
3828,"UNUSED_TRUNK_ONLY1202",3490014149
3829,"UNUSED_TRUNK_ONLY1203",1674932254
3830,"UNUSED_TRUNK_ONLY1204",556492136
3831,"UNUSED_TRUNK_ONLY1205",1688996646
3832,"UNUSED_TRUNK_ONLY1206",570486887
3833,"UNUSED_TRUNK_ONLY1207",3046287183
3834,"UNUSED_TRUNK_ONLY1208",1756962980
3835,"UNUSED_TRUNK_ONLY1209",44225238
3836,"UNUSED_TRUNK_ONLY1210",3805283149
3837,"UNUSED_TRUNK_ONLY1211",66331072
3838,"UNUSED_TRUNK_ONLY1212",1471819342
3839,"UNUSED_TRUNK_ONLY1213",958610553
3840,"UNUSED_TRUNK_ONLY1214",3159553966
3841,"UNUSED_TRUNK_ONLY1215",4081660964
3842,"UNUSED_TRUNK_ONLY1216",3415818588
3843,"UNUSED_TRUNK_ONLY1217",4095104483
3844,"UNUSED_TRUNK_ONLY1218",558482951
3845,"UNUSED_TRUNK_ONLY1219",2298992099
3846,"UNUSED_TRUNK_ONLY1220",465277761
3847,"UNUSED_TRUNK_ONLY1221",2351957762
3848,"UNUSED_TRUNK_ONLY1222",3206238634
3849,"UNUSED_TRUNK_ONLY1223",1777510499
3850,"UNUSED_TRUNK_ONLY1224",3919290383
3851,"UNUSED_TRUNK_ONLY1225",626011975
3852,"UNUSED_TRUNK_ONLY1226",1952613719
3853,"UNUSED_TRUNK_ONLY1227",2349846967
3854,"UNUSED_TRUNK_ONLY1228",2883645804
3855,"UNUSED_TRUNK_ONLY1229",4145879823
3856,"UNUSED_TRUNK_ONLY1230",2646669369
3857,"UNUSED_TRUNK_ONLY1231",217312063
3858,"UNUSED_TRUNK_ONLY1232",267929794
3859,"UNUSED_TRUNK_ONLY1233",3868137689
3860,"UNUSED_TRUNK_ONLY1234",4119429401
3861,"UNUSED_TRUNK_ONLY1235",1975029637
3862,"UNUSED_TRUNK_ONLY1236",1352195072
3863,"UNUSED_TRUNK_ONLY1237",2232672924
3864,"UNUSED_TRUNK_ONLY1238",144345057
3865,"UNUSED_TRUNK_ONLY1239",2626830980
3866,"UNUSED_TRUNK_ONLY1240",1181851088
3867,"UNUSED_TRUNK_ONLY1241",1556108762
3868,"UNUSED_TRUNK_ONLY1242",3370667977
3869,"UNUSED_TRUNK_ONLY1243",3597335218
3870,"UNUSED_TRUNK_ONLY1244",658424404
3871,"UNUSED_TRUNK_ONLY1245",2898433866
3872,"UNUSED_TRUNK_ONLY1246",1982423099
3873,"UNUSED_TRUNK_ONLY1247",4271434779
3874,"UNUSED_TRUNK_ONLY1248",178389625
3875,"UNUSED_TRUNK_ONLY1249",2271014954
3876,"UNUSED_TRUNK_ONLY1250",1742785890
3877,"UNUSED_TRUNK_ONLY1251",180233488
3878,"UNUSED_TRUNK_ONLY1252",784001786
3879,"UNUSED_TRUNK_ONLY1253",2791183101
3880,"UNUSED_TRUNK_ONLY1254",1246855549
3881,"UNUSED_TRUNK_ONLY1255",140344316
3882,"UNUSED_TRUNK_ONLY1256",2484531495
3883,"UNUSED_TRUNK_ONLY1257",1094663921
3884,"UNUSED_TRUNK_ONLY1258",4034026470
3885,"UNUSED_TRUNK_ONLY1259",2533082424
3886,"UNUSED_TRUNK_ONLY1260",3129978256
3887,"UNUSED_TRUNK_ONLY1261",1703708148
3888,"UNUSED_TRUNK_ONLY1262",1875911563
3889,"UNUSED_TRUNK_ONLY1263",2321161070
3890,"UNUSED_TRUNK_ONLY1264",3168733020
3891,"UNUSED_TRUNK_ONLY1265",3203942083
3892,"UNUSED_TRUNK_ONLY1266",28130667
3893,"UNUSED_TRUNK_ONLY1267",1148231589
3894,"UNUSED_TRUNK_ONLY1268",583590525
3895,"UNUSED_TRUNK_ONLY1269",2567409339
3896,"UNUSED_TRUNK_ONLY1270",3103783697
3897,"UNUSED_TRUNK_ONLY1271",2659668353
3898,"UNUSED_TRUNK_ONLY1272",3929967910
3899,"UNUSED_TRUNK_ONLY1273",4192084677
3900,"UNUSED_TRUNK_ONLY1274",3563462429
3901,"UNUSED_TRUNK_ONLY1275",606975979
3902,"UNUSED_TRUNK_ONLY1276",966979792
3903,"UNUSED_TRUNK_ONLY1277",2372411203
3904,"UNUSED_TRUNK_ONLY1278",1902723660
3905,"UNUSED_TRUNK_ONLY1279",176598270
3906,"UNUSED_TRUNK_ONLY1280",3965724164
3907,"UNUSED_TRUNK_ONLY1281",1480361211
3908,"UNUSED_TRUNK_ONLY1282",1822198386
3909,"UNUSED_TRUNK_ONLY1283",3722017773
3910,"UNUSED_TRUNK_ONLY1284",2322517599
3911,"UNUSED_TRUNK_ONLY1285",3902240979
3912,"UNUSED_TRUNK_ONLY1286",991745550
3913,"UNUSED_TRUNK_ONLY1287",646860362
3914,"UNUSED_TRUNK_ONLY1288",354733332
3915,"UNUSED_TRUNK_ONLY1289",2847670387
3916,"UNUSED_TRUNK_ONLY1290",822579149
3917,"UNUSED_TRUNK_ONLY1291",2025449942
3918,"UNUSED_TRUNK_ONLY1292",3432429556
3919,"UNUSED_TRUNK_ONLY1293",3846476753
3920,"UNUSED_TRUNK_ONLY1294",2720922588
3921,"UNUSED_TRUNK_ONLY1295",2212168077
3922,"UNUSED_TRUNK_ONLY1296",43421380
3923,"UNUSED_TRUNK_ONLY1297",2976455749
3924,"UNUSED_TRUNK_ONLY1298",2401063004
3925,"UNUSED_TRUNK_ONLY1299",3991159797
3926,"UNUSED_TRUNK_ONLY1300",2880009888
3927,"UNUSED_TRUNK_ONLY1301",4277511289
3928,"UNUSED_TRUNK_ONLY1302",427994004
3929,"UNUSED_TRUNK_ONLY1303",3790294336
3930,"UNUSED_TRUNK_ONLY1304",1080013107
3931,"UNUSED_TRUNK_ONLY1305",502322893
3932,"UNUSED_TRUNK_ONLY1306",1404173080
3933,"UNUSED_TRUNK_ONLY1307",1655030994
3934,"UNUSED_TRUNK_ONLY1308",1997642396
3935,"UNUSED_TRUNK_ONLY1309",792232473
3936,"UNUSED_TRUNK_ONLY1310",1742347089
3937,"UNUSED_TRUNK_ONLY1311",2749792163
3938,"UNUSED_TRUNK_ONLY1312",1935154873
3939,"UNUSED_TRUNK_ONLY1313",3134018946
3940,"UNUSED_TRUNK_ONLY1314",3257691624
3941,"UNUSED_TRUNK_ONLY1315",2195063217
3942,"UNUSED_TRUNK_ONLY1316",3548380183
3943,"UNUSED_TRUNK_ONLY1317",47917569
3944,"UNUSED_TRUNK_ONLY1318",366164696
3945,"UNUSED_TRUNK_ONLY1319",3956926228
3946,"UNUSED_TRUNK_ONLY1320",3458031234
3947,"UNUSED_TRUNK_ONLY1321",635797016
3948,"UNUSED_TRUNK_ONLY1322",512713341
3949,"UNUSED_TRUNK_ONLY1323",556451578
3950,"UNUSED_TRUNK_ONLY1324",2807485337
3951,"UNUSED_TRUNK_ONLY1325",3561851956
3952,"UNUSED_TRUNK_ONLY1326",3719862908
3953,"UNUSED_TRUNK_ONLY1327",1810618190
3954,"UNUSED_TRUNK_ONLY1328",864454919
3955,"UNUSED_TRUNK_ONLY1329",3373418351
3956,"UNUSED_TRUNK_ONLY1330",2717193825
3957,"UNUSED_TRUNK_ONLY1331",4015814606
3958,"UNUSED_TRUNK_ONLY1332",3668771908
3959,"UNUSED_TRUNK_ONLY1333",3162733621
3960,"UNUSED_TRUNK_ONLY1334",2308974220
3961,"UNUSED_TRUNK_ONLY1335",4011285109
3962,"UNUSED_TRUNK_ONLY1336",1660023188
3963,"UNUSED_TRUNK_ONLY1337",3887341012
3964,"UNUSED_TRUNK_ONLY1338",1755792428
3965,"UNUSED_TRUNK_ONLY1339",2161085554
3966,"UNUSED_TRUNK_ONLY1340",1078118885
3967,"UNUSED_TRUNK_ONLY1341",1320260986
3968,"UNUSED_TRUNK_ONLY1342",1915745440
3969,"UNUSED_TRUNK_ONLY1343",2309701504
3970,"UNUSED_TRUNK_ONLY1344",1955049170
3971,"UNUSED_TRUNK_ONLY1345",2629410500
3972,"UNUSED_TRUNK_ONLY1346",1285821716
3973,"UNUSED_TRUNK_ONLY1347",1760688507
3974,"UNUSED_TRUNK_ONLY1348",3429747192
3975,"UNUSED_TRUNK_ONLY1349",721715050
3976,"UNUSED_TRUNK_ONLY1350",578649780
3977,"UNUSED_TRUNK_ONLY1351",1909175890
3978,"UNUSED_TRUNK_ONLY1352",2830872596
3979,"UNUSED_TRUNK_ONLY1353",2988569881
3980,"UNUSED_TRUNK_ONLY1354",2600356301
3981,"UNUSED_TRUNK_ONLY1355",325948588
3982,"UNUSED_TRUNK_ONLY1356",2478658686
3983,"UNUSED_TRUNK_ONLY1357",3248357792
3984,"UNUSED_TRUNK_ONLY1358",2828261297
3985,"UNUSED_TRUNK_ONLY1359",1019210666
3986,"UNUSED_TRUNK_ONLY1360",292613354
3987,"UNUSED_TRUNK_ONLY1361",911475895
3988,"UNUSED_TRUNK_ONLY1362",1610252346
3989,"UNUSED_TRUNK_ONLY1363",3005697819
3990,"UNUSED_TRUNK_ONLY1364",2219712930
3991,"UNUSED_TRUNK_ONLY1365",12698257
3992,"UNUSED_TRUNK_ONLY1366",1905247062
3993,"UNUSED_TRUNK_ONLY1367",1348439972
3994,"UNUSED_TRUNK_ONLY1368",819462641
3995,"UNUSED_TRUNK_ONLY1369",81469094
3996,"UNUSED_TRUNK_ONLY1370",3752191905
3997,"UNUSED_TRUNK_ONLY1371",2643044281
3998,"UNUSED_TRUNK_ONLY1372",3048653897
