"rownum","Id","Name","Name (French)","Name (German)","Name (Japanese)","Name (Korean)","Name (Portuguese)","Name (Russian)","Name (Spanish)","Name (Thai)","Name (Traditional Chinese)","IsCategory","Category","bool_25","string_26","bool_34","i32_35","i32_39","string_43"
0,"Specials","Specials","Offres du moment","Angebote","特売品","할인 아이템","Especiais","Скидки","Especiales","ราคาพิเศษ","特殊",1,"","","","",-16843010,-16843010,""
1,"NewItems","New","— Nouveautés —","Neu","新商品","신규","Novos","Новинки","Nuevo","มาใหม่","新品上架",1,"","","","",-16843010,-16843010,""
2,"StashTabs","Stash Tabs","Onglets de Réserve","Truhenfächer","スタッシュタブ","보관함 탭","Abas de Baú","Секции сундука","Pestañas de alijo","แท็บเก็บของ","倉庫頁",1,"","","","",-16843010,-16843010,""
3,"Bundles","Bundles","Bundles","Pakete","バンドル","꾸러미","Pacotes","Наборы","Paquetes","ชุดสุดคุ้ม","組合包",1,"","","","",-16843010,-16843010,""
4,"ArmourEffects","Armour","Pièces d'armure","Rüstung","アーマー","방어구","Armaduras","Доспехи","Armaduras","ชุดเกราะ","護甲效果",1,"","","","",-16843010,-16843010,""
5,"BackAttachments","Back Attachments","Accessoires dorsaux","Rückenzusätze","背面装飾品","등 부착물","Adornos Dorsais","Заплечные украшения","Accesorios para la espalda","แฟชั่นติดหลัง","背飾",1,"","","","",-16843010,-16843010,""
6,"WeaponEffects","Weapon","Arme","Waffe","武器","무기","Armas","Оружие","Armas","อาวุธ","武器效果",1,"","","","",-16843010,-16843010,""
7,"Weapon","Weapon","Arme","Waffe","武器","무기","Armas","Оружие","Armas","อาวุธ","武器","","","","","",-16843010,-16843010,""
8,"FinisherEffects","Finisher Effects","Effets de mise à mort","Vollstreckereffekte","フィニッシャーエフェクト","마무리 이펙트","Efeitos Finalizadores","Эффекты добивания","Efectos de remate","เอฟเฟคปลิดชีพ","終結特效",1,"","","","",-16843010,-16843010,""
9,"Portals","Portals","Portails","Portale","ポータル","포탈","Portais","Порталы","Portales","วาร์ป","傳送門",1,"","","","",-16843010,-16843010,""
10,"AlternateSkillEffects","Skill Effects","Effets d'aptitudes","Fertigkeiten","スキルエフェクト","스킬 이펙트","Habilidades","Эффекты умений","Efectos de habilidades","เอฟเฟคสกิล","技能效果",1,"","","","",-16843010,-16843010,""
11,"CharacterEffects","Character","Effets de personnage","Charakter","キャラクター","캐릭터","Personagens","Персонаж","Personaje","ตัวละคร","角色效果",1,"","","","",-16843010,-16843010,""
12,"Character","Character","Perosnnage","Charakter","キャラクター","캐릭터","Personagens","Персонаж","Personaje","ตัวละคร","角色","","","","","",-16843010,-16843010,""
13,"FootprintEffects","Footprints","Effet d'empreintes de pas","Fußspuren","足跡","발자국","Pegadas","Следы","Huellas","รอยเท้า","足跡效果",1,"","","","",-16843010,-16843010,""
14,"Guild","Guild","Guilde","Gilde","ギルド","길드","Guilda","Гильдия","Hermandad","กิลด์","公會功能",1,"","","","",-16843010,-16843010,""
15,"GuildHideout","Guild Hideout","Repaire de Guilde","Gildenversteck","ギルドの隠れ家","길드 은신처","Refúgios de Guilda","Убежище гильдии","Guarida de hermandad","ที่ซ่อนกิลด์","公會藏身處",1,"","","","",-16843010,-16843010,""
16,"Pets","Pets","Familiers","Begleiter","ペット","애완동물","Mascotes","Питомцы","Mascotas","สัตว์เลี้ยง","寵物",1,"","","","",-16843010,-16843010,""
17,"Hideout","Hideout","Repaire","Versteck","隠れ家","은신처","Refúgio","Убежище","Guarida","ที่ซ่อน","裝飾物",1,"","","","",-16843010,-16843010,""
18,"VisualEffects","Visual Effects","Effets visuels","Visuelle Effekte","視覚エフェクト","시각 이펙트","Efeitos Visuais","Визуальные эффекты","Efectos visuales","ภาพเอฟเฟค","視覺效果",1,"","","","",-16843010,-16843010,""
19,"GuildHideouts","Hideouts","Repaires","Verstecke","隠れ家","은신처","Refúgios","Убежища","Guaridas","ที่ซ่อน","藏身處","","","","","",-16843010,-16843010,""
20,"GuildStashTabs","Stash Tabs","Onglets de Réserve","Truhenfächer","スタッシュタブ","보관함 탭","Abas de Baú","Секции сундука","Pestañas de alijo","แท็บ","倉庫頁","","","","","",-16843010,-16843010,""
21,"GuildHideoutSkins","Utility Skins","Apparences utilitaires","Allgemeine Skins","ユーティリティスキン","특수 스킨","Visuais Utilitários","Прочие декорации для убежища гильдии","Aspectos de utilidad","สกินช่วยเหลือ","功能外觀","","","","","",-16843010,-16843010,""
22,"GuildBundles","Bundles","Bundles","Pakete","バンドル","꾸러미","Pacotes","Наборы","Paquetes","ชุดสุดคุ้ม","組合包","","","","","",-16843010,-16843010,""
23,"GuildHideoutDecorations","Decorations","Décorations","Dekorationen","装飾品","장식물","Decoraçõeas","Декорации","Decoraciones","ของตกแต่ง","裝飾物","","","","","",-16843010,-16843010,""
24,"Consumable","Consumable","Consommable","Verbrauchbar","消耗品","소모품","Consumível","Расходуемое","Consumibles","ใช้แล้วหมดไป","消耗品","","","","","",-16843010,-16843010,""
25,"MysteryPacks","Mystery Packs","Packs mystères","Überraschungspakete","ミステリーパック","미스터리 팩","Pacotes Misteriosos","Загадочные коробки","Paquetes misteriosos","แพ็คปริศนา","神秘寶箱","",24,"","","",-16843010,-16843010,""
26,"MostPopular","Most Popular","Plus populaires","Am beliebtesten","最も人気","최고 인기","Mais Populares","Популярные","Los más populares","เป็นที่นิยม","熱門商品","","","","","",-16843010,-16843010,""
27,"AccountFeatures","Account Features","Fonctions de compte","Kontoeigenschaften","アカウント機能","계정 요소","Funcionalidades da Conta","Свойства аккаунта","Características para la cuenta","ฟีเจอร์บัญชี","帳號功能",1,"","","","",-16843010,-16843010,""
28,"ClassicEffects","Classic Effects","Effets classiques","Klassische Effekte","クラシックエフェクト","고전적인 이펙트","Efeitos Clássicos","Эффекты","Efectos clásicos","เอฟเฟคคลาสสิก","經典效果","","","","","",-16843010,-16843010,""
29,"PoE2MysteryBoxes","Mystery Boxes","Mystery Boxes","Mystery Boxes","Mystery Boxes","Mystery Boxes","Mystery Boxes","Mystery Boxes","Mystery Boxes","Mystery Boxes","Mystery Boxes","","",1,"Art/2DArt/UIImages/InGame/ConsoleNew/Shop/AllitemsSub/SubFlagEffects","",-16843010,-16843010,"Art/2DArt/UIImages/InGame/ConsoleNew/Shop/Allitems/AllitemsFrame13"
30,"PoE2StashTabs","Stash Tabs","Onglets de Réserve","Truhenfächer","スタッシュタブ","Stash Tabs","Abas de Baú","Секции сундука","Pestañas de alijo","แท็บเก็บของ","倉庫頁","","",1,"Art/2DArt/UIImages/InGame/ConsoleNew/Shop/AllitemsSub/SubFlagStashes","",-16843010,-16843010,"Art/2DArt/UIImages/InGame/ConsoleNew/Shop/Allitems/AllitemsFrame1"
31,"PoE2Armour","Armour","Armure","Rüstung","防具","Armour","Armadura","Доспехи","Armaduras","เกราะ","護甲","","",1,"Art/2DArt/UIImages/InGame/ConsoleNew/Shop/AllitemsSub/SubFlagArmour","",-16843010,-16843010,"Art/2DArt/UIImages/InGame/ConsoleNew/Shop/Allitems/AllitemsFrame2"
32,"PoE2Weapons","Weapon","Arme","Waffe","武器","Weapon","Armas","Оружие","Armas","อาวุธ","武器","","",1,"Art/2DArt/UIImages/InGame/ConsoleNew/Shop/AllitemsSub/SubFlagWeapons","",-16843010,-16843010,"Art/2DArt/UIImages/InGame/ConsoleNew/Shop/Allitems/AllitemsFrame4"
33,"PoE2Portals","Portals","Portails","Portale","ポータル","Portals","Portais","Порталы","Portales","วาร์ป","時空之門","","",1,"Art/2DArt/UIImages/InGame/ConsoleNew/Shop/AllitemsSub/SubFlagPortals","",-16843010,-16843010,"Art/2DArt/UIImages/InGame/ConsoleNew/Shop/Allitems/AllitemsFrame5"
34,"PoE2Pets","Pets","Familiers","Begleiter","ペット","Pets","Mascotes","Питомцы","Mascotas","สัตว์เลี้ยง","寵物","","",1,"Art/2DArt/UIImages/InGame/ConsoleNew/Shop/AllitemsSub/SubFlagPets","",-16843010,-16843010,"Art/2DArt/UIImages/InGame/ConsoleNew/Shop/Allitems/AllitemsFrame7"
35,"PoE2GemEffects","Gem Effects","Gem Effects","Gem Effects","Gem Effects","Gem Effects","Gem Effects","Gem Effects","Gem Effects","Gem Effects","Gem Effects","","",1,"Art/2DArt/UIImages/InGame/ConsoleNew/Shop/AllitemsSub/SubFlagEffects","",-16843010,-16843010,"Art/2DArt/UIImages/InGame/ConsoleNew/Shop/Allitems/AllitemsFrame10"
36,"PoE2VisualEffects","Visual Effects","Effets visuels","Visuelle Effekte","視覚効果","Visual Effects","Efeitos Visuais","Визуальные эффекты","Efectos visuales","ภาพเอฟเฟค","視覺效果","","",1,"Art/2DArt/UIImages/InGame/ConsoleNew/Shop/AllitemsSub/SubFlagEffects","",-16843010,-16843010,"Art/2DArt/UIImages/InGame/ConsoleNew/Shop/Allitems/AllitemsFrame9"
37,"PoE2Accessories","Accessories","Accessoires","Accessoires","アクセサリー","Accessories","Acessórios","Аксессуары","Accesorios","เครื่องประดับ","配件","","",1,"Art/2DArt/UIImages/InGame/ConsoleNew/Shop/AllitemsSub/SubFlagCharacter","",-16843010,-16843010,"Art/2DArt/UIImages/InGame/ConsoleNew/Shop/Allitems/AllitemsFrame11"
38,"PoE2AccountFeatures","Account Features","Fonctions de compte","Kontofunktionen","アカウント機能","Account Features","Recursos da Conta","Свойства аккаунта","<size:25>{Funciones de \nla cuenta}","ฟีเจอร์บัญชี","帳號功能","","",1,"Art/2DArt/UIImages/InGame/ConsoleNew/Shop/AllitemsSub/SubFlagCharacter","",-16843010,-16843010,"Art/2DArt/UIImages/InGame/ConsoleNew/Shop/Allitems/AllitemsFrame3"
39,"PoE2Hideouts","Hideouts","Repaires","Verstecke","隠れ家","Hideouts","Refúgios","Убежища","Guaridas","ที่ซ่อน","藏身處","","",1,"Art/2DArt/UIImages/InGame/ConsoleNew/Shop/AllitemsSub/SubFlagHideouts","",-16843010,-16843010,"Art/2DArt/UIImages/InGame/ConsoleNew/Shop/Allitems/AllitemsFrame8"
40,"PoE2Bundles","Bundles","Bundles","Pakete","バンドル","Bundles","Pacotes","Наборы","Paquetes","ชุดสุดคุ้ม","組合包","","",1,"Art/2DArt/UIImages/InGame/ConsoleNew/Shop/AllitemsSub/SubFlagCharacter","",-16843010,-16843010,"Art/2DArt/UIImages/InGame/ConsoleNew/Shop/Allitems/AllitemsFrame6"
41,"PoE2GuildStashTabs","Guild Stash Tabs","Onglets de Réserve de Guilde","Gilden\ntruhenfächer","ギルドスタッシュタブ","Guild Stash Tabs","Abas de Baú (Guilda)","Секции хранилища гильдии","Pestañas de alijo para hermandad","แท็บเก็บของกิลด์","公會倉庫頁","","","","Art/2DArt/UIImages/InGame/ConsoleNew/Shop/GuildSub/SubFlagGuildStashes",1,-16843010,-16843010,"Art/2DArt/UIImages/InGame/ConsoleNew/Shop/Guild/GuildStashes"
42,"PoE2GuildHideouts","Hideout Areas","Zones de Repaires","Vesteckgebiete","隠れ家エリア","Hideout Areas","Áreas de Refúgio","Области убежища","Áreas de guarida","ด่านที่ซ่อน","藏身處區域","","","","Art/2DArt/UIImages/InGame/ConsoleNew/Shop/GuildSub/SubFlagGuildHideouts",1,-16843010,-16843010,"Art/2DArt/UIImages/InGame/ConsoleNew/Shop/Guild/GuildHideouts"
43,"PoE2GuildUtilitySkins","Utility Skins","Apparences utilitaires","Allgemeine Skins","ユーティリティスキン","Utility Skins","Visuais Utilitários","Прочие декорации для убежища гильдии","Aspectos de utilidad","สกินช่วยเหลือ","功能外觀","","","","Art/2DArt/UIImages/InGame/ConsoleNew/Shop/GuildSub/SubFlagGuildltems",1,-16843010,-16843010,"Art/2DArt/UIImages/InGame/ConsoleNew/Shop/Guild/Guildltems"
44,"PoE2GuildHideoutDecorations","Hideout Decorations","Décorations de Repaire","Versteck-\nDekorationen","隠れ家装飾品","Hideout Decorations","Decorações de Refúgio","Декорации для убежища","Decoraciones de guarida","ของตกแต่งที่ซ่อน","藏身處裝飾物","","","","Art/2DArt/UIImages/InGame/ConsoleNew/Shop/GuildSub/SubFlagGuildEffects",1,-16843010,-16843010,"Art/2DArt/UIImages/InGame/ConsoleNew/Shop/Guild/GuildEffects"
45,"PoE2GuildFeatures","Guild Features","Fonctions de Guilde","Gildenfunktionen","ギルド機能","Guild Features","Recursos de Guilda","Свойства гильдии","Funciones de hermandad","ฟีเจอร์กิลด์","公會功能","","","","Art/2DArt/UIImages/InGame/ConsoleNew/Shop/GuildSub/SubFlagGuildBundles",1,-16843010,-16843010,"Art/2DArt/UIImages/InGame/ConsoleNew/Shop/Guild/GuildBundles"
46,"TencentHotAndNew","Hot and New","Nouveau & populaire","Brandneu","ホット＆ニュー","화제 및 신규","Novos","Новинки","Novedades","ของใหม่มาแรง","騰訊",1,"","","","",-16843010,-16843010,""
47,"TencentAccountFunctions","Account Functions","Fonctions de compte","Kontofunktionen","アカウント機能","계정 기능","Funções da Conta","Аккаунт","Funciones de la cuenta","ฟังก์ชันบัญชี","騰訊",1,"","","","",-16843010,-16843010,""
48,"TencentGuildFunctions","Guild Functions","Fonctions de Guilde","Gilde-Funktionen","ギルド機能","길드 기능","Funções da Guilda","Гильдия","Funciones de hermandad","ฟังก์ชันกิลด์","騰訊",1,"","","","",-16843010,-16843010,""
49,"TencentCosmetics","Cosmetics","Visuels","Cosmetics","装飾品","꾸미기 항목","Cosméticos","Cosmetics","Cosméticos","สินค้าแฟชั่น","騰訊",1,"","","","",-16843010,-16843010,""
50,"TencentBackAttachments","Back Attachments","Accessoires dorsaux","Back Attachments","背面装飾品","등 부착물","Adornos Dorsais","Back Attachments","Accesorios para la espalda","แฟชั่นติดหลัง","騰訊",1,"","","","",-16843010,-16843010,""
51,"TencentWeaponEffects","Weapon Effects","Effets d'armes","Waffeneffekte","武器エフェクト","무기 이펙트","Efeitos de Armas","Оружие","Efectos para arma","เอฟเฟคอาวุธ","騰訊",1,"","","","",-16843010,-16843010,""
52,"TencentSkillEffects","Skill Effects","Effets d'aptitudes","Fertigkeitseffekte","スキルエフェクト","스킬 이펙트","Efeitos de Habilidades","Эффекты умений","Efectos para habilidades","เอฟเฟคสกิล","騰訊",1,"","","","",-16843010,-16843010,""
53,"TencentCharacterEffects","Character Effects","Effets de personnage","Character Effects","キャラクターエフェクト","캐릭터 이펙트","Efeitos de Personagem","Character Effects","Efectos para el personaje","เอฟเฟคตัวละคร","騰訊",1,"","","","",-16843010,-16843010,""
54,"TencentFootprintsEffects","Footprints Effects","Effets d'empreintes de pas","Footprints Effects","足跡エフェクト","발자국 이펙트","Efeitos de Pegadas","Footprints Effects","Efectos de huellas","เอฟเฟครอยเท้า","騰訊",1,"","","","",-16843010,-16843010,""
55,"TencentPortalEffects","Portal Effects","Effets de portail","Portal Effects","ポータルエフェクト","포탈 이펙트","Efeitos de Portal","Portal Effects","Efectos de portal","เอฟเฟควาร์ป","騰訊",1,"","","","",-16843010,-16843010,""
56,"TencentPets","Pets","Familiers","Begleiter","ペット","애완동물","Mascotes","Питомцы","Mascotas","สัตว์เลี้ยง","騰訊",1,"","","","",-16843010,-16843010,""
57,"TencentHideout","Hideout","Repaire","Hideout","隠れ家","은신처","Refúgio","Hideout","Guarida","ที่ซ่อน","騰訊",1,"","","","",-16843010,-16843010,""
58,"TencentTradeableMicrotransactions","Tradeable Microtransaction","Microtransactions échangeables","Handelbare Mikrotransaktion","交換可能有料アイテム","거래 가능 포인트 아이템","Microtransações Negociáveis","Tradeable Microtransaction","Microtransacciones comerciables","สินค้าแฟชั่นแลกเปลี่ยนได้","騰訊",1,"","","","",-16843010,-16843010,""
59,"TencentSecondary","Tencent Misc","Divers Tencent","Tencent","テンセント その他","텐센트 기타","Tencent Misc"," ","Tencent Misc","อื่นๆ ของ Tencent","騰訊","","","","","",-16843010,-16843010,""
60,"CursorMtx","Cursor Skin","Apparence de curseur","Cursor-Skin","カーソルスキン","커서 스킨","Visual de Cursor","Облик курсора","Aspecto para cursor","สกินเคอร์เซอร์","鼠標外觀","","","","","",-16843010,-16843010,""
61,"HUDMtx","HUD Skin","Apparence d'interface","HUD-Skin","HUDスキン","HUD 스킨","Visual de HUD","HUD","Aspecto para HUD","สกินหน้าจอแสดงผล","HUD 外觀","","","","","",-16843010,-16843010,""
62,"JewelMtx","Passive Jewel Skin","Apparence de Joyau de talent","Juwel-Skin","パッシブジュエルスキン","패시브 주얼 스킨","Visual de Joia Passiva","Внешний вид самоцвета","Aspecto para joya pasiva","สกินจิวเวลพาสซีฟ","天賦珠寶外觀","","","","","",-16843010,-16843010,""
63,"FlaskMtx","Flask Skin","Apparence de Flacon","Fläschchen-Skin","フラスコスキン","플라스크 스킨","Visual de Frasco","Внешний вид флакона","Aspecto para frasco","สกินขวดยา","藥劑外觀","","","","","",-16843010,-16843010,""
64,"BeltMtx","Belt Skin","Apparence de ceinture","Gürtel-Skin","ベルトスキン","허리띠 스킨","Visual de Cinto","Внешний вид пояса","Aspecto para cinturón","สกินเข็มขัด","腰帶外觀","","","","","",-16843010,-16843010,""
65,"AmuletMtx","Amulet Skin","Apparence d'amulette","Amulett-Skin","アミュレットスキン","목걸이 스킨","Visual de Amuleto","Внешний вид амулета","Aspecto para amuleto","สกินสร้อย","項鍊外觀","","","","","",-16843010,-16843010,""
66,"WeaponSkin1Mtx","Main-hand Skin","Apparence de main principale","Waffen-Skin Hauptthand","メインハンドスキン","주 무기 스킨","Visual de Arma Principal","Внешний вид оружия в правой руке","Aspecto para mano principal","สกินมือหลัก","主手外觀","","","","","",-16843010,-16843010,""
67,"WeaponSkin2Mtx","Off-hand Skin","Apparence de main secondaire","Waffen-Skin Nebenhand","オフハンドスキン","보조 장비 스킨","Visual de Arma Secundária","Внешний вид оружия в левой руке","Aspecto para mano secundaria","สกินมือรอง","副手外觀","","","","","",-16843010,-16843010,""
68,"WeaponEffect1Mtx","Main-hand Effect","Effet de main principale","Waffeneffekt Haupthand","メインハンドエフェクト","주 무기 이펙트","Efeito de Arma Principal","Эффект оружия в правой руке","Efecto para mano principal","เอฟเฟคมือหลัก","主手特效","","","","","",-16843010,-16843010,""
69,"WeaponEffect2Mtx","Off-hand Effect","Effet de main secondaire","Waffeneffekt Nebenhand","オフハンドエフェクト","보조 장비 이펙트","Efeito de Arma Secundária","Эффект оружия в левой руке","Efecto para mano secundaria","เอฟเฟคมือรอง","副手特效","","","","","",-16843010,-16843010,""
70,"WeaponAddedEffect1Mtx","Main-hand Added Effect","Rajout d'effet de main principale","Zusätzlicher Waffeneffekt Haupthand","メインハンド追加エフェクト","주 무기 추가 이펙트","Efeito de Arma Principal Adicional","Добавленный эффект оружия в правой руке","Efecto agregado para mano principal","เอฟเฟคมือหลักเพิ่มเติม","主手附加特效","","","","","",-16843010,-16843010,""
71,"WeaponAddedEffect2Mtx","Off-hand Added Effect","Rajout d'effet de main secondaire","Zusätzlicher Waffeneffekt Nebenhand","オフハンド追加エフェクト","보조 장비 추가 이펙트","Efeito de Arma Secundária Adicional","Добавленный эффект оружия в левой руке","Efecto agregado para mano secundaria","เอฟเฟคมือรองเพิ่มเติม","副手附加特效","","","","","",-16843010,-16843010,""
72,"HelmetSkinMtx","Helmet Skin","Visuel de casque","Helm-Skin","兜スキン","투구 스킨","Visual de Elmo","Внешний вид шлема","Aspecto para casco","สกินหมวก","頭部外觀","",4,"","","",-16843010,-16843010,""
73,"HelmetAttachmentMtx","Helmet Attachment","Accessoire de casque","Helmzusatz","兜装飾品","투구 부착물","Adorno de Elmo","Эффект шлема","Accesorio para casco","แฟชั่นติดหมวก","頭部特效","",4,"","","",-16843010,-16843010,""
74,"ArmourSkinMtx","Armour Skin","Visuel d'armure","Körperrüstung-Skin","鎧スキン","방어구 스킨","Visual de Armadura","Внешний вид брони","Aspecto para armadura","สกินเกราะ","身體外觀","",4,"","","",-16843010,-16843010,""
75,"ArmourAttachmentMtx","Armour Attachment","Accessoire d'armure","Körperrüstungszusatz","鎧装飾品","방어구 부착물","Adorno de Armadura","Заплечное украшение","Accesorio para armadura","แฟชั่นติดเกราะ","背飾","",4,"","","",-16843010,-16843010,""
76,"GlovesMtx","Gloves","Gants","Handschuhe","手袋","장갑","Luvas","Перчатки","Guantes","ถุงมือ","手部外觀","",4,"","","",-16843010,-16843010,""
77,"BootsMtx","Boots","Bottes","Stiefel","靴","장화","Botas","Сапоги","Botas","รองเท้า","腳部外觀","",4,"","","",-16843010,-16843010,""
78,"FootprintsMtx","Footprints","Empreintes","Fußspuren","足跡","발자국","Pegadas","Следы","Huellas","รอยเท้า","行走特效","","","","","",-16843010,-16843010,""
79,"ShieldSkin","Shield Skin","Apparence de bouclier","Schild-Skin","盾スキン","방패 스킨","Visual de Escudo","Внешний вид щита","Aspecto para escudo","สกินโล่","護盾外觀","","","","","",-16843010,-16843010,""
80,"ApparitionMtx","Apparition","Apparition","Erscheinung","幻影","유령","Aparição","Временный эффект","Aparición","ร่างเงา","項鍊特效","","","","","",-16843010,-16843010,""
81,"CharacterEffectMtx","Character Effect","Effet de personnage","Charaktereffekt","キャラクターエフェクト","캐릭터 이펙트","Efeito de Personagem","Эффект персонажа","Efecto para el personaje","เอฟเฟคตัวละคร","角色特效","","","","","",-16843010,-16843010,""
82,"PetMtx","Pet","Familier","Begleiter","ペット","애완동물","Mascotes","Питомец","Mascota","สัตว์เลี้ยง","寵物","","","","","",-16843010,-16843010,""
83,"SocialFrameMtx","Social Frame","Cadre de portrait","Rahmen","ソーシャルフレーム","소셜 액자","Moldura de Retrato","Социальная рамка","Marco social","กรอบรูปตัวละคร","肖像外框","","","","","",-16843010,-16843010,""
84,"PortraitMtx","Portrait","Portrait","Portrait","ポートレート","초상화","Retrato","Портрет","Retrato","รูปภาพตัวละคร","頭像","","","","","",-16843010,-16843010,""
85,"PortalMtx","Portal","Portail","Portal","ポータル","포탈","Portal","Портал","Portal","วาร์ป","時空之門","","","","","",-16843010,-16843010,""
86,"RingMtx","Ring Skin","Apparence de bague","Ring-Skin","指輪スキン","반지 스킨","Visual de Anel","Внешний вид кольца","Aspecto para anillo","สกินแหวน","戒指外觀","","","","","",-16843010,-16843010,""
87,"HipAttachmentMtx","Hip Attachment","Accessoire à la hanche","Hüftzusatz","腰装飾品","허리 부착물","Acessório de Cintura","Набедренное украшение","Accesorio para la cadera","แฟชั่นติดสะโพก","臀部附加","","","","","",-16843010,-16843010,""
88,"SlotlessMtx","[DNT]","[DNT]","[DNT]","[DNT]","[DNT]","[DNT]","[DNT]","[DNT]","[DNT]","[DNT]","","","","","",-16843010,-16843010,""
89,"AlternateCharges","Alternate Charge Skin","Apparence de Charges alternatives","Ladungen-Skin","オルタネートチャージスキン","대체 충전 스킨","Visual Alternativo de Cargas","Внешний вид зарядов","Aspecto alternativo para cargas","สกินชาร์จแบบพิเศษ","替代能量球外觀","",11,"","","",-16843010,-16843010,""
90,"AncestralCallMtx","Ancestral Call","Appel ancestral","Ruf der Ahnen","アンセストラルコール","선대의 부름","Chamado Ancestral","Зов предков","Llamado ancestral","Ancestral Call","先祖怒嚎","",10,"","","",-16843010,-16843010,""
91,"AncestralWarchiefMtx","Ancestral Warchief","Chef de guerre ancestral","Ahnen-Kriegshäuptling","アンセストラルウォーチーフ","선대의 대전사","Chefe Guerreiro Ancestral","Вождь предков","Cacique ancestral","Ancestral Warchief","先祖戰士長","",10,"","","",-16843010,-16843010,""
92,"AngerMtx","Anger","Colère","Wut","アンガー","분노","Cólera","Гнев","Rabia","Anger","憤怒","",10,"","","",-16843010,-16843010,""
93,"ArcMtx","Arc","Arc électrique","Lichtbogen","アーク","연쇄 번개","Arco Elétrico","Цепь молний","Arco eléctrico","Arc","電弧","",10,"","","",-16843010,-16843010,""
94,"ArcticArmourMtx","Arctic Armour","Armure arctique","Arktische Rüstung","アークティックアーマー","한기의 방어구","Armadura Ártica","Северная броня","Armadura ártica","Arctic Armour","極地裝甲","",10,"","","",-16843010,-16843010,""
95,"BallLightningMtx","Ball Lightning","Boule de foudre","Kugelblitz","ボールライトニング","구형 번개","Esfera Trovejante","Шаровая молния","Bola de rayos","Ball Lightning","天雷之珠","",10,"","","",-16843010,-16843010,""
96,"BarrageMtx","Barrage","Tir de barrage","Sperrfeuer","バラージ","연발 사격","Barragem","Очередь","Aluvión","Barrage","彈幕","",10,"","","",-16843010,-16843010,""
97,"BladefallMtx","Bladefall","Averse de lames","Klingenhagel","ブレードフォール","칼날비","Chuva de Lâminas","Мечепад","Caída de filos","Bladefall","虛空刀雨","",10,"","","",-16843010,-16843010,""
98,"BladeflurryMtx","Blade Flurry","Déluge de lames","Klingentanz","ブレードフラリィ","질풍의 칼날","Rajada de Lâminas","Порыв клинков","Aluvión de filos","Blade Flurry","刀鋒亂舞","",10,"","","",-16843010,-16843010,""
99,"BladeVortexMtx","Blade Vortex","Vortex de lames","Klingenwirbel","ブレードヴォーテックス","칼날 소용돌이","Vórtice de Lâminas","Вихрь клинков","Vórtice de filos","Blade Vortex","飛刃風暴","",10,"","","",-16843010,-16843010,""
100,"BlasphemyMtx","Blasphemy","Blasphème","Blasphemie","冒涜","신성 모독","Blasfêmia","Богохульство","Blasfemia","Blasphemy","詛咒光環","",10,"","","",-16843010,-16843010,""
101,"BlastRainMtx","Blast Rain","Pluie explosive","Explosionsregen","ブラストレイン","폭발 화살비","Chuva Explosiva","Дождь взрывов","Lluvia de estallidos","Blast Rain","爆裂箭雨","",10,"","","",-16843010,-16843010,""
102,"BlinkArrowMtx","Blink Arrow","Flèche de transfert","Teleportpfeil","ブリンクアロー","점멸 화살","Flecha Ilusória","Стрела-телепорт","Flecha parpadeante","Blink Arrow","閃電射擊","",10,"","","",-16843010,-16843010,""
103,"BloodRageMtx","Blood Rage","Rage sanguinaire","Blutrausch","ブラッドレイジ","피의 격노","Fúria Sangrenta","Кровавый угар","Furia de sangre","Blood Rage","鮮血狂怒","",10,"","","",-16843010,-16843010,""
104,"ClarityMtx","Clarity","Clarté","Klarheit","クラリティ","명상","Clareza","Ясность ума","Claridad","Clarity","清晰","",10,"","","",-16843010,-16843010,""
105,"CleaveMtx","Cleave","Taillade","Spalten","クリーヴ","회전베기","Cutilada","Рассечение","Hendidura","Cleave","劈砍","",10,"","","",-16843010,-16843010,""
106,"ChargedDashMtx","Charged Dash","Charge fulgurante","Geladener Sprint","チャージドダッシュ","충전 질주","Avanço Fantasma","Заряженный рывок","Embestida cargada","Charged Dash","雷霆衝鋒","",10,"","","",-16843010,-16843010,""
107,"ColdSnapMtx","Cold Snap","Vague de froid","Blitzeis","コールドスナップ","한파","Estalo Gélido","Укус стужи","Ruptura de hielo","Cold Snap","霜暴","",10,"","","",-16843010,-16843010,""
108,"ContagionMtx","Contagion","Contagion","Verseuchung","コンテージョン","전염","Contagiar","Инфекция","Contagio","Contagion","瘟疫","",10,"","","",-16843010,-16843010,""
109,"ConvocationMtx","Convocation","Convocation","Sammeln","コンヴォケーション","소집","Convocação","Сбор","Convocatoria","Convocation","號召","",10,"","","",-16843010,-16843010,""
110,"CremationMtx","Cremation","Crémation","Einäscherung","クリメーション","시체 소각","Cremação","Кремация","Cremación","Cremation","熔炎送葬","",10,"","","",-16843010,-16843010,""
111,"CycloneMtx","Cyclone","Cyclone","Wirbelsturm","サイクロン","회오리바람","Ciclone","Вихрь","Ciclón","Cyclone","旋風斬","",10,"","","",-16843010,-16843010,""
112,"DecoyTotemMtx","Decoy Totem","Totem leurre","Ködertotem","デコイトーテム","미끼 토템","Totem Chamariz","Тотем-приманка","Tótem de señuelo","Decoy Totem","誘餌圖騰","",10,"","","",-16843010,-16843010,""
113,"DesecrateMtx","Desecrate","Profanation","Entweihen","デセクレート","모독","Profanar","Осквернение","Profanar","Desecrate","褻瀆","",10,"","","",-16843010,-16843010,""
114,"DeterminationMtx","Determination","Détermination","Entschlossenheit","デターミネーション","결의","Determinação","Решимость","Determinación","Determination","堅定","",10,"","","",-16843010,-16843010,""
115,"DevouringTotemMtx","Devouring Totem","Totem vorace","Aasfresser-Totem","デヴァワリングトーテム","포식 토템","Totem Devorador","Поглощающий тотем","Tótem devorador","Devouring Totem","吞噬圖騰","",10,"","","",-16843010,-16843010,""
116,"DischargeMtx","Discharged","Décharge","Entladung","ディスチャージ","방출됨","Descarregado","Разряд","Descarga","Discharged","解放","",10,"","","",-16843010,-16843010,""
117,"DisciplineMtx","Discipline","Discipline","Disziplin","ディシプリン","단련","Disciplina","Дисциплина","Disciplina","Discipline","紀律","",10,"","","",-16843010,-16843010,""
118,"DoubleStrikeMtx","Double Strike","Double frappe","Doppelschlag","ダブルストライク","이중 타격","Golpe Duplo","Двойной удар","Golpe doble","Double Strike","雙重打擊","",10,"","","",-16843010,-16843010,""
119,"EarthquakeMtx","Earthquake","Séisme","Erdbeben","アースクエイク","지진","Terremoto","Землетрясение","Terremoto","Earthquake","震地","",10,"","","",-16843010,-16843010,""
120,"ElementalHitMtx","Elemental Hit","Frappe élémentaire","Elementartreffer","エレメンタルヒット","원소의 일격","Acerto Elemental","Удар стихии","Golpe elemental","Elemental Hit","元素打擊","",10,"","","",-16843010,-16843010,""
121,"EssenceDrainMtx","Essence Drain","Drain d'essence","Entkräften","エッセンスドレイン","정수 흡수","Drenar Essência","Похищение сущности","Drenar esencia","Essence Drain","靈魂吸取","",10,"","","",-16843010,-16843010,""
122,"EtherealKnivesMtx","Ethereal Knives","Couteaux éthérés","Ätherische Klingen","イシリアルナイフ","천상의 단도","Facas Etéreas","Бесплотные ножи","Cuchillos etéreos","Ethereal Knives","虛空匕首","",10,"","","",-16843010,-16843010,""
123,"FireballMtx","Fireball","Boule de feu","Feuerball","ファイヤーボール","화염구","Bola de Fogo","Огненный шар","Bola de fuego","Fireball","火球","",10,"","","",-16843010,-16843010,""
124,"FirestormMtx","Firestorm","Tempête de feu","Feuerregen","ファイヤーストーム","화염 폭풍","Tormenta Flamejante","Огненный шторм","Tormenta de fuego","Firestorm","烈炎風暴","",10,"","","",-16843010,-16843010,""
125,"FlameblastMtx","Flameblast","Conflagration","Flammenexplosion","フレイムブラスト","화염파","Explosão Flamejante","Пламенный взрыв","Explosión de llamas","Flameblast","烈焰爆破","",10,"","","",-16843010,-16843010,""
126,"FlameDashMtx","Flame Dash","Irruption enflammée","Flammenspurt","フレイムダッシュ","화염 질주","Avanço Ardente","Огненный рывок","Embestida de llamas","Flame Dash","烈焰衝刺","",10,"","","",-16843010,-16843010,""
127,"FlameTotemMtx","Holy Flame Totem","Totem de flammes sacrées","Heiliges Flammentotem","ホーリーフレイムトーテム","신성한 화염 토템","Totem Flamejante Sagrado","Тотем священного огня","Tótem de llamas","Holy Flame Totem","神聖火蛇圖騰","",10,"","","",-16843010,-16843010,""
128,"FlickerStrikeMtx","Flicker Strike","Frappe fulgurante","Flimmerschlag","フリッカーストライク","점멸 타격","Golpe Súbito","Внезапный удар","Golpe repentino","Flicker Strike","閃現打擊","",10,"","","",-16843010,-16843010,""
129,"FreezingPulseMtx","Freezing Pulse","Pulsation glaciale","Frostpuls","フリージングパルス","동결 파동","Pulso Congelante","Волна холода","Pulso congelante","Freezing Pulse","冰霜脈衝","",10,"","","",-16843010,-16843010,""
130,"FrostBladesMtx","Frost Blades","Lames de givre","Frostklingen","フロストブレード","서리 칼날","Lâminas Gélidas","Ледяные клинки","Filos de escarcha","Frost Blades","冰霜之刃","",10,"","","",-16843010,-16843010,""
131,"FrostBoltMtx","Frostbolt","Globe de givre","Frostkugel","フロストボルト","서리 구체","Disparo Congelante","Морозный шар","Descarga de escarcha","Frostbolt","寒冰彈","",10,"","","",-16843010,-16843010,""
132,"FrostBoltNovaMtx","Vortex","Vortex","Vortex","ヴォーテックス","소용돌이","Vórtice","Пурга","Vórtice","Vortex","漩渦","",10,"","","",-16843010,-16843010,""
133,"FrostBombMtx","Frost Bomb","Bombe de givre","Frostbombe","フロストボム","서리 폭탄","Bomba Congelante","Морозная бомба","Bomba de escarcha","Frost Bomb","寒霜爆","",10,"","","",-16843010,-16843010,""
134,"GlacialCascadeMtx","Glacial Cascade","Déferlement de glace","Frostwelle","グレイシャルカスケード","빙하 폭포","Cascata Glacial","Ледяной каскад","Cascada glacial","Glacial Cascade","冰川之刺","",10,"","","",-16843010,-16843010,""
135,"GraceMtx","Grace","Grâce","Anmut","グレース","은총","Graça","Грация","Gracia","Grace","優雅","",10,"","","",-16843010,-16843010,""
136,"GroundSlamMtx","Ground Slam","Fracas tellurique","Schmetterhieb","グラウンドスラム","대지 강타","Impacto Sísmico","Сотрясение","Impacto sísmico","Ground Slam","裂地之擊","",10,"","","",-16843010,-16843010,""
137,"HasteMtx","Haste","Hâte","Hast","ヘイスト","가속","Ímpeto","Спешка","Celeridad","Haste","迅捷","",10,"","","",-16843010,-16843010,""
138,"HatredMtx","Hatred","Haine","Hass","ヘイトレッド","증오","Ódio","Холодная ненависть","Odio","Hatred","憎恨","",10,"","","",-16843010,-16843010,""
139,"HeraldOfAgonyMtx","Herald of Agony","Héraut de l'agonie","Herold der Agonie","ヘラルドオブアゴニー","고통의 전령","Arauto da Agonia","Вестник агонии","Heraldo de agonía","Herald of Agony","苦痛之捷","",10,"","","",-16843010,-16843010,""
140,"HeraldOfAshMtx","Herald of Ash","Héraut de la cendre","Herold der Asche","ヘラルドオブアッシュ","재의 전령","Arauto Flamejante","Вестник пепла","Heraldo de ceniza","Herald of Ash","灰燼之捷","",10,"","","",-16843010,-16843010,""
141,"HeraldOfIceMtx","Herald of Ice","Héraut de la glace","Herold des Eises","ヘラルドオブアイス","얼음의 전령","Arauto Glacial","Вестник льда","Heraldo de hielo","Herald of Ice","冰霜之捷","",10,"","","",-16843010,-16843010,""
142,"HeraldOfLightMtx","Herald of Purity","Héraut de la pureté","Herold der Reinheit","ヘラルドオブピュリティ","순수의 전령","Arauto da Pureza","Вестник чистоты","Heraldo de pureza","Herald of Purity","純淨之捷","",10,"","","",-16843010,-16843010,""
143,"HeraldOfThunderMtx","Herald of Thunder","Héraut du tonnerre","Herold des Donners","ヘラルドオブサンダー","천둥의 전령","Arauto Trovejante","Вестник грома","Heraldo de trueno","Herald of Thunder","閃電之捷","",10,"","","",-16843010,-16843010,""
144,"HexblastMtx","Hexblast","Explosion calamiteuse","Explodierende Verhexung","ヘックスブラスト","사술폭발","Feitiço Explosivo","Взрыв порчи","Explosión maléfica","Hexblast","咒術枯萎","",10,"","","",-16843010,-16843010,""
145,"HolyRelicMtx","Summon Holy Relic","Invocation de Relique sacrée","Heiliges Relikt beschwören","ホーリーレリック召喚","신성한 유물 소환","Convocar Relíquia Sagrada","Призыв священной реликвии","Invocar Reliquia sagrada","Summon Holy Relic","召喚聖物","",10,"","","",-16843010,-16843010,""
146,"IceNovaMtx","Ice Nova","Nova de glace","Eisnova","アイスノヴァ","얼음 폭발","Nova Glacial","Кольцо льда","Nova de hielo","Ice Nova","冰霜新星","",10,"","","",-16843010,-16843010,""
147,"IceSpearMtx","Ice Spear","Lance de glace","Eisspeer","アイススピアー","얼음 창","Lança Gélida","Ледяное копьё","Lanza de hielo","Ice Spear","冰矛","",10,"","","",-16843010,-16843010,""
148,"IceTrapMtx","Ice Trap","Piège de glace","Eisfalle","アイストラップ","얼음 덫","Armadilha Glacial","Ледяная ловушка","Trampa de hielo","Ice Trap","冰凍陷阱","",10,"","","",-16843010,-16843010,""
149,"ImmortalCallMtx","Immortal Call","Clameur d'immortalité","Schrei der Unsterblichkeit","イモータルコール","불멸의 외침","Chamado Imortal","Призыв к бессмертию","Llamado inmortal","Immortal Call","不朽怒嚎","",10,"","","",-16843010,-16843010,""
150,"IncinerateMtx","Incinerate","Incinération","Verbrennen","インシネレート","소각","Incinerar","Испепеление","Incinerar","Incinerate","燒毀","",10,"","","",-16843010,-16843010,""
151,"KineticBlastMtx","Kinetic Blast","Explosion cinétique","Kinetische Explosion","キネティックボルト","역학 폭발","Explosão Cinética","Кинетический взрыв","Explosión cinética","Kinetic Blast","力量爆破","",10,"","","",-16843010,-16843010,""
152,"LacerateMtx","Lacerate","Lacération","Zerfleischen","ラセレイト","피부 찢기","Dilacerar","Разрубание","Lacerar","Lacerate","破空斬","",10,"","","",-16843010,-16843010,""
153,"LightningSpireMtx","Lightning Spire","Pic de foudre","Blitzleiterfalle","ライトニングスパイア","번개 첨탑","Espiral Relampejante","Шпиль молний","Pararrayos","Lightning Spire","鋒雷陷阱","",10,"","","",-16843010,-16843010,""
154,"LightningWarpMtx","Lightning Warp","Téléportation foudroyante","Blitzteleportation","ライトニングワープ","번개 차원 이동","Teleporte Relampejante","Грозовой переход","Teletransporte de rayo","Lightning Warp","閃電傳送","",10,"","","",-16843010,-16843010,""
155,"LeapSlamMtx","Leap Slam","Bond percutant","Sprunghieb","リープスラム","도약 강타","Salto Impactante","Наскок","Salto con impacto","Leap Slam","躍擊","",10,"","","",-16843010,-16843010,""
156,"LightningArrowMtx","Lightning Arrow","Flèche de foudre","Blitzpfeil","ライトニングアロー","번개 화살","Flecha Relampejante","Стрела молнии","Flecha de rayo","Lightning Arrow","閃電箭矢","",10,"","","",-16843010,-16843010,""
157,"MagmaOrbMtx","Rolling Magma","Magma déferlant","Magmakugel","ローリングマグマ","몰려오는 마그마","Bola de Magma","Ползучая магма","Bola de magma","Rolling Magma","熔岩翻騰","",10,"","","",-16843010,-16843010,""
158,"MirageArcherMtx","Mirage Archer","Archer mirage","Phantombogenschütze","ミラージュアーチャー","신기루 궁수","Arqueiro Ilusório","Призрачный лучник","Arquero ilusorio","Mirage Archer","幻影射手","",10,"","","",-16843010,-16843010,""
159,"MirrorArrowMtx","Mirror Arrow","Flèche miroir","Klonpfeil","ミラーアロー","거울 화살","Flecha Espelhada","Стрела-двойник","Flecha espejo","Mirror Arrow","魅影射擊","",10,"","","",-16843010,-16843010,""
160,"MoltenShellMtx","Molten Shell","Carapace volcanique","Lavaschilde","モルテンシェル","용암 방패","Escudo Flamejante","Расплавленный панцирь","Coraza fundida","Molten Shell","熔岩護盾","",10,"","","",-16843010,-16843010,""
161,"MoltenStrikeMtx","Molten Strike","Frappe volcanique","Lavaschlag","モルテンストライク","용암 타격","Golpe Vulcânico","Магмовый удар","Golpe fundido","Molten Strike","熔岩之擊","",10,"","","",-16843010,-16843010,""
162,"OrbOfStormsMtx","Orb of Storms","Orbe des orages","Gewittersphäre","オーブオブストーム","폭풍 보주","Orbe Trovejante","Сфера бурь","Orbe de tormentas","Orb of Storms","風暴漩渦","",10,"","","",-16843010,-16843010,""
163,"PhaseRunMtx","Phase Run","Course déphasée","Schemensprint","フェイズラン","위상 질주","Trespassar","Призрачный бег","Traspasar","Phase Run","暗影迷蹤","",10,"","","",-16843010,-16843010,""
164,"CausticArrowMtx","Caustic Arrow","Flèche caustique","Giftpfeil","コースティックアロー","부식성 화살","Flecha Cáustica","Едкая стрела","Flecha cáustica","Caustic Arrow","腐化箭矢","",10,"","","",-16843010,-16843010,""
165,"PurityMtx","Purity","Pureté","Reinheit","ピュリティ","정화","Pureza","Спасение","Pureza","Purity","淨化","",10,"","","",-16843010,-16843010,""
166,"PurityofFireMtx","Purity of Fire","Pureté du feu","Reinheit des Feuers","ピュリティオブファイヤー","불의 순수함","Preza do Fogo","Спасение от огня","Pureza de fuego","Purity of Fire","火焰淨化","",10,"","","",-16843010,-16843010,""
167,"PurityofIceMtx","Purity of Ice","Pureté de la glace","Reinheit des Eises","ピュリティオブアイス","얼음의 순수함","Pureza Glacial","Спасение от холода","Pureza de hielo","Purity of Ice","冰霜淨化","",10,"","","",-16843010,-16843010,""
168,"PurityofLightningMtx","Purity of Lightning","Pureté de la foudre","Reinheit des Blitzes","ピュリティオブライトニング","번개의 순수함","Pureza Elétrica","Спасение от молнии","Pureza de rayo","Purity of Lightning","閃電淨化","",10,"","","",-16843010,-16843010,""
169,"RainOfArrowsMtx","Rain of Arrows","Pluie de flèches","Pfeilregen","レインオブアロー","화살비","Chuva de Flechas","Ливень стрел","Lluvia de flechas","Rain of Arrows","箭雨","",10,"","","",-16843010,-16843010,""
170,"RaiseSpectreMtx","Raise Spectre","Réanimation en Spectre","Schemen erwecken","スペクター蘇生","망령 소환","Evocar Espectro","Сотворение призрака","Levantar espectro","Raise Spectre","喚醒幽魂","",10,"","","",-16843010,-16843010,""
171,"RaiseZombieMtx","Raise Zombie","Réanimation en Zombie","Zombie erwecken","ゾンビ蘇生","좀비 소환","Evocar Zumbi","Поднятие зомби","Levantar zombi","Raise Zombie","殭屍復甦","",10,"","","",-16843010,-16843010,""
172,"ReaveMtx","Reave","Ravage","Zerreißen","リーヴ","약탈","Devastar","Опустошение","Desgarro","Reave","衝擊波","",10,"","","",-16843010,-16843010,""
173,"RejuvenationTotemMtx","Rejuvenation Totem","Totem régénérant","Regenerationstotem","リジュヴェネーショントーテム","회복 토템","Totem Rejuvenescedor","Восполняющий тотем","Tótem de rejuvenecimiento","Rejuvenation Totem","回春圖騰","",10,"","","",-16843010,-16843010,""
174,"RighteousFireMtx","Righteous Fire","Feu de la vertu","Sühnendes Feuer","ライチャスファイヤー","정의의 화염","Círculo Ardente","Праведный огонь","Fuego justo","Righteous Fire","正義之火","",10,"","","",-16843010,-16843010,""
175,"ScorchingRayMtx","Scorching Ray","Rayon calcinant","Sengender Strahl","スコーチングレイ","작열 광선","Raio Escaldante","Опаляющий луч","Haz abrasador","Scorching Ray","熾灼奔流","",10,"","","",-16843010,-16843010,""
176,"ScourgeArrowMtx","Scourge Arrow","Flèche d'épines","Verhängnispfeil","スカージアロー","재앙의 화살","Flecha Virulenta","Стрела скверны","Flecha de espinas","Scourge Arrow","天譴之箭","",10,"","","",-16843010,-16843010,""
177,"SearingBondMtx","Searing Bond","Lien ardent","Sengendes Band","シーリングボンド","불타는 굴레","Vínculo Ardente","Обжигающие узы","Atadura abrasadora","Searing Bond","灼熱連結","",10,"","","",-16843010,-16843010,""
178,"ShieldChargeMtx","Shield Charge","Charge au bouclier","Schildansturm","シールドチャージ","방패 돌진","Investida com Escudo","Удар щитом","Carga con escudo","Shield Charge","重盾衝鋒","",10,"","","",-16843010,-16843010,""
179,"ShockNovaMtx","Shock Nova","Nova d'électricité","Schocknova","ショックノヴァ","충격 폭발","Nova Elétrica","Кольцо молний","Nova de rayo","Shock Nova","閃電新星","",10,"","","",-16843010,-16843010,""
180,"ShockwaveTotemMtx","Shockwave Totem","Totem sismique","Schockwellen-Totem","ショックウェーブトーテム","충격파 토템","Totem Sísmico","Сотрясающий тотем","Tótem de onda sísmica","Shockwave Totem","震波圖騰","",10,"","","",-16843010,-16843010,""
181,"SiegeBallistaMtx","Siege Ballista","Baliste à shrapnel","Belagerungsballiste","シージバリスタ","공성 쇠뇌","Balista de Cerco","Осадная баллиста","Balista de asedio","Siege Ballista","攻城炮台","",10,"","","",-16843010,-16843010,""
182,"SparkMtx","Spark","Étincelle","Funken","スパーク","전기불꽃","Faísca","Искра","Chispa","Spark","電球","",10,"","","",-16843010,-16843010,""
183,"SpectralShieldThrowMtx","Spectral Shield Throw","Lancer de bouclier spectral","Spektralschildwurf","スペクトラルシールドスロー","환영 방패 투척","Arremesso de Escudo Espectral","Бросок призрачного щита","Lanzamiento de escudo espectral","Spectral Shield Throw","盾靈投擲","",10,"","","",-16843010,-16843010,""
184,"SplitArrowMtx","Split Arrow","Flèches multiples","Pfeilfächer","スプリットアロー","분할 화살","Flecha Dividida","Расколотая стрела","Flecha dividida","Split Arrow","分裂箭矢","",10,"","","",-16843010,-16843010,""
185,"StormCallMtx","Storm Call","Appel de la foudre","Gewitterbeschwörung","ストームコール","폭풍 부름","Invocar Tormenta","Призыв бури","Llamado de tormenta","Storm Call","風暴呼喚","",10,"","","",-16843010,-16843010,""
186,"SummonChaosGolemMtx","Summon Chaos Golem","Invocation de Golem du chaos","Chaosgolem beschwören","カオスゴーレム召喚","카오스 골렘 소환","Convocar Golem Caótico","Призыв голема хаоса","Invocar Gólem de caos","Summon Chaos Golem","召喚混沌魔像","",10,"","","",-16843010,-16843010,""
187,"SummonFlameGolemMtx","Summon Flame Golem","Invocation de Golem de flammes","Flammengolem beschwören","フレイムゴーレム召喚","화염 골렘 소환","Convocar Golem Flamejante","Призыв голема огня","Invocar Gólem de llamas","Summon Flame Golem","召喚烈焰魔像","",10,"","","",-16843010,-16843010,""
188,"SummonIceGolemMtx","Summon Ice Golem","Invocation de Golem de glace","Eisgolem beschwören","アイスゴーレム召喚","얼음 골렘 소환","Convocar Golem Glacial","Призыв голема льда","Invocar Gólem de hielo","Summon Ice Golem","召喚寒冰魔像","",10,"","","",-16843010,-16843010,""
189,"SummonLightningGolemMtx","Summon Lightning Golem","Invocation de Golem de foudre","Blitzgolem beschwören","ライトニングゴーレム召喚","번개 골렘 소환","Convocar Golem Relampejante","Призыв голема молнии","Invocar Gólem de rayo","Summon Lightning Golem","召喚閃電魔像","",10,"","","",-16843010,-16843010,""
190,"SummonRagingSpiritMtx","Summon Raging Spirit","Invocation d'Esprit enragé","Flammenschädel beschwören","レイジングスピリット召喚","격노의 유령 소환","Convocar Espírito Furioso","Призыв неистового духа","Invocar espíritus encolerizados","Summon Raging Spirit","召喚憤怒狂靈","",10,"","","",-16843010,-16843010,""
191,"SummonStoneGolemMtx","Summon Stone Golem","Invocation de Golem de roche","Steingolem beschwören","ストーンゴーレム召喚","돌 골렘 소환","Convocar Golem Pedregulho","Призыв каменного голема","Invocar Gólem de piedra","Summon Stone Golem","召喚巨石魔像","",10,"","","",-16843010,-16843010,""
192,"SummonSkeletonsMtx","Summon Skeletons","Invocation de Squelettes","Skelette beschwören","スケルトン召喚","해골 소환","Convocar Esqueletos","Сотворение скелетов","Invocar esqueletos","Summon Skeletons","召喚骷髏","",10,"","","",-16843010,-16843010,""
193,"SunderMtx","Sunder","Rupture","Verwüsten","サンダー","산산조각","Ruptura","Раскол","Fisurar","Sunder","大地震擊","",10,"","","",-16843010,-16843010,""
194,"TempestShieldMtx","Tempest Shield","Bouclier de la tempête","Geladener Schild","テンペストシールド","폭풍의 방패","Escudo Tempestuoso","Щит бури","Escudo de tempestad","Tempest Shield","暴風之盾","",10,"","","",-16843010,-16843010,""
195,"ThrownWeaponMtx","Spectral Throw","Lancer spectral","Spektralwurf","スペクトラルスロー","환영 무기 투척","Arremesso Espectral","Призрачный бросок","Lanzamiento espectral","Spectral Throw","靈體投擲","",10,"","","",-16843010,-16843010,""
196,"TornadoShotMtx","Tornado Shot","Tornade de flèches","Tornadoschuss","トルネードショット","회오리 사격","Tiro Tornado","Вихрь стрел","Disparo de tornado","Tornado Shot","龍捲風射擊","",10,"","","",-16843010,-16843010,""
197,"ToxicRainMtx","Toxic Rain","Pluie toxique","Toxischer Regen","トキシックレイン","맹독성 비","Chuva Tóxica","Токсичный дождь","Lluvia tóxica","Toxic Rain","腐蝕毒雨","",10,"","","",-16843010,-16843010,""
198,"VaalAncestralWarchiefMtx","Vaal Ancestral Warchief","Chef de guerre ancestral vaal","Vaal-Ahnen-Kriegshäuptling","ヴァールアンセストラルウォーチーフ","바알 선대의 대전사","Chefe Guerreiro Ancestral Vaal","Вождь предков ваал","Cacique ancestral vaal","Vaal Ancestral Warchief","瓦爾．先祖戰士長","",10,"","","",-16843010,-16843010,""
199,"VaalAnimateWeaponMtx","Vaal Animate Weapon","Animation d'arme vaal","Vaal-Waffe beseelen","ヴァールアニメイトウェポン","바알 무기 기동","Animar Arma Vaal","Живое оружие ваал","Animar arma vaal","Vaal Animate Weapon","瓦爾．幻化武器","",10,"","","",-16843010,-16843010,""
200,"VaalArcMtx","Vaal Arc","Arc électrique vaal","Vaal-Lichtbogen","ヴァールアーク","바알 연쇄 번개","Arco Elétrico Vaal","Цепь молний ваал","Arco eléctrico vaal","Vaal Arc","瓦爾．電弧","",10,"","","",-16843010,-16843010,""
201,"VaalArcticArmourMtx","Vaal Arctic Armour","Armure arctique vaal","Vaal-Arktische Rüstung","ヴァールアークティックアーマー","바알 한기의 방어구","Armadura Ártica Vaal","Северная броня ваал","Armadura ártica vaal","Vaal Arctic Armour","瓦爾．極地裝甲","",10,"","","",-16843010,-16843010,""
202,"VaalBladeVortexMtx","Vaal Blade Vortex","Vortex de lames vaal","Vaal-Klingenwirbel","ヴァールブレードヴォーテックス","바알 칼날 소용돌이","Vórtice de Lâminas Vaal","Вихрь клинков ваал","Vórtice de filos vaal","Vaal Blade Vortex","瓦爾．飛刃風暴","",10,"","","",-16843010,-16843010,""
203,"VaalClarityMtx","Vaal Clarity","Clarté vaal","Vaal-Klarheit","ヴァールクラリティ","바알 명상","Clareza Vaal","Ясность ума ваал","Claridad vaal","Vaal Clarity","瓦爾．清晰","",10,"","","",-16843010,-16843010,""
204,"VaalColdSnapMtx","Vaal Cold Snap","Vague de froid vaal","Vaal-Blitzeis","ヴァールコールドスナップ","바알 한파","Estalo Gélido Vaal","Укус стужи ваал","Ruptura de hielo vaal","Vaal Cold Snap","瓦爾．霜暴","",10,"","","",-16843010,-16843010,""
205,"VaalCycloneMtx","Vaal Cyclone","Cyclone vaal","Vaal-Wirbelsturm","ヴァールサイクロン","바알 회오리바람","Ciclone Vaal","Вихрь ваал","Ciclón vaal","Vaal Cyclone","瓦爾．旋風斬","",10,"","","",-16843010,-16843010,""
206,"VaalDisciplineMtx","Vaal Discipline","Discipline vaal","Vaal-Disziplin","ヴァールディシプリン","바알 단련","Disciplina Vaal","Дисциплина ваал","Disciplina vaal","Vaal Discipline","瓦爾．紀律","",10,"","","",-16843010,-16843010,""
207,"VaalDominationMtx","Vaal Domination","Domination vaal","Vaal-Beherrschung","ヴァールドミネーション","바알 지배","Dominação Vaal","Господство ваал","Dominación vaal","Vaal Domination","瓦爾．霸氣","",10,"","","",-16843010,-16843010,""
208,"VaalDoubleStrikeMtx","Vaal Double Strike","Double frappe vaal","Vaal-Doppelschlag","ヴァールダブルストライク","바알 이중 타격","Golpe Duplo Vaal","Двойной удар ваал","Golpe doble vaal","Vaal Double Strike","瓦爾．雙重打擊","",10,"","","",-16843010,-16843010,""
209,"VaalEarthquakeMtx","Vaal Earthquake","Séisme vaal","Vaal-Erdbeben","ヴァールアースクエイク","바알 지진","Terremoto Vaal","Землетрясение ваал","Terremoto vaal","Vaal Earthquake","瓦爾．震地","",10,"","","",-16843010,-16843010,""
210,"VaalFireballMtx","Vaal Fireball","Boule de feu vaal","Vaal-Feuerball","ヴァールファイヤーボール","바알 화염구","Bola de Fogo Vaal","Огненный шар ваал","Bola de fuego vaal","Vaal Fireball","瓦爾．火球","",10,"","","",-16843010,-16843010,""
211,"VaalFirestormMtx","Vaal Firestorm","Tempête de feu vaal","Vaal-Feuerregen","ヴァールファイヤーストーム","바알 화염 폭풍","Tormenta Flamejante Vaal","Огненный шторм ваал","Tormenta de fuego vaal","Vaal Firestorm","瓦爾．烈炎風暴","",10,"","","",-16843010,-16843010,""
212,"VaalFlameblastMtx","Vaal Flameblast","Conflagration vaal","Vaal-Flammenexplosion","ヴァールフレイムブラスト","바알 화염파","Explosão Flamejante Vaal","Пламенный взрыв ваал","Explosión de llamas vaal","Vaal Flameblast","瓦爾．烈焰爆破","",10,"","","",-16843010,-16843010,""
213,"VaalGraceMtx","Vaal Grace","Grâce vaal","Vaal-Anmut","ヴァールグレース","바알 은총","Graça Vaal","Грация ваал","Gracia vaal","Vaal Grace","瓦爾．優雅","",10,"","","",-16843010,-16843010,""
214,"VaalGroundSlamMtx","Vaal Ground Slam","Fracas tellurique vaal","Vaal-Schmetterhieb","ヴァールグラウンドスラム","바알 대지 강타","Impacto Sísmico Vaal","Сотрясение ваал","Impacto sísmico vaal","Vaal Ground Slam","瓦爾．裂地之擊","",10,"","","",-16843010,-16843010,""
215,"VaalHasteMtx","Vaal Haste","Hâte vaal","Vaal-Hast","ヴァールヘイスト","바알 가속","Ímpeto Vaal","Спешка ваал","Celeridad vaal","Vaal Haste","瓦爾．迅捷","",10,"","","",-16843010,-16843010,""
216,"VaalIceNovaMtx","Vaal Ice Nova","Nova de glace vaal","Vaal-Eisnova","ヴァールアイスノヴァ","바알 얼음 폭발","Nova Glacial Vaal","Кольцо льда ваал","Nova de hielo vaal","Vaal Ice Nova","瓦爾．冰霜新星","",10,"","","",-16843010,-16843010,""
217,"VaalIceShotMtx","Vaal Ice Shot","Tir de glace vaal","Vaal-Eisgeschoss","ヴァールアイスショット","바알 얼음 화살","Tiro Gélido Vaal","Ледяной выстрел ваал","Disparo de hielo vaal","Vaal Ice Shot","瓦爾．冰霜射擊","",10,"","","",-16843010,-16843010,""
218,"VaalImmortalCall","Vaal Immortal Call","Clameur d'immortalité vaal","Vaal-Schrei der Unsterblichkeit","ヴァールイモータルコール","바알 불멸의 외침","Chamado Imortal Vaal","Призыв к бессмертию ваал","Llamado inmortal vaal","Vaal Immortal Call","瓦爾．不朽怒嚎","",10,"","","",-16843010,-16843010,""
219,"VaalLightningArrowMtx","Vaal Lightning Arrow","Flèche de foudre vaal","Vaal-Blitzpfeil","ヴァールライトニングアロー","바알 번개 화살","Flecha Relampejante Vaal","Стрела молнии ваал","Flecha de rayo vaal","Vaal Lightning Arrow","瓦爾．閃電箭矢","",10,"","","",-16843010,-16843010,""
220,"VaalLightningWarpMtx","Vaal Lightning Warp","Téléportation foudroyante vaal","Vaal-Blitzteleportation","ヴァールライトニングワープ","바알 번개 차원 이동","Teleporte Relampejante Vaal","Грозовой переход ваал","Teletransporte de rayo vaal","Vaal Lightning Warp","瓦爾．閃電傳送","",10,"","","",-16843010,-16843010,""
221,"VaalMoltenShellMtx","Vaal Molten Shell","Carapace volcanique vaal","Vaal-Lavaschilde","ヴァールモルテンシェル","바알 용암 방패","Escudo Flamejante Vaal","Расплавленный панцирь ваал","Coraza fundida vaal","Vaal Molten Shell","瓦爾．熔岩護盾","",10,"","","",-16843010,-16843010,""
222,"VaalMoltenStrikeMtx","Vaal Molten Strike","Frappe volcanique vaal","Vaal-Lavaschilde","ヴァールモルテンストライク","바알 용암 타격","Golpe Vulcânico Vaal","Магмовый удар ваал","Golpe fundido vaal","Vaal Molten Strike","瓦爾．熔岩之擊","",10,"","","",-16843010,-16843010,""
223,"VaalPurityOfFireMtx","Vaal Impurity of Fire","Impureté du feu vaal","Vaal-Unreinheit des Feuers","ヴァールインピュリティオブファイヤー","바알 불의 부정함","Impreza Ardente Vaal","Погибель от огня ваал","Impureza de fuego vaal","Vaal Impurity of Fire","瓦爾．不淨之火","",10,"","","",-16843010,-16843010,""
224,"VaalPurityOfIceMtx","Vaal Impurity of Ice","Impureté de la glace vaal","Vaal-Unreinheit des Eises","ヴァールインピュリティオブアイス","바알 얼음의 부정함","Impureza Glacial Vaal","Погибель от холода ваал","Impureza de hielo vaal","Vaal Impurity of Ice","瓦爾．不淨之冰","",10,"","","",-16843010,-16843010,""
225,"VaalPurityOfLightningMtx","Vaal Impurity of Lightning","Impureté de la foudre vaal","Vaal-Unreinheit des Blitzes","ヴァールインピュリティオブライトニング","바알 번개의 부정함","Impureza Elétrica Vaal","Погибель от молнии ваал","Impureza de rayo vaal","Vaal Impurity of Lightning","瓦爾．不淨之雷","",10,"","","",-16843010,-16843010,""
226,"VaalRainOfArrowsMtx","Vaal Rain of Arrows","Pluie de flèches vaal","Vaal-Pfeilregen","ヴァールレインオブアロー","바알 화살비","Chuva de Flechas Vaal","Ливень стрел ваал","Lluvia de flechas vaal","Vaal Rain of Arrows","瓦爾．箭雨","",10,"","","",-16843010,-16843010,""
227,"VaalReapMtx","Vaal Reap","Fauchage vaal","Vaal-Sense","ヴァールリープ","바알 낫질","Ceifar Vaal","Кровавая жатва ваал","Siega vaal","Vaal Reap","瓦爾．收割","",10,"","","",-16843010,-16843010,""
228,"VaalReaveMtx","Vaal Reave","Ravage vaal","Vaal-Zerreißen","ヴァールリーヴ","바알 약탈","Devastação Vaal","Опустошение ваал","Desgarro vaal","Vaal Reave","瓦爾．衝擊波","",10,"","","",-16843010,-16843010,""
229,"VaalRejuvenationTotemMtx","Vaal Rejuvenation Totem","Totem régénérant vaal","Vaal-Regenerationstotem","ヴァールリジュヴェネーショントーテム","바알 회복 토템","Totem Rejuvenescedor Vaal","Восполняющий тотем ваал","Tótem de rejuvenecimiento vaal","Vaal Rejuvenation Totem","瓦爾．回春圖騰","",10,"","","",-16843010,-16843010,""
230,"VaalRighteousFireMtx","Vaal Righteous Fire","Feu de la vertu vaal","Vaal-Sühnendes Feuer","ヴァールライチャスファイヤー","바알 정의의 화염","Círculo Ardente Vaal","Праведный огонь ваал","Fuego justo vaal","Vaal Righteous Fire","瓦爾．正義之火","",10,"","","",-16843010,-16843010,""
231,"VaalSmiteMtx","Vaal Smite","Châtiment vaal","Vaal-Zerschmettern","ヴァールスマイト","바알 징벌","Castigar Vaal","Кара ваал","Aniquilación vaal","Vaal Smite","瓦爾．雷鳴重擊","",10,"","","",-16843010,-16843010,""
232,"VaalSparkMtx","Vaal Spark","Étincelle vaal","Vaal-Funken","ヴァールスパーク","바알 전기불꽃","Faísca Vaal","Искра ваал","Chispa vaal","Vaal Spark","瓦爾．電球","",10,"","","",-16843010,-16843010,""
233,"VaalStormCallMtx","Vaal Storm Call","Appel de la foudre vaal","Vaal-Gewitterbeschwörung","ヴァールストームコール","바알 폭풍 부름","Invocar Tormenta Vaal","Призыв бури ваал","Llamado de tormenta vaal","Vaal Storm Call","瓦爾．風暴呼喚","",10,"","","",-16843010,-16843010,""
234,"VaalSummonSkeletonsMtx","Vaal Summon Skeletons","Invocation de Squelettes vaal","Vaal-Skelette beschwören","ヴァールスケルトン召喚","바알 해골 소환","Convocar Esqueletos Vaal","Сотворение скелетов ваал","Invocar esqueletos vaal","Vaal Summon Skeletons","瓦爾．召喚骷髏","",10,"","","",-16843010,-16843010,""
235,"VaalThrownWeaponMtx","Vaal Spectral Throw","Lancer spectral vaal","Vaal-Spektralwurf","ヴァールスペクトラルスロー","바알 환영 무기 투척","Arremesso Espectral Vaal","Призрачный бросок ваал","Lanzamiento espectral vaal","Vaal Spectral Throw","瓦爾．靈體投擲","",10,"","","",-16843010,-16843010,""
236,"VaalPowerSiphonMtx","Vaal Power Siphon","Siphon de pouvoir vaal","Vaal-Energieentladung","ヴァールパワーサイフォン","바알 권능 착취","Sifão de Poder Vaal","Перелив энергии ваал","Robo de poder vaal","Vaal Power Siphon","瓦爾．力量抽取","",10,"","","",-16843010,-16843010,""
237,"VaalFlickerStrikeMtx","Vaal Flicker Strike","Frappe fulgurante vaal","Vaal-Flimmerschlag","ヴァールフリッカーストライク","바알 점멸 타격","Golpe Súbito Vaal","Внезапный удар ваал","Golpe repentino vaal","Vaal Flicker Strike","瓦爾．閃現打擊","",10,"","","",-16843010,-16843010,""
238,"VaalVenomGyreMtx","Vaal Venom Gyre","Spirale venimeuse vaal","Vaal-Giftwirbel","ヴァールヴェノムジャイア","바알 독액 선회","Espiral Venenosa Vaal","Круг яда ваал","Espiral de veneno vaal","Vaal Venom Gyre","瓦爾．猛毒迴旋","",10,"","","",-16843010,-16843010,""
239,"VaalBladeFlurryMtx","Vaal Blade Flurry","Déluge de lames vaal","Vaal-Klingentanz","ヴァールブレードフラリィ","바알 질풍의 칼날","Rajada de Lâminas Vaal","Порыв клинков ваал","Aluvión de filos vaal","Vaal Blade Flurry","瓦爾．刀鋒亂舞","",10,"","","",-16843010,-16843010,""
240,"VaalCleaveMtx","Vaal Cleave","Taillade vaal","Vaal-Spalten","ヴァールクリーヴ","바알 회전베기","Cutilada Vaal","Рассечение ваал","Hendidura vaal","Vaal Cleave","瓦爾．劈砍","",10,"","","",-16843010,-16843010,""
241,"VaalCausticArrowMtx","Vaal Caustic Arrow","Flèche caustique vaal","Vaal-Ätzender Pfeil","ヴァールコースティックアロー","바알 부식성 화살","Flecha Cáustica Vaal","Едкая стрела ваал","Flecha cáustica vaal","Vaal Caustic Arrow","瓦爾．腐蝕箭矢","",10,"","","",-16843010,-16843010,""
242,"VitalityMtx","Vitality","Vitalité","Vitalität","バイタリティ","활력","Vitalidade","Живучесть","Vitalidad","Vitality","活力","",10,"","","",-16843010,-16843010,""
243,"VolatileDeadMtx","Volatile Dead","Cadavres instables","Explosiver Tod","ヴォラタイルデッド","시체 불덩이","Morto Volátil","Нестабильный труп","Muertos volátiles","Volatile Dead","致命之息","",10,"","","",-16843010,-16843010,""
244,"WhirlingBladesMtx","Whirling Blades","Lames tourbillonnantes","Wirbelnde Klingen","ワーリングブレード","칼날 선회","Lâminas Giratórias","Шквал клинков","Filos giratorios","Whirling Blades","迴旋之刃","",10,"","","",-16843010,-16843010,""
245,"WitherMtx","Wither","Flétrissement","Verkümmern","ウィザー","위축","Definhar","Увядание","Marchitar","Wither","死亡凋零","",10,"","","",-16843010,-16843010,""
246,"WrathMtx","Wrath","Fureur","Zorn","ラース","진노","Ira","Грозный гнев","Cólera","Wrath","雷霆","",10,"","","",-16843010,-16843010,""
247,"RangedAttackTotemMtx","Ranged Attack Totem","Totem d'attaque à distance","Fernangriffstotem","バリスタトーテム","원거리 공격 토템","Totem de Ataque à Distância","Стреляющий тотем","Tótem de ataques a distancia","Ranged Attack Totem","遠距離攻擊圖騰","",10,"","","",-16843010,-16843010,""
248,"SpellTotemMtx","SpellTotem","Totem incantateur","Zaubertotem","スペルトーテム","주문 토템","Totem de Magia","Колдующий тотем","Tótem de hechizos","SpellTotem","法術圖騰","",10,"","","",-16843010,-16843010,""
249,"WarBannerMtx","War Banner","Étendard de guerre","Kriegsbanner","ウォーバナー","전쟁 깃발","Estandarte de Guerra","Знамя войны","Estandarte de guerra","War Banner","戰爭之旗","",10,"","","",-16843010,-16843010,""
250,"DreadBannerMtx","Dread Banner","Étendard de terreur","Todesbanner","ドレッドバナー","공포의 깃발","Estandarte Horrendo","Знамя страха","Estandarte de pavor","Dread Banner","恐懼之旗","",10,"","","",-16843010,-16843010,""
251,"ZealotryMtx","Zealotry","Zèle","Glaubenseifer","ゼロトリー","열광","Fanatismo","Фанатизм","Exaltación","Zealotry","狂熱","",10,"","","",-16843010,-16843010,""
252,"MalevolenceMtx","Malevolence","Malfaisance","Boshaftigkeit","マレヴォレンス","악의","Malevolência","Злорадство","Malevolencia","Malevolence","惡意","",10,"","","",-16843010,-16843010,""
253,"SoulrendMtx","Soulrend","Déchirure d'âme","Seelenriss","ソウルレンド","영혼 분리","Rasgalma","Разрыв души","Desgarrador de almas","Soulrend","靈體撕裂","",10,"","","",-16843010,-16843010,""
254,"DivineIreMtx","Divine Ire","Courroux divin","Göttlicher Zorn","ディヴァインアイア","신성한 진노","Ira Divina","Божественный гнев","Ira divina","Divine Ire","聖怒","",10,"","","",-16843010,-16843010,""
255,"WinterOrbMtx","Winter Orb","Orbe de l'hiver","Wintersphäre","ウィンターオーブ","겨울 보주","Orbe Invernal","Зимняя сфера","Orbe invernal","Winter Orb","凜冬之球","",10,"","","",-16843010,-16843010,""
256,"BaneMtx","Bane","Damnation","Verdammung","ベイン","파멸","Banir","Погибель","Condenación","Bane","災厄","",10,"","","",-16843010,-16843010,""
257,"IceDashMtx","Ice Dash","Transfert givrant","Frostspurt","アイスクラッシュ","얼음 질주","Avanço Gélido","Ледяной скачок","Embestida de hielo","Ice Dash","霜漣之瞬","",10,"","","",-16843010,-16843010,""
258,"QuickDodgeMtx","Dash","Élan","Spurt","ダッシュ","질주","Avanço","Рывок","Finta","Dash","瞬身","",10,"","","",-16843010,-16843010,""
259,"PrecisionMtx","Precision","Justesse","Präzision","プレシジョン","정밀함","Precisão","Точность","Exactitud","Precision","精準","",10,"","","",-16843010,-16843010,""
260,"PrideMtx","Pride","Fierté","Stolz","プライド","자부심","Orgulho","Гордость","Orgullo","Pride","驕傲","",10,"","","",-16843010,-16843010,""
261,"LightningTrapMtx","Lightning Trap","Piège de foudre","Blitzfalle","ライトニングトラップ","번개 덫","Armadilha Relampejante","Ловушка молний","Trampa de rayo","Lightning Trap","閃電陷阱","",10,"","","",-16843010,-16843010,""
262,"VaalLightningTrapMtx","Vaal Lightning Trap","Piège de foudre vaal","Vaal-Blitzfalle","ヴァールライトニングトラップ","바알 번개 덫","Armadilha Relampejante Vaal","Ловушка молний ваал","Trampa de rayo vaal","Vaal Lightning Trap","瓦爾．閃電陷阱","",10,"","","",-16843010,-16843010,""
263,"BladestormMtx","Bladestorm","Tempête de lames","Klingensturm","ブレードストーム","칼날 폭풍","Tempestade de Lâminas","Ураган лезвий","Tormenta de filos","Bladestorm","旋天劍舞","",10,"","","",-16843010,-16843010,""
264,"BloodAndSandMtx","Blood and Sand","Sang et sable","Blut und Sand","ブラッドアンドサンド","피와 모래","Sangue e Areia","Кровь и песок","Sangre y arena","Blood and Sand","血腥沙戮","",10,"","","",-16843010,-16843010,""
265,"FleshAndStoneMtx","Flesh and Stone","Chair et pierre","Fleisch und Stein","フレッシュアンドストーン","육체와 돌","Carne e Pedra","Камень и плоть","Carne y piedra","Flesh and Stone","血肉骸骨","",10,"","","",-16843010,-16843010,""
266,"StormBrandMtx","Storm Brand","Symbole de l'orage","Zeichen des Sturms","ストームバインド","폭풍의 낙인","Runa Tempestuosa","Клеймо бури","Marca de tormentas","Storm Brand","風暴烙印","",10,"","","",-16843010,-16843010,""
267,"BlightMtx","Blight","Fléau","Pesthauch","ブライト","역병","Infestação","Мор","Plaga","Blight","萎滅","",10,"","","",-16843010,-16843010,""
268,"VaalBlightMtx","Vaal Blight","Fléau vaal","Vaal-Pesthauch","ヴァールブライト","바알 황폐","Infestação Vaal","Мор ваал","Plaga vaal","Vaal Blight","瓦爾．萎滅","",10,"","","",-16843010,-16843010,""
269,"PyroclastMineMtx","Pyroclast Mine","Mine de pyroclastes","Lavageschossmine","パイロクラストマイン","화산탄 지뢰","Mina Piroclástica","Пирокластовая мина","Mina piroclástica","Pyroclast Mine","炎爆新星地雷","",10,"","","",-16843010,-16843010,""
270,"HailstormMineMtx","Icicle Mine","Mine d'éclats de glace","Eiskristallmine","アイシクルマイン","고드름 지뢰","Mina de Sincelo","Шквальная мина","Mina de tormenta de granizo","Icicle Mine","冰雹地雷","",10,"","","",-16843010,-16843010,""
271,"StormblastMineMtx","Stormblast Mine","Mine de déflagration orageuse","Gewittersturmmine","ストームブラストマイン","태풍 파열 지뢰","Mina de Tempestade Explosiva","Штормовая мина","Mina de tormenta explosiva","Stormblast Mine","風暴地雷","",10,"","","",-16843010,-16843010,""
272,"BlastChainMineMtx","Remote Mine","Mine activable","Fernmine","リモートマイン","원격 지뢰","Mina Remota","Мина","Mina remota","Remote Mine","遙控地雷","",10,"","","",-16843010,-16843010,""
273,"HighImpactMineMtx","Remote Mine","Mine activable","Fernmine","リモートマイン","원격 지뢰","Mina Remota","Мина","Mina remota","Remote Mine","遙控地雷","",10,"","","",-16843010,-16843010,""
274,"LocusMineMtx","Remote Mine","Mine activable","Fernmine","リモートマイン","원격 지뢰","Mina Remota","Мина","Mina remota","Remote Mine","遙控地雷","",10,"","","",-16843010,-16843010,""
275,"SummonSkitterbotsMtx","Summon Skitterbots","Invocation d'Arachnobots","Arachnobots beschwören","スキッターボット召喚","원격 기폭 장치 소환","Convocar Robôs Rastejantes","Призыв мехаботов","Invocar robots escurridizos","Summon Skitterbots","召喚探測機獸","",10,"","","",-16843010,-16843010,""
276,"ArtilleryBallistaMtx","Artillery Ballista","Baliste d'artillerie","Artillerie-Balliste","アーティラリーバリスタ","포대 쇠뇌","Balista de Artilharia","Артиллерийская баллиста","Balista de artillería","Artillery Ballista","火砲砲塔","",10,"","","",-16843010,-16843010,""
277,"ShrapnelBallistaMtx","Shrapnel Ballista","Baliste à shrapnel","Schrapnell-Balliste","シュラプネルバリスタ","파편 쇠뇌","Balista Estilhaçante","Осколочная баллиста","Balista de metralla","Shrapnel Ballista","彈片砲塔","",10,"","","",-16843010,-16843010,""
278,"ExplosiveArrowMtx","Explosive Arrow","Flèche explosive","Explosiver Pfeil","エクスプローシブアロー","폭발 화살","Flecha Explosiva","Взрывная стрела","Flecha explosiva","Explosive Arrow","爆炸箭矢","",10,"","","",-16843010,-16843010,""
279,"BlasphemyPlusMtx","Awakened Blasphemy","Blasphème (éveillé)","Erweckte Blasphemie","覚醒の冒涜","각성한 신성 모독","Blasfêmia Desperta","Пробужденный: Богохульство","Blasfemia despertada","Awakened Blasphemy","覺醒詛咒光環","",10,"","","",-16843010,-16843010,""
280,"SummonCarrionGolemMtx","Summon Carrion Golem","Invocation de Golem de charogne","Aasgolem beschwören","キャリオンゴーレム召喚","부패 골렘 소환","Convocar Golem da Carniça","Призыв трупного голема","Invocar Gólem de carroña","Summon Carrion Golem","召喚食腐魔像","",10,"","","",-16843010,-16843010,""
281,"BladeBlastMtx","Blade Blast","Explosion de lames","Klingenexplosion","ブレードブラスト","칼날 폭격","Explosão de Lâminas","Взрыв клинков","Explosión de filos","Blade Blast","劍刃爆破","",10,"","","",-16843010,-16843010,""
282,"AnimateWeaponMtx","Animated Weapon","Animation d'Arme","Waffe beseelen","アニメイトウェポン","기동된 무기","Animar Arma","Живое оружие","Arma animada","Animated Weapon","幻化武器","",10,"","","",-16843010,-16843010,""
283,"KineticBoltMtx","Kinetic Bolt","Éclair cinétique","Kinetisches Geschoss","キネティックボルト","역학 투사체","Tiro Cinético","Кинетический заряд","Descarga cinética","Kinetic Bolt","力量穿引","",10,"","","",-16843010,-16843010,""
284,"PowerSiphonMtx","Power Siphon","Siphon de pouvoir","Energieentladung","パワーサイフォン","권능 착취","Sifão de Poder","Перелив энергии","Robo de poder","Power Siphon","力量抽取","",10,"","","",-16843010,-16843010,""
285,"StormbindMtx","Stormbind","Rune de l'orage","Sturmrune","ストームバインド","폭풍 연대","Vínculo Tempestuoso","Грозовые руны","Rito de tormenta","Stormbind","風暴術符","",10,"","","",-16843010,-16843010,""
286,"DominatingBlowMtx","Dominating Blow","Coup de soumission","Beherrschender Schlag","ドミネーティングブロウ","지배의 맹타","Golpe Dominador","Удар власти","Embate dominante","Dominating Blow","霸氣之擊","",10,"","","",-16843010,-16843010,""
287,"EnduringCryMtx","Enduring Cry","Cri d'endurance","Widerstandsschrei","エンデュアリングクライ","인내의 함성","Clamor Fortalecedor","Клич стойкости","Grito de aguante","Enduring Cry","堅決戰吼","",10,"","","",-16843010,-16843010,""
288,"RallyingCryMtx","Rallying Cry","Cri de ralliement","Schlachtruf","ラリイングクライ","집결의 함성","Clamor Agrupador","Клич сплочения","Grito inspirador","Rallying Cry","激勵戰吼","",10,"","","",-16843010,-16843010,""
289,"AbyssalCryMtx","Abyssal Cry","Cri abyssal","Höllischer Schrei","インファーナルクライ","심연의 함성","Clamor Abissal","Клич преисподней","Grito abisal","Abyssal Cry","深淵戰吼","",10,"","","",-16843010,-16843010,""
290,"IntimidatingCryMtx","Intimidating Cry","Cri d'intimidation","Einschüchternder Schrei","インティミデーティングクライ","위협의 함성","Clamor Intimidador","Устрашающий клич","Grito intimidatorio","Intimidating Cry","威嚇戰吼","",10,"","","",-16843010,-16843010,""
291,"GeneralsCryMtx","General's Cry","Cri du Général","Schrei des Generals","ジェネラルズクライ","장군의 함성","Clamor do General","Клич полководца","Grito del general","General's Cry","將軍戰吼","",10,"","","",-16843010,-16843010,""
292,"AncestralCryMtx","Ancestral Cry","Cri ancestral","Schrei der Ahnen","アンセストラルクライ","선대의 함성","Clamor Ancestral","Клич предков","Grito ancestral","Ancestral Cry","先祖戰吼","",10,"","","",-16843010,-16843010,""
293,"SeismicCryMtx","Seismic Cry","Cri sismique","Seismischer Schrei","サイズミッククライ","지진 함성","Clamor Sísmico","Сейсмический клич","Grito sísmico","Seismic Cry","裂地戰吼","",10,"","","",-16843010,-16843010,""
294,"TectonicSlamMtx","Tectonic Slam","Fracas tectonique","Tektonischer Hieb","テクトニックスラム","지층 강타","Impacto Tectônico","Тектонический удар","Embate tectónico","Tectonic Slam","破體之擊","",10,"","","",-16843010,-16843010,""
295,"FistOfWarMtx","Fist of War","Poing de guerre","Faust des Krieges","フィストオブウォー","전쟁의 주먹","Punho da Guerra","Кулак войны","Puño de guerra","Fist of War","拳霸","",10,"","","",-16843010,-16843010,""
296,"IceCrashMtx","Ice Crash","Fracas de glace","Eishieb","アイスクラッシュ","얼음 충격","Pancada Glacial","Ледяное сокрушение","Choque de hielo","Ice Crash","寒冰衝擊","",10,"","","",-16843010,-16843010,""
297,"LancingSteelMtx","Lancing Steel","Acier transperçant","Stechender Stahl","ランシングスティール","강철 관통","Aço Perfurante","Пронзающая сталь","Acero empalador","Lancing Steel","鋼之突刺","",10,"","","",-16843010,-16843010,""
298,"ShatteringSteelMtx","Shattering Steel","Acier fendant","Zerschmetternder Stahl","シャタリングスティール","강철 파편","Aço Estraçalhador","Дробящая сталь","Acero devastador","Shattering Steel","鋼之碎擊","",10,"","","",-16843010,-16843010,""
299,"DetonateDeadMtx","Detonate Dead","Explosion cadavérique","Leichenexplosion","デトネートデッド","시체 폭발","Detonar Morto","Подрыв трупа","Detonar muertos","Detonate Dead","屍體爆破","",10,"","","",-16843010,-16843010,""
300,"VaalDetonateDeadMtx","Vaal Detonate Dead","Explosion cadavérique vaal","Vaal-Leichenexplosion","ヴァールデトネートデッド","바알 시체 폭발","Detonar Morto Vaal","Подрыв трупа ваал","Detonar muertos vaal","Vaal Detonate Dead","瓦爾．屍體爆破","",10,"","","",-16843010,-16843010,""
301,"VoidSphereMtx","Void Sphere","Sphère du Néant","Sphäre der Leere","ヴォイドスフィア","공허 구체","Esfera do Vácuo","Сфера пустоты","Esfera de vacío","Void Sphere","虛無玉","",10,"","","",-16843010,-16843010,""
302,"SmiteMtx","Smite","Châtiment","Zerschmettern","スマイト","징벌","Castigo","Кара","Aniquilación","Smite","雷鳴重擊","",10,"","","",-16843010,-16843010,""
303,"EarthshatterMtx","Earthshatter","Pieux telluriques","Erdspalter","アースシャッター","지면 분쇄","Destroçador","Разлом земли","Foco sísmico","Earthshatter","碎地重擊","",10,"","","",-16843010,-16843010,""
304,"ConsecratedPathMtx","Consecrated Path","Chemin consacré","Geweihter Pfad","コンセクレイテッドパス","축성의 진격","Caminho Sagrado","Освящённый путь","Camino consagrado","Consecrated Path","奉獻地面","",10,"","","",-16843010,-16843010,""
305,"CracklingLanceMtx","Crackling Lance","Épieu crépitant","Blitzlanze","クラックリングランス","치직대는 창","Lâmina Crepitante","Искрящееся копьё","Lanza electrizante","Crackling Lance","碎雷電閃","",10,"","","",-16843010,-16843010,""
306,"BodyswapMtx","Bodyswap","Substitution corporelle","Reinkarnation","ボディスワップ","신체 전환","Troca de Corpos","Обмен телами","Intercambio de cuerpos","Bodyswap","屍術傳送","",10,"","","",-16843010,-16843010,""
307,"FlameWallMtx","Flame Wall","Mur de flammes","Feuerwall","フレイムウォール","화염 벽","Parede Flamejante","Стена пламени","Muro de fuego","Flame Wall","烈焰之牆","",10,"","","",-16843010,-16843010,""
308,"EnsnaringArrowMtx","Ensnaring Arrow","Flèche d'empêtrement","Fesselnder Pfeil","エンスネアリングアロー","올가미 화살","Flecha Aprisionadora","Стрела ловчего","Flecha atrapante","Ensnaring Arrow","誘捕箭矢","",10,"","","",-16843010,-16843010,""
309,"SigilOfPowerMtx","Sigil of Power","Sceau de pouvoir","Rune der Macht","シギルオブパワー","힘의 부적","Emblema do Poder","Печать силы","Runa de poder","Sigil of Power","咒符之力","",10,"","","",-16843010,-16843010,""
310,"SteelskinMtx","Steelskin","Peau d'acier","Stahlhaut","スティールスキン","강철피부","Pele de Aço","Стальная кожа","Piel de acero","Steelskin","鋼筋鐵骨","",10,"","","",-16843010,-16843010,""
311,"PunctureMtx","Puncture","Saignée","Durchstoßen","パンクチャー","관통상","Punctura","Надрез","Punción","Puncture","放血","",10,"","","",-16843010,-16843010,""
312,"WaveOfConvictionMtx","Wave of Conviction","Vague de condamnation","Welle der Verurteilung","ウェーブオブコンヴィクション","신념의 파도","Onda de Convicção","Волна осуждение","Ola de condena","Wave of Conviction","信念浪湧","",10,"","","",-16843010,-16843010,""
313,"BoneOfferingMtx","Bone Offering","Offrande d'os","Knochenopfer","ボーンオファリング","뼈 공물","Oferenda de Ossos","Подношение костей","Ofrenda de hueso","Bone Offering","骸骨奉獻","",10,"","","",-16843010,-16843010,""
314,"SpiritOfferingMtx","Spirit Offering","Offrande spirituelle","Seelenopfer","スピリットオファリング","영혼 공물","Oferenda de Espírito","Подношение духа","Ofrenda del espíritu","Spirit Offering","靈魂奉獻","",10,"","","",-16843010,-16843010,""
315,"FleshOfferingMtx","Flesh Offering","Offrande de chair","Fleischopfer","フレッシュオファリング","살점 공물","Oferenda de Carne","Подношение плоти","Ofrenda de carne","Flesh Offering","血肉奉獻","",10,"","","",-16843010,-16843010,""
316,"FrenzyMtx","Frenzy","Frénésie","Raserei","フレンジー","격분","Frenesi","Бешенство","Frenesí","Frenzy","狂怒","",10,"","","",-16843010,-16843010,""
317,"WitheringStepMtx","Withering Step","Foulée flétrissante","Verkümmernder Schritt","ウィザリングステップ","고사시키는 걸음","Passo Definhante","Губительный шаг","Paso marchitante","Withering Step","凋零之步","",10,"","","",-16843010,-16843010,""
318,"IceShotMtx","Ice Shot","Tir de glace","Eisgeschoss","アイスショット","얼음 화살","Tiro Gélido","Ледяной выстрел","Disparo de hielo","Ice Shot","冰霜射擊","",10,"","","",-16843010,-16843010,""
319,"DefianceBannerMtx","Defiance Banner","Étendard de défi","Trotzbanner","ディファイアンスバナー","저항의 깃발","Estandarte Desafiador","Знамя непокорности","Estandarte de desafío","Defiance Banner","反抗之旗","",10,"","","",-16843010,-16843010,""
320,"PenanceBrandMtx","Penance Brand","Symbole de pénitence","Zeichen der Buße","ペナンスブランド","속죄의 낙인","Runa da Penitência","Клеймо покаяния","Marca de penitencia","Penance Brand","贖罪烙印","",10,"","","",-16843010,-16843010,""
321,"ArcanistBrandMtx","Arcanist Brand","Symbole de l'Arcaniste","Zeichen des Arkanisten","アルカニストブランド","신비학자 낙인","Runa do Arcanista","Клеймо чаротворца","Marca del arcanista","Arcanist Brand","奧術烙印","",10,"","","",-16843010,-16843010,""
322,"WintertideBrandMtx","Wintertide Brand","Symbole du froid hivernal","Zeichen des Winters","ウィンタータイドブランド","겨울의 낙인","Runa da Maré Invernal","Клеймо зимы","Marca de Ola invernal","Wintertide Brand","冬潮烙印","",10,"","","",-16843010,-16843010,""
323,"ArmageddonBrandMtx","Armageddon Brand","Symbole de l'apocalypse","Zeichen des Untergangs","アルマゲドンブランド","종말의 낙인","Runa do Armagedom","Клеймо Армагеддона","Marca de armagedón","Armageddon Brand","末日烙印","",10,"","","",-16843010,-16843010,""
324,"SmokeMineMtx","Smoke Mine","Mine fumigène","Rauchmine","スモークマイン","연막 지뢰","Mina de Fumaça","Дымовая мина","Mina de humo","Smoke Mine","煙霧地雷","",10,"","","",-16843010,-16843010,""
325,"ArcaneCloakMtx","Arcane Cloak","Cape arcanique","Arkaner Umhang","アーケインクローク","비전의 망토","Manto Arcano","Чародейский покров","Manto arcano","Arcane Cloak","秘能披風","",10,"","","",-16843010,-16843010,""
326,"PlagueBearerMtx","Plague Bearer","Porte-peste","Pestbringer","プレイグベアラー","독성 운반자","Infestador","Носитель чумы","Portador de plaga","Plague Bearer","病疫之難","",10,"","","",-16843010,-16843010,""
327,"ChainHookMtx","Chain Hook","Grappin","Kettenhaken","チェーンフック","사슬 갈고리","Corrente com Gancho","Цепной крюк","Gancho de cadena","Chain Hook","奪魂勾索","",10,"","","",-16843010,-16843010,""
328,"BloodOfferingMtx","Blood Offering","Offrande de sang","Blutopfer","ブラッドオファリング","피의 공물","Oferenda de Sangue","Подношение крови","Ofrenda de sangre","Blood Offering","鮮血奉獻","",10,"","","",-16843010,-16843010,""
329,"EarthbreakerMtx","Earthbreaker","Brise-terre","Erdbrecher","地砕き","대지 분쇄자","Devastador","Камнелом","Rompesuelos","Earthbreaker","地破","",10,"","","",-16843010,-16843010,""
330,"BurningArrowMtx","Burning Arrow","Flèche incendiaire","Brennender Pfeil","バーニングアロー","불타는 화살","Flecha Ardente","Горящая стрела","Flecha ardiente","Burning Arrow","燃燒箭矢","",10,"","","",-16843010,-16843010,""
331,"VaalBurningArrowMtx","Vaal Burning Arrow","Flèche incendiaire vaal","Vaal-Brennender Pfeil","ヴァールバーニングアロー","바알 불타는 화살","Flecha Ardente Vaal","Горящая стрела ваал","Flecha ardiente vaal","Vaal Burning Arrow","瓦爾．燃燒箭矢","",10,"","","",-16843010,-16843010,""
332,"ExsanguinateMtx","Exsanguinate","Exsanguination","Ausbluten","イグザングイネイト","방혈","Ensanguentar","Обескровливание","Desangrar","Exsanguinate","抽血","",10,"","","",-16843010,-16843010,""
333,"HydrosphereMtx","Hydrosphere","Hydrosphère","Hydrosphäre","ハイドロスフィア","물의 구체","Hidrosfera","Гидросфера","Hidroesfera","Hydrosphere","水弒界","",10,"","","",-16843010,-16843010,""
334,"LightningStrikeMtx","Lightning Strike","Frappe foudroyante","Blitzschlag","ライトニングストライク","번개 타격","Golpe Relampejante","Удар молнии","Golpe de rayo","Lightning Strike","閃電打擊","",10,"","","",-16843010,-16843010,""
335,"VaalLightningStrikeMtx","Vaal Lightning Strike","Frappe foudroyante vaal","Vaal-Blitzschlag","ヴァールライトニングストライク","바알 번개 타격","Golpe Relampejante Vaal","Удар молнии ваал","Golpe de rayo vaal","Vaal Lightning Strike","瓦爾．閃電打擊","",10,"","","",-16843010,-16843010,""
336,"InfernalBlowMtx","Infernal Blow","Coup infernal","Höllenschlag","インファーナルブロウ","지옥불 맹타","Golpe Infernal","Удар преисподней","Golpe infernal","Infernal Blow","煉獄之擊","",10,"","","",-16843010,-16843010,""
337,"SweepMtx","Sweep","Balayage","Rundumschlag","スウィープ","휩쓸기","Arrastão","Круговой взмах","Barrido","Sweep","橫掃","",10,"","","",-16843010,-16843010,""
338,"VaalSweepMtx","Vaal Sweep","Balayage vaal","Vaal-Rundumschlag","ヴァールスウィープ","바알 휩쓸기","Arrastão Vaal","Круговой взмах ваал","Barrido vaal","Vaal Sweep","瓦爾．橫掃","",10,"","","",-16843010,-16843010,""
339,"DualStrikeMtx","Dual Strike","Frappes simultanées","Zweifachschlag","デュアルストライク","쌍수 타격","Golpe Duplo","Парный удар","Golpe dual","Dual Strike","雙持打擊","",10,"","","",-16843010,-16843010,""
340,"EyeOfWinterMtx","Eye of Winter","Œil de l'hiver","Auge des Winters","アイオブウィンター","겨울의 눈","Olho Invernal","Око зимы","Ojo del invierno","Eye of Winter","凜冬之眼","",10,"","","",-16843010,-16843010,""
341,"SpectralHelixMtx","Spectral Helix","Spirale spectrale","Spektralhelix","スペクトラルヘリックス","영체 나선","Hélice Espectral","Призрачная спираль","Hélice espectral","Spectral Helix","靈體旋武","",10,"","","",-16843010,-16843010,""
342,"EnergyBladeMtx","Energy Blade","Lame d'énergie","Energieklinge","エナジーブレード","에너지 칼날","Lâmina de Energia","Клинок энергии","Filo de energía","Energy Blade","能量之刃","",10,"","","",-16843010,-16843010,""
343,"TornadoMtx","Tornado","Tornade","Tornado","トルネード","회오리","Tornado","Торнадо","Tornado","Tornado","龍捲風射擊","",10,"","","",-16843010,-16843010,""
344,"ForbiddenRiteMtx","ForbiddenRite","Rite interdit","Verbotener Ritus","フォビドゥンライト","금단의 의식","Ritual Proibido","Запретный ритуал","Ritual prohibido","ForbiddenRite","禁忌儀式","",10,"","","",-16843010,-16843010,""
345,"ShockwaveSupportMtx","Shockwave","Onde de choc","Schockwelle","ショックウェーブ","충격파","Onda de Choque","Ударная волна","Onda sísmica","Shockwave","衝擊波","",10,"","","",-16843010,-16843010,""
346,"CastWhenDamageTakenMtx","Cast when Damage Taken","Déclenchement par seuil de Dégâts subis","Zaubern bei erlittenem Schaden","被ダメージ時キャスト","피격 시 시전","Conjurar ao Sofrer Dano","Сотворение чар при получении урона","Lanzar al recibir daño","Cast when Damage Taken","受傷時施放","",10,"","","",-16843010,-16843010,""
347,"PoisonousConcoctionMtx","Poisonous Concoction","Concoction empoisonnée","Giftiger Trank","ポイゾナスコンコクション","독성 혼합물","Composto Venenoso","Ядовитая смесь","Sustancia venenosa","Poisonous Concoction","毒藥","",10,"","","",-16843010,-16843010,""
348,"CorruptingFeverMtx","Corrupting Fever","Fièvre corruptrice","Verderbendes Fieber","コラプティングフィーバー","타락한 열병","Febre Corrompedora","Разлагающая лихорадка","Fiebre corruptora","Corrupting Fever","腐化潮","",10,"","","",-16843010,-16843010,""
349,"SeismicTrapMtx","Seismic Trap","Piège sismique","Seismische Falle","サイズミックトラップ","지진 덫","Armadilha Sísmica","Сейсмическая ловушка","Trampa sísmica","Seismic Trap","地裂陷阱","",10,"","","",-16843010,-16843010,""
350,"FireTrapMtx","Fire Trap","Piège incendiaire","Brandfalle","ファイヤートラップ","화염 덫","Armadilha Flamejante","Огненная ловушка","Trampa de fuego","Fire Trap","火焰陷阱","",10,"","","",-16843010,-16843010,""
351,"BoneshatterMtx","Boneshatter","Brise-os","Knochenbrecher","ボーンシャッター","뼈 박살","Destroçador","Дробление костей","Destrozahuesos","Boneshatter","碎骨","",10,"","","",-16843010,-16843010,""
352,"EnvyMtx","Envy","Convoitise","Neid","エンビー","선망","Inveja","Зависть","Envidia","Envy","忌妒","",10,"","","",-16843010,-16843010,""
353,"DeathAuraMtx","Death Aura","Aura de mort","Todesaura","デスオーラ","죽음의 오라","Aura da Morte","Аура смерти","Aura de muerte","Death Aura","死亡光環","",10,"","","",-16843010,-16843010,""
354,"GluttonyOfElementsMtx","Gluttony Of Elements","Gloutonnerie des éléments","Elementvöllerei","元素の飽食","원소의 폭식","Gula dos Elementos","Жажда стихий","Gula de elementos","Gluttony Of Elements","元素之癒","",10,"","","",-16843010,-16843010,""
355,"BlindingAuraMtx","Blinding Aura","Aura aveuglante","Blendaura","盲目オーラ","실명의 오라","Aura Cegante","Слепящая аура","Aura cegadora","Blinding Aura","致盲光環","",10,"","","",-16843010,-16843010,""
356,"GalvanicFieldMtx","Galvanic Field","Globe galvanisant","Galvanisches Feld","ガルヴァニックフィールド","충격장","Campo Galvânico","Электризующее поле","Campo galvánico","Galvanic Field","電光領域","",10,"","","",-16843010,-16843010,""
357,"AlchemistsMarkMtx","Alchemist's Mark","Marque de l'Alchimiste","Mal des Alchemisten","アルケミストの呪印","연금술사의 징표","Marca do Alquimista","Метка алхимика","Señal del alquimista","Alchemist's Mark","煉金術士印記","",10,"","","",-16843010,-16843010,""
358,"LightningConduitMtx","Lightning Conduit","Vecteur de foudre","Blitzleitung","ライトニングコンジット","번개 도관","Condutor de Eletricidade","Проводник молнии","Conducto de rayo","Lightning Conduit","導雷","",10,"","","",-16843010,-16843010,""
359,"LightningTendrilsMtx","Lightning Tendrils","Filaments de foudre","Blitzranken","ライトニングテンドリル","덩굴 번개","Tentáculos Relampejantes","Побеги молнии","Centellas","Lightning Tendrils","電能釋放","",10,"","","",-16843010,-16843010,""
360,"CobraLashMtx","Cobra Lash","Croc de cobra","Kobraschlag","コブララッシュ","코브라 채찍","Chicote de Cobra","Бросок кобры","Latigazo de cobra","Cobra Lash","毒蛇鞭笞","",10,"","","",-16843010,-16843010,""
361,"VenomGyreMtx","Venom Gyre","Spirale venimeuse","Giftwirbel","ヴェノムジャイル","독액 선회","Espiral Venenosa","Круг яда","Espiral de veneno","Venom Gyre","猛毒迴旋","",10,"","","",-16843010,-16843010,""
362,"VolleyMtx","Volley","Volée","Projektilsalve","斉射","사격 공세","Rajada","Залп","Salva","Volley","齊射","",10,"","","",-16843010,-16843010,""
363,"GreaterVolleyMtx","Greater Volley","Volée majeure","Größere Projektilsalve","斉射（大）","상위 사격 공세","Grande Rajada","Большой залп","Salva superior","Greater Volley","高階齊射","",10,"","","",-16843010,-16843010,""
364,"ReapMtx","Reap","Fauchage","Sense","リープ","낫질","Ceifar","Кровавая жатва","Siega","Reap","收割","",10,"","","",-16843010,-16843010,""
365,"RageVortexMtx","Rage Vortex","Vortex de rage","Rauschender Vortex","レイジヴォーテックス","격노 소용돌이","Vórtice Furioso","Свирепый вихрь","Vórtice de furia","Rage Vortex","盛怒漩渦","",10,"","","",-16843010,-16843010,""
366,"CreepingFrostMtx","Creeping Frost","Givre dévorant","Schleichender Frost","クリーピングフロスト","엄습하는 서리","Geada Rastejante","Ползучий мороз","Escarcha acechante","Creeping Frost","霜寒滲透","",10,"","","",-16843010,-16843010,""
367,"ImpendingDoomMtx","Impending Doom","Fatalité imminente","Drohendes Unheil","インペンディングドゥーム","임박한 멸망","Destruição Iminente","Обречённость","Perdición inminente","Impending Doom","末日厄運","",10,"","","",-16843010,-16843010,""
368,"PoachersMarkMtx","Poacher's Mark","Marque du braconnier","Mal des Wilderers","ポーチャーの呪印","밀렵꾼의 징표","Marca do Larápio","Метка браконьера","Señal del cazador furtivo","Poacher's Mark","盜獵者印記","",10,"","","",-16843010,-16843010,""
369,"AssassinsMarkMtx","Assassin's Mark","Marque de l'assassin","Mal des Assassinen","アサシンの呪印","암살자의 징표","Marca do Assassino","Метка убийцы","Señal del asesino","Assassin's Mark","刺客印記","",10,"","","",-16843010,-16843010,""
370,"SnipersMarkMtx","Sniper's Mark","Marque du tireur d'élite","Mal des Scharfschützen","スナイパーの呪印","저격수의 징표","Marca do Atirador","Метка снайпера","Señal del tirador","Sniper's Mark","狙擊者印記","",10,"","","",-16843010,-16843010,""
371,"WarlordsMarkMtx","Warlord's Mark","Marque du seigneur de guerre","Mal des Kriegsfürsten","ウォーロードの呪印","전쟁군주의 징표","Marca do Comandante","Метка вождя","Señal del jefe de guerra","Warlord's Mark","督軍印記","",10,"","","",-16843010,-16843010,""
372,"MantraofDestructionMtx","Mantra of Destruction","Mantra of Destruction","Mantra of Destruction","Mantra of Destruction","Mantra of Destruction","Mantra of Destruction","Mantra of Destruction","Mantra of Destruction","Mantra of Destruction","Mantra of Destruction","",10,"","","",-16843010,-16843010,""
373,"VaultingImpactMtx","Vaulting Impact","Vaulting Impact","Vaulting Impact","Vaulting Impact","Vaulting Impact","Vaulting Impact","Vaulting Impact","Vaulting Impact","Vaulting Impact","Vaulting Impact","",10,"","","",-16843010,-16843010,""
374,"TempestBellMtx","Tempest Bell","Tempest Bell","Tempest Bell","Tempest Bell","Tempest Bell","Tempest Bell","Tempest Bell","Tempest Bell","Tempest Bell","Tempest Bell","",10,"","","",-16843010,-16843010,""
375,"WindBlastMtx","Wind Blast","Wind Blast","Wind Blast","Wind Blast","Wind Blast","Wind Blast","Wind Blast","Wind Blast","Wind Blast","Wind Blast","",10,"","","",-16843010,-16843010,""
376,"KillingPalmMtx","Killing Palm","Killing Palm","Killing Palm","Killing Palm","Killing Palm","Killing Palm","Killing Palm","Killing Palm","Killing Palm","Killing Palm","",10,"","","",-16843010,-16843010,""
377,"WhirlingAssaultMtx","Whirling Assault","Whirling Assault","Whirling Assault","Whirling Assault","Whirling Assault","Whirling Assault","Whirling Assault","Whirling Assault","Whirling Assault","Whirling Assault","",10,"","","",-16843010,-16843010,""
378,"DodgeRollMtx","Dodge Roll","Dodge Roll","Dodge Roll","Dodge Roll","Dodge Roll","Dodge Roll","Dodge Roll","Dodge Roll","Dodge Roll","Dodge Roll","",10,"","","",-16843010,-16843010,""
379,"SolarOrbMtx","Solar Orb","Solar Orb","Solar Orb","Solar Orb","Solar Orb","Solar Orb","Solar Orb","Solar Orb","Solar Orb","Solar Orb","",10,"","","",-16843010,-16843010,""
380,"EmberFusiladeMtx","Ember Fusilade","Ember Fusilade","Ember Fusilade","Ember Fusilade","Ember Fusilade","Ember Fusilade","Ember Fusilade","Ember Fusilade","Ember Fusilade","Ember Fusilade","",10,"","","",-16843010,-16843010,""
381,"LightningRodMtx","Lightning Rod","Lightning Rod","Lightning Rod","Lightning Rod","Lightning Rod","Lightning Rod","Lightning Rod","Lightning Rod","Lightning Rod","Lightning Rod","",10,"","","",-16843010,-16843010,""
382,"ShockchainArrowMtx","Shockchain Arrow","Shockchain Arrow","Shockchain Arrow","Shockchain Arrow","Shockchain Arrow","Shockchain Arrow","Shockchain Arrow","Shockchain Arrow","Shockchain Arrow","Shockchain Arrow","",10,"","","",-16843010,-16843010,""
383,"MagneticSalvoMtx","Magnetic Salvo","Magnetic Salvo","Magnetic Salvo","Magnetic Salvo","Magnetic Salvo","Magnetic Salvo","Magnetic Salvo","Magnetic Salvo","Magnetic Salvo","Magnetic Salvo","",10,"","","",-16843010,-16843010,""
384,"StormcallerArrowMtx","Stormcaller Arrow","Stormcaller Arrow","Stormcaller Arrow","Stormcaller Arrow","Stormcaller Arrow","Stormcaller Arrow","Stormcaller Arrow","Stormcaller Arrow","Stormcaller Arrow","Stormcaller Arrow","",10,"","","",-16843010,-16843010,""
385,"VoltaicMarkMtx","Voltaic Mark","Voltaic Mark","Voltaic Mark","Voltaic Mark","Voltaic Mark","Voltaic Mark","Voltaic Mark","Voltaic Mark","Voltaic Mark","Voltaic Mark","",10,"","","",-16843010,-16843010,""
386,"ElectrocutingArrowMtx","Electrocuting Arrow","Electrocuting Arrow","Electrocuting Arrow","Electrocuting Arrow","Electrocuting Arrow","Electrocuting Arrow","Electrocuting Arrow","Electrocuting Arrow","Electrocuting Arrow","Electrocuting Arrow","",10,"","","",-16843010,-16843010,""
387,"VoltaicGrenadesMtx","Voltaic Grenades","Voltaic Grenades","Voltaic Grenades","Voltaic Grenades","Voltaic Grenades","Voltaic Grenades","Voltaic Grenades","Voltaic Grenades","Voltaic Grenades","Voltaic Grenades","",10,"","","",-16843010,-16843010,""
388,"StormblastBoltsMtx","Stormblast Bolts","Stormblast Bolts","Stormblast Bolts","Stormblast Bolts","Stormblast Bolts","Stormblast Bolts","Stormblast Bolts","Stormblast Bolts","Stormblast Bolts","Stormblast Bolts","",10,"","","",-16843010,-16843010,""
389,"PlasmaBlastMtx","Plasma Blast","Plasma Blast","Plasma Blast","Plasma Blast","Plasma Blast","Plasma Blast","Plasma Blast","Plasma Blast","Plasma Blast","Plasma Blast","",10,"","","",-16843010,-16843010,""
390,"ShockburstRoundsMtx","Shockburst Rounds","Shockburst Rounds","Shockburst Rounds","Shockburst Rounds","Shockburst Rounds","Shockburst Rounds","Shockburst Rounds","Shockburst Rounds","Shockburst Rounds","Shockburst Rounds","",10,"","","",-16843010,-16843010,""
391,"GalvanicShardsMtx","Galvanic Shards","Galvanic Shards","Galvanic Shards","Galvanic Shards","Galvanic Shards","Galvanic Shards","Galvanic Shards","Galvanic Shards","Galvanic Shards","Galvanic Shards","",10,"","","",-16843010,-16843010,""
392,"RollingSlamMtx","Rolling Slam","Rolling Slam","Rolling Slam","Rolling Slam","Rolling Slam","Rolling Slam","Rolling Slam","Rolling Slam","Rolling Slam","Rolling Slam","",10,"","","",-16843010,-16843010,""
393,"MoltenBlastMtx","Molten Blast","Molten Blast","Molten Blast","Molten Blast","Molten Blast","Molten Blast","Molten Blast","Molten Blast","Molten Blast","Molten Blast","",10,"","","",-16843010,-16843010,""
394,"PerfectStrikeMtx","Perfect Strike","Perfect Strike","Perfect Strike","Perfect Strike","Perfect Strike","Perfect Strike","Perfect Strike","Perfect Strike","Perfect Strike","Perfect Strike","",10,"","","",-16843010,-16843010,""
395,"UnearthMtx","Unearth","Unearth","Unearth","Unearth","Unearth","Unearth","Unearth","Unearth","Unearth","Unearth","",10,"","","",-16843010,-16843010,""
396,"PainOfferingMtx","Pain Offering","Pain Offering","Pain Offering","Pain Offering","Pain Offering","Pain Offering","Pain Offering","Pain Offering","Pain Offering","Pain Offering","",10,"","","",-16843010,-16843010,""
397,"SoulOfferingMtx","Soul Offering","Soul Offering","Soul Offering","Soul Offering","Soul Offering","Soul Offering","Soul Offering","Soul Offering","Soul Offering","Soul Offering","",10,"","","",-16843010,-16843010,""
398,"VolcanicFissureMtx","Volcanic Fissure","Volcanic Fissure","Volcanic Fissure","Volcanic Fissure","Volcanic Fissure","Volcanic Fissure","Volcanic Fissure","Volcanic Fissure","Volcanic Fissure","Volcanic Fissure","",10,"","","",-16843010,-16843010,""
399,"BonestormMtx","Bonestorm","Bonestorm","Bonestorm","Bonestorm","Bonestorm","Bonestorm","Bonestorm","Bonestorm","Bonestorm","Bonestorm","",10,"","","",-16843010,-16843010,""
400,"VulnerabilityMtx","Vulnerability","Vulnerability","Vulnerability","Vulnerability","Vulnerability","Vulnerability","Vulnerability","Vulnerability","Vulnerability","Vulnerability","",10,"","","",-16843010,-16843010,""
401,"DespairMtx","Despair","Despair","Despair","Despair","Despair","Despair","Despair","Despair","Despair","Despair","",10,"","","",-16843010,-16843010,""
402,"TemporalChainsMtx","Temporal Chains","Temporal Chains","Temporal Chains","Temporal Chains","Temporal Chains","Temporal Chains","Temporal Chains","Temporal Chains","Temporal Chains","Temporal Chains","",10,"","","",-16843010,-16843010,""
403,"EnfeebleMtx","Enfeeble","Enfeeble","Enfeeble","Enfeeble","Enfeeble","Enfeeble","Enfeeble","Enfeeble","Enfeeble","Enfeeble","",10,"","","",-16843010,-16843010,""
404,"BindSpectreMtx","Bind Spectre","Bind Spectre","Bind Spectre","Bind Spectre","Bind Spectre","Bind Spectre","Bind Spectre","Bind Spectre","Bind Spectre","Bind Spectre","",10,"","","",-16843010,-16843010,""
405,"BoneCageMtx","Bone Cage","Bone Cage","Bone Cage","Bone Cage","Bone Cage","Bone Cage","Bone Cage","Bone Cage","Bone Cage","Bone Cage","",10,"","","",-16843010,-16843010,""
406,"RhoaMountMtx","Rhoa Mount","Rhoa Mount","Rhoa Mount","Rhoa Mount","Rhoa Mount","Rhoa Mount","Rhoa Mount","Rhoa Mount","Rhoa Mount","Rhoa Mount","",10,"","","",-16843010,-16843010,""
407,"Theme","Theme","Thème","Thema","テーマ","테마","Tema","Тематика","Temática","ธีม","主題","","","","","",-16843010,-16843010,""
408,"InfernalTheme","Infernal","Infernal","Höllisch","地獄","지옥불","Infernal","Адские","Infernal","Infernal","煉獄之擊","",407,"","","",-16843010,-16843010,""
409,"NecroticTheme","Necrotic","Nécrotique","Nekrotisch","ネクロティック","괴사","Necrótico","Некротические","Necrótico","Necrotic","亡者之息","",407,"","","",-16843010,-16843010,""
410,"BreachTheme","Breach","Breach","Breach","ブリーチ","균열","Breach","Разлом","Breach","Breach","裂痕","",407,"","","",-16843010,-16843010,""
411,"LegacyTheme","Legacy","Legacy","Legacy","レガシー","유산","Legado","Наследие","Legado","Legacy","不朽","",407,"","","",-16843010,-16843010,""
412,"GoreTheme","Gore","Gore","Blut","血塗れ","선혈","Sanguinolento","Кровавые","Sangriento","Gore","鮮血","",407,"","","",-16843010,-16843010,""
413,"GhostflameTheme","Ghostflame","Spectreflamme","Geisterflamme","鬼火","유령불꽃","Fantasmagórico","Призрачное пламя","Llamas fantasmales","Ghostflame","青焰","",407,"","","",-16843010,-16843010,""
414,"GloomTheme","Gloom","Lugubre","Finsternis","グルーム","순흑","Sombrio","Мгла","Penumbra","Gloom","隱忍","",407,"","","",-16843010,-16843010,""
415,"DragonTheme","Dragon","Dragon","Drache","ドラゴン","용","Dracônico","Дракон","Dragón","Dragon","龍","",407,"","","",-16843010,-16843010,""
416,"DemonicTheme","Demonic","Démoniaque","Dämonisch","悪魔","악마","Demoníaco","Демонические","Demoníaco","Demonic","惡魔","",407,"","","",-16843010,-16843010,""
417,"DeicideTheme","Deicide","Déicide","Gottesmörder","神殺し","신살자","Deicide","Богоубийца","Deicidio","Deicide","命運主宰","",407,"","","",-16843010,-16843010,""
418,"ArcticTheme","Arctic","Arctique","Arktische Rüstung","極寒","한기","Ártico","Северные","Ártico","Arctic","極地","",407,"","","",-16843010,-16843010,""
419,"ArcaneTheme","Arcane","Arcane","Arkan","アーケイン","비전","Arcano","Колдовские","Arcano","Arcane","秘術","",407,"","","",-16843010,-16843010,""
420,"SteampunkTheme","Steam-Powered","Thermique","Dampfbetrieben","蒸気機関","증기 동력","A Vapor","Паровые","Steampunk","Steam-Powered","蒸氣太坦","",407,"","","",-16843010,-16843010,""
421,"VampiricTheme","Vampiric","Vampirique","Vampirisch","吸血鬼","흡혈귀","Vampírico","Вампирские","Vampírico","Vampiric","嗜血凶兆","",407,"","","",-16843010,-16843010,""
422,"VerdantTheme","Verdant","Verdoyant","Grünend","新緑","신록","Verdejante","Зелёные","Verde","Verdant","自然之力","",407,"","","",-16843010,-16843010,""
423,"SeraphTheme","Seraph","Séraphin","Seraph","セラフ","고위 천사","Serafim","Серафим","Serafín","Seraph","神使","",407,"","","",-16843010,-16843010,""
424,"ProphecyTheme","Prophecy","Prophecy","Prophecy","プロフェシー","예언","Prophecy","Пророчество","Prophecy","Prophecy","預言","",407,"","","",-16843010,-16843010,""
425,"ConsumableTheme","Consumable","Consommable","Verbrauchbar","消耗品","소모품","Consumível","Расходуемое","Consumible","Consumable","消耗品","",407,"","","",-16843010,-16843010,""
426,"EbonyTheme","Ebony","Ébène","Ebenholzfarben","黒檀","칠흑","Ébano","Эбеновые","Ébano","Ebony","漆黑之影","",407,"","","",-16843010,-16843010,""
427,"RadiantTheme","Radiant","Radieux","Strahlend","光輝","찬란한","Radiante","Светящиеся","Radiante","Radiant","光采聖記","",407,"","","",-16843010,-16843010,""
428,"LightningTheme","Lightning","Foudre","Blitz","雷","번개","Relampejante","Молнии","Relámpago","Lightning","雷霆","",407,"","","",-16843010,-16843010,""
429,"AcidTheme","Acid","Acide","Ätzend","酸","산성","Ácido","Кислотные","Ácido","Acid","蝕骨強酸","",407,"","","",-16843010,-16843010,""
430,"CrimsonTheme","Crimson","Pourpre","Blutrot","真紅","진홍색","Carmesím","Багровые","Carmesí","Crimson","緋紅","",407,"","","",-16843010,-16843010,""
431,"CelestialTheme","Celestial","Céleste","Himmlisch","天体","천공","Celestial","Небесные","Celestial","Celestial","絢麗眾星","",407,"","","",-16843010,-16843010,""
432,"GoldenTheme","Golden","Doré","Golden","黄金","황금","Dourado","Золотые","Dorado","Golden","黃金","",407,"","","",-16843010,-16843010,""
433,"PurpleTheme","Purple","Violet","Violett","紫","보라색","Púrpura","Фиолетовые","Morado","Purple","紫諱","",407,"","","",-16843010,-16843010,""
434,"EmeraldTheme","Emerald","Émeraude","Smaragdgrün","エメラルド","에메랄드","Esmeralda","Изумрудные","Esmeralda","Emerald","翠綠碧雲","",407,"","","",-16843010,-16843010,""
435,"DanceTheme","Dance","Danse","Tanz","踊り","춤","Dança","Танцы","Baile","Dance","舞蹈","",407,"","","",-16843010,-16843010,""
436,"AnimalTheme","Animal","Animal","Tiere","動物","동물","Animal","Звериные","Animal","Animal","動物","",407,"","","",-16843010,-16843010,""
437,"TribalTheme","Tribal","Tribal","Indigen","部族","부족","Tribal","Племенные","Tribal","Tribal","部落","",407,"","","",-16843010,-16843010,""
438,"ChallengeRewardsTheme","Challenge Rewards","Récompenses de défis","Herausforderungsbelohnungen","チャレンジ報酬","도전과제 보상","Recompensas de Desafios","Награды за испытания","Recompensas de desafíos","ของรางวัลภารกิจท้าทาย","挑戰獎勵","",407,"","","",-16843010,-16843010,""
439,"ClosedBetaSupporterPacksTheme","Closed Beta Supporter Packs","Packs de mécène (bêta fermée)","Geschlossene-Beta-Unterstützerpakete","クローズドベータサポーターパック","클로즈드 베타 서포터 팩","Pacotes de Apoiador do Beta Fechado","Наборы закрытой беты","Paquetes de colaborador de la beta cerrada","แพ็คสนับสนุนโคลสเบต้า","封測","",407,"","","",-16843010,-16843010,""
440,"OpenBetaSupporterPacksTheme","Open Beta Supporter Packs","Packs de mécène (bêta ouverte)","Offene-Beta-Unterstützerpakete","オープンベータサポーターパック","오픈 베타 서포터 팩","Pacotes de Apoiador do Beta Aberto","Наборы открытой беты","Paquetes de colaborador de la beta abierta","แพ็คสนับสนุนโอเพ่นเบต้า","公測","",407,"","","",-16843010,-16843010,""
441,"ReleaseSupporterPacksTheme","Release Supporter Packs","Packs de mécène (sortie du jeu)","Release-Unterstützerpakete","リリースサポーターパック","출시 서포터 팩","Pacotes de Apoiador de Lançamento","Наборы выхода игры","Paquetes de colaborador de lanzamiento","แพ็คสนับสนุนออกเกม","發布","",407,"","","",-16843010,-16843010,""
442,"ForsakenMastersTheme","Forsaken Masters","Maîtres réprouvés","Forsaken Masters","見捨てられたマスター","버림받은 대가들","Mestres Esquecidos","Отверженные мастера","Maestros errantes","Forsaken Masters","被遺忘的大師","",407,"","","",-16843010,-16843010,""
443,"AwakeningTheme","Awakening","Awakening","Awakening","アウェイクニング","각성","Awakening","Пробуждение","Despertar","Awakening","大覺醒","",407,"","","",-16843010,-16843010,""
444,"AscendancyTheme","Ascendancy","Ascendancy","Ascendancy","アセンダンシー","전직","Ascendancy","Восхождение","Ascendencia","Ascendancy","昇華試煉","",407,"","","",-16843010,-16843010,""
445,"AtlasTheme","Atlas","Atlas","Atlas","アトラス","아틀라스","Atlas","Атлас","Atlas","Atlas","輿圖","",407,"","","",-16843010,-16843010,""
446,"FallofOriathTheme","Fall of Oriath","Fall of Oriath","Fall von Oriath","オリアスの堕落","오리아스의 몰락","Queda de Oriath","Падение Ориата","Caída de Oriath","Fall of Oriath","奧瑞亞的殞落","",407,"","","",-16843010,-16843010,""
447,"MiscellaneousTheme","Miscellaneous","Divers","Sonstige","その他","기타","Genéricos","Разное","Misceláneo","อื่นๆ","其它","",407,"","","",-16843010,-16843010,""
448,"UltimateChaosTheme","Ultimate Chaos","Chaos ultime","Ultimatives Chaos","混沌の極み","극한의 혼돈","Caos Supremo","Безграничный хаос","Caos definitivo","Ultimate Chaos","最終混沌","",407,"","","",-16843010,-16843010,""
449,"PureLightTheme","Pure Light","Lumière pure","Reines Licht","純粋な光","순수한 빛","Luz Pura","Чистый свет","Pura luz","Pure Light","淨光","",407,"","","",-16843010,-16843010,""
450,"HarbingerTheme","Harbinger","Harbinger","Harbinger","ハービンジャー","선구자","Harbinger","Предвестник","Harbinger","Harbinger","神諭","",407,"","","",-16843010,-16843010,""
451,"PitchBlackTheme","Pitch Black","Nuit noire","Pechschwarz","漆黒","새까만","Escuridão","Кромешная тьма","Completamente negro","Pitch Black","漆桃霸主","",407,"","","",-16843010,-16843010,""
452,"WastelandWarriorTheme","Wasteland Warrior","Guerrier des Terres désolées","Ödlandkrieger","荒れ地の戦士","황무지 전사","Guerreiro do Deserto","Воин пустоши","Guerrero del páramo","Wasteland Warrior","荒野勇士","",407,"","","",-16843010,-16843010,""
453,"DesertTheme","Desert","Désert","Wüste","砂漠","사막","Deserto","Пустыня","Desértico","Desert","沙漠","",407,"","","",-16843010,-16843010,""
454,"ExecutionerTheme","Executioner","Bourreau","Henker","処刑人","사형 집행자","Executor","Палач","Ejecutor","Executioner","血腥屠夫","",407,"","","",-16843010,-16843010,""
455,"FireTheme","Fire","Feu","Feuer","火","화염","Fogo","Огненные","Fuego","Fire","火","",407,"","","",-16843010,-16843010,""
456,"IceTheme","Ice","Glace","Eis","氷","얼음","Gelo","Ледяные","Hielo","Ice","冰","",407,"","","",-16843010,-16843010,""
457,"PolarTheme","Polar","Polaire","Polar","ポーラー","극빙","Polarizado","Полярные","Polar","Polar","極光","",407,"","","",-16843010,-16843010,""
458,"LichTheme","Lich","Liche","Lich","リッチ","리치","Lich","Лич","Liche","Lich","巫妖","",407,"","","",-16843010,-16843010,""
459,"FireAndIceTheme","Fire and Ice","Feu et Glace","Feuer und Eis","火と氷","화염 및 얼음","Fogo e Gelo","Огонь и лёд","Hielo y fuego","Fire and Ice","冰與火","",407,"","","",-16843010,-16843010,""
460,"AbyssTheme","Abyss","Abyss","Abyss","アビス","심연","Abyss","Бездна","Abyss","Abyss","深淵戰吼","",407,"","","",-16843010,-16843010,""
461,"HalloweenTheme","Halloween","Halloween","Halloween","ハロウィン","핼러윈","Halloween","Хэллоуин","Halloween","Halloween","萬聖節","",407,"","","",-16843010,-16843010,""
462,"CultistTheme","Cultist","Sectateur","Kultist","崇拝者","광신자","Cultista","Культист","Cultista","Cultist","教徒","",407,"","","",-16843010,-16843010,""
463,"WarlockTheme","Warlock","Démoniste","Hexenmeister","ウォーロック","마법사","Mago","Чернокнижник","Brujo","Warlock","咒言術士","",407,"","","",-16843010,-16843010,""
464,"PirateTheme","Pirate","Pirate","Pirat","海賊","해적","Pirata","Пиратские","Pirata","Pirate","海盜","",407,"","","",-16843010,-16843010,""
465,"AtlasWarTheme","War for the Atlas","War for the Atlas","Krieg um den Atlas","ウォー・フォー・アトラス","아틀라스의 격전","Guerra pelo Atlas","Война за Атлас","Guerra por el Atlas","War for the Atlas","烽火輿圖","",407,"","","",-16843010,-16843010,""
466,"NatureTheme","Nature","Nature","Natur","自然","자연","Natureza","Природные","Naturaleza","Nature","自然","",407,"","","",-16843010,-16843010,""
467,"GothicTheme","Gothic","Gothique","Gothic","ゴシック","고딕","Gótico","Готические","Gótico","Gothic","歌德","",407,"","","",-16843010,-16843010,""
468,"SinAndInnocenceTheme","Sin and Innocence","Péché et Innocence","Sin und Innocence","シンとイノセンス","씬과 이노센스","Pecado e Inocência","Грех и Невинность","Inocencia y Pecado","Sin and Innocence","罪與善","",407,"","","",-16843010,-16843010,""
469,"BestiaryTheme","Bestiary","Bestiary","Bestiary","ベスティアリー","야수 도감","Bestiário","Бестиарий","Bestiario","Bestiary","獸獵寓言","",407,"","","",-16843010,-16843010,""
470,"StygianTheme","Stygian","Stygien","Schauerlich","スティギアン","명계","Estígio","Стигийские","Estigio","Stygian","冥河","",407,"","","",-16843010,-16843010,""
471,"ManticoreTheme","Manticore","Manticore","Mantikor","マンティコア","맨티코어","Mantícora","Мантикора","Mantícora","Manticore","獅身幻獸","",407,"","","",-16843010,-16843010,""
472,"SeawitchTheme","Seawitch","Sorcière des mers","Seehexe","シーウィッチ","바다 마녀","Bruxa do Mar","Морская ведьма","Bruja marina","Seawitch","魅影海巫","",407,"","","",-16843010,-16843010,""
473,"PhantasmalTheme","Phantasmal","Fantomatique","Geisterhaft","幻影","환영","Fantasmal","Призрачные","Fantasmal","Phantasmal","幻影","",407,"","","",-16843010,-16843010,""
474,"FallenAngelTheme","Fallen Angel","Ange déchu","Gefallener Engel","堕天使","타락 천사","Anjo caído","Падший ангел","Ángel caído","Fallen Angel","墮落天使","",407,"","","",-16843010,-16843010,""
475,"MalachaiTheme","Malachai","Malachai","Malachai","マラカイ","말라카이","Malachai","Малахай","Malachai","Malachai","瑪拉凱","",407,"","","",-16843010,-16843010,""
476,"CrystalTheme","Crystal","Cristal","Kristall","結晶","수정","Cristal","Кристальные","Cristal","Crystal","水晶","",407,"","","",-16843010,-16843010,""
477,"IncursionTheme","Incursion","Incursion","Incursion","インカージョン","기습","Incursion","Вмешательство","Incursion","Incursion","時空穿越","",407,"","","",-16843010,-16843010,""
478,"CarnageTheme","Carnage","Carnage","Gemetzel","カーネイジ","살육","Carnificina","Бойня","Matanza","Carnage","屠戮領主","",407,"","","",-16843010,-16843010,""
479,"ApocalypseTheme","Apocalypse","Apocalypse","Apokalypse","黙示録","종말","Apocalipse","Апокалипсис","Apocalipsis","Apocalypse","天啟預者","",407,"","","",-16843010,-16843010,""
480,"IvoryChaosTheme","Ivory Chaos","Chaos ivoire","Elfenbeinchaos","象牙色の混沌","상아색 혼돈","Caos de Marfim","Белый хаос","Caos de marfil","Ivory Chaos","混沌象牙","",407,"","","",-16843010,-16843010,""
481,"MadmanTheme","Madman","Aliéné","Verrückter","狂人","광인","Insano","Безумец","Lunático","Madman","狂喪之徒","",407,"","","",-16843010,-16843010,""
482,"GryffonTheme","Gryffon","Griffon","Greif","グリフォン","그리폰","Grifo","Грифон","Grifo","Gryffon","傲氣獅鷲","",407,"","","",-16843010,-16843010,""
483,"GorgonTheme","Gorgon","Gorgone","Gorgone","ゴルゴン","고르곤","Medusa","Горгона","Gorgona","Gorgon","石化毒蛇","",407,"","","",-16843010,-16843010,""
484,"BloodGuardTheme","Blood Guard","Garde de sang","Blutwächter","血の護り手","피의 수호병","Guardião Sangrento","Кровавый страж","Guardia de sangre","Blood Guard","浴血衛士","",407,"","","",-16843010,-16843010,""
485,"FaithGuardTheme","Faith Guard","Garde de foi","Glaubenswächter","信仰の護り手","신념 수호병","Guardião da Fé","Страж веры","Guardia de Fe","Faith Guard","信仰衛士","",407,"","","",-16843010,-16843010,""
486,"SphinxTheme","Sphinx","Sphinx","Sphinx","スフィンクス","스핑크스","Esfinge","Сфинкс","Esfinge","Sphinx","獅身人面","",407,"","","",-16843010,-16843010,""
487,"DelveTheme","Delve","Delve","Delve","デルヴ","탐광","Delve","Спуск","Delve","Delve","掘獄","",407,"","","",-16843010,-16843010,""
488,"OriathTheme","Oriath","Oriath","Oriath","オリアス","오리아스","Oriath","Ориат","Oriath","Oriath","奧瑞亞","",407,"","","",-16843010,-16843010,""
489,"PyreTheme","Pyre","Bûcher","Flammenritter","パイア","장작","Pira","Пылающие","Pira","Pyre","燃焰","",407,"","","",-16843010,-16843010,""
490,"ColiseumTheme","Coliseum","Colisée","Kolosseum","コロシアム","대경기장","Coliseu","Колизей","Coliseo","Coliseum","競技鬥服","",407,"","","",-16843010,-16843010,""
491,"NightLotusTheme","Night Lotus","Lotus nocturne","Nachtlotus","夜の睡蓮","밤의 연꽃","Lotus Noturna","Ночной лотос","Loto nocturno","Night Lotus","夜蓮","",407,"","","",-16843010,-16843010,""
492,"HarpyonTheme","Harpyon","Harpillon","Harpyon","ハーピオン","하피온","Harpia","Гарпион","Harpyon","Harpyon","羽妖珍獸","",407,"","","",-16843010,-16843010,""
493,"ElderTheme","Elder","Ancien","Ältester","エルダー","엘더","Ancião","Древний","Antiguo","Elder","異界尊師","",407,"","","",-16843010,-16843010,""
494,"BetrayalTheme","Betrayal","Betrayal","Betrayal","ビトレイアル","배신","Betrayal","Предательство","Betrayal","Betrayal","密教反叛","",407,"","","",-16843010,-16843010,""
495,"FairgravesTheme","Fairgraves","Fairgraves","Fairgraves","フェアグレーヴズ","페어그레이브즈","Fairgraves","Фейргрейвс","Fairgraves","Fairgraves","費爾船長","",407,"","","",-16843010,-16843010,""
496,"UtilityTheme","Utility","Utilitaire","Nützliches","ユーティリティ","특수","Utilitário","Функциональные","Utilidad","Utility","功能","",407,"","","",-16843010,-16843010,""
497,"CoastalTheme","Coastal","Côtier","Küste","海岸","해안가","Costal","Прибрежные","Costa","Coastal","濱海","",407,"","","",-16843010,-16843010,""
498,"EncampmentTheme","Encampment","Campement","Lager","野営地","야영지","Acampamento","Лагерь","Campamento","Encampment","營地","",407,"","","",-16843010,-16843010,""
499,"ForestTheme","Forest","Forêt","Wald","森林","숲","Floresta","Лес","Bosque","Forest","森林","",407,"","","",-16843010,-16843010,""
500,"RuinsTheme","Ruins","Ruines","Ruinen","遺跡","유적","Ruínas","Руины","Ruinas","Ruins","遺跡","",407,"","","",-16843010,-16843010,""
501,"VaalTheme","Vaal","Vaal","Vaal","ヴァール","바알","Vaal","Ваал","Vaal","Vaal","瓦爾","",407,"","","",-16843010,-16843010,""
502,"DungeonTheme","Dungeon","Donjon","Verlies","地下牢","던전","Masmorra","Подземелье","Mazmorra","Dungeon","地牢","",407,"","","",-16843010,-16843010,""
503,"SarnTheme","Sarn","Sarn","Sarn","サーン","사안","Sarn","Сарн","Sarn","Sarn","薩恩","",407,"","","",-16843010,-16843010,""
504,"GardensTheme","Gardens","Jardins","Gärten","庭園","정원","Jardins","Сады","Jardines","Gardens","花園","",407,"","","",-16843010,-16843010,""
505,"OrnateTheme","Ornate","Orné","Verziert","華美","화려한","Ornamentado","Украшенные","Ornamentado","Ornate","華麗","",407,"","","",-16843010,-16843010,""
506,"SceptreTheme","Sceptre","Sceptre","Zepter","杖","셉터","Cetro","Перст","Cetro","Sceptre","幽魂","",407,"","","",-16843010,-16843010,""
507,"CryptTheme","Crypt","Crypte","Krypta","地下聖堂","지하실","Cripta","Склеп","Cripta","Crypt","靜謐陵墓","",407,"","","",-16843010,-16843010,""
508,"EffectsTheme","Effects","Effets","Effekte","エフェクト","이펙트","Efeitos","Эффекты","Efectos","Effects","特效","",407,"","","",-16843010,-16843010,""
509,"CaveTheme","Cave","Grotte","Höhle","洞窟","동굴","Caverna","Пещера","Cueva","Cave","洞穴","",407,"","","",-16843010,-16843010,""
510,"BeastTheme","Beast","Bête","Bestie","野獣","야수","Bestas","Зверь","Bestia","Beast","野獸","",407,"","","",-16843010,-16843010,""
511,"KaruiTheme","Karui","Karui","Karui","カルイ","카루이","Karui","Каруи","Karui","Karui","卡魯","",407,"","","",-16843010,-16843010,""
512,"LabyrinthTheme","Labyrinth","Labyrinthe","Labyrinth","ラビリンス","미궁","Labirinto","Лабиринт","Laberinto","Labyrinth","帝王迷宮","",407,"","","",-16843010,-16843010,""
513,"HighgateTheme","Highgate","Hautevoie","Hohenpforte","ハイゲート","하이게이트","Highgate","Македы","Atalaya","Highgate","統治者之殿","",407,"","","",-16843010,-16843010,""
514,"OssuaryTheme","Ossuary","Ossuaire","Ossuarium","納骨堂","납골당","Ossuário","Костница","Osario","Ossuary","葬骨禮堂","",407,"","","",-16843010,-16843010,""
515,"ReliquaryTheme","Reliquary","Reliquaire","Reliquienkammer","聖廟","성유물 보관실","Relicário","Реликварий","Relicario","Reliquary","聖物","",407,"","","",-16843010,-16843010,""
516,"EzomyteTheme","Ezomyte","Ézomyte","Ezomyt","エゾマイト","에조미어","Ezomita","Эзомиты","Ezomita","Ezomyte","天雷神使","",407,"","","",-16843010,-16843010,""
517,"VanguardTheme","Vanguard","Avant-garde","Vorhut","バンガード","선봉대","Vanguarda","Авангард","Vanguardia","Vanguard","無懼先鋒","",407,"","","",-16843010,-16843010,""
518,"PitfighterTheme","Pitfighter","Combattant de la Fosse","Grubenkämpfer","ピットファイター","투사","Lutador do Fosso","Боец арены","Luchador del pozo","Pitfighter","鬥場勇者","",407,"","","",-16843010,-16843010,""
519,"CrucibleTheme","Crucible","Creuset","Weltenwandler","クルーシブル","혹독한 시련","Crisol","Тигель","Crisol","Crucible","異域弒煉","",407,"","","",-16843010,-16843010,""
520,"LibraryTheme","Library","Bibliothèque","Bibliothek","図書館","도서관","Biblioteca","Библиотека","Biblioteca","Library","圖書館","",407,"","","",-16843010,-16843010,""
521,"SlavePensTheme","Slave Pens","Enclos aux esclaves","Sklavenpferche","奴隷収容所","노예 감호소","Senzalas","Узилище","Jaulas de esclavos","Slave Pens","奴役監牢","",407,"","","",-16843010,-16843010,""
522,"InnocenceTheme","Innocence","Innocence","Innocence","イノセンス","이노센스","Innocence","Невинность","Inocencia","Innocence","善","",407,"","","",-16843010,-16843010,""
523,"AssassinTheme","Assassin","Assassin","Assassine","アサシン","암살자","Assassino","Убийца","Asesino","Assassin","疾密刺客","",407,"","","",-16843010,-16843010,""
524,"EmpyreanTheme","Empyrean","Empyréen","Empyreum","天空","천공인","Empírico","Эмпирей","Empíreo","Empyrean","秘雷神使","",407,"","","",-16843010,-16843010,""
525,"BlackguardTheme","Blackguard","Garde noir","Schwarzgarde","ブラックガード","검은 근위대","Guarda Negra","Чёрная стража","Guardia negro","Blackguard","烏旗守衛","",407,"","","",-16843010,-16843010,""
526,"ChamberOfSinsTheme","Chamber of Sins","Chambre des péchés","Kammer der Sünden","罪の間","죄악의 방","Câmara dos Pecados","Обитель грехов","El aposento de pecados","Chamber of Sins","罪孽之殿","",407,"","","",-16843010,-16843010,""
527,"TempleTheme","Temple","Temple","Tempel","寺院","사원","Templo","Храм","Templo","Temple","神殿","",407,"","","",-16843010,-16843010,""
528,"ExcavationTheme","Excavation","Excavation","Ausgrabung","採掘場","발굴터","Escavação","Раскопки","Excavación","Excavation","挖掘場","",407,"","","",-16843010,-16843010,""
529,"BonesTheme","Bones","Ossements","Knochen","骨","뼈","Ossos","Кости","Huesos","Bones","骸骨","",407,"","","",-16843010,-16843010,""
530,"ChurchTheme","Church","Église","Kirche","教会","교회","Igreja","Церковь","Iglesia","Church","教堂","",407,"","","",-16843010,-16843010,""
531,"CourthouseTheme","Courthouse","Prétoire","Gericht","裁判所","법원","Corte","Зал суда","Juzgado","Courthouse","失序教院","",407,"","","",-16843010,-16843010,""
532,"ExilesTheme","Exiles","Exilés","Verbannte","エグザイル","유배자","Exilados","Изгнанники","Exiliados","Exiles","流亡者","",407,"","","",-16843010,-16843010,""
533,"SynthesisTheme","Synthesis","Synthesis","Synthesis","シンセシス","결합","Synthesis","Синтез","Synthesis","Synthesis","尋夢追憶","",407,"","","",-16843010,-16843010,""
534,"PrimevalTheme","Primeval","Primitif","Urzeitlich","原始","원시","Primitivo","Первобытные","Primitivo","Primeval","原始","",407,"","","",-16843010,-16843010,""
535,"GlimmerwoodTheme","Glimmerwood","Boiscintillant","Düsterwald","グリマーウッド","미광의 숲","Madeira Cintilante","Мерцающий лес","Bosque encantado","Glimmerwood","微熠之森","",407,"","","",-16843010,-16843010,""
536,"MarakethTheme","Maraketh","Maraketh","Maraketh","マラケス","마라케스","Maraketh","Маракеты","Maraketh","Maraketh","馬拉克斯","",407,"","","",-16843010,-16843010,""
537,"ViperTheme","Viper","Vipère","Viper","ヴァイパー","독사","Víbora","Аспид","Víbora","Viper","至尊毒蛇","",407,"","","",-16843010,-16843010,""
538,"DarkprismTheme","Darkprism","Prisme-nuit","Dunkelprisma","ダークプリズム","검은 분광","Prisma Sombrio","Тёмное отражение","Prisma oscuro","Darkprism","黑曜稜石","",407,"","","",-16843010,-16843010,""
539,"SunprismTheme","Sunprism","Prisme-soleil","Sonnenprisma","サンプリズム","태양 분광","Prisma Solar","Светлое отражение","Prisma solar","Sunprism","烈陽稜石","",407,"","","",-16843010,-16843010,""
540,"GargoyleTheme","Gargoyle","Gargouille","Gargoyle","ガーゴイル","가고일","Gárgula","Гаргулья","Gárgola","Gargoyle","石像巨魔","",407,"","","",-16843010,-16843010,""
541,"MageguardTheme","Mageguard","Gardemage","Magierwache","メイジガード","수호마법사","Mago Guardião","Магический страж","Guardia mago","Mageguard","巫術衛士","",407,"","","",-16843010,-16843010,""
542,"ExtinctionTheme","Extinction","Extinction","Ausrottung","滅亡","절멸","Extinção","Вымирание","Extinción","Extinction","絕滅災厄","",407,"","","",-16843010,-16843010,""
543,"LegionTheme","Legion","Legion","Legion","リージョン","군단","Legion","Легион","Legion","Legion","戰亂之殤","",407,"","","",-16843010,-16843010,""
544,"PlatedTheme","Plated","Plaqué","Plattiert","プレート","판금","Blindado","Латные","Blindado","Plated","鍍金","",407,"","","",-16843010,-16843010,""
545,"FrontierTheme","Frontier","Frontière","Grenzland","フロンティア","개척자","Fronteira","Рубеж","Frontera","Frontier","失落邊境","",407,"","","",-16843010,-16843010,""
546,"IllusionistTheme","Illusionist","Illusionniste","Illusionist","奇術師","환상술사","Ilusionista","Иллюзионист","Ilusionista","Illusionist","神幻術士","",407,"","","",-16843010,-16843010,""
547,"ElementalTheme","Elemental","Élémentaire","Elementar","元素","원소","Elemental","Стихийные","Elemental","Elemental","元素","",407,"","","",-16843010,-16843010,""
548,"ZenithTheme","Zenith","Zénith","Zenit","天頂","북극성","Zenith","Зенит","Cenit","Zenith","極盛之尊","",407,"","","",-16843010,-16843010,""
549,"MiracleTheme","Miracle","Miracle","Wunder","奇跡","기적","Milagroso","Чудесные","Milagroso","Miracle","魔幻奇蹟","",407,"","","",-16843010,-16843010,""
550,"CardinalTheme","Cardinal","Cardinal","Kardinalrot","枢機卿","추기경","Cardial","Кардинал","Cardinal","Cardinal","主教","",407,"","","",-16843010,-16843010,""
551,"VaalViperTheme","Vaal Viper","Vipère vaal","Vaal-Viper","ヴァールヴァイパー","바알 독사","Víbor Vaal","Аспид ваал","Víbora vaal","Vaal Viper","瓦爾毒蛇","",407,"","","",-16843010,-16843010,""
552,"VoidEmperorTheme","Void Emperor","Empereur du Néant","Leerenkaiser","ヴォイドエンペラー","공허 황제","Imperador do Vazio","Император пустоты","Emperador del vacío","Void Emperor","虛空帝王","",407,"","","",-16843010,-16843010,""
553,"CarnivalTheme","Carnival","Carnaval","Nachtzirkus","カーニバル","카니발","Carnaval","Карнавал","Circense","Carnival","鬼島狂歡","",407,"","","",-16843010,-16843010,""
554,"ChiyouTheme","Chiyou","Chiyou","Chiyou","蚩尤","치우","Chiyou","Чи Ю","Chiyou","Chiyou","蚩尤","",407,"","","",-16843010,-16843010,""
555,"BlightTheme","Blight","Blight","Blight","ブライト","역병","Blight","Скверна","Blight","Blight","凋落禁地","",407,"","","",-16843010,-16843010,""
556,"HavenwoodTheme","Havenwood","Havrebois","Waldelf","ヘイヴンウッド","안식의 숲","Outonal","Тихая роща","Santuario del bosque","Havenwood","庇護之木","",407,"","","",-16843010,-16843010,""
557,"PolarisTheme","Polaris","Polaris","Polaris","北極星","폴라리스","Polaris","Полярность","Polaris","Polaris","北極星辰","",407,"","","",-16843010,-16843010,""
558,"BasiliskTheme","Basilisk","Basilic","Basilisk","バジリスク","바실리스크","Basilísco","Василиск","Basilisco","Basilisk","陰邪蛇妖","",407,"","","",-16843010,-16843010,""
559,"CrusaderTheme","Crusader","Croisé","Kreuzritter","聖戦士","십자군","Cruzado","Крестоносец","Cruzado","Crusader","聖戰軍王","",407,"","","",-16843010,-16843010,""
560,"EyrieTheme","Eyrie","Aquila","Adlergarde","エアリー","창공의 날개","Eyrie","Орлиное гнездо","Nido de halcones","Eyrie","傲世翔鷹","",407,"","","",-16843010,-16843010,""
561,"JudicatorTheme","Judicator","Judicateur","Judikator","ジュディケーター","심판관","Judicador","Вершитель","Enjuiciador","Judicator","至尊判官","",407,"","","",-16843010,-16843010,""
562,"OrionTheme","Orion","Orion","Orion","オリオン","오리온","Orion","Орион","Orion","Orion","繁星獵戶","",407,"","","",-16843010,-16843010,""
563,"MetamorphTheme","Metamorph","Metamorph","Metamorph","メタモルフ","변형","Metamorph","Метаморф","Metamorph","Metamorph","鍊魔","",407,"","","",-16843010,-16843010,""
564,"ExileConTheme","ExileCon","ExileCon","ExileCon","ExileCon","엑자일콘","ExileCon","ExileCon","ExileCon","ExileCon","流亡嘉年華","",407,"","","",-16843010,-16843010,""
565,"RevenantTheme","Revenant","Revenant","Wiedergänger","亡霊","원령","Fantasma","Потусторонние","Retornado","Revenant","復仇邪靈","",407,"","","",-16843010,-16843010,""
566,"ColdsnapTheme","Coldsnap","Vague de froid","Blitzeis","コールドスナップ","한파","Estalo Gélido","Ледяная хватка","Ruptura de hielo","Coldsnap","冰霜暴雪","",407,"","","",-16843010,-16843010,""
567,"MaliceTheme","Malice","Malveillance","Bosheit","悪意","적의","Malícia","Злоба","Malicia","Malice","絕滅恨惡","",407,"","","",-16843010,-16843010,""
568,"ThaumaturgyTheme","Thaumaturgy","Thaumaturgie","Thaumaturgie","魔術","마석학","Taumaturgia","Техномант","Taumaturgia","Thaumaturgy","奇幻魔術","",407,"","","",-16843010,-16843010,""
569,"BalefireTheme","Balefire","Malefeu","Hassfeuer","かがり火","대화재","Cremação","Костёр","Fuego siniestro","Balefire","野火","",407,"","","",-16843010,-16843010,""
570,"DeliriumTheme","Delirium","Delirium","Delirium","デリリウム","환영","Delirium","Делириум","Delirium","Delirium","譫妄異域","",407,"","","",-16843010,-16843010,""
571,"HeartseekerTheme","Heartseeker","Crève-cœur","Herzsucher","ハートシーカー","심장 추적자","Caçador de Corações","Удар в сердце","Buscacorazones","Heartseeker","血心探索","",407,"","","",-16843010,-16843010,""
572,"DarkMagicTheme","Dark Magic","Magie noire","Dunkle Magie","ダークマジック","흑마법","Magia Negra","Тёмная магия","Magia negra","Dark Magic","黑魔法","",407,"","","",-16843010,-16843010,""
573,"JinliTheme","Jinli","Jinli","Jinli","勁力","진력","Jinli","Jinli","Jinli","Jinli","錦鯉","",407,"","","",-16843010,-16843010,""
574,"ImaginationTheme","Imagination","Imagination","Imagination","想像","공상","Imaginação","Воображение","Imaginación","Imagination","幻像","",407,"","","",-16843010,-16843010,""
575,"HighPriestTheme","High Priest","Haut Prêtre","Hohepriester","大祭司","고위 사제","Alto Sacerdote","Верховный жрец","Gran sacerdote","High Priest","神聖主教","",407,"","","",-16843010,-16843010,""
576,"GoddessTheme","Goddess","Déesse","Göttin","女神","여신","Deusa","Богиня","Diosa","Goddess","女神","",407,"","","",-16843010,-16843010,""
577,"SawbladeTheme","Sawblade","Lames de scie","Sägeblatt","鋸刃","톱날","Serra","Пилы","Sierras","Sawblade","奪魂鋸","",407,"","","",-16843010,-16843010,""
578,"DreadspireTheme","Dreadspire","Cime-terreur","Schreckensspitze","ドレッドスパイア","공포 첨탑","Espiral Horrenda","Башня ужаса","Espiral del terror","Dreadspire","恐懼尖刺","",407,"","","",-16843010,-16843010,""
579,"AngelsAndDemonsTheme","Angels and Demons","Anges & Démons","Engel und Dämonen","天使と悪魔","천사와 악마","Anjos e Demônios","Ангелы и демоны","Ángeles y demonios","Angels and Demons","天使和惡魔","",407,"","","",-16843010,-16843010,""
580,"NightwatchTheme","Nightwatch","Veille nocturne","Nachtwächter","ナイトウォッチ","불침번","Patrulha da Noite","Ночной дозор","Guardia de la noche","Nightwatch","守夜先鋒","",407,"","","",-16843010,-16843010,""
581,"HarvestTheme","Harvest","Harvest","Harvest","ハーベスト","수확","Harvest","Жатва","Harvest","Harvest","豐收忌劫","",407,"","","",-16843010,-16843010,""
582,"HeistTheme","Heist","Heist","Heist","ハイスト","강탈","Heist","Кража","Heist","Heist","劫盜同盟","",407,"","","",-16843010,-16843010,""
583,"TwilightTheme","Twilight","Crépuscule","Zwielicht","トワイライト","황혼","Crepúsculo","Сумрак","Crepúsculo","Twilight","傾城暮光","",407,"","","",-16843010,-16843010,""
584,"EthercraftTheme","Ethercraft","Forgéther","Ätherschmiede","イーサクラフト","창공 공예","Éter","Эфириал","Etermancia","Ethercraft","乙太工藝","",407,"","","",-16843010,-16843010,""
585,"DarkwoodTheme","Darkwood","Sombrebois","Dunkelwald","ダークウッド","흑단목","Madeira Sombria","Тёмный лес","Bosque oscuro","Darkwood","不朽烏木","",407,"","","",-16843010,-16843010,""
586,"JudgementTheme","Judgement","Jugement","Richtend","審判","심판","Julgamento","Правосудие","Juicio","Judgement","審判","",407,"","","",-16843010,-16843010,""
587,"RaptureTheme","Rapture","Ravissement","Entrückung","歓喜","휴거","Êxtase","Вознесение","Rapto","Rapture","狂歡撕虐","",407,"","","",-16843010,-16843010,""
588,"ValkyrieTheme","Valkyrie","Valkyrie","Walküre","ヴァルキリー","발키리","Valquíria","Валькирия","Valquiria","Valkyrie","女武神","",407,"","","",-16843010,-16843010,""
589,"WarlordTheme","Warlord","Seigneur de guerre","Kriegsfürst","大将軍","전쟁군주","Senhor da Guerra","Вождь","Señor de la guerra","Warlord","總督軍","",407,"","","",-16843010,-16843010,""
590,"RitualTheme","Ritual","Ritual","Ritual","リチュアル","의식","Ritual","Ритуал","Ritual","Ritual","邪靈祭祀","",407,"","","",-16843010,-16843010,""
591,"GlimmerspriteTheme","Glimmersprite","Sylphéclat","Kobold","グリマースプライト","미광 요정","Fada Cintilante","Мерцающая фея","Duendecillo encantado","Glimmersprite","微熠魂靈","",407,"","","",-16843010,-16843010,""
592,"Core2021Theme","Core 2021","Universel (2021)","Universell 2021","コア 2021","2021 코어","Principal 2021","Основные наборы 2021","Universal 2021","คอร์ 2021","2021 熔核之心","",407,"","","",-16843010,-16843010,""
593,"AtlasCore2021Theme","Echoes of the Atlas","Echoes of the Atlas","Echos des Atlas","エコー・オブ・アトラス","아틀라스의 메아리","Ecos do Atlas","Отголоски Атласа","Ecos del Atlas","Echoes of the Atlas","輿圖謎音","",407,"","","",-16843010,-16843010,""
594,"MavenTheme","Maven","Prodige","Seherin","メイヴェン","메이븐","Maven","Мейвен","Especialista","Maven","釋界","",407,"","","",-16843010,-16843010,""
595,"OblivionTheme","Oblivion","Oubli","Vergessen","忘却","망각","Esquecimento","Забвение","Olvido","Oblivion","忘卻虛空","",407,"","","",-16843010,-16843010,""
596,"BrimstoneTheme","Brimstone","Soufre","Fegefeuer","地獄の業火","유황","Enxofre","Серный камень","Azufre","Brimstone","煉獄磺硫","",407,"","","",-16843010,-16843010,""
597,"FrostVikingTheme","Frost Viking","Viking du givre","Eiswikinger","フロストヴァイキング","서리 바이킹","Viking Gélido","Морозный викинг","Vikingo de escarcha","Frost Viking","霜寒維京","",407,"","","",-16843010,-16843010,""
598,"UltimatumTheme","Ultimatum","Ultimatum","Ultimatum","アルティメイタム","결전","Ultimatum","Ультиматум","Ultimatum","Ultimatum","最後通牒","",407,"","","",-16843010,-16843010,""
599,"ApollyonTheme","Apollyon","Apollyon","Apollyon","アポリオン","지옥 악마","Apollyon","Аполлион","Abadón","Apollyon","煉獄帝王","",407,"","","",-16843010,-16843010,""
600,"MerchantTheme","Merchant","Marchand","Händler","商人","상인","Mercador","Купец","Mercader","Merchant","大盤商","",407,"","","",-16843010,-16843010,""
601,"MidnightPactTheme","Midnight Pact","Pacte de minuit","Mitternachtspakt","ミッドナイトパクト","심야의 서약","Pacto da Meia-Noite","Полночная сделка","Pacto de medianoche","Midnight Pact","血夜冥約","",407,"","","",-16843010,-16843010,""
602,"JingweiTheme","Jingwei","Jingwei","Jingwei","女娃","정위","Jingwei","Jingwei","Jingwei","Jingwei","精衛","",407,"","","",-16843010,-16843010,""
603,"SlitherTheme","Slither","Serpentine","Lindwurm","スリザー","기어가기","Rastejante","Ящер","Serpenteante","Slither","滑翔","",407,"","","",-16843010,-16843010,""
604,"ExpeditionTheme","Expedition","Expedition","Expedition","エクスペディション","탐험","Expedition","Экспедиция","Expedition","Expedition","死境探險","",407,"","","",-16843010,-16843010,""
605,"MyrmidonTheme","Myrmidon","Myrmidon","Myrmidon","ミュルミドーン","미르미돈","Mirmidão","Мирмидон","Mirmidón","Myrmidon","水獄使徒","",407,"","","",-16843010,-16843010,""
606,"BanebrandTheme","Banebrand","Marque du fléau","Fluchmal","ベインブランド","파멸 낙인","Runa do Banimento","Губительная печать","Marca de condenación","Banebrand","災厄烙印","",407,"","","",-16843010,-16843010,""
607,"StarfallTheme","Starfall","Tombétoile","Sternenregen","スターフォール","별내림","Queda Estelar","Звездопад","Lluvia de estrellas","Starfall","星空殞落","",407,"","","",-16843010,-16843010,""
608,"NecrolordTheme","Necrolord","Nécro-seigneur","Nekrofürst","ネクロロード","강령군주","Necrolorde","Повелитель нежити","Señor necrótico","Necrolord","亡魂領主","",407,"","","",-16843010,-16843010,""
609,"DirebladeTheme","Direblade","Lamefuneste","Schreckensklinge","ダイアブレード","지독한 칼날","Lâmina Destemida","Клинок ужаса","Acero colosal","Direblade","恐怖之刃","",407,"","","",-16843010,-16843010,""
610,"CursedTheme","Cursed","Maudit","Piratenfluch","呪い","저주받은","Amaldiçoado","Проклятые","Maldito","Cursed","惡咒邪術","",407,"","","",-16843010,-16843010,""
611,"AtlantisTheme","Atlantis","Atlantide","Atlantis","アトランティス","아틀란티스","Atlantis","Атлантида","Atlantis","Atlantis","亞特蘭提斯","",407,"","","",-16843010,-16843010,""
612,"ScourgeTheme","Scourge","Scourge","Scourge","スカージ","스컬지","Scourge","Нашествие","Scourge","Scourge","轉世災魘","",407,"","","",-16843010,-16843010,""
613,"ScourgelordTheme","Scourgelord","Seigneur souillé","Scourgelord","スカージロード","스컬지 군주","Lorde Scourge","Повелитель Нашествия","Señor de la Calamidad","Scourgelord","災魘魔君","",407,"","","",-16843010,-16843010,""
614,"OnyxTheme","Onyx","Onyx","Onyx","黒檀","오닉스","Onix","Ониксовые","Ónice","Onyx","黑曜","",407,"","","",-16843010,-16843010,""
615,"AstralTheme","Astral","Astral","Astral","星","우주의","Astral","Астральные","Astral","Astral","璀璨星際","",407,"","","",-16843010,-16843010,""
616,"Core2022Theme","Core 2022","Universel (2022)","Universell 2022","コア 2022","2022 코어","Principal 2022","Основные наборы 2022","Universal 2022","คอร์ 2022","2022 熔核之心","",407,"","","",-16843010,-16843010,""
617,"WinterDragonTheme","Winter Dragon","Dragon de l'hiver","Winterdrache","冬のドラゴン","겨울 용","Dragão Invernal","Дракон зимы","Dragón invernal","Winter Dragon","寒凍霜龍","",407,"","","",-16843010,-16843010,""
618,"HarmonyTheme","Harmony","Harmonie","Harmonie","調和","조화","Harmonia","Гармония","Armonía","Harmony","萬物和諧","",407,"","","",-16843010,-16843010,""
619,"GodOfThunderTheme","God of Thunder","Dieu du tonnerre","Donnergott","雷神","천둥의 신","Deus do Trovão","Бог грома","Dios del trueno","God of Thunder","雷神","",407,"","","",-16843010,-16843010,""
620,"Archnemesis","Archnemesis","Archnemesis","Archnemesis","アーチネメシス","강적","Archnemesis","Возмездие","Archnemesis","Archnemesis","強襲宿敵","",407,"","","",-16843010,-16843010,""
621,"AuspiciousTheme","Auspicious","Faste","Verheißungsvoll","吉兆","상서로운","Auspicioso","Auspicious","Auspicioso","Auspicious","吉祥福兆","",407,"","","",-16843010,-16843010,""
622,"HarmoniousTheme","Harmonious","Harmonieux","Harmonisch","ハーモニアス","조화로운","Harmonioso","Гармоничные","Armonioso","Harmonious","和煦太祥","",407,"","","",-16843010,-16843010,""
623,"VulcanTheme","Vulcan","Vulcain","Vulkan","バルカン","불카누스","Vulcânico","Вулкан","Vulcano","Vulcan","火山炎神","",407,"","","",-16843010,-16843010,""
624,"MercurialTheme","Mercurial","Mercuriel","Quecksilber","水銀","머큐리","Mercurial","Ртутные","Mercurio","Mercurial","水星逆行","",407,"","","",-16843010,-16843010,""
625,"EtherealTheme","Ethereal","Éthéré","Ätherisch","イシリアル","천상","Etéreo","Бесплотные","Etéreo","Ethereal","虛空幻影","",407,"","","",-16843010,-16843010,""
626,"MasqueradeTheme","Masquerade","Mascarade","Maskerade","マスカレード","가장무도회","Baile de Máscaras","Маскарад","Mascarada","Masquerade","魅影舞會","",407,"","","",-16843010,-16843010,""
627,"KiracsVaultTheme","Kirac's Vault","Salle des coffres de Kirac","Kiracs Schatzkammer","キラックの金庫室","키락의 금고실","Cofre de Kirac","Хранилище Кирака","Bóveda de Kirac","คลังของคิรัค","基拉克的祕寶","",407,"","","",-16843010,-16843010,""
628,"ChaosTheme","Chaos","Chaos","Chaos","カオス","혼돈","Caos","Хаос","Caos","Chaos","混沌","",407,"","","",-16843010,-16843010,""
629,"Stormstrider","Stormstrider","Marche-orage","Sturmläufer","ストームストライダー","폭풍 질주자","Andarilho da Tempestade","Грозовой странник","Caminante de la tormenta","ก้าวมรสุม","風暴馭者","",407,"","","",-16843010,-16843010,""
630,"SentinelTheme","Sentinel","Sentinel","Wächter","センチネル","파수꾼","Sentinel","Дозор","Sentinel","Sentinel","守望號令","",407,"","","",-16843010,-16843010,""
631,"OphidianTheme","Ophidian","Ophidien","Schlange","オフィディアン","장충","Ofídio","Змеиные","Ofidio","Ophidian","巨蛇毒牙","",407,"","","",-16843010,-16843010,""
632,"RubyTheme","Ruby","Rubis","Rubinrot","紅玉","루비","Rubi","Рубиновый","Rubí","Ruby","紅玉","",407,"","","",-16843010,-16843010,""
633,"SapphireTheme","Sapphire","Saphir","Saphirblau","蒼玉","사파이어","Safira","Сапфировый","Zafiro","Sapphire","藍玉","",407,"","","",-16843010,-16843010,""
634,"MoltenTheme","Molten","Volcanique","Geschmolzen","モルテン","녹아내린","Vulcânico","Расплавленный","Fundido","Molten","熔岩","",407,"","","",-16843010,-16843010,""
635,"MistTheme","Mist","Brume","Nebel","霧","연무","Nebuloso","Мгла","Niebla","Mist","嵐","",407,"","","",-16843010,-16843010,""
636,"ExaltedTheme","Exalted","Exalté","Erhaben","高貴","고귀한","Exaltado","Возвышенный","Exaltado","Exalted","崇高","",407,"","","",-16843010,-16843010,""
637,"Lunar","Lunar","Lunaire","Lunar","月","달의","Lunar","Лунные","Lunar","Lunar","月神","",407,"","","",-16843010,-16843010,""
638,"Unlocked","Unlocked","Débloqué","Freigeschaltet","アンロック","개방","Destravado","Разблокированное","Desbloqueado","ปลดล็อก","已解鎖",1,"",1,"Art/2DArt/UIImages/InGame/ConsoleNew/Shop/AllitemsSub/SubFlagArmour","",-16843010,-16843010,"Art/2DArt/UIImages/InGame/ConsoleNew/Shop/Allitems/AllitemsFrame12"
639,"StormstriderBoots","Stormstrider Boots","Bottes du Marche-orage","Sturmläufer-Stiefel","ストームストライダーブーツ","폭풍 질주자 장화","Botas do Andarilho da Tempestade","Сапоги грозового странника","Botas de Caminante de la tormenta","รองเท้าก้าวมรสุม","腳部外觀：風暴馭者","",629,"","","",-16843010,-16843010,""
640,"ScintillationBodyArmour","Scintillation Body Armour","Armure du Scintillement","Funkelnde Körperrüstung","シンチレーションアーマー","발광형 갑옷","Peitoral Cintilante","Сверкающая броня","Armadura Centelleante","เสื้อเกราะก่อประกาย","身體外觀：浩瀚星光","",547,"","","",-16843010,-16843010,""
641,"NgamahuBodyArmour","Ngamahu Body Armour","Armure de Ngamahu","Ngamahu-Körperrüstung","ナマフアーマー","나마후 갑옷","Peitoral Ngamahu","Нательный доспех Нгамаху","Armadura de Ngamahu","เสื้อเกราะนามาฮู","身體外觀：努葛瑪呼","",511,"","","",-16843010,-16843010,""
642,"ThunderstrikeGloves","Thunderstrike Gloves","Gants du Frappe-tonnerre","Donnerschlag-Handschuhe","サンダーストライクグローブ","천둥 일격 장갑","Luvas Trovejantes","Перчатки громового раската","Guantes de Golpe de trueno","ถุงมือฟ้าผ่า","手部外觀：霹靂雷擊","",428,"","","",-16843010,-16843010,""
643,"PhoenixHelmet","Phoenix Helmet","Casque du Phénix","Phönix-Helm","フェニックスヘルメット","불사조 투구","Elmo da Fênix","Шлем Феникса","Casco de Fénix","หมวกฟีนิกซ์","頭部外觀：浴火鳳凰","",408,"","","",-16843010,-16843010,""
644,"ManaTankBackAttachment","Mana Tank Back Attachment","Réservoir de Mana (Accessoire dorsal)","Manatank-Rückenzusatz","マナタンク背面装飾品","마나 탱크 등 부착물","Adorno Dorsal Tanque de Mana","Заплечный бак с маной","Accesorio para la espalda de Tanque de maná","แฟชั่นติดหลังแทงค์มานา","背飾：魔能靈罐","",447,"","","",-16843010,-16843010,""
645,"SplinteringShield","Splintering Shield","Bouclier de Fragments","Geborstener Schild","スプリンタリングシールド","파편 방패","Escudo Difusor","Трескающийся щит","Escudo Fragmentador","โล่แตกสะเก็ด","護盾外觀：破裂魔盾","",493,"","","",-16843010,-16843010,""
646,"WillpowerAmulet","Willpower Amulet","Pendentif de Volonté","Anhänger der Willenskraft","ウィルパワーアミュレット","의지력 목걸이","Amuleto da Força de Vontade","Амулет воли","Colgante de Voluntad","สร้อยอำนาจจิต","項鍊特效：神志","",447,"","","",-16843010,-16843010,""
647,"FlaskEffectSentinel","Nexus Flask Effects","Effets de Flacons du Nexus","Nexus-Fläschcheneffekte","ネクサスフラスコエフェクト","결속 플라스크 이펙트","Efeitos de Frascos Nexus","Эффекты флаконов слияния","Efectos de Nexo para frasco","เอฟเฟคขวดยา Nexus","藥劑效果．靈能匯流","",447,"","","",-16843010,-16843010,""
648,"CrystallineChargeSentinel","Crystal Charges","Charges cristallines","Kristall-Ladungen","クリスタルチャージ","수정 충전","Cargas de Cristal","Кристальные заряды","Cargas cristalinas","ชาร์จผลึก","能量球．水晶","",476,"","","",-16843010,-16843010,""
649,"FlareCharacterEffect","Flare Character Effect","Effet de personnage du Flamboiement","Fackel-Charaktereffekt","フレアキャラクターエフェクト","섬광 캐릭터 이펙트","Efeito Personagem Inflamado","Вспыхивающий эффект персонажа","Efecto de Bengala para el personaje","เอฟเฟคตัวละครไฟปะทุ","角色特效：光耀閃爍","",408,"","","",-16843010,-16843010,""
650,"WarpRuneHideout","Hideout Warp Runes","Runes de transfert","Teleport-Runen","隠れ家ワープルーン","은신처 차원 이동 룬","Runas de Teleporte de Refúgios","Руны телепортации для убежища","Runa de teletransporte para guarida","อักขระวาร์ปที่ซ่อน","藏身處傳送符紋","",447,"","","",-16843010,-16843010,""
651,"ShardcrownHelmet","Shardcrown Helmet","Couronne d'éclats","Splitterkrone-Helm","シャードクラウンヘルメット","파편 왕관 투구","Elmo Coroa Fragmentada","Корона осколков","Corona de cristales","หมวกมงกุฎ","頭部外觀：浮游王冠","",476,"","","",-16843010,-16843010,""
652,"DeathnotchBow","Deathnotch Bow","Arc de Morte-encoche","Leichensammler-Bogen","デスノッチの弓","죽음의 오늬 활","Arco do Nó Mortal","Смертоносный зазубренный лук","Arco de muescas mortales","ธนูง้างมรณะ","武器外觀：死亡刻痕","",447,"","","",-16843010,-16843010,""
653,"TreasureHunterWeaponEffect","Treasure Hunter Weapon Effect","Effet d'arme du Chasseur de trésors","Waffeneffekt des Schatzjägers","トレジャーハンターの武器エフェクト","보물 사냥꾼 무기 이펙트","Efeito Arma do Caçador de Tesouros","Эффект оружия охотника за сокровищами","Efecto de Cazatesoros para arma","เอฟเฟคอาวุธนักล่าสมบัติ","武器特效：寶藏獵人","",600,"","","",-16843010,-16843010,""
654,"LakeOfKalandraTheme","Lake of Kalandra","Lake of Kalandra","Lake of Kalandra","レイクオブカランドラ","칼란드라 호수","Lago de Kalandra","Озеро Каландры","Lake of Kalandra","Lake of Kalandra","卡蘭德迷湖","",407,"","","",-16843010,-16843010,""
655,"PyromaniacWeaponEffect","Pyromaniac Weapon Effect","Effet d'arme du Pyromane","Waffeneffekt des Pyromanen","放火魔の武器エフェクト","방화광 무기 이펙트","Efeito Arma do Piromaníaco","Эффект оружия пироманьяка","Efecto de pirómano para arma","เอฟเฟคอาวุธผู้คลั่งเพลิง","武器特效：縱火犯","",408,"","","",-16843010,-16843010,""
656,"SummonersAmulet","Summoner's Amulet","Amulette d'Invocateur","Amulett des Beschwörers","召喚士のアミュレット","소환사의 목걸이","Amuleto do Convocador","Амулет призывателя","Amuleto del invocador","สร้อยนักอัญเชิญ","項鍊外觀：召喚師","",447,"","","",-16843010,-16843010,""
657,"OshabisHeaddress","Oshabi's Headdress","Coiffe d'Oshabi","Oshabis Kopfschmuck","オシャービの頭飾り","오샤비의 머리 방어구","Elmo de Oshabi","Головной убор Ошаби","Tocado de Oshabi","เฮดเดรสโอชาบิ","頭部外觀：奧莎比","",581,"","","",-16843010,-16843010,""
658,"CrystallisedBodyArmour","Crystallised Body Armour","Armure cristallisée","Kristallisierte Körperrüstung","結晶化したアーマー","결정 갑옷","Peitoral Cristalizado","Нательный доспех с кристаллами","Armadura cristalizada","เสื้อเกราะสร้างผลึก","身體外觀：晶化","",476,"","","",-16843010,-16843010,""
659,"EnchantersRing","Enchanter's Ring","Bague de l'Enchanteur","Zauberring","魔法使いの指輪","인챈터의 반지","Anel Encantado","Кольцо зачарователя","Anillo del encantador","แหวนผู้ลงเสน่ห์","戒指外觀：魔戒","",447,"","","",-16843010,-16843010,""
660,"TorturersGloves","Torturer's Gloves","Gants du Bourreau","Handschuhe des Folterers","拷問人のグローブ","고문자의 장갑","Luvas do Torturador","Перчатки мучителя","Guantes del torturador","ถุงมือนักทรมาน","手部外觀：刑求暴徒","",447,"","","",-16843010,-16843010,""
661,"FireworksBackAttachment","Fireworks Back Attachment","Accessoire dorsal Feux d'artifice","Feuerwerk-Rückenzusatz","花火の背面装飾品","폭죽 등 부착물","Adorno Dorsal dos Fogos de Artifício","Заплечное украшение с фейерверками","Accesorio para la espalda de fuegos artificiales","แฟชั่นติดหลังดอกไม้ไฟ","背飾：絢爛花火","",447,"","","",-16843010,-16843010,""
662,"CrystalariumBoots","Crystalarium Boots","Bottes du Cristalarium","Kristallarium-Stiefel","クリスタラリウムブーツ","크리스탈라리움 장화","Botas do Cristalarium","Сапоги с кристаллами","Botas del cristalario","รองเท้าเกาะผลึก","腳部外觀：水晶魔柱","",476,"","","",-16843010,-16843010,""
663,"GloriousHelmet","Glorious Helmet","Casque splendide","Glorreicher Helm","グローリアスヘルメット","영광의 투구","Elmo Glorioso","Великолепный шлем","Casco glorioso","หมวกเกรียงไกร","頭部外觀：無上榮耀","",447,"","","",-16843010,-16843010,""
664,"RaincallerFlask","Raincaller Flask","Flacon du Mande-pluie","Fläschchen des Regenbeschwörers","レインコーラーフラスコ","비 소환사 플라스크","Frasco do Invocador de Chuva","Флакон призывателя дождя","Frasco invocalluvia","ขวดยาผู้เรียกฝน","生命藥劑：祈雨","",447,"","","",-16843010,-16843010,""
665,"DovecallerWings","Dovecaller Wings","Ailes du Mande-colombe","Flügel des Taubenflüsterers","ダヴコーラーの翼","비둘기 소환자 날개","Asas do Invocador de Pombas","Крылья голубя","Alas del palomero","ปีกผู้เรียกพิราบ","背飾：和平喚鴿","",447,"","","",-16843010,-16843010,""
666,"StormHarrier","Storm Harrier Pet","Busard des tempêtes (Familier)","Sturmweihe","ストームハリアーペット","폭풍 개구리매 애완동물","Mascote Saqueador das Tempestades","Питомец - штормовой лунь","Mascota Harrier de la tormenta","สัตว์เลี้ยงนกแฮร์เรียร์มรสุม","寵物：風暴獵鷹","",447,"","","",-16843010,-16843010,""
667,"RevelationBlade","Revelation Blade","Lame de révélation","Klinge der Offenbarung","啓示の剣","탈각 검","Lâmina da Revelação","Клинок Откровения","Espada de revelación","ดาบแสดงฤทธิ์","武器外觀：啟示之劍","",447,"","","",-16843010,-16843010,""
668,"Arachnomorph","Arachnomorph Pet","Arachnomorphe (Familier)","Arachnomorph","アラクノモルフペット","거미 괴물 애완동물","Mascote Aracnomorfo","Питомец - арахноморф","Mascota Aracnomorfa","สัตว์เลี้ยงอารัคโนมอร์ฟ","寵物：多腳毒蛛","",447,"","","",-16843010,-16843010,""
669,"TinkersWaypoint","Tinker's Waypoint","Point de téléportation du Bricoleur","Wegpunkt des Tüftlers","からくりウェイポイント","땜장이의 거점","Marcador do Faz-tudo","Портал лудильщика для убежища","Transportador del calderero","เวย์พอยน์ช่างเชื่อม","裝飾物：匠師傳送點","",447,"","","",-16843010,-16843010,""
670,"ForbiddenSanctum","Forbidden Sanctum","Forbidden Sanctum","Forbidden Sanctum","Forbidden Sanctum","금지된 성역","Sanctum Proibido","Запретное святилище","Forbidden Sanctum","Forbidden Sanctum","禁忌聖域","",407,"","","",-16843010,-16843010,""
671,"Core2023","Core 2023","Universel (2023)","Universell 2023","コア 2023","코어 2023","Principais 2023","Основные наборы 2023","Universal 2023","คอร์ 2023","2023 熔核之心","",407,"","","",-16843010,-16843010,""
672,"AlchemistTheme","Alchemist","Alchimiste","Alchemist","錬金術師","연금술사","Alquimista","Алхимик","Alquimista","Alchemist","煉金術師","",407,"","","",-16843010,-16843010,""
673,"VaultPass","Kirac's Vault","Salle des coffres de Kirac","Kiracs Schatzkammer","キラックの金庫室","키락의 금고실","Cofre de Kirac","Хранилище Кирака","Bóveda de Kirac","คลังของคิรัค","基拉克的秘寶","","","","","",-16843010,-16843010,""
674,"ArachnidTheme","Arachnid","Arachnide","Arachnide","アラクニド","거미류","Aracnídeo","Арахнид","Arácnido","Arachnid","蜘蛛","",407,"","","",-16843010,-16843010,""
675,"ShadeTheme","Shade","Fantôme","Schatten","シェード","망령","Sombrio","Тень","Sombra","Shade","影魅","",407,"","","",-16843010,-16843010,""
676,"DiscipleTheme","Disciple","Disciple","Jünger","ディサイプル","신봉자","Discípulo","Адепт","Discípulo","Disciple","門徒","",407,"","","",-16843010,-16843010,""
677,"TrialOfTheAncestorsTheme","Trial of the Ancestors","Trial of the Ancestors","Trial of the Ancestors","Trial of the Ancestors","선조들의 심판","Torneio dos Ancestrais","Испытание Предков","Trial of the Ancestors","Trial of the Ancestors","祖靈的試煉","",407,"","","",-16843010,-16843010,""
678,"MagmaticTheme","Magmatic","Magmatique","Magmatisch","マグマ","마그마","Magmático","Магматический","Magmático","Magmatic","岩漿","",407,"","","",-16843010,-16843010,""
679,"Core2024","Core 2024","Universel (2024)","Universell 2024","コア 2024","코어 2024","Principal 2024","Основные наборы 2024","Universal 2024","คอร์ 2024","2024 熔核之心","",407,"","","",-16843010,-16843010,""
680,"AfflictionTheme","Affliction Theme","Affliction","Affliction-Thema","Afflictionテーマ","고난 테마","Tema Affliction","Тематика Заклятия","Temática de Affliction","ธีม Affliction","禁咒主題","",407,"","","",-16843010,-16843010,""
681,"RaceRewards","Race Rewards","Récompenses de course","Race-Belohnungen","レース報酬","레이스 보상","Recompensas de Corridas","Награды за гонки","Recompensas de carreras","ของรางวัลงานแข่ง","比賽獎賞","",407,"","","",-16843010,-16843010,""
682,"SolarTheme","Solar","Solaire","Sonne","ソーラー","태양의","Solar","Солнце","Solar","Solar","日耀的","",407,"","","",-16843010,-16843010,""
683,"EldritchTheme","Eldritch","Surnaturel","Unheimlich","エルドリッチ","섬뜩한","Ancestral","Древний","Sobrenatural","Eldritch","異能","",407,"","","",-16843010,-16843010,""
684,"NecropolisTheme","Necropolis","Necropolis","Necropolis","Necropolisテーマ","네크로폴리스","Necropolis","Некрополь","Necropolis","Necropolis","魔影墓場","",407,"","","",-16843010,-16843010,""
685,"VoidbornTheme","Voidborn","Néangendré","Leerengeborener","ヴォイドボーン","공허의 시초","Nascido do Vazio","Рожденный Пустотой","Nacido del vacío","Voidborn","虛誕","",407,"","","",-16843010,-16843010,""
686,"WuzhiqiTheme","Wuzhiqi","Wuzhiqi","Wuzhiqi","無支祁","무지기","Wuzhiqi","Wuzhiqi","Wuzhiqi","Wuzhiqi","巫支祁","",407,"","","",-16843010,-16843010,""
687,"PaladinTheme","Paladin","Paladin","Paladin","パラディン","성기사","Paladino","Паладин","Paladín","Paladin","聖騎士","",407,"","","",-16843010,-16843010,""
688,"PenanceTheme","Penance","Pénitence","Büßender","ペナンス","속죄","Penitente","Покаяние","Penitencia","Penance","苦行","",407,"","","",-16843010,-16843010,""
689,"SettlersOfKalguurTheme","Settlers of Kalguur","Settlers of Kalguur","Settlers of Kalguur","Settlers of Kalguur","칼구르의 정착자들","Colonos de Kalguur","Поселенцы Калгуура","Settlers of Kalguur","Settlers of Kalguur","卡爾葛拓荒者","",407,"","","",-16843010,-16843010,""
690,"DawnoftheHuntTheme","Dawn of the Hunt","Dawn of the Hunt","Dawn of the Hunt","Dawn of the Hunt","Dawn of the Hunt","Dawn of the Hunt","Dawn of the Hunt","Dawn of the Hunt","Dawn of the Hunt","Dawn of the Hunt","",407,"","","",-16843010,-16843010,""
691,"FaridunTheme","Faridun","Faridun","Faridun","Faridun","Faridun","Faridun","Faridun","Faridun","Faridun","Faridun","",407,"","","",-16843010,-16843010,""
692,"KitavaTheme","Kitava","Kitava","Kitava","Kitava","Kitava","Kitava","Kitava","Kitava","Kitava","Kitava","",407,"","","",-16843010,-16843010,""
693,"ExtraEffectMtx","Extra Effects","Effets supplémentaires","Extra Effekte","追加エフェクト","추가 이펙트","Efeitos Extras","Дополнительные эффекты","Efectos adicionales","เอฟเฟคเพิ่มเติม","額外效果","","","","","",-16843010,-16843010,""
694,"BowMtx","Bow Skin","Apparence d'arc","Bogen-Skin","弓スキン","활 스킨","Visual de Arco","Внешний вид лука","Aspecto para arco","สกินธนู","弓外觀","","","","","",-16843010,-16843010,""
695,"MaceMtx","Mace Skin","Apparence de masse","Streitkolben-Skin","メイススキン","철퇴 스킨","Visual de Maça","Внешний вид булавы","Aspecto para maza","สกินกระบอง","錘外觀","","","","","",-16843010,-16843010,""
696,"SceptreMtx","Sceptre Skin","Apparence de sceptre","Zepter-Skin","セプタースキン","셉터 스킨","Visual de Cetro","Внешний вид скипетра","Aspecto para cetro","สกินคทา","權杖外觀","","","","","",-16843010,-16843010,""
697,"AxeMtx","Axe Skin","Apparence de hache","Axt-Skin","斧スキン","도끼 스킨","Visual de Machado","Внешний вид топора","Aspecto para hacha","สกินขวาน","斧外觀","","","","","",-16843010,-16843010,""
698,"SwordMtx","Sword Skin","Apparence d'épée","Schwert-Skin","剣スキン","검 스킨","Visual de Espada","Внешний вид меча","Aspecto para espada","สกินดาบ","劍外觀","","","","","",-16843010,-16843010,""
699,"WandMtx","Wand Skin","Apparence de baguette","Zauberstab-Skin","ワンドスキン","마법봉 스킨","Visual de Varinha","Внешний вид жезла","Aspecto para varita","สกินไม้กายสิทธิ์","法杖外觀","","","","","",-16843010,-16843010,""
700,"StaffMtx","Staff Skin","Apparence de bâton","Stab-Skin","スタッフスキン","지팡이 스킨","Visual de Cajado","Внешний вид посоха","Aspecto para báculo","สกินไม้พลอง","長杖外觀","","","","","",-16843010,-16843010,""
701,"ClawMtx","Claw Skin","Apparence de griffe","Klaue-Skin","鉤爪スキン","클로 스킨","Visual de Garra","Внешний вид когтя","Aspecto para garra","สกินกรงเล็บ","爪外觀","","","","","",-16843010,-16843010,""
702,"StashUpgrades","Upgrade","Amélioration","Aufwertung","アップグレード","업그레이드","Aprimoramento","Улучшение","Mejora","อัพเกรด","升級","","","","","",-16843010,-16843010,""
703,"StashBundles","Bundles","Bundles","Pakete","バンドル","꾸러미","Pacotes","Наборы","Paquetes","ชุดสุดคุ้ม","組合包","","","","","",-16843010,-16843010,""
704,"StashLeagueTabs","League","Ligue","Liga","リーグ","리그","Liga","Лига","Liga","ลีก","聯盟","","","","","",-16843010,-16843010,""
705,"PetBiped","Biped","Bipède","Zweibeiner","二足歩行","두 발","Bípede","Двуногие","Bípedos","สัตว์สองขา","兩足動物","","","","","",-16843010,-16843010,""
706,"PetQuadruped","Quadruped","Quadrupède","Vierfüßler","四足歩行","네 발","Quadrúpede","Четвероногие","Cuadrúpedo","สัตว์สี่ขา","四足動物","","","","","",-16843010,-16843010,""
707,"PetFlying","Flying","Volant","Fliegend","飛行","비행","Voador","Летающие","Volador","สัตว์ปีก","飛行動物","","","","","",-16843010,-16843010,""
708,"PetMammal","Mammal","Mammifère","Säugetier","哺乳類","포유류","Mamífero","Млекопитающие","Mamífero","สัตว์เลี้ยงลูกด้วยนม","哺乳類動物","","","","","",-16843010,-16843010,""
709,"PetMechanical","Mechanical","Mécanique","Mechanisch","機械","기계","Mecânico","Механические","Mecánico","เครื่องจักร","機械","","","","","",-16843010,-16843010,""
710,"PetMythical","Mythical","Mythique","Mythisch","神話","신화","Mítico","Мифические","Mítico","สัตว์วิเศษ","神話","","","","","",-16843010,-16843010,""
711,"PetFish","Fish","Poisson","Fisch","魚","물고기","Peixe","Рыба","Pez","ปลา","魚影","","","","","",-16843010,-16843010,""
712,"PetArthropod","Arthropod","Arthropode","Gliederfüßer","節足動物","절지류","Artrópode","Членистоногие","Artrópodo","สัตว์ขาปล้อง","節肢動物","","","","","",-16843010,-16843010,""
713,"PetCephalopod","Cephalopod","Céphalopode","Kopffüßer","頭足類","두족류","Cefalópode","Головоногие","Cefalópodo","เซฟาโลพอต","頭足綱動物","","","","","",-16843010,-16843010,""
714,"PetAmphibian","Amphibian","Amphibien","Amphibie","両生類","양서류","Anfíbio","Земноводные","Anfibio","สัตว์ครึ่งบกครึ่งน้ำ","兩棲動物","","","","","",-16843010,-16843010,""
715,"PetReptile","Reptile","Reptile","Reptil","爬虫類","파충류","Réptil","Рептилии","Reptil","สัตว์เลื้อยคลาน","爬行動物","","","","","",-16843010,-16843010,""
716,"PetVisualEffect","Visual Effect","Effet visuel","Visueller Effekt","視覚エフェクト","시각 이펙트","Efeito Visual","Визуальный эффект","Efecto visual","ภาพเอฟเฟค","視覺效果","","","","","",-16843010,-16843010,""
717,"HideoutMtx","Hideouts","Repaires","Verstecke","隠れ家","은신처","Refúgios","Убежища","Guaridas","ที่ซ่อน","藏身處","","","","","",-16843010,-16843010,""
718,"StashSkinMtx","Stash Skin","Apparence de Réserve","Truhe-Skin","スタッシュスキン","보관함 스킨","Visual de Baú","Внешний вид тайника","Aspecto para alijo","สกินคลังเก็บของ","倉庫外觀","","","","","",-16843010,-16843010,""
719,"MapDeviceMtx","Map Device Skin","Apparence de Dispositif cartographique","Kartenapparat-Skin","マップデバイススキン","지도 장치 스킨","Visual de Dispositivo de Mapas","Внешний вид Машины картоходца","Aspecto para artefacto de mapas","สกินเครื่องเปิดแผนที่","地圖裝置外觀","","","","","",-16843010,-16843010,""
720,"CraftingBenchMtx","Crafting Bench Skin","Apparence d'Établi d'artisanat","Werkbank-Skin","クラフトベンチスキン","작업대 스킨","Visual de Mesa de Forja","Внешний вид верстака","Aspecto para mesa de fabricación","สกินโต๊ะคราฟท์","工藝台外觀","","","","","",-16843010,-16843010,""
721,"HideoutDecoration","Decoration","Décoration","Dekoration","装飾品","장식물","Decoração","Украшение","Decoración","ของตกแต่ง","裝飾物","","","","","",-16843010,-16843010,""
722,"HideoutArchitectural","Architectural Decoration","Décoration architecturale","Dekoration: Architektur","建築装飾品","건축 장식물","Decoração Arquitetural","Украшение: архитектура","Decoración arquitectónica","ของตกแต่งสถาปัตยกรรม","建築裝飾物","","","","","",-16843010,-16843010,""
723,"HideoutFurniture","Furniture Decoration","Décoration mobilière","Dekoration: Möbel","家具装飾品","가구 장식물","Decoração de Mobília","Украшение: мебель","Decoración de muebles","ของตกแต่งเฟอร์นิเจอร์","家具裝飾物","","","","","",-16843010,-16843010,""
724,"HideoutLighting","Lighting Decoration","Décoration lumineuse","Dekoration: Beleuchtung","光装飾品","조명 장식물","Decoração de Iluminação","Украшение: освещение","Decoración de luz","ของตกแต่งแสงเงา","照明裝飾物","","","","","",-16843010,-16843010,""
725,"PortalFire","Fire","Feu","Feuer","火","불","Fogo","Огонь","Fuego","ไฟ","火焰","","","","","",-16843010,-16843010,""
726,"PortalWater","Water","Eau","Wasser","水","물","Água","Вода","Agua","น้ำ","水","","","","","",-16843010,-16843010,""
727,"PortalLightning","Lighting","Foudre","Blitz","雷","빛","Raio","Молнии","Rayo","สายฟ้า","光線","","","","","",-16843010,-16843010,""
728,"PortalIce","Ice","Glace","Eis","氷","얼음","Gelo","Лёд","Hielo","น้ำแข็ง","冰","","","","","",-16843010,-16843010,""
729,"PortalEldritch","Eldritch","Surnaturel","Übernatürlich","エルドリッチ","섬뜩한","Ancestral","Мистические","Sobrenatural","ผิดธรรมชาติ","異能","","","","","",-16843010,-16843010,""
730,"PortalArcane","Arcane","Arcane","Arkan","アーケイン","비전","Arcano","Колдовские","Arcano","อาคม","秘術","","","","","",-16843010,-16843010,""
731,"PortalMechanical","Mechanical","Mécanique","Mechanisch","機械","기계","Mecânico","Механические","Mecánico","เครื่องจักร","機械","","","","","",-16843010,-16843010,""
732,"PortalMythical","Mythical","Mythique","Mythisch","神話","신화","Mítico","Мифические","Mítico","สัตว์วิเศษ","神話","","","","","",-16843010,-16843010,""
733,"PortalCelestial","Celestial","Céleste","Himmlisch","天体","천공","Celestial","Небесные","Celestial","Celestial","星際","","","","","",-16843010,-16843010,""
734,"PortalEarth","Earth","Terre","Erde","大地","대지","Terra","Земные","Tierra","ปฐพี","大地","","","","","",-16843010,-16843010,""
735,"PortalDemonic","Demonic","Démoniaque","Dämonisch","悪魔","악마","Demoníaco","Демонические","Demoníaco","Demonic","惡魔的","","","","","",-16843010,-16843010,""
736,"PortalDivine","Divine","Divin","Göttlich","神","신성","Divino","Божественные","Divino","Divine","神聖的","","","","","",-16843010,-16843010,""
737,"PortalStygian","Stygian","Stygien","Schauerlich","スティギアン","명계","Estígio","Стигийские","Estigio","Stygian","冥河","","","","","",-16843010,-16843010,""
738,"WingsMtx","Wings","Ailes","Flügel","翼","날개","Asas","Крылья","Alas","ปีก","翼","","","","","",-16843010,-16843010,""
739,"CloakMtx","Cloak","Cape","Umhang","マント","망토","Capa","Плащ","Capa","ผ้าคลุม","隱袍","","","","","",-16843010,-16843010,""
740,"BackAttachmentMtx","Back Attachment","Accessoire dorsal","Rückenzusatz","背面装飾品","등 부착물","Adorno Dorsal","Заплечное украшение","Accesorio para la espalda","แฟชั่นติดหลัง","背飾","","","","","",-16843010,-16843010,""
741,"PoE2EarlyAccessTheme","Path of Exile 2 Early Access","Path of Exile 2 : Accès anticipé","Path of Exile 2 Early Access","Path of Exile 2 早期アクセス","패스 오브 엑자일 2 얼리 액세스","Acesso Antecipado ao Path of Exile 2","Ранний доступ Path of Exile 2","Acceso anticipado para Path of Exile 2","Path of Exile 2 Early Access","《流亡黯道 2》搶先體驗","",407,"","","",-16843010,-16843010,""
742,"PoE2ArmourPieces","Armour Piece","Morceau d'armure","Rüstungsteil","防具","Armour Piece","Peça de Armadura","Часть доспеха","Pieza de armadura","ชิ้นส่วนเกราะ","護甲碎片","","","","","",31,0,""
743,"PoE2BackAttachment","Back Attachment","Accessoire dorsal","Rückenzusatz","背面装飾品","Back Attachment","Adorno Dorsal","Заплечное украшение","Accesorio para la espalda","แฟชั่นติดหลัง","背飾","","","","","",31,0,""
744,"PoE2HelmetAttachment","Helmet Attachment","Accessoire de casque","Helmzusatz","兜装飾品","Helmet Attachment","Acessório de Elmo","Эффект шлема","Accesorio para casco","แฟชั่นติดหมวก","頭部特效","","","","","",31,0,""
745,"PoE2BeltAttachment","Belt Attachment","Accessoire de ceinture","Gürtelzusatz","ベルト装飾品","Belt Attachment","Acessório de Cinto","Украшение для пояса","Accesorio para cinturón","แฟชั่นติดเข็มขัด","腰帶附加","","","","","",31,0,""
746,"PoE2HipAttachment","Hip Attachment","Accessoire à la hanche","Hüftzusatz","腰装飾品","Hip Attachment","Acessório de Cintura","Набедренное украшение","Accesorio para cadera","แฟชั่นติดสะโพก","臀部附加","","","","","",31,0,""
747,"PoE2Footprints","Footprints","Effet d'empreintes de pas","Fußspuren","足跡","Footprints","Pegadas","Следы","Huellas","รอยเท้า","行走特效","","","","","",31,0,""
748,"PoE2WeaponSkin","Weapon Skin","Apparence d'arme","Waffenskin","武器スキン","Weapon Skin","Visual de Arma","Внешний вид оружия","Aspecto para arma","สกินอาวุธ","武器外觀","","","","","",32,0,""
749,"PoE2WeaponEffect","Weapon Effect","Effet d'arme","Waffeneffekt","武器エフェクト","Weapon Effect","Efeito de Arma","Эффект оружия","Efecto para arma","เอฟเฟคอาวุธ","武器特效","","","","","",32,0,""
750,"PoE2ShieldSkin","Shield Skin","Apparence de bouclier","Schild-Skin","盾スキン","Shield Skin","Visual de Escudo","Внешний вид щита","Aspecto para escudo","สกินโล่","護盾外觀","","","","","",32,0,""
751,"PoE2FinisherEffect","Finisher Effect","Effet de mise à mort","Vollstreckereffekt","フィニッシャーエフェクト","Finisher Effect","Efeito Finalizador","Эффект добивания","Efecto de remate","เอฟเฟคปลิดชีพ","終結特效","","","","","",36,0,""
752,"PoE2CharacterEffect","Character Effect","Effet de personnage","Charaktereffekt","キャラクターエフェクト","Character Effect","Efeito de Personagem","Эффект персонажа","Efecto para el personaje","เอฟเฟคตัวละคร","角色特效","","","","","",36,0,""
753,"PoE2ExtraEffect","Extra Effect","Effet supplémentaire","Zusätzlicher Effekt","追加エフェクト","Extra Effect","Efeito Extra","Дополнительный эффект","Efecto adicional","เอฟเฟคเพิ่มเติม","額外效果","","","","","",36,0,""
754,"PoE2ChargeSkins","Alternate Charge Skin","Apparence de Charges alternatives","Ladungen-Skin","代替チャージスキン","Alternate Charge Skin","Visual Alternativo de Cargas","Внешний вид зарядов","Aspecto alternativo para cargas","สกินชาร์จแบบพิเศษ","替代能量球外觀","","","","","",36,0,""
755,"PoE2Rings","Ring Skin","Apparence de bague","Ring-Skin","指輪スキン","Ring Skin","Visual de Anel","Внешний вид кольца","Aspecto para anillo","สกินแหวน","戒指外觀","","","","","",37,0,""
756,"PoE2Amulets","Amulet Skin","Apparence d'amulette","Amulett-Skin","アミュレットスキン","Amulet Skin","Visual de Amuleto","Внешний вид амулета","Aspecto para amuleto","สกินสร้อย","項鍊外觀","","","","","",37,0,""
757,"PoE2Flasks","Flask Skin","Apparence de Flacon","Fläschchen-Skin","フラスコスキン","Flask Skin","Visual de Frasco","Внешний вид флакона","Aspecto para frasco","สกินขวดยา","藥劑外觀","","","","","",37,0,""
758,"PoE2HideoutArea","Hideout Area","Zone de Repaire","Vesteckgebiet","隠れ家エリア","Hideout Area","Área de Refúgio","Область убежища","Área de guarida","ด่านที่ซ่อน","藏身處區域","","","","","",39,0,""
759,"PoE2UtilitySkins","Utility Skins","Apparences utilitaires","Allgemeine Skins","ユーティリティスキン","Utility Skins","Visuais Utilitários","Прочие декорации для убежища","Aspectos de utilidad","สกินช่วยเหลือ","功能外觀","","","","","",39,0,""
760,"PoE2HideoutDecorations","Decorations","Décorations","Dekorationen","装飾品","Decorations","Decorações","Декорации","Decoraciones","ของตกแต่ง","裝飾物","","","","","",39,0,""
761,"PoE2Cursor","Cursor","Curseur","Mauszeiger","カーソル","Cursor","Cursor","Курсор","Cursor","เคอร์เซอร์","鼠標","","","","","",38,0,""
762,"PoE2Charms","[DNT]Charm Effect","[DNT]Charm Effect","[DNT]Charm Effect","[DNT]Charm Effect","[DNT]Charm Effect","[DNT]Charm Effect","[DNT]Charm Effect","[DNT]Charm Effect","[DNT]Charm Effect","[DNT]Charm Effect","","","","","",-16843010,-16843010,""
763,"PoE2CharacterSkin","[DNT]Character Skin","[DNT]Character Skin","[DNT]Character Skin","[DNT]Character Skin","[DNT]Character Skin","[DNT]Character Skin","[DNT]Character Skin","[DNT]Character Skin","[DNT]Character Skin","[DNT]Character Skin","","","","","",36,0,""
764,"PoE2SpearSkills","Spear Skills","Spear Skills","Spear Skills","Spear Skills","Spear Skills","Spear Skills","Spear Skills","Spear Skills","Spear Skills","Spear Skills","","","","","",35,0,""
765,"PoE2BowSkills","Bow Skills","Bow Skills","Bow Skills","Bow Skills","Bow Skills","Bow Skills","Bow Skills","Bow Skills","Bow Skills","Bow Skills","","","","","",35,0,""
766,"PoE2QuarterstaffSkills","Quarterstaff Skills","Quarterstaff Skills","Quarterstaff Skills","Quarterstaff Skills","Quarterstaff Skills","Quarterstaff Skills","Quarterstaff Skills","Quarterstaff Skills","Quarterstaff Skills","Quarterstaff Skills","","","","","",35,0,""
767,"PoE2DaggerSkills","Dagger Skills","Dagger Skills","Dagger Skills","Dagger Skills","Dagger Skills","Dagger Skills","Dagger Skills","Dagger Skills","Dagger Skills","Dagger Skills","","","","","",35,0,""
768,"PoE2ElementalSkills","Elemental Skills","Elemental Skills","Elemental Skills","Elemental Skills","Elemental Skills","Elemental Skills","Elemental Skills","Elemental Skills","Elemental Skills","Elemental Skills","","","","","",35,0,""
769,"PoE2OccultSkills","Occult Skills","Occult Skills","Occult Skills","Occult Skills","Occult Skills","Occult Skills","Occult Skills","Occult Skills","Occult Skills","Occult Skills","","","","","",35,0,""
770,"PoE2PrimalSkills","Primal Skills","Primal Skills","Primal Skills","Primal Skills","Primal Skills","Primal Skills","Primal Skills","Primal Skills","Primal Skills","Primal Skills","","","","","",35,0,""
771,"PoE2FlailSkills","Flail Skills","Flail Skills","Flail Skills","Flail Skills","Flail Skills","Flail Skills","Flail Skills","Flail Skills","Flail Skills","Flail Skills","","","","","",35,0,""
772,"PoE2MaceSkills","Mace Skills","Mace Skills","Mace Skills","Mace Skills","Mace Skills","Mace Skills","Mace Skills","Mace Skills","Mace Skills","Mace Skills","","","","","",35,0,""
773,"PoE2AxeSkills","Axe Skills","Axe Skills","Axe Skills","Axe Skills","Axe Skills","Axe Skills","Axe Skills","Axe Skills","Axe Skills","Axe Skills","","","","","",35,0,""
774,"PoE2CrossbowSkills","Crossbow Skills","Crossbow Skills","Crossbow Skills","Crossbow Skills","Crossbow Skills","Crossbow Skills","Crossbow Skills","Crossbow Skills","Crossbow Skills","Crossbow Skills","","","","","",35,0,""
775,"PoE2SwordSkills","Sword Skills","Sword Skills","Sword Skills","Sword Skills","Sword Skills","Sword Skills","Sword Skills","Sword Skills","Sword Skills","Sword Skills","","","","","",35,0,""
776,"PoE2TrackingScrolls","Tracking Scrolls","Tracking Scrolls","Tracking Scrolls","Tracking Scrolls","Tracking Scrolls","Tracking Scrolls","Tracking Scrolls","Tracking Scrolls","Tracking Scrolls","Tracking Scrolls","","","","","",37,0,""
