"rownum","MonsterVariety","f32","MonsterHeightBracket","i32","i32"
0,1,182.73,2,0,0
1,2,182.73,2,0,0
2,3,182.73,2,0,0
3,4,182.73,2,0,0
4,5,182.73,2,0,0
5,6,182.73,2,0,0
6,7,182.73,2,0,0
7,9,182.73,2,0,0
8,10,182.73,2,0,0
9,11,182.73,2,0,0
10,12,182.73,2,0,0
11,13,182.73,2,0,0
12,14,182.73,2,0,0
13,15,182.73,2,0,0
14,16,182.73,2,0,0
15,17,182.73,2,0,0
16,18,182.73,2,0,0
17,19,182.73,2,0,0
18,20,182.73,2,0,0
19,21,182.73,2,0,0
20,22,182.73,2,0,0
21,23,182.73,2,0,0
22,24,182.73,2,0,0
23,25,182.73,2,0,0
24,28,182.73,2,0,0
25,29,182.73,2,0,0
26,30,182.73,2,0,0
27,31,182.73,2,0,0
28,32,160.29,2,0,0
29,34,160.29,2,0,0
30,35,171.61,2,0,0
31,37,171.61,2,0,0
32,38,171.61,2,0,0
33,39,190.99,2,0,0
34,41,190.99,2,0,0
35,42,190.99,2,0,0
36,43,182.73,2,0,0
37,44,182.73,2,0,0
38,45,182.73,2,0,0
39,46,182.73,2,0,0
40,47,182.73,2,0,0
41,49,182.73,2,0,0
42,50,182.73,2,0,0
43,51,182.73,2,0,0
44,52,182.73,2,0,0
45,53,182.73,2,0,0
46,54,182.73,2,0,0
47,55,182.73,2,0,0
48,56,182.73,2,0,0
49,57,182.73,2,0,0
50,58,182.73,2,0,0
51,59,182.73,2,0,0
52,60,182.73,2,0,0
53,61,182.73,2,0,0
54,62,182.73,2,0,0
55,63,182.73,2,0,0
56,64,182.73,2,0,0
57,65,182.73,2,0,0
58,66,182.73,2,0,0
59,67,182.73,2,0,0
60,68,182.73,2,0,0
61,69,182.73,2,0,0
62,70,182.73,2,0,0
63,71,182.73,2,0,0
64,72,182.73,2,0,0
65,73,182.73,2,0,0
66,74,182.73,2,0,0
67,75,182.73,2,0,0
68,76,119.46,2,0,0
69,77,182.6,3,0,0
70,78,182.73,2,0,0
71,79,182.73,2,0,0
72,80,182.73,2,0,0
73,81,182.73,2,0,0
74,82,182.73,2,0,0
75,83,182.73,2,0,0
76,84,182.73,2,0,0
77,85,182.73,2,0,0
78,86,182.73,2,0,0
79,87,182.73,2,0,0
80,88,182.73,2,0,0
81,89,182.73,2,0,0
82,90,182.73,2,0,0
83,91,182.73,2,0,0
84,92,182.73,2,0,0
85,93,182.73,2,0,0
86,94,182.73,2,0,0
87,95,182.73,2,0,0
88,96,182.73,2,0,0
89,97,182.73,2,0,0
90,98,182.73,2,0,0
91,99,182.73,2,0,0
92,100,182.73,2,0,0
93,101,182.73,2,0,0
94,102,182.73,2,0,0
95,103,182.73,2,0,0
96,104,182.73,2,0,0
97,105,224.09,2,0,0
98,107,224.09,2,0,0
99,108,224.09,2,0,0
100,109,224.09,2,0,0
101,110,224.09,3,0,0
102,113,224.09,3,0,0
103,115,174.22,2,0,0
104,116,224.09,2,0,0
105,117,224.09,2,0,0
106,119,224.09,3,0,0
107,120,224.09,3,0,0
108,121,224.09,2,0,0
109,122,224.09,2,0,0
110,123,224.09,2,0,0
111,124,224.09,2,0,0
112,125,174.22,2,0,0
113,127,174.22,2,0,0
114,128,174.22,2,0,0
115,129,174.22,2,0,0
116,130,174.22,2,0,0
117,132,174.22,2,0,0
118,133,174.22,2,0,0
119,135,174.22,2,0,0
120,136,174.22,2,0,0
121,138,174.22,2,0,0
122,139,174.22,2,0,0
123,140,224.09,2,0,0
124,141,224.09,2,0,0
125,142,224.09,2,0,0
126,143,224.09,3,0,0
127,144,224.09,2,0,0
128,145,174.22,2,0,0
129,146,224.55,3,0,0
130,149,257.88,3,0,0
131,151,257.88,3,0,0
132,152,433.49,5,0,0
133,153,433.49,5,0,0
134,154,163.84,3,0,0
135,155,153.58,2,0,0
136,157,184.33,2,0,0
137,159,184.33,2,0,0
138,161,184.33,2,0,0
139,163,184.33,2,0,0
140,164,184.33,2,0,0
141,165,184.33,2,0,0
142,166,184.33,2,0,0
143,167,189.5,2,0,0
144,169,189.5,2,0,0
145,171,184.33,2,0,0
146,173,184.33,2,0,0
147,174,184.33,2,0,0
148,175,184.33,2,0,0
149,177,184.33,2,0,0
150,178,184.33,2,0,0
151,180,184.33,2,0,0
152,181,184.33,2,0,0
153,182,184.33,2,0,0
154,184,184.33,2,0,0
155,186,184.33,2,0,0
156,187,184.33,2,0,0
157,188,184.33,2,0,0
158,189,184.33,2,0,0
159,190,189.5,2,0,0
160,191,189.5,2,0,0
161,192,189.5,3,0,0
162,193,189.5,3,0,0
163,194,189.5,3,0,0
164,196,184.33,2,0,0
165,198,184.33,2,0,0
166,200,189.5,2,0,0
167,201,189.5,2,0,0
168,202,184.33,2,0,0
169,203,184.33,2,0,0
170,204,189.5,2,0,0
171,205,189.5,2,0,0
172,206,184.33,2,0,0
173,207,139.72,2,0,0
174,208,0,8,0,0
175,209,139.72,2,0,0
176,210,182.73,2,0,0
177,211,182.73,2,0,0
178,212,182.73,2,0,0
179,213,182.73,2,0,0
180,214,182.73,2,0,0
181,215,182.73,2,0,0
182,216,182.73,2,0,0
183,217,182.73,2,0,0
184,218,182.73,2,0,0
185,219,182.73,2,0,0
186,220,182.15,2,0,0
187,221,182.15,2,0,0
188,222,182.15,2,0,0
189,223,182.15,2,0,0
190,224,182.15,2,0,0
191,225,182.15,2,0,0
192,226,176.17,2,0,0
193,227,176.17,2,0,0
194,228,176.17,2,0,0
195,229,176.17,2,0,0
196,230,176.17,2,0,0
197,231,176.17,2,0,0
198,232,176.17,2,0,0
199,233,176.17,2,0,0
200,234,176.17,2,0,0
201,235,176.17,2,0,0
202,236,176.17,2,0,0
203,237,176.17,2,0,0
204,238,176.17,2,0,0
205,239,176.17,2,0,0
206,240,176.17,2,0,0
207,241,176.17,2,0,0
208,242,176.17,2,0,0
209,243,176.17,2,0,0
210,244,176.17,2,0,0
211,245,176.17,2,0,0
212,246,176.17,2,0,0
213,255,176.17,4,0,0
214,256,176.17,4,0,0
215,258,176.17,4,0,0
216,259,193.62,3,0,0
217,261,193.62,3,0,0
218,262,182.15,2,0,0
219,264,182.15,2,0,0
220,265,176.17,2,0,0
221,266,176.17,2,0,0
222,267,176.17,2,0,0
223,268,176.17,2,0,0
224,269,176.17,2,0,0
225,270,176.17,2,0,0
226,271,176.17,2,0,0
227,272,176.17,2,0,0
228,273,182.15,2,0,0
229,274,176.17,2,0,0
230,276,182.15,2,0,0
231,277,182.15,2,0,0
232,278,182.15,2,0,0
233,279,176.17,2,0,0
234,280,176.17,2,0,0
235,282,182.15,2,0,0
236,283,167.04,2,0,0
237,284,167.04,2,0,0
238,285,167.04,2,0,0
239,286,167.04,2,0,0
240,287,167.04,2,0,0
241,288,167.04,2,0,0
242,289,167.04,2,0,0
243,290,167.04,2,0,0
244,291,167.04,2,0,0
245,292,167.04,2,0,0
246,293,167.04,2,0,0
247,294,111.42,0,0,0
248,296,111.42,0,0,0
249,297,111.42,0,0,0
250,299,111.42,0,0,0
251,301,114.55,0,0,0
252,302,114.55,0,0,0
253,303,114.55,0,0,0
254,304,114.55,2,0,0
255,305,114.55,0,0,0
256,306,114.55,0,0,0
257,307,114.55,2,0,0
258,308,114.55,2,0,0
259,309,114.55,1,0,0
260,310,114.55,0,0,0
261,311,114.55,0,0,0
262,312,114.55,0,0,0
263,314,114.55,2,0,0
264,315,111.42,2,0,0
265,316,111.42,2,0,0
266,317,111.42,2,0,0
267,318,119.38,0,0,0
268,319,119.38,0,0,0
269,320,119.38,0,0,0
270,321,141.85,2,0,0
271,322,119.38,0,0,0
272,324,119.38,0,0,0
273,326,119.38,0,0,0
274,327,119.38,0,0,0
275,329,120.12,0,0,0
276,330,119.38,0,0,0
277,333,119.38,2,0,0
278,335,119.38,0,0,0
279,337,119.38,0,0,0
280,338,119.38,0,0,0
281,339,119.38,0,0,0
282,340,119.38,0,0,0
283,341,120.12,2,0,0
284,342,120.12,2,0,0
285,343,118.53,0,0,0
286,345,118.53,0,0,0
287,346,118.53,0,0,0
288,347,118.53,0,0,0
289,348,120.12,0,0,0
290,349,120.32,0,0,0
291,350,120.32,0,0,0
292,351,140.18,0,0,0
293,352,120.32,0,0,0
294,353,120.32,0,0,0
295,354,120.32,0,0,0
296,355,120.32,0,0,0
297,356,120.32,0,0,0
298,357,120.32,0,0,0
299,358,120.32,0,0,0
300,359,146.23,2,0,0
301,360,120.32,0,0,0
302,361,120.32,0,0,0
303,362,219.92,2,0,0
304,363,252.31,3,0,0
305,364,219.92,2,0,0
306,365,219.92,2,0,0
307,366,219.92,2,0,0
308,367,219.92,2,0,0
309,368,219.92,2,0,0
310,369,219.92,2,0,0
311,372,219.92,2,0,0
312,373,219.92,2,0,0
313,374,219.92,2,0,0
314,375,219.92,3,0,0
315,376,120.32,0,0,0
316,377,140.18,0,0,0
317,378,120.32,0,0,0
318,379,120.32,0,0,0
319,381,254.27,3,0,0
320,382,254.27,3,0,0
321,383,254.27,3,0,0
322,384,254.27,3,0,0
323,386,254.27,3,0,0
324,389,254.27,3,0,0
325,390,254.27,3,0,0
326,391,254.27,3,0,0
327,393,254.27,3,0,0
328,394,254.27,4,0,0
329,395,255.25,2,0,0
330,396,254.27,2,0,0
331,397,254.27,2,0,0
332,398,254.27,0,0,0
333,399,254.27,3,0,0
334,401,254.27,3,0,0
335,402,255.25,3,0,0
336,403,255.25,2,0,0
337,404,255.25,0,0,0
338,405,255.25,8,0,0
339,406,254.27,2,0,0
340,407,208,2,0,0
341,409,208,2,0,0
342,411,208,2,0,0
343,412,208,2,0,0
344,413,208,2,0,0
345,415,208,2,0,0
346,416,208,2,0,0
347,418,208,2,0,0
348,420,208,2,0,0
349,424,208,2,0,0
350,425,208,2,0,0
351,427,208,2,0,0
352,428,208,2,0,0
353,429,125.47,0,0,0
354,430,125.47,0,0,0
355,431,125.47,0,0,0
356,432,123.36,7,0,0
357,433,125.47,0,0,0
358,434,125.47,2,0,0
359,437,125.47,0,0,0
360,438,125.47,0,0,0
361,439,125.47,2,0,0
362,440,125.47,2,0,0
363,441,125.47,2,0,0
364,442,125.47,2,0,0
365,443,125.47,2,0,0
366,444,125.47,2,0,0
367,445,125.47,2,0,0
368,446,125.47,2,0,0
369,447,123.36,0,0,0
370,451,123.36,0,0,0
371,452,123.36,0,0,0
372,453,123.36,0,0,0
373,454,123.36,0,0,0
374,455,123.36,0,0,0
375,457,123.36,0,0,0
376,458,125.47,0,0,0
377,459,125.47,2,0,0
378,461,130.28,0,0,0
379,462,130.28,0,0,0
380,463,54.64,8,0,0
381,464,54.64,8,0,0
382,465,54.64,7,0,0
383,468,54.64,8,0,0
384,469,54.64,8,0,0
385,470,54.64,8,0,0
386,471,54.64,8,0,0
387,472,54.64,8,0,0
388,473,54.64,8,0,0
389,474,54.64,8,0,0
390,475,54.64,8,0,0
391,476,54.64,8,0,0
392,477,54.64,8,0,0
393,478,54.64,8,0,0
394,479,54.64,8,0,0
395,480,54.64,8,0,0
396,481,54.77,7,0,0
397,483,54.64,8,0,0
398,484,54.64,8,0,0
399,485,54.64,8,0,0
400,486,54.64,8,0,0
401,487,54.64,8,0,0
402,488,54.64,8,0,0
403,489,54.64,8,0,0
404,491,54.64,8,0,0
405,493,54.64,8,0,0
406,494,153.58,2,0,0
407,495,153.58,2,0,0
408,496,153.58,2,0,0
409,498,153.58,2,0,0
410,500,153.58,2,0,0
411,501,153.58,2,0,0
412,502,153.58,2,0,0
413,503,153.58,2,0,0
414,504,153.58,2,0,0
415,505,153.58,2,0,0
416,506,153.58,0,0,0
417,507,153.58,2,0,0
418,508,153.58,2,0,0
419,509,153.58,2,0,0
420,510,153.58,2,0,0
421,511,153.58,2,0,0
422,512,54.48,8,0,0
423,513,54.48,8,0,0
424,514,54.48,8,0,0
425,515,54.48,8,0,0
426,516,54.48,8,0,0
427,517,54.48,8,0,0
428,518,54.61,7,0,0
429,519,54.48,7,0,0
430,520,54.48,7,0,0
431,521,54.48,8,0,0
432,522,54.48,8,0,0
433,523,165.08,2,0,0
434,524,264.39,3,0,0
435,526,164.99,2,0,0
436,527,164.99,2,0,0
437,529,164.99,2,0,0
438,530,164.99,2,0,0
439,531,189.5,2,0,0
440,532,164.99,2,0,0
441,533,164.99,2,0,0
442,534,164.99,2,0,0
443,535,164.99,2,0,0
444,536,165.94,2,0,0
445,537,164.99,2,0,0
446,540,164.99,2,0,0
447,542,164.99,2,0,0
448,544,164.99,2,0,0
449,546,164.99,2,0,0
450,548,164.99,2,0,0
451,551,164.99,2,0,0
452,554,164.99,2,0,0
453,556,164.99,2,0,0
454,557,164.99,2,0,0
455,560,164.99,2,0,0
456,563,164.99,2,0,0
457,565,164.99,2,0,0
458,567,164.99,2,0,0
459,568,164.99,2,0,0
460,571,164.99,2,0,0
461,573,164.99,2,0,0
462,576,164.99,2,0,0
463,579,164.99,2,0,0
464,582,164.99,2,0,0
465,583,185.51,2,0,0
466,585,185.51,2,0,0
467,589,185.51,2,0,0
468,591,185.51,2,0,0
469,594,164.99,2,0,0
470,596,164.99,2,0,0
471,598,164.99,2,0,0
472,600,164.99,2,0,0
473,601,164.99,2,0,0
474,602,165.08,2,0,0
475,605,165.08,2,0,0
476,608,165.08,2,0,0
477,610,165.08,2,0,0
478,612,165.08,2,0,0
479,614,165.08,2,0,0
480,616,165.08,2,0,0
481,617,165.08,2,0,0
482,618,185.51,2,0,0
483,621,185.51,2,0,0
484,623,185.51,2,0,0
485,625,164.99,2,0,0
486,627,164.99,2,0,0
487,630,165.08,2,0,0
488,632,165.08,2,0,0
489,635,165.08,2,0,0
490,637,165.24,2,0,0
491,639,165.08,2,0,0
492,641,165.08,2,0,0
493,642,165.24,2,0,0
494,643,165.08,2,0,0
495,644,165.08,2,0,0
496,646,165.08,2,0,0
497,648,165.08,2,0,0
498,651,165.08,2,0,0
499,652,165.08,2,0,0
500,655,165.08,2,0,0
501,656,165.08,2,0,0
502,657,165.08,2,0,0
503,659,165.08,2,0,0
504,661,165.08,2,0,0
505,662,165.08,2,0,0
506,663,165.08,2,0,0
507,664,165.08,2,0,0
508,667,164.99,2,0,0
509,670,164.99,2,0,0
510,672,185.51,2,0,0
511,674,185.51,2,0,0
512,676,164.99,2,0,0
513,678,164.99,2,0,0
514,681,164.99,2,0,0
515,683,164.99,2,0,0
516,685,164.99,2,0,0
517,691,164.99,2,0,0
518,693,164.99,2,0,0
519,695,164.99,2,0,0
520,696,164.99,2,0,0
521,698,164.99,2,0,0
522,699,164.99,2,0,0
523,701,164.99,2,0,0
524,703,164.99,2,0,0
525,705,164.99,2,0,0
526,706,164.99,2,0,0
527,708,164.99,2,0,0
528,710,164.99,2,0,0
529,712,164.99,2,0,0
530,714,164.99,2,0,0
531,716,164.99,2,0,0
532,718,164.99,2,0,0
533,721,164.99,2,0,0
534,724,164.99,2,0,0
535,727,164.99,2,0,0
536,729,164.99,2,0,0
537,731,164.99,2,0,0
538,733,164.99,2,0,0
539,735,164.99,2,0,0
540,737,165.24,2,0,0
541,738,165.24,2,0,0
542,739,165.24,2,0,0
543,740,165.24,2,0,0
544,741,165.24,2,0,0
545,742,164.99,2,0,0
546,743,164.99,2,0,0
547,744,164.99,2,0,0
548,745,164.99,2,0,0
549,746,164.99,2,0,0
550,747,185.51,2,0,0
551,749,185.51,2,0,0
552,750,185.51,2,0,0
553,752,185.51,2,0,0
554,754,185.51,2,0,0
555,758,164.99,2,0,0
556,759,164.99,2,0,0
557,760,263.99,3,0,0
558,764,263.99,3,0,0
559,766,263.99,3,0,0
560,768,263.99,3,0,0
561,769,263.99,3,0,0
562,770,263.99,3,0,0
563,771,263.99,3,0,0
564,772,263.99,3,0,0
565,773,165.94,2,0,0
566,776,165.94,2,0,0
567,777,165.94,2,0,0
568,778,165.08,2,0,0
569,779,165.08,2,0,0
570,782,165.24,2,0,0
571,784,165.24,2,0,0
572,787,165.24,2,0,0
573,788,165.24,2,0,0
574,789,165.24,2,0,0
575,790,165.24,2,0,0
576,791,165.08,2,0,0
577,792,165.08,2,0,0
578,795,165.24,2,0,0
579,799,164.99,2,0,0
580,800,164.99,2,0,0
581,801,164.99,2,0,0
582,802,164.99,2,0,0
583,803,164.99,2,0,0
584,804,165.49,2,0,0
585,805,165.49,2,0,0
586,806,165.49,2,0,0
587,808,165.49,2,0,0
588,809,165.49,2,0,0
589,813,165.49,2,0,0
590,814,165.49,2,0,0
591,815,165.08,2,0,0
592,816,165.08,2,0,0
593,819,165.49,2,0,0
594,820,164.99,2,0,0
595,822,164.99,2,0,0
596,824,164.99,2,0,0
597,826,164.99,2,0,0
598,827,164.99,2,0,0
599,828,263.99,3,0,0
600,829,263.99,3,0,0
601,831,164.99,2,0,0
602,832,270.67,3,0,0
603,833,165.94,2,0,0
604,835,165.94,2,0,0
605,837,165.94,2,0,0
606,838,165.94,2,0,0
607,839,165.94,2,0,0
608,840,165.24,2,0,0
609,841,165.24,2,0,0
610,842,165.24,2,0,0
611,843,165.24,2,0,0
612,844,165.49,2,0,0
613,845,165.49,2,0,0
614,846,165.49,2,0,0
615,847,165.49,2,0,0
616,848,164.99,2,0,0
617,850,165.08,2,0,0
618,852,165.08,2,0,0
619,853,165.08,2,0,0
620,854,165.08,2,0,0
621,855,165.08,2,0,0
622,856,165.08,2,0,0
623,857,165.08,2,0,0
624,858,165.08,2,0,0
625,859,165.08,2,0,0
626,860,164.99,2,0,0
627,861,164.99,2,0,0
628,862,164.99,2,0,0
629,863,165.24,2,0,0
630,864,165.94,2,0,0
631,865,165.49,2,0,0
632,866,165.08,2,0,0
633,867,165.08,2,0,0
634,868,165.08,2,0,0
635,869,167.21,2,0,0
636,871,167.21,2,0,0
637,873,167.21,2,0,0
638,875,167.21,2,0,0
639,877,167.21,2,0,0
640,879,167.21,2,0,0
641,881,167.21,2,0,0
642,887,167.21,2,0,0
643,888,0,8,0,0
644,889,0,8,0,0
645,890,40.52,8,0,0
646,891,40.52,8,0,0
647,892,40.52,8,0,0
648,893,44.08,8,0,0
649,894,44.08,8,0,0
650,895,40.52,8,0,0
651,896,40.52,8,0,0
652,897,40.51,8,0,0
653,898,40.51,8,0,0
654,899,40.52,8,0,0
655,900,40.52,8,0,0
656,901,40.52,8,0,0
657,902,40.52,8,0,0
658,903,40.52,8,0,0
659,904,40.52,8,0,0
660,905,40.52,8,0,0
661,906,44.08,8,0,0
662,907,44.08,8,0,0
663,908,40.52,8,0,0
664,909,40.52,8,0,0
665,910,40.52,8,0,0
666,911,110,1,0,0
667,912,110,1,0,0
668,913,110,1,0,0
669,914,110,1,0,0
670,915,83.3,7,0,0
671,916,83.3,7,0,0
672,917,83.3,7,0,0
673,918,83.3,7,0,0
674,919,83.3,7,0,0
675,921,83.3,7,0,0
676,922,83.3,0,0,0
677,923,83.3,0,0,0
678,924,83.3,0,0,0
679,933,83.3,7,0,0
680,934,83.3,7,0,0
681,935,83.3,7,0,0
682,937,83.3,7,0,0
683,939,83.3,7,0,0
684,940,83.3,7,0,0
685,941,83.3,7,0,0
686,942,83.3,7,0,0
687,943,83.3,7,0,0
688,944,83.3,8,0,0
689,945,88.57,0,0,0
690,946,88.57,0,0,0
691,947,94.14,2,0,0
692,949,94.14,2,0,0
693,950,94.14,2,0,0
694,951,94.15,2,0,0
695,952,94.15,7,0,0
696,955,94.15,7,0,0
697,956,88.57,7,0,0
698,957,88.57,7,0,0
699,958,88.57,7,0,0
700,959,88.57,7,0,0
701,960,88.57,7,0,0
702,961,94.15,7,0,0
703,962,94.15,7,0,0
704,963,94.15,7,0,0
705,965,94.15,7,0,0
706,966,94.15,7,0,0
707,967,94.15,7,0,0
708,968,94.15,7,0,0
709,969,94.15,7,0,0
710,970,94.15,7,0,0
711,971,94.15,7,0,0
712,972,88.57,7,0,0
713,973,88.57,7,0,0
714,975,88.57,7,0,0
715,976,88.57,7,0,0
716,977,88.57,7,0,0
717,978,88.57,7,0,0
718,979,88.57,7,0,0
719,980,88.57,7,0,0
720,981,88.57,7,0,0
721,982,88.57,7,0,0
722,983,88.57,8,0,0
723,984,88.57,8,0,0
724,985,94.15,8,0,0
725,986,94.15,8,0,0
726,987,94.15,8,0,0
727,988,94.15,8,0,0
728,989,94.15,8,0,0
729,990,94.15,7,0,0
730,991,94.15,7,0,0
731,992,94.15,7,0,0
732,993,94.15,7,0,0
733,994,94.15,7,0,0
734,995,94.15,7,0,0
735,996,94.14,0,0,0
736,997,84.12,7,0,0
737,998,84.12,7,0,0
738,999,84.12,7,0,0
739,1000,84.12,8,0,0
740,1001,86.49,7,0,0
741,1002,86.49,7,0,0
742,1003,88.57,8,0,0
743,1004,88.57,8,0,0
744,1005,88.57,8,0,0
745,1006,94.15,7,0,0
746,1007,94.15,7,0,0
747,1008,94.15,7,0,0
748,1009,84.12,8,0,0
749,1010,84.12,8,0,0
750,1011,88.57,7,0,0
751,1012,88.57,7,0,0
752,1013,88.57,7,0,0
753,1014,88.57,7,0,0
754,1015,88.57,7,0,0
755,1016,163.35,2,0,0
756,1017,163.35,3,0,0
757,1018,163.35,3,0,0
758,1020,163.35,3,0,0
759,1021,163.35,3,0,0
760,1022,163.35,3,0,0
761,1023,168.82,3,0,0
762,1024,132.49,2,0,0
763,1025,132.49,2,0,0
764,1026,132.49,2,0,0
765,1027,132.49,2,0,0
766,1029,131.07,0,0,0
767,1030,131.07,0,0,0
768,1031,131.07,0,0,0
769,1032,131.07,0,0,0
770,1033,152.31,2,0,0
771,1038,208.54,2,0,0
772,1039,208.54,2,0,0
773,1040,208.54,2,0,0
774,1041,208.54,2,0,0
775,1042,208.54,2,0,0
776,1043,208.54,2,0,0
777,1044,208.54,2,0,0
778,1045,131.07,0,0,0
779,1046,131.07,0,0,0
780,1047,152.31,2,0,0
781,1048,152.31,2,0,0
782,1049,152.31,2,0,0
783,1050,152.31,2,0,0
784,1051,132.49,3,0,0
785,1052,132.49,3,0,0
786,1053,132.49,3,0,0
787,1054,132.49,2,0,0
788,1055,132.49,3,0,0
789,1056,132.49,3,0,0
790,1057,132.49,3,0,0
791,1058,132.49,3,0,0
792,1059,132.49,3,0,0
793,1060,132.49,3,0,0
794,1062,150.96,3,0,0
795,1063,150.96,2,0,0
796,1064,50.67,8,0,0
797,1065,150.96,2,0,0
798,1066,130.62,0,0,0
799,1067,130.62,0,0,0
800,1068,130.62,0,0,0
801,1069,130.62,2,0,0
802,1070,192.52,2,0,0
803,1072,192.52,2,0,0
804,1074,192.52,2,0,0
805,1075,192.52,2,0,0
806,1077,192.52,2,0,0
807,1079,192.52,2,0,0
808,1081,192.52,2,0,0
809,1082,192.52,2,0,0
810,1084,192.52,2,0,0
811,1086,192.52,2,0,0
812,1088,192.52,2,0,0
813,1089,192.52,2,0,0
814,1091,192.52,2,0,0
815,1093,192.52,2,0,0
816,1095,192.52,2,0,0
817,1096,192.52,2,0,0
818,1098,192.52,2,0,0
819,1100,192.52,2,0,0
820,1101,192.52,3,0,0
821,1103,192.52,2,0,0
822,1104,192.52,2,0,0
823,1106,192.52,2,0,0
824,1108,192.52,2,0,0
825,1110,192.52,2,0,0
826,1112,192.78,3,0,0
827,1114,192.52,0,0,0
828,1115,192.74,2,0,0
829,1117,192.74,2,0,0
830,1118,192.52,2,0,0
831,1119,119.46,0,0,0
832,1120,182.76,2,0,0
833,1121,116.02,0,0,0
834,1122,119.46,0,0,0
835,1123,182.76,2,0,0
836,1124,116.02,0,0,0
837,1125,181.36,2,0,0
838,1126,193.36,3,0,0
839,1127,193.36,3,0,0
840,1128,193.36,3,0,0
841,1129,193.36,3,0,0
842,1130,193.36,3,0,0
843,1131,181.36,2,0,0
844,1132,181.36,2,0,0
845,1133,180.37,2,0,0
846,1134,180.37,2,0,0
847,1135,180.37,3,0,0
848,1136,180.37,2,0,0
849,1137,180.37,3,0,0
850,1138,180.37,2,0,0
851,1139,181.36,2,0,0
852,1140,181.36,2,0,0
853,1141,181.36,2,0,0
854,1143,181.36,2,0,0
855,1145,181.36,2,0,0
856,1150,181.36,2,0,0
857,1151,181.36,2,0,0
858,1152,181.36,2,0,0
859,1153,181.36,2,0,0
860,1154,181.36,2,0,0
861,1155,181.36,2,0,0
862,1156,181.36,2,0,0
863,1157,181.36,2,0,0
864,1158,181.36,2,0,0
865,1159,181.36,2,0,0
866,1160,181.36,2,0,0
867,1162,181.36,2,0,0
868,1164,181.36,2,0,0
869,1166,181.36,2,0,0
870,1168,181.36,2,0,0
871,1170,181.36,2,0,0
872,1172,181.36,2,0,0
873,1174,181.36,2,0,0
874,1176,181.36,2,0,0
875,1178,181.36,2,0,0
876,1181,181.36,2,0,0
877,1184,181.36,2,0,0
878,1187,181.36,2,0,0
879,1188,181.76,2,0,0
880,1190,181.76,1,0,0
881,1191,181.76,1,0,1067618140
882,1192,181.76,1,0,0
883,1193,181.36,2,0,0
884,1194,181.36,2,0,0
885,1195,181.36,2,0,0
886,1196,181.36,2,0,0
887,1197,181.36,2,0,0
888,1198,181.36,2,0,0
889,1199,181.36,2,0,0
890,1200,181.36,2,0,0
891,1201,181.36,2,0,0
892,1202,181.36,2,0,0
893,1203,181.36,2,0,0
894,1204,181.36,2,0,0
895,1205,180.69,2,0,0
896,1206,181.36,2,0,0
897,1207,181.36,2,0,0
898,1210,181.36,2,0,0
899,1213,181.36,2,0,0
900,1217,181.36,2,0,0
901,1220,181.36,2,0,0
902,1223,181.36,2,0,0
903,1226,180.51,2,0,0
904,1227,180.51,2,0,0
905,1228,181.36,2,0,0
906,1229,181.36,2,0,0
907,1230,181.36,2,0,0
908,1231,181.36,2,0,0
909,1233,181.36,2,0,0
910,1235,181.36,2,0,0
911,1237,181.36,2,0,0
912,1239,181.36,2,0,0
913,1241,181.36,2,0,0
914,1246,181.36,2,0,0
915,1248,181.36,2,0,0
916,1250,181.36,2,0,0
917,1252,181.36,2,0,0
918,1253,181.36,2,0,0
919,1254,181.36,2,0,0
920,1255,181.36,2,0,0
921,1257,181.36,2,0,0
922,1259,180.69,2,0,0
923,1261,180.69,2,0,0
924,1264,180.69,2,0,0
925,1267,181.36,2,0,0
926,1270,181.36,2,0,0
927,1273,181.36,2,0,0
928,1275,181.36,3,0,0
929,1277,181.36,2,0,0
930,1280,180.97,2,0,0
931,1281,192.05,2,0,0
932,1282,161.38,2,0,0
933,1283,161.38,2,0,0
934,1284,161.38,2,0,0
935,1285,161.38,2,0,0
936,1286,161.38,2,0,0
937,1287,161.38,2,0,0
938,1288,161.38,2,0,0
939,1289,161.38,2,0,0
940,1290,161.38,2,0,0
941,1291,161.38,2,0,0
942,1292,161.38,2,0,0
943,1293,161.38,2,0,0
944,1294,161.38,2,0,0
945,1295,161.38,2,0,0
946,1296,161.38,2,0,0
947,1297,161.38,2,0,0
948,1298,161.38,2,0,0
949,1300,161.38,1,0,0
950,1301,161.38,1,0,1067450368
951,1302,161.38,1,0,0
952,1303,161.38,2,0,0
953,1304,161.38,2,0,0
954,1305,161.38,2,0,0
955,1306,161.38,2,0,0
956,1307,161.38,2,0,0
957,1308,180.97,2,0,0
958,1309,180.97,2,0,0
959,1310,180.97,2,0,0
960,1311,180.97,2,0,0
961,1312,180.97,2,0,0
962,1313,180.97,2,0,0
963,1314,180.97,2,0,0
964,1315,180.97,2,0,0
965,1316,180.97,2,0,0
966,1317,180.97,2,0,0
967,1318,180.97,2,0,0
968,1319,180.97,2,0,0
969,1320,180.97,2,0,0
970,1321,180.97,2,0,0
971,1322,180.97,2,0,0
972,1323,180.97,2,0,0
973,1325,180.97,2,0,0
974,1327,180.97,2,0,0
975,1328,180.97,2,0,1066611507
976,1329,180.97,2,0,0
977,1330,180.97,2,0,0
978,1331,180.97,2,0,1066611507
979,1332,180.97,2,0,0
980,1333,180.97,2,0,0
981,1334,180.97,2,0,0
982,1335,180.97,2,0,0
983,1336,180.97,2,0,0
984,1337,180.97,2,0,0
985,1339,180.97,2,0,0
986,1340,180.97,2,0,0
987,1341,209.76,2,0,0
988,1342,209.76,2,0,0
989,1345,209.76,2,0,0
990,1346,209.76,2,0,0
991,1347,192.05,2,0,0
992,1348,192.05,2,0,0
993,1349,192.05,2,0,0
994,1350,181.8,2,0,0
995,1351,181.8,2,0,0
996,1352,181.8,2,0,0
997,1353,181.8,2,0,0
998,1354,181.8,2,0,0
999,1355,181.8,2,0,0
1000,1356,181.8,2,0,0
1001,1357,181.8,2,0,0
1002,1358,181.8,2,0,0
1003,1359,181.8,2,0,0
1004,1360,181.8,2,0,0
1005,1361,181.8,2,0,0
1006,1362,194.77,2,0,0
1007,1364,194.77,2,0,0
1008,1365,180.97,2,0,0
1009,1366,180.97,2,0,0
1010,1367,0,8,0,0
1011,1368,180.97,2,0,0
1012,1369,180.97,2,0,0
1013,1370,0,8,0,0
1014,1371,181.8,2,0,0
1015,1372,188.15,2,0,0
1016,1374,181.8,2,0,0
1017,1375,188.15,2,0,0
1018,1377,162.34,2,0,0
1019,1379,162.34,2,0,0
1020,1380,225,3,0,0
1021,1381,225,2,0,0
1022,1382,225,2,0,1065353216
1023,1383,225,2,0,0
1024,1384,225,2,0,0
1025,1385,225,3,0,0
1026,1386,162.82,2,0,0
1027,1387,319.18,4,0,0
1028,1388,162.82,2,0,0
1029,1389,188.15,2,0,0
1030,1390,188.15,2,0,0
1031,1391,180.97,2,0,0
1032,1392,180.97,2,0,0
1033,1393,161.38,2,0,0
1034,1394,188.15,2,0,0
1035,1395,188.15,2,0,1062836634
1036,1396,188.15,2,0,0
1037,1397,183.41,2,0,0
1038,1399,183.41,2,0,0
1039,1400,183.41,1,0,0
1040,1401,183.41,1,0,0
1041,1402,187.21,2,0,0
1042,1403,187.21,2,0,0
1043,1404,187.21,2,0,1066611507
1044,1405,187.21,2,0,0
1045,1407,187.21,2,0,0
1046,1408,180.97,2,0,0
1047,1409,224.55,3,0,0
1048,1410,224.55,3,0,0
1049,1411,224.55,3,0,0
1050,1412,224.55,3,0,0
1051,1413,190.8,2,0,0
1052,1414,190.8,2,0,0
1053,1415,190.8,2,0,0
1054,1416,190.8,2,0,0
1055,1417,190.8,2,0,0
1056,1419,190.8,2,0,0
1057,1420,190.8,2,0,0
1058,1421,190.8,2,0,0
1059,1423,190.8,2,0,0
1060,1424,190.8,2,0,0
1061,1425,190.8,2,0,0
1062,1427,190.8,2,0,0
1063,1428,190.8,2,0,0
1064,1429,190.8,2,0,1067030938
1065,1430,190.8,2,0,0
1066,1431,190.8,2,0,0
1067,1432,190.8,2,0,0
1068,1434,190.8,2,0,0
1069,1435,190.8,2,0,0
1070,1437,190.8,2,0,0
1071,1438,190.8,2,0,0
1072,1441,190.8,2,0,0
1073,1443,190.8,2,0,0
1074,1445,190.8,2,0,0
1075,1447,172.08,2,0,0
1076,1448,172.08,2,0,0
1077,1449,172.08,2,0,0
1078,1451,172.08,2,0,0
1079,1452,172.08,2,0,0
1080,1454,172.08,2,0,0
1081,1455,172.08,2,0,0
1082,1457,172.08,2,0,0
1083,1458,172.08,2,0,0
1084,1459,172.08,2,0,0
1085,1460,172.08,2,0,0
1086,1461,172.08,2,0,0
1087,1462,172.08,2,0,0
1088,1463,172.08,2,0,0
1089,1465,172.08,2,0,0
1090,1466,172.08,1,0,0
1091,1467,172.08,1,0,1067030938
1092,1468,172.08,1,0,0
1093,1469,176.53,2,0,0
1094,1471,176.53,2,0,0
1095,1472,176.53,2,0,0
1096,1475,176.53,2,0,0
1097,1476,176.53,2,0,0
1098,1477,176.53,2,0,0
1099,1478,176.53,2,0,0
1100,1479,176.53,2,0,0
1101,1481,176.53,2,0,0
1102,1482,176.53,2,0,0
1103,1483,176.53,1,0,0
1104,1484,176.53,1,0,1067030938
1105,1485,176.53,1,0,0
1106,1486,176.53,2,0,0
1107,1487,190.8,2,0,0
1108,1488,190.8,2,0,0
1109,1489,190.8,2,0,0
1110,1490,190.8,2,0,0
1111,1491,116.03,0,0,0
1112,1492,116.03,0,0,0
1113,1493,116.03,0,0,0
1114,1494,116.03,2,0,0
1115,1495,116.03,0,0,0
1116,1496,116.03,0,0,0
1117,1499,116.03,0,0,0
1118,1500,116.03,0,0,0
1119,1501,116.03,0,0,0
1120,1502,116.03,0,0,0
1121,1503,116.03,0,0,0
1122,1504,123.25,0,0,0
1123,1505,123.25,0,0,0
1124,1506,123.25,0,0,0
1125,1507,123.25,0,0,0
1126,1508,123.25,0,0,0
1127,1509,123.25,0,0,0
1128,1510,123.25,0,0,0
1129,1511,123.25,2,0,0
1130,1514,123.25,2,0,0
1131,1515,150,3,0,0
1132,1516,150,2,0,0
1133,1517,150,3,0,0
1134,1518,150,3,0,0
1135,1519,169.99,0,0,0
1136,1520,169.99,0,0,0
1137,1521,169.99,0,0,0
1138,1522,169.99,0,0,0
1139,1523,169.99,0,0,0
1140,1524,169.99,0,0,0
1141,1525,169.99,2,0,0
1142,1526,169.99,0,0,0
1143,1527,245.74,3,0,0
1144,1528,245.74,3,0,0
1145,1529,245.74,3,0,0
1146,1530,271.47,3,0,0
1147,1531,289.9,4,0,0
1148,1532,289.9,3,0,0
1149,1533,289.9,3,0,0
1150,1534,271.47,3,0,0
1151,1535,271.47,3,0,0
1152,1536,271.47,3,0,0
1153,1537,289.9,3,0,0
1154,1538,289.9,3,0,0
1155,1539,289.9,3,0,0
1156,1540,245.74,3,0,0
1157,1541,245.74,3,0,0
1158,1542,245.74,3,0,0
1159,1543,245.74,3,0,0
1160,1544,289.9,3,0,0
1161,1545,271.47,3,0,0
1162,1546,289.9,3,0,0
1163,1547,271.47,3,0,0
1164,1548,245.74,3,0,0
1165,1549,289.9,3,0,0
1166,1550,271.47,3,0,0
1167,1551,245.74,3,0,0
1168,1552,289.9,3,0,0
1169,1553,289.9,3,0,0
1170,1554,271.47,3,0,0
1171,1555,271.47,3,0,0
1172,1556,245.74,3,0,0
1173,1557,245.74,3,0,0
1174,1558,316.77,4,0,0
1175,1559,316.77,3,0,0
1176,1560,316.95,4,0,0
1177,1562,316.95,4,0,0
1178,1563,316.95,4,0,0
1179,1565,316.95,4,0,0
1180,1566,68.41,7,0,0
1181,1567,68.41,7,0,0
1182,1568,68.41,7,0,0
1183,1569,68.41,7,0,0
1184,1570,68.41,7,0,0
1185,1571,68.41,0,0,0
1186,1572,68.41,7,0,0
1187,1573,68.41,7,0,0
1188,1574,68.41,7,0,0
1189,1575,68.41,7,0,0
1190,1576,68.41,2,0,0
1191,1577,316.77,4,0,0
1192,1578,68.41,7,0,0
1193,1579,68.41,8,0,0
1194,1580,68.41,8,0,0
1195,1581,210.63,2,0,0
1196,1583,210.63,2,0,0
1197,1584,210.63,2,0,0
1198,1585,210.63,2,0,0
1199,1586,210.63,0,0,0
1200,1587,210.63,2,0,0
1201,1588,210.63,2,0,0
1202,1589,210.63,3,0,0
1203,1590,210.76,3,0,0
1204,1591,210.97,2,0,0
1205,1592,210.63,2,0,0
1206,1593,210.63,2,0,0
1207,1594,228.76,4,0,0
1208,1595,228.76,4,0,0
1209,1596,228.76,4,0,0
1210,1597,146.23,2,0,0
1211,1598,146.23,2,0,0
1212,1599,146.23,2,0,0
1213,1600,146.23,2,0,0
1214,1601,146.23,2,0,0
1215,1602,146.23,0,0,0
1216,1603,146.23,2,0,0
1217,1604,146.23,2,0,0
1218,1605,146.23,2,0,0
1219,1606,255.25,3,0,0
1220,1608,255.25,3,0,0
1221,1610,255.25,3,0,0
1222,1611,255.25,3,0,0
1223,1612,255.25,3,0,0
1224,1613,208.31,2,0,0
1225,1617,208.31,2,0,0
1226,1619,208,2,0,0
1227,1623,186.94,2,0,0
1228,1625,186.94,2,0,0
1229,1626,186.94,2,0,0
1230,1627,200.98,2,0,0
1231,1628,200.98,2,0,0
1232,1629,200.98,2,0,0
1233,1630,200.98,2,0,0
1234,1631,200.98,2,0,0
1235,1632,200.98,2,0,0
1236,1633,200.98,2,0,0
1237,1634,200.98,2,0,0
1238,1635,200.98,2,0,0
1239,1636,433.76,5,0,0
1240,1638,433.76,5,0,0
1241,1639,433.76,5,-3,1054951342
1242,1640,433.76,5,0,0
1243,1641,433.76,5,0,0
1244,1642,433.76,5,0,0
1245,1643,54.64,8,0,0
1246,1644,54.64,8,0,0
1247,1645,54.64,8,0,0
1248,1646,164.99,2,0,0
1249,1648,164.99,2,0,0
1250,1649,164.99,2,0,0
1251,1651,164.99,2,0,0
1252,1652,164.99,2,0,0
1253,1653,165.24,2,0,0
1254,1654,165.24,2,0,0
1255,1655,165.08,2,0,0
1256,1656,165.08,2,0,0
1257,1658,165.08,2,0,0
1258,1659,165.08,2,0,0
1259,1660,165.94,2,0,0
1260,1662,165.94,2,0,0
1261,1663,165.49,2,0,0
1262,1664,165.08,2,0,0
1263,1665,165.08,2,0,0
1264,1666,40.52,8,0,0
1265,1667,40.52,8,0,0
1266,1668,40.52,8,0,0
1267,1669,40.52,8,0,0
1268,1670,40.52,8,0,0
1269,1672,94.15,7,0,0
1270,1673,195.93,2,0,0
1271,1675,195.93,2,0,0
1272,1678,195.93,2,0,0
1273,1680,195.93,2,0,0
1274,1682,195.93,2,0,0
1275,1684,195.93,2,0,0
1276,1686,195.93,2,0,0
1277,1688,195.93,2,0,0
1278,1690,195.93,2,0,0
1279,1691,274.86,3,0,0
1280,1692,274.86,3,0,0
1281,1693,297.98,3,0,0
1282,1695,297.98,3,0,0
1283,1696,193.49,2,0,0
1284,1697,193.49,2,0,0
1285,1698,178.48,2,0,0
1286,1699,193.49,2,0,0
1287,1700,193.49,2,0,0
1288,1701,193.49,2,0,0
1289,1702,193.49,2,0,0
1290,1703,193.49,2,0,0
1291,1704,193.49,2,0,0
1292,1705,193.49,2,0,0
1293,1706,193.49,2,0,0
1294,1707,193.49,2,0,0
1295,1708,193.49,2,0,0
1296,1709,193.49,2,0,0
1297,1710,193.49,2,0,0
1298,1711,193.49,2,0,0
1299,1712,193.49,2,0,0
1300,1713,193.49,2,0,0
1301,1714,193.49,2,0,0
1302,1715,193.49,2,0,0
1303,1716,193.49,2,0,0
1304,1717,193.49,2,0,0
1305,1718,193.49,2,0,0
1306,1720,178.48,2,0,0
1307,1722,178.48,2,0,0
1308,1724,193.49,2,0,0
1309,1726,193.49,2,0,0
1310,1728,193.49,2,0,0
1311,1730,193.49,2,0,0
1312,1732,193.49,2,0,0
1313,1733,193.49,2,0,0
1314,1734,193.49,2,0,0
1315,1735,193.49,2,0,0
1316,1737,193.49,2,0,0
1317,1739,193.49,2,0,0
1318,1756,297.98,3,0,0
1319,1757,297.98,3,0,0
1320,1758,297.98,3,0,0
1321,1759,297.98,3,0,0
1322,1760,297.98,3,0,0
1323,1761,297.98,3,0,0
1324,1762,297.98,3,0,0
1325,1763,297.98,3,0,0
1326,1764,297.98,3,0,0
1327,1765,297.98,3,0,0
1328,1766,297.98,3,0,0
1329,1767,298.89,3,0,0
1330,1768,298.89,3,0,0
1331,1769,298.89,3,0,0
1332,1770,298.89,3,0,0
1333,1771,297.98,3,0,0
1334,1773,297.98,3,0,0
1335,1775,297.98,3,0,0
1336,1777,178.48,2,0,0
1337,1778,178.48,2,0,0
1338,1779,178.48,2,0,0
1339,1780,178.48,2,0,0
1340,1781,178.48,2,0,0
1341,1782,178.48,2,0,0
1342,1783,178.48,2,0,0
1343,1784,178.48,2,0,0
1344,1785,178.48,2,0,0
1345,1786,178.48,2,0,0
1346,1787,178.48,2,0,0
1347,1788,178.48,2,0,0
1348,1789,178.48,2,0,0
1349,1790,178.48,2,0,0
1350,1791,178.48,2,0,0
1351,1792,178.48,2,0,0
1352,1793,178.48,2,0,0
1353,1794,178.48,2,0,0
1354,1795,178.48,2,0,0
1355,1796,178.48,2,0,0
1356,1797,178.48,2,0,0
1357,1798,178.48,2,0,0
1358,1799,178.48,2,0,0
1359,1801,178.48,2,0,0
1360,1803,178.48,2,0,0
1361,1805,178.48,2,0,0
1362,1807,178.48,2,0,0
1363,1809,178.48,2,0,0
1364,1811,178.48,2,0,0
1365,1813,178.48,2,0,0
1366,1815,178.48,2,0,0
1367,1817,178.48,2,0,0
1368,1818,178.48,2,0,0
1369,1819,178.48,2,0,0
1370,1820,178.48,2,0,0
1371,1839,274.86,3,0,0
1372,1840,274.86,3,0,0
1373,1841,274.86,3,0,0
1374,1842,274.86,3,0,0
1375,1843,274.86,3,0,0
1376,1844,274.86,3,0,0
1377,1845,274.86,3,0,0
1378,1846,274.86,3,0,0
1379,1847,274.86,3,0,0
1380,1848,274.86,3,0,0
1381,1849,274.86,3,0,0
1382,1850,274.86,3,0,0
1383,1851,276.55,3,0,0
1384,1852,276.55,3,0,0
1385,1854,276.55,3,0,0
1386,1855,276.55,3,0,0
1387,1856,276.55,3,0,0
1388,1857,276.55,3,0,0
1389,1858,276.55,3,0,0
1390,1859,274.86,3,0,0
1391,1861,274.86,3,0,0
1392,1863,274.86,3,0,0
1393,1865,195.59,2,0,0
1394,1866,195.59,2,0,0
1395,1867,195.59,2,0,0
1396,1868,178.88,2,0,0
1397,1869,178.88,2,0,0
1398,1870,178.88,2,0,0
1399,1871,178.88,2,0,0
1400,1872,195.59,2,0,0
1401,1873,195.59,2,0,0
1402,1874,195.59,2,0,0
1403,1875,178.88,2,0,0
1404,1876,178.88,2,0,0
1405,1877,178.88,2,0,0
1406,1878,178.88,2,0,0
1407,1879,178.48,2,0,0
1408,1880,193.49,2,0,0
1409,1881,178.48,2,0,0
1410,1882,193.49,2,0,0
1411,1883,297.98,3,0,0
1412,1884,274.86,3,0,0
1413,1885,178.48,2,0,0
1414,1886,193.49,2,0,0
1415,1887,178.48,2,0,0
1416,1888,193.49,2,0,0
1417,1889,297.98,3,0,0
1418,1890,274.86,3,0,0
1419,1891,138.43,0,0,0
1420,1892,138.43,0,0,0
1421,1894,138.43,0,0,0
1422,1895,138.43,0,0,0
1423,1896,138.81,0,0,0
1424,1898,138.81,0,0,0
1425,1899,138.81,0,0,0
1426,1900,192.81,2,0,0
1427,1903,192.81,2,0,0
1428,1906,192.81,2,0,0
1429,1908,192.81,2,0,0
1430,1909,192.81,2,0,0
1431,1910,192.81,2,0,0
1432,1911,192.81,2,0,0
1433,1914,192.81,2,0,0
1434,1916,192.81,2,0,0
1435,1918,192.52,2,0,0
1436,1920,192.52,0,0,0
1437,1921,192.52,2,0,0
1438,1923,192.88,2,0,0
1439,1924,192.88,2,0,0
1440,1925,192.88,2,0,0
1441,1926,192.81,3,0,0
1442,1927,192.81,3,0,0
1443,1928,192.81,0,0,0
1444,1929,192.81,0,0,0
1445,1930,192.81,0,0,0
1446,1931,192.52,3,0,0
1447,1932,192.81,2,0,0
1448,1934,192.81,3,0,0
1449,1936,192.81,2,0,0
1450,1938,164.3,2,0,0
1451,1939,164.3,2,0,0
1452,1941,164.3,2,0,0
1453,1943,164.3,2,0,0
1454,1944,164.3,2,0,0
1455,1945,164.3,2,0,0
1456,1946,164.3,2,0,0
1457,1947,164.3,3,0,0
1458,1948,164.3,3,0,1064514355
1459,1949,164.3,3,0,0
1460,1950,164.3,3,0,0
1461,1951,164.3,3,0,0
1462,1952,164.3,3,0,0
1463,1953,164.3,2,0,0
1464,1955,164.3,2,0,0
1465,1957,164.3,2,0,0
1466,1959,164.3,2,0,0
1467,1961,164.3,2,0,0
1468,1963,164.3,2,0,0
1469,1964,164.3,2,0,0
1470,1966,164.3,2,0,0
1471,1967,164.3,2,0,0
1472,1970,164.3,2,0,0
1473,1972,164.3,2,0,0
1474,1975,164.3,2,0,0
1475,1976,164.3,2,0,0
1476,1977,164.3,2,0,0
1477,1979,164.3,2,0,0
1478,1980,164.3,1,0,0
1479,1981,164.3,1,0,0
1480,1982,164.3,1,0,0
1481,1983,164.3,2,0,0
1482,1985,164.3,2,0,0
1483,1987,164.3,2,0,0
1484,1989,164.3,2,0,0
1485,1991,164.3,2,0,0
1486,1993,164.46,2,0,0
1487,1995,164.46,2,0,0
1488,1997,164.46,2,0,0
1489,1999,164.46,2,0,0
1490,2001,164.46,2,0,0
1491,2003,164.46,2,0,0
1492,2005,164.3,2,0,0
1493,2008,145.52,2,0,0
1494,2009,145.52,2,0,0
1495,2011,145.52,2,0,0
1496,2013,145.52,2,0,0
1497,2014,145.52,2,0,0
1498,2016,145.52,2,0,0
1499,2018,145.52,2,0,0
1500,2020,145.52,2,0,0
1501,2022,145.52,2,0,0
1502,2024,145.52,2,0,0
1503,2026,145.52,2,0,0
1504,2028,145.52,2,0,0
1505,2029,145.52,2,0,0
1506,2030,145.52,2,0,0
1507,2031,145.52,2,0,0
1508,2032,145.52,2,0,0
1509,2034,145.52,2,0,0
1510,2036,145.52,2,0,0
1511,2037,145.52,2,0,0
1512,2038,145.52,2,0,0
1513,2041,145.52,2,0,0
1514,2042,145.52,2,0,0
1515,2044,145.52,2,0,0
1516,2047,145.66,3,0,0
1517,2048,145.66,3,0,0
1518,2049,145.66,3,0,0
1519,2050,145.66,3,0,0
1520,2051,145.66,3,0,0
1521,2052,145.66,3,0,0
1522,2053,145.66,3,0,0
1523,2054,145.66,3,0,0
1524,2055,145.66,3,0,0
1525,2056,145.66,2,0,0
1526,2057,145.66,2,0,0
1527,2058,145.66,2,0,0
1528,2059,145.66,2,0,0
1529,2060,145.66,2,0,0
1530,2061,145.66,2,0,0
1531,2062,145.66,2,0,0
1532,2063,145.66,2,0,0
1533,2064,145.66,2,0,0
1534,2065,145.66,2,0,0
1535,2066,145.66,2,0,0
1536,2067,145.66,2,0,0
1537,2068,145.66,2,0,0
1538,2069,145.66,2,0,0
1539,2075,145.52,2,0,0
1540,2076,145.52,2,0,0
1541,2077,164.3,2,0,0
1542,2078,164.3,2,0,0
1543,2079,164.3,2,0,0
1544,2086,183.42,2,0,0
1545,2088,183.42,2,0,0
1546,2090,183.42,2,0,0
1547,2092,183.42,2,0,0
1548,2094,183.42,2,0,0
1549,2096,62.35,7,0,0
1550,2097,62.35,7,0,0
1551,2098,62.35,7,0,0
1552,2100,62.35,7,0,0
1553,2102,62.35,7,0,0
1554,2103,62.35,7,0,0
1555,2105,182.73,2,0,0
1556,2107,182.73,2,0,0
1557,2109,182.73,2,0,0
1558,2111,182.73,2,0,0
1559,2113,182.73,2,0,0
1560,2115,182.73,2,0,0
1561,2116,164.99,2,0,0
1562,2118,164.99,2,0,0
1563,2120,180.37,2,0,0
1564,2121,180.69,2,0,0
1565,2124,167.04,2,0,0
1566,2125,164.99,2,0,0
1567,2126,121.94,0,0,0
1568,2127,121.94,0,0,0
1569,2128,121.94,0,0,0
1570,2129,121.94,0,0,0
1571,2131,178.48,2,0,0
1572,2132,165.04,2,0,0
1573,2133,193.49,2,0,0
1574,2134,178.48,2,0,0
1575,2135,193.49,2,0,0
1576,2136,164.99,2,0,0
1577,2137,164.99,2,0,0
1578,2138,178.48,2,0,0
1579,2139,178.48,2,0,0
1580,2140,165.04,2,0,0
1581,2141,165.04,2,0,0
1582,2142,164.99,2,0,0
1583,2143,164.99,2,0,0
1584,2144,178.48,2,0,0
1585,2145,178.48,2,0,0
1586,2146,165.04,2,0,0
1587,2147,165.04,2,0,0
1588,2154,164.99,2,0,0
1589,2155,164.99,2,0,0
1590,2156,164.99,2,0,0
1591,2157,164.99,2,0,0
1592,2158,164.99,2,0,0
1593,2159,164.99,2,0,0
1594,2160,178.48,2,0,0
1595,2161,178.48,2,0,0
1596,2162,178.48,2,0,0
1597,2163,178.48,2,0,0
1598,2164,178.48,2,0,0
1599,2165,178.48,2,0,0
1600,2166,165.04,2,0,0
1601,2167,165.04,2,0,0
1602,2168,165.04,2,0,0
1603,2169,165.04,2,0,0
1604,2170,165.04,2,0,0
1605,2171,165.04,2,0,0
1606,2172,164.99,3,0,0
1607,2173,164.99,2,0,0
1608,2174,164.99,2,0,0
1609,2175,164.99,2,0,0
1610,2176,178.48,3,0,0
1611,2177,178.48,2,0,0
1612,2178,178.48,2,0,0
1613,2179,178.48,2,0,0
1614,2180,165.04,2,0,0
1615,2181,165.04,2,0,0
1616,2182,165.04,2,0,0
1617,2183,165.04,2,0,0
1618,2184,180.37,2,0,0
1619,2186,164.99,2,0,0
1620,2187,164.99,2,0,0
1621,2188,209.19,2,0,0
1622,2189,209.19,2,0,0
1623,2190,209.19,3,0,0
1624,2191,209.19,2,0,0
1625,2192,209.19,2,0,0
1626,2193,209.19,3,0,0
1627,2194,209.19,2,0,0
1628,2195,209.19,2,0,0
1629,2196,209.19,3,0,0
1630,2197,209.19,2,0,0
1631,2198,209.19,2,0,0
1632,2199,209.19,2,0,0
1633,2201,0,8,0,0
1634,2202,0,8,0,0
1635,2203,0,8,0,0
1636,2204,0,8,0,0
1637,2205,0,8,0,0
1638,2206,0,8,0,0
1639,2207,0,8,0,0
1640,2208,0,8,0,0
1641,2209,0,8,0,0
1642,2210,131.07,0,0,0
1643,2211,131.07,0,0,0
1644,2212,131.07,0,0,0
1645,2213,132.49,0,0,0
1646,2214,132.49,0,0,0
1647,2215,132.49,0,0,0
1648,2216,130.93,0,0,0
1649,2217,132.49,0,0,0
1650,2218,130.94,0,0,0
1651,2219,167.3,2,0,0
1652,2220,139.16,0,0,0
1653,2221,152.31,2,0,0
1654,2222,167.3,2,0,0
1655,2223,139.72,0,0,0
1656,2224,88.56,7,0,0
1657,2225,208.54,2,0,0
1658,2226,131.07,0,0,0
1659,2227,132.49,0,0,0
1660,2228,130.94,0,0,0
1661,2229,167.3,2,0,0
1662,2230,139.16,0,0,0
1663,2231,152.31,2,0,0
1664,2232,167.3,2,0,0
1665,2233,139.72,0,0,0
1666,2234,88.56,7,0,0
1667,2235,208.54,2,0,0
1668,2236,131.07,0,0,0
1669,2237,132.49,0,0,0
1670,2238,130.94,0,0,0
1671,2239,167.3,2,0,0
1672,2240,139.16,0,0,0
1673,2241,152.31,2,0,0
1674,2242,167.3,2,0,0
1675,2243,139.72,0,0,0
1676,2244,88.56,7,0,0
1677,2245,208.54,2,0,0
1678,2246,131.07,0,0,0
1679,2247,132.49,0,0,0
1680,2248,130.94,0,0,0
1681,2249,167.3,2,0,0
1682,2250,139.16,0,0,0
1683,2251,152.31,2,0,0
1684,2252,167.3,2,0,0
1685,2253,139.72,0,0,0
1686,2254,88.56,7,0,0
1687,2255,208.54,2,0,0
1688,2256,131.07,0,0,0
1689,2257,132.49,0,0,0
1690,2258,130.94,0,0,0
1691,2259,167.3,2,0,0
1692,2260,139.16,0,0,0
1693,2261,152.31,2,0,0
1694,2262,167.3,2,0,0
1695,2263,139.72,0,0,0
1696,2264,88.56,7,0,0
1697,2265,150.77,2,0,0
1698,2266,208.54,2,0,0
1699,2267,131.07,0,0,0
1700,2268,194.76,2,0,0
1701,2269,131.07,0,0,0
1702,2270,132.49,0,0,0
1703,2271,130.94,0,0,0
1704,2272,167.3,2,0,0
1705,2273,139.16,0,0,0
1706,2274,152.31,2,0,0
1707,2275,167.3,2,0,0
1708,2276,139.72,0,0,0
1709,2277,88.56,7,0,0
1710,2278,150.77,2,0,0
1711,2279,208.54,2,0,0
1712,2280,131.07,0,0,0
1713,2281,132.49,0,0,0
1714,2282,130.94,0,0,0
1715,2283,167.3,2,0,0
1716,2284,139.16,0,0,0
1717,2285,152.31,2,0,0
1718,2286,167.3,2,0,0
1719,2287,139.72,0,0,0
1720,2288,88.56,7,0,0
1721,2289,208.54,2,0,0
1722,2290,130.94,0,0,0
1723,2291,132.49,0,0,0
1724,2292,130.94,0,0,0
1725,2293,167.3,2,0,0
1726,2294,139.16,0,0,0
1727,2295,152.31,2,0,0
1728,2296,167.3,2,0,0
1729,2297,139.72,0,0,0
1730,2298,88.56,7,0,0
1731,2299,128.05,0,0,0
1732,2300,132.49,0,0,0
1733,2301,130.94,0,0,0
1734,2302,167.3,2,0,0
1735,2303,139.16,0,0,0
1736,2304,152.31,2,0,0
1737,2305,167.3,2,0,0
1738,2306,139.72,0,0,0
1739,2307,88.56,7,0,0
1740,2308,208.54,2,0,0
1741,2309,130.94,0,0,0
1742,2310,167.3,2,0,0
1743,2311,139.16,0,0,0
1744,2312,130.62,0,0,0
1745,2313,132.49,0,0,0
1746,2314,130.94,0,0,0
1747,2315,167.3,2,0,0
1748,2316,139.16,0,0,0
1749,2317,152.31,2,0,0
1750,2318,167.3,2,0,0
1751,2319,139.72,0,0,0
1752,2320,88.56,7,0,0
1753,2321,208.54,2,0,0
1754,2322,130.62,0,0,0
1755,2323,150.77,2,0,0
1756,2324,152.31,2,0,0
1757,2325,167.3,2,0,0
1758,2326,139.72,0,0,0
1759,2327,88.56,7,0,0
1760,2328,208.54,2,0,0
1761,2329,167.3,2,0,0
1762,2330,130.94,0,0,0
1763,2331,152.31,2,0,0
1764,2332,107.98,0,0,0
1765,2333,83.3,7,0,0
1766,2334,83.3,7,0,0
1767,2335,83.3,7,0,0
1768,2336,165.24,2,0,0
1769,2337,164.99,2,0,0
1770,2338,192.81,2,0,0
1771,2339,192.81,2,0,0
1772,2340,264.39,3,0,0
1773,2341,264.39,3,0,0
1774,2342,264.39,3,0,0
1775,2343,264.39,3,0,0
1776,2344,264.39,3,0,0
1777,2345,264.39,3,0,0
1778,2346,224.55,3,0,0
1779,2347,224.55,3,0,1064346583
1780,2349,224.55,3,0,0
1781,2350,224.55,3,0,0
1782,2351,224.55,3,0,0
1783,2352,224.55,3,0,0
1784,2353,153.58,2,0,0
1785,2354,153.58,2,-6,1060320051
1786,2355,153.58,2,0,0
1787,2356,153.58,2,0,0
1788,2357,257.88,3,0,0
1789,2358,257.88,3,0,0
1790,2359,193.36,3,0,0
1791,2360,193.36,3,0,0
1792,2361,193.36,3,0,0
1793,2362,193.36,3,0,0
1794,2363,125.47,1,0,0
1795,2364,125.47,1,0,1063675494
1796,2365,125.47,1,0,0
1797,2366,254.27,4,0,0
1798,2367,254.27,4,0,0
1799,2368,254.27,4,0,0
1800,2369,254.27,4,0,0
1801,2370,159.26,2,0,0
1802,2371,159.26,2,0,1064514355
1803,2372,159.26,2,0,0
1804,2373,224.09,3,0,0
1805,2374,224.09,3,0,1057803469
1806,2376,224.09,3,0,0
1807,2377,164.99,2,0,0
1808,2378,164.99,2,0,0
1809,2379,164.99,2,0,0
1810,2380,164.99,3,0,0
1811,2381,164.99,3,0,0
1812,2382,164.99,3,0,0
1813,2383,165.08,2,0,0
1814,2384,165.08,2,0,0
1815,2385,165.08,2,0,0
1816,2386,164.99,2,0,0
1817,2387,164.99,2,0,0
1818,2388,164.99,2,0,0
1819,2389,160.29,1,0,0
1820,2390,160.29,1,0,1068037571
1821,2391,160.29,1,0,0
1822,2392,160.29,1,0,0
1823,2393,160.29,1,0,1068037571
1824,2394,160.29,1,0,0
1825,2395,160.29,1,0,0
1826,2396,208,3,0,0
1827,2397,208,3,0,0
1828,2399,208,3,0,0
1829,2400,153.58,2,0,0
1830,2401,153.58,2,-6,1063675494
1831,2402,153.58,2,0,0
1832,2403,153.58,2,0,0
1833,2404,153.58,2,0,0
1834,2405,183.36,2,0,0
1835,2406,183.36,2,0,0
1836,2407,183.36,2,0,0
1837,2408,132.49,2,0,0
1838,2409,132.49,2,0,0
1839,2410,167.3,3,0,0
1840,2411,167.3,3,0,0
1841,2412,167.3,3,0,0
1842,2413,167.3,3,0,0
1843,2414,167.3,2,0,0
1844,2415,167.3,2,0,0
1845,2416,167.3,2,0,0
1846,2417,167.3,2,0,0
1847,2418,167.3,4,0,0
1848,2419,111.42,2,0,0
1849,2420,163.84,3,0,0
1850,2421,163.84,3,0,0
1851,2422,163.84,3,0,0
1852,2423,163.84,3,0,0
1853,2424,163.84,3,0,0
1854,2425,163.84,3,0,0
1855,2426,163.84,3,0,0
1856,2427,163.84,3,0,0
1857,2428,153.58,1,0,0
1858,2429,153.58,1,-6,1060320051
1859,2430,153.58,1,0,0
1860,2431,153.58,1,0,0
1861,2432,153.58,2,0,0
1862,2433,153.58,1,0,0
1863,2434,153.58,1,0,0
1864,2435,171.61,2,0,0
1865,2436,171.61,2,0,1065353216
1866,2437,171.61,2,0,0
1867,2438,171.61,2,0,0
1868,2439,171.61,2,0,1066192077
1869,2440,171.61,2,0,0
1870,2441,171.61,1,0,0
1871,2442,181.36,2,0,0
1872,2443,182.73,2,0,0
1873,2444,182.73,2,0,0
1874,2445,182.73,1,0,0
1875,2446,182.73,1,0,0
1876,2447,182.73,1,0,0
1877,2448,182.73,2,0,0
1878,2449,182.73,2,0,0
1879,2450,182.73,2,0,0
1880,2451,120.32,0,0,0
1881,2452,120.32,0,0,0
1882,2453,120.32,0,0,0
1883,2454,120.32,0,0,0
1884,2455,94.14,1,0,0
1885,2456,94.14,1,-7,1058642330
1886,2457,94.14,1,0,0
1887,2458,94.14,1,0,0
1888,2459,94.14,1,0,0
1889,2460,94.14,1,-7,1058642330
1890,2461,94.14,1,0,0
1891,2462,94.14,2,0,0
1892,2463,190.99,2,0,0
1893,2464,190.99,2,0,0
1894,2465,190.99,2,0,0
1895,2466,191.96,2,0,0
1896,2467,191.96,2,0,0
1897,2468,191.96,2,0,0
1898,2469,190.99,2,0,0
1899,2470,433.49,5,0,0
1900,2471,433.49,5,0,0
1901,2472,433.49,5,0,0
1902,2473,433.49,5,0,0
1903,2474,433.49,5,0,0
1904,2475,433.49,5,0,0
1905,2476,164.99,2,0,0
1906,2477,192.52,2,0,0
1907,2478,192.52,2,0,0
1908,2479,192.52,2,0,0
1909,2480,192.52,2,0,0
1910,2481,219.92,3,0,0
1911,2482,219.92,3,0,0
1912,2483,219.92,3,0,0
1913,2484,219.92,3,0,0
1914,2485,219.92,3,0,0
1915,2486,219.92,3,0,0
1916,2487,219.92,3,0,0
1917,2488,40.52,8,0,0
1918,2489,123.36,1,0,0
1919,2490,123.36,1,0,1065688760
1920,2491,123.36,1,0,0
1921,2492,255.25,3,0,0
1922,2493,271.47,3,0,0
1923,2494,271.47,3,0,1061997773
1924,2495,271.47,3,0,0
1925,2496,289.9,4,0,0
1926,2497,289.9,4,0,0
1927,2498,289.9,4,0,0
1928,2499,62.35,7,0,0
1929,2500,62.35,7,-4,0
1930,2501,62.35,7,0,0
1931,2502,188.15,2,0,0
1932,2503,188.15,2,0,0
1933,2504,188.15,2,0,0
1934,2505,161.38,1,0,0
1935,2506,161.38,1,0,0
1936,2507,161.38,1,0,0
1937,2508,162.34,2,0,0
1938,2509,162.34,1,0,0
1939,2510,162.34,1,0,1067618140
1940,2511,162.34,1,0,0
1941,2512,162.34,1,0,0
1942,2513,162.34,2,0,0
1943,2514,224.55,3,0,0
1944,2515,146.23,2,0,0
1945,2516,245.74,3,0,0
1946,2517,245.74,3,0,0
1947,2518,245.74,3,0,0
1948,2519,297.98,3,0,0
1949,2520,0,8,0,0
1950,2521,0,8,0,0
1951,2522,172.08,2,0,0
1952,2523,172.08,2,0,1066611507
1953,2524,172.08,2,0,0
1954,2525,172.08,2,0,0
1955,2526,194.77,2,0,0
1956,2527,194.77,2,0,1067114824
1957,2528,194.77,2,0,0
1958,2529,194.77,2,0,0
1959,2530,194.77,2,0,1067114824
1960,2531,194.77,2,0,0
1961,2532,194.77,2,0,0
1962,2533,194.77,2,0,0
1963,2534,194.77,2,0,0
1964,2535,162.34,1,0,0
1965,2536,162.34,1,0,1067030938
1966,2537,162.34,1,0,0
1967,2538,162.34,1,0,0
1968,2539,162.34,1,0,0
1969,2540,110,1,0,0
1970,2541,88.57,1,0,0
1971,2542,88.57,1,-7,1061158912
1972,2543,88.57,1,0,0
1973,2544,88.57,1,0,0
1974,2545,88.57,1,-7,1061158912
1975,2546,88.57,1,0,0
1976,2547,172.01,2,0,0
1977,2548,208,3,0,0
1978,2549,208,2,0,0
1979,2550,208,2,0,0
1980,2551,208,2,0,0
1981,2552,208,2,0,0
1982,2553,208,2,0,0
1983,2554,208,2,0,0
1984,2555,208,2,0,0
1985,2556,176.53,1,0,0
1986,2557,131.07,0,0,0
1987,2558,131.07,0,0,0
1988,2559,131.07,0,0,0
1989,2560,131.07,0,0,0
1990,2561,131.07,0,0,0
1991,2562,131.07,0,0,0
1992,2563,131.07,0,0,0
1993,2564,131.07,0,0,0
1994,2565,131.07,0,0,0
1995,2566,131.07,0,0,0
1996,2567,131.07,0,0,0
1997,2568,131.07,0,0,0
1998,2569,131.07,0,0,0
1999,2570,131.07,0,0,0
2000,2571,130.93,0,0,0
2001,2572,71.53,7,0,0
2002,2573,152.31,2,0,0
2003,2574,130.94,0,0,0
2004,2575,130.94,0,0,0
2005,2576,130.94,0,0,0
2006,2577,130.94,0,0,0
2007,2578,130.94,0,0,0
2008,2579,130.94,0,0,0
2009,2580,130.94,0,0,0
2010,2581,152.31,2,0,0
2011,2582,139.16,0,0,0
2012,2583,254.93,3,0,0
2013,2584,254.93,3,0,0
2014,2587,156.73,2,0,0
2015,2589,156.73,1,0,0
2016,2590,156.73,1,0,1068540887
2017,2591,156.73,1,0,0
2018,2592,156.73,2,0,0
2019,2594,156.73,1,0,0
2020,2595,156.73,1,0,1067450368
2021,2596,156.73,1,0,0
2022,2597,156.73,2,0,0
2023,2599,156.73,2,0,0
2024,2600,156.73,2,0,0
2025,2602,156.73,2,0,0
2026,2603,191.46,2,0,0
2027,2605,191.46,2,0,0
2028,2606,191.46,2,0,0
2029,2607,191.46,2,0,0
2030,2608,191.46,2,0,0
2031,2610,191.46,2,0,0
2032,2611,191.46,2,0,0
2033,2613,191.46,2,0,0
2034,2615,191.46,2,0,0
2035,2618,161.12,2,0,0
2036,2620,161.12,2,0,0
2037,2622,161.12,1,0,0
2038,2623,161.12,1,0,1067618140
2039,2624,161.12,2,0,0
2040,2625,161.12,2,0,0
2041,2627,161.12,2,0,0
2042,2629,161.12,2,0,0
2043,2631,190.75,2,0,0
2044,2633,190.75,2,0,0
2045,2634,190.75,2,0,0
2046,2636,190.75,2,0,0
2047,2637,190.75,2,0,0
2048,2638,190.75,2,0,0
2049,2640,190.75,2,0,0
2050,2641,190.75,2,0,0
2051,2643,190.75,2,0,0
2052,2645,190.75,2,0,0
2053,2646,190.75,2,0,0
2054,2647,190.75,2,0,0
2055,2648,190.75,2,0,0
2056,2652,184.77,2,0,0
2057,2654,184.77,1,0,0
2058,2655,184.77,1,0,1067618140
2059,2656,184.77,2,0,0
2060,2658,184.77,2,0,0
2061,2659,184.77,2,0,0
2062,2661,184.77,2,0,0
2063,2663,184.77,2,0,0
2064,2665,170.6,2,0,0
2065,2667,170.6,1,0,0
2066,2668,170.6,1,0,1068540887
2067,2669,170.6,1,0,0
2068,2670,170.6,2,0,0
2069,2672,170.6,2,0,0
2070,2673,170.6,2,0,0
2071,2675,170.6,1,0,0
2072,2676,170.6,1,0,1068540887
2073,2677,170.6,2,0,0
2074,2679,170.6,2,0,0
2075,2681,159.92,2,0,0
2076,2682,159.92,2,0,0
2077,2684,159.92,1,0,0
2078,2685,159.92,1,0,1068540887
2079,2686,159.92,2,0,0
2080,2688,159.92,2,0,0
2081,2690,191.46,2,0,0
2082,2691,190.75,2,0,0
2083,2692,156.73,2,0,0
2084,2693,170.6,2,0,0
2085,2694,184.77,2,0,0
2086,2695,161.12,2,0,0
2087,2696,159.92,2,0,0
2088,2697,184.77,2,0,0
2089,2698,191.46,2,0,0
2090,2699,190.75,2,0,0
2091,2700,170.6,2,0,0
2092,2701,161.12,2,0,0
2093,2702,156.73,2,0,0
2094,2703,159.92,2,0,0
2095,2704,159.92,2,0,0
2096,2705,159.92,2,0,0
2097,2706,159.92,2,0,0
2098,2707,159.92,2,0,0
2099,2708,170.6,2,0,0
2100,2709,170.6,2,0,0
2101,2710,170.6,2,0,0
2102,2711,170.6,2,0,0
2103,2712,170.6,2,0,0
2104,2713,170.6,2,0,0
2105,2714,170.6,2,0,0
2106,2715,170.6,2,0,0
2107,2716,153.58,2,0,0
2108,2717,174.87,2,0,0
2109,2718,245.05,3,0,0
2110,2719,174.87,2,0,0
2111,2720,174.87,7,0,0
2112,2721,174.87,2,0,0
2113,2722,174.87,2,0,0
2114,2723,174.87,2,0,0
2115,2725,245.05,3,0,0
2116,2726,174.87,2,0,0
2117,2728,174.87,2,0,0
2118,2730,174.87,2,0,0
2119,2732,174.87,2,0,0
2120,2733,174.87,2,0,0
2121,2736,174.87,2,0,0
2122,2737,174.87,0,0,0
2123,2738,174.87,1,0,0
2124,2739,174.87,2,0,0
2125,2740,174.87,2,0,0
2126,2741,174.87,2,0,0
2127,2742,174.87,2,-4,1061158912
2128,2743,174.87,2,0,0
2129,2744,174.87,2,0,0
2130,2746,174.87,2,0,0
2131,2748,159.26,2,0,0
2132,2749,159.26,2,0,0
2133,2750,159.26,2,0,0
2134,2751,159.26,2,0,0
2135,2753,159.26,2,0,0
2136,2754,159.26,2,0,0
2137,2756,159.26,2,0,0
2138,2757,159.26,2,0,0
2139,2759,159.26,2,0,0
2140,2761,159.26,2,0,0
2141,2763,159.26,2,0,0
2142,2765,159.26,2,0,0
2143,2767,159.26,2,0,0
2144,2769,159.26,2,0,0
2145,2771,159.26,2,0,0
2146,2773,159.26,2,0,0
2147,2774,159.26,2,0,0
2148,2775,159.26,2,0,0
2149,2776,159.26,2,0,0
2150,2777,159.26,2,0,0
2151,2778,159.26,2,0,0
2152,2779,159.26,2,0,0
2153,2780,159.26,2,0,0
2154,2781,159.26,2,0,0
2155,2782,159.26,2,0,0
2156,2783,159.26,2,0,0
2157,2784,159.26,2,0,0
2158,2785,159.26,2,0,0
2159,2786,159.26,2,0,0
2160,2787,183.36,2,0,0
2161,2788,183.36,2,0,0
2162,2789,183.36,2,0,0
2163,2790,183.36,2,0,0
2164,2791,183.36,2,0,0
2165,2792,183.36,2,0,0
2166,2794,183.36,2,0,0
2167,2795,182.18,2,0,0
2168,2797,182.18,2,0,0
2169,2799,182.18,2,0,0
2170,2801,182.18,2,0,0
2171,2803,182.18,2,0,0
2172,2805,182.18,2,0,0
2173,2807,182.18,2,0,0
2174,2809,182.18,2,0,0
2175,2811,182.18,2,0,0
2176,2813,183.36,2,0,0
2177,2815,183.36,2,0,0
2178,2816,183.36,2,0,0
2179,2817,183.36,2,0,0
2180,2818,183.36,2,0,0
2181,2819,0,8,0,0
2182,2820,0,8,0,0
2183,2821,0,8,0,0
2184,2822,0,8,0,0
2185,2823,0,8,0,0
2186,2824,0,8,0,0
2187,2825,0,8,0,0
2188,2826,0,8,0,0
2189,2827,0,8,0,0
2190,2828,0,8,0,0
2191,2829,0,8,0,0
2192,2830,0,8,0,0
2193,2831,0,8,0,0
2194,2832,0,8,0,0
2195,2833,0,8,0,0
2196,2834,0,8,0,0
2197,2835,0,8,0,0
2198,2836,0,8,0,0
2199,2837,0,8,0,0
2200,2838,0,8,0,0
2201,2839,0,8,0,0
2202,2840,0,8,0,0
2203,2841,0,8,0,0
2204,2842,0,8,0,0
2205,2843,0,8,0,0
2206,2845,10,8,0,0
2207,2846,0,8,0,0
2208,2847,0,8,0,0
2209,2848,0,8,0,0
2210,2849,0,8,0,0
2211,2850,0,8,0,0
2212,2851,0,8,0,0
2213,2852,0,8,0,0
2214,2853,0,8,0,0
2215,2854,0,8,0,0
2216,2855,0,8,0,0
2217,2856,0,8,0,0
2218,2857,0,8,0,0
2219,2858,0,8,0,0
2220,2859,0,8,0,0
2221,2860,0,8,0,0
2222,2861,0,8,0,0
2223,2862,0,8,0,0
2224,2863,0,8,0,0
2225,2864,0,8,0,0
2226,2865,0,8,0,0
2227,2866,0,8,0,0
2228,2867,0,8,0,0
2229,2868,0,8,0,0
2230,2869,0,8,0,0
2231,2870,0,8,0,0
2232,2871,0,8,0,0
2233,2872,0,8,0,0
2234,2873,0,8,0,0
2235,2874,0,8,0,0
2236,2875,0,8,0,0
2237,2876,0,8,0,0
2238,2877,0,8,0,0
2239,2878,0,8,0,0
2240,2879,0,8,0,0
2241,2880,0,8,0,0
2242,2881,0,8,0,0
2243,2882,0,8,0,0
2244,2883,0,8,0,0
2245,2884,0,8,0,0
2246,2885,0,8,0,0
2247,2886,0,8,0,0
2248,2887,0,8,0,0
2249,2888,0,8,0,0
2250,2889,0,8,0,0
2251,2890,0,8,0,0
2252,2891,0,8,0,0
2253,2892,0,8,0,0
2254,2893,0,8,0,0
2255,2894,0,8,0,0
2256,2895,0,8,0,0
2257,2896,0,8,0,0
2258,2897,0,8,0,0
2259,2898,0,8,0,0
2260,2899,0,8,0,0
2261,2900,0,8,0,0
2262,2901,0,8,0,0
2263,2902,0,8,0,0
2264,2903,0,8,0,0
2265,2904,0,8,0,0
2266,2905,0,8,0,0
2267,2906,0,8,0,0
2268,2907,0,8,0,0
2269,2908,0,8,0,0
2270,2909,0,8,0,0
2271,2910,0,8,0,0
2272,2911,0,8,0,0
2273,2912,0,8,0,0
2274,2913,0,8,0,0
2275,2914,0,8,0,0
2276,2915,0,8,0,0
2277,2916,0,8,0,0
2278,2917,0,8,0,0
2279,2918,0,8,0,0
2280,2919,0,8,0,0
2281,2920,0,8,0,0
2282,2921,0,8,0,0
2283,2922,0,8,0,0
2284,2923,0,8,0,0
2285,2924,0,8,0,0
2286,2925,0,8,0,0
2287,2926,0,8,0,0
2288,2927,0,8,0,0
2289,2928,0,8,0,0
2290,2929,0,8,0,0
2291,2930,0,8,0,0
2292,2931,0,8,0,0
2293,2932,0,8,0,0
2294,2933,0,8,0,0
2295,2934,0,8,0,0
2296,2935,0,8,0,0
2297,2936,0,8,0,0
2298,2937,0,8,0,0
2299,2938,0,8,0,0
2300,2939,0,8,0,0
2301,2940,0,8,0,0
2302,2941,0,8,0,0
2303,2942,0,8,0,0
2304,2943,0,8,0,0
2305,2944,0,8,0,0
2306,2945,0,8,0,0
2307,2946,0,8,0,0
2308,2947,0,8,0,0
2309,2948,0,8,0,0
2310,2949,0,8,0,0
2311,2950,0,8,0,0
2312,2951,0,8,0,0
2313,2952,0,8,0,0
2314,2953,0,8,0,0
2315,2954,0,8,0,0
2316,2955,0,8,0,0
2317,2956,0,8,0,0
2318,2957,0,8,0,0
2319,2958,0,8,0,0
2320,2959,0,8,0,0
2321,2960,0,8,0,0
2322,2961,0,8,0,0
2323,2962,0,8,0,0
2324,2963,0,8,0,0
2325,2964,0,8,0,0
2326,2965,0,8,0,0
2327,2966,0,8,0,0
2328,2967,0,8,0,0
2329,2968,0,8,0,0
2330,2969,0,8,0,0
2331,2970,0,8,0,0
2332,2971,0,8,0,0
2333,2972,0,8,0,0
2334,2973,0,8,0,0
2335,2974,0,8,0,0
2336,2975,0,8,0,0
2337,2976,0,8,0,0
2338,2977,0,8,0,0
2339,2978,0,8,0,0
2340,2979,0,8,0,0
2341,2980,0,8,0,0
2342,2981,0,8,0,0
2343,2982,0,8,0,0
2344,2983,0,8,0,0
2345,2984,0,8,0,0
2346,2985,0,8,0,0
2347,2986,0,8,0,0
2348,2987,0,8,0,0
2349,2988,0,8,0,0
2350,2989,0,8,0,0
2351,2990,0,8,0,0
2352,2991,0,8,0,0
2353,2992,0,8,0,0
2354,2993,0,8,0,0
2355,2994,0,8,0,0
2356,2995,0,8,0,0
2357,2996,0,8,0,0
2358,2997,0,8,0,0
2359,2998,0,8,0,0
2360,2999,0,8,0,0
2361,3000,0,8,0,0
2362,3001,0,8,0,0
2363,3002,0,8,0,0
2364,3003,0,8,0,0
2365,3004,0,8,0,0
2366,3005,0,8,0,0
2367,3006,0,8,0,0
2368,3007,0,8,0,0
2369,3008,0,8,0,0
2370,3009,0,8,0,0
2371,3010,0,8,0,0
2372,3011,0,8,0,0
2373,3012,0,8,0,0
2374,3015,0,8,0,0
2375,3016,0,8,0,0
2376,3017,199.4,2,0,0
2377,3018,199.4,2,0,0
2378,3019,184.6,2,0,0
2379,3020,184.6,2,0,0
2380,3021,184.6,2,0,0
2381,3022,184.6,2,0,0
2382,3023,184.6,2,0,0
2383,3024,184.6,2,0,0
2384,3025,184.6,2,0,0
2385,3026,184.6,2,0,0
2386,3027,184.6,2,0,0
2387,3028,184.6,2,0,0
2388,3029,184.6,2,0,0
2389,3030,184.6,2,0,0
2390,3031,184.6,2,0,0
2391,3032,184.6,2,0,0
2392,3033,184.6,2,0,0
2393,3034,184.6,2,0,0
2394,3035,184.6,2,0,0
2395,3036,184.6,2,0,0
2396,3037,184.6,2,0,0
2397,3038,184.6,2,0,0
2398,3039,184.6,2,0,0
2399,3040,184.6,3,0,0
2400,3041,184.6,3,8,1064346583
2401,3042,184.6,3,0,0
2402,3043,184.6,1,0,0
2403,3044,184.6,1,0,0
2404,3045,184.6,1,0,0
2405,3046,184.6,1,0,0
2406,3047,184.6,1,0,0
2407,3053,184.6,2,0,0
2408,3054,184.6,2,0,0
2409,3055,184.6,2,0,0
2410,3056,184.6,2,0,0
2411,3057,184.6,2,0,0
2412,3058,214.32,2,0,0
2413,3059,128.05,0,0,0
2414,3060,184.6,2,0,0
2415,3061,184.6,2,0,0
2416,3063,184.6,2,0,0
2417,3065,184.6,2,0,0
2418,3067,184.6,2,0,0
2419,3069,184.6,2,0,0
2420,3071,184.6,2,0,0
2421,3073,184.6,2,0,0
2422,3074,184.6,2,0,0
2423,3075,184.6,2,0,0
2424,3076,184.6,2,0,0
2425,3077,184.6,2,0,0
2426,3078,184.6,2,0,0
2427,3079,184.6,2,0,0
2428,3080,184.6,2,0,0
2429,3081,184.6,2,0,0
2430,3082,184.6,2,0,0
2431,3083,184.6,2,0,0
2432,3084,184.6,2,0,0
2433,3085,184.6,2,0,0
2434,3086,184.6,2,0,0
2435,3087,184.6,2,0,0
2436,3088,184.6,2,0,0
2437,3089,184.6,2,0,0
2438,3090,184.6,2,0,0
2439,3092,184.6,2,0,0
2440,3094,184.6,2,0,0
2441,3096,184.6,2,0,0
2442,3098,184.6,2,0,0
2443,3099,184.6,2,0,0
2444,3100,184.6,2,0,0
2445,3101,184.6,2,0,0
2446,3102,184.6,2,0,0
2447,3103,184.6,2,0,0
2448,3104,184.6,2,0,0
2449,3105,0,8,0,0
2450,3106,0,8,0,0
2451,3107,0,8,0,0
2452,3108,0,8,0,0
2453,3109,0,8,0,0
2454,3110,0,8,0,0
2455,3111,0,8,0,0
2456,3112,0,8,0,0
2457,3113,0,8,0,0
2458,3114,0,8,0,0
2459,3115,0,8,0,0
2460,3116,0,8,0,0
2461,3117,0,8,0,0
2462,3118,0,8,0,0
2463,3119,0,8,0,0
2464,3120,0,8,0,0
2465,3121,0,8,0,0
2466,3122,0,8,0,0
2467,3123,0,8,0,0
2468,3124,0,8,0,0
2469,3125,0,8,0,0
2470,3126,0,8,0,0
2471,3127,0,8,0,0
2472,3128,0,8,0,0
2473,3129,0,8,0,0
2474,3130,0,8,0,0
2475,3131,227.45,2,0,0
2476,3132,203.36,2,0,0
2477,3133,227.45,2,0,0
2478,3134,227.45,2,0,0
2479,3135,227.45,2,0,0
2480,3136,0,8,0,0
2481,3137,0,8,0,0
2482,3138,0,8,0,0
2483,3139,0,8,0,0
2484,3140,55.62,8,0,0
2485,3141,55.62,8,0,0
2486,3142,28.35,8,0,0
2487,3143,28.35,8,0,0
2488,3144,160.32,2,0,0
2489,3146,28.35,8,0,0
2490,3147,28.35,8,0,0
2491,3148,55.62,8,0,0
2492,3149,55.62,8,0,0
2493,3150,55.62,8,0,0
2494,3151,28.35,8,0,0
2495,3152,28.35,8,0,0
2496,3153,160.32,2,0,0
2497,3154,28.35,8,0,0
2498,3155,55.62,8,0,0
2499,3156,28.35,8,0,0
2500,3157,0,8,0,0
2501,3158,0,8,0,0
2502,3159,0,8,0,0
2503,3160,0,8,0,0
2504,3161,0,8,0,0
2505,3162,0,8,0,0
2506,3163,0,8,0,0
2507,3164,0,8,0,0
2508,3165,0,8,0,0
2509,3166,0,8,0,0
2510,3167,0,8,0,0
2511,3168,0,8,0,0
2512,3169,0,8,0,0
2513,3170,0,8,0,0
2514,3171,0,8,0,0
2515,3172,449.7,5,0,0
2516,3173,458.79,5,0,0
2517,3174,458.79,5,0,0
2518,3177,0,8,0,0
2519,3181,164.99,2,0,0
2520,3182,164.99,2,0,0
2521,3183,74.31,7,0,0
2522,3185,74.31,7,0,0
2523,3186,91.92,7,0,0
2524,3187,91.92,7,0,0
2525,3188,74.31,7,0,0
2526,3190,74.31,7,0,0
2527,3191,74.31,7,0,0
2528,3193,74.31,7,0,0
2529,3195,74.31,7,0,0
2530,3197,74.31,7,0,0
2531,3198,74.31,7,0,0
2532,3199,74.31,7,0,0
2533,3200,74.31,7,0,0
2534,3201,74.31,7,0,0
2535,3203,74.31,7,0,0
2536,3204,74.31,7,0,0
2537,3206,74.31,7,0,0
2538,3208,74.31,7,0,0
2539,3210,74.31,7,0,0
2540,3211,74.56,0,0,0
2541,3212,74.56,2,0,0
2542,3213,74.31,7,0,0
2543,3214,74.56,0,0,0
2544,3215,74.56,0,0,0
2545,3216,74.56,0,0,0
2546,3217,74.31,7,0,0
2547,3219,74.31,7,0,0
2548,3220,74.31,7,0,0
2549,3221,74.31,7,0,0
2550,3222,74.31,7,0,0
2551,3223,74.31,7,0,0
2552,3224,0,8,0,0
2553,3225,0,8,0,0
2554,3226,0,8,0,0
2555,3227,0,8,0,0
2556,3228,0,8,0,0
2557,3229,0,8,0,0
2558,3230,0,8,0,0
2559,3231,0,8,0,0
2560,3232,0,8,0,0
2561,3234,0,8,0,0
2562,3235,0,8,0,0
2563,3237,0,8,0,0
2564,3238,0,8,0,0
2565,3239,0,8,0,0
2566,3240,0,8,0,0
2567,3241,0,8,0,0
2568,3242,0,8,0,0
2569,3243,0,8,0,0
2570,3244,0,8,0,0
2571,3245,0,8,0,0
2572,3246,0,8,0,0
2573,3247,0,8,0,0
2574,3248,0,8,0,0
2575,3249,0,8,0,0
2576,3250,0,8,0,0
2577,3259,0,8,0,0
2578,3260,0,8,0,0
2579,3261,0,8,0,0
2580,3262,0,8,0,0
2581,3263,0,8,0,0
2582,3264,0,8,0,0
2583,3265,0,8,0,0
2584,3266,0,8,0,0
2585,3267,0,8,0,0
2586,3268,0,8,0,0
2587,3269,0,8,0,0
2588,3270,0,8,0,0
2589,3271,0,8,0,0
2590,3272,0,8,0,0
2591,3273,0,8,0,0
2592,3274,0,8,0,0
2593,3275,0,8,0,0
2594,3276,0,8,0,0
2595,3277,0,8,0,0
2596,3278,0,8,0,0
2597,3279,0,8,0,0
2598,3280,0,8,0,0
2599,3281,0,8,0,0
2600,3282,0,8,0,0
2601,3283,0,8,0,0
2602,3284,0,8,0,0
2603,3285,0,8,0,0
2604,3286,0,8,0,0
2605,3287,0,8,0,0
2606,3288,0,8,0,0
2607,3289,0,8,0,0
2608,3290,0,8,0,0
2609,3291,0,8,0,0
2610,3292,0,8,0,0
2611,3293,0,8,0,0
2612,3294,0,8,0,0
2613,3295,0,8,0,0
2614,3296,0,8,0,0
2615,3297,0,8,0,0
2616,3298,131.07,2,0,0
2617,3299,131.07,2,0,0
2618,3300,131.07,2,0,0
2619,3301,131.07,2,0,0
2620,3302,180.65,2,0,0
2621,3303,196.47,3,0,0
2622,3304,148.82,2,0,0
2623,3305,180.65,2,0,0
2624,3306,180.65,2,0,1063675494
2625,3307,180.65,2,0,0
2626,3308,196.47,3,0,0
2627,3309,196.47,3,0,1065353216
2628,3310,196.47,3,0,0
2629,3311,148.82,1,0,0
2630,3312,148.82,1,0,0
2631,3313,148.82,1,0,0
2632,3314,40.52,8,0,0
2633,3315,165.08,2,0,0
2634,3316,165.08,2,0,0
2635,3317,176.53,2,0,0
2636,3318,176.53,2,0,0
2637,3319,190.8,2,0,0
2638,3320,190.8,2,0,0
2639,3321,190.8,2,0,0
2640,3322,146.23,2,0,0
2641,3323,172.08,2,0,0
2642,3324,172.08,2,0,0
2643,3325,433.49,5,0,0
2644,3326,317.24,4,0,0
2645,3327,59.33,8,0,0
2646,3328,433.49,5,0,0
2647,3329,167.04,2,0,0
2648,3330,167.04,2,0,0
2649,3331,167.04,2,0,0
2650,3332,164.99,2,0,0
2651,3333,164.99,2,0,0
2652,3334,164.99,2,0,0
2653,3335,212.27,4,0,0
2654,3336,212.27,4,0,0
2655,3337,212.27,4,0,0
2656,3338,212.27,4,0,0
2657,3339,212.27,4,0,0
2658,3340,212.27,4,0,0
2659,3341,203.36,4,0,0
2660,3342,227.45,4,0,0
2661,3343,203.36,4,0,0
2662,3344,182.15,3,0,0
2663,3345,182.15,3,0,0
2664,3346,182.15,3,0,0
2665,3347,184.33,3,0,0
2666,3348,184.33,3,0,0
2667,3349,184.33,3,0,0
2668,3350,190.8,3,0,0
2669,3351,190.8,3,0,0
2670,3352,171.13,2,0,0
2671,3353,171.13,2,0,0
2672,3354,171.13,2,0,0
2673,3355,263.99,3,0,0
2674,3356,263.99,3,0,0
2675,3357,174.87,3,0,0
2676,3358,174.87,3,0,0
2677,3359,210.63,4,0,0
2678,3360,210.63,4,0,0
2679,3361,167.04,3,0,0
2680,3362,167.04,3,0,0
2681,3363,40.52,7,0,0
2682,3364,40.52,7,0,0
2683,3365,172.08,2,0,0
2684,3366,172.08,2,0,0
2685,3367,186.94,4,0,0
2686,3368,186.94,4,0,0
2687,3369,219.92,3,0,0
2688,3370,219.92,3,0,0
2689,3371,120.32,0,0,0
2690,3372,316.77,4,0,0
2691,3373,316.77,4,0,0
2692,3374,131.07,2,0,0
2693,3375,131.07,2,0,0
2694,3376,88.57,2,0,0
2695,3377,88.57,2,0,0
2696,3378,40.52,8,0,0
2697,3379,40.52,8,0,0
2698,3380,183.36,2,0,0
2699,3381,183.36,2,0,0
2700,3382,183.36,2,0,0
2701,3383,168.45,3,0,0
2702,3384,168.45,3,0,0
2703,3385,168.45,3,0,0
2704,3386,168.45,3,0,0
2705,3387,196.15,3,0,0
2706,3388,196.15,3,0,0
2707,3389,180.65,2,0,0
2708,3390,180.65,2,0,0
2709,3391,196.47,3,0,0
2710,3392,196.47,3,0,0
2711,3393,148.82,2,0,0
2712,3394,148.82,2,0,0
2713,3395,54.64,7,0,0
2714,3396,54.64,7,0,0
2715,3397,54.64,7,0,0
2716,3398,54.64,7,0,0
2717,3399,153.58,2,0,0
2718,3400,153.58,2,0,0
2719,3401,153.47,2,0,0
2720,3402,181.8,2,0,0
2721,3403,181.8,2,0,0
2722,3404,48.93,7,0,0
2723,3405,48.84,7,0,0
2724,3406,48.84,7,0,0
2725,3407,196,2,0,0
2726,3408,164.99,2,0,0
2727,3409,164.99,2,0,0
2728,3410,167.04,2,0,0
2729,3411,40.52,8,0,0
2730,3412,165.08,2,0,0
2731,3413,161.38,2,0,0
2732,3414,192.05,3,0,0
2733,3415,180.97,2,0,0
2734,3416,192.05,3,0,0
2735,3418,192.05,3,0,0
2736,3419,192.05,3,0,0
2737,3420,192.05,3,0,0
2738,3421,192.05,3,0,0
2739,3422,182.73,2,0,0
2740,3423,182.73,2,0,0
2741,3424,182.73,2,0,0
2742,3425,224.09,4,0,0
2743,3426,125.47,2,0,0
2744,3427,219.92,3,0,0
2745,3428,192.81,3,0,0
2746,3429,120.32,2,0,0
2747,3430,120.32,2,0,0
2748,3431,183.36,2,0,0
2749,3432,159.26,2,0,0
2750,3433,164.3,3,0,0
2751,3434,145.52,2,0,0
2752,3435,172.08,2,0,0
2753,3436,190.8,3,0,0
2754,3437,176.53,2,0,0
2755,3438,255.25,4,0,0
2756,3439,146.23,2,0,0
2757,3440,167.04,2,0,0
2758,3441,116.03,2,0,0
2759,3442,169.99,2,0,0
2760,3443,182.15,2,0,0
2761,3444,182.15,2,0,0
2762,3445,183.42,3,0,0
2763,3446,271.47,4,0,0
2764,3447,289.9,4,0,0
2765,3448,245.74,4,0,0
2766,3449,245.74,4,0,0
2767,3450,245.74,4,0,0
2768,3451,123.25,2,0,0
2769,3452,316.77,4,0,0
2770,3453,210.63,3,0,0
2771,3454,111.42,2,0,0
2772,3455,120.12,2,0,0
2773,3456,254.27,4,0,0
2774,3457,208,3,0,0
2775,3458,186.94,3,0,0
2776,3459,174.87,2,0,0
2777,3460,54.64,7,0,0
2778,3461,153.58,2,0,0
2779,3462,54.61,7,0,0
2780,3463,54.77,7,0,0
2781,3464,174.22,2,0,0
2782,3465,164.99,2,0,0
2783,3466,164.99,2,0,0
2784,3467,40.52,8,0,0
2785,3468,40.52,8,0,0
2786,3469,83.3,0,0,0
2787,3470,84.12,2,0,0
2788,3471,195.93,3,0,0
2789,3472,227.45,4,0,0
2790,3473,132.49,2,0,0
2791,3474,123.36,2,0,0
2792,3475,62.35,0,0,0
2793,3476,192.52,3,0,0
2794,3478,181.36,2,0,0
2795,3479,164.99,2,0,0
2796,3480,263.99,3,0,0
2797,3481,263.99,3,0,0
2798,3482,263.99,3,0,0
2799,3483,263.99,3,0,0
2800,3484,164.99,3,0,0
2801,3485,184.33,3,0,0
2802,3486,212.27,4,0,0
2803,3487,212.27,4,0,1057803469
2804,3488,212.27,4,0,0
2805,3489,212.27,4,0,0
2806,3490,212.27,4,0,0
2807,3491,212.27,4,0,0
2808,3492,190.75,2,0,0
2809,3493,156.73,2,0,0
2810,3494,161.12,2,0,0
2811,3495,191.46,2,0,0
2812,3496,184.77,2,0,0
2813,3497,170.6,2,0,0
2814,3498,159.92,2,0,0
2815,3499,190.75,2,0,0
2816,3500,156.73,2,0,0
2817,3501,161.12,2,0,0
2818,3502,191.46,2,0,0
2819,3503,184.77,2,0,0
2820,3504,170.6,2,0,0
2821,3505,159.92,2,0,0
2822,3506,159.92,2,0,0
2823,3507,159.92,2,0,0
2824,3508,159.92,2,0,0
2825,3509,159.92,2,0,0
2826,3510,159.92,2,0,0
2827,3511,159.92,2,0,0
2828,3512,159.92,2,0,0
2829,3513,159.92,2,0,0
2830,3514,68.41,7,0,0
2831,3515,192.81,2,0,0
2832,3516,203.36,2,0,0
2833,3517,182.64,2,0,0
2834,3518,182.64,2,0,0
2835,3519,146.23,2,0,0
2836,3520,182.64,2,0,0
2837,3521,190.8,2,0,0
2838,3522,182.64,2,0,0
2839,3523,182.64,2,0,0
2840,3524,182.64,2,0,0
2841,3525,182.64,3,0,0
2842,3526,182.64,3,0,0
2843,3527,182.64,3,0,0
2844,3528,182.64,3,0,0
2845,3529,182.64,3,0,0
2846,3531,182.64,3,0,0
2847,3532,182.64,4,0,0
2848,3533,68.41,7,0,0
2849,3535,192.81,2,0,0
2850,3537,203.36,2,0,0
2851,3539,182.64,2,0,0
2852,3541,156.73,2,0,0
2853,3542,156.73,2,0,0
2854,3543,156.73,2,0,0
2855,3544,156.73,2,0,0
2856,3545,156.73,2,0,0
2857,3546,170.6,2,0,0
2858,3547,170.6,2,0,0
2859,3548,127.14,0,0,0
2860,3549,127.14,0,0,0
2861,3550,178.48,2,0,0
2862,3551,178.48,2,0,0
2863,3552,153.58,2,0,0
2864,3553,153.58,2,0,0
2865,3554,184.6,2,0,0
2866,3555,184.6,2,0,0
2867,3556,169.81,2,0,0
2868,3557,169.81,2,0,0
2869,3558,169.81,2,0,0
2870,3559,169.81,2,0,0
2871,3560,169.81,2,0,0
2872,3561,169.81,5,0,0
2873,3562,169.81,2,0,0
2874,3563,169.81,2,0,0
2875,3564,169.81,2,0,0
2876,3565,169.81,2,0,0
2877,3566,169.81,2,0,0
2878,3567,169.81,2,0,0
2879,3569,181.36,2,0,0
2880,3570,181.36,2,0,0
2881,3571,181.36,2,0,0
2882,3572,176.53,2,0,0
2883,3573,164.3,2,0,0
2884,3574,182.73,2,0,0
2885,3575,153.58,2,0,0
2886,3576,176.17,2,0,0
2887,3577,159.26,2,0,0
2888,3578,183.36,2,0,0
2889,3579,208,2,0,0
2890,3580,40.52,8,0,0
2891,3581,180.97,2,0,0
2892,3582,180.97,2,0,0
2893,3583,180.97,2,0,0
2894,3584,161.38,2,0,0
2895,3585,182.73,2,0,0
2896,3586,182.73,2,0,0
2897,3587,181.94,2,0,0
2898,3588,132.49,2,0,0
2899,3589,132.49,2,0,0
2900,3590,132.49,2,0,0
2901,3591,132.49,2,0,0
2902,3592,132.49,2,0,0
2903,3593,132.49,2,0,0
2904,3594,208,3,0,0
2905,3595,208,3,0,0
2906,3596,132.49,2,0,0
2907,3597,132.49,2,0,0
2908,3598,132.49,2,0,0
2909,3599,192.52,0,0,0
2910,3600,192.52,0,0,0
2911,3601,192.52,0,0,0
2912,3602,192.52,2,0,0
2913,3603,192.52,2,0,0
2914,3604,192.52,0,0,0
2915,3605,68.41,7,0,0
2916,3606,68.41,7,0,0
2917,3607,165.08,2,0,0
2918,3608,165.08,2,0,0
2919,3609,182.73,2,0,0
2920,3610,83.3,7,0,0
2921,3611,208,2,0,0
2922,3612,145.52,2,0,0
2923,3613,164.99,2,0,0
2924,3614,181.36,2,0,0
2925,3615,181.36,2,0,0
2926,3616,181.36,2,0,0
2927,3617,146.23,2,0,0
2928,3618,146.23,2,0,0
2929,3619,208.31,2,0,0
2930,3620,182.73,2,0,0
2931,3621,182.73,2,0,0
2932,3622,182.73,2,0,0
2933,3623,190.8,2,0,0
2934,3624,164.99,2,0,0
2935,3625,164.99,2,0,0
2936,3626,210.63,2,0,0
2937,3627,186.94,2,0,0
2938,3628,164.3,2,0,0
2939,3629,190.8,2,0,0
2940,3630,190.8,2,0,0
2941,3631,94.15,7,0,0
2942,3632,94.15,7,0,0
2943,3633,153.58,2,0,0
2944,3634,83.3,7,0,0
2945,3635,192.05,2,0,0
2946,3636,181.8,2,0,0
2947,3637,180.97,2,0,0
2948,3638,88.57,7,0,0
2949,3639,195.93,2,0,0
2950,3640,224.09,2,0,0
2951,3641,224.09,3,0,0
2952,3642,174.22,2,0,0
2953,3643,174.22,2,0,0
2954,3644,94.15,7,0,0
2955,3645,316.77,4,0,0
2956,3646,68.41,7,0,0
2957,3647,219.92,2,0,0
2958,3648,123.25,0,0,0
2959,3649,74.31,7,0,0
2960,3650,74.31,7,0,0
2961,3651,74.31,7,0,0
2962,3652,111.42,0,0,0
2963,3653,125.47,0,0,0
2964,3654,125.47,2,0,0
2965,3655,94.15,7,0,0
2966,3656,40.52,8,0,0
2967,3657,40.52,8,0,0
2968,3658,40.52,8,0,0
2969,3659,116.03,0,0,0
2970,3660,54.48,8,0,0
2971,3661,54.64,8,0,0
2972,3662,227.45,4,0,0
2973,3663,316.77,4,0,0
2974,3664,169.99,2,0,0
2975,3665,84.12,0,0,0
2976,3666,123.25,2,0,0
2977,3667,111.42,2,0,0
2978,3668,54.61,7,0,0
2979,3669,219.92,3,0,0
2980,3670,125.47,2,0,0
2981,3671,40.52,8,0,0
2982,3672,116.03,2,0,0
2983,3673,180.37,2,0,0
2984,3674,180.69,2,0,0
2985,3675,123.36,0,0,0
2986,3676,62.35,7,0,0
2987,3677,94.15,7,0,0
2988,3678,165.24,2,0,0
2989,3679,165.08,2,0,0
2990,3680,184.33,2,0,0
2991,3681,184.33,2,0,0
2992,3682,71.7,7,0,0
2993,3683,71.7,7,0,0
2994,3684,71.7,7,0,0
2995,3685,71.7,7,0,0
2996,3686,71.7,7,0,0
2997,3687,71.7,7,0,0
2998,3688,71.7,7,0,0
2999,3689,71.7,7,0,0
3000,3690,71.7,7,0,0
3001,3691,39.81,8,0,0
3002,3692,0,8,0,0
3003,3693,0,8,0,0
3004,3694,0,8,0,0
3005,3695,0,8,0,0
3006,3696,0,8,0,0
3007,3697,0,8,0,0
3008,3698,0,8,0,0
3009,3699,0,8,0,0
3010,3700,0,8,0,0
3011,3701,0,8,0,0
3012,3702,190.75,2,0,0
3013,3703,156.73,2,0,0
3014,3704,161.12,2,0,0
3015,3705,191.46,2,0,0
3016,3706,184.77,2,0,0
3017,3707,170.6,2,0,0
3018,3708,159.92,2,0,0
3019,3709,0,8,0,0
3020,3710,0,8,0,0
3021,3711,0,8,0,0
3022,3712,0,8,0,0
3023,3713,0,8,0,0
3024,3714,0,8,0,0
3025,3715,0,8,0,0
3026,3716,0,8,0,0
3027,3717,0,8,0,0
3028,3718,0,8,0,0
3029,3719,0,8,0,0
3030,3720,0,8,0,0
3031,3721,167.3,2,0,0
3032,3722,167.3,2,0,0
3033,3723,167.3,2,0,0
3034,3724,167.3,2,0,0
3035,3725,167.3,2,0,0
3036,3726,214.41,2,0,0
3037,3727,202.13,2,0,0
3038,3728,214.41,2,0,0
3039,3729,214.41,2,0,0
3040,3730,222.22,2,0,0
3041,3731,214.41,2,0,0
3042,3732,214.41,2,0,0
3043,3733,214.41,2,0,0
3044,3734,214.41,2,0,0
3045,3735,222.22,2,0,0
3046,3736,202.13,2,0,0
3047,3737,202.13,2,0,0
3048,3738,202.13,2,0,0
3049,3739,222.22,2,0,0
3050,3740,202.13,2,0,0
3051,3741,202.13,2,0,0
3052,3742,214.41,2,0,0
3053,3743,222.22,2,0,0
3054,3744,214.41,2,0,0
3055,3745,202.13,2,0,0
3056,3746,214.41,2,0,0
3057,3747,222.22,2,0,0
3058,3748,202.13,2,0,0
3059,3749,202.13,2,0,0
3060,3750,237.01,2,0,0
3061,3751,202.13,2,0,0
3062,3752,202.13,2,0,0
3063,3753,202.13,2,0,0
3064,3754,202.13,2,0,0
3065,3755,202.13,2,0,0
3066,3756,202.13,2,0,0
3067,3757,202.13,2,0,0
3068,3758,202.13,2,0,0
3069,3759,166.5,2,0,0
3070,3761,166.5,2,0,0
3071,3763,166.5,2,0,0
3072,3765,166.5,2,0,0
3073,3766,0,8,0,0
3074,3767,0,8,0,0
3075,3768,0,8,0,0
3076,3769,0,8,0,0
3077,3773,0,8,0,0
3078,3774,0,8,0,0
3079,3775,0,8,0,0
3080,3776,0,8,0,0
3081,3777,0,8,0,0
3082,3778,0,8,0,0
3083,3779,0,8,0,0
3084,3780,0,8,0,0
3085,3781,0,8,0,0
3086,3782,0,8,0,0
3087,3783,0,8,0,0
3088,3784,0,8,0,0
3089,3785,0,8,0,0
3090,3786,0,8,0,0
3091,3787,0,8,0,0
3092,3788,0,8,0,0
3093,3789,0,8,0,0
3094,3790,0,8,0,0
3095,3791,0,8,0,0
3096,3792,0,8,0,0
3097,3793,0,8,0,0
3098,3794,0,8,0,0
3099,3795,0,8,0,0
3100,3796,0,8,0,0
3101,3797,0,8,0,0
3102,3798,0,8,0,0
3103,3799,0,8,0,0
3104,3800,0,8,0,0
3105,3801,0,8,0,0
3106,3802,0,8,0,0
3107,3803,0,8,0,0
3108,3804,0,8,0,0
3109,3805,0,8,0,0
3110,3806,0,8,0,0
3111,3807,0,8,0,0
3112,3808,0,8,0,0
3113,3809,0,8,0,0
3114,3810,0,8,0,0
3115,3811,0,8,0,0
3116,3812,0,8,0,0
3117,3813,0,8,0,0
3118,3814,0,8,0,0
3119,3815,0,8,0,0
3120,3816,0,8,0,0
3121,3817,0,8,0,0
3122,3818,0,8,0,0
3123,3819,0,8,0,0
3124,3820,0,8,0,0
3125,3821,0,8,0,0
3126,3822,0,8,0,0
3127,3823,0,8,0,0
3128,3824,0,8,0,0
3129,3825,0,8,0,0
3130,3826,0,8,0,0
3131,3827,0,8,0,0
3132,3828,0,8,0,0
3133,3829,0,8,0,0
3134,3830,190.75,2,0,0
3135,3831,156.73,2,0,0
3136,3832,161.12,2,0,0
3137,3833,191.46,2,0,0
3138,3834,184.77,2,0,0
3139,3835,170.6,2,0,0
3140,3836,159.92,2,0,0
3141,3837,190.75,2,0,0
3142,3838,156.73,2,0,0
3143,3839,161.12,2,0,0
3144,3840,191.46,2,0,0
3145,3841,184.77,2,0,0
3146,3842,170.6,2,0,0
3147,3843,159.92,2,0,0
3148,3858,190.75,2,0,0
3149,3859,156.73,2,0,0
3150,3860,161.12,2,0,0
3151,3861,191.46,2,0,0
3152,3862,184.77,2,0,0
3153,3863,170.6,2,0,0
3154,3864,159.92,2,0,0
3155,3865,190.75,2,0,0
3156,3866,156.73,2,0,0
3157,3867,161.12,2,0,0
3158,3868,191.46,2,0,0
3159,3869,184.77,2,0,0
3160,3870,170.6,2,0,0
3161,3871,159.92,2,0,0
3162,3872,181.8,2,0,0
3163,3874,181.8,2,0,0
3164,3876,181.8,2,0,0
3165,3877,181.8,2,0,0
3166,3878,181.8,2,0,0
3167,3880,181.8,2,0,0
3168,3881,93.63,7,0,0
3169,3883,93.63,7,0,0
3170,3884,93.63,7,0,0
3171,3885,93.63,7,0,0
3172,3886,93.63,7,0,0
3173,3887,93.63,7,0,0
3174,3888,93.63,7,0,0
3175,3889,93.63,7,0,0
3176,3890,93.63,2,0,0
3177,3891,93.63,2,0,0
3178,3892,93.63,2,0,0
3179,3893,93.63,2,-5,1060320051
3180,3895,93.63,2,0,0
3181,3896,93.63,2,0,0
3182,3898,195.87,2,0,0
3183,3901,195.87,2,0,0
3184,3902,195.87,2,0,0
3185,3903,195.87,2,0,0
3186,3904,195.87,2,0,0
3187,3905,195.87,2,0,0
3188,3906,195.87,0,0,0
3189,3907,195.87,0,0,0
3190,3908,195.87,2,0,0
3191,3909,195.87,2,0,0
3192,3910,195.87,2,0,0
3193,3912,195.87,2,0,0
3194,3914,195.87,2,0,0
3195,3917,208.86,2,0,0
3196,3919,208.86,2,0,0
3197,3920,208.86,2,0,0
3198,3921,208.86,2,0,0
3199,3922,208.86,2,0,0
3200,3923,208.86,2,0,0
3201,3925,208.86,2,0,0
3202,3927,208.86,2,0,0
3203,3929,208.86,2,0,0
3204,3931,202.1,2,0,0
3205,3933,202.1,2,0,0
3206,3935,202.1,2,0,0
3207,3937,202.1,2,0,0
3208,3939,202.1,2,0,0
3209,3941,202.1,2,0,0
3210,3943,202.1,2,0,0
3211,3946,202.1,2,0,0
3212,3947,202.1,2,0,0
3213,3948,202.1,2,0,0
3214,3949,202.1,3,0,0
3215,3950,202.1,3,0,1064346583
3216,3951,202.1,3,0,0
3217,3952,202.1,3,0,0
3218,3953,202.1,3,0,0
3219,3954,202.1,3,0,0
3220,3955,153.47,2,0,0
3221,3956,153.47,2,0,0
3222,3957,153.47,2,0,0
3223,3960,153.47,2,0,0
3224,3961,153.47,2,0,0
3225,3962,153.47,2,0,0
3226,3963,153.47,2,0,0
3227,3964,153.47,2,0,0
3228,3965,153.47,2,0,0
3229,3966,153.47,0,0,0
3230,3967,153.47,0,0,0
3231,3968,153.47,0,0,0
3232,3969,153.47,2,0,0
3233,3971,291.7,4,0,0
3234,3973,291.7,4,0,0
3235,3974,291.7,4,0,0
3236,3976,291.7,4,0,0
3237,3977,291.7,4,0,0
3238,3978,291.7,4,0,0
3239,3979,208.86,2,0,0
3240,3980,48.84,8,0,0
3241,3981,48.84,8,0,0
3242,3982,48.84,8,0,0
3243,3983,48.84,7,0,0
3244,3984,48.84,8,0,0
3245,3985,48.84,8,0,0
3246,3986,48.84,8,0,0
3247,3987,48.84,8,0,0
3248,3988,48.84,8,0,0
3249,3989,48.84,8,0,0
3250,3990,48.84,8,0,0
3251,3991,48.84,8,0,0
3252,3992,303.76,4,0,0
3253,3995,303.76,4,0,0
3254,3997,303.76,4,0,0
3255,3999,303.76,4,0,0
3256,4002,303.76,4,0,0
3257,4003,303.76,4,0,0
3258,4004,303.76,2,0,0
3259,4005,303.76,4,0,0
3260,4006,303.76,4,0,0
3261,4007,303.76,4,0,0
3262,4008,303.76,3,0,0
3263,4009,303.76,2,0,0
3264,4010,303.76,1,0,0
3265,4011,303.76,1,0,1067450368
3266,4012,303.76,4,0,0
3267,4015,185.87,2,0,0
3268,4016,185.87,2,0,0
3269,4017,185.87,2,0,0
3270,4018,185.87,2,0,0
3271,4019,185.87,2,5,0
3272,4020,185.87,2,0,0
3273,4021,185.87,2,0,0
3274,4022,185.87,2,0,0
3275,4023,185.87,2,0,0
3276,4024,169.45,2,0,0
3277,4026,169.45,2,0,0
3278,4028,169.45,2,0,0
3279,4030,169.45,2,0,0
3280,4032,169.45,2,0,0
3281,4033,169.45,2,0,0
3282,4034,169.45,2,0,1066695393
3283,4035,169.45,2,0,0
3284,4037,168.88,2,0,0
3285,4038,168.88,2,0,0
3286,4040,168.88,2,0,0
3287,4041,168.88,2,0,0
3288,4042,168.88,2,0,0
3289,4044,168.88,2,0,0
3290,4047,170.55,2,0,0
3291,4049,170.55,2,0,0
3292,4051,170.55,2,0,0
3293,4053,170.55,2,0,0
3294,4054,170.55,3,0,0
3295,4055,170.55,3,0,1065017672
3296,4056,170.55,3,0,0
3297,4057,96.45,0,0,0
3298,4059,96.45,0,0,0
3299,4061,96.45,0,0,0
3300,4062,96.45,0,0,0
3301,4063,96.45,0,0,0
3302,4064,96.45,0,-3,0
3303,4065,96.45,0,0,0
3304,4066,200.97,2,0,0
3305,4068,200.97,2,0,0
3306,4070,200.97,2,0,0
3307,4072,197.68,2,0,0
3308,4075,200.97,2,0,0
3309,4076,200.97,3,0,0
3310,4077,200.97,3,0,1059984507
3311,4078,200.97,3,0,0
3312,4079,200.97,2,0,0
3313,4081,159.89,2,0,0
3314,4083,159.89,2,0,0
3315,4085,159.89,3,0,0
3316,4086,159.89,4,0,0
3317,4087,159.89,4,0,0
3318,4088,159.89,4,0,0
3319,4089,159.89,4,0,0
3320,4090,159.89,4,0,0
3321,4091,159.89,4,0,0
3322,4092,160.13,2,0,0
3323,4093,159.89,2,0,0
3324,4094,159.89,3,0,0
3325,4096,159.89,4,0,0
3326,4097,159.89,2,0,0
3327,4098,206.86,2,0,0
3328,4099,206.86,2,0,0
3329,4100,197.73,2,0,0
3330,4102,200.41,2,0,0
3331,4103,200.41,2,0,0
3332,4104,206.86,2,0,0
3333,4105,197.73,2,0,0
3334,4106,200.41,2,0,0
3335,4107,200.41,2,0,0
3336,4108,113.12,0,0,0
3337,4109,113.12,0,0,0
3338,4110,113.12,0,0,0
3339,4111,113.12,0,0,0
3340,4112,113.12,0,0,0
3341,4113,0,8,0,0
3342,4114,81.38,0,0,0
3343,4115,81.38,0,0,0
3344,4116,81.38,0,0,0
3345,4117,81.38,0,0,0
3346,4118,205.52,2,0,0
3347,4119,205.52,2,0,0
3348,4120,205.52,3,0,0
3349,4121,205.52,3,0,0
3350,4122,205.52,3,0,0
3351,4123,205.52,2,0,0
3352,4124,205.52,0,0,0
3353,4125,205.52,2,0,0
3354,4126,205.52,2,0,0
3355,4127,205.52,0,0,0
3356,4128,205.52,0,0,0
3357,4129,205.52,0,0,0
3358,4130,275.91,3,0,0
3359,4132,275.91,3,0,0
3360,4133,275.91,3,0,0
3361,4134,239.7,2,0,0
3362,4135,239.7,2,0,0
3363,4136,239.7,2,0,0
3364,4137,275.91,3,0,0
3365,4139,239.7,2,0,0
3366,4140,279.04,3,0,0
3367,4142,279.04,3,0,0
3368,4143,279.04,3,0,0
3369,4144,279.04,3,0,0
3370,4145,279.04,3,0,0
3371,4146,279.04,3,0,0
3372,4147,176.51,0,0,0
3373,4149,176.51,0,0,0
3374,4150,176.51,2,0,0
3375,4151,176.51,1,0,0
3376,4152,176.51,1,0,1065772646
3377,4153,176.51,1,0,0
3378,4154,176.51,0,0,0
3379,4157,176.51,0,0,0
3380,4158,176.51,0,0,0
3381,4159,156.87,2,0,0
3382,4161,156.87,2,0,0
3383,4162,156.87,2,0,0
3384,4163,156.87,2,0,0
3385,4164,156.87,1,0,0
3386,4165,156.87,1,0,1064514355
3387,4166,156.87,1,0,0
3388,4167,156.87,2,0,0
3389,4170,156.87,2,0,0
3390,4173,156.87,2,0,0
3391,4174,182.4,2,0,0
3392,4176,182.4,2,0,0
3393,4177,182.4,2,0,0
3394,4178,182.4,2,0,0
3395,4179,182.4,2,0,0
3396,4180,182.4,2,0,0
3397,4181,182.4,2,0,0
3398,4182,182.4,2,0,0
3399,4183,182.4,2,0,0
3400,4184,182.79,4,0,0
3401,4185,214.05,2,0,0
3402,4186,214.05,3,0,0
3403,4187,214.05,3,0,1065520988
3404,4188,214.05,3,0,0
3405,4189,214.05,2,0,0
3406,4190,212.58,2,0,0
3407,4191,199.98,2,0,0
3408,4192,199.98,2,0,0
3409,4193,212.58,2,0,0
3410,4194,212.58,2,0,0
3411,4195,212.58,2,0,1063675494
3412,4196,212.58,2,0,0
3413,4197,201.82,3,0,0
3414,4199,111.77,0,0,0
3415,4200,111.77,0,0,0
3416,4201,111.77,0,-3,1065353216
3417,4202,111.77,0,0,0
3418,4203,279.73,3,0,0
3419,4205,279.73,3,0,0
3420,4206,279.73,3,0,0
3421,4207,279.73,3,0,1061158912
3422,4208,279.73,3,0,0
3423,4209,279.73,3,0,0
3424,4210,279.6,3,0,0
3425,4211,279.73,3,0,0
3426,4212,279.73,3,0,0
3427,4213,78.8,1,12,0
3428,4214,78.8,1,12,0
3429,4215,78.8,1,12,0
3430,4216,78.8,1,12,0
3431,4217,78.8,1,12,0
3432,4218,78.8,1,12,0
3433,4219,78.8,1,12,0
3434,4220,78.8,1,12,0
3435,4221,78.89,1,12,0
3436,4222,78.8,1,12,0
3437,4224,114.7,0,0,0
3438,4225,114.44,0,0,0
3439,4226,114.7,0,0,0
3440,4227,114.7,0,0,0
3441,4228,114.7,0,0,0
3442,4230,192.02,2,0,0
3443,4232,192.02,2,0,0
3444,4234,192.02,2,0,0
3445,4235,192.02,2,0,0
3446,4238,192.02,2,0,0
3447,4240,192.02,2,0,0
3448,4243,17.47,8,0,0
3449,4245,17.47,8,0,0
3450,4246,17.47,8,0,0
3451,4247,17.69,8,0,0
3452,4248,208.27,2,0,0
3453,4250,208.27,2,0,0
3454,4251,208.27,3,0,0
3455,4252,208.27,3,0,1065772646
3456,4254,208.27,3,0,0
3457,4255,208.27,2,0,0
3458,4256,262.59,3,0,0
3459,4258,262.59,3,0,0
3460,4259,262.59,3,0,0
3461,4260,262.59,3,0,0
3462,4261,262.59,3,0,0
3463,4262,262.59,3,0,0
3464,4263,262.59,3,0,0
3465,4264,236.83,2,0,0
3466,4266,236.83,2,0,0
3467,4267,236.83,3,0,0
3468,4268,236.83,3,0,1064346583
3469,4269,236.83,3,0,0
3470,4270,334.5,4,0,0
3471,4271,334.5,4,0,0
3472,4273,334.5,4,0,0
3473,4274,334.5,4,0,0
3474,4275,334.5,4,0,0
3475,4276,334.5,4,0,0
3476,4277,334.5,4,0,0
3477,4278,334.5,4,0,0
3478,4279,334.5,4,0,1059481190
3479,4280,334.5,4,0,0
3480,4281,334.5,4,0,0
3481,4282,183.27,2,0,0
3482,4283,182.6,2,0,0
3483,4285,182.6,2,0,0
3484,4287,182.6,2,0,0
3485,4288,123.75,7,0,0
3486,4289,182.6,4,0,0
3487,4290,182.6,4,0,0
3488,4291,182.6,4,0,0
3489,4292,182.6,2,0,0
3490,4293,182.6,2,0,0
3491,4294,182.6,2,0,0
3492,4295,182.6,2,0,0
3493,4296,182.6,2,0,0
3494,4297,182.76,2,0,0
3495,4298,124.09,0,0,0
3496,4299,154.84,2,0,0
3497,4300,182.76,0,0,0
3498,4301,182.76,2,0,0
3499,4302,182.76,2,0,0
3500,4303,182.76,2,0,0
3501,4304,182.6,2,0,0
3502,4305,182.76,2,0,0
3503,4306,182.76,2,0,0
3504,4307,124.09,0,0,0
3505,4308,119.46,0,0,0
3506,4310,119.46,0,0,0
3507,4311,119.46,0,0,0
3508,4312,154.84,2,0,0
3509,4313,164.79,2,0,0
3510,4314,119.46,7,0,0
3511,4315,119.46,0,0,0
3512,4318,119.46,0,0,0
3513,4320,119.46,0,0,0
3514,4323,119.46,0,0,0
3515,4325,119.46,2,0,0
3516,4326,119.46,0,0,0
3517,4327,119.46,0,0,0
3518,4328,119.46,0,0,0
3519,4329,119.46,0,0,0
3520,4330,119.46,2,0,0
3521,4331,119.46,0,0,0
3522,4332,164.79,2,0,0
3523,4333,170.86,2,0,0
3524,4334,119.69,0,0,0
3525,4336,119.69,0,0,0
3526,4338,160.13,2,0,0
3527,4339,160.13,2,0,0
3528,4340,154.84,2,0,0
3529,4341,116.02,0,0,0
3530,4342,116.02,0,0,0
3531,4343,217.8,2,0,0
3532,4344,217.8,2,0,0
3533,4345,217.8,2,0,0
3534,4346,217.8,2,0,0
3535,4347,154.84,2,0,0
3536,4348,116.02,2,0,0
3537,4349,116.02,0,0,0
3538,4350,116.02,3,0,0
3539,4351,116.02,3,0,1065353216
3540,4352,116.02,3,0,0
3541,4353,2,8,0,0
3542,4354,2,8,0,0
3543,4355,2,8,0,0
3544,4356,2,8,0,0
3545,4358,71.02,8,0,0
3546,4359,76.56,8,0,0
3547,4360,71.02,8,0,0
3548,4361,76.56,8,0,0
3549,4362,71.02,8,0,0
3550,4363,71.02,8,0,0
3551,4364,71.02,8,0,0
3552,4365,76.56,7,0,0
3553,4366,76.56,7,0,0
3554,4367,71.02,8,0,0
3555,4368,76.56,7,0,0
3556,4369,71.02,8,0,0
3557,4370,71.02,7,0,0
3558,4371,76.56,7,0,0
3559,4372,76.56,7,0,0
3560,4373,71.02,7,0,0
3561,4374,76.56,7,0,0
3562,4375,71.02,7,0,0
3563,4376,71.02,7,0,0
3564,4377,76.56,7,0,0
3565,4378,76.56,8,0,0
3566,4379,76.56,7,0,0
3567,4380,76.56,7,0,0
3568,4381,191.28,2,0,0
3569,4383,158.25,2,0,0
3570,4385,212.58,2,0,0
3571,4386,110,1,0,0
3572,4387,182.73,2,0,0
3573,4388,208,2,0,0
3574,4389,160.29,2,0,0
3575,4390,94.14,2,0,0
3576,4391,153.58,2,0,0
3577,4392,120.32,0,0,0
3578,4393,120.32,0,0,0
3579,4394,164.99,2,0,0
3580,4395,62.35,7,0,0
3581,4396,271.47,3,0,0
3582,4397,289.9,4,0,0
3583,4398,194.77,2,0,0
3584,4399,257.88,3,0,0
3585,4400,274.86,3,0,0
3586,4401,191.46,2,0,0
3587,4402,156.73,2,0,0
3588,4403,156.73,0,0,0
3589,4404,191.46,2,0,0
3590,4405,191.46,2,0,0
3591,4406,156.73,0,0,0
3592,4407,159.92,2,0,0
3593,4408,159.92,2,0,0
3594,4409,159.92,2,0,0
3595,4410,159.92,2,0,0
3596,4411,159.92,2,0,0
3597,4412,161.12,2,0,0
3598,4413,184.77,2,0,0
3599,4414,184.77,2,0,0
3600,4415,184.77,2,0,0
3601,4416,184.77,2,0,0
3602,4417,184.77,2,0,0
3603,4418,161.12,2,0,0
3604,4419,161.12,2,0,1066695393
3605,4420,159.92,2,0,0
3606,4421,159.92,2,0,1066695393
3607,4422,191.46,2,0,0
3608,4423,159.92,2,0,0
3609,4424,161.12,2,0,0
3610,4425,184.77,2,0,0
3611,4426,191.46,2,0,0
3612,4427,159.92,2,0,0
3613,4428,190.75,2,0,0
3614,4429,184.77,2,0,0
3615,4430,161.12,2,0,0
3616,4431,156.73,2,0,0
3617,4432,170.6,2,0,0
3618,4433,120.41,0,0,0
3619,4434,161.12,2,0,0
3620,4435,156.73,2,0,0
3621,4436,190.75,2,0,0
3622,4437,170.6,2,0,0
3623,4438,184.77,2,0,0
3624,4439,156.73,2,0,0
3625,4440,170.6,2,0,0
3626,4441,159.92,2,0,0
3627,4442,159.92,2,0,0
3628,4443,240,3,0,0
3629,4444,240,3,0,0
3630,4445,240,3,0,0
3631,4446,210,3,0,0
3632,4447,210,3,0,0
3633,4448,210,3,0,0
3634,4449,200,3,0,0
3635,4450,200,3,0,0
3636,4451,191.46,2,0,0
3637,4452,161.12,2,0,0
3638,4453,184.77,2,0,0
3639,4454,156.73,2,0,0
3640,4455,190.75,2,0,0
3641,4456,190.75,2,0,0
3642,4457,190.75,2,0,0
3643,4458,190.75,2,0,0
3644,4459,190.75,2,0,0
3645,4460,190.75,2,0,0
3646,4461,161.12,2,0,0
3647,4462,161.12,2,0,0
3648,4463,161.12,2,0,0
3649,4464,161.12,2,0,0
3650,4465,184.77,2,0,0
3651,4466,191.46,2,0,0
3652,4467,184.77,2,0,0
3653,4468,184.77,2,0,0
3654,4469,190.75,2,0,0
3655,4470,190.75,2,0,0
3656,4471,190.75,2,0,0
3657,4472,190.75,2,0,0
3658,4473,190.75,2,0,0
3659,4474,156.73,1,0,0
3660,4475,156.73,1,0,0
3661,4476,156.73,1,0,0
3662,4477,156.73,1,0,0
3663,4478,190.75,2,0,0
3664,4479,161.12,2,0,0
3665,4480,184.77,2,0,0
3666,4481,191.46,2,0,0
3667,4482,190.75,2,0,0
3668,4483,190.75,2,0,0
3669,4484,190.75,2,0,0
3670,4485,161.12,2,0,0
3671,4486,161.12,2,0,0
3672,4487,164.99,2,0,0
3673,4488,164.99,2,0,0
3674,4489,164.99,2,0,0
3675,4490,164.99,2,0,0
3676,4491,164.99,2,0,0
3677,4492,164.99,2,0,0
3678,4493,164.99,2,0,0
3679,4494,170.6,2,0,0
3680,4495,170.6,2,0,0
3681,4496,170.6,2,0,0
3682,4497,170.6,2,0,1066695393
3683,4498,170.6,2,0,0
3684,4499,170.6,2,0,0
3685,4500,170.6,2,0,1066695393
3686,4501,170.6,2,0,0
3687,4502,170.6,2,0,1066695393
3688,4503,170.6,2,0,0
3689,4504,170.6,2,0,1066695393
3690,4505,159.92,2,0,0
3691,4506,159.92,2,0,1066695393
3692,4507,184.77,2,0,0
3693,4509,184.77,2,0,0
3694,4511,191.46,2,0,0
3695,4513,191.46,2,0,0
3696,4515,161.12,2,0,0
3697,4517,161.12,2,0,0
3698,4519,190.75,3,0,0
3699,4521,190.75,3,0,0
3700,4522,190.75,3,0,0
3701,4523,190.75,3,0,0
3702,4529,0,8,0,0
3703,4531,0,8,0,0
3704,4532,411.5,5,0,0
3705,4533,411.5,5,0,0
3706,4534,411.5,5,0,0
3707,4535,116.37,0,0,0
3708,4537,116.37,0,0,0
3709,4539,116.37,0,0,0
3710,4540,116.37,0,0,0
3711,4541,116.37,0,0,1062836634
3712,4543,116.37,0,0,0
3713,4544,190.75,2,0,0
3714,4545,161.12,2,0,0
3715,4546,156.73,2,0,0
3716,4547,159.92,2,0,0
3717,4549,184.77,2,0,0
3718,4551,190.75,2,0,0
3719,4553,159.92,1,0,0
3720,4554,159.92,1,0,0
3721,4555,159.92,1,0,0
3722,4556,184.77,2,0,0
3723,4557,184.77,2,0,1061997773
3724,4558,184.77,2,0,0
3725,4559,190.75,2,0,0
3726,4560,190.75,2,0,1061997773
3727,4561,190.75,2,0,0
3728,4562,10,8,0,0
3729,4563,10,8,0,0
3730,4564,10,8,0,0
3731,4565,165.49,2,0,0
3732,4566,164.99,2,0,0
3733,4567,165.08,2,0,0
3734,4568,10,8,0,0
3735,4569,10,8,0,0
3736,4570,10,8,0,0
3737,4571,10,8,0,0
3738,4572,10,8,0,0
3739,4573,10,8,0,0
3740,4574,10,8,0,0
3741,4575,10,8,0,0
3742,4576,10,8,0,0
3743,4577,10,8,0,0
3744,4578,10,8,0,0
3745,4579,10,8,0,0
3746,4580,10,8,0,0
3747,4581,0,8,0,0
3748,4582,0,8,0,0
3749,4583,0,8,0,0
3750,4584,0,8,0,0
3751,4585,292.09,4,0,0
3752,4586,292.09,3,0,0
3753,4587,292.09,3,0,1059481190
3754,4588,292.09,3,0,0
3755,4589,184.6,2,0,0
3756,4590,55.62,8,0,0
3757,4591,55.62,8,0,0
3758,4592,190.75,2,0,0
3759,4593,156.73,2,0,0
3760,4594,161.12,2,0,0
3761,4595,191.46,2,0,0
3762,4596,184.77,2,0,0
3763,4597,170.6,2,0,0
3764,4598,159.92,2,0,0
3765,4599,170.86,2,0,0
3766,4600,154.84,2,0,0
3767,4601,170.86,2,0,0
3768,4603,170.86,7,0,0
3769,4605,170.86,0,0,0
3770,4607,170.86,0,0,0
3771,4609,166.64,2,0,0
3772,4612,170.86,2,0,0
3773,4613,170.86,2,0,0
3774,4615,170.86,4,0,0
3775,4616,170.86,3,0,0
3776,4617,170.86,3,0,0
3777,4618,170.86,3,0,0
3778,4619,170.86,3,0,0
3779,4620,170.86,3,0,0
3780,4621,170.86,3,0,0
3781,4622,170.86,2,0,0
3782,4623,170.86,2,0,0
3783,4624,170.86,2,0,0
3784,4625,170.86,2,0,0
3785,4626,254.93,3,0,0
3786,4627,254.93,3,0,0
3787,4628,0,8,0,0
3788,4629,0,8,0,0
3789,4630,0,8,0,0
3790,4631,0,8,0,0
3791,4632,0,8,0,0
3792,4633,0,8,0,0
3793,4634,0,8,0,0
3794,4635,184.6,2,0,0
3795,4636,7.72,8,0,0
3796,4637,7.72,8,0,0
3797,4638,162.95,2,0,0
3798,4639,162.95,2,0,0
3799,4640,162.95,2,0,0
3800,4641,162.95,2,0,0
3801,4642,162.95,2,0,0
3802,4643,162.95,2,0,0
3803,4644,162.95,2,0,0
3804,4645,162.95,2,0,0
3805,4646,162.95,2,0,0
3806,4647,162.95,2,0,0
3807,4648,162.95,2,0,0
3808,4649,162.95,2,0,0
3809,4650,162.95,2,0,0
3810,4651,162.95,2,0,0
3811,4652,162.95,2,0,0
3812,4653,162.95,2,0,0
3813,4654,162.95,2,0,0
3814,4655,162.95,2,0,0
3815,4656,232,2,0,0
3816,4657,232,2,0,0
3817,4658,232,2,0,0
3818,4659,213.11,2,0,0
3819,4660,213.11,3,0,0
3820,4661,213.11,3,8,0
3821,4662,213.11,3,0,0
3822,4663,213.11,3,0,0
3823,4664,213.11,3,0,0
3824,4665,213.11,3,8,0
3825,4666,213.11,3,0,0
3826,4667,212.58,2,0,0
3827,4668,160.46,2,0,0
3828,4669,165.14,2,0,0
3829,4670,165.14,2,0,0
3830,4671,160.46,2,0,0
3831,4672,165.14,2,0,0
3832,4673,165.14,2,0,0
3833,4674,0,8,0,0
3834,4675,0,8,0,0
3835,4676,0,8,0,0
3836,4677,0,8,0,0
3837,4678,0,8,0,0
3838,4679,0,8,0,0
3839,4680,0,8,0,0
3840,4681,0,8,0,0
3841,4682,0,8,0,0
3842,4683,0,8,0,0
3843,4684,0,8,0,0
3844,4685,0,8,0,0
3845,4686,0,8,0,0
3846,4687,0,8,0,0
3847,4688,0,8,0,0
3848,4690,116.59,0,0,0
3849,4691,0,8,0,0
3850,4692,0,8,0,0
3851,4693,0,8,0,0
3852,4694,0,8,0,0
3853,4695,0,8,0,0
3854,4696,0,8,0,0
3855,4697,0,8,0,0
3856,4698,0,8,0,0
3857,4702,0,8,0,0
3858,4703,0,8,0,0
3859,4705,0,8,0,0
3860,4706,0,8,0,0
3861,4708,0,8,0,0
3862,4709,0,8,0,0
3863,4717,0,8,0,0
3864,4718,0,8,0,0
3865,4719,0,8,0,0
3866,4720,0,8,0,0
3867,4721,0,8,0,0
3868,4722,0,8,0,0
3869,4723,0,8,0,0
3870,4724,0,8,0,0
3871,4725,168.46,2,0,0
3872,4726,165.99,3,0,0
3873,4727,167.88,2,0,0
3874,4728,0,8,0,0
3875,4729,0,8,0,0
3876,4732,0,8,0,0
3877,4739,125.47,0,0,0
3878,4740,224.09,3,0,0
3879,4741,111.42,0,0,0
3880,4742,219.92,2,0,0
3881,4743,120.32,0,0,0
3882,4744,40.52,8,0,0
3883,4745,94.15,7,0,0
3884,4746,94.15,7,0,0
3885,4747,116.03,0,0,0
3886,4748,123.25,0,0,0
3887,4749,210.63,2,0,0
3888,4750,74.31,7,0,0
3889,4751,227.45,2,0,0
3890,4752,191.46,3,0,0
3891,4753,191.46,3,0,0
3892,4754,191.46,3,0,0
3893,4755,191.46,3,0,0
3894,4756,191.46,3,0,0
3895,4757,191.46,3,0,0
3896,4758,191.46,3,0,0
3897,4759,191.46,3,0,0
3898,4760,118.03,2,0,0
3899,4761,118.03,2,0,0
3900,4762,118.03,2,0,0
3901,4763,125.47,2,0,0
3902,4764,123.36,0,0,0
3903,4765,120.32,2,0,0
3904,4766,120.32,2,0,0
3905,4767,120.32,0,0,0
3906,4768,40.52,8,0,0
3907,4770,94.15,7,0,0
3908,4772,48.84,8,0,0
3909,4774,93.63,7,0,0
3910,4775,136.41,0,0,0
3911,4776,136.41,0,0,0
3912,4777,136.41,0,0,0
3913,4778,136.41,0,0,0
3914,4779,287.2,3,0,0
3915,4780,287.2,3,0,0
3916,4781,136.41,0,0,0
3917,4782,136.41,0,0,0
3918,4784,212.58,2,0,0
3919,4785,164.99,2,0,0
3920,4786,164.99,2,0,0
3921,4787,287.2,3,0,0
3922,4788,287.2,3,0,0
3923,4789,93.34,2,0,0
3924,4790,93.34,2,0,0
3925,4791,93.34,2,0,0
3926,4792,119.46,0,0,0
3927,4793,165.08,2,0,0
3928,4794,165.08,2,0,0
3929,4795,165.08,2,0,0
3930,4796,164.99,2,0,0
3931,4797,165.24,2,0,0
3932,4798,165.24,2,0,0
3933,4799,165.24,2,0,0
3934,4800,165.94,2,0,0
3935,4801,165.94,2,0,0
3936,4802,165.49,2,0,0
3937,4803,165.49,2,0,0
3938,4804,165.08,2,0,0
3939,4805,165.08,2,0,0
3940,4806,165.08,2,0,0
3941,4807,208.31,2,0,0
3942,4808,208,2,0,0
3943,4809,208,2,0,0
3944,4810,88.57,7,0,0
3945,4811,88.57,8,0,0
3946,4812,164.99,2,0,0
3947,4813,164.99,2,0,0
3948,4814,181.36,2,0,0
3949,4815,181.36,2,0,0
3950,4816,181.36,2,0,0
3951,4817,181.36,2,0,0
3952,4818,208,2,0,0
3953,4819,181.36,2,0,0
3954,4820,181.36,2,0,0
3955,4821,181.36,2,0,0
3956,4822,164.3,2,0,0
3957,4823,145.52,2,0,0
3958,4824,164.3,2,0,0
3959,4825,145.52,2,0,0
3960,4826,164.3,2,0,0
3961,4827,145.52,2,0,0
3962,4828,183.42,2,0,0
3963,4829,255.25,3,0,0
3964,4830,164.99,2,0,0
3965,4831,263.99,3,0,0
3966,4832,164.99,2,0,0
3967,4833,164.99,2,0,0
3968,4834,169.81,2,0,0
3969,4835,169.81,2,0,0
3970,4836,184.33,2,0,0
3971,4837,184.33,2,0,0
3972,4838,184.33,2,0,0
3973,4839,174.87,2,0,0
3974,4840,62.35,7,0,0
3975,4841,62.35,7,0,0
3976,4842,195.93,2,0,0
3977,4843,40.52,8,0,0
3978,4844,254.27,3,0,0
3979,4846,192.81,2,0,0
3980,4847,107.98,0,0,0
3981,4848,32.52,8,0,0
3982,4849,131.07,0,0,0
3983,4850,32.52,8,0,0
3984,4851,32.52,8,0,0
3985,4852,32.52,8,0,0
3986,4853,32.52,2,0,0
3987,4854,32.52,8,0,0
3988,4855,32.52,8,0,0
3989,4861,57.73,8,0,0
3990,4863,57.73,8,0,0
3991,4865,57.73,0,0,0
3992,4867,57.73,8,0,0
3993,4871,189.48,2,0,0
3994,4872,189.48,2,0,0
3995,4873,189.48,2,0,0
3996,4874,189.48,2,0,0
3997,4875,189.48,2,0,0
3998,4876,0,8,0,0
3999,4877,162.95,2,0,0
4000,4878,162.95,2,0,0
4001,4879,162.95,2,0,0
4002,4880,162.95,2,0,0
4003,4881,162.95,2,0,0
4004,4882,162.95,2,0,0
4005,4883,157.83,2,0,0
4006,4884,157.83,2,0,0
4007,4885,157.83,2,0,0
4008,4886,157.83,2,0,0
4009,4887,157.83,2,0,0
4010,4888,157.83,2,0,0
4011,4889,157.71,2,0,0
4012,4892,157.71,2,0,0
4013,4894,251.33,3,0,0
4014,4895,251.33,3,0,0
4015,4896,251.33,3,0,0
4016,4897,349.98,4,0,0
4017,4898,349.98,4,0,0
4018,4899,349.98,4,0,0
4019,4900,190.01,2,0,0
4020,4901,190.01,2,0,0
4021,4902,190.01,2,0,0
4022,4903,190.01,2,0,0
4023,4904,190.01,2,0,0
4024,4905,190.01,2,0,0
4025,4906,167.04,2,0,0
4026,4907,167.04,2,0,0
4027,4908,167.04,2,0,0
4028,4909,0,8,0,0
4029,4910,0,8,0,0
4030,4911,0,8,0,0
4031,4912,0,8,0,0
4032,4913,0,8,0,0
4033,4914,0,8,0,0
4034,4915,0,8,0,0
4035,4916,0,8,0,0
4036,4917,0,8,0,0
4037,4918,0,8,0,0
4038,4919,0,8,0,0
4039,4920,0,8,0,0
4040,4921,156.73,1,0,0
4041,4922,156.73,1,0,0
4042,4923,156.73,1,0,0
4043,4924,170.6,2,0,0
4044,4925,170.6,2,0,1066192077
4045,4926,170.6,2,0,0
4046,4927,184.77,2,0,0
4047,4928,184.77,2,0,0
4048,4929,184.77,2,0,0
4049,4930,190.75,2,0,0
4050,4931,190.75,2,0,1064514355
4051,4932,190.75,2,0,0
4052,4933,161.12,1,0,0
4053,4934,161.12,1,0,0
4054,4935,161.12,1,0,0
4055,4936,191.46,2,0,0
4056,4937,191.46,2,0,0
4057,4938,191.46,2,0,0
4058,4939,0,8,0,0
4059,4940,7.5,8,0,0
4060,4941,7.5,8,0,0
4061,4942,7.5,8,0,0
4062,4943,7.5,8,0,0
4063,4944,7.5,8,0,0
4064,4945,7.5,8,0,0
4065,4946,7.5,8,0,0
4066,4947,7.5,8,0,0
4067,4948,7.5,8,0,0
4068,4949,7.5,8,0,0
4069,4950,7.5,8,0,0
4070,4951,7.5,8,0,0
4071,4953,7.5,8,0,0
4072,4954,7.5,8,0,0
4073,4955,7.5,8,0,0
4074,4958,7.5,8,0,0
4075,4959,7.5,8,0,0
4076,4960,7.5,8,0,0
4077,4961,7.5,8,0,0
4078,4962,7.5,8,0,0
4079,4963,266.25,3,0,0
4080,4964,266.25,3,0,0
4081,4965,184.77,2,0,0
4082,4967,156.73,2,0,0
4083,4969,170.6,2,0,0
4084,4971,159.92,2,0,0
4085,4973,184.77,2,0,0
4086,4974,156.73,2,0,0
4087,4975,170.6,2,0,0
4088,4976,159.92,2,0,0
4089,4977,184.77,2,0,0
4090,4978,156.73,2,0,0
4091,4979,170.6,2,0,0
4092,4980,159.92,2,0,0
4093,4981,433.49,5,0,0
4094,4982,167.04,2,0,0
4095,4983,164.99,2,0,0
4096,4984,164.99,2,0,0
4097,4985,0,8,0,0
4098,4986,0,8,0,0
4099,4987,0,8,0,0
4100,4988,0,8,0,0
4101,4989,0,8,0,0
4102,4990,0,8,0,0
4103,4991,0,8,0,0
4104,4992,0,8,0,0
4105,4993,0,8,0,0
4106,4994,0,8,0,0
4107,4995,159.92,2,0,0
4108,4997,165.14,2,0,0
4109,4998,161.12,2,0,0
4110,5000,165.14,2,0,0
4111,5001,156.73,2,0,0
4112,5003,160.46,2,0,0
4113,5004,0,8,0,0
4114,5006,0,8,0,0
4115,5007,0,8,0,0
4116,5008,184.77,2,0,0
4117,5009,100.36,0,0,0
4118,5010,100.36,0,0,0
4119,5011,103.98,0,0,0
4120,5012,100.36,0,0,0
4121,5013,100.36,0,0,0
4122,5014,100.36,0,0,0
4123,5015,98.41,7,0,0
4124,5016,98.41,7,0,0
4125,5017,235.99,2,0,0
4126,5018,275,3,0,0
4127,5019,191.46,3,0,0
4128,5020,191.46,3,0,0
4129,5021,191.46,3,0,0
4130,5022,147.49,2,0,0
4131,5023,0,8,0,0
4132,5024,156.73,3,0,0
4133,5025,156.73,3,0,1061158912
4134,5026,156.73,3,0,0
4135,5027,157.06,2,0,0
4136,5028,190.75,3,0,0
4137,5029,190.75,3,0,0
4138,5030,190.75,3,0,0
4139,5031,191.46,3,0,0
4140,5032,191.46,3,0,0
4141,5033,191.46,3,0,0
4142,5034,75.12,0,0,0
4143,5035,75.12,0,0,0
4144,5036,75.12,0,-6,1063675494
4145,5037,75.12,0,0,0
4146,5038,75.12,0,0,0
4147,5039,214.84,2,0,0
4148,5040,214.84,2,0,0
4149,5041,214.84,3,0,0
4150,5043,214.84,3,0,0
4151,5044,214.84,3,0,0
4152,5045,214.84,3,0,0
4153,5046,214.84,3,0,1065353216
4154,5047,214.84,3,0,0
4155,5048,201.89,2,0,0
4156,5050,213.01,2,0,0
4157,5052,213.01,2,0,0
4158,5054,230.44,2,0,0
4159,5056,230.44,3,0,0
4160,5057,230.44,3,0,0
4161,5059,230.44,3,0,0
4162,5060,173.31,2,0,0
4163,5061,173.31,2,0,0
4164,5062,144.93,2,0,0
4165,5064,144.93,2,0,0
4166,5065,144.93,2,0,0
4167,5066,216.49,2,0,0
4168,5068,218.72,2,0,0
4169,5071,218.72,2,0,0
4170,5074,182.64,2,0,0
4171,5075,254.27,3,0,0
4172,5076,182.15,2,0,0
4173,5077,176.17,2,0,0
4174,5078,176.17,3,0,0
4175,5082,119.38,0,0,0
4176,5083,120.12,0,0,0
4177,5084,119.38,2,0,0
4178,5088,110,1,0,0
4179,5089,110,1,0,0
4180,5090,110,1,0,0
4181,5094,150.37,0,0,0
4182,5096,150.37,0,0,0
4183,5097,150.37,0,0,0
4184,5098,150.37,0,0,0
4185,5099,150.37,0,0,0
4186,5100,150.37,7,0,0
4187,5101,164.12,0,0,0
4188,5102,164.12,7,0,0
4189,5103,0,8,0,0
4190,5105,164.12,7,0,0
4191,5106,66.4,7,0,0
4192,5107,66.4,7,0,0
4193,5108,413.48,5,0,0
4194,5109,155.86,7,0,0
4195,5110,184.44,2,0,0
4196,5111,158.86,0,0,0
4197,5115,0,8,0,0
4198,5116,166.23,2,0,0
4199,5117,200.73,3,0,0
4200,5118,200.73,3,0,0
4201,5119,200.73,3,0,0
4202,5120,200.73,3,0,0
4203,5121,200.73,3,0,0
4204,5122,200.73,3,0,0
4205,5123,200.73,3,0,0
4206,5124,200.73,3,0,0
4207,5126,200.73,3,0,0
4208,5127,152.31,2,0,0
4209,5128,178.64,2,0,0
4210,5129,178.64,2,0,0
4211,5130,178.64,2,0,0
4212,5131,178.64,2,0,0
4213,5132,178.64,2,0,0
4214,5133,55.62,8,0,0
4215,5134,197.73,2,0,0
4216,5135,200.41,2,0,0
4217,5136,206.86,2,0,0
4218,5137,156.87,2,0,0
4219,5138,156.87,2,0,0
4220,5139,176.51,0,0,0
4221,5140,164.3,2,0,0
4222,5141,164.3,2,0,0
4223,5142,183.42,2,0,0
4224,5143,94.15,7,0,0
4225,5144,94.15,7,0,0
4226,5145,94.15,7,0,0
4227,5146,182.73,2,0,0
4228,5147,182.73,2,0,0
4229,5148,182.73,2,0,0
4230,5149,163.87,2,0,0
4231,5151,163.87,2,0,0
4232,5152,163.87,2,0,0
4233,5153,163.87,2,0,0
4234,5155,163.87,2,0,0
4235,5156,164.95,2,0,0
4236,5157,164.95,2,0,0
4237,5158,164.95,2,0,0
4238,5159,164.95,2,0,0
4239,5160,164.95,2,0,0
4240,5161,164.95,2,0,0
4241,5162,160.51,2,0,0
4242,5164,170.06,2,0,0
4243,5165,170.06,2,0,0
4244,5167,176.06,2,0,0
4245,5170,176.06,2,0,0
4246,5172,176.47,2,0,0
4247,5174,176.47,2,0,0
4248,5176,176.47,2,0,0
4249,5178,120.12,2,0,0
4250,5179,120.12,2,0,0
4251,5180,120.12,2,0,0
4252,5183,120.12,0,0,0
4253,5184,120.12,0,0,0
4254,5185,120.12,0,0,0
4255,5188,120.12,0,0,0
4256,5189,120.12,0,0,0
4257,5190,120.12,0,0,0
4258,5193,120.12,0,0,0
4259,5194,120.12,0,0,0
4260,5195,116.37,0,0,0
4261,5196,116.37,0,0,0
4262,5200,116.37,0,0,0
4263,5201,0,8,0,0
4264,5202,201.07,2,0,0
4265,5203,201.07,2,0,0
4266,5204,201.07,2,0,0
4267,5208,48.93,0,0,0
4268,5209,48.93,0,0,0
4269,5210,48.93,0,0,0
4270,5213,48.93,7,0,0
4271,5214,48.93,7,0,0
4272,5215,48.93,7,0,0
4273,5217,48.93,7,0,0
4274,5218,48.93,7,0,0
4275,5220,48.93,8,0,0
4276,5221,210.63,2,0,0
4277,5222,210.63,2,0,0
4278,5226,210.63,2,0,0
4279,5227,210.63,2,0,0
4280,5230,210.63,2,0,0
4281,5231,169.45,2,0,0
4282,5232,169.45,2,0,0
4283,5233,169.45,2,0,0
4284,5235,169.63,2,0,0
4285,5236,169.63,2,0,0
4286,5237,169.63,2,0,0
4287,5240,169.63,2,0,0
4288,5241,168.88,2,0,0
4289,5242,168.88,2,0,0
4290,5243,168.88,2,0,0
4291,5245,168.98,2,0,0
4292,5246,168.98,2,0,0
4293,5247,168.98,2,0,0
4294,5249,168.98,2,0,0
4295,5250,169.45,2,0,0
4296,5251,192.02,2,0,0
4297,5252,192.02,2,0,0
4298,5254,192.02,2,0,0
4299,5255,192.02,2,0,0
4300,5258,192.02,2,0,0
4301,5259,192.02,2,0,0
4302,5260,192.02,2,0,0
4303,5262,192.02,2,0,0
4304,5263,192.02,2,0,0
4305,5266,192.02,2,0,0
4306,5267,190.75,3,0,0
4307,5268,190.75,3,0,0
4308,5269,190.75,3,0,1059481190
4309,5270,159.92,2,0,0
4310,5271,159.92,2,0,0
4311,5272,159.92,2,0,0
4312,5273,156.73,2,0,0
4313,5274,156.73,2,0,0
4314,5275,156.73,2,0,0
4315,5276,161.12,2,0,0
4316,5277,161.12,2,0,0
4317,5278,161.12,2,0,1062836634
4318,5279,170.6,2,0,0
4319,5280,170.6,2,0,0
4320,5281,170.6,2,0,0
4321,5282,170.6,2,0,0
4322,5289,0,8,0,0
4323,5291,0,8,0,0
4324,5292,0,8,0,0
4325,5294,0,8,0,0
4326,5295,0,8,0,0
4327,5296,0,8,0,0
4328,5297,0,8,0,0
4329,5298,0,8,0,0
4330,5299,0,8,0,0
4331,5301,2,8,0,0
4332,5302,7.5,8,0,0
4333,5303,273.9,3,0,0
4334,5304,273.9,3,0,0
4335,5305,273.9,3,0,0
4336,5306,272.11,3,0,0
4337,5308,272.11,3,0,0
4338,5309,272.11,3,0,1058642330
4339,5310,272.11,3,0,0
4340,5311,378.74,4,0,0
4341,5313,378.74,4,0,0
4342,5314,378.74,4,3,1057803469
4343,5316,391.45,4,0,0
4344,5317,393.13,4,0,0
4345,5318,223.61,3,0,0
4346,5320,223.61,3,0,0
4347,5321,223.61,3,0,0
4348,5323,223.61,3,0,0
4349,5324,236.83,3,0,0
4350,5325,236.83,3,0,0
4351,5327,236.83,3,0,0
4352,5328,88.56,7,0,0
4353,5329,337.93,4,0,0
4354,5331,337.93,4,0,0
4355,5332,337.93,4,0,1053609165
4356,5334,337.93,4,0,0
4357,5335,43.04,8,0,0
4358,5336,43.04,8,0,0
4359,5337,240.62,2,0,0
4360,5338,240.62,2,0,0
4361,5339,240.62,3,0,0
4362,5340,173.66,2,0,0
4363,5342,173.66,2,0,0
4364,5344,173.66,2,0,0
4365,5346,173.66,2,0,0
4366,5348,236.78,2,0,0
4367,5350,236.78,2,0,0
4368,5351,236.78,2,0,0
4369,5354,236.78,2,0,0
4370,5355,236.78,2,0,0
4371,5356,236.78,3,0,0
4372,5357,236.78,3,0,1060655596
4373,5359,236.78,3,0,0
4374,5360,236.78,2,0,0
4375,5361,236.78,2,0,0
4376,5362,236.78,2,0,0
4377,5363,283.66,3,0,0
4378,5366,283.66,3,0,0
4379,5370,199.75,2,0,0
4380,5372,199.75,2,0,0
4381,5373,199.75,2,0,0
4382,5375,199.75,2,0,0
4383,5376,182.76,2,0,0
4384,5378,182.76,2,0,0
4385,5380,182.76,2,0,0
4386,5381,182.76,2,0,0
4387,5382,182.76,2,0,0
4388,5384,189.86,2,0,0
4389,5386,196.46,2,0,0
4390,5388,181.38,2,0,0
4391,5390,181.38,2,0,0
4392,5392,0,8,0,0
4393,5393,196.46,2,0,0
4394,5395,193.73,2,0,0
4395,5397,200.98,2,0,0
4396,5399,189.2,2,0,0
4397,5401,173.02,2,0,0
4398,5403,173.02,2,0,0
4399,5405,173.02,2,0,0
4400,5406,174.18,2,0,0
4401,5408,172.49,2,0,0
4402,5410,171.79,2,0,0
4403,5412,179.06,2,0,0
4404,5414,176.62,2,0,0
4405,5416,176.62,2,0,0
4406,5418,176.62,2,0,0
4407,5420,171.01,2,0,0
4408,5421,171.01,2,0,0
4409,5422,219.21,2,0,0
4410,5424,220.11,2,0,0
4411,5426,220.11,2,0,0
4412,5428,219.54,2,0,0
4413,5429,219.54,3,0,0
4414,5430,135.39,0,0,0
4415,5432,135.39,0,0,0
4416,5433,135.49,2,0,0
4417,5434,135.39,0,0,0
4418,5438,207.57,2,0,0
4419,5439,207.57,3,0,0
4420,5440,175.6,2,0,0
4421,5442,175.6,2,0,0
4422,5444,175.6,2,0,0
4423,5446,175.6,2,0,0
4424,5448,175.6,2,0,0
4425,5449,175.6,2,0,0
4426,5450,175.6,2,0,0
4427,5451,175.6,2,0,0
4428,5452,175.6,2,0,0
4429,5453,175.6,2,0,0
4430,5454,0,8,0,0
4431,5455,175.6,3,0,0
4432,5456,175.6,3,0,0
4433,5457,82.45,8,0,0
4434,5459,181.66,2,0,0
4435,5461,189.99,2,0,0
4436,5462,189.99,2,0,0
4437,5464,189.99,2,0,0
4438,5466,196,2,0,0
4439,5468,196,2,0,0
4440,5470,196.48,2,0,0
4441,5472,196.48,2,0,0
4442,5474,295,3,0,0
4443,5477,295,3,0,0
4444,5478,295,3,0,0
4445,5476,295,3,0,0
4446,5481,80.64,7,0,0
4447,5484,80.64,7,0,0
4448,5485,80.64,7,0,0
4449,5487,80.64,7,0,0
4450,5488,80.64,7,0,0
4451,5489,156.73,2,0,0
4452,5491,156.73,1,0,0
4453,5492,156.73,1,0,0
4454,5493,156.73,1,0,0
4455,5494,156.73,2,0,0
4456,5495,156.73,2,0,0
4457,5496,192.52,2,0,0
4458,5497,0,8,0,0
4459,5498,275,3,0,0
4460,5501,275,3,0,0
4461,5502,275,3,0,0
4462,5500,275,3,0,0
4463,5505,111.99,0,0,0
4464,5508,111.99,0,0,0
4465,5509,111.99,0,0,0
4466,5511,111.99,0,0,0
4467,5512,111.99,0,0,0
4468,5513,184.77,2,0,0
4469,5515,184.77,2,0,0
4470,5516,184.77,2,0,0
4471,5517,184.77,2,0,0
4472,5518,184.77,2,0,0
4473,5519,184.77,2,0,0
4474,5520,192.52,2,0,0
4475,5521,0,8,0,0
4476,5522,0,8,0,0
4477,5523,0,8,0,0
4478,5524,208.27,2,0,0
4479,5526,208.27,3,0,0
4480,5527,208.27,3,0,1065353216
4481,5528,208.27,3,0,0
4482,5529,81.8,2,0,0
4483,5530,81.8,2,0,0
4484,5531,232.69,2,0,0
4485,5532,232.69,2,0,0
4486,5533,95.91,8,0,0
4487,5534,95.91,8,0,0
4488,5536,95.91,8,0,0
4489,5538,95.91,7,0,0
4490,5541,109.03,7,0,0
4491,5542,109.03,7,0,0
4492,5543,109.03,7,0,0
4493,5544,109.03,8,0,0
4494,5545,233.24,0,0,0
4495,5547,233.24,2,0,0
4496,5549,232.98,2,0,0
4497,5551,0,8,0,0
4498,5552,0,8,0,0
4499,5553,0,8,0,0
4500,5554,188.99,2,0,0
4501,5556,188.99,1,0,0
4502,5557,188.99,1,0,0
4503,5558,188.99,1,0,0
4504,5559,182.73,2,0,0
4505,5560,182.73,2,0,0
4506,5561,190.99,2,0,0
4507,5562,182.73,2,0,0
4508,5563,182.73,2,0,0
4509,5564,160.29,2,0,0
4510,5565,182.73,2,0,0
4511,5566,182.73,2,0,0
4512,5567,171.61,2,0,0
4513,5568,182.73,2,0,0
4514,5569,182.73,2,0,0
4515,5570,450,5,0,0
4516,5572,450,5,0,0
4517,5573,450,5,-6,1051260355
4518,5575,450,5,0,0
4519,5576,560,5,0,0
4520,5577,560,5,0,0
4521,5578,560,5,0,0
4522,5579,600,5,0,0
4523,5580,600,5,0,0
4524,5581,600,6,-10,0
4525,5582,600,5,0,0
4526,5583,600,5,0,0
4527,5585,600,5,0,0
4528,5586,600,6,-10,0
4529,5588,600,5,0,0
4530,5589,137.59,0,0,0
4531,5590,137.59,0,0,0
4532,5591,137.59,0,0,0
4533,5592,137.59,0,0,0
4534,5594,253.52,3,0,0
4535,5595,378.74,4,0,0
4536,5596,206.78,2,0,0
4537,5597,206.78,2,0,0
4538,5598,206.78,2,0,1065353216
4539,5600,206.78,2,0,0
4540,5601,173.66,2,0,0
4541,5602,240.62,3,0,0
4542,5603,0,8,0,0
4543,5604,160.51,2,0,0
4544,5605,171.01,2,0,0
4545,5606,176.06,2,0,0
4546,5607,175.6,2,0,0
4547,5608,198.02,3,0,0
4548,5610,198.02,3,0,0
4549,5611,198.02,3,0,0
4550,5613,198.02,3,0,0
4551,5614,132.49,3,0,0
4552,5615,132.49,3,0,0
4553,5617,132.49,0,0,0
4554,5618,132.49,0,0,0
4555,5620,136.41,0,0,0
4556,5621,170.6,2,0,0
4557,5622,170.6,2,0,0
4558,5623,170.6,2,0,0
4559,5624,170.6,2,0,0
4560,5625,170.6,2,0,0
4561,5626,170.6,2,0,0
4562,5627,170.6,2,0,0
4563,5628,170.6,2,0,0
4564,5629,170.6,2,0,0
4565,5630,170.6,2,0,0
4566,5631,170.6,2,0,0
4567,5632,170.6,2,0,0
4568,5633,170.6,2,0,0
4569,5634,170.6,2,0,0
4570,5635,170.6,2,0,0
4571,5636,170.6,2,0,0
4572,5637,170.6,2,0,0
4573,5638,170.6,2,0,0
4574,5639,170.6,2,0,0
4575,5640,170.6,2,0,0
4576,5641,170.6,2,0,0
4577,5642,170.6,2,0,0
4578,5643,170.6,2,0,0
4579,5644,170.6,2,0,0
4580,5645,170.6,2,0,0
4581,5646,170.6,2,0,0
4582,5647,170.6,2,0,0
4583,5648,170.6,2,0,0
4584,5649,170.6,2,0,0
4585,5650,170.6,2,0,0
4586,5651,170.6,2,0,0
4587,5652,170.6,2,0,0
4588,5653,170.6,2,0,0
4589,5654,170.6,2,0,0
4590,5655,170.6,2,0,0
4591,5656,170.6,2,0,0
4592,5657,170.6,2,0,0
4593,5658,170.6,2,0,0
4594,5659,170.6,2,0,0
4595,5660,170.6,2,0,0
4596,5661,170.6,2,0,0
4597,5662,170.6,2,0,0
4598,5663,170.6,2,0,0
4599,5664,170.6,2,0,0
4600,5665,170.6,2,0,0
4601,5666,170.6,2,0,0
4602,5667,170.6,2,0,0
4603,5668,170.6,2,0,0
4604,5669,170.6,2,0,0
4605,5670,170.6,2,0,0
4606,5671,170.6,2,0,0
4607,5672,170.6,2,0,0
4608,5673,170.6,2,0,0
4609,5674,170.6,2,0,0
4610,5675,170.6,2,0,0
4611,5676,177.38,2,0,0
4612,5677,177.38,2,0,0
4613,5678,177.38,2,0,0
4614,5679,177.38,2,0,0
4615,5680,177.38,2,0,0
4616,5681,177.38,2,0,0
4617,5682,177.38,2,0,0
4618,5683,177.38,2,0,0
4619,5684,177.38,2,0,0
4620,5685,177.38,2,0,0
4621,5686,177.38,2,0,0
4622,5687,177.38,2,0,0
4623,5688,177.38,2,0,0
4624,5689,177.38,2,0,0
4625,5690,177.38,2,0,0
4626,5691,177.38,2,0,0
4627,5692,177.38,3,0,0
4628,5701,0,8,0,0
4629,5702,0,8,0,0
4630,5703,0,8,0,0
4631,5704,0,8,0,0
4632,5705,170.6,2,0,0
4633,5706,170.6,2,0,0
4634,5707,170.6,2,0,0
4635,5708,170.6,2,0,0
4636,5709,170.6,2,0,0
4637,5710,170.6,2,0,0
4638,5717,306.3,4,0,0
4639,5718,306.3,4,0,0
4640,5719,306.3,4,0,0
4641,5720,306.3,4,0,0
4642,5721,306.3,4,0,0
4643,5722,306.3,4,0,0
4644,5728,120.12,2,0,0
4645,5729,120.12,0,0,0
4646,5730,120.12,0,0,0
4647,5731,116.37,0,0,0
4648,5732,116.37,0,0,0
4649,5733,201.07,2,0,0
4650,5734,48.93,0,0,0
4651,5735,48.93,7,0,0
4652,5736,48.93,7,0,0
4653,5737,210.63,2,0,0
4654,5738,210.63,2,0,0
4655,5739,169.45,2,0,0
4656,5740,169.63,2,0,0
4657,5741,168.88,2,0,0
4658,5742,168.98,2,0,0
4659,5743,192.02,2,0,0
4660,5744,192.02,2,0,0
4661,5745,192.02,2,0,0
4662,5746,192.02,2,0,0
4663,5747,181.53,2,0,0
4664,5748,180.56,2,0,0
4665,5749,181.63,2,0,0
4666,5750,181.63,2,0,0
4667,5751,160.16,2,0,0
4668,5752,206.86,2,0,0
4669,5755,206.86,3,0,0
4670,5756,200.41,3,0,0
4671,5757,206.86,2,0,0
4672,5759,206.86,2,0,0
4673,5761,206.86,2,0,0
4674,5763,182.76,2,0,0
4675,5764,189.86,2,0,0
4676,5766,173.02,2,0,0
4677,5767,174.18,2,0,0
4678,5768,172.49,2,0,0
4679,5769,171.79,2,0,0
4680,5771,218.73,2,0,0
4681,5774,188.47,2,0,0
4682,5777,191.36,2,0,0
4683,5779,218.73,2,0,0
4684,5781,187.92,2,0,0
4685,5783,191.36,2,0,0
4686,5785,188.47,2,0,0
4687,5786,218.73,2,0,0
4688,5787,218.73,2,0,0
4689,5788,188.47,2,0,0
4690,5789,188.47,2,0,0
4691,5790,191.36,2,0,0
4692,5791,191.36,2,0,0
4693,5792,188.47,2,0,0
4694,5793,188.47,2,0,0
4695,5794,218.73,2,0,0
4696,5795,188.47,2,0,0
4697,5796,191.36,2,0,0
4698,5797,191.36,2,0,0
4699,5798,188.47,2,0,0
4700,5799,188.47,2,0,0
4701,5800,191.36,3,0,0
4702,5801,217.01,2,0,0
4703,5804,213.42,2,0,0
4704,5806,210.95,2,0,0
4705,5808,217.01,2,0,0
4706,5809,202.97,2,0,0
4707,5813,189.8,2,0,0
4708,5814,191.46,2,0,0
4709,5815,191.46,2,0,0
4710,5816,191.46,2,0,0
4711,5817,159.92,2,0,0
4712,5818,159.92,0,0,0
4713,5819,192.09,2,0,0
4714,5821,192.09,2,0,0
4715,5822,220.36,3,0,0
4716,5823,220.36,3,0,0
4717,5824,220.36,3,0,0
4718,5825,220.36,3,0,0
4719,5827,220.36,3,0,0
4720,5828,220.36,3,0,0
4721,5830,220.36,3,0,0
4722,5831,0,8,0,0
4723,5832,0,8,0,0
4724,5833,166.5,2,0,0
4725,5835,166.5,2,0,0
4726,5837,166.5,2,0,0
4727,5839,166.49,2,0,0
4728,5840,166.49,2,2,0
4729,5841,166.49,2,0,0
4730,5842,166.5,2,0,0
4731,5843,190.06,2,0,0
4732,5845,182.83,2,0,0
4733,5847,173.02,2,0,0
4734,5849,174.18,2,0,0
4735,5851,190.06,2,0,0
4736,5853,182.83,2,0,0
4737,5855,173.02,2,0,0
4738,5857,174.18,2,0,0
4739,5859,228.69,4,0,0
4740,5861,228.69,4,0,0
4741,5862,228.69,4,0,1059145646
4742,5863,228.69,4,0,0
4743,5864,0,8,0,0
4744,5865,0,8,0,0
4745,5866,181.94,2,0,0
4746,5868,181.94,2,0,0
4747,5870,181.94,2,0,0
4748,5872,116.03,2,0,0
4749,5874,116.03,1,0,0
4750,5875,116.03,1,-3,1063675494
4751,5876,116.03,1,0,0
4752,5877,116.03,0,0,0
4753,5878,116.03,0,0,0
4754,5879,29.29,8,0,0
4755,5880,29.29,8,0,0
4756,5881,29.29,8,0,0
4757,5882,29.29,8,0,0
4758,5884,29.29,8,0,0
4759,5885,191.57,2,0,0
4760,5886,191.57,2,0,0
4761,5887,191.57,2,0,0
4762,5888,191.57,2,0,0
4763,5890,81.5,7,0,0
4764,5891,81.5,7,0,0
4765,5892,81.5,8,0,0
4766,5893,80.97,7,0,0
4767,5894,80.97,7,0,0
4768,5895,59.44,8,0,0
4769,5896,0,8,0,0
4770,5897,47.13,7,0,0
4771,5902,191.46,3,0,0
4772,5904,191.46,3,0,0
4773,5905,191.46,3,0,0
4774,5906,191.46,3,0,0
4775,5907,0,8,0,0
4776,5908,186.35,2,0,0
4777,5909,186.35,2,0,0
4778,5910,186.35,2,0,0
4779,5911,186.35,7,0,0
4780,5912,193.29,2,0,0
4781,5913,185.53,3,0,0
4782,5915,185.53,3,0,0
4783,5916,185.53,3,0,0
4784,5918,185.53,3,0,0
4785,5919,0,8,0,0
4786,5920,0,8,0,0
4787,5921,0,8,0,0
4788,5922,0,8,0,0
4789,5923,0,8,0,0
4790,5925,0,8,0,0
4791,5926,0,8,0,0
4792,5927,0,8,0,0
4793,5928,0,8,0,0
4794,5930,160.19,2,0,0
4795,5931,160.19,2,0,0
4796,5933,160.19,2,0,0
4797,5934,160.19,2,0,0
4798,5935,160.19,2,0,0
4799,5936,160.19,2,0,0
4800,5937,160.19,2,0,0
4801,5938,160.19,2,0,0
4802,5939,160.19,2,0,0
4803,5940,160.19,2,0,0
4804,5941,162.55,2,0,0
4805,5942,201.28,2,0,0
4806,5943,162.55,2,0,0
4807,5944,162.55,2,0,0
4808,5945,162.55,2,0,0
4809,5946,201.28,2,0,0
4810,5947,180.69,2,0,0
4811,5949,42.53,8,0,0
4812,5951,42.53,8,0,0
4813,5952,42.53,8,0,0
4814,5953,42.53,8,0,0
4815,5954,42.53,8,0,0
4816,5955,42.53,7,0,0
4817,5956,42.53,8,0,0
4818,5958,42.53,8,0,0
4819,5959,42.53,7,0,0
4820,5960,150,3,0,0
4821,5962,150,3,0,0
4822,5963,150,3,0,0
4823,5965,150,3,0,0
4824,5966,182.73,2,0,0
4825,5967,182.73,2,0,0
4826,5968,182.73,2,0,0
4827,5969,199.75,2,0,0
4828,5971,199.75,2,0,0
4829,5972,199.75,2,0,1066695393
4830,5973,199.75,2,0,0
4831,5974,263.26,3,0,0
4832,5975,263.26,3,0,0
4833,5976,263.26,3,0,0
4834,5978,263.26,3,0,0
4835,5979,236.97,2,0,0
4836,5981,236.97,3,0,0
4837,5982,236.97,3,0,1064346583
4838,5984,236.97,3,0,0
4839,5985,208.27,2,0,0
4840,5987,208.27,3,0,0
4841,5988,208.27,3,0,1065353216
4842,5990,208.27,3,0,0
4843,5991,208.27,2,0,0
4844,5992,208.27,2,0,0
4845,5993,208.27,2,0,0
4846,5994,208.27,2,0,0
4847,5995,208.27,2,0,0
4848,5996,208.27,2,0,0
4849,5997,208.27,2,0,0
4850,5998,208.27,2,0,0
4851,5999,208.27,2,0,0
4852,6000,208.27,2,0,0
4853,6002,411.72,5,0,0
4854,6004,411.72,5,0,0
4855,6005,411.72,5,-2,1055286886
4856,6008,411.72,5,0,0
4857,6009,199.75,2,0,0
4858,6010,236.97,2,0,0
4859,6011,0,8,0,0
4860,6012,0,8,0,0
4861,6013,0,8,0,0
4862,6014,0,8,0,0
4863,6015,208.27,2,0,0
4864,6016,232.99,3,0,0
4865,6020,190.75,3,0,0
4866,6022,190.75,3,0,0
4867,6023,190.75,3,0,0
4868,6025,190.75,3,0,0
4869,6026,154.84,2,0,0
4870,6029,154.84,2,0,0
4871,6032,154.84,0,0,0
4872,6033,154.84,0,0,0
4873,6034,154.84,0,0,0
4874,6035,154.84,0,0,0
4875,6036,154.84,0,0,0
4876,6037,154.84,0,0,0
4877,6038,154.84,0,0,0
4878,6039,0,8,0,0
4879,6040,0,8,0,0
4880,6041,0,8,0,0
4881,6042,0,8,0,0
4882,6043,0,8,0,0
4883,6044,0,8,0,0
4884,6045,0,8,0,0
4885,6046,0,8,0,0
4886,6047,214.23,2,0,0
4887,6049,214.23,2,0,0
4888,6051,214.23,2,0,0
4889,6056,214.23,2,0,0
4890,6057,214.23,2,0,0
4891,6058,214.23,2,0,0
4892,6059,120.41,0,0,0
4893,6060,146.73,0,0,0
4894,6061,94.93,7,0,0
4895,6062,121.94,7,0,0
4896,6063,282.73,4,0,0
4897,6064,282.73,4,0,0
4898,6065,282.73,4,0,0
4899,6067,162.44,2,0,0
4900,6068,162.44,2,0,0
4901,6069,444.92,5,0,0
4902,6070,444.92,4,0,0
4903,6073,116.83,2,0,0
4904,6074,0,8,0,0
4905,6075,0,8,0,0
4906,6077,0,8,0,0
4907,6078,0,8,0,0
4908,6079,0,8,0,0
4909,6080,0,8,0,0
4910,6081,0,8,0,0
4911,6082,0,8,0,0
4912,6083,240,3,0,0
4913,6084,240,3,0,0
4914,6085,240,3,0,0
4915,6086,240,3,0,0
4916,6088,240,3,0,0
4917,6089,240,3,-4,1058642330
4918,6091,240,3,0,0
4919,6092,0,8,0,0
4920,6093,0,8,0,0
4921,6095,0,8,0,0
4922,6096,0,8,0,0
4923,6098,0,8,0,0
4924,6099,0,8,0,0
4925,6100,0,8,0,0
4926,6101,0,8,0,0
4927,6102,0,8,0,0
4928,6103,0,8,0,0
4929,6104,0,8,0,0
4930,6105,0,8,0,0
4931,6106,0,8,0,0
4932,6107,0,8,0,0
4933,6108,0,8,0,0
4934,6109,0,8,0,0
4935,6110,0,8,0,0
4936,6111,0,8,0,0
4937,6112,0,8,0,0
4938,6113,0,8,0,0
4939,6114,0,8,0,0
4940,6115,0,8,0,0
4941,6117,210.16,2,0,0
4942,6118,210.16,2,0,0
4943,6121,247.8,3,0,0
4944,6122,142.55,2,0,0
4945,6123,190.36,2,0,0
4946,6124,167.26,2,0,0
4947,6125,167.26,2,0,0
4948,6126,166.53,2,0,0
4949,6127,166.53,2,0,0
4950,6129,167.26,2,0,0
4951,6130,167.26,2,0,0
4952,6131,166.53,2,0,0
4953,6133,266.75,3,0,0
4954,6135,266.75,3,0,0
4955,6136,229.99,2,0,0
4956,6138,185.87,2,0,0
4957,6140,110.24,2,0,0
4958,6142,110.24,2,0,0
4959,6143,257.32,4,0,0
4960,6146,257.32,2,0,0
4961,6147,50.38,7,0,0
4962,6149,50.38,7,0,0
4963,6150,229.99,2,0,0
4964,6153,229.99,2,0,0
4965,6154,185.87,2,0,0
4966,6157,183.5,3,0,0
4967,6159,182.05,3,0,0
4968,6161,171.27,2,0,0
4969,6163,265.98,3,0,0
4970,6164,265.98,3,0,1065772646
4971,6165,247.11,3,0,0
4972,6166,247.11,3,0,1065772646
4973,6167,253.43,3,0,0
4974,6168,253.43,3,0,1065772646
4975,6169,253.43,3,0,0
4976,6170,261.48,3,0,0
4977,6171,261.48,3,0,1065772646
4978,6172,300,3,0,0
4979,6173,300,3,0,1061997773
4980,6174,300,3,0,0
4981,6175,300,3,0,0
4982,6176,0,8,0,0
4983,6177,0,8,0,0
4984,6178,0,8,0,0
4985,6179,0,8,0,0
4986,6180,0,8,0,0
4987,6181,0,8,0,0
4988,6182,0,8,0,0
4989,6183,0,8,0,0
4990,6184,0,8,0,0
4991,6185,0,8,0,0
4992,6186,0,8,0,0
4993,6187,0,8,0,0
4994,6188,0,8,0,0
4995,6189,0,8,0,0
4996,6190,0,8,0,0
4997,6191,0,8,0,0
4998,6192,0,8,0,0
4999,6193,0,8,0,0
5000,6194,0,8,0,0
5001,6195,0,8,0,0
5002,6196,0,8,0,0
5003,6197,0,8,0,0
5004,6198,0,8,0,0
5005,6199,0,8,0,0
5006,6200,0,8,0,0
5007,6201,0,8,0,0
5008,6202,0,8,0,0
5009,6203,0,8,0,0
5010,6204,0,8,0,0
5011,6205,0,8,0,0
5012,6206,0,8,0,0
5013,6207,0,8,0,0
5014,6208,0,8,0,0
5015,6209,0,8,0,0
5016,6210,0,8,0,0
5017,6211,0,8,0,0
5018,6212,0,8,0,0
5019,6213,0,8,0,0
5020,6214,0,8,0,0
5021,6215,0,8,0,0
5022,6216,0,8,0,0
5023,6217,0,8,0,0
5024,6218,0,8,0,0
5025,6219,0,8,0,0
5026,6220,0,8,0,0
5027,6221,0,8,0,0
5028,6222,0,8,0,0
5029,6223,0,8,0,0
5030,6224,0,8,0,0
5031,6227,0,8,0,0
5032,6228,214.23,2,0,0
5033,6229,42.3,8,0,0
5034,6230,42.3,8,0,0
5035,6231,45.14,8,0,0
5036,6232,45.14,8,0,0
5037,6233,36.85,8,0,0
5038,6234,36.85,8,0,0
5039,6235,77.29,7,0,0
5040,6236,77.29,7,0,0
5041,6237,45.14,8,0,0
5042,6238,36.85,8,0,0
5043,6239,42.3,8,0,0
5044,6240,77.29,7,0,0
5045,6241,42.3,8,0,0
5046,6243,145.96,3,0,0
5047,6244,145.96,3,0,0
5048,6250,145.96,3,0,0
5049,6251,145.96,3,0,0
5050,6252,145.96,2,0,0
5051,6253,0,8,0,0
5052,6254,0,8,0,0
5053,6255,65.95,0,0,0
5054,6256,65.95,8,0,0
5055,6257,65.95,8,0,0
5056,6258,72.85,0,0,0
5057,6260,304.2,4,0,0
5058,6261,304.2,4,0,0
5059,6262,304.2,4,0,0
5060,6263,304.2,4,0,0
5061,6264,304.2,4,0,0
5062,6265,304.2,4,0,0
5063,6266,304.2,4,0,0
5064,6267,304.2,4,0,0
5065,6268,410.09,4,0,0
5066,6269,410.09,4,0,0
5067,6270,410.09,4,0,0
5068,6271,410.09,4,0,0
5069,6272,410.09,4,0,0
5070,6273,176.99,2,0,0
5071,6274,176.99,2,0,0
5072,6275,176.99,2,0,0
5073,6276,410.09,4,0,0
5074,6277,176.99,2,0,0
5075,6278,410.09,4,0,0
5076,6279,0,8,0,0
5077,6280,0,8,0,0
5078,6281,0,8,0,0
5079,6282,0,8,0,0
5080,6283,0,8,0,0
5081,6284,0,8,0,0
5082,6285,0,8,0,0
5083,6286,0,8,0,0
5084,6287,0,8,0,0
5085,6288,0,8,0,0
5086,6289,0,8,0,0
5087,6290,0,8,0,0
5088,6291,87.3,7,0,0
5089,6292,49.97,7,0,0
5090,6293,125.47,2,0,0
5091,6294,186.35,2,0,0
5092,6295,186.35,2,0,0
5093,6296,186.35,2,0,0
5094,6297,186.35,2,0,0
5095,6298,186.35,2,0,0
5096,6299,194.48,2,0,0
5097,6300,194.48,2,0,0
5098,6301,125.47,2,0,0
5099,6302,125.47,0,0,0
5100,6303,125.47,0,0,0
5101,6304,78.1,0,0,0
5102,6305,93.63,0,0,0
5103,6306,93.63,0,0,0
5104,6307,210.63,3,0,0
5105,6308,210.63,2,0,0
5106,6309,210.63,2,0,0
5107,6310,210.63,2,0,0
5108,6311,210.63,2,0,0
5109,6312,210.63,3,0,0
5110,6313,40.51,8,0,0
5111,6314,40.52,8,0,0
5112,6315,40.52,8,0,0
5113,6316,40.52,8,0,0
5114,6317,40.52,8,0,0
5115,6318,40.51,8,0,0
5116,6319,40.52,8,0,0
5117,6320,40.51,8,0,0
5118,6321,40.52,8,0,0
5119,6322,40.52,8,0,0
5120,6323,123.25,2,0,0
5121,6324,123.25,0,0,0
5122,6325,123.25,0,0,0
5123,6326,123.25,0,0,0
5124,6327,123.25,0,0,0
5125,6328,123.25,2,0,0
5126,6329,119.38,2,0,0
5127,6330,119.38,2,0,0
5128,6331,119.38,2,0,0
5129,6332,119.38,0,0,0
5130,6333,120.12,0,0,0
5131,6334,119.38,0,0,0
5132,6335,119.38,0,0,0
5133,6336,120.41,0,0,0
5134,6337,120.41,0,0,0
5135,6338,120.41,0,0,0
5136,6339,120.41,0,0,0
5137,6340,120.58,0,0,0
5138,6341,116.41,0,0,0
5139,6343,116.41,0,0,0
5140,6345,116.41,0,0,0
5141,6346,116.41,0,0,0
5142,6347,116.41,0,0,0
5143,6348,116.41,0,0,0
5144,6349,114.55,0,0,0
5145,6350,114.55,0,0,0
5146,6351,114.55,0,0,0
5147,6352,114.55,2,0,0
5148,6353,114.71,2,0,0
5149,6354,192.09,2,0,0
5150,6355,192.09,2,0,0
5151,6356,316.77,4,0,0
5152,6357,316.77,4,0,0
5153,6358,316.77,4,0,0
5154,6359,48.84,8,0,0
5155,6360,48.84,8,0,0
5156,6361,48.84,8,0,0
5157,6362,48.84,8,0,0
5158,6363,174.86,2,0,0
5159,6364,174.87,2,0,0
5160,6365,174.87,2,0,0
5161,6366,174.87,2,0,0
5162,6367,174.87,0,0,0
5163,6368,42.53,8,0,0
5164,6369,42.53,8,0,0
5165,6370,42.53,7,0,0
5166,6371,42.53,8,0,0
5167,6372,95.91,7,0,0
5168,6373,95.91,7,0,0
5169,6374,95.91,8,0,0
5170,6375,95.91,8,0,0
5171,6376,95.91,8,0,0
5172,6377,232.98,2,0,0
5173,6378,233.24,0,0,0
5174,6379,233.24,0,0,0
5175,6380,232.98,2,0,0
5176,6381,232.98,2,0,0
5177,6382,233.24,0,0,0
5178,6383,232.98,2,0,0
5179,6384,84.12,7,0,0
5180,6385,88.57,7,0,0
5181,6386,88.57,7,0,0
5182,6387,195.93,2,0,0
5183,6388,195.93,2,0,0
5184,6389,195.93,2,0,0
5185,6390,195.93,2,0,0
5186,6391,234.69,2,0,0
5187,6392,199.98,2,0,0
5188,6393,212.58,2,0,0
5189,6394,212.58,2,0,0
5190,6395,224.09,2,0,0
5191,6396,224.09,2,0,0
5192,6397,219.92,2,0,0
5193,6398,219.92,2,0,0
5194,6399,0,8,0,0
5195,6400,0,8,0,0
5196,6401,0,8,0,0
5197,6402,0,8,0,0
5198,6403,0,8,0,0
5199,6404,0,8,0,0
5200,6405,0,8,0,0
5201,6406,0,8,0,0
5202,6407,0,8,0,0
5203,6408,0,8,0,0
5204,6409,0,8,0,0
5205,6410,0,8,0,0
5206,6411,0,8,0,0
5207,6412,219.92,2,0,0
5208,6413,219.92,2,0,0
5209,6414,219.92,2,0,0
5210,6415,116.96,0,0,0
5211,6416,116.96,0,0,0
5212,6417,116.96,0,0,0
5213,6418,182.15,2,0,0
5214,6419,182.15,2,0,0
5215,6420,182.15,2,0,0
5216,6421,182.15,2,0,0
5217,6422,113.12,0,0,0
5218,6423,113.12,0,0,0
5219,6424,113.12,0,0,0
5220,6425,176.51,0,0,0
5221,6426,176.51,0,0,0
5222,6427,176.51,0,0,0
5223,6428,100.36,0,0,0
5224,6429,100.36,0,0,0
5225,6430,100.36,0,0,0
5226,6431,224.09,2,0,0
5227,6432,62.67,7,0,0
5228,6433,224.09,2,0,0
5229,6434,74.31,7,0,0
5230,6435,74.31,7,0,0
5231,6436,74.31,7,0,0
5232,6437,54.64,8,0,0
5233,6438,54.64,8,0,0
5234,6439,54.64,8,0,0
5235,6440,54.48,8,0,0
5236,6441,54.48,8,0,0
5237,6442,54.48,8,0,0
5238,6443,71.02,7,0,0
5239,6444,71.02,7,0,0
5240,6445,71.02,7,0,0
5241,6446,77.29,7,0,0
5242,6447,77.29,7,0,0
5243,6448,77.29,7,0,0
5244,6449,116.03,0,0,0
5245,6450,116.03,0,0,0
5246,6451,116.03,0,0,0
5247,6452,169.99,0,0,0
5248,6453,169.99,0,0,0
5249,6454,169.99,0,0,0
5250,6455,169.99,0,0,0
5251,6456,266.75,3,0,0
5252,6457,266.25,3,0,0
5253,6458,266.25,3,0,0
5254,6459,266.25,3,0,0
5255,6460,153.58,2,0,0
5256,6461,153.58,7,0,0
5257,6462,153.58,2,0,0
5258,6463,153.58,2,0,0
5259,6464,203.36,2,0,0
5260,6465,227.45,2,0,0
5261,6466,227.45,2,0,0
5262,6467,0,8,0,0
5263,6468,150.37,0,0,0
5264,6469,116.41,0,0,0
5265,6470,116.85,0,0,0
5266,6471,116.85,0,0,0
5267,6472,54.64,8,0,0
5268,6473,169.99,0,0,0
5269,6474,266.25,3,0,0
5270,6475,209.57,2,0,0
5271,6477,209.57,2,0,0
5272,6478,209.57,2,0,1066611507
5273,6480,0,8,0,0
5274,6482,182.76,2,0,0
5275,6483,173.02,2,0,0
5276,6484,181.05,2,0,0
5277,6485,0,8,0,0
5278,6486,0,8,0,0
5279,6487,0,8,0,0
5280,6488,0,8,0,0
5281,6489,0,8,0,0
5282,6490,0,8,0,0
5283,6491,62.67,7,0,0
5284,6492,83.46,0,0,0
5285,6493,0,8,0,0
5286,6494,0,8,0,0
5287,6495,190.75,2,0,0
5288,6496,156.73,2,0,0
5289,6497,161.12,2,0,0
5290,6498,191.46,2,0,0
5291,6499,184.77,2,0,0
5292,6500,170.6,2,0,0
5293,6501,159.92,2,0,0
5294,6502,0,8,0,0
5295,6503,142.97,2,0,0
5296,6504,71.53,7,0,0
5297,6505,59.2,8,0,0
5298,6506,61.18,7,0,0
5299,6507,60.03,7,0,0
5300,6508,58.27,8,0,0
5301,6509,60.56,7,0,0
5302,6510,63.58,7,0,0
5303,6511,71.12,7,0,0
5304,6512,69.18,7,0,0
5305,6513,69.18,0,0,0
5306,6514,69.18,0,0,0
5307,6515,69.18,0,0,0
5308,6516,69.18,0,0,0
5309,6517,125.47,0,0,0
5310,6518,125.47,2,0,0
5311,6519,181.36,2,0,0
5312,6520,181.36,2,0,0
5313,6521,181.36,2,0,0
5314,6522,182.73,2,0,0
5315,6523,182.73,2,0,0
5316,6524,42.53,8,0,0
5317,6525,42.53,8,0,0
5318,6526,186.35,2,0,0
5319,6527,186.35,7,0,0
5320,6528,119.38,0,0,0
5321,6529,119.38,2,0,0
5322,6530,114.55,0,0,0
5323,6531,76.56,8,0,0
5324,6532,76.56,7,0,0
5325,6533,76.56,7,0,0
5326,6534,192.74,2,0,0
5327,6535,192.74,2,0,0
5328,6536,88.57,7,0,0
5329,6537,40.52,8,0,0
5330,6538,120.32,0,0,0
5331,6539,219.92,2,0,0
5332,6540,167.04,2,0,0
5333,6541,165.08,2,0,0
5334,6542,165.08,2,0,0
5335,6543,165.08,2,0,0
5336,6544,40.52,8,0,0
5337,6545,164.99,2,0,0
5338,6546,187.21,2,0,0
5339,6547,187.21,2,0,0
5340,6548,187.21,2,0,0
5341,6549,187.21,2,0,0
5342,6550,187.21,2,0,0
5343,6551,187.21,2,0,0
5344,6552,187.21,2,0,0
5345,6553,187.21,2,0,0
5346,6554,187.21,2,0,0
5347,6555,187.21,2,0,0
5348,6556,187.21,2,0,0
5349,6557,187.21,2,0,0
5350,6558,187.21,2,0,0
5351,6559,187.21,2,0,0
5352,6560,187.21,2,0,0
5353,6561,187.21,2,0,0
5354,6562,187.21,2,0,0
5355,6563,187.21,2,0,0
5356,6564,187.21,2,0,0
5357,6565,187.21,2,0,0
5358,6567,187.21,2,0,0
5359,6569,187.21,2,0,0
5360,6571,187.21,2,0,0
5361,6573,187.21,2,0,0
5362,6575,187.21,2,0,0
5363,6577,187.21,2,0,0
5364,6579,187.21,2,0,0
5365,6581,187.21,2,0,0
5366,6583,187.21,2,0,0
5367,6585,187.21,2,0,0
5368,6588,187.21,2,0,0
5369,6590,187.21,2,0,0
5370,6592,187.21,2,0,0
5371,6594,187.21,2,0,0
5372,6596,187.21,2,0,0
5373,6598,187.21,2,0,0
5374,6599,187.21,2,0,0
5375,6600,187.21,2,0,0
5376,6601,187.21,2,0,0
5377,6602,187.21,2,0,0
5378,6603,187.21,2,0,0
5379,6604,187.21,2,0,0
5380,6605,187.21,2,0,0
5381,6606,187.21,2,0,0
5382,6607,187.21,2,0,0
5383,6608,187.21,2,0,0
5384,6609,187.21,2,0,0
5385,6612,187.21,2,0,0
5386,6613,187.21,2,0,0
5387,6614,187.21,2,0,0
5388,6615,187.21,2,0,0
5389,6618,187.21,2,0,0
5390,6619,187.21,2,0,0
5391,6620,187.21,2,0,0
5392,6621,187.21,2,0,0
5393,6624,187.21,2,0,0
5394,6625,187.21,2,0,0
5395,6626,187.21,2,0,0
5396,6627,187.21,2,0,0
5397,6630,187.21,2,0,0
5398,6631,187.21,2,0,0
5399,6632,187.21,2,0,0
5400,6633,187.21,2,0,0
5401,6634,187.21,2,0,0
5402,6635,187.21,2,0,0
5403,6636,187.21,2,0,0
5404,6637,187.21,2,0,0
5405,6638,187.21,2,0,0
5406,6639,187.21,2,0,0
5407,6640,187.21,2,0,0
5408,6641,187.21,2,0,0
5409,6642,187.21,2,0,0
5410,6643,187.21,2,0,0
5411,6644,187.21,2,0,0
5412,6645,187.21,2,0,0
5413,6646,187.21,2,0,0
5414,6647,187.21,2,0,0
5415,6648,187.21,2,0,0
5416,6649,187.21,2,0,0
5417,6650,187.21,2,0,0
5418,6651,187.21,2,0,0
5419,6652,187.21,2,0,0
5420,6653,208.08,3,0,0
5421,6654,208.08,2,0,0
5422,6655,208.08,2,0,0
5423,6656,208.08,2,0,0
5424,6657,208.08,3,0,0
5425,6658,174.8,2,0,0
5426,6659,174.8,2,0,0
5427,6660,174.8,2,0,0
5428,6661,174.8,2,0,0
5429,6662,174.8,2,0,0
5430,6663,174.8,2,0,0
5431,6664,174.8,2,0,0
5432,6665,174.8,2,0,0
5433,6666,174.8,2,0,0
5434,6667,174.8,2,0,0
5435,6668,174.8,2,0,0
5436,6669,174.8,2,0,0
5437,6670,174.8,2,0,0
5438,6671,174.8,2,0,0
5439,6672,174.8,2,0,0
5440,6673,174.8,2,0,0
5441,6674,174.8,2,0,0
5442,6675,174.8,2,0,0
5443,6676,174.8,2,0,0
5444,6677,174.8,2,0,0
5445,6678,174.8,2,0,0
5446,6679,174.8,2,0,0
5447,6680,174.8,2,0,0
5448,6681,174.8,2,0,0
5449,6682,174.8,2,0,0
5450,6708,174.8,2,0,0
5451,6709,174.8,2,0,0
5452,6710,162.84,2,0,0
5453,6711,162.84,2,0,0
5454,6712,162.84,2,0,0
5455,6713,162.84,2,0,0
5456,6714,162.84,2,0,0
5457,6715,162.84,2,0,0
5458,6716,162.84,2,0,0
5459,6717,162.84,2,0,0
5460,6718,162.84,2,0,0
5461,6719,162.84,2,0,0
5462,6720,162.84,2,0,0
5463,6721,162.84,2,0,0
5464,6722,162.84,2,0,0
5465,6723,162.84,2,0,0
5466,6724,162.84,2,0,0
5467,6725,162.84,2,0,0
5468,6726,162.84,2,0,0
5469,6727,162.84,2,0,0
5470,6728,162.84,2,0,0
5471,6729,162.84,2,0,0
5472,6730,162.84,2,0,0
5473,6731,162.84,2,0,0
5474,6732,162.84,2,0,0
5475,6733,162.84,2,0,0
5476,6734,162.84,2,0,0
5477,6735,162.84,2,0,0
5478,6736,174.8,2,0,0
5479,6737,174.8,2,0,0
5480,6738,0,8,0,0
5481,6739,0,8,0,0
5482,6740,183.59,2,0,0
5483,6741,93,7,0,0
5484,6742,93,7,0,0
5485,6743,93,7,0,0
5486,6744,167.04,2,0,0
5487,6745,167.04,2,0,0
5488,6747,167.04,2,0,0
5489,6748,167.04,2,0,0
5490,6749,40.52,8,0,0
5491,6750,40.52,8,0,0
5492,6752,40.52,8,0,0
5493,6753,40.52,8,0,0
5494,6754,164.99,2,0,0
5495,6755,164.99,2,0,0
5496,6757,164.99,2,0,0
5497,6758,164.99,2,0,0
5498,6759,164.99,2,0,0
5499,6760,164.99,2,0,0
5500,6762,164.99,2,0,0
5501,6763,164.99,2,0,0
5502,6764,164.99,2,0,0
5503,6765,164.99,2,0,0
5504,6766,164.99,2,0,0
5505,6767,164.99,2,0,0
5506,6768,164.99,2,0,0
5507,6769,164.99,2,0,0
5508,6771,164.99,2,0,0
5509,6772,164.99,2,0,0
5510,6773,263.99,3,0,0
5511,6774,263.99,3,0,0
5512,6776,263.99,3,0,0
5513,6777,263.99,3,0,0
5514,6778,110,1,0,0
5515,6779,110,1,0,0
5516,6780,219.92,2,0,0
5517,6781,219.92,2,0,0
5518,6782,120.32,0,0,0
5519,6783,120.32,0,0,0
5520,6784,169.99,0,0,0
5521,6785,169.99,0,0,0
5522,6786,123.25,0,0,0
5523,6787,123.25,0,0,0
5524,6788,208.08,2,0,0
5525,6790,208.08,2,0,0
5526,6791,208.08,2,0,0
5527,6792,208.08,2,0,0
5528,6793,208.08,2,0,0
5529,6794,208.08,2,0,0
5530,6795,208.08,3,0,0
5531,6796,208.08,3,0,0
5532,6797,208.08,3,0,0
5533,6799,175.23,2,0,0
5534,6800,181.05,2,0,0
5535,6803,81.8,7,0,0
5536,6805,81.8,7,0,0
5537,6806,167.26,2,0,0
5538,6807,167.26,2,0,0
5539,6808,167.26,2,0,0
5540,6809,167.26,2,0,0
5541,6810,167.26,2,0,0
5542,6811,167.26,2,0,0
5543,6812,167.26,2,0,0
5544,6813,167.26,2,0,0
5545,6814,167.26,2,0,0
5546,6815,167.26,2,0,0
5547,6816,266.75,3,0,0
5548,6817,185.87,2,0,0
5549,6818,185.87,2,0,0
5550,6819,65.95,0,0,0
5551,6820,229.99,3,0,0
5552,6821,82.45,8,0,0
5553,6824,82.45,8,0,0
5554,6826,82.45,8,0,0
5555,6828,82.45,8,0,0
5556,6829,82.45,7,0,0
5557,6831,82.45,7,0,0
5558,6832,81.8,7,0,0
5559,6833,81.8,7,0,0
5560,6834,208.08,2,0,0
5561,6835,208.08,3,0,0
5562,6836,167.04,2,0,0
5563,6837,164.99,2,0,0
5564,6838,164.99,2,0,0
5565,6839,40.52,8,0,0
5566,6840,187.21,2,0,0
5567,6841,187.21,2,0,0
5568,6842,187.21,2,0,0
5569,6843,187.21,2,0,0
5570,6844,145.96,3,0,0
5571,6845,81.8,8,0,0
5572,6846,169.81,2,0,0
5573,6847,169.81,2,0,0
5574,6848,169.81,2,0,0
5575,6849,185.69,2,0,0
5576,6851,174.8,2,0,0
5577,6852,177.79,2,0,0
5578,6853,370.33,4,0,0
5579,6854,14.22,8,0,0
5580,6856,14.22,8,0,0
5581,6858,14.22,8,0,0
5582,6859,14.22,8,0,0
5583,6860,57.45,8,0,0
5584,6862,57.45,8,0,0
5585,6863,57.45,7,0,0
5586,6864,28.7,8,0,0
5587,6865,141.58,2,0,0
5588,6866,134.5,0,0,0
5589,6868,134.5,0,0,0
5590,6869,134.5,2,0,0
5591,6870,934.96,5,0,0
5592,6871,120.32,0,0,0
5593,6873,120.32,0,0,0
5594,6875,120.32,0,0,0
5595,6876,120.32,0,0,0
5596,6877,185.22,2,0,0
5597,6878,208.91,3,0,0
5598,6881,83.41,7,0,0
5599,6883,98.14,7,0,0
5600,6885,83.41,7,0,0
5601,6886,98.14,7,0,0
5602,6887,98.17,0,0,0
5603,6888,50.67,8,0,0
5604,6889,50.67,8,0,0
5605,6890,185.87,2,0,0
5606,6892,185.87,2,0,0
5607,6894,185.87,2,0,0
5608,6895,185.87,2,0,0
5609,6896,182.6,2,0,0
5610,6897,114.55,0,0,0
5611,6899,114.55,2,0,0
5612,6901,114.55,0,0,0
5613,6902,114.55,2,0,0
5614,6903,114.55,0,0,0
5615,6904,114.55,7,0,0
5616,6906,114.55,7,0,0
5617,6908,114.55,2,0,0
5618,6909,165.94,2,0,0
5619,6910,169.45,2,0,0
5620,6911,168.88,2,0,0
5621,6912,170.55,2,0,0
5622,6913,200.97,2,0,0
5623,6914,154.84,2,0,0
5624,6915,186.35,2,0,0
5625,6916,186.35,7,0,0
5626,6917,123.36,0,0,0
5627,6918,123.36,0,0,0
5628,6919,123.36,0,0,0
5629,6920,123.36,0,0,0
5630,6921,123.36,0,0,0
5631,6922,123.36,7,0,0
5632,6923,123.36,7,0,0
5633,6924,123.36,7,0,0
5634,6925,123.36,7,0,0
5635,6927,123.36,2,0,0
5636,6928,123.36,2,0,0
5637,6930,123.36,0,0,0
5638,6931,174.22,2,0,0
5639,6932,174.87,2,0,0
5640,6933,119.46,0,0,0
5641,6934,205.52,2,0,0
5642,6935,81.38,0,0,0
5643,6936,113.12,0,0,0
5644,6938,110.24,2,0,0
5645,6939,65.95,8,0,0
5646,6940,50.38,7,0,0
5647,6941,257.32,4,0,0
5648,6942,224.09,2,0,0
5649,6943,94.15,7,0,0
5650,6944,68.41,7,0,0
5651,6945,170.86,2,0,0
5652,6946,55.62,8,0,0
5653,6947,227.45,2,0,0
5654,6948,54.48,8,0,0
5655,6949,192.09,2,0,0
5656,6950,76.56,8,0,0
5657,6951,76.56,7,0,0
5658,6952,76.56,7,0,0
5659,6953,0,8,0,0
5660,6954,232.98,2,0,0
5661,6955,232.98,2,0,0
5662,6956,232.98,2,0,0
5663,6957,167.26,2,0,0
5664,6958,0,8,0,0
5665,6959,0,8,0,0
5666,6960,234.07,3,0,0
5667,6961,0,8,0,0
5668,6962,0,8,0,0
5669,6963,0,8,0,0
5670,6967,0,8,0,0
5671,6968,187.21,2,0,0
5672,6970,187.21,2,0,0
5673,6972,187.21,2,0,0
5674,6974,187.21,2,0,0
5675,6976,187.21,2,0,0
5676,6977,187.21,2,0,0
5677,6978,187.21,2,0,0
5678,6979,187.21,2,0,0
5679,6980,187.21,2,0,0
5680,6981,187.21,2,0,0
5681,6982,187.21,2,0,0
5682,6983,187.21,2,0,0
5683,6984,187.21,2,0,0
5684,6986,187.21,2,0,0
5685,6988,187.21,2,0,0
5686,6990,187.21,2,0,0
5687,6992,167.04,2,0,0
5688,6993,40.52,8,0,0
5689,6994,164.99,2,0,0
5690,6995,164.99,2,0,0
5691,6996,164.99,2,0,0
5692,6997,164.99,2,0,0
5693,6998,263.99,3,0,0
5694,6999,208.08,2,0,0
5695,7000,208.08,2,0,0
5696,7001,208.08,2,0,0
5697,7002,208.08,3,0,0
5698,7003,192.74,2,0,0
5699,7004,192.74,2,0,0
5700,7005,254.27,3,0,0
5701,7006,181.36,2,0,0
5702,7007,181.36,2,0,0
5703,7008,181.36,2,0,0
5704,7009,110,1,0,0
5705,7011,166.5,2,0,0
5706,7013,121.94,2,0,0
5707,7014,184.6,2,0,0
5708,7015,184.6,2,0,0
5709,7016,184.6,2,0,0
5710,7017,184.6,2,0,0
5711,7018,184.6,2,0,0
5712,7019,180.97,2,0,0
5713,7020,180.97,2,0,0
5714,7021,162.55,2,0,0
5715,7022,201.28,2,0,0
5716,7023,0,8,0,0
5717,7024,0,8,0,0
5718,7025,0,8,0,0
5719,7026,159.89,2,0,0
5720,7027,159.89,2,0,0
5721,7028,152.31,2,0,0
5722,7029,164.99,2,0,0
5723,7030,164.99,2,0,0
5724,7031,164.99,2,0,0
5725,7033,164.99,2,0,0
5726,7034,164.99,2,0,0
5727,7035,164.99,2,0,0
5728,7037,185.51,2,0,0
5729,7038,185.51,2,0,0
5730,7039,185.51,2,0,0
5731,7041,185.51,2,0,0
5732,7042,185.51,2,0,0
5733,7043,185.51,2,0,0
5734,7045,165.08,2,0,0
5735,7046,165.08,2,0,0
5736,7047,165.08,2,0,0
5737,7049,165.08,2,0,0
5738,7050,165.08,2,0,0
5739,7051,165.08,2,0,0
5740,7053,170.86,2,0,0
5741,7054,170.86,7,0,0
5742,7055,170.86,2,0,0
5743,7056,170.86,2,0,0
5744,7057,170.86,2,0,0
5745,7058,170.86,2,0,0
5746,7059,170.86,2,0,0
5747,7060,170.86,2,0,0
5748,7066,68.41,7,0,0
5749,7067,192.81,2,0,0
5750,7068,203.36,2,0,0
5751,7069,182.64,2,0,0
5752,7070,182.64,2,0,0
5753,7071,146.23,2,0,0
5754,7072,182.64,2,0,0
5755,7073,190.8,2,0,0
5756,7074,182.64,2,0,0
5757,7075,182.64,2,0,0
5758,7076,182.64,2,0,0
5759,7077,121.94,0,0,0
5760,7078,166.5,2,0,0
5761,7079,166.5,2,0,0
5762,7080,146.73,0,0,0
5763,7081,116.02,0,0,0
5764,7082,153.47,0,0,0
5765,7083,208,2,0,0
5766,7084,181.36,2,0,0
5767,7085,181.36,2,0,0
5768,7086,181.36,2,0,0
5769,7087,0,8,0,0
5770,7088,0,8,0,0
5771,7089,0,8,0,0
5772,7090,319.92,3,0,0
5773,7091,254.27,2,0,0
5774,7093,254.27,3,0,0
5775,7094,0,8,0,0
5776,7095,168.82,4,0,0
5777,7096,192.74,2,0,0
5778,7097,192.74,2,0,0
5779,7098,120.12,0,0,0
5780,7099,119.38,0,0,0
5781,7100,120.12,2,0,0
5782,7101,184.33,2,0,0
5783,7102,184.33,2,0,0
5784,7103,189.5,2,0,0
5785,7104,189.5,2,0,0
5786,7105,164.99,2,0,0
5787,7106,54.48,7,0,0
5788,7107,42.3,8,0,0
5789,7108,45.14,8,0,0
5790,7109,36.85,8,0,0
5791,7110,77.29,7,0,0
5792,7111,192.09,2,0,0
5793,7112,0,8,0,0
5794,7113,0,8,0,0
5795,7114,0,8,0,0
5796,7115,228.76,2,0,0
5797,7116,156.73,2,0,0
5798,7117,156.73,2,0,0
5799,7118,156.73,2,0,0
5800,7119,145.96,2,0,0
5801,7120,145.96,4,0,0
5802,7121,145.96,2,0,0
5803,7122,145.96,2,0,0
5804,7123,179.59,2,0,0
5805,7124,179.59,2,0,0
5806,7125,179.59,2,0,0
5807,7126,232.98,2,0,0
5808,7127,209.76,2,0,0
5809,7128,395.61,3,0,0
5810,7129,395.61,3,0,0
5811,7130,158.39,2,0,0
5812,7131,47.13,8,0,0
5813,7132,158.39,2,0,0
5814,7133,287.68,3,0,0
5815,7134,287.68,3,0,0
5816,7137,0,8,0,0
5817,7138,0,8,0,0
5818,7139,203.39,2,0,0
5819,7140,214.48,2,0,0
5820,7141,214.76,2,0,0
5821,7142,214.82,2,0,0
5822,7143,220.59,2,0,0
5823,7144,220.59,2,0,0
5824,7145,220.59,2,0,0
5825,7146,220.59,2,0,0
5826,7147,220.59,2,0,0
5827,7148,212.18,3,0,0
5828,7149,221.12,2,0,0
5829,7150,212.18,2,0,0
5830,7151,0,8,0,0
5831,7152,212.18,2,0,0
5832,7153,214.49,2,0,0
5833,7154,208.41,2,0,0
5834,7155,221.46,2,0,0
5835,7156,216.08,2,0,0
5836,7157,222.91,2,0,0
5837,7158,216.93,2,0,0
5838,7159,0,8,0,0
5839,7160,212.18,2,0,0
5840,7161,221.49,2,0,0
5841,7162,0,8,0,0
5842,7163,0,8,0,0
5843,7164,208,2,0,0
5844,7165,208,2,0,0
5845,7166,208,2,0,0
5846,7167,208,2,0,0
5847,7168,208,2,0,0
5848,7170,172.21,2,0,0
5849,7171,172.21,2,0,0
5850,7173,180.37,2,0,0
5851,7174,180.37,2,0,0
5852,7175,180.37,2,0,0
5853,7177,195.6,2,0,0
5854,7178,195.6,2,0,0
5855,7179,195.6,2,0,0
5856,7180,189.66,2,0,0
5857,7181,189.66,2,0,0
5858,7182,189.14,2,0,0
5859,7183,189.14,2,0,0
5860,7184,189.59,2,0,0
5861,7185,189.59,2,0,0
5862,7186,196.28,2,0,0
5863,7187,196.28,2,0,0
5864,7188,195.6,2,0,0
5865,7190,195.6,2,0,0
5866,7191,195.6,2,0,0
5867,7192,195.6,2,0,0
5868,7193,189.66,2,0,0
5869,7194,189.66,2,0,0
5870,7195,189.14,2,0,0
5871,7196,189.14,2,0,0
5872,7197,189.59,2,0,0
5873,7198,189.59,2,0,0
5874,7199,196.28,2,0,0
5875,7200,196.28,2,0,0
5876,7202,208.54,2,0,0
5877,7203,303.76,2,0,0
5878,7205,47.13,7,0,0
5879,7206,47.13,7,0,0
5880,7207,47.13,7,0,0
5881,7209,0,8,0,0
5882,7210,173.31,2,0,0
5883,7212,173.31,2,0,0
5884,7214,173.31,2,0,0
5885,7216,173.31,2,0,0
5886,7217,173.31,2,0,0
5887,7219,43.44,8,0,0
5888,7220,71.22,7,0,0
5889,7223,121.94,0,0,0
5890,7224,121.94,2,0,0
5891,7225,192.05,2,0,0
5892,7228,192.05,2,0,0
5893,7231,130.94,0,0,0
5894,7232,96.45,0,0,0
5895,7234,138.49,0,0,0
5896,7236,2,8,0,0
5897,7237,2,8,0,0
5898,7238,32.52,8,0,0
5899,7239,32.52,8,0,0
5900,7240,32.52,8,0,0
5901,7241,149.34,2,0,0
5902,7242,115.03,0,0,0
5903,7243,115.03,0,0,0
5904,7244,118.82,0,0,0
5905,7245,244.92,2,0,0
5906,7246,244.92,2,0,0
5907,7247,256.66,3,0,0
5908,7248,281.31,3,0,0
5909,7249,135.63,0,0,0
5910,7250,129.34,0,0,0
5911,7251,129.34,0,0,0
5912,7252,134.43,0,0,0
5913,7253,134.43,0,0,0
5914,7254,196,2,0,0
5915,7255,196,2,0,0
5916,7257,196,2,0,0
5917,7258,196,2,0,0
5918,7260,196,2,0,0
5919,7261,196,2,0,0
5920,7263,173.66,2,0,0
5921,7264,173.66,2,0,0
5922,7266,196,2,0,0
5923,7267,0,8,0,0
5924,7268,0,8,0,0
5925,7269,0,8,0,0
5926,7270,0,8,0,0
5927,7271,0,8,0,0
5928,7272,0,8,0,0
5929,7273,0,8,0,0
5930,7274,0,8,0,0
5931,7275,209.76,2,0,0
5932,7276,413.48,5,0,0
5933,7277,170.6,2,0,0
5934,7278,209.76,2,0,0
5935,7279,186.01,2,0,0
5936,7280,186.01,2,0,0
5937,7281,186.01,2,0,0
5938,7282,186.01,2,0,0
5939,7283,186.01,2,0,0
5940,7284,186.01,2,0,0
5941,7285,186.01,2,0,0
5942,7286,186.01,2,0,0
5943,7287,164.99,2,0,0
5944,7288,185.69,3,0,0
5945,7289,185.69,3,0,0
5946,7290,185.69,3,0,0
5947,7291,208.91,3,0,0
5948,7292,57.52,8,0,0
5949,7294,0,8,0,0
5950,7295,0,8,0,0
5951,7296,0,8,0,0
5952,7297,287.76,3,0,0
5953,7298,287.76,3,0,0
5954,7300,287.76,3,0,0
5955,7302,287.76,3,0,0
5956,7304,229.15,2,0,0
5957,7306,229.15,2,0,0
5958,7308,229.15,2,0,0
5959,7310,229.15,2,0,0
5960,7312,229.15,2,0,0
5961,7314,229.15,2,0,0
5962,7316,42.11,8,0,0
5963,7318,168.35,2,0,0
5964,7320,169.66,2,0,0
5965,7322,171.43,2,0,0
5966,7324,150.76,0,0,0
5967,7325,150.76,0,0,0
5968,7327,161.31,2,0,0
5969,7328,161.31,2,0,0
5970,7330,200.8,2,0,0
5971,7332,200.8,2,0,0
5972,7334,200.8,2,0,0
5973,7336,200.8,2,0,0
5974,7338,245.55,3,0,0
5975,7339,245.55,3,0,0
5976,7340,245.55,2,0,0
5977,7341,245.55,2,0,0
5978,7342,200.8,3,0,0
5979,7343,200.8,3,0,0
5980,7345,200.8,3,0,0
5981,7346,200.8,3,0,0
5982,7348,200.8,3,0,0
5983,7349,200.8,3,0,0
5984,7351,245.55,3,0,0
5985,7352,245.55,3,0,1059481190
5986,7354,209.88,3,0,0
5987,7355,209.88,3,0,0
5988,7356,209.88,3,0,0
5989,7357,210.16,2,0,0
5990,7358,210.16,2,0,0
5991,7359,210.16,2,0,0
5992,7360,108.13,0,0,0
5993,7361,108.13,0,0,0
5994,7363,0,8,0,0
5995,7364,119.46,0,0,0
5996,7365,164.79,2,0,0
5997,7366,182.76,2,0,0
5998,7367,124.09,0,0,0
5999,7368,214.05,2,0,0
6000,7369,156.87,2,0,0
6001,7370,156.87,2,0,0
6002,7371,206.86,2,0,0
6003,7372,197.73,2,0,0
6004,7373,200.41,2,0,0
6005,7374,17.47,8,0,0
6006,7375,192.02,2,0,0
6007,7376,192.02,2,0,0
6008,7377,167.26,2,0,0
6009,7378,167.26,2,0,0
6010,7379,110.24,2,0,0
6011,7380,65.95,8,0,0
6012,7381,164.3,2,0,0
6013,7382,164.3,2,0,0
6014,7383,164.3,2,0,0
6015,7384,192.09,2,0,0
6016,7385,227.45,2,0,0
6017,7386,153.58,2,0,0
6018,7387,153.58,2,0,0
6019,7388,121.94,2,0,0
6020,7389,166.5,2,0,0
6021,7390,208,2,0,0
6022,7391,164.99,2,0,0
6023,7392,168.35,2,0,0
6024,7393,169.66,2,0,0
6025,7394,171.43,2,0,0
6026,7395,200.8,2,0,0
6027,7396,200.8,2,0,0
6028,7397,200.8,2,0,0
6029,7398,200.8,2,0,0
6030,7399,229.15,2,0,0
6031,7400,229.15,2,0,0
6032,7401,229.15,2,0,0
6033,7402,229.15,2,0,0
6034,7403,42.11,8,0,0
6035,7404,42.11,8,0,0
6036,7405,42.11,7,0,0
6037,7406,42.11,7,0,0
6038,7407,42.11,7,0,0
6039,7408,42.11,7,0,0
6040,7409,148.55,0,0,0
6041,7410,148.55,0,0,0
6042,7412,210.99,2,0,0
6043,7413,210.99,2,0,0
6044,7415,227.54,2,0,0
6045,7416,227.54,2,0,0
6046,7418,180.37,2,0,0
6047,7419,232.98,2,0,0
6048,7420,209.76,2,0,0
6049,7421,0,8,0,0
6050,7422,0,8,0,0
6051,7423,0,8,0,0
6052,7424,0,8,0,0
6053,7425,194.88,2,0,0
6054,7426,192.57,2,0,0
6055,7427,192.73,2,0,0
6056,7428,191.07,2,0,0
6057,7429,194.88,2,0,0
6058,7430,194.88,2,0,0
6059,7431,192.57,2,0,0
6060,7432,192.73,2,0,0
6061,7433,191.07,2,0,0
6062,7434,194.88,2,0,0
6063,7439,194.88,2,0,0
6064,7442,177.65,2,0,0
6065,7445,190.31,2,0,0
6066,7446,194.88,2,0,0
6067,7447,177.65,2,0,0
6068,7448,190.31,2,0,0
6069,7449,191.32,2,0,0
6070,7452,179.72,2,0,0
6071,7455,178.36,2,0,0
6072,7456,178.36,2,0,0
6073,7457,348.36,4,0,0
6074,7458,182.73,2,0,0
6075,7459,182.73,2,0,0
6076,7462,182.73,2,0,0
6077,7465,182.73,2,0,0
6078,7468,182.73,2,0,0
6079,7469,182.73,2,0,0
6080,7470,213.94,2,0,0
6081,7473,206.96,2,0,0
6082,7476,191.1,3,0,0
6083,7477,0,8,0,0
6084,7478,0,8,0,0
6085,7479,0,8,0,0
6086,7480,0,8,0,0
6087,7481,194.89,2,0,0
6088,7484,162.55,2,0,0
6089,7487,194.89,2,0,0
6090,7488,162.55,2,0,0
6091,7489,0,8,0,0
6092,7490,201.28,2,0,0
6093,7491,162.44,2,0,0
6094,7494,162.44,2,0,0
6095,7497,201.28,2,0,0
6096,7498,162.44,2,0,0
6097,7499,162.44,2,0,0
6098,7500,208.59,3,0,0
6099,7503,185.91,2,0,0
6100,7506,185.61,2,0,0
6101,7507,185.61,2,0,0
6102,7508,185.61,2,0,0
6103,7509,190.86,2,0,0
6104,7510,172.29,2,0,0
6105,7511,172.29,2,0,0
6106,7512,214.84,2,0,0
6107,7513,172.29,2,0,0
6108,7514,172.29,2,0,0
6109,7515,214.84,2,0,0
6110,7522,181.66,2,0,0
6111,7523,162.83,2,0,0
6112,7524,181.66,2,0,0
6113,7525,162.83,2,0,0
6114,7530,192.49,2,0,0
6115,7533,193.78,2,0,0
6116,7536,200.56,4,0,0
6117,7537,391.45,4,0,0
6118,7538,187.21,2,0,0
6119,7539,187.21,2,0,0
6120,7540,187.21,2,0,0
6121,7541,187.21,2,0,0
6122,7542,187.21,2,0,0
6123,7543,187.21,2,0,0
6124,7550,167.04,2,0,0
6125,7551,167.04,2,0,0
6126,7554,166.16,2,0,0
6127,7555,166.16,2,0,0
6128,7557,166.16,2,0,0
6129,7559,266.23,3,0,0
6130,7560,166.16,2,0,0
6131,7561,266.23,3,0,0
6132,7562,187.21,2,0,0
6133,7565,204.96,3,0,0
6134,7568,209.14,3,0,0
6135,7569,40.52,8,0,0
6136,7570,536.36,5,0,0
6137,7571,113.6,0,0,0
6138,7572,113.6,0,0,0
6139,7573,113.6,0,0,0
6140,7574,113.6,0,0,0
6141,7575,113.6,0,0,0
6142,7576,113.6,0,0,0
6143,7577,0,8,0,0
6144,7578,0,8,0,0
6145,7579,0,8,0,0
6146,7580,63.54,7,0,0
6147,7581,63.9,7,0,0
6148,7582,55.37,8,0,0
6149,7583,125.29,0,0,0
6150,7584,87.01,7,0,0
6151,7585,75.32,7,0,0
6152,7586,38.38,8,0,0
6153,7587,91.44,7,0,0
6154,7588,70.51,7,0,0
6155,7589,67.87,7,0,0
6156,7590,0,8,0,0
6157,7591,201.28,2,0,0
6158,7592,186.01,2,0,0
6159,7593,202.13,2,0,0
6160,7594,214.41,2,0,0
6161,7595,222.22,2,0,0
6162,7596,202.13,2,0,0
6163,7597,202.13,2,0,0
6164,7598,0,8,0,0
6165,7599,0,8,0,0
6166,7600,196.28,2,0,0
6167,7601,196.28,2,0,0
6168,7602,121.94,2,0,0
6169,7603,232.98,2,0,0
6170,7604,209.76,2,0,0
6171,7605,164.99,2,0,0
6172,7606,164.99,2,0,0
6173,7607,165.08,2,0,0
6174,7608,165.08,2,0,0
6175,7609,165.08,2,0,0
6176,7610,164.99,2,0,0
6177,7611,164.99,2,0,0
6178,7612,165.08,2,0,0
6179,7613,165.08,2,0,0
6180,7614,165.08,2,0,0
6181,7615,181.8,2,0,0
6182,7616,185.22,2,0,0
6183,7617,208.91,3,0,0
6184,7618,185.69,2,0,0
6185,7619,208.86,2,0,0
6186,7620,202.1,2,0,0
6187,7621,202.1,2,0,0
6188,7622,181.36,2,0,0
6189,7623,181.36,2,0,0
6190,7624,164.99,2,0,0
6191,7625,164.99,2,0,0
6192,7626,208.08,2,0,0
6193,7627,257.32,4,0,0
6194,7628,167.26,2,0,0
6195,7629,257.32,4,0,0
6196,7630,167.26,2,0,0
6197,7631,184.33,2,0,0
6198,7632,189.5,2,0,0
6199,7633,184.33,2,0,0
6200,7634,121.94,2,0,0
6201,7635,121.94,2,0,0
6202,7636,181.36,2,0,0
6203,7637,181.36,2,0,0
6204,7638,0,8,0,0
6205,7639,123.36,0,0,0
6206,7640,189.86,2,0,0
6207,7641,196.46,2,0,0
6208,7642,174.18,2,0,0
6209,7643,172.49,2,0,0
6210,7644,189.2,2,0,0
6211,7645,171.79,2,0,0
6212,7646,47.13,7,0,0
6213,7647,0,8,0,0
6214,7648,55.62,8,0,0
6215,7649,0,8,0,0
6216,7650,0,8,0,0
6217,7651,0,8,0,0
6218,7652,0,8,0,0
6219,7653,0,8,0,0
6220,7654,0,8,0,0
6221,7655,0,8,0,0
6222,7656,228.76,4,0,0
6223,7657,131.07,0,0,0
6224,7658,230.13,2,0,0
6225,7659,0,8,0,0
6226,7660,0,8,0,0
6227,7661,116.48,0,0,0
6228,7662,216.33,2,0,0
6229,7663,216.33,2,0,0
6230,7664,216.33,2,0,0
6231,7665,216.33,2,0,0
6232,7666,216.33,2,0,0
6233,7667,249.5,3,0,0
6234,7668,249.5,3,0,0
6235,7669,249.5,3,0,0
6236,7670,249.5,3,0,0
6237,7671,249.5,3,0,0
6238,7672,256.42,3,0,0
6239,7673,256.42,3,0,0
6240,7674,256.42,3,0,0
6241,7675,256.42,3,0,0
6242,7676,256.42,3,0,0
6243,7677,322.96,4,0,0
6244,7678,322.96,4,0,0
6245,7679,322.96,4,0,0
6246,7680,322.96,4,0,0
6247,7681,322.96,4,0,0
6248,7682,233.27,2,0,0
6249,7683,233.27,2,0,0
6250,7684,233.27,2,0,0
6251,7685,233.27,2,0,0
6252,7686,233.27,2,0,0
6253,7687,260.1,3,0,0
6254,7688,260.1,3,0,0
6255,7689,260.1,3,0,0
6256,7690,260.1,3,0,0
6257,7691,260.1,3,0,0
6258,7692,169.81,2,0,0
6259,7693,169.81,2,0,0
6260,7694,169.81,2,0,0
6261,7695,34.55,8,0,0
6262,7696,217.8,2,0,0
6263,7697,119.38,0,0,0
6264,7698,119.38,0,0,0
6265,7699,120.12,0,0,0
6266,7700,119.38,0,0,0
6267,7701,119.38,2,0,0
6268,7702,0,8,0,0
6269,7703,0,8,0,0
6270,7704,113.12,0,0,0
6271,7705,24.55,8,0,0
6272,7706,119.46,0,0,0
6273,7707,119.46,7,0,0
6274,7708,255.25,3,0,0
6275,7709,255.25,4,0,0
6276,7710,186.94,2,0,0
6277,7711,186.94,4,0,0
6278,7712,192.52,2,0,0
6279,7713,192.52,2,0,0
6280,7714,182.6,2,0,0
6281,7715,153.47,2,0,0
6282,7716,254.27,3,0,0
6283,7717,254.27,4,0,0
6284,7718,254.27,2,0,0
6285,7719,111.31,0,0,0
6286,7720,114.55,0,0,0
6287,7721,114.55,2,0,0
6288,7722,165.49,2,0,0
6289,7723,165.49,2,0,0
6290,7724,165.49,2,0,0
6291,7725,165.49,2,0,0
6292,7726,165.49,2,0,0
6293,7727,165.49,2,0,0
6294,7728,165.08,2,0,0
6295,7729,283.66,3,0,0
6296,7730,303.76,4,0,0
6297,7731,208,3,0,0
6298,7732,165.49,2,0,0
6299,7733,165.49,2,0,0
6300,7734,165.49,2,0,0
6301,7735,135.49,7,0,0
6302,7736,169.45,2,0,0
6303,7737,168.88,2,0,0
6304,7738,169.45,2,0,0
6305,7739,168.88,2,0,0
6306,7740,170.55,2,0,0
6307,7741,200.97,2,0,0
6308,7742,224.09,2,0,0
6309,7743,170.86,3,0,0
6310,7744,170.86,0,0,0
6311,7745,185.87,2,0,0
6312,7746,181.36,2,0,0
6313,7747,181.36,2,0,0
6314,7748,181.36,2,0,0
6315,7749,181.36,2,0,0
6316,7750,181.36,2,0,0
6317,7751,181.36,2,0,0
6318,7752,181.36,2,0,0
6319,7753,181.36,2,0,0
6320,7754,181.36,2,0,0
6321,7755,181.36,2,0,0
6322,7756,181.36,2,0,0
6323,7757,181.36,2,0,0
6324,7758,189.86,2,0,0
6325,7759,196.46,2,0,0
6326,7760,181.38,2,0,0
6327,7761,174.18,2,0,0
6328,7762,172.49,2,0,0
6329,7763,171.79,2,0,0
6330,7764,181.36,2,0,0
6331,7765,125.47,0,0,0
6332,7766,125.47,0,0,0
6333,7767,125.47,2,0,0
6334,7768,125.47,2,0,0
6335,7769,123.36,7,0,0
6336,7770,123.36,7,0,0
6337,7771,123.36,7,0,0
6338,7772,125.47,0,0,0
6339,7773,123.36,2,0,0
6340,7774,88.57,7,0,0
6341,7775,88.57,7,0,0
6342,7776,94.15,7,0,0
6343,7777,94.15,7,0,0
6344,7778,88.57,7,0,0
6345,7779,94.15,8,0,0
6346,7780,94.15,8,0,0
6347,7781,94.15,7,0,0
6348,7782,82.45,0,0,0
6349,7783,95.91,7,0,0
6350,7784,0,8,0,0
6351,7785,181.36,2,0,0
6352,7786,190.8,2,0,0
6353,7787,190.8,2,0,0
6354,7788,190.8,4,0,0
6355,7789,190.8,2,0,0
6356,7790,172.08,2,0,0
6357,7791,176.53,2,0,0
6358,7792,182.73,2,0,0
6359,7793,182.73,2,0,0
6360,7794,182.73,2,0,0
6361,7795,182.73,2,0,0
6362,7796,182.73,2,0,0
6363,7797,182.73,2,0,0
6364,7798,182.73,2,0,0
6365,7799,182.73,4,0,0
6366,7800,83.3,7,0,0
6367,7801,83.3,7,0,0
6368,7802,83.3,7,0,0
6369,7803,83.3,7,0,0
6370,7804,153.58,3,0,0
6371,7805,83.3,7,0,0
6372,7806,42.3,8,0,0
6373,7807,45.14,8,0,0
6374,7808,36.85,8,0,0
6375,7809,77.29,7,0,0
6376,7810,42.3,8,0,0
6377,7811,45.14,8,0,0
6378,7812,36.85,8,0,0
6379,7813,77.29,7,0,0
6380,7814,54.48,8,0,0
6381,7815,54.64,8,0,0
6382,7816,192.09,7,0,0
6383,7817,192.09,2,0,0
6384,7818,201.89,2,0,0
6385,7819,176.06,2,0,0
6386,7820,176.06,2,0,0
6387,7821,160.51,2,0,0
6388,7822,173.31,2,0,0
6389,7823,0,8,0,0
6390,7824,0,8,0,0
6391,7825,182.15,2,0,0
6392,7826,182.15,2,0,0
6393,7827,176.17,2,0,0
6394,7828,182.15,2,0,0
6395,7829,182.15,2,0,0
6396,7830,176.17,4,0,0
6397,7831,164.99,2,0,0
6398,7832,164.99,2,0,0
6399,7833,164.99,2,0,0
6400,7834,263.99,3,0,0
6401,7835,208,2,0,0
6402,7836,47.13,7,0,0
6403,7837,120.32,0,0,0
6404,7838,120.32,0,0,0
6405,7839,120.32,0,0,0
6406,7840,120.32,0,0,0
6407,7841,219.92,2,0,0
6408,7842,219.92,2,0,0
6409,7843,219.92,4,0,0
6410,7844,164.3,2,0,0
6411,7845,145.52,2,0,0
6412,7846,164.3,2,0,0
6413,7847,145.52,2,0,0
6414,7848,62.35,7,0,0
6415,7849,164.3,2,0,0
6416,7850,164.3,2,0,0
6417,7851,164.3,2,0,0
6418,7852,164.3,3,0,0
6419,7853,0,8,0,0
6420,7854,181.8,2,0,0
6421,7855,181.8,2,0,0
6422,7856,180.97,2,0,0
6423,7857,161.38,2,0,0
6424,7858,161.38,2,0,0
6425,7859,192.05,2,0,0
6426,7860,180.37,2,0,0
6427,7861,161.38,3,0,0
6428,7862,40.52,8,0,0
6429,7863,40.52,8,0,0
6430,7864,110,1,0,0
6431,7865,40.52,8,0,0
6432,7866,40.52,8,0,0
6433,7867,40.52,7,0,0
6434,7868,0,8,0,0
6435,7869,536.36,4,0,0
6436,7870,218.73,2,0,0
6437,7871,188.47,2,0,0
6438,7872,191.36,2,0,0
6439,7873,218.73,2,0,0
6440,7874,188.47,2,0,0
6441,7875,191.36,2,0,0
6442,7876,144.93,2,0,0
6443,7877,235.99,2,0,0
6444,7878,236.78,2,0,0
6445,7879,236.78,4,0,0
6446,7880,0,8,0,0
6447,7881,236.78,2,0,0
6448,7882,183.36,2,0,0
6449,7883,159.26,2,0,0
6450,7884,183.36,2,0,0
6451,7885,159.26,2,0,0
6452,7886,183.36,2,0,0
6453,7887,159.26,2,0,0
6454,7888,183.36,2,0,0
6455,7889,183.36,4,0,0
6456,7890,0,8,0,0
6457,7891,107.98,0,0,0
6458,7892,176.51,0,0,0
6459,7893,156.87,2,0,0
6460,7894,176.51,0,0,0
6461,7895,156.87,2,0,0
6462,7896,156.87,2,0,0
6463,7897,214.05,2,0,0
6464,7898,214.05,2,0,0
6465,7899,212.58,2,0,0
6466,7900,118.53,0,0,0
6467,7901,212.58,3,0,0
6468,7902,0,8,0,0
6469,7903,0,8,0,0
6470,7904,0,8,0,0
6471,7905,0,8,0,0
6472,7906,0,8,0,0
6473,7907,0,8,0,0
6474,7908,0,8,0,0
6475,7909,0,8,0,0
6476,7910,0,8,0,0
6477,7911,0,8,0,0
6478,7912,0,8,0,0
6479,7913,0,8,0,0
6480,7914,257.32,3,0,0
6481,7915,536.36,3,0,0
6482,7917,91.74,8,0,0
6483,7918,91.74,8,0,0
6484,7919,86.38,8,0,0
6485,7920,86.38,8,0,0
6486,7921,165.54,2,0,0
6487,7923,14.23,8,0,0
6488,7924,180.37,2,0,0
6489,7925,163,2,0,0
6490,7926,163,2,0,0
6491,7927,163,2,0,0
6492,7928,163,2,0,0
6493,7929,163,2,0,0
6494,7930,163,2,0,0
6495,7931,163,2,0,0
6496,7932,163,2,0,0
6497,7933,163,2,0,0
6498,7934,163,2,0,0
6499,7935,163,2,0,0
6500,7936,163,3,0,0
6501,7937,163,2,0,0
6502,7938,163,2,0,0
6503,7939,163,2,0,0
6504,7942,267.21,0,0,0
6505,7943,137.89,0,0,0
6506,7944,137.89,0,0,0
6507,7945,137.89,0,0,0
6508,7946,137.89,0,0,0
6509,7947,137.89,0,0,0
6510,7948,138.59,0,0,0
6511,7949,132.49,0,0,0
6512,7950,130.94,0,0,0
6513,7951,167.3,2,0,0
6514,7952,139.16,0,0,0
6515,7953,152.31,2,0,0
6516,7954,167.3,2,0,0
6517,7955,139.72,0,0,0
6518,7956,88.56,7,0,0
6519,7957,208.54,2,0,0
6520,7958,138.59,0,0,0
6521,7960,129.8,0,0,0
6522,7961,132.49,0,0,0
6523,7962,130.94,0,0,0
6524,7963,167.3,2,0,0
6525,7964,139.16,0,0,0
6526,7965,152.31,2,0,0
6527,7966,167.3,2,0,0
6528,7967,139.72,0,0,0
6529,7968,88.56,7,0,0
6530,7969,208.54,2,0,0
6531,7970,129.8,0,0,0
6532,8729,154.14,7,0,0
6533,8730,154.14,7,-8,1068289229
6534,7971,232.98,2,0,0
6535,7972,209.76,2,0,0
6536,7973,196.84,2,0,0
6537,7975,196.84,2,0,0
6538,7977,211.2,2,0,0
6539,7978,211.2,2,0,0
6540,7980,0,8,0,0
6541,7981,0,8,0,0
6542,7982,222.37,2,0,0
6543,7983,176.06,2,0,0
6544,7984,230.44,2,0,0
6545,7985,183.41,2,0,0
6546,7986,160.51,2,0,0
6547,7987,181.66,2,0,0
6548,7988,199.51,2,0,0
6549,7996,121.94,2,0,0
6550,7997,146.73,0,0,0
6551,7998,1.5,8,0,0
6552,7999,197.68,2,0,0
6553,8001,197.68,2,0,0
6554,8002,189.59,2,0,0
6555,8003,189.59,2,0,0
6556,8006,192.66,2,0,0
6557,8007,179.47,2,0,0
6558,8008,198.56,2,0,0
6559,8009,198.56,2,0,0
6560,8010,193.29,2,0,0
6561,8011,139.16,0,0,0
6562,8012,210.63,2,0,0
6563,8013,28.35,8,0,0
6564,8014,0,8,0,0
6565,8015,0,8,0,0
6566,8022,191.68,2,0,0
6567,8024,191.68,2,0,0
6568,8025,214.92,2,0,0
6569,8026,214.92,2,0,0
6570,8029,0,8,0,0
6571,8030,536.36,5,0,0
6572,8031,536.36,5,0,0
6573,8032,110,1,0,0
6574,8033,42.53,8,0,0
6575,8034,17.47,8,0,0
6576,8035,95.91,7,0,0
6577,8036,95.91,8,0,0
6578,8037,536.36,5,0,0
6579,8038,536.36,5,0,0
6580,8039,101.11,0,0,0
6581,8040,186.98,2,0,0
6582,8041,197.01,2,0,0
6583,8042,111.31,0,0,0
6584,8051,194.51,2,0,0
6585,8053,194.51,2,0,0
6586,8054,253.41,3,0,0
6587,8055,253.41,3,0,0
6588,8058,156.87,2,0,0
6589,8059,156.87,2,0,0
6590,8060,214.05,2,0,0
6591,8061,214.05,2,0,0
6592,8062,213.42,2,0,0
6593,8063,213.42,2,0,0
6594,8064,210.47,2,0,0
6595,8065,210.47,2,0,0
6596,8066,138.43,0,0,0
6597,8067,176.51,0,0,0
6598,8068,178.48,2,0,0
6599,8069,193.49,2,0,0
6600,8070,212.53,2,0,0
6601,8071,211.25,2,0,0
6602,8082,156.87,2,0,0
6603,8083,156.87,2,0,0
6604,8084,214.05,2,0,0
6605,8085,214.05,2,0,0
6606,8086,213.42,2,0,0
6607,8087,213.42,2,0,0
6608,8088,210.47,2,0,0
6609,8089,210.47,2,0,0
6610,8090,176.51,0,0,0
6611,8091,253.41,3,0,0
6612,8092,0,8,0,0
6613,8093,14.55,8,0,0
6614,8094,15.39,8,0,0
6615,8095,15.18,8,0,0
6616,8096,16.28,8,0,0
6617,8097,16.31,8,0,0
6618,8098,13.67,8,0,0
6619,8099,17.69,8,0,0
6620,8100,17.49,8,0,0
6621,8101,16.24,8,0,0
6622,8102,14.3,8,0,0
6623,8103,20.27,8,0,0
6624,8104,29.14,8,0,0
6625,8105,18.22,8,0,0
6626,8106,25.04,8,0,0
6627,8107,16.24,8,0,0
6628,8108,23.41,8,0,0
6629,8109,0,8,0,0
6630,8110,0,8,0,0
6631,8111,0,8,0,0
6632,8112,0,8,0,0
6633,8113,253.41,3,0,0
6634,8115,204.7,2,0,0
6635,8116,266.88,3,0,0
6636,8117,870.21,5,0,0
6637,8118,870.21,5,0,0
6638,8122,0,8,0,0
6639,8123,0,8,0,0
6640,8124,0,8,0,0
6641,8125,182.76,2,0,0
6642,8126,189.86,2,0,0
6643,8127,173.02,2,0,0
6644,8128,174.18,2,0,0
6645,8129,172.49,2,0,0
6646,8130,171.79,2,0,0
6647,8131,201.57,2,0,0
6648,8132,193.01,2,0,0
6649,8133,193.01,2,0,0
6650,8134,193.01,2,0,0
6651,8135,178.64,2,0,0
6652,8136,173.66,2,0,0
6653,8137,196,2,0,0
6654,8138,201.89,2,0,0
6655,8139,391.45,4,0,0
6656,8140,218.73,2,0,0
6657,8141,187.92,2,0,0
6658,8142,191.36,2,0,0
6659,8143,189.99,2,0,0
6660,8144,176.47,2,0,0
6661,8145,176.47,2,0,0
6662,8146,176.47,2,0,0
6663,8147,190.75,2,0,0
6664,8148,156.73,2,0,0
6665,8149,161.12,2,0,0
6666,8150,191.46,2,0,0
6667,8151,184.77,2,0,0
6668,8152,170.6,2,0,0
6669,8153,159.92,2,0,0
6670,8180,217.28,2,0,0
6671,8181,217.28,2,0,0
6672,8182,458.79,5,0,0
6673,8257,74.31,7,0,0
6674,8259,119.38,0,0,0
6675,8262,155,2,0,0
6676,8264,120.32,0,0,0
6677,8266,68.41,7,0,0
6678,8268,224.09,2,0,0
6679,8270,113.12,0,0,0
6680,8273,169.45,2,0,0
6681,8275,219.92,2,0,0
6682,8278,220,2,0,0
6683,8281,224.09,2,0,0
6684,8284,119.38,0,0,0
6685,8287,130,0,0,0
6686,8289,230,2,0,0
6687,8292,316.77,4,0,0
6688,8295,85,7,0,0
6689,8298,14.22,8,0,0
6690,8301,7.5,8,0,0
6691,8304,42.53,8,0,0
6692,8307,94.15,7,0,0
6693,8309,42.53,8,0,0
6694,8311,65,8,0,0
6695,8313,7.5,8,0,0
6696,8315,42.53,8,0,0
6697,8317,95.91,8,0,0
6698,8319,95.91,8,0,0
6699,8320,110,0,0,0
6700,8322,227.45,2,0,0
6701,8325,93.63,7,0,0
6702,8329,233.24,0,0,0
6703,8332,174.87,2,0,0
6704,8333,125.47,0,0,0
6705,8336,54.64,8,0,0
6706,8339,144.93,2,0,0
6707,8342,116.03,0,0,0
6708,8345,120,0,0,0
6709,8347,150,0,0,0
6710,8349,54.48,8,0,0
6711,8351,200,2,0,0
6712,8352,123.25,0,0,0
6713,8354,48.84,8,0,0
6714,8356,150,0,0,0
6715,8359,192.09,2,0,0
6716,8362,236.78,2,0,0
6717,8364,182.15,2,0,0
6718,8367,170.55,2,0,0
6719,8369,235,3,0,0
6720,8413,235,3,0,0
6721,8414,235,3,0,1061158912
6722,8386,200,2,0,0
6723,8417,200,2,0,0
6724,8418,200,2,-7,1060320051
6725,8388,125,0,0,0
6726,8421,125,0,0,0
6727,8422,125,0,-6,1059481190
6728,8466,190,3,0,0
6729,8467,190,3,0,0
6730,8441,190,2,0,0
6731,8442,190,2,0,1061997773
6732,8481,210,2,0,0
6733,8482,210,2,0,0
6734,8451,180,3,0,0
6735,8452,180,3,3,0
6736,8459,225,4,0,0
6737,8460,225,4,0,0
6738,8704,350,4,0,0
6739,8705,350,4,0,1059145646
6740,8473,180,3,0,0
6741,8474,180,3,0,0
6742,8426,190,3,0,0
6743,8427,190,3,0,0
6744,8429,190,3,0,0
6745,8430,190,3,0,0
6746,8432,190,3,0,0
6747,8433,190,3,0,0
6748,8677,190,3,0,0
6749,8678,190,3,0,0
6750,8680,190,3,0,0
6751,8681,190,3,0,0
6752,7979,400,5,0,0
6753,8004,550,5,0,0
6754,8027,400,5,0,0
6755,8056,550,5,0,0
6756,8,182.73,2,0,0
6757,26,182.73,2,0,0
6758,27,182.73,2,0,0
6759,33,160.29,2,0,0
6760,36,171.61,2,0,0
6761,40,190.99,2,0,0
6762,48,182.73,2,0,0
6763,114,224.08,3,0,0
6764,118,224.08,2,0,0
6765,126,174.22,2,0,0
6766,134,174.22,2,0,0
6767,137,174.22,2,0,0
6768,147,224.22,3,0,0
6769,148,224.22,3,0,0
6770,150,257.88,3,0,0
6771,156,153.58,2,0,0
6772,158,184.33,2,0,0
6773,160,184.33,2,0,0
6774,162,184.33,2,0,0
6775,168,189.5,2,0,0
6776,170,189.5,2,0,0
6777,172,184.33,2,0,0
6778,176,184.33,2,0,0
6779,179,184.33,2,0,0
6780,183,184.33,2,0,0
6781,185,184.33,2,0,0
6782,197,184.33,2,0,0
6783,199,184.33,2,0,0
6784,247,182.15,2,0,0
6785,248,182.15,2,0,0
6786,249,182.15,2,0,0
6787,250,182.15,2,0,0
6788,251,182.15,2,0,0
6789,252,182.15,2,0,0
6790,253,182.15,2,0,0
6791,254,182.15,2,0,0
6792,260,193.62,3,0,0
6793,295,111.42,0,0,0
6794,298,111.42,0,0,0
6795,300,111.42,0,0,0
6796,313,140.11,0,0,0
6797,323,119.38,0,0,0
6798,325,119.38,0,0,0
6799,328,119.38,0,0,0
6800,332,119.38,0,0,0
6801,334,119.38,2,0,0
6802,336,119.38,0,0,0
6803,344,118.53,0,0,0
6804,385,254.27,3,0,0
6805,387,254.27,3,0,0
6806,388,254.27,3,0,0
6807,392,254.27,3,0,0
6808,400,254.27,3,0,0
6809,408,208,2,0,0
6810,410,208,2,0,0
6811,414,208,2,0,0
6812,417,208,2,0,0
6813,419,208,2,0,0
6814,421,208,2,0,0
6815,422,208,2,0,0
6816,423,208,2,0,0
6817,426,208,2,0,0
6818,449,123.36,0,0,0
6819,450,123.36,0,0,0
6820,460,125.47,2,0,0
6821,482,54.77,7,0,0
6822,490,54.64,8,0,0
6823,492,54.64,8,0,0
6824,497,153.58,2,0,0
6825,499,153.58,2,0,0
6826,525,264.39,3,0,0
6827,528,164.99,2,0,0
6828,539,164.99,2,0,0
6829,541,164.99,2,0,0
6830,543,164.99,2,0,0
6831,545,164.99,2,0,0
6832,547,164.99,2,0,0
6833,549,164.99,2,0,0
6834,550,164.99,2,0,0
6835,553,164.99,2,0,0
6836,555,164.99,2,0,0
6837,559,164.99,2,0,0
6838,562,164.99,2,0,0
6839,564,164.99,2,0,0
6840,566,164.99,2,0,0
6841,570,164.99,2,0,0
6842,572,164.99,2,0,0
6843,574,164.99,2,0,0
6844,575,164.99,2,0,0
6845,577,164.99,2,0,0
6846,578,164.99,2,0,0
6847,580,164.99,2,0,0
6848,581,164.99,2,0,0
6849,584,185.51,2,0,0
6850,586,185.51,2,0,0
6851,587,185.51,2,0,0
6852,588,185.51,2,0,0
6853,590,185.51,2,0,0
6854,592,185.51,2,0,0
6855,593,185.51,2,0,0
6856,595,164.99,2,0,0
6857,597,164.99,2,0,0
6858,599,164.99,2,0,0
6859,604,164.99,2,0,0
6860,606,164.99,2,0,0
6861,607,164.99,2,0,0
6862,609,164.99,2,0,0
6863,611,164.99,2,0,0
6864,613,164.99,2,0,0
6865,615,164.99,2,0,0
6866,619,185.51,2,0,0
6867,620,164.99,2,0,0
6868,622,185.51,2,0,0
6869,624,185.51,2,0,0
6870,626,164.99,2,0,0
6871,628,164.99,2,0,0
6872,629,164.99,2,0,0
6873,633,165.08,2,0,0
6874,634,165.08,2,0,0
6875,636,165.08,2,0,0
6876,638,165.24,2,0,0
6877,640,165.08,2,0,0
6878,645,165.08,2,0,0
6879,647,165.08,2,0,0
6880,650,165.08,2,0,0
6881,653,165.08,2,0,0
6882,654,165.08,2,0,0
6883,658,165.08,2,0,0
6884,660,165.08,2,0,0
6885,665,165.08,2,0,0
6886,666,165.08,2,0,0
6887,668,164.99,2,0,0
6888,671,164.99,2,0,0
6889,673,185.51,2,0,0
6890,675,185.51,2,0,0
6891,677,164.99,2,0,0
6892,680,164.99,2,0,0
6893,682,164.99,2,0,0
6894,684,164.99,2,0,0
6895,686,164.99,2,0,0
6896,687,164.99,2,0,0
6897,688,164.99,2,0,0
6898,689,164.99,2,0,0
6899,690,164.99,2,0,0
6900,692,164.99,2,0,0
6901,694,164.99,2,0,0
6902,697,164.99,2,0,0
6903,700,164.99,2,0,0
6904,702,164.99,2,0,0
6905,704,164.99,2,0,0
6906,707,164.99,2,0,0
6907,709,164.99,2,0,0
6908,711,164.99,2,0,0
6909,713,164.99,2,0,0
6910,715,164.99,2,0,0
6911,717,164.99,2,0,0
6912,719,164.99,2,0,0
6913,720,164.99,2,0,0
6914,722,164.99,2,0,0
6915,723,164.99,2,0,0
6916,725,164.99,2,0,0
6917,726,164.99,2,0,0
6918,728,164.99,2,0,0
6919,730,164.99,2,0,0
6920,732,164.99,2,0,0
6921,734,164.99,2,0,0
6922,736,164.99,2,0,0
6923,748,185.51,2,0,0
6924,751,185.51,2,0,0
6925,753,185.51,2,0,0
6926,755,185.51,2,0,0
6927,756,185.51,2,0,0
6928,757,185.51,2,0,0
6929,762,263.99,3,0,0
6930,763,263.99,3,0,0
6931,765,263.99,3,0,0
6932,767,263.99,3,0,0
6933,774,165.94,2,0,0
6934,775,165.94,2,0,0
6935,780,165.94,2,0,0
6936,781,165.94,2,0,0
6937,783,165.24,2,0,0
6938,785,165.24,2,0,0
6939,786,165.24,2,0,0
6940,793,165.24,2,0,0
6941,794,165.24,2,0,0
6942,796,165.24,2,0,0
6943,797,165.24,2,0,0
6944,798,165.24,2,0,0
6945,807,165.49,2,0,0
6946,810,165.49,2,0,0
6947,811,165.49,2,0,0
6948,812,165.49,2,0,0
6949,817,165.49,2,0,0
6950,818,165.49,2,0,0
6951,821,164.99,2,0,0
6952,823,164.99,2,0,0
6953,825,164.99,2,0,0
6954,830,263.99,3,0,0
6955,834,165.94,2,0,0
6956,836,165.94,2,0,0
6957,849,164.99,2,0,0
6958,851,165.08,2,0,0
6959,870,167.21,2,0,0
6960,872,167.21,2,0,0
6961,874,167.21,2,0,0
6962,876,167.21,2,0,0
6963,878,167.21,2,0,0
6964,880,167.21,2,0,0
6965,882,167.21,2,0,0
6966,883,167.21,2,0,0
6967,884,167.21,2,0,0
6968,885,167.21,2,0,0
6969,886,167.21,2,0,0
6970,920,83.3,7,0,0
6971,936,83.3,7,0,0
6972,938,83.3,7,0,0
6973,948,94.14,2,0,0
6974,953,94.15,7,0,0
6975,954,94.15,7,0,0
6976,1028,132.49,2,0,0
6977,1034,132.49,0,0,0
6978,1035,132.49,0,0,0
6979,1036,132.49,0,0,0
6980,1037,132.49,0,0,0
6981,1061,131.07,0,0,0
6982,1071,192.52,2,0,0
6983,1073,192.52,2,0,0
6984,1076,192.52,2,0,0
6985,1078,192.52,2,0,0
6986,1080,192.52,2,0,0
6987,1083,192.52,2,0,0
6988,1085,192.52,2,0,0
6989,1087,192.52,2,0,0
6990,1090,192.52,2,0,0
6991,1092,192.52,2,0,0
6992,1094,192.52,2,0,0
6993,1097,192.52,2,0,0
6994,1099,192.52,2,0,0
6995,1102,192.52,3,0,0
6996,1105,192.52,2,0,0
6997,1107,192.52,2,0,0
6998,1109,192.52,2,0,0
6999,1111,192.52,2,0,0
7000,1113,192.78,3,0,0
7001,1116,192.74,2,0,0
7002,1142,181.36,2,0,0
7003,1144,181.36,2,0,0
7004,1146,181.36,2,0,0
7005,1147,181.36,2,0,0
7006,1148,181.36,2,0,0
7007,1149,181.36,2,0,0
7008,1161,181.36,2,0,0
7009,1163,181.36,2,0,0
7010,1165,181.36,2,0,0
7011,1167,181.36,2,0,0
7012,1169,181.36,2,0,0
7013,1171,181.36,2,0,0
7014,1173,181.36,2,0,0
7015,1175,181.36,2,0,0
7016,1177,181.36,2,0,0
7017,1179,181.36,2,0,0
7018,1180,181.36,2,0,0
7019,1182,181.36,2,0,0
7020,1183,181.36,2,0,0
7021,1185,181.36,2,0,0
7022,1186,181.36,2,0,0
7023,1189,181.76,2,0,0
7024,1208,181.36,2,0,0
7025,1209,181.36,2,0,0
7026,1211,181.36,2,0,0
7027,1212,181.36,2,0,0
7028,1214,181.36,2,0,0
7029,1215,181.36,2,0,0
7030,1216,181.36,2,0,0
7031,1218,181.36,2,0,0
7032,1219,181.36,2,0,0
7033,1221,181.36,2,0,0
7034,1222,181.36,2,0,0
7035,1224,181.36,2,0,0
7036,1225,181.36,2,0,0
7037,1232,181.36,2,0,0
7038,1234,181.36,2,0,0
7039,1236,181.36,2,0,0
7040,1238,181.36,2,0,0
7041,1240,181.36,2,0,0
7042,1242,181.36,2,0,0
7043,1243,181.36,2,0,0
7044,1244,181.36,2,0,0
7045,1245,181.36,2,0,0
7046,1247,181.36,2,0,0
7047,1249,181.36,2,0,0
7048,1251,181.36,2,0,0
7049,1256,181.36,2,0,0
7050,1258,181.36,2,0,0
7051,1260,180.69,2,0,0
7052,1262,180.69,2,0,0
7053,1263,180.69,2,0,0
7054,1265,180.69,2,0,0
7055,1266,180.69,2,0,0
7056,1268,181.36,2,0,0
7057,1269,181.36,2,0,0
7058,1271,181.36,2,0,0
7059,1272,181.36,2,0,0
7060,1274,181.36,2,0,0
7061,1276,181.36,3,0,0
7062,1278,179.19,2,0,0
7063,1299,161.38,2,0,0
7064,1324,180.97,2,0,0
7065,1326,180.97,2,0,0
7066,1338,180.97,2,0,0
7067,1363,194.77,2,0,0
7068,1373,188.15,2,0,0
7069,1376,188.15,2,0,0
7070,1378,162.34,2,0,0
7071,1406,187.21,2,0,0
7072,1418,190.8,2,0,0
7073,1422,190.8,2,0,0
7074,1426,190.8,2,0,0
7075,1433,190.8,2,0,0
7076,1436,190.8,2,0,0
7077,1440,190.8,2,0,0
7078,1442,190.8,2,0,0
7079,1444,190.8,2,0,0
7080,1446,190.8,2,0,0
7081,1450,172.08,2,0,0
7082,1453,172.08,2,0,0
7083,1456,172.08,2,0,0
7084,1464,172.08,2,0,0
7085,1470,176.53,2,0,0
7086,1474,176.53,2,0,0
7087,1480,176.53,2,0,0
7088,1561,316.95,4,0,0
7089,1607,254.27,3,0,0
7090,1609,254.27,3,0,0
7091,1614,208.31,2,0,0
7092,1615,208.31,2,0,0
7093,1616,208.31,2,0,0
7094,1618,208.31,2,0,0
7095,1620,208,2,0,0
7096,1621,208,2,0,0
7097,1622,208,2,0,0
7098,1624,186.94,2,0,0
7099,1637,433.76,5,0,0
7100,1647,164.99,2,0,0
7101,1650,164.99,2,0,0
7102,1657,165.08,2,0,0
7103,1661,165.94,2,0,0
7104,1674,195.93,2,0,0
7105,1677,195.93,2,0,0
7106,1679,195.93,2,0,0
7107,1681,195.93,2,0,0
7108,1683,195.93,2,0,0
7109,1685,195.93,2,0,0
7110,1687,195.93,2,0,0
7111,1689,195.93,2,0,0
7112,1694,297.98,3,0,0
7113,1719,193.49,2,0,0
7114,1721,178.48,2,0,0
7115,1723,178.48,2,0,0
7116,1725,193.49,2,0,0
7117,1727,193.49,2,0,0
7118,1729,193.49,2,0,0
7119,1731,193.49,2,0,0
7120,1736,193.49,2,0,0
7121,1738,193.49,2,0,0
7122,1740,193.49,2,0,0
7123,1741,297.98,3,0,0
7124,1742,297.98,3,0,0
7125,1743,297.98,3,0,0
7126,1744,297.98,3,0,0
7127,1745,297.98,3,0,0
7128,1746,297.98,3,0,0
7129,1747,297.98,3,0,0
7130,1748,297.98,3,0,0
7131,1749,297.98,3,0,0
7132,1750,297.98,3,0,0
7133,1751,297.98,3,0,0
7134,1752,298.89,3,0,0
7135,1753,298.89,3,0,0
7136,1754,298.89,3,0,0
7137,1755,298.89,3,0,0
7138,1772,297.98,3,0,0
7139,1774,297.98,3,0,0
7140,1776,297.98,3,0,0
7141,1800,178.48,2,0,0
7142,1802,178.48,2,0,0
7143,1804,178.48,2,0,0
7144,1806,178.48,2,0,0
7145,1808,178.48,2,0,0
7146,1810,178.48,2,0,0
7147,1812,178.48,2,0,0
7148,1814,178.48,2,0,0
7149,1816,178.48,2,0,0
7150,1821,274.86,3,0,0
7151,1822,274.86,3,0,0
7152,1823,274.86,3,0,0
7153,1824,274.86,3,0,0
7154,1825,274.86,3,0,0
7155,1826,274.86,3,0,0
7156,1827,274.86,3,0,0
7157,1828,274.86,3,0,0
7158,1829,274.86,3,0,0
7159,1830,274.86,3,0,0
7160,1831,274.86,3,0,0
7161,1832,274.86,3,0,0
7162,1833,276.55,3,0,0
7163,1834,276.55,3,0,0
7164,1835,276.55,3,0,0
7165,1836,276.55,3,0,0
7166,1837,276.55,3,0,0
7167,1838,276.55,3,0,0
7168,1853,276.55,3,0,0
7169,1860,274.86,3,0,0
7170,1862,274.86,3,0,0
7171,1864,274.86,3,0,0
7172,1893,138.43,0,0,0
7173,1897,138.81,0,0,0
7174,1901,192.81,2,0,0
7175,1902,192.81,2,0,0
7176,1904,192.81,2,0,0
7177,1905,192.81,2,0,0
7178,1907,192.81,2,0,0
7179,1912,192.81,2,0,0
7180,1913,192.81,2,0,0
7181,1915,192.81,2,0,0
7182,1917,192.81,2,0,0
7183,1919,192.52,2,0,0
7184,1922,192.52,2,0,0
7185,1933,192.81,2,0,0
7186,1935,192.81,3,0,0
7187,1937,192.81,2,0,0
7188,1940,164.3,2,0,0
7189,1942,164.3,2,0,0
7190,1954,164.3,2,0,0
7191,1956,164.3,2,0,0
7192,1958,164.3,2,0,0
7193,1960,164.3,2,0,0
7194,1962,164.3,2,0,0
7195,1965,164.3,2,0,0
7196,1968,164.3,2,0,0
7197,1969,164.15,2,0,0
7198,1971,164.3,2,0,0
7199,1974,164.3,2,0,0
7200,1978,164.3,2,0,0
7201,1984,164.3,2,0,0
7202,1986,164.3,2,0,0
7203,1988,164.3,2,0,0
7204,1990,164.3,2,0,0
7205,1992,164.3,2,0,0
7206,1994,164.46,2,0,0
7207,1996,164.46,2,0,0
7208,1998,164.46,2,0,0
7209,2000,164.46,2,0,0
7210,2002,164.46,2,0,0
7211,2004,164.46,2,0,0
7212,2006,164.3,2,0,0
7213,2007,164.3,2,0,0
7214,2010,145.52,2,0,0
7215,2012,145.52,2,0,0
7216,2015,145.52,2,0,0
7217,2017,145.52,2,0,0
7218,2019,145.52,2,0,0
7219,2021,145.52,2,0,0
7220,2023,145.52,2,0,0
7221,2025,145.52,2,0,0
7222,2027,145.52,2,0,0
7223,2033,145.52,2,0,0
7224,2035,145.52,2,0,0
7225,2039,145.52,2,0,0
7226,2040,145.13,2,0,0
7227,2043,145.52,2,0,0
7228,2046,145.52,2,0,0
7229,2070,145.66,2,0,0
7230,2071,145.66,2,0,0
7231,2072,145.66,2,0,0
7232,2073,145.66,2,0,0
7233,2074,145.66,2,0,0
7234,2087,183.42,2,0,0
7235,2089,183.42,2,0,0
7236,2091,183.42,2,0,0
7237,2093,183.42,2,0,0
7238,2095,183.42,2,0,0
7239,2099,62.35,7,0,0
7240,2101,62.35,7,0,0
7241,2104,62.35,7,0,0
7242,2106,182.73,2,0,0
7243,2108,182.73,2,0,0
7244,2110,182.73,2,0,0
7245,2112,182.73,2,0,0
7246,2114,182.73,3,0,0
7247,2117,164.99,2,0,0
7248,2119,164.99,2,0,0
7249,2122,177.41,2,0,0
7250,2123,178.37,2,0,0
7251,2148,164.99,2,0,0
7252,2149,164.99,2,0,0
7253,2150,178.48,2,0,0
7254,2151,178.48,2,0,0
7255,2152,165.04,2,0,0
7256,2153,165.04,2,0,0
7257,2185,179.19,2,0,0
7258,2200,209.19,2,0,0
7259,2585,254.93,3,0,0
7260,2586,254.93,3,0,0
7261,2616,191.46,2,0,0
7262,2650,190.75,2,0,0
7263,2724,174.87,2,0,0
7264,2727,174.87,2,0,0
7265,2729,174.87,2,0,0
7266,2731,174.87,2,0,0
7267,2745,174.87,2,0,0
7268,2747,174.87,2,0,0
7269,2758,159.26,2,0,0
7270,2760,159.26,2,0,0
7271,2762,159.26,2,0,0
7272,2764,159.26,2,0,0
7273,2766,159.26,2,0,0
7274,2768,159.26,2,0,0
7275,2770,159.26,2,0,0
7276,2772,159.26,2,0,0
7277,2793,183.36,2,0,0
7278,2796,182.18,2,0,0
7279,2798,182.18,2,0,0
7280,2800,182.18,2,0,0
7281,2802,182.18,2,0,0
7282,2804,182.18,2,0,0
7283,2806,182.18,2,0,0
7284,2808,182.18,2,0,0
7285,2810,182.18,2,0,0
7286,2812,182.18,2,0,0
7287,2844,0,8,0,0
7288,3013,0,8,0,0
7289,3048,184.6,2,0,0
7290,3049,184.6,2,0,0
7291,3050,184.6,2,0,0
7292,3051,184.6,2,0,0
7293,3052,184.6,2,0,0
7294,3062,184.6,2,0,0
7295,3064,184.6,2,0,0
7296,3066,184.6,2,0,0
7297,3068,184.6,2,0,0
7298,3070,184.6,2,0,0
7299,3072,184.6,2,0,0
7300,3091,184.6,2,0,0
7301,3093,184.6,2,0,0
7302,3095,184.6,2,0,0
7303,3097,184.6,2,0,0
7304,3145,53.39,8,0,0
7305,3175,458.79,5,0,0
7306,3178,0,8,0,0
7307,3179,0,8,0,0
7308,3180,0,8,0,0
7309,3184,74.31,7,0,0
7310,3189,74.31,7,0,0
7311,3192,74.31,7,0,0
7312,3194,74.31,7,0,0
7313,3196,74.31,7,0,0
7314,3202,74.31,7,0,0
7315,3205,74.31,7,0,0
7316,3207,74.31,7,0,0
7317,3209,74.31,7,0,0
7318,3218,74.31,7,0,0
7319,3233,0,8,0,0
7320,3417,192.05,3,0,0
7321,3477,192.52,3,0,0
7322,3530,182.64,3,0,0
7323,3534,68.41,7,0,0
7324,3536,192.81,2,0,0
7325,3538,203.36,2,0,0
7326,3540,182.64,2,0,0
7327,3568,169.81,2,0,0
7328,3760,166.5,2,0,0
7329,3762,166.5,2,0,0
7330,3764,166.5,2,0,0
7331,3770,0,8,0,0
7332,3771,0,8,0,0
7333,3772,0,8,0,0
7334,3873,181.8,2,0,0
7335,3875,181.8,2,0,0
7336,3879,181.8,2,0,0
7337,3897,93.63,2,0,0
7338,3899,195.87,2,0,0
7339,3900,195.87,2,0,0
7340,3911,195.87,2,0,0
7341,3913,195.87,2,0,0
7342,3916,195.87,2,0,0
7343,3918,208.86,2,0,0
7344,3924,208.86,2,0,0
7345,3926,208.86,2,0,0
7346,3928,208.86,2,0,0
7347,3930,208.86,3,0,0
7348,3932,202.1,2,0,0
7349,3934,202.1,2,0,0
7350,3936,202.1,2,0,0
7351,3938,202.1,2,0,0
7352,3940,202.1,2,0,0
7353,3942,202.1,2,0,0
7354,3945,202.1,2,0,0
7355,3958,153.47,2,0,0
7356,3959,153.47,2,0,0
7357,3972,291.7,4,0,0
7358,3993,303.76,4,0,0
7359,3994,303.76,4,0,0
7360,3996,303.76,4,0,0
7361,3998,303.76,4,0,0
7362,4000,303.76,4,0,0
7363,4001,303.76,4,0,0
7364,4013,303.76,4,0,0
7365,4014,303.76,4,0,0
7366,4025,169.45,2,0,0
7367,4027,169.45,2,0,0
7368,4029,169.45,2,0,0
7369,4031,169.45,2,0,0
7370,4036,169.45,2,0,0
7371,4039,168.88,2,0,0
7372,4043,168.88,2,0,0
7373,4045,168.88,2,0,0
7374,4046,168.88,2,0,0
7375,4048,170.55,2,0,0
7376,4050,170.55,2,0,0
7377,4052,170.55,2,0,0
7378,4058,96.45,0,0,0
7379,4060,96.45,0,0,0
7380,4067,200.97,2,0,0
7381,4069,200.97,2,0,0
7382,4071,200.97,2,0,0
7383,4074,197.68,2,0,0
7384,4080,200.97,2,0,0
7385,4084,159.89,2,0,0
7386,4095,159.89,3,0,0
7387,4131,275.91,3,0,0
7388,4138,275.91,3,0,0
7389,4141,279.04,3,0,0
7390,4156,176.51,0,0,0
7391,4169,156.87,2,0,0
7392,4172,156.87,2,0,0
7393,4175,182.4,2,0,0
7394,4198,201.82,3,0,0
7395,4204,279.73,3,0,0
7396,4223,78.8,7,0,0
7397,4229,114.7,0,0,0
7398,4231,192.02,2,0,0
7399,4233,192.02,2,0,0
7400,4236,192.02,2,0,0
7401,4237,192.02,2,0,0
7402,4239,192.02,2,0,0
7403,4241,192.02,2,0,0
7404,4242,192.02,2,0,0
7405,4249,208.27,2,0,0
7406,4257,262.59,3,0,0
7407,4265,236.83,2,0,0
7408,4272,334.5,4,0,0
7409,4284,182.6,2,0,0
7410,4286,182.6,2,0,0
7411,4309,119.46,0,0,0
7412,4316,119.46,0,0,0
7413,4317,119.46,0,0,0
7414,4319,119.46,0,0,0
7415,4321,119.46,0,0,0
7416,4322,119.46,0,0,0
7417,4324,119.46,0,0,0
7418,4335,119.69,0,0,0
7419,4337,119.69,0,0,0
7420,4382,191.28,2,0,0
7421,4384,158.25,2,0,0
7422,4508,184.77,2,0,0
7423,4510,184.77,2,0,0
7424,4512,191.46,2,0,0
7425,4514,191.46,2,0,0
7426,4516,161.12,2,0,0
7427,4518,161.12,2,0,0
7428,4520,190.75,3,0,0
7429,4536,116.37,0,0,0
7430,4538,116.37,0,0,0
7431,4548,159.92,2,0,0
7432,4550,184.77,2,0,0
7433,4552,190.75,2,0,0
7434,4602,170.86,2,0,0
7435,4604,170.86,7,0,0
7436,4606,170.86,0,0,0
7437,4608,170.86,0,0,0
7438,4611,166.64,2,0,0
7439,4614,170.86,2,0,0
7440,4699,0,8,0,0
7441,4700,0,8,0,0
7442,4704,0,8,0,0
7443,4707,0,8,0,0
7444,4710,0,8,0,0
7445,4711,0,8,0,0
7446,4712,0,8,0,0
7447,4730,0,8,0,0
7448,4731,0,8,0,0
7449,4733,0,8,0,0
7450,4734,25.41,8,0,0
7451,4769,40.52,8,0,0
7452,4771,94.15,7,0,0
7453,4773,48.84,8,0,0
7454,4783,136.4,0,0,0
7455,4845,254.27,3,0,0
7456,4856,32.52,8,0,0
7457,4862,57.73,8,0,0
7458,4864,57.73,8,0,0
7459,4866,57.73,0,0,0
7460,4891,157.71,2,0,0
7461,4893,157.71,2,0,0
7462,4952,7.5,8,0,0
7463,4956,7.5,8,0,0
7464,4966,184.77,2,0,0
7465,4968,156.73,2,0,0
7466,4970,170.6,2,0,0
7467,4972,159.92,2,0,0
7468,4996,159.92,2,0,0
7469,4999,161.12,2,0,0
7470,5002,156.73,2,0,0
7471,5005,0,8,0,0
7472,5042,214.84,3,0,0
7473,5051,213.01,2,0,0
7474,5053,213.01,2,0,0
7475,5055,230.44,2,0,0
7476,5063,144.93,2,0,0
7477,5070,218.72,2,0,0
7478,5073,218.72,2,0,0
7479,5079,182.15,2,0,0
7480,5080,182.15,2,0,0
7481,5081,182.15,3,0,0
7482,5085,119.38,0,0,0
7483,5086,120.12,0,0,0
7484,5087,119.38,2,0,0
7485,5091,40.52,8,0,0
7486,5092,40.52,8,0,0
7487,5093,40.52,8,0,0
7488,5095,150.37,0,0,0
7489,5112,100.81,0,0,0
7490,5166,170.06,2,0,0
7491,5173,176.46,2,0,0
7492,5175,176.46,2,0,0
7493,5177,176.46,2,0,0
7494,5181,120.12,2,0,0
7495,5187,120.12,2,0,0
7496,5192,120.12,0,0,0
7497,5198,116.37,0,0,0
7498,5199,116.37,0,0,0
7499,5206,201.07,2,0,0
7500,5207,200.97,2,0,0
7501,5212,48.93,0,0,0
7502,5219,48.93,0,0,0
7503,5224,210.63,2,0,0
7504,5225,210.76,2,0,0
7505,5229,210.76,2,0,0
7506,5234,169.45,2,0,0
7507,5239,169.45,2,0,0
7508,5244,168.88,2,0,0
7509,5253,192.02,2,0,0
7510,5257,192.02,2,0,0
7511,5261,192.02,2,0,0
7512,5265,192.02,2,0,0
7513,5283,159.92,2,0,0
7514,5284,190.75,3,0,0
7515,5285,159.92,2,0,0
7516,5286,156.73,2,0,0
7517,5287,161.12,2,0,0
7518,5288,170.6,2,0,0
7519,5290,0,8,0,0
7520,5293,0,8,0,0
7521,5300,0,8,0,0
7522,5307,272.11,3,0,0
7523,5312,378.74,4,0,0
7524,5315,378.74,4,0,0
7525,5319,223.61,3,0,0
7526,5322,223.61,3,0,0
7527,5330,337.93,4,0,0
7528,5333,337.93,4,0,0
7529,5345,173.66,2,0,0
7530,5347,173.66,2,0,0
7531,5349,236.78,2,0,0
7532,5353,236.78,2,0,0
7533,5364,283.66,3,0,0
7534,5365,283.66,3,0,0
7535,5368,283.66,3,0,0
7536,5369,283.66,3,0,0
7537,5371,199.75,2,0,0
7538,5377,182.76,2,0,0
7539,5379,182.76,2,0,0
7540,5383,182.76,2,0,0
7541,5385,189.86,2,0,0
7542,5387,196.46,2,0,0
7543,5389,181.38,2,0,0
7544,5391,181.38,2,0,0
7545,5394,196.46,2,0,0
7546,5396,193.73,2,0,0
7547,5398,200.98,2,0,0
7548,5400,189.2,2,0,0
7549,5402,173.02,2,0,0
7550,5404,173.02,2,0,0
7551,5407,174.18,2,0,0
7552,5409,172.49,2,0,0
7553,5411,171.79,2,0,0
7554,5413,179.06,2,0,0
7555,5415,176.62,2,0,0
7556,5417,176.62,2,0,0
7557,5419,176.62,2,0,0
7558,5425,220.11,2,0,0
7559,5427,220.11,2,0,0
7560,5431,135.39,0,0,0
7561,5435,135.39,0,0,0
7562,5436,135.39,0,0,0
7563,5437,135.39,0,0,0
7564,5443,175.55,2,0,0
7565,5445,175.55,2,0,0
7566,5447,175.55,2,0,0
7567,5458,109.03,8,0,0
7568,5463,189.98,2,0,0
7569,5465,181.66,2,0,0
7570,5471,196.48,2,0,0
7571,5473,196.48,2,0,0
7572,5475,474.56,5,0,0
7573,5479,474.56,5,0,0
7574,5480,474.56,5,0,0
7575,5482,80.64,7,0,0
7576,5483,80.64,7,0,0
7577,5486,80.64,8,0,0
7578,5490,156.73,2,0,0
7579,5499,456.85,5,0,0
7580,5503,456.85,5,0,0
7581,5504,456.85,5,0,0
7582,5506,111.99,0,0,0
7583,5507,111.99,0,0,0
7584,5510,111.99,8,0,0
7585,5514,184.77,2,0,0
7586,5525,208.27,2,0,0
7587,5535,95.91,8,0,0
7588,5540,95.91,8,0,0
7589,5550,232.98,2,0,0
7590,5555,188.99,2,0,0
7591,5571,749.48,5,0,0
7592,5574,749.48,5,0,0
7593,5584,2425.3101,5,0,0
7594,5587,2425.3101,5,0,0
7595,5609,198.02,3,0,0
7596,5612,198.02,3,0,0
7597,5616,132.49,3,0,0
7598,5619,132.49,0,0,0
7599,5693,177.38,3,0,0
7600,5695,170.6,2,0,0
7601,5696,170.6,2,0,0
7602,5697,170.6,2,0,0
7603,5698,170.6,2,0,0
7604,5699,170.6,2,0,0
7605,5700,170.6,2,0,0
7606,5711,177.38,2,0,0
7607,5712,177.38,2,0,0
7608,5713,177.38,2,0,0
7609,5714,177.38,2,0,0
7610,5715,177.38,2,0,0
7611,5716,177.38,2,0,0
7612,5723,306.3,4,0,0
7613,5724,306.3,4,0,0
7614,5725,306.3,4,0,0
7615,5726,306.3,4,0,0
7616,5727,306.3,4,0,0
7617,5753,206.86,2,0,0
7618,5758,206.86,2,0,0
7619,5760,206.86,2,0,0
7620,5762,206.86,2,0,0
7621,5765,182.76,2,0,0
7622,5770,173.02,2,0,0
7623,5773,218.73,2,0,0
7624,5776,188.47,2,0,0
7625,5778,191.36,2,0,0
7626,5780,218.73,2,0,0
7627,5782,187.92,2,0,0
7628,5784,191.36,2,0,0
7629,5803,217.01,2,0,0
7630,5805,213.42,2,0,0
7631,5807,210.95,2,0,0
7632,5811,202.97,2,0,0
7633,5812,202.97,2,0,0
7634,5826,220.36,3,0,0
7635,5829,220.36,3,0,0
7636,5834,166.5,2,0,0
7637,5836,166.5,2,0,0
7638,5838,166.5,2,0,0
7639,5844,190.06,2,0,0
7640,5846,182.83,2,0,0
7641,5848,173.02,2,0,0
7642,5850,174.18,2,0,0
7643,5852,190.06,2,0,0
7644,5854,182.83,2,0,0
7645,5856,173.02,2,0,0
7646,5858,174.18,2,0,0
7647,5860,228.69,4,0,0
7648,5867,181.94,2,0,0
7649,5869,181.94,2,0,0
7650,5871,181.94,2,0,0
7651,5873,116.03,2,0,0
7652,5889,191.57,2,0,0
7653,5899,47.13,7,0,0
7654,5900,47.13,7,0,0
7655,5903,191.46,3,0,0
7656,5914,185.53,3,0,0
7657,5917,185.53,3,0,0
7658,5924,0,8,0,0
7659,5929,0,8,0,0
7660,5932,160.19,2,0,0
7661,5948,180.69,2,0,0
7662,5950,42.53,8,0,0
7663,5957,42.53,8,0,0
7664,5961,123.25,2,0,0
7665,5970,199.75,2,0,0
7666,5980,236.97,2,0,0
7667,5986,208.27,2,0,0
7668,6001,207.41,2,0,0
7669,6003,411.72,5,0,0
7670,6017,232.99,3,0,0
7671,6018,232.99,3,0,0
7672,6019,232.99,3,0,0
7673,6021,190.75,3,0,0
7674,6028,154.84,2,0,0
7675,6031,154.84,2,0,0
7676,6053,214.22,2,0,0
7677,6054,214.22,2,0,0
7678,6055,214.22,2,0,0
7679,6071,444.92,5,0,0
7680,6087,135.89,0,0,0
7681,6090,135.89,0,0,0
7682,6094,0,8,0,0
7683,6097,0,8,0,0
7684,6116,0,8,0,0
7685,6119,210.16,2,0,0
7686,6120,210.16,2,0,0
7687,6128,167.26,2,0,0
7688,6132,167.26,2,0,0
7689,6134,266.75,3,0,0
7690,6137,229.99,2,0,0
7691,6139,185.87,2,0,0
7692,6141,110.24,2,0,0
7693,6145,257.32,4,0,0
7694,6152,229.99,2,0,0
7695,6156,185.87,2,0,0
7696,6242,42.3,8,0,0
7697,6476,209.57,2,0,0
7698,6479,209.57,2,0,0
7699,6481,0,8,0,0
7700,6610,187.21,2,0,0
7701,6611,187.21,2,0,0
7702,6616,187.21,2,0,0
7703,6617,187.21,2,0,0
7704,6622,187.21,2,0,0
7705,6623,187.21,2,0,0
7706,6628,187.21,2,0,0
7707,6629,187.21,2,0,0
7708,6798,208.08,3,0,0
7709,6802,81.8,7,0,0
7710,6804,81.8,7,0,0
7711,6822,82.45,8,0,0
7712,6823,82.45,8,0,0
7713,6825,82.45,8,0,0
7714,6827,82.45,8,0,0
7715,6830,82.45,7,0,0
7716,6850,185.69,2,0,0
7717,6855,14.22,8,0,0
7718,6857,14.22,8,0,0
7719,6861,57.45,8,0,0
7720,6867,134.5,0,0,0
7721,6872,130.67,0,0,0
7722,6874,130.67,0,0,0
7723,6880,208.91,3,0,0
7724,6882,83.41,7,0,0
7725,6884,98.14,7,0,0
7726,6891,185.87,2,0,0
7727,6893,185.87,2,0,0
7728,6898,114.55,0,0,0
7729,6900,114.55,2,0,0
7730,6905,114.55,7,0,0
7731,6907,114.55,7,0,0
7732,6926,123.36,0,0,0
7733,6929,123.36,2,0,0
7734,6937,120.12,0,0,0
7735,6969,187.21,2,0,0
7736,6971,187.21,2,0,0
7737,6973,187.21,2,0,0
7738,6975,187.21,2,0,0
7739,6985,187.21,2,0,0
7740,6987,187.21,2,0,0
7741,6989,187.21,2,0,0
7742,6991,187.21,2,0,0
7743,7010,40.52,8,0,0
7744,7012,166.5,2,0,0
7745,7032,164.99,2,0,0
7746,7036,164.99,2,0,0
7747,7040,185.51,2,0,0
7748,7044,185.51,2,0,0
7749,7048,165.08,2,0,0
7750,7052,164.99,2,0,0
7751,7061,170.86,3,0,0
7752,7092,254.27,2,0,0
7753,7169,208,2,0,0
7754,7172,172.21,2,0,0
7755,7176,180.37,2,0,0
7756,7189,195.6,2,0,0
7757,7201,195.6,2,0,0
7758,7204,303.76,2,0,0
7759,7208,47.13,7,0,0
7760,7211,173.3,2,0,0
7761,7213,173.3,2,0,0
7762,7215,173.3,2,0,0
7763,7218,173.3,2,0,0
7764,7221,57.29,8,0,0
7765,7222,57.29,8,0,0
7766,7227,192.05,2,0,0
7767,7230,192.05,2,0,0
7768,7233,96.45,0,0,0
7769,7235,138.49,0,0,0
7770,7256,196,2,0,0
7771,7259,196,2,0,0
7772,7262,196,2,0,0
7773,7265,173.66,2,0,0
7774,7299,287.76,3,0,0
7775,7301,287.76,3,0,0
7776,7303,287.76,3,0,0
7777,7305,229.15,2,0,0
7778,7307,229.15,2,0,0
7779,7309,229.15,2,0,0
7780,7311,229.15,2,0,0
7781,7313,229.15,2,0,0
7782,7315,229.15,2,0,0
7783,7317,42.11,8,0,0
7784,7319,168.34,2,0,0
7785,7321,169.65,2,0,0
7786,7323,171.43,2,0,0
7787,7326,150.76,0,0,0
7788,7329,161.31,2,0,0
7789,7331,200.8,2,0,0
7790,7333,200.8,2,0,0
7791,7335,200.8,2,0,0
7792,7337,200.8,2,0,0
7793,7344,200.8,3,0,0
7794,7347,200.8,3,0,0
7795,7350,200.8,3,0,0
7796,7353,245.55,3,0,0
7797,7362,108.13,0,0,0
7798,7411,148.55,0,0,0
7799,7414,210.99,2,0,0
7800,7417,227.54,2,0,0
7801,7435,194.88,2,0,0
7802,7436,194.88,2,0,0
7803,7440,194.88,2,0,0
7804,7443,177.65,2,0,0
7805,7450,191.32,2,0,0
7806,7453,179.72,2,0,0
7807,7460,182.73,2,0,0
7808,7463,182.73,2,0,0
7809,7466,182.73,2,0,0
7810,7471,213.94,2,0,0
7811,7474,206.96,2,0,0
7812,7482,194.89,2,0,0
7813,7485,162.55,2,0,0
7814,7492,162.44,2,0,0
7815,7495,162.44,2,0,0
7816,7501,208.59,3,0,0
7817,7504,185.91,2,0,0
7818,7516,172.29,2,0,0
7819,7517,172.29,2,0,0
7820,7518,214.84,2,0,0
7821,7526,181.66,2,0,0
7822,7527,162.83,2,0,0
7823,7531,192.49,2,0,0
7824,7534,193.78,2,0,0
7825,7544,187.21,2,0,0
7826,7545,187.21,2,0,0
7827,7546,187.21,2,0,0
7828,7552,167.04,2,0,0
7829,7556,166.16,2,0,0
7830,7558,166.16,2,0,0
7831,7563,187.21,2,0,0
7832,7566,204.96,3,0,0
7833,7940,163,2,0,0
7834,7941,163,2,0,0
7835,7959,138.59,0,0,0
7836,7974,196.84,2,0,0
7837,7989,222.37,2,0,0
7838,7990,176.06,2,0,0
7839,7991,230.44,2,0,0
7840,7992,183.41,2,0,0
7841,7993,160.51,2,0,0
7842,7994,181.66,2,0,0
7843,7995,199.51,2,0,0
7844,8000,197.68,2,0,0
7845,8016,192.66,2,0,0
7846,8017,179.47,2,0,0
7847,8018,198.56,2,0,0
7848,8019,198.56,2,0,0
7849,8020,193.29,2,0,0
7850,8021,210.63,2,0,0
7851,8023,191.68,2,0,0
7852,8043,40.51,8,0,0
7853,8044,42.53,8,0,0
7854,8045,17.47,8,0,0
7855,8046,95.91,7,0,0
7856,8047,101.11,0,0,0
7857,8048,186.98,2,0,0
7858,8049,197.01,2,0,0
7859,8050,111.31,0,0,0
7860,8052,194.51,2,0,0
7861,8072,156.87,2,0,0
7862,8073,156.87,2,0,0
7863,8074,214.05,2,0,0
7864,8075,214.05,2,0,0
7865,8076,138.43,0,0,0
7866,8077,176.51,0,0,0
7867,8078,178.48,2,0,0
7868,8079,193.49,2,0,0
7869,8080,212.53,2,0,0
7870,8081,211.25,2,0,0
7871,8114,253.41,3,0,0
7872,8119,870.21,5,0,0
7873,8120,870.21,5,0,0
7874,8154,221.57,2,0,0
7875,8155,221.57,2,0,0
7876,8156,221.57,2,0,0
7877,8157,233.49,2,0,0
7878,8158,233.49,2,0,0
7879,8159,233.49,2,0,0
7880,8160,207.13,2,0,0
7881,8161,207.13,2,0,0
7882,8162,207.13,2,0,0
7883,8163,230.3,2,0,0
7884,8164,230.3,2,0,0
7885,8165,230.3,2,0,0
7886,8166,221.57,2,0,0
7887,8167,221.57,2,0,0
7888,8168,221.57,2,0,0
7889,8169,233.49,2,0,0
7890,8170,233.49,2,0,0
7891,8171,233.49,2,0,0
7892,8172,207.13,2,0,0
7893,8173,207.13,2,0,0
7894,8174,207.13,2,0,0
7895,8175,230.3,2,0,0
7896,8176,230.3,2,0,0
7897,8177,230.3,2,0,0
7898,8178,227.26,2,0,0
7899,8179,227.26,2,0,0
7900,8183,7.81,8,0,0
7901,8184,7.81,8,0,0
7902,8185,0,8,0,0
7903,8186,155.02,2,0,0
7904,8187,143.42,2,0,0
7905,8188,141.21,2,0,0
7906,8189,140.87,2,0,0
7907,8190,160.52,2,0,0
7908,8191,143.42,2,0,0
7909,8192,0,8,0,0
7910,8193,0,8,0,0
7911,8194,0,8,0,0
7912,8195,0,8,0,0
7913,8196,0,8,0,0
7914,8197,160.52,2,0,0
7915,8198,143.42,3,0,0
7916,8199,140.87,3,0,0
7917,8200,160.52,2,0,0
7918,8201,155.02,2,0,0
7919,8202,0,8,0,0
7920,8203,0,8,0,0
7921,8204,0,8,0,0
7922,8205,0,8,0,0
7923,8206,0,8,0,0
7924,8207,0,8,0,0
7925,8208,45.15,8,0,0
7926,8209,52.53,8,0,0
7927,8210,0,8,0,0
7928,8211,0,8,0,0
7929,8212,0,8,0,0
7930,8213,0,8,0,0
7931,8214,0,8,0,0
7932,8215,0,8,0,0
7933,8216,0,8,0,0
7934,8217,0,8,0,0
7935,8218,0,8,0,0
7936,8219,143.42,3,0,0
7937,8220,143.42,3,0,0
7938,8221,143.42,3,0,0
7939,8222,0,8,0,0
7940,8223,0,8,0,0
7941,8224,0,8,0,0
7942,8225,0,8,0,0
7943,8226,0,8,0,0
7944,8227,0,8,0,0
7945,8228,201.67,2,0,0
7946,8229,0,8,0,0
7947,8230,0,8,0,0
7948,8231,0,8,0,0
7949,8232,0,8,0,0
7950,8233,0,8,0,0
7951,8234,0,8,0,0
7952,8235,0,8,0,0
7953,8236,0,8,0,0
7954,8237,0,8,0,0
7955,8238,0,8,0,0
7956,8239,0,8,0,0
7957,8240,0,8,0,0
7958,8241,0,8,0,0
7959,8242,0,8,0,0
7960,8243,0,8,0,0
7961,8244,0,8,0,0
7962,8245,0,8,0,0
7963,8246,0,8,0,0
7964,8247,0,8,0,0
7965,8248,0,8,0,0
7966,8249,0,8,0,0
7967,8250,0,8,0,0
7968,8251,232.98,2,0,0
7969,8252,209.76,2,0,0
7970,8253,257.32,3,0,0
7971,8254,232.98,2,0,0
7972,8255,209.76,2,0,0
7973,8256,0,8,0,0
7974,8258,78.98,7,0,0
7975,8260,124.55,0,0,0
7976,8261,0,8,0,0
7977,8263,158,0,0,0
7978,8265,122.1,0,0,0
7979,8267,83.67,7,0,0
7980,8269,233.27,2,0,0
7981,8272,117.88,0,0,0
7982,8274,185.42,2,0,0
7983,8277,228.98,2,0,0
7984,8280,219.05,2,0,0
7985,8283,266.44,3,0,0
7986,8286,133.98,2,0,0
7987,8288,175.49,2,0,0
7988,8291,259.6,3,0,0
7989,8293,325.38,4,0,0
7990,8294,83.67,8,0,0
7991,8297,19.88,8,0,0
7992,8299,14.22,8,0,0
7993,8300,14.22,8,0,0
7994,8303,7.51,8,0,0
7995,8306,42.53,8,0,0
7996,8308,94.14,7,0,0
7997,8310,42.21,8,0,0
7998,8312,65.95,8,0,0
7999,8314,8.23,8,0,0
8000,8316,42.53,8,0,0
8001,8318,98.67,7,0,0
8002,8321,115.03,0,0,0
8003,8324,205.91,2,0,0
8004,8327,93.63,2,0,0
8005,8328,7.51,8,0,0
8006,8331,239.68,2,0,0
8007,8335,142.67,2,0,0
8008,8338,55.82,8,0,0
8009,8340,136.67,0,0,0
8010,8341,0,8,0,0
8011,8344,121.25,0,0,0
8012,8346,146.93,2,0,0
8013,8348,194.44,2,0,0
8014,8350,65.8,7,0,0
8015,8353,98.95,7,0,0
8016,8355,110.31,0,0,0
8017,8358,194.44,2,0,0
8018,8361,192.09,2,0,0
8019,8363,236.78,2,0,0
8020,8366,194.89,2,0,0
8021,8368,183.15,2,0,0
8022,8370,0,8,0,0
8023,8371,0,8,0,0
8024,8372,0,8,0,0
8025,8373,0,8,0,0
8026,8374,0,8,0,0
8027,8375,0,8,0,0
8028,8376,0,8,0,0
8029,8377,0,8,0,0
8030,8378,0,8,0,0
8031,8379,0,8,0,0
8032,8380,0,8,0,0
8033,8381,0,8,0,0
8034,8382,0,8,0,0
8035,8383,0,8,0,0
8036,8384,0,8,0,0
8037,8385,0,8,0,0
8038,8387,0,8,0,0
8039,8389,173.73,2,0,0
8040,8390,168.98,2,0,0
8041,8391,480.52,5,0,0
8042,8392,180.94,2,0,0
8043,8393,480.52,5,0,0
8044,8394,480.52,4,0,0
8045,8395,180.05,2,0,0
8046,8396,180.05,2,0,0
8047,8397,0,8,0,0
8048,8398,365.22,3,0,0
8049,8399,0,8,0,0
8050,8400,0,8,0,0
8051,8401,0,8,0,0
8052,8402,0,8,0,0
8053,8403,0,8,0,0
8054,8404,0,8,0,0
8055,8405,0,8,0,0
8056,8406,0,8,0,0
8057,8407,0,8,0,0
8058,8408,0,8,0,0
8059,8409,0,8,0,0
8060,8410,0,8,0,0
8061,8411,0,8,0,0
8062,8412,0,8,0,0
8063,8416,244.95,3,0,0
8064,8420,119.15,0,0,0
8065,8424,121.69,0,0,0
8066,8425,190.75,2,0,0
8067,8428,184.56,3,0,0
8068,8431,170.11,3,0,0
8069,8434,192.66,3,0,0
8070,8435,150.98,2,0,0
8071,8436,150.98,0,0,0
8072,8437,69.86,7,0,0
8073,8438,69.86,8,0,0
8074,8439,0,8,0,0
8075,8440,162.35,2,0,0
8076,8444,192.53,2,0,0
8077,8445,180.05,2,0,0
8078,8446,0,8,0,0
8079,8447,0,8,0,0
8080,8448,0,8,0,0
8081,8449,0,8,0,0
8082,8450,0,8,0,0
8083,8453,178.53,3,0,0
8084,8454,189.21,2,0,0
8085,8455,189.21,2,0,0
8086,8456,126.48,0,0,0
8087,8457,126.48,0,0,0
8088,8458,221.84,2,0,0
8089,8461,225.21,4,0,0
8090,8462,225.21,4,0,0
8091,8463,225.21,4,0,0
8092,8464,0,8,0,0
8093,8465,0,8,0,0
8094,8469,202.88,3,0,0
8095,8470,97.45,2,0,0
8096,8471,113.12,3,0,0
8097,8472,0,8,0,0
8098,8475,178.06,2,0,0
8099,8476,0,8,0,0
8100,8477,176.99,2,0,0
8101,8478,232.98,2,0,0
8102,8479,209.76,2,0,0
8103,8480,167.75,2,0,0
8104,8484,211.78,2,0,0
8105,8485,219.16,4,0,0
8106,8486,188.39,2,0,0
8107,8487,188.39,2,0,0
8108,8488,188.39,2,0,0
8109,8489,345.95,5,0,0
8110,8490,209.76,2,0,0
8111,8491,189.1,2,0,0
8112,8492,167.94,2,0,0
8113,8493,176.05,2,0,0
8114,8494,183.42,2,0,0
8115,8496,201.15,2,0,0
8116,8497,185.24,2,0,0
8117,8498,163.3,2,0,0
8118,8499,205.49,2,0,0
8119,8500,162.92,2,0,0
8120,8501,173.96,2,0,0
8121,8502,173.96,2,0,0
8122,8503,182.74,2,0,0
8123,8504,166.76,2,0,0
8124,8505,166.76,2,0,0
8125,8506,181.69,2,0,0
8126,8507,190.75,2,0,0
8127,8508,190.75,2,0,0
8128,8509,245.55,3,0,0
8129,8512,0,8,0,0
8130,8513,0,8,0,0
8131,8514,195.16,3,0,0
8132,8515,0,8,0,0
8133,8516,175.53,2,0,0
8134,8517,181.53,2,0,0
8135,8518,160.16,2,0,0
8136,8519,0,8,0,0
8137,8520,222.38,4,0,0
8138,8521,181.78,2,0,0
8139,8522,426.1,5,0,0
8140,8523,0,8,0,0
8141,8524,174.59,2,0,0
8142,8525,174.59,2,0,0
8143,8526,169.47,2,0,0
8144,8527,138.59,0,0,0
8145,8528,138.59,0,0,0
8146,8529,174.59,2,0,0
8147,8530,177.4,2,0,0
8148,8531,177.4,2,0,0
8149,8532,177.4,2,0,0
8150,8533,179.48,2,0,0
8151,8534,179.48,2,0,0
8152,8535,177.4,2,0,0
8153,8536,177.4,2,0,0
8154,8537,179.48,2,0,0
8155,8538,179.48,2,0,0
8156,8539,179.48,2,0,0
8157,8540,179.48,2,0,0
8158,8541,182.16,2,0,0
8159,8542,182.16,2,0,0
8160,8543,179.48,2,0,0
8161,8544,179.48,2,0,0
8162,8545,179.48,2,0,0
8163,8546,179.48,2,0,0
8164,8547,182.16,2,0,0
8165,8548,182.16,2,0,0
8166,8549,179.48,2,0,0
8167,8550,179.48,2,0,0
8168,8551,182.16,2,0,0
8169,8552,178.66,3,0,0
8170,8553,177.27,3,0,0
8171,8554,178.66,3,0,0
8172,8555,177.27,3,0,0
8173,8556,174.33,2,0,0
8174,8557,177.24,2,0,0
8175,8558,174.33,2,0,0
8176,8559,177.24,2,0,0
8177,8560,174.84,2,0,0
8178,8562,174.84,2,0,0
8179,8563,174.84,2,0,0
8180,8564,178.37,2,0,0
8181,8565,178.37,2,0,0
8182,8566,188.39,2,0,0
8183,8567,188.39,2,0,0
8184,8568,188.39,2,0,0
8185,8569,188.39,2,0,0
8186,8570,188.39,2,0,0
8187,8571,188.39,2,0,0
8188,8572,188.39,2,0,0
8189,8573,199.18,2,0,0
8190,8574,199.18,2,0,0
8191,8575,199.18,2,0,0
8192,8576,93,7,0,0
8193,8578,178.06,2,0,0
8194,8579,178.06,2,0,0
8195,8580,178.06,2,0,0
8196,8581,178.06,2,0,0
8197,8583,177.95,2,0,0
8198,8584,177.95,2,0,0
8199,8585,177.95,2,0,0
8200,8586,177.95,2,0,0
8201,8587,177.95,2,0,0
8202,8589,178.06,2,0,0
8203,8591,178.06,2,0,0
8204,8592,178.06,2,0,0
8205,8593,178.06,2,0,0
8206,8595,178.06,2,0,0
8207,8596,178.06,2,0,0
8208,8597,178.06,2,0,0
8209,8598,178.06,2,0,0
8210,8600,32.52,8,0,0
8211,8601,92.22,7,0,0
8212,8603,238.66,2,0,0
8213,8604,180.42,2,0,0
8214,8605,180.42,2,0,0
8215,8606,180.42,2,0,0
8216,8607,180.42,2,0,0
8217,8608,180.42,2,0,0
8218,8609,180.42,2,0,0
8219,8610,180.42,2,0,0
8220,8611,180.42,2,0,0
8221,8612,176.29,2,0,0
8222,8613,176.29,2,0,0
8223,8614,178.37,2,0,0
8224,8615,178.37,2,0,0
8225,8616,175.54,2,0,0
8226,8617,175.54,2,0,0
8227,8618,180.42,2,0,0
8228,8619,180.42,2,0,0
8229,8620,180.42,2,0,0
8230,8621,180.42,2,0,0
8231,8622,180.42,2,0,0
8232,8623,176.29,2,0,0
8233,8624,178.37,2,0,0
8234,8625,175.54,2,0,0
8235,8626,173.06,2,0,0
8236,8627,173.06,2,0,0
8237,8628,177.33,2,0,0
8238,8629,177.33,2,0,0
8239,8630,176.29,2,0,0
8240,8631,176.29,2,0,0
8241,8632,178.37,2,0,0
8242,8633,178.37,2,0,0
8243,8634,173.06,2,0,0
8244,8635,177.33,2,0,0
8245,8636,176.29,2,0,0
8246,8637,178.37,2,0,0
8247,8638,207.35,3,0,0
8248,8639,176.49,2,0,0
8249,8640,207.35,3,0,0
8250,8641,176.49,2,0,0
8251,8642,16.06,8,0,0
8252,8643,0,8,0,0
8253,8644,167.21,2,0,0
8254,8645,167.21,2,0,0
8255,8647,167.21,2,0,0
8256,8648,167.21,2,0,0
8257,8650,53.76,8,0,0
8258,8651,53.76,8,0,0
8259,8652,129.67,7,0,0
8260,8653,66.92,7,0,0
8261,8654,66.92,7,0,0
8262,8655,171.32,2,0,0
8263,8656,171.32,2,0,0
8264,8658,149.87,2,0,0
8265,8659,149.87,2,0,0
8266,8660,180.52,2,0,0
8267,8661,180.52,2,0,0
8268,8663,179.04,2,0,0
8269,8664,179.04,2,0,0
8270,8666,208.64,3,0,0
8271,8667,208.64,3,0,0
8272,8669,128.46,2,0,0
8273,8670,128.46,2,0,0
8274,8672,171.62,2,0,0
8275,8673,292.09,4,0,0
8276,8674,128.32,0,0,0
8277,8675,292.09,4,0,0
8278,8679,178.66,3,0,0
8279,8682,177.27,3,0,0
8280,8683,232.98,2,0,0
8281,8684,209.76,2,0,0
8282,8685,257.32,3,0,0
8283,8686,207.41,2,0,0
8284,8687,0,8,0,0
8285,8688,158.86,0,0,0
8286,8689,129.8,0,0,0
8287,8690,129.8,0,0,0
8288,8691,130.15,0,0,0
8289,8692,130.15,0,0,0
8290,8693,129.9,0,0,0
8291,8694,129.9,0,0,0
8292,8695,129.91,0,0,0
8293,8696,129.91,0,0,0
8294,8697,257.32,3,0,0
8295,8698,194.75,2,0,0
8296,8699,149.87,2,0,0
8297,8700,132.49,0,0,0
8298,8701,149.87,2,0,0
8299,8703,53.76,8,0,0
8300,8707,132.94,0,0,0
8301,8708,129.7,7,0,0
8302,8709,99.81,7,0,0
8303,8710,99.81,7,0,0
8304,8711,0,8,0,0
8305,8712,0,8,0,0
8306,8713,0,8,0,0
8307,8714,0,8,0,0
8308,8715,197.18,2,0,0
8309,8716,197.18,2,0,0
8310,8717,212.27,4,0,0
8311,8718,0,8,0,0
8312,8719,0,8,0,0
8313,8720,234.16,3,0,0
8314,8721,234.16,4,0,0
8315,8722,0,8,0,0
8316,8723,0,8,0,0
8317,8724,0,8,0,0
8318,8725,207.15,3,0,0
8319,8726,0,8,0,0
8320,8727,0,8,0,0
8321,8731,154.14,7,0,0
8322,8732,233.24,2,0,0
8323,8733,185.55,2,0,0
8324,8734,0,8,0,0
8325,8736,175.56,2,0,0
8326,8737,175.56,2,0,0
8327,8738,335.74,2,0,0
8328,8739,40.41,8,0,0
8329,8740,0,8,0,0
8330,8741,175.56,2,0,0
8331,8743,175.56,2,0,0
8332,8744,0,8,0,0
8333,8745,0,8,0,0
8334,8746,0,8,0,0
8335,8747,0,8,0,0
8336,8748,0,8,0,0
8337,8749,0,8,0,0
8338,8750,25.13,8,0,0
8339,8751,25.13,8,0,0
8340,8752,25.13,8,0,0
8341,8753,25.13,8,0,0
8342,8754,25.13,8,0,0
8343,8755,0,8,0,0
8344,8756,157.69,0,0,0
8345,8757,157.69,0,0,0
8346,8758,157.69,0,0,0
8347,8759,157.69,0,0,0
8348,8760,157.69,0,0,0
8349,8761,157.69,0,0,0
8350,8762,157.69,0,0,0
8351,8763,157.69,0,0,0
8352,8764,157.69,0,0,0
8353,8765,157.69,0,0,0
8354,8766,157.69,0,0,0
8355,8767,157.69,0,0,0
8356,8768,157.69,0,0,0
8357,8769,219.78,2,0,0
8358,8770,0,8,0,0
8359,8771,176.73,2,0,0
8360,8772,176.73,2,0,0
8361,8773,176.73,2,0,0
8362,8774,176.73,2,0,0
8363,8776,176.73,2,0,0
8364,8778,176.73,2,0,0
8365,8779,176.73,2,0,0
8366,8780,176.73,2,0,0
8367,8781,176.73,2,0,0
8368,8782,176.73,2,0,0
8369,8784,176.73,2,0,0
8370,8785,176.73,2,0,0
8371,8786,176.73,2,0,0
8372,8787,176.73,2,0,0
8373,8788,176.73,2,0,0
8374,8790,176.73,2,0,0
8375,8791,176.73,2,0,0
8376,8792,176.73,2,0,0
8377,8794,176.73,2,0,0
8378,8795,176.73,2,0,0
8379,8796,176.93,2,0,0
8380,8797,176.93,2,0,0
8381,8798,176.93,2,0,0
8382,8799,176.93,2,0,0
8383,8800,176.93,2,0,0
8384,8801,176.93,2,0,0
8385,8802,192.36,2,0,0
8386,8803,192.36,2,0,0
8387,8804,192.36,2,0,0
8388,8805,192.36,2,0,0
8389,8806,314.47,4,0,0
8390,8808,314.47,4,0,0
8391,8809,314.47,4,0,0
8392,8811,270.89,3,0,0
8393,8812,270.89,3,0,0
8394,8813,270.89,3,0,0
8395,8814,270.89,3,0,0
8396,8815,270.89,3,0,0
8397,8816,224.95,2,0,0
8398,8817,224.95,2,0,0
8399,8818,224.95,2,0,0
8400,8819,224.95,3,0,0
8401,8820,224.95,3,0,0
8402,8821,225.15,2,0,0
8403,8824,158.53,2,0,0
8404,8825,158.53,2,0,0
8405,8826,158.53,2,0,0
8406,8827,130.67,2,0,0
8407,8828,130.67,2,0,0
8408,8829,130.67,2,0,0
8409,8830,130.67,2,0,0
8410,8831,119.31,0,0,0
8411,8832,119.31,0,0,0
8412,8833,119.31,0,0,0
8413,8834,119.31,0,0,0
8414,8835,218.73,2,0,0
8415,8836,218.73,2,0,0
8416,8837,218.73,2,0,0
8417,8838,199.65,0,0,0
8418,8839,199.65,0,0,0
8419,8840,199.65,0,0,0
8420,8842,199.65,0,0,0
8421,8843,199.65,0,0,0
8422,8844,199.65,0,0,0
8423,8846,199.65,0,0,0
8424,8847,199.65,0,0,0
8425,8848,199.65,0,0,0
8426,8850,199.65,0,0,0
8427,8851,199.65,0,0,0
8428,8852,199.65,0,0,0
8429,8854,160.46,2,0,0
8430,8855,160.46,2,0,0
8431,8856,0,8,0,0
8432,8857,0,8,0,0
8433,8858,0,8,0,0
8434,8859,0,8,0,0
8435,8860,0,8,0,0
8436,8861,0,8,0,0
8437,8862,0,8,0,0
8438,8863,0,8,0,0
8439,8864,536.36,5,0,0
8440,8865,536.36,5,0,0
8441,8866,536.36,5,0,0
8442,8867,536.36,5,0,0
8443,8868,299.42,3,0,0
8444,8869,222.15,2,0,0
8445,8870,222.15,2,0,0
8446,8871,110.73,0,0,0
8447,8872,110.73,0,0,0
8448,8873,43.71,8,0,0
8449,8874,43.71,8,0,0
8450,8875,43.71,8,0,0
8451,8876,43.71,8,0,0
8452,8877,43.71,8,0,0
8453,8878,20.65,8,0,0
8454,8879,234.17,2,0,0
8455,8880,66.31,7,0,0
8456,8881,66.31,7,0,0
8457,8882,66.31,7,0,0
8458,8883,66.31,7,0,0
8459,8884,66.31,7,0,0
8460,8885,66.31,7,0,0
8461,8886,66.31,7,0,0
8462,8887,66.31,7,0,0
8463,8888,66.31,7,0,0
8464,8889,66.31,7,0,0
8465,8890,66.31,8,0,0
8466,8891,66.31,8,0,0
8467,8892,53.13,8,0,0
8468,8893,53.13,8,0,0
8469,8894,0,8,0,0
8470,8895,0,8,0,0
8471,8896,0,8,0,0
8472,8898,0,8,0,0
8473,8899,0,8,0,0
8474,8901,0,8,0,0
8475,8902,0,8,0,0
8476,8903,0,8,0,0
8477,8904,16.42,8,0,0
8478,8905,16.42,8,0,0
8479,8906,16.42,8,0,0
8480,8908,0,8,0,0
8481,8909,0,8,0,0
8482,8910,0,8,0,0
8483,8912,0,8,0,0
8484,8913,0,8,0,0
8485,8914,0,8,0,0
8486,8915,0,8,0,0
8487,8916,0,8,0,0
8488,8918,0,8,0,0
8489,8919,0,8,0,0
8490,8920,0,8,0,0
8491,8923,121.94,2,0,0
8492,8924,121.94,2,0,0
8493,8925,53.39,8,0,0
8494,8926,0,8,0,0
8495,8927,0,8,0,0
8496,8929,133.32,0,0,0
8497,8930,133.32,0,0,0
8498,8932,0,8,0,0
8499,8933,142.91,2,0,0
8500,8934,142.91,2,0,0
8501,8937,163.24,2,0,0
8502,8938,163.24,2,0,0
8503,8939,163.24,2,0,0
8504,8940,163.24,2,0,0
8505,8941,163.24,2,0,0
8506,8942,163.24,2,0,0
8507,8943,163.24,2,0,0
8508,8944,163.24,2,0,0
8509,8945,163.24,2,0,0
8510,8946,163.24,2,0,0
8511,8947,163.24,2,0,0
8512,8948,163.24,2,0,0
8513,8949,163.24,2,0,0
8514,8950,299.42,3,0,0
8515,8953,223.53,3,0,0
8516,8955,32.35,8,0,0
8517,8957,189.21,2,0,0
8518,8959,189.21,2,0,0
8519,8960,189.21,2,0,0
8520,8962,189.21,2,0,0
8521,8963,189.21,2,0,0
8522,8964,189.21,2,0,0
8523,8966,189.21,2,0,0
8524,8967,179.92,2,0,0
8525,8969,179.92,2,0,0
8526,8970,179.92,2,0,0
8527,8971,179.92,2,0,0
8528,8972,178.46,2,0,0
8529,8974,178.46,2,0,0
8530,8975,178.46,2,0,0
8531,8976,179.92,2,0,0
8532,8977,179.92,2,0,0
8533,8978,187.19,2,0,0
8534,8980,187.19,2,0,0
8535,8981,187.19,2,0,0
8536,8983,187.19,2,0,0
8537,8984,144.28,2,0,0
8538,8985,144.28,2,0,0
8539,8986,194.32,2,0,0
8540,8988,194.32,2,0,0
8541,8989,194.32,2,0,0
8542,8990,208.87,3,0,0
8543,8992,208.87,3,0,0
8544,8993,181.75,2,0,0
8545,8995,181.75,2,0,0
8546,8996,217.36,2,0,0
8547,8998,217.36,2,0,0
8548,8999,217.36,2,0,0
8549,9000,189.97,2,0,0
8550,9002,189.97,2,0,0
8551,9003,189.97,2,0,0
8552,9004,130.12,0,0,0
8553,9006,130.12,0,0,0
8554,9007,130.12,2,0,0
8555,9008,32.52,8,0,0
8556,9009,188.78,2,0,0
8557,9011,188.78,2,0,0
8558,9012,180.92,2,0,0
8559,9014,180.92,2,0,0
8560,9015,180.92,3,0,0
8561,9016,180.92,2,0,0
8562,9017,194.32,2,0,0
8563,9018,183.65,2,0,0
8564,9020,189.97,2,0,0
8565,9021,189.97,2,0,0
8566,9022,189.97,2,0,0
8567,9023,42.21,8,0,0
8568,9024,222.38,3,0,0
8569,9025,1000,5,0,0
8570,9026,67.5,7,0,0
8571,9027,67.5,7,0,0
8572,9028,223.53,3,0,0
8573,9029,409.15,5,0,0
8574,9030,0,8,0,0
8575,9031,179.93,2,0,0
8576,9032,17.37,8,0,0
8577,9033,81.8,8,0,0
8578,9034,207.67,2,0,0
8579,9035,207.67,2,0,0
8580,9036,207.67,2,0,0
8581,9037,207.67,2,0,0
8582,9038,207.67,2,0,0
8583,9039,189.21,2,0,0
8584,9040,189.21,2,0,0
8585,9041,164.99,2,0,0
8586,9042,185.51,2,0,0
8587,9043,203.41,2,0,0
8588,9044,203.41,2,0,0
8589,9045,189.7,2,0,0
8590,9046,175.5,2,0,0
8591,9047,142.26,0,0,0
8592,9048,199.65,0,0,0
8593,9049,174.87,2,0,0
8594,9050,74.31,7,0,0
8595,9051,94.15,7,0,0
8596,9052,0,8,0,0
8597,9053,213.94,2,0,0
8598,9054,206.96,2,0,0
8599,9055,182.73,2,0,0
8600,9056,182.73,2,0,0
8601,9057,182.73,2,0,0
8602,9058,166.5,2,0,0
8603,9059,166.5,2,0,0
8604,9060,208.08,3,0,0
8605,9061,0,8,0,0
8606,9062,2,8,0,0
8607,9063,254.27,3,0,0
8608,9064,170.86,2,0,0
8609,9065,217.36,2,0,0
8610,9066,179.92,2,0,0
8611,9067,188.13,2,0,0
8612,9068,188.13,2,0,0
8613,9069,188.13,2,0,0
8614,9070,188.13,2,0,0
8615,9071,188.13,2,0,0
8616,9072,194.78,2,0,0
8617,9073,194.78,2,0,0
8618,9075,179.32,2,0,0
8619,9076,179.32,2,0,0
8620,9078,134.48,2,0,0
8621,9079,134.48,2,0,0
8622,9081,214.97,2,0,0
8623,9082,214.97,2,0,0
8624,9084,250.48,4,0,0
8625,9085,250.48,4,0,0
8626,9087,358.29,4,0,0
8627,9089,155.02,2,0,0
8628,9090,155.02,2,0,0
8629,9091,160.52,2,0,0
8630,9092,160.52,2,0,0
8631,9093,137.27,0,0,0
8632,9094,137.27,0,0,0
8633,9095,143.42,2,0,0
8634,9096,143.42,2,0,0
8635,9097,233.49,2,0,0
8636,9098,233.49,2,0,0
8637,9099,259.81,4,0,0
8638,9100,259.81,4,0,0
8639,9101,145.32,3,0,0
8640,9102,185.56,2,0,0
8641,9103,185.56,2,0,0
8642,9104,137.67,0,0,0
8643,9105,137.67,0,0,0
8644,9106,124.23,0,0,0
8645,9107,124.23,0,0,0
8646,9108,187.41,2,0,0
8647,9109,187.41,2,0,0
8648,9110,312.23,3,0,0
8649,9111,312.23,3,0,0
8650,9112,297.42,4,0,0
8651,9114,0,8,0,0
8652,9115,0,8,0,0
8653,9116,0,8,0,0
8654,9117,0,8,0,0
8655,9118,0,8,0,0
8656,9119,0,8,0,0
8657,9120,181.36,2,0,0
8658,9121,181.36,2,0,0
8659,9122,181.36,2,0,0
8660,9123,185.51,2,0,0
8661,9124,185.51,2,0,0
8662,9125,185.51,2,0,0
8663,9126,185.51,2,0,0
8664,9127,185.51,2,0,0
8665,9128,185.51,2,0,0
8666,9129,185.51,2,0,0
8667,9130,123.36,0,0,0
8668,9131,123.36,2,0,0
8669,9132,192.81,2,0,0
8670,9133,192.81,2,0,0
8671,9134,192.52,2,0,0
8672,9135,192.52,2,0,0
8673,9136,254.27,3,0,0
8674,9137,254.27,3,0,0
8675,9138,174.22,2,0,0
8676,9139,0,8,0,0
8677,9140,0,8,0,0
8678,9141,478.26,5,0,0
8679,9142,17.01,8,0,0
8680,9143,17.01,8,0,0
8681,9144,177.41,2,0,0
8682,9145,177.41,2,0,0
8683,9146,164.99,2,0,0
8684,9147,164.99,2,0,0
8685,9148,164.99,2,0,0
8686,9149,164.99,2,0,0
8687,9150,164.99,2,0,0
8688,9151,164.99,2,0,0
8689,9152,164.99,2,0,0
8690,9153,164.99,2,0,0
8691,9154,164.99,2,0,0
8692,9155,164.99,2,0,0
8693,9156,164.99,2,0,0
8694,9157,164.99,3,0,0
8695,9158,164.99,2,0,0
8696,9159,164.99,2,0,0
8697,9160,164.99,2,0,0
8698,9161,164.99,2,0,0
8699,9162,164.99,2,0,0
8700,9163,164.99,2,0,0
8701,9164,164.99,2,0,0
8702,9165,164.99,2,0,0
8703,9166,164.99,2,0,0
8704,9167,164.99,2,0,0
8705,9168,164.99,2,0,0
8706,9169,164.99,2,0,0
8707,9170,164.99,2,0,0
8708,9171,164.99,2,0,0
8709,9172,164.99,2,0,0
8710,9173,164.99,2,0,0
8711,9174,164.99,3,0,0
8712,9175,164.99,2,0,0
8713,9176,164.99,2,0,0
8714,9177,164.99,2,0,0
8715,9178,164.99,2,0,0
8716,9179,164.99,2,0,0
8717,9180,0,8,0,0
8718,9181,0,8,0,0
8719,9183,0,8,0,0
8720,9184,0,8,0,0
8721,9186,0,8,0,0
8722,9187,0,8,0,0
8723,9188,0,8,0,0
8724,9189,0,8,0,0
8725,9190,0,8,0,0
8726,9191,0,8,0,0
8727,9192,0,8,0,0
8728,9193,0,8,0,0
8729,9194,0,8,0,0
8730,9195,0,8,0,0
8731,9196,0,8,0,0
8732,9197,0,8,0,0
8733,9198,0,8,0,0
8734,9199,0,8,0,0
8735,9200,0,8,0,0
8736,9201,0,8,0,0
8737,9202,0,8,0,0
8738,9203,0,8,0,0
8739,9204,0,8,0,0
8740,9206,0,8,0,0
8741,9207,0,8,0,0
8742,9208,0,8,0,0
8743,9209,0,8,0,0
8744,9210,0,8,0,0
8745,9211,0,8,0,0
8746,9212,0,8,0,0
8747,9213,0,8,0,0
8748,9214,0,8,0,0
8749,9215,0,8,0,0
8750,9216,0,8,0,0
8751,9217,0,8,0,0
8752,9218,0,8,0,0
8753,9219,0,8,0,0
8754,9220,0,8,0,0
8755,9221,0,8,0,0
8756,9222,0,8,0,0
8757,9223,0,8,0,0
8758,9224,0,8,0,0
8759,9225,0,8,0,0
8760,9226,0,8,0,0
8761,9227,121.94,0,0,0
8762,9228,0,8,0,0
8763,9230,141.49,2,0,0
8764,9231,323.74,4,0,0
8765,9232,30.48,8,0,0
8766,9234,0,8,0,0
8767,9235,163.24,2,0,0
8768,9236,185.28,2,0,0
8769,9237,185.28,2,0,0
8770,9238,158.53,0,0,0
8771,9239,158.53,0,0,0
8772,9240,179.93,2,0,0
8773,9241,179.93,2,0,0
8774,9242,187.93,2,0,0
8775,9243,187.93,2,0,0
8776,9244,179.99,2,0,0
8777,9245,179.99,2,0,0
8778,9246,234.17,2,0,0
8779,9247,234.17,2,0,0
8780,9248,234.17,2,0,0
8781,9249,179.92,2,0,0
8782,9250,179.92,2,0,0
8783,9251,164.3,2,0,0
8784,9252,164.3,2,0,0
8785,9253,123.15,0,0,0
8786,9254,0,8,0,0
8787,9255,170.86,2,0,0
8788,9256,170.86,2,0,0
8789,9257,84.06,2,0,0
8790,9258,84.06,2,0,0
8791,9260,84.06,0,0,0
8792,9261,84.06,0,0,0
8793,9263,84.06,8,0,0
8794,9264,192.02,2,0,0
8795,9265,192.02,2,0,0
8796,9266,176.53,2,0,0
8797,9267,176.53,2,0,0
8798,9268,246.07,3,0,0
8799,9269,50,8,0,0
8800,9270,120.93,2,0,0
8801,9271,120.93,2,0,0
8802,9272,120.93,2,0,0
8803,9273,61.54,7,0,0
8804,9274,61.54,7,0,0
8805,9275,61.54,7,0,0
8806,9276,133.87,0,0,0
8807,9277,133.87,0,0,0
8808,9278,133.87,0,0,0
8809,9279,124.85,0,0,0
8810,9280,124.85,0,0,0
8811,9281,124.85,0,0,0
8812,9282,230.79,3,0,0
8813,9283,230.79,3,0,0
8814,9284,230.79,3,0,0
8815,9285,319,4,0,0
8816,9286,353.1,4,0,0
8817,9287,466.48,5,0,0
8818,9288,466.48,5,0,0
8819,9289,66.23,7,0,0
8820,9290,466.48,5,0,0
8821,9292,230.36,4,0,0
8822,9293,38.16,8,0,0
8823,9294,184.56,2,0,0
8824,9295,184.56,3,0,0
8825,9296,12.75,8,0,0
8826,9297,12.75,8,0,0
8827,9298,178.45,2,0,0
8828,9299,178.45,2,0,0
8829,9300,178.45,2,0,0
8830,9301,178.45,2,0,0
8831,9302,270.89,3,0,0
8832,9303,178.45,2,0,0
8833,9304,199.65,0,0,0
8834,9305,199.65,0,0,0
8835,9306,199.65,0,0,0
8836,9307,199.65,0,0,0
8837,9308,199.65,0,0,0
8838,9309,199.65,0,0,0
8839,9310,160.46,2,0,0
8840,9311,66.31,7,0,0
8841,9312,66.31,7,0,0
8842,9313,0,8,0,0
8843,9314,0,8,0,0
8844,9315,0,8,0,0
8845,9316,0,8,0,0
8846,9317,0,8,0,0
8847,9318,0,8,0,0
8848,9319,0,8,0,0
8849,9320,0,8,0,0
8850,9321,177.33,2,0,0
8851,9322,179.09,2,0,0
8852,9323,177.4,2,0,0
8853,9324,163.24,2,0,0
8854,9325,163.24,2,0,0
8855,9326,163.24,2,0,0
8856,9327,163.24,2,0,0
8857,9328,163.24,2,0,0
8858,9329,163.24,2,0,0
8859,9330,163.24,2,0,0
8860,9331,163.24,2,0,0
8861,9332,163.24,2,0,0
8862,9333,163.24,2,0,0
8863,9334,163.24,2,0,0
8864,9335,163.24,2,0,0
8865,9336,163.24,2,0,0
8866,9337,91.2,7,0,0
8867,9338,91.2,7,0,0
8868,9339,91.2,7,0,0
8869,9340,164.99,2,0,0
8870,9341,164.99,2,0,0
8871,9342,164.99,2,0,0
8872,9343,164.99,2,0,0
8873,9344,164.99,2,0,0
8874,9345,164.99,2,0,0
8875,9346,164.99,2,0,0
8876,9347,164.99,2,0,0
8877,9348,164.99,2,0,0
8878,9349,164.99,2,0,0
8879,9350,164.99,2,0,0
8880,9351,164.99,3,0,0
8881,9352,164.99,2,0,0
8882,9353,164.99,2,0,0
8883,9354,164.99,2,0,0
8884,9355,164.99,2,0,0
8885,9356,164.99,2,0,0
8886,9357,177.41,2,0,0
8887,9358,17.01,8,0,0
8888,1398,183.41,2,0,0
8889,3236,0,8,0,0
8890,4857,32.52,8,0,0
8891,4858,32.52,8,0,0
8892,5049,201.89,2,0,0
8893,5067,216.48,2,0,0
8894,5150,163.87,2,0,0
8895,5163,160.51,2,0,0
8896,5169,176.06,2,0,0
8897,5171,176.06,2,0,0
8898,5341,173.66,2,0,0
8899,5343,173.66,2,0,0
8900,5460,181.66,2,0,0
8901,5467,196,2,0,0
8902,5469,196,2,0,0
8903,6072,444.92,5,0,0
8904,6566,187.21,2,0,0
8905,6568,187.21,2,0,0
8906,6570,187.21,2,0,0
8907,6572,187.21,2,0,0
8908,6574,187.21,2,0,0
8909,6576,187.21,2,0,0
8910,6578,187.21,2,0,0
8911,6580,187.21,2,0,0
8912,6582,187.21,2,0,0
8913,6584,187.21,2,0,0
8914,6587,187.21,2,0,0
8915,6589,187.21,2,0,0
8916,6591,187.21,2,0,0
8917,6593,187.21,2,0,0
8918,6595,187.21,2,0,0
8919,6597,187.21,2,0,0
8920,6683,174.8,2,0,0
8921,6684,174.8,2,0,0
8922,6685,174.8,2,0,0
8923,6686,174.8,2,0,0
8924,6687,174.8,2,0,0
8925,6688,174.8,2,0,0
8926,6689,174.8,2,0,0
8927,6690,174.8,2,0,0
8928,6691,174.8,2,0,0
8929,6692,174.8,2,0,0
8930,6693,174.8,2,0,0
8931,6694,174.8,2,0,0
8932,6695,174.8,2,0,0
8933,6696,174.8,2,0,0
8934,6697,174.8,2,0,0
8935,6698,174.8,2,0,0
8936,6699,174.8,2,0,0
8937,6700,174.8,2,0,0
8938,6701,174.8,2,0,0
8939,6702,174.8,2,0,0
8940,6703,174.8,2,0,0
8941,6704,174.8,2,0,0
8942,6705,174.8,2,0,0
8943,6706,174.8,2,0,0
8944,6707,174.8,2,0,0
8945,6746,167.04,2,0,0
8946,6751,40.52,8,0,0
8947,6756,164.99,2,0,0
8948,6761,164.99,2,0,0
8949,6770,164.99,2,0,0
8950,6775,263.99,3,0,0
8951,7226,192.05,2,0,0
8952,7229,192.05,2,0,0
8953,8271,117.88,0,0,0
8954,8276,228.98,2,0,0
8955,8279,219.05,2,0,0
8956,8282,266.44,3,0,0
8957,8285,133.98,2,0,0
8958,8290,259.6,3,0,0
8959,8296,19.88,8,0,0
8960,8302,7.51,8,0,0
8961,8305,42.53,8,0,0
8962,8323,205.91,2,0,0
8963,8326,93.63,2,0,0
8964,8330,239.68,2,0,0
8965,8334,142.67,2,0,0
8966,8337,55.82,8,0,0
8967,8343,121.25,0,0,0
8968,8357,194.44,2,0,0
8969,8360,192.09,2,0,0
8970,8365,194.89,2,0,0
8971,9074,194.78,2,0,0
8972,9077,179.32,2,0,0
8973,9080,134.48,2,0,0
8974,9083,214.97,2,0,0
8975,9086,250.48,4,0,0
8976,9088,358.29,4,0,0
8977,9359,264.59,3,0,0
8978,9360,264.59,3,0,0
8979,9361,159.26,2,0,0
8980,9362,126.58,2,0,0
8981,9363,263.99,4,0,0
8982,9364,206.86,3,0,0
8983,9365,182.73,3,0,0
8984,9366,164.95,3,0,0
8985,9367,153.58,2,0,0
8986,9368,54.61,7,0,0
8987,9369,54.77,7,0,0
8988,9370,164.99,2,0,0
8989,9371,180.97,2,0,0
8990,9372,135.49,2,0,0
8991,9373,184.33,3,0,0
8992,9374,183.42,3,0,0
8993,9375,214.84,4,0,0
8994,9376,48.93,7,0,0
8995,9377,174.87,2,0,0
8996,9378,164.99,2,0,0
8997,9379,218.73,3,0,0
8998,9380,190.36,2,0,0
8999,9381,180.97,2,0,0
9000,9382,116.03,2,0,0
9001,9383,40.52,8,0,0
9002,9384,167.04,3,0,0
9003,9385,88.57,2,0,0
9004,9386,194.32,2,0,0
9005,9387,188.78,2,0,0
9006,9388,189.97,2,0,0
9007,9389,208.87,3,0,0
9008,9390,181.75,2,0,0
9009,9391,217.36,2,0,0
9010,9392,180.92,2,0,0
9011,9393,180.92,3,0,0
9012,9394,180.92,3,0,0
9013,9395,189.97,2,0,0
9014,9396,130.12,0,0,0
9015,9397,130.12,2,0,0
9016,9398,218.73,3,0,0
9017,9399,125.47,2,0,0
9018,9400,54.64,7,0,0
9019,9401,116.03,0,0,0
9020,9402,123.25,2,0,0
9021,9403,174.87,2,0,0
9022,9404,266.25,4,0,0
9023,9405,182.15,3,0,0
9024,9406,146.73,2,0,0
9025,9407,0,8,0,0
9026,9408,197.68,3,0,0
9027,9409,201.82,3,0,0
9028,9410,170.86,3,0,0
9029,9411,0,8,0,0
9030,964,94.15,7,0,0
9031,974,88.57,7,0,0
9032,4082,159.89,2,0,0
9033,4148,176.51,0,0,0
9034,4155,176.51,0,0,0
9035,4160,156.87,2,0,0
9036,4168,156.87,2,0,0
9037,4171,156.87,2,0,0
9038,4701,0,8,0,0
9039,4736,72.92,7,0,0
9040,7922,172.41,2,0,0
9041,9205,0,8,0,0
9042,9412,64.43,7,0,0
9043,9413,64.43,7,0,0
9044,9414,64.43,7,0,0
9045,9415,64.43,7,0,0
9046,9416,64.43,7,0,0
9047,9417,64.43,7,0,0
9048,9418,64.43,7,0,0
9049,9419,64.43,7,0,0
9050,9420,64.43,7,0,0
9051,9421,64.43,7,0,0
9052,9422,64.43,7,0,0
9053,9423,64.43,7,0,0
9054,9424,64.43,7,0,0
9055,9425,9.19,8,0,0
9056,9426,179.83,2,0,0
9057,9427,195.83,2,0,0
9058,9428,181.76,2,0,0
9059,9429,175.51,2,0,0
9060,9430,180.6,2,0,0
9061,9431,191.14,2,0,0
9062,9432,175.51,2,0,0
9063,9433,181.76,2,0,0
9064,9434,178.28,2,0,0
9065,9435,190.15,2,0,0
9066,9436,169.47,2,0,0
9067,9437,413.48,5,0,0
9068,9438,16.06,8,0,0
9069,9442,167.26,2,0,0
9070,9443,158.53,2,0,0
9071,9445,314.47,4,0,0
9072,9446,225.15,2,0,0
9073,9447,120.93,2,0,0
9074,9448,179.99,2,0,0
9075,9450,210.16,2,0,0
9076,9451,225.15,2,0,0
9077,9452,185.69,2,0,0
9078,9454,157.83,2,0,0
9079,9455,203.73,2,0,0
9080,9458,292.09,4,0,0
9081,9459,187.41,2,0,0
9082,9460,312.23,4,0,0
9083,9461,0,8,0,0
9084,9462,145.96,2,0,0
9085,9463,231.26,4,0,0
9086,9464,297.96,4,0,0
9087,9465,265.4,4,0,0
9088,9466,223.53,3,0,0
9089,9468,177.04,2,0,0
9090,9469,340.57,5,0,0
9091,9473,225.21,4,0,0
9092,9474,225.21,4,0,0
9093,9475,178.53,3,0,0
9094,9476,221.84,2,0,0
9095,9479,185.69,3,0,0
9096,9480,57.52,8,0,0
9097,9481,32.35,8,0,0
9098,9482,133.32,2,0,0
9099,9483,32.35,8,0,0
9100,925,83.3,0,0,0
9101,926,83.3,0,0,0
9102,927,83.3,0,0,0
9103,928,83.3,0,0,0
9104,929,83.3,0,0,0
9105,930,83.3,0,0,0
9106,931,83.3,0,0,0
9107,932,83.3,0,0,0
9108,1343,209.76,2,0,0
9109,4357,21.99,8,0,0
9110,4689,0,8,0,0
9111,4737,0,8,0,0
9112,6245,145.96,3,0,0
9113,6246,145.96,3,0,0
9114,6247,145.96,3,0,0
9115,6248,145.96,3,0,0
9116,6964,0,8,0,0
9117,6965,0,8,0,0
9118,6966,0,8,0,0
9119,7916,91.74,8,0,0
9120,8495,183.42,2,0,0
9121,8735,0,8,0,0
9122,9182,0,8,0,0
9123,9185,0,8,0,0
9124,9229,0,8,0,0
9125,9439,0,8,0,0
9126,9440,0,8,0,0
9127,9441,0,8,0,0
9128,9444,158.53,2,0,0
9129,9449,179.99,2,0,0
9130,9456,203.73,2,0,0
9131,9457,203.73,2,0,0
9132,9470,340.57,5,0,0
9133,9477,261.48,4,0,0
9134,9484,0,8,0,0
9135,9485,378.74,4,0,0
9136,9486,391.45,5,0,0
9137,9487,391.45,5,0,0
9138,9488,78.8,7,0,0
9139,9489,145.52,0,0,0
9140,9490,185.87,2,0,0
9141,9491,145.52,2,0,0
9142,9492,203.36,3,0,0
9143,9493,183.42,2,0,0
9144,9494,154.84,2,0,0
9145,9495,257.88,3,0,0
9146,9496,116.37,2,0,0
9147,9497,190.75,4,0,0
9148,9498,130.67,0,0,0
9149,9499,130.67,0,0,0
9150,9500,40.52,8,0,0
9151,9501,126.58,2,0,0
9152,9502,218.73,2,0,0
9153,9503,186.94,3,0,0
9154,9504,235.99,3,0,0
9155,9505,200.4,2,0,0
9156,9506,159.26,3,0,0
9157,9507,191.46,3,0,0
9158,9508,83.3,7,0,0
9159,9509,42.3,8,0,0
9160,9510,192.52,2,0,0
9161,9511,153.58,2,0,0
9162,9512,182.6,2,0,0
9163,9513,115.1,0,0,0
9164,9514,240.62,3,0,0
9165,9515,192.09,2,0,0
9166,9516,184.56,4,0,0
9167,9517,156.73,3,0,0
9168,9518,94.15,8,0,0
9169,9519,81.8,7,0,0
9170,9520,40.52,8,0,0
9171,9521,42.21,8,0,0
9172,9522,174.87,2,0,0
9173,9523,115.03,0,0,0
9174,9524,40.52,8,0,0
9175,9525,536.36,5,0,0
9176,9526,88.57,2,0,0
9177,9527,135.89,2,0,0
9178,9528,164.99,2,0,0
9179,9530,165.08,2,0,0
9180,9531,189.21,2,0,0
9181,9532,263.99,3,0,0
9182,9533,283.66,3,0,0
9183,9534,47.13,7,0,0
9184,9535,174.22,2,0,0
9185,9536,208,3,0,0
9186,9537,257.32,5,0,0
9187,9538,223.53,4,0,0
9188,9539,155.02,0,0,0
9189,9540,190.8,2,0,0
9190,9541,172.08,2,0,0
9191,9542,176.53,2,0,0
9192,9543,250.48,4,0,0
9193,9544,160.52,2,0,0
9194,9545,141.21,2,0,0
9195,9546,236.78,3,0,0
9196,9547,209.57,4,0,0
9197,9548,227.26,3,0,0
9198,9549,0,8,0,0
9199,9550,12.75,8,0,0
9200,9551,0,8,0,0
9201,9552,197.18,2,0,0
9202,9553,203.39,2,0,0
9203,9554,259.01,3,0,0
9204,9556,0,8,0,0
9205,9557,191.65,2,0,0
9206,9560,96.9,7,0,0
9207,9562,89.5,7,0,0
9208,9564,88.06,7,0,0
9209,9565,204.42,2,0,0
9210,9568,304.74,4,0,0
9211,9570,209.12,2,0,0
9212,9572,179.27,2,0,0
9213,9574,201.56,2,0,0
9214,9576,179.27,2,0,0
9215,9578,195.41,0,0,0
9216,9580,87.99,7,0,0
9217,9583,179.27,2,0,0
9218,9585,205.68,2,0,0
9219,9587,174.66,2,0,0
9220,9589,201.45,2,0,0
9221,9592,185.81,2,0,0
9222,9595,103.88,0,0,0
9223,9597,171.49,2,0,0
9224,9599,209.12,2,0,0
9225,9601,213,2,0,0
9226,9603,168.32,2,0,0
9227,9605,182.17,2,0,0
9228,9608,182.17,2,0,0
9229,9609,191.14,2,0,0
9230,9611,208.31,2,0,0
9231,9613,0,8,0,0
9232,9615,204.21,2,0,0
9233,9618,174.66,2,0,0
9234,9620,168.32,2,0,0
9235,9622,186.53,2,0,0
9236,9624,201.89,2,0,0
9237,9626,241.07,3,0,0
9238,9629,241.07,3,0,0
9239,9630,182.17,2,0,0
9240,9632,0,8,0,0
9241,9633,0,8,0,0
9242,9634,0,8,0,0
9243,9635,0,8,0,0
9244,9636,0,8,0,0
9245,9637,0,8,0,0
9246,9640,183.73,2,0,0
9247,9643,173.84,2,0,0
9248,9646,93.03,7,0,0
9249,9647,232.24,2,0,0
9250,9650,204.33,2,0,0
9251,9652,204.33,2,0,0
9252,9653,88.06,7,0,0
9253,9655,202.11,2,0,0
9254,9656,0,8,0,0
9255,9657,0,8,0,0
9256,9658,0,8,0,0
9257,9659,0,8,0,0
9258,9662,208.98,2,0,0
9259,9665,174.69,2,0,0
9260,9668,217.77,2,0,0
9261,9671,209.05,2,0,0
9262,9674,199.4,2,0,0
9263,9677,202.32,2,0,0
9264,111,224.08,3,0,0
9265,112,224.08,2,0,0
9266,370,218.73,3,0,0
9267,371,218.73,2,0,0
9268,380,128.96,0,0,0
9269,435,125.47,2,0,0
9270,436,125.47,2,0,0
9271,448,123.36,0,0,0
9272,456,123.36,0,0,0
9273,466,54.64,7,0,0
9274,467,54.64,8,0,0
9275,538,164.99,2,0,0
9276,552,164.99,2,0,0
9277,558,164.99,2,0,0
9278,603,164.99,2,0,0
9279,631,165.08,2,0,0
9280,649,165.08,2,0,0
9281,669,164.99,2,0,0
9282,761,263.99,3,0,0
9283,1344,391.45,3,0,0
9284,1497,116.03,0,0,0
9285,1498,116.03,0,0,0
9286,1512,123.25,2,0,0
9287,1513,123.25,0,0,0
9288,2130,121.85,0,0,0
9289,2588,156.73,2,0,0
9290,2593,156.73,2,0,0
9291,2598,156.73,2,0,0
9292,2601,156.73,2,0,0
9293,2604,191.46,2,0,0
9294,2609,191.46,2,0,0
9295,2612,191.46,2,0,0
9296,2614,191.46,2,0,0
9297,2617,191.46,2,0,0
9298,2619,161.12,2,0,0
9299,2621,161.12,2,0,0
9300,2626,161.12,2,0,0
9301,2628,161.12,2,0,0
9302,2630,161.12,2,0,0
9303,2632,190.75,2,0,0
9304,2635,190.75,2,0,0
9305,2639,190.75,2,0,0
9306,2642,190.75,2,0,0
9307,2644,190.75,2,0,0
9308,2649,190.75,2,0,0
9309,2651,190.75,2,0,0
9310,2653,184.77,2,0,0
9311,2657,184.77,2,0,0
9312,2660,184.77,2,0,0
9313,2662,184.77,2,0,0
9314,2664,184.77,2,0,0
9315,2666,170.6,2,0,0
9316,2671,170.6,2,0,0
9317,2674,170.6,2,0,0
9318,2678,170.6,2,0,0
9319,2680,170.6,2,0,0
9320,2683,159.92,2,0,0
9321,2687,159.92,2,0,0
9322,2689,159.92,2,0,0
9323,2734,174.87,2,0,0
9324,2735,174.87,2,0,0
9325,3176,458.79,2,0,0
9326,3251,0,8,0,0
9327,3252,0,8,0,0
9328,3253,0,8,0,0
9329,3254,0,8,0,0
9330,3255,0,8,0,0
9331,3256,0,8,0,0
9332,3257,0,8,0,0
9333,3258,0,8,0,0
9334,3844,190.75,2,0,0
9335,3845,156.73,2,0,0
9336,3846,161.12,2,0,0
9337,3847,191.46,2,0,0
9338,3848,184.77,2,0,0
9339,3849,170.6,2,0,0
9340,3850,159.92,2,0,0
9341,3851,190.75,2,0,0
9342,3852,156.73,2,0,0
9343,3853,161.12,2,0,0
9344,3854,191.46,2,0,0
9345,3855,184.77,2,0,0
9346,3856,170.6,2,0,0
9347,3857,159.92,2,0,0
9348,4713,0,8,0,0
9349,4714,0,8,0,0
9350,4715,0,8,0,0
9351,4716,0,8,0,0
9352,4735,25.41,8,0,0
9353,5104,0,8,0,0
9354,5113,100.81,0,0,0
9355,5125,200.73,3,0,0
9356,5352,236.78,3,0,0
9357,5593,137.59,2,0,0
9358,5694,177.38,3,0,0
9359,5901,47.13,7,0,0
9360,6225,0,8,0,0
9361,6226,0,8,0,0
9362,6801,181.05,2,0,0
9363,7062,170.86,3,0,0
9364,7063,170.86,3,0,0
9365,7293,51.23,8,0,0
9366,7976,211.2,2,0,0
9367,8005,189.59,2,0,0
9368,8028,214.92,2,0,0
9369,8057,253.41,3,0,0
9370,8121,870.21,5,0,0
9371,8415,244.95,3,0,0
9372,8419,119.15,0,0,0
9373,8423,121.69,0,0,0
9374,8728,212.27,4,0,0
9375,8742,175.56,2,0,0
9376,8822,225.15,2,0,0
9377,8823,225.15,2,0,0
9378,8897,0,8,0,0
9379,8900,0,8,0,0
9380,8907,16.42,8,0,0
9381,8911,0,8,0,0
9382,8917,0,8,0,0
9383,8921,0,8,0,0
9384,8928,0,8,0,0
9385,8931,133.32,0,0,0
9386,8935,0,8,0,0
9387,8936,0,8,0,0
9388,9582,87.99,7,0,0
9389,9614,0,8,0,0
9390,9638,0,8,0,0
9391,9639,0,8,0,0
9392,9642,183.73,2,0,0
9393,9645,173.84,2,0,0
9394,9649,232.24,2,0,0
9395,9660,0,8,0,0
9396,9661,0,8,0,0
9397,9664,208.98,2,0,0
9398,9667,186.59,2,0,0
9399,9670,201.29,2,0,0
9400,9673,209.05,2,0,0
9401,9676,199.4,2,0,0
9402,9679,202.32,2,0,0
9403,9680,0,8,0,0
9404,9681,0,8,0,0
9405,9682,0,8,0,0
9406,9683,0,8,0,0
9407,9684,0,8,0,0
9408,9685,0,8,0,0
9409,9686,0,8,0,0
9410,9687,104.41,0,0,0
9411,9688,480.52,4,0,0
9412,9689,0,8,0,0
9413,9690,0,8,0,0
9414,9691,0,8,0,0
9415,9692,144.75,2,0,0
9416,9695,105.38,0,0,0
9417,9699,281.48,3,0,0
9418,9702,209.73,2,0,0
9419,9705,142.51,0,0,0
9420,9707,19.88,8,0,0
9421,9709,19.88,8,0,0
9422,9711,115.03,0,0,0
9423,9713,91.92,0,0,0
9424,9716,304.74,4,0,0
9425,9720,128.96,0,0,0
9426,9724,245.05,3,0,0
9427,9727,6.37,8,0,0
9428,9728,6.37,8,0,0
9429,9729,244.09,3,0,0
9430,9730,480.52,4,0,0
9431,9731,178.46,2,0,0
9432,9733,166.26,2,0,0
9433,9737,260.77,4,0,0
9434,9740,179.95,2,0,0
9435,9743,187.77,4,0,0
9436,9746,256.93,4,0,0
9437,9749,201.57,2,0,0
9438,9750,0,8,0,0
9439,9751,105.77,0,0,0
9440,9752,0,8,0,0
9441,9753,195.32,2,0,0
9442,9756,195.32,2,0,0
9443,9759,195.32,2,0,0
9444,9762,193.21,2,0,0
9445,9765,193.21,2,0,0
9446,9768,193.21,2,0,0
9447,9771,193.21,2,0,0
9448,9774,12.75,8,0,0
9449,9776,192.53,2,0,0
9450,9777,180.05,2,0,0
9451,9778,150.98,2,0,0
9452,9779,184.56,3,0,0
9453,9780,170.11,3,0,0
9454,9781,192.66,3,0,0
9455,9782,69.86,7,0,0
9456,9783,184.56,2,0,0
9457,9786,194.24,2,0,0
9458,9787,172.21,2,0,0
9459,9790,0,8,0,0
9460,9791,134.5,0,0,0
9461,9795,227.22,2,0,0
9462,9798,325.51,3,0,0
9463,9800,201.35,3,0,0
9464,9801,294.91,3,0,0
9465,9802,194.24,2,0,0
9466,9803,56.66,8,0,0
9467,9804,89.44,7,0,0
9468,9805,62.67,7,0,0
9469,9806,170.54,2,0,0
9470,9807,40.79,8,0,0
9471,9808,50.46,8,0,0
9472,9809,43.3,8,0,0
9473,9810,78.91,7,0,0
9474,9812,69.86,7,0,0
9475,9813,201.35,2,0,0
9476,9814,294.91,3,0,0
9477,9815,306.85,4,0,0
9478,9817,78.91,7,0,0
9479,9818,226.79,2,0,0
9480,9819,226.79,2,0,0
9481,9820,226.79,2,0,0
9482,9821,226.79,2,0,0
9483,9822,226.79,2,0,0
9484,9823,226.79,2,0,0
9485,9824,226.79,2,0,0
9486,9825,226.79,2,0,0
9487,9826,226.79,2,0,0
9488,9827,226.79,2,0,0
9489,9828,226.79,2,0,0
9490,9829,226.79,2,0,0
9491,9830,226.79,2,0,0
9492,9831,226.79,2,0,0
9493,9832,226.79,2,0,0
9494,9833,226.79,2,0,0
9495,9834,226.79,2,0,0
9496,9835,226.79,2,0,0
9497,9836,226.79,2,0,0
9498,9837,226.79,2,0,0
9499,9838,226.79,2,0,0
9500,9839,226.79,2,0,0
9501,9840,226.79,2,0,0
9502,9841,226.79,2,0,0
9503,9842,226.79,2,0,0
9504,9843,226.79,2,0,0
9505,9844,162.99,3,0,0
9506,9845,162.99,3,0,0
9507,9846,162.99,3,0,0
9508,9847,183.36,2,0,0
9509,9848,183.36,2,0,0
9510,9849,183.36,2,0,0
9511,9850,159.26,2,0,0
9512,9851,159.26,2,0,0
9513,9852,159.26,2,0,0
9514,9853,171.32,2,0,0
9515,9854,171.32,2,0,0
9516,9855,171.32,2,0,0
9517,9856,214.92,2,0,0
9518,9857,214.92,2,0,0
9519,9858,214.92,2,0,0
9520,9859,410.08,4,0,0
9521,9860,410.08,4,0,0
9522,9861,410.08,4,0,0
9523,9862,121.85,2,0,0
9524,9863,121.85,2,0,0
9525,9864,121.85,2,0,0
9526,9865,358.29,4,0,0
9527,9866,358.29,4,0,0
9528,9867,358.29,4,0,0
9529,9868,180.65,2,0,0
9530,9869,180.65,2,0,0
9531,9870,180.65,2,0,0
9532,9871,196.47,3,0,0
9533,9872,196.47,3,0,0
9534,9873,196.47,3,0,0
9535,9874,148.82,2,0,0
9536,9875,148.82,2,0,0
9537,9876,148.82,2,0,0
9538,9877,250.48,4,0,0
9539,9878,250.48,4,0,0
9540,9879,250.48,4,0,0
9541,9880,160.52,2,0,0
9542,9881,160.52,2,0,0
9543,9882,160.52,2,0,0
9544,9883,143.42,2,0,0
9545,9884,143.42,2,0,0
9546,9885,143.42,2,0,0
9547,9886,100,0,0,0
9548,9888,433.49,5,0,0
9549,9889,433.49,5,0,0
9550,9890,433.49,5,0,0
9551,9891,128.32,0,0,0
9552,9892,128.32,0,0,0
9553,9893,128.32,0,0,0
9554,9894,245.55,3,0,0
9555,9895,245.55,3,0,0
9556,9896,245.55,3,0,0
9557,9897,132.49,2,0,0
9558,9898,132.49,2,0,0
9559,9899,132.49,2,0,0
9560,9900,292.09,4,0,0
9561,9901,292.09,4,0,0
9562,9902,292.09,4,0,0
9563,9903,213.11,3,0,0
9564,9904,213.11,3,0,0
9565,9905,213.11,3,0,0
9566,9906,223.53,3,0,0
9567,9907,223.53,3,0,0
9568,9908,223.53,3,0,0
9569,9909,180.92,2,0,0
9570,9910,180.92,2,0,0
9571,9911,180.92,2,0,0
9572,9912,208.87,3,0,0
9573,9913,208.87,3,0,0
9574,9914,208.87,3,0,0
9575,9915,178.46,2,0,0
9576,9916,178.46,2,0,0
9577,9917,178.46,2,0,0
9578,9918,121.69,0,0,0
9579,9919,121.69,0,0,0
9580,9920,121.69,0,0,0
9581,9921,88.57,0,0,0
9582,9922,88.57,0,0,0
9583,9923,88.57,0,0,0
9584,9924,116.41,0,0,0
9585,9925,116.41,0,0,0
9586,9926,116.41,0,0,0
9587,9927,191.65,2,0,0
9588,9928,191.65,2,0,0
9589,9929,191.65,2,0,0
9590,9930,182.4,2,0,0
9591,9931,182.4,2,0,0
9592,9932,182.4,2,0,0
9593,9933,181.78,2,0,0
9594,9934,181.78,2,0,0
9595,9935,181.78,2,0,0
9596,9936,426.1,5,0,0
9597,9937,178.06,2,0,0
9598,9938,178.06,2,0,0
9599,9939,178.06,2,0,0
9600,9940,183.95,2,0,0
9601,9941,183.95,2,0,0
9602,9942,183.95,2,0,0
9603,9943,184.6,2,0,0
9604,9944,184.6,2,0,0
9605,9945,184.6,2,0,0
9606,9946,190.99,2,0,0
9607,9947,190.99,2,0,0
9608,9948,190.99,2,0,0
9609,9949,264.39,3,0,0
9610,9950,264.39,3,0,0
9611,9951,264.39,3,0,0
9612,9952,0,8,0,0
9613,9953,0,8,0,0
9614,9954,0,8,0,0
9615,9955,0,8,0,0
9616,9956,0,8,0,0
9617,9957,0,8,0,0
9618,9958,323.74,4,0,0
9619,9959,230,2,0,0
9620,106,224.08,2,0,0
9621,131,174.22,2,0,0
9622,195,189.5,3,0,0
9623,257,182.15,4,0,0
9624,263,182.15,2,0,0
9625,275,182.15,2,0,0
9626,281,182.15,2,0,0
9627,331,119.38,0,0,0
9628,561,164.99,2,0,0
9629,569,164.99,2,0,0
9630,679,164.99,2,0,0
9631,1019,163.35,3,0,0
9632,1279,179.19,2,0,0
9633,1439,190.8,2,0,0
9634,1473,176.53,2,0,0
9635,1564,316.95,4,0,0
9636,1582,210.63,2,0,0
9637,1671,40.52,8,0,0
9638,1676,195.93,2,0,0
9639,1973,164.3,2,0,0
9640,2045,145.52,2,0,0
9641,2080,164.3,2,0,0
9642,2081,164.3,2,0,0
9643,2082,145.52,2,0,0
9644,2083,145.52,2,0,0
9645,2084,164.3,2,0,0
9646,2085,164.3,2,0,0
9647,2348,224.22,3,0,0
9648,2375,224.08,3,0,0
9649,2398,208,3,0,0
9650,2752,159.26,2,0,0
9651,2755,159.26,2,0,0
9652,2814,183.36,2,0,0
9653,3014,0,8,0,0
9654,3882,93.63,7,0,0
9655,3894,93.63,2,0,0
9656,3915,195.87,2,0,0
9657,3944,202.1,2,0,0
9658,3970,152.83,2,0,0
9659,3975,291.7,4,0,0
9660,4073,197.68,2,0,0
9661,4101,197.73,2,0,0
9662,4244,17.47,8,0,0
9663,4253,208.27,2,0,0
9664,4524,190.75,3,0,0
9665,4525,190.75,3,0,0
9666,4526,161.12,2,0,0
9667,4527,191.46,2,0,0
9668,4528,191.46,2,0,0
9669,4542,116.37,0,0,0
9670,4610,170.86,2,0,0
9671,4738,25.41,8,0,0
9672,4859,32.52,8,0,0
9673,4860,32.52,8,0,0
9674,4868,57.73,8,0,0
9675,4869,57.73,8,0,0
9676,4870,57.73,0,0,0
9677,4890,157.71,2,0,0
9678,4957,7.5,8,0,0
9679,5058,230.44,2,0,0
9680,5069,218.72,2,0,0
9681,5072,218.72,2,0,0
9682,5114,100.81,0,0,0
9683,5154,163.87,2,0,0
9684,5168,176.06,2,0,0
9685,5182,120.12,2,0,0
9686,5186,120.12,0,0,0
9687,5191,120.12,0,0,0
9688,5197,116.37,0,0,0
9689,5205,201.07,2,0,0
9690,5211,48.93,0,0,0
9691,5216,48.93,7,0,0
9692,5223,210.63,2,0,0
9693,5228,210.63,2,0,0
9694,5238,169.63,2,0,0
9695,5248,168.98,2,0,0
9696,5256,192.02,2,0,0
9697,5264,192.02,2,0,0
9698,5326,236.83,3,0,0
9699,5358,236.78,2,0,0
9700,5367,283.66,3,0,0
9701,5374,199.75,2,0,0
9702,5423,219.21,2,0,0
9703,5441,175.55,2,0,0
9704,5537,95.91,8,0,0
9705,5539,95.91,7,0,0
9706,5546,233.24,0,0,0
9707,5548,233.24,2,0,0
9708,5599,206.78,2,0,0
9709,5754,206.86,2,0,0
9710,5772,218.73,2,0,0
9711,5775,188.47,2,0,0
9712,5802,217.01,2,0,0
9713,5810,202.97,2,0,0
9714,5820,192.09,2,0,0
9715,5883,29.29,8,0,0
9716,5898,47.13,7,0,0
9717,5964,123.25,2,0,0
9718,5977,263.26,3,0,0
9719,5983,236.97,2,0,0
9720,5989,208.27,2,0,0
9721,6006,411.72,5,0,0
9722,6024,190.75,3,0,0
9723,6027,154.84,2,0,0
9724,6030,154.84,2,0,0
9725,6066,94.55,0,0,0
9726,6144,257.32,4,0,0
9727,6148,50.38,7,0,0
9728,6151,229.99,2,0,0
9729,6155,185.87,2,0,0
9730,6158,183.49,3,0,0
9731,6160,182.05,3,0,0
9732,6162,171.27,2,0,0
9733,6249,145.96,3,0,0
9734,6259,72.85,0,0,0
9735,6586,187.21,2,0,0
9736,6789,208.08,2,0,0
9737,6879,208.91,3,0,0
9738,7064,170.86,3,0,0
9739,7065,170.86,2,0,0
9740,7135,287.68,3,0,0
9741,7437,194.88,2,0,0
9742,7438,194.88,2,0,0
9743,7441,194.88,2,0,0
9744,7444,177.65,2,0,0
9745,7451,191.32,2,0,0
9746,7454,179.72,2,0,0
9747,7461,182.73,2,0,0
9748,7464,182.73,2,0,0
9749,7467,182.73,2,0,0
9750,7472,213.94,2,0,0
9751,7475,206.96,2,0,0
9752,7483,194.89,2,0,0
9753,7486,162.55,2,0,0
9754,7493,162.44,2,0,0
9755,7496,162.44,2,0,0
9756,7502,208.59,3,0,0
9757,7505,185.91,2,0,0
9758,7519,172.29,2,0,0
9759,7520,172.29,2,0,0
9760,7521,214.84,2,0,0
9761,7528,181.66,2,0,0
9762,7529,162.83,2,0,0
9763,7532,192.49,2,0,0
9764,7535,193.78,2,0,0
9765,7547,187.21,2,0,0
9766,7548,187.21,2,0,0
9767,7549,187.21,2,0,0
9768,7553,167.04,2,0,0
9769,7564,187.21,2,0,0
9770,7567,204.96,3,0,0
9771,8443,192.53,2,0,0
9772,8468,202.88,3,0,0
9773,8483,211.78,2,0,0
9774,8510,245.55,3,0,0
9775,8561,174.84,2,0,0
9776,8590,178.06,2,0,0
9777,8646,167.21,2,0,0
9778,8649,167.21,2,0,0
9779,8657,171.32,2,0,0
9780,8662,180.52,2,0,0
9781,8665,179.04,2,0,0
9782,8668,208.64,3,0,0
9783,8671,128.46,2,0,0
9784,8676,621.62,4,0,0
9785,8702,149.87,2,0,0
9786,8706,132.94,0,0,0
9787,8775,176.73,2,0,0
9788,8922,0,8,0,0
9789,8951,299.42,3,0,0
9790,8954,223.53,3,0,0
9791,8958,189.21,2,0,0
9792,8961,189.21,2,0,0
9793,8965,189.21,2,0,0
9794,8968,179.92,2,0,0
9795,8973,178.46,2,0,0
9796,8979,187.19,2,0,0
9797,8982,187.19,2,0,0
9798,8987,194.32,2,0,0
9799,8991,208.87,3,0,0
9800,8994,181.75,2,0,0
9801,8997,217.36,2,0,0
9802,9001,189.97,2,0,0
9803,9005,130.12,0,0,0
9804,9010,188.78,2,0,0
9805,9013,180.92,2,0,0
9806,9019,183.65,2,0,0
9807,9113,297.42,4,0,0
9808,9233,0,8,0,0
9809,9259,84.06,2,0,0
9810,9262,84.06,0,0,0
9811,9291,66.23,7,0,0
9812,9453,185.69,2,0,0
9813,9467,223.53,3,0,0
9814,9471,340.57,5,0,0
9815,9478,261.48,4,0,0
9816,9529,164.99,2,0,0
9817,9555,259.01,3,0,0
9818,9558,191.65,2,0,0
9819,9559,191.65,2,0,0
9820,9561,96.9,7,0,0
9821,9563,89.5,7,0,0
9822,9566,204.42,2,0,0
9823,9567,204.42,2,0,0
9824,9569,304.74,4,0,0
9825,9571,209.12,2,0,0
9826,9573,186.29,2,0,0
9827,9575,207.73,2,0,0
9828,9577,177.33,2,0,0
9829,9579,195.41,7,0,0
9830,9581,87.99,7,0,0
9831,9584,182.53,2,0,0
9832,9586,205.68,2,0,0
9833,9588,186.63,2,0,0
9834,9590,208.3,2,0,0
9835,9591,208.3,2,0,0
9836,9593,185.81,2,0,0
9837,9594,185.81,2,0,0
9838,9596,103.88,0,0,0
9839,9598,185.96,2,0,0
9840,9600,209.12,2,0,0
9841,9602,213,2,0,0
9842,9604,183.95,2,0,0
9843,9606,183.27,2,0,0
9844,9607,183.27,2,0,0
9845,9610,191.14,2,0,0
9846,9612,208.31,2,0,0
9847,9616,204.21,2,0,0
9848,9617,204.21,2,0,0
9849,9619,184.82,2,0,0
9850,9621,192.41,2,0,0
9851,9623,186.53,2,0,0
9852,9625,201.89,2,0,0
9853,9627,241.07,3,0,0
9854,9628,241.07,3,0,0
9855,9631,191.31,2,0,0
9856,9641,183.73,2,0,0
9857,9644,173.84,2,0,0
9858,9648,232.24,2,0,0
9859,9651,204.33,2,0,0
9860,9654,88.06,7,0,0
9861,9663,208.98,2,0,0
9862,9666,186.59,2,0,0
9863,9669,201.29,2,0,0
9864,9672,209.05,2,0,0
9865,9675,199.4,2,0,0
9866,9678,202.32,2,0,0
9867,9693,144.75,2,0,0
9868,9694,144.75,2,0,0
9869,9696,105.38,0,0,0
9870,9697,105.38,0,0,0
9871,9698,105.38,0,0,0
9872,9700,281.48,3,0,0
9873,9701,281.48,3,0,0
9874,9703,209.73,2,0,0
9875,9704,209.73,2,0,0
9876,9706,142.51,0,0,0
9877,9708,19.88,8,0,0
9878,9710,19.88,8,0,0
9879,9712,115.03,0,0,0
9880,9714,91.92,0,0,0
9881,9715,91.92,0,0,0
9882,9717,304.74,4,0,0
9883,9718,304.74,4,0,0
9884,9719,304.74,4,0,0
9885,9721,128.96,0,0,0
9886,9722,128.96,0,0,0
9887,9723,128.96,0,0,0
9888,9725,245.05,3,0,0
9889,9726,245.05,3,0,0
9890,9732,178.46,2,0,0
9891,9734,166.26,2,0,0
9892,9735,166.26,2,0,0
9893,9736,178.46,2,0,0
9894,9738,260.77,4,0,0
9895,9739,260.77,4,0,0
9896,9741,179.95,2,0,0
9897,9742,179.95,2,0,0
9898,9744,187.77,4,0,0
9899,9745,187.77,4,0,0
9900,9747,256.93,4,0,0
9901,9748,256.93,4,0,0
9902,9754,195.32,2,0,0
9903,9755,195.32,2,0,0
9904,9757,195.32,2,0,0
9905,9758,195.32,2,0,0
9906,9760,195.32,2,0,0
9907,9761,195.32,2,0,0
9908,9763,193.21,2,0,0
9909,9764,193.21,2,0,0
9910,9766,193.21,2,0,0
9911,9767,193.21,2,0,0
9912,9769,193.21,2,0,0
9913,9770,193.21,2,0,0
9914,9772,193.21,2,0,0
9915,9773,193.21,2,0,0
9916,9775,12.75,8,0,0
9917,9784,184.56,2,0,0
9918,9785,184.56,2,0,0
9919,9788,172.21,2,0,0
9920,9789,172.21,2,0,0
9921,9792,134.5,0,0,0
9922,9793,134.5,0,0,0
9923,9794,134.5,0,0,0
9924,9796,227.22,2,0,0
9925,9797,227.22,2,0,0
9926,9799,325.51,3,0,0
9927,9811,32.52,8,0,0
9928,9816,194.24,2,0,0
9929,9887,100,0,0,0
9930,9960,171.32,2,0,0
9931,9961,178.46,3,0,0
9932,9962,178.46,3,0,0
9933,9963,0,8,0,0
9934,9964,0,8,0,0
9935,9965,0,8,0,0
9936,9966,0,8,0,0
9937,9967,200.73,3,0,0
9938,9968,0.9,8,0,0
9939,9969,0,8,0,0
9940,4530,0,8,0,0
9941,6007,411.72,5,0,0
9942,6048,214.22,2,0,0
9943,6050,214.22,2,0,0
9944,6052,214.22,2,0,0
9945,6076,0,8,0,0
9946,6342,116.41,0,0,0
9947,6344,116.41,0,0,0
9948,7136,287.68,3,0,0
9949,8511,245.55,3,0,0
9950,8577,93,7,0,0
9951,8582,178.06,2,0,0
9952,8588,177.95,2,0,0
9953,8594,178.06,2,0,0
9954,8599,178.06,2,0,0
9955,8602,92.22,7,0,0
9956,8952,299.42,3,0,0
9957,8956,32.35,8,0,0
9958,9472,340.57,5,0,0
