"rownum","Id"
0,"IncreasedLife"
1,"IncreasedMana"
2,"IncreasedEnergyShield"
3,"FireDamage"
4,"ColdDamage"
5,"LightningDamage"
6,"PhysicalDamage"
7,"LifeLeech"
8,"ManaLeech"
9,"LocalIncreasedPhysicalDamagePercentAndAccuracyRating"
10,"AdditionalArrows"
11,"AdditionalAmmo"
12,"Knockback"
13,"CannotBeFrozen"
14,"CannotBeSlowedBelowValue"
15,"ShieldArmourIncrease"
16,"IncreasedQuality"
17,"IncreasedShieldBlockPercentage"
18,"IncreasedShieldBlockPercentageAndStunRecovery"
19,"IncreasedShieldBlockPercentageAndStunThreshold"
20,"IncreasedBucklerDeflectPercentage"
21,"IncreasedBucklerDeflectPercentageAndStunRecovery"
22,"IncreasedBucklerDeflectPercentageAndStunThreshold"
23,"IncreasedEvasionRating"
24,"IncreasedPhysicalDamageReductionRating"
25,"SpellDamage"
26,"ReducedAilmentDuration"
27,"ReducedChillDuration"
28,"ReducedFreezeDuration"
29,"ReducedBurnDuration"
30,"LocalEvasionRatingAndStunRecoveryIncreasePercent"
31,"LocalPhysicalDamageReductionRatingAndStunRecoveryPercent"
32,"LocalEnergyShieldAndStunRecoveryPercent"
33,"ReducedShockDuration"
34,"ReducedStunDuration"
35,"IncreasedCastSpeed"
36,"IncreasedAttackSpeed"
37,"IncreasedAccuracy"
38,"LifeRegeneration"
39,"ManaRegeneration"
40,"EnergyShieldRegeneration"
41,"ArrowSpeed"
42,"StunDurationIncreasePercent"
43,"ChanceToPierce"
44,"StunRecovery"
45,"FireResistance"
46,"ColdResistance"
47,"LightningResistance"
48,"FireResistancePrefix"
49,"ColdResistancePrefix"
50,"LightningResistancePrefix"
51,"LocalIncreasedSpirit"
52,"LocalIncreasedSpiritPercent"
53,"LocalIncreasedSpiritAndMana"
54,"BaseSpirit"
55,"CannotDie"
56,"AllResistances"
57,"AllResistancesWithChaos"
58,"ArrowPierce"
59,"MovementVelocity"
60,"ItemFoundQuantityIncrease"
61,"ItemFoundRarityIncrease"
62,"EnergyShieldDelay"
63,"FireDamagePercentage"
64,"FireDamagePercentagePrefix"
65,"ColdDamagePercentage"
66,"ColdDamagePercentagePrefix"
67,"LightningDamagePercentage"
68,"LightningDamagePercentagePrefix"
69,"Other"
70,"MonsterDamage"
71,"MonsterDamageLifeIncrease"
72,"MonsterDroppedItemQuantity"
73,"MonsterDroppedItemRarity"
74,"MonsterSlainExperience"
75,"MonsterSlainExperienceIncreaseFinal"
76,"MaximumLifeIncreasePercent"
77,"LoseManaOnSkill"
78,"DamageWithWeaponTypeSkill"
79,"IncreasedPhysicalDamageReductionRatingPercent"
80,"EnergyShieldPercent"
81,"EvasionRatingPercent"
82,"LocalPhysicalDamagePercent"
83,"EvasionRatingAndArmourPercent"
84,"PhysicalDamagePercent"
85,"PhysicalDamagePercentPrefix"
86,"StunThresholdReduction"
87,"CriticalStrikeChanceIncrease"
88,"ChaosResistance"
89,"ChaosResistancePrefix"
90,"CriticalStrikeMultiplier"
91,"SpellCriticalStrikeChanceIncrease"
92,"SpecificWeaponBonuses"
93,"ProjectileSpeed"
94,"IncreasedAccuracyPercent"
95,"AccuracyAndCrits"
96,"IncreasedAccuracyPercentWithSwords"
97,"LifeGainPerTarget"
98,"IncreasedWeaponElementalDamagePercent"
99,"FlaskRecoveryAmount"
100,"FlaskRecoverySpeed"
101,"FlaskReflectReductionDuringFlaskEffect"
102,"FlaskEffectLocal"
103,"FlaskDispellChill"
104,"FlaskDispellBurning"
105,"FlaskNumCharges"
106,"FlaskBuffWhileHealing"
107,"FlaskRechargeRate"
108,"FlaskHealsOthers"
109,"FlaskDispellPoison"
110,"FlaskChargesUsed"
111,"FlaskDuration"
112,"FlaskFullRechargeOnHit"
113,"FlaskIncreasedHealingCharges"
114,"FlaskRecoveryAtEnd"
115,"FlaskEffectNotRemovedOnFullMana"
116,"FlaskChargeOnHitNonUnique"
117,"FlaskChargePerSecondInactive"
118,"FlaskLevelRequirement"
119,"RingLevelRequirement"
120,"FireDamageAsPortionOfDamage"
121,"ColdDamageAsPortionOfDamage"
122,"LifeRegenerationRatePercentage"
123,"MonsterSlainFlaskCharges"
124,"MonsterSlainNoFlaskCharges"
125,"LifeGainedFromEnemyDeath"
126,"ManaGainedFromEnemyDeath"
127,"MonsterDoesNotFlee"
128,"IncreaseSocketedGemLevel"
129,"IncreaseSpecificSocketedGemLevel"
130,"MonsterAura"
131,"Strength"
132,"Dexterity"
133,"Intelligence"
134,"AllAttributes"
135,"SpellDamageAndMana"
136,"StaffBlockPercent"
137,"StaffSpellBlockPercent"
138,"ElementalDamagePercent"
139,"MonsterActBoss"
140,"BlockingBlocksSpells"
141,"CannotCull"
142,"CullingStrike"
143,"DecimatingStrike"
144,"PhysicalDamagePercentOnLowLife"
145,"BlockRecovery"
146,"AlwaysHits"
147,"HitsCauseMonsterFlee"
148,"ChaosDamage"
149,"MaximumEnduranceCharges"
150,"AddPowerChargeOnCrit"
151,"ActorSize"
152,"MaximumManaIncreasePercent"
153,"AreaOfEffect"
154,"MovementVelocityPenalty"
155,"LightningDamageAsPortionOfDamage"
156,"BurnDamage"
157,"CannotCrit"
158,"ManaCostReduction"
159,"Keystone"
160,"BloodMagic"
161,"CannotEvade"
162,"MinionRunSpeed"
163,"MinionLife"
164,"MinionDamage"
165,"MinionChaosResistance"
166,"MinionDuration"
167,"CannotStun"
168,"CannotBeStunned"
169,"AdditionalCurseOnEnemies"
170,"ConvertPhysicalToFire"
171,"MonsterMultipleProjectile"
172,"MonsterFasterProjectile"
173,"MonsterWealth"
174,"MonsterCriticalStrikes"
175,"MonsterResists"
176,"MonsterCannotBeStunned"
177,"HybridDefence"
178,"HybridDefenceAndStunRecovery"
179,"BeltFlaskChargesGained"
180,"BeltFlaskChargesUsed"
181,"BeltCharmChargesGained"
182,"BeltCharmChargesUsed"
183,"BeltFlaskDuration"
184,"BeltFlaskRecoveryRate"
185,"BeltFlaskRecovery"
186,"BeltCharmDuration"
187,"FlaskLifeRecovery"
188,"FlaskManaRecovery"
189,"CannotCurse"
190,"MonsterImmuneToCurses"
191,"MonsterGrantsCharges"
192,"ChaosDamageAsPortionOfDamage"
193,"ChaosDamageAsPortionOfFireDamage"
194,"ChaosDamageAsPortionOfColdDamage"
195,"ChaosDamageAsPortionOfLightningDamage"
196,"IncreasedChillDuration"
197,"Acrobatics"
198,"ForceSpecificSockets"
199,"CannotBeShocked"
200,"CannotBeIgnited"
201,"CannotBeChilled"
202,"CannotBeChilledOrFrozen"
203,"ReducedShockChance"
204,"AttackerTakesDamage"
205,"TakesDamageWhenAttacked"
206,"PainAttunement"
207,"ExperienceIncrease"
208,"ChanceToAvoidFreezeAndChill"
209,"ReducedManaCostOnLowLife"
210,"ElementalResistsOnLowLife"
211,"EvasionOnLowLife"
212,"LifeRegenerationOnLowLife"
213,"ItemRarityOnLowLife"
214,"MovementVelocityOnLowLife"
215,"MovementVelocityOnFullLife"
216,"ConvertPhysicalToCold"
217,"AttackerTakesColdDamage"
218,"AttackSpeedOnFullLife"
219,"CastSpeedOnFullLife"
220,"CastSpeedOnLowLife"
221,"Conduit"
222,"MinionInstability"
223,"PhysicalAttackDamageTaken"
224,"BlockPercentAppliedToSpellsOnLowLife"
225,"MaximumColdResist"
226,"MeleeAttackerTakesColdDamage"
227,"RangedAttackDamageTaken"
228,"MonsterSpeedAndDamageFixup"
229,"MonsterSpeedAndDamageFixupRarity"
230,"PercentDamageToDealToAttacker"
231,"Nothing"
232,"Stance"
233,"MonsterChanceToIgnite"
234,"MonsterEffectOnDeath"
235,"MonsterNecromancerRaisable"
236,"MonsterAuraRange"
237,"MonsterChanceToTemporalChainsOnHit"
238,"MonsterChanceToVulnerabilityOnHit"
239,"MonsterChanceToFlammabilityOnHit"
240,"MonsterCastsFirestormText"
241,"MonsterCastsPunctureText"
242,"MonsterCastsColdsnapText"
243,"MonsterCastsCriticalWeaknessCurseText"
244,"MonsterCastsElementralWeaknessCurseText"
245,"MonsterCastsEnfeebleCurseText"
246,"MonsterCastsFireballText"
247,"MonsterCastsIceNovaText"
248,"MonsterCastsIceSpearText"
249,"MonsterCastsMoltenShellText"
250,"MonsterCastsProjectileWeaknessCurseText"
251,"MonsterCastsShockNovaText"
252,"MonsterCastsSparkText"
253,"MonsterCastsVulnerabilityCurseText"
254,"MonsterCastsWarlordsMarkCurseText"
255,"MonsterCastsGlacialCascadeText"
256,"MonsterDetonatesCorpsesText"
257,"MonsterExplodesOnItsTargetText"
258,"MonsterFiresRainOfArrowsText"
259,"MonsterFiresBurningArrowsText"
260,"MonsterFiresExplosiveArrowText"
261,"MonsterFiresLightningArrowsText"
262,"MonsterFiresCausticArrowsText"
263,"MonsterFiresSplitArrowsText"
264,"MonsterLeapsOntoEnemiesText"
265,"MonsterRaisesUndeadText"
266,"MonsterSummonsExplodingSpawnText"
267,"MonsterSummonsMonkeysText"
268,"MonsterSummonsSkeletonsText"
269,"MonsterSummonsSpawnText"
270,"MonsterUsesEnduringCryText"
271,"MonsterUsesFlickerStrikeText"
272,"MonsterUsesGlacialHammerText"
273,"MonsterUsesGroundSlamText"
274,"MonsterUsesLightningStrikeText"
275,"MonsterUsesPhaseRunText"
276,"MonsterCastsShieldChargeText"
277,"MonsterCastsMassFrenzyText"
278,"MonsterCastsTemporalChainsText"
279,"MonsterCastsFrenzyText"
280,"MonsterCastsViperStrikeText"
281,"MonsterCastsGroundDesecrationText"
282,"MonsterCastsWitherText"
283,"MonsterCastsElementalHitText"
284,"MonsterCurseCastSpeed"
285,"FrenzyChargeOnCriticalHit"
286,"GainEnduranceChargeWhenTakeCriticalStrike"
287,"DisableOffhandSlot"
288,"MaximumResistances"
289,"CannotBlockAttacks"
290,"ArmourOnLowLife"
291,"DisplaySocketedGemGetsConcentratedAreaOfEffectLevel"
292,"PhysicalDamageReductionOnLowLife"
293,"TotemPhysicalDamageReduction"
294,"GenerateEnduranceChargesForAlliesInPresence"
295,"GainEnduranceChargeWhenCriticallyHit"
296,"BlindingHit"
297,"CannotBlind"
298,"DisplaySocketedGemGetsBlindLevel"
299,"MapLarger"
300,"MapBranchyDungeon"
301,"MapTotems"
302,"MapMonsterPacks"
303,"MapLargePacks"
304,"MapMagicMonsters"
305,"MapRareMonsters"
306,"MapTwoBosses"
307,"MapDangerousBoss"
308,"MapMassiveBoss"
309,"MapBossMod"
310,"MapMonsterLifeLeechImmunity"
311,"MapMonsterStatusAilmentImmunity"
312,"MapMonsterFireResistance"
313,"MapMonsterColdResistance"
314,"MapMonsterLightningResistance"
315,"MapMonsterPhysicalResistance"
316,"MapMonsterChaosResistance"
317,"MapMonsterCannotBeStunned"
318,"MapMonsterUnwavering"
319,"MapMonsterLife"
320,"MapMonsterDamage"
321,"MapMonsterElementalDamage"
322,"MapMonsterFireDamage"
323,"MapMonsterColdDamage"
324,"MapMonsterLightningDamage"
325,"MapMonsterChaosDamage"
326,"MapMonsterFast"
327,"MapMonsterFrenzy"
328,"MapMonsterEndurance"
329,"MapMonsterPower"
330,"MapMonsterPhysicalReflection"
331,"MapMonsterElementalReflection"
332,"MapMonsterMultipleProjectiles"
333,"MapMonsterAreaOfEffect"
334,"MapMonsterCriticalStrikesAndDamage"
335,"MapPlayerCurse"
336,"MapPlayerElementalWeakness"
337,"MapPlayerVulnerability"
338,"MapPlayerEnfeeblement"
339,"MapPlayerTemporalChains"
340,"MapPlayerPunishment"
341,"MapPlayerNoRegen"
342,"MapPlayerReducedRegen"
343,"MapPlayerBloodMagic"
344,"MapPlayerElementalEquilibrium"
345,"MapPlayerMaxResists"
346,"MapPlayerContinuousDamage"
347,"MapGroundEffect"
348,"MapShockedGround"
349,"MonsterMapBoss"
350,"MonsterMapBossExtraForms"
351,"BossHealOnPlayerDeath"
352,"MonsterWbDrops"
353,"MonsterDescentBoss"
354,"MapNoMonsters"
355,"MapChestItemQuantity"
356,"MapChestItemRarity"
357,"MapPoisoning"
358,"MapBleeding"
359,"MapSpreadGroundEffect"
360,"MapQuantityRarity"
361,"MapPlayersGainReducedFlaskCharges"
362,"MapMonstersCurseEffectOnSelfFinal"
363,"MapMonstersChanceToInflictStatusAilments"
364,"MapMonstersCantBeSlowedOrTaunted"
365,"MapMonstersAllDamageAlwaysIgnites"
366,"MapMonstersAllDamageAlwaysChills"
367,"MapMonstersAllDamageAlwaysShocks"
368,"MapMonstersInflictImpale"
369,"MapMonstersInflictBrittle"
370,"MapMonstersInflictScorch"
371,"MapMonstersInflictSap"
372,"MapMonstersRemoveManaOnHit"
373,"MapMonstersAllResistances"
374,"MapMonstersArmoured"
375,"MapMonstersEvasive"
376,"MapMonstersEnergyShield"
377,"MapMonstersStunAndAilmentThreshold"
378,"MapMonstersArmourBreak"
379,"MapMonstersAccuracy"
380,"MapMonstersStunBuildup"
381,"MapMonstersAilmentChance"
382,"MapMonstersElementalPenetration"
383,"MapMonstersAvoidPoisonBleedBlind"
384,"HeistContractMonsterPatrolAdditionalElite"
385,"HeistContractMonsterPatrolDamage"
386,"HeistContractMonsterPatrolDamageReduction"
387,"HeistContractMonsterChokepointDamage"
388,"HeistContractMonsterChokepointDamageReduction"
389,"HeistContractMonsterGuardingDamage"
390,"HeistContractMonsterGuardingDamageReduction"
391,"MapMonstersAvoidAilments"
392,"MapPlayersPointBlank"
393,"MapPlayersBlockAndArmour"
394,"MapMonsterAccuracyPlayersUnlockyDodge"
395,"MapPlayersAoERadius"
396,"MonsterNecromancerRaritiesRaised"
397,"MonsterUsesShockwaveText"
398,"MonsterUsesMassEnduranceText"
399,"MonsterUsesMassPowerText"
400,"FacebreakerPhysicalUnarmedDamage"
401,"DisplaySocketedGemGetsIncreasedAreaOfEffectLevel"
402,"EnemiesCantLifeLeech"
403,"ExtraGore"
404,"BlockWhileDualWielding"
405,"MaximumMinionCount"
406,"MaximumSpectreCount"
407,"MaximumZombieCount"
408,"MaximumSkeletonCount"
409,"MinionGlobalSkillLevel"
410,"ManaReservationReduced"
411,"DisplaySocketedGemGetsBloodMagic"
412,"DisplaySocketedGemGetsFlee"
413,"AttackerTakesLightningDamage"
414,"PhysicalDamageConvertToChaos"
415,"ReservesLife"
416,"ChaosInoculation"
417,"PhysicalDamagePercentTakesAsChaosDamage"
418,"PhysicalBowDamageAtCloseRange"
419,"KnockbackAtCloseRange"
420,"PercentDamageGoesToMana"
421,"LightningDamageTakenRecoupedAsLife"
422,"FireDamageTakenRecoupedAsLife"
423,"ColdDamageTakenRecoupedAsLife"
424,"ChaosDamageTakenRecoupedAsLife"
425,"LightningDamageTakenRecoupedAsMana"
426,"FireDamageTakenRecoupedAsMana"
427,"ColdDamageTakenRecoupedAsMana"
428,"ChaosDamageTakenRecoupedAsMana"
429,"LightningDamageTakenRecoupedAsEnergyShield"
430,"FireDamageTakenRecoupedAsEnergyShield"
431,"ColdDamageTakenRecoupedAsEnergyShield"
432,"ChaosDamageTakenRecoupedAsEnergyShield"
433,"QuillRainWeaponDamageFinalPercent"
434,"ChanceToIgnite"
435,"BurnDuration"
436,"AilmentChanceAndDuration"
437,"PhysicalDamageTakenAsFirePercent"
438,"AttackerTakesFireDamage"
439,"AvoidIgnite"
440,"RangedWeaponPhysicalDamagePlusPercent"
441,"PhysicalDamageTakenPercentToReflect"
442,"AdditionalBlock"
443,"LeechEnergyShieldInsteadofLife"
444,"BlockWhileDualWieldingClaws"
445,"ArmourPercent VsProjectiles"
446,"BlockVsProjectiles"
447,"MonsterBlock"
448,"MonsterBlockNoFlinch"
449,"CannotLeech"
450,"DewathsHidePhysicalDamageDealt"
451,"DisplaySocketedGemsGetReducedReservation"
452,"MonsterSpellDamage"
453,"ChanceToFreeze"
454,"FrozenMonstersTakeIncreasedDamage"
455,"IncreasedIntelligenceRequirements"
456,"DisplaySocketedGemsGetAddedChaosDamage"
457,"EnergyShieldGainedOnBlock"
458,"LocalPoisonOnHit"
459,"CannotCausePoison"
460,"PoisonOnHit"
461,"SkeletonDuration"
462,"IncreasedStrengthRequirements"
463,"IncreasedDexterityRequirements"
464,"StrengthRequirements"
465,"IntelligenceRequirements"
466,"DexterityRequirements"
467,"StrengthIntelligenceRequirements"
468,"SpellDamageTakenOnLowMana"
469,"EvasionOnFullLife"
470,"ReflectCurses"
471,"MonsterCastsEtherealKnives"
472,"MonsterThrowsBeartraps"
473,"MonsterCastsLightningThornsText"
474,"MonsterThrowsFireBombsText"
475,"MonsterThrowsPoisonBombsText"
476,"MonsterCastsFreezingPulseText"
477,"MonsterCleavesText"
478,"MonsterFiresIceShotArrowsText"
479,"MonsterCastsConductivityText"
480,"MonsterCastsFlammabilityText"
481,"MonsterCastsAugmentedFireballsText"
482,"MonsterChannelsLightningText"
483,"MonsterCastsArcText"
484,"MonsterRaisesZombiesText"
485,"MonsterCastsIceShieldText"
486,"MonsterCastsUnholyFireText"
487,"MonsterGainsPowerChargeOnKinDeath"
488,"MonsterCastsDischargeText"
489,"MonsterSummonsWaterElementalsText"
490,"MonsterUsesDoubleStrikeText"
491,"MonsterRollsOverEnemiesText"
492,"CausesBleeding"
493,"AttacksDealNoPhysicalDamage"
494,"GoldenLightBeam"
495,"CannotBeStunnedOnLowLife"
496,"MonsterCastsLightningWarpText"
497,"MonsterCastsFrostbiteText"
498,"ItemFoundRarityIncreasePrefix"
499,"MapTierDifficulty"
500,"MonsterNoDropsOrExperience"
501,"MonsterNoDrops"
502,"AuraEffect"
503,"AuraEffectOnMinions"
504,"YourAuraEffectOnYou"
505,"RestlessDead"
506,"AreaDamage"
507,"ChaosTakenOnES"
508,"AllDamage"
509,"LocalStunThresholdReduction"
510,"UndeadSiegeWaveTime"
511,"UndeadSiegeNumWaves"
512,"UndeadSiegeNumWaveMonstersInitial"
513,"UndeadSiegeNumWaveMonstersIncrement"
514,"LightRadius"
515,"EnfeebleOnHit"
516,"VulnerabilityOnHit"
517,"GroundTarOnCritTaken"
518,"GroundTarOnHitTaken"
519,"GroundTarOnBlock"
520,"SpellsHaveCullingStrike"
521,"MapMonstersImmuneRandomStatusAilmentStun"
522,"MapMonsterAttacksApplyRandomCurses"
523,"MapMonstersReflectCurses"
524,"DisplaySocketedGemsGetAddedFireDamage"
525,"DisplaySocketedGemsGetColdToFire"
526,"DisplaySocketedGemsGetFirePenetration"
527,"DisplaySocketedGemsGetAddedLightningDamage"
528,"DisplaySocketedGemsGetElementalFocus"
529,"EvasionRatingPercentOnLowLife"
530,"MapItemDropRarity"
531,"LocalLifeLeechIsInstant"
532,"ReducedManaReservationsCost"
533,"MaximumFireResist"
534,"FireResistOnLowLife"
535,"AvoidIgniteOnLowLife"
536,"DisplaySocketedGemGetsElementalProliferation"
537,"SkillEffectDuration"
538,"DisplayMapLargerMaze"
539,"DisplayMapRestlessDead"
540,"DisplayMapTwoBosses"
541,"DisplayMapLargeChest"
542,"MapPlayerProjectileDamage"
543,"MapProjectileSpeed"
544,"NecromancerRevivableEvenIfCorpseUnusable"
545,"ItemHasSixLinkedWhiteSockets"
546,"MovementVelocityPerFrenzyCharge"
547,"ChanceToDodgePerFrenzyCharge"
548,"MaximumFrenzyCharges"
549,"WeaponPhysicalDamagePerStrength"
550,"AttackSpeedPerDexterity"
551,"IncreasedAreaOfEffectPerIntelligence"
552,"RemoveStatsFromTabulaRasa"
553,"FrenzyChargeDuration"
554,"IncreaseWaveMagic"
555,"AdditionalTotems"
556,"IncreasedTotemLife"
557,"TotemRange"
558,"MonsterIncreasedMinionLife"
559,"MonsterMinusAttackRange2"
560,"MonsterMinionInstability"
561,"DisplaySocketedGemGetsSpellTotemLevel"
562,"RandomlyCursedWhenTotemsDie"
563,"DisplaySocketedGemGetsIncreasedDurationLevel"
564,"DisplaySocketedGemGetsAddedLightningDamageLevel"
565,"ShockDuration"
566,"CannotApplyFireAilments"
567,"CannotApplyColdAilments"
568,"CannotApplyLightningAilments"
569,"PhysicalDamageTaken"
570,"LocalAttributeRequirements"
571,"LightRadiusAndAccuracy"
572,"LightRadiusAndManaRegeneration"
573,"TemporalChainsOnHit"
574,"MapMonsterChain"
575,"MeleeWeaponCriticalStrikeMultiplier"
576,"FlaskRemovesBleeding"
577,"FlaskRemovesShock"
578,"DisablesOtherRingSlot"
579,"GlobalItemAttributeRequirements"
580,"ReducedCurseEffect"
581,"ManaGainPerTarget"
582,"DisplaySocketedGemGetsChancetoFleeLevel"
583,"EnemyCriticalMultiplier"
584,"PlayerLightAlternateColour"
585,"EnemyHitsRollLowDamage"
586,"BlockPercent"
587,"DisplaySocketedGemGetsFasterAttackLevel"
588,"DisplaySocketedGemGetsMeleePhysicalDamageLevel"
589,"MonsterCastSpeedPerPowerCharge"
590,"EnemyExtraDamageRolls"
591,"LeagueOfFire"
592,"MapFixedSeed"
593,"MapNoRefills"
594,"MapMaximumArchnemesisMods"
595,"ItemDropsOnDeath"
596,"LightningDamageOnChargeExpiry"
597,"MonsterExplodesOnDeath"
598,"AttackerTakesChaosDamage"
599,"IncreasedMaximumPowerCharges"
600,"IncreasedPowerChargeDuration"
601,"IncreasedSpellDamagePerPowerCharge"
602,"ConsecratedGroundOnBlock"
603,"DesecratedGroundOnBlock"
604,"DisableChestSlot"
605,"LocalIncreaseSocketedElementalGem"
606,"EnergyShieldGainedFromEnemyDeath"
607,"IncreasedClawDamageOnLowLife"
608,"IncreasedAccuracyWhenOnLowLife"
609,"IncreasedAttackSpeedWhenOnLowLife"
610,"ProjectileDamageTaken"
611,"ProjectileDamage"
612,"MapIncreasedExperienceGain"
613,"NoItemRarity"
614,"NoItemQuantity"
615,"CannotDieToElementalReflect"
616,"CurseEffect"
617,"CurseEffectMap"
618,"MeleeAttacksUsableWithoutMana"
619,"MapTurbo"
620,"MapExiles"
621,"HybridStat"
622,"MonsterChaosDamageDealtToEnergyShield"
623,"MonsterRegenerateEnergyShieldInsteadOfLife"
624,"MeleeWeaponAndUnarmedRange"
625,"LocalWeaponRangeUber"
626,"EnduranceChargeDuration"
627,"FrenzyChargeOnKillChance"
628,"PowerChargeOnKillChance"
629,"EnduranceChargeOnPowerChargeExpiry"
630,"MeleeDamageOnFullLife"
631,"ChillAndFreezeDurationBasedOnEnergyShield"
632,"ConsecrateOnCritChanceToCreate"
633,"ProjectileSpeedPerFrenzyCharge"
634,"ProjectileDamagePerPowerCharge"
635,"NoManaRegeneration"
636,"KilledMonsterItemRarityOnCrit"
637,"OnslaughtBuffOnKill"
638,"AttackAndCastSpeedPerFrenzyCharge"
639,"LifeRegenerationPerFrenzyCharge"
640,"EnemiesOnLowLifeTakeMoreDamagePerFrenzyCharge"
641,"DisplaySupportedSkillsHaveAChanceToIgnite"
642,"DisplaySupportedSkillsDealDamageOnLowLife"
643,"MovementVelocityWhileCursed"
644,"GlobalShieldBlockChanceIncrease"
645,"ReflectDamageToAttackersOnBlock"
646,"GainLifeOnBlock"
647,"GainManaOnBlock"
648,"GainEnergyShieldOnBlock"
649,"ZombieLife"
650,"ZombieDamage"
651,"ZombieChaosElementalResists"
652,"ZombieSize"
653,"ZombiesExplodeEnemiesOnHit"
654,"NumberOfZombiesSummonedPercentage"
655,"IncreasedIntelligencePerUnique"
656,"IncreasedChanceForMonstersToDropWisdomScrolls"
657,"ConvertColdToFire"
658,"IgnitedEnemiesTurnToAsh"
659,"UndyingRageOnCrit"
660,"NoBonusesFromCriticalStrikes"
661,"FlaskItemRarity"
662,"FlaskItemQuantity"
663,"FlaskLightRadius"
664,"FlaskMaximumElementalResistances"
665,"FlaskElementalResistances"
666,"FlaskFireResistances"
667,"FlaskColdResistances"
668,"FlaskLightningResistances"
669,"FlaskChaosResistances"
670,"FlaskAllResistances"
671,"SpellDamageModifiersApplyToAttackDamage"
672,"ConvertFireToChaos"
673,"ConvertAllElementalToChaos"
674,"MovementVelicityPerEvasion"
675,"PhysicalDamageCanChill"
676,"ItemQuantityWhenFrozen"
677,"ItemRarityWhenShocked"
678,"MapUniqueOba"
679,"PietyFireFormMod"
680,"ManaLeechPerPowerCharge"
681,"LocalChaosDamage"
682,"LocalFireDamageHybrid"
683,"LocalColdDamageHybrid"
684,"LocalLightningDamageHybrid"
685,"LocalChaosDamageHybrid"
686,"ChaosDegen"
687,"CountsAsDualWielding"
688,"ChaosDegenerationOnKill"
689,"ItemFootprints"
690,"DisplayChaosDegenerationAura"
691,"ItemSilverFootsteps"
692,"MaximumBlockChance"
693,"MaximumSpellBlockChance"
694,"FasterBurnFromAttacks"
695,"EnemiesCannotLeechMana"
696,"MeleeDamage"
697,"IronReflexes"
698,"DisplayDamageAura"
699,"MainHandAddedFireDamage"
700,"OffHandAddedChaosDamage"
701,"OffHandAddedColdDamage"
702,"ChaosDamageCanShock"
703,"ConvertLightningDamageToChaos"
704,"EnemiesExplodeOnDeath"
705,"DisplaySocketedGemGetsReducedManaCost"
706,"DisplaySocketedGemsGetFasterCast"
707,"FlaskRemovePercentageOfEnergyShield"
708,"FlaskTakeChaosDamagePercentageOfLife"
709,"FlaskGainCharge"
710,"CanOnlyDealDamageWithThisWeapon"
711,"LocalFlaskChargesUsed"
712,"LeftRingSlotElementalReflectDamageTaken"
713,"RightRingSlotPhysicalReflectDamageTaken"
714,"EnemyFireResistance"
715,"UsingFlasksDispelsBurning"
716,"MapBossExtraDrops"
717,"NonCriticalDamageMultiplier"
718,"PurpleShockEffect"
719,"DamageRemovedFromManaBeforeLife"
720,"OffHandVisualIdentityOverride"
721,"ChanceToShock"
722,"FishingCastDistance"
723,"FishingLineStrength"
724,"FishingQuantity"
725,"FishingRarity"
726,"FishingPoolConsumption"
727,"FishingLureType"
728,"FishingHookType"
729,"SpellDamagePerBlockChance"
730,"LifeGainedOnSpellHit"
731,"ManaGainedOnSpellHit"
732,"AttackSpeedPerGreenSocket"
733,"PhysicalDamgePerRedSocket"
734,"ManaLeechFromPhysicalDamagePerBlueSocket"
735,"MeleeRangePerWhiteSocket"
736,"MeleeDamageTaken"
737,"ProximityShield"
738,"GainEnduranceChargesWhenHit"
739,"OnslaughtOnMaximumEnduranceCharges"
740,"LoseEnduranceChargesOnMaximumEnduranceCharges"
741,"CantGainEnduranceChargesWhileOnslaught"
742,"ArmourAsLifeRegnerationOnBlock"
743,"LoseEnergyShieldOnBlock"
744,"PhysicalDamageTakenAsLightningPercent"
745,"ArmourPerPlayerLevel"
746,"LifePerPlayerLevel"
747,"ElementalResistancesPerPlayerLevel"
748,"ChanceToGainRandomCurseWhenHitPerPlayerLevel"
749,"MainHandChanceToIgnite"
750,"OffHandChillDuration"
751,"BurningDamageToChilledEnemies"
752,"TrapThrowSpeed"
753,"TrapAndMineThrowSpeed"
754,"MovementSpeedOnTrapThrow"
755,"DisplaySupportedByTrap"
756,"TrapDuration"
757,"TrapDamage"
758,"BaseTrapDuration"
759,"TrapsTriggerAtEndOfDuration"
760,"FarShot"
761,"ImmuneToKnockback"
762,"MeleeSplash"
763,"SuppressingFire"
764,"DisplayCastsIceSpearNovaOnDeath"
765,"DisplayCastsSpikeNovaOnDeath"
766,"FireAndColdResistance"
767,"FireAndLightningResistance"
768,"ColdAndLightningResistance"
769,"Daemon"
770,"BestiaryMod1"
771,"BestiaryMod2"
772,"BestiaryMod3"
773,"BestiaryMod4"
774,"BestiaryMod5"
775,"BestiaryMod6"
776,"BestiaryMod7"
777,"BestiaryMod8"
778,"BestiaryMod9"
779,"BestiaryMod10"
780,"BestiaryMod11"
781,"BestiaryMod12"
782,"BestiaryMod13"
783,"BestiaryMod14"
784,"BestiaryMod15"
785,"BestiaryMod16"
786,"BestiaryMod17"
787,"BestiaryMod18"
788,"BestiaryMod19"
789,"BestiaryMod20"
790,"BestiaryMod21"
791,"BestiaryMod22"
792,"BestiaryMod23"
793,"BestiaryMod24"
794,"BestiaryMod25"
795,"MapNemesisMods"
796,"MonsterNemesisRaisesAfterDeath"
797,"MonsterNemesisApparition"
798,"MonsterNemesisSpawnsMonsters"
799,"TotemVariation"
800,"ChanceToFreezeShockIgnite"
801,"DamageWhileIgnited"
802,"ArmourWhileFrozen"
803,"ManaLeechOnShockedEnemies"
804,"LifeLeechOnFrozenEnemies"
805,"EnergyShieldLeechPermyriadOnFrozenEnemies"
806,"DamageOnRareMonsters"
807,"DamageOnMagicMonsters"
808,"DamagePerStatusAilmentOnEnemies"
809,"ShrineBuffEffect"
810,"ShrineEffectDuration"
811,"LocalFlaskCannotRecoverLifeWhileHealing"
812,"LocalFlaskLifeOnFlaskDurationEnd"
813,"LocalFlaskNoManaCostWhileHealing"
814,"ShockNearbyEnemyOnShockedKill"
815,"IgniteNearbyEnemyOnIgnitedKill"
816,"GainRareMonsterModsOnKill"
817,"GainMagicMonsterModsOnKill"
818,"MonsterNemesis"
819,"MonsterAdditionalVaalItemDrop"
820,"MonsterArchnemesis"
821,"MonsterArchnemesisPoisoner"
822,"MonsterArchnemesisVoidTouched"
823,"MonsterArchnemesisFrostTouched"
824,"MonsterArchnemesisFreezer"
825,"MonsterArchnemesisAssassin"
826,"MonsterArchnemesisRaider"
827,"MonsterArchnemesisDeadeye"
828,"MonsterArchnemesisTrickster"
829,"MonsterArchnemesisBombardier"
830,"MonsterArchnemesisMultiProjectiles"
831,"MonsterArchnemesisFlameTouched"
832,"MonsterArchnemesisIgniter"
833,"MonsterArchnemesisArcaneGuarded"
834,"MonsterArchnemesisVampiric"
835,"MonsterArchnemesisNecromancer"
836,"MonsterArchnemesisEchoist"
837,"MonsterArchnemesisDefender"
838,"MonsterArchnemesisStormTouched"
839,"MonsterArchnemesisShocker"
840,"MonsterArchnemesisBonebreaker"
841,"MonsterArchnemesisBloodletter"
842,"MonsterArchnemesisJuggernaut"
843,"MonsterArchnemesisSteelAttuned"
844,"MonsterArchnemesisGargantuan"
845,"MonsterArchnemesisRejuvenating"
846,"MonsterArchnemesisBerserker"
847,"MonsterArchnemesisChargeGenerator"
848,"MonsterArchnemesisSoulConduit"
849,"MonsterArchnemesisWealthy"
850,"MonsterArchnemesisOppressor"
851,"MonsterArchnemesisConsecration"
852,"MonsterArchnemesisRampage"
853,"MonsterArchnemesisHeraldOfTheObelisk"
854,"MonsterArchnemesisUnionOfSouls"
855,"MonsterArchnemesisExecutioner"
856,"MonsterArchnemesisHexer"
857,"MonsterArchnemesisFlaskDrain"
858,"MonsterArchnemesisGraspingVines"
859,"MonsterArchnemesisTimeBubble"
860,"MonsterArchnemesisSaplings"
861,"MonsterArchnemesisFrostWalker"
862,"MonsterArchnemesisGlacialCage"
863,"MonsterArchnemesisSoulEater"
864,"MonsterArchnemesisFlameWalker"
865,"MonsterArchnemesisCorpseExploder"
866,"MonsterArchnemesisElemental"
867,"MonsterArchnemesisVolatileFlameBlood"
868,"MonsterArchnemesisMirrorImage"
869,"MonsterArchnemesisLightningWalker"
870,"MonsterArchnemesisManaDonut"
871,"MonsterArchnemesisCorrupter"
872,"MonsterArchnemesisDivineTouched"
873,"MonsterArchnemesisLivingCrystals"
874,"MonsterArchnemesisCycleOfElements"
875,"MonsterArchnemesisVoodooDoll"
876,"MonsterArchnemesisSplitting"
877,"MonsterArchnemesisLunaris"
878,"MonsterArchnemesisSolaris"
879,"MonsterArchnemesisArakaali"
880,"MonsterArchnemesisBrineKing"
881,"MonsterArchnemesisTukohama"
882,"MonsterArchnemesisAbberath"
883,"MonsterArchnemesisShakari"
884,"MonsterArchnemesisInnocence"
885,"MonsterArchnemesisKitava"
886,"MonsterArchnemesisLightningStorm"
887,"MonsterArchnemesisFinalGasp"
888,"MonsterArchnemesisHeraldOfTheObeliskMagic"
889,"MonsterArchnemesisSpiritWalkersMagic"
890,"MonsterArchnemesisUnionOfSoulsMagic"
891,"MonsterArchnemesisVoidspawnOfAbaxothMagic"
892,"MonsterCastsArcticBreathText"
893,"ArmourWhileNotIgnitedFrozenShocked"
894,"ManaShield"
895,"AllowShrines"
896,"MonsterMercilessDrops"
897,"TrapsAllowed"
898,"DisplayMonsterDevour"
899,"DisplayMonsterSuppressingFire"
900,"ElementalResistancePerEnduranceCharge"
901,"ReturningProjectiles"
902,"DisplayMonsterCastsLightningNova"
903,"CurseCastBonus"
904,"MaximumCriticalStrikeChance"
905,"DamagePerStrengthInMainHand"
906,"ArmourPerStrengthInOffHand"
907,"DisplaySocketedGemsSupportedByIronWill"
908,"CriticalStrikeChanceFinal"
909,"SkillArtVariation"
910,"ChanceToDodge"
911,"ChanceToDodgeAndSpellDodge"
912,"ChanceToSuppressSpells"
913,"SpellDamageSuppressed"
914,"LifeRegenerationRate"
915,"DeflectDamageTaken"
916,"AvoidDamage"
917,"DisplayHasAdditionalMod"
918,"EnduranceChargeOnKill"
919,"LoseEnduranceChargesWhenHit"
920,"GainOnslaughtWhenHit"
921,"MonsterDaemonSparkTotem"
922,"MonsterDescent2Boss"
923,"MonsterDescent2FinalBoss"
924,"LeagueMonsterDropModifiers"
925,"LeechLifeOnCast"
926,"MapHexproof"
927,"MonsterHighLevelDrops"
928,"Phasing"
929,"DisplayMapFinalBossDropsHigherLevelGear"
930,"CullingCriticalStrikes"
931,"VariableEmergeSpeed"
932,"FireDamageTaken"
933,"FrenzyChargeOnIgnite"
934,"CullingAgainstBurningEnemies"
935,"ChaosDamageTaken"
936,"CurseDuration"
937,"PoisonSpreadAndHealOnPoisonedKill"
938,"SelfCurseDuration"
939,"ChaosResistanceWhileUsingFlask"
940,"SetElementalResistances"
941,"AllDefences"
942,"LightningDamageOnBlock"
943,"DuplicatesRingStats"
944,"DegenerationDamage"
945,"CannotCatchExoticFish"
946,"FireCannotIgnite"
947,"ColdCannotFreeze"
948,"ColdCannotChill"
949,"LightningCannotShock"
950,"FireShocks"
951,"ColdIgnites"
952,"LightningFreezes"
953,"SocketedCursesAreReflected"
954,"TriggeredStatusImmunity"
955,"GrantFrenzyChargesToAlliesOnDeath"
956,"PowerChargeOnNonCrit"
957,"ConsumeAllPowerChargesOnCrit"
958,"MapFracturing"
959,"MapMonsterFracturing"
960,"CastSocketedLightningSpellsOnHit"
961,"UndyingBreathCurseAura"
962,"UndyingBreathDamageAura"
963,"CurseAreaOfEffect"
964,"AuraIncreasedIncreasedAreaOfEffect"
965,"DamageTaken"
966,"FasterDamageAilments"
967,"AttackSpeedPerFrenzyCharge"
968,"AccuracyRatingPerFrenzyCharge"
969,"FrenzyChargeDurationPerFrenzyCharge"
970,"PoisonDotMultiplierPerFrenzyCharge"
971,"AtMaximumFrenzyChargesPoison"
972,"NecromanticAegis"
973,"MinionBlockChance"
974,"MinionLifeRegeneration"
975,"MinionArmour"
976,"MapInvasionMonsterPacks"
977,"ChestBaseModsFromRarity"
978,"MegalithChestRarityQuantity"
979,"ChestSkeletons"
980,"ChestMonsters"
981,"ChestInstantSkill"
982,"ChestKaomsTotems"
983,"ChestDelayedSkill"
984,"ChestItemQuantity"
985,"ChestItemRarity"
986,"ChestDropUnique"
987,"ChestDropKaomsUnique"
988,"ChestDropPoolTypeUnique"
989,"ChestDropMapsUnique"
990,"ChestSpawnRogueExile"
991,"ChestSpawnMapBoss"
992,"ChestReviveMonsters"
993,"ChestSpawnContinuousMonsters"
994,"ChestSpawnWarband"
995,"ChestCamoflage"
996,"ChestGemsExperience"
997,"ChestExtraUtilityFlasks"
998,"ChestDropsIdentified"
999,"ChestExtraNormalItems"
1000,"ChestExtraMagicItems"
1001,"ChestExtraRareItems"
1002,"ChestItemQuality"
1003,"ChestItemSockets"
1004,"ChestItemLinks"
1005,"ChestItemLevel"
1006,"ChestItemDuplicated"
1007,"ChestDropsOnlyX"
1008,"ChestExtraVaalGems"
1009,"ChestAdditionalRunes"
1010,"ChestAdditionalSanctumKey"
1011,"ChestAdditionalUltimatumKey"
1012,"ChestAdditionalSpecialTowerAugment"
1013,"ChestBarrelExplode"
1014,"ChestBarrelOfSpidersUnique"
1015,"ChestMegalithQuantityRarirty"
1016,"MonsterSideAreaBoss"
1017,"DisplaySocketedSkillsChain"
1018,"DisplaySocketedSkillsFork"
1019,"AdditionalRemoteMinesAllowed"
1020,"ReflectedDamage"
1021,"AvoidStatusAilments"
1022,"MonsterTrapsInvulnerable"
1023,"SpellBlockPercentage"
1024,"SpellDodgePercentage"
1025,"LightningDamageLifeLeech"
1026,"ColdDamageLifeLeech"
1027,"FireDamageLifeLeech"
1028,"PhysicalDamageLifeLeech"
1029,"ChanceToIgnightWhileUsingFlask"
1030,"ChanceToFreezeWhileUsingFlask"
1031,"ChanceToShockWhileUsingFlask"
1032,"ReducedStunThresholdWhileUsingFlask"
1033,"DisplaySupportedByEcho"
1034,"AddedChaosDamageAsPercentOfPhysicalWhileUsingFlask"
1035,"AddedChaosDamageAsPercentOfElementalWhileUsingFlask"
1036,"ChaosDamageLifeLeechWhileUsingFlask"
1037,"MapAmbushChests"
1038,"MonsterInvasionBoss"
1039,"CriticalStrikesLeechIsInstant"
1040,"MapItemDropQuantity"
1041,"SocketedGemsHaveReducedManaCost"
1042,"MinionUnholyMightOnKill"
1043,"DemonBossSideAreaEnrageOnLowLife"
1044,"DexMissionEnrageOnLowLife"
1045,"ArrowPierceAppliesToProjectileDamage"
1046,"ArrowDamageAgainstPiercedTargets"
1047,"OnslaughtOnVaalSkillUse"
1048,"ElementalDamageLeechedAsLife"
1049,"MoreLifeBelowLevelThreshold"
1050,"MonsterUsesVaalDetonateDeadAtLowLifeDisplay"
1051,"CurseOnHitConductivityChance"
1052,"CurseOnHitLevel"
1053,"CurseOnHitDespair"
1054,"CurseOnHitDespairChance"
1055,"CurseOnHitLevelElementalWeakness"
1056,"CurseOnHitLevelElementalWeaknessChance"
1057,"CurseOnHitEnfeeble"
1058,"CurseOnHitLevelTemporalChains"
1059,"CurseOnHitLevelTemporalChainsChance"
1060,"CurseOnHitLevelVulnerability"
1061,"SupportedByTrigger"
1062,"SupportedByMelee"
1063,"SupportedByAreaProjectile"
1064,"Pierce"
1065,"MapMultipleExiles"
1066,"MapMultipleExilesRace"
1067,"ItemSkill"
1068,"GrantedSkill"
1069,"SupportedByStun"
1070,"SupportedByAccuracy"
1071,"SupportedByMultistrike"
1072,"SupportedByProjectileSpeed"
1073,"SupportedByLifeLeech"
1074,"SupportedByChanceToBleed"
1075,"SupportedByCriticalMultiplier"
1076,"SupportedByFork"
1077,"SupportedByWeaponElementalDamage"
1078,"SupportedByFasterCast"
1079,"CannotCauseBleeding"
1080,"Chain"
1081,"ProjectilesCannotChain"
1082,"ProjectilesCannotPierce"
1083,"ProjectilesCannotFork"
1084,"ProjectilesCannotSplit"
1085,"MapNemesisModOnRares"
1086,"MapBloodlinesModOnMagics"
1087,"CurseTransferOnKill"
1088,"MeleeDamageToBurningEnemies"
1089,"MeleeDamageToFrozenEnemies"
1090,"MeleeDamageToShockedEnemies"
1091,"ProjectileIgniteChance"
1092,"ProjectileFreezeChance"
1093,"ProjectileShockChance"
1094,"ElementalDamageTakenAsChaos"
1095,"ArcaneVision"
1096,"DisplayMonsterVaalStormCall"
1097,"PhysicalDamageFromBeasts"
1098,"ThisWeaponWeaponElementalDamage"
1099,"WeaponPhysicalDamageAddedAsRandomElement"
1100,"LocalPhysicalDamageAddedAsEachElement"
1101,"DamageTakenPerFrenzyCharge"
1102,"IncreaseLightningDamagePerFrenzyCharge"
1103,"LifeGainedOnEnemyDeathPerFrenzyCharge"
1104,"CannotBeKnockedBack"
1105,"UniqueChestNoRegularDrops"
1106,"SoundOnKill"
1107,"UnwaveringStance"
1108,"LocalFlaskInstantRecoverPercentOfLife"
1109,"LocalFlaskChaosDamageWhileHealing"
1110,"PowerChargeOnKnockback"
1111,"PowerChargeOnTrapThrow"
1112,"CritChancePercentPerStrength"
1113,"MapMission"
1114,"MapMissionMods"
1115,"AttackSpeedIncreasedWhileIgnited"
1116,"CastSpeedIncreasedWhileIgnited"
1117,"ChanceToIgniteIncreasedWhileIgnited"
1118,"IncreasedChanceToBeIgnited"
1119,"CausesBleedingOnCrit"
1120,"CausesPoisonOnCrit"
1121,"BlockDuringFlaskEffect"
1122,"MaximumAttackBlockDuringFlaskEffect"
1123,"SpellBlockDuringFlaskEffect"
1124,"MaximumSpellBlockDuringFlaskEffect"
1125,"FlaskAdditionalQuality"
1126,"MapCaganHasHiddenMods"
1127,"DarkExileWitchCurseDuration"
1128,"EvasionRatingIncreasesWeaponDamage"
1129,"IncreasedDamageToIgnitedTargets"
1130,"MovementSpeedWhileOnFullEnergyShield"
1131,"ChanceForEnemyToFleeOnBlock"
1132,"IncreasedChaosDamage"
1133,"IncreasedChaosDamagePrefix"
1134,"IncreasedLifeLeechRate"
1135,"IncreasedManaLeechRate"
1136,"SpellAddedChaosDamage"
1137,"WeaponTalking"
1138,"MonsterExileSpellBlock"
1139,"HealOnRampage"
1140,"DispelStatusAilmentsOnRampage"
1141,"PhysicalDamageImmunityOnRampage"
1142,"VaalSoulsOnRampage"
1143,"GroundSmokeOnRampage"
1144,"PhasingOnRampage"
1145,"GlobalChanceToBlindOnHit"
1146,"LifeRegenerationPerLevel"
1147,"CriticalStrikeChancePerLevel"
1148,"AttackDamageIncreasedPerLevel"
1149,"SpellDamageIncreasedPerLevel"
1150,"FlaskChargesOnCrit"
1151,"FlaskChargesGained"
1152,"ChanceToReflectChaosDamageToSelf"
1153,"SimulatedRampage"
1154,"ImmunityToBlind"
1155,"IncreaseSkillGemLevel"
1156,"UnholyMightOnRampage"
1157,"ChaosDamagePerLevel"
1158,"ElementalDamagePerLevel"
1159,"LifeGainedOnEnemyDeathPerLevel"
1160,"ManaGainedOnEnemyDeathPerLevel"
1161,"EnergyShieldGainedOnEnemyDeathPerLevel"
1162,"CannotBeDamaged"
1163,"UnholyMightBuff"
1164,"MapDropNoItems"
1165,"MapDisplayInhabitedByBeasts"
1166,"MapDisplayBossDropsAdditionalMaps"
1167,"RampageDaemonBlindDuration"
1168,"RampageDaemonBlindOnHit"
1169,"IncreaseFlatManaCost"
1170,"IncreaseLifeRegenPercent"
1171,"LifeLeechSpeed"
1172,"SupportGemQuality"
1173,"MapTotemsStrMission"
1174,"ChillAndFreezeDuration"
1175,"TrapAndMineDamage"
1176,"TrapAndMineSpeed"
1177,"ReturningAttackProjectiles"
1178,"CannotSpawnBeyondPortals"
1179,"MonsterProjectileSpiral"
1180,"MonsterElementalEffects"
1181,"StrongBoxNum"
1182,"MapOnslaught"
1183,"IsDummyEvent"
1184,"SupportedByBloodMagic"
1185,"DefencesPercent"
1186,"DefencesPercentAndStunRecovery"
1187,"DefencesPercentAndStunThreshold"
1188,"DefencesPercentSuffix"
1189,"ItemGenerationCannotChangePrefixes"
1190,"ItemGenerationCannotChangeSuffixes"
1191,"ItemGenerationCannotRollAttackAffixes"
1192,"ItemGenerationCannotRollCasterAffixes"
1193,"ItemGenerationCanHaveMultipleCraftedMods"
1194,"MapAnarchyLeague"
1195,"MapRampageLeagueCrafted"
1196,"MapBeyondLeagueCrafted"
1197,"SocketedGemHasElementalEquilibrium"
1198,"SocketedGemHasSecretsOfSuffering"
1199,"FireResistanceWhenSocketedWithRedGem"
1200,"LightningResistanceWhenSocketedWithBlueGem"
1201,"ColdResistanceWhenSocketedWithGreenGem"
1202,"ReducedLevelRequirement"
1203,"LightningResistancePenetration"
1204,"LightningManaLeech"
1205,"ChaosResistancePenetration"
1206,"AllSocketsAreWhite"
1207,"CurseOnBlock"
1208,"MovementSpeedCantBeDamaged"
1209,"SocketedGemsGetIncreasedItemQuantity"
1210,"DisablePartyScalingForChests"
1211,"MapQuantityAndRarity"
1212,"MapHasOxygen"
1213,"RaceDaemon"
1214,"Bloodlines"
1215,"MapBloodlines"
1216,"GrandmasterLifeLeech"
1217,"GrandmasterManaLeech"
1218,"GrandmasterManaRegeneration"
1219,"GrandmasterLifeRegeneration"
1220,"GrandmasterMaximumLeechRates"
1221,"MapBeyondLeagueRolled"
1222,"HealAlliesOnDeath"
1223,"ShockReflect"
1224,"MovementWhileShocked"
1225,"DamageWhileShocked"
1226,"SelfShockDuration"
1227,"DamageOnLowLife"
1228,"DisplaySupportedByCastOnDeath"
1229,"DamageOnBlindedEnemies"
1230,"SmokeCloudWhenHit"
1231,"Torment"
1232,"ItemDropsOnGuardianDeath"
1233,"LightRadiusScalesWithEnergyShield"
1234,"TormentSpiritDropsIncrease"
1235,"CantTouchThis"
1236,"CantPossessThis"
1237,"TormentTouchedDropsIncrease"
1238,"ReducedCriticalStrikeDamageTaken"
1239,"IncreasedDamageToShockedTargets"
1240,"LeechLifeVsShockedEnemies"
1241,"AddedPhysicalDamageOnFrozenEnemies"
1242,"ReducedChillDurationOnSelf"
1243,"LifeGainOnHitVsIgnitedEnemies"
1244,"SocketedRedGemsHaveAddedFireDamage"
1245,"MultipleEnchantmentsAllowed"
1246,"SocketedMeleeGemsHaveIncreasedAoE"
1247,"PhysicalDamageConvertedToFireVsBurningEnemy"
1248,"PhysicalTakenAsColdFlask"
1249,"PhysicalAddedAsColdFlask"
1250,"FlaskPhysicalDamageTakenDuringFlaskEffect"
1251,"FlaskElementalDamageTakenDuringFlaskEffect"
1252,"FlaskDamageTakenDuringFlaskEffect"
1253,"AvoidChillFlask"
1254,"AvoidFreezeFlask"
1255,"FireDamageTakenCausesExtraPhysicalDamage"
1256,"IncreasedBlockChance"
1257,"TemporalChainsEffectivenessOnSelf"
1258,"ChillEffectivenessOnSelf"
1259,"PhysicalDamageOnSkillUse"
1260,"ReducedEnemyBlockChance"
1261,"GlobalFlaskChargeWhenCrit"
1262,"DegenDamageTaken"
1263,"AvoidKnockback"
1264,"AvoidStun"
1265,"AvoidFreeze"
1266,"AvoidChill"
1267,"AvoidShock"
1268,"MaxModRequiredLevelOverride"
1269,"MonsterDropAdditionalRareItems"
1270,"MapBrutal"
1271,"SqueakingWhenTakingFireDamage"
1272,"AddedFireDamageVsIgnitedEnemies"
1273,"MirrorArrowEnergyShield"
1274,"MapDebugPauseInstance"
1275,"CastSocketedMinionSpellsOnKill"
1276,"IncreasedMinionDamagePerDexterity"
1277,"CastSocketedSpellsOnShockedEnemyKill"
1278,"MaxPowerChargesIsZero"
1279,"DamageToCursedEnemies"
1280,"DamageToEnemiesPerCurse"
1281,"StealCharges"
1282,"ElementalPenetrationPerFrenzy"
1283,"IncreasedPhysicalDamagePerEndurance"
1284,"DamagePerPowerCharge"
1285,"ChargeDuration"
1286,"PercentageStrength"
1287,"PercentageDexterity"
1288,"PercentageIntelligence"
1289,"ElementalStatusAilmentDuration"
1290,"MaximumLightningResistance"
1291,"MaximumChaosResistance"
1292,"MapDisplayGrandmasters"
1293,"CanOnlyKillFrozenEnemies"
1294,"ChestExtraVaalFragments"
1295,"ChestSameBaseTypeRares"
1296,"ElementalPenetration"
1297,"StatusAilmentArtVariation"
1298,"SelfPhysicalDamageOnMinionDeath"
1299,"SelfPhysicalDamageOnMinionDeathPerES"
1300,"MinionAreaOfEffect"
1301,"DealNoPhysicalDamage"
1302,"DealNoNonPhysicalDamage"
1303,"RangedAttacksConsumeAmmo"
1304,"AdditionalProjectilesAfterAmmoConsumed"
1305,"DisplaySocketedGemsNova"
1306,"DisplaySocketedGemReducedDuration"
1307,"DisplaySocketedGemAdditionalProjectiles"
1308,"DisplaySocketedGemGenerosity"
1309,"ChaosDamagePoisons"
1310,"IncreasedElementalDamagePerFrenzyCharge"
1311,"MinesMultipleDetonation"
1312,"PlaceAdditionalMine"
1313,"OnslaughtBuffOnCull"
1314,"CannotBeChilledWhenOnslaught"
1315,"CannotBeAffectedByOnslaught"
1316,"MineLayingSpeed"
1317,"MineArmingSpeed"
1318,"LessMineDamage"
1319,"SupportedByRemoteMineLevel"
1320,"ColdWeaponDamage"
1321,"ShapersSeedAura"
1322,"BarrelOfSpidersDaemon"
1323,"CannotKnockBack"
1324,"ChillOnStun"
1325,"ActionSpeedReduction"
1326,"LocalSixLinkedSockets"
1327,"IgnitesReflectedToSelf"
1328,"AvoidFreezeChillIgniteWhileOnslaught"
1329,"SwordPhysicalDamageToAddAsFire"
1330,"GainOnslaughtWhenIgnited"
1331,"BlindNearbyEnemiesWhenIgnited"
1332,"CannotBeBuffedByAlliedAuras"
1333,"AurasCannotBuffAllies"
1334,"BuffEffectiveness"
1335,"CorpseCannotBeDestroyed"
1336,"MapWeather"
1337,"MapWeatherCrafted"
1338,"EnemyKnockbackDirectionReversed"
1339,"DisplaySupportedByKnockback"
1340,"LifeRegenPerMinutePerEnduranceCharge"
1341,"MapEclipse"
1342,"MonstersFleeOnFlaskUse"
1343,"PhysicalDamageOnFlaskUse"
1344,"KnockbackOnFlaskUse"
1345,"LifeAndManaOnHit"
1346,"LifeAndManaLeech"
1347,"PassiveJewelTest"
1348,"IcestormActiveSkill"
1349,"PowerChargeOnMeleeStun"
1350,"UnholyMightOnMeleeCrit"
1351,"AvoidElementalStatusAilments"
1352,"AvoidStunAndElementalStatusAilments"
1353,"AvoidElementalStatusAilmentsAndBleed"
1354,"ProjectilesAlwaysPierceYou"
1355,"IronWill"
1356,"DisplayGluttonyOfElements"
1357,"DisplaySupportedByPierce"
1358,"LifeRegenPerBuff"
1359,"IncreasedDamageWithSpecificElementSkill"
1360,"IncreasedCastSpeedWithSpecificElementSkill"
1361,"SpecificWeaponDamage"
1362,"MeleeTypeDamage"
1363,"DamageForm"
1364,"SpellTypeDamage"
1365,"SpecificWeaponSpeed"
1366,"MeleeTypeSpeed"
1367,"FireCastSpeed"
1368,"ColdCastSpeed"
1369,"LightningCastSpeed"
1370,"ChaosCastSpeed"
1371,"MapWbCrafted"
1372,"MarkOfCannibalismGemlingLegionnaire"
1373,"MineLaySpeed"
1374,"AttackCastSpeed"
1375,"CurseCastSpeed"
1376,"StrengthDexterity"
1377,"StrengthIntelligence"
1378,"DexterityIntelligence"
1379,"EnergyShieldGainPerTarget"
1380,"ArmourEvasion"
1381,"ArmourEnergyShield"
1382,"EvasionEnergyShield"
1383,"SpecificWeaponCritChance"
1384,"SpecificWeaponCritMultiplier"
1385,"SpecificWeaponAccuracy"
1386,"PassiveJewelGrantsRadius"
1387,"LegionJewelSell"
1388,"DevotionBonus"
1389,"JewelRingRadiusValues"
1390,"MeleeTypeCritChance"
1391,"MeleeTypeCritMultiplier"
1392,"FormCritChance"
1393,"FormCritMultiplier"
1394,"FormBlock"
1395,"FreezeDuration"
1396,"MinionElementalResistances"
1397,"TotemDamage"
1398,"TotemElementalResistances"
1399,"FormSpellBlock"
1400,"IncreasedLifeAndMana"
1401,"PercentageIncreasedLifeAndMana"
1402,"IncreasedLifeAndEnergyShield"
1403,"IncreasedEnergyShieldAndMana"
1404,"CurseEffectiveness"
1405,"GolemBuffEffect"
1406,"OfferingBuffEffect"
1407,"WarcryBonus"
1408,"CycloneExtraDistance"
1409,"AoEKnockBackOnFlaskUse"
1410,"AttacksCostNoMana"
1411,"NoManaLeechOrRegen"
1412,"ResoluteTechnique"
1413,"TauntImmunityDuration"
1414,"TauntImmunity"
1415,"LocalChanceToBleed"
1416,"ChanceToBleed"
1417,"PowerChargeOnStun"
1418,"UnholyMightOnCrit"
1419,"UnarmedAreaOfEffect"
1420,"SpellDamagePerStrength"
1421,"SpellDamagePerDexterity"
1422,"SpellDamagePerIntelligence"
1423,"FireCritChance"
1424,"ColdCritChance"
1425,"LightningCritChance"
1426,"ElementalCritChance"
1427,"ChaosCritChance"
1428,"FireCritMultiplier"
1429,"ColdCritMultiplier"
1430,"LightningCritMultiplier"
1431,"ElementalCritMultiplier"
1432,"ChaosCritMultiplier"
1433,"GrantsCullingStrike"
1434,"IncreasedItemRarity"
1435,"LifeOnCorpseRemoval"
1436,"TotemLifePerStrength"
1437,"TotemsCannotBeStunned"
1438,"MinionDodgeChance"
1439,"FireDamagePerBuff"
1440,"MinionLifeRecoveryOnBlock"
1441,"IncreasedDamageWhileLeechingLife"
1442,"MovementVelocityWhileIgnited"
1443,"LifeRegenerationOnFullEnergyShield"
1444,"ChanceToTakeCriticalStrike"
1445,"FortifyOnMeleeHit"
1446,"UnarmedRange"
1447,"IncreasedDamagePerMagicItem"
1448,"AdditionalTotemProjectiles"
1449,"IncreasedSpellDamageOnFullEnergyShield"
1450,"SpellDodgeOnFullEnergyShield"
1451,"FinalCastSpeed"
1452,"UnholyMightOnMeleeKill"
1453,"SpellDamageWithNoManaReserved"
1454,"DamageWhileDead"
1455,"VaalSkillDamage"
1456,"PlayerCurseImmunity"
1457,"ChaosDamagePerCorruptedItem"
1458,"LifeLeechRatePerCorruptedItem"
1459,"ManaLeechRatePerCorrupteditem"
1460,"SpellDamageWhileNotOnLowMana"
1461,"ReducedManaCostWhileNotOnLowMana"
1462,"AllAttributesPerAssignedKeystone"
1463,"LifeOnHitPerStatusAilmentOnEnemy"
1464,"LifeOnSpellHitPerStatusAilmentOnEnemy"
1465,"LocalItemLimit"
1466,"AdditionalVaalSoulOnKill"
1467,"VaalSkillDuration"
1468,"VaalSkillRefundChance"
1469,"VaalSkillCriticalStrikeChance"
1470,"VaalSkillCriticalStrikeMultiplier"
1471,"AttackDamage"
1472,"FlaskEffect"
1473,"MonsterDoNotFracture"
1474,"ManaCostOfTotemAuras"
1475,"AdditionalVaalSoulOnShatter"
1476,"IncreasedCorruptedGemExperience"
1477,"CorruptThresholdSoulEaterOnVaalSkillUse"
1478,"CorruptThresholdPhysBypassesES"
1479,"CorruptThresholdLifeLeechUsesChaosDamage"
1480,"ManaGainedOnKillPercentage"
1481,"LifeLostOnKillPercentage"
1482,"EnergyShieldLostOnKillPercentage"
1483,"PunishmentSelfCurseOnKill"
1484,"AdditionalCurseOnTarget"
1485,"DamageTakenOnFullES"
1486,"DamageTakenOnFullLife"
1487,"PantheonPowersDisabled"
1488,"ConvertLightningToCold"
1489,"SpellChanceToShockFrozenEnemies"
1490,"MonsterDamageVersusMinions"
1491,"LifeGainOnEnduranceChargeConsumption"
1492,"SummonTotemCastSpeed"
1493,"TotemDuration"
1494,"AttackDamageAgainstBleeding"
1495,"FlammabilityOnHit"
1496,"FrostbiteOnHit"
1497,"ConvertPhysicalToLightning"
1498,"LightningWarpSkill"
1499,"PhysicalAddedAsCold"
1500,"PhysicalAddedAsLightning"
1501,"PhysicalAddedAsFire"
1502,"PhysicalAddedAsChaos"
1503,"MeleeDamageAgainstBleeding"
1504,"MonsterNoMapDrops"
1505,"SpellAddedElementalDamage"
1506,"IncreasedDamagePerCurseOnSelf"
1507,"SpellAddedFireDamageHybrid"
1508,"SpellAddedColdDamageHybrid"
1509,"SpellAddedLightningDamageHybrid"
1510,"SpellAddedChaosDamageHybrid"
1511,"SpellAddedPhysicalDamageHybrid"
1512,"SummonSkeletonOnDeath"
1513,"GladiatorBosses"
1514,"MapWarbands"
1515,"DamageWithMovementSkills"
1516,"AttackSpeedWithMovementSkills"
1517,"LifeGainedOnKillingIgnitedEnemies"
1518,"DamageTakenFromSkeletons"
1519,"DamageTakenFromGhosts"
1520,"CannotBeShockedWhileFrozen"
1521,"LifeLeechPhysicalAgainstBleedingEnemies"
1522,"AdditionalCurseOnSelf"
1523,"RarityDuringFlaskEffect"
1524,"DamageDuringFlaskEffect"
1525,"MapPhylacteralLinkBosses"
1526,"LocalSocketedGolemLevel"
1527,"DisplaySocketedGemsSupportedByMinionLife"
1528,"DisplaySocketedGemsSupportedByLesserMultipleProjectiles"
1529,"DisplaySocketedGemsSupportedByIncreasedMinionDamage"
1530,"DisplaySocketedGemsSupportedByIncreasedCriticalDamage"
1531,"DisplaySocketedGemsSupportedByMinionSpeed"
1532,"LocalSocketedWarcryGemLevel"
1533,"ManaOnHitVsTauntedEnemy"
1534,"LifeGainedOnTauntingEnemy"
1535,"TauntDuration"
1536,"OnslaughtOnKillingTauntedEnemy"
1537,"TotemAreaOfEffect"
1538,"LifeLeechFromTotemSkills"
1539,"AnimateWeaponDuration"
1540,"NumberOfAdditionalAnimateWeaponCopies"
1541,"DamageYouReflectGainedAsLife"
1542,"MapMonsterLifeMerciless"
1543,"ElementalEquilibrium"
1544,"IronGrip"
1545,"PointBlank"
1546,"ArrowDodging"
1547,"PhaseAcrobatics"
1548,"VaalPact"
1549,"ElementalOverload"
1550,"AvatarOfFire"
1551,"EldritchBattery"
1552,"GroundEffectEffectiveness"
1553,"RandomCurseOnHitChance"
1554,"AddedLightningDamageSpellsAndAttacks"
1555,"AddedFireDamageSpellsAndAttacks"
1556,"ShockedGroundWhenHit"
1557,"MonsterChanceToBeStunned"
1558,"ProjectileSpeedVariation"
1559,"CriticalMultiplierIs100"
1560,"CanInflictMultipleIgnites"
1561,"EmberwakeLessBurningDamage"
1562,"LifePerDifficulty"
1563,"MapIgnition"
1564,"FireResistancePenetration"
1565,"ColdResistancePenetration"
1566,"GainPhasingOnVaalSkillUse"
1567,"MovementSpeedWhilePhased"
1568,"LifePerRedSocket"
1569,"EnergyShieldPerBlueSocket"
1570,"ManaPerGreenSocket"
1571,"MapMonsterFreezeAndChillAvoidance"
1572,"MapMonsterIgniteAvoidance"
1573,"MapMonsterShockAvoidance"
1574,"MapMonsterAilmentAvoidance"
1575,"MapMonsterCriticalStrikeChance"
1576,"MapMonsterCriticalStrikeMultiplier"
1577,"MapMonsterLifeLeechResistance"
1578,"MapMonsterManaLeechResistance"
1579,"MapBossLife"
1580,"MapBossAreaOfEffect"
1581,"MapForceChaosWarband"
1582,"MapForceNoMonsters"
1583,"MapSimulateWarband"
1584,"IncreasedDamageOnBurningGround"
1585,"LifeRegenerationPercentOnChilledGround"
1586,"MovementVelocityOnShockedGround"
1587,"IncreasedDamageOnZeroEnergyShield"
1588,"IncreasedArmourOnZeroEnergyShield"
1589,"UnholyMightOnBlockChance"
1590,"ChaosDamageLifeLeech"
1591,"PhysicalDamageAddedAsChaos"
1592,"ItemQuantityPerWhiteSocket"
1593,"ChaosDamageDoesNotBypassESDuringFlaskEffect"
1594,"RemoveLifeAndAddThatMuchEnergyShieldOnFlaskUse"
1595,"NoManaCosts"
1596,"TriggerEnchantment"
1597,"ConditionalBuffEnchantment"
1598,"SkillEnchantment"
1599,"BlightTowerEnchantment"
1600,"UniqueAnimateWeapon"
1601,"UniqueAnimateWeaponAura"
1602,"DamageTakeFromManaBeforeLifePerPowerCharge"
1603,"IncreasedManaRegenerationPerPowerCharge"
1604,"CriticalStrikeChancePerPowerCharge"
1605,"MapSpawnTalismans"
1606,"MapSpawnExtraTalismans"
1607,"PhysicalDamageAndLife"
1608,"EnergyShieldAndCastSpeed"
1609,"PhysicalDamageAddedAsRandomElement"
1610,"MonsterPower"
1611,"TalismanMonsterFireLens"
1612,"TalismanMonsterColdLens"
1613,"TalismanMonsterLightningLens"
1614,"PercentageAllAttributes"
1615,"ElementalDamageTakenAsAnotherElement"
1616,"FireDamageTakenAsLightning"
1617,"ColdDamageTakenAsFire"
1618,"ColdDamageTakenAsLightning"
1619,"LightningDamageTakenAsFire"
1620,"LightningDamageTakenAsCold"
1621,"DeleteOnDeath"
1622,"PowerChargeArtVariation"
1623,"FlaskChargeRecoveryDuringFlaskEffect"
1624,"ManaRegenerationDuringFlaskEffect"
1625,"ManaRegenerationWhileShocked"
1626,"MovementSpeedDuringFlaskEffect"
1627,"EnemiesLoseLifePlayerLeeches"
1628,"MapPlayerCorruptingBlood"
1629,"NoExtraBleedDamageWhileMoving"
1630,"AttacksHaveBloodMagic"
1631,"FlaskKnockforward"
1632,"SocketedTrapSkillsCreateSmokeCloudWhenDetonated"
1633,"FireDamageToBlindEnemies"
1634,"SpellDamageTakenFromBlindEnemies"
1635,"IncreasedStunThreshold"
1636,"IncreasedStunThresholdIfNoRecentStun"
1637,"StunThresholdBasedOnMana"
1638,"PowerChargeOnCriticalStrikeChance"
1639,"NoLifeRegeneration"
1640,"NeverBlock"
1641,"AncestralBond"
1642,"LocalShieldHasNoBlockChance"
1643,"LocalFlaskOnslaughtPerFrenzyCharge"
1644,"MapCurseEvery10Seconds"
1645,"HerBlessingOnIgnite"
1646,"AvoidAilmentsDuringHerBlessing"
1647,"AttackAndMoveSpeedDuringHerBlessing"
1648,"BlindOnGainingHerBlessing"
1649,"RallyingCryThresholdJewel"
1650,"VigilantStrikeThresholdJewel"
1651,"InfernalCryThresholdJewel"
1652,"FireballThresholdJewel"
1653,"ColdSnapThresholdJewel"
1654,"ShockNearbyEnemiesDuringFlaskEffect"
1655,"ShockSelfDuringFlaskEffect"
1656,"LightningLifeLeechDuringFlaskEffect"
1657,"LightningManaLeechDuringFlaskEffect"
1658,"LeechInstantDuringFlaskEffect"
1659,"AddedLightningDamageDuringFlaskEffect"
1660,"AddedSpellLightningDamageDuringFlaskEffect"
1661,"PhysicalToLightningDuringFlaskEffect"
1662,"LightningPenetrationDuringFlaskEffect"
1663,"MinionAttackAndCastSpeedPerSkeleton"
1664,"MinionDurationPerZombie"
1665,"MinionDamagePerSpectre"
1666,"MinionLifeRegenerationPerRagingSpirit"
1667,"IsPlayer"
1668,"ExplodeOnKillChaos"
1669,"ReduceManaCostPerEnduranceCharge"
1670,"RampageWhileAtMaxEnduranceCharges"
1671,"LoseEnduranceChargesOnRampageEnd"
1672,"IncreasedDamageAgainstFrozenEnemies"
1673,"AttackerTakesDamageNoRange"
1674,"AttackerTakesFireDamageNoRange"
1675,"MapTalismanLeague"
1676,"MapDarkShrine"
1677,"PhysicalDamageWhileFrozen"
1678,"AttacksThatStunCauseBleeding"
1679,"TalismanMonster"
1680,"GrantEnemiesUnholyMightOnKill"
1681,"GrantEnemiesOnslaughtOnKill"
1682,"UnholyMightOnKillPercentChance"
1683,"OnslaugtOnKillPercentChance"
1684,"MaximumLifeOnKillPercent"
1685,"MaximumManaOnKillPercent"
1686,"MaximumEnergyShieldOnKillPercent"
1687,"BurningArrowGroundTar"
1688,"BurningArrowGroundFire"
1689,"DisplayManifestWeapon"
1690,"ImmuneToLavaDamage"
1691,"NearbyEnemiesAreBlinded"
1692,"NearbyEnemiesHaveMalediction"
1693,"NearbyEnemiesAreCrushed"
1694,"DamageToNearbyEnemiesOnKill"
1695,"NearbyEnemiesAreSlowed"
1696,"Supported"
1697,"ItemGrantsBuff"
1698,"BootsGroundEffect"
1699,"FlaskConsumesFrenzyCharges"
1700,"CriticalChanceAgainstBlindedEnemies"
1701,"DamageAgainstNearEnemies"
1702,"MapDisableTorment"
1703,"MapDisableNemesis"
1704,"MapDisableBloodlines"
1705,"MapForceStoneCircle"
1706,"BeltSoulEaterDuringFlaskEffect"
1707,"BeltSoulsRemovedOnFlaskUse"
1708,"MapSoulEaterOnRareKill"
1709,"MapHeadhunter"
1710,"LabyrinthTrapDamage"
1711,"RatTalismanPoisonOnHit"
1712,"TalismanPickUp"
1713,"MapNoPortals"
1714,"TalismanBonus"
1715,"SocketedAurasReserveNoMana"
1716,"TalismanRigwaldSideAreaInfo"
1717,"ItemGrantsIllusoryWarp"
1718,"SelfStunThreshold"
1719,"LocalModifiesImplicitMods"
1720,"NoTalismans"
1721,"UnarmedDamageVsBleedingEnemies"
1722,"ClawDamageModsAlsoAffectUnarmed"
1723,"BaseUnarmedCriticalStrikeChance"
1724,"LifeGainVsBleedingEnemies"
1725,"ReducedPhysicalDamageTaken"
1726,"NoEnergyShield"
1727,"LocalNoEnergyShield"
1728,"FakeMultistrike"
1729,"FireBeamStacks"
1730,"SummonWolfOnKill"
1731,"SummonWolfOnCrit"
1732,"SwordAttackSpeed"
1733,"AxePhysicalDamage"
1734,"DualWieldingPhysicalDamage"
1735,"ProjectilesFork"
1736,"ClawAttackSpeedModsAlsoAffectUnarmed"
1737,"ClawCritModsAlsoAffectUnarmed"
1738,"EnergyShieldDelayDuringFlaskEffect"
1739,"ESRechargeRateDuringFlaskEffect"
1740,"EnduranceChargeOnKillChance"
1741,"FishingBiteSensitivity"
1742,"IncreasedColdDamagePerBlockChance"
1743,"IncreasedManaPerSpellBlockChance"
1744,"IncreasedArmourWhileChilledOrFrozen"
1745,"AddedColdDamageToSpellsAndAttacks"
1746,"MapActionSpeedWhileChilled"
1747,"MapQuantityAddedAsRarity"
1748,"MapDroppedItemLevel"
1749,"UtilityFlaskSmokeCloud"
1750,"UtilityFlaskConsecrate"
1751,"UtilityFlaskOnslaught"
1752,"UtilityFlaskChilledGround"
1753,"UtilityFlaskTaunt"
1754,"UtilityFlaskWard"
1755,"SummonsWormsOnUse"
1756,"PowerChargeOnHit"
1757,"LosePowerChargesOnMaxPowerCharges"
1758,"LoseEnduranceChargesOnMaxEnduranceCharges"
1759,"ShockOnMaxPowerCharges"
1760,"MoltenBurstOnMeleeHit"
1761,"PenetrateEnemyFireResist"
1762,"MapMonstersBaseSelfCriticalMultiplier"
1763,"DisplayItemSpecificEffect"
1764,"LocalFlaskPetrified"
1765,"LocalFlaskPhysicalDamageReduction"
1766,"LightningDegenAura"
1767,"CannotBeAffectedByFlasks"
1768,"FlasksApplyToMinions"
1769,"CharmUniqueBonuses"
1770,"RepeatingShockwave"
1771,"LifeRegenerationWhileFrozen"
1772,"KnockbackOnCounterattack"
1773,"EnergyShieldRechargeOnBlock"
1774,"BaseCriticalStrikeChanceAttacks"
1775,"AlwaysCrit"
1776,"DoubleDamageToChilledEnemies"
1777,"DamageOnNoFrenzyCharges"
1778,"AddedPhysicalToMinionAttacks"
1779,"EnergyShieldPerStrength"
1780,"MaximumGolems"
1781,"GrantsStoneGolemSkill"
1782,"ZealotsOath"
1783,"CountsAsAllOneHandMeleeWeapons"
1784,"DisplaySocketedGemGetsFortify"
1785,"CannotBeAffectedByFortify"
1786,"CannotBePoisoned"
1787,"EnergyShieldRecovery"
1788,"MapPerandusLeague"
1789,"BleedDurationPerIntelligence"
1790,"DegenerationDamagePerDexterity"
1791,"PerandusCoinStacksToDrop"
1792,"BleedingEnemiesFleeOnHit"
1793,"FireDamageAvoidance"
1794,"ColdDamageAvoidance"
1795,"LightningDamageAvoidance"
1796,"PhysicalDamageAvoidance"
1797,"ChaosDamageAvoidance"
1798,"TrapTriggerRadius"
1799,"TrapCascadeSpeed"
1800,"SpreadChilledGroundOnKill"
1801,"SpreadConsecratedGroundOnKill"
1802,"ChanceToPoisonWithAttacks"
1803,"TrapTriggerTwiceChance"
1804,"TrapPoisonChance"
1805,"DisplaySocketedGemsSupportedByBlasphemy"
1806,"DisplaySocketedCurseGemsGetReducedReservation"
1807,"TempestuousSteelSounds"
1808,"GrantAlliesPowerChargeOnKill"
1809,"GrantAlliesFrenzyChargeOnHit"
1810,"LabyrinthIzaroLife"
1811,"SpreadConsecratedGroundOnShatter"
1812,"CrabParasiteChaosExplode"
1813,"SummonRagingSpiritOnKill"
1814,"DamnedWeaponEffects"
1815,"PhysicalDamageConvertedToChaos"
1816,"MapLabyrinthHiddenDamageLife"
1817,"FishingDetection"
1818,"LocalMaimOnHit"
1819,"GlobalMaimOnHit"
1820,"CannotMaim"
1821,"AlwaysCritShockedEnemies"
1822,"CannotCritNonShockedEnemies"
1823,"ItemDestroyedOnDeath"
1824,"ProjectilesDropShockedGround"
1825,"MinionChanceToBlindOnHit"
1826,"MinionBlindImmunity"
1827,"DisplaySocketedMinionGemsSupportedByLifeLeech"
1828,"MagicItemsDropIdentified"
1829,"StackableJewelBonuses"
1830,"AddedColdDamagePerPowerCharge"
1831,"GainManaOnKillingFrozenEnemy"
1832,"GainPowerChargeOnKillingFrozenEnemy"
1833,"IncreasedDamageIfFrozenRecently"
1834,"AddedLightningDamagePerIntelligence"
1835,"IncreasedAttackSpeedPerDexterity"
1836,"MovementVelocityWhileBleeding"
1837,"IncreasedPhysicalDamageTakenWhileMoving"
1838,"PhysicalDamageReductionWhileNotMoving"
1839,"AddedLightningDamagePerShockedEnemyKilled"
1840,"ColdPenetrationAgainstChilledEnemies"
1841,"GainLifeOnIgnitingEnemy"
1842,"ReflectsShocks"
1843,"ReflectsShockToEnemiesInRadius"
1844,"ChaosDamageDoesNotBypassESNotLowLifeOrMana"
1845,"FrenzyChargeOnHitWhileBleeding"
1846,"IncreasedColdDamagePerFrenzyCharge"
1847,"OnHitBlindChilledEnemies"
1848,"RecoverLifeOnBlock"
1849,"GrantsLevel30Reckoning"
1850,"MinionsRecoverLifeOnKillingPoisonedEnemy"
1851,"WhenReachingMaxPowerChargesGainAFrenzyCharge"
1852,"GrantsEnvy"
1853,"GainArmourIfBlockedRecently"
1854,"EnemiesBlockedAreIntimidated"
1855,"MinionsPoisonEnemiesOnHit"
1856,"GrantsLevel20BoneNovaTrigger"
1857,"AttacksCauseBleedingOnCursedEnemyHit"
1858,"ReceiveBleedingWhenHit"
1859,"ArmourIncreasedByUncappedFireResistance"
1860,"EvasionIncreasedByUncappedColdResistance"
1861,"CriticalChanceIncreasedByUncappedLightningResistance"
1862,"CoverInAshOnHit"
1863,"CoverInAshWhenHit"
1864,"CriticalStrikesDealIncreasedLightningDamage"
1865,"MaximumEnergyShieldAsPercentageOfLife"
1866,"GlobalIgniteProlif"
1867,"ChillEnemiesWhenHit"
1868,"Roll6LinkedRandomColourSockets"
1869,"OnlySocketCorruptedGems"
1870,"OnlySocketSpecificJewel"
1871,"CurseVulnerabilityOnHit"
1872,"ColdAndLightningResistToMeleeDamageJewel"
1873,"FireAndLightningResistToProjectileAttackDamageJewel"
1874,"FireAndColdResistToSpellDamageJewel"
1875,"FireResistConvertedToBlockChanceScaledJewel"
1876,"ColdResistConvertedToDodgeChanceScaledJewel"
1877,"LightningResistConvertedToSpellBlockChanceScaledJewel"
1878,"FireResistAlsoGrantsEnduranceChargeOnKillJewel"
1879,"ColdResistAlsoGrantsFrenzyChargeOnKillJewel"
1880,"LightningResistAlsoGrantsPowerChargeOnKillJewel"
1881,"JewelEffectBaseRadius"
1882,"LightningStrikesOnCrit"
1883,"ArcticArmourBuffEffect"
1884,"FleshAndStoneAreaOfEffect"
1885,"TempestShieldBuffEffect"
1886,"ArcticArmourReservationCost"
1887,"MinionLeechOnPoisonedEnemies"
1888,"BleedingEnemiesExplode"
1889,"ChilledGroundEffect"
1890,"HeraldOfIceDamage"
1891,"IncreasedLightningDamageTaken"
1892,"PercentLightningDamageTakenFromManaBeforeLife"
1893,"PercentManaRecoveredWhenYouShock"
1894,"ChanceToCastOnManaSpent"
1895,"AdditionalChanceToBlockInOffHand"
1896,"CriticalStrikeChanceInMainHand"
1897,"CriticalStrikeMultiplierPerGreenSocket"
1898,"LifeLeechFromPhysicalAttackDamagePerRedSocket"
1899,"FlaskIncreasedDurationUnique1"
1900,"IncreasedFlaskChargesForOtherFlasksDuringEffect"
1901,"CannotGainFlaskChargesDuringFlaskEffect"
1902,"CannotGainFlaskChargesFromKills"
1903,"CanOnlyGainFlaskChargesFromKills"
1904,"IncreasedLightningDamagePer10Intelligence"
1905,"IncreasedDamagePerEnduranceCharge"
1906,"CannotBeShockedWhileMaximumEnduranceCharges"
1907,"IncreasedStunDurationOnSelf"
1908,"MapProphecyMaster"
1909,"ExileElementalDamageIncreaseRotation"
1910,"ReducedDamageIfNotHitRecently"
1911,"IncreasedEvasionIfHitRecently"
1912,"MonsterCannotBeChainedFrom"
1913,"MovementSpeedIfUsedWarcryRecently"
1914,"LifeRegeneratedAfterSavageHit"
1915,"ReducedDamageIfTakenASavageHitRecently"
1916,"IncreasedDamagePerLevelDifferenceAgainstHigherLevelEnemies"
1917,"IncreasedCostOfMovementSkills"
1918,"IncreasedEvasionWithOnslaught"
1919,"AttackDamageLifeLeechAgainstBleedingEnemies"
1920,"AttackDamageManaLeechAgainstPoisonedEnemies"
1921,"IIQFromMaimedEnemies"
1922,"IIRFromMaimedEnemies"
1923,"AdditionalChainWhileAtMaxFrenzyCharges"
1924,"CriticalStrikesDoNotFreeze"
1925,"ChanceToGainFrenzyChargeOnKillingFrozenEnemy"
1926,"GainPhasingFor4SecondsOnBeginESRecharge"
1927,"ChanceToDodgeAttacksWhilePhasing"
1928,"IIRWhilePhasing"
1929,"ManaRegenerationWhilePhasing"
1930,"AdditionalChanceToBlockAgainstTauntedEnemies"
1931,"IncreasedArmourAndEvasionIfKilledTauntedEnemyRecently"
1932,"SummonMaximumNumberOfSocketedTotems"
1933,"TotemElementalResistPerActiveTotem"
1934,"SpellsCastByTotemsHaveReducedCastSpeedPerTotem"
1935,"AttacksByTotemsHaveReducedAttackSpeedPerTotem"
1936,"ManaRecoveryRate"
1937,"AdditionalProjectiles"
1938,"CounterAttacksAddedColdDamage"
1939,"GolemDamage"
1940,"IncreasedGolemDamagePerGolem"
1941,"IncreasedLifeWhileNoCorruptedItems"
1942,"LifeRegenerationPerMinuteWhileNoCorruptedItems"
1943,"EnergyShieldRegenerationPerMinuteWhileAllCorruptedItems"
1944,"BaseManaRegenerationWhileAllCorruptedItems"
1945,"AddedChaosDamage"
1946,"AddedPhysicalDamage"
1947,"AddedFireDamage"
1948,"AddedColdDamage"
1949,"AddedLightningDamage"
1950,"MapProphecyLeague"
1951,"ReflectPhysicalDamageToSelfOnHit"
1952,"IgnoreHexproof"
1953,"PoisonCursedEnemiesOnHit"
1954,"ChanceToBeShocked"
1955,"ChestDropWarbandUnique"
1956,"ChestDroppedWeaponsAnimate"
1957,"GlobalDefensesPerWhiteSocket"
1958,"ChestDropMarakethWeapons"
1959,"ChestDropDeshretUnique"
1960,"ItemQuantityWhileWearingAMagicItem"
1961,"ItemRarityWhileWearingANormalItem"
1962,"AdditionalAttackTotems"
1963,"MonsterAdditionalCurrencyItems"
1964,"MinionColdResist"
1965,"MinionFireResist"
1966,"MinionPhysicalDamageAddedAsCold"
1967,"FlaskStunImmunity"
1968,"PhasingOnTrapTriggered"
1969,"GainEnergyShieldOnTrapTriggered"
1970,"GainLifeOnTrapTriggered"
1971,"GainFrenzyChargeOnTrapTriggered"
1972,"BleedingImmunity"
1973,"SelfStatusAilmentDuration"
1974,"PoisonOnMeleeHit"
1975,"LifeLeechVsCursedEnemies"
1976,"MovementSpeedIfKilledRecently"
1977,"ControlledDestructionSupport"
1978,"LifeRegenerationPercentPerEnduranceCharge"
1979,"ChanceForDoubleStunDuration"
1980,"AttackCastMoveOnWarcryRecently"
1981,"MapDroppedItemsAreMirrored"
1982,"ChaosSkillEffectDuration"
1983,"PoisonDuration"
1984,"KiarasDeterminationBuff"
1985,"MonsterIsCorruptedDisplay"
1986,"TotemCastsIceNovaText"
1987,"TotemCastsShockNovaText"
1988,"TotemCastsFireNovaText"
1989,"TotemCastsFlaskChargeNovaText"
1990,"TotemHasDamageAuraText"
1991,"TotemHasTemporalChainsAuraText"
1992,"TotemHasMovementSkillDamageAuraText"
1993,"TotemCastsBleedNovaText"
1994,"ItemsDropCorrupted"
1995,"ColdDamageAlsoIgnites"
1996,"ProphecyMagicBanditPackDropAdditionalCurrency"
1997,"BleedOnMeleeHitChance"
1998,"EssenceDaemon"
1999,"ChestDropsItemsFromCurrentWorldArea"
2000,"MonsterTotemDuration"
2001,"SummonMonsterOnDeath"
2002,"EssenceInsectSummonedOnDeath"
2003,"EssenceElementalSummonedOnDeath"
2004,"EssenceDaemonArcticGolemOnDeath"
2005,"EssenceFleshmonsterSummonedOnDeath"
2006,"EssenceDaemonAlternatingBuffsSpeedDodge"
2007,"EssenceDaemonAlternatingBuffsDamage"
2008,"EssenceDaemonAlternatingBuffsCrit"
2009,"MapRaceData"
2010,"MapMonsterLethal"
2011,"PhysicalDamageTakenAsCold"
2012,"MapLabyrinthPopUpTraps"
2013,"MirageOfBonesPerMinionDeath"
2014,"MirageOfBonesDamageTaken"
2015,"FireSeaWitchHealFromLava"
2016,"MapBossesUnionOfSouls"
2017,"ChaosDamageOverTimeTaken"
2018,"SocketedSkillsCriticalChance"
2019,"AttackAndCastSpeedDuringFlaskEffect"
2020,"AddedColdDamagePerFrenzyCharge"
2021,"AddedFireDamageIfBlockedRecently"
2022,"AddedFireDamagePer100LowestOfLifeOrMana"
2023,"ElementalPenetrationDuringFlaskEffect"
2024,"AdditionalPhysicalDamageReductionDuringFlaskEffect"
2025,"ReflectDamageTaken"
2026,"PowerChargeOnBlock"
2027,"NearbyEnemiesChilledOnBlock"
2028,"PoisonDamage"
2029,"ChanceToRecoverManaOnSkillUse"
2030,"CrushOnHitChance"
2031,"AlchemistsGeniusOnFlaskUseChance"
2032,"FortifyEffect"
2033,"MapEssenceLeague"
2034,"PowerFrenzyOrEnduranceChargeOnKill"
2035,"MonsterBuff"
2036,"ChestDropsCardsThatGiveUniques"
2037,"ChestDropsAddedCardsThatGivesCorruptedItems"
2038,"ChestDropsAddedCardsThatGiveCurrency"
2039,"ChestDropsAddedCardsThatGiveWeapons"
2040,"ChestDropsAddedCardsThatGiveArmour"
2041,"ChestDropsAdditionalSocketCurrency"
2042,"ChestDropsAdditionalSpecialCurrency"
2043,"ChestDropsAdditionalVaalOrbs"
2044,"ChestDropsAdditionalRustedScarabs"
2045,"ChestDropsAdditionalPolishedScarab"
2046,"ChestDropsAdditionalGildedScarabs"
2047,"ChestDropsAdditionalWingedScarabs"
2048,"ChestDropsAdditionalMapCurrency"
2049,"ChestDropsAdditionalFragments"
2050,"ChestAllScarabsSameType"
2051,"ChestDropsArmourLifeMod"
2052,"ChestDropsArmourMovementSpeedMod"
2053,"ChestDropsWeaponPhysicalMod"
2054,"ChestDropsWeaponElementalMod"
2055,"ChestDropsAddedCardsFromTheSameSet"
2056,"RemnantOfCorruptionMonsterEffects"
2057,"MonsterCannotBeSlowed"
2058,"GrantsMinion"
2059,"OnslaughtWhenHitChance"
2060,"DecayOnHit"
2061,"MovementSpeedOnBurningChilledShockedGround"
2062,"ManaGainedOnBlock"
2063,"CannotLeechFromCriticalStrikes"
2064,"ChanceToBlindOnCriticalStrikes"
2065,"BleedOnMeleeCriticalStrike"
2066,"StunDurationBasedOnEnergyShield"
2067,"ChestSilverCoins"
2068,"ChestSpecificDivinationCards"
2069,"MonsterTauntDamageReduction"
2070,"TakeNoExtraDamageFromCriticalStrikes"
2071,"ShockedEnemyCastSpeed"
2072,"ShockedEnemyMovementSpeed"
2073,"IncreasedBurningDamageIfYouHaveIgnitedRecently"
2074,"RecoverLifePercentOnIgnite"
2075,"MoreIgniteDamage"
2076,"NormalMonsterItemQuantity"
2077,"MagicMonsterItemRarity"
2078,"IncreasedMeleePhysicalDamageAgainstIgnitedEnemies"
2079,"MapAtlasMod"
2080,"MapAtlasBossAdditionalUnique"
2081,"MapAtlasBossDropsGuardianMap"
2082,"MapAtlasUnIDedMapsGrantQuantity"
2083,"MapAtlasContainsMaster"
2084,"MapAtlasContainsAdditionalInvasionBoss"
2085,"MapAtlasFireDamageAndPacks"
2086,"MapAtlasColdDamageAndPacks"
2087,"MapAtlasLightningDamageAndPacks"
2088,"MapAtlasPhysicalDamageAndPacks"
2089,"MapAtlasChaosDamageAndPacks"
2090,"MapAtlasUniqueMonstersDropCorruptedItems"
2091,"MapAtlasMapsHave20PercentQuality"
2092,"MapAtlasMapQualityBonusAlsoAppliesToRarity"
2093,"MapAtlasFishy"
2094,"MapAtlasStrongboxesAreCorruptedAndUnided"
2095,"MapAtlasCorruptedMapBossesDropAdditionalVaalItems"
2096,"MapAtlasMagicPackSize"
2097,"MapAtlasRogueExilesDamageAndDropAdditionalJewels"
2098,"MapAtlasMagicAndRareMapsHaveAdditionalPacks"
2099,"MapAtlasReducedReflectedDamageTakenMirroredRares"
2100,"MapAtlasClustersOfBarrels"
2101,"MapAtlasStrongboxMonstersEnrageAndDrops"
2102,"MapAtlasHighValueEnemiesOnOwnTeam"
2103,"MapAtlasMontersThatConvertOnDeath"
2104,"MapAtlasInstantFlasksAndHealingMonsters"
2105,"MapAtlasBodyguardsAndBossMapDrops"
2106,"MapAtlasAdditionalBreaches"
2107,"MapAtlasBreachIsSpecificType"
2108,"MapAtlasAdditionalAbysses"
2109,"MapAtlasPossessedMonstersDrop"
2110,"CriticalStrikeChanceForForkingArrows"
2111,"ArrowsAlwaysCritAfterPiercing"
2112,"ArrowsThatPierceCauseBleeding"
2113,"IncreaseProjectileAttackDamagePerAccuracy"
2114,"AdditionalSpellProjectiles"
2115,"IncreasedMinionDamageIfYouHitEnemy"
2116,"YourMovementSpeedAlsoAffectsMinions"
2117,"MinionDamageAlsoAffectsYou"
2118,"ChimeraMinionFerocity"
2119,"GlobalCriticalStrikeChanceAgainstChilled"
2120,"CastSocketedColdSpellsOnMeleeCriticalStrike"
2121,"EssenceBuffHorror"
2122,"IncreasedAttackAreaOfEffect"
2123,"PhysicalDamageCanShock"
2124,"DealNoElementalDamage"
2125,"MonsterMaimOnHit"
2126,"GrantedSkillMonster"
2127,"TakeFireDamageOnIgnite"
2128,"FireDamageLeechedAsLifeWhileIgnited"
2129,"MovementSkillsDealNoPhysicalDamage"
2130,"GainPhasingIfKilledRecently"
2131,"MovementSkillsCostNoMana"
2132,"ProjectileAttackDamage"
2133,"ManaPerStrength"
2134,"LifePerDexterity"
2135,"MeleePhysicalDamagePerDexterity"
2136,"AccuracyPerIntelligence"
2137,"EvasionRatingPerIntelligence"
2138,"TotemBossTeamAAtollDaemon"
2139,"DaemonAlternatingBuffsStatueMaker"
2140,"ChanceToGainFrenzyChargeOnStun"
2141,"IncreasedDamageOverTimeDuringFlaskEffect"
2142,"VulnerabilityAuraDuringFlaskEffect"
2143,"PrrojectilesPierceWhilePhasing"
2144,"ChanceToAvoidProjectilesWhilePhasing"
2145,"FlaskAdditionalProjectilesDuringEffect"
2146,"FlaskIncreasedAreaOfEffectDuringEffect"
2147,"VaultBossStanceMods"
2148,"VaultBossTreasurePileDamageBuff"
2149,"MapEnemiesDropStackedDeck"
2150,"MapMonsterLevelOverride"
2151,"MonsterDaemonSlowingTotem"
2152,"MonsterTarOnHit"
2153,"MapDisplayBossDropsDivinationCards"
2154,"MapHallowedGround"
2155,"MinionAttackSpeed"
2156,"MinionCastSpeed"
2157,"MinionAccuracyRating"
2158,"MinionAlwaysHit"
2159,"MinionMaxElementalResistance"
2160,"MinionPhysicalDamageReduction"
2161,"MapFlaskChargeRecovery"
2162,"MapBossLessIgnitePoisonBleedDuration"
2163,"IncreasedDamageVersusTikiTotems"
2164,"IsSpider"
2165,"MapDropsAllMaps"
2166,"MapBreachLeague"
2167,"MapBreachLeagueCrafted"
2168,"MonsterSextantLifeQualityQuantity"
2169,"Deprecated"
2170,"ThrowTrapsInCircle"
2171,"SpellMaximumActionDistance"
2172,"MonsterConvertsOnDeath"
2173,"StrongboxDisplayAsEnchantment"
2174,"ChestBarrelRarity"
2175,"ChestBarrelSummonMonster"
2176,"ChestBarrelBeacon"
2177,"ChestBarrelCausticCloud"
2178,"ChestBarrelArchnemesisGreedDebuff"
2179,"PrimordialJewelCount"
2180,"GolemLifeUnique"
2181,"GolemSize"
2182,"GolemMovementSpeed"
2183,"GolemLifeRegenerationUnique"
2184,"IncreasedDamageIfGolemSummonedRecently"
2185,"IncreasedGolemDamageIfGolemSummonedRecently"
2186,"GolemSkillsCooldownRecoveryUnique"
2187,"GolemsSkillsCooldownRecoveryUnique"
2188,"GolemBuffEffectUnique"
2189,"GolemAttackAndCastSpeedUnique"
2190,"GolemArmourRatingUnique"
2191,"MonsterVoriciNonTargetBonus"
2192,"MonsterDisableLifePartyScaling"
2193,"EnergyShieldDamageTakenPerMinute"
2194,"GhostReaverOnFullLife"
2195,"LifeLeechAnyDamage"
2196,"ArmourPerTotem"
2197,"ElementalDamagePercentAddedAsChaos"
2198,"SpellDamageIfYouHaveCritRecently"
2199,"SpellDamageIfCritPast8Seconds"
2200,"CriticalStrikesDealNoDamage"
2201,"CriticalStrikesDealNoExtraDamage"
2202,"IncreasedManaRegenerationWhileStationary"
2203,"AddedArmourWhileStationary"
2204,"SpreadChilledGroundWhenHit"
2205,"LocalFlaskUnholyMight"
2206,"NonCriticalStrikesDealNoDamage"
2207,"CritMultiIfDealtNonCritRecently"
2208,"EnemiesDestroyedOnKill"
2209,"RecoverPercentMaxLifeOnKill"
2210,"MapDisableProphecies"
2211,"CriticalMultiplierPerBlockChance"
2212,"AttackDamagePerLowestArmourOrEvasion"
2213,"FortifyOnMeleeStun"
2214,"OnslaughtWhileFortified"
2215,"StatsDoubledInBreach"
2216,"CannotCastSpells"
2217,"CannotDealSpellDamage"
2218,"CannotReseveMana"
2219,"WhileASpider"
2220,"FireDamagePerStrength"
2221,"GolemLargerAggroRadius"
2222,"MaximumLifeConvertedToEnergyShield"
2223,"BreachFireUnique"
2224,"BreachColdUnique"
2225,"BreachLightningUnique"
2226,"BreachPhysicalUnique"
2227,"BreachChaosUnique"
2228,"BreachFireUniqueUnleashed"
2229,"BreachColdUniqueUnleashed"
2230,"BreachLightningUniqueUnleashed"
2231,"BreachPhysicalUniqueUnleashed"
2232,"BreachChaosUniqueUnleashed"
2233,"MonsterCurseOnHit"
2234,"CannotBeUsedAsMinion"
2235,"BreachDomainTiming"
2236,"LocalChanceToPoisonOnHit"
2237,"BreachDomainBossMod"
2238,"IncreasedSpellDamageWhileShocked"
2239,"MaximumResistanceWithNoEnduranceCharges"
2240,"BeyondPortalChance"
2241,"OnslaughtWithMaxEnduranceCharges"
2242,"MinionsGainYourStrength"
2243,"AdditionalZombiesPerXStrength"
2244,"ZombiesLeechLifeToYouAt1000Strength"
2245,"BleedDuration"
2246,"IncreasedRarityPerRampageStacks"
2247,"WeylamsWarChestDaemon"
2248,"UniqueDivStrongboxDaemon"
2249,"VaalKillFromNoExpMonsters"
2250,"ImmuneToBurningShockedChilledGround"
2251,"FlatLifePer10Dexterity"
2252,"LifeRegenerationWhileMoving"
2253,"SpellsAreDisabled"
2254,"MovementSkillsAreDisabled"
2255,"MaxLifePerItemRarity"
2256,"PercentDamagePerItemQuantity"
2257,"ItemQuantityPerChestOpenedRecently"
2258,"MovementSpeedPerChestOpenedRecently"
2259,"PirateChestUniques"
2260,"WarcryKnockback"
2261,"AttackAndCastSpeedOnUsingMovementSkill"
2262,"CannotBeSlowedBelowBase"
2263,"MapBlightLeagueCrafted"
2264,"MapBlightLeagueMemoryLine"
2265,"MapAtlasBlight"
2266,"MovementCannotBeSlowedBelowBase"
2267,"IncreasedEnergyShieldAndStunRecovery"
2268,"ClassicAdditionalAreas"
2269,"ClassicLeague"
2270,"FlaskElementalPenetrationOfHighestResist"
2271,"FlaskElementalDamageTakenOfLowestResist"
2272,"DisplaySupportedByEnduranceChargeOnStun"
2273,"MonsterSlowFireBeam"
2274,"MapClassicLeague"
2275,"LeaguestoneAreaContainsBreaches"
2276,"LeaguestoneAreaContainsAdditionalBreaches"
2277,"MapRareBreachMonsterDropsAdditionalShards"
2278,"MapBreachContainsBoss"
2279,"MapBreachContainsLargeChest"
2280,"MapIncreasedBreachMonsterQuantity"
2281,"LeaguestoneAreaContainsMonoliths"
2282,"LeaguestoneAreaContainsAdditionalMonoliths"
2283,"MapEssenceMonstersHaveAdditionalEssences"
2284,"MapEssenceMonstersAreCorrupted"
2285,"MapEssenceMonstersContainHigherTierEssences"
2286,"LeaguestoneAreaContainsTalismans"
2287,"LeaguestoneAreaContainsAdditionalTalismans"
2288,"MapTalismansDropAtHigherTiers"
2289,"MapTalismansDropAsRare"
2290,"MapAreaContainsAStoneCircle"
2291,"MapAreaContainsATalismanBoss"
2292,"LeaguestoneAreaContainsRogueExiles"
2293,"MapRogueExilesAreTwinned"
2294,"MapRogueExileDropsQualityGem"
2295,"MapRogueExilesDealExtraDamage"
2296,"MapRogueExileAttacCastMovementSpeed"
2297,"MapRogueExilesDealExtraDamageAndAreFaster"
2298,"DisplayGrantsVengeance"
2299,"CannotLeechLife"
2300,"CannotLeechEnergyShield"
2301,"AllResistanceAt200Strength"
2302,"LifeRegenerationAt400Strength"
2303,"LifeRegenerationIfHitRecently"
2304,"AttackBlockIfBlockedSpellRecently"
2305,"SpellBlockIfBlockedAttackRecently"
2306,"AttackBlockIfBlockedAttackRecently"
2307,"SpellBlockIfBlockedSpellRecently"
2308,"AddedChaosDamageWhileUsingAFlask"
2309,"GainPowerChargesOnUsingWarcry"
2310,"AttackLeechAgainstTauntedEnemy"
2311,"WarcryCooldownSpeed"
2312,"WarcryEffect"
2313,"OnslaughtOnUsingWarcry"
2314,"AddedColdDamageAgainstFrozenEnemies"
2315,"AvoidShockWhileChilled"
2316,"ChanceToShockChilledEnemies"
2317,"AvoidFreezeAndChillIfFireSkillUsedRecently"
2318,"HeraldOfThunderBuffEffect"
2319,"TotemLeechLifeToYou"
2320,"TriggeredConsecrate"
2321,"IncreasedDamageOnConsecratedGround"
2322,"BlockChanceOnConsecratedGround"
2323,"ChillEnemiesOnHitWithWeapon"
2324,"SupportFlatAddedFireDamage"
2325,"PhysicalDamageToAttacksPerLevel"
2326,"RightRingSlotMaximumMana"
2327,"LeftRingSlotMaximumEnergyShield"
2328,"LeftRingSlotFlatManaRegen"
2329,"NearbyEnemiesAreIntimidated"
2330,"NearbyAlliesMovementVelocity"
2331,"WeaponElementalPenetration"
2332,"IncreasedElementalDamageIfUsedWarcryRecently"
2333,"TriggeredAnimateWeapon"
2334,"AddedFireDamagePerStrength"
2335,"AddedColdDamagePerDexterity"
2336,"GlobalAddedDamagePerAttribute"
2337,"LocalGolemBuffEffect"
2338,"LocalGolemLifeAddedAsES"
2339,"LocalGolemIncreasedAttackAndCastSpeed"
2340,"LocalGolemGrantsOnslaughtOnSummon"
2341,"LocalGolemTauntOnHit"
2342,"LocalGolemLifeRegeneration"
2343,"LocalVaalDamage"
2344,"LocalVaalSoulRequirement"
2345,"LocalVaalUsesToStore"
2346,"LocalVaalIgnoreMonsterResistances"
2347,"LocalVaalIgnoreMonsterPhysicalReduction"
2348,"LocalVaalElusiveOnUse"
2349,"LocalVaalTailwindIfUsedRecently"
2350,"LocalVaalAreaOfEffect"
2351,"LocalVaalProjectileSpeed"
2352,"LocalVaalSkillEffectDuration"
2353,"LocalVaalSoulGainPrevention"
2354,"LocalVaalLuckyDamage"
2355,"LocalVaalAuraEffect"
2356,"MapAreaHasRandomProphecy"
2357,"MapAreaContainsYamaTheWhite"
2358,"MapAreaContainsAvatarOfProphecy"
2359,"MapAreaContainsAvatarOfBreach"
2360,"MapAreaContainsAvatarOfEssence"
2361,"MapAreaContainsAvatarOfPerandus"
2362,"MapAreaContainsAvatarOfAnarchy"
2363,"MapAreaContainsAvatarOfTalisman"
2364,"MapAreaContainsAvatarOfTempest"
2365,"AvatarConvocationDaemon"
2366,"MapAreaHasAdditionalSilverCoinMonsters"
2367,"MapMonstersDropAdditionalSilverCoins"
2368,"MapMonstersThatDropCoinsHaveIncreasedItemQuantity"
2369,"AddedFireDamageToBurningEnemies"
2370,"IncreasedDamageToChilledEnemies"
2371,"CritChanceToShockedEnemies"
2372,"GainShapersPresence"
2373,"LeaguestoneSpawnBasePerandusChests"
2374,"MapCadiroSpawnChance"
2375,"MapAreaContainsPerandusMapChest"
2376,"MapAreaContainsPerandusUniqueItemChest"
2377,"MapAreaContainsPerandusCurrencyChest"
2378,"MapAreaContainsPerandusCoinChest"
2379,"MapAreaContainsPerandusJewelleryChest"
2380,"MapDoublePerandusCoinsFound"
2381,"MapVaalTempleContainsVaalVessels"
2382,"MonsterExileLifeInMerciless"
2383,"IncreasedFireDamgeIfHitRecently"
2384,"ImmuneToFreezeAndChillWhileIgnited"
2385,"FirePenetrationIfBlockedRecently"
2386,"DisplayGrantsBloodOffering"
2387,"TriggeredSummonLesserShrine"
2388,"MonsterFiresVaalBurningArrowText"
2389,"MonsterCurseOnHitProjectileWeakness"
2390,"MonsterIncursionArchitect"
2391,"MonsterIncursionBoss"
2392,"MapAreaContainsAdditionalPerandusChests"
2393,"CastSummonLesserShrineOnKill"
2394,"ChestDropReliquaryItems"
2395,"MapAreaContainsAdditionalShrines"
2396,"MapShrinesAreGuardedByMonsterOfRarity"
2397,"MapAreaContainsASpecificShrine"
2398,"MapAreaContainsAvatarOfDomination"
2399,"MapNumberOfWarbandPacksOverride"
2400,"MapAreaContainsAdditionalWarbandPacks"
2401,"MapAreaContainsWarbandOfTypeOverride"
2402,"MapAreaContainsWarbandLeader"
2403,"MapWarbandItemRarityQuantity"
2404,"MapIncreasedRampageDuration"
2405,"MapAreaContainsAdditionalAnimatedWeaponPacks"
2406,"MapGainCurrencyOnRampageStackNumber"
2407,"MapSummonMonsterOnRampageStackNumber"
2408,"MapItemRarityPerRampageStack"
2409,"MapBossIsPossessed"
2410,"MapTormentedSpiritsDropAdditionalItems"
2411,"MapAreaContainsTormentedVaalCultist"
2412,"MapAreaContainsTormentedSeditionist"
2413,"MapAreaContainsTormentedEmbezzler"
2414,"MapNumberOfTormentedSpirits"
2415,"MapAdditionalTormentedSpirits"
2416,"MapAreaContainsKeepersOfTheTrovePack"
2417,"MapAreaContainsWealthyPack"
2418,"MapAreaContainsAdditionalMagicPacks"
2419,"MapAreaContainsARandomTempest"
2420,"MapAreaContainsSpecificTempest"
2421,"MapTempestItemQuantity"
2422,"MapTempestItemRarity"
2423,"LeaguestoneMaximumArea"
2424,"LeaguestoneMinimumArea"
2425,"LifeGainedOnStun"
2426,"RyuslathaMinimumDamageModifier"
2427,"RyuslathaMaximumDamageModifier"
2428,"MapBeyondMonsterIncreasedItemQuantityAndRarity"
2429,"MapFirstSlainBeyondBossDropsAUniqueItem"
2430,"MapMonsterWillSummonBeyondBoss"
2431,"MapMonsterWillSummonAbaxoth"
2432,"MapGainOnslaughtFor4SecondsOnKill"
2433,"MapMonsterOnslaughtEffectAndExperience"
2434,"MapMonsterPackHasTurbo"
2435,"MapAreaContainsAdditionalRareMonsters"
2436,"MapRareMonstersDropAdditionalRareItems"
2437,"MapAreaContainsInnerTreasureRareMonster"
2438,"MapInvasionBossItemQuantityAndRarity"
2439,"MapFirstInvasionBossSlainDropsCurrency"
2440,"MapInvasionBossGuardedByMagicPacks"
2441,"MapLeaguestoneStrongboxImplicit"
2442,"MapLeaguestoneAdditionalStrongbox"
2443,"MapLeaguestoneAdditionalRareMonstersFromStrongbox"
2444,"MapLeaguestoneAreaContainsGemcuttersStrongbox"
2445,"MapLeaguestoneAreaContainsCartographersStrongbox"
2446,"MapLeaguestoneAreaContainsUniqueStrongbox"
2447,"MapLeaguestoneAdditionalRareItemsFromStrongbox"
2448,"MapLeaguestoneAreaContainsArcanistsStrongbox"
2449,"MapLeaguestoneTalismanMonstersDropAdditionalRareItems"
2450,"MapLeaguestoneShrinesDropCurrencyOnActivation"
2451,"MapLeaguestoneShrinesGrantAnAdditionalShrineEffect"
2452,"MapLeaguestoneWarbandsExtraGrunts"
2453,"MapLeaguestoneWarbandsExtraSupports"
2454,"MapLeaguestoneWarbandsExtraElites"
2455,"MapLeaguestoneOtherEssenceMonstersAreMagic"
2456,"MapLeaguestoneMonstersNearShrinesAreChilled"
2457,"MapLeaguestoneIncreasedShrineEffectDuration"
2458,"MapLeaguestoneChanceToDodgeDuringShrineEffect"
2459,"MapLeaguestoneStrongboxRarity"
2460,"MapLeaguestoneVaalOrbFromStrongboxChance"
2461,"MapLeaguestoneEssenceMonsterDamageDealtAndTaken"
2462,"MapLeaguestoneEssenceMonsterItemQuantity"
2463,"MapLeaguestoneEssenceMonsterItemRarity"
2464,"MapLeaguestoneBreachMonsterDamageDealtAndTaken"
2465,"MapLeaguestoneRareBreachMonsterDropsBreachRingChance"
2466,"MapLeaguestoneAreaContainsAdditionalLeaguestone"
2467,"MapLeaguestoneAreaContainsSpecificEssence"
2468,"MapLeaguestoneAreaContainsUulNetolBreach"
2469,"MapLeaguestoneAreaContainsChayulaBreach"
2470,"LeaguestoneChanceToGainSecondRampageKill"
2471,"MapLeaguestoneAreaContainsVoidspawnOfAbaxothBloodline"
2472,"MapLeaguestoneAreaContainsBearersOfTheGuardianBloodline"
2473,"MapInvasionBossDropsAdditionalVaalOrb"
2474,"MapInvasionBossDropsItemsWithAdditionalSocket"
2475,"MapInvasionBossDropsFullyLinkedItems"
2476,"MapRareMonstersDropRarePrismaticRingChance"
2477,"MapStealModOnRareKillChance"
2478,"MonsterIsBeyondBoss"
2479,"MapDamageTakenFromBeyondMonsters"
2480,"MapSummonBeyondBossOnBeyondBossDeathChance"
2481,"MapBloodlinePackDropsCurrencyOnDeath"
2482,"MapBloodlinePackDropsRareItemOnDeath"
2483,"MapGainOnslaughtOnRareKill"
2484,"MapPossessedMonstersTakeIncreasedDamage"
2485,"MapLeaguestonePlayersHaveRampage"
2486,"MapLeaguestoneBloodlines"
2487,"MapLeaguestoneBeyond"
2488,"MapLeaguestoneOnslaught"
2489,"MapLeaguestoneNemesis"
2490,"MapLeaguestoneInvasion"
2491,"MapLeaguestoneAdditionalRogueExile"
2492,"MapPerandusChestQuantityAndRarity"
2493,"MapPerandusMonsterChanceToDropCoins"
2494,"MapPerandusGuardsAreRare"
2495,"MapAreaContainsPerandusUniqueMonster"
2496,"MapSilverCoinMonstersDropAdditionalRareItems"
2497,"MapSilverCoinMonstersDropAdditionalCurrencyItems"
2498,"MapTempestAreaOfEffect"
2499,"MapIncreasedPlayerAttackCastMovementSpeed"
2500,"MapLeaguestoneAdditionalShrines"
2501,"MapLeaguestoneMagicMonsterDamageDealtAndTaken"
2502,"MapLeaguestoneOnslaughtOnOpeningStrongbox"
2503,"MapLeaguestonePlayerSpellDodge"
2504,"MapLeaguestonePlayerMovementSpeed"
2505,"MapLeaguestoneOnslaughtDuringFlaskEffect"
2506,"MapLeaguestoneRareMonsterDamage"
2507,"MapLeaguestoneRareMonstersHaveInnerTreasure"
2508,"MapLeaguestoneStealAllModsOnRareKill"
2509,"MapLeaguestoneTormentSpiritDuration"
2510,"MapLeaguestoneTormentSpiritMovementSpeed"
2511,"MapLeaguestoneInvasionBossesAreTwinned"
2512,"MapLeaguestoneAdditionalInvasionBoss"
2513,"MapLeaguestoneAdditionalSilverCoinMonsters"
2514,"MapIncreasedBeyondPortalChance"
2515,"MonsterIsInvasionBoss"
2516,"MapRogueExileDropsAreFullyLinked"
2517,"MapRogueExileDropsAreCorrupted"
2518,"MapRogueExileDropsAreMirrored"
2519,"MapRogueExileDropsAdditionalCurrency"
2520,"MapAreaContainsMandibleTalisman"
2521,"MapAreaContainsChrysalisTalisman"
2522,"MapAreaContainsWrithingTalisman"
2523,"MapAreaContainsFangjawTalisman"
2524,"MapAreaContainsClutchingTalisman"
2525,"MapAreaContainsThreeRatTalisman"
2526,"MapAreaContainsUniqueTalisman"
2527,"MapReducedDamageTakenWhileOnRampage"
2528,"MapLifeRegenerationPer10RampageStacks"
2529,"MapIncreasedTempestFrequency"
2530,"MapAreaContainsCorruptedStrongbox"
2531,"MonsterIsBeyondMonster"
2532,"MapRogueExileDropsAdditionalJewels"
2533,"HoundBossDaemon"
2534,"AlwaysIgniteWhileBurning"
2535,"AdditionalBlockWhileNotCursed"
2536,"AdditionalSpellBlockWhileCursed"
2537,"LifePerLevel"
2538,"ManaPerLevel"
2539,"EnergyShieldPerLevel"
2540,"ChaosDegenAuraUnique"
2541,"HeraldsAlwaysCost45"
2542,"StunAvoidancePerHerald"
2543,"IncreasedDamageIfShockedRecently"
2544,"ShockedEnemiesExplode"
2545,"UnaffectedByShock"
2546,"UniqueStrongbox"
2547,"MonsterInflictsBleedingText"
2548,"MonsterInflictsMaimText"
2549,"MinionAttackSpeedPerXDex"
2550,"MinionMovementSpeedPerXDex"
2551,"MinionHitsOnlyKillIgnitedEnemies"
2552,"BaseLocalDefences"
2553,"BaseLocalDefencesAndLife"
2554,"BaseLocalDefencesAndMana"
2555,"BaseLocalDefencesAndDefencePercent"
2556,"MapBossesSpawnZombieGiant"
2557,"WeaponCasterDamagePrefix"
2558,"WeaponDamageTypePrefix"
2559,"TrapDamageAndMana"
2560,"BleedingDamage"
2561,"MonsterKillTrapsMinesTotemsOnDeath"
2562,"DisplayMonsterBlocksProjectilesWhileCharging"
2563,"LocalIncreaseSocketedHeraldLevel"
2564,"IncreasedAreaOfSkillsWithNoFrenzyCharges"
2565,"GlobalCriticalMultiplierWithNoFrenzyCharges"
2566,"AccuracyRatingWithMaxFrenzyCharges"
2567,"ReducedAttackSpeedOfMovementSkills"
2568,"IncreasedColdDamageIfUsedFireSkillRecently"
2569,"IncreasedFireDamageIfUsedColdSkillRecently"
2570,"IncreasedDamagePerPowerCharge"
2571,"ChanceToGainMaximumPowerCharges"
2572,"FireDamageCanPoison"
2573,"ColdDamageCanPoison"
2574,"LightningDamageCanPoison"
2575,"FireSkillsChanceToPoison"
2576,"ColdSkillsChanceToPoison"
2577,"LightningSkillsChanceToPoison"
2578,"GainManaAsExtraEnergyShield"
2579,"EverythingEverywhere"
2580,"MayhemEventDifficulty"
2581,"GrantsTouchOfGod"
2582,"GrantsFireChasm"
2583,"PantheonFlask"
2584,"GrantsSummonBeast"
2585,"ChaosResistDoubled"
2586,"MinionSkillManaCost"
2587,"TriggeredAbyssalCry"
2588,"TriggeredLightningWarp"
2589,"TriggerCascadeTargetVariation"
2590,"KeystoneGhostReaver"
2591,"SummonSkeletonsNumberOfSkeletonsToSummon"
2592,"SummonSkeletonsCooldownTime"
2593,"HarbingerLeague"
2594,"AreaContainsAdditionalHarbingers"
2595,"HarbingerCurrencyShards"
2596,"EnergyShieldRechargeStartsWhenStunned"
2597,"TrapCooldownRecovery"
2598,"MineDetonationSpeed"
2599,"SparkSkillEffectDuration"
2600,"ReducedExtraDamageFromCritsWithNoPowerCharges"
2601,"PhysAddedAsChaosWithMaxPowerCharges"
2602,"SkeletonSpeed"
2603,"ChannelledSkillDamage"
2604,"VolkuurLessPoisonDuration"
2605,"ProjectileAttackCriticalStrikeChance"
2606,"SupportedByLesserPoison"
2607,"SupportedByVileToxins"
2608,"SupportedByInnervate"
2609,"SupportedByIceBite"
2610,"SupportedByMeatShield"
2611,"DummyStatDisplayNothing"
2612,"GrantsVoidGaze"
2613,"AddedChaosDamageVsEnemiesWith5Poisons"
2614,"PoisonDurationPerPowerCharge"
2615,"PoisonDamagePerFrenzyCharge"
2616,"GainFrenzyChargeOnKillVsEnemiesWith5Poisons"
2617,"GainPowerChargeOnKillVsEnemiesWithLessThan5Poisons"
2618,"PoisonDurationWithOver150Intelligence"
2619,"PoisonDamageWithOver300Dexterity"
2620,"YouCannotBeHindered"
2621,"ImmuneToMaim"
2622,"CannotHinder"
2623,"CooldownRecovery"
2624,"DebuffTime"
2625,"RecoveryRate"
2626,"StatsWithBeastialMinion"
2627,"GrantsDarktongueKiss"
2628,"ShockEffect"
2629,"AdditionalDropSlotsAndExperienceWhenDeletedOnDeath"
2630,"MapDropTencentEventShards"
2631,"MapDropTencentEventCoins"
2632,"MapDropTencentEventCoins2"
2633,"MapDropTencentEventCoins3"
2634,"LocalCanSocketIgnoringColour"
2635,"SocketedGemsInColouredSocketEffect"
2636,"GainThaumaturgyBuffRotation"
2637,"FireBeamLength"
2638,"SpiritCharge"
2639,"SpectreLife"
2640,"PowerChargeOnManaSpent"
2641,"IncreasedCastSpeedPerPowerCharge"
2642,"ManaRegeneratedPerSecondPerPowerCharge"
2643,"GainARandomChargePerSecondWhileStationary"
2644,"LoseAllChargesOnMove"
2645,"HungryLoop"
2646,"StanceImmobile"
2647,"FlaskPoisonDuration"
2648,"FlaskHitsHaveNoCritMulti"
2649,"FlaskGrantsPerfectAgony"
2650,"FlaskChanceToPoison"
2651,"FlaskTakeChaosDamagePerSecond"
2652,"FlaskCriticalStrikeDoTMultiplier"
2653,"SocketedGemLevelPer25PlayerLevels"
2654,"TriggerSocketedSpellOnAttack"
2655,"AddsPhysicalDamagePer3PlayerLevels"
2656,"AbyssJewelLife"
2657,"AbyssJewelMana"
2658,"AbyssJewelChillEffect"
2659,"AbyssJewelShockEffect"
2660,"AbyssJewelSocket"
2661,"StarterPassiveJewel"
2662,"IncreasedCriticalStrikeChancePerAccuracyRating"
2663,"DamageOverTimeWhileDualWielding"
2664,"DamageOverTimeWhileWieldingTwoHandedWeapon"
2665,"DamageOverTimeWhileHoldingAShield"
2666,"MinionAddedFireDamage"
2667,"MinionAddedColdDamage"
2668,"MinionAddedLightningDamage"
2669,"MinionAddedPhysicalDamage"
2670,"MinionAddedChaosDamage"
2671,"AbyssLeague"
2672,"SpecificWeaponPhysicalDamage"
2673,"SpecificWeaponFireDamage"
2674,"SpecificWeaponColdDamage"
2675,"SpecificWeaponLightningDamage"
2676,"SpecificWeaponChaosDamage"
2677,"WeaponClassPhysicalDamage"
2678,"WeaponClassFireDamage"
2679,"WeaponClassColdDamage"
2680,"WeaponClassLightningDamage"
2681,"WeaponClassChaosDamage"
2682,"BlindOnHit"
2683,"TauntOnHit"
2684,"HinderOnHit"
2685,"DamageVSAbyssMonsters"
2686,"MinionDamageVSAbyssMonsters"
2687,"ReducedPhysicalDamageTakenVsAbyssMonsters"
2688,"ChanceToAvoidBleeding"
2689,"ChanceToAvoidPoison"
2690,"ChanceToAvoidImpale"
2691,"AvoidBleedAndPoison"
2692,"SpellAddedFireSuffix"
2693,"SpellAddedColdSuffix"
2694,"SpellAddedLightningSuffix"
2695,"SpellAddedPhysicalSuffix"
2696,"SpellAddedChaosSuffix"
2697,"AddedFireSuffix"
2698,"AddedColdSuffix"
2699,"AddedLightningSuffix"
2700,"AddedPhysicalSuffix"
2701,"AddedChaosSuffix"
2702,"MinionAttackSpeedAndCastSpeed"
2703,"MinionLifeLeech"
2704,"MinionMovementSpeed"
2705,"DegradingMovementSpeedDuringFlaskEffect"
2706,"SpellBlockChanceIfHitRecently"
2707,"ReducedPhysicalDamageTakenIfNotHitRecently"
2708,"MovementSpeedIfNotDamagedRecently"
2709,"DamageIfEnemySlainRecently"
2710,"CriticalStrikeMultiplierIfEnemySlainRecently"
2711,"IncreasedArmourIfNoEnemySlainRecently"
2712,"AccuracyIfNoEnemySlainRecently"
2713,"DamagePenetratesElementalResistancesIfNoEnemySlainRecently"
2714,"CastSpeedIfMinionKilledRecently"
2715,"MinionDamageIfMinionSkillUsedRecently"
2716,"EvasionRatingWhileMoving"
2717,"ManaRegenerationRateWhileMoving"
2718,"LifeRegenerationRateWhileMoving"
2719,"PhysicalDamageAddedAsExtraFireIfCriticalStrikeDealtRecently"
2720,"AttackSpeedIfCriticalStrikeDealtRecently"
2721,"CastSpeedIfCriticalStrikeDealtRecently"
2722,"CriticalStrikeChanceIfNoCriticalStrikeDealtRecently"
2723,"MinionAttackAndCastSpeedIfEnemySlainRecently"
2724,"SpellDodgeAndDodgeChanceIfHitRecently"
2725,"MovementSpeedIfEnemySlainRecently"
2726,"ChanceToBlockIfDamagedRecently"
2727,"ReflectPoisonsToSelf"
2728,"ReflectBleedingToSelf"
2729,"ChaosResistancePerPoisonOnSelf"
2730,"DamagePerPoisonOnSelf"
2731,"MovementSpeedPerPoisonOnSelf"
2732,"TravelSkillsReflectPoison"
2733,"IncreasedArmourWhileBleeding"
2734,"ChanceToGainOnslaughtOnKill"
2735,"ChancetoGainPhasingOnKill"
2736,"ChanceToGainUnholyMightOnKill"
2737,"ChanceToGainUnholyMightOnKillAbyss"
2738,"CannotBeAffectedByPhasing"
2739,"ChanceToAvoidProjectiles"
2740,"TotemSupported"
2741,"SpectreCriticalStrikeChance"
2742,"SpectreHaveBaseDuration"
2743,"LocalChanceToMaim"
2744,"ChanceToMaim"
2745,"GainCriticalStrikeChanceOnManaSpent"
2746,"GainHerEmbraceOnIgnite"
2747,"TakeDamagePerLevelWhileHerEmbrace"
2748,"GainArmourEqualToManaReserved"
2749,"VaalPactIfCritRecently"
2750,"ShaperInfluence"
2751,"ElderInfluence"
2752,"AvoidInterruptionWhileCasting"
2753,"TrapSupported"
2754,"MineSupported"
2755,"ChillEffect"
2756,"HelmetAilmentUber"
2757,"PhysicalDamageTakenAsElement"
2758,"FireDamageTakenAsPhysical"
2759,"ElementalDamageTakenAsPhysical"
2760,"SpellAddedPhysicalDamage"
2761,"SpellAddedFireDamageUber"
2762,"SpellAddedColdDamageUber"
2763,"SpellAddedLightningDamageUber"
2764,"CannotBeIgnitedWithStrHigherThanDex"
2765,"CannotBeFrozenWithDexHigherThanInt"
2766,"CannotBeShockedWithIntHigherThanStr"
2767,"IncreasedDamagePerLowestAttribute"
2768,"IncreasedAilmentDuration"
2769,"SharedSuffering"
2770,"CreateSmokeCloudWhenTrapTriggered"
2771,"SocketedCriticalMultiplier"
2772,"SocketedCriticalStrikeChance"
2773,"MaximumLeechRate"
2774,"EnergyShieldLeechPermyriad"
2775,"LifeRecoveryRate"
2776,"CurseReservationCost"
2777,"ChanceToDodgeWhileOffhandIsEmpty"
2778,"IncreasedColdDamageWhileOffhandIsEmpty"
2779,"DisplayIronReflexesFor8Seconds"
2780,"ArborixMoreDamageAtCloseRange"
2781,"FarShotWhileYouDoNotHaveIronReflexes"
2782,"AttackCastMovementSpeedWhileYouDoNotHaveIronReflexes"
2783,"ElementalDamageCanShock"
2784,"DeathWalk"
2785,"EnemiesTakeIncreasedDamagePerAilmentType"
2786,"DamagePerAbyssJewelType"
2787,"AdditionalPhysicalDamageReductionWhileMoving"
2788,"ReducedElementalDamageTakenWhileStationary"
2789,"AdditionalArrowWhileAccuracyIs3000"
2790,"AccuracyRatingIsDoubled"
2791,"MeleePhysicalDamagePerStrengthWhileFortified"
2792,"IncreasedEvasionRatingWhileLeeching"
2793,"IncreasedEvasionRatingIfHitEnemyRecently"
2794,"EnemiesHaveReducedEvasionIfHitRecently"
2795,"CriticalStrikeMultiplierIfHaventCritRecently"
2796,"CriticalStrikeChanceAgainstBleedingEnemies"
2797,"CriticalStrikeChanceAgainstPoisonedEnemies"
2798,"AreaOfEffectWith500Strength"
2799,"AreaOfEffectIfStunnedEnemyRecently"
2800,"GainEnduranceChargeOnHittingBleedingEnemy"
2801,"AdditionalBlockChancePerEnduranceCharge"
2802,"AttackSpeedIfBlockedRecently"
2803,"AreaOfEffectWhileFortified"
2804,"MeleeWeaponRangeIfKilledRecently"
2805,"MeleeWeaponRangeWhileFortified"
2806,"StunDurationPerStrength"
2807,"ReducedStunThresholdWith500Strength"
2808,"AreaOfEffectPerEnduranceCharge"
2809,"AreaDamagePerStrength"
2810,"IncreasedDamageAgainstTauntedEnemies"
2811,"BleedingDamagePerEnduranceCharge"
2812,"MovementSpeedWhileFortified"
2813,"MovementSkillsFortifyOnHitChance"
2814,"MeleeWeaponRangeAtMaximumFrenzyCharges"
2815,"GainEnduranceChargeWhileStationary"
2816,"BlindEnemiesWhenHit"
2817,"DamageAgainstBleedingEnemies"
2818,"PoisonDamageAgainstBleedingEnemies"
2819,"ChanceToBleedOnTauntedEnemies"
2820,"AreaOfEffectPerPowerCharge"
2821,"IncreasedLifePerAbyssalJewel"
2822,"IncreasedManaPerAbyssalJewel"
2823,"AdditionalCriticalStrikeChanceWithAttacks"
2824,"AdditionalCriticalStrikeChanceWithSpells"
2825,"AdditionalBlockWith5NearbyEnemies"
2826,"GainRandomChargeOnBlock"
2827,"AdditionalChanceToEvade"
2828,"RemoveAilmentOnFlaskUse"
2829,"SpeedDuringFlaskEffect"
2830,"DamageTypeDuringFlaskEffect"
2831,"DamagePer15Attributes"
2832,"DamagePerBlockChance"
2833,"ChanceToChillAttackersOnBlock"
2834,"ChanceToShockAttackersOnBlock"
2835,"RecoverLifePercentOnBlock"
2836,"RecoverManaPercentOnBlock"
2837,"RecoverEnergyShieldPercentOnBlock"
2838,"AilmentChanceAddedDamage"
2839,"BleedDamageAgainstPoisonedEnemies"
2840,"CriticalStrikeMultiplierIfBlockedRecently"
2841,"GainEnduranceChargeOnStunChance"
2842,"RemoveBleedingOnWarcry"
2843,"FortifyEffectWhileStationary"
2844,"FortifyDurationPerStrength"
2845,"GainFortifyOnStunChance"
2846,"ReducedElementalDamageTakenPerEnduranceCharge"
2847,"AreaOfEffectIfBlockedRecently"
2848,"AreaOfEffectIfKilledRecently"
2849,"ElementalDamagePerIntelligence"
2850,"AdditionalBlockChanceIfCritRecently"
2851,"ElementalDamagePerStrength"
2852,"ElementalDamagePerPowerCharge"
2853,"LifeGainPerBlindedEnemyHit"
2854,"CullingStrikeIfCritRecently"
2855,"AreaOfEffectPerStrength"
2856,"CritsHaveCullingStrike"
2857,"CullingStrikeOnBleedingEnemies"
2858,"IncreasedLifePerElderItem"
2859,"AilmentEffectPerElderItem"
2860,"AilmentDamagePerElderItem"
2861,"RemoveAilmentOnFlaskUseIfAllItemsAreElder"
2862,"StrengthDamageBonus3Per10"
2863,"CannotBlockSpells"
2864,"NonChaosAddedAsChaos"
2865,"GainEnduranceChargeOnLosingFortify"
2866,"LifeGainOnHitWhileLeeching"
2867,"ProjectileDamagePerEnemyPierced"
2868,"IntimidateOnHitWithMeleeAbyssJewel"
2869,"FortifyOnHitWithMeleeAbyssJewel"
2870,"RageOnHitWithMeleeAbyssJewel"
2871,"MaimOnHitWithRangedAbyssJewel"
2872,"BlindOnHitWithRangedAbyssJewel"
2873,"OnslaughtOnKillWithRangedAbyssJewel"
2874,"ArcaneSurgeOnHitWithSpellAbyssJewel"
2875,"MinionAccuracyWithMinionAbyssJewel"
2876,"AbyssJewelEffect"
2877,"MapMonstersFrenzyChargeOnHit"
2878,"MapMonstersEnduranceChargeOnHit"
2879,"MapMonstersPowerChargeOnHit"
2880,"MapMonstersImpaleOnHit"
2881,"MapMonstersChanceToSuppressSpells"
2882,"MapMonstersMaximumLifeAddedEnergyShield"
2883,"MapBossPossessed"
2884,"IrridiatedMaps"
2885,"MapMonstersBlindOnHit"
2886,"MapMonstersMaimOnHit"
2887,"MapMonstersHinderOnHit"
2888,"MapMonstersStealChargesOnHit"
2889,"MapConsecratedGround"
2890,"MapPlayerCooldownRecovery"
2891,"MapPlayerBuffsExpireFaster"
2892,"MapPlayerAuraEffect"
2893,"MapPlayerAccuracyRating"
2894,"CriticalStrikeMultiplierAgainstEnemiesOnFullLife"
2895,"GainEnduranceChargeOnCrit"
2896,"CriticalStrikeChanceIfKilledRecently"
2897,"StunDurationAndThreshold"
2898,"IncreasedArmourWhileStationary"
2899,"NumberOfProjectilesIfHitRecently"
2900,"GainIronReflexesWhileStationary"
2901,"NumberOfProjectilesIfUsedAMovementSkillRecently"
2902,"AddedPhysicalDamageVersusIgnitedEnemies"
2903,"AddedFireDamageVersusBleedingEnemies"
2904,"GainAvatarOfFireEvery8Seconds"
2905,"GainElementalOverloadEvery16Seconds"
2906,"GainResoluteTechniqueWithoutElementalOverload"
2907,"ProjectilesGainPercentOfNonChaosAsChaos"
2908,"AuraBonus"
2909,"SpiritBurstOnSkillUseUnique"
2910,"MonsterTentacles"
2911,"DealNoNonElementalDamage"
2912,"GainSpiritChargeOnKillChance"
2913,"GainSpiritChargeEverySecond"
2914,"LoseSpiritChargesOnSavageHit"
2915,"GainLifeWhenSpiritChargeExpiresOrConsumed"
2916,"GainESWhenSpiritChargeExpiresOrConsumed"
2917,"PhysAddedAsEachElementPerSpiritCharge"
2918,"MaximumSpiritChargesPerAbyssJewelEquipped"
2919,"GainDebilitatingPresence"
2920,"ElderChargeVariation"
2921,"AddedPhysicalDamagePerEnduranceCharge"
2922,"ChaosResistancePerEnduranceCharge"
2923,"ReducedElementalDamageTakenHitsPerEnduranceCharge"
2924,"ArmourPerEnduranceCharge"
2925,"AvoidElementalDamagePerFrenzyCharge"
2926,"AttackDamageLeechPerFrenzyCharge"
2927,"AddedLightningDamagePerPowerCharge"
2928,"AdditionalCriticalStrikeChancePerPowerCharge"
2929,"CriticalMultiplierPerPowerCharge"
2930,"ChanceToBlockSpellsPerPowerCharge"
2931,"DamageTakenPerCharge"
2932,"TentacleFiendAuraMonster"
2933,"RaiseSpectreManaCost"
2934,"ProjectileDistanceOverride"
2935,"SideareaLevelOverride"
2936,"MaximumVoidArrows"
2937,"CannotBeStunnedByAttacksElderItem"
2938,"AttackDamageShaperItem"
2939,"SpellDamageElderItem"
2940,"CannotBeStunnedBySpellsShaperItem"
2941,"RecoverLifeInstantlyOnManaFlask"
2942,"NonInstantManaRecoveryAlsoAffectsLife"
2943,"SpellDamagePer200ManaSpentRecently"
2944,"ManaCostPer200ManaSpentRecently"
2945,"SiphoningChargeOnSkillUse"
2946,"MaximumSiphoningChargePerElderOrShaperItem"
2947,"PhysicalDamageToAttacksPerSiphoningCharge"
2948,"LifeLeechPerSiphoningCharge"
2949,"NonChaosDamageAddedAsChaosPerSiphoningCharge"
2950,"AdditionalPhysicalDamageReductionPerSiphoningCharge"
2951,"NumberOfProjectilesOverride"
2952,"MapAtlasInfluence"
2953,"MapMissionDetails"
2954,"DamagePer10Dexterity"
2955,"DoubleDamage"
2956,"BestiaryLeague"
2957,"RagingSpiritDurationResetOnIgnitedEnemy"
2958,"FrenzyChargePer50RampageStacks"
2959,"AreaOfEffectPer25RampageStacks"
2960,"UnaffectedByCurses"
2961,"TrapAndMineSupported"
2962,"AvianModifiers"
2963,"CatsStealthTriggeredIntimidatingCry"
2964,"CrabModifiers"
2965,"TrapVariation"
2966,"CatModifiers"
2967,"SpiderModifiers"
2968,"MaximumResistancesOverride"
2969,"LightningDamageCanIgnite"
2970,"ProjectileAttackDamageAt200Dexterity"
2971,"CriticalStrikeChanceAt200Intelligence"
2972,"OnslaughtOnLowLife"
2973,"IgnoreEnemyFireResistWhileIgnited"
2974,"CrimsonDanceIfCritRecently"
2975,"AnimateGuardianWeaponOnGuardianKillUnique"
2976,"SkillVisualScale"
2977,"CannnotHaveNonAnimatedMinions"
2978,"AnimatedGuardianDamagePerAnimatedWeapon"
2979,"AnimatedMinionsHaveMeleeSplash"
2980,"IncreasedAnimatedMinionSplashDamage"
2981,"AnimatedGuardianDefensesApplyToAnimatedWeapon"
2982,"ReverseChill"
2983,"CountAsLowLife"
2984,"ChanceToPoison"
2985,"NoArmourOrEnergyShield"
2986,"DamageOnMovementSkill"
2987,"RagingSpiritDamage"
2988,"RagingSpiritAlwaysIgnite"
2989,"ReducedRagingSpiritsAllowed"
2990,"ManifestExtraDancingDervishCopies"
2991,"AnimateGuardianWeaponOnAnimatedWeaponKill"
2992,"IncursionLeague"
2993,"BestiaryModYellowMonsters"
2994,"FlaskCurseImmunity"
2995,"ChanceToBePoisoned"
2996,"PoisonExpiresSlower"
2997,"BleedOnSelfDamage"
2998,"NoManaRecoveryDuringFlaskEffect"
2999,"FlaskGainVaalSoulPerSecond"
3000,"FlaskGainVaalSoulsOnUse"
3001,"FlaskLoseChargesOnNewArea"
3002,"FlaskVaalSkillDamage"
3003,"FlaskVaalSkillCriticalStrikeChance"
3004,"FlaskVaalSkillCost"
3005,"FlaskVaalSoulPreventionDuration"
3006,"FlaskVaalNoSoulPrevention"
3007,"FlaskVaalConsumeMaximumCharges"
3008,"FlaskVaalGainSoulsAsCharges"
3009,"UniqueSelfCurseVulnerabilityLevel"
3010,"SelfCurseDespair"
3011,"SelfCurseElementalWeakness"
3012,"SelfCurseEnfeeble"
3013,"SelfCurseTemporalChains"
3014,"SelfCurseVulnerability"
3015,"SelfCurseConductivity"
3016,"SelfCurseFlammability"
3017,"SelfCurseFrostbite"
3018,"CastSpeedAppliesToTrapSpeed"
3019,"RandomChargeOnTrapTrigger"
3020,"CannotGainEnergyShield"
3021,"NoMaximumLifePerStrength"
3022,"NoMaximumManaPerIntelligence"
3023,"SkeletonsTakeFireDamagrPerSecond"
3024,"SkeletonsCoverEnemiesInAsh"
3025,"SkeletonsHaveAvatarOfFire"
3026,"LifeGainOnHitIfVaalSkillUsedRecently"
3027,"MovementVelocityIfVaalSkillUsedRecently"
3028,"GainPowerChargeOnUsingVaalSkill"
3029,"ChaosDamageCanIgniteChillAndShock"
3030,"GainSoulEaterOnVaalSkillUse"
3031,"BonusPerAllocatedAttribute"
3032,"BonusPerUnallocatedAttribute"
3033,"PhysicalDamageConvertedToRandomElement"
3034,"LocalAlwaysInflictElementalAilments"
3035,"LocalElementalDamageAgainstAilments"
3036,"OnslaughtWhileNotOnLowMana"
3037,"ManaDegeneration"
3038,"AdditionalProjectilesCorrupted"
3039,"AvoidIgniteCorrupted"
3040,"IncreasedAilmentEffectOnEnemies"
3041,"DamageOverTime"
3042,"IncreasedDamage"
3043,"AvoidMaimChance"
3044,"PhysicalDamageTakenAsChaos"
3045,"ColdDamageTaken"
3046,"OnslaughtEffect"
3047,"UnholyMightEffect"
3048,"LightningDamageTaken"
3049,"ReducedExtraDamageFromCrits"
3050,"SupportedByBlind"
3051,"SupportedByFortify"
3052,"SupportedByLifeGainOnHit"
3053,"SupportedByOnslaught"
3054,"SupportedByReducedMana"
3055,"MaximumEnergyShieldPercent"
3056,"IncreasedItemQuantity"
3057,"IncreasedAuraEffectWrathCorrupted"
3058,"IncreasedAuraEffectAngerCorrupted"
3059,"IncreasedAuraEffectHatredCorrupted"
3060,"IncreasedAuraEffectDeterminationCorrupted"
3061,"IncreasedAuraEffectDisciplineCorrupted"
3062,"IncreasedAuraEffectGraceCorrupted"
3063,"IncreasedAuraEffectMalevolenceCorrupted"
3064,"IncreasedAuraEffectZealotryCorrupted"
3065,"IncreasedAuraEffectPrideCorrupted"
3066,"IncreasedIntelligenceDexterityCorrupted"
3067,"IncreasedDexterityStrengthCorrupted"
3068,"IncreasedStrengthIntelligenceCorrupted"
3069,"IncreasedAttributesCorrupted"
3070,"AllResistancesCorrupted"
3071,"ChaosDamageTakenPercentage"
3072,"AddedColdDamageToBowAttacksCorrupted"
3073,"AddedEvasionWhileMovingCorrupted"
3074,"AddedFireDamageToBowAttacksCorrupted"
3075,"AddedLightningDamageToBowAttacksCorrupted"
3076,"AddedPhysicalDamageToBowAttacksCorrupted"
3077,"AddedChaosDamageToBowAttacksCorrupted"
3078,"AdditionalCriticalStrikeMultiplierUnderFlaskEffect"
3079,"ChanceToBleedOnHitAndIncreasedDamageToBleedingTargets"
3080,"CorruptedBlood"
3081,"DodgeAttackHitsWhileMoving"
3082,"DodgeSpellHitsWhileMoving"
3083,"GainFrenzyChargeAfterSpending200Mana"
3084,"IncreasedCriticalStrikeUnderFlaskEffect"
3085,"IncreasedProjectileDamageForEachChain"
3086,"PuritySkillReduced"
3087,"ReducedDamageFromAreaOfEffect"
3088,"IncreasedSocketedTrapOrMineGemLevel"
3089,"IncreaseSocketedDurationGemLevel"
3090,"IncreasedSocketedAoEGemLevel"
3091,"IncreaseSocketedAuraGemLevel"
3092,"IncreaseSocketedCurseGemLevel"
3093,"IncreaseSocketedProjectileGemLevel"
3094,"IncreaseSocketedFireGemLevel"
3095,"IncreaseSocketedColdGemLevel"
3096,"IncreaseSocketedLightningGemLevel"
3097,"IncursionTemplePoisonClusters"
3098,"IncursionTempleAttackCastSpeed"
3099,"IncursionPlayerMaxResists"
3100,"IncursionMonsterDensity"
3101,"IncursionMonsterRarity"
3102,"IncursionAdditionalBreaches"
3103,"IncursionTempestItemsDropCorrupted"
3104,"MonsterKillAndDeleteOnHit"
3105,"MapQuantity"
3106,"PerandusManorCadiro"
3107,"IncursionMonsterRegen"
3108,"IncursionMonsterAreaOfEffect"
3109,"IncursionMonsterResists"
3110,"IncursionMonsterCrits"
3111,"IncursionMonsterAddedAsFire"
3112,"IncursionMonsterAddedAsLightning"
3113,"IncursionMonsterMagicPacks"
3114,"IncursionTempleMonstersCurseEffectOnSelf"
3115,"IncursionTempleMonstersPoisoning"
3116,"IncursionMonsterTormentedSpirit"
3117,"IncursionTempleTempestBuffDuration"
3118,"IncursionTempleRoomBonus"
3119,"IncursionTempleItemLevel"
3120,"IncursionArchitectMapCurrency"
3121,"ElementalHitJewel"
3122,"CannotHaveNonGolemMinions"
3123,"IncursionTempestWeight"
3124,"IncursionTempleFirePacks"
3125,"IncursionTempleLightningPacks"
3126,"IncursionTempleMinionPacks"
3127,"IncursionTempleTrapVialChance"
3128,"IncursionTempleHealingVialChance"
3129,"IncursionTemplePoisonVialChance"
3130,"IncursionTempleLightningVialChance"
3131,"IncursionTempleFireVialChance"
3132,"IncursionTempleMinionVialChance"
3133,"IncursionTempleFlaskVialChance"
3134,"IncursionTempleJewelVialChance"
3135,"IncursionTempleAmuletVialChance"
3136,"MapItemsDropCorrupted"
3137,"DelveTest"
3138,"MapDelveLeague"
3139,"UniqueTriggerSocketedWarcriesOnEnduranceChargeExpireOrUse"
3140,"UniqueCurseWithSocketedCurseOnHit"
3141,"SacrificeLifeToGainES"
3142,"BenefitPerKeystone"
3143,"CannotGainEnduranceCharges"
3144,"GrantsStatsFromNonNotablesInRadius"
3145,"AllocatedNonNotablesGrantNothing"
3146,"DamageIsUnlucky"
3147,"DamageIsLucky"
3148,"UniqueNearbyAlliesAreLucky"
3149,"MonsterDamageIsUnlucky"
3150,"DoubleModSellPrice"
3151,"ChanceToGainMaximumEnduranceCharges"
3152,"ChanceToGainMaximumFrenzyCharges"
3153,"EnduranceChargeIfHitRecently"
3154,"FrenzyChargeOnHitChance"
3155,"AttackAndCastSpeed"
3156,"AdditionalPhysicalDamageReduction"
3157,"IntimidateOnHit"
3158,"OnslaughtOnHit"
3159,"ArcaneSurgeOnHit"
3160,"ArcaneSurgeOnCrit"
3161,"NearbyEnemiesBonuses"
3162,"AuraAddedDamagePerSocket"
3163,"UniqueShieldBonuses"
3164,"AuraNoReservation"
3165,"FlatPhysicalDamageTaken"
3166,"DamageOnFullLife"
3167,"LocalDisplayNearbyEnemyFireDamageResistance"
3168,"LocalDisplayNearbyEnemyColdDamageResistance"
3169,"LocalDisplayNearbyEnemyLightningDamageResistance"
3170,"LocalDisplayNearbyEnemyChaosDamageResistance"
3171,"LocalDisplayNearbyEnemyPhysicalDamageTaken"
3172,"LocalDisplayNearbyEnemyElementalDamageTaken"
3173,"NearbyEnemyZeroChaosDamageResistance"
3174,"ChanceToIntimidateOnHit"
3175,"ChanceToUnnerveOnHit"
3176,"PhysicalDamageReductionRatingIfYouHaveHitAnEnemyRecently"
3177,"EvasionRatingIfYouHaveHitAnEnemyRecently"
3178,"EnergyShieldRegenerationRatePerMinuteIfYouHaveHitAnEnemyRecently"
3179,"MaximumEnergyShieldFromBodyArmour"
3180,"ChanceWhenHitForArmourToBeDoubled"
3181,"BaseBodyArmourMaximumEnergyShield"
3182,"LocalChanceForPoisonDamage100FinalInflictedWithThisWeapon"
3183,"LocalChanceForBleedingDamage100FinalInflictedWithThisWeapon"
3184,"LocalAttackReduceEnemyElementalResistance"
3185,"SocketedSpellsDamageFinal"
3186,"SocketedAttacksDamageFinal"
3187,"MinimumAddedPhysicalDamageVsPoisonedEnemies"
3188,"MaximumAddedPhysicalDamageVsPoisonedEnemies"
3189,"MinimumAddedPhysicalDamageVsBleedingEnemies"
3190,"MaximumAddedPhysicalDamageVsBleedingEnemies"
3191,"SocketedSkillsCastSpeed"
3192,"SocketedSpellsManaCost"
3193,"SocketedSkillsAttackSpeed"
3194,"SocketedAttacksManaCost"
3195,"AilmentDamage"
3196,"SupportedByArcaneSurge"
3197,"SupportedByMaim"
3198,"SupportedByIgniteProliferation"
3199,"SupportedByExceptionalSupport"
3200,"IncreasedDamageFromAuras"
3201,"DelveStrengthGemLevel"
3202,"DelveDexterityGemLevel"
3203,"DelveIntelligenceGemLevel"
3204,"VaalSoulCost"
3205,"MonsterAgroRadius"
3206,"LifeAndPercentLife"
3207,"FrenzyChargeOnHittingRareOrUnique"
3208,"IgnoreArmourMovementPenalties"
3209,"HolyRelicCooldownRecovery"
3210,"ManaRegeneratedIfYouveHitRecently"
3211,"FrenzyChargeWhenHit"
3212,"MovementSpeedIfHitRecently"
3213,"AttackAndCastSpeedIfHitRecently"
3214,"CannotBeChilledOrFrozenWhileMoving"
3215,"ChanceToGainOnslaughtOnFlaskUse"
3216,"CannotBeShockedOrIgnitedWhileMoving"
3217,"PhysicalDamageOverTimeTaken"
3218,"MapMonstersOnslaughtDelve"
3219,"MapMonstersDropsItemLevel"
3220,"MapMonstersPackSizeDelve"
3221,"MapMonstersResistPenetration"
3222,"MapMonstersRemoveCharges"
3223,"ChaosResistanceAgainstDamageOverTime"
3224,"CrimsonDance"
3225,"PerfectAgony"
3226,"Runebinder"
3227,"WickedWard"
3228,"MortalConviction"
3229,"GlancingBlows"
3230,"CallToArms"
3231,"EternalYouth"
3232,"WindDancer"
3233,"TheAgnostic"
3234,"SupremeEgo"
3235,"SacredBastion"
3236,"Impaler"
3237,"SoulTether"
3238,"CorruptedSoul"
3239,"Doomsday"
3240,"DivineFlesh"
3241,"EverlastingSacrifice"
3242,"ShepherdOfSouls"
3243,"Heartstopper"
3244,"GhostDance"
3245,"VersatileCombatant"
3246,"Magebane"
3247,"Solipsism"
3248,"DivineShield"
3249,"PreciseTechnique"
3250,"SupremeDecadence"
3251,"CustomLeagueImbue"
3252,"LeagueBetrayal"
3253,"MonsterUnaffectedByLifeModifers"
3254,"MonsterDamageFinalVsMonsters"
3255,"MasterDamageFinalVsUniqueMonsters"
3256,"SupportedByGreaterVolley"
3257,"SupportedByBlessing"
3258,"SupportedByPulverise"
3259,"PhysicalDamageTakenAsRandomElement"
3260,"StartEnergyShieldRechargeOnSkillChance"
3261,"SpectresGainArcaneSurge"
3262,"Fortify"
3263,"VeiledPrefix"
3264,"VeiledSuffix"
3265,"LocalIncreasedPhysicalDamageAndImpaleChance"
3266,"LocalIncreasedPhysicalDamageAndBleedChance"
3267,"LocalIncreasedPhysicalDamageAndBlindChance"
3268,"LocalIncreasedPhysicalDamageAndPoisonChance"
3269,"AreaDamageAndAreaOfEffect"
3270,"ProjectileDamageAndProjectileSpeed"
3271,"MeleeRangeAndMeleeDamage"
3272,"FireDamageAndChanceToIgnite"
3273,"ColdDamageAndBaseChanceToFreeze"
3274,"LightningDamageAndChanceToShock"
3275,"ChaosDamageAndChaosSkillDuration"
3276,"SpellDamageAndManaRegenerationRate"
3277,"SpellDamageAndNonChaosDamageToAddAsChaosDamage"
3278,"MinionDamageAndMinionMaximumLife"
3279,"LuckyCriticalsDuringFocus"
3280,"DodgeChanceDuringFocus"
3281,"PhysicalDamageReductionDuringFocus"
3282,"ChillNearbyEnemiesOnFocus"
3283,"ShockNearbyEnemiesOnFocus"
3284,"LifeRegenerationPerEvasionDuringFocus"
3285,"RestoreManaAndEnergyShieldOnFocus"
3286,"LocalIncreasedPhysicalDamageAndAlwaysHits"
3287,"IncreasedChaosAndPhysicalDamage"
3288,"IncreasedFireAndLightningDamage"
3289,"LifeAddedAsEnergyShield"
3290,"ElementalPenetrationWithAttacks"
3291,"ChaosPenetrationWithAttacks"
3292,"DamageWhileLeeching"
3293,"AvoidElementalDamageChanceDuringSoulGainPrevention"
3294,"PhysicalDamageReductionRatingDuringSoulGainPrevention"
3295,"GainOnslaughtDuringSoulGainPrevention"
3296,"DamageWithNonVaalSkillsDuringSoulGainPrevention"
3297,"SkillAreaOfEffectPercentAndAreaOfEffectGemLevel"
3298,"ProjectilePierceAndProjectileGemLevel"
3299,"MeleeRangeAndMeleeGemLevel"
3300,"AddedFireAndColdDamage"
3301,"AddedFireAndLightningDamage"
3302,"AddedColdAndLightningDamage"
3303,"MonsterAreaOfEffectFinalVariance"
3304,"MonsterCannotBeStopped"
3305,"MonsterModAura"
3306,"OfferingEffect"
3307,"LeftRingSpellProjectilesFork"
3308,"LeftRingSpellProjectilesCannotChain"
3309,"RightRingSpellProjectilesChain"
3310,"RightRingSpellProjectilesCannotFork"
3311,"CannotPierce"
3312,"SpellsCannotPierce"
3313,"EnemiesIgnitedTakeIncreasedDamage"
3314,"GainChargeOnConsumingIgnitedCorpse"
3315,"AlternateAilment"
3316,"SocketedGemQuality"
3317,"CriticalStrikeMultiplierIfRareOrUniqueEnemyNearby"
3318,"AttackSpeedPercentIfRareOrUniqueEnemyNearby"
3319,"EnergyShieldRegenerationRatePerMinuteIfRareOrUniqueEnemyNearby"
3320,"CriticalChanceAndGainFrenzyChargeOnCriticalStrikePercent"
3321,"CriticalChanceAndElementalDamagePercentIfHaveCritRecently"
3322,"CriticalChanceAndAddedChaosDamageIfHaveCritRecently"
3323,"BaseLifeAndMana"
3324,"MinimumEnduranceCharges"
3325,"MinimumPowerCharges"
3326,"MinimumFrenzyCharges"
3327,"MinimumEndurancePowerFrenzyCharges"
3328,"ManaAndManaCostPercent"
3329,"ManaAndDamageTakenGoesToManaPercent"
3330,"BaseArmourAndEvasion"
3331,"BaseArmourAndEnergyShield"
3332,"BaseEvasionRatingAndEnergyShield"
3333,"FlaskEffectAndFlaskChargesGained"
3334,"MaximumZombieAndSkeletons"
3335,"DamageOverTimeMultiplier"
3336,"ChanceToDealDoubleDamageWhileFocused"
3337,"AttackAndCastSpeedWhileFocused"
3338,"StatusAilmentsYouInflictDurationWhileFocused"
3339,"ImmuneToStatusAilmentsWhileFocused"
3340,"ImmuneToElementalAilmentsWhileLifeAndManaClose"
3341,"LifeLeechFromAnyDamagePermyriadWhileFocused"
3342,"FortifyEffectWhileFocused"
3343,"TriggerSocketedSpellWhenYouFocus"
3344,"DamageRemovedFromManaBeforeLifeWhileFocused"
3345,"MinionsRecoverMaximumLifeWhenYouFocus"
3346,"GainVaalPactWhileFocused"
3347,"SkillsCostNoManaWhileFocused"
3348,"LocalFlaskLifeRegenerationPerMinuteDuringFlaskEffect"
3349,"LocalFlaskAvoidStunChanceAndMovementSpeedDuringFlaskEffect"
3350,"LocalFlaskSkillManaCostDuringFlaskEffect"
3351,"LocalFlaskItemFoundRarityDuringFlaskEffect"
3352,"LocalFlaskCriticalStrikeChanceDuringFlaskEffect"
3353,"LocalFlaskLifeLeechOnDamageTakenPermyriadDuringFlaskEffect"
3354,"SpecificTypeSpellDamage"
3355,"SpecificTypeSpellCritChance"
3356,"SpecificTypeSpellCritMultiplier"
3357,"SpecificTypeSpellCastSpeed"
3358,"SpecificTypeSpellManaRegen"
3359,"DamageWithTriggeredSpells"
3360,"Onslaught"
3361,"MonsterChanceToStun"
3362,"FireAndChaosDamageResistance"
3363,"LightningAndChaosDamageResistance"
3364,"ColdAndChaosDamageResistance"
3365,"StrengthAndLocalItemQuality"
3366,"DexterityAndLocalItemQuality"
3367,"IntelligenceAndLocalItemQuality"
3368,"LifeRegenerationRatePerMinuteWhileUsingFlask"
3369,"RareOrUniqueMonsterDroppedItemRarity"
3370,"CriticalStrikeMultiplierIfEnemyShatteredRecently"
3371,"CannotImpale"
3372,"ImpaleOnHit"
3373,"HitsIgnoreChaosResistance"
3374,"FlaskConsecratedGroundDuration"
3375,"FlaskConsecratedGroundAreaOfEffect"
3376,"FlaskConsecratedGroundDamageTaken"
3377,"FlaskConsecratedGroundEffect"
3378,"ShockProliferation"
3379,"AuraPerAttributes"
3380,"HeraldBonus"
3381,"HeraldBonusExtraMod"
3382,"DivineCharge"
3383,"LocalCorruptedBonus"
3384,"RagingSpiritChaosDamageTaken"
3385,"LosePowerChargeWhenHit"
3386,"SacrificeLifeOnSpellSkill"
3387,"LifePerIntelligence"
3388,"MaximumLeechAmount"
3389,"LifeLeechNotRemovedOnFullLife"
3390,"SilenceWhenHit"
3391,"RageOnCrit"
3392,"ScarabMod"
3393,"MapMissionJuice"
3394,"BrandAttachmentRange"
3395,"LeagueSynthesis"
3396,"MapSynthesisedMonsterDamage"
3397,"MapSynthesisedMonsterLife"
3398,"MapSynthesisedMonsterSpeed"
3399,"MapSynthesisedMonsterAdditionalCurrencyDrops"
3400,"MapSynthesisedMonsterAdditionalQualityCurrencyDrops"
3401,"MapSynthesisedMonsterIncreasedFracturedItemDrops"
3402,"MapSynthesisedMonsterCorruptDrops"
3403,"MapSynthesisedMonsterIncreasedMapDrops"
3404,"MapSynthesisedMonsterAdditionalMapDrops"
3405,"MapSynthesisedMonsterIncreasedDivinationCardDrops"
3406,"MapSynthesisedMonsterAdditionalDivinationCardDrops"
3407,"MapSynthesisedMonsterIncreasedUniqueItemDrops"
3408,"MapSynthesisedMonsterDroppedItemQuantity"
3409,"MapSynthesisedMonsterDroppedItemRarity"
3410,"MapSynthesisedMonsterIncreasedExperience"
3411,"MapSynthesisedMonsterAdditionalCurrencyShardDrops"
3412,"MapSynthesisedMonsterAdditionalShaperItemDrops"
3413,"MapSynthesisedMonsterAdditionalElderItemDrops"
3414,"MapSynthesisedMonsterAdditionalBreachSplinterDrops"
3415,"MapSynthesisedMonsterAdditionalFossilDrops"
3416,"MapSynthesisedMonsterAdditionalJewelDrops"
3417,"MapSynthesisedMonsterAdditionalAbyssJewelDrops"
3418,"MapSynthesisedMonsterAdditionalTalismanDrops"
3419,"MapSynthesisedMonsterAdditionalEssenceDrops"
3420,"MapSynthesisedMonsterAdditionalVaalFragmentDrops"
3421,"MapSynthesisedMonsterAdditionalVeiledItemDrops"
3422,"MapSynthesisedMonsterResurrectAsAlly"
3423,"MapSynthesisedMonsterGiveModsToKiller"
3424,"MapSynthesisedRareMonsterDuplicated"
3425,"MapSynthesisedUpgradePackToMagic"
3426,"MapSynthesisedUpgradePackToRare"
3427,"MapSynthesisedAdditionalRareInPack"
3428,"MapSynthesisedSynthesisPackSize"
3429,"MonsterTag"
3430,"SynthesisMapCellMod"
3431,"MapSynthesisedAdditionalChestClusters"
3432,"MapSynthesisedAdditionalChest"
3433,"MapSynthesisedCannotDropFractured"
3434,"ChestSpawnZombie"
3435,"MonsterRarity"
3436,"MapLeagionLeague"
3437,"MapAtlasHarbinger"
3438,"MapAtlasVaalPacks"
3439,"MapAtlasBeyond"
3440,"MapAtlasTorment"
3441,"ZombiesCountAsCorpses"
3442,"ZombiesNeedNoCorpses"
3443,"ElementalAilmentsOnYouInsteadOfAllies"
3444,"UnaffectedByPoison"
3445,"KeystoneInnerConviction"
3446,"CursesRemainOnDeath"
3447,"EnemiesNearCursesBlindAndExplode"
3448,"DamageTakenGainedAsLife"
3449,"UniqueVaalStrongboxSacrificeDaemon"
3450,"UniqueVaalStrongboxMortalDaemon"
3451,"MapAtlasDomination"
3452,"LegionMapFragment"
3453,"DisplaySupportedByGreaterEcho"
3454,"MonsterBlockAndBypass"
3455,"CowardsTrial"
3456,"ShieldCrabBossStance"
3457,"DealNoChaosDamage"
3458,"LightRadiusModifiersApplyToDamage"
3459,"LightRadiusModifiersApplyToAreaOfEffect"
3460,"MonsterRangeVariance"
3461,"MapAtlasAdditionalEssences"
3462,"MapAtlasMapDropsAreCorruptedAndHave8Modifiers"
3463,"MapAtlasCapturedBeastsDuplicateChance"
3464,"MapAtlasExpeditionAdditionalRunicMonsterMarkers"
3465,"MapAtlasLegionSplintersEmblemsDuplicated"
3466,"MapAtlasMetamorphCatalystsDuplicated"
3467,"MapAtlasBlightOilsChanceToDropOneTierHigher"
3468,"MapAtlasBetrayalIntelligence"
3469,"MapAtlasDeliriumRewardsFillFaster"
3470,"MapAtlasHarvestSeedsOneTierHigher"
3471,"MapAtlasHeistContractsHaveImplicitModifier"
3472,"MapAtlasRitualsInAreasCanBeRerolledOnceAtNoCost"
3473,"HeistContractChestRewardsDuplicated"
3474,"HeistContractAdditionalIntelligence"
3475,"HeistContractNPCPerksDoubled"
3476,"HeistContractBetterTargetValue"
3477,"CannotGainCharges"
3478,"MapBlightLeague"
3479,"RareMonsterPack"
3480,"StrongboxDaemonEnrageSummonedMonsters"
3481,"CanRollMinionModifiers"
3482,"MinionConversionPerSocket"
3483,"MinionChanceToFreezeShockIgnite"
3484,"NonChilledEnemiesBleedAndChill"
3485,"ChilledWhileBleeding"
3486,"BleedingEnemiesShatterOnKill"
3487,"NonChilledEnemiesPoisonAndChill"
3488,"ChilledWhilePoisoned"
3489,"PoisonedEnemiesShatterOnKill"
3490,"ShatterOnKill"
3491,"LoseFrenzyChargeOnTravelSkill"
3492,"LosePowerChargeOnElusiveGain"
3493,"ElusiveBuffEffect"
3494,"TravelSkillCooldownRecovery"
3495,"MaximumFrenzyChargesEqualToMaximumPowerCharges"
3496,"MinionCausticCloudOnDeath"
3497,"MinionBurningCloudOnDeath"
3498,"TotemReflectFireDamage"
3499,"MineDamageLeechedToYou"
3500,"LifeAndEnergyShieldRecoveryRate"
3501,"LosePowerChargeIfNotDetonatedRecently"
3502,"NotablesGrantDifferentBonus"
3503,"PassivesGrantDifferentBonus"
3504,"DamageRemovedFromMinion"
3505,"MinionElementalDamageAddedAsChaos"
3506,"BonusesPerSpecificMinion"
3507,"ReviveEnemiesOnKill"
3508,"ElementalResistanceOverride"
3509,"IncreasedElementalResistance"
3510,"FungalAroundWhenStationary"
3511,"TriggerFungalGroundOnKill"
3512,"EnemiesOnFungalGroundExplode"
3513,"FrostblinkDuration"
3514,"ElementalDamageTaken"
3515,"MapLegionLeagueCrafted"
3516,"MapLegionLeagueMemoryLine"
3517,"MapAtlasLegion"
3518,"MapAreaContainsLegionMonoliths"
3519,"BlightMonsterType"
3520,"BlightLessDamageAgainstType"
3521,"BlightUnaffectedByTower"
3522,"InfectedMapTowerDamage"
3523,"InfectedMapTowerArea"
3524,"InfectedMapTowerCooldown"
3525,"InfectedMapTowerCost"
3526,"ImmuneToPetrification"
3527,"GrantedPassive"
3528,"IncursionTempleLegion"
3529,"MonsterIgnoresDelveDarkness"
3530,"SynthesisDisallowFracturedItems"
3531,"BlightFragmentMushrune"
3532,"MapMetamorphosisLeague"
3533,"MapAreaLevel"
3534,"ProjectilesSplitCount"
3535,"ProjectileModifiersApplyToSplits"
3536,"MaximumLifeManaEnergyShield"
3537,"TransfigurationOfBody"
3538,"TransfigurationOfMind"
3539,"TransfigurationOfSoul"
3540,"MaximumEnergyShieldPerReservedLife"
3541,"ChaosDamageRemovedFromManaBeforeLife"
3542,"DrainAllManaLightningDamage"
3543,"MultipleOfferingsAllowed"
3544,"OfferingDuration"
3545,"MaximumBlockChanceIfNotBlockedRecently"
3546,"PhasingIfBlockedRecently"
3547,"AvoidElementalDamage"
3548,"ApplyAilmentsMoreDamage"
3549,"CriticalStrikesNotAlwaysApplyAilments"
3550,"PermanentPhantasm"
3551,"PhantasmGrantsBuff"
3552,"UniqueWatchstoneTier"
3553,"UniqueWatchstoneInfluenceWarlord"
3554,"UniqueWatchstoneLevelDamage"
3555,"UniqueWatchstoneLevelLife"
3556,"UniqueWatchstoneLevelModEffect"
3557,"UniqueWatchstoneMonsterDamageFinal"
3558,"UniqueWatchstoneMonsterLifeFinal"
3559,"UniqueWatchstoneMapModEffect"
3560,"UniqueWatchstoneMapAdditionalPrefix"
3561,"UniqueWatchstoneMapAdditionalSuffix"
3562,"UniqueWatchstoneAdditionalElderMonsters"
3563,"UniqueWatchstoneAdditionalShaperMonsters"
3564,"UniqueWatchstoneMapPackSize"
3565,"UniqueWatchstoneUses"
3566,"SummonDoubleOnCrit"
3567,"ExposureOnHit"
3568,"CannotInflictFireExposure"
3569,"CannotInflictColdExposure"
3570,"CannotInflictLightningExposure"
3571,"NearbyEnemiesIncreasedFireColdResist"
3572,"CorruptionIntertactions"
3573,"MinionsUseFlaskOnSummon"
3574,"StrikeSkillMemory"
3575,"NovaSkillsTargetLocation"
3576,"AlternateFortify"
3577,"AlternateQuality"
3578,"MapElderContainsBoss"
3579,"MapConquerorContainsBoss"
3580,"StrikeSkillsAdditionalTarget"
3581,"Tailwind"
3582,"CannotGainElusive"
3583,"ElusiveOnKill"
3584,"ElusiveOnCriticalStrike"
3585,"GainAccuracyEqualToStrength"
3586,"SingleConflux"
3587,"SpellsAdditionalUnleashSeal"
3588,"ConsecratedGroundStationary"
3589,"RegenerateLifeOver1Second"
3590,"NoExtraDamageFromBleedMoving"
3591,"FlaskChargeOnCrit"
3592,"AttackSpeedHitRecently"
3593,"GlobalDamageTypeGemLevel"
3594,"GlobalAttributeTypeGemLevel"
3595,"FireDamageHybrid"
3596,"ColdDamageHybrid"
3597,"LightningDamageHybrid"
3598,"ChaosDamageHybrid"
3599,"AttackSpeedIfEnemyKilledRecently"
3600,"CastSpeedIfEnemyKilledRecently"
3601,"AttackSpeedWithFortify"
3602,"BaseManaRegeneration"
3603,"ImpaleEffect"
3604,"ArmourPenetration"
3605,"WeaponSupportUber"
3606,"MapAddsExtraSynthesisMods"
3607,"MapAddsExtraSynthesisSpecialMods"
3608,"MetamorphosisBoss"
3609,"MaximumShockOverride"
3610,"WeaponShockAsIfDealingMoreDamage"
3611,"NovaSpellsAreaOfEffect"
3612,"RingAttackSpeed"
3613,"GlobalDamageOverTimeMultiplier"
3614,"MapDelirium"
3615,"MapDeliriumCrafted"
3616,"MapAtlasDelirium"
3617,"MonsterAfflictionNormalMagicSkillDaemon"
3618,"MonsterAfflictionMagicDebuff"
3619,"MonsterAfflictionNormalMagicOnDeath"
3620,"MonsterAfflictionRare"
3621,"MonsterAfflictionUnique"
3622,"MapVesselFragmentDrop"
3623,"MapVesselGemDrop"
3624,"MapVesselMoreItems"
3625,"MapVesselUniqueDrop"
3626,"MapVesselFossilDrop"
3627,"MapVesselProphecyDrop"
3628,"MapVesselDivinationCardDrop"
3629,"MapVesselTempleItemDrop"
3630,"MapVesselVaalOrbDrop"
3631,"ChillingAreasAlsoGrantLightningDamageTaken"
3632,"ChanceToSapVsEnemiesInChillingAreas"
3633,"Allow2ActiveBanners"
3634,"BannerFortifyDuration"
3635,"BannerAdrenalineDuration"
3636,"BannerTauntDuration"
3637,"Add1StageToBannersOnMeleeHitUpTo5PerSecond"
3638,"ChanceToDodgeWhileChannelling"
3639,"JewelExpansionPassiveNodes"
3640,"JewelExpansionJewelNodes"
3641,"JewelExpansionNotableNodes"
3642,"JewelExpansionKeystoneNodes"
3643,"JewelExpansionEmptyPassive"
3644,"LocalIncreasedEffectPathToClassStart"
3645,"UniqueSkitterBotAilmentAuraReplace"
3646,"AttackLightningDamageMaximumMana"
3647,"LoseManaOnAttackSkill"
3648,"MapAtlasMetamorph"
3649,"StrengthPerPointToClassStart"
3650,"DexterityPerPointToClassStart"
3651,"IntelligencePerPointToClassStart"
3652,"LifePerPointToClassStart"
3653,"ManaPerPointToClassStart"
3654,"EnergyShieldPerPointToClassStart"
3655,"ArmourPerPointToClassStart"
3656,"EvasionPerPointToClassStart"
3657,"AccuracyPerPointToClassStart"
3658,"AfflictionMapDeliriumStacks"
3659,"AfflictionMapReward"
3660,"MapSimulacrumHiddenReducedPackSize"
3661,"MapSimulacrumMonsterLife"
3662,"MapSimulacrumMonsterDamage"
3663,"MapSimulacrumMonsterElements"
3664,"MapSimulacrumMonsterPhysical"
3665,"MapSimulacrumMonsterChaos"
3666,"MapSimulacrumMonsterAilments"
3667,"MapSimulacrumMonsterAilmentsPlus"
3668,"MapSimulacrumMonsterSpeed"
3669,"MapSimulacrumMonsterSpeedPlus"
3670,"MapSimulacrumMonsterAnnoying"
3671,"MapSimulacrumMonsterOther"
3672,"MapSimulacrumMonsterCriticals"
3673,"MonsterMovementSpeedMinimum"
3674,"GloriousMadness"
3675,"LocalAfflictionJewelDisplaySmallNodesGrantNothing"
3676,"HeistLeague"
3677,"HeistLeagueMemoryLine"
3678,"MapAtlasHeist"
3679,"HarvestLeague"
3680,"MapAtlasHarvest"
3681,"AttackSpeedAfterSavageHitTaken"
3682,"WitherOnHitChance"
3683,"CannotPenetrateResistances"
3684,"WitherGrantsElementalDamageTaken"
3685,"ActivateHeraldOfThunderOnShock"
3686,"TakeDamageWhenHeraldOfThunderHits"
3687,"HeraldOfThunderBoltFrequency"
3688,"ESLeechNotRemovedOnFullES"
3689,"EnemiesKilledApplyImpaleDamage"
3690,"ArmourAppliesToLightningDamage"
3691,"ArmourAppliesToChaosDamage"
3692,"LightningResistNoReduction"
3693,"DealNoNonLightningDamage"
3694,"NearbyEnemyLightningResistanceEqual"
3695,"SupportedByIntensify"
3696,"SupportedByShockwave"
3697,"MaxRagePerEquippedSword"
3698,"BleedDotMultiplierPerRagePerEquippedAxe"
3699,"LifeManaESLeechRate"
3700,"RandomSupport"
3701,"GrantsDash"
3702,"DisableTravelSkills"
3703,"ArrowsIfHaventUsedDashRecently"
3704,"AttackSpeedIfHaventUsedDashRecently"
3705,"MovementSpeedIfUsedDashRecently"
3706,"EvasionRatingIfUsedDashRecently"
3707,"MinionLifeConvertedToEnergyShield"
3708,"MinionChaosDamageDoesNotBypassES"
3709,"MinionHitsIgnoreResistanceWithES"
3710,"DamageBypassEnergyShieldBlock"
3711,"CannotBlockWithNoEnergyShield"
3712,"BlindReflectedToSelf"
3713,"BlindDoesNotAffectLightRadius"
3714,"UnleashSealGainFrequency"
3715,"UnholyMightOnZeroEnergyShield"
3716,"CreateProfaneGround"
3717,"StalkingPustuleOnKill"
3718,"BlindDoesNotAffectHitChance"
3719,"MaledictionOnBlindWhileBlinded"
3720,"BrandDuration"
3721,"SummonAdditionalBrand"
3722,"WarcryInfiniteEnemyPower"
3723,"WarcryGrantsArcaneSurge"
3724,"WarcryTauntChaosExplosion"
3725,"WarcrySpeed"
3726,"WarcryTauntedEnemiesTakeIncreasedDamage"
3727,"SocketedTriggeredSkillsDoubleDamage"
3728,"ExertedAttackDamage"
3729,"CurseThresholdProperties"
3730,"SpellsAlwaysCritFinalRepeat"
3731,"SpellsNeverCritExceptFinalRepeat"
3732,"MaximumRage"
3733,"Crushed"
3734,"MapMetamorphLeagueCrafted"
3735,"MapMetamorphLeagueMemoryLine"
3736,"FlaskDurationConsumedPerUse"
3737,"RemoveCorruptionUntilNextModification"
3738,"MapDoesntConsumeSextantCharge"
3739,"MapDoesntConsumeSextantChargeChance"
3740,"QualityAffectsLifeAndManaInstead"
3741,"ElementalAilmentEffect"
3742,"JewelImplicitLifeRegeneration"
3743,"JewelImplicitEnergyShieldRechargeRate"
3744,"JewelImplicitTotemPlacementSpeed"
3745,"JewelImplicitDamageTakenGainedAsMana"
3746,"JewelImplicitLifeLeechRate"
3747,"JewelImplicitManaLeechRate"
3748,"JewelImplicitAuraAreaOfEffect"
3749,"JewelImplicitMinionLife"
3750,"JewelImplicitMovementSpeed"
3751,"JewelImplicitLightRadius"
3752,"JewelImplicitFlaskDuration"
3753,"JewelImplicitReducedChillEffect"
3754,"JewelImplicitReducedFreezeDuration"
3755,"JewelImplicitReducedShockEffect"
3756,"JewelImplicitReducedIgniteDuration"
3757,"JewelImplicitChanceToAvoidStun"
3758,"JewelImplicitChanceToAvoidChill"
3759,"JewelImplicitChanceToAvoidFreeze"
3760,"JewelImplicitChanceToAvoidShock"
3761,"JewelImplicitChanceToAvoidIgnite"
3762,"JewelImplicitChanceToAvoidPoison"
3763,"JewelImplicitReducedElementalReflect"
3764,"JewelImplicitReducedPhysicalReflect"
3765,"JewelImplicitFrenzyChargeDuration"
3766,"JewelImplicitPowerChargeDuration"
3767,"JewelImplicitEnduranceChargeDuration"
3768,"VolleyFirstPointPierce"
3769,"VolleySecondPointFork"
3770,"VolleyThirdPointReturn"
3771,"VolleyFourthPointChain"
3772,"FlaskEnchantment"
3773,"MapGainsRandomZanaMod"
3774,"MapBossSurroundedByTormentedSpirits"
3775,"AlternateWeaponQuality"
3776,"AlternateArmourQuality"
3777,"BuffEnchantment"
3778,"AfflictionAddExtraContentWeighting"
3779,"OshabiCombatVine"
3780,"TravelSkillsCannotBeExerted"
3781,"SummonSkeletonsSkeletonWarriors"
3782,"SummonSkeletonsWarriorsGetWeaponStats"
3783,"SkeletonWarriorsTripleDamage"
3784,"NearbyEnemiesAreChilled"
3785,"FreezeChilledEnemiesMoreDamage"
3786,"ChanceToAvoidDeath"
3787,"ShareChargesWithAllies"
3788,"DodgeRoll"
3789,"RecoupEffect"
3790,"SoulCore"
3791,"Limit"
3792,"RingBonuses"
3793,"CorpseConsumption"
3794,"MinionReservation"
3795,"AllDamageCanElectrocute"
3796,"AllDamageCanFreeze"
3797,"AllDamageCanPin"
3798,"AllDamageCanChill"
3799,"AllDamageCanIgnite"
3800,"CorpseWalk"
3801,"GainAreaOfEffectPluspercentOnManaSpent"
3802,"LoseLife"
3803,"TransferMarkOnDeath"
3804,"PerfectAgonyIfCritRecently"
3805,"BrandDamage"
3806,"AdditionalBrand"
3807,"CriticalStrikeChancePerBrand"
3808,"EnemyTemporalChainsOnHit"
3809,"GainRageOnLosingTemporalChains"
3810,"ImmuneToCursesWithRage"
3811,"WeaponCritChanceIs"
3812,"EnchantmentHeistWeapon"
3813,"HeistEnchantmentArmour"
3814,"HeistNPCIncreasedRarity"
3815,"HeistNPCIncreasedQuantity"
3816,"HeistNPCIncreasedCoins"
3817,"HeistContractChestAlertLevel"
3818,"HeistContractPatrolAlertLevel"
3819,"HeistContractGuardsAlertLevel"
3820,"HeistContractMonsterAlertLevel"
3821,"HeistContractGenericAlertLevel"
3822,"HeistNPCAvoidAlarmChanceKill"
3823,"HeistNPCAvoidAlarmChanceChest"
3824,"HeistNPCAvoidBlueprintAlarm"
3825,"HeistContractTotalCost"
3826,"HeistContractNPCCost"
3827,"HeistContractGangCut"
3828,"HeistContractTravelCost"
3829,"HeistContractLockdownTimer"
3830,"HeistContractObjectiveSpeed"
3831,"HeistContractMonsterRewardRoomDamage"
3832,"HeistContractMonsterRewardRoomDamageReduction"
3833,"HeistContractSideAreaIncreasedMonsters"
3834,"HeistContractReinforcementsFast"
3835,"HeistContractPatrolsMagic"
3836,"HeistContractGuardsRare"
3837,"HeistContractLockdownInstant"
3838,"HeistContractNPCExperience"
3839,"HeistContractNoGangCut"
3840,"HeistContractNoTravelCost"
3841,"HeistContractResistAlertLevel"
3842,"HeistContractGainAlertLevelPassive"
3843,"HeistContractGuardsLoseAlertLevel"
3844,"HeistNPCLevel"
3845,"HeistNPCHitResistance"
3846,"HeistNPCAllJobLevel"
3847,"HeistNPCSpecificJobLevel"
3848,"HeistNPCSpecificJobExperience"
3849,"HeistNPCJobSpeed"
3850,"HeistNPCJobChestAvoidAlert"
3851,"HeistNPCJobNoAlertMultiplier"
3852,"HeistNPCJobSpecificCost"
3853,"HeistNPCAdditionalIntelligenceChance"
3854,"HeistNPCFlatLockdownTime"
3855,"HeistNPCPrimaryTargetValue"
3856,"HeistNPCGrantedAura"
3857,"HeistNPCChestDoubleCurrency"
3858,"HeistNPCChestDoubleJewel"
3859,"HeistNPCChestDoubleMap"
3860,"HeistNPCChestDoubleSextant"
3861,"HeistNPCChestDoubleMapFragment"
3862,"HeistNPCChestDoubleDivination"
3863,"HeistNPCChestDoubleDelirium"
3864,"HeistNPCChestDoubleBlight"
3865,"HeistNPCChestDoubleEssence"
3866,"HeistNPCChestDoubleBreach"
3867,"HeistNPCChestDoubleScarab"
3868,"HeistNPCChestDoubleCatalyst"
3869,"HeistNPCChestDoubleLegion"
3870,"HeistNPCChestDoubleOil"
3871,"HasEveryInfluenceType"
3872,"EnchantmentHeistArmour"
3873,"WarcriesExertAnAdditionalAttack"
3874,"HexExpiresMaxDoom"
3875,"DoubleDoomEffect"
3876,"HexDoomGain"
3877,"HasShrineBuff"
3878,"SocketedSkillsDoubleDamage"
3879,"ReflectElementalAilmentsToSelf"
3880,"ProlifElementalAilmentsFromSelf"
3881,"LosePowerChargesOnBlock"
3882,"GainPowerChargesNotLostRecently"
3883,"SpellsIntensityModifier"
3884,"LifeFlaskPassiveChargeGain"
3885,"ManaFlaskPassiveChargeGain"
3886,"FlaskPassiveChargeGain"
3887,"FlaskChargesGainedOnHittingRareOrUnique"
3888,"FlaskPhysicalDamageDuringFlaskEffect"
3889,"FlaskElementalDamageDuringFlaskEffect"
3890,"FlaskChaosDamageDuringFlaskEffect"
3891,"FlaskBaseCriticalStrikeDuringFlaskEffect"
3892,"FlaskBaseCriticalStrikeMultiplierDuringFlaskEffect"
3893,"FlaskChanceToDodgeAttacksDuringFlaskEffect"
3894,"FlaskChanceToDodgeSpellsDuringFlaskEffect"
3895,"ElementalDamageLowestResist"
3896,"PhysicalDamageAddedAsRandomWhileIgnited"
3897,"ElementalPenetrationWhileChilled"
3898,"ElementalDamageLuckyWhileShocked"
3899,"DamageTakenAsLightning"
3900,"DamageTakenAsFire"
3901,"EnemyShockedConvertedToLightning"
3902,"EnemyIgnitedConvertedToFire"
3903,"NearbyEnemiesAvoidProjectiles"
3904,"ScorchingBrittleSappingConflux"
3905,"CannotIgniteChillFreezeShock"
3906,"ChanceForDoubleItemsFromHeistChests"
3907,"EnergyShieldRegenerationWhileShocked"
3908,"ImmuneToChill"
3909,"ColdDamageCannotFreeze"
3910,"FleshAndStoneManaReservation"
3911,"KeystoneHollowPalmTechnique"
3912,"ElusiveEffect"
3913,"PhysicalDamageCanFreeze"
3914,"SupportedByArrowNova"
3915,"DealNoColdDamage"
3916,"DealNoFireDamage"
3917,"DealNoLightningDamage"
3918,"ChanceToBeFrozenShockedIgnited"
3919,"CallOfSteelAreaOfEffect"
3920,"CallOfSteelReflectDamage"
3921,"CallOfSteelUseSpeed"
3922,"SecretsOfSufferingKeystone"
3923,"GainRandomChargesEvery6Seconds"
3924,"LocalDisplaySpendEnergyShieldForCostsBeforeManaForSocketedSkills"
3925,"AttackCriticalStrikesIgnoreElementalResistances"
3926,"LocalMaximumQuality"
3927,"CannotUseFlaskInFifthSlot"
3928,"MaximumPowerandEnduranceCharges"
3929,"SummonTauntingContraptionOnFlaskUse"
3930,"MinionChanceToMaimOnHit"
3931,"PhysicalDamagePercentAddedAsChaosPerElderItem"
3932,"CannotDealNonChaosDamage"
3933,"TravelSkillMoreDamage"
3934,"DamageTakenWhilePhasing"
3935,"ProjectilesChainWhilePhasing"
3936,"MinionPhysicalDamageAddedAsFire"
3937,"ChaosDamageCanIgnite"
3938,"ChanceToIgniteWithChaosSkills"
3939,"UniqueVolkuursGuidanceIgniteDurationFinal"
3940,"AvoidPhysicalDamage"
3941,"GrantsAlliesFrenzyChargeOnKill"
3942,"GrantsAlliesEnduranceChargeOnHit"
3943,"ChanceToImpaleWithSpells"
3944,"AncestorTotemBuffLingers"
3945,"OneAncestorTotemBuff"
3946,"AncestorTotemBuffEffect"
3947,"MapGrantsGrantedEffect"
3948,"AttackDamagePer450Armour"
3949,"ZombiesTakeFireDamagePerSecond"
3950,"ZombiesHaveAvatarOfFire"
3951,"ZombiesCoverInAshOnHit"
3952,"EnduranceChargeIfAttackFreezes"
3953,"PowerChargeOnHittingFrozenEnemy"
3954,"TakeColdDamageOnMaximumPowerCharges"
3955,"MovementVelocityWhileChilled"
3956,"AttackSpeedWhileChilled"
3957,"CastSpeedWhileChilled"
3958,"ReflectFireDamageOnBlock"
3959,"DealNoDamageWhenNotOnLowLife"
3960,"MaxPrefixMaxSuffix"
3961,"MaxPrefixMaxSuffixModEffect"
3962,"ReflectedDurationRingImplicit"
3963,"ReflectedFireColdDamageTakenConversion"
3964,"ReflectedFireLightningDamageTakenConversion"
3965,"ReflectedColdLightningDamageTakenConversion"
3966,"ReflectedCurseEffectOnSelf"
3967,"ReflectedMinionDamageTaken"
3968,"ReflectedAilmentDurationOnSelf"
3969,"HeistMonsterReinforcementBonusesFromMapStat"
3970,"HeistMonsterSideRoomBonusesFromMapStat"
3971,"HeistMonsterLifeBonusesFromSextantStat"
3972,"AllDamageCanPoison"
3973,"ChanceToInflictBrittleOnHit"
3974,"ChanceToInflictScorchOnHit"
3975,"ChanceToInflictSapOnHit"
3976,"ChanceToInflictScorchOnEnemyOnBlock"
3977,"ChanceToInflictBrittleOnEnemyOnBlock"
3978,"ChanceToInflictSapOnEnemyOnBlock"
3979,"MovementSpeedWhilePoisoned"
3980,"ChanceToBePoisonedBySpells"
3981,"SpiritMinionRefreshOnUniqueHit"
3982,"MovementVelocityPerPowerCharge"
3983,"LifeRegenerationPerPowerCharge"
3984,"LocalFlaskAttackAndCastSpeedWhileHealing"
3985,"IncreasedElementalResistances"
3986,"DefencesAreZero"
3987,"ChaosResistanceIsZero"
3988,"ElementalDamageDuringFlaskEffect"
3989,"TauntedEnemiesTakeIncreasedDamage"
3990,"ChaosDamageCanChill"
3991,"ElementalDamageIfCritRecently"
3992,"AttackAdditionalProjectiles"
3993,"ExtraMaximumPhantasms"
3994,"ExtraRagingSpirits"
3995,"SpellBlockIfNotBlockedRecently"
3996,"LocalEnergyShieldRegenerationIfCritRecently"
3997,"ColdDamagePerMissingColdResistance"
3998,"FireDamagePerMissingFireResistance"
3999,"HyrrisTruthHatredManaReservationFinal"
4000,"WingsOfEntropyMainHandAttackSpeedFinal"
4001,"OffHandBaseCriticalStrikeChance"
4002,"FlammabilityOnBlockChance"
4003,"HeistTrinketCoinsDroppedByMonstersDouble"
4004,"HeistTrinketCoinsFromWorldChestsDouble"
4005,"HeistTrinketDropsDoubleCurrency"
4006,"HeistTrinketItemRarity"
4007,"HeistTrinketItemQuantity"
4008,"HeistTrinketItemsDropCorrupted"
4009,"HeistTrinketItemsDropIdentified"
4010,"HeistTrinketItemsHaveOneAdditionalSocket"
4011,"HeistTrinketItemsAreFullyLinked"
4012,"HeistTrinketItemsHaveShaperInfluence"
4013,"HeistTrinketItemsHaveElderInfluence"
4014,"HeistTrinketCurrencyTransmutationDropsAsAlchemy"
4015,"HeistTrinketCurrencyTransmutationDropsAsChaos"
4016,"HeistTrinketCurrencyTransmutationDropsAsRegal"
4017,"HeistTrinketCurrencyAlterationDropsAsAlchemy"
4018,"HeistTrinketCurrencyAlterationDropsAsChaos"
4019,"HeistTrinketCurrencyAlterationDropsAsRegal"
4020,"HeistTrinketCurrencyAugmentationDropsAsAlchemy"
4021,"HeistTrinketCurrencyAugmentationDropsAsChaos"
4022,"HeistTrinketCurrencyAugmentationDropsAsRegal"
4023,"HeistTrinketCurrencyAlchemyDropsAsBlessed"
4024,"HeistTrinketCurrencyAlchemyDropsAsDivine"
4025,"HeistTrinketCurrencyAlchemyDropsAsExalted"
4026,"HeistTrinketCurrencyChaosDropsAsBlessed"
4027,"HeistTrinketCurrencyChaosDropsAsDivine"
4028,"HeistTrinketCurrencyChaosDropsAsExalted"
4029,"HeistTrinketCurrencyRegalDropsAsBlessed"
4030,"HeistTrinketCurrencyRegalDropsAsDivine"
4031,"HeistTrinketCurrencyRegalDropsAsExalted"
4032,"HeistTrinketCurrencyScouringDropsAsRegret"
4033,"HeistTrinketCurrencyScouringDropsAsAnnulment"
4034,"HeistTrinketCurrencyRegretDropsAsAnnulment"
4035,"HeistTrinketCurrencyChromaticDropsAsJewellers"
4036,"HeistTrinketCurrencyChromaticDropsAsFusing"
4037,"HeistTrinketCurrencyJewellersDropsAsFusing"
4038,"HeistTrinketChestsDoubleCurrency"
4039,"HeistTrinketChestsUniqueRarity"
4040,"HeistTrinketAdditionalArmourRewardsFromRewardChests"
4041,"HeistTrinketAdditionalWeaponsRewardsFromRewardChests"
4042,"HeistTrinketAdditionalJewelleryRewardsFromRewardChests"
4043,"HeistTrinketAdditionalGemsRewardsFromRewardChests"
4044,"HeistTrinketAdditionalCorruptedRewardsFromRewardChests"
4045,"HeistTrinketAdditionalEssencesRewardsFromRewardChests"
4046,"HeistTrinketAdditionalDivinationRewardsFromRewardChests"
4047,"HeistTrinketAdditionalUniquesRewardsFromRewardChests"
4048,"HeistTrinketAdditionalTalismanRewardsFromRewardChests"
4049,"HeistTrinketAdditionalAbyssRewardsFromRewardChests"
4050,"HeistTrinketAdditionalPerandusRewardsFromRewardChests"
4051,"HeistTrinketAdditionalBreachRewardsFromRewardChests"
4052,"HeistTrinketAdditionalMetamorphRewardsFromRewardChests"
4053,"HeistTrinketAdditionalDeliriumRewardsFromRewardChests"
4054,"HeistTrinketAdditionalLegionRewardsFromRewardChests"
4055,"HeistTrinketAdditionalBlightRewardsFromRewardChests"
4056,"HeistTrinketAdditionalHarbingerRewardsFromRewardChests"
4057,"HeistTrinketAdditionalDelveRewardsFromRewardChests"
4058,"AttackProjectilesFork"
4059,"AttackProjectilesForkExtraTimes"
4060,"ImpalePhysicalReductionPenalty"
4061,"MinionLargerAggroRadius"
4062,"MinionSmallerAggroRadius"
4063,"RitualLeague"
4064,"MapAtlasRitual"
4065,"LoseLifePercentOnCrit"
4066,"LoseEnergyShieldPercentOnCrit"
4067,"EnemiesIgniteChaosDamage"
4068,"EnemiesIgniteWitherNeverExpires"
4069,"SacrificialZeal"
4070,"RightRingMagicHexproof"
4071,"LeftRingMagicNoCritDamage"
4072,"AnyRingMagicDamageExtraRoll"
4073,"WatchstoneItemQuantity"
4074,"WatchstoneAdditionalEssenceChance"
4075,"WatchstoneLegionFragmentChance"
4076,"WatchstoneSocketModification"
4077,"WatchstoneQualityChance"
4078,"WatchstoneBossCurrencyDrops"
4079,"WatchstoneRareMapCorruptedChance"
4080,"WatchstoneInfluenceItemChance"
4081,"WathstoneChestItemQuantity"
4082,"WatchstoneCorruptedItemChance"
4083,"WatchstoneSpecificMonsterItemDropChance"
4084,"WatchstoneSpecificLegionChance"
4085,"WatchstoneSpecificBreachChance"
4086,"WatchstoneHigherTierOilChance"
4087,"WatchstoneBreachstoneChance"
4088,"WatchstoneJewelToCurrencyChance"
4089,"WatchstoneUniqueMapReplacementChance"
4090,"WatchstoneBreachMonsterLifeAndDamage"
4091,"WatchstoneHarbingerLuckyDrops"
4092,"WatchstoneAbyssalDepthsChance"
4093,"WatchstoneBeastFamilyChance"
4094,"WatchstoneMoreSulphite"
4095,"WatchstoneBlightChestDuplicateRewards"
4096,"WatchstoneMetamorphSampleRewardChance"
4097,"WatchstoneDeliriumAdditionalRewardChance"
4098,"WatchstoneDeliriumSplinterQuantity"
4099,"WatchstoneDeliriumMonsterClusterJewelDropChance"
4100,"WatchstoneHarvestAdditionalCraftChance"
4101,"WatchstoneHarvestHigherTierSeedRolls"
4102,"WatchstoneHarvestBossChance"
4103,"WatchstoneHeistCacheChance"
4104,"WatchstoneHeistBlueprintDropChance"
4105,"WatchstoneHeistCoinStackSize"
4106,"WatchstoneTwinnedBossChance"
4107,"WatchstoneConsecratedGround"
4108,"WatchstoneInfluenceDoubleTickChance"
4109,"WatchstoneVaalSideAreaChance"
4110,"WatchstoneTrialChance"
4111,"WatchstonePlusOneDropLevelChance"
4112,"WatchstoneMapBossDivinationCardChance"
4113,"WatchstoneUniqueMapAreaLevel"
4114,"WatchstoneMapBossInfluencedItemDropChance"
4115,"WatchstoneMapBossItemRarity"
4116,"WatchstoneCurrencyDropAsFullStackChance"
4117,"WatchstoneRogueExilePossessionChance"
4118,"WatchstoneStrongboxRareChance"
4119,"WatchstoneBeyondMonsterItemQuantityAndDamage"
4120,"WatchstonePerandusChestItemQuantity"
4121,"WatchstonePerandusSpecificChestChance"
4122,"WatchstoneEssenceModdedItemChance"
4123,"WatchstoneMagicItemFracturedModChance"
4124,"WatchstoneTormentedSpiritDuration"
4125,"WatchstoneRegalToExalt"
4126,"WatchstoneRegretToDivine"
4127,"WatchstoneTransmuteToAlteration"
4128,"WatchstoneAlchemyToChaos"
4129,"WatchstoneChiselToMap"
4130,"WatchstoneChanceToUnique"
4131,"WatchstoneExaltAsStackOfThree"
4132,"WatchstoneSkillGemToScarab"
4133,"WatchstoneSupportGemToJewel"
4134,"WatchstoneMasterFavour"
4135,"WatchstoneMagicMonsters"
4136,"WatchstoneRareMonsters"
4137,"WatchstoneExperience"
4138,"WatchstonePackSize"
4139,"WatchstoneMapModEffect"
4140,"WatchstoneItemRarity"
4141,"SocketedGemsApplyExposureReducedResists"
4142,"ChanceToBlockAndDamageTakenFromBlockedHits"
4143,"MovementSkillCooldownReducedMoveSpeed"
4144,"AddedLightningDamagePerAccuracyReducedAccuracy"
4145,"MainHandOffHandDamage"
4146,"GainManaOnManaPaidManaCost"
4147,"ExertedDamageWarcryCooldown"
4148,"FortifyEffectCrushed"
4149,"AddedColdDamageColdPenetration"
4150,"CurseAurasAffectYou"
4151,"NearbyEnemiesAreScorched"
4152,"ScorchEffect"
4153,"ScorchedEnemiesDegenExplode"
4154,"LifeGainOnCull"
4155,"ManaGainOnCull"
4156,"GainAlternateChargeInstead"
4157,"ChilledEnemiesNoResistance"
4158,"ElectrifyOnHit"
4159,"BreakArmour"
4160,"ArmourAppliesToElementalDamage"
4161,"SkillLifeCost"
4162,"IgnoreBlock"
4163,"MaximumAlternateChargeEqualsBase"
4164,"MinimumAlternateChargeModifiersEqualsBase"
4165,"MinionsCrazyOnCrit"
4166,"MinionCriticalStrikeChance"
4167,"ExtendChargeDuration"
4168,"SellPriceIsWisdomFragment"
4169,"KeystoneBattlemage"
4170,"MonsterSirusInfluenced"
4171,"MapAdditionalBlightEnchantment"
4172,"MapAdditionalBreachEnchantment"
4173,"UltimatumLeague"
4174,"WatchstoneRogueExileChance"
4175,"WatchstoneRogueExileRareItemChance"
4176,"WatchstoneShrineExtraPackChance"
4177,"WatchstoneShrineDuration"
4178,"WatchstoneShrineChance"
4179,"WatchstoneStrongboxUniqueChance"
4180,"WatchstoneTormentedTouchedItemQuantity"
4181,"WatchstoneTormentedSpiritChance"
4182,"WatchstoneHarbingerShardChance"
4183,"WatchstoneHarbingerChance"
4184,"WatchstoneInvasionBossChance"
4185,"WatchstoneBeyondPortalChance"
4186,"WatchstoneBeyondPortalAdditionalDemonChance"
4187,"WatchstoneBeyondExperience"
4188,"WatchstonePerandusCadiroChance"
4189,"WatchstoneBreachExperience"
4190,"WatchstoneAbyssExperience"
4191,"WatchstoneAbyssTroveAbyssalSocketChance"
4192,"WatchstoneBlightRewardTypeChance"
4193,"WatchstoneMetamorphExtraSamples"
4194,"WatchstoneMetamorphDoubleRewardChance"
4195,"WatchstoneRitualTribute"
4196,"WatchstoneRitualRerollCost"
4197,"WatchstoneRitualEncounterCountOverride"
4198,"WatchstoneStackCurrency"
4199,"WatchstoneAmuletAsTalisman"
4200,"WatchstoneAtlasBaseChance"
4201,"WatchstoneUniqueLuckyChance"
4202,"WatchstoneSpecificMasterWeight"
4203,"WatchstoneMasterChance"
4204,"WatchstoneRedBeastChance"
4205,"WatchstoneTwiceCaptureChance"
4206,"WatchstoneLuckyBeastChance"
4207,"WatchstoneRedBeastExperience"
4208,"WatchstoneIncursionItemQuantity"
4209,"WatchstoneIncursionArchitectExperience"
4210,"WatchstoneIncursionArchitectIncursionRareChance"
4211,"WatchstoneIncursionPossessionChance"
4212,"WatchstoneBetrayalExtraTarget"
4213,"WatchstoneBetrayalTargetExperience"
4214,"WatchstoneBetrayalExtraRankChance"
4215,"WatchstoneBetrayalAdditionalVeiledItemChance"
4216,"WatchstoneDelveSulphiteMined"
4217,"WatchstoneSulphiteExtraPackChance"
4218,"WatchstoneZanaExtraOptions"
4219,"WatchstoneZanaMapQuality"
4220,"WatchstoneZanaMapTypeChance"
4221,"WatchstoneMapBossScarabChance"
4222,"WatchstoneMapBossUniqueChance"
4223,"WatchstoneMapBossMapCurrencyChance"
4224,"WatchstoneMapBossTalismanChance"
4225,"WatchstoneMapBossEssenceChance"
4226,"WatchstoneMapBossSilverCoinChance"
4227,"WatchstoneMapBossMapChance"
4228,"WatchstoneMapBossFragmentChance"
4229,"ReflectCursesAndNonDamagingAilments"
4230,"ChainOffTerrainChancePerRangedAbyssJewel"
4231,"MainHandCriticalStrikeChancePerMeleeAbyssJewel"
4232,"OffHandCriticalStrikeMultiplierPerMeleeAbyssJewel"
4233,"MinionDamageOverTimeMultiplierPerMinionAbyssJewel"
4234,"ArcaneSurgeEffectPerCasterAbyssJewel"
4235,"LocalVeiledModEffect"
4236,"LocalFreezeAsThoughDealingMoreDamage"
4237,"LocalShockAsThoughDealingMoreDamage"
4238,"LocalWeaponMoreIgniteDamage"
4239,"ChanceToThrowFourAdditionalTraps"
4240,"GainMaximumPowerChargesOnVaalSkillUse"
4241,"GainRandomChargeOnVaalSkillUse"
4242,"CountOnFullLifeWhileAffectedByVulnerability"
4243,"VaalAttacksUseRageInsteadOfSouls"
4244,"CannotGainRageDuringSoulGainPrevention"
4245,"LifeAndReducedFireResistance"
4246,"ManaAndReducedColdResistance"
4247,"EnergyShieldAndReducedLightningResistance"
4248,"VaalSoulGainPrevention"
4249,"LuckyCriticalsOnLowLife"
4250,"RageCost"
4251,"IncursionTempleBreachSpeed"
4252,"LevelRequirementOverride"
4253,"ItemsDropIdentified"
4254,"RoyaleAdditionalMonsterDrops"
4255,"ChestVariableItemlevel"
4256,"ExpeditionLeague"
4257,"MapRitualLeagueCrafted"
4258,"MapRitualLeagueMemoryLine"
4259,"ExpeditionRelicModifierTemplarDeliriumElite"
4260,"ExpeditionRelicModifierTemplarDeliriumChest"
4261,"ExpeditionRelicModifierTemplarCatalystElite"
4262,"ExpeditionRelicModifierTemplarCatalystChest"
4263,"ExpeditionRelicModifierVaalOilsElite"
4264,"ExpeditionRelicModifierVaalOilsChest"
4265,"ExpeditionRelicModifierVaalGemsElite"
4266,"ExpeditionRelicModifierVaalGemsChest"
4267,"ExpeditionRelicModifierKaruiShardsElite"
4268,"ExpeditionRelicModifierKaruiShardsChest"
4269,"ExpeditionRelicModifierKaruiFossilElite"
4270,"ExpeditionRelicModifierKaruiFossilChest"
4271,"ExpeditionRelicModifierEternalEmpireEnchantElite"
4272,"ExpeditionRelicModifierEternalEmpireEnchantChest"
4273,"ExpeditionRelicModifierEternalEmpireLegionElite"
4274,"ExpeditionRelicModifierEternalEmpireLegionChest"
4275,"ExpeditionRelicModifierMarakethDivinationElite"
4276,"ExpeditionRelicModifierMarakethDivinationChest"
4277,"ExpeditionRelicModifierMarakethIncubatorElite"
4278,"ExpeditionRelicModifierMarakethIncubatorChest"
4279,"ExpeditionRelicModifierSirensBreachElite"
4280,"ExpeditionRelicModifierSirensBreachChest"
4281,"ExpeditionRelicModifierSirensScarabElite"
4282,"ExpeditionRelicModifierSirensScarabChest"
4283,"ExpeditionRelicModifierMonkeyTribeAbyssElite"
4284,"ExpeditionRelicModifierMonkeyTribeAbyssChest"
4285,"ExpeditionRelicModifierMonkeyTribeFragmentsElite"
4286,"ExpeditionRelicModifierMonkeyTribeFragmentsChest"
4287,"ExpeditionRelicModifierLostMenEssenceElite"
4288,"ExpeditionRelicModifierLostMenEssenceChest"
4289,"ExpeditionRelicModifierLostMenUniqueElite"
4290,"ExpeditionRelicModifierLostMenUniqueChest"
4291,"ExpeditionRelicModifierSpeed"
4292,"ExpeditionRelicModifierDamage"
4293,"ExpeditionRelicModifierLife"
4294,"ExpeditionRelicModifierAcrobatic"
4295,"ExpeditionRelicModifierHitsCannotBeEvaded"
4296,"ExpeditionRelicModifierAlwaysCrit"
4297,"ExpeditionRelicModifierCannotBeCrit"
4298,"ExpeditionRelicModifierCannotBeLeechedFrom"
4299,"ExpeditionRelicModifierImmunePhysicalDamage"
4300,"ExpeditionRelicModifierImmuneColdDamage"
4301,"ExpeditionRelicModifierImmuneFireDamage"
4302,"ExpeditionRelicModifierImmuneLightningDamage"
4303,"ExpeditionRelicModifierImmuneChaosDamage"
4304,"ExpeditionRelicModifierImmuneStatusAilments"
4305,"ExpeditionRelicModifierElitesDeathGeasOnHit"
4306,"ExpeditionRelicModifierElitesRandomCurseOnHit"
4307,"ExpeditionRelicModifierElitesPetrifyOnHit"
4308,"ExpeditionRelicModifierElitesDuplicated"
4309,"ExpeditionRelicModifierImmuneToCurses"
4310,"ExpeditionRelicModifierIgnoreArmour"
4311,"ExpeditionRelicModifierGrantNoFlaskCharges"
4312,"ExpeditionRelicModifierElitesRegenerateLifeEveryFourSeconds"
4313,"ExpeditionRelicModifierReducedDamageTaken"
4314,"ExpeditionRelicModifierDamageAttackCastMovementSpeedLowLife"
4315,"ExpeditionRelicModifierCriticalAgainstFullLife"
4316,"ExpeditionRelicModifierWard"
4317,"ExpeditionRelicModifierResistancesAndMaxResistances"
4318,"ExpeditionRelicModifierImpaleOnHitImpaleEffect"
4319,"ExpeditionRelicModifierBleedOnHitBleedDuration"
4320,"ExpeditionRelicModifierAllDamagePoisonsPoisonDuration"
4321,"ExpeditionRelicModifierAllDamageIgnitesIgniteDuration"
4322,"ExpeditionRelicModifierAllDamageFreezesFreezeDuration"
4323,"ExpeditionRelicModifierAllDamageShocksShockEffect"
4324,"ExpeditionRelicModifierAttackBlockSpellBlockMaxBlockChance"
4325,"ExpeditionRelicModifierFirePenetration"
4326,"ExpeditionRelicModifierColdPenetration"
4327,"ExpeditionRelicModifierLightningPenetration"
4328,"ExpeditionRelicModifierChaosPenetration"
4329,"ExpeditionRelicModifierDamageAddedAsChaos"
4330,"ExpeditionRelicModifierDamageAddedAsFire"
4331,"ExpeditionRelicModifierDamageAddedAsCold"
4332,"ExpeditionRelicModifierDamageAddedAsLightning"
4333,"ExpeditionRelicModifierHitsRemoveManaAndEnergyShieldOnHit"
4334,"ExpeditionRelicModifierCullingStrikeTwentyPercent"
4335,"ExpeditionRelicModifierPackSize"
4336,"ExpeditionRelicModifierItemQuantityMonster"
4337,"ExpeditionRelicModifierItemQuantityChest"
4338,"ExpeditionRelicModifierItemRarityMonster"
4339,"ExpeditionRelicModifierItemRarityChest"
4340,"ExpeditionRelicModifierExperience"
4341,"ExpeditionRelicModifierMagicMonsterChance"
4342,"ExpeditionRelicModifierRareMonsterChance"
4343,"ExpeditionRelicModifierMagicRareMonsterChance"
4344,"ExpeditionRelicModifierIncreasedArtifactMonster"
4345,"ExpeditionRelicModifierIncreasedArtifactChest"
4346,"ExpeditionRelicModifierExpeditionCurrencyQuantityMonster"
4347,"ExpeditionRelicModifierExpeditionCurrencyQuantityChest"
4348,"ExpeditionRelicModifierExpeditionLogbookQuantityMonster"
4349,"ExpeditionRelicModifierExpeditionLogbookQuantityChest"
4350,"ExpeditionRelicModifierExpeditionVendorCurrencyFactionElite1_1_"
4351,"ExpeditionRelicModifierExpeditionVendorCurrencyFactionElite2_1"
4352,"ExpeditionRelicModifierExpeditionVendorCurrencyFactionElite3_1"
4353,"ExpeditionRelicModifierExpeditionVendorCurrencyFactionElite4_1"
4354,"ExpeditionRelicModifierExpeditionVendorCurrencyFactionChest1_1"
4355,"ExpeditionRelicModifierExpeditionVendorCurrencyFactionChest2_1"
4356,"ExpeditionRelicModifierExpeditionVendorCurrencyFactionChest3_1"
4357,"ExpeditionRelicModifierExpeditionVendorCurrencyFactionChest4_1"
4358,"ExpeditionRelicModifierExpeditionRareArmourChest"
4359,"ExpeditionRelicModifierExpeditionRareTrinketChest"
4360,"ExpeditionRelicModifierExpeditionRareWeaponChest"
4361,"ExpeditionRelicModifierExpeditionRareArmourElite"
4362,"ExpeditionRelicModifierExpeditionRareTrinketElite"
4363,"ExpeditionRelicModifierExpeditionRareWeaponElite"
4364,"ExpeditionRelicModifierExpeditionBasicCurrencyElite"
4365,"ExpeditionRelicModifierExpeditionBasicCurrencyChest"
4366,"ExpeditionRelicModifierExpeditionUniqueElite"
4367,"ExpeditionRelicModifierExpeditionUniqueChest"
4368,"ExpeditionRelicModifierExpeditionGemsElite"
4369,"ExpeditionRelicModifierExpeditionGemsChest"
4370,"ExpeditionRelicModifierExpeditionTalismanElite"
4371,"ExpeditionRelicModifierExpeditionTalismanChest"
4372,"ExpeditionRelicModifierExpeditionMapsElite"
4373,"ExpeditionRelicModifierExpeditionCorruptedItems"
4374,"ExpeditionRelicModifierExpeditionMapsChest"
4375,"ExpeditionRelicModifierExpeditionCorruptedItemsElite"
4376,"ExpeditionRelicModifierExpeditionFracturedItemsElite"
4377,"ExpeditionRelicModifierExpeditionFracturedItemsChest"
4378,"ExpeditionRelicModifierExpeditionFullyLinkedElite"
4379,"ExpeditionRelicModifierExpeditionInfluencedItemsElite"
4380,"ExpeditionRelicModifierExpeditionInfluencedtemsChest"
4381,"ExpeditionRelicModifierHarbingerCurrencyElite"
4382,"ExpeditionRelicModifierBreachSplintersElite"
4383,"ExpeditionRelicModifierEssencesElite"
4384,"ExpeditionRelicModifierAtziriFragmentsElite"
4385,"ExpeditionRelicModifierFossilsElite"
4386,"ExpeditionRelicModifierStackedDeckElite"
4387,"ExpeditionRelicModifierLegionSplintersElite"
4388,"ExpeditionRelicModifierBlightOilsElite"
4389,"ExpeditionRelicModifierMetamorphCatalystsElite"
4390,"ExpeditionRelicModifierDeliriumSplintersElite"
4391,"ExpeditionRelicModifierHeistContractElite"
4392,"ExpeditionRelicModifierHarbingerCurrencyChest"
4393,"ExpeditionRelicModifierBreachSplintersChest"
4394,"ExpeditionRelicModifierEssencesChest"
4395,"ExpeditionRelicModifierAtziriFragmentsChest"
4396,"ExpeditionRelicModifierFossilsChest"
4397,"ExpeditionRelicModifierStackedDeckChest"
4398,"ExpeditionRelicModifierLegionSplintersChest"
4399,"ExpeditionRelicModifierBlightOilsChest"
4400,"ExpeditionRelicModifierMetamorphCatalystsChest"
4401,"ExpeditionRelicModifierDeliriumSplintersChest"
4402,"ExpeditionRelicModifierHeistContractChest"
4403,"MapExpeditionRelics"
4404,"MapExpeditionExplosionRadius"
4405,"MapExpeditionExplosives"
4406,"MapExpeditionSagaContainsBoss"
4407,"MapExpeditionChestDoubleDropsChance"
4408,"MapExpeditionExtraRelicSuffixChance"
4409,"MapExpeditionMaximumPlacementDistance"
4410,"MapExpeditionNumberOfMonsterMarkers"
4411,"MapExpeditionSagaAdditionalTerrainFeatures"
4412,"OffHandCritChancePerEsOnShield"
4413,"OffHandCritMultiPerEsOnShield"
4414,"GlobalAddedChaosDamageWard"
4415,"DamageBypassesWardPercent"
4416,"FlaskWardUnbreakableDuringEffect"
4417,"MonsterChilledAura"
4418,"MonsterShockingAura"
4419,"EnergyShieldAdditiveModifiersInsteadApplyToWard"
4420,"WardDelayRecovery"
4421,"AdrenalineOnWardBreak"
4422,"FlaskChargesFromKillsFinal"
4423,"FlaskChargePerSecondUniqueEnemy"
4424,"FlaskEffectEndsWhenHitByPlayer"
4425,"MonsterGainLifeAsWard"
4426,"ArbalestBonus"
4427,"FlaskMoreWardUnique1"
4428,"FlaskFireColdLightningExposureOnNearbyEnemies"
4429,"FlaskNonDamagingAilmentIncreasedEffect"
4430,"FlaskEnduranceChargePerSecond"
4431,"FlaskLoseAllEnduranceChargesGainLifePerLostCharge"
4432,"FlaskCullingStrike"
4433,"FlaskRemoveEffectWhenWardBreaks"
4434,"FlaskDebilitateNearbyEnemiesWhenEffectEnds"
4435,"MapExpeditionEliteMonsterQuantity"
4436,"MapExpeditionChestCount"
4437,"MapExpeditionEpicChestCount"
4438,"MapExpeditionUncommonChestCount"
4439,"MapExpeditionCommonChestCount"
4440,"MapExpeditionArtifactQuantity"
4441,"MapExpeditionVendorRerollCurrencyQuantity"
4442,"BaseAdaptationRating"
4443,"GainMaximumAdaptationOnHit"
4444,"BaseFrozenEffectOnSelf"
4445,"CannotGainCorruptedBloodWhileYouHaveAtLeast5Stacks"
4446,"BaseChanceToDealTripleDamage"
4447,"BaseMaximumLifeInflictedAsAoeFireDamageWhenHit"
4448,"ConsecrateGroundFor3SecondsWhenHit"
4449,"BasePenetrateElementalResistances"
4450,"GuardSkillCooldownRecovery"
4451,"HellscapeDownsideStrengthRequirement"
4452,"HellscapeDownsideDexterityRequirement"
4453,"HellscapeDownsideIntelligenceRequirement"
4454,"HellscapeDownsideCannotCrit"
4455,"HellscapeDownsideCannotBlock"
4456,"HellscapeDownsideCannotEvade"
4457,"HellscapeDownsideReducedFireResistance"
4458,"HellscapeDownsideReducedColdResistance"
4459,"HellscapeDownsideReducedLightningResistance"
4460,"HellscapeDownsideReducedChaosResistance"
4461,"HellscapeDownsideMinusMaximumLife"
4462,"HellscapeDownsideMinusMaximumMana"
4463,"HellscapeDownsideReducedGlobalDefences"
4464,"HellscapeDownsideDealNoDamageYourself"
4465,"HellscapeDownsideReducedMinionLife"
4466,"HellscapeDownsideIncreasedReservationCost"
4467,"HellscapeDownsideIncreasedChanceToBeCrit"
4468,"HellscapeDownsideHinderedOnHitBySpells"
4469,"HellscapeDownsideChanceToBeSilencedWhenHit"
4470,"HellscapeLeague"
4471,"FasterAilmentDamage"
4472,"EnemiesKilledCountAsYours"
4473,"MagicUtilityFlasksAlwaysBonus"
4474,"BreachstoneCommanderRewards"
4475,"ChillAndShockEffectOnYou"
4476,"MonstersYouTauntAreEnraged"
4477,"ReducedSelfIgniteDuration"
4478,"BreachstoneExtraRandomMods"
4479,"MapCurseAndLessCurseEffect"
4480,"DoedresSkinLessCurseEffect"
4481,"LocalManaFlaskHinderNearbyEnemies"
4482,"LocalFlaskImmuneToHinder"
4483,"LocalFlaskImmuneToMaim"
4484,"LocalLifeFlaskAdditionalLifeRecovery"
4485,"StormBladeImplicitLocalLightningDamage"
4486,"DelveBiomeExtraInsectsPacks"
4487,"DelveBiomeCanContainSpecialDelveChest"
4488,"MinionCriticalStrikeMultiplier"
4489,"AuraEffectOnEnemies"
4490,"LifeReservationEfficiency"
4491,"DelveRarerEncounters"
4492,"DelveBossBoost"
4493,"DelveIncreasedAzuriteGain"
4494,"DelveLessSulphiteCost"
4495,"DelveExtraRewardChestChance"
4496,"DelveMonsterFossilDropChance"
4497,"DelveMonsterProjectilesPierce"
4498,"DelveCitySpecialChests"
4499,"DelveExtraInsectPacks"
4500,"ChronomanceReservesNoMana"
4501,"SupportGemsSocketedInOffHandAlsoSupportMainHandSkills"
4502,"SupportGemsSocketedInAmuletAlsoSupportBodySkills"
4503,"FlaskPoisonImmunityDuringEffect"
4504,"FlaskShockImmunityDuringEffect"
4505,"FlaskIgniteImmunityDuringEffect"
4506,"FlaskFreezeAndChillImmunityDuringEffect"
4507,"FlaskBleedingAndCorruptedBloodImmunityDuringEffect"
4508,"FlaskLifeLeechIsInstantDuringEffect"
4509,"BaseAilmentThreshold"
4510,"DelveSidePassageChests"
4511,"WatchstoneExpeditionExplosivePlacement"
4512,"WatchstoneExpeditionRerollCurrency"
4513,"WatchstoneExpeditionArtifactQuantity"
4514,"SpiritAndPhantasmRefreshOnUnique"
4515,"HellscapeDownsideMapLoseLifePerSecondWhileInHellscape"
4516,"HellscapeDownsideMapLoseEnergyShieldPerSecondWhileInHellscape_"
4517,"HellscapeDownsideMapArmourWhileInHellscape"
4518,"HellscapeDownsideMapEvasionWhileInHellscape"
4519,"HellscapeDownsideMapBlockChanceWhileInHellscape"
4520,"HellscapeDownsideMapSpellSuppressionWhileInHellscape"
4521,"HellscapeDownsideMapMovementSpeedWhileInHellscape"
4522,"HellscapeDownsideMapHellscapeMonsterLife"
4523,"HellscapeDownsideMapHellscapeMonsterDamage_"
4524,"HellscapeDownsideMapHellscapeMonstersTakeLessDamage_"
4525,"HellscapeDownsideMapHellscapeMonstersRegenerateLife_"
4526,"HellscapeDownsideMapTakeDamageWhenShifting"
4527,"HellscapeUpsideMapHellscapeMonstersExperience"
4528,"HellscapeUpsideMapHellscapeMonstersPackSize"
4529,"HellscapeUpsideMapHellscapeItemQuantity"
4530,"HellscapeUpsideMapHellscapeItemRarity"
4531,"HellscapeUpsideMapHellscapeAdditionalBoss"
4532,"HellscapeUpsideMapHellscapeTaintedCurrencyDrops"
4533,"HellscapeUpsideMapHellscapeScourgedItemDrops"
4534,"HellscapeUpsideMapHellscapeRareMonstersMapDropChance"
4535,"HellscapeUpsideMapHellscapeRareMonstersInfluenceItemDropChance"
4536,"HellscapeUpsideMapHellscapeRareMonstersBasicCurrencyItemDropChance"
4537,"HellscapeUpsideMapHellscapeRareMonstersDropItemsOneLevelHigher"
4538,"HellscapeUpsideMapHellscapeRareMonstersAbyssJewel"
4539,"HellscapeUpsideMapHellscapeRareMonstersBlightOil"
4540,"HellscapeUpsideMapHellscapeRareMonstersBreachSplinters"
4541,"HellscapeUpsideMapHellscapeRareMonstersDeliriumSplinters"
4542,"HellscapeUpsideMapHellscapeRareMonstersDelveFossils"
4543,"HellscapeUpsideMapHellscapeRareMonstersEnchantedItem"
4544,"HellscapeUpsideMapHellscapeRareMonstersEssence"
4545,"HellscapeUpsideMapHellscapeRareMonstersExpeditionCurrency"
4546,"HellscapeUpsideMapHellscapeRareMonstersFracturedItem"
4547,"HellscapeUpsideMapHellscapeRareMonstersGems"
4548,"HellscapeUpsideMapHellscapeRareMonstersIncubators"
4549,"HellscapeUpsideMapHellscapeRareMonstersLegionSplinters"
4550,"HellscapeUpsideMapHellscapeRareMonstersMetamorphCatalysts"
4551,"HellscapeUpsideMapHellscapeRareMonstersScarabs"
4552,"HellscapeUpsideMapHellscapeRareMonstersStackedDecks"
4553,"HellscapeUpsideMapHellscapeRareMonstersUniqueItem"
4554,"HellscapeGimmick"
4555,"StormBladeExplicitLocalIncreasedCriticalStrikeChance"
4556,"StormBladeExplicitShockChance"
4557,"StormBladeExplicitAttackLightningConvertToChaos"
4558,"StormBladeEnchantmentLocalIncreasedAttackSpeed"
4559,"StormBladeEnchantmentLocalLightningPenetration"
4560,"ElementalResistanceHighestMaxResistance"
4561,"EnergyShieldRechargeOnKill"
4562,"GlobalSkillGemLevel"
4563,"GlobalSkillGemQuality"
4564,"GlobalGemExperienceGain"
4565,"SocketedGemsMoreDamageForSpellsCast"
4566,"SocketedGemsAddedCooldown"
4567,"SocketedGemsLessDuration"
4568,"SuperAttributeBonus"
4569,"LeftRingCoveredInAsh"
4570,"RightRingCoveredInFrost"
4571,"LifeLossReservesLife"
4572,"CorrosionOnHitChance"
4573,"EnduranceChargeNoArmour"
4574,"FrenzyChargeNoEvasionRating"
4575,"PuzzlePieceCleansingFire"
4576,"PuzzlePieceGreatTangle"
4577,"RageOnHit"
4578,"NoInherentRageLoss"
4579,"EnemiesCannotRegenerateImplicit"
4580,"ExtinguishOnHitChance"
4581,"DaytimeFishSize"
4582,"CanCatchScourgedFish"
4583,"StrengthAppliesToFishingReelSpeed"
4584,"FishRotWhenCaught"
4585,"FishingReelStability"
4586,"CannotFishFromWater"
4587,"ProjectileTerrainChainChance"
4588,"SocketedGemsSupportedByAddedLightningDamage"
4589,"SocketedGemsSupportedByAddedColdDamage"
4590,"SocketedGemsSupportedByAddedChaosDamage"
4591,"ArchnemesisLeague"
4592,"MapMapBossesEverywhere"
4593,"MapGaunletUniqueMonsterLife"
4594,"MapDeliriumEverywhere"
4595,"MapAreaContainsGuardedVaalVessels"
4596,"NearbyStationaryEnemiesGainVines"
4597,"GainVinesOnCriticalStrike"
4598,"AllDamagePoisonsGraspingVines"
4599,"BlindEffect"
4600,"ArcaneSurgeEffect"
4601,"EnemyLifeRegenerationRate"
4602,"EnduranceChargePerSecond"
4603,"FrenzyChargePerSecond"
4604,"PowerChargePerSecond"
4605,"ChampionsFragment"
4606,"FreezeProliferation"
4607,"TangledAltarDownsideBossColdAndLightningResist"
4608,"TangledAltarDownsideBossPhysicalDamageReduction"
4609,"TangledAltarDownsideBossAllDamageCanChill"
4610,"TangledAltarDownsideBossAllDamageCanShock"
4611,"TangledAltarDownsideBossSuppressSpells"
4612,"TangledAltarDownsideBossPenetrateElementalResistances"
4613,"TangledAltarDownsideBossCoveredInFrostOnHit"
4614,"TangledAltarDownsideBossBlindOnHit"
4615,"TangledAltarDownsideBossMaxLifeAsEnergyShield"
4616,"TangledAltarDownsideBossPhysToAddAsCold"
4617,"TangledAltarDownsideBossPhysToAddAsLightning"
4618,"TangledAltarDownsideBossTangleTentacles"
4619,"TangledAltarDownsideMonsterOverwhelm"
4620,"TangledAltarDownsideMonsterExtraProjectiles"
4621,"TangledAltarDownsideMonsteSpeed"
4622,"TangledAltarDownsideMonsterColdAndLightningResist"
4623,"TangledAltarDownsideMonsterPhysicalDamageReduction"
4624,"TangledAltarDownsideMonsterSupressSpells"
4625,"TangledAltarDownsideMonsterRemoveChargeOnHit"
4626,"TangledAltarDownsideMonsterChilledGroundOnDeath"
4627,"TangledAltarDownsideMonsterShockedGroundOnDeath"
4628,"TangledAltarDownsideMonsterGraspingVineStackOnHit"
4629,"TangledAltarDownsideMonsterCurseWithPunishmentOnHit"
4630,"TangledAltarDownsideMonsterLightningDamage"
4631,"TangledAltarDownsideMonsterColdDamage"
4632,"TangledAltarDownsidePlayerReducedColdAndLightningResist"
4633,"TangledAltarDownsidePlayerReducedPhysicalDamageReduction"
4634,"TangledAltarDownsidePlayerTaintedFrenzy"
4635,"TangledAltarDownsidePlayerTaintedEndurance"
4636,"TangledAltarDownsidePlayerTaintedPower"
4637,"TangledAltarDownsidePlayerChilledGroundWhenHit"
4638,"TangledAltarDownsidePlayerShockedGroundWhenHit"
4639,"TangledAltarDownsidePlayerSapped"
4640,"TangledAltarDownsidePlayerColdMonsterAura"
4641,"TangledAltarDownsidePlayerLightningMonsterAura"
4642,"TangledAltarDownsidePlayerRandomProjectileDirection"
4643,"TangledAltarDownsidePlayerHinderWhenHitBySpell"
4644,"TangledAltarDownsidePlayerNonDamagingAilmentsReflectedToSelf"
4645,"TangledAltarDownsidePlayerGraspingVines"
4646,"CleansingAltarDownsideBossConsecrateOnHit"
4647,"CleansingAltarDownsideBossFireAndChaosResist"
4648,"CleansingAltarDownsideBossArmour"
4649,"CleansingAltarDownsideBossCoveredInAshOnHit"
4650,"CleansingAltarDownsideBossAllDamageCanIgnite"
4651,"CleansingAltarDownsideBossAllDamageCanPoison"
4652,"CleansingAltarDownsideBossRemoveFlaskChargeOnHit"
4653,"CleansingAltarDownsideBossPenetrateElementalResist"
4654,"CleansingAltarDownsideBossMaledictionOnHit"
4655,"CleansingAltarDownsideBossPhysToAddAsFire"
4656,"CleansingAltarDownsideBossPhysToAddAsChaos"
4657,"CleansingAltarDownsideBossIncreasedArmourAndEvasion"
4658,"CleansingAltarDownsideBossFirewallDaemon"
4659,"CleansingAltarDownsideBossHinderAura"
4660,"CleansingAltarDownsideBossRighteousFireAura"
4661,"CleansingAltarDownsideMonsterBurningGroundOnDeath"
4662,"CleansingAltarDownsideMonsterConsecratedGroundOnDeath"
4663,"CleansingAltarDownsideMonsterExposureOnHit"
4664,"CleansingAltarDownsideMonsterFlaskDegenOnHit"
4665,"CleansingAltarDownsideMonsterFireAndChaosResist"
4666,"CleansingAltarDownsideMonsterArmour"
4667,"CleansingAltarDownsideMonsterIncreasedArea"
4668,"CleansingAltarDownsideMonsterIncreasedEvasion"
4669,"CleansingAltarDownsideMonsterAllDamageIgnites"
4670,"CleansingAltarDownsideMonsterAllDamagePoisons"
4671,"CleansingAltarDownsideMonsterCurseOnHitVulnerability"
4672,"CleansingAltarDownsideMonsterChaosDamage"
4673,"CleansingAltarDownsideMonsterFireDamage"
4674,"CleansingAltarDownsideMonsterSearingMonsters"
4675,"CleansingAltarDownsidePlayerReducedFireAndChaosResist"
4676,"CleansingAltarDownsidePlayerReducedArmourAndEvasion"
4677,"CleansingAltarDownsidePlayerIncreasedFlaskChargesUsed"
4678,"CleansingAltarDownsidePlayerChaosDegenDuringFlaskDuration"
4679,"CleansingAltarDownsidePlayerHinderWhenHitBySpell"
4680,"CleansingAltarDownsidePlayerScorched"
4681,"CleansingAltarDownsidePlayerCurseReflect"
4682,"CleansingAltarDownsidePlayerBurningGroundWhenHit"
4683,"CleansingAltarDownsidePlayerMeteorOnFlaskUse"
4684,"CleansingAltarDownsidePlayerFireMonsterAura"
4685,"CleansingAltarDownsidePlayerChaosMonsterAura"
4686,"TangleAltarUpsideBossDivineOrb"
4687,"TangleAltarUpsideBossExaltedOrb"
4688,"TangleAltarUpsideBossRegalOrb"
4689,"TangleAltarUpsideBossLesserEldritchIchor"
4690,"TangleAltarUpsideBossGreaterEldritchIchor"
4691,"TangleAltarUpsideBossGrandEldritchIchor"
4692,"TangleAltarUpsideBossEldritchChaosOrb"
4693,"TangleAltarUpsideBossEldritchExaltedOrb"
4694,"TangleAltarUpsideBossEldritchOrbOfAnnulment"
4695,"TangleAltarUpsideBossChaosOrb"
4696,"TangleAltarUpsideBossVeiledChaos"
4697,"TangleAltarUpsideBossOrbOfAlteration"
4698,"TangleAltarUpsideBossBlessedOrb"
4699,"TangleAltarUpsideBossOrbOfScouring"
4700,"TangleAltarUpsideBossChromaticOrb"
4701,"TangleAltarUpsideBossFusingOrb"
4702,"TangleAltarUpsideBossJewellersOrb"
4703,"TangleAltarUpsideMonsterDivineOrb"
4704,"TangleAltarUpsideMonsterExaltedOrb"
4705,"TangleAltarUpsideMonsterRegalOrb"
4706,"TangleAltarUpsideMonsterLesserEldritchIchor"
4707,"TangleAltarUpsideMonsterGreaterEldritchIchor"
4708,"TangleAltarUpsideMonsterGrandEldritchIchor"
4709,"TangleAltarUpsideMonsterEldritchChaosOrb"
4710,"TangleAltarUpsideMonsterEldritchExaltedOrb"
4711,"TangleAltarUpsideMonsterEldritchOrbOfAnnulment"
4712,"TangleAltarUpsideMonsterChaosOrb"
4713,"TangleAltarUpsideMonsterVeiledChaos"
4714,"TangleAltarUpsideMonsterOrbOfAlteration"
4715,"TangleAltarUpsideMonsterBlessedOrb"
4716,"TangleAltarUpsideMonsterOrbOfScouring"
4717,"TangleAltarUpsideMonsterChromaticOrb"
4718,"TangleAltarUpsideMonsterFusingOrb"
4719,"TangleAltarUpsideMonsterJewellersOrb"
4720,"TangledAltarUpsideMonsterScarabBreach1"
4721,"TangledAltarUpsideMonsterScarabBreach2"
4722,"TangledAltarUpsideMonsterScarabBreach3"
4723,"TangledAltarUpsideMonsterScarabElderRares1"
4724,"TangledAltarUpsideMonsterScarabElderRares2"
4725,"TangledAltarUpsideMonsterScarabElderRares3"
4726,"TangledAltarUpsideMonsterScarabSulphite1"
4727,"TangledAltarUpsideMonsterScarabSulphite2"
4728,"TangledAltarUpsideMonsterScarabSulphite3"
4729,"TangledAltarUpsideMonsterScarabStrongbox1"
4730,"TangledAltarUpsideMonsterScarabStrongbox2"
4731,"TangledAltarUpsideMonsterScarabStrongbox3"
4732,"TangledAltarUpsideMonsterScarabHarbinger1"
4733,"TangledAltarUpsideMonsterScarabHarbinger2"
4734,"TangledAltarUpsideMonsterScarabHarbinger3"
4735,"TangledAltarUpsideMonsterScarabPerandus1"
4736,"TangledAltarUpsideMonsterScarabPerandus2"
4737,"TangledAltarUpsideMonsterScarabPerandus3"
4738,"TangledAltarUpsideMonsterScarabLegion1"
4739,"TangledAltarUpsideMonsterScarabLegion2"
4740,"TangledAltarUpsideMonsterScarabLegion3"
4741,"TangledAltarUpsideMonsterScarabAbyss1"
4742,"TangledAltarUpsideMonsterScarabAbyss2"
4743,"TangledAltarUpsideMonsterScarabAbyss3"
4744,"TangledAltarUpsideMonsterScarab"
4745,"TangledAltarUpsideMonsterDivinationCards"
4746,"TangledAltarUpsideMonsterDivinationCardsCurrency"
4747,"TangledAltarUpsideMonsterDivinationCardsCurrencyBasic"
4748,"TangledAltarUpsideMonsterDivinationCardsCurrencyExotic"
4749,"TangledAltarUpsideMonsterDivinationCardsCurrencyLeague"
4750,"TangledAltarUpsideMonsterDivinationCardsGivesOtherDivinationCards"
4751,"TangledAltarUpsideMonsterDivinationCardsGems"
4752,"TangledAltarUpsideMonsterDivinationCardsGemsLevelled"
4753,"TangledAltarUpsideMonsterDivinationCardsGemsQuality"
4754,"TangledAltarUpsideBossScarabBreach1"
4755,"TangledAltarUpsideBossScarabBreach2"
4756,"TangledAltarUpsideBossScarabBreach3"
4757,"TangledAltarUpsideBossScarabElderRares1"
4758,"TangledAltarUpsideBossScarabElderRares2"
4759,"TangledAltarUpsideBossScarabElderRares3"
4760,"TangledAltarUpsideBossScarabSulphite1"
4761,"TangledAltarUpsideBossScarabSulphite2"
4762,"TangledAltarUpsideBossScarabSulphite3"
4763,"TangledAltarUpsideBossScarabStrongbox1"
4764,"TangledAltarUpsideBossScarabStrongbox2"
4765,"TangledAltarUpsideBossScarabStrongbox3"
4766,"TangledAltarUpsideBossScarabHarbinger1"
4767,"TangledAltarUpsideBossScarabHarbinger2"
4768,"TangledAltarUpsideBossScarabHarbinger3"
4769,"TangledAltarUpsideBossScarabPerandus1"
4770,"TangledAltarUpsideBossScarabPerandus2"
4771,"TangledAltarUpsideBossScarabPerandus3"
4772,"TangledAltarUpsideBossScarabLegion1"
4773,"TangledAltarUpsideBossScarabLegion2"
4774,"TangledAltarUpsideBossScarabLegion3"
4775,"TangledAltarUpsideBossScarabAbyss1"
4776,"TangledAltarUpsideBossScarabAbyss2"
4777,"TangledAltarUpsideBossScarabAbyss3"
4778,"TangledAltarUpsideBossDivinationCards"
4779,"TangledAltarUpsideBossDivinationCardsCurrency"
4780,"TangledAltarUpsideBossDivinationCardsCurrencyBasic"
4781,"TangledAltarUpsideBossDivinationCardsCurrencyExotic"
4782,"TangledAltarUpsideBossDivinationCardsCurrencyLeague"
4783,"TangledAltarUpsideBossDivinationCardsGivesOtherDivinationCards"
4784,"TangledAltarUpsideBossDivinationCardsGems"
4785,"TangledAltarUpsideBossDivinationCardsGemsLevelled"
4786,"TangledAltarUpsideBossDivinationCardsGemsQuality"
4787,"TangledAltarUpsidePlayerDuplicateDroppedCurrency"
4788,"TangledAltarUpsidePlayerDuplicateDroppedGems"
4789,"TangledAltarUpsidePlayerDuplicateDroppedUniques"
4790,"TangledAltarUpsidePlayerDuplicateDroppedScarabs"
4791,"TangledAltarUpsidePlayerDuplicateDroppedMaps"
4792,"TangledAltarUpsidePlayerDuplicateDroppedDivinationCards"
4793,"TangledAltarUpsidePlayerIncreasedQuantityAndQuality"
4794,"TangledAltarUpsidePlayerIncreasedQuantity"
4795,"TangledAltarUpsidePlayerIncreasedRarity"
4796,"TangledAltarUpsidePlayerIncreasedExperience"
4797,"CleansingAltarUpsideBossDivineOrb"
4798,"CleansingAltarUpsideBossAwakenedSextant"
4799,"CleansingAltarUpsideBossOrbOfBinding"
4800,"CleansingAltarUpsideBossOrbOfHorizons"
4801,"CleansingAltarUpsideBossOrbOfUnmaking"
4802,"CleansingAltarUpsideBossCartographersChisel"
4803,"CleansingAltarUpsideBossLesserEldritchEmber"
4804,"CleansingAltarUpsideBossGreaterEldritchEmber"
4805,"CleansingAltarUpsideBossGrandEldritchEmber"
4806,"CleansingAltarUpsideBossEldritchChaosOrb"
4807,"CleansingAltarUpsideBossEldritchExaltedOrb"
4808,"CleansingAltarUpsideBossEldritchOrbOfAnnulment"
4809,"CleansingAltarUpsideBossOrbOfAnnulment"
4810,"CleansingAltarUpsideBossVaalOrb"
4811,"CleansingAltarUpsideBossEnkindlingOrb"
4812,"CleansingAltarUpsideBossInstillingOrb"
4813,"CleansingAltarUpsideBossOrbOfRegret"
4814,"CleansingAltarUpsideBossGlassblowersBauble"
4815,"CleansingAltarUpsideBossGemcuttersPrism"
4816,"CleansingAltarUpsideBossChaosOrb"
4817,"CleansingAltarUpsideMonsterDivineOrb"
4818,"CleansingAltarUpsideMonsterAwakenedSextant"
4819,"CleansingAltarUpsideMonsterOrbOfBinding"
4820,"CleansingAltarUpsideMonsterOrbOfHorizons"
4821,"CleansingAltarUpsideMonsterOrbOfUnmaking"
4822,"CleansingAltarUpsideMonsterCartographersChisel"
4823,"CleansingAltarUpsideMonsterLesserEldritchEmber"
4824,"CleansingAltarUpsideMonsterGreaterEldritchEmber"
4825,"CleansingAltarUpsideMonsterGrandEldritchEmber"
4826,"CleansingAltarUpsideMonsterEldritchChaosOrb"
4827,"CleansingAltarUpsideMonsterEldritchExaltedOrb"
4828,"CleansingAltarUpsideMonsterEldritchOrbOfAnnulment"
4829,"CleansingAltarUpsideMonsterOrbOfAnnulment"
4830,"CleansingAltarUpsideMonsterVaalOrb"
4831,"CleansingAltarUpsideMonsterEnkindlingOrb"
4832,"CleansingAltarUpsideMonsterInstillingOrb"
4833,"CleansingAltarUpsideMonsterOrbOfRegret"
4834,"CleansingAltarUpsideMonsterGlassblowersBauble"
4835,"CleansingAltarUpsideMonsterGemcuttersPrism"
4836,"CleansingAltarUpsideMonsterChaosOrb"
4837,"CleansingAltarUpsideMonsterScarabBeasts1"
4838,"CleansingAltarUpsideMonsterScarabBeasts2"
4839,"CleansingAltarUpsideMonsterScarabBeasts3"
4840,"CleansingAltarUpsideMonsterScarabTorment1"
4841,"CleansingAltarUpsideMonsterScarabTorment2"
4842,"CleansingAltarUpsideMonsterScarabTorment3"
4843,"CleansingAltarUpsideMonsterScarabMetamorph1"
4844,"CleansingAltarUpsideMonsterScarabMetamorph2"
4845,"CleansingAltarUpsideMonsterScarabMetamorph3"
4846,"CleansingAltarUpsideMonsterScarabBlight1"
4847,"CleansingAltarUpsideMonsterScarabBlight2"
4848,"CleansingAltarUpsideMonsterScarabBlight3"
4849,"CleansingAltarUpsideMonsterScarabUniques1"
4850,"CleansingAltarUpsideMonsterScarabUniques2"
4851,"CleansingAltarUpsideMonsterScarabUniques3"
4852,"CleansingAltarUpsideMonsterScarabDivinationCards1"
4853,"CleansingAltarUpsideMonsterScarabDivinationCards2"
4854,"CleansingAltarUpsideMonsterScarabDivinationCards3"
4855,"CleansingAltarUpsideMonsterScarabShaperRares1"
4856,"CleansingAltarUpsideMonsterScarabShaperRares2"
4857,"CleansingAltarUpsideMonsterScarabShaperRares3"
4858,"CleansingAltarUpsideMonsterScarabMaps1"
4859,"CleansingAltarUpsideMonsterScarabMaps2"
4860,"CleansingAltarUpsideMonsterScarabMaps3"
4861,"CleansingAltarUpsideMonsterDivinationCards"
4862,"CleansingAltarUpsideMonsterDivinationCardsUnique"
4863,"CleansingAltarUpsideMonsterDivinationCardsUniqueWeapon"
4864,"CleansingAltarUpsideMonsterDivinationCardsUniqueArmour"
4865,"CleansingAltarUpsideMonsterDivinationCardsUniqueJewellery"
4866,"CleansingAltarUpsideMonsterDivinationCardsUniqueCorrupted"
4867,"CleansingAltarUpsideMonsterDivinationCardsMap"
4868,"CleansingAltarUpsideMonsterDivinationCardsMapUnique"
4869,"CleansingAltarUpsideMonsterDivinationCardsCorrupted"
4870,"CleansingAltarUpsideBossScarab"
4871,"CleansingAltarUpsideBossScarabBeasts1"
4872,"CleansingAltarUpsideBossScarabBeasts2"
4873,"CleansingAltarUpsideBossScarabBeasts3"
4874,"CleansingAltarUpsideBossScarabTorment1"
4875,"CleansingAltarUpsideBossScarabTorment2"
4876,"CleansingAltarUpsideBossScarabTorment3"
4877,"CleansingAltarUpsideBossScarabMetamorph1"
4878,"CleansingAltarUpsideBossScarabMetamorph2"
4879,"CleansingAltarUpsideBossScarabMetamorph3"
4880,"CleansingAltarUpsideBossScarabBlight1"
4881,"CleansingAltarUpsideBossScarabBlight2"
4882,"CleansingAltarUpsideBossScarabBlight3"
4883,"CleansingAltarUpsideBossScarabUniques1"
4884,"CleansingAltarUpsideBossScarabUniques2"
4885,"CleansingAltarUpsideBossScarabUniques3"
4886,"CleansingAltarUpsideBossScarabDivinationCards1"
4887,"CleansingAltarUpsideBossScarabDivinationCards2"
4888,"CleansingAltarUpsideBossScarabDivinationCards3"
4889,"CleansingAltarUpsideBossScarabShaperRares1"
4890,"CleansingAltarUpsideBossScarabShaperRares2"
4891,"CleansingAltarUpsideBossScarabShaperRares3"
4892,"CleansingAltarUpsideBossScarabMaps1"
4893,"CleansingAltarUpsideBossScarabMaps2"
4894,"CleansingAltarUpsideBossScarabMaps3"
4895,"CleansingAltarUpsideBossDivinationCards"
4896,"CleansingAltarUpsideBossDivinationCardsUnique"
4897,"CleansingAltarUpsideBossDivinationCardsUniqueWeapon"
4898,"CleansingAltarUpsideBossDivinationCardsUniqueArmour"
4899,"CleansingAltarUpsideBossDivinationCardsUniqueJewellery"
4900,"CleansingAltarUpsideBossDivinationCardsUniqueCorrupted"
4901,"CleansingAltarUpsideBossDivinationCardsMap"
4902,"CleansingAltarUpsideBossDivinationCardsMapUnique"
4903,"CleansingAltarUpsideBossDivinationCardsCorrupted"
4904,"CleansingAltarUpsidePlayerDuplicateDroppedCurrency"
4905,"CleansingAltarUpsidePlayerDuplicateDroppedGems"
4906,"CleansingAltarUpsidePlayerDuplicateDroppedUniques"
4907,"CleansingAltarUpsidePlayerDuplicateDroppedScarabs"
4908,"CleansingAltarUpsidePlayerDuplicateDroppedMaps"
4909,"CleansingAltarUpsidePlayerDuplicateDroppedDivinationCards"
4910,"CleansingAltarUpsidePlayerIncreasedQuantityAndQuality"
4911,"CleansingAltarUpsidePlayerIncreasedQuantity"
4912,"CleansingAltarUpsidePlayerIncreasedRarity"
4913,"CleansingAltarUpsidePlayerIncreasedExperience"
4914,"PinnacleAtlasBoss"
4915,"MavenInvitation"
4916,"UpgradedVaalSideArea"
4917,"UpgradedLabyrinthTrial"
4918,"CorruptingTempest"
4919,"MonstrousTreasure"
4920,"AlluringVaalSideArea"
4921,"ImprovedLabyrinthTrial"
4922,"BreachstoneAdditionalRewardAndModifierCrafted"
4923,"LabyrinthTrial"
4924,"MonsterTagging"
4925,"DamageBypassEnergyShield"
4926,"KillEnemyInstantlyExarchDominant"
4927,"MalignantMadnessCritEaterDominant"
4928,"SocketedWarcryCooldownCount"
4929,"TakePhysicalDamagePerWarcryExerting"
4930,"MoreDamagePerWarcryExerting"
4931,"ChillHitsCauseShattering"
4932,"EnemiesChilledIncreasedDamageTaken"
4933,"EnemiesChilledLessDamageDealt"
4934,"SelfMaimHinderEffect"
4935,"RelicEffect"
4936,"ReducedPoisonDuration"
4937,"ReducedBleedDuration"
4938,"SentinelLeague"
4939,"SentinelDroneAggroRadius"
4940,"SentinelDroneDuration"
4941,"SentinelDroneTagLimit"
4942,"SentinelDroneLocalCharge"
4943,"SentinelTagIncreasedDamage"
4944,"SentinelDroneTagSpecificUnique"
4945,"SentinelDroneDestroyOnTag"
4946,"SentinelDisplayImplicit"
4947,"SentinelDroneTagMapQuantityAppliesToRewards"
4948,"SentinelDroneTagDropsRewards"
4949,"SentinelDroneGrantModsToKiller"
4950,"SentinelTagDifficulty"
4951,"SentinelDronePetrifyTaggedMonsters"
4952,"SentinelDronePlayerUnholyMightOnSummon"
4953,"SentinelDroneDifficulty"
4954,"SentinelDroneExtraChains"
4955,"SentinelDroneChainDistance"
4956,"SentinelDroneExtraBeams"
4957,"SentinelDroneBaseDuration"
4958,"SentinelDroneTagLimitPercentage"
4959,"SentinelDronePlayerTailwindOnSummon"
4960,"SentinelDroneDebilitateMonster"
4961,"SentinelDroneCurrencyRewardChance"
4962,"SentinelDroneEssenceRewardChance"
4963,"SentinelDroneUniqueRewardChance"
4964,"SentinelDroneGemsRewardChance"
4965,"SentinelDroneMapsRewardChance"
4966,"SentinelDroneTrinketsRewardChance"
4967,"SentinelDroneArmourRewardChance"
4968,"SentinelDroneWeaponRewardChance"
4969,"SentinelDroneFragmentsRewardChance"
4970,"SentinelDroneScarabsRewardChance"
4971,"SentinelDroneDivinationCardsRewardChance"
4972,"SentinelDroneAbyssRewardChance"
4973,"SentinelDroneHarbingerRewardChance"
4974,"SentinelDroneBreachRewardChance"
4975,"SentinelDroneFossilsRewardChance"
4976,"SentinelDroneLegionRewardChance"
4977,"SentinelDroneBlightRewardChance"
4978,"SentinelDroneMetamorphosisRewardChance"
4979,"SentinelDroneExpeditionRewardChance"
4980,"SentinelDroneHeistRewardChance"
4981,"SentinelDroneRitualRewardChance"
4982,"SentinelDroneDeliriumRewardChance"
4983,"SentinelDroneSentinelRewardChance"
4984,"SentinelDroneDuplicateRewardChance"
4985,"SentinelDroneRefreshOnUseChance"
4986,"SentinelDroneTaggedMonsterItemQuantity"
4987,"SentinelDroneTaggedMonsterItemRarity"
4988,"SentinelDroneTaggedMonsterExperience"
4989,"SentinelDroneRewardChance"
4990,"SentinelDroneRewardCount"
4991,"SentinelDroneAura"
4992,"SummonSkeletonsSkeletonMage"
4993,"SentinelAcceleratingOnUse"
4994,"SentinelResonatingOnUse"
4995,"SentinelDiamondOnUse"
4996,"SentinelGloomOnUse"
4997,"SentinelResistanceOnUse"
4998,"SentinelMassiveOnUse"
4999,"SentinelEchoingOnUse"
5000,"SentinelImpenetrableOnUse"
5001,"SentinelAdrenalineOnUse"
5002,"SentinelChargeOnUse"
5003,"SentinelDroneCannotTagEnemies"
5004,"SentinelDroneCannotAddRewards"
5005,"SentinelDroneEmpowermentPerMonsterTagged"
5006,"SentinelDroneRewardChancePerMonsterTagged"
5007,"SentinelDroneUpgradeToRareChance"
5008,"SentinelDroneSpawnWorms"
5009,"SentinelDroneNoDrops"
5010,"SentinelDroneCleanseFish"
5011,"SentinelDronePurifyCorruptedWater"
5012,"LakeLeague"
5013,"GainSoulEaterStackOnHit"
5014,"SoulEaterMaximumStackCount"
5015,"LoseSoulEaterWhileNoUniqueInPresence"
5016,"LifeRegenerationNotApplied"
5017,"RageRegenerationPerLifeRegeneration"
5018,"MinionPhysicalConvertToCold"
5019,"MinionOnlyDealColdDamage"
5020,"TouchedByTormentedSpirits"
5021,"QuicksilverFlaskAppliesToAllies"
5022,"ColdAddedAsFireChilledEnemy"
5023,"ColdAddedAsFireFrozenEnemy"
5024,"RecoverLifeOnSuppress"
5025,"AdrenalineOnKill"
5026,"LifeCostAsManaCost"
5027,"SkillsExertAttacksDoNotCountChance"
5028,"CannotHaveNonSpectreMinions"
5029,"MinimumChargesEqualToMaximumWhileStationary"
5030,"TrapsCannotBeTriggeredByEnemies"
5031,"AdditionalTrapsThrown"
5032,"FreezeEnemiesWhenHitChance"
5033,"AddedChaosDamagePerCurse"
5034,"GolemsAddedPhysicalDamage"
5035,"GainMaximumEnduranceChargesWhenCrit"
5036,"ShareMaximumEnduranceChargesParty"
5037,"SkeletonWarriorsPermanentMinion"
5038,"MemoryLineType"
5039,"MemoryLineMap"
5040,"UltimatumUniqueMap"
5041,"UltimatumUniqueMapChaosCloud"
5042,"UltimatumUniqueMapLightningRune"
5043,"UltimatumUniqueMapFlamespitter"
5044,"UltimatumUniqueMapFrostInfection"
5045,"UltimatumUniqueMapGraveyard"
5046,"UltimatumUniqueMapRevenant"
5047,"UltimatumUniqueMapSawblade"
5048,"UltimatumUniqueMapPhysicalTotem"
5049,"UltimatumUniqueMapElementalTotem"
5050,"UltimatumUniqueMapRecoveryReduction"
5051,"UltimatumUniqueMapAreaProjectileSpeed"
5052,"UltimatumUniqueMapBuffExpiry"
5053,"UltimatumUniqueMapCooldownSpeed"
5054,"UltimatumUniqueMapVulnerability"
5055,"UltimatumUniqueMapAcceleratingSpeed"
5056,"UltimatumUniqueMapNonChaosAsExtraChaos"
5057,"UltimatumUniqueMapExtraCriticalRolls"
5058,"UltimatumUniqueMapHinderOnFlaskUse"
5059,"UltimatumUniqueMapCancelFlaskOnFlaskUse"
5060,"UltimatumUniqueMapReflectAilmentsAndCurses"
5061,"UltimatumUniqueMapAurasAffectAllies"
5062,"UltimatumUniqueMapDealNoDamagePeriodically"
5063,"UltimatumUniqueMapLoseCharges"
5064,"AbyssMinionAilmentOnHitChance"
5065,"MemoryLineMapBaseStats"
5066,"MonsterTagMirrored"
5067,"MonsterTagSanctumGuard"
5068,"MonsterTagSanctumBraomBoss"
5069,"MonsterTagSanctumUzarBoss"
5070,"MonsterSanctumGuardDaemon"
5071,"MonsterDroppedItemsInfluence"
5072,"DroppedItemsModified"
5073,"ConsecratedGroundStationarySTRHighest"
5074,"ProfaneGroundCriticalStrikeINTHighest"
5075,"ConsecratedGroundLingers"
5076,"ProfaneGroundLingers"
5077,"RandomProjectileDirection"
5078,"SanctumLeague"
5079,"LifeLossToPreventDuringFlaskEffectToLoseOverTime"
5080,"ExplodeOnKillRandomElement"
5081,"ElementalDamageReduction"
5082,"SelfIgniteDurationAllElementalAilments"
5083,"ShockAvoidanceAllElementalAilments"
5084,"CursedEnemiesCannotInflictElementalAilments"
5085,"DealNoElementalPhysicalDamage"
5086,"ImmuneToCurses"
5087,"PowerChargeOnCurse"
5088,"Adrenaline"
5089,"CannotRecoverLife"
5090,"MonsterModOverwhelmPDR"
5091,"MonsterModExtraFireDamage"
5092,"MonsterModExtraColdDamage"
5093,"MonsterModExtraLightningDamage"
5094,"MonsterModExtraChaosDamage"
5095,"MonsterModExtraElementalDamage"
5096,"MonsterModPhysicalDamageReduction"
5097,"MonsterModResistantToFire"
5098,"MonsterModResistantToCold"
5099,"MonsterModResistantToLightning"
5100,"MonsterModResistantToChaos"
5101,"MonsterModIncreasedEvasionRating"
5102,"MonsterModFasterStartOfEnergyShield"
5103,"MonsterModIncreasedLife"
5104,"MonsterModIncreasedAccuracy"
5105,"MonsterModIncreasedCriticalStrikeChance"
5106,"MonsterModLifeRegeneration"
5107,"MonsterModApplyIgnite"
5108,"MonsterModApplyShock"
5109,"MonsterModApplyPoison"
5110,"MonsterModApplyBleed"
5111,"MonsterModApplyFreeze"
5112,"MonsterModApplyStun"
5113,"MonsterModSpecialAura"
5114,"MonsterModMinionBeacon"
5115,"MonsterModAreaOfEffect"
5116,"MonsterModAttackCastMovementSpeed"
5117,"MonsterModSkillRepeat"
5118,"MonsterModAdditionalProjectiles"
5119,"MonsterModDamageLeechedAsLife"
5120,"MonsterModCannotLeech"
5121,"MonsterModGainCharges"
5122,"MonsterModEnduranceChargeGain"
5123,"MonsterModFrenzyChargeGain"
5124,"MonsterModPowerChargeGain"
5125,"MonsterModCannotBeSlowed"
5126,"MonsterModCannotBeStunned"
5127,"MonsterModFrenzied"
5128,"MonsterModAlwaysCrit"
5129,"MonsterModApplyBlind"
5130,"MonsterModNoExtraDamageFromCrits"
5131,"MonsterModReducedCritMulti"
5132,"MonsterModHexproof"
5133,"MonsterModAdditionalChain"
5134,"MonsterModProjectilesGainDamage"
5135,"MonsterModDamagePerMissingLife"
5136,"MonsterModRemoveChargesOnHit"
5137,"MonsterModCorruptedBlood"
5138,"MonsterModSpellResistant"
5139,"MonsterModAttackBlock"
5140,"MonsterModReflectNonDamagingAilments"
5141,"MonsterModReflectHexes"
5142,"MonsterModGroundEffect"
5143,"MonsterModApplyRandomMark"
5144,"MonsterMinionsTakeLifeInstead"
5145,"MonsterModGraspingVines"
5146,"MonsterModSoulConduit"
5147,"MonsterModStrongerMinions"
5148,"MonsterModRevivesMinions"
5149,"MonsterModSkeletonZombieSummons"
5150,"MonsterModSoulEater"
5151,"MonsterModEmpoweringMinions"
5152,"MonsterModEnergyShieldStunNova"
5153,"MonsterModInfernoBolt"
5154,"MonsterModSnowBolt"
5155,"MonsterModLightningMirage"
5156,"MonsterModIcePrison"
5157,"MonsterModFlamewaller"
5158,"MonsterModToxicVolatiles"
5159,"MonsterModShroudWalker"
5160,"MonsterModHexingEffigy"
5161,"MonsterModMirrorImage"
5162,"MonsterModFireMortar"
5163,"MonsterModDetonateCorpses"
5164,"MonsterModMagmaBarrier"
5165,"MonsterModVolatileFlameblood"
5166,"MonsterModStormHerald"
5167,"MonsterModExplodingCrystals"
5168,"MonsterVolatilePlants"
5169,"MonsterVolatileRocks"
5170,"MonsterProximalTangibility"
5171,"MonsterModHeraldingMinionTotems"
5172,"MonsterModFinalGasp"
5173,"MonsterModBerserker"
5174,"MonsterModDamageTypeCycling"
5175,"MonsterModSummonEffigy"
5176,"MonsterModFleeing"
5177,"MonsterModLunarisTouched"
5178,"MonsterModSolarisTouched"
5179,"MonsterModArakaaliTouched"
5180,"MonsterModBrineKingTouched"
5181,"MonsterModTukohamaTouched"
5182,"MonsterModAbberathTouched"
5183,"MonsterModShakariTouched"
5184,"MonsterModInnocenceTouched"
5185,"MonsterModKitavaTouched"
5186,"MonsterModSpiritWalkers"
5187,"MonsterModUnionOfSouls"
5188,"SanctumMaximumLife"
5189,"SanctumMaximumHonour"
5190,"SanctumResolveRecovery"
5191,"SanctumShieldAtStartOfFloor"
5192,"SanctumShieldOnGainingAffliction"
5193,"SanctumMonstersDoubleGoldChance"
5194,"SanctumFountainDoubleGoldChance"
5195,"SanctumMerchantReducedCosts"
5196,"SanctumMaximumResolvePercent"
5197,"SanctumMaximumResolveOnBossKill"
5198,"SanctumMaximumResolveOnFountainUse"
5199,"SanctumStartingGold"
5200,"SanctumGoldOnRoomCompletion"
5201,"SanctumStartingShield"
5202,"SanctumResolveOnRoomComplete"
5203,"SanctumResolveOnBossKill"
5204,"SanctumResolveOnFountainUse"
5205,"SanctumRevealExtraRoomEachFloor"
5206,"SanctumAvoidAfflictionChance"
5207,"SanctumMonstersIncreasedDamageTaken"
5208,"SanctumGuardsIncreasedDamageTaken"
5209,"SanctumBossIncreasedDamageTaken"
5210,"SanctumMerchantExtraOptions"
5211,"SanctumMonstersReducedDamage"
5212,"SanctumGuardsReducedDamage"
5213,"SanctumBossReducedDamage"
5214,"SanctumRelicQuantity"
5215,"SanctumDefences"
5216,"SanctumTrapDamage"
5217,"SanctumMovementSpeed"
5218,"SanctumDodgeRollDistance"
5219,"SanctumAllResistance"
5220,"SanctumSlowResistance"
5221,"SanctumReducedCritDamage"
5222,"SanctumMaximumResistances"
5223,"SanctumPhysicalDamageReduction"
5224,"SanctumAdditionalKeyChance"
5225,"SanctumHonourOnGainKey"
5226,"SanctumMonsterSpeed"
5227,"SanctumHonourResistance"
5228,"SanctumMaximumHonourResistance"
5229,"SanctumKeyDropChance"
5230,"SanctumChanceToPreventHonourDeath"
5231,"SanctumKeyUpgradeChance"
5232,"SanctumAvoidResolveLossFromMeleeHitChance"
5233,"SanctumAvoidResolveLossFromProjectileHitChance"
5234,"SanctumResolveReductionBasedOnArmour"
5235,"SanctumIncreasedResolveAegis"
5236,"SanctumAvoidResolveIfHitRecently"
5237,"SanctumResolveReductionDoubledChance"
5238,"SanctumResolveAegisFasterRecovery"
5239,"AtlasRustedScarabInsteadGrantsPackSize"
5240,"AtlasPolishedScarabInsteadGrantsPackSize"
5241,"AtlasGildedScarabInsteadGrantsPackSize"
5242,"AtlasWingedScarabInsteadGrantsPackSize"
5243,"SanctumRelicDestroyedOnRunEnd"
5244,"SanctumUniqueRelic"
5245,"ChaosDamageOverTimeHealsLeechLife"
5246,"ModifiersToSuppressionApplyToAilmentAvoid"
5247,"EquipmentModifierEffect"
5248,"DebilitateEnemies"
5249,"StunningHitsRecovery"
5250,"PhysicalDamageBypassesEnergyShield"
5251,"LinkLoseNoExperience"
5252,"LinkTargetCannotDie"
5253,"LinkSkillFlaskEffects"
5254,"MinionWitherOnHit"
5255,"BleedingExpiresSlowerWhileMoving"
5256,"SupportedByInfernalLegion"
5257,"NearbyEnemiesCoveredInAsh"
5258,"ColdExposureAdditionalResistance"
5259,"LightningNonCriticalStrikesLucky"
5260,"ElementalDamage"
5261,"LocalAddedLightningDamagePerAccuracy"
5262,"LocalAddedChaosDamagePerLowestAttribute"
5263,"AdditionalBallistaTotem"
5264,"ArrowsReturn"
5265,"ScorchChanceCannotIgnite"
5266,"BrittleChanceCannotFreezeChill"
5267,"SapChanceCannotShock"
5268,"DesecrateCorpse"
5269,"SnipeMaxStacks"
5270,"MapPassiveTreeIsShuffled"
5271,"WarbandMapBosses"
5272,"MonsterMeleePattern"
5273,"GrantSkillAdvancingStrike"
5274,"GrantSkillRetreatingThrow"
5275,"MonsterIgnoreActorScaleFromStats"
5276,"InfernalistUndeadMinionsAreDemons"
5277,"LocalDisplayNearbyEnemiesAreCoveredInAsh"
5278,"MeleeRangeMonster"
5279,"KnockbackDistanceMonster"
5280,"CrushOnHitMonster"
5281,"BleedOnHitMonster"
5282,"MonsterSlainBaseFlaskCharges"
5283,"AdditionalSkillSlots"
5284,"MonsterAdditionalAttackRange"
5285,"WeaponImplicitDamageType"
5286,"PresenceRadius"
5287,"IgniteChanceIncrease"
5288,"ShockChanceIncrease"
5289,"BleedChanceIncrease"
5290,"PoisonChanceIncrease"
5291,"FreezeDamageIncrease"
5292,"StunDamageIncrease"
5293,"StunThreshold"
5294,"IgniteEffect"
5295,"DrainManaHealLife"
5296,"LoseLifeOnKillUse"
5297,"ConsumeCorpseRecoverLife"
5298,"MinionReviveSpeed"
5299,"MinionEnergyShield"
5300,"LightningDamageElectrocute"
5301,"PhysicalDamagePin"
5302,"GainRage"
5303,"AilmentThreshold"
5304,"BaseElementalConversion"
5305,"LowLifeThreshold"
5306,"LowManaThreshold"
5307,"AilmentChance"
5308,"IncreasedSpeed"
5309,"CanBlockAllDamage"
5310,"CanEvadeAllDamage"
5311,"ParriedDebuff"
5312,"ElementalInfusion"
5313,"DisableShieldSkills"
5314,"FullManaThreshold"
5315,"AggravateBleed"
5316,"SoulEater"
5317,"InstantFlaskRecovery"
5318,"FlaskChargeGeneration"
5319,"FlaskChargeGenerationPercent"
5320,"CurseActivationDelay"
5321,"DoubleOnKillEffects"
5322,"SlowPotency"
5323,"OverkillDamage"
5324,"CannotBeSlowed"
5325,"CannotBeThrown"
5326,"MultipleCompanions"
5327,"DamageRange"
5328,"MapDroppedItemQuantityIncrease"
5329,"MapDroppedItemQuantityRarityIncrease"
5330,"MapDroppedItemRarityIncrease"
5331,"MapDroppedGoldIncrease"
5332,"MapExperienceGainIncrease"
5333,"MapDroppedMapsIncrease"
5334,"MapPackSizeIncrease"
5335,"MapTotalEffectivenessIncrease"
5336,"MapChestCountIncrease"
5337,"MapMagicPackIncrease"
5338,"MapRarePackIncrease"
5339,"MapRareMagicPackIncrease"
5340,"MapMagicChestCountIncrease"
5341,"MapRareChestCountIncrease"
5342,"MapMagicPackSizeIncrease"
5343,"MapAdditionalMirroredRarePacks"
5344,"MapWildwoodWispEmpowered"
5345,"MapSuffixesNullified"
5346,"MapRareMonstersAdditionalModifier"
5347,"MapAdditionalModifier"
5348,"MapAdditionalShrine"
5349,"MapAdditionalStrongbox"
5350,"MapAdditionalEssence"
5351,"MapAdditionalSpirit"
5352,"MapAdditionalExile"
5353,"MapGainRarityOnKill"
5354,"StrongerMonster"
5355,"SmokeCloud"
5356,"ProjectileRange"
5357,"MonsterAttackSpeedPenalties"
5358,"LargeBossLightStunThreshold"
5359,"TowerAddContent"
5360,"TowerAddUniqueBonus"
5361,"BreachMagicMonsterIncrease"
5362,"BreachRareMonsterIncrease"
5363,"BreachDensityIncrease"
5364,"BreachSpeedIncrease"
5365,"BreachChestAdditional"
5366,"BreachMonsterSplinterIncrease"
5367,"Breach3AdditionalChance"
5368,"BreachAdditionalChance"
5369,"ExpeditionArtifactIncrease"
5370,"ExpeditionExplosionPlacement"
5371,"ExpeditionMonsterMissingLife"
5372,"ExpeditionRelicIncrease"
5373,"ExpeditionExplosionRadius"
5374,"ExpeditionLogbookIncrease"
5375,"ExpeditionRareMonsters"
5376,"ExpeditionRelicModEffect"
5377,"ExpeditionRunicMonsters"
5378,"DeliriumMonsterSplinterIncrease"
5379,"DeliriumRewardProgressIncrease"
5380,"DeliriumFogDissipationDelay"
5381,"DeliriumFogPersistence"
5382,"DeliriumDifficultyIncrease"
5383,"DeliriumPackSizeIncrease"
5384,"DeliriumDoodadsIncrease"
5385,"DeliriumRareMonsterPause"
5386,"DeliriumBossChance"
5387,"DeliriumAdditionalRewardType"
5388,"RitualTributeIncrease"
5389,"RitualTributeCostIncrease"
5390,"RitualRerollCostIncrease"
5391,"RitualDeferCostIncrease"
5392,"RitualDeferSpeed"
5393,"RitualAdditionalReroll"
5394,"RitualChanceForNoCost"
5395,"RitualRareMonsters"
5396,"RitualMagicMonsters"
5397,"RitualOmenChance"
5398,"MapBossAdditionalStrongbox"
5399,"MapBossAdditionalShrine"
5400,"MapBossAdditionalEssence"
5401,"MapBossAdditionalSpirit"
5402,"MapBossWaystoneChance"
5403,"MapBossExperience"
5404,"MapBossRarity"
5405,"MapBossQuantity"
5406,"EndgameCorruptionBonus"
5407,"Pushiness"
5408,"AilmentEffect"
5409,"ArmourBreak"
5410,"ArmourBreakDuration"
5411,"DamageVsRareOrUnique"
5412,"ChainFromTerrain"
5413,"CharmDuration"
5414,"CharmChargesGained"
5415,"CharmDamageWhileUsing"
5416,"CriticalAilmentEffect"
5417,"ChargeGeneration"
5418,"CrossbowDamage"
5419,"CrossbowReloadSpeed"
5420,"CrossbowSpeed"
5421,"CurseDelay"
5422,"BaseCurseDuration"
5423,"DamagevsArmourBrokenEnemies"
5424,"DamagingAilmentDuration"
5425,"DazeBuildup"
5426,"AftershockChance"
5427,"ElementalAilmentDuration"
5428,"Energy"
5429,"AdditionalCharm"
5430,"FlailCriticalChance"
5431,"FlailDamage"
5432,"FocusEnergyShield"
5433,"ForkingProjectiles"
5434,"FreezeThreshold"
5435,"HeraldDamage"
5436,"JaggedGroundEffect"
5437,"LifeCost"
5438,"MaceStun"
5439,"ManaLeechAmount"
5440,"MarkDuration"
5441,"OfferingLife"
5442,"PinBuildup"
5443,"PoisonEffect"
5444,"QuarterstaffFreezeBuildup"
5445,"SlowEffect"
5446,"SpearAttackSpeed"
5447,"SpearCriticalDamage"
5448,"SpearDamage"
5449,"StunThresholdfromEnergyShield"
5450,"AilmentThresholdfromEnergyShield"
5451,"Thorns"
5452,"EnergyGain"
5453,"PerfectTimingWindow"
5454,"UltimatumBossEnrage"
5455,"UnarmedDamage"
5456,"WarcryDamage"
5457,"WeaponSwapSpeed"
5458,"WitheredEffect"
5459,"UseTwoHandedWeaponOneHand"
5460,"Immobilise"
5461,"CriticalWeakness"
5462,"Valour"
5463,"UnarmedAttackSpeed"
5464,"MonsterImmuneInMoltenGoldText"
5465,"MapMonsterAdditionalPacks"
5466,"MonsterCannotBeStunnedFrozenElectrocuted"
5467,"UltimatimMapDownsideModifier"
5468,"JewelRadiusSmallsArmour"
5469,"JewelRadiusSmallsEvasion"
5470,"JewelRadiusSmallsEnergyShield"
5471,"JewelRadiusNotablesAreaOfEffect"
5472,"JewelRadiusNotablesProjectileSpeed"
5473,"JewelRadiusNotablesCurseEffect"
5474,"JewelRadiusLargerRadius"
5475,"JewelRadiusSmallNodeEffect"
5476,"JewelRadiusNotableEffect"
5477,"MonsterModStunResilience"
5478,"UltimatumWagerType"
5479,"CorruptedMagicJewelModEffect"
5480,"EndgameRareMonsterVisuals"
5481,"EncasedMonster"
5482,"ExpeditionUnaffectedByRemnants"
5483,"DoryaniEndgameIgniteShock"
5484,"MapSimulacrumAdditionalRare"
5485,"MapSimulacrumMonsterDefence"
5486,"MapSimulacrumMonsterOffence"
5487,"UniqueJewelSpecificSkillLevelBonus"
5488,"MonsterTankiness"
5489,"AzmeriDustWarden"
5490,"AzmeriDustVoodooShaman"
5491,"AzmeriDustPrimalist"
5492,"MonsterModElementalWaller"
5493,"EndgameCleansedBonus"
5494,"DisplaySpearThrow"
5495,"RabbitWisp"
5496,"ProjectileDamageIfMeleeHitRecently"
5497,"MeleeDamageIfProjectileHitRecently"
5498,"StunThresholdDuringParry"
5499,"VolatilityOnKillChance"
5500,"CompanionDamage"
5501,"CompanionLife"
5502,"HazardDamage"
5503,"IncisionChance"
5504,"BannerValourGained"
5505,"BannerArea"
5506,"BannerDuration"
5507,"EssenceGrantedPassive"
5508,"CursesNeverExpire"
