"rownum","Id","Name","Metadata","rid","NPCMasterKey","ShortName","i32","NPCAudios1","NPCAudios2","i32","i32","i32","i32","i32","rid","i32","i32","i32","i32","i32","i32","i32","i32"
0,"Metadata/NPC/Act1/Tarkleigh","Tarkleigh","Metadata/NPC/NPC","","","",1,[0],[1],-16889959,-16843010,-16843010,-16843010,-16843010,"",-16843010,130814,0,0,0,-1610612736,0,0
1,"Metadata/NPC/Act1/Nessa","Nessa","Metadata/NPC/NPC","","","",1,[2],[3],-16892253,-16843010,-16843010,-16843010,-16843010,"",-16843010,184680190,0,0,0,100663296,1,0
2,"Metadata/NPC/Act1/Bestel","Bestel","Metadata/NPC/NPC","","","",1,[4],[],-16851800,-16843010,-16843010,-16843010,-16843010,"",-16843010,-33423618,-16843010,-16843010,-16843010,-1593901314,0,0
3,"Metadata/NPC/Act1/Doorman","Doorman","Metadata/NPC/NPC","","","",1,[],[],-16876457,-16843010,-16843010,-16843010,-16843010,"",-16843010,-33423618,-16843010,-16843010,-16843010,-1593901314,0,0
4,"Metadata/NPC/Act1/Fairgraves","Captain Fairgraves","Metadata/NPC/NPC","","","Fairgraves",1,[],[5],-16868568,-16843010,-16843010,-16843010,-16843010,"",-16843010,-33423618,-16843010,-16843010,-16843010,-1593901314,0,0
5,"Metadata/Monsters/Skeletons/SkeletonBossFairgraves","Captain Fairgraves","Metadata/Monsters/Skeletons/SkeletonBossEmerge","","","Fairgraves",0,[],[],-16860985,-16843010,-16843010,-16843010,-16843010,"",-16843010,-33423618,-16843010,-16843010,-16843010,-1593901314,0,0
6,"Metadata/NPC/Act1/WoundedExile","Dying Exile","Metadata/NPC/NPC","","","",1,[],[],-16859668,-16843010,-16843010,-16843010,-16843010,"",-16843010,-33423618,-16843010,-16843010,-16843010,-1593901314,0,0
7,"Metadata/NPC/Act1/Brutus","Brutus, the Warden","Metadata/NPC/NPC","","","Brutus",1,[],[],-16863253,-16843010,-16843010,-16843010,-16843010,"",-16843010,-33423618,-16843010,-16843010,-16843010,-1593901314,0,0
8,"Metadata/NPC/Act1/Merveil","Merveil","Metadata/NPC/NPC","","","",1,[],[],-16887641,-16843010,-16843010,-16843010,-16843010,"",-16843010,-33423618,-16843010,-16843010,-16843010,117374718,1,0
9,"Metadata/NPC/Act2/Eramir","Eramir","Metadata/NPC/NPC","","","",2,[6],[7],-16903013,-16843010,-16843010,-16843010,-16843010,"",-16843010,-33423618,-16843010,-16843010,-16843010,-1593901314,0,0
10,"Metadata/NPC/Act2/Yeena","Yeena","Metadata/NPC/NPC","","","",2,[8],[9],-16908222,-16843010,-16843010,-16843010,-16843010,"",-16843010,201457406,0,0,0,100663296,1,0
11,"Metadata/NPC/Act2/Greust","Greust","Metadata/NPC/NPC","","","",2,[10],[11],-16847977,-16843010,-16843010,-16843010,-16843010,"",-16843010,16908030,0,0,0,-1610612736,0,0
12,"Metadata/NPC/Act2/Silk","Silk","Metadata/NPC/NPC","","","",2,[12],[],-16848024,-16843010,-16843010,-16843010,-16843010,"",-16843010,-33423618,-16843010,-16843010,-16843010,-1593901314,0,0
13,"Metadata/Monsters/BanditLeaderInt/BanditLeaderAlira","Alira","Metadata/NPC/NPC","","","",2,[],[],-16855426,-16843010,-16843010,-16843010,-16843010,"",-16843010,-33423618,-16843010,-16843010,-16843010,117374718,1,0
14,"Metadata/Monsters/BanditLeaderInt/BanditLeaderAliraGauntlet","Alira","Metadata/NPC/NPC","","","",2,[],[],-16881444,-16843010,-16843010,-16843010,-16843010,"",-16843010,-33423618,-16843010,-16843010,-16843010,117374718,1,0
15,"Metadata/Monsters/BanditLeaderDexInt/BanditLeaderKraityn","Kraityn","Metadata/NPC/NPC","","","",2,[],[],-16886216,-16843010,-16843010,-16843010,-16843010,"",-16843010,-33423618,-16843010,-16843010,-16843010,-1593901314,0,0
16,"Metadata/Monsters/BanditLeaderDexInt/BanditLeaderKraitynGauntlet","Kraityn","Metadata/NPC/NPC","","","",2,[],[],-16843759,-16843010,-16843010,-16843010,-16843010,"",-16843010,-33423618,-16843010,-16843010,-16843010,-1593901314,0,0
17,"Metadata/Monsters/BanditLeaderStrDex/BanditLeaderOak","Oak","Metadata/NPC/NPC","","","",2,[],[],-16901969,-16843010,-16843010,-16843010,-16843010,"",-16843010,-33423618,-16843010,-16843010,-16843010,-1593901314,0,0
18,"Metadata/Monsters/LeagueAffliction/AfflictionDemonBossPhysicalWildOakGauntlet","Definitely Oak","Metadata/NPC/NPC","","","",2,[],[],-16852155,-16843010,-16843010,-16843010,-16843010,"",-16843010,-33423618,-16843010,-16843010,-16843010,-1593901314,0,0
19,"Metadata/NPC/Act3/Hargan","Hargan","Metadata/NPC/NPC","","","",3,[14],[15],-16853580,-16843010,-16843010,-16843010,-16843010,"",-16843010,33685246,0,0,0,-1610612736,0,0
20,"Metadata/NPC/Act3/Dialla","Lady Dialla","Metadata/NPC/NPC","","","Dialla",3,[16],[17],-16895990,-16843010,-16843010,-16843010,-16843010,"",-16843010,-33423618,-16843010,-16843010,-16843010,117374718,1,0
21,"Metadata/NPC/Act3/DiallaTower","Lady Dialla","Metadata/NPC/NPC","","","Dialla",3,[16],[],-16906450,-16843010,-16843010,-16843010,-16843010,"",-16843010,-33423618,-16843010,-16843010,-16843010,117374718,1,0
22,"Metadata/NPC/Act3/Maramoa","Maramoa","Metadata/NPC/NPC",843,"","",3,[18],[19],-16887800,-16843010,-16843010,-16843010,-16843010,"",-16843010,-33423618,-16843010,-16843010,-16843010,117374718,1,0
23,"Metadata/NPC/Act3/Grigor","Grigor","Metadata/NPC/NPC","","","",3,[20],[21],-16850398,-16843010,-16843010,-16843010,-16843010,"",-16843010,-33423618,-16843010,-16843010,-16843010,-1593901314,0,0
24,"Metadata/NPC/Act3/ClarissaTown","Clarissa","Metadata/NPC/NPC","","","",3,[22],[23],-16875668,-16843010,-16843010,-16843010,-16843010,"",-16843010,218234622,0,0,0,100663296,1,0
25,"Metadata/NPC/Act3/ClarissaSlums","Clarissa","Metadata/NPC/NPC","","","",3,[],[],-16849946,-16843010,-16843010,-16843010,-16843010,"",-16843010,-33423618,-16843010,-16843010,-16843010,117374718,1,0
26,"Metadata/NPC/Info/PrisonDiary","Shavronne's Journal","Metadata/NPC/Info/StoryGlyphBase",542,"","",1,[],[],-16897554,-16843010,-16843010,-16843010,-16843010,"",-16843010,-33423618,-16843010,-16843010,-16843010,2097086206,0,0
27,"Metadata/NPC/Act2/HelenaTown","Helena","Metadata/NPC/NPC","",3,"",2,[24],[25],-16889347,-16843010,-16843010,-16843010,-16843010,"",-16843010,-33423618,-16843010,-16843010,-16843010,117374718,1,0
28,"Metadata/NPC/Act2/HelenaSins","Helena","Metadata/NPC/NPC","",3,"",2,[],[],-16885361,-16843010,-16843010,-16843010,-16843010,"",-16843010,-33423618,-16843010,-16843010,-16843010,117374718,1,0
29,"Metadata/NPC/Act3/Siosa","Siosa","Metadata/NPC/NPC",844,"","",3,[26],[27],-16903600,-16843010,-16843010,-16843010,-16843010,"",-16843010,520224510,0,0,0,-1610612736,0,0
30,"Metadata/NPC/Act3/Fairgraves","Captain Fairgraves","Metadata/NPC/NPC","","","Fairgraves",3,[28],[],-16873858,-16843010,-16843010,-16843010,-16843010,"",-16843010,-33423618,-16843010,-16843010,-16843010,-1593901314,0,0
31,"Metadata/NPC/Piety","Piety","Metadata/NPC/NPC","","","",0,[],[],-16882219,-16843010,-16843010,-16843010,-16843010,"",-16843010,-33423618,-16843010,-16843010,-16843010,117374718,1,0
32,"Metadata/NPC/Gravicius","Gravicius","Metadata/NPC/NPC","","","",0,[],[],-16904119,-16843010,-16843010,-16843010,-16843010,"",-16843010,-33423618,-16843010,-16843010,-16843010,-1593901314,0,0
33,"Metadata/NPC/Dominus","Dominus","Metadata/NPC/NPC","","","",0,[],[],-16906352,-16843010,-16843010,-16843010,-16843010,"",-16843010,-33423618,-16843010,-16843010,-16843010,-1593901314,0,0
34,"Metadata/NPC/Act4/Kaom","King Kaom","Metadata/NPC/NPC","","","Kaom",0,[],[],-16860715,-16843010,-16843010,-16843010,-16843010,"",-16843010,-33423618,-16843010,-16843010,-16843010,-1593901314,0,0
35,"Metadata/NPC/Act4/Maligaro","Maligaro, the Inquisitor","Metadata/NPC/NPC","","","Maligaro",0,[],[],-16858324,-16843010,-16843010,-16843010,-16843010,"",-16843010,-33423618,-16843010,-16843010,-16843010,-1593901314,0,0
36,"Metadata/NPC/Act4/Shavronne","Shavronne","Metadata/NPC/NPC","","","",0,[],[],-16891156,-16843010,-16843010,-16843010,-16843010,"",-16843010,-33423618,-16843010,-16843010,-16843010,117374718,1,0
37,"Metadata/NPC/Act4/Malachai","Malachai","Metadata/NPC/NPC","","","",0,[],[],-16863489,-16843010,-16843010,-16843010,-16843010,"",-16843010,-33423618,-16843010,-16843010,-16843010,-1593901314,0,0
38,"Metadata/NPC/Act4/Daresso","Daresso","Metadata/NPC/NPC","","","",0,[],[],-16893182,-16843010,-16843010,-16843010,-16843010,"",-16843010,-33423618,-16843010,-16843010,-16843010,-1593901314,0,0
39,"Metadata/NPC/Oba","Oba","Metadata/NPC/NPC","","","",0,[],[],-16900213,-16843010,-16843010,-16843010,-16843010,"",-16843010,-33423618,-16843010,-16843010,-16843010,-1593901314,0,0
40,"Metadata/NPC/Info/ArteriLetter","Arteri's Letter","Metadata/NPC/Info/StoryGlyphBase",1903,"","",2,[],[],-16852382,-16843010,-16843010,-16843010,-16843010,"",-16843010,-33423618,-16843010,-16843010,-16843010,2097086206,0,0
41,"Metadata/NPC/Info/BeachEncampmentNotes","Letters of Exile","Metadata/NPC/Info/StoryGlyphBase","","","",1,[],[],-16897995,-16843010,-16843010,-16843010,-16843010,"",-16843010,-33423618,-16843010,-16843010,-16843010,2097086206,0,0
42,"Metadata/NPC/Info/Karui/Stone1","Weathered Carving","Metadata/NPC/Info/StoryGlyphBase",535,"","",1,[],[],-16864164,-16843010,-16843010,-16843010,-16843010,"",-16843010,-33423618,-16843010,-16843010,-16843010,2097086206,0,0
43,"Metadata/NPC/Info/Karui/Stone2","Weathered Carving","Metadata/NPC/Info/StoryGlyphBase",536,"","",1,[],[],-16884180,-16843010,-16843010,-16843010,-16843010,"",-16843010,-33423618,-16843010,-16843010,-16843010,2097086206,0,0
44,"Metadata/NPC/Info/Karui/Stone3","Weathered Carving","Metadata/NPC/Info/StoryGlyphBase",537,"","",1,[],[],-16845307,-16843010,-16843010,-16843010,-16843010,"",-16843010,-33423618,-16843010,-16843010,-16843010,2097086206,0,0
45,"Metadata/NPC/Info/Karui/Stone4","Weathered Carving","Metadata/NPC/Info/StoryGlyphBase",538,"","",1,[],[],-16881559,-16843010,-16843010,-16843010,-16843010,"",-16843010,-33423618,-16843010,-16843010,-16843010,2097086206,0,0
46,"Metadata/NPC/Info/Karui/Stone5","Weathered Carving","Metadata/NPC/Info/StoryGlyphBase",539,"","",1,[],[],-16907270,-16843010,-16843010,-16843010,-16843010,"",-16843010,-33423618,-16843010,-16843010,-16843010,2097086206,0,0
47,"Metadata/NPC/Info/Karui/Stone6","Weathered Carving","Metadata/NPC/Info/StoryGlyphBase",540,"","",1,[],[],-16878310,-16843010,-16843010,-16843010,-16843010,"",-16843010,-33423618,-16843010,-16843010,-16843010,2097086206,0,0
48,"Metadata/NPC/Info/Karui/Stone7","Weathered Carving","Metadata/NPC/Info/StoryGlyphBase",541,"","",1,[],[],-16880924,-16843010,-16843010,-16843010,-16843010,"",-16843010,-33423618,-16843010,-16843010,-16843010,2097086206,0,0
49,"Metadata/NPC/Info/Victario/GraffitiIntro","Ancient Graffiti","Metadata/NPC/Info/VictarioGraffitiLarger",543,"","",3,[],[],-16879289,-16843010,-16843010,-16843010,-16843010,"",-16843010,-33423618,-16843010,-16843010,-16843010,2097086206,0,0
50,"Metadata/NPC/Info/Victario/GraffitiSlum","Ancient Graffiti","Metadata/NPC/Info/VictarioGraffitiLarger",544,"","",3,[],[],-16879431,-16843010,-16843010,-16843010,-16843010,"",-16843010,-33423618,-16843010,-16843010,-16843010,2097086206,0,0
51,"Metadata/NPC/Info/Victario/GraffitiWarehouse","Ancient Graffiti","Metadata/NPC/Info/VictarioGraffitiLarger",545,"","",3,[],[],-16901982,-16843010,-16843010,-16843010,-16843010,"",-16843010,-33423618,-16843010,-16843010,-16843010,2097086206,0,0
52,"Metadata/NPC/Info/Victario/GraffitiBattlefront","Ancient Graffiti","Metadata/NPC/Info/VictarioGraffitiLarger",546,"","",3,[],[],-16904694,-16843010,-16843010,-16843010,-16843010,"",-16843010,-33423618,-16843010,-16843010,-16843010,2097086206,0,0
53,"Metadata/NPC/Info/Victario/GraffitiDocks","Ancient Graffiti","Metadata/NPC/Info/VictarioGraffiti",547,"","",3,[],[],-16890676,-16843010,-16843010,-16843010,-16843010,"",-16843010,-33423618,-16843010,-16843010,-16843010,2097086206,0,0
54,"Metadata/NPC/Info/Victario/GraffitiChurch","Ancient Graffiti","Metadata/NPC/Info/VictarioGraffiti",548,"","",3,[],[],-16844410,-16843010,-16843010,-16843010,-16843010,"",-16843010,-33423618,-16843010,-16843010,-16843010,2097086206,0,0
55,"Metadata/NPC/Info/Victario/Notebook","Ancient Notebook","Metadata/NPC/Info/VictarioGraffiti",549,"","",3,[],[],-16871863,-16843010,-16843010,-16843010,-16843010,"",-16843010,-33423618,-16843010,-16843010,-16843010,2097086206,0,0
56,"Metadata/NPC/Info/MerveilSkin","Sailor's Skin","Metadata/NPC/Info/StoryGlyphBase",883,"","",1,[],[],-16869702,-16843010,-16843010,-16843010,-16843010,"",-16843010,-33423618,-16843010,-16843010,-16843010,2097086206,0,0
57,"Metadata/NPC/Info/MerveilDiary","Damp Diary","Metadata/NPC/Info/MerveilDiary",884,"","",1,[],[],-16861448,-16843010,-16843010,-16843010,-16843010,"",-16843010,-33423618,-16843010,-16843010,-16843010,2097086206,0,0
58,"Metadata/NPC/Act3/Scion","Scion","Metadata/NPC/NPC","","","",0,[],[],-16905125,-16843010,-16843010,-16843010,-16843010,"",-16843010,-33423618,-16843010,-16843010,-16843010,117374718,1,0
59,"Metadata/NPC/Info/MapDevice","Reverie Device","Metadata/NPC/Info/StoryGlyphBase","","","",3,[],[],-16850161,-16843010,-16843010,-16843010,-16843010,"",-16843010,-33423618,-16843010,-16843010,-16843010,2097086206,0,0
60,"Metadata/NPC/Info/MapDeviceOld","Ancient Reverie Device","Metadata/NPC/Info/StoryGlyphBase","","","",2,[],[],-16884041,-16843010,-16843010,-16843010,-16843010,"",-16843010,-33423618,-16843010,-16843010,-16843010,2097086206,0,0
61,"Metadata/NPC/Info/GemCart","Transmutia Device","Metadata/NPC/Info/StoryGlyphBase","","","",2,[],[],-16858210,-16843010,-16843010,-16843010,-16843010,"",-16843010,-33423618,-16843010,-16843010,-16843010,2097086206,0,0
62,"Metadata/NPC/Info/LibraryGaribaldi1","The Purity Chronicles","Metadata/NPC/Info/StoryGlyphBase","","","",3,[],[],-16873870,-16843010,-16843010,-16843010,-16843010,"",-16843010,-33423618,-16843010,-16843010,-16843010,2097086206,0,0
63,"Metadata/NPC/Info/LibraryGaribaldi2","The Purity Chronicles","Metadata/NPC/Info/StoryGlyphBase","","","",3,[],[],-16907144,-16843010,-16843010,-16843010,-16843010,"",-16843010,-33423618,-16843010,-16843010,-16843010,2097086206,0,0
64,"Metadata/NPC/Info/LibraryGaribaldi3","The Purity Chronicles","Metadata/NPC/Info/StoryGlyphBase","","","",3,[],[],-16844382,-16843010,-16843010,-16843010,-16843010,"",-16843010,-33423618,-16843010,-16843010,-16843010,2097086206,0,0
65,"Metadata/NPC/Info/LibraryGaribaldi4","The Purity Chronicles","Metadata/NPC/Info/StoryGlyphBase","","","",3,[],[],-16863570,-16843010,-16843010,-16843010,-16843010,"",-16843010,-33423618,-16843010,-16843010,-16843010,2097086206,0,0
66,"Metadata/NPC/Info/LibraryGaribaldi5","The Purity Chronicles","Metadata/NPC/Info/StoryGlyphBase","","","",3,[],[],-16847731,-16843010,-16843010,-16843010,-16843010,"",-16843010,-33423618,-16843010,-16843010,-16843010,2097086206,0,0
67,"Metadata/NPC/Info/LibraryGaribaldi6","The Purity Chronicles","Metadata/NPC/Info/StoryGlyphBase","","","",3,[],[],-16899218,-16843010,-16843010,-16843010,-16843010,"",-16843010,-33423618,-16843010,-16843010,-16843010,2097086206,0,0
68,"Metadata/NPC/Info/LibraryVictario1","Victario's Writings","Metadata/NPC/Info/StoryGlyphBase","","","",3,[],[],-16890542,-16843010,-16843010,-16843010,-16843010,"",-16843010,-33423618,-16843010,-16843010,-16843010,2097086206,0,0
69,"Metadata/NPC/Info/LibraryVictario2","Victario's Writings","Metadata/NPC/Info/StoryGlyphBase","","","",3,[],[],-16895732,-16843010,-16843010,-16843010,-16843010,"",-16843010,-33423618,-16843010,-16843010,-16843010,2097086206,0,0
70,"Metadata/NPC/Info/LibraryVictario3","Victario's Writings","Metadata/NPC/Info/StoryGlyphBase","","","",3,[],[],-16851785,-16843010,-16843010,-16843010,-16843010,"",-16843010,-33423618,-16843010,-16843010,-16843010,2097086206,0,0
71,"Metadata/NPC/Info/LibraryVictario4","Victario's Writings","Metadata/NPC/Info/StoryGlyphBase","","","",3,[],[],-16892969,-16843010,-16843010,-16843010,-16843010,"",-16843010,-33423618,-16843010,-16843010,-16843010,2097086206,0,0
72,"Metadata/NPC/Info/LibraryMilitary1","The Ancients","Metadata/NPC/Info/StoryGlyphBase","","","",3,[],[],-16848382,-16843010,-16843010,-16843010,-16843010,"",-16843010,-33423618,-16843010,-16843010,-16843010,2097086206,0,0
73,"Metadata/NPC/Info/LibraryMilitary2","The Ancients","Metadata/NPC/Info/StoryGlyphBase","","","",3,[],[],-16890527,-16843010,-16843010,-16843010,-16843010,"",-16843010,-33423618,-16843010,-16843010,-16843010,2097086206,0,0
74,"Metadata/NPC/Info/LibraryMilitary3","The Ancients","Metadata/NPC/Info/StoryGlyphBase","","","",3,[],[],-16883853,-16843010,-16843010,-16843010,-16843010,"",-16843010,-33423618,-16843010,-16843010,-16843010,2097086206,0,0
75,"Metadata/NPC/Info/LibraryMilitary4","The Ancients","Metadata/NPC/Info/StoryGlyphBase","","","",3,[],[],-16848576,-16843010,-16843010,-16843010,-16843010,"",-16843010,-33423618,-16843010,-16843010,-16843010,2097086206,0,0
76,"Metadata/NPC/Info/LibraryMilitary5","The Ancients","Metadata/NPC/Info/StoryGlyphBase","","","",3,[],[],-16871880,-16843010,-16843010,-16843010,-16843010,"",-16843010,-33423618,-16843010,-16843010,-16843010,2097086206,0,0
77,"Metadata/NPC/Info/LibraryMilitary6","The Ancients","Metadata/NPC/Info/StoryGlyphBase","","","",3,[],[],-16850222,-16843010,-16843010,-16843010,-16843010,"",-16843010,-33423618,-16843010,-16843010,-16843010,2097086206,0,0
78,"Metadata/NPC/Info/LibraryMilitary7","The Ancients","Metadata/NPC/Info/StoryGlyphBase","","","",3,[],[],-16842825,-16843010,-16843010,-16843010,-16843010,"",-16843010,-33423618,-16843010,-16843010,-16843010,2097086206,0,0
79,"Metadata/NPC/Info/MalachaiStatue","Plaque","Metadata/NPC/Info/StoryGlyphBase","","","",3,[],[],-16869695,-16843010,-16843010,-16843010,-16843010,"",-16843010,-33423618,-16843010,-16843010,-16843010,2097086206,0,0
80,"Metadata/NPC/Info/CrossroadsLoreChapel","Etchings on Wood IV","Metadata/NPC/Info/StoryGlyphBase","","","",2,[],[],-16895343,-16843010,-16843010,-16843010,-16843010,"",-16843010,-33423618,-16843010,-16843010,-16843010,2097086206,0,0
81,"Metadata/NPC/Info/CrossroadsLoreWindmill","Etchings on Wood III","Metadata/NPC/Info/StoryGlyphBase","","","",2,[],[],-16856780,-16843010,-16843010,-16843010,-16843010,"",-16843010,-33423618,-16843010,-16843010,-16843010,2097086206,0,0
82,"Metadata/NPC/Info/CrossroadsLoreVilla","Etchings on Wood I","Metadata/NPC/Info/StoryGlyphBase","","","",2,[],[],-16868919,-16843010,-16843010,-16843010,-16843010,"",-16843010,-33423618,-16843010,-16843010,-16843010,2097086206,0,0
83,"Metadata/NPC/Info/CrossroadsLoreVilla2","Etchings on Wood II","Metadata/NPC/Info/StoryGlyphBase","","","",2,[],[],-16858172,-16843010,-16843010,-16843010,-16843010,"",-16843010,-33423618,-16843010,-16843010,-16843010,2097086206,0,0
84,"Metadata/NPC/Info/HighgateNote","Note","Metadata/NPC/Info/HighgateNote",1904,"","",4,[],[],-16893132,-16843010,-16843010,-16843010,-16843010,"",-16843010,-33423618,-16843010,-16843010,-16843010,2097086206,0,0
85,"Metadata/NPC/Info/GeofriPlaque","Plaque","Metadata/NPC/Info/GeofriPlaque","","","",2,[],[],-16868964,-16843010,-16843010,-16843010,-16843010,"",-16843010,-33423618,-16843010,-16843010,-16843010,2097086206,0,0
86,"Metadata/NPC/Info/TallStones","Proclamation","Metadata/NPC/Info/StoryGlyphBase","","","",2,[],[],-16854271,-16843010,-16843010,-16843010,-16843010,"",-16843010,-33423618,-16843010,-16843010,-16843010,2097086206,0,0
87,"Metadata/NPC/Info/DaressoStatue1","Plaque","Metadata/NPC/Info/StoryGlyphBase","","","",4,[],[],-16862678,-16843010,-16843010,-16843010,-16843010,"",-16843010,-33423618,-16843010,-16843010,-16843010,2097086206,0,0
88,"Metadata/NPC/Info/DaressoStatue2","Plaque","Metadata/NPC/Info/StoryGlyphBase","","","",4,[],[],-16891692,-16843010,-16843010,-16843010,-16843010,"",-16843010,-33423618,-16843010,-16843010,-16843010,2097086206,0,0
89,"Metadata/NPC/Info/DaressoStatue3","Plaque","Metadata/NPC/Info/StoryGlyphBase","","","",4,[],[],-16904695,-16843010,-16843010,-16843010,-16843010,"",-16843010,-33423618,-16843010,-16843010,-16843010,2097086206,0,0
90,"Metadata/NPC/Info/KaomCarving1","Weathered Carving","Metadata/NPC/Info/StoryGlyphBase",845,"","",4,[],[],-16907724,-16843010,-16843010,-16843010,-16843010,"",-16843010,-33423618,-16843010,-16843010,-16843010,2097086206,0,0
91,"Metadata/NPC/Info/KaomCarving2","Weathered Carving","Metadata/NPC/Info/StoryGlyphBase",846,"","",4,[],[],-16867951,-16843010,-16843010,-16843010,-16843010,"",-16843010,-33423618,-16843010,-16843010,-16843010,2097086206,0,0
92,"Metadata/NPC/Info/KaomCarving3","Weathered Carving","Metadata/NPC/Info/StoryGlyphBase",847,"","",4,[],[],-16901804,-16843010,-16843010,-16843010,-16843010,"",-16843010,-33423618,-16843010,-16843010,-16843010,2097086206,0,0
93,"Metadata/NPC/Info/KaomCarving4","Weathered Carving","Metadata/NPC/Info/StoryGlyphBase",848,"","",4,[],[],-16907749,-16843010,-16843010,-16843010,-16843010,"",-16843010,-33423618,-16843010,-16843010,-16843010,2097086206,0,0
94,"Metadata/Chests/DescentChests/DescentChestNPC1","Chest 1","Metadata/Chests/DescentChests/DescentChestNPC1","","","",0,[],[],-16903350,-16843010,-16843010,-16843010,-16843010,"",-16843010,-33423618,-16843010,-16843010,-16843010,2097086206,0,0
95,"Metadata/Chests/DescentChests/DescentChestNPC2","Chest 2","Metadata/Chests/DescentChests/DescentChestNPC2","","","",0,[],[],-16904634,-16843010,-16843010,-16843010,-16843010,"",-16843010,-33423618,-16843010,-16843010,-16843010,2097086206,0,0
96,"Metadata/NPC/Info/LioneyesStandard","Lioneye's Standard","Metadata/NPC/Info/LioneyesStandard","","","",1,[],[],-16894117,-16843010,-16843010,-16843010,-16843010,"",-16843010,-33423618,-16843010,-16843010,-16843010,2097086206,0,0
97,"Metadata/NPC/Info/ResonatorInstructions","Resonator Instructions","Metadata/NPC/Info/StoryGlyphBase","","","",4,[],[],-16868969,-16843010,-16843010,-16843010,-16843010,"",-16843010,-33423618,-16843010,-16843010,-16843010,2097086206,0,0
98,"Metadata/NPC/Info/VollBookStand","Voll's Confession","Metadata/NPC/Info/VollBookStand","","","",4,[],[],-16863778,-16843010,-16843010,-16843010,-16843010,"",-16843010,-33423618,-16843010,-16843010,-16843010,2097086206,0,0
99,"Metadata/NPC/Info/MalachaiNotebook","Malachai's Notebook","Metadata/NPC/Info/MalachaiNotebook","","","",4,[],[],-16873892,-16843010,-16843010,-16843010,-16843010,"",-16843010,-33423618,-16843010,-16843010,-16843010,2097086206,0,0
100,"Metadata/NPC/Info/MalachaiSkinscrawl","Malachai's Dedication","Metadata/NPC/Info/StoryGlyphBase","","","",4,[],[],-16871027,-16843010,-16843010,-16843010,-16843010,"",-16843010,-33423618,-16843010,-16843010,-16843010,2097086206,0,0
101,"Metadata/NPC/Act4/Kira","Kira","Metadata/NPC/NPC","","","",4,[29],[30],-16892522,-16843010,-16843010,-16843010,-16843010,"",-16843010,50462462,0,0,0,100663296,1,0
102,"Metadata/NPC/Act4/Oyun","Oyun","Metadata/NPC/NPC","","","",4,[31],[32],-16880164,-16843010,-16843010,-16843010,-16843010,"",-16843010,-33423618,-16843010,-16843010,-16843010,117374718,1,0
103,"Metadata/NPC/Act4/PetarusVanja","Petarus and Vanja","Metadata/NPC/NPC","","","",4,[33],[34],-16904246,-16843010,-16843010,-16843010,-16843010,"",-16843010,235011838,0,0,0,-1409286144,38,0
104,"Metadata/NPC/Act4/DiallaAqueduct","Lady Dialla","Metadata/NPC/NPC","","","Dialla",4,[35],[36],-16850335,-16843010,-16843010,-16843010,-16843010,"",-16843010,-33423618,-16843010,-16843010,-16843010,117374718,1,0
105,"Metadata/NPC/Act4/DiallaTown","Lady Dialla","Metadata/NPC/NPC","","","Dialla",4,[35],[36],-16852182,-16843010,-16843010,-16843010,-16843010,"",-16843010,-33423618,-16843010,-16843010,-16843010,117374718,1,0
106,"Metadata/NPC/Act4/DiallaRapture","Lady Dialla","Metadata/NPC/NPC","","","Dialla",4,[37],[38],-16883836,-16843010,-16843010,-16843010,-16843010,"",-16843010,-33423618,-16843010,-16843010,-16843010,117374718,1,0
107,"Metadata/NPC/Act4/DiallaTownWithered","Dialla","Metadata/NPC/NPC","","","Dialla",4,[39],[40],-16907101,-16843010,-16843010,-16843010,-16843010,"",-16843010,-33423618,-16843010,-16843010,-16843010,117374718,1,0
108,"Metadata/NPC/Act4/PietyHarvest","Piety","Metadata/NPC/NPC","","","Piety",4,[],[],-16848547,-16843010,-16843010,-16843010,-16843010,"",-16843010,-33423618,-16843010,-16843010,-16843010,117374718,1,0
109,"Metadata/NPC/Act4/PietyBelly","Piety","Metadata/NPC/NPC",914,"","Piety",4,[],[],-16904989,-16843010,-16843010,-16843010,-16843010,"",-16843010,-33423618,-16843010,-16843010,-16843010,117374718,1,0
110,"Metadata/NPC/Act4/Tasuni","Tasuni","Metadata/NPC/NPC","","","",4,[41],[42],-16848961,-16843010,-16843010,-16843010,-16843010,"",-16843010,-33423618,-16843010,-16843010,-16843010,-1593901314,0,0
111,"Metadata/NPC/Missions/Dex","Tora, Master of the Hunt","Metadata/NPC/NPC","","","Tora",0,[43],[],-16861988,-16843010,-16843010,-16843010,-16843010,"",-16843010,-33423618,-16843010,-16843010,-16843010,117374718,1,0
112,"Metadata/NPC/Missions/Int","Catarina, Master of the Dead","Metadata/NPC/NPC","","","Catarina",0,[44],[],-16886623,-16843010,-16843010,-16843010,-16843010,"",-16843010,-33423618,-16843010,-16843010,-16843010,117374718,1,0
113,"Metadata/NPC/Missions/Str","Haku, Armourmaster","Metadata/NPC/NPC","","","Haku",0,[45],[],-16881598,-16843010,-16843010,-16843010,-16843010,"",-16843010,-33423618,-16843010,-16843010,-16843010,-1593901314,0,0
114,"Metadata/NPC/Missions/DexInt","Vorici, Master Assassin","Metadata/NPC/NPC","","","Vorici",0,[46],[],-16854977,-16843010,-16843010,-16843010,-16843010,"",-16843010,-33423618,-16843010,-16843010,-16843010,-1593901314,0,0
115,"Metadata/NPC/Missions/StrDex","Vagan, Weaponmaster","Metadata/NPC/NPC","","","Vagan",0,[47],[],-16850119,-16843010,-16843010,-16843010,-16843010,"",-16843010,-33423618,-16843010,-16843010,-16843010,-1593901314,0,0
116,"Metadata/NPC/Missions/StrInt","Elreon, Loremaster","Metadata/NPC/NPC","","","Elreon",0,[48],[],-16844057,-16843010,-16843010,-16843010,-16843010,"",-16843010,-33423618,-16843010,-16843010,-16843010,-1593901314,0,0
117,"Metadata/NPC/Missions/StrDexInt","Zana, Master Cartographer","Metadata/NPC/NPC","",6,"Zana",0,[49],[50],-16876497,-16843010,-16843010,-16843010,-16843010,"",-16843010,-33423618,-16843010,-16843010,-16843010,117374718,1,0
118,"Metadata/NPC/Missions/PvP","Leo, Master of the Arena","Metadata/NPC/NPC","","","Leo",0,[53],[54],-16882936,-16843010,-16843010,-16843010,-16843010,"",-16843010,-33423618,-16843010,-16843010,-16843010,-1593901314,0,0
119,"Metadata/NPC/Missions/Wild/Dex","Tora, Master of the Hunt","Metadata/NPC/NPC","","","Tora",0,[],[],-16900132,-16843010,-16843010,-16843010,-16843010,"",-16843010,-33423618,-16843010,-16843010,-16843010,117374718,1,0
120,"Metadata/NPC/Missions/Wild/Int","Catarina, Master of the Dead","Metadata/NPC/NPC","","","Catarina",0,[],[],-16852783,-16843010,-16843010,-16843010,-16843010,"",-16843010,-33423618,-16843010,-16843010,-16843010,117374718,1,0
121,"Metadata/NPC/Missions/Wild/Str","Haku, Armourmaster","Metadata/NPC/NPC","","","Haku",0,[],[],-16867567,-16843010,-16843010,-16843010,-16843010,"",-16843010,-33423618,-16843010,-16843010,-16843010,-1593901314,0,0
122,"Metadata/NPC/Missions/Wild/DexInt","Vorici, Master Assassin","Metadata/NPC/NPC","","","Vorici",0,[],[],-16889911,-16843010,-16843010,-16843010,-16843010,"",-16843010,-33423618,-16843010,-16843010,-16843010,-1593901314,0,0
123,"Metadata/NPC/Missions/Wild/StrDex","Vagan, Weaponmaster","Metadata/NPC/NPC","","","Vagan",0,[],[],-16879368,-16843010,-16843010,-16843010,-16843010,"",-16843010,-33423618,-16843010,-16843010,-16843010,-1593901314,0,0
124,"Metadata/NPC/Missions/Wild/StrInt","Elreon, Loremaster","Metadata/NPC/NPC","","","Elreon",0,[],[],-16899395,-16843010,-16843010,-16843010,-16843010,"",-16843010,-33423618,-16843010,-16843010,-16843010,-1593901314,0,0
125,"Metadata/NPC/Missions/Wild/StrDexInt","Zana, Master Cartographer","Metadata/NPC/NPC","",6,"Zana",0,[49],[50],-16846097,-16843010,-16843010,-16843010,-16843010,"",-16843010,-33423618,-16843010,-16843010,-16843010,117374718,1,0
126,"Metadata/NPC/Missions/Wild/Fish","Krillson, Master Fisherman","Metadata/NPC/NPC","","","Krillson",0,[],[],-16845209,-16843010,-16843010,-16843010,-16843010,"",-16843010,-33423618,-16843010,-16843010,-16843010,-1593901314,0,0
127,"Metadata/NPC/Missions/Hideout/Dex","Tora, Master of the Hunt","Metadata/NPC/NPC","","","Tora",0,[43],[],-16866965,-16843010,-16843010,-16843010,-16843010,"",-16843010,-33423618,-16843010,-16843010,-16843010,117374718,1,0
128,"Metadata/NPC/Missions/Hideout/Int","Catarina, Master of the Dead","Metadata/NPC/NPC","","","Catarina",0,[44],[],-16844368,-16843010,-16843010,-16843010,-16843010,"",-16843010,-33423618,-16843010,-16843010,-16843010,117374718,1,0
129,"Metadata/NPC/Missions/Hideout/Str","Haku, Armourmaster","Metadata/NPC/NPC","","","Haku",0,[45],[],-16886481,-16843010,-16843010,-16843010,-16843010,"",-16843010,-33423618,-16843010,-16843010,-16843010,-1593901314,0,0
130,"Metadata/NPC/Missions/Hideout/DexInt","Vorici, Master Assassin","Metadata/NPC/NPC","","","Vorici",0,[46],[],-16899290,-16843010,-16843010,-16843010,-16843010,"",-16843010,-33423618,-16843010,-16843010,-16843010,-1593901314,0,0
131,"Metadata/NPC/Missions/Hideout/StrDex","Vagan, Weaponmaster","Metadata/NPC/NPC","","","Vagan",0,[47],[],-16846846,-16843010,-16843010,-16843010,-16843010,"",-16843010,-33423618,-16843010,-16843010,-16843010,-1593901314,0,0
132,"Metadata/NPC/Missions/Hideout/StrInt","Elreon, Loremaster","Metadata/NPC/NPC","","","Elreon",0,[48],[],-16902577,-16843010,-16843010,-16843010,-16843010,"",-16843010,-33423618,-16843010,-16843010,-16843010,-1593901314,0,0
133,"Metadata/NPC/Missions/Hideout/StrDexInt","Zana, Master Cartographer","Metadata/NPC/NPC","",6,"Zana",0,[49],[50],-16873324,-16843010,-16843010,-16843010,-16843010,"",-16843010,-33423618,-16843010,-16843010,-16843010,117374718,1,0
134,"Metadata/NPC/Missions/Hideout/StrDexIntDemo","Zana, Master Cartographer","Metadata/NPC/Missions/Hideout/StrDexInt","",6,"Zana",0,[],[],-16871599,-16843010,-16843010,-16843010,-16843010,"",-16843010,-33423618,-16843010,-16843010,-16843010,117374718,1,0
135,"Metadata/NPC/Missions/Hideout/PvP","Leo, Master of the Arena","Metadata/NPC/NPC","","","Leo",0,[53],[54],-16850582,-16843010,-16843010,-16843010,-16843010,"",-16843010,-33423618,-16843010,-16843010,-16843010,-1593901314,0,0
136,"Metadata/NPC/Labyrinth/LabyrinthTrialGlyphPrison","Bronze Monograph","Metadata/NPC/Info/StoryGlyphBase",937,"","",1,[],[],-16863095,-16843010,-16843010,-16843010,-16843010,"",-16843010,-33423618,-16843010,-16843010,-16843010,2097086206,0,0
137,"Metadata/NPC/Labyrinth/LabyrinthTrialGlyphSins","Bronze Monograph","Metadata/NPC/Info/StoryGlyphBase",937,"","",2,[],[],-16898625,-16843010,-16843010,-16843010,-16843010,"",-16843010,-33423618,-16843010,-16843010,-16843010,2097086206,0,0
138,"Metadata/NPC/Labyrinth/LabyrinthTrialGlyphChurch","Bronze Monograph","Metadata/NPC/Info/StoryGlyphBase",937,"","",2,[],[],-16892391,-16843010,-16843010,-16843010,-16843010,"",-16843010,-33423618,-16843010,-16843010,-16843010,2097086206,0,0
139,"Metadata/NPC/Labyrinth/LabyrinthTrialGlyphCrematorium","Bronze Monograph","Metadata/NPC/Info/StoryGlyphBase",937,"","",3,[],[],-16862901,-16843010,-16843010,-16843010,-16843010,"",-16843010,-33423618,-16843010,-16843010,-16843010,2097086206,0,0
140,"Metadata/NPC/Labyrinth/LabyrinthTrialGlyphHedge","Bronze Monograph","Metadata/NPC/Info/StoryGlyphBase",937,"","",3,[],[],-16858364,-16843010,-16843010,-16843010,-16843010,"",-16843010,-33423618,-16843010,-16843010,-16843010,2097086206,0,0
141,"Metadata/NPC/Labyrinth/LabyrinthTrialGlyphCatacombs","Bronze Monograph","Metadata/NPC/Info/StoryGlyphBase",937,"","",3,[],[],-16905153,-16843010,-16843010,-16843010,-16843010,"",-16843010,-33423618,-16843010,-16843010,-16843010,2097086206,0,0
142,"Metadata/NPC/Labyrinth/LabyrinthGlyph0","Bronze Plaque","Metadata/NPC/Info/StoryGlyphBase","","","",-1,[],[],-16880424,-16843010,-16843010,-16843010,-16843010,"",-16843010,-33423618,-16843010,-16843010,-16843010,2097086206,0,0
143,"Metadata/NPC/Labyrinth/LabyrinthGlyph1","Bronze Inscription","Metadata/NPC/Info/StoryGlyphBase","","","",-1,[],[],-16863787,-16843010,-16843010,-16843010,-16843010,"",-16843010,-33423618,-16843010,-16843010,-16843010,2097086206,0,0
144,"Metadata/NPC/Labyrinth/LabyrinthGlyph2","Bronze Inscription","Metadata/NPC/Info/StoryGlyphBase","","","",-1,[],[],-16845498,-16843010,-16843010,-16843010,-16843010,"",-16843010,-33423618,-16843010,-16843010,-16843010,2097086206,0,0
145,"Metadata/NPC/Labyrinth/LabyrinthGlyph3","Bronze Inscription","Metadata/NPC/Info/StoryGlyphBase","","","",-1,[],[],-16843405,-16843010,-16843010,-16843010,-16843010,"",-16843010,-33423618,-16843010,-16843010,-16843010,2097086206,0,0
146,"Metadata/NPC/Labyrinth/LabyrinthGlyph4","Bronze Inscription","Metadata/NPC/Info/StoryGlyphBase","","","",-1,[],[],-16856052,-16843010,-16843010,-16843010,-16843010,"",-16843010,-33423618,-16843010,-16843010,-16843010,2097086206,0,0
147,"Metadata/NPC/Izaro","Izaro","Metadata/NPC/NPC","","","",0,[],[],-16847175,-16843010,-16843010,-16843010,-16843010,"",-16843010,-33423618,-16843010,-16843010,-16843010,-1593901314,0,0
148,"Metadata/NPC/Labyrinth/WeylinGlyph1","Poem","Metadata/NPC/Info/StoryGlyphSmall","","","",-1,[],[],-16888333,-16843010,-16843010,-16843010,-16843010,"",-16843010,-33423618,-16843010,-16843010,-16843010,2097086206,0,0
149,"Metadata/NPC/Labyrinth/WeylinGlyph2","Poem","Metadata/NPC/Info/StoryGlyphSmall","","","",-1,[],[],-16905394,-16843010,-16843010,-16843010,-16843010,"",-16843010,-33423618,-16843010,-16843010,-16843010,2097086206,0,0
150,"Metadata/NPC/Labyrinth/WeylinGlyph3","Poem","Metadata/NPC/Info/StoryGlyphSmall","","","",-1,[],[],-16864168,-16843010,-16843010,-16843010,-16843010,"",-16843010,-33423618,-16843010,-16843010,-16843010,2097086206,0,0
151,"Metadata/NPC/Labyrinth/WeylinGlyph4","Poem","Metadata/NPC/Info/StoryGlyphSmall","","","",-1,[],[],-16847284,-16843010,-16843010,-16843010,-16843010,"",-16843010,-33423618,-16843010,-16843010,-16843010,2097086206,0,0
152,"Metadata/NPC/Labyrinth/WeylinGlyph5","Poem","Metadata/NPC/Info/StoryGlyphSmall","","","",-1,[],[],-16889987,-16843010,-16843010,-16843010,-16843010,"",-16843010,-33423618,-16843010,-16843010,-16843010,2097086206,0,0
153,"Metadata/NPC/Info/MalachaiGlyphPrison","Letter of Instruction","Metadata/NPC/Info/StoryGlyphBase","","","",1,[],[],-16906055,-16843010,-16843010,-16843010,-16843010,"",-16843010,-33423618,-16843010,-16843010,-16843010,2097086206,0,0
154,"Metadata/NPC/Info/MalachaiScrollGrainGate","Official Orders","Metadata/NPC/Info/StoryGlyphBase","","","",8,[],[],-16852750,-16843010,-16843010,-16843010,-16843010,"",-16843010,-33423618,-16843010,-16843010,-16843010,2097086206,0,0
155,"Metadata/NPC/Info/MalachaiNoteDialla","Journal Entry","Metadata/NPC/Info/StoryGlyphBase","","","",3,[],[],-16901153,-16843010,-16843010,-16843010,-16843010,"",-16843010,-33423618,-16843010,-16843010,-16843010,2097086206,0,0
156,"Metadata/NPC/Info/MalachaiJournalLab","Malachai's Journal","Metadata/NPC/Info/StoryGlyphBase","","","",3,[],[],-16881040,-16843010,-16843010,-16843010,-16843010,"",-16843010,-33423618,-16843010,-16843010,-16843010,2097086206,0,0
157,"Metadata/NPC/Info/MalachaiLetterSceptre","Letter to Chitus","Metadata/NPC/Info/StoryGlyphBase","","","",3,[],[],-16905892,-16843010,-16843010,-16843010,-16843010,"",-16843010,-33423618,-16843010,-16843010,-16843010,2097086206,0,0
158,"Metadata/NPC/Rigwald","Rigwald","Metadata/NPC/NPC","","","",0,[],[],-16859362,-16843010,-16843010,-16843010,-16843010,"",-16843010,-33423618,-16843010,-16843010,-16843010,-1593901314,0,0
159,"Metadata/NPC/Info/RigwaldGlyph1","Inscription","Metadata/NPC/Info/StoryGlyphBase","","","",2,[],[],-16897537,-16843010,-16843010,-16843010,-16843010,"",-16843010,-33423618,-16843010,-16843010,-16843010,2097086206,0,0
160,"Metadata/NPC/Info/RigwaldGlyph2","Inscription","Metadata/NPC/Info/StoryGlyphBase","","","",2,[],[],-16872271,-16843010,-16843010,-16843010,-16843010,"",-16843010,-33423618,-16843010,-16843010,-16843010,2097086206,0,0
161,"Metadata/NPC/Info/RigwaldGlyph3","Inscription","Metadata/NPC/Info/StoryGlyphBase","","","",2,[],[],-16853165,-16843010,-16843010,-16843010,-16843010,"",-16843010,-33423618,-16843010,-16843010,-16843010,2097086206,0,0
162,"Metadata/NPC/Info/RigwaldGlyph4","Inscription","Metadata/NPC/Info/StoryGlyphBase","","","",2,[],[],-16846543,-16843010,-16843010,-16843010,-16843010,"",-16843010,-33423618,-16843010,-16843010,-16843010,2097086206,0,0
163,"Metadata/NPC/Info/RigwaldGlyph5","Inscription","Metadata/NPC/Info/StoryGlyphBase","","","",2,[],[],-16861505,-16843010,-16843010,-16843010,-16843010,"",-16843010,-33423618,-16843010,-16843010,-16843010,2097086206,0,0
164,"Metadata/NPC/Info/RigwaldGlyph6","Inscription","Metadata/NPC/Info/StoryGlyphBase","","","",2,[],[],-16903733,-16843010,-16843010,-16843010,-16843010,"",-16843010,-33423618,-16843010,-16843010,-16843010,2097086206,0,0
165,"Metadata/NPC/League/Perandus/Cadiro","Cadiro Perandus","Metadata/NPC/NPC","","","Cadiro",0,[55],[56],-16905166,-16843010,-16843010,-16843010,-16843010,"",-16843010,369229566,0,0,0,-1610612736,0,0
166,"Metadata/NPC/League/Prophecy/Navali","Navali","Metadata/NPC/NPC","","","",-1,[57],[58],-16905457,-16843010,-16843010,-16843010,-16843010,"",-16843010,-33423618,-16843010,-16843010,-16843010,117374718,1,0
167,"Metadata/NPC/League/Prophecy/ProphecyDarkTome","Dark Tome","Metadata/NPC/Info/StoryGlyphBase","","","",-1,[],[],-16877650,-16843010,-16843010,-16843010,-16843010,"",-16843010,-33423618,-16843010,-16843010,-16843010,2097086206,0,0
168,"Metadata/NPC/RigwaldMap","The Cursed King","Metadata/NPC/NPC","","","",0,[],[],-16849405,-16843010,-16843010,-16843010,-16843010,"",-16843010,-33423618,-16843010,-16843010,-16843010,-1593901314,0,0
169,"Metadata/NPC/RigwaldMapSimplified","Lycius, Midnight's Howl","Metadata/NPC/NPC","","","",0,[],[],-16907042,-16843010,-16843010,-16843010,-16843010,"",-16843010,-33423618,-16843010,-16843010,-16843010,-1593901314,0,0
170,"Metadata/NPC/League/Prophecy/NavaliWild","Navali","Metadata/NPC/NPC","","","",1,[57],[58],-16863768,-16843010,-16843010,-16843010,-16843010,"",-16843010,-33423618,-16843010,-16843010,-16843010,117374718,1,0
171,"Metadata/NPC/League/Prophecy/NavaliHideout","Navali","Metadata/NPC/NPC","","","",-1,[57],[58],-16891578,-16843010,-16843010,-16843010,-16843010,"",-16843010,-33423618,-16843010,-16843010,-16843010,117374718,1,0
172,"Metadata/NPC/League/Bestiary/EinharHideout","Einhar, Beastmaster","Metadata/NPC/NPC","",1,"Einhar",0,[75],[76],-16851406,-16843010,-16843010,-16843010,-16843010,"",0,385941504,0,0,0,-1610612736,0,0
173,"Metadata/Monsters/Masters/Einhar","Einhar, Beastmaster","Metadata/NPC/NPC","",1,"Einhar",2,[],[],-16846237,-16843010,-16843010,-16843010,-16843010,"",-16843010,-33423618,-16843010,-16843010,-16843010,-1593901314,0,0
174,"Metadata/NPC/League/Bestiary/Einhar","Einhar, Beastmaster","Metadata/NPC/NPC","",1,"Einhar",2,[75],[76],-16870609,-16843010,-16843010,-16843010,-16843010,"",0,385941504,0,0,0,-1610612736,0,0
175,"Metadata/NPC/League/Bestiary/EinharWild","Einhar, Beastmaster","Metadata/NPC/NPC","",1,"Einhar",2,[75],[76],-16856665,-16843010,-16843010,-16843010,-16843010,"",-16843010,386006782,0,0,0,-1610612736,0,0
176,"Metadata/NPC/League/Bestiary/EinharMenagerie","Einhar, Beastmaster","Metadata/NPC/NPC","",1,"Einhar",2,[75],[76],-16899495,-16843010,-16843010,-16843010,-16843010,"",-16843010,386006782,0,0,0,-1610612736,0,0
177,"Metadata/NPC/Epilogue/ZanaElderMid","Zana, Master Cartographer","Metadata/NPC/NPC","",6,"Zana",11,[],[],-16890569,-16843010,-16843010,-16843010,-16843010,"",-16843010,-33423618,-16843010,-16843010,-16843010,117374718,1,0
178,"Metadata/NPC/Epilogue/ZanaElder","Zana, Master Cartographer","Metadata/NPC/NPC","",6,"Zana",11,[],[],-16875398,-16843010,-16843010,-16843010,-16843010,"",-16843010,-33423618,-16843010,-16843010,-16843010,117374718,1,0
179,"Metadata/NPC/Epilogue/ZanaSecret","Zana, Master Cartographer","Metadata/NPC/NPC","",6,"Zana",11,[],[],-16846581,-16843010,-16843010,-16843010,-16843010,"",-16843010,-33423618,-16843010,-16843010,-16843010,117374718,1,0
180,"Metadata/NPC/Epilogue/ZanaShaper","Zana, Master Cartographer","Metadata/NPC/NPC","",6,"Zana",11,[],[],-16897254,-16843010,-16843010,-16843010,-16843010,"",-16843010,-33423618,-16843010,-16843010,-16843010,117374718,1,0
181,"Metadata/NPC/Shaper","The Shaper","Metadata/NPC/NPC","","","",0,[],[],-16899213,-16843010,-16843010,-16843010,-16843010,"",-16843010,-33423618,-16843010,-16843010,-16843010,-1593901314,0,0
182,"Metadata/NPC/Act5/Lani","Lani","Metadata/NPC/NPC","","","",5,[68],[69],-16877415,-16843010,-16843010,-16843010,-16843010,"",-16843010,251789054,0,0,0,100663296,1,0
183,"Metadata/NPC/Act5/Vilenta","Vilenta","Metadata/NPC/NPC","","","",5,[64],[65],-16904446,-16843010,-16843010,-16843010,-16843010,"",-16843010,-33423618,-16843010,-16843010,-16843010,117374718,1,0
184,"Metadata/NPC/Act5/Utula","Utula","Metadata/NPC/NPC","","","",5,[66],[67],-16865497,-16843010,-16843010,-16843010,-16843010,"",-16843010,67239678,0,0,0,-1610612736,0,0
185,"Metadata/NPC/Act5/BannonTown","Bannon","Metadata/NPC/NPC","","","",5,[62],[63],-16884031,-16843010,-16843010,-16843010,-16843010,"",-16843010,67239678,0,0,0,-1610612736,0,0
186,"Metadata/NPC/Act5/BannonInnocence","Bannon","Metadata/NPC/NPC","","","",5,[],[],-16890170,-16843010,-16843010,-16843010,-16843010,"",-16843010,-33423618,-16843010,-16843010,-16843010,-1593901314,0,0
187,"Metadata/NPC/Act5/SinInnocence","Sin","Metadata/NPC/NPC",3057,"","",5,[],[],-16901332,-16843010,-16843010,-16843010,-16843010,"",-16843010,-33423618,-16843010,-16843010,-16843010,-1593901314,0,0
188,"Metadata/NPC/Act5/SinKitava","Sin","Metadata/NPC/NPC","","","",5,[],[],-16870831,-16843010,-16843010,-16843010,-16843010,"",-16843010,-33423618,-16843010,-16843010,-16843010,-1593901314,0,0
189,"Metadata/NPC/Act5/Lilly","Lilly Roth","Metadata/NPC/NPC","","","Lilly",5,[153],[154],-16903781,-16843010,-16843010,-16843010,-16843010,"",-16843010,-33423618,-16843010,-16843010,-16843010,117374718,1,0
190,"Metadata/NPC/Act6/Tarkleigh","Tarkleigh","Metadata/NPC/Act1/Tarkleigh","","","",6,[0],[1],-16881139,-16843010,-16843010,-16843010,-16843010,"",-16843010,84016894,0,0,0,-1610612736,0,0
191,"Metadata/NPC/Act6/Bestel","Bestel","Metadata/NPC/Act1/Bestel","","","",6,[4],[],-16882776,-16843010,-16843010,-16843010,-16843010,"",-16843010,268566270,0,0,0,-1610612736,0,0
192,"Metadata/NPC/Act6/Lilly","Lilly Roth","Metadata/NPC/NPC","","","Lilly",6,[153],[154],-16861561,-16843010,-16843010,-16843010,-16843010,"",-16843010,553778942,0,0,0,100663296,1,0
193,"Metadata/NPC/Act6/WeylamBeacon","Weylam Roth","Metadata/NPC/NPC","","","Weylam",6,[],[],-16908102,-16843010,-16843010,-16843010,-16843010,"",-16843010,-33423618,-16843010,-16843010,-16843010,-1593901314,0,0
194,"Metadata/NPC/Act6/WeylamReef1","Weylam Roth","Metadata/NPC/NPC","","","Weylam",6,[],[],-16843872,-16843010,-16843010,-16843010,-16843010,"",-16843010,-33423618,-16843010,-16843010,-16843010,-1593901314,0,0
195,"Metadata/NPC/Act6/WeylamReef2","Weylam Roth","Metadata/NPC/NPC","","","Weylam",6,[],[],-16904607,-16843010,-16843010,-16843010,-16843010,"",-16843010,-33423618,-16843010,-16843010,-16843010,-1593901314,0,0
196,"Metadata/NPC/Act6/SinTown","Sin","Metadata/NPC/NPC",2390,"","",6,[72],[73],-16859875,-16843010,-16843010,-16843010,-16843010,"",-16843010,-33423618,-16843010,-16843010,-16843010,-1593901314,0,0
197,"Metadata/NPC/Act6/SinTukohama","Sin","Metadata/NPC/NPC",2395,"","",6,[72],[73],-16857014,-16843010,-16843010,-16843010,-16843010,"",-16843010,-33423618,-16843010,-16843010,-16843010,-1593901314,0,0
198,"Metadata/NPC/Act6/SinAbberath","Sin","Metadata/NPC/NPC",2537,"","",6,[72],[73],-16847835,-16843010,-16843010,-16843010,-16843010,"",-16843010,-33423618,-16843010,-16843010,-16843010,-1593901314,0,0
199,"Metadata/NPC/Act6/SinShavronne","Sin","Metadata/NPC/NPC","","","",6,[72],[73],-16895494,-16843010,-16843010,-16843010,-16843010,"",-16843010,-33423618,-16843010,-16843010,-16843010,-1593901314,0,0
200,"Metadata/NPC/Act6/SinRyslatha","Sin","Metadata/NPC/NPC",2538,"","",6,[72],[73],-16844069,-16843010,-16843010,-16843010,-16843010,"",-16843010,-33423618,-16843010,-16843010,-16843010,-1593901314,0,0
201,"Metadata/NPC/Act6/SinBrineKing","Sin","Metadata/NPC/NPC",2392,"","",6,[72],[73],-16885182,-16843010,-16843010,-16843010,-16843010,"",-16843010,-33423618,-16843010,-16843010,-16843010,-1593901314,0,0
202,"Metadata/NPC/Act6/NessaMudFlats","Nessa","Metadata/NPC/NPC","","","",6,[],[],-16874407,-16843010,-16843010,-16843010,-16843010,"",-16843010,-33423618,-16843010,-16843010,-16843010,117374718,1,0
203,"Metadata/NPC/Act6/NessaPrisonersGate","Nessa","Metadata/NPC/NPC","","","",6,[],[],-16869329,-16843010,-16843010,-16843010,-16843010,"",-16843010,-33423618,-16843010,-16843010,-16843010,117374718,1,0
204,"Metadata/NPC/Act6/NessaMerveilsCaverns","Nessa","Metadata/NPC/NPC","","","",6,[],[],-16900234,-16843010,-16843010,-16843010,-16843010,"",-16843010,-33423618,-16843010,-16843010,-16843010,117374718,1,0
205,"Metadata/NPC/Act6/NessaBrineKing","Nessa","Metadata/NPC/NPC","","","",6,[],[],-16880070,-16843010,-16843010,-16843010,-16843010,"",-16843010,-33423618,-16843010,-16843010,-16843010,117374718,1,0
206,"Metadata/NPC/League/Prophecy/NavaliMonkey","Yama the White","Metadata/NPC/NPC","","","",0,[],[],-16859611,-16843010,-16843010,-16843010,-16843010,"",-16843010,-33423618,-16843010,-16843010,-16843010,2097086206,0,0
207,"Metadata/NPC/Act6/Tukohama","Tukohama","Metadata/NPC/NPC","","","",6,[],[],-16849776,-16843010,-16843010,-16843010,-16843010,"",-16843010,-33423618,-16843010,-16843010,-16843010,-1593901314,0,0
208,"Metadata/NPC/Info/VaalLetters/VaalLetter_01","Vaal Letter","Metadata/NPC/Info/StoryGlyphBase","","","",-1,[],[],-16867188,-16843010,-16843010,-16843010,-16843010,"",-16843010,-33423618,-16843010,-16843010,-16843010,2097086206,0,0
209,"Metadata/NPC/Info/VaalLetters/VaalLetter_02","Vaal Letter","Metadata/NPC/Info/StoryGlyphBase","","","",-1,[],[],-16851446,-16843010,-16843010,-16843010,-16843010,"",-16843010,-33423618,-16843010,-16843010,-16843010,2097086206,0,0
210,"Metadata/NPC/Info/VaalLetters/VaalLetter_03","Vaal Letter","Metadata/NPC/Info/StoryGlyphBase","","","",-1,[],[],-16906436,-16843010,-16843010,-16843010,-16843010,"",-16843010,-33423618,-16843010,-16843010,-16843010,2097086206,0,0
211,"Metadata/NPC/Info/VaalLetters/VaalLetter_04","Vaal Letter","Metadata/NPC/Info/StoryGlyphBase","","","",-1,[],[],-16888226,-16843010,-16843010,-16843010,-16843010,"",-16843010,-33423618,-16843010,-16843010,-16843010,2097086206,0,0
212,"Metadata/NPC/Info/VaalLetters/VaalLetter_05","Vaal Letter","Metadata/NPC/Info/StoryGlyphBase","","","",-1,[],[],-16874157,-16843010,-16843010,-16843010,-16843010,"",-16843010,-33423618,-16843010,-16843010,-16843010,2097086206,0,0
213,"Metadata/NPC/Info/VaalLetters/VaalLetter_06","Vaal Letter","Metadata/NPC/Info/StoryGlyphBase","","","",-1,[],[],-16893762,-16843010,-16843010,-16843010,-16843010,"",-16843010,-33423618,-16843010,-16843010,-16843010,2097086206,0,0
214,"Metadata/NPC/Info/VaalLetters/VaalLetter_07","Vaal Letter","Metadata/NPC/Info/StoryGlyphBase","","","",-1,[],[],-16875267,-16843010,-16843010,-16843010,-16843010,"",-16843010,-33423618,-16843010,-16843010,-16843010,2097086206,0,0
215,"Metadata/NPC/Info/VaalLetters/VaalLetter_08","Vaal Letter","Metadata/NPC/Info/StoryGlyphBase","","","",-1,[],[],-16886440,-16843010,-16843010,-16843010,-16843010,"",-16843010,-33423618,-16843010,-16843010,-16843010,2097086206,0,0
216,"Metadata/NPC/Info/VaalLetters/VaalLetter_09","Vaal Letter","Metadata/NPC/Info/StoryGlyphBase","","","",-1,[],[],-16875511,-16843010,-16843010,-16843010,-16843010,"",-16843010,-33423618,-16843010,-16843010,-16843010,2097086206,0,0
217,"Metadata/NPC/Info/VaalLetters/VaalLetter_10","Vaal Letter","Metadata/NPC/Info/StoryGlyphBase","","","",-1,[],[],-16851311,-16843010,-16843010,-16843010,-16843010,"",-16843010,-33423618,-16843010,-16843010,-16843010,2097086206,0,0
218,"Metadata/NPC/Info/VaalLetters/VaalLetter_11","Vaal Letter","Metadata/NPC/Info/StoryGlyphBase","","","",-1,[],[],-16885120,-16843010,-16843010,-16843010,-16843010,"",-16843010,-33423618,-16843010,-16843010,-16843010,2097086206,0,0
219,"Metadata/NPC/Info/VaalLetters/VaalLetter_12","Vaal Letter","Metadata/NPC/Info/StoryGlyphBase","","","",-1,[],[],-16852271,-16843010,-16843010,-16843010,-16843010,"",-16843010,-33423618,-16843010,-16843010,-16843010,2097086206,0,0
220,"Metadata/NPC/Act7/SinTown","Sin","Metadata/NPC/NPC","","","",7,[72],[73],-16904202,-16843010,-16843010,-16843010,-16843010,"",-16843010,-33423618,-16843010,-16843010,-16843010,-1593901314,0,0
221,"Metadata/NPC/Act7/SinRalakesh","Sin","Metadata/NPC/NPC",2394,"","",7,[72],[73],-16856039,-16843010,-16843010,-16843010,-16843010,"",-16843010,-33423618,-16843010,-16843010,-16843010,-1593901314,0,0
222,"Metadata/NPC/Act7/SinGruthkul","Sin","Metadata/NPC/NPC",2396,"","",7,[72],[73],-16880573,-16843010,-16843010,-16843010,-16843010,"",-16843010,-33423618,-16843010,-16843010,-16843010,-1593901314,0,0
223,"Metadata/NPC/Act7/SinArakaali","Sin","Metadata/NPC/NPC",2398,"","",7,[72],[73],-16850195,-16843010,-16843010,-16843010,-16843010,"",-16843010,-33423618,-16843010,-16843010,-16843010,-1593901314,0,0
224,"Metadata/NPC/Act7/SinMaligaro","Sin","Metadata/NPC/NPC","","","",7,[72],[73],-16846560,-16843010,-16843010,-16843010,-16843010,"",-16843010,-33423618,-16843010,-16843010,-16843010,-1593901314,0,0
225,"Metadata/NPC/Act7/Weylam","Weylam Roth","Metadata/NPC/NPC","","","Weylam",7,[70],[71],-16843641,-16843010,-16843010,-16843010,-16843010,"",-16843010,-33423618,-16843010,-16843010,-16843010,-1593901314,0,0
226,"Metadata/NPC/Act7/YeenaTown","Yeena","Metadata/NPC/NPC","","","",7,[8],[9],-16856431,-16843010,-16843010,-16843010,-16843010,"",-16843010,285343486,0,0,0,100663296,1,0
227,"Metadata/NPC/Act7/YeenaVaalCity","Yeena","Metadata/NPC/NPC","","","",7,[],[],-16898447,-16843010,-16843010,-16843010,-16843010,"",-16843010,-33423618,-16843010,-16843010,-16843010,117374718,1,0
228,"Metadata/NPC/Act7/Eramir","Eramir","Metadata/NPC/NPC","","","",7,[6],[7],-16853884,-16843010,-16843010,-16843010,-16843010,"",-16843010,-33423618,-16843010,-16843010,-16843010,-1593901314,0,0
229,"Metadata/NPC/Act7/Helena","Helena","Metadata/NPC/NPC","",3,"",7,[24],[25],-16871841,-16843010,-16843010,-16843010,-16843010,"",-16843010,100794110,0,0,0,100663296,1,0
230,"Metadata/NPC/Act7/SilkSins","Silk","Metadata/NPC/NPC","","","",7,[13],[],-16869595,-16843010,-16843010,-16843010,-16843010,"",-16843010,-33423618,-16843010,-16843010,-16843010,-1593901314,0,0
231,"Metadata/NPC/Act7/SilkArakaali","Silk","Metadata/NPC/NPC","","","",7,[],[],-16870326,-16843010,-16843010,-16843010,-16843010,"",-16843010,-33423618,-16843010,-16843010,-16843010,-1593901314,0,0
232,"Metadata/NPC/Act8/Hargan","Hargan","Metadata/NPC/Act3/Hargan","","","",8,[14],[15],-16863656,-16843010,-16843010,-16843010,-16843010,"",-16843010,117571326,0,0,0,-1610612736,0,0
233,"Metadata/NPC/Act8/Maramoa","Maramoa","Metadata/NPC/Act3/Maramoa","","","",8,[18],[19],-16877458,-16843010,-16843010,-16843010,-16843010,"",-16843010,-33423618,-16843010,-16843010,-16843010,117374718,1,0
234,"Metadata/NPC/Act8/ClarissaTown","Clarissa","Metadata/NPC/NPC","","","",8,[22],[23],-16846554,-16843010,-16843010,-16843010,-16843010,"",-16843010,302120702,0,0,0,100663296,1,0
235,"Metadata/NPC/Act8/ClarissaQuay","Clarissa","Metadata/NPC/NPC","","","",8,[],[],-16865922,-16843010,-16843010,-16843010,-16843010,"",-16843010,-33423618,-16843010,-16843010,-16843010,117374718,1,0
236,"Metadata/NPC/Act8/Tolman","Tolman","Metadata/NPC/NPC","","","",8,[],[],-16892240,-16843010,-16843010,-16843010,-16843010,"",-16843010,-33423618,-16843010,-16843010,-16843010,-1593901314,0,0
237,"Metadata/NPC/Act8/SinTown","Sin","Metadata/NPC/NPC","","","",8,[72],[73],-16902853,-16843010,-16843010,-16843010,-16843010,"",-16843010,-33423618,-16843010,-16843010,-16843010,-1593901314,0,0
238,"Metadata/NPC/Act8/SinDoedre","Sin","Metadata/NPC/NPC","","","",8,[72],[73],-16852480,-16843010,-16843010,-16843010,-16843010,"",-16843010,-33423618,-16843010,-16843010,-16843010,-1593901314,0,0
239,"Metadata/NPC/Act8/SinYugul","Sin","Metadata/NPC/NPC",2399,"","",8,[72],[73],-16903818,-16843010,-16843010,-16843010,-16843010,"",-16843010,-33423618,-16843010,-16843010,-16843010,-1593901314,0,0
240,"Metadata/NPC/Act8/SinSolarisLunaris","Sin","Metadata/NPC/NPC",2400,"","",8,[72],[73],-16895058,-16843010,-16843010,-16843010,-16843010,"",-16843010,-33423618,-16843010,-16843010,-16843010,-1593901314,0,0
241,"Metadata/NPC/Act5/Avarius","Avarius","Metadata/NPC/NPC","","","",5,[],[],-16906396,-16843010,-16843010,-16843010,-16843010,"",-16843010,-33423618,-16843010,-16843010,-16843010,-1593901314,0,0
242,"Metadata/NPC/Act5/Innocence","Innocence","Metadata/NPC/NPC","","","",5,[],[],-16866490,-16843010,-16843010,-16843010,-16843010,"",-16843010,-33423618,-16843010,-16843010,-16843010,-1593901314,0,0
243,"Metadata/NPC/Info/RalakeshGlyph","Ode to Ralakesh","Metadata/NPC/Info/StoryGlyphBase","","","",7,[],[],-16900299,-16843010,-16843010,-16843010,-16843010,"",-16843010,-33423618,-16843010,-16843010,-16843010,2097086206,0,0
244,"Metadata/NPC/Info/SilkLetter","Love Letter","Metadata/NPC/Info/StoryGlyphBase","","","",7,[],[],-16889075,-16843010,-16843010,-16843010,-16843010,"",-16843010,-33423618,-16843010,-16843010,-16843010,2097086206,0,0
245,"Metadata/NPC/Info/MaligaroTome","Maligaro's Manifesto","Metadata/NPC/Info/StoryGlyphBase","","","",7,[],[],-16895205,-16843010,-16843010,-16843010,-16843010,"",-16843010,-33423618,-16843010,-16843010,-16843010,2097086206,0,0
246,"Metadata/NPC/Info/ArakaaliGlyph1","Shrine to Arakaali","Metadata/NPC/Info/StoryGlyphBase",3058,"","",7,[],[],-16895130,-16843010,-16843010,-16843010,-16843010,"",-16843010,-33423618,-16843010,-16843010,-16843010,2097086206,0,0
247,"Metadata/NPC/Info/ArakaaliGlyph2","Shrine to Arakaali","Metadata/NPC/Info/StoryGlyphBase",3058,"","",7,[],[],-16871596,-16843010,-16843010,-16843010,-16843010,"",-16843010,-33423618,-16843010,-16843010,-16843010,2097086206,0,0
248,"Metadata/NPC/Info/ArakaaliGlyph3","Shrine to Arakaali","Metadata/NPC/Info/StoryGlyphBase",3058,"","",7,[],[],-16868185,-16843010,-16843010,-16843010,-16843010,"",-16843010,-33423618,-16843010,-16843010,-16843010,2097086206,0,0
249,"Metadata/NPC/Info/ArakaaliGlyph4","Shrine to Arakaali","Metadata/NPC/Info/StoryGlyphBase",3058,"","",7,[],[],-16900785,-16843010,-16843010,-16843010,-16843010,"",-16843010,-33423618,-16843010,-16843010,-16843010,2097086206,0,0
250,"Metadata/NPC/Info/ArakaaliGlyph5","Shrine to Arakaali","Metadata/NPC/Info/StoryGlyphBase",3058,"","",7,[],[],-16873967,-16843010,-16843010,-16843010,-16843010,"",-16843010,-33423618,-16843010,-16843010,-16843010,2097086206,0,0
251,"Metadata/NPC/Info/UtulaGlyph1","Kitava's Hunger I","Metadata/NPC/Info/StoryGlyphBase","","","",5,[],[],-16860563,-16843010,-16843010,-16843010,-16843010,"",-16843010,-33423618,-16843010,-16843010,-16843010,2097086206,0,0
252,"Metadata/NPC/Info/UtulaGlyph2","Kitava's Hunger II","Metadata/NPC/Info/StoryGlyphBase","","","",5,[],[],-16885055,-16843010,-16843010,-16843010,-16843010,"",-16843010,-33423618,-16843010,-16843010,-16843010,2097086206,0,0
253,"Metadata/NPC/Info/UtulaGlyph3","Kitava's Hunger III","Metadata/NPC/Info/StoryGlyphBase","","","",5,[],[],-16864965,-16843010,-16843010,-16843010,-16843010,"",-16843010,-33423618,-16843010,-16843010,-16843010,2097086206,0,0
254,"Metadata/NPC/Info/DominusPrisonOrders","Order of Protection","Metadata/NPC/Info/StoryGlyphBase","","","",1,[],[],-16908007,-16843010,-16843010,-16843010,-16843010,"",-16843010,-33423618,-16843010,-16843010,-16843010,2097086206,0,0
255,"Metadata/NPC/Info/ShavronneManifesto","Shavronne's Manifesto","Metadata/NPC/Info/StoryGlyphBase","","","",6,[],[],-16865937,-16843010,-16843010,-16843010,-16843010,"",-16843010,-33423618,-16843010,-16843010,-16843010,2097086206,0,0
256,"Metadata/NPC/Info/AbberathGlyph","Primitive Carving","Metadata/NPC/Info/StoryGlyphBase","","","",6,[],[],-16889777,-16843010,-16843010,-16843010,-16843010,"",-16843010,-33423618,-16843010,-16843010,-16843010,2097086206,0,0
257,"Metadata/NPC/Info/RyslathaGlyph","Worn Carving","Metadata/NPC/Info/StoryGlyphBase","","","",6,[],[],-16895274,-16843010,-16843010,-16843010,-16843010,"",-16843010,-33423618,-16843010,-16843010,-16843010,2097086206,0,0
258,"Metadata/NPC/Info/TukohamaGlyph","Karui Carving","Metadata/NPC/Info/StoryGlyphBase","","","",6,[],[],-16844683,-16843010,-16843010,-16843010,-16843010,"",-16843010,-33423618,-16843010,-16843010,-16843010,2097086206,0,0
259,"Metadata/NPC/Info/BrineKingGlyph1","Message in a Bottle","Metadata/NPC/Info/StoryGlyphBase","","","",6,[],[],-16851325,-16843010,-16843010,-16843010,-16843010,"",-16843010,-33423618,-16843010,-16843010,-16843010,2097086206,0,0
260,"Metadata/NPC/Info/BrineKingGlyph2","Leatherbound Logbook","Metadata/NPC/Info/StoryGlyphBase",2391,"","",6,[],[],-16878977,-16843010,-16843010,-16843010,-16843010,"",-16843010,-33423618,-16843010,-16843010,-16843010,2097086206,0,0
261,"Metadata/NPC/Info/BrineKingGlyph3","Letter Fragment","Metadata/NPC/Info/StoryGlyphBase","","","",6,[],[],-16870177,-16843010,-16843010,-16843010,-16843010,"",-16843010,-33423618,-16843010,-16843010,-16843010,2097086206,0,0
262,"Metadata/NPC/Info/BrineKingGlyph4","Templar Report","Metadata/NPC/Info/StoryGlyphBase","","","",6,[],[],-16857878,-16843010,-16843010,-16843010,-16843010,"",-16843010,-33423618,-16843010,-16843010,-16843010,2097086206,0,0
263,"Metadata/NPC/Info/BrineKingGlyph5","Shrine to the Brine King","Metadata/NPC/Info/StoryGlyphBase","","","",6,[],[],-16875976,-16843010,-16843010,-16843010,-16843010,"",-16843010,-33423618,-16843010,-16843010,-16843010,2097086206,0,0
264,"Metadata/NPC/Info/DoedreManifesto","Doedre's Manifesto","Metadata/NPC/Info/StoryGlyphBase","","","",8,[],[],-16902328,-16843010,-16843010,-16843010,-16843010,"",-16843010,-33423618,-16843010,-16843010,-16843010,2097086206,0,0
265,"Metadata/NPC/Info/YugulGlyph","Primitive Carving","Metadata/NPC/Info/StoryGlyphBase","","","",8,[],[],-16855155,-16843010,-16843010,-16843010,-16843010,"",-16843010,-33423618,-16843010,-16843010,-16843010,2097086206,0,0
266,"Metadata/NPC/Info/SolarisGlyph1","Solaris Statue","Metadata/NPC/Info/StoryGlyphBase","","","",8,[],[],-16878369,-16843010,-16843010,-16843010,-16843010,"",-16843010,-33423618,-16843010,-16843010,-16843010,2097086206,0,0
267,"Metadata/NPC/Info/SolarisGlyph2","Solaris Statue","Metadata/NPC/Info/StoryGlyphBase","","","",8,[],[],-16896274,-16843010,-16843010,-16843010,-16843010,"",-16843010,-33423618,-16843010,-16843010,-16843010,2097086206,0,0
268,"Metadata/NPC/Info/SolarisGlyph3","Solaris Statue","Metadata/NPC/Info/StoryGlyphBase","","","",8,[],[],-16899449,-16843010,-16843010,-16843010,-16843010,"",-16843010,-33423618,-16843010,-16843010,-16843010,2097086206,0,0
269,"Metadata/NPC/Info/LunarisGlyph1","Lunaris Statue","Metadata/NPC/Info/StoryGlyphBase","","","",8,[],[],-16869116,-16843010,-16843010,-16843010,-16843010,"",-16843010,-33423618,-16843010,-16843010,-16843010,2097086206,0,0
270,"Metadata/NPC/Info/LunarisGlyph2","Lunaris Statue","Metadata/NPC/Info/StoryGlyphBase","","","",8,[],[],-16852304,-16843010,-16843010,-16843010,-16843010,"",-16843010,-33423618,-16843010,-16843010,-16843010,2097086206,0,0
271,"Metadata/NPC/Info/LunarisGlyph3","Lunaris Statue","Metadata/NPC/Info/StoryGlyphBase","","","",8,[],[],-16864439,-16843010,-16843010,-16843010,-16843010,"",-16843010,-33423618,-16843010,-16843010,-16843010,2097086206,0,0
272,"Metadata/NPC/Info/VaalLetters/VaalLetter_13","Research Journal","Metadata/NPC/Info/StoryGlyphBase","","","",-1,[],[],-16854935,-16843010,-16843010,-16843010,-16843010,"",-16843010,-33423618,-16843010,-16843010,-16843010,2097086206,0,0
273,"Metadata/NPC/Info/VaalLetters/VaalLetter_14","Research Journal","Metadata/NPC/Info/StoryGlyphBase","","","",-1,[],[],-16893362,-16843010,-16843010,-16843010,-16843010,"",-16843010,-33423618,-16843010,-16843010,-16843010,2097086206,0,0
274,"Metadata/NPC/Info/VaalLetters/VaalLetter_15","Research Journal","Metadata/NPC/Info/StoryGlyphBase","","","",-1,[],[],-16905165,-16843010,-16843010,-16843010,-16843010,"",-16843010,-33423618,-16843010,-16843010,-16843010,2097086206,0,0
275,"Metadata/NPC/Info/VaalLetters/VaalLetter_16","Research Journal","Metadata/NPC/Info/StoryGlyphBase","","","",-1,[],[],-16881603,-16843010,-16843010,-16843010,-16843010,"",-16843010,-33423618,-16843010,-16843010,-16843010,2097086206,0,0
276,"Metadata/NPC/Info/TriumphOfInnocence","Triumph of Innocence","Metadata/NPC/Info/StoryGlyphBase","","","",5,[],[],-16869883,-16843010,-16843010,-16843010,-16843010,"",-16843010,-33423618,-16843010,-16843010,-16843010,2097086206,0,0
277,"Metadata/NPC/Info/StainedGlassWindow1","Stained Glass Window","Metadata/NPC/Info/InnocenceStainedGlass","","","",5,[],[],-16889389,-16843010,-16843010,-16843010,-16843010,"",-16843010,-33423618,-16843010,-16843010,-16843010,2097086206,0,0
278,"Metadata/NPC/Info/StainedGlassWindow2","Stained Glass Window","Metadata/NPC/Info/InnocenceStainedGlass","","","",5,[],[],-16871659,-16843010,-16843010,-16843010,-16843010,"",-16843010,-33423618,-16843010,-16843010,-16843010,2097086206,0,0
279,"Metadata/NPC/Info/StainedGlassWindow3","Stained Glass Window","Metadata/NPC/Info/InnocenceStainedGlass","","","",5,[],[],-16852487,-16843010,-16843010,-16843010,-16843010,"",-16843010,-33423618,-16843010,-16843010,-16843010,2097086206,0,0
280,"Metadata/NPC/Info/StainedGlassWindow4","Stained Glass Window","Metadata/NPC/Info/InnocenceStainedGlass","","","",5,[],[],-16896195,-16843010,-16843010,-16843010,-16843010,"",-16843010,-33423618,-16843010,-16843010,-16843010,2097086206,0,0
281,"Metadata/NPC/Info/StainedGlassWindow5","Stained Glass Window","Metadata/NPC/Info/InnocenceStainedGlass","","","",5,[],[],-16894301,-16843010,-16843010,-16843010,-16843010,"",-16843010,-33423618,-16843010,-16843010,-16843010,2097086206,0,0
282,"Metadata/NPC/Info/StainedGlassWindow6","Stained Glass Window","Metadata/NPC/Info/InnocenceStainedGlass","","","",5,[],[],-16875041,-16843010,-16843010,-16843010,-16843010,"",-16843010,-33423618,-16843010,-16843010,-16843010,2097086206,0,0
283,"Metadata/NPC/Info/StainedGlassWindow7","Stained Glass Window","Metadata/NPC/Info/InnocenceStainedGlass","","","",5,[],[],-16857822,-16843010,-16843010,-16843010,-16843010,"",-16843010,-33423618,-16843010,-16843010,-16843010,2097086206,0,0
284,"Metadata/NPC/Info/StainedGlassWindow8","Stained Glass Window","Metadata/NPC/Info/InnocenceStainedGlass","","","",5,[],[],-16871634,-16843010,-16843010,-16843010,-16843010,"",-16843010,-33423618,-16843010,-16843010,-16843010,2097086206,0,0
285,"Metadata/NPC/Act9/PetarusVanja","Petarus and Vanja","Metadata/NPC/Act4/PetarusVanja","","","",9,[33],[34],-16850252,-16843010,-16843010,-16843010,-16843010,"",-16843010,318897918,0,0,0,-1409286144,38,0
286,"Metadata/NPC/Act9/Tasuni","Tasuni","Metadata/NPC/Act4/Tasuni","","","",9,[41],[42],-16906158,-16843010,-16843010,-16843010,-16843010,"",-16843010,-33423618,-16843010,-16843010,-16843010,-1593901314,0,0
287,"Metadata/NPC/Act9/Irasha","Irasha","Metadata/NPC/NPC","","","",9,[],[],-16870263,-16843010,-16843010,-16843010,-16843010,"",-16843010,134348542,0,0,0,100663296,1,0
288,"Metadata/NPC/Act9/SinTown","Sin","Metadata/NPC/NPC","","","",9,[72],[73],-16898608,-16843010,-16843010,-16843010,-16843010,"",-16843010,-33423618,-16843010,-16843010,-16843010,-1593901314,0,0
289,"Metadata/NPC/Act9/SinQuarry","Sin","Metadata/NPC/NPC","","","",9,[72],[73],-16855363,-16843010,-16843010,-16843010,-16843010,"",-16843010,-33423618,-16843010,-16843010,-16843010,-1593901314,0,0
290,"Metadata/NPC/Act9/SinGarukhan","Sin","Metadata/NPC/NPC",2402,"","",9,[72],[73],-16861523,-16843010,-16843010,-16843010,-16843010,"",-16843010,-33423618,-16843010,-16843010,-16843010,-1593901314,0,0
291,"Metadata/NPC/Act9/SinShakari","Sin","Metadata/NPC/NPC",2401,"","",9,[72],[73],-16855941,-16843010,-16843010,-16843010,-16843010,"",-16843010,-33423618,-16843010,-16843010,-16843010,-1593901314,0,0
292,"Metadata/NPC/Act9/SinCore","Sin","Metadata/NPC/NPC","","","",9,[],[],-16859204,-16843010,-16843010,-16843010,-16843010,"",-16843010,-33423618,-16843010,-16843010,-16843010,-1593901314,0,0
293,"Metadata/NPC/Act9/Lilly","Lilly Roth","Metadata/NPC/Act10/Lilly","","","Lilly",9,[153],[154],-16898654,-16843010,-16843010,-16843010,-16843010,"",-16843010,-33423618,-16843010,-16843010,-16843010,117374718,1,0
294,"Metadata/NPC/Act9/Weylam","Weylam Roth","Metadata/NPC/Act7/Weylam","","","Weylam",9,[70],[71],-16844341,-16843010,-16843010,-16843010,-16843010,"",-16843010,-33423618,-16843010,-16843010,-16843010,-1593901314,0,0
295,"Metadata/NPC/Act10/Lani","Lani","Metadata/NPC/Act5/Lani","","","",10,[68],[69],-16853945,-16843010,-16843010,-16843010,-16843010,"",-16843010,335675134,0,0,0,100663296,1,0
296,"Metadata/NPC/Act10/BannonTown","Bannon","Metadata/NPC/NPC","","","",10,[62],[63],-16871110,-16843010,-16843010,-16843010,-16843010,"",-16843010,-33423618,-16843010,-16843010,-16843010,-1593901314,0,0
297,"Metadata/NPC/Act10/BannonRooftop","Bannon","Metadata/NPC/NPC","","","",10,[],[],-16845384,-16843010,-16843010,-16843010,-16843010,"",-16843010,-33423618,-16843010,-16843010,-16843010,-1593901314,0,0
298,"Metadata/NPC/Act10/Lilly","Lilly Roth","Metadata/NPC/NPC","","","Lilly",10,[153],[154],-16871390,-16843010,-16843010,-16843010,-16843010,"",-16843010,570556158,0,0,0,100663296,1,0
299,"Metadata/NPC/Act10/Weylam","Weylam Roth","Metadata/NPC/Act7/Weylam","","","Weylam",10,[70],[71],-16899791,-16843010,-16843010,-16843010,-16843010,"",-16843010,151125758,0,0,0,-1610612736,0,0
300,"Metadata/NPC/Act10/SinTown","Sin","Metadata/NPC/NPC","","","",10,[72],[73],-16849721,-16843010,-16843010,-16843010,-16843010,"",-16843010,-33423618,-16843010,-16843010,-16843010,-1593901314,0,0
301,"Metadata/NPC/Act10/InnocenceTown","Innocence","Metadata/NPC/NPC","","","",10,[],[],-16860222,-16843010,-16843010,-16843010,-16843010,"",-16843010,-33423618,-16843010,-16843010,-16843010,-1593901314,0,0
302,"Metadata/NPC/Act10/InnocenceSquare","Innocence","Metadata/NPC/NPC","","","",10,[],[],-16906589,-16843010,-16843010,-16843010,-16843010,"",-16843010,-33423618,-16843010,-16843010,-16843010,-1593901314,0,0
303,"Metadata/NPC/Act10/SinTrough","Sin","Metadata/NPC/NPC","","","",10,[],[],-16870477,-16843010,-16843010,-16843010,-16843010,"",-16843010,-33423618,-16843010,-16843010,-16843010,-1593901314,0,0
304,"Metadata/NPC/Act10/InnocenceTrough","Innocence","Metadata/NPC/NPC","","","",10,[],[],-16886316,-16843010,-16843010,-16843010,-16843010,"",-16843010,-33423618,-16843010,-16843010,-16843010,-1593901314,0,0
305,"Metadata/NPC/Act5/SinOssuary","Sin","Metadata/NPC/NPC","","","",5,[],[],-16897304,-16843010,-16843010,-16843010,-16843010,"",-16843010,-33423618,-16843010,-16843010,-16843010,-1593901314,0,0
306,"Metadata/NPC/Epilogue/Zana","Zana, Master Cartographer","Metadata/NPC/NPC","",6,"Zana",11,[49],[50],-16859206,-16843010,-16843010,-16843010,-16843010,"",-16843010,-33423618,-16843010,-16843010,-16843010,117374718,1,0
307,"Metadata/NPC/Epilogue/Zana2","Zana, Master Cartographer","Metadata/NPC/NPC","",6,"Zana",11,[49],[50],-16872055,-16843010,-16843010,-16843010,-16843010,"",-16843010,-33423618,-16843010,-16843010,-16843010,117374718,1,0
308,"Metadata/NPC/Epilogue/ZanaMap","Zana, Master Cartographer","Metadata/NPC/NPC","",6,"Zana",11,[],[],-16895965,-16843010,-16843010,-16843010,-16843010,"",-16843010,-33423618,-16843010,-16843010,-16843010,117374718,1,0
309,"Metadata/NPC/Epilogue/ZanaCitadel","Zana, Master Cartographer","Metadata/NPC/NPC","",6,"Zana",11,[],[],-16844754,-16843010,-16843010,-16843010,-16843010,"",-16843010,-33423618,-16843010,-16843010,-16843010,117374718,1,0
310,"Metadata/NPC/Epilogue/Lani","Lani","Metadata/NPC/Act10/Lani","","","",11,[68],[69],-16865538,-16843010,-16843010,-16843010,-16843010,"",-16843010,352452350,0,0,0,100663296,1,0
311,"Metadata/NPC/Epilogue/Weylam","Weylam Roth","Metadata/NPC/Act7/Weylam","","","Weylam",11,[70],[71],-16870940,-16843010,-16843010,-16843010,-16843010,"",-16843010,167902974,0,0,0,-1610612736,0,0
312,"Metadata/NPC/Epilogue/Weylam2","Weylam Roth","Metadata/NPC/Act7/Weylam","","","Weylam",11,[70],[71],-16886052,-16843010,-16843010,-16843010,-16843010,"",-16843010,167902974,0,0,0,-1610612736,0,0
313,"Metadata/NPC/Epilogue/Lilly","Lilly Roth","Metadata/NPC/Act10/Lilly","","","Lilly",11,[152],[154],-16846218,-16843010,-16843010,-16843010,-16843010,"",0,587268096,0,0,0,100663296,1,0
314,"Metadata/NPC/Epilogue/Lilly2","Lilly Roth","Metadata/NPC/Act10/Lilly","","","Lilly",11,[152],[154],-16876966,-16843010,-16843010,-16843010,-16843010,"",0,587268096,0,0,0,100663296,1,0
315,"Metadata/NPC/Epilogue/Sin","Sin","Metadata/NPC/Act10/SinTown",2403,"","",11,[72],[73],-16878949,-16843010,-16843010,-16843010,-16843010,"",-16843010,-33423618,-16843010,-16843010,-16843010,-1593901314,0,0
316,"Metadata/NPC/Epilogue/Innocence","Innocence","Metadata/NPC/NPC",2403,"","",11,[],[],-16850147,-16843010,-16843010,-16843010,-16843010,"",-16843010,-33423618,-16843010,-16843010,-16843010,-1593901314,0,0
317,"Metadata/NPC/Act7/YeenaArakaali","Yeena","Metadata/NPC/NPC","","","",7,[],[],-16885511,-16843010,-16843010,-16843010,-16843010,"",-16843010,-33423618,-16843010,-16843010,-16843010,117374718,1,0
318,"Metadata/NPC/Info/KitavaCultistGlyph1","Cultist Tract","Metadata/NPC/Info/StoryGlyphBase","","","",10,[],[],-16908213,-16843010,-16843010,-16843010,-16843010,"",-16843010,-33423618,-16843010,-16843010,-16843010,2097086206,0,0
319,"Metadata/NPC/Info/KitavaCultistGlyph2","Cultist Tract","Metadata/NPC/Info/StoryGlyphBase","","","",10,[],[],-16902288,-16843010,-16843010,-16843010,-16843010,"",-16843010,-33423618,-16843010,-16843010,-16843010,2097086206,0,0
320,"Metadata/NPC/Info/KitavaCultistGlyph3","Cultist Tract","Metadata/NPC/Info/StoryGlyphBase","","","",10,[],[],-16907074,-16843010,-16843010,-16843010,-16843010,"",-16843010,-33423618,-16843010,-16843010,-16843010,2097086206,0,0
321,"Metadata/NPC/Info/ShaperMemoryFragmentBook","Book of Memories","Metadata/NPC/Info/StoryGlyphBase","","","",11,[],[],-16870141,-16843010,-16843010,-16843010,-16843010,"",-16843010,-33423618,-16843010,-16843010,-16843010,2097086206,0,0
322,"Metadata/NPC/Info/ShaperFinalMemoryFragment","Memory Fragment","Metadata/NPC/Info/StoryGlyphBase","","","",11,[],[],-16873205,-16843010,-16843010,-16843010,-16843010,"",-16843010,-33423618,-16843010,-16843010,-16843010,2097086206,0,0
323,"Metadata/Monsters/AtlasBosses/Zana","Zana, Master Cartographer","Metadata/NPC/NPC","",6,"Zana",11,[],[],-16872706,-16843010,-16843010,-16843010,-16843010,"",-16843010,-33423618,-16843010,-16843010,-16843010,117374718,1,0
324,"Metadata/Monsters/AtlasBosses/ZanaUberElder","Zana, Master Cartographer","Metadata/NPC/NPC","",6,"Zana",11,[],[],-16893660,-16843010,-16843010,-16843010,-16843010,"",-16843010,-33423618,-16843010,-16843010,-16843010,117374718,1,0
325,"Metadata/Monsters/KitavaBoss/InnocenceSin/Sin","Sin","Metadata/NPC/NPC","","","",11,[72],[73],-16889536,-16843010,-16843010,-16843010,-16843010,"",-16843010,-33423618,-16843010,-16843010,-16843010,-1593901314,0,0
326,"Metadata/NPC/League/Betrayal/CadiroBetrayal","Cadiro Perandus","Metadata/NPC/NPC","","","Cadiro",0,[55],[56],-16873386,-16843010,-16843010,-16843010,-16843010,"",-16843010,369229566,0,0,0,-1610612736,0,0
327,"Metadata/NPC/Info/TutorialNPC","Tutorial NPC","Metadata/NPC/NPC","","","",0,[],[],-16859843,-16843010,-16843010,-16843010,-16843010,"",-16843010,-33423618,-16843010,-16843010,-16843010,117374718,1,0
328,"Metadata/NPC/League/Incursion/TreasureHunterWild","Alva, Master Explorer","Metadata/NPC/NPC","",2,"Alva",0,[77],[78],-16885015,-16843010,-16843010,-16843010,-16843010,"",-16843010,-33423618,-16843010,-16843010,-16843010,117374718,1,0
329,"Metadata/NPC/League/Incursion/TreasureHunterHideout","Alva, Master Explorer","Metadata/NPC/NPC","",2,"Alva",0,[77],[78],-16845569,-16843010,-16843010,-16843010,-16843010,"",0,-33488896,-16843010,-16843010,-16843010,117374718,1,0
330,"Metadata/Terrain/Leagues/Incursion/Objects/TreasureHunterSpawnMemoryLine","Alva, Master Explorer","Metadata/Terrain/Leagues/Incursion/Objects/TreasureHunterSpawnMemoryLine","","","Alva",0,[],[],-16854595,-16843010,-16843010,-16843010,-16843010,"",-16843010,-33423618,-16843010,-16843010,-16843010,117374718,1,0
331,"Metadata/Monsters/LeagueIncursion/Alva","Alva, Master Explorer","Metadata/NPC/NPC","",2,"Alva",0,[],[],-16865543,-16843010,-16843010,-16843010,-16843010,"",-16843010,-33423618,-16843010,-16843010,-16843010,117374718,1,0
332,"Metadata/NPC/League/Delve/DelveMiner","Niko, Master of the Depths","Metadata/NPC/NPC","",4,"Niko",0,"[79,81,83,85,87]","[80,82,84,86,88]",-16897593,-16843010,-16843010,-16843010,-16843010,"",0,-33488896,-16843010,-16843010,-16843010,-1593901314,0,0
333,"Metadata/NPC/League/Delve/DelveMinerWildVein","Niko, Master of the Depths","Metadata/NPC/NPC","",4,"Niko",0,"[79,81,83,85,87]","[80,82,84,86,88]",-16904113,-16843010,-16843010,-16843010,-16843010,"",-16843010,-33423618,-16843010,-16843010,-16843010,-1593901314,0,0
334,"Metadata/NPC/League/Delve/DelveMinerWildChest","Niko, Master of the Depths","Metadata/NPC/NPC","",4,"Niko",0,"[79,81,83,85,87]","[80,82,84,86,88]",-16894953,-16843010,-16843010,-16843010,-16843010,"",-16843010,-33423618,-16843010,-16843010,-16843010,-1593901314,0,0
335,"Metadata/NPC/League/Delve/DelveMinerHub","Niko, Master of the Depths","Metadata/NPC/NPC","",4,"Niko",0,"[79,81,83,85,87]","[80,82,84,86,88]",-16883233,-16843010,-16843010,-16843010,-16843010,"",-16843010,-33423618,-16843010,-16843010,-16843010,-1593901314,0,0
336,"Metadata/NPC/League/Delve/DelveMinerMine","Niko, Master of the Depths","Metadata/NPC/NPC","",4,"Niko",0,"[79,81,83,85,87]","[80,82,84,86,88]",-16865605,-16843010,-16843010,-16843010,-16843010,"",-16843010,-33423618,-16843010,-16843010,-16843010,-1593901314,0,0
337,"Metadata/NPC/League/Delve/DelveMinerHideout","Niko, Master of the Depths","Metadata/NPC/NPC","",4,"Niko",0,"[79,81,83,85,87]","[80,82,84,86,88]",-16889743,-16843010,-16843010,-16843010,-16843010,"",0,-33488896,-16843010,-16843010,-16843010,-1593901314,0,0
338,"Metadata/NPC/League/Betrayal/BetrayalNinjaCop","Jun, Veiled Master","Metadata/NPC/NPC",3156,5,"Jun",0,[89],[90],-16888861,-16843010,-16843010,-16843010,-16843010,"",0,-33488896,-16843010,-16843010,-16843010,117374718,1,0
339,"Metadata/NPC/League/Betrayal/BetrayalNinjaCopRaid","Jun, Veiled Master","Metadata/NPC/NPC",3156,5,"Jun",0,[89],[90],-16860401,-16843010,-16843010,-16843010,-16843010,"",-16843010,-33423618,-16843010,-16843010,-16843010,117374718,1,0
340,"Metadata/NPC/League/Betrayal/BetrayalNinjaCopHideout","Jun, Veiled Master","Metadata/NPC/NPC",3156,5,"Jun",0,[89],[90],-16868775,-16843010,-16843010,-16843010,-16843010,"",0,-33488896,-16843010,-16843010,-16843010,117374718,1,0
341,"Metadata/NPC/Missions/HelenaClaim","Helena","Metadata/NPC/NPC","",3,"Helena",0,[24],[25],-16908058,-16843010,-16843010,-16843010,-16843010,"",-16843010,-33423618,-16843010,-16843010,-16843010,117374718,1,0
342,"Metadata/NPC/Missions/Hideout/Helena","Helena","Metadata/NPC/NPC","",3,"Helena",0,[24],[25],-16876581,-16843010,-16843010,-16843010,-16843010,"",0,-33488896,-16843010,-16843010,-16843010,117374718,1,0
343,"Metadata/Monsters/LeagueBetrayal/MasterNinjaCop","Jun, Veiled Master","Metadata/NPC/NPC","",5,"Jun",0,[89],[90],-16868817,-16843010,-16843010,-16843010,-16843010,"",-16843010,-33423618,-16843010,-16843010,-16843010,117374718,1,0
344,"Metadata/NPC/League/Incursion/TreasureHunter","Alva, Master Explorer","Metadata/NPC/NPC","",2,"Alva",0,[77],[78],-16867414,-16843010,-16843010,-16843010,-16843010,"",0,-33488896,-16843010,-16843010,-16843010,117374718,1,0
345,"Metadata/Monsters/LeagueBetrayal/BetrayalCatarina1","Catarina, Master of Undeath","Metadata/Monsters/LeagueBetrayal/BetrayalCatarina","","","Catarina",0,[],[],-16884927,-16843010,-16843010,-16843010,-16843010,"",-16843010,-33423618,-16843010,-16843010,-16843010,117374718,1,0
346,"Metadata/Monsters/LeagueBetrayal/BetrayalHaku","Haku, Warmaster","Metadata/Monsters/LeagueBetrayal/BetrayalHaku","","","Haku",0,[],[],-16902276,-16843010,-16843010,-16843010,-16843010,"",-16843010,-33423618,-16843010,-16843010,-16843010,-1593901314,0,0
347,"Metadata/Monsters/LeagueBetrayal/BetrayalElreon","Elreon, Light's Judge","Metadata/Monsters/LeagueBetrayal/BetrayalElreon","","","Elreon",0,[],[],-16896589,-16843010,-16843010,-16843010,-16843010,"",-16843010,-33423618,-16843010,-16843010,-16843010,-1593901314,0,0
348,"Metadata/Monsters/LeagueBetrayal/BetrayalTora","Tora, the Culler","Metadata/Monsters/LeagueBetrayal/BetrayalTora","","","Tora",0,[],[],-16868731,-16843010,-16843010,-16843010,-16843010,"",-16843010,-33423618,-16843010,-16843010,-16843010,117374718,1,0
349,"Metadata/Monsters/LeagueBetrayal/BetrayalVagan","Vagan, Victory's Herald","Metadata/Monsters/LeagueBetrayal/BetrayalVagan","","","Vagan",0,[],[],-16845154,-16843010,-16843010,-16843010,-16843010,"",-16843010,-33423618,-16843010,-16843010,-16843010,-1593901314,0,0
350,"Metadata/Monsters/LeagueBetrayal/BetrayalVorici","Vorici, Silent Brother","Metadata/Monsters/LeagueBetrayal/BetrayalVorici","","","Vorici",0,[],[],-16869713,-16843010,-16843010,-16843010,-16843010,"",-16843010,-33423618,-16843010,-16843010,-16843010,-1593901314,0,0
351,"Metadata/Monsters/LeagueBetrayal/BetrayalHillock_","Hillock, the Blacksmith","Metadata/Monsters/LeagueBetrayal/BetrayalHillock","","","Hillock",0,[],[],-16903063,-16843010,-16843010,-16843010,-16843010,"",-16843010,-33423618,-16843010,-16843010,-16843010,-1593901314,0,0
352,"Metadata/Monsters/LeagueBetrayal/BetrayalLeo","Leo, Wolf of the Pits","Metadata/Monsters/LeagueBetrayal/BetrayalLeo","","","Leo",0,[],[],-16905401,-16843010,-16843010,-16843010,-16843010,"",-16843010,-33423618,-16843010,-16843010,-16843010,-1593901314,0,0
353,"Metadata/Monsters/LeagueBetrayal/BetrayalGrenn","Guff \""Tiny\"" Grenn","Metadata/Monsters/LeagueBetrayal/BetrayalGrenn","","","Guff",0,[],[],-16890227,-16843010,-16843010,-16843010,-16843010,"",-16843010,-33423618,-16843010,-16843010,-16843010,-1593901314,0,0
354,"Metadata/Monsters/LeagueBetrayal/BetrayalJanus","Janus Perandus","Metadata/Monsters/LeagueBetrayal/BetrayalJanus","","","Janus",0,[],[],-16867616,-16843010,-16843010,-16843010,-16843010,"",-16843010,-33423618,-16843010,-16843010,-16843010,-1593901314,0,0
355,"Metadata/Monsters/LeagueBetrayal/BetrayalBreach","It That Fled","Metadata/Monsters/LeagueBetrayal/BetrayalBreach","","","It That Fled",0,[],[],-16853876,-16843010,-16843010,-16843010,-16843010,"",-16843010,-33423618,-16843010,-16843010,-16843010,-654377218,137,0
356,"Metadata/Monsters/LeagueBetrayal/BetrayalGravicius","Gravicius Reborn","Metadata/Monsters/LeagueBetrayal/BetrayalGravicius","","","Gravicius",0,[],[],-16863845,-16843010,-16843010,-16843010,-16843010,"",-16843010,-33423618,-16843010,-16843010,-16843010,-1593901314,0,0
357,"Metadata/Monsters/LeagueBetrayal/BetrayalThane","Thane Jorgin the Banished","Metadata/Monsters/LeagueBetrayal/BetrayalThane","","","Jorgin",0,[],[],-16897235,-16843010,-16843010,-16843010,-16843010,"",-16843010,-33423618,-16843010,-16843010,-16843010,-1593901314,0,0
358,"Metadata/Monsters/LeagueBetrayal/BetrayalKeema","Korell Goya, Son of Stone","Metadata/Monsters/LeagueBetrayal/BetrayalKeema","","","Korell",0,[],[],-16906218,-16843010,-16843010,-16843010,-16843010,"",-16843010,-33423618,-16843010,-16843010,-16843010,-1593901314,0,0
359,"Metadata/Monsters/LeagueBetrayal/BetrayalRin","Rin Yuushu","Metadata/Monsters/LeagueBetrayal/BetrayalRin","","","Rin",0,[],[],-16850338,-16843010,-16843010,-16843010,-16843010,"",-16843010,-33423618,-16843010,-16843010,-16843010,-1593901314,0,0
360,"Metadata/Monsters/LeagueBetrayal/BetrayalCameria","Cameria the Coldblooded","Metadata/Monsters/LeagueBetrayal/BetrayalCameria","","","Cameria",0,[],[],-16873958,-16843010,-16843010,-16843010,-16843010,"",-16843010,-33423618,-16843010,-16843010,-16843010,-1593901314,0,0
361,"Metadata/Monsters/LeagueBetrayal/BetrayalAislin","Aisling Laffrey, The Silent Butcher","Metadata/Monsters/LeagueBetrayal/BetrayalAislin","","","Aisling",0,[],[],-16856634,-16843010,-16843010,-16843010,-16843010,"",-16843010,-33423618,-16843010,-16843010,-16843010,117374718,1,0
362,"Metadata/Monsters/LeagueBetrayal/BetrayalRiker","Riker Maloney, Midnight Tinkerer","Metadata/Monsters/LeagueBetrayal/BetrayalRiker","","","Riker",0,[],[],-16890244,-16843010,-16843010,-16843010,-16843010,"",-16843010,-33423618,-16843010,-16843010,-16843010,-1593901314,0,0
363,"Metadata/NPC/League/Betrayal/BetrayalNinjaCopVaultExterior","Jun, Veiled Master","Metadata/NPC/NPC","",5,"Jun",9,[89],[90],-16854763,-16843010,-16843010,-16843010,-16843010,"",-16843010,-33423618,-16843010,-16843010,-16843010,117374718,1,0
364,"Metadata/NPC/League/Betrayal/BetrayalNinjaCopSafehouse","Jun, Veiled Master","Metadata/NPC/NPC","",5,"Jun",0,[89],[90],-16858034,-16843010,-16843010,-16843010,-16843010,"",-16843010,-33423618,-16843010,-16843010,-16843010,117374718,1,0
365,"Metadata/Monsters/LeagueBetrayal/MasterNinjaCopCatarina","Jun, Veiled Master","Metadata/NPC/NPC","",5,"Jun",0,[89],[90],-16851525,-16843010,-16843010,-16843010,-16843010,"",-16843010,-33423618,-16843010,-16843010,-16843010,117374718,1,0
366,"Metadata/Monsters/LeagueBetrayal/BetrayalCatarina2","Catarina, Master of Undeath","Metadata/Monsters/LeagueBetrayal/BetrayalCatarinaFinal","","","Catarina",0,[],[],-16865327,-16843010,-16843010,-16843010,-16843010,"",-16843010,-33423618,-16843010,-16843010,-16843010,117374718,1,0
367,"Metadata/Monsters/LeagueBetrayal/BetrayalCatarinaMapBoss","Nightmare of Catarina","Metadata/Monsters/LeagueBetrayal/BetrayalCatarinaMapBoss","","","Nightmare of Catarina",0,[],[],-16876543,-16843010,-16843010,-16843010,-16843010,"",-16843010,-33423618,-16843010,-16843010,-16843010,117374718,1,0
368,"Metadata/NPC/Epilogue/Helena","Helena","Metadata/NPC/NPC","",3,"Helena",11,[24],[25],-16879892,-16843010,-16843010,-16843010,-16843010,"",0,-33488896,-16843010,-16843010,-16843010,117374718,1,0
369,"Metadata/Monsters/LeagueBetrayal/MasterNinjaCopSafehouse","Jun, Veiled Master","Metadata/NPC/NPC","",5,"Jun",0,[89],[90],-16900382,-16843010,-16843010,-16843010,-16843010,"",-16843010,-33423618,-16843010,-16843010,-16843010,117374718,1,0
370,"Metadata/NPC/Info/LeagueBetrayal/CatarinaManifesto1","Lifegiver's Manifesto 1","Metadata/NPC/Info/StoryGlyphBase","","","",-1,[],[],-16889276,-16843010,-16843010,-16843010,-16843010,"",-16843010,-33423618,-16843010,-16843010,-16843010,2097086206,0,0
371,"Metadata/NPC/Info/LeagueBetrayal/CatarinaManifesto2","Lifegiver's Manifesto 2","Metadata/NPC/Info/StoryGlyphBase","","","",-1,[],[],-16861700,-16843010,-16843010,-16843010,-16843010,"",-16843010,-33423618,-16843010,-16843010,-16843010,2097086206,0,0
372,"Metadata/NPC/Info/LeagueBetrayal/CatarinaManifesto3","Lifegiver's Manifesto 3","Metadata/NPC/Info/StoryGlyphBase","","","",-1,[],[],-16869009,-16843010,-16843010,-16843010,-16843010,"",-16843010,-33423618,-16843010,-16843010,-16843010,2097086206,0,0
373,"Metadata/NPC/Info/LeagueBetrayal/CatarinaManifesto4","Lifegiver's Manifesto 4","Metadata/NPC/Info/StoryGlyphBase","","","",-1,[],[],-16900433,-16843010,-16843010,-16843010,-16843010,"",-16843010,-33423618,-16843010,-16843010,-16843010,2097086206,0,0
374,"Metadata/NPC/Info/LeagueBetrayal/CatarinaManifesto5","Lifegiver's Manifesto 5","Metadata/NPC/Info/StoryGlyphBase","","","",-1,[],[],-16873216,-16843010,-16843010,-16843010,-16843010,"",-16843010,-33423618,-16843010,-16843010,-16843010,2097086206,0,0
375,"Metadata/NPC/League/Synthesis/SynthesisVenarius","Cavas, Forgotten Spirit","Metadata/NPC/NPC","","","Cavas",0,[91],[92],-16902112,-16843010,-16843010,-16843010,-16843010,"",-16843010,-33423618,-16843010,-16843010,-16843010,-1593901314,0,0
376,"Metadata/NPC/League/Synthesis/SynthesisVenariusWild","Cavas, Forgotten Spirit","Metadata/NPC/NPC","","","Cavas",0,[91],[92],-16858990,-16843010,-16843010,-16843010,-16843010,"",-16843010,-33423618,-16843010,-16843010,-16843010,-1593901314,0,0
377,"Metadata/NPC/League/Synthesis/SynthesisVenariusHideout","Cavas, Forgotten Spirit","Metadata/NPC/NPC","","","Cavas",0,[91],[92],-16859462,-16843010,-16843010,-16843010,-16843010,"",-16843010,-33423618,-16843010,-16843010,-16843010,-1593901314,0,0
378,"Metadata/NPC/League/Synthesis/SynthesisVenariusHub","Cavas, Forgotten Spirit","Metadata/NPC/NPC","","","Cavas",0,[91],[92],-16856492,-16843010,-16843010,-16843010,-16843010,"",-16843010,-33423618,-16843010,-16843010,-16843010,-1593901314,0,0
379,"Metadata/NPC/League/Synthesis/SynthesisZanaHub","Zana, Master Cartographer","Metadata/NPC/NPC","",6,"Zana",0,[51],[52],-16901533,-16843010,-16843010,-16843010,-16843010,"",-16843010,-33423618,-16843010,-16843010,-16843010,117374718,1,0
380,"Metadata/Monsters/LeagueSynthesis/SynthesisVenariusBoss","Venarius","Metadata/Monsters/LeagueSynthesis/SynthesisVenariusBoss","","","Venarius",0,[],[],-16873040,-16843010,-16843010,-16843010,-16843010,"",-16843010,-33423618,-16843010,-16843010,-16843010,-1593901314,0,0
381,"Metadata/NPC/League/Synthesis/SynthesisVenariusGuardian","Venarius","Metadata/NPC/NPC","","","Venarius",0,[],[],-16895415,-16843010,-16843010,-16843010,-16843010,"",-16843010,-33423618,-16843010,-16843010,-16843010,-1593901314,0,0
382,"Metadata/NPC/League/Synthesis/SynthesisVenariusTip","Venarius","Metadata/NPC/NPC","","","Venarius",0,[],[],-16864253,-16843010,-16843010,-16843010,-16843010,"",-16843010,-33423618,-16843010,-16843010,-16843010,-1593901314,0,0
383,"Metadata/NPC/League/Synthesis/SynthesisShaperTip","Valdo Caeserius","Metadata/NPC/NPC","","","Valdo",0,[],[],-16893816,-16843010,-16843010,-16843010,-16843010,"",-16843010,-33423618,-16843010,-16843010,-16843010,-1593901314,0,0
384,"Metadata/NPC/League/Synthesis/SynthesisZanaChildTip","Young Zana","Metadata/NPC/NPC","","","Young Zana",0,[],[],-16881962,-16843010,-16843010,-16843010,-16843010,"",-16843010,-33423618,-16843010,-16843010,-16843010,117374718,1,0
385,"Metadata/NPC/League/Synthesis/SynthesisZanaWild","Zana, Master Cartographer","Metadata/NPC/NPC","",6,"Zana",0,[51],[52],-16862246,-16843010,-16843010,-16843010,-16843010,"",-16843010,-33423618,-16843010,-16843010,-16843010,117374718,1,0
386,"Metadata/NPC/League/Synthesis/SynthesisZanaTip","Zana, Master Cartographer","Metadata/NPC/NPC","",6,"Zana",0,[51],[52],-16898255,-16843010,-16843010,-16843010,-16843010,"",-16843010,-33423618,-16843010,-16843010,-16843010,117374718,1,0
387,"Metadata/NPC/League/Synthesis/SynthesisCavasTip","Cavas, Forgotten Spirit","Metadata/NPC/NPC","","","Cavas",0,[],[],-16866431,-16843010,-16843010,-16843010,-16843010,"",-16843010,-33423618,-16843010,-16843010,-16843010,-1593901314,0,0
388,"Metadata/Monsters/LegionLeague/LegionKaruiGeneral","Queen Hyrri Ngamaku","Metadata/NPC/NPC","","","Hyrri Ngamaku",0,[],[],-16849165,-16843010,-16843010,-16843010,-16843010,"",-16843010,-33423618,-16843010,-16843010,-16843010,117374718,1,0
389,"Metadata/Monsters/LegionLeague/LegionEternalEmpireGeneral","General Marceus Lioneye","Metadata/NPC/NPC","","","Marceus Lioneye",0,[],[],-16847664,-16843010,-16843010,-16843010,-16843010,"",-16843010,-33423618,-16843010,-16843010,-16843010,-1593901314,0,0
390,"Metadata/Monsters/LegionLeague/LegionMarakethGeneral","Aukuna, the Black Sekhema","Metadata/NPC/NPC","","","Aukuna",0,[],[],-16845819,-16843010,-16843010,-16843010,-16843010,"",-16843010,-33423618,-16843010,-16843010,-16843010,117374718,1,0
391,"Metadata/Monsters/LegionLeague/LegionMarakethGeneralDismounted","Aukuna, the Black Sekhema","Metadata/NPC/NPC","","","Aukuna",0,[],[],-16905909,-16843010,-16843010,-16843010,-16843010,"",-16843010,-33423618,-16843010,-16843010,-16843010,117374718,1,0
392,"Metadata/Monsters/LegionLeague/LegionTemplarGeneral","Cardinal Sanctus Vox","Metadata/NPC/NPC","","","Sanctus Vox",0,[],[],-16848807,-16843010,-16843010,-16843010,-16843010,"",-16843010,-33423618,-16843010,-16843010,-16843010,-1593901314,0,0
393,"Metadata/Monsters/LegionLeague/LegionVaalGeneral","Viper Napuatzi","Metadata/NPC/NPC","","","Viper Napuatzi",0,[],[],-16896649,-16843010,-16843010,-16843010,-16843010,"",-16843010,-33423618,-16843010,-16843010,-16843010,117374718,1,0
394,"Metadata/NPC/Info/CraftingBenchPlaceholder","Crafting Bench","Metadata/NPC/NPC","","","",0,[],[],-16899641,-16843010,-16843010,-16843010,-16843010,"",-16843010,-33423618,-16843010,-16843010,-16843010,2097086206,0,0
395,"Metadata/NPC/League/Blight/BlightBuilder","Sister Cassia","Metadata/NPC/NPC","","","Cassia",0,[93],[94],-16877507,-16843010,-16843010,-16843010,-16843010,"",0,-33488896,-16843010,-16843010,-16843010,117374718,1,0
396,"Metadata/Monsters/Masters/BlightBuilderWild","Sister Cassia","Metadata/Monsters/Masters/BlightBuilderWild","","","Cassia",0,[93],[94],-16906281,-16843010,-16843010,-16843010,-16843010,"",-16843010,-33423618,-16843010,-16843010,-16843010,117374718,1,0
397,"Metadata/NPC/League/Blight/BlightBuilderHideout","Sister Cassia","Metadata/NPC/NPC","","","Cassia",0,[93],[94],-16880829,-16843010,-16843010,-16843010,-16843010,"",0,-33488896,-16843010,-16843010,-16843010,117374718,1,0
398,"Metadata/NPC/League/Metamorphosis/MetamorphosisNPC","Tane Octavius","Metadata/NPC/League/Metamorphosis/MetamorphosisNPC","","","Tane",0,[95],[96],-16887822,-16843010,-16843010,-16843010,-16843010,"",0,-33488896,-16843010,-16843010,-16843010,-1593901314,0,0
399,"Metadata/NPC/League/Metamorphosis/MetamorphosisNPCHub","Tane Octavius","Metadata/NPC/League/Metamorphosis/MetamorphosisNPCHub","","","Tane",0,[95],[96],26122816,0,-16908288,-16843010,-16843010,"",-16843010,-33423618,-16843010,-16843010,-16843010,-1593901314,0,0
400,"Metadata/NPC/League/Metamorphosis/MetamorphosisNPCWild","Tane Octavius","Metadata/NPC/League/Metamorphosis/MetamorphosisNPCWild","","","Tane",0,[95],[96],26120698,0,-16908288,-16843010,-16843010,"",-16843010,-33423618,-16843010,-16843010,-16843010,-1593901314,0,0
401,"Metadata/NPC/League/Metamorphosis/MetamorphosisNPCHideout","Tane Octavius","Metadata/NPC/League/Metamorphosis/MetamorphosisNPCHideout","","","Tane",0,[95],[96],26090678,0,-16908288,-16843010,-16843010,"",0,-33488896,-16843010,-16843010,-16843010,-1593901314,0,0
402,"Metadata/NPC/League/Harvest/HarvestNPCGardenTutorial","Oshabi","Metadata/NPC/NPC",3062,"","Oshabi",0,[130],[131],-16850043,-16843010,-16843010,-16843010,-16843010,"",0,-33488896,-16843010,-16843010,-16843010,117374718,1,0
403,"Metadata/Monsters/AtlasExiles/AtlasExile1","Baran, the Crusader","Metadata/NPC/NPC","","","Baran",0,[],[],-16849430,-16843010,-16843010,-16843010,-16843010,"",-16843010,-33423618,-16843010,-16843010,-16843010,-1593901314,0,0
404,"Metadata/Monsters/AtlasExiles/AtlasExile2","Veritania, the Redeemer","Metadata/NPC/NPC","","","Veritania",0,[],[],-16889972,-16843010,-16843010,-16843010,-16843010,"",-16843010,-33423618,-16843010,-16843010,-16843010,117374718,1,0
405,"Metadata/Monsters/AtlasExiles/AtlasExile3","Al-Hezmin, the Hunter","Metadata/NPC/NPC","","","Al-Hezmin",0,[],[],-16881320,-16843010,-16843010,-16843010,-16843010,"",-16843010,-33423618,-16843010,-16843010,-16843010,-1593901314,0,0
406,"Metadata/Monsters/AtlasExiles/AtlasExile4","Drox, the Warlord","Metadata/NPC/NPC","","","Drox",0,[],[],-16874037,-16843010,-16843010,-16843010,-16843010,"",-16843010,-33423618,-16843010,-16843010,-16843010,-1593901314,0,0
407,"Metadata/Monsters/AtlasExiles/AtlasExile5","Sirus, Awakener of Worlds","Metadata/NPC/NPC","","","Sirus",0,[],[],-16898814,-16843010,-16843010,-16843010,-16843010,"",-16843010,-33423618,-16843010,-16843010,-16843010,-1593901314,0,0
408,"Metadata/NPC/Epilogue/AtlasExile5PortalEscape","Sirus, Awakener of Worlds","Metadata/NPC/NPC","","","Sirus",0,[],[],-16851828,-16843010,-16843010,-16843010,-16843010,"",-16843010,-33423618,-16843010,-16843010,-16843010,-1593901314,0,0
409,"Metadata/Monsters/AtlasExiles/AtlasExile5Intruder","Sirus, Awakener of Worlds","Metadata/NPC/NPC","","","Sirus",0,[],[],-16856477,-16843010,-16843010,-16843010,-16843010,"",-16843010,-33423618,-16843010,-16843010,-16843010,-1593901314,0,0
410,"Metadata/NPC/Epilogue/Kirac","Commander Kirac","Metadata/NPC/NPC","",6,"Kirac",11,[97],[98],-16843869,-16843010,1507070,0,0,0,0,503382016,0,0,0,-1610612736,0,0
411,"Metadata/NPC/Epilogue/KiracLab","Commander Kirac","Metadata/NPC/NPC","","","Kirac",11,[97],[98],-16858240,-16843010,1507070,0,0,0,0,-33488896,-16843010,-16843010,-16843010,-1593901314,0,0
412,"Metadata/NPC/Epilogue/KiracHideout","Commander Kirac","Metadata/NPC/NPC","",6,"Kirac",0,[97],[98],26870180,0,1441792,0,0,0,0,503382016,0,0,0,-1610612736,0,0
413,"Metadata/Monsters/Masters/Kirac","Commander Kirac","Metadata/Monsters/Masters/Kirac","","","Kirac",11,[97],[98],-16907223,-16843010,1507070,0,0,0,0,-33488896,-16843010,-16843010,-16843010,-1593901314,0,0
414,"Metadata/Monsters/Masters/KiracReliquary","Commander Kirac","Metadata/Monsters/Masters/KiracReliquary","","","Kirac",11,[97],[98],-16896747,-16843010,1507070,0,0,0,0,-33488896,-16843010,-16843010,-16843010,-1593901314,0,0
415,"Metadata/NPC/Epilogue/KiracOrionThroneRoom","Officer Kirac","Metadata/NPC/NPC","","","Kirac",11,[97],[98],-16874392,-16843010,-16843010,-16843010,-16843010,"",-16843010,-33423618,-16843010,-16843010,-16843010,-1593901314,0,0
416,"Metadata/NPC/Epilogue/ZanaOrionThroneRoom","Zana, Master Cartographer","Metadata/NPC/NPC","",6,"Zana",11,[49],[50],-16860747,-16843010,-16843010,-16843010,-16843010,"",-16843010,-33423618,-16843010,-16843010,-16843010,117374718,1,0
417,"Metadata/NPC/Epilogue/ZanaOrionPostFight","Zana, Master Cartographer","Metadata/NPC/NPC","",6,"Zana",11,[49],[50],-16864479,-16843010,-16843010,-16843010,-16843010,"",-16843010,-33423618,-16843010,-16843010,-16843010,117374718,1,0
418,"Metadata/NPC/Info/LeagueMetamorph/CrumpledLabNote","Crumpled Note","Metadata/NPC/Info/StoryGlyphBase","","","",0,[],[],-16876450,-16843010,-16843010,-16843010,-16843010,"",-16843010,-33423618,-16843010,-16843010,-16843010,2097086206,0,0
419,"Metadata/MiscellaneousObjects/Metamorphosis/MetamorphosisVat","Vat","Metadata/MiscellaneousObjects/Metamorphosis/MetamorphosisVat","","","",0,[],[],-16845287,-16843010,-16843010,-16843010,-16843010,"",-16843010,-33423618,-16843010,-16843010,-16843010,2097086206,0,0
420,"Metadata/MiscellaneousObjects/Metamorphosis/MetamorphosisVatEndgame","Vat","Metadata/MiscellaneousObjects/Metamorphosis/MetamorphosisVatEndgame","","","",0,[],[],-16886819,-16843010,-16843010,-16843010,-16843010,"",-16843010,-33423618,-16843010,-16843010,-16843010,2097086206,0,0
421,"Metadata/NPC/Info/GlyphCrusader1","Baran's Journal I","Metadata/NPC/Info/AtlasExile_GlyphBase","","","",11,[],[],-16854785,-16843010,-16843010,-16843010,-16843010,"",-16843010,-33423618,-16843010,-16843010,-16843010,2097086206,0,0
422,"Metadata/NPC/Info/GlyphCrusader2","Baran's Journal II","Metadata/NPC/Info/AtlasExile_GlyphBase","","","",11,[],[],-16859390,-16843010,-16843010,-16843010,-16843010,"",-16843010,-33423618,-16843010,-16843010,-16843010,2097086206,0,0
423,"Metadata/NPC/Info/GlyphCrusader3","Baran's Journal III","Metadata/NPC/Info/AtlasExile_GlyphBase","","","",11,[],[],-16857542,-16843010,-16843010,-16843010,-16843010,"",-16843010,-33423618,-16843010,-16843010,-16843010,2097086206,0,0
424,"Metadata/NPC/Info/GlyphCrusader4","Baran's Journal IV","Metadata/NPC/Info/AtlasExile_GlyphBase","","","",11,[],[],-16908105,-16843010,-16843010,-16843010,-16843010,"",-16843010,-33423618,-16843010,-16843010,-16843010,2097086206,0,0
425,"Metadata/NPC/Info/GlyphEyrie1","Veritania's Journal I","Metadata/NPC/Info/AtlasExile_GlyphBase","","","",11,[],[],-16893516,-16843010,-16843010,-16843010,-16843010,"",-16843010,-33423618,-16843010,-16843010,-16843010,2097086206,0,0
426,"Metadata/NPC/Info/GlyphEyrie2","Veritania's Journal II","Metadata/NPC/Info/AtlasExile_GlyphBase","","","",11,[],[],-16879457,-16843010,-16843010,-16843010,-16843010,"",-16843010,-33423618,-16843010,-16843010,-16843010,2097086206,0,0
427,"Metadata/NPC/Info/GlyphEyrie3","Veritania's Journal III","Metadata/NPC/Info/AtlasExile_GlyphBase","","","",11,[],[],-16864816,-16843010,-16843010,-16843010,-16843010,"",-16843010,-33423618,-16843010,-16843010,-16843010,2097086206,0,0
428,"Metadata/NPC/Info/GlyphEyrie4","Veritania's Journal IV","Metadata/NPC/Info/AtlasExile_GlyphBase","","","",11,[],[],-16853779,-16843010,-16843010,-16843010,-16843010,"",-16843010,-33423618,-16843010,-16843010,-16843010,2097086206,0,0
429,"Metadata/NPC/Info/GlyphBasilisk1","Al-Hezmin's Journal I","Metadata/NPC/Info/AtlasExile_GlyphBase","","","",11,[],[],-16894531,-16843010,-16843010,-16843010,-16843010,"",-16843010,-33423618,-16843010,-16843010,-16843010,2097086206,0,0
430,"Metadata/NPC/Info/GlyphBasilisk2","Al-Hezmin's Journal II","Metadata/NPC/Info/AtlasExile_GlyphBase","","","",11,[],[],-16846904,-16843010,-16843010,-16843010,-16843010,"",-16843010,-33423618,-16843010,-16843010,-16843010,2097086206,0,0
431,"Metadata/NPC/Info/GlyphBasilisk3","Al-Hezmin's Journal III","Metadata/NPC/Info/AtlasExile_GlyphBase","","","",11,[],[],-16886317,-16843010,-16843010,-16843010,-16843010,"",-16843010,-33423618,-16843010,-16843010,-16843010,2097086206,0,0
432,"Metadata/NPC/Info/GlyphBasilisk4","Al-Hezmin's Journal IV","Metadata/NPC/Info/AtlasExile_GlyphBase","","","",11,[],[],-16862673,-16843010,-16843010,-16843010,-16843010,"",-16843010,-33423618,-16843010,-16843010,-16843010,2097086206,0,0
433,"Metadata/NPC/Info/GlyphAdjudicator1","Drox's Journal I","Metadata/NPC/Info/AtlasExile_GlyphBase","","","",11,[],[],-16845341,-16843010,-16843010,-16843010,-16843010,"",-16843010,-33423618,-16843010,-16843010,-16843010,2097086206,0,0
434,"Metadata/NPC/Info/GlyphAdjudicator2","Drox's Journal II","Metadata/NPC/Info/AtlasExile_GlyphBase","","","",11,[],[],-16853682,-16843010,-16843010,-16843010,-16843010,"",-16843010,-33423618,-16843010,-16843010,-16843010,2097086206,0,0
435,"Metadata/NPC/Info/GlyphAdjudicator3","Drox's Journal III","Metadata/NPC/Info/AtlasExile_GlyphBase","","","",11,[],[],-16895987,-16843010,-16843010,-16843010,-16843010,"",-16843010,-33423618,-16843010,-16843010,-16843010,2097086206,0,0
436,"Metadata/NPC/Info/GlyphAdjudicator4","Drox's Journal IV","Metadata/NPC/Info/AtlasExile_GlyphBase","","","",11,[],[],-16884954,-16843010,-16843010,-16843010,-16843010,"",-16843010,-33423618,-16843010,-16843010,-16843010,2097086206,0,0
437,"Metadata/NPC/Info/GlyphSirus1","Sirus' Journal I","Metadata/NPC/Info/AtlasExile_GlyphBase","","","",11,[],[],-16864132,-16843010,-16843010,-16843010,-16843010,"",-16843010,-33423618,-16843010,-16843010,-16843010,2097086206,0,0
438,"Metadata/NPC/Info/GlyphSirus2","Sirus' Journal II","Metadata/NPC/Info/AtlasExile_GlyphBase","","","",11,[],[],-16889977,-16843010,-16843010,-16843010,-16843010,"",-16843010,-33423618,-16843010,-16843010,-16843010,2097086206,0,0
439,"Metadata/NPC/Info/GlyphSirus3","Sirus' Journal III","Metadata/NPC/Info/AtlasExile_GlyphBase","","","",11,[],[],-16889725,-16843010,-16843010,-16843010,-16843010,"",-16843010,-33423618,-16843010,-16843010,-16843010,2097086206,0,0
440,"Metadata/NPC/Info/GlyphSirus4","Sirus' Journal IV","Metadata/NPC/Info/AtlasExile_GlyphBase","","","",11,[],[],-16876339,-16843010,-16843010,-16843010,-16843010,"",-16843010,-33423618,-16843010,-16843010,-16843010,2097086206,0,0
441,"Metadata/NPC/League/Affliction/StrangeVoice","Strange Voice","Metadata/NPC/NPC","","","",0,[],[],-16846472,-16843010,-16843010,-16843010,-16843010,"",-16843010,-33423618,-16843010,-16843010,-16843010,-1593901314,0,0
442,"Metadata/NPC/DaughterOfSin","Daughter of Sin","Metadata/NPC/NPC","","","",0,[],[],-16865683,-16843010,-16843010,-16843010,-16843010,"",-16843010,-33423618,-16843010,-16843010,-16843010,117374718,1,0
443,"Metadata/NPC/Freya","Freya","Metadata/NPC/NPC","","","",0,[],[],-16889775,-16843010,-16843010,-16843010,-16843010,"",-16843010,-33423618,-16843010,-16843010,-16843010,117374718,1,0
444,"Metadata/Monsters/LeagueHarvest/Oshabi/OshabiBoss","Oshabi","Metadata/NPC/NPC","","","Oshabi",0,[],[],-16907848,-16843010,-16843010,-16843010,-16843010,"",-16843010,-33423618,-16843010,-16843010,-16843010,117374718,1,0
445,"Metadata/Monsters/LeagueHeist/NPCAllies/HeistFence1","Faustus, the Fence","Metadata/NPC/NPC",3273,"","Faustus",0,[],[],-16907358,-16843010,-16843010,-16843010,-16843010,"",-16843010,-33423618,-16843010,-16843010,-16843010,-1593901314,0,0
446,"Metadata/Monsters/LeagueHeist/NPCAllies/HeistLockPick1","Karst, the Lockpick","Metadata/NPC/NPC","","","Karst",0,[],[],-16892260,-16843010,-16843010,-16843010,-16843010,"",-16843010,-33423618,-16843010,-16843010,-16843010,-1593901314,0,0
447,"Metadata/Monsters/LeagueHeist/NPCAllies/HeistInterrogator1","Niles, the Interrogator","Metadata/NPC/NPC","","","Niles",0,[],[],-16889786,-16843010,-16843010,-16843010,-16843010,"",-16843010,-33423618,-16843010,-16843010,-16843010,-1593901314,0,0
448,"Metadata/Monsters/LeagueHeist/NPCAllies/HeistSoldier1","Huck, the Soldier","Metadata/NPC/NPC","","","Huck",0,[],[],-16856378,-16843010,-16843010,-16843010,-16843010,"",-16843010,-33423618,-16843010,-16843010,-16843010,-1593901314,0,0
449,"Metadata/Monsters/LeagueHeist/NPCAllies/HeistHeavyLifter1","Tibbs, the Giant","Metadata/NPC/NPC","","","Tibbs",0,[],[],-16899131,-16843010,-16843010,-16843010,-16843010,"",-16843010,-33423618,-16843010,-16843010,-16843010,-1593901314,0,0
450,"Metadata/Monsters/LeagueHeist/NPCAllies/HeistDetector1","Nenet, the Scout","Metadata/NPC/NPC","","","Nenet",0,[],[],-16907012,-16843010,-16843010,-16843010,-16843010,"",-16843010,-33423618,-16843010,-16843010,-16843010,117374718,1,0
451,"Metadata/Monsters/LeagueHeist/NPCAllies/HeistDemolitionist1","Vinderi, the Dismantler","Metadata/NPC/NPC","","","Vinderi",0,[],[],-16852285,-16843010,-16843010,-16843010,-16843010,"",-16843010,-33423618,-16843010,-16843010,-16843010,-1593901314,0,0
452,"Metadata/Monsters/LeagueHeist/NPCAllies/HeistCatBurglar1","Tullina, the Catburglar","Metadata/NPC/NPC","","","Tullina",0,[],[],-16879364,-16843010,-16843010,-16843010,-16843010,"",-16843010,-33423618,-16843010,-16843010,-16843010,117374718,1,0
453,"Metadata/Monsters/LeagueHeist/NPCAllies/HeistIllusionist1_","Gianna, the Master of Disguise","Metadata/NPC/NPC","","","Gianna",0,[],[],-16898300,-16843010,-16843010,-16843010,-16843010,"",-16843010,-33423618,-16843010,-16843010,-16843010,117374718,1,0
454,"Metadata/Monsters/LeagueHeist/NPCAllies/HeistEngineer1","Isla, the Engineer","Metadata/NPC/NPC","","","Isla",0,[],[],-16885374,-16843010,-16843010,-16843010,-16843010,"",-16843010,-33423618,-16843010,-16843010,-16843010,117374718,1,0
455,"Metadata/NPC/League/Heist/TheBoss","Kurai, the Administrator","Metadata/NPC/NPC","","","Kurai",0,[101],[102],-16854476,-16843010,65278,0,0,0,0,-33488896,-16843010,-16843010,-16843010,117374718,1,0
456,"Metadata/NPC/League/Heist/Fence","Faustus, the Fence","Metadata/NPC/NPC",3273,"","Faustus",0,[123],[124],-16894236,-16843010,130814,0,0,0,0,-33488896,-16843010,-16843010,-16843010,-1593901314,0,0
457,"Metadata/NPC/League/Heist/Driver","Adiyah, the Wayfinder","Metadata/NPC/NPC","","","Adiyah",0,[99],[100],-16878796,-16843010,196350,0,0,0,0,419495936,0,0,0,100663296,1,0
458,"Metadata/NPC/League/Heist/Barber","Whakano, the Barber","Metadata/NPC/NPC","","","Whakano",0,[111],[112],-16881340,-16843010,261886,0,0,0,0,536936448,0,0,0,-1610612736,0,0
459,"Metadata/NPC/League/Heist/Lockpick1","Karst, the Lockpick","Metadata/NPC/NPC","","","Karst",0,[107],[108],-16885302,-16843010,327422,0,0,0,0,-33488896,-16843010,-16843010,-16843010,-1593901314,0,0
460,"Metadata/NPC/League/Heist/Interrogator1","Niles, the Interrogator","Metadata/NPC/NPC","","","Niles",0,[121],[122],-16889166,-16843010,392958,0,0,0,0,-33488896,-16843010,-16843010,-16843010,-1593901314,0,0
461,"Metadata/NPC/League/Heist/Soldier1","Huck, the Soldier","Metadata/NPC/NPC","","","Huck",0,[119],[120],-16869152,-16843010,458494,0,0,0,0,-33488896,-16843010,-16843010,-16843010,-1593901314,0,0
462,"Metadata/NPC/League/Heist/HeavyLifter1","Tibbs, the Giant","Metadata/NPC/NPC","","","Tibbs",0,[105],[106],-16855649,-16843010,524030,0,0,0,0,-33488896,-16843010,-16843010,-16843010,-1593901314,0,0
463,"Metadata/NPC/League/Heist/Detector1","Nenet, the Scout","Metadata/NPC/NPC","","","Nenet",0,[115],[116],-16899882,-16843010,589566,0,0,0,0,-33488896,-16843010,-16843010,-16843010,117374718,1,0
464,"Metadata/NPC/League/Heist/Demolitionist1","Vinderi, the Dismantler","Metadata/NPC/NPC","","","Vinderi",0,[117],[118],-16878169,-16843010,655102,0,0,0,0,-33488896,-16843010,-16843010,-16843010,-1593901314,0,0
465,"Metadata/NPC/League/Heist/CatBurglar1","Tullina, the Catburglar","Metadata/NPC/NPC","","","Tullina",0,[103],[104],-16897538,-16843010,720638,0,0,0,0,-33488896,-16843010,-16843010,-16843010,117374718,1,0
466,"Metadata/NPC/League/Heist/Illusionist1","Gianna, the Master of Disguise","Metadata/NPC/NPC","","","Gianna",0,[113],[114],-16857696,-16843010,786174,0,0,0,0,-33488896,-16843010,-16843010,-16843010,117374718,1,0
467,"Metadata/NPC/League/Heist/Engineer1","Isla, the Engineer","Metadata/NPC/NPC",3260,"","Isla",0,[109],[110],-16849058,-16843010,851710,0,0,0,0,-33488896,-16843010,-16843010,-16843010,117374718,1,0
468,"Metadata/Monsters/LeagueHeist/Boss/VicVox","Vic Vox","Metadata/NPC/NPC","","","Vic",0,[],[],-16876968,-16843010,-16843010,-16843010,-16843010,"",-16843010,-33423618,-16843010,-16843010,-16843010,-1593901314,0,0
469,"Metadata/Monsters/LeagueHeist/Boss/VinnyVox","Vinny Vox","Metadata/NPC/NPC","","","Vinny",0,[],[],-16905390,-16843010,-16843010,-16843010,-16843010,"",-16843010,-33423618,-16843010,-16843010,-16843010,-1593901314,0,0
470,"Metadata/Monsters/LeagueHeist/Boss/Jamanra_","Jamanra, The Great","Metadata/NPC/NPC","","","Jamanra",0,[],[],-16903478,-16843010,-16843010,-16843010,-16843010,"",-16843010,-33423618,-16843010,-16843010,-16843010,-1593901314,0,0
471,"Metadata/Monsters/LeagueHeist/Boss/Danai","Nashta, The Usurper","Metadata/NPC/NPC","","","Nashta",0,[],[],-16843652,-16843010,-16843010,-16843010,-16843010,"",-16843010,-33423618,-16843010,-16843010,-16843010,117374718,1,0
472,"Metadata/Monsters/LeagueHeist/Boss/AdmiralDarnaw","Admiral Darnaw","Metadata/NPC/NPC","","","Darnaw",0,[],[],-16843439,-16843010,-16843010,-16843010,-16843010,"",-16843010,-33423618,-16843010,-16843010,-16843010,-1593901314,0,0
473,"Metadata/Monsters/LeagueHeist/Boss/Freidrich","Friedrich Tarollo, Slave Merchant","Metadata/NPC/NPC","","","Friedrich",0,[],[],-16881127,-16843010,-16843010,-16843010,-16843010,"",-16843010,-33423618,-16843010,-16843010,-16843010,-1593901314,0,0
474,"Metadata/NPC/League/Heist/TheBossLioneyes","Kurai, the Administrator","Metadata/NPC/NPC","","","Kurai",0,[101],[102],-16906596,-16843010,65278,0,0,0,0,-33488896,-16843010,-16843010,-16843010,117374718,1,0
475,"Metadata/Monsters/LeagueHeist/NPCAllies/HeistAdiyah","Adiyah, the Wayfinder","Metadata/NPC/NPC","","","Adiyah",0,[],[],-16904271,-16843010,-16843010,-16843010,-16843010,"",-16843010,-33423618,-16843010,-16843010,-16843010,117374718,1,0
476,"Metadata/Monsters/LeagueHeist/NPCAllies/HeistKurai","Kurai, the Administrator","Metadata/NPC/NPC","","","Kurai",0,[],[],-16894270,-16843010,-16843010,-16843010,-16843010,"",-16843010,-33423618,-16843010,-16843010,-16843010,117374718,1,0
477,"Metadata/Monsters/LeagueHeist/Boss/VicVoxMeeting_","Vic Vox","Metadata/NPC/NPC","","","Vic",0,[],[],-16868333,-16843010,-16843010,-16843010,-16843010,"",-16843010,-33423618,-16843010,-16843010,-16843010,-1593901314,0,0
478,"Metadata/NPC/League/Heist/TullinaFiance","Julius Farrow","Metadata/NPC/NPC","","","",0,[],[],-16896308,-16843010,-16843010,-16843010,-16843010,"",-16843010,-33423618,-16843010,-16843010,-16843010,117374718,1,0
479,"Metadata/NPC/Act3/Tolman","Tolman","Metadata/NPC/NPC","","","",3,[],[],-16898979,-16843010,-16843010,-16843010,-16843010,"",-16843010,-33423618,-16843010,-16843010,-16843010,-1593901314,0,0
480,"Metadata/NPC/Act8/Solaris","Solaris","Metadata/NPC/NPC","","","",0,[],[],-16905689,-16843010,-16843010,-16843010,-16843010,"",-16843010,-33423618,-16843010,-16843010,-16843010,117374718,1,0
481,"Metadata/NPC/Act8/Lunarus","Lunaris","Metadata/NPC/NPC","","","",0,[],[],-16867886,-16843010,-16843010,-16843010,-16843010,"",-16843010,-33423618,-16843010,-16843010,-16843010,117374718,1,0
482,"Metadata/NPC/RiddleQuest","","Metadata/NPC/NPC","","","",0,[],[],-16858606,-16843010,-16843010,-16843010,-16843010,"",-16843010,-33423618,-16843010,-16843010,-16843010,2097086206,0,0
483,"Metadata/NPC/League/EndlessDelve/Lilly","Lilly Roth","Metadata/NPC/Act10/Lilly","","","Lilly",0,[153],[154],-16884165,-16843010,-16843010,-16843010,-16843010,"",-16843010,402783998,0,0,0,100663296,1,0
484,"Metadata/NPC/Epilogue/Envoy","The Envoy","Metadata/NPC/NPC","","","",11,[128],[129],-16880575,-16843010,917246,0,0,0,0,-33488896,-16843010,-16843010,-16843010,-1593901314,0,0
485,"Metadata/NPC/Epilogue/EnvoyRandom","The Envoy","Metadata/NPC/NPC","","","",11,[128],[129],-16902602,-16843010,917246,0,0,0,0,-33488896,-16843010,-16843010,-16843010,-1593901314,0,0
486,"Metadata/NPC/Epilogue/EnvoyMaven","The Envoy","Metadata/NPC/NPC",3157,"","",11,[132],[133],-16890027,-16843010,917246,0,0,0,0,-33488896,-16843010,-16843010,-16843010,-1593901314,0,0
487,"Metadata/NPC/Epilogue/EnvoyTangle","The Envoy","Metadata/NPC/NPC","","","",11,[128],[129],-16885600,-16843010,917246,0,0,0,0,-33488896,-16843010,-16843010,-16843010,-1593901314,0,0
488,"Metadata/NPC/Epilogue/EnvoyCleansingFire","The Envoy","Metadata/NPC/NPC","","","",11,[128],[129],-16867833,-16843010,917246,0,0,0,0,-33488896,-16843010,-16843010,-16843010,-1593901314,0,0
489,"Metadata/NPC/Epilogue/EnvoyTangleBoss1","The Envoy","Metadata/NPC/Epilogue/EnvoyPostBoss","","","",11,[128],[129],-16874176,-16843010,917246,0,0,0,0,-33488896,-16843010,-16843010,-16843010,-1593901314,0,0
490,"Metadata/NPC/Epilogue/EnvoyTangleBoss2","The Envoy","Metadata/NPC/Epilogue/EnvoyPostBoss",3158,"","",11,[128],[129],-16884807,-16843010,917246,0,0,0,0,-33488896,-16843010,-16843010,-16843010,-1593901314,0,0
491,"Metadata/NPC/Epilogue/EnvoyCleansingFireBoss1","The Envoy","Metadata/NPC/Epilogue/EnvoyPostBoss","","","",11,[128],[129],-16846744,-16843010,917246,0,0,0,0,-33488896,-16843010,-16843010,-16843010,-1593901314,0,0
492,"Metadata/NPC/Epilogue/EnvoyCleansingFireBoss2","The Envoy","Metadata/NPC/Epilogue/EnvoyPostBoss",3159,"","",11,[128],[129],-16848390,-16843010,917246,0,0,0,0,-33488896,-16843010,-16843010,-16843010,-1593901314,0,0
493,"Metadata/NPC/Epilogue/Maven","The Maven","Metadata/NPC/NPC","","","",11,[],[],-16857926,-16843010,-16843010,-16843010,-16843010,"",-16843010,-33423618,-16843010,-16843010,-16843010,117374718,1,0
494,"Metadata/NPC/Epilogue/MavenInfluenceIntro","The Maven","Metadata/NPC/NPC","","","",11,[],[],-16873502,-16843010,-16843010,-16843010,-16843010,"",-16843010,-33423618,-16843010,-16843010,-16843010,117374718,1,0
495,"Metadata/NPC/Epilogue/MavenBossObserver","The Maven","Metadata/NPC/NPC","","","",11,[],[],-16876842,-16843010,-16843010,-16843010,-16843010,"",-16843010,-33423618,-16843010,-16843010,-16843010,117374718,1,0
496,"Metadata/Monsters/MavenBoss/TheMaven","The Maven","Metadata/NPC/NPC","","","",11,[],[],-16904095,-16843010,-16843010,-16843010,-16843010,"",-16843010,-33423618,-16843010,-16843010,-16843010,117374718,1,0
497,"Metadata/Monsters/MavenBoss/MavenBrainBoss","The Maven","Metadata/NPC/NPC","","","",11,[],[],-16897482,-16843010,-16843010,-16843010,-16843010,"",-16843010,-33423618,-16843010,-16843010,-16843010,117374718,1,0
498,"Metadata/Monsters/CrimsonPriest","Kadaris, Crimson Mayor","Metadata/NPC/NPC","","","Kadaris",0,[],[],-16866338,-16843010,-16843010,-16843010,-16843010,"",-16843010,-33423618,-16843010,-16843010,-16843010,-1593901314,0,0
499,"Metadata/Monsters/Skeletons/Pirate/BrutalPirateLordBoss","Captain Clayborne, The Accursed","Metadata/NPC/NPC","","","Clayborne",0,[],[],-16886178,-16843010,-16843010,-16843010,-16843010,"",-16843010,-33423618,-16843010,-16843010,-16843010,-1593901314,0,0
500,"Metadata/Monsters/LunarisSolaris/LunarisMap","Khor, Sister of Shadows","Metadata/NPC/NPC","","","Khor",0,[],[],-16908013,-16843010,-16843010,-16843010,-16843010,"",-16843010,-33423618,-16843010,-16843010,-16843010,117374718,1,0
501,"Metadata/Monsters/LunarisSolaris/SolarisMap","Ara, Sister of Light","Metadata/NPC/NPC","","","Ara",0,[],[],-16904856,-16843010,-16843010,-16843010,-16843010,"",-16843010,-33423618,-16843010,-16843010,-16843010,117374718,1,0
502,"Metadata/Monsters/DjinnDemon/DjinnDemonMapBoss_","Ormud, Fiend of the Flood","Metadata/NPC/NPC","","","Ormud",0,[],[],-16892308,-16843010,-16843010,-16843010,-16843010,"",-16843010,-33423618,-16843010,-16843010,-16843010,-1593901314,0,0
503,"Metadata/Monsters/Vilenta/VilentaMap_","Renkarr, The Kiln Keeper","Metadata/NPC/NPC","","","Renkarr",0,[],[],-16905141,-16843010,-16843010,-16843010,-16843010,"",-16843010,-33423618,-16843010,-16843010,-16843010,117374718,1,0
504,"Metadata/Monsters/Thaumaturgy/ThaumaturgistBoss","Ciergan, Shadow Alchemist","Metadata/NPC/NPC","","","Ciergan",0,[],[],-16877597,-16843010,-16843010,-16843010,-16843010,"",-16843010,-33423618,-16843010,-16843010,-16843010,-1593901314,0,0
505,"Metadata/NPC/League/Ultimatum/UltimatumNPC","The Trialmaster","Metadata/NPC/NPC","","","The Trialmaster",0,[134],"[135,136]",-16857574,-16843010,982782,0,0,0,0,-33488896,-16843010,-16843010,-16843010,-1593901314,0,0
506,"Metadata/NPC/League/Ultimatum/UltimatumNPCPostFight","The Trialmaster","Metadata/NPC/League/Ultimatum/UltimatumNPCBossEndScene","","","The Trialmaster",0,[134],[135],-16851729,-16843010,982782,0,0,0,0,-33488896,-16843010,-16843010,-16843010,-1593901314,0,0
507,"Metadata/Monsters/LeagueDelve/VaalCityBoss","Ahuatotli, the Blind","Metadata/Monsters/LeagueDelve/CityBosses/DelveVaalCityBoss","","","Ahuatotli",0,[],[],-16881056,-16843010,-16843010,-16843010,-16843010,"",-16843010,-33423618,-16843010,-16843010,-16843010,-1593901314,0,0
508,"Metadata/Monsters/LeagueDelve/ProtoVaalCityBoss","Aul, the Crystal King","Metadata/Monsters/LeagueDelve/CityBosses/DelveProtoVaalCityBoss","","","Aul",0,[],[],-16896475,-16843010,-16843010,-16843010,-16843010,"",-16843010,-33423618,-16843010,-16843010,-16843010,-1593901314,0,0
509,"Metadata/Monsters/LeagueUltimatum/TrialMaster/TrialMasterBoss","The Trialmaster","Metadata/Monsters/LeagueUltimatum/TrialMaster/TrialMasterBoss","","","The Trialmaster",0,[],[],-16852639,-16843010,-16843010,-16843010,-16843010,"",-16843010,-33423618,-16843010,-16843010,-16843010,-1593901314,0,0
510,"Metadata/NPC/Hasina","Hasina","Metadata/NPC/NPC","","","",0,[],[],-16896374,-16843010,-16843010,-16843010,-16843010,"",-16843010,-33423618,-16843010,-16843010,-16843010,117374718,1,0
511,"Metadata/NPC/League/Expedition/Saga","Dannig, Warrior Skald","Metadata/NPC/NPC",2410,"","Dannig",0,[137],[138],-16860184,-16843010,1113854,0,0,0,0,486604800,0,0,0,-1610612736,0,0
512,"Metadata/NPC/League/Expedition/Gambler","Gwennen, the Gambler","Metadata/NPC/NPC",2407,"","Gwennen",0,[145],[146],-16902758,-16843010,1179390,0,0,0,0,453050368,0,0,0,100663296,1,0
513,"Metadata/NPC/League/Expedition/Haggler","Tujen, the Haggler","Metadata/NPC/NPC",2408,"","Tujen",0,[143],[144],-16860069,-16843010,1244926,0,0,0,0,469827584,0,0,0,-1610612736,0,0
514,"Metadata/NPC/League/Expedition/Dealer","Rog, the Dealer","Metadata/NPC/NPC",2409,"","Rog",0,[140],[141],-16885115,-16843010,1310462,0,0,0,0,436273152,0,0,0,-1610612736,0,0
515,"Metadata/Monsters/LeagueExpedition/NPC/ExpeditionDannig","Dannig","Metadata/NPC/NPC",2410,"","Dannig",0,[139],[138],33527691,0,1048576,0,0,0,0,486604800,0,0,0,-1610612736,0,0
516,"Metadata/Monsters/LeagueExpedition/NPC/ExpeditionGwennen_","Gwennen","Metadata/NPC/NPC",2407,"","Gwennen",0,[145],"[146,147,148]",33580017,0,1114112,0,0,0,0,453050368,0,0,0,100663296,1,0
517,"Metadata/Monsters/LeagueExpedition/NPC/ExpeditionTujen","Tujen","Metadata/NPC/NPC",2408,"","Tujen",0,[143],[144],33655772,0,1179648,0,0,0,0,469827584,0,0,0,-1610612736,0,0
518,"Metadata/Monsters/LeagueExpedition/NPC/ExpeditionRog","Rog","Metadata/NPC/NPC",2409,"","Rog",0,[140],[141],33744212,0,1245184,0,0,0,0,436273152,0,0,0,-1610612736,0,0
519,"Metadata/NPC/League/Expedition/SagaHideout","Dannig, Warrior Skald","Metadata/NPC/NPC",2410,"","Dannig",0,[137],[138],33497582,0,1048576,0,0,0,0,486604800,0,0,0,-1610612736,0,0
520,"Metadata/NPC/League/Expedition/GamblerHideout","Gwennen, the Gambler","Metadata/NPC/NPC",2407,"","Gwennen",0,[145],[146],33592126,0,1114112,0,0,0,0,453050368,0,0,0,100663296,1,0
521,"Metadata/NPC/League/Expedition/HagglerHideout","Tujen, the Haggler","Metadata/NPC/NPC",2408,"","Tujen",0,[143],[144],33640321,0,1179648,0,0,0,0,469827584,0,0,0,-1610612736,0,0
522,"Metadata/NPC/League/Expedition/DealerHideout","Rog, the Dealer","Metadata/NPC/NPC",2409,"","Rog",0,[140],[141],33742502,0,1245184,0,0,0,0,436273152,0,0,0,-1610612736,0,0
523,"RoyaleAnnouncer","Royale Announcer","Metadata/NPC/NPC","","","Royale Announcer",0,[],[],-16903534,-16843010,-16843010,-16843010,-16843010,"",-16843010,-33423618,-16843010,-16843010,-16843010,-1593901314,0,0
524,"Metadata/Monsters/LeagueExpedition/ReaperBoss/ReaperBoss_","Vorana, Last to Fall","Metadata/Monsters/LeagueExpedition/ReaperBoss/ReaperBoss","","","Vorana",0,[],[],-16903554,-16843010,-16843010,-16843010,-16843010,"",-16843010,-33423618,-16843010,-16843010,-16843010,117374718,1,0
525,"Metadata/Monsters/LeagueExpedition/ReaperBoss/ReaperBossMap","Nightmare of Vorana","Metadata/Monsters/LeagueExpedition/ReaperBoss/ReaperBossMap","","","Nightmare of Vorana",0,[],[],-16862215,-16843010,-16843010,-16843010,-16843010,"",-16843010,-33423618,-16843010,-16843010,-16843010,117374718,1,0
526,"Metadata/Monsters/LeagueExpedition/ApparitionBoss/ApparitionExpedition","Uhtred","Metadata/Monsters/LeagueExpedition/ApparitionBoss/ApparitionBoss","","","Uhtred",0,[],[],-16859538,-16843010,-16843010,-16843010,-16843010,"",-16843010,-33423618,-16843010,-16843010,-16843010,-1593901314,0,0
527,"Metadata/Monsters/LeagueExpedition/ApparitionBoss/ApparitionExpeditionMap","Nightmare of Uhtred","Metadata/Monsters/LeagueExpedition/ApparitionBoss/ApparitionBossMap","","","Nightmare of Uhtred",0,[],[],-16873306,-16843010,-16843010,-16843010,-16843010,"",-16843010,-33423618,-16843010,-16843010,-16843010,-1593901314,0,0
528,"Metadata/Monsters/LeagueExpedition/Olroth","Olroth, Origin of the Fall","Metadata/Monsters/LeagueExpedition/Olroth/Olroth","","","Olroth",0,[],[],-16879803,-16843010,-16843010,-16843010,-16843010,"",-16843010,-33423618,-16843010,-16843010,-16843010,-1593901314,0,0
529,"Metadata/Monsters/LeagueExpedition/Medved","Medved","Metadata/Monsters/LeagueExpedition/Medved/MedvedBoss","","","Medved",0,[],[],-16881020,-16843010,-16843010,-16843010,-16843010,"",-16843010,-33423618,-16843010,-16843010,-16843010,-1593901314,0,0
530,"Metadata/Monsters/LeagueExpedition/Medved/MedvedBossMap_","Nightmare of Medved","Metadata/Monsters/LeagueExpedition/Medved/MedvedBossMap","","","Nightmare of Medved",0,[],[],-16894911,-16843010,-16843010,-16843010,-16843010,"",-16843010,-33423618,-16843010,-16843010,-16843010,-1593901314,0,0
531,"Metadata/NPC/League/Hellscape/HellscapeNPC","The Last to Die","Metadata/NPC/NPC","","","The Last to Die",0,[149],[150],-16896712,-16843010,1441534,0,0,0,0,-33488896,-16843010,-16843010,-16843010,117374718,1,0
532,"Metadata/NPC/League/Hellscape/HellscapeNPCWild","The Last to Die","Metadata/NPC/NPC","","","The Last to Die",0,[],[151],34805326,0,1376256,0,0,0,0,-33488896,-16843010,-16843010,-16843010,117374718,1,0
533,"Metadata/NPC/League/Hellscape/HellscapeNPCHideout","The Last to Die","Metadata/NPC/NPC","","","The Last to Die",0,[149],[150],34840690,0,1376256,0,0,0,0,-33488896,-16843010,-16843010,-16843010,117374718,1,0
534,"Metadata/NPC/Skadi","Skadi","Metadata/NPC/NPC","","","",0,[],[],-16875461,-16843010,-16843010,-16843010,-16843010,"",-16843010,-33423618,-16843010,-16843010,-16843010,117374718,1,0
535,"Metadata/NPC/Epilogue/LillyHideout","Lilly Roth","Metadata/NPC/NPC","","","Lilly",0,[152],[],-16896905,-16843010,-16843010,-16843010,-16843010,"",0,587268096,0,0,0,100663296,1,0
536,"Metadata/NPC/Epilogue/HelenaIntro","Helena","Metadata/NPC/NPC","",3,"Helena",11,[24],[25],24135435,0,-16908288,-16843010,-16843010,"",0,-33488896,-16843010,-16843010,-16843010,117374718,1,0
537,"Metadata/Monsters/AtlasInvaders/BlackStarMonsters/BlackStarBoss","The Black Star","Metadata/Monsters/AtlasInvaders/BlackStarMonsters/BlackStarBoss","","","The Black Star",0,[],[],-16873058,-16843010,-16843010,-16843010,-16843010,"",-16843010,-33423618,-16843010,-16843010,-16843010,2097086206,0,0
538,"Metadata/Monsters/AtlasInvaders/CleansingMonsters/CleansingBoss","The Searing Exarch","Metadata/Monsters/AtlasInvaders/CleansingMonsters/CleansingBoss","","","The Searing Exarch",0,[],[],-16847679,-16843010,-16843010,-16843010,-16843010,"",-16843010,-33423618,-16843010,-16843010,-16843010,2097086206,0,0
539,"Metadata/Monsters/AtlasInvaders/ConsumeMonsters/ConsumeBoss","The Eater of Worlds","Metadata/Monsters/AtlasInvaders/ConsumeMonsters/ConsumeBoss","","","The Eater of Worlds",0,[],[],-16885598,-16843010,-16843010,-16843010,-16843010,"",-16843010,-33423618,-16843010,-16843010,-16843010,2097086206,0,0
540,"Metadata/Monsters/AtlasInvaders/DoomMonsters/DoomBoss_","The Infinite Hunger","Metadata/Monsters/AtlasInvaders/DoomMonsters/DoomBoss","","","The Infinite Hunger",0,[],[],-16872501,-16843010,-16843010,-16843010,-16843010,"",-16843010,-33423618,-16843010,-16843010,-16843010,2097086206,0,0
541,"Metadata/NPC/BladeSoul","Blade Soul","Metadata/NPC/NPC","","","",0,[],[],-16853658,-16843010,-16843010,-16843010,-16843010,"",-16843010,-33423618,-16843010,-16843010,-16843010,2097086206,0,0
542,"Metadata/NPC/League/Lake/Arbiter","Kalandra","Metadata/NPC/NPC","","","Kalandra",0,[],[],-16852739,-16843010,-16843010,-16843010,-16843010,"",-16843010,-33423618,-16843010,-16843010,-16843010,117374718,1,0
543,"Metadata/Monsters/LeagueLake/ArbiterWild","Kalandra","Metadata/NPC/NPC","","","Kalandra",0,[],[],-16885868,-16843010,-16843010,-16843010,-16843010,"",-16843010,-33423618,-16843010,-16843010,-16843010,117374718,1,0
544,"Metadata/Monsters/LeagueLake/ArbiterWildEvil","Kalandra","Metadata/NPC/NPC","","","Kalandra",0,[],[],-16868974,-16843010,-16843010,-16843010,-16843010,"",-16843010,-33423618,-16843010,-16843010,-16843010,117374718,1,0
545,"Metadata/Monsters/LeagueLake/ArbiterHideout","Kalandra","Metadata/NPC/NPC","","","Kalandra",0,[],[],-16899486,-16843010,-16843010,-16843010,-16843010,"",-16843010,-33423618,-16843010,-16843010,-16843010,117374718,1,0
546,"Metadata/Monsters/LeagueLake/ArbiterHideoutEvil","Kalandra","Metadata/NPC/NPC","","","Kalandra",0,[],[],-16893177,-16843010,-16843010,-16843010,-16843010,"",-16843010,-33423618,-16843010,-16843010,-16843010,117374718,1,0
547,"Metadata/NPC/WarlordsLieutenant_Portal","Lieutenant","Metadata/NPC/NPC","","","Lieutenant",0,[],[],-16906262,-16843010,-16843010,-16843010,-16843010,"",-16843010,-33423618,-16843010,-16843010,-16843010,2097086206,0,0
548,"Metadata/NPC/CultistSpirit","Mysterious Voice","Metadata/NPC/NPC","","","Mysterious Voice",0,[],[],-16854302,-16843010,-16843010,-16843010,-16843010,"",-16843010,-33423618,-16843010,-16843010,-16843010,2097086206,0,0
549,"Metadata/NPC/MercenarySpirit","Mysterious Voice","Metadata/NPC/NPC","","","Mysterious Voice",0,[],[],-16881436,-16843010,-16843010,-16843010,-16843010,"",-16843010,-33423618,-16843010,-16843010,-16843010,2097086206,0,0
550,"Metadata/NPC/PyromaniacSpirit","Mysterious Voice","Metadata/NPC/NPC","","","Mysterious Voice",0,[],[],-16864217,-16843010,-16843010,-16843010,-16843010,"",-16843010,-33423618,-16843010,-16843010,-16843010,2097086206,0,0
551,"Metadata/NPC/TemplarZealotSpirit","Mysterious Voice","Metadata/NPC/NPC","","","Mysterious Voice",0,[],[],-16877864,-16843010,-16843010,-16843010,-16843010,"",-16843010,-33423618,-16843010,-16843010,-16843010,2097086206,0,0
552,"Metadata/NPC/Info/KalandraGlyph01","Ancient Etchings I","Metadata/NPC/League/Lake/LakeStoryGlyph","","","Ancient Etchings I",-1,[],[],-16892531,-16843010,-16843010,-16843010,-16843010,"",-16843010,-33423618,-16843010,-16843010,-16843010,2097086206,0,0
553,"Metadata/NPC/Info/KalandraGlyph02","Ancient Etchings II","Metadata/NPC/League/Lake/LakeStoryGlyph","","","Ancient Etchings II",-1,[],[],-16885052,-16843010,-16843010,-16843010,-16843010,"",-16843010,-33423618,-16843010,-16843010,-16843010,2097086206,0,0
554,"Metadata/NPC/Info/KalandraGlyph03","Ancient Etchings III","Metadata/NPC/League/Lake/LakeStoryGlyph","","","Ancient Etchings III",-1,[],[],-16845419,-16843010,-16843010,-16843010,-16843010,"",-16843010,-33423618,-16843010,-16843010,-16843010,2097086206,0,0
555,"Metadata/NPC/Info/KalandraGlyph04","Ancient Etchings IV","Metadata/NPC/League/Lake/LakeStoryGlyph","","","Ancient Etchings IV",-1,[],[],-16845153,-16843010,-16843010,-16843010,-16843010,"",-16843010,-33423618,-16843010,-16843010,-16843010,2097086206,0,0
556,"Metadata/NPC/Info/KalandraGlyph05","Ancient Etchings V","Metadata/NPC/League/Lake/LakeStoryGlyph","","","Ancient Etchings V",-1,[],[],-16855546,-16843010,-16843010,-16843010,-16843010,"",-16843010,-33423618,-16843010,-16843010,-16843010,2097086206,0,0
557,"Metadata/NPC/Info/KalandraGlyph06","Ancient Etchings VI","Metadata/NPC/League/Lake/LakeStoryGlyph","","","Ancient Etchings VI",-1,[],[],-16880399,-16843010,-16843010,-16843010,-16843010,"",-16843010,-33423618,-16843010,-16843010,-16843010,2097086206,0,0
558,"Metadata/NPC/Info/KalandraGlyph07","Ancient Etchings VII","Metadata/NPC/League/Lake/LakeStoryGlyph","","","Ancient Etchings VII",-1,[],[],-16862299,-16843010,-16843010,-16843010,-16843010,"",-16843010,-33423618,-16843010,-16843010,-16843010,2097086206,0,0
559,"Metadata/NPC/Mel","Mel","Metadata/NPC/NPC","","","",0,[],[],-16902040,-16843010,-16843010,-16843010,-16843010,"",-16843010,-33423618,-16843010,-16843010,-16843010,117374718,1,0
560,"Metadata/NPC/Epilogue/CadiroHideout","Cadiro Perandus","Metadata/NPC/NPC","","","Cadiro",0,[155],[156],-16889559,-16843010,1638142,0,0,0,0,-33554432,-16843010,-16843010,-16843010,-1593901314,0,0
561,"Metadata/Monsters/Masters/SanctumNPC","Divinia","Metadata/NPC/NPC","","","Divinia",0,[],[],-16865681,-16843010,-16843010,-16843010,-16843010,"",-16843010,-33423618,-16843010,-16843010,-16843010,117374718,1,0
562,"Metadata/NPC/League/Sanctum/SanctumNPCTown","Divinia","Metadata/NPC/NPC","","","Divinia",0,[157],[160],-16856113,-16843010,1572606,0,0,0,0,-33488896,-16843010,-16843010,-16843010,117374718,1,0
563,"Metadata/NPC/League/Sanctum/SanctumNPCTownAct7","Divinia","Metadata/NPC/NPC","","","Divinia",0,[157],[160],-16847196,-16843010,1572606,0,0,0,0,-33488896,-16843010,-16843010,-16843010,117374718,1,0
564,"Metadata/NPC/League/Sanctum/SanctumNPCMerchant","Divinia","Metadata/NPC/NPC","","","Divinia",0,[159],[162],-16860952,-16843010,1572606,0,0,0,0,-33488896,-16843010,-16843010,-16843010,117374718,1,0
565,"Metadata/NPC/League/Sanctum/SanctumNPCAirlock","Divinia","Metadata/NPC/NPC","","","Divinia",0,[158],[161],-16861299,-16843010,1572606,0,0,0,0,-33488896,-16843010,-16843010,-16843010,117374718,1,0
566,"Metadata/NPC/League/Sanctum/Lycia","Lycia","Metadata/NPC/NPC","","","Lycia",0,[],[],-16884932,-16843010,-16843010,-16843010,-16843010,"",-16843010,-33423618,-16843010,-16843010,-16843010,117374718,1,0
567,"Metadata/Monsters/LeagueSanctum/Boss/LyciaBoss","Lycia, Unholy Heretic","Metadata/Monsters/LeagueSanctum/Boss/LyciaBoss","","","Lycia",0,[],[],-16898571,-16843010,-16843010,-16843010,-16843010,"",-16843010,-33423618,-16843010,-16843010,-16843010,117374718,1,0
568,"Metadata/Monsters/LeagueSanctum/Boss/Lycia2Boss","Lycia, Herald of the Scourge","Metadata/Monsters/LeagueSanctum/Boss/Lycia2Boss","","","Lycia",0,[],[],-16882201,-16843010,-16843010,-16843010,-16843010,"",-16843010,-33423618,-16843010,-16843010,-16843010,117374718,1,0
569,"Metadata/Monsters/LeagueSanctum/Boss/Lycia2BossMap","Nightmare of Lycia","Metadata/Monsters/LeagueSanctum/Boss/Lycia2BossMap","","","Nightmare of Lycia",0,[],[],-16897115,-16843010,-16843010,-16843010,-16843010,"",-16843010,-33423618,-16843010,-16843010,-16843010,117374718,1,0
570,"Metadata/NPC/Info/LyciaGlyph01","Remembrance","Metadata/NPC/Info/StoryGlyphBase","","","Remembrance",0,[],[],-16876025,-16843010,-16843010,-16843010,-16843010,"",-16843010,-33423618,-16843010,-16843010,-16843010,2097086206,0,0
571,"Metadata/NPC/Info/LyciaGlyph02","The Templars","Metadata/NPC/Info/StoryGlyphBase","","","The Templars",0,[],[],-16878966,-16843010,-16843010,-16843010,-16843010,"",-16843010,-33423618,-16843010,-16843010,-16843010,2097086206,0,0
572,"Metadata/NPC/Info/LyciaGlyph03","Creations","Metadata/NPC/Info/StoryGlyphBase","","","Creations",0,[],[],-16869734,-16843010,-16843010,-16843010,-16843010,"",-16843010,-33423618,-16843010,-16843010,-16843010,2097086206,0,0
573,"Metadata/NPC/Info/LyciaGlyph04","Capture","Metadata/NPC/Info/StoryGlyphBase","","","Capture",0,[],[],-16863799,-16843010,-16843010,-16843010,-16843010,"",-16843010,-33423618,-16843010,-16843010,-16843010,2097086206,0,0
574,"Metadata/NPC/Info/LyciaGlyph05","Sustenance","Metadata/NPC/Info/StoryGlyphBase","","","Sustenance",0,[],[],-16868196,-16843010,-16843010,-16843010,-16843010,"",-16843010,-33423618,-16843010,-16843010,-16843010,2097086206,0,0
575,"Metadata/NPC/Info/LyciaGlyph06","Immortality","Metadata/NPC/Info/StoryGlyphBase","","","Immortality",0,[],[],-16847270,-16843010,-16843010,-16843010,-16843010,"",-16843010,-33423618,-16843010,-16843010,-16843010,2097086206,0,0
576,"Metadata/NPC/Info/LyciaGlyph07","Isolation","Metadata/NPC/Info/StoryGlyphBase","","","Isolation",0,[],[],-16855709,-16843010,-16843010,-16843010,-16843010,"",-16843010,-33423618,-16843010,-16843010,-16843010,2097086206,0,0
577,"Metadata/NPC/Info/LyciaGlyph08","Beidat","Metadata/NPC/Info/StoryGlyphBase","","","Beidat",0,[],[],-16896381,-16843010,-16843010,-16843010,-16843010,"",-16843010,-33423618,-16843010,-16843010,-16843010,2097086206,0,0
578,"Metadata/NPC/Info/LyciaGlyph09","Forbidden Knowledge","Metadata/NPC/Info/StoryGlyphBase","","","Forbidden Knowledge",0,[],[],-16899799,-16843010,-16843010,-16843010,-16843010,"",-16843010,-33423618,-16843010,-16843010,-16843010,2097086206,0,0
579,"Metadata/NPC/ChaosEntity","Chaos Entity","","","","Chaos Entity",0,[],[],-16843963,-16843010,-16843010,-16843010,-16843010,"",-16843010,-33423618,-16843010,-16843010,-16843010,2097086206,0,0
580,"Metadata/NPC/Chieftain_Portal","Chieftain Ancestor","Metadata/NPC/NPC","","","Chieftain",0,[],[],-16852168,-16843010,-16843010,-16843010,-16843010,"",-16843010,-33423618,-16843010,-16843010,-16843010,2097086206,0,0
581,"Metadata/Pet/Raccoon/Raccoon","","Metadata/Pet/Raccoon/Raccoon","","","",0,[],[],-16864000,-16843010,-16843010,-16843010,-16843010,"",-16843010,-33423618,-16843010,-16843010,-16843010,2097086206,0,0
582,"Metadata/NPC/GoblinBand","","","","","",0,[],[],-16858111,-16843010,-16843010,-16843010,-16843010,"",-16843010,-33423618,-16843010,-16843010,-16843010,2097086206,0,0
583,"Metadata/NPC/MoltenOne","The Molten One","","","","The Molten One",0,[],[],-16861378,-16843010,-16843010,-16843010,-16843010,"",-16843010,-33423618,-16843010,-16843010,-16843010,2097086206,0,0
584,"Metadata/NPC/Info/MoltenOneGlyph01","The Redblade Caldera","Metadata/NPC/Info/Crucible_GlyphRegular","","","The Redblade Caldera",0,[],[],-16843191,-16843010,-16843010,-16843010,-16843010,"",-16843010,-33423618,-16843010,-16843010,-16843010,2097086206,0,0
585,"Metadata/NPC/Info/MoltenOneGlyph02","An Unlikely Alliance","Metadata/NPC/Info/Crucible_GlyphUber","","","An Unlikely Alliance",0,[],[],-16847936,-16843010,-16843010,-16843010,-16843010,"",-16843010,-33423618,-16843010,-16843010,-16843010,2097086206,0,0
586,"Metadata/Terrain/Doodads/Hideouts/DemonCraftingBench","Kosis, the Chained","Metadata/NPC/NPC","","","Kosis",0,[],[],-16898279,-16843010,-16843010,-16843010,-16843010,"",-16843010,-33423618,-16843010,-16843010,-16843010,2097086206,0,0
587,"Metadata/NPC/League/Ancestral/NavaliBackroom","Navali","Metadata/NPC/League/Ancestral/NavaliBackroom","","","Navali",0,[165],[166],-16855303,-16843010,-16843010,-16843010,-16843010,"",0,-33488896,-16843010,-16843010,-16843010,2097086206,0,16777216
588,"Metadata/NPC/League/Ancestral/NavaliAnnouncer","Navali","Metadata/NPC/League/Ancestral/AncestralNPCBase","","","Navali",0,[],[],-16895117,-16843010,-16843010,-16843010,-16843010,"",-16843010,-33423618,-16843010,-16843010,-16843010,2097086206,0,0
589,"Metadata/NPC/League/Ancestral/KaomBackroom","Kaom","Metadata/NPC/League/Ancestral/KaomBackroom",2723,"","Kaom",0,[163],[164],-16861946,-16843010,-16843010,-16843010,-16843010,"",0,-33488896,-16843010,-16843010,-16843010,2097086206,0,16777216
590,"Metadata/NPC/League/Ancestral/RakiataBackroom","Rakiata","Metadata/NPC/League/Ancestral/RakiataBackroom",2768,"","Rakiata",0,[167],[168],-16887217,-16843010,-16843010,-16843010,-16843010,"",0,-33488896,-16843010,-16843010,-16843010,2097086206,0,16777216
591,"Metadata/NPC/League/Ancestral/IkiahoBackroom","Ikiaho","Metadata/NPC/League/Ancestral/IkiahoBackroom",2724,"","Ikiaho",0,[175],[176],-16859753,-16843010,-16843010,-16843010,-16843010,"",0,-33488896,-16843010,-16843010,-16843010,2097086206,0,16777216
592,"Metadata/NPC/League/Ancestral/KiloavaBackroom","Kiloava","Metadata/NPC/League/Ancestral/KiloavaBackroom",2767,"","Kiloava",0,[173],[174],-16876035,-16843010,-16843010,-16843010,-16843010,"",0,-33488896,-16843010,-16843010,-16843010,2097086206,0,16777216
593,"Metadata/NPC/League/Ancestral/TawhanukuBackroom","Tawhanuku","Metadata/NPC/League/Ancestral/TawhanukuBackroom",2763,"","Tawhanuku",0,[183],[184],-16895376,-16843010,-16843010,-16843010,-16843010,"",0,-33488896,-16843010,-16843010,-16843010,2097086206,0,16777216
594,"Metadata/NPC/League/Ancestral/MaataBackroom","Maata","Metadata/NPC/League/Ancestral/MaataBackroom",2769,"","Maata",0,[171],[172],-16897802,-16843010,-16843010,-16843010,-16843010,"",0,-33488896,-16843010,-16843010,-16843010,2097086206,0,16777216
595,"Metadata/NPC/League/Ancestral/UtulaBackroom","Utula","Metadata/NPC/League/Ancestral/UtulaBackroom",2722,"","Utula",0,[169],[170],-16879538,-16843010,-16843010,-16843010,-16843010,"",0,-33488896,-16843010,-16843010,-16843010,2097086206,0,16777216
596,"Metadata/NPC/League/Ancestral/AhuanaBackroom","Ahuana","Metadata/NPC/League/Ancestral/AhuanaBackroom",2764,"","Ahuana",0,[179],[180],-16874562,-16843010,-16843010,-16843010,-16843010,"",0,-33488896,-16843010,-16843010,-16843010,2097086206,0,16777216
597,"Metadata/NPC/League/Ancestral/AkoyaBackroom","Akoya","Metadata/NPC/League/Ancestral/AkoyaBackroom",2765,"","Akoya",0,[181],[182],-16880891,-16843010,-16843010,-16843010,-16843010,"",0,-33488896,-16843010,-16843010,-16843010,2097086206,0,16777216
598,"Metadata/NPC/League/Ancestral/KahuturoaBackroom","Kahuturoa","Metadata/NPC/League/Ancestral/KahuturoaBackroom",2766,"","Kahuturoa",0,[177],[178],-16883784,-16843010,-16843010,-16843010,-16843010,"",0,-33488896,-16843010,-16843010,-16843010,2097086206,0,16777216
599,"Metadata/Monsters/LeagueAncestral/AncestralKaom_","Kaom","Metadata/Monsters/LeagueAncestral/Chieftains/KaomOfNgamahuTribe/Kaom","","","Kaom",0,[],[],-16872963,-16843010,-16843010,-16843010,-16843010,"",-16843010,-33423618,-16843010,-16843010,-16843010,2097086206,0,0
600,"Metadata/Monsters/LeagueAncestral/AncestralRakiata","Rakiata","Metadata/Monsters/LeagueAncestral/Chieftains/Rakiata/Rakiata","","","Rakiata",0,[],[],-16871884,-16843010,-16843010,-16843010,-16843010,"",-16843010,-33423618,-16843010,-16843010,-16843010,2097086206,0,0
601,"Metadata/Monsters/LeagueAncestral/AncestralUtula","Utula","Metadata/Monsters/LeagueAncestral/Chieftains/UtulaoftheKitavaTribe/Utula","","","Utula",0,[],[],-16858873,-16843010,-16843010,-16843010,-16843010,"",-16843010,-33423618,-16843010,-16843010,-16843010,2097086206,0,0
602,"Metadata/Monsters/LeagueAncestral/AncestralMaata","Maata","Metadata/Monsters/LeagueAncestral/Chieftains/Maata/Maata","","","Maata",0,[],[],-16901916,-16843010,-16843010,-16843010,-16843010,"",-16843010,-33423618,-16843010,-16843010,-16843010,2097086206,0,0
603,"Metadata/Monsters/LeagueAncestral/AncestralKiloava___","Kiloava","Metadata/Monsters/LeagueAncestral/Chieftains/Kiloava/Kiloava","","","Kiloava",0,[],[],-16898468,-16843010,-16843010,-16843010,-16843010,"",-16843010,-33423618,-16843010,-16843010,-16843010,2097086206,0,0
604,"Metadata/Monsters/LeagueAncestral/AncestralIkiaho","Ikiaho","Metadata/Monsters/LeagueAncestral/Chieftains/Ikiaho/Ikiaho","","","Ikiaho",0,[],[],-16885821,-16843010,-16843010,-16843010,-16843010,"",-16843010,-33423618,-16843010,-16843010,-16843010,2097086206,0,0
605,"Metadata/Monsters/LeagueAncestral/AncestralKahuturoa","Kahuturoa","Metadata/Monsters/LeagueAncestral/Chieftains/Kahuturoa/Kahuturoa","","","Kahuturoa",0,[],[],-16863815,-16843010,-16843010,-16843010,-16843010,"",-16843010,-33423618,-16843010,-16843010,-16843010,2097086206,0,0
606,"Metadata/Monsters/LeagueAncestral/AncestralAhuana","Ahuana","Metadata/Monsters/LeagueAncestral/Chieftains/Ahuana/Ahuana","","","Ahuana",0,[],[],-16880048,-16843010,-16843010,-16843010,-16843010,"",-16843010,-33423618,-16843010,-16843010,-16843010,2097086206,0,0
607,"Metadata/Monsters/LeagueAncestral/AncestralAkoya","Akoya","Metadata/Monsters/LeagueAncestral/Chieftains/Akoya/Akoya","","","Akoya",0,[],[],-16861141,-16843010,-16843010,-16843010,-16843010,"",-16843010,-33423618,-16843010,-16843010,-16843010,2097086206,0,0
608,"Metadata/Monsters/LeagueAncestral/AncestralTawhanuku","Tawhanuku","Metadata/Monsters/LeagueAncestral/Chieftains/Tawhanuku/Tawhanuku","","","Tawhanuku",0,[],[],-16853852,-16843010,-16843010,-16843010,-16843010,"",-16843010,-33423618,-16843010,-16843010,-16843010,2097086206,0,0
609,"Metadata/NPC/League/Ancestral/KaomSitting","Kaom","Metadata/NPC/League/Ancestral/AncestralNPCSitting","","","Kaom",0,[],[],-16846935,-16843010,-16843010,-16843010,-16843010,"",-16843010,-33423618,-16843010,-16843010,-16843010,2097086206,0,0
610,"Metadata/NPC/League/Ancestral/RakiataSitting","Rakiata","Metadata/NPC/League/Ancestral/AncestralNPCSitting","","","Rakiata",0,[],[],-16891121,-16843010,-16843010,-16843010,-16843010,"",-16843010,-33423618,-16843010,-16843010,-16843010,2097086206,0,0
611,"Metadata/NPC/League/Ancestral/IkiahoSitting","Ikiaho","Metadata/NPC/League/Ancestral/AncestralNPCSitting","","","Ikiaho",0,[],[],-16850869,-16843010,-16843010,-16843010,-16843010,"",-16843010,-33423618,-16843010,-16843010,-16843010,2097086206,0,0
612,"Metadata/NPC/League/Ancestral/KiloavaSitting","Kiloava","Metadata/NPC/League/Ancestral/AncestralNPCSitting","","","Kiloava",0,[],[],-16849121,-16843010,-16843010,-16843010,-16843010,"",-16843010,-33423618,-16843010,-16843010,-16843010,2097086206,0,0
613,"Metadata/NPC/League/Ancestral/TawhanukuSitting","Tawhanuku","Metadata/NPC/League/Ancestral/AncestralNPCSitting","","","Tawhanuku",0,[],[],-16894532,-16843010,-16843010,-16843010,-16843010,"",-16843010,-33423618,-16843010,-16843010,-16843010,2097086206,0,0
614,"Metadata/NPC/League/Ancestral/MaataSitting","Maata","Metadata/NPC/League/Ancestral/AncestralNPCSitting","","","Maata",0,[],[],-16872141,-16843010,-16843010,-16843010,-16843010,"",-16843010,-33423618,-16843010,-16843010,-16843010,2097086206,0,0
615,"Metadata/NPC/League/Ancestral/UtulaSitting","Utula","Metadata/NPC/League/Ancestral/AncestralNPCSitting","","","Utula",0,[],[],-16844669,-16843010,-16843010,-16843010,-16843010,"",-16843010,-33423618,-16843010,-16843010,-16843010,2097086206,0,0
616,"Metadata/NPC/League/Ancestral/AhuanaSitting","Ahuana","Metadata/NPC/League/Ancestral/AncestralNPCSitting","","","Ahuana",0,[],[],-16897264,-16843010,-16843010,-16843010,-16843010,"",-16843010,-33423618,-16843010,-16843010,-16843010,2097086206,0,0
617,"Metadata/NPC/League/Ancestral/AkoyaSitting","Akoya","Metadata/NPC/League/Ancestral/AncestralNPCSitting","","","Akoya",0,[],[],-16860100,-16843010,-16843010,-16843010,-16843010,"",-16843010,-33423618,-16843010,-16843010,-16843010,2097086206,0,0
618,"Metadata/NPC/League/Ancestral/KahuturoaSitting","Kahuturoa","Metadata/NPC/League/Ancestral/AncestralNPCSitting","","","Kahuturoa",0,[],[],-16871221,-16843010,-16843010,-16843010,-16843010,"",-16843010,-33423618,-16843010,-16843010,-16843010,2097086206,0,0
619,"Metadata/NPC/League/Ancestral/HinekoraSitting","Hinekora","Metadata/NPC/League/Ancestral/Hinekora","","","Hinekora",0,[],[],-16877464,-16843010,-16843010,-16843010,-16843010,"",-16843010,-33423618,-16843010,-16843010,-16843010,2097086206,0,0
620,"Metadata/NPC/Ghostrider","Ghostrider","Metadata/NPC/NPC","","","",0,[],[],-16897046,-16843010,-16843010,-16843010,-16843010,"",-16843010,-33423618,-16843010,-16843010,-16843010,-1593901314,0,0
621,"Metadata/NPC/League/Azmeri/Warden","The Warden of Eaves","Metadata/NPC/NPC",3059,"","The Warden of Eaves",0,[187],[188],-16906518,-16843010,1703678,0,0,0,0,604045312,0,0,0,100663296,1,0
622,"Metadata/NPC/League/Azmeri/Primalist","The Primal Huntress","Metadata/NPC/NPC",3060,"","The Primal Huntress",0,[191],[192],-16900983,-16843010,1834750,0,0,0,0,637599744,0,0,0,100663296,1,0
623,"Metadata/NPC/League/Azmeri/VoodooShaman","The Breaker of Oaths","Metadata/NPC/NPC",3061,"","The Breaker of Oaths",0,[189],[190],-16869157,-16843010,1769214,0,0,0,0,620822528,0,0,0,-1610612736,0,0
624,"Metadata/NPC/League/Azmeri/UniqueDealer","Nameless Seer","Metadata/NPC/NPC","","","Nameless Seer",0,[185],[186],-16900830,-16843010,-16843010,-16843010,-16843010,"",0,654376960,0,0,0,2080374784,0,0
625,"Metadata/NPC/League/Ancestral/NavaliAncestralPortal","Navali","Metadata/NPC/League/Ancestral/MicrotransactionPortal/NavaliBackroom","","","Navali",0,[165],[166],-16857960,-16843010,-16843010,-16843010,-16843010,"",0,-33488896,-16843010,-16843010,-16843010,2097086206,0,16777216
626,"Metadata/NPC/League/Ancestral/KaomAncestralPortal","Kaom","Metadata/NPC/League/Ancestral/MicrotransactionPortal/KaomBackroom","","","Kaom",0,[163],[164],-16863864,-16843010,-16843010,-16843010,-16843010,"",0,-33488896,-16843010,-16843010,-16843010,2097086206,0,16777216
627,"Metadata/NPC/League/Ancestral/RakiataAncestralPortal","Rakiata","Metadata/NPC/League/Ancestral/MicrotransactionPortal/RakiataBackroom","","","Rakiata",0,[167],[168],-16860277,-16843010,-16843010,-16843010,-16843010,"",0,-33488896,-16843010,-16843010,-16843010,2097086206,0,16777216
628,"Metadata/NPC/League/Ancestral/IkiahoAncestralPortal","Ikiaho","Metadata/NPC/League/Ancestral/MicrotransactionPortal/IkiahoBackroom","","","Ikiaho",0,[175],[176],-16880465,-16843010,-16843010,-16843010,-16843010,"",0,-33488896,-16843010,-16843010,-16843010,2097086206,0,16777216
629,"Metadata/NPC/League/Ancestral/KiloavaAncestralPortal","Kiloava","Metadata/NPC/League/Ancestral/MicrotransactionPortal/KiloavaBackroom","","","Kiloava",0,[173],[174],-16858306,-16843010,-16843010,-16843010,-16843010,"",0,-33488896,-16843010,-16843010,-16843010,2097086206,0,16777216
630,"Metadata/NPC/League/Ancestral/TawhanukuAncestralPortal","Tawhanuku","Metadata/NPC/League/Ancestral/MicrotransactionPortal/TawhanukuBackroom","","","Tawhanuku",0,[183],[184],-16851196,-16843010,-16843010,-16843010,-16843010,"",0,-33488896,-16843010,-16843010,-16843010,2097086206,0,16777216
631,"Metadata/NPC/League/Ancestral/MaataAncestralPortal","Maata","Metadata/NPC/League/Ancestral/MicrotransactionPortal/MaataBackroom","","","Maata",0,[171],[172],-16845858,-16843010,-16843010,-16843010,-16843010,"",0,-33488896,-16843010,-16843010,-16843010,2097086206,0,16777216
632,"Metadata/NPC/League/Ancestral/UtulaAncestralPortal","Utula","Metadata/NPC/League/Ancestral/MicrotransactionPortal/UtulaBackroom","","","Utula",0,[169],[170],-16887944,-16843010,-16843010,-16843010,-16843010,"",0,-33488896,-16843010,-16843010,-16843010,2097086206,0,16777216
633,"Metadata/NPC/League/Ancestral/AhuanaAncestralPortal","Ahuana","Metadata/NPC/League/Ancestral/MicrotransactionPortal/AhuanaBackroom","","","Ahuana",0,[179],[180],-16899880,-16843010,-16843010,-16843010,-16843010,"",0,-33488896,-16843010,-16843010,-16843010,2097086206,0,16777216
634,"Metadata/NPC/League/Ancestral/AkoyaAncestralPortal","Akoya","Metadata/NPC/League/Ancestral/MicrotransactionPortal/AkoyaBackroom","","","Akoya",0,[181],[182],-16891090,-16843010,-16843010,-16843010,-16843010,"",0,-33488896,-16843010,-16843010,-16843010,2097086206,0,16777216
635,"Metadata/NPC/League/Ancestral/KahuturoaAncestralPortal","Kahuturoa","Metadata/NPC/League/Ancestral/MicrotransactionPortal/KahuturoaBackroom","","","Kahuturoa",0,[177],[178],-16843919,-16843010,-16843010,-16843010,-16843010,"",0,-33488896,-16843010,-16843010,-16843010,2097086206,0,16777216
636,"Metadata/NPC/League/Affliction/GlyphsEtching01","Lost Etching","Metadata/NPC/League/Azmeri/AzmeriStoryGlyph","","","Lost Etching",0,[],[],-16853407,-16843010,-16843010,-16843010,-16843010,"",0,-33488896,-16843010,-16843010,-16843010,2097086206,0,0
637,"Metadata/NPC/League/Affliction/GlyphsEtching02","Aided Etching","Metadata/NPC/League/Azmeri/AzmeriStoryGlyph","","","Aided Etching",0,[],[],-16869978,-16843010,-16843010,-16843010,-16843010,"",0,-33488896,-16843010,-16843010,-16843010,2097086206,0,0
638,"Metadata/NPC/League/Affliction/GlyphsEtching03","Compelling Etching","Metadata/NPC/League/Azmeri/AzmeriStoryGlyph","","","Compelling Etching",0,[],[],-16885468,-16843010,-16843010,-16843010,-16843010,"",0,-33488896,-16843010,-16843010,-16843010,2097086206,0,0
639,"Metadata/NPC/League/Affliction/GlyphsEtching04","Whispering Etching","Metadata/NPC/League/Azmeri/AzmeriStoryGlyph","","","Whispering Etching",0,[],[],-16847353,-16843010,-16843010,-16843010,-16843010,"",0,-33488896,-16843010,-16843010,-16843010,2097086206,0,0
640,"Metadata/NPC/League/Affliction/GlyphsEtching05","Deafened Etching","Metadata/NPC/League/Azmeri/AzmeriStoryGlyph","","","Deafened Etching",0,[],[],-16858957,-16843010,-16843010,-16843010,-16843010,"",0,-33488896,-16843010,-16843010,-16843010,2097086206,0,0
641,"Metadata/NPC/League/Affliction/GlyphsGruthkulShrine","The Porcelain Queen","Metadata/NPC/League/Azmeri/AzmeriStoryGlyph",3068,"","The Porcelain Queen",0,[],[],-16897727,-16843010,-16843010,-16843010,-16843010,"",0,-33488896,-16843010,-16843010,-16843010,2097086206,0,0
642,"Metadata/NPC/League/Affliction/GlyphsHarvestTree","Experimental Harvest","Metadata/NPC/League/Azmeri/AzmeriStoryGlyph",3069,"","Experimental Harvest",0,[],[],-16852337,-16843010,-16843010,-16843010,-16843010,"",0,-33488896,-16843010,-16843010,-16843010,2097086206,0,0
643,"Metadata/NPC/League/Affliction/GlyphsMajiProclamation01","Wildwood Greeting","Metadata/NPC/League/Azmeri/GlyphsMajiProclamation","","","Wildwood Greeting",0,[],[],-16862879,-16843010,-16843010,-16843010,-16843010,"",0,-33488896,-16843010,-16843010,-16843010,2097086206,0,0
644,"Metadata/NPC/League/Affliction/GlyphsMajiProclamation02","Maji Proclamation","Metadata/NPC/League/Azmeri/GlyphsMajiProclamation","","","Maji Proclamation",0,[],[],-16849381,-16843010,-16843010,-16843010,-16843010,"",0,-33488896,-16843010,-16843010,-16843010,2097086206,0,0
645,"Metadata/NPC/League/Affliction/GlyphsKingGlyphOne","The Exquisite Light of Meaning","Metadata/NPC/League/Azmeri/AzmeriStoryGlyph","","","The Exquisite Light of Meaning",0,[],[],-16872051,-16843010,-16843010,-16843010,-16843010,"",0,-33488896,-16843010,-16843010,-16843010,2097086206,0,0
646,"Metadata/NPC/League/Affliction/GlyphsKingGlyphTwo","Determination","Metadata/NPC/League/Azmeri/AzmeriStoryGlyph","","","Determination",0,[],[],-16869482,-16843010,-16843010,-16843010,-16843010,"",0,-33488896,-16843010,-16843010,-16843010,2097086206,0,0
647,"Metadata/Monsters/LeagueAzmeri/VoodooKingBoss/VoodooKingBoss","The King in the Mists","Metadata/Monsters/LeagueAzmeri/VoodooKingBoss/VoodooKingBoss","","","The King in the Mists",0,[],[],-16897023,-16843010,-16843010,-16843010,-16843010,"",-16843010,-33423618,-16843010,-16843010,-16843010,2097086206,0,0
648,"Metadata/Monsters/LeagueAzmeri/VoodooKingBoss/VoodooKingBoss2","The King in the Mists","Metadata/Monsters/LeagueAzmeri/VoodooKingBoss/VoodooKingBoss2","","","The King in the Mists",0,[],[],-16895308,-16843010,-16843010,-16843010,-16843010,"",-16843010,-33423618,-16843010,-16843010,-16843010,2097086206,0,0
649,"Metadata/Monsters/LeagueAzmeri/VoodooKingBoss/VoodooKingBoss3","The King in the Mists","Metadata/Monsters/LeagueAzmeri/VoodooKingBoss/VoodooKingBoss3","","","The King in the Mists",0,[],[],-16872143,-16843010,-16843010,-16843010,-16843010,"",-16843010,-33423618,-16843010,-16843010,-16843010,2097086206,0,0
650,"Metadata/Terrain/Doodads/Hideouts/KalguuranWorkshopCraftingBench/attachments/SimpleHireling_Table","Kalguuran Blacksmith","Metadata/NPC/NPC","","","Blacksmith",0,[],[],-16860885,-16843010,-16843010,-16843010,-16843010,"",-16843010,-33423618,-16843010,-16843010,-16843010,-1593901314,0,0
651,"Metadata/Terrain/Doodads/Hideouts/KalguuranWorkshopCraftingBench/attachments/SimpleHireling_Shovelling","Kalguuran Shoveller","Metadata/NPC/NPC","","","Shoveller",0,[],[],-16857139,-16843010,-16843010,-16843010,-16843010,"",-16843010,-33423618,-16843010,-16843010,-16843010,-1593901314,0,0
652,"Metadata/NPC/League/Affliction/GlyphsGoddessStatue","Statue of the Goddess","Metadata/NPC/League/Azmeri/AzmeriStoryGlyph",3149,"","Statue of the Goddess",0,[],[],-16902280,-16843010,-16843010,-16843010,-16843010,"",0,-33488896,-16843010,-16843010,-16843010,2097086206,0,0
653,"Metadata/NPC/League/Affliction/GlyphsSingleStatue","Worn Statue","Metadata/NPC/League/Azmeri/AzmeriStoryGlyph",3150,"","Worn Statue",0,[],[],-16861643,-16843010,-16843010,-16843010,-16843010,"",0,-33488896,-16843010,-16843010,-16843010,2097086206,0,0
654,"Metadata/NPC/League/Affliction/GlyphsWarringSisters","The Warring Sisters","Metadata/NPC/League/Azmeri/AzmeriStoryGlyph",3151,"","The Warring Sisters",0,[],[],-16858284,-16843010,-16843010,-16843010,-16843010,"",0,-33488896,-16843010,-16843010,-16843010,2097086206,0,0
655,"Metadata/NPC/League/Azmeri/UniqueDealerMaps","Nameless Seer","Metadata/NPC/NPC","","","Nameless Seer",0,[185],[186],-16902025,-16843010,-16843010,-16843010,-16843010,"",0,671154176,0,0,0,2080374784,0,0
656,"Metadata/NPC/League/Necropolis/GraveyardKeeperWild","Undertaker Arimor","Metadata/NPC/NPC","","","Undertaker Arimor",0,[193],[194],-16870415,-16843010,-16843010,-16843010,-16843010,"",0,-33488896,-16843010,-16843010,-16843010,-1593901314,0,0
657,"Metadata/NPC/League/Necropolis/GraveyardKeeperNecropolis","Undertaker Arimor","Metadata/NPC/NPC","","","Undertaker Arimor",0,[193],[194],-16858022,-16843010,-16843010,-16843010,-16843010,"",0,687931392,0,0,0,-1610612736,0,0
658,"Metadata/NPC/League/Necropolis/GraveyardKeeperHideout","Undertaker Arimor","Metadata/NPC/NPC","","","Undertaker Arimor",0,[193],[194],-16893642,-16843010,-16843010,-16843010,-16843010,"",0,687931392,0,0,0,-1610612736,0,0
659,"Metadata/NPC/League/Necropolis/GraveyardKeeperWildFirstEncounter","Undertaker Arimor","Metadata/NPC/NPC","","","Undertaker Arimor",0,[193],[194],-16858767,-16843010,-16843010,-16843010,-16843010,"",0,-33488896,-16843010,-16843010,-16843010,-1593901314,0,0
660,"Metadata/NPC/League/Necropolis/GraveyardKeeperBook","Undertaker Arimor","Metadata/NPC/NPC","","","Undertaker Arimor",0,[],[],-16896651,-16843010,-16843010,-16843010,-16843010,"",-16843010,-33423618,-16843010,-16843010,-16843010,-1593901314,0,0
661,"Metadata/NPC/League/Necropolis/GraveyardKeeperTomb","Undertaker Arimor","Metadata/NPC/NPC","","","Undertaker Arimor",0,[],[],-16864851,-16843010,-16843010,-16843010,-16843010,"",-16843010,-33423618,-16843010,-16843010,-16843010,-1593901314,0,0
662,"Metadata/NPC/EldritchHunger_Armour","Eldritch Hunger","Metadata/NPC/NPC","","","Eldritch Hunger",0,[],[],-16854429,-16843010,-16843010,-16843010,-16843010,"",-16843010,-33423618,-16843010,-16843010,-16843010,2097086206,0,0
663,"Metadata/NPC/Epilogue/SnakeOilVendor","Gareth, Serpent Extract Distributor","Metadata/NPC/NPC","","","Gareth",0,[195],[196],-16866164,-16843010,-16843010,-16843010,-16843010,"",0,704708608,0,0,0,-1610612736,0,0
664,"Metadata/NPC/IsiThavarra","Isi Thavarra","Metadata/NPC/NPC","","","Isi Thavarra",0,[],[],-16869145,-16843010,-16843010,-16843010,-16843010,"",-16843010,-33423618,-16843010,-16843010,-16843010,117374718,1,0
665,"Metadata/NPC/League/Kalguur/VillageMayor","Johan, the King's Hand","Metadata/NPC/NPC",3271,"","Johan",0,[201],[202],-16891425,-16843010,1900286,0,0,0,0,-33488896,-16843010,-16843010,-16843010,-1593901314,0,0
666,"Metadata/NPC/League/Kalguur/VillageMayorTown","Johan, the King's Hand","Metadata/NPC/NPC",3271,"","Johan",0,[201],[202],-16849458,-16843010,1900286,0,0,0,0,-33488896,-16843010,-16843010,-16843010,-1593901314,0,0
667,"Metadata/NPC/League/Kalguur/VillageMayorHideout","Johan, the King's Hand","Metadata/NPC/NPC",3271,"","Johan",0,[201],[202],-16848799,-16843010,1900286,0,0,0,0,-33488896,-16843010,-16843010,-16843010,-1593901314,0,0
668,"Metadata/NPC/League/Kalguur/VillageRecruiter","Raulf, the Recruiter","Metadata/NPC/NPC","","","Raulf",0,[199],[200],-16871340,-16843010,2031358,0,0,0,0,-33488896,-16843010,-16843010,-16843010,-1593901314,0,0
669,"Metadata/NPC/League/Kalguur/VillageFarmer","Sonja, the Farmer","Metadata/NPC/NPC","","","Sonja",0,[197],[198],-16898691,-16843010,1965822,0,0,0,0,-33488896,-16843010,-16843010,-16843010,117374718,1,0
670,"Metadata/NPC/League/Kalguur/VillageRog","Rog, the Disenchanter","Metadata/NPC/NPC",3265,"","Rog",0,[207],[208],-16872182,-16843010,1310462,0,0,0,0,-33488896,-16843010,-16843010,-16843010,-1593901314,0,0
671,"Metadata/NPC/League/Kalguur/VillageDannig","Dannig, the Blacksmith","Metadata/NPC/NPC","","","Dannig",0,[203],[204],-16902875,-16843010,1113854,0,0,0,0,-33488896,-16843010,-16843010,-16843010,-1593901314,0,0
672,"Metadata/NPC/League/Kalguur/VillageTujen","Tujen, the Harbourmaster","Metadata/NPC/NPC","","","Tujen",0,[205],[206],-16879001,-16843010,1244926,0,0,0,0,-33488896,-16843010,-16843010,-16843010,-1593901314,0,0
673,"Metadata/NPC/League/Kalguur/VillageGwennen","Gwennen, the Gambler","Metadata/NPC/NPC","","","Gwennen",0,[145],[146],-16867395,-16843010,1179390,0,0,0,0,-33488896,-16843010,-16843010,-16843010,117374718,1,0
674,"Metadata/NPC/League/Kalguur/VillageIsla","Isla, the Engineer","Metadata/NPC/NPC",3261,"","Isla",0,[209],[210],-16883779,-16843010,851710,0,0,0,0,-33488896,-16843010,-16843010,-16843010,117374718,1,0
675,"Metadata/NPC/League/Kalguur/VillageFaustus","Faustus, the Financier","Metadata/NPC/NPC",3274,"","Faustus",0,[211],[212],-16878046,-16843010,130814,0,0,0,0,721485824,0,0,0,-1610612736,0,0
676,"Metadata/NPC/League/Kalguur/VillageFaustusHideout","Faustus, the Financier","Metadata/NPC/NPC",3274,"","Faustus",0,[211],[212],-16847075,-16843010,130814,0,0,0,0,721485824,0,0,0,-1610612736,0,0
677,"Metadata/Monsters/LeagueKalguur/BanditArcher/BanditArcherBoss","Sasan, the Bandit Lord","Metadata/Monsters/LeagueKalguur/BanditArcher/BanditArcherBoss","","","Sasan",0,[],[],-16843040,-16843010,-16843010,-16843010,-16843010,"",-16843010,-33423618,-16843010,-16843010,-16843010,-1593901314,0,0
678,"Metadata/Monsters/LeagueKalguur/VerisiumGuardBoss/VerisiumGuardBoss","The Black Knight","Metadata/Monsters/LeagueKalguur/VerisiumGuardBoss/VerisiumGuardBoss","","","The Black Knight",0,[],[],-16862817,-16843010,-16843010,-16843010,-16843010,"",-16843010,-33423618,-16843010,-16843010,-16843010,-1593901314,0,0
679,"Metadata/Monsters/LeagueKalguur/DarnawPirateRaider/PirateCoveBoss","Admiral Valerius","Metadata/Monsters/LeagueKalguur/DarnawPirateRaider/PirateCoveBoss","","","Admiral Valerius",0,[],[],-16862647,-16843010,-16843010,-16843010,-16843010,"",-16843010,-33423618,-16843010,-16843010,-16843010,-1593901314,0,0
680,"Metadata/Monsters/LeagueKalguur/DarnawPirateRaider/PirateCannon1","Pirate","Metadata/Monsters/LeagueKalguur/DarnawPirateRaider/PirateCannon1","","","Pirate",0,[],[],-16860189,-16843010,-16843010,-16843010,-16843010,"",-16843010,-33423618,-16843010,-16843010,-16843010,2097086206,0,0
681,"Metadata/Monsters/LeagueKalguur/DarnawPirateRaider/PirateCannon2","Pirate","Metadata/Monsters/LeagueKalguur/DarnawPirateRaider/PirateCannon2","","","Pirate",0,[],[],-16887807,-16843010,-16843010,-16843010,-16843010,"",-16843010,-33423618,-16843010,-16843010,-16843010,2097086206,0,0
682,"Metadata/Pet/LoyalCompanion/LoyalCompanion01","Squire","Metadata/Pet/LoyalCompanion/LoyalCompanion01","","","Squire",0,[],[],-16854510,-16843010,-16843010,-16843010,-16843010,"",-16843010,-33423618,-16843010,-16843010,-16843010,2097086206,0,0
683,"Metadata/Pet/LoyalCompanion/LoyalCompanion02","Squire","Metadata/Pet/LoyalCompanion/LoyalCompanion02","","","Squire",0,[],[],-16863520,-16843010,-16843010,-16843010,-16843010,"",-16843010,-33423618,-16843010,-16843010,-16843010,2097086206,0,0
684,"Metadata/Pet/LoyalCompanion/LoyalCompanion03","Squire","Metadata/Pet/LoyalCompanion/LoyalCompanion03","","","Squire",0,[],[],-16850554,-16843010,-16843010,-16843010,-16843010,"",-16843010,-33423618,-16843010,-16843010,-16843010,2097086206,0,0
685,"Metadata/NPC/League/Kalguur/Letters/LetterIslaGlyph","Letter","Metadata/NPC/NPC","","","Letter",0,[],[],-16897422,-16843010,-16843010,-16843010,-16843010,"",-16843010,-33423618,-16843010,-16843010,-16843010,2097086206,0,0
686,"Metadata/NPC/League/Kalguur/Letters/LetterDannigGlyph1","Letter","Metadata/NPC/NPC","","","Letter",0,[],[],-16858105,-16843010,-16843010,-16843010,-16843010,"",-16843010,-33423618,-16843010,-16843010,-16843010,2097086206,0,0
687,"Metadata/NPC/League/Kalguur/Letters/LetterDannigGlyph2","Letter","Metadata/NPC/NPC","","","Letter",0,[],[],-16882256,-16843010,-16843010,-16843010,-16843010,"",-16843010,-33423618,-16843010,-16843010,-16843010,2097086206,0,0
688,"Metadata/NPC/League/Kalguur/Letters/LetterDannigGlyph3","Letter","Metadata/NPC/NPC","","","Letter",0,[],[],-16873880,-16843010,-16843010,-16843010,-16843010,"",-16843010,-33423618,-16843010,-16843010,-16843010,2097086206,0,0
689,"Metadata/NPC/League/Kalguur/Letters/LetterFaustusGlyph","Letter","Metadata/NPC/NPC","","","Letter",0,[],[],-16861457,-16843010,-16843010,-16843010,-16843010,"",-16843010,-33423618,-16843010,-16843010,-16843010,2097086206,0,0
690,"Metadata/NPC/League/Kalguur/Letters/LetterGwennenGlyph","Letter","Metadata/NPC/NPC","","","Letter",0,[],[],-16869977,-16843010,-16843010,-16843010,-16843010,"",-16843010,-33423618,-16843010,-16843010,-16843010,2097086206,0,0
691,"Metadata/NPC/League/Kalguur/Letters/LetterJohanGlyph","Letter","Metadata/NPC/NPC","","","Letter",0,[],[],-16866642,-16843010,-16843010,-16843010,-16843010,"",-16843010,-33423618,-16843010,-16843010,-16843010,2097086206,0,0
692,"Metadata/NPC/League/Kalguur/Letters/LetterRogGlyph","Letter","Metadata/NPC/NPC","","","Letter",0,[],[],-16843792,-16843010,-16843010,-16843010,-16843010,"",-16843010,-33423618,-16843010,-16843010,-16843010,2097086206,0,0
693,"Metadata/NPC/League/Kalguur/Letters/LetterSonjaGlyph","Letter","Metadata/NPC/NPC","","","Letter",0,[],[],-16855271,-16843010,-16843010,-16843010,-16843010,"",-16843010,-33423618,-16843010,-16843010,-16843010,2097086206,0,0
694,"Metadata/NPC/League/Kalguur/Letters/LetterTujenGlyph","Letter","Metadata/NPC/NPC","","","Letter",0,[],[],-16846043,-16843010,-16843010,-16843010,-16843010,"",-16843010,-33423618,-16843010,-16843010,-16843010,2097086206,0,0
695,"Metadata/NPC/League/Kalguur/Letters/LetterRaulfGlyph","Letter","Metadata/NPC/NPC","","","Letter",0,[],[],-16892030,-16843010,-16843010,-16843010,-16843010,"",-16843010,-33423618,-16843010,-16843010,-16843010,2097086206,0,0
